year,round,major_code,major_name,school_code,school_name,plan_count,min_rank
2022,1,16,文科试验班类(文科基础类专业),A001,北京大学,24,158
2022,1,56,理科试验班类(理科基础类专业),A001,北京大学,44,88
2022,1,03,经济学类(含双学士学位项目，拔尖人才培养基地),A002,中国人民大学,9,629
2022,1,04,新闻传播学类(含双学士学位项目),A002,中国人民大学,9,749
2022,1,05,工商管理类(含国际三学士学位项目、双学士学位项目),A002,中国人民大学,13,803
2022,1,06,金融学类(含双学士学位项目),A002,中国人民大学,8,476
2022,1,08,法学(含双学士学位项目),A002,中国人民大学,7,426
2022,1,10,国际政治(含双学士学位项目),A002,中国人民大学,7,887
2022,1,11,人力资源管理(含4加1本硕国际项目),A002,中国人民大学,3,903
2022,1,13,理科试验班(基础学科类，含实验班项目、拔尖人才基地),A002,中国人民大学,6,959
2022,1,J4,社会科学试验班(管理学科类，含双学士学位项目),A002,中国人民大学,8,941
2022,1,J6,理科试验班类(含双学士学位项目，拔尖人才培养基地),A002,中国人民大学,17,812
2022,1,0N,理科试验班类(物理基础类),A003,清华大学,64,155
2022,1,0Q,文科试验班类(通用基础类),A003,清华大学,1,22
2022,1,38,临床医学类,A003,清华大学,8,114
2022,1,01,理科试验班类(詹天佑本博直升试点班),A004,北京交通大学,10,5773
2022,1,02,电子信息类(通信与控制),A004,北京交通大学,17,6875
2022,1,03,计算机类,A004,北京交通大学,8,5237
2022,1,07,电气类,A004,北京交通大学,7,8097
2022,1,08,软件工程,A004,北京交通大学,6,5879
2022,1,09,理科试验班(数学与统计),A004,北京交通大学,4,8410
2022,1,10,理科试验班(智能光电与纳米技术),A004,北京交通大学,8,8678
2022,1,12,建筑类(建筑与规划),A004,北京交通大学,5,12377
2022,1,13,经济管理试验班,A004,北京交通大学,12,9800
2022,1,14,外国语言文学类,A004,北京交通大学,4,12007
2022,1,15,新闻传播学类,A004,北京交通大学,4,10235
2022,1,16,法学,A004,北京交通大学,4,9114
2022,1,1A,交通运输类,A004,北京交通大学,11,9297
2022,1,1C,土木类(智慧建造与智能工程),A004,北京交通大学,17,16458
2022,1,1E,机械类(智能制造与智能装备),A004,北京交通大学,16,11237
2022,1,18,纳米材料与技术(中外合作办学),A004,北京交通大学,6,34621
2022,1,19,机械电子工程(中外合作办学),A004,北京交通大学,6,27828
2022,1,14,人工智能,A005,北京工业大学,2,12530
2022,1,23,机械类,A005,北京工业大学,3,14725
2022,1,26,土木类,A005,北京工业大学,9,22163
2022,1,30,建筑学,A005,北京工业大学,2,13251
2022,1,41,物联网工程(中外合作办学),A005,北京工业大学,5,31170
2022,1,42,软件工程(中外合作办学),A005,北京工业大学,6,29624
2022,1,43,电子信息工程(中外合作办学),A005,北京工业大学,4,28972
2022,1,01,工科试验班类(计算机拔尖计划),A006,北京航空航天大学,1,519
2022,1,02,理科试验班类(华罗庚数学拔尖计划),A006,北京航空航天大学,1,616
2022,1,06,工科试验班类(未来空天领军计划),A006,北京航空航天大学,4,684
2022,1,3G,理科试验班类(国际卓越工程师试验班),A006,北京航空航天大学,7,1193
2022,1,3J,工科试验班类(医工交叉试验班),A006,北京航空航天大学,4,1194
2022,1,3L,工科试验班类(航空H航天类),A006,北京航空航天大学,56,1371
2022,1,3P,工科试验班类(信息类),A006,北京航空航天大学,65,1101
2022,1,3R,理科试验班类,A006,北京航空航天大学,10,1255
2022,1,3U,社会科学试验班,A006,北京航空航天大学,11,2959
2022,1,01,工科试验班(未来精工技术),A007,北京理工大学,3,906
2022,1,02,工科试验班(徐特立英才班),A007,北京理工大学,20,1285
2022,1,Q6,工科试验班(宇航与机电类),A007,北京理工大学,22,2223
2022,1,Q8,工科试验班(智能制造与智能车辆精英班),A007,北京理工大学,8,2270
2022,1,QB,工科试验班(信息科学技术),A007,北京理工大学,48,1879
2022,1,QD,工科试验班(电子信息实验班),A007,北京理工大学,37,2155
2022,1,QF,理科试验班(理学与材料菁英班),A007,北京理工大学,4,1635
2022,1,H1,会计学(中外合作办学),A007,北京理工大学,4,9493
2022,1,01,理科试验班,A008,北京科技大学,6,7059
2022,1,02,工科试验班类,A008,北京科技大学,9,8925
2022,1,03,材料科学与工程,A008,北京科技大学,19,15176
2022,1,04,工商管理类,A008,北京科技大学,7,12114
2022,1,07,能源动力类(能源、环境专业),A008,北京科技大学,13,13708
2022,1,08,自动化类,A008,北京科技大学,17,10518
2022,1,09,计算机类,A008,北京科技大学,8,7062
2022,1,10,通信工程,A008,北京科技大学,6,10212
2022,1,12,储能科学与工程,A008,北京科技大学,6,14655
2022,1,13,土木类,A008,北京科技大学,9,18697
2022,1,14,安全工程,A008,北京科技大学,2,11867
2022,1,16,数学类,A008,北京科技大学,5,10407
2022,1,17,应用物理学,A008,北京科技大学,3,10685
2022,1,18,应用化学,A008,北京科技大学,5,14682
2022,1,19,生物技术,A008,北京科技大学,4,13730
2022,1,21,社会科学试验班,A008,北京科技大学,11,13821
2022,1,22,外国语言文学类,A008,北京科技大学,8,15442
2022,1,23,管理科学与工程类,A008,北京科技大学,5,12362
2022,1,25,机械类,A008,北京科技大学,17,14329
2022,1,27,冶金工程,A008,北京科技大学,9,18935
2022,1,01,经济与金融,A009,北方工业大学,1,26160
2022,1,03,法学,A009,北方工业大学,2,24665
2022,1,05,汉语言文学,A009,北方工业大学,2,27710
2022,1,06,英语,A009,北方工业大学,2,30985
2022,1,07,日语,A009,北方工业大学,1,30989
2022,1,08,广告学,A009,北方工业大学,2,34602
2022,1,09,信息与计算科学,A009,北方工业大学,2,32162
2022,1,0E,工业设计,A009,北方工业大学,2,33063
2022,1,0H,电气工程及其自动化,A009,北方工业大学,5,29304
2022,1,0J,电子信息工程,A009,北方工业大学,3,27107
2022,1,0K,通信工程,A009,北方工业大学,3,29011
2022,1,0M,人工智能,A009,北方工业大学,2,27858
2022,1,0P,计算机科学与技术,A009,北方工业大学,2,23499
2022,1,0Q,信息安全,A009,北方工业大学,3,30042
2022,1,0Y,智能建造,A009,北方工业大学,2,39219
2022,1,10,建筑学,A009,北方工业大学,3,32076
2022,1,11,城乡规划,A009,北方工业大学,2,34391
2022,1,1N,机械设计制造及其自动化(创新实验班),A009,北方工业大学,3,30054
2022,1,1P,电子信息工程(理工科实验班),A009,北方工业大学,2,24855
2022,1,1Q,自动化(创新实验班),A009,北方工业大学,1,29535
2022,1,1R,计算机科学与技术(创新实验班),A009,北方工业大学,2,23368
2022,1,1S,智慧交通,A009,北方工业大学,1,31502
2022,1,2E,机械电子工程(智能制造与新能源汽车),A009,北方工业大学,4,33996
2022,1,1U,数据科学与大数据技术(中外合作办学),A009,北方工业大学,3,55821
2022,1,1V,土木工程(中外合作办学),A009,北方工业大学,2,76561
2022,1,01,工科试验班(宏德书院),A010,北京化工大学,7,14791
2022,1,02,化学(基础拔尖),A010,北京化工大学,2,18699
2022,1,03,法学(卓越实验班),A010,北京化工大学,1,13495
2022,1,08,理科试验班(数学、物理电子与管理),A010,北京化工大学,12,16747
2022,1,10,英语,A010,北京化工大学,2,19032
2022,1,17,化学工程与工艺(化工、大数据双学士学位),A010,北京化工大学,2,16416
2022,1,18,生物工程(生工、大数据双学士学位),A010,北京化工大学,2,17706
2022,1,19,化学(化学、生工双学士学位),A010,北京化工大学,1,18199
2022,1,1A,工科试验班(绿色化工与生物医药),A010,北京化工大学,22,21028
2022,1,1C,工科试验班(先进材料与绿色化学),A010,北京化工大学,32,22302
2022,1,1E,自动化类(高端装备与智能制造),A010,北京化工大学,30,17798
2022,1,1G,计算机类,A010,北京化工大学,17,14672
2022,1,1J,工商管理类(新文科经管法),A010,北京化工大学,13,19548
2022,1,13,化工与制药类(中外合作办学)(中法精英工程教育试验班),A010,北京化工大学,8,38306
2022,1,14,生物工程(中外合作办学)(中美双学位、生物过程工程),A010,北京化工大学,5,40154
2022,1,15,机械设计制造及其自动化(中外合作办学)(中美双学位、机器人方向),A010,北京化工大学,6,41500
2022,1,16,工业设计(中外合作办学)(中意设计双学位),A010,北京化工大学,2,39001
2022,1,03,经济与贸易类,A011,北京工商大学,5,31379
2022,1,05,会计学(智能会计),A011,北京工商大学,5,28255
2022,1,09,物流管理与工程类,A011,北京工商大学,5,38662
2022,1,0A,法学,A011,北京工商大学,5,25934
2022,1,0L,电子商务类,A011,北京工商大学,5,45002
2022,1,0M,香料香精技术与工程,A011,北京工商大学,6,57038
2022,1,0N,材料类,A011,北京工商大学,5,49852
2022,1,0P,食品科学与工程类,A011,北京工商大学,5,44054
2022,1,0Q,应用化学(日化方向),A011,北京工商大学,6,44655
2022,1,0S,化妆品技术与工程,A011,北京工商大学,5,46911
2022,1,0T,酿酒工程,A011,北京工商大学,6,61048
2022,1,0U,生物工程,A011,北京工商大学,5,49873
2022,1,10,数字经济,A011,北京工商大学,5,37363
2022,1,0X,食品科学与工程(中外合作办学)(国际),A011,北京工商大学,5,88874
2022,1,01,服装设计与工程,A012,北京服装学院,4,54766
2022,1,02,工业设计,A012,北京服装学院,3,58110
2022,1,03,高分子材料与工程,A012,北京服装学院,7,111981
2022,1,04,轻化工程,A012,北京服装学院,6,115728
2022,1,05,传播学,A012,北京服装学院,2,51266
2022,1,06,广告学,A012,北京服装学院,3,56035
2022,1,07,国际经济与贸易,A012,北京服装学院,2,81554
2022,1,08,工商管理类,A012,北京服装学院,4,80408
2022,1,09,信息管理与信息系统,A012,北京服装学院,2,94947
2022,1,02,计算机类(元班),A013,北京邮电大学,8,2044
2022,1,04,电子信息类,A013,北京邮电大学,11,4125
2022,1,05,计算机类,A013,北京邮电大学,14,2725
2022,1,06,软件工程,A013,北京邮电大学,9,3527
2022,1,07,网络空间安全(大类招生),A013,北京邮电大学,11,3894
2022,1,08,人工智能(大类招生),A013,北京邮电大学,18,4188
2022,1,0B,工商管理类,A013,北京邮电大学,5,7158
2022,1,0F,英语,A013,北京邮电大学,4,11632
2022,1,0G,日语,A013,北京邮电大学,3,13604
2022,1,0H,法学,A013,北京邮电大学,2,7604
2022,1,0J,智能交互设计,A013,北京邮电大学,2,4587
2022,1,0K,通信工程(大类招生),A013,北京邮电大学,22,3719
2022,1,0M,自动化类(智能机器人与智慧物流),A013,北京邮电大学,2,4612
2022,1,0P,大数据管理与应用,A013,北京邮电大学,2,4489
2022,1,0R,理科试验班(信息科学),A013,北京邮电大学,3,4763
2022,1,11,新闻传播学类,A015,北京印刷学院,3,43254
2022,1,12,机械类,A015,北京印刷学院,4,104286
2022,1,13,计算机类,A015,北京印刷学院,10,93849
2022,1,14,轻工类,A015,北京印刷学院,4,95958
2022,1,16,编辑出版学(韬奋实验班),A015,北京印刷学院,2,39026
2022,1,18,印刷工程(毕昇卓越班),A015,北京印刷学院,1,73168
2022,1,11,建筑学(实验班),A016,北京建筑大学,1,16754
2022,1,14,风景园林,A016,北京建筑大学,1,20697
2022,1,21,智能建造,A016,北京建筑大学,2,34604
2022,1,22,土木工程(实验班),A016,北京建筑大学,3,33779
2022,1,23,土木工程(建筑工程),A016,北京建筑大学,2,35546
2022,1,24,土木工程(城市道路与桥梁工程),A016,北京建筑大学,1,40232
2022,1,27,交通工程(智能交通),A016,北京建筑大学,1,34746
2022,1,31,给排水科学与工程,A016,北京建筑大学,3,43093
2022,1,32,建筑环境与能源应用工程,A016,北京建筑大学,2,40731
2022,1,33,环境科学与工程类(环境类创新人才实验班),A016,北京建筑大学,1,30757
2022,1,41,自动化(建筑智能控制与机器人),A016,北京建筑大学,1,33172
2022,1,42,电气工程及其自动化(城市电网),A016,北京建筑大学,1,26241
2022,1,44,建筑电气与智能化(智能建筑),A016,北京建筑大学,1,34264
2022,1,51,工程管理(实验班),A016,北京建筑大学,1,35541
2022,1,52,工程管理,A016,北京建筑大学,1,41468
2022,1,53,工程造价,A016,北京建筑大学,1,39159
2022,1,61,导航工程(智能导航实验班),A016,北京建筑大学,4,35877
2022,1,01,化学工程与工艺,A017,北京石油化工学院,5,96469
2022,1,02,制药工程,A017,北京石油化工学院,6,105578
2022,1,03,生物制药,A017,北京石油化工学院,5,94984
2022,1,04,机械工程,A017,北京石油化工学院,3,92070
2022,1,06,环境工程,A017,北京石油化工学院,6,107984
2022,1,07,能源与动力工程,A017,北京石油化工学院,8,107125
2022,1,08,新能源科学与工程,A017,北京石油化工学院,4,88991
2022,1,09,机器人工程,A017,北京石油化工学院,4,74604
2022,1,10,电气工程及其自动化,A017,北京石油化工学院,3,78261
2022,1,11,计算机科学与技术,A017,北京石油化工学院,2,58380
2022,1,13,物联网工程,A017,北京石油化工学院,2,71868
2022,1,14,自动化,A017,北京石油化工学院,6,81046
2022,1,18,大数据管理与应用,A017,北京石油化工学院,3,84854
2022,1,23,高分子材料与工程,A017,北京石油化工学院,6,105670
2022,1,25,安全工程(实验室管理),A017,北京石油化工学院,4,117531
2022,1,03,农学,A019,中国农业大学,4,8118
2022,1,04,园艺,A019,中国农业大学,3,10805
2022,1,08,生物科学类,A019,中国农业大学,4,4260
2022,1,09,环境科学与工程类,A019,中国农业大学,4,9401
2022,1,14,食品科学与工程类,A019,中国农业大学,8,8209
2022,1,20,计算机类,A019,中国农业大学,3,5386
2022,1,23,数学与应用数学,A019,中国农业大学,2,7415
2022,1,24,工程力学,A019,中国农业大学,2,10184
2022,1,25,经济学类,A019,中国农业大学,4,6308
2022,1,27,法学,A019,中国农业大学,3,6385
2022,1,28,社会学类,A019,中国农业大学,2,9997
2022,1,29,英语,A019,中国农业大学,2,11058
2022,1,30,传播学,A019,中国农业大学,2,8251
2022,1,31,农村区域发展,A019,中国农业大学,2,9827
2022,1,32,地理科学类,A019,中国农业大学,4,11423
2022,1,36,水产养殖学,A019,中国农业大学,72,36818
2022,1,37,设施农业科学与工程,A019,中国农业大学,74,33516
2022,1,38,市场营销,A019,中国农业大学,109,31535
2022,1,39,公共事业管理,A019,中国农业大学,80,26298
2022,1,40,电子商务,A019,中国农业大学,90,32780
2022,1,41,葡萄与葡萄酒工程,A019,中国农业大学,60,35520
2022,1,42,理科试验班类(生命科学),A019,中国农业大学,2,3605
2022,1,43,理科试验班(信息科学),A019,中国农业大学,2,4825
2022,1,46,植物保护,A019,中国农业大学,3,10867
2022,1,48,动物科学,A019,中国农业大学,3,9876
2022,1,4A,动物医学类,A019,中国农业大学,4,8365
2022,1,4C,农业工程类,A019,中国农业大学,3,10251
2022,1,4E,机械类,A019,中国农业大学,3,10196
2022,1,4G,电子信息类,A019,中国农业大学,4,6158
2022,1,4J,水利类,A019,中国农业大学,4,13106
2022,1,4L,化学类,A019,中国农业大学,4,9887
2022,1,4N,工商管理类,A019,中国农业大学,5,8048
2022,1,33,国际经济与贸易(中外合作办学),A019,中国农业大学,7,22125
2022,1,34,传播学(中外合作办学),A019,中国农业大学,3,22270
2022,1,35,农林经济管理(中外合作办学),A019,中国农业大学,5,25350
2022,1,01,生物工程,A020,北京农学院,2,86274
2022,1,02,应用化学,A020,北京农学院,3,104583
2022,1,07,园艺,A020,北京农学院,3,95117
2022,1,10,动物医学,A020,北京农学院,2,50303
2022,1,13,工商管理,A020,北京农学院,2,71400
2022,1,20,食品科学与工程,A020,北京农学院,4,96438
2022,1,21,食品质量与安全,A020,北京农学院,4,95696
2022,1,22,酿酒工程,A020,北京农学院,2,105425
2022,1,25,设施农业科学与工程,A020,北京农学院,2,123080
2022,1,26,法学,A020,北京农学院,2,59639
2022,1,27,社会工作,A020,北京农学院,2,84209
2022,1,28,农村区域发展(规划),A020,北京农学院,2,87173
2022,1,29,会展经济与管理(策划与设计),A020,北京农学院,2,91565
2022,1,32,食品科学与工程(中外合作办学),A020,北京农学院,2,119264
2022,1,33,农业资源与环境(中外合作办学),A020,北京农学院,3,143933
2022,1,13,水土保持与荒漠化防治,A022,北京林业大学,5,24331
2022,1,14,自然地理与资源环境,A022,北京林业大学,3,19031
2022,1,15,土木工程,A022,北京林业大学,4,26210
2022,1,16,生物科学类,A022,北京林业大学,3,18284
2022,1,19,风景园林,A022,北京林业大学,9,13869
2022,1,20,园林,A022,北京林业大学,9,20713
2022,1,21,城乡规划,A022,北京林业大学,2,14571
2022,1,22,园艺(观赏园艺方向),A022,北京林业大学,3,23547
2022,1,24,国际经济与贸易,A022,北京林业大学,3,18228
2022,1,25,金融学,A022,北京林业大学,3,15457
2022,1,26,统计学,A022,北京林业大学,2,15718
2022,1,27,信息管理与信息系统(管理信息方向),A022,北京林业大学,2,19470
2022,1,31,机械设计制造及其自动化,A022,北京林业大学,5,20599
2022,1,32,车辆工程,A022,北京林业大学,4,22726
2022,1,33,自动化,A022,北京林业大学,3,17812
2022,1,34,电气工程及其自动化,A022,北京林业大学,4,17507
2022,1,38,法学,A022,北京林业大学,4,14952
2022,1,39,应用心理学,A022,北京林业大学,2,15667
2022,1,40,英语,A022,北京林业大学,3,17618
2022,1,41,商务英语,A022,北京林业大学,2,19106
2022,1,42,日语,A022,北京林业大学,3,24708
2022,1,43,信息管理与信息系统,A022,北京林业大学,3,19347
2022,1,45,数学与应用数学,A022,北京林业大学,3,16990
2022,1,46,电子信息科学与技术,A022,北京林业大学,2,15873
2022,1,48,野生动物与自然保护区管理(森林康养方向),A022,北京林业大学,3,25847
2022,1,50,环境科学,A022,北京林业大学,2,19984
2022,1,51,环境工程,A022,北京林业大学,3,23665
2022,1,52,给排水科学与工程,A022,北京林业大学,3,28581
2022,1,53,草业科学,A022,北京林业大学,2,25879
2022,1,54,草坪科学与工程,A022,北京林业大学,3,30126
2022,1,55,生物科学(拔尖班),A022,北京林业大学,2,16412
2022,1,56,林学类,A022,北京林业大学,8,22978
2022,1,58,食品科学与工程,A022,北京林业大学,5,23899
2022,1,5A,工商管理类,A022,北京林业大学,10,19336
2022,1,5C,林业工程类,A022,北京林业大学,11,30114
2022,1,5E,计算机类,A022,北京林业大学,8,15397
2022,1,18,生物技术(中外合作办学),A022,北京林业大学,2,40130
2022,1,37,木材科学与工程(中外合作办学),A022,北京林业大学,3,48277
2022,1,02,护理学,A023,北京协和医学院,10,26948
2022,1,01,临床医学(阶平班),A025,首都医科大学,2,1088
2022,1,02,临床医学(5+3一体化),A025,首都医科大学,5,1263
2022,1,03,儿科学(5+3一体化),A025,首都医科大学,2,3378
2022,1,04,口腔医学(5+3一体化),A025,首都医科大学,1,1320
2022,1,05,临床医学,A025,首都医科大学,3,2430
2022,1,06,精神医学,A025,首都医科大学,3,8688
2022,1,08,口腔医学,A025,首都医科大学,1,2066
2022,1,10,基础医学,A025,首都医科大学,2,11638
2022,1,11,预防医学,A025,首都医科大学,4,12858
2022,1,13,临床药学,A025,首都医科大学,2,11660
2022,1,16,生物医学工程,A025,首都医科大学,1,11388
2022,1,17,康复治疗学(物理治疗),A025,首都医科大学,1,20074
2022,1,18,康复治疗学(作业治疗),A025,首都医科大学,1,19236
2022,1,21,公共事业管理(卫生管理),A025,首都医科大学,2,20055
2022,1,23,护理学,A025,首都医科大学,2,25443
2022,1,24,助产学,A025,首都医科大学,2,29157
2022,1,01,中医学(领军人才培养计划),A026,北京中医药大学,1,454
2022,1,02,中西医临床医学(华佗班),A026,北京中医药大学,1,1200
2022,1,03,中药学(时珍国药班),A026,北京中医药大学,1,6130
2022,1,05,中医学(5+3一体化，卓越中医儿科班),A026,北京中医药大学,1,6018
2022,1,07,中医学(实验班),A026,北京中医药大学,5,7159
2022,1,08,中医骨伤科学,A026,北京中医药大学,2,11411
2022,1,17,大数据管理与应用,A026,北京中医药大学,7,24256
2022,1,19,英语(医学),A026,北京中医药大学,2,21705
2022,1,21,护理学,A026,北京中医药大学,6,32206
2022,1,22,中医学(卓越5+3一体化),A026,北京中医药大学,14,5945
2022,1,24,中医学,A026,北京中医药大学,9,9061
2022,1,27,针灸推拿学,A026,北京中医药大学,8,14070
2022,1,2A,中药学,A026,北京中医药大学,9,19408
2022,1,2D,中药制药,A026,北京中医药大学,2,20561
2022,1,2F,药学,A026,北京中医药大学,2,12615
2022,1,2H,生物工程,A026,北京中医药大学,2,19205
2022,1,2K,康复治疗学,A026,北京中医药大学,2,18369
2022,1,2M,公共管理类,A026,北京中医药大学,5,24314
2022,1,2Q,药事管理,A026,北京中医药大学,1,17875
2022,1,2S,法学(医药卫生),A026,北京中医药大学,1,16659
2022,1,2V,英语(中医药国际传播),A026,北京中医药大学,1,21067
2022,1,01,教育学类,A027,北京师范大学,7,3177
2022,1,1G,戏剧影视文学,A027,北京师范大学,3,5873
2022,1,1N,人文科学试验班,A027,北京师范大学,28,2490
2022,1,1P,历史学类,A027,北京师范大学,3,2575
2022,1,1Q,社会科学试验班,A027,北京师范大学,27,3180
2022,1,1R,数学类,A027,北京师范大学,13,1993
2022,1,1S,物理学类,A027,北京师范大学,22,3125
2022,1,1T,理科试验班,A027,北京师范大学,33,3777
2022,1,13,中国语言文学类,A028,首都师范大学,5,13850
2022,1,28,教育学,A028,首都师范大学,4,18817
2022,1,30,数学与应用数学(教育部拔尖计划实验班),A028,首都师范大学,2,15012
2022,1,31,数学类(数理实验班),A028,首都师范大学,2,15560
2022,1,32,数学类,A028,首都师范大学,2,15927
2022,1,34,光电信息科学与工程,A028,首都师范大学,4,23326
2022,1,44,电子信息工程,A028,首都师范大学,4,20633
2022,1,45,计算机科学与技术,A028,首都师范大学,2,17945
2022,1,47,英语,A028,首都师范大学,5,17699
2022,1,61,公共管理类,A028,首都师范大学,4,21617
2022,1,01,金融学,A030,北京外国语大学,3,6014
2022,1,02,国际经济与贸易,A030,北京外国语大学,2,5434
2022,1,05,外交学,A030,北京外国语大学,3,4988
2022,1,07,汉语言文学,A030,北京外国语大学,2,5110
2022,1,08,汉语国际教育,A030,北京外国语大学,2,7300
2022,1,09,英语,A030,北京外国语大学,3,3761
2022,1,10,英语(中国政法大学联合培养涉外法治人才),A030,北京外国语大学,2,3590
2022,1,33,翻译(外交外事高级翻译),A030,北京外国语大学,2,2340
2022,1,35,传播学,A030,北京外国语大学,2,6322
2022,1,41,英语(中央财经大学金融学联合培养),A030,北京外国语大学,2,3169
2022,1,42,俄语,A030,北京外国语大学,2,5047
2022,1,44,德语,A030,北京外国语大学,2,4015
2022,1,47,法语,A030,北京外国语大学,2,3687
2022,1,49,西班牙语,A030,北京外国语大学,2,3243
2022,1,4B,日语,A030,北京外国语大学,2,5417
2022,1,4D,工商管理类,A030,北京外国语大学,1,6628
2022,1,06,外交学(中外合作办学),A030,北京外国语大学,2,12101
2022,1,01,英语(人文交流),A031,北京第二外国语学院,2,20637
2022,1,04,商务英语(国际文化贸易),A031,北京第二外国语学院,1,22474
2022,1,06,日语(人文交流),A031,北京第二外国语学院,2,23307
2022,1,09,朝鲜语(人文交流),A031,北京第二外国语学院,2,33622
2022,1,0D,德语(人文交流),A031,北京第二外国语学院,1,24197
2022,1,0E,德语(经贸合作),A031,北京第二外国语学院,2,25449
2022,1,0F,法语(人文交流),A031,北京第二外国语学院,2,22096
2022,1,0H,西班牙语,A031,北京第二外国语学院,2,29315
2022,1,0K,意大利语(旅游休闲),A031,北京第二外国语学院,1,30131
2022,1,0M,波兰语,A031,北京第二外国语学院,1,31537
2022,1,0P,阿尔巴尼亚语,A031,北京第二外国语学院,1,39302
2022,1,0S,翻译(中英俄复语),A031,北京第二外国语学院,1,21307
2022,1,0V,旅游管理(商业数据分析),A031,北京第二外国语学院,1,35555
2022,1,14,市场营销(一带一路营销管理),A031,北京第二外国语学院,2,37038
2022,1,19,财务管理(AI财务),A031,北京第二外国语学院,1,22977
2022,1,1G,贸易经济(国际文化贸易),A031,北京第二外国语学院,2,29291
2022,1,1L,汉语言文学(多语复合),A031,北京第二外国语学院,2,22293
2022,1,1N,新闻学(融媒体国际新闻),A031,北京第二外国语学院,2,23445
2022,1,1S,阿拉伯语,A031,北京第二外国语学院,2,35043
2022,1,01,外国语言文学类,A032,北京语言大学,6,20900
2022,1,14,翻译(英语),A032,北京语言大学,1,15439
2022,1,15,翻译(本地化),A032,北京语言大学,1,19436
2022,1,16,翻译(汉英法),A032,北京语言大学,2,21765
2022,1,18,汉语言文学,A032,北京语言大学,3,16895
2022,1,19,国际政治,A032,北京语言大学,1,24619
2022,1,20,国际事务与国际关系,A032,北京语言大学,2,25408
2022,1,21,新闻学(国际新闻传播),A032,北京语言大学,1,12608
2022,1,22,网络与新媒体,A032,北京语言大学,2,19717
2022,1,24,金融学,A032,北京语言大学,4,27043
2022,1,25,经济学(经济金融统计与分析),A032,北京语言大学,2,28890
2022,1,26,会计学,A032,北京语言大学,2,22495
2022,1,27,国际经济与贸易,A032,北京语言大学,2,28462
2022,1,34,语言学,A032,北京语言大学,1,21852
2022,1,35,心理学,A032,北京语言大学,1,19438
2022,1,36,汉语国际教育,A032,北京语言大学,3,20000
2022,1,38,计算机类,A032,北京语言大学,7,26429
2022,1,28,数字媒体技术(游戏设计技术方向),A033,中国传媒大学,3,7698
2022,1,30,广告学,A033,中国传媒大学,3,7085
2022,1,31,广告学(计算广告双学士学位复合型人才培养项目),A033,中国传媒大学,3,7848
2022,1,32,网络与新媒体(智能融媒体运营方向),A033,中国传媒大学,3,6220
2022,1,33,国际新闻与传播,A033,中国传媒大学,3,4621
2022,1,37,数字出版,A033,中国传媒大学,2,8478
2022,1,39,新闻学(数据新闻方向),A033,中国传媒大学,3,5088
2022,1,41,传播学(舆情分析方向),A033,中国传媒大学,3,5672
2022,1,42,传播学(计算传播方向),A033,中国传媒大学,3,7554
2022,1,44,翻译,A033,中国传媒大学,2,9275
2022,1,54,汉语言,A033,中国传媒大学,4,8065
2022,1,56,通信工程,A033,中国传媒大学,3,12182
2022,1,57,广播电视工程,A033,中国传媒大学,5,14731
2022,1,58,电子信息工程,A033,中国传媒大学,3,13158
2022,1,59,智能装备与系统(演艺工程与智能技术方向),A033,中国传媒大学,2,13500
2022,1,60,数字媒体技术,A033,中国传媒大学,2,7254
2022,1,61,物联网工程,A033,中国传媒大学,3,13631
2022,1,63,智能科学与技术,A033,中国传媒大学,2,9430
2022,1,64,数据科学与大数据技术,A033,中国传媒大学,3,12763
2022,1,65,计算机科学与技术,A033,中国传媒大学,2,10555
2022,1,66,网络空间安全,A033,中国传媒大学,3,13271
2022,1,69,文化产业管理,A033,中国传媒大学,3,9134
2022,1,72,大数据管理与应用,A033,中国传媒大学,2,12280
2022,1,76,数字经济,A033,中国传媒大学,2,9160
2022,1,78,政治学与行政学(国家治理与政治传播方向),A033,中国传媒大学,2,10728
2022,1,67,传播学(中外合作办学),A033,中国传媒大学,8,20090
2022,1,68,广告学(中外合作办学),A033,中国传媒大学,4,22028
2022,1,AA,智能科学与技术(中外合作办学),A033,中国传媒大学,6,41554
2022,1,02,财政学类,A034,中央财经大学,7,3376
2022,1,04,金融学类,A034,中央财经大学,7,1493
2022,1,06,工商管理类(会计学院),A034,中央财经大学,7,2586
2022,1,08,精算学,A034,中央财经大学,4,3093
2022,1,10,统计学类,A034,中央财经大学,4,2907
2022,1,11,数学类,A034,中央财经大学,4,4447
2022,1,14,经济学类,A034,中央财经大学,4,2232
2022,1,16,管理科学与工程类,A034,中央财经大学,3,5293
2022,1,17,大数据管理与应用(许国志大数据英才班),A034,中央财经大学,5,3662
2022,1,18,投资学,A034,中央财经大学,6,4037
2022,1,19,公共管理类,A034,中央财经大学,4,6116
2022,1,22,法学(卓越法治人才教育培养计划),A034,中央财经大学,4,4680
2022,1,26,新闻传播学类,A034,中央财经大学,2,5670
2022,1,32,计算机类,A034,中央财经大学,4,4480
2022,1,33,经济学(数理经济与数理金融),A034,中央财经大学,3,2075
2022,1,34,金融学(国际金融与公司理财),A034,中央财经大学,3,2246
2022,1,35,财政学(财政理论与政策),A034,中央财经大学,3,2707
2022,1,36,工商管理类(商学院),A034,中央财经大学,4,4405
2022,1,13,国际经济与贸易(中外合作办学)(国际贸易、金融风险管理),A034,中央财经大学,8,8639
2022,1,02,经济学类,A036,对外经济贸易大学,6,3758
2022,1,04,国际经济与贸易(国际组织人才基地班、与法学双学士学位项目),A036,对外经济贸易大学,3,3114
2022,1,05,国际商务(数字贸易方向),A036,对外经济贸易大学,4,5205
2022,1,07,金融工程(量化金融实验班),A036,对外经济贸易大学,4,2878
2022,1,09,工商管理类,A036,对外经济贸易大学,11,5171
2022,1,10,法学类,A036,对外经济贸易大学,5,3675
2022,1,22,数据科学与大数据技术(含与保险学专业双学士学位项目),A036,对外经济贸易大学,4,4701
2022,1,25,精算学,A036,对外经济贸易大学,4,4911
2022,1,32,金融数学,A036,对外经济贸易大学,4,4488
2022,1,33,经济统计学,A036,对外经济贸易大学,3,4344
2022,1,34,金融学类,A036,对外经济贸易大学,19,3525
2022,1,01,经济学(实验班),A037,北京物资学院,1,52146
2022,1,04,金融学(期货与证券实验班),A037,北京物资学院,2,53728
2022,1,05,金融学,A037,北京物资学院,1,50377
2022,1,06,物流管理,A037,北京物资学院,1,57919
2022,1,07,物流工程(京东科技实验班),A037,北京物资学院,1,58873
2022,1,09,采购管理,A037,北京物资学院,1,65530
2022,1,12,计算机科学与技术(实验班),A037,北京物资学院,1,47807
2022,1,15,应用统计学,A037,北京物资学院,1,49424
2022,1,16,数据科学与大数据技术,A037,北京物资学院,1,54623
2022,1,18,电子商务,A037,北京物资学院,1,56736
2022,1,19,大数据管理与应用,A037,北京物资学院,1,52991
2022,1,20,人工智能,A037,北京物资学院,1,59277
2022,1,26,商务英语(实验班),A037,北京物资学院,1,59169
2022,1,27,商务英语,A037,北京物资学院,1,57488
2022,1,28,会计学(注册会计师),A037,北京物资学院,1,42011
2022,1,29,会计学(智能会计),A037,北京物资学院,1,46147
2022,1,30,财务管理,A037,北京物资学院,1,47446
2022,1,01,公共管理类,A038,首都经济贸易大学,4,27604
2022,1,04,经济学(实验班),A038,首都经济贸易大学,2,15626
2022,1,06,会计学,A038,首都经济贸易大学,3,18703
2022,1,12,计算机科学与技术,A038,首都经济贸易大学,3,22737
2022,1,14,安全工程(注安师),A038,首都经济贸易大学,2,43634
2022,1,15,工业工程,A038,首都经济贸易大学,3,33118
2022,1,28,工商管理(国际会计),A038,首都经济贸易大学,2,22962
2022,1,30,工商管理(实验班),A038,首都经济贸易大学,4,24379
2022,1,52,贸易经济,A038,首都经济贸易大学,3,24032
2022,1,00,法学,A041,中国人民公安大学,4,8957
2022,1,09,经济学,A043,北京体育大学,2,23622
2022,1,10,马克思主义理论,A043,北京体育大学,1,20582
2022,1,11,教育学,A043,北京体育大学,1,21940
2022,1,12,运动人体科学,A043,北京体育大学,1,18181
2022,1,13,运动康复,A043,北京体育大学,2,29978
2022,1,14,智能体育工程,A043,北京体育大学,1,23916
2022,1,15,汉语国际教育,A043,北京体育大学,1,22670
2022,1,16,英语,A043,北京体育大学,2,23285
2022,1,27,新闻学,A043,北京体育大学,4,19431
2022,1,29,网络与新媒体,A043,北京体育大学,2,22546
2022,1,30,应用心理学,A043,北京体育大学,2,25621
2022,1,31,数据科学与大数据技术,A043,北京体育大学,4,24022
2022,1,33,体育经济与管理,A043,北京体育大学,3,23426
2022,1,35,公共事业管理,A043,北京体育大学,2,26043
2022,1,36,旅游管理,A043,北京体育大学,2,26928
2022,1,48,汉语言文学,A043,北京体育大学,2,21119
2022,1,49,康复物理治疗,A043,北京体育大学,3,30493
2022,1,53,俄语(国际体育组织人才实验班),A043,北京体育大学,1,26135
2022,1,54,德语(国际体育组织人才实验班),A043,北京体育大学,1,24512
2022,1,56,西班牙语(国际体育组织人才实验班),A043,北京体育大学,2,23191
2022,1,57,葡萄牙语(国际体育组织人才实验班),A043,北京体育大学,1,24549
2022,1,12,戏剧影视文学(戏剧创作),A048,中央戏剧学院,3,18571
2022,1,13,戏剧影视文学(电视剧创作),A048,中央戏剧学院,3,19096
2022,1,14,戏剧学(戏剧史论与批评),A048,中央戏剧学院,3,20690
2022,1,21,戏剧教育,A048,中央戏剧学院,4,29119
2022,1,22,艺术管理(演出制作),A048,中央戏剧学院,2,27367
2022,1,23,艺术管理(剧院管理),A048,中央戏剧学院,2,29786
2022,1,26,艺术管理(影视制片),A048,中央戏剧学院,3,27399
2022,1,0Q,戏剧影视文学(戏曲文学),A049,中国戏曲学院,5,51343
2022,1,0R,艺术管理(国际文化交流),A049,中国戏曲学院,3,42939
2022,1,29,数字媒体技术,A050,北京电影学院,2,14436
2022,1,30,网络与新媒体,A050,北京电影学院,2,21181
2022,1,01,哲学类,A052,中央民族大学,5,10834
2022,1,02,经济学类,A052,中央民族大学,19,11625
2022,1,03,法学类,A052,中央民族大学,14,10509
2022,1,05,社会学类,A052,中央民族大学,3,10240
2022,1,06,民族学,A052,中央民族大学,2,10215
2022,1,07,文物与博物馆学,A052,中央民族大学,2,9972
2022,1,08,历史学类,A052,中央民族大学,3,9240
2022,1,09,教育学,A052,中央民族大学,3,11574
2022,1,10,汉语国际教育,A052,中央民族大学,3,11910
2022,1,11,汉语言文学,A052,中央民族大学,4,8556
2022,1,12,新闻传播学类,A052,中央民族大学,7,10562
2022,1,13,工商管理类,A052,中央民族大学,13,12824
2022,1,14,公共管理类,A052,中央民族大学,8,11834
2022,1,15,外国语言文学类,A052,中央民族大学,6,12330
2022,1,17,日语,A052,中央民族大学,4,14843
2022,1,29,统计学类,A052,中央民族大学,8,13833
2022,1,30,信息与计算科学,A052,中央民族大学,8,14985
2022,1,32,纳米材料与技术,A052,中央民族大学,8,19813
2022,1,33,光电信息科学与工程,A052,中央民族大学,8,15199
2022,1,34,生物科学类,A052,中央民族大学,12,15226
2022,1,35,环境科学与工程类,A052,中央民族大学,12,17006
2022,1,37,电子信息类,A052,中央民族大学,12,13598
2022,1,38,计算机类,A052,中央民族大学,14,11357
2022,1,36,环境科学(中外合作办学),A052,中央民族大学,4,29879
2022,1,01,哲学(拔尖创新人才培养实验班),A053,中国政法大学,3,6617
2022,1,03,法学(法学人才培养模式改革实验班),A053,中国政法大学,14,1905
2022,1,04,法学(涉外法治人才培养实验班),A053,中国政法大学,7,2092
2022,1,09,社会工作,A053,中国政法大学,1,7511
2022,1,11,汉语言文学,A053,中国政法大学,2,6685
2022,1,12,英语(法律英语实验班),A053,中国政法大学,4,6945
2022,1,13,翻译(法律翻译实验班),A053,中国政法大学,2,7778
2022,1,14,德语(法律德语实验班),A053,中国政法大学,3,10019
2022,1,16,网络与新媒体,A053,中国政法大学,1,5967
2022,1,17,应用心理学,A053,中国政法大学,1,6619
2022,1,18,工商管理,A053,中国政法大学,4,8423
2022,1,19,国际商务,A053,中国政法大学,3,8127
2022,1,20,行政管理,A053,中国政法大学,3,8176
2022,1,21,公共事业管理,A053,中国政法大学,1,8064
2022,1,23,国际政治,A053,中国政法大学,2,5678
2022,1,24,政治学与行政学,A053,中国政法大学,3,4826
2022,1,25,经济学,A053,中国政法大学,1,5454
2022,1,26,金融工程(成思危现代金融菁英班),A053,中国政法大学,4,5728
2022,1,27,信息管理与信息系统(法治信息管理实验班),A053,中国政法大学,2,7916
2022,1,28,法学(北京外国语大学联合培养涉外法治人才),A053,中国政法大学,4,1414
2022,1,29,法学,A053,中国政法大学,27,2951
2022,1,01,电气类,A054,华北电力大学(北京),17,7164
2022,1,04,能源动力类(储能),A054,华北电力大学(北京),2,13004
2022,1,05,能源动力类(氢能),A054,华北电力大学(北京),1,10285
2022,1,06,机械类,A054,华北电力大学(北京),1,11886
2022,1,07,材料类,A054,华北电力大学(北京),2,15836
2022,1,08,土木类,A054,华北电力大学(北京),1,19102
2022,1,0A,自动化类(测控),A054,华北电力大学(北京),2,12541
2022,1,0B,计算机类(计算机),A054,华北电力大学(北京),8,11427
2022,1,0C,计算机类(智能),A054,华北电力大学(北京),3,11408
2022,1,0F,物流管理与工程类(供应链),A054,华北电力大学(北京),1,14374
2022,1,0G,能源动力类(新能源),A054,华北电力大学(北京),3,12742
2022,1,0H,水利类,A054,华北电力大学(北京),3,17213
2022,1,0K,数学类,A054,华北电力大学(北京),4,14535
2022,1,0L,物理学类,A054,华北电力大学(北京),1,14845
2022,1,0M,环境科学与工程类,A054,华北电力大学(北京),4,19523
2022,1,0N,工商管理类,A054,华北电力大学(北京),8,17552
2022,1,0P,法学类,A054,华北电力大学(北京),3,15017
2022,1,0Q,公共管理类,A054,华北电力大学(北京),3,17528
2022,1,0R,网络与新媒体,A054,华北电力大学(北京),2,14841
2022,1,0S,外国语言文学类,A054,华北电力大学(北京),1,17159
2022,1,0T,电子信息类,A054,华北电力大学(北京),5,10011
2022,1,0V,能源动力类(能动),A054,华北电力大学(北京),8,14007
2022,1,0X,自动化类(自动化),A054,华北电力大学(北京),5,11989
2022,1,0Z,管理科学与工程类,A054,华北电力大学(北京),5,17407
2022,1,11,核工程类,A054,华北电力大学(北京),6,17286
2022,1,3P,历史学类,A055,南开大学,3,3394
2022,1,3R,公共管理类,A055,南开大学,3,3453
2022,1,3U,经济学类,A055,南开大学,11,2004
2022,1,3W,金融学类,A055,南开大学,8,1492
2022,1,3Y,临床医学(5+3一体化),A055,南开大学,8,2703
2022,1,40,中国语言文学类,A055,南开大学,6,3194
2022,1,42,工商管理类,A055,南开大学,16,3545
2022,1,44,理科试验班(数理科学与大数据),A055,南开大学,12,1636
2022,1,46,理科试验班类(物质科学与可持续发展),A055,南开大学,24,3247
2022,1,49,工科试验班(信息科学与技术),A055,南开大学,46,2698
2022,1,4B,电子商务(中外合作办学),A055,南开大学,5,9025
2022,1,03,建筑类,A056,天津大学,8,3945
2022,1,05,经济管理试验班,A056,天津大学,31,5849
2022,1,07,工科试验班(高新舰船与海洋装备智能设计与管理),A056,天津大学,15,5809
2022,1,09,工科试验班(精仪与光电信息类),A056,天津大学,33,4371
2022,1,11,工科试验班(电气信息类),A056,天津大学,30,3860
2022,1,12,工科试验班(智能与计算类),A056,天津大学,22,3521
2022,1,15,理科试验班(生态与环境类),A056,天津大学,28,7127
2022,1,16,医学试验班(新医科),A056,天津大学,20,5935
2022,1,9B,工科试验班(智能制造与建造),A056,天津大学,33,5380
2022,1,9D,化工与制药类(化工能源与生命医药试验班),A056,天津大学,20,5548
2022,1,01,智能制造工程,A057,天津科技大学,2,37643
2022,1,02,工业设计,A057,天津科技大学,3,48753
2022,1,04,自动化,A057,天津科技大学,4,38278
2022,1,05,机器人工程,A057,天津科技大学,3,39100
2022,1,06,通信工程,A057,天津科技大学,4,38426
2022,1,07,电气工程及其自动化,A057,天津科技大学,3,36088
2022,1,09,人工智能,A057,天津科技大学,2,31205
2022,1,10,计算机科学与技术,A057,天津科技大学,5,31248
2022,1,11,软件工程,A057,天津科技大学,4,34638
2022,1,13,数据科学与大数据技术,A057,天津科技大学,4,35752
2022,1,15,数字媒体技术,A057,天津科技大学,4,39620
2022,1,17,海洋科学类,A057,天津科技大学,4,52342
2022,1,18,环境科学与工程类,A057,天津科技大学,4,54044
2022,1,19,高分子材料与工程,A057,天津科技大学,4,48139
2022,1,22,化学工程与工艺,A057,天津科技大学,5,49809
2022,1,23,轻化工程,A057,天津科技大学,4,52962
2022,1,24,包装工程,A057,天津科技大学,4,57665
2022,1,26,食品科学与工程,A057,天津科技大学,5,49754
2022,1,27,食品质量与安全,A057,天津科技大学,4,57070
2022,1,28,食品营养与健康,A057,天津科技大学,4,56692
2022,1,29,生物工程,A057,天津科技大学,4,41227
2022,1,30,制药工程,A057,天津科技大学,4,46035
2022,1,31,工业工程,A057,天津科技大学,5,61178
2022,1,32,物流管理,A057,天津科技大学,4,57599
2022,1,34,国际经济与贸易,A057,天津科技大学,3,51929
2022,1,35,金融学类,A057,天津科技大学,4,46010
2022,1,36,财务管理,A057,天津科技大学,3,44856
2022,1,38,公共事业管理,A057,天津科技大学,5,52400
2022,1,39,法学类,A057,天津科技大学,4,41336
2022,1,40,汉语国际教育,A057,天津科技大学,5,48867
2022,1,41,英语,A057,天津科技大学,4,43435
2022,1,42,日语,A057,天津科技大学,5,60047
2022,1,43,翻译,A057,天津科技大学,5,51978
2022,1,45,过程装备与控制工程,A057,天津科技大学,3,58012
2022,1,46,机械设计制造及其自动化,A057,天津科技大学,4,43748
2022,1,48,微电子科学与工程,A057,天津科技大学,4,38416
2022,1,W1,生物工程(中外合作办学)(酿造与蒸馏),A057,天津科技大学,4,101377
2022,1,W2,财务管理(中外合作办学),A057,天津科技大学,6,71195
2022,1,W3,计算机科学与技术(中外合作办学)(信息处理),A057,天津科技大学,6,63308
2022,1,01,纺织工程,A058,天津工业大学,6,47552
2022,1,02,非织造材料与工程,A058,天津工业大学,3,38871
2022,1,03,轻化工程,A058,天津工业大学,4,37609
2022,1,04,服装设计与工程,A058,天津工业大学,2,44480
2022,1,05,材料科学与工程,A058,天津工业大学,4,34756
2022,1,06,复合材料与工程,A058,天津工业大学,4,38114
2022,1,07,无机非金属材料工程,A058,天津工业大学,3,36606
2022,1,08,高分子材料与工程,A058,天津工业大学,4,33293
2022,1,09,化学工程与工艺,A058,天津工业大学,6,33300
2022,1,10,应用化学,A058,天津工业大学,2,30865
2022,1,11,制药工程,A058,天津工业大学,3,32354
2022,1,12,环境工程,A058,天津工业大学,4,35471
2022,1,14,机械工程,A058,天津工业大学,6,31589
2022,1,15,工业设计,A058,天津工业大学,2,26464
2022,1,16,机械电子工程,A058,天津工业大学,6,29974
2022,1,17,智能制造工程,A058,天津工业大学,4,29788
2022,1,18,飞行器制造工程,A058,天津工业大学,4,32116
2022,1,19,电气工程及其自动化,A058,天津工业大学,6,26021
2022,1,21,电子信息工程,A058,天津工业大学,6,26488
2022,1,22,通信工程,A058,天津工业大学,6,26746
2022,1,24,电子科学与技术,A058,天津工业大学,4,27574
2022,1,25,自动化,A058,天津工业大学,6,27365
2022,1,26,计算机科学与技术,A058,天津工业大学,4,22555
2022,1,27,物联网工程,A058,天津工业大学,4,24875
2022,1,28,网络空间安全,A058,天津工业大学,6,26700
2022,1,29,软件工程,A058,天津工业大学,15,25083
2022,1,30,人工智能,A058,天津工业大学,3,25273
2022,1,31,生物医学工程,A058,天津工业大学,2,30932
2022,1,32,智能医学工程,A058,天津工业大学,3,32381
2022,1,33,数学类,A058,天津工业大学,8,28698
2022,1,34,数据科学与大数据技术,A058,天津工业大学,4,23711
2022,1,35,光电信息科学与工程,A058,天津工业大学,6,29482
2022,1,36,应用物理学,A058,天津工业大学,4,29983
2022,1,37,化学生物学,A058,天津工业大学,3,33069
2022,1,38,广播电视学,A058,天津工业大学,2,32352
2022,1,39,英语,A058,天津工业大学,4,29363
2022,1,41,经济学类,A058,天津工业大学,4,28915
2022,1,42,工商管理类,A058,天津工业大学,4,29343
2022,1,43,管理科学与工程类,A058,天津工业大学,3,31533
2022,1,45,法学,A058,天津工业大学,2,23709
2022,1,20,电气工程及其自动化(中外合作办学),A058,天津工业大学,10,45748
2022,1,23,通信工程(中外合作办学),A058,天津工业大学,12,45930
2022,1,44,信息管理与信息系统(中外合作办学),A058,天津工业大学,12,51544
2022,1,01,工科试验班(中欧航空工程师),A059,中国民航大学,13,27455
2022,1,02,法学(航空法),A059,中国民航大学,5,30856
2022,1,03,英语(民航外语),A059,中国民航大学,8,39271
2022,1,04,信息与计算科学,A059,中国民航大学,4,40852
2022,1,05,应用气象学(航空气象),A059,中国民航大学,8,36646
2022,1,06,应用心理学,A059,中国民航大学,2,33745
2022,1,07,统计学(民航大数据),A059,中国民航大学,4,37676
2022,1,08,材料物理(无损检测与表面工程),A059,中国民航大学,5,53345
2022,1,09,材料化学,A059,中国民航大学,2,47995
2022,1,0A,工科试验班(航空航天),A059,中国民航大学,21,46252
2022,1,0G,信息安全,A059,中国民航大学,5,38020
2022,1,0H,土木工程,A059,中国民航大学,4,55141
2022,1,0J,油气储运工程(机场供油工程),A059,中国民航大学,5,53144
2022,1,0K,交通工程,A059,中国民航大学,6,41138
2022,1,0L,交通运输(空中交通管制),A059,中国民航大学,10,38663
2022,1,0M,交通管理(飞行运行管理),A059,中国民航大学,15,57010
2022,1,0P,无人驾驶航空器系统工程,A059,中国民航大学,4,39517
2022,1,0Q,安全工程,A059,中国民航大学,6,47523
2022,1,0R,工商管理类(航空运输管理),A059,中国民航大学,10,51508
2022,1,0T,物流管理,A059,中国民航大学,4,52238
2022,1,0U,工业工程(航空维修工程),A059,中国民航大学,8,55552
2022,1,1N,翻译,A059,中国民航大学,1,42091
2022,1,1P,思想政治教育,A059,中国民航大学,1,30079
2022,1,1Q,工科试验班(智能与计算机),A059,中国民航大学,9,36328
2022,1,1R,工科试验班(电子信息与电气自动化),A059,中国民航大学,51,45801
2022,1,A0,计算机科学与技术,A060,天津理工大学,2,22895
2022,1,A1,信息安全,A060,天津理工大学,2,24489
2022,1,A2,物联网工程,A060,天津理工大学,5,28082
2022,1,A3,数据科学与大数据技术,A060,天津理工大学,4,27405
2022,1,B1,电气工程及其自动化,A060,天津理工大学,5,27947
2022,1,B2,人工智能,A060,天津理工大学,4,28658
2022,1,B3,自动化,A060,天津理工大学,5,31591
2022,1,C0,材料成型及控制工程,A060,天津理工大学,3,48904
2022,1,D3,大数据管理与应用,A060,天津理工大学,3,32612
2022,1,F2,制药工程,A060,天津理工大学,5,42133
2022,1,G1,机械电子工程,A060,天津理工大学,7,38436
2022,1,G3,智能制造工程,A060,天津理工大学,4,35035
2022,1,G4,能源与动力工程,A060,天津理工大学,2,34273
2022,1,K0,汉语言文学,A060,天津理工大学,6,41795
2022,1,K1,英语,A060,天津理工大学,4,40397
2022,1,K2,日语,A060,天津理工大学,6,59474
2022,1,M0,社会学,A060,天津理工大学,5,50126
2022,1,M1,社会工作,A060,天津理工大学,5,56782
2022,1,T0,电子信息工程,A060,天津理工大学,9,32198
2022,1,T2,通信工程,A060,天津理工大学,8,33259
2022,1,T5,集成电路设计与集成系统,A060,天津理工大学,9,35719
2022,1,A4,计算机科学与技术(中外合作办学),A060,天津理工大学,15,53384
2022,1,D9,工商管理(中外合作办学),A060,天津理工大学,6,77553
2022,1,DA,工业工程(中外合作办学),A060,天津理工大学,4,82166
2022,1,A5,菌物科学与工程,A061,天津农学院,2,157636
2022,1,B3,植物保护,A061,天津农学院,2,147552
2022,1,B4,设施农业科学与工程,A061,天津农学院,2,141900
2022,1,B5,林学,A061,天津农学院,1,147318
2022,1,C3,动物医学(小动医方向),A061,天津农学院,2,103878
2022,1,C4,动物药学,A061,天津农学院,2,133054
2022,1,D1,水产养殖学,A061,天津农学院,3,160773
2022,1,D2,海洋渔业科学与技术,A061,天津农学院,5,164293
2022,1,E3,会计学,A061,天津农学院,1,83363
2022,1,E5,公共事业管理,A061,天津农学院,2,113143
2022,1,F1,食品科学与工程,A061,天津农学院,2,142373
2022,1,F2,食品质量与安全,A061,天津农学院,1,106875
2022,1,G1,测控技术与仪器,A061,天津农学院,1,143234
2022,1,H2,软件工程,A061,天津农学院,2,118380
2022,1,J1,水利水电工程,A061,天津农学院,1,147182
2022,1,J3,工程管理,A061,天津农学院,1,151942
2022,1,K2,功能材料,A061,天津农学院,2,161640
2022,1,K3,生物制药,A061,天津农学院,1,128967
2022,1,N3,文化产业管理,A061,天津农学院,1,118698
2022,1,N5,酒店管理,A061,天津农学院,3,156110
2022,1,2A,临床医学(5+3一体化),A062,天津医科大学,6,4483
2022,1,2B,临床医学(5+3一体化，儿科学),A062,天津医科大学,1,6299
2022,1,2C,口腔医学(5+3一体化),A062,天津医科大学,3,4227
2022,1,2D,临床医学,A062,天津医科大学,3,5749
2022,1,2E,基础医学(朱宪彝班),A062,天津医科大学,1,6964
2022,1,2F,麻醉学,A062,天津医科大学,1,6760
2022,1,2G,医学影像学,A062,天津医科大学,1,4382
2022,1,2H,眼视光医学,A062,天津医科大学,1,5872
2022,1,2J,预防医学,A062,天津医科大学,2,11651
2022,1,2K,智能医学工程,A062,天津医科大学,1,12463
2022,1,2L,医学技术类,A062,天津医科大学,8,18165
2022,1,2M,药学类,A062,天津医科大学,3,17482
2022,1,2N,生物医学工程,A062,天津医科大学,1,14497
2022,1,2R,护理学,A062,天津医科大学,3,28596
2022,1,2S,护理学(助产方向),A062,天津医科大学,1,31939
2022,1,04,中国语言文学类,A063,天津中医药大学,3,34468
2022,1,11,中医学(中医拔尖创新人才培养模式改革9年制),A063,天津中医药大学,2,7599
2022,1,12,中医学(5+3一体化),A063,天津中医药大学,4,11002
2022,1,13,中医学(5+3一体化中医儿科学),A063,天津中医药大学,2,12438
2022,1,14,中医学类,A063,天津中医药大学,8,21805
2022,1,15,中西医临床医学,A063,天津中医药大学,3,22518
2022,1,16,医学技术类,A063,天津中医药大学,3,28511
2022,1,17,医学信息工程,A063,天津中医药大学,3,38675
2022,1,18,食品卫生与营养学,A063,天津中医药大学,4,41566
2022,1,19,康复治疗学,A063,天津中医药大学,2,32829
2022,1,21,临床药学,A063,天津中医药大学,3,27184
2022,1,23,药学类,A063,天津中医药大学,6,33318
2022,1,24,中药学类,A063,天津中医药大学,6,32158
2022,1,25,制药工程,A063,天津中医药大学,4,34899
2022,1,26,应用心理学,A063,天津中医药大学,1,25606
2022,1,27,工商管理类,A063,天津中医药大学,2,39030
2022,1,28,公共管理类,A063,天津中医药大学,3,41014
2022,1,29,传播学,A063,天津中医药大学,5,44366
2022,1,31,临床医学,A063,天津中医药大学,5,20700
2022,1,32,中药学(拔尖学生培养基地班),A063,天津中医药大学,2,23079
2022,1,33,应用统计学,A063,天津中医药大学,4,39496
2022,1,34,预防医学,A063,天津中医药大学,3,33420
2022,1,38,临床药学(中外合作办学),A063,天津中医药大学,6,63350
2022,1,01,汉语言文学(师范类),A065,天津师范大学,11,24373
2022,1,05,广告学,A065,天津师范大学,1,27327
2022,1,08,历史学(师范类),A065,天津师范大学,1,19402
2022,1,12,应用心理学(师范类),A065,天津师范大学,2,27737
2022,1,14,教育技术学(师范类),A065,天津师范大学,1,32530
2022,1,15,学前教育(师范类),A065,天津师范大学,4,42089
2022,1,17,教育学类(师范类),A065,天津师范大学,18,37134
2022,1,20,政治学与行政学,A065,天津师范大学,2,27586
2022,1,25,法学,A065,天津师范大学,2,22372
2022,1,27,英语(师范类),A065,天津师范大学,5,23751
2022,1,28,俄语,A065,天津师范大学,2,53784
2022,1,30,朝鲜语,A065,天津师范大学,1,52418
2022,1,33,计算机科学与技术(师范类),A065,天津师范大学,4,28358
2022,1,36,数据科学与大数据技术,A065,天津师范大学,2,34430
2022,1,37,软件工程,A065,天津师范大学,20,45481
2022,1,39,数学与应用数学(师范类),A065,天津师范大学,1,24075
2022,1,41,数据计算及应用,A065,天津师范大学,2,34778
2022,1,48,化学(师范类),A065,天津师范大学,4,24951
2022,1,51,生物科学(师范类),A065,天津师范大学,8,28138
2022,1,54,物理学(师范类),A065,天津师范大学,6,28220
2022,1,56,电子信息科学与技术,A065,天津师范大学,2,34829
2022,1,61,人工智能(师范类),A065,天津师范大学,2,37012
2022,1,62,工商管理,A065,天津师范大学,3,36674
2022,1,64,物流管理,A065,天津师范大学,3,52000
2022,1,67,市场营销,A065,天津师范大学,2,44566
2022,1,68,大数据管理与应用,A065,天津师范大学,2,34525
2022,1,69,国际经济与贸易,A065,天津师范大学,9,42500
2022,1,70,经济学,A065,天津师范大学,2,31418
2022,1,W9,应用心理学(创新班),A065,天津师范大学,2,26913
2022,1,10,机械设计制造及其自动化,A066,天津职业技术师范大学,1,83254
2022,1,12,材料成型及控制工程,A066,天津职业技术师范大学,1,172330
2022,1,20,测控技术与仪器,A066,天津职业技术师范大学,4,149302
2022,1,22,电气工程及其自动化(师范类),A066,天津职业技术师范大学,1,56956
2022,1,24,自动化(师范类),A066,天津职业技术师范大学,5,79211
2022,1,2E,人工智能(师范类),A066,天津职业技术师范大学,2,80913
2022,1,30,教育技术学(师范类),A066,天津职业技术师范大学,2,77939
2022,1,33,软件工程,A066,天津职业技术师范大学,8,91987
2022,1,34,网络工程,A066,天津职业技术师范大学,2,92391
2022,1,3A,数据科学与大数据技术,A066,天津职业技术师范大学,2,83146
2022,1,41,教育学(师范类，职业技术教育方向),A066,天津职业技术师范大学,2,67956
2022,1,48,劳动教育(师范类),A066,天津职业技术师范大学,5,72287
2022,1,50,车辆工程,A066,天津职业技术师范大学,3,109692
2022,1,51,汽车服务工程(师范类),A066,天津职业技术师范大学,4,107196
2022,1,52,新能源汽车工程(师范类),A066,天津职业技术师范大学,4,86748
2022,1,54,交通运输(师范类，城市轨道交通方向),A066,天津职业技术师范大学,5,89722
2022,1,55,交通运输(智能交通方向),A066,天津职业技术师范大学,5,96115
2022,1,60,应用物理学(师范类),A066,天津职业技术师范大学,5,102300
2022,1,61,数学与应用数学(师范类),A066,天津职业技术师范大学,7,82490
2022,1,64,信息与计算科学,A066,天津职业技术师范大学,2,98214
2022,1,73,英语(师范类),A066,天津职业技术师范大学,2,59987
2022,1,75,日语,A066,天津职业技术师范大学,4,96902
2022,1,81,电子科学与技术,A066,天津职业技术师范大学,3,107499
2022,1,83,微电子科学与工程(师范类),A066,天津职业技术师范大学,5,105916
2022,1,84,光电信息科学与工程(师范类),A066,天津职业技术师范大学,3,90650
2022,1,91,金融学,A066,天津职业技术师范大学,2,74778
2022,1,95,人力资源管理,A066,天津职业技术师范大学,3,83937
2022,1,97,财务会计教育(师范类),A066,天津职业技术师范大学,3,66966
2022,1,99,劳动与社会保障,A066,天津职业技术师范大学,4,110467
2022,1,9A,物流管理(师范类),A066,天津职业技术师范大学,3,85439
2022,1,01,外国语言文学类(英语类),A068,天津外国语大学,6,27374
2022,1,02,日语,A068,天津外国语大学,5,35193
2022,1,03,俄语,A068,天津外国语大学,1,34188
2022,1,04,德语,A068,天津外国语大学,1,29356
2022,1,05,法语,A068,天津外国语大学,1,27762
2022,1,06,西班牙语,A068,天津外国语大学,1,30782
2022,1,07,意大利语,A068,天津外国语大学,1,33066
2022,1,08,葡萄牙语,A068,天津外国语大学,1,34663
2022,1,10,匈牙利语,A068,天津外国语大学,1,45452
2022,1,11,朝鲜语,A068,天津外国语大学,2,31151
2022,1,12,阿拉伯语,A068,天津外国语大学,1,38155
2022,1,14,印度尼西亚语,A068,天津外国语大学,1,48154
2022,1,15,缅甸语,A068,天津外国语大学,1,61444
2022,1,16,马来语,A068,天津外国语大学,1,59861
2022,1,18,汉语国际教育,A068,天津外国语大学,2,30573
2022,1,19,国际经济与贸易,A068,天津外国语大学,1,33026
2022,1,20,金融学,A068,天津外国语大学,1,37785
2022,1,22,工商管理类,A068,天津外国语大学,4,39881
2022,1,23,大数据管理与应用,A068,天津外国语大学,2,49656
2022,1,26,法学,A068,天津外国语大学,1,24878
2022,1,28,国际政治,A068,天津外国语大学,1,35336
2022,1,29,外交学,A068,天津外国语大学,1,29802
2022,1,30,国际组织与全球治理,A068,天津外国语大学,2,35529
2022,1,31,汉语言文学,A068,天津外国语大学,1,25287
2022,1,32,新闻传播学类,A068,天津外国语大学,1,25995
2022,1,33,广告学,A068,天津外国语大学,2,35458
2022,1,34,网络与新媒体,A068,天津外国语大学,1,33626
2022,1,35,教育技术学,A068,天津外国语大学,1,63017
2022,1,36,数字媒体技术,A068,天津外国语大学,3,38090
2022,1,37,经济学(中外合作办学),A068,天津外国语大学,4,64060
2022,1,01,宝石及材料工艺学,A069,天津商业大学,4,94246
2022,1,03,工商管理类,A069,天津商业大学,4,54194
2022,1,07,包装工程,A069,天津商业大学,3,97005
2022,1,09,建筑环境与能源应用工程,A069,天津商业大学,9,97381
2022,1,10,能源与动力工程,A069,天津商业大学,17,85692
2022,1,11,新能源科学与工程,A069,天津商业大学,4,69980
2022,1,19,法学,A069,天津商业大学,8,42830
2022,1,28,智能科学与技术,A069,天津商业大学,2,59063
2022,1,32,英语(应用翻译方向),A069,天津商业大学,2,49855
2022,1,38,会计学,A069,天津商业大学,3,46402
2022,1,H1,酒店管理(中外合作办学),A069,天津商业大学,20,177347
2022,1,H2,财务管理(中外合作办学),A069,天津商业大学,11,87973
2022,1,21,经济学,A070,天津财经大学,4,28687
2022,1,24,财政学类,A070,天津财经大学,5,29331
2022,1,25,金融学类,A070,天津财经大学,10,28718
2022,1,28,法学,A070,天津财经大学,3,23971
2022,1,2E,数学与应用数学(经济数学与数学建模),A070,天津财经大学,3,33084
2022,1,2K,软件工程,A070,天津财经大学,3,29050
2022,1,2L,数据科学与大数据技术,A070,天津财经大学,3,28663
2022,1,2M,管理科学与工程类,A070,天津财经大学,3,38405
2022,1,2N,工商管理类,A070,天津财经大学,7,35917
2022,1,2P,会计学(注册会计师),A070,天津财经大学,5,23788
2022,1,2Q,会计学,A070,天津财经大学,4,25222
2022,1,2R,财务管理,A070,天津财经大学,2,27566
2022,1,2S,国际商务,A070,天津财经大学,3,35325
2022,1,2T,审计学,A070,天津财经大学,2,23523
2022,1,2W,物流管理,A070,天津财经大学,6,49863
2022,1,2Z,金融数学,A070,天津财经大学,3,30266
2022,1,26,金融学(中外合作办学)(能源金融),A070,天津财经大学,13,59939
2022,1,05,公共事业管理,A071,天津体育学院,4,148439
2022,1,06,新闻学(新媒体方向),A071,天津体育学院,5,105039
2022,1,08,新闻学(体育文化传媒方向),A071,天津体育学院,3,110031
2022,1,09,特殊教育,A071,天津体育学院,2,127279
2022,1,10,市场营销,A071,天津体育学院,4,153182
2022,1,12,运动康复,A071,天津体育学院,4,114676
2022,1,13,应用心理学,A071,天津体育学院,3,123695
2022,1,19,康复治疗学,A071,天津体育学院,4,134321
2022,1,24,体育经济与管理,A071,天津体育学院,6,155086
2022,1,27,学前教育,A071,天津体育学院,6,155355
2022,1,06,历史建筑保护工程,A073,天津美术学院,3,101802
2022,1,08,新闻传播学类,A075,河北大学,2,30781
2022,1,17,保险学,A075,河北大学,2,46475
2022,1,18,国际经济与贸易,A075,河北大学,3,42986
2022,1,40,法学,A075,河北大学,2,27927
2022,1,66,物理学类,A075,河北大学,2,30233
2022,1,69,新能源材料与器件,A075,河北大学,3,45066
2022,1,70,光电信息科学与工程,A075,河北大学,2,37838
2022,1,72,化学,A075,河北大学,2,38162
2022,1,73,材料类,A075,河北大学,3,48285
2022,1,78,环境科学与工程类,A075,河北大学,2,45812
2022,1,87,通信工程,A075,河北大学,2,34428
2022,1,91,土木工程,A075,河北大学,2,50328
2022,1,H1,广播电视学(中外合作办学),A075,河北大学,3,73408
2022,1,H2,广告学(中外合作办学),A075,河北大学,3,79488
2022,1,01,经济学,A076,河北工程大学,2,74166
2022,1,02,金融工程,A076,河北工程大学,2,80107
2022,1,04,法学,A076,河北工程大学,2,64436
2022,1,0A,文物与博物馆学,A076,河北工程大学,2,99195
2022,1,0B,信息与计算科学,A076,河北工程大学,2,88362
2022,1,0C,应用物理学,A076,河北工程大学,2,111798
2022,1,0D,应用化学,A076,河北工程大学,2,119420
2022,1,0F,地理信息科学,A076,河北工程大学,3,97640
2022,1,0G,应用统计学,A076,河北工程大学,2,88437
2022,1,0J,机械类,A076,河北工程大学,3,110482
2022,1,0K,材料类,A076,河北工程大学,2,132282
2022,1,0L,能源与动力工程,A076,河北工程大学,2,103724
2022,1,0M,电气工程及其自动化,A076,河北工程大学,2,79832
2022,1,0N,电子信息工程,A076,河北工程大学,2,77994
2022,1,0P,通信工程,A076,河北工程大学,2,83256
2022,1,0Q,光电信息科学与工程,A076,河北工程大学,2,68875
2022,1,0R,自动化,A076,河北工程大学,2,84627
2022,1,0S,计算机类,A076,河北工程大学,4,69207
2022,1,0T,数据科学与大数据技术,A076,河北工程大学,2,81015
2022,1,0V,建筑环境与能源应用工程,A076,河北工程大学,2,139833
2022,1,0W,给排水科学与工程,A076,河北工程大学,2,119727
2022,1,0Z,水利水电工程,A076,河北工程大学,2,87559
2022,1,10,水文与水资源工程,A076,河北工程大学,2,119432
2022,1,12,测绘工程,A076,河北工程大学,2,121861
2022,1,13,遥感科学与技术,A076,河北工程大学,2,122251
2022,1,14,化学工程与工艺,A076,河北工程大学,2,109434
2022,1,15,地质工程,A076,河北工程大学,2,120807
2022,1,16,勘查技术与工程,A076,河北工程大学,2,129104
2022,1,17,资源勘查工程,A076,河北工程大学,2,134781
2022,1,18,采矿工程,A076,河北工程大学,2,150756
2022,1,1B,农业水利工程,A076,河北工程大学,2,132373
2022,1,1D,食品科学与工程,A076,河北工程大学,2,114094
2022,1,1E,建筑学,A076,河北工程大学,3,106106
2022,1,1F,城乡规划,A076,河北工程大学,4,122815
2022,1,1G,风景园林,A076,河北工程大学,3,119984
2022,1,1H,安全工程,A076,河北工程大学,2,127414
2022,1,1J,植物生产类,A076,河北工程大学,2,121064
2022,1,1M,园林,A076,河北工程大学,2,119204
2022,1,1N,临床医学,A076,河北工程大学,5,88260
2022,1,1P,医学检验技术,A076,河北工程大学,4,119250
2022,1,1Q,医学影像技术,A076,河北工程大学,2,114861
2022,1,1S,护理学,A076,河北工程大学,2,117822
2022,1,1V,工商管理类,A076,河北工程大学,2,88841
2022,1,1Y,测控技术与仪器,A076,河北工程大学,2,112925
2022,1,1Z,过程装备与控制工程,A076,河北工程大学,2,137631
2022,1,25,新能源科学与工程,A076,河北工程大学,4,106808
2022,1,28,工程力学,A076,河北工程大学,2,117469
2022,1,29,道路桥梁与渡河工程,A076,河北工程大学,2,136510
2022,1,2A,交通工程,A076,河北工程大学,2,98518
2022,1,2D,机器人工程,A076,河北工程大学,2,83636
2022,1,2E,汉语国际教育,A076,河北工程大学,2,90616
2022,1,2G,土木工程,A076,河北工程大学,3,105879
2022,1,31,土木工程(中外合作办学),A076,河北工程大学,10,196076
2022,1,0J,英语,A077,河北地质大学,4,74662
2022,1,0L,捷克语,A077,河北地质大学,2,156743
2022,1,0N,公共管理类,A077,河北地质大学,6,109941
2022,1,0X,汉语国际教育,A077,河北地质大学,6,93666
2022,1,1K,地质类,A077,河北地质大学,6,115336
2022,1,2H,水利类,A077,河北地质大学,4,104426
2022,1,2K,环境工程,A077,河北地质大学,5,119775
2022,1,3J,土木类,A077,河北地质大学,3,122966
2022,1,3K,管理科学与工程类,A077,河北地质大学,4,125272
2022,1,4H,土地资源管理,A077,河北地质大学,2,91306
2022,1,4K,地理信息科学,A077,河北地质大学,4,98142
2022,1,4L,测绘类,A077,河北地质大学,5,125258
2022,1,5H,材料类,A077,河北地质大学,4,132456
2022,1,6H,经济学类,A077,河北地质大学,14,93526
2022,1,7H,工商管理类,A077,河北地质大学,4,86999
2022,1,7L,物流管理与工程类,A077,河北地质大学,7,123257
2022,1,7V,旅游地学与规划工程,A077,河北地质大学,3,144964
2022,1,8J,计算机类,A077,河北地质大学,4,82070
2022,1,9N,金融学(中外合作办学),A077,河北地质大学,4,131105
2022,1,01,水利水电工程,A078,华北水利水电大学,5,55322
2022,1,06,水文与水资源工程,A078,华北水利水电大学,5,75919
2022,1,10,地质工程,A078,华北水利水电大学,5,92488
2022,1,13,材料成型及控制工程,A078,华北水利水电大学,10,109358
2022,1,17,土木工程,A078,华北水利水电大学,10,91144
2022,1,21,电气工程及其自动化,A078,华北水利水电大学,5,60751
2022,1,23,核工程与核技术,A078,华北水利水电大学,5,79658
2022,1,26,应用化学,A078,华北水利水电大学,5,92112
2022,1,32,国际经济与贸易,A078,华北水利水电大学,5,91833
2022,1,34,市场营销,A078,华北水利水电大学,5,105964
2022,1,36,物流管理,A078,华北水利水电大学,5,98870
2022,1,43,计算机科学与技术,A078,华北水利水电大学,5,60791
2022,1,44,软件工程,A078,华北水利水电大学,10,68085
2022,1,46,电子信息工程,A078,华北水利水电大学,5,69642
2022,1,59,地质工程(中外合作办学)(灾害管理),A078,华北水利水电大学,5,174042
2022,1,60,机械设计制造及其自动化(中外合作办学),A078,华北水利水电大学,5,145557
2022,1,61,物流管理(中外合作办学),A078,华北水利水电大学,5,156726
2022,1,62,土木工程(中外合作办学),A078,华北水利水电大学,5,167896
2022,1,63,测绘工程(中外合作办学),A078,华北水利水电大学,5,174400
2022,1,64,能源与动力工程(中外合作办学)(热动),A078,华北水利水电大学,5,154499
2022,1,65,给排水科学与工程(中外合作办学),A078,华北水利水电大学,5,177416
2022,1,66,建筑学(中外合作办学),A078,华北水利水电大学,5,143892
2022,1,01,经济学类,A079,华北电力大学(保定),3,20948
2022,1,02,法学类,A079,华北电力大学(保定),3,19407
2022,1,03,外国语言文学类,A079,华北电力大学(保定),4,24028
2022,1,04,数学类,A079,华北电力大学(保定),7,20308
2022,1,05,物理学类,A079,华北电力大学(保定),3,22487
2022,1,06,管理科学与工程类,A079,华北电力大学(保定),7,25519
2022,1,07,工商管理类,A079,华北电力大学(保定),5,21868
2022,1,08,电气类,A079,华北电力大学(保定),24,11409
2022,1,09,电子信息类,A079,华北电力大学(保定),11,15735
2022,1,0B,工业工程类,A079,华北电力大学(保定),1,23434
2022,1,0D,能源动力类(储能),A079,华北电力大学(保定),3,18621
2022,1,0E,土木类,A079,华北电力大学(保定),3,24635
2022,1,0J,环境科学与工程类,A079,华北电力大学(保定),10,29581
2022,1,0K,公共管理类,A079,华北电力大学(保定),3,24819
2022,1,0L,能源动力类(氢能),A079,华北电力大学(保定),4,19247
2022,1,0M,公共管理类(社工),A079,华北电力大学(保定),3,27658
2022,1,0U,机械类,A079,华北电力大学(保定),21,22388
2022,1,0W,能源动力类(能动),A079,华北电力大学(保定),8,19253
2022,1,0Y,自动化类(自动化),A079,华北电力大学(保定),7,17226
2022,1,10,自动化类(测控),A079,华北电力大学(保定),4,18116
2022,1,12,计算机类(智能),A079,华北电力大学(保定),4,17008
2022,1,14,计算机类(计算机),A079,华北电力大学(保定),10,16748
2022,1,01,数学类,A080,河北工业大学,2,19769
2022,1,03,应用统计学,A080,河北工业大学,2,19212
2022,1,04,机械类,A080,河北工业大学,2,20525
2022,1,05,测控技术与仪器,A080,河北工业大学,2,23116
2022,1,09,能源动力类,A080,河北工业大学,2,21715
2022,1,0E,过程装备与控制工程,A080,河北工业大学,3,22963
2022,1,0F,应用化学,A080,河北工业大学,2,23833
2022,1,0G,制药工程,A080,河北工业大学,2,25865
2022,1,0H,生物工程,A080,河北工业大学,3,25536
2022,1,0J,安全工程,A080,河北工业大学,2,23695
2022,1,0K,海洋技术,A080,河北工业大学,3,27333
2022,1,0L,土木工程,A080,河北工业大学,2,25630
2022,1,0N,道路桥梁与渡河工程,A080,河北工业大学,3,33904
2022,1,0P,给排水科学与工程,A080,河北工业大学,3,33816
2022,1,0V,工程管理,A080,河北工业大学,2,26985
2022,1,0X,会计学,A080,河北工业大学,2,20290
2022,1,0Y,材料类,A080,河北工业大学,2,24019
2022,1,0Z,材料成型及控制工程,A080,河北工业大学,2,25927
2022,1,10,法学,A080,河北工业大学,2,19130
2022,1,11,汉语国际教育,A080,河北工业大学,2,24444
2022,1,12,公共管理类,A080,河北工业大学,2,25768
2022,1,15,英语,A080,河北工业大学,2,24322
2022,1,17,日语,A080,河北工业大学,3,29300
2022,1,19,自动化,A080,河北工业大学,2,17720
2022,1,1D,建筑学,A080,河北工业大学,2,24541
2022,1,1E,城乡规划,A080,河北工业大学,2,28405
2022,1,1H,计算机科学与技术,A080,河北工业大学,2,23737
2022,1,1J,能源与动力工程,A080,河北工业大学,2,42751
2022,1,1K,电气工程及其自动化,A080,河北工业大学,2,25177
2022,1,1L,生物医学工程,A080,河北工业大学,3,25255
2022,1,1T,电气工程及其自动化(中外合作办学),A080,河北工业大学,4,34719
2022,1,1U,物联网工程(中外合作办学),A080,河北工业大学,2,37060
2022,1,1V,环境工程(中外合作办学),A080,河北工业大学,2,40021
2022,1,1W,应用物理学(中外合作办学),A080,河北工业大学,2,43776
2022,1,1Y,材料物理(中外合作办学),A080,河北工业大学,2,45218
2022,1,01,安全工程,A081,华北理工大学,5,100042
2022,1,02,矿业类,A081,华北理工大学,15,123331
2022,1,03,测绘工程,A081,华北理工大学,5,101467
2022,1,04,地质工程,A081,华北理工大学,5,131507
2022,1,05,材料成型及控制工程,A081,华北理工大学,5,95835
2022,1,06,材料类,A081,华北理工大学,18,131336
2022,1,07,能源动力类,A081,华北理工大学,12,74024
2022,1,08,工业工程,A081,华北理工大学,5,100414
2022,1,09,工业设计,A081,华北理工大学,3,84930
2022,1,10,过程装备与控制工程,A081,华北理工大学,5,100009
2022,1,11,机械设计制造及其自动化,A081,华北理工大学,6,76847
2022,1,13,车辆工程,A081,华北理工大学,5,80925
2022,1,14,化学,A081,华北理工大学,4,61136
2022,1,15,应用化学,A081,华北理工大学,6,67003
2022,1,16,化学工程与工艺,A081,华北理工大学,7,77282
2022,1,17,能源化学工程,A081,华北理工大学,8,89011
2022,1,19,给排水科学与工程,A081,华北理工大学,3,109440
2022,1,1A,数据科学与大数据技术,A081,华北理工大学,2,60235
2022,1,1B,应用物理学,A081,华北理工大学,2,74368
2022,1,1C,智能科学与技术,A081,华北理工大学,3,66585
2022,1,1D,日语,A081,华北理工大学,3,79879
2022,1,1E,英语,A081,华北理工大学,7,67902
2022,1,1F,翻译,A081,华北理工大学,3,72844
2022,1,1G,汉语国际教育,A081,华北理工大学,6,83352
2022,1,1H,匈牙利语,A081,华北理工大学,3,135312
2022,1,1J,法学,A081,华北理工大学,3,58711
2022,1,1Q,应用心理学,A081,华北理工大学,4,58835
2022,1,1R,精神医学,A081,华北理工大学,10,76156
2022,1,20,工程管理,A081,华北理工大学,8,109060
2022,1,21,建筑环境与能源应用工程,A081,华北理工大学,5,111266
2022,1,22,建筑学,A081,华北理工大学,3,73320
2022,1,23,交通运输,A081,华北理工大学,4,93088
2022,1,24,物流工程,A081,华北理工大学,6,99192
2022,1,25,土木工程,A081,华北理工大学,4,84960
2022,1,26,临床医学,A081,华北理工大学,7,27690
2022,1,60,医学影像学,A081,华北理工大学,3,37204
2022,1,61,麻醉学,A081,华北理工大学,6,42157
2022,1,62,医学检验技术,A081,华北理工大学,3,53247
2022,1,63,预防医学,A081,华北理工大学,5,72226
2022,1,64,卫生检验与检疫,A081,华北理工大学,4,85981
2022,1,65,医学实验技术,A081,华北理工大学,4,74556
2022,1,66,生物科学类,A081,华北理工大学,20,81585
2022,1,67,材料化学,A081,华北理工大学,4,75970
2022,1,68,高分子材料与工程,A081,华北理工大学,3,66994
2022,1,69,无机非金属材料工程,A081,华北理工大学,10,103647
2022,1,70,复合材料与工程,A081,华北理工大学,6,97270
2022,1,71,测控技术与仪器,A081,华北理工大学,4,74615
2022,1,72,电气工程及其自动化,A081,华北理工大学,3,59080
2022,1,74,自动化,A081,华北理工大学,3,56423
2022,1,75,电子科学与技术,A081,华北理工大学,3,65194
2022,1,76,工商管理,A081,华北理工大学,3,57922
2022,1,78,公共事业管理,A081,华北理工大学,3,87027
2022,1,79,信息管理与信息系统,A081,华北理工大学,5,83356
2022,1,80,国际经济与贸易,A081,华北理工大学,7,85285
2022,1,81,金融学,A081,华北理工大学,4,63086
2022,1,82,经济统计学,A081,华北理工大学,9,79573
2022,1,83,护理学,A081,华北理工大学,6,114808
2022,1,84,康复治疗学,A081,华北理工大学,12,93074
2022,1,86,中医学,A081,华北理工大学,3,53135
2022,1,87,针灸推拿学,A081,华北理工大学,6,89446
2022,1,88,中西医临床医学,A081,华北理工大学,3,44515
2022,1,89,口腔医学,A081,华北理工大学,2,24386
2022,1,90,药学,A081,华北理工大学,11,66408
2022,1,91,药物制剂,A081,华北理工大学,9,65681
2022,1,92,中药学,A081,华北理工大学,9,95573
2022,1,93,电子信息工程,A081,华北理工大学,3,62993
2022,1,94,智能医学工程,A081,华北理工大学,5,85273
2022,1,95,人工智能,A081,华北理工大学,3,62355
2022,1,96,集成电路设计与集成系统,A081,华北理工大学,3,65430
2022,1,97,计算机科学与技术,A081,华北理工大学,4,58506
2022,1,98,数学与应用数学,A081,华北理工大学,5,67101
2022,1,99,信息与计算科学,A081,华北理工大学,3,66739
2022,1,9A,电气工程及其自动化(中外合作办学),A081,华北理工大学,8,133698
2022,1,9B,机械设计制造及其自动化(中外合作办学),A081,华北理工大学,7,151201
2022,1,9C,化学(中外合作办学),A081,华北理工大学,6,170557
2022,1,B2,材料成型及控制工程,A082,河北科技大学,5,106822
2022,1,BA,材料类,A082,河北科技大学,5,128196
2022,1,C1,自动化,A082,河北科技大学,6,73125
2022,1,C2,电气工程及其自动化,A082,河北科技大学,8,71574
2022,1,C5,人工智能,A082,河北科技大学,6,75044
2022,1,DA,机械类,A082,河北科技大学,8,88109
2022,1,E7,网络空间安全,A082,河北科技大学,6,75129
2022,1,EA,电子信息类,A082,河北科技大学,8,75257
2022,1,EB,计算机类,A082,河北科技大学,8,68336
2022,1,FA,工商管理类,A082,河北科技大学,5,89042
2022,1,FD,管理科学与工程类,A082,河北科技大学,5,102460
2022,1,G2,应用化学,A082,河北科技大学,4,86540
2022,1,J2,制药工程,A082,河北科技大学,6,93473
2022,1,J3,药学类,A082,河北科技大学,6,86790
2022,1,JA,化工与制药类,A082,河北科技大学,10,93289
2022,1,MA,土木类,A082,河北科技大学,5,100586
2022,1,P3,生物科学类,A082,河北科技大学,4,74340
2022,1,PA,食品科学与工程类,A082,河北科技大学,4,89406
2022,1,Q1,纺织工程,A082,河北科技大学,8,226567
2022,1,A4,信息管理与信息系统(中外合作办学),A082,河北科技大学,4,186997
2022,1,B4,金属材料工程(中外合作办学),A082,河北科技大学,10,221174
2022,1,K4,环境科学(中外合作办学),A082,河北科技大学,6,176888
2022,1,01,土木工程,A084,河北建筑工程学院,2,167843
2022,1,03,道路桥梁与渡河工程,A084,河北建筑工程学院,2,176936
2022,1,09,电子信息工程,A084,河北建筑工程学院,2,160394
2022,1,10,建筑电气与智能化,A084,河北建筑工程学院,6,176647
2022,1,12,建筑学,A084,河北建筑工程学院,1,120188
2022,1,13,城乡规划,A084,河北建筑工程学院,2,171217
2022,1,16,工程管理,A084,河北建筑工程学院,2,182554
2022,1,17,工程造价,A084,河北建筑工程学院,2,154026
2022,1,19,财务管理,A084,河北建筑工程学院,2,157776
2022,1,23,能源动力类,A084,河北建筑工程学院,6,186416
2022,1,27,给排水科学与工程,A084,河北建筑工程学院,2,195851
2022,1,28,环境工程,A084,河北建筑工程学院,2,187042
2022,1,29,消防工程,A084,河北建筑工程学院,2,170647
2022,1,30,信息与计算科学,A084,河北建筑工程学院,2,176937
2022,1,31,应用统计学,A084,河北建筑工程学院,2,177960
2022,1,32,理论与应用力学,A084,河北建筑工程学院,2,188323
2022,1,34,德语,A084,河北建筑工程学院,2,176164
2022,1,35,信息管理与信息系统,A084,河北建筑工程学院,2,202791
2022,1,36,信息资源管理,A084,河北建筑工程学院,2,210319
2022,1,37,机械设计制造及其自动化,A084,河北建筑工程学院,2,165039
2022,1,38,机械电子工程,A084,河北建筑工程学院,3,175941
2022,1,40,车辆工程,A084,河北建筑工程学院,3,172530
2022,1,05,土木类,A085,河北水利电力学院,8,191711
2022,1,06,水利类,A085,河北水利电力学院,5,168490
2022,1,08,自动化类,A085,河北水利电力学院,5,177474
2022,1,0A,勘查技术与工程,A085,河北水利电力学院,2,191235
2022,1,0B,测绘工程,A085,河北水利电力学院,5,186073
2022,1,0C,农业水利工程,A085,河北水利电力学院,5,199616
2022,1,0D,交通工程,A085,河北水利电力学院,5,191383
2022,1,0H,房地产开发与管理,A085,河北水利电力学院,5,209849
2022,1,1P,园林,A086,河北农业大学,5,135424
2022,1,20,动物科学,A086,河北农业大学,7,174156
2022,1,22,动物医学,A086,河北农业大学,5,128019
2022,1,25,计算机类,A086,河北农业大学,10,116262
2022,1,3M,电气类,A086,河北农业大学,10,128116
2022,1,3S,机械类,A086,河北农业大学,10,145301
2022,1,3V,食品科学与工程类,A086,河北农业大学,8,139895
2022,1,3W,土木类,A086,河北农业大学,10,151705
2022,1,4D,机械设计制造及其自动化(中外合作办学),A086,河北农业大学,5,181033
2022,1,1F,临床医学(5+3一体化),A089,河北医科大学,6,12626
2022,1,1J,临床医学,A089,河北医科大学,9,16028
2022,1,1M,医学影像学,A089,河北医科大学,3,22936
2022,1,1S,公共卫生与预防医学类,A089,河北医科大学,3,36806
2022,1,1V,药学类,A089,河北医科大学,2,36405
2022,1,21,医学影像技术,A089,河北医科大学,2,32686
2022,1,25,护理学类,A089,河北医科大学,5,68434
2022,1,04,临床医学,A092,河北北方学院,5,80790
2022,1,06,医学影像学,A092,河北北方学院,2,83455
2022,1,09,医学检验技术,A092,河北北方学院,3,117497
2022,1,01,临床医学,A093,承德医学院,4,68809
2022,1,05,中西医临床医学,A093,承德医学院,4,85154
2022,1,12,护理学,A093,承德医学院,3,123374
2022,1,13,生物医学工程,A093,承德医学院,3,173221
2022,1,04,公共管理类,A094,河北师范大学,4,60005
2022,1,06,化学,A094,河北师范大学,5,47992
2022,1,09,软件工程,A094,河北师范大学,12,62100
2022,1,0A,计算机类,A094,河北师范大学,11,53466
2022,1,0E,历史学类,A094,河北师范大学,5,39688
2022,1,0Q,生物科学类,A094,河北师范大学,4,46544
2022,1,0R,数学与应用数学(师范类),A094,河北师范大学,8,48376
2022,1,0Y,外国语言文学类,A094,河北师范大学,5,43956
2022,1,15,中国语言文学类,A094,河北师范大学,4,34834
2022,1,16,物理学(师范类),A094,河北师范大学,5,48112
2022,1,1A,新闻传播学类,A094,河北师范大学,5,45344
2022,1,1D,家政学,A094,河北师范大学,4,120980
2022,1,1E,学前教育(师范类),A094,河北师范大学,4,55126
2022,1,1H,电气工程及其自动化,A094,河北师范大学,4,58460
2022,1,1M,电子信息类,A094,河北师范大学,5,59651
2022,1,1N,建筑环境与能源应用工程,A094,河北师范大学,6,133681
2022,1,1P,地理科学类,A094,河北师范大学,4,45408
2022,1,31,金融工程,A094,河北师范大学,4,68095
2022,1,32,国际经济与贸易,A094,河北师范大学,5,66859
2022,1,33,法学,A094,河北师范大学,4,43289
2022,1,11,汉语言文学(师范类),A096,保定学院,1,117245
2022,1,12,秘书学,A096,保定学院,1,152820
2022,1,21,思想政治教育(师范类),A096,保定学院,1,101135
2022,1,22,知识产权,A096,保定学院,1,127965
2022,1,23,投资学,A096,保定学院,1,157861
2022,1,31,历史学(师范类),A096,保定学院,1,110491
2022,1,33,文物与博物馆学,A096,保定学院,1,119880
2022,1,41,英语(师范类),A096,保定学院,1,121118
2022,1,42,日语,A096,保定学院,1,131018
2022,1,51,数学与应用数学(师范类),A096,保定学院,1,132836
2022,1,52,软件工程,A096,保定学院,1,144967
2022,1,61,物理学(师范类),A096,保定学院,1,146490
2022,1,62,汽车服务工程,A096,保定学院,1,201033
2022,1,71,化学,A096,保定学院,1,167930
2022,1,72,生物科学,A096,保定学院,1,139724
2022,1,74,环境生态工程,A096,保定学院,1,171708
2022,1,92,人文地理与城乡规划,A096,保定学院,1,161405
2022,1,93,旅游管理与服务教育,A096,保定学院,1,175881
2022,1,A2,小学教育(师范类),A096,保定学院,1,120231
2022,1,A3,学前教育(师范类),A096,保定学院,1,121940
2022,1,A4,特殊教育(师范类),A096,保定学院,1,134809
2022,1,B2,物联网工程,A096,保定学院,1,148254
2022,1,B3,网络与新媒体,A096,保定学院,1,133144
2022,1,C1,人力资源管理,A096,保定学院,1,119483
2022,1,C2,物流工程,A096,保定学院,1,165831
2022,1,0B,汉语言文学(师范类),A098,河北民族师范学院,2,130874
2022,1,0D,英语(师范类),A098,河北民族师范学院,10,137473
2022,1,12,财务管理,A098,河北民族师范学院,4,178526
2022,1,14,地理科学(师范类),A099,唐山师范学院,7,146727
2022,1,17,旅游管理,A099,唐山师范学院,5,199280
2022,1,24,数学与应用数学(师范类),A099,唐山师范学院,10,175180
2022,1,27,信息管理与信息系统,A099,唐山师范学院,5,201220
2022,1,30,电子信息科学与技术,A099,唐山师范学院,6,198785
2022,1,36,园艺,A099,唐山师范学院,5,195526
2022,1,14,汉语言文学(师范类),A100,廊坊师范学院,3,101649
2022,1,15,英语(师范类),A100,廊坊师范学院,4,109780
2022,1,19,新闻学,A100,廊坊师范学院,3,133348
2022,1,21,数学与应用数学(师范类),A100,廊坊师范学院,4,141310
2022,1,23,物理学(师范类),A100,廊坊师范学院,4,160705
2022,1,26,生物科学类,A100,廊坊师范学院,5,143697
2022,1,30,材料化学,A100,廊坊师范学院,4,188976
2022,1,01,经济与金融,A101,衡水学院,2,166522
2022,1,02,国际经济与贸易,A101,衡水学院,2,185150
2022,1,03,政治学与行政学,A101,衡水学院,2,150752
2022,1,04,社会工作,A101,衡水学院,3,186155
2022,1,05,思想政治教育(师范类),A101,衡水学院,2,141965
2022,1,13,英语(师范类),A101,衡水学院,3,146241
2022,1,20,数学与应用数学(师范类),A101,衡水学院,2,164858
2022,1,23,应用化学,A101,衡水学院,2,186222
2022,1,24,生物科学(师范类),A101,衡水学院,2,152223
2022,1,25,生物技术,A101,衡水学院,2,177167
2022,1,28,机械电子工程,A101,衡水学院,3,201400
2022,1,29,高分子材料与工程,A101,衡水学院,2,193515
2022,1,30,电子信息工程,A101,衡水学院,3,193901
2022,1,31,计算机科学与技术,A101,衡水学院,2,182154
2022,1,32,网络工程,A101,衡水学院,2,194578
2022,1,34,数字媒体技术,A101,衡水学院,3,183457
2022,1,36,化学工程与工艺,A101,衡水学院,2,189598
2022,1,37,环境生态工程,A101,衡水学院,3,190724
2022,1,41,财务管理,A101,衡水学院,3,177071
2022,1,46,电子商务,A101,衡水学院,2,179085
2022,1,60,智能科学与技术,A101,衡水学院,3,199385
2022,1,70,数学与应用数学(中外合作办学),A101,衡水学院,2,230357
2022,1,03,化学(师范类),A102,石家庄学院,5,153422
2022,1,12,社会工作,A102,石家庄学院,5,175637
2022,1,27,数学与应用数学(师范类),A102,石家庄学院,5,167054
2022,1,30,物理学(师范类),A102,石家庄学院,5,176931
2022,1,51,文化产业管理,A102,石家庄学院,8,186226
2022,1,60,思想政治教育(师范类),A102,石家庄学院,5,138575
2022,1,05,思想政治教育(师范类),A104,邢台学院,5,151900
2022,1,0F,数学与应用数学(师范类),A104,邢台学院,5,176472
2022,1,14,财务管理,A104,邢台学院,5,179100
2022,1,01,汉语言文学(师范类),A105,沧州师范学院,2,125104
2022,1,03,英语(师范类),A105,沧州师范学院,2,124138
2022,1,21,数学与应用数学(师范类),A105,沧州师范学院,2,158022
2022,1,23,物理学(师范类),A105,沧州师范学院,2,162810
2022,1,24,生物科学(师范类),A105,沧州师范学院,2,153150
2022,1,30,计算机科学与技术,A105,沧州师范学院,3,170277
2022,1,40,环境工程,A105,沧州师范学院,2,177223
2022,1,01,土木类,A107,石家庄铁道大学,28,69401
2022,1,02,机械类,A107,石家庄铁道大学,18,60908
2022,1,03,建筑环境与能源应用工程,A107,石家庄铁道大学,4,78861
2022,1,09,工商管理类,A107,石家庄铁道大学,12,79389
2022,1,0B,法学,A107,石家庄铁道大学,3,59872
2022,1,0C,汉语言文学,A107,石家庄铁道大学,2,55406
2022,1,0D,交通运输类,A107,石家庄铁道大学,10,52752
2022,1,0F,建筑学,A107,石家庄铁道大学,4,63087
2022,1,0G,材料类,A107,石家庄铁道大学,11,86927
2022,1,0H,电气类,A107,石家庄铁道大学,12,47138
2022,1,0J,电子信息类,A107,石家庄铁道大学,3,53100
2022,1,0L,计算机类,A107,石家庄铁道大学,18,55845
2022,1,0N,安全科学与工程类,A107,石家庄铁道大学,7,75599
2022,1,0P,工程力学,A107,石家庄铁道大学,5,72945
2022,1,0Q,数学与应用数学,A107,石家庄铁道大学,6,74551
2022,1,0R,应用物理学,A107,石家庄铁道大学,5,73602
2022,1,0S,英语,A107,石家庄铁道大学,2,66824
2022,1,10,管理科学与工程类,A107,石家庄铁道大学,4,71003
2022,1,2A,土木工程,A107,石家庄铁道大学,8,52732
2022,1,2B,机械设计制造及其自动化,A107,石家庄铁道大学,3,47374
2022,1,2D,电气工程及其自动化,A107,石家庄铁道大学,2,37506
2022,1,2E,物流管理,A107,石家庄铁道大学,9,80776
2022,1,2F,机械设计制造及其自动化(中外合作办学),A107,石家庄铁道大学,10,110206
2022,1,01,汉语言文学,A108,山西大学,8,31228
2022,1,03,历史学,A108,山西大学,4,33624
2022,1,04,考古学,A108,山西大学,2,36693
2022,1,06,旅游管理,A108,山西大学,3,53354
2022,1,07,哲学类,A108,山西大学,5,33594
2022,1,08,政治学类,A108,山西大学,11,38459
2022,1,09,英语,A108,山西大学,3,32783
2022,1,10,俄语,A108,山西大学,2,46798
2022,1,11,德语,A108,山西大学,1,39704
2022,1,13,翻译,A108,山西大学,3,35920
2022,1,14,教育学,A108,山西大学,4,40484
2022,1,16,法学,A108,山西大学,12,28378
2022,1,18,统计学,A108,山西大学,6,36004
2022,1,19,计算机科学与技术,A108,山西大学,3,25604
2022,1,21,数据科学与大数据技术,A108,山西大学,4,32283
2022,1,22,人工智能,A108,山西大学,3,34241
2022,1,23,物理学(国家基地),A108,山西大学,2,24846
2022,1,24,光电信息科学与工程,A108,山西大学,3,34857
2022,1,25,电子信息类,A108,山西大学,9,34070
2022,1,26,化学类,A108,山西大学,12,45960
2022,1,28,食品科学与工程,A108,山西大学,3,46937
2022,1,29,自然地理与资源环境,A108,山西大学,3,44664
2022,1,30,资源循环科学与工程,A108,山西大学,2,48107
2022,1,31,环境科学与工程类,A108,山西大学,9,50385
2022,1,46,新闻传播学类,A108,山西大学,8,37306
2022,1,47,食品科学与工程(食品酿造),A108,山西大学,1,42231
2022,1,48,能源动力类,A108,山西大学,5,46008
2022,1,49,电气工程及其自动化,A108,山西大学,10,35791
2022,1,50,土木工程,A108,山西大学,5,51635
2022,1,51,智慧建筑与建造,A108,山西大学,2,46028
2022,1,52,机械电子工程,A108,山西大学,3,40830
2022,1,53,测控技术与仪器,A108,山西大学,1,46114
2022,1,54,自动化,A108,山西大学,2,32154
2022,1,01,机械设计制造及其自动化,A109,太原科技大学,12,105410
2022,1,02,机械电子工程,A109,太原科技大学,4,102007
2022,1,06,车辆工程(新能源汽车方向),A109,太原科技大学,4,102100
2022,1,07,材料成型及控制工程,A109,太原科技大学,8,138451
2022,1,08,焊接技术与工程,A109,太原科技大学,2,138611
2022,1,09,材料科学与工程,A109,太原科技大学,2,109222
2022,1,0A,冶金工程,A109,太原科技大学,2,144581
2022,1,0B,功能材料,A109,太原科技大学,2,141335
2022,1,0C,自动化,A109,太原科技大学,2,92962
2022,1,0D,电气工程及其自动化,A109,太原科技大学,4,86219
2022,1,0E,电子信息工程,A109,太原科技大学,2,81821
2022,1,0F,工程力学,A109,太原科技大学,2,117754
2022,1,0G,光电信息科学与工程,A109,太原科技大学,2,93080
2022,1,0H,数据计算及应用,A109,太原科技大学,2,102028
2022,1,0J,应用统计学,A109,太原科技大学,2,110631
2022,1,0K,环境工程,A109,太原科技大学,2,125201
2022,1,0L,环境科学,A109,太原科技大学,2,127250
2022,1,0M,环保设备工程,A109,太原科技大学,2,132451
2022,1,0P,交通运输,A109,太原科技大学,2,112203
2022,1,0Q,交通工程,A109,太原科技大学,2,107850
2022,1,0S,化学工程与工艺,A109,太原科技大学,2,117355
2022,1,0T,过程装备与控制工程,A109,太原科技大学,2,117887
2022,1,0V,油气储运工程,A109,太原科技大学,2,128118
2022,1,0W,能源化学工程,A109,太原科技大学,2,119583
2022,1,0Y,计算机科学与技术,A109,太原科技大学,2,58688
2022,1,0Z,软件工程,A109,太原科技大学,2,64648
2022,1,10,物联网工程,A109,太原科技大学,2,76119
2022,1,11,智能科学与技术,A109,太原科技大学,2,85756
2022,1,13,经济学,A109,太原科技大学,2,86371
2022,1,14,会计学,A109,太原科技大学,2,79482
2022,1,16,信息管理与信息系统,A109,太原科技大学,2,100079
2022,1,17,工业工程(标准化方向),A109,太原科技大学,2,120959
2022,1,26,日语,A109,太原科技大学,4,132808
2022,1,27,应急技术与管理,A109,太原科技大学,4,146056
2022,1,28,智能装备与系统,A109,太原科技大学,4,107225
2022,1,01,经济统计学,A110,中北大学,5,71365
2022,1,02,国际经济与贸易,A110,中北大学,6,83670
2022,1,03,制药工程,A110,中北大学,4,87520
2022,1,04,光电信息科学与工程,A110,中北大学,8,62839
2022,1,05,信息对抗技术,A110,中北大学,6,63581
2022,1,06,新能源汽车工程,A110,中北大学,2,61281
2022,1,07,自动化,A110,中北大学,5,61012
2022,1,08,能源动力类,A110,中北大学,6,64989
2022,1,09,车辆工程,A110,中北大学,2,59331
2022,1,10,包装工程,A110,中北大学,8,111243
2022,1,12,电气工程及其自动化,A110,中北大学,8,59388
2022,1,13,兵器类,A110,中北大学,20,54604
2022,1,14,航空航天类,A110,中北大学,10,52033
2022,1,15,机械类,A110,中北大学,25,68996
2022,1,16,高分子材料与工程,A110,中北大学,8,91005
2022,1,17,材料成型及控制工程,A110,中北大学,4,68697
2022,1,18,化工与制药类,A110,中北大学,12,88222
2022,1,19,生物工程,A110,中北大学,9,80979
2022,1,20,电子信息类,A110,中北大学,28,56850
2022,1,21,生物医学工程,A110,中北大学,2,66988
2022,1,22,仪器类,A110,中北大学,27,64872
2022,1,23,计算机科学与技术,A110,中北大学,8,52491
2022,1,24,数学类,A110,中北大学,8,65860
2022,1,25,土木类,A110,中北大学,9,78459
2022,1,26,工程力学,A110,中北大学,4,75997
2022,1,27,统计学,A110,中北大学,4,65398
2022,1,28,应用化学,A110,中北大学,10,85415
2022,1,29,应用物理学,A110,中北大学,8,75338
2022,1,30,工商管理类,A110,中北大学,13,88833
2022,1,31,工业工程,A110,中北大学,2,70234
2022,1,32,广播电视学,A110,中北大学,7,74743
2022,1,33,英语,A110,中北大学,6,66864
2022,1,39,特种能源技术与工程,A110,中北大学,8,70217
2022,1,40,环境工程,A110,中北大学,9,86701
2022,1,41,安全工程,A110,中北大学,10,76138
2022,1,42,复合材料与工程,A110,中北大学,6,104240
2022,1,43,无机非金属材料工程,A110,中北大学,6,109349
2022,1,44,金属材料工程,A110,中北大学,6,211061
2022,1,45,数据科学与大数据技术,A110,中北大学,5,56657
2022,1,46,物联网工程,A110,中北大学,5,56412
2022,1,47,电气工程与智能控制,A110,中北大学,7,62009
2022,1,48,轨道交通信号与控制,A110,中北大学,6,67087
2022,1,01,机械设计制造及其自动化,A112,太原理工大学,8,26206
2022,1,02,车辆工程,A112,太原理工大学,6,26946
2022,1,03,工业设计,A112,太原理工大学,3,28056
2022,1,04,材料成型及控制工程,A112,太原理工大学,10,32848
2022,1,06,材料科学与工程,A112,太原理工大学,5,30956
2022,1,0B,能源与动力工程,A112,太原理工大学,4,26492
2022,1,0C,自动化,A112,太原理工大学,8,23582
2022,1,0D,通信工程,A112,太原理工大学,4,23143
2022,1,0E,电子信息工程,A112,太原理工大学,6,22630
2022,1,0G,电子科学与技术,A112,太原理工大学,1,22404
2022,1,0M,建筑学,A112,太原理工大学,4,30559
2022,1,0N,城乡规划,A112,太原理工大学,5,34101
2022,1,0R,化学工程与工艺,A112,太原理工大学,8,29917
2022,1,0S,制药工程,A112,太原理工大学,4,28716
2022,1,0T,化学工程与工艺(试验班),A112,太原理工大学,1,21521
2022,1,0W,环境工程,A112,太原理工大学,8,34080
2022,1,0Y,建筑环境与能源应用工程,A112,太原理工大学,2,31550
2022,1,10,安全工程,A112,太原理工大学,4,29255
2022,1,11,城市地下空间工程,A112,太原理工大学,4,31984
2022,1,13,测绘工程,A112,太原理工大学,4,32031
2022,1,16,地质工程,A112,太原理工大学,4,33653
2022,1,17,物流管理(航空物流),A112,太原理工大学,2,28571
2022,1,18,数学与应用数学,A112,太原理工大学,1,22678
2022,1,19,信息与计算科学,A112,太原理工大学,2,24366
2022,1,1A,统计学,A112,太原理工大学,4,26194
2022,1,1B,光电信息科学与工程,A112,太原理工大学,6,24625
2022,1,1C,应用物理学,A112,太原理工大学,3,25095
2022,1,1E,工程力学,A112,太原理工大学,1,26261
2022,1,1F,生物医学工程,A112,太原理工大学,4,26394
2022,1,1G,法学,A112,太原理工大学,5,21690
2022,1,1H,行政管理,A112,太原理工大学,3,26658
2022,1,1J,英语,A112,太原理工大学,4,26102
2022,1,1K,英语(英俄双语方向),A112,太原理工大学,2,26498
2022,1,1L,英语(英日双语方向),A112,太原理工大学,4,26827
2022,1,1N,工程管理,A112,太原理工大学,8,33205
2022,1,1P,会计学,A112,太原理工大学,2,21843
2022,1,1Q,国际经济与贸易,A112,太原理工大学,3,25589
2022,1,1R,计算机科学与技术,A112,太原理工大学,4,18974
2022,1,24,机械电子工程,A112,太原理工大学,8,27257
2022,1,26,道路桥梁与渡河工程,A112,太原理工大学,2,31103
2022,1,2D,土木工程(试验班),A112,太原理工大学,1,26251
2022,1,2E,思想政治教育,A112,太原理工大学,4,24552
2022,1,2F,电气工程及其自动化,A112,太原理工大学,10,21453
2022,1,2G,物流管理,A112,太原理工大学,4,30033
2022,1,2H,土木工程,A112,太原理工大学,8,30894
2022,1,2M,数据科学与大数据技术,A112,太原理工大学,6,22202
2022,1,2Q,过程装备与控制工程,A112,太原理工大学,3,30587
2022,1,2W,机器人工程,A112,太原理工大学,2,23771
2022,1,3A,飞行器设计与工程,A112,太原理工大学,4,26409
2022,1,3F,水利水电工程,A112,太原理工大学,5,30921
2022,1,3G,给排水科学与工程,A112,太原理工大学,6,33829
2022,1,3M,数学与应用数学(试验班),A112,太原理工大学,1,21493
2022,1,3N,应用化学,A112,太原理工大学,6,30513
2022,1,3P,工程力学(试验班),A112,太原理工大学,2,26340
2022,1,3R,智能感知工程,A112,太原理工大学,2,24830
2022,1,3S,材料科学与工程(试验班),A112,太原理工大学,1,27413
2022,1,3T,高分子材料与工程,A112,太原理工大学,3,31509
2022,1,41,电子科学与技术(集成电路),A112,太原理工大学,2,21895
2022,1,5E,物联网工程,A112,太原理工大学,2,21938
2022,1,5F,网络空间安全,A112,太原理工大学,2,22541
2022,1,5G,智能测控工程,A112,太原理工大学,2,25499
2022,1,5J,区块链工程,A112,太原理工大学,2,23470
2022,1,3D,机械设计制造及其自动化(中外合作办学),A112,太原理工大学,10,48580
2022,1,01,农学(卓越人才实验班),A113,山西农业大学,3,130034
2022,1,02,农学,A113,山西农业大学,10,142428
2022,1,04,智慧农业,A113,山西农业大学,2,136550
2022,1,06,植物保护(卓越人才实验班),A113,山西农业大学,2,139337
2022,1,07,植物保护(本硕统筹培养),A113,山西农业大学,3,126377
2022,1,08,植物保护,A113,山西农业大学,2,154238
2022,1,09,动植物检疫(植物检疫方向),A113,山西农业大学,3,156025
2022,1,10,生物农药科学与工程,A113,山西农业大学,3,171823
2022,1,12,动物科学(卓越人才实验班),A113,山西农业大学,3,143391
2022,1,13,动物科学,A113,山西农业大学,10,162896
2022,1,14,经济动物学,A113,山西农业大学,5,166148
2022,1,15,动物医学(本硕统筹培养),A113,山西农业大学,3,102795
2022,1,16,动物医学,A113,山西农业大学,5,117836
2022,1,17,动植物检疫,A113,山西农业大学,3,154455
2022,1,18,兽医公共卫生,A113,山西农业大学,2,176897
2022,1,19,草业科学,A113,山西农业大学,6,172565
2022,1,20,林学(卓越人才实验班),A113,山西农业大学,2,154041
2022,1,21,林学类,A113,山西农业大学,10,171920
2022,1,22,生态学,A113,山西农业大学,2,162109
2022,1,23,园林,A113,山西农业大学,2,151586
2022,1,24,水土保持与荒漠化防治,A113,山西农业大学,5,169350
2022,1,25,农业资源与环境,A113,山西农业大学,3,159391
2022,1,26,土地资源管理,A113,山西农业大学,2,134662
2022,1,27,土地资源管理(卓越人才实验班),A113,山西农业大学,2,136411
2022,1,28,地理信息科学,A113,山西农业大学,3,120236
2022,1,29,土地整治工程,A113,山西农业大学,3,166138
2022,1,30,环境科学,A113,山西农业大学,3,160539
2022,1,32,园艺(花卉与景观设计方向，卓越人才实验班),A113,山西农业大学,2,154726
2022,1,33,园艺,A113,山西农业大学,17,170890
2022,1,36,农业机械化及其自动化(卓越人才实验班),A113,山西农业大学,3,139305
2022,1,37,电气工程及其自动化,A113,山西农业大学,3,127415
2022,1,38,机械类,A113,山西农业大学,5,145024
2022,1,39,农业工程类,A113,山西农业大学,2,160914
2022,1,40,农业智能装备工程,A113,山西农业大学,2,161328
2022,1,41,食品质量与安全(卓越人才实验班),A113,山西农业大学,3,125449
2022,1,42,食品科学与工程(卓越人才实验班),A113,山西农业大学,3,148892
2022,1,43,食品质量与安全,A113,山西农业大学,3,123182
2022,1,44,食品科学与工程,A113,山西农业大学,3,143269
2022,1,45,葡萄与葡萄酒工程,A113,山西农业大学,3,164559
2022,1,46,食用菌科学与工程,A113,山西农业大学,5,168410
2022,1,48,农林经济管理(卓越人才实验班),A113,山西农业大学,2,122866
2022,1,49,农林经济管理,A113,山西农业大学,2,131692
2022,1,50,农村区域发展,A113,山西农业大学,2,140159
2022,1,51,市场营销,A113,山西农业大学,2,148543
2022,1,52,物流管理,A113,山西农业大学,2,148283
2022,1,53,国际经济与贸易,A113,山西农业大学,2,119813
2022,1,54,计算机类,A113,山西农业大学,2,127756
2022,1,55,机器人工程,A113,山西农业大学,2,133314
2022,1,56,电子信息科学与技术,A113,山西农业大学,2,132078
2022,1,57,法学,A113,山西农业大学,2,97739
2022,1,58,公共事业管理,A113,山西农业大学,2,137439
2022,1,59,行政管理,A113,山西农业大学,2,125688
2022,1,60,生物科学(卓越人才实验班),A113,山西农业大学,3,149033
2022,1,61,生物科学类,A113,山西农业大学,8,153061
2022,1,62,中药资源与开发,A113,山西农业大学,3,158142
2022,1,63,数据科学与大数据技术,A113,山西农业大学,3,129298
2022,1,64,智能科学与技术,A113,山西农业大学,2,133787
2022,1,67,土木工程,A113,山西农业大学,6,160679
2022,1,68,农业水利工程,A113,山西农业大学,2,156919
2022,1,69,城乡规划,A113,山西农业大学,5,134709
2022,1,70,风景园林,A113,山西农业大学,3,131946
2022,1,71,应用化学,A113,山西农业大学,3,153344
2022,1,72,信息与计算科学,A113,山西农业大学,2,140975
2022,1,73,英语,A113,山西农业大学,2,115590
2022,1,01,临床医学(5+3一体化),A114,山西医科大学,4,17195
2022,1,02,临床医学(5+3一体化儿科学),A114,山西医科大学,2,19404
2022,1,03,临床医学,A114,山西医科大学,4,20622
2022,1,05,基础医学,A114,山西医科大学,2,44920
2022,1,06,麻醉学,A114,山西医科大学,1,26635
2022,1,07,医学影像学,A114,山西医科大学,1,28730
2022,1,08,眼视光医学,A114,山西医科大学,1,27001
2022,1,09,精神医学,A114,山西医科大学,1,40494
2022,1,10,儿科学,A114,山西医科大学,1,28725
2022,1,11,口腔医学,A114,山西医科大学,2,23060
2022,1,12,预防医学,A114,山西医科大学,3,55762
2022,1,13,药学,A114,山西医科大学,4,41433
2022,1,14,临床药学,A114,山西医科大学,3,34550
2022,1,15,中药学,A114,山西医科大学,3,60704
2022,1,16,法医学,A114,山西医科大学,2,38402
2022,1,17,医学检验技术,A114,山西医科大学,1,56072
2022,1,18,医学影像技术,A114,山西医科大学,3,58994
2022,1,19,康复治疗学,A114,山西医科大学,2,61839
2022,1,20,卫生检验与检疫,A114,山西医科大学,1,123880
2022,1,21,护理学,A114,山西医科大学,3,78343
2022,1,22,智能医学工程,A114,山西医科大学,4,107091
2022,1,23,生物医学工程(临床工程),A114,山西医科大学,3,67117
2022,1,24,信息管理与信息系统(医学信息学方向),A114,山西医科大学,2,90086
2022,1,25,社会工作,A114,山西医科大学,3,128951
2022,1,26,公共事业管理(卫生事业管理方向),A114,山西医科大学,3,118043
2022,1,27,生物制药,A114,山西医科大学,3,52375
2022,1,28,运动康复,A114,山西医科大学,3,98938
2022,1,50,临床医学,A114,山西医科大学,5,32978
2022,1,51,麻醉学,A114,山西医科大学,1,34089
2022,1,52,医学影像学,A114,山西医科大学,1,40194
2022,1,53,眼视光医学,A114,山西医科大学,2,34684
2022,1,54,口腔医学,A114,山西医科大学,1,31648
2022,1,55,医学检验技术,A114,山西医科大学,3,78818
2022,1,56,医学实验技术,A114,山西医科大学,1,86025
2022,1,57,眼视光学,A114,山西医科大学,1,65885
2022,1,58,康复治疗学,A114,山西医科大学,2,140551
2022,1,59,护理学,A114,山西医科大学,4,114293
2022,1,60,助产学,A114,山西医科大学,2,92273
2022,1,61,健康服务与管理,A114,山西医科大学,2,156469
2022,1,01,临床医学,A117,长治医学院,18,95896
2022,1,03,麻醉学,A117,长治医学院,1,77869
2022,1,04,医学影像学,A117,长治医学院,1,75553
2022,1,05,精神医学,A117,长治医学院,1,96716
2022,1,06,口腔医学,A117,长治医学院,1,53899
2022,1,07,预防医学,A117,长治医学院,1,106260
2022,1,08,药学,A117,长治医学院,2,122540
2022,1,09,医学检验技术,A117,长治医学院,1,113845
2022,1,11,医学影像技术,A117,长治医学院,1,99383
2022,1,12,康复治疗学,A117,长治医学院,1,125559
2022,1,13,护理学,A117,长治医学院,3,154500
2022,1,14,信息管理与信息系统,A117,长治医学院,1,191895
2022,1,15,助产学,A117,长治医学院,1,135122
2022,1,18,中药学,A117,长治医学院,1,118061
2022,1,19,应用心理学,A117,长治医学院,1,47686
2022,1,20,生物医学工程,A117,长治医学院,3,175489
2022,1,21,传播学,A117,长治医学院,2,163074
2022,1,02,法学,A118,山西师范大学,2,54571
2022,1,03,社会学,A118,山西师范大学,2,71317
2022,1,04,思想政治教育(师范类),A118,山西师范大学,3,53762
2022,1,06,教育学(师范类),A118,山西师范大学,2,57462
2022,1,07,教育技术学(师范类),A118,山西师范大学,3,80077
2022,1,0K,日语(师范类),A118,山西师范大学,2,74079
2022,1,0L,历史学(师范类),A118,山西师范大学,2,52954
2022,1,0N,编辑出版学,A118,山西师范大学,2,70993
2022,1,0V,物理学(师范类),A118,山西师范大学,2,66815
2022,1,11,自然地理与资源环境,A118,山西师范大学,2,84359
2022,1,12,人文地理与城乡规划,A118,山西师范大学,2,70816
2022,1,13,地理信息科学,A118,山西师范大学,2,71176
2022,1,14,生物科学类,A118,山西师范大学,2,70628
2022,1,17,生态学,A118,山西师范大学,3,92025
2022,1,18,心理学(师范类),A118,山西师范大学,3,62552
2022,1,1A,电子信息工程,A118,山西师范大学,2,78545
2022,1,1D,环境生态工程,A118,山西师范大学,3,127529
2022,1,1E,食品科学与工程,A118,山西师范大学,3,124179
2022,1,1F,食品质量与安全,A118,山西师范大学,2,116545
2022,1,1G,园艺(师范类),A118,山西师范大学,3,131457
2022,1,1J,旅游管理,A118,山西师范大学,2,150272
2022,1,1Z,地理科学(师范类),A118,山西师范大学,2,53534
2022,1,05,政治学与行政学,A119,太原师范学院,2,132737
2022,1,06,思想政治教育(师范类),A119,太原师范学院,3,119596
2022,1,07,人文教育(师范类),A119,太原师范学院,2,122452
2022,1,09,学前教育(师范类),A119,太原师范学院,3,141425
2022,1,0A,小学教育(师范类),A119,太原师范学院,3,120553
2022,1,0E,汉语言文学(师范类),A119,太原师范学院,5,105569
2022,1,0G,英语(师范类),A119,太原师范学院,6,115033
2022,1,0J,历史学(师范类),A119,太原师范学院,5,114775
2022,1,0L,数学与应用数学(师范类),A119,太原师范学院,10,135441
2022,1,0M,信息与计算科学,A119,太原师范学院,3,165814
2022,1,0N,物理学(师范类),A119,太原师范学院,4,141897
2022,1,0P,科学教育(师范类),A119,太原师范学院,2,149564
2022,1,0R,化学(师范类),A119,太原师范学院,4,137189
2022,1,0S,应用化学,A119,太原师范学院,2,160481
2022,1,0T,生物科学(师范类),A119,太原师范学院,4,122072
2022,1,0U,生物技术,A119,太原师范学院,2,158254
2022,1,0V,地理科学(师范类),A119,太原师范学院,4,112240
2022,1,0W,自然地理与资源环境,A119,太原师范学院,2,135371
2022,1,0Y,计算机科学与技术(师范类),A119,太原师范学院,4,160814
2022,1,10,数据科学与大数据技术,A119,太原师范学院,2,132726
2022,1,12,土地资源管理,A119,太原师范学院,3,151987
2022,1,01,法学,A120,山西大同大学,10,113667
2022,1,36,数学与应用数学(师范类),A120,山西大同大学,10,135514
2022,1,62,临床医学,A120,山西大同大学,35,109492
2022,1,65,中医学,A120,山西大同大学,10,115873
2022,1,11,小学教育(师范类),A121,晋中学院,9,164331
2022,1,12,汉语言文学(师范类),A121,晋中学院,9,150426
2022,1,20,旅游管理,A121,晋中学院,9,203858
2022,1,22,酒店管理,A121,晋中学院,9,205723
2022,1,29,数学与应用数学(师范类),A121,晋中学院,8,184011
2022,1,31,物理学(师范类),A121,晋中学院,5,186688
2022,1,33,应用化学,A121,晋中学院,4,198084
2022,1,35,生物技术,A121,晋中学院,5,194642
2022,1,36,机械设计制造及其自动化,A121,晋中学院,6,205915
2022,1,61,翻译,A121,晋中学院,6,185596
2022,1,68,会展经济与管理,A121,晋中学院,9,205187
2022,1,01,汉语言文学(师范类),A122,长治学院,4,147940
2022,1,02,新闻学,A122,长治学院,1,147745
2022,1,03,网络与新媒体,A122,长治学院,1,159880
2022,1,04,历史学(师范类),A122,长治学院,2,150782
2022,1,05,旅游管理,A122,长治学院,2,197467
2022,1,06,文化遗产,A122,长治学院,2,187853
2022,1,07,酒店管理,A122,长治学院,2,203901
2022,1,08,法学,A122,长治学院,2,152445
2022,1,09,经济学,A122,长治学院,2,177198
2022,1,10,财务管理,A122,长治学院,2,175326
2022,1,11,思想政治教育(师范类),A122,长治学院,4,148337
2022,1,15,英语(师范类),A122,长治学院,2,162218
2022,1,16,商务英语,A122,长治学院,2,180206
2022,1,17,翻译,A122,长治学院,2,178514
2022,1,18,学前教育(师范类),A122,长治学院,2,159431
2022,1,19,数学与应用数学(师范类),A122,长治学院,2,176855
2022,1,20,应用统计学,A122,长治学院,2,194557
2022,1,21,物理学(师范类),A122,长治学院,2,181037
2022,1,22,光电信息科学与工程,A122,长治学院,1,189335
2022,1,23,电子信息科学与技术,A122,长治学院,1,196270
2022,1,24,科学教育(师范类),A122,长治学院,1,154402
2022,1,25,生物科学(师范类),A122,长治学院,1,160464
2022,1,26,生物技术,A122,长治学院,1,176002
2022,1,27,环境生态工程,A122,长治学院,1,191935
2022,1,28,化学(师范类),A122,长治学院,1,166365
2022,1,29,化学生物学,A122,长治学院,1,180036
2022,1,30,药物化学,A122,长治学院,1,195984
2022,1,31,计算机科学与技术,A122,长治学院,1,192304
2022,1,32,网络工程,A122,长治学院,1,191432
2022,1,33,数据科学与大数据技术,A122,长治学院,1,186543
2022,1,21,机械设计制造及其自动化,A123,运城学院,10,206601
2022,1,22,机械电子工程,A123,运城学院,20,212660
2022,1,27,网络工程,A123,运城学院,10,206143
2022,1,30,食品科学与工程,A123,运城学院,10,198670
2022,1,32,园林,A123,运城学院,5,199043
2022,1,46,电子科学与技术(印制电路技术与工艺方向),A123,运城学院,10,213735
2022,1,4U,材料科学与工程,A123,运城学院,10,203540
2022,1,4W,新能源科学与工程,A123,运城学院,10,212151
2022,1,01,地理科学(师范类),A124,忻州师范学院,2,139041
2022,1,02,通信工程,A124,忻州师范学院,5,205456
2022,1,03,电子信息科学与技术,A124,忻州师范学院,4,189062
2022,1,04,法学,A124,忻州师范学院,3,148270
2022,1,05,化学(师范类),A124,忻州师范学院,3,170423
2022,1,06,应用化学,A124,忻州师范学院,8,199463
2022,1,07,计算机科学与技术(师范类),A124,忻州师范学院,4,181164
2022,1,08,数字媒体技术,A124,忻州师范学院,4,185068
2022,1,09,数据科学与大数据技术,A124,忻州师范学院,3,199253
2022,1,12,心理学(师范类),A124,忻州师范学院,1,143317
2022,1,13,人文地理与城乡规划,A124,忻州师范学院,1,139324
2022,1,14,旅游管理,A124,忻州师范学院,1,182150
2022,1,19,数学与应用数学(师范类),A124,忻州师范学院,3,175663
2022,1,23,英语(师范类),A124,忻州师范学院,3,138128
2022,1,24,翻译,A124,忻州师范学院,1,148438
2022,1,26,科学教育(师范类),A124,忻州师范学院,2,150702
2022,1,30,审计学,A124,忻州师范学院,6,162083
2022,1,31,工商管理,A124,忻州师范学院,5,188830
2022,1,33,财务管理,A124,忻州师范学院,4,171878
2022,1,34,历史学(师范类),A124,忻州师范学院,3,142750
2022,1,35,思想政治教育(师范类),A124,忻州师范学院,1,141226
2022,1,36,汉语言文学(师范类),A124,忻州师范学院,3,131285
2022,1,38,网络与新媒体,A124,忻州师范学院,2,157680
2022,1,01,经济学,A125,山西财经大学,3,52555
2022,1,02,能源经济,A125,山西财经大学,3,74733
2022,1,03,统计学,A125,山西财经大学,4,60509
2022,1,04,经济统计学,A125,山西财经大学,3,63914
2022,1,05,应用统计学,A125,山西财经大学,2,59771
2022,1,06,国际经济与贸易,A125,山西财经大学,4,66027
2022,1,07,贸易经济,A125,山西财经大学,3,65423
2022,1,08,农林经济管理,A125,山西财经大学,4,85142
2022,1,09,国际商务,A125,山西财经大学,3,76822
2022,1,10,财政学,A125,山西财经大学,2,53557
2022,1,11,金融学,A125,山西财经大学,6,55357
2022,1,12,金融工程,A125,山西财经大学,2,62251
2022,1,13,保险学,A125,山西财经大学,2,69324
2022,1,14,税收学,A125,山西财经大学,2,54400
2022,1,15,法学,A125,山西财经大学,4,50607
2022,1,16,商务英语,A125,山西财经大学,2,59923
2022,1,17,管理科学,A125,山西财经大学,2,100061
2022,1,18,工程管理,A125,山西财经大学,2,95840
2022,1,19,房地产开发与管理,A125,山西财经大学,2,117605
2022,1,20,工程造价,A125,山西财经大学,2,79960
2022,1,21,信息管理与信息系统,A125,山西财经大学,2,83682
2022,1,22,计算机科学与技术,A125,山西财经大学,2,58019
2022,1,23,电子商务,A125,山西财经大学,2,90419
2022,1,24,工商管理,A125,山西财经大学,2,51333
2022,1,25,市场营销,A125,山西财经大学,3,80072
2022,1,26,物流管理,A125,山西财经大学,4,91159
2022,1,27,会计学,A125,山西财经大学,3,40562
2022,1,28,财务管理,A125,山西财经大学,2,49731
2022,1,29,审计学,A125,山西财经大学,3,46815
2022,1,30,资产评估,A125,山西财经大学,1,66505
2022,1,31,劳动与社会保障,A125,山西财经大学,2,78791
2022,1,32,人力资源管理,A125,山西财经大学,3,66871
2022,1,33,行政管理,A125,山西财经大学,1,57168
2022,1,34,国民经济管理,A125,山西财经大学,2,80046
2022,1,35,土地资源管理,A125,山西财经大学,2,83944
2022,1,36,新闻学,A125,山西财经大学,2,56102
2022,1,38,文化产业管理,A125,山西财经大学,2,72193
2022,1,39,旅游管理,A125,山西财经大学,4,104959
2022,1,40,网络与新媒体,A125,山西财经大学,1,44385
2022,1,41,信息与计算科学,A125,山西财经大学,1,67013
2022,1,42,金融数学,A125,山西财经大学,2,62823
2022,1,43,自然地理与资源环境,A125,山西财经大学,2,71080
2022,1,44,人文地理与城乡规划,A125,山西财经大学,2,66286
2022,1,45,资源与环境经济学,A125,山西财经大学,3,72979
2022,1,47,数据科学与大数据技术,A125,山西财经大学,2,63330
2022,1,48,汉语国际教育,A125,山西财经大学,1,64160
2022,1,51,金融科技,A125,山西财经大学,3,75071
2022,1,52,应急管理,A125,山西财经大学,2,93486
2022,1,53,地理信息科学,A125,山西财经大学,2,69137
2022,1,49,金融学(中外合作办学),A125,山西财经大学,5,98887
2022,1,50,会计学(中外合作办学),A125,山西财经大学,5,91890
2022,1,11,哲学,A126,内蒙古大学,1,25425
2022,1,12,哲学,A126,内蒙古大学,1,24173
2022,1,13,法学,A126,内蒙古大学,2,22010
2022,1,14,纪检监察,A126,内蒙古大学,1,21499
2022,1,15,政治学与行政学,A126,内蒙古大学,1,29745
2022,1,16,社会学,A126,内蒙古大学,2,33998
2022,1,17,社会工作,A126,内蒙古大学,1,34734
2022,1,18,政治学、经济学与哲学,A126,内蒙古大学,1,30082
2022,1,19,汉语言文学,A126,内蒙古大学,2,21969
2022,1,1A,汉语言文学,A126,内蒙古大学,2,23441
2022,1,1B,汉语国际教育,A126,内蒙古大学,1,29333
2022,1,1C,英语,A126,内蒙古大学,2,30963
2022,1,1D,俄语,A126,内蒙古大学,1,36333
2022,1,1E,日语,A126,内蒙古大学,1,34835
2022,1,1F,新闻学,A126,内蒙古大学,2,30973
2022,1,1G,网络与新媒体,A126,内蒙古大学,1,30795
2022,1,1H,历史学,A126,内蒙古大学,1,23276
2022,1,1J,历史学,A126,内蒙古大学,2,25452
2022,1,1K,考古学,A126,内蒙古大学,1,29276
2022,1,1P,行政管理,A126,内蒙古大学,1,33999
2022,1,1Q,劳动与社会保障,A126,内蒙古大学,1,26719
2022,1,1R,土地资源管理,A126,内蒙古大学,1,32625
2022,1,1S,旅游管理,A126,内蒙古大学,1,38762
2022,1,31,经济学,A126,内蒙古大学,3,30184
2022,1,32,金融学,A126,内蒙古大学,3,33386
2022,1,35,数学类,A126,内蒙古大学,4,31357
2022,1,36,数理基础科学,A126,内蒙古大学,2,28237
2022,1,37,物理学,A126,内蒙古大学,2,29708
2022,1,38,物理学类,A126,内蒙古大学,4,33011
2022,1,3A,化学,A126,内蒙古大学,3,40720
2022,1,3B,应用化学,A126,内蒙古大学,3,42513
2022,1,3C,大气科学,A126,内蒙古大学,2,39444
2022,1,3D,生物科学,A126,内蒙古大学,3,31570
2022,1,3E,生物科学,A126,内蒙古大学,2,35568
2022,1,3F,生物科学,A126,内蒙古大学,1,26721
2022,1,3G,生物技术,A126,内蒙古大学,2,32474
2022,1,3H,生物技术,A126,内蒙古大学,1,35855
2022,1,3K,生态学,A126,内蒙古大学,3,38514
2022,1,3M,机械工程,A126,内蒙古大学,8,39573
2022,1,3N,车辆工程,A126,内蒙古大学,6,36371
2022,1,3P,材料化学,A126,内蒙古大学,3,43937
2022,1,3Q,电子信息类,A126,内蒙古大学,5,31002
2022,1,3R,电子科学与技术,A126,内蒙古大学,4,30940
2022,1,3W,计算机科学与技术,A126,内蒙古大学,2,23519
2022,1,3X,软件工程,A126,内蒙古大学,5,28793
2022,1,3Z,数据科学与大数据技术,A126,内蒙古大学,1,29607
2022,1,41,土木工程,A126,内蒙古大学,8,42528
2022,1,42,道路桥梁与渡河工程,A126,内蒙古大学,5,46813
2022,1,43,化学工程与工艺,A126,内蒙古大学,3,42741
2022,1,44,交通运输,A126,内蒙古大学,5,40304
2022,1,45,环境工程,A126,内蒙古大学,2,38104
2022,1,46,环境科学,A126,内蒙古大学,1,41640
2022,1,47,环境生态工程,A126,内蒙古大学,2,40806
2022,1,48,食品科学与工程,A126,内蒙古大学,1,42649
2022,1,4A,生物工程,A126,内蒙古大学,2,37622
2022,1,4B,园艺,A126,内蒙古大学,3,45895
2022,1,4D,信息管理与信息系统,A126,内蒙古大学,1,32441
2022,1,4E,工程管理,A126,内蒙古大学,5,44478
2022,1,4F,工商管理,A126,内蒙古大学,2,33112
2022,1,4H,会计学,A126,内蒙古大学,2,27484
2022,1,4J,物流管理,A126,内蒙古大学,6,45807
2022,1,01,金融学,A127,内蒙古科技大学,2,115413
2022,1,02,国际经济与贸易,A127,内蒙古科技大学,1,87903
2022,1,04,社会工作,A127,内蒙古科技大学,1,150523
2022,1,05,思想政治教育,A127,内蒙古科技大学,1,107880
2022,1,06,汉语言文学,A127,内蒙古科技大学,1,86998
2022,1,11,工商管理,A127,内蒙古科技大学,2,140031
2022,1,12,市场营销,A127,内蒙古科技大学,1,154243
2022,1,13,会计学,A127,内蒙古科技大学,5,128151
2022,1,14,人力资源管理,A127,内蒙古科技大学,1,139689
2022,1,26,应用物理学,A127,内蒙古科技大学,1,151065
2022,1,27,材料成型及控制工程,A127,内蒙古科技大学,5,174902
2022,1,29,冶金工程,A127,内蒙古科技大学,22,182790
2022,1,30,能源与动力工程,A127,内蒙古科技大学,1,137809
2022,1,34,智能建造,A127,内蒙古科技大学,1,160746
2022,1,35,环境工程,A127,内蒙古科技大学,6,173238
2022,1,37,信息管理与信息系统,A127,内蒙古科技大学,3,153537
2022,1,42,建筑学,A127,内蒙古科技大学,4,148328
2022,1,48,计算机科学与技术,A127,内蒙古科技大学,5,132169
2022,1,49,应用化学,A127,内蒙古科技大学,1,151387
2022,1,52,安全工程,A127,内蒙古科技大学,4,171806
2022,1,53,食品科学与工程,A127,内蒙古科技大学,5,174067
2022,1,L2,材料类,A127,内蒙古科技大学,29,187189
2022,1,L3,电气类,A127,内蒙古科技大学,15,155713
2022,1,LB,管理科学与工程类,A127,内蒙古科技大学,6,172275
2022,1,LC,化工与制药类,A127,内蒙古科技大学,27,177058
2022,1,LH,土木类,A127,内蒙古科技大学,50,185930
2022,1,05,机械设计制造及其自动化,A128,内蒙古工业大学,3,141192
2022,1,07,电子信息工程,A128,内蒙古工业大学,3,135442
2022,1,09,材料成型及控制工程,A128,内蒙古工业大学,3,165363
2022,1,0A,化学工程与工艺,A128,内蒙古工业大学,4,155054
2022,1,0C,建筑学,A128,内蒙古工业大学,6,114606
2022,1,0D,土木工程,A128,内蒙古工业大学,4,163015
2022,1,0E,道路桥梁与渡河工程,A128,内蒙古工业大学,4,168561
2022,1,0J,计算机科学与技术,A128,内蒙古工业大学,3,125409
2022,1,10,材料物理,A128,内蒙古工业大学,2,175243
2022,1,11,冶金工程,A128,内蒙古工业大学,5,174880
2022,1,13,过程装备与控制工程,A128,内蒙古工业大学,7,173471
2022,1,14,无机非金属材料工程,A128,内蒙古工业大学,2,157789
2022,1,15,生物工程,A128,内蒙古工业大学,2,151360
2022,1,18,应用化学,A128,内蒙古工业大学,3,161774
2022,1,19,安全工程,A128,内蒙古工业大学,4,173726
2022,1,1A,信息与计算科学,A128,内蒙古工业大学,3,144798
2022,1,1D,新能源科学与工程,A128,内蒙古工业大学,2,134552
2022,1,1E,车辆工程,A128,内蒙古工业大学,3,160941
2022,1,1G,风景园林,A128,内蒙古工业大学,2,159602
2022,1,1H,给排水科学与工程,A128,内蒙古工业大学,2,163910
2022,1,1J,建筑环境与能源应用工程,A128,内蒙古工业大学,4,168659
2022,1,1P,资源与环境经济学,A128,内蒙古工业大学,4,152431
2022,1,1Q,工程力学,A128,内蒙古工业大学,7,171073
2022,1,1U,纺织工程,A128,内蒙古工业大学,3,175353
2022,1,20,地质工程,A128,内蒙古工业大学,3,170405
2022,1,2M,公共事业管理,A128,内蒙古工业大学,4,152923
2022,1,2S,交通工程,A128,内蒙古工业大学,4,163380
2022,1,2T,采矿工程,A128,内蒙古工业大学,3,177337
2022,1,2V,交通运输(航空电子方向),A128,内蒙古工业大学,3,159723
2022,1,3K,电气类,A128,内蒙古工业大学,14,132290
2022,1,3Q,飞行器制造工程,A128,内蒙古工业大学,4,154384
2022,1,3Z,交通运输(机场现场运行管理方向),A128,内蒙古工业大学,4,166532
2022,1,47,应用物理学,A128,内蒙古工业大学,2,165246
2022,1,01,动物科学,A129,内蒙古农业大学,2,141888
2022,1,13,动植物检疫,A129,内蒙古农业大学,4,169067
2022,1,14,动物药学,A129,内蒙古农业大学,3,170927
2022,1,20,农学,A129,内蒙古农业大学,3,159230
2022,1,21,植物保护,A129,内蒙古农业大学,4,175273
2022,1,23,植物科学与技术,A129,内蒙古农业大学,4,173477
2022,1,24,种子科学与工程,A129,内蒙古农业大学,5,172288
2022,1,30,林学,A129,内蒙古农业大学,4,161375
2022,1,34,园林,A129,内蒙古农业大学,4,164679
2022,1,36,消防工程,A129,内蒙古农业大学,3,170379
2022,1,40,草业科学,A129,内蒙古农业大学,4,161425
2022,1,42,农业资源与环境,A129,内蒙古农业大学,5,172468
2022,1,51,土地资源管理,A129,内蒙古农业大学,3,151912
2022,1,60,机械设计制造及其自动化,A129,内蒙古农业大学,4,165010
2022,1,62,电气工程及其自动化,A129,内蒙古农业大学,3,160038
2022,1,63,农业机械化及其自动化,A129,内蒙古农业大学,3,181011
2022,1,66,农业电气化,A129,内蒙古农业大学,3,174118
2022,1,70,农业水利工程,A129,内蒙古农业大学,2,151351
2022,1,7C,水利类,A129,内蒙古农业大学,3,154330
2022,1,83,风景园林,A129,内蒙古农业大学,4,155163
2022,1,A1,食品科学与工程,A129,内蒙古农业大学,4,158589
2022,1,A2,食品质量与安全,A129,内蒙古农业大学,3,163370
2022,1,B8,计算机类,A129,内蒙古农业大学,5,144103
2022,1,C2,制药工程,A129,内蒙古农业大学,4,166054
2022,1,C3,生物技术,A129,内蒙古农业大学,4,167479
2022,1,E0,英语,A129,内蒙古农业大学,4,144270
2022,1,F0,电子科学与技术,A129,内蒙古农业大学,6,160659
2022,1,F2,应用统计学,A129,内蒙古农业大学,2,138923
2022,1,F3,应用化学,A129,内蒙古农业大学,6,172119
2022,1,G0,新能源科学与工程,A129,内蒙古农业大学,3,156541
2022,1,G4,道路桥梁与渡河工程,A129,内蒙古农业大学,3,180264
2022,1,04,医学影像学,A132,内蒙古医科大学,1,58518
2022,1,05,临床医学,A132,内蒙古医科大学,2,50146
2022,1,08,中医学,A132,内蒙古医科大学,5,102614
2022,1,12,针灸推拿学,A132,内蒙古医科大学,5,129752
2022,1,C1,护理学,A132,内蒙古医科大学,4,166274
2022,1,41,汉语言文学(师范类),A135,内蒙古师范大学,5,72403
2022,1,D1,物理学(师范类),A135,内蒙古师范大学,2,86125
2022,1,0A,临床医学,A136,内蒙古民族大学,3,101704
2022,1,0D,电气工程及其自动化,A136,内蒙古民族大学,4,165073
2022,1,0G,智慧农业,A136,内蒙古民族大学,3,175055
2022,1,2A,食品质量与安全,A136,内蒙古民族大学,3,186561
2022,1,3A,农学,A136,内蒙古民族大学,2,170608
2022,1,69,法学,A136,内蒙古民族大学,1,114481
2022,1,70,思想政治教育(师范类),A136,内蒙古民族大学,3,128265
2022,1,74,汉语国际教育,A136,内蒙古民族大学,4,144133
2022,1,78,新闻学,A136,内蒙古民族大学,4,148257
2022,1,80,数学与应用数学(师范类),A136,内蒙古民族大学,2,142223
2022,1,82,物理学(师范类),A136,内蒙古民族大学,2,153584
2022,1,84,化学(师范类),A136,内蒙古民族大学,6,148231
2022,1,86,生物科学,A136,内蒙古民族大学,4,169804
2022,1,88,机械设计制造及其自动化,A136,内蒙古民族大学,6,176552
2022,1,94,计算机科学与技术,A136,内蒙古民族大学,2,156271
2022,1,96,网络工程,A136,内蒙古民族大学,2,162139
2022,1,97,数字媒体技术,A136,内蒙古民族大学,2,136178
2022,1,99,化学工程与工艺,A136,内蒙古民族大学,3,181331
2022,1,A1,预防医学,A136,内蒙古民族大学,1,127571
2022,1,A2,药物制剂,A136,内蒙古民族大学,2,165449
2022,1,A4,医学影像技术,A136,内蒙古民族大学,2,134985
2022,1,A6,护理学,A136,内蒙古民族大学,2,158869
2022,1,A8,财务管理,A136,内蒙古民族大学,3,150539
2022,1,03,建筑环境与能源应用工程(供热、供燃气),A138,赤峰学院,10,220133
2022,1,26,数学与应用数学(师范类),A138,赤峰学院,2,186516
2022,1,28,物理学(师范类),A138,赤峰学院,3,198633
2022,1,30,化学(师范类),A138,赤峰学院,3,177521
2022,1,49,英语(师范类),A138,赤峰学院,3,172047
2022,1,8N,机械设计制造及其自动化,A138,赤峰学院,3,212893
2022,1,01,经济学,A139,内蒙古财经大学,6,141819
2022,1,07,金融工程,A139,内蒙古财经大学,6,156060
2022,1,14,税收学,A139,内蒙古财经大学,6,133728
2022,1,18,资产评估,A139,内蒙古财经大学,6,146921
2022,1,25,工商管理,A139,内蒙古财经大学,6,142778
2022,1,29,会计学,A139,内蒙古财经大学,6,108223
2022,1,31,财务管理,A139,内蒙古财经大学,6,122813
2022,1,44,经济统计学,A139,内蒙古财经大学,6,163130
2022,1,48,法学,A139,内蒙古财经大学,6,119829
2022,1,52,秘书学,A139,内蒙古财经大学,6,161737
2022,1,01,汉语言文学,A140,辽宁大学,5,19279
2022,1,09,新闻学,A140,辽宁大学,8,23167
2022,1,11,编辑出版学,A140,辽宁大学,2,23991
2022,1,12,经济学类,A140,辽宁大学,10,22075
2022,1,17,金融学类,A140,辽宁大学,5,21664
2022,1,21,国际政治,A140,辽宁大学,3,25270
2022,1,22,朝鲜语,A140,辽宁大学,4,30818
2022,1,29,英语,A140,辽宁大学,5,22662
2022,1,32,法语,A140,辽宁大学,3,28145
2022,1,33,日语,A140,辽宁大学,2,28604
2022,1,34,广播电视编导,A140,辽宁大学,5,40259
2022,1,47,戏剧影视文学,A140,辽宁大学,4,47649
2022,1,48,汉语国际教育,A140,辽宁大学,3,23192
2022,1,49,数学与应用数学,A140,辽宁大学,4,24435
2022,1,51,物理学,A140,辽宁大学,2,26405
2022,1,54,微电子科学与工程,A140,辽宁大学,2,24370
2022,1,55,化学类,A140,辽宁大学,3,27775
2022,1,58,制药工程,A140,辽宁大学,2,27144
2022,1,59,生物技术,A140,辽宁大学,3,27440
2022,1,64,电子信息类,A140,辽宁大学,6,24316
2022,1,72,数字经济,A140,辽宁大学,2,24146
2022,1,82,会计学(中外合作办学),A140,辽宁大学,5,33275
2022,1,83,市场营销(中外合作办学),A140,辽宁大学,5,47297
2022,1,84,工商管理(中外合作办学),A140,辽宁大学,4,37383
2022,1,85,会计学(中外合作办学),A140,辽宁大学,1,29894
2022,1,86,金融学(中外合作办学),A140,辽宁大学,1,25897
2022,1,87,国际商务(中外合作办学),A140,辽宁大学,2,39096
2022,1,01,新闻传播学类(人文社科实验班),A141,大连理工大学,6,13630
2022,1,03,英语,A141,大连理工大学,5,13485
2022,1,08,电子信息类(电信、自动化与计算机新工科实验班),A141,大连理工大学,24,6327
2022,1,14,电子信息类(创新班),A141,大连理工大学,5,4915
2022,1,22,应用化学(理学、张大煜化学基础科学拔尖计划班),A141,大连理工大学,2,6439
2022,1,25,环境科学与工程类,A141,大连理工大学,9,12009
2022,1,35,工程力学,A141,大连理工大学,6,7155
2022,1,36,车辆工程(英语强化),A141,大连理工大学,5,10638
2022,1,37,工程力学(钱令希力学创新班、拔尖计划班),A141,大连理工大学,3,7253
2022,1,40,光电信息科学与工程,A141,大连理工大学,6,8300
2022,1,42,机械设计制造及其自动化(日语强化),A141,大连理工大学,4,8701
2022,1,43,机械设计制造及其自动化(创新班),A141,大连理工大学,4,5180
2022,1,44,建筑类,A141,大连理工大学,9,8962
2022,1,47,能源与动力工程,A141,大连理工大学,15,10900
2022,1,49,数学类(数学类及华罗庚数学基础科学拔尖计划班),A141,大连理工大学,9,8302
2022,1,51,电子科学与技术,A141,大连理工大学,6,7071
2022,1,53,应用物理学(王大珩物理基础科学拔尖计划班),A141,大连理工大学,4,8155
2022,1,65,机械类,A141,大连理工大学,5,8005
2022,1,66,工商管理类(经济管理实验班),A141,大连理工大学,14,12564
2022,1,95,计算机科学与技术(国家基础学科拔尖学生培养计划基地班),A141,大连理工大学,3,5097
2022,1,96,土木类(智慧基础设施与土木类创新班),A141,大连理工大学,3,12936
2022,1,99,公共事业管理,A141,大连理工大学,5,15474
2022,1,A2,化工与制药类(创新班),A141,大连理工大学,6,8609
2022,1,A3,生物工程,A141,大连理工大学,5,11791
2022,1,A5,软件工程,A141,大连理工大学,32,9262
2022,1,A7,化工与制药类(智能化工、新材料与安全新工科实验班),A141,大连理工大学,12,12553
2022,1,56,应用物理学(中外合作办学),A141,大连理工大学,6,26920
2022,1,57,工程力学(中外合作办学),A141,大连理工大学,6,27763
2022,1,58,计算机类(中外合作办学),A141,大连理工大学,19,22890
2022,1,59,机械设计制造及其自动化(中外合作办学),A141,大连理工大学,5,23796
2022,1,A1,机械设计制造及其自动化,A142,沈阳工业大学,6,56390
2022,1,A4,工业设计,A142,沈阳工业大学,3,69198
2022,1,A5,机器人工程,A142,沈阳工业大学,6,66997
2022,1,B1,材料成型及控制工程,A142,沈阳工业大学,5,89417
2022,1,B4,功能材料,A142,沈阳工业大学,3,89694
2022,1,C1,电气工程及其自动化,A142,沈阳工业大学,6,29645
2022,1,C2,自动化,A142,沈阳工业大学,5,55346
2022,1,D3,电子科学与技术,A142,沈阳工业大学,3,62545
2022,1,D4,通信工程,A142,沈阳工业大学,3,63622
2022,1,D5,计算机科学与技术,A142,沈阳工业大学,6,47453
2022,1,E2,应用物理学,A142,沈阳工业大学,3,63118
2022,1,E3,信息与计算科学,A142,沈阳工业大学,3,70626
2022,1,EA,环境工程,A142,沈阳工业大学,4,98018
2022,1,EB,能源化学工程,A142,沈阳工业大学,3,68733
2022,1,G1,国际经济与贸易,A142,沈阳工业大学,3,91646
2022,1,G2,金融学,A142,沈阳工业大学,3,68717
2022,1,H1,工程管理,A142,沈阳工业大学,3,89447
2022,1,H4,会计学,A142,沈阳工业大学,6,71162
2022,1,H5,物流管理,A142,沈阳工业大学,3,95974
2022,1,J2,日语,A142,沈阳工业大学,3,95766
2022,1,L1,法学,A142,沈阳工业大学,5,69787
2022,1,LA,通信工程(中外合作办学),A142,沈阳工业大学,8,164125
2022,1,02,计算机科学与技术,A143,沈阳航空航天大学,1,25575
2022,1,03,物联网工程,A143,沈阳航空航天大学,1,27572
2022,1,04,网络工程,A143,沈阳航空航天大学,3,41684
2022,1,05,软件工程,A143,沈阳航空航天大学,1,30556
2022,1,06,电子信息工程,A143,沈阳航空航天大学,1,30224
2022,1,07,通信工程,A143,沈阳航空航天大学,2,30913
2022,1,08,飞行器制造工程,A143,沈阳航空航天大学,1,28652
2022,1,0A,能源与动力工程,A143,沈阳航空航天大学,1,29111
2022,1,0B,工程力学,A143,沈阳航空航天大学,2,51947
2022,1,0C,飞行器设计与工程,A143,沈阳航空航天大学,1,18786
2022,1,0E,探测制导与控制技术,A143,沈阳航空航天大学,1,41360
2022,1,0G,安全工程,A143,沈阳航空航天大学,2,51394
2022,1,0H,机械设计制造及其自动化,A143,沈阳航空航天大学,2,36131
2022,1,0K,机械电子工程,A143,沈阳航空航天大学,1,43519
2022,1,0L,工业工程,A143,沈阳航空航天大学,1,54800
2022,1,0N,测控技术与仪器,A143,沈阳航空航天大学,1,46407
2022,1,0P,工业设计,A143,沈阳航空航天大学,1,30346
2022,1,0Q,材料成型及控制工程,A143,沈阳航空航天大学,2,51936
2022,1,0S,金属材料工程,A143,沈阳航空航天大学,5,226806
2022,1,0T,环境工程,A143,沈阳航空航天大学,3,63958
2022,1,0W,复合材料与工程,A143,沈阳航空航天大学,2,72009
2022,1,0X,消防工程,A143,沈阳航空航天大学,8,84407
2022,1,0Y,保险学,A143,沈阳航空航天大学,4,105391
2022,1,10,新能源科学与工程,A143,沈阳航空航天大学,2,46282
2022,1,11,能源与环境系统工程,A143,沈阳航空航天大学,1,46138
2022,1,12,信息与计算科学,A143,沈阳航空航天大学,2,47946
2022,1,13,应用物理学,A143,沈阳航空航天大学,2,41946
2022,1,14,交通运输,A143,沈阳航空航天大学,1,56980
2022,1,1D,英语,A143,沈阳航空航天大学,2,55965
2022,1,1E,日语,A143,沈阳航空航天大学,1,72283
2022,1,1Q,人工智能,A143,沈阳航空航天大学,2,36868
2022,1,1R,机器人工程,A143,沈阳航空航天大学,2,37008
2022,1,1V,智能制造工程,A143,沈阳航空航天大学,1,39927
2022,1,1Z,数据科学与大数据技术,A143,沈阳航空航天大学,2,37992
2022,1,1G,飞行器动力工程(中外合作办学),A143,沈阳航空航天大学,6,80025
2022,1,01,金融学,A144,沈阳理工大学,2,67308
2022,1,02,英语,A144,沈阳理工大学,3,75929
2022,1,03,俄语,A144,沈阳理工大学,3,116623
2022,1,04,信息与计算科学,A144,沈阳理工大学,1,68520
2022,1,05,应用化学,A144,沈阳理工大学,1,54661
2022,1,06,机械设计制造及其自动化,A144,沈阳理工大学,7,79252
2022,1,07,材料成型及控制工程,A144,沈阳理工大学,1,90765
2022,1,08,机械电子工程,A144,沈阳理工大学,1,79906
2022,1,09,工业设计,A144,沈阳理工大学,1,70296
2022,1,10,车辆工程,A144,沈阳理工大学,5,86104
2022,1,11,智能车辆工程,A144,沈阳理工大学,1,68439
2022,1,12,测控技术与仪器,A144,沈阳理工大学,2,82960
2022,1,13,金属材料工程,A144,沈阳理工大学,2,107662
2022,1,14,无机非金属材料工程,A144,沈阳理工大学,1,84018
2022,1,15,粉体材料科学与工程,A144,沈阳理工大学,1,96513
2022,1,16,电气工程及其自动化,A144,沈阳理工大学,1,36375
2022,1,17,电子信息工程,A144,沈阳理工大学,1,39731
2022,1,18,通信工程,A144,沈阳理工大学,1,42668
2022,1,19,光电信息科学与工程,A144,沈阳理工大学,1,67160
2022,1,20,自动化,A144,沈阳理工大学,1,59076
2022,1,21,机器人工程,A144,沈阳理工大学,1,69729
2022,1,22,计算机科学与技术,A144,沈阳理工大学,1,42340
2022,1,23,网络工程,A144,沈阳理工大学,1,60676
2022,1,24,智能科学与技术,A144,沈阳理工大学,1,50412
2022,1,25,化学工程与工艺,A144,沈阳理工大学,1,74603
2022,1,26,武器发射工程,A144,沈阳理工大学,1,71109
2022,1,27,探测制导与控制技术,A144,沈阳理工大学,1,79285
2022,1,28,弹药工程与爆炸技术,A144,沈阳理工大学,1,72831
2022,1,29,特种能源技术与工程,A144,沈阳理工大学,1,91083
2022,1,30,装甲车辆工程,A144,沈阳理工大学,1,44362
2022,1,31,信息对抗技术,A144,沈阳理工大学,2,72866
2022,1,32,智能无人系统技术,A144,沈阳理工大学,1,78718
2022,1,33,环境工程,A144,沈阳理工大学,1,92359
2022,1,34,安全工程,A144,沈阳理工大学,1,88681
2022,1,35,信息管理与信息系统,A144,沈阳理工大学,1,82901
2022,1,36,工商管理,A144,沈阳理工大学,3,68715
2022,1,37,会计学,A144,沈阳理工大学,3,75407
2022,1,41,化学工程与工艺(中外合作办学),A144,沈阳理工大学,12,208401
2022,1,42,机械设计制造及其自动化(中外合作办学),A144,沈阳理工大学,10,194384
2022,1,43,测控技术与仪器(中外合作办学),A144,沈阳理工大学,2,202995
2022,1,44,金属材料工程(中外合作办学),A144,沈阳理工大学,2,209263
2022,1,45,计算机科学与技术(中外合作办学),A144,沈阳理工大学,2,140118
2022,1,0A,公共管理类,A145,东北大学,8,15840
2022,1,0B,人文科学试验班,A145,东北大学,6,14968
2022,1,0C,外国语言文学类,A145,东北大学,30,19327
2022,1,1A,经济管理试验班,A145,东北大学,14,15367
2022,1,1B,数学类,A145,东北大学,8,14556
2022,1,1C,应用物理学,A145,东北大学,8,15357
2022,1,1F,化学类,A145,东北大学,6,16929
2022,1,1H,智能采矿工程,A145,东北大学,3,20016
2022,1,1J,工科试验班,A145,东北大学,22,17549
2022,1,1K,材料类,A145,东北大学,10,17619
2022,1,1M,机械类,A145,东北大学,20,16265
2022,1,1N,智能制造工程,A145,东北大学,5,13611
2022,1,1P,自动化类,A145,东北大学,15,11835
2022,1,1Q,计算机类,A145,东北大学,7,8475
2022,1,1R,电子信息类,A145,东北大学,4,11378
2022,1,1S,人工智能,A145,东北大学,5,10775
2022,1,1T,计算机类,A145,东北大学,26,10941
2022,1,1V,智能医学工程,A145,东北大学,4,14146
2022,1,1W,生物工程类,A145,东北大学,3,16042
2022,1,1X,建筑类,A145,东北大学,7,17645
2022,1,1Y,机器人工程,A145,东北大学,3,11087
2022,1,01,材料成型及控制工程,A146,辽宁科技大学,4,129144
2022,1,02,材料科学与工程,A146,辽宁科技大学,4,121624
2022,1,03,材料化学,A146,辽宁科技大学,4,103872
2022,1,04,冶金工程,A146,辽宁科技大学,4,150468
2022,1,05,无机非金属材料工程,A146,辽宁科技大学,9,144927
2022,1,06,功能材料,A146,辽宁科技大学,2,140646
2022,1,07,能源与动力工程,A146,辽宁科技大学,4,84419
2022,1,08,应用化学,A146,辽宁科技大学,1,111109
2022,1,09,储能科学与工程,A146,辽宁科技大学,1,90297
2022,1,10,化学工程与工艺,A146,辽宁科技大学,2,112938
2022,1,12,生物工程,A146,辽宁科技大学,1,47202
2022,1,14,电气工程及其自动化,A146,辽宁科技大学,1,74578
2022,1,16,通信工程,A146,辽宁科技大学,1,65124
2022,1,17,自动化,A146,辽宁科技大学,2,83986
2022,1,19,机械设计制造及其自动化,A146,辽宁科技大学,2,70102
2022,1,20,机械电子工程,A146,辽宁科技大学,1,67946
2022,1,23,智能制造工程,A146,辽宁科技大学,2,100884
2022,1,25,软件工程,A146,辽宁科技大学,4,85514
2022,1,26,网络工程,A146,辽宁科技大学,4,109218
2022,1,28,数据科学与大数据技术,A146,辽宁科技大学,2,100722
2022,1,44,数据计算及应用,A146,辽宁科技大学,2,107610
2022,1,45,应用物理学,A146,辽宁科技大学,1,97835
2022,1,47,采矿工程,A146,辽宁科技大学,1,114126
2022,1,48,矿物加工工程,A146,辽宁科技大学,1,125846
2022,1,H1,冶金工程(中外合作办学),A146,辽宁科技大学,6,208428
2022,1,01,采矿工程,A147,辽宁工程技术大学,2,144645
2022,1,06,安全工程,A147,辽宁工程技术大学,2,114947
2022,1,07,应急技术与管理,A147,辽宁工程技术大学,2,141609
2022,1,14,工程力学,A147,辽宁工程技术大学,3,130594
2022,1,16,机械设计制造及其自动化,A147,辽宁工程技术大学,2,90968
2022,1,23,土木工程,A147,辽宁工程技术大学,2,129299
2022,1,40,金属材料工程,A147,辽宁工程技术大学,2,136372
2022,1,50,数据科学与大数据技术,A147,辽宁工程技术大学,2,99997
2022,1,02,材料成型及控制工程,A148,辽宁石油化工大学,3,154355
2022,1,03,材料化学,A148,辽宁石油化工大学,2,142094
2022,1,04,采矿工程,A148,辽宁石油化工大学,1,142508
2022,1,05,测控技术与仪器,A148,辽宁石油化工大学,2,145540
2022,1,07,城市地下空间工程,A148,辽宁石油化工大学,2,152327
2022,1,09,电气工程及其自动化,A148,辽宁石油化工大学,2,115313
2022,1,14,高分子材料与工程(卓越计划班),A148,辽宁石油化工大学,7,119898
2022,1,18,过程装备与控制工程,A148,辽宁石油化工大学,2,143185
2022,1,19,过程装备与控制工程(卓越计划班),A148,辽宁石油化工大学,4,135812
2022,1,20,海洋油气工程,A148,辽宁石油化工大学,2,130193
2022,1,22,化工安全工程,A148,辽宁石油化工大学,2,150933
2022,1,23,化学工程与工艺,A148,辽宁石油化工大学,1,124649
2022,1,24,化学工程与工艺(卓越计划班),A148,辽宁石油化工大学,2,119048
2022,1,26,环境工程,A148,辽宁石油化工大学,2,147513
2022,1,29,机器人工程,A148,辽宁石油化工大学,2,138111
2022,1,30,机械设计制造及其自动化,A148,辽宁石油化工大学,6,138637
2022,1,31,计算机科学与技术,A148,辽宁石油化工大学,2,108178
2022,1,34,金属材料工程,A148,辽宁石油化工大学,1,160155
2022,1,36,能源与动力工程,A148,辽宁石油化工大学,2,134206
2022,1,37,软件工程,A148,辽宁石油化工大学,2,110991
2022,1,39,石油工程,A148,辽宁石油化工大学,2,119305
2022,1,41,数学与应用数学,A148,辽宁石油化工大学,3,137703
2022,1,46,应用化学,A148,辽宁石油化工大学,4,137129
2022,1,47,应用物理学,A148,辽宁石油化工大学,1,124640
2022,1,49,油气储运工程,A148,辽宁石油化工大学,5,127453
2022,1,50,油气储运工程(卓越计划班),A148,辽宁石油化工大学,2,109883
2022,1,51,智能科学与技术,A148,辽宁石油化工大学,1,130431
2022,1,52,智能制造工程,A148,辽宁石油化工大学,2,142538
2022,1,53,自动化,A148,辽宁石油化工大学,2,116515
2022,1,54,自动化(卓越计划班),A148,辽宁石油化工大学,3,114979
2022,1,55,人工智能,A148,辽宁石油化工大学,3,132248
2022,1,56,环境生态工程,A148,辽宁石油化工大学,3,152532
2022,1,25,化学工程与工艺(中外合作办学),A148,辽宁石油化工大学,10,203209
2022,1,57,电气工程及其自动化(中外合作办学),A148,辽宁石油化工大学,10,189856
2022,1,A1,金融学,A149,沈阳化工大学,4,121532
2022,1,A2,国际经济与贸易,A149,沈阳化工大学,1,127358
2022,1,A4,社会工作,A149,沈阳化工大学,2,143629
2022,1,A5,英语,A149,沈阳化工大学,2,112663
2022,1,A6,应用物理学,A149,沈阳化工大学,1,123150
2022,1,A7,化学,A149,沈阳化工大学,2,112920
2022,1,A8,应用化学,A149,沈阳化工大学,2,120890
2022,1,A9,机械设计制造及其自动化,A149,沈阳化工大学,4,123460
2022,1,B2,过程装备与控制工程,A149,沈阳化工大学,2,149967
2022,1,B3,测控技术与仪器,A149,沈阳化工大学,2,145029
2022,1,B4,材料化学,A149,沈阳化工大学,2,139975
2022,1,B5,金属材料工程,A149,沈阳化工大学,4,152421
2022,1,B6,无机非金属材料工程,A149,沈阳化工大学,4,148359
2022,1,B7,高分子材料与工程,A149,沈阳化工大学,2,128982
2022,1,B8,高分子材料与工程(卓越工程师班),A149,沈阳化工大学,2,130167
2022,1,B9,复合材料与工程,A149,沈阳化工大学,2,144470
2022,1,C1,能源与动力工程,A149,沈阳化工大学,1,111731
2022,1,C3,电气工程及其自动化,A149,沈阳化工大学,5,113807
2022,1,C4,电子信息工程,A149,沈阳化工大学,2,112436
2022,1,C5,电子科学与技术,A149,沈阳化工大学,2,101919
2022,1,C6,人工智能,A149,沈阳化工大学,1,112891
2022,1,C7,自动化,A149,沈阳化工大学,2,115422
2022,1,C8,计算机科学与技术,A149,沈阳化工大学,2,92137
2022,1,C9,软件工程,A149,沈阳化工大学,2,106431
2022,1,D1,网络工程,A149,沈阳化工大学,3,125205
2022,1,D2,物联网工程,A149,沈阳化工大学,2,122307
2022,1,D3,数据科学与大数据技术,A149,沈阳化工大学,1,109508
2022,1,D4,化学工程与工艺,A149,沈阳化工大学,6,125697
2022,1,D5,制药工程,A149,沈阳化工大学,3,132372
2022,1,D6,资源循环科学与工程,A149,沈阳化工大学,3,151767
2022,1,D7,能源化学工程,A149,沈阳化工大学,2,134429
2022,1,D8,油气储运工程,A149,沈阳化工大学,3,144887
2022,1,D9,包装工程,A149,沈阳化工大学,2,158398
2022,1,E1,林产化工,A149,沈阳化工大学,1,154250
2022,1,E2,环境工程,A149,沈阳化工大学,5,149904
2022,1,E3,水质科学与技术,A149,沈阳化工大学,1,132156
2022,1,E4,食品科学与工程,A149,沈阳化工大学,1,116609
2022,1,E5,安全工程,A149,沈阳化工大学,3,147665
2022,1,E6,生物工程,A149,沈阳化工大学,3,124253
2022,1,E8,大数据管理与应用,A149,沈阳化工大学,2,125442
2022,1,E9,应急管理,A149,沈阳化工大学,2,150601
2022,1,F1,工商管理,A149,沈阳化工大学,2,125666
2022,1,F2,会计学,A149,沈阳化工大学,2,113563
2022,1,C2,能源与动力工程(中外合作办学),A149,沈阳化工大学,3,184435
2022,1,07,机械工程,A150,大连交通大学,3,45126
2022,1,12,材料成型及控制工程,A150,大连交通大学,2,53077
2022,1,14,焊接技术与工程,A150,大连交通大学,2,66507
2022,1,15,电子科学与技术,A150,大连交通大学,2,42735
2022,1,16,车辆工程,A150,大连交通大学,4,46247
2022,1,19,交通运输,A150,大连交通大学,2,37836
2022,1,20,交通工程,A150,大连交通大学,2,44928
2022,1,21,安全工程,A150,大连交通大学,2,54852
2022,1,22,电气工程及其自动化,A150,大连交通大学,3,39398
2022,1,24,轨道交通信号与控制,A150,大连交通大学,2,35937
2022,1,25,通信工程,A150,大连交通大学,2,40993
2022,1,26,电子信息工程,A150,大连交通大学,2,39600
2022,1,27,计算机科学与技术,A150,大连交通大学,2,36555
2022,1,28,土木工程,A150,大连交通大学,2,49247
2022,1,30,环境工程,A150,大连交通大学,3,54477
2022,1,44,数学与应用数学,A150,大连交通大学,2,50503
2022,1,47,日语,A150,大连交通大学,2,105798
2022,1,06,会计学(中外合作办学),A150,大连交通大学,5,96056
2022,1,48,机械工程(中外合作办学),A150,大连交通大学,3,115437
2022,1,49,土木工程(中外合作办学),A150,大连交通大学,2,127559
2022,1,50,机械工程(中外合作办学),A150,大连交通大学,4,135112
2022,1,51,车辆工程(中外合作办学),A150,大连交通大学,3,136813
2022,1,52,土木工程(中外合作办学),A150,大连交通大学,4,156518
2022,1,07,经济学类,A151,大连海事大学,3,21300
2022,1,11,数学类,A151,大连海事大学,4,21752
2022,1,12,海事管理,A151,大连海事大学,6,23272
2022,1,14,安全工程,A151,大连海事大学,4,29723
2022,1,15,物流管理,A151,大连海事大学,4,26035
2022,1,16,供应链管理,A151,大连海事大学,4,29405
2022,1,17,电子商务,A151,大连海事大学,5,26041
2022,1,18,金融工程,A151,大连海事大学,4,22633
2022,1,19,法学,A151,大连海事大学,12,15987
2022,1,20,英语,A151,大连海事大学,6,23126
2022,1,21,日语,A151,大连海事大学,4,26605
2022,1,Z4,自动化类,A151,大连海事大学,29,24132
2022,1,Z6,电子信息类,A151,大连海事大学,27,23067
2022,1,Z8,计算机类,A151,大连海事大学,41,21402
2022,1,ZA,交通运输类,A151,大连海事大学,33,29053
2022,1,ZC,管理科学与工程类,A151,大连海事大学,5,26476
2022,1,ZE,机械类,A151,大连海事大学,36,30052
2022,1,ZG,环境科学与工程类,A151,大连海事大学,5,28714
2022,1,Z1,电子信息工程(中外合作办学),A151,大连海事大学,11,37914
2022,1,Z2,机械设计制造及其自动化(中外合作办学),A151,大连海事大学,8,44416
2022,1,Z3,土木工程(中外合作办学),A151,大连海事大学,8,52227
2022,1,05,工商管理(本科学术互认课程项目),A152,大连工业大学,5,107079
2022,1,11,应用化学,A152,大连工业大学,2,84730
2022,1,15,生物质能源与材料,A152,大连工业大学,3,97876
2022,1,19,计算机科学与技术,A152,大连工业大学,2,61829
2022,1,20,计算机科学与技术(本科学术互认课程项目),A152,大连工业大学,5,78290
2022,1,23,通信工程,A152,大连工业大学,3,64281
2022,1,27,生物工程,A152,大连工业大学,4,84711
2022,1,29,生物制药,A152,大连工业大学,4,89448
2022,1,30,食品科学与工程,A152,大连工业大学,8,83200
2022,1,31,食品质量与安全,A152,大连工业大学,3,81683
2022,1,32,食品营养与健康,A152,大连工业大学,4,86139
2022,1,36,机械类,A152,大连工业大学,3,81663
2022,1,38,机械电子工程(中外合作办学),A152,大连工业大学,5,147849
2022,1,01,建筑学,A153,沈阳建筑大学,1,28741
2022,1,02,城乡规划,A153,沈阳建筑大学,1,35685
2022,1,03,风景园林,A153,沈阳建筑大学,1,35381
2022,1,04,土木工程,A153,沈阳建筑大学,2,50751
2022,1,05,安全工程,A153,沈阳建筑大学,1,92383
2022,1,06,智能建造,A153,沈阳建筑大学,1,69069
2022,1,07,机械工程,A153,沈阳建筑大学,1,69879
2022,1,08,机械设计制造及其自动化,A153,沈阳建筑大学,1,67180
2022,1,09,机械电子工程,A153,沈阳建筑大学,1,73063
2022,1,0A,智能制造工程,A153,沈阳建筑大学,1,54355
2022,1,0B,给排水科学与工程,A153,沈阳建筑大学,1,74729
2022,1,0C,建筑环境与能源应用工程,A153,沈阳建筑大学,1,54150
2022,1,0D,环境工程,A153,沈阳建筑大学,1,81100
2022,1,0E,电气工程及其自动化,A153,沈阳建筑大学,1,50713
2022,1,0F,自动化,A153,沈阳建筑大学,1,71262
2022,1,0G,建筑电气与智能化,A153,沈阳建筑大学,1,54072
2022,1,0H,通信工程,A153,沈阳建筑大学,1,70219
2022,1,0J,计算机科学与技术,A153,沈阳建筑大学,1,42495
2022,1,0K,人工智能,A153,沈阳建筑大学,1,53119
2022,1,0L,信息与计算科学,A153,沈阳建筑大学,1,84024
2022,1,0M,数据科学与大数据技术,A153,沈阳建筑大学,1,63695
2022,1,0N,工程管理,A153,沈阳建筑大学,1,66270
2022,1,0P,工程造价,A153,沈阳建筑大学,1,62590
2022,1,0T,会计学,A153,沈阳建筑大学,1,78066
2022,1,0V,道路桥梁与渡河工程,A153,沈阳建筑大学,1,70377
2022,1,0W,测绘工程,A153,沈阳建筑大学,1,71375
2022,1,0X,交通工程,A153,沈阳建筑大学,1,89906
2022,1,0Y,物流工程,A153,沈阳建筑大学,1,81396
2022,1,10,高分子材料与工程,A153,沈阳建筑大学,1,73771
2022,1,12,材料化学,A153,沈阳建筑大学,1,87306
2022,1,17,英语,A153,沈阳建筑大学,2,83635
2022,1,18,电气工程及其自动化(国际本科学术互认课程项目),A153,沈阳建筑大学,2,68692
2022,1,19,工程管理(国际本科学术互认课程项目),A153,沈阳建筑大学,2,161155
2022,1,1A,道路桥梁与渡河工程(国际本科学术互认课程项目),A153,沈阳建筑大学,2,91738
2022,1,02,机械设计制造及其自动化,A154,辽宁工业大学,2,109160
2022,1,03,过程装备与控制工程,A154,辽宁工业大学,2,138048
2022,1,06,车辆工程,A154,辽宁工业大学,2,101889
2022,1,11,材料科学与工程,A154,辽宁工业大学,2,137823
2022,1,12,材料成型及控制工程,A154,辽宁工业大学,2,142172
2022,1,13,焊接技术与工程,A154,辽宁工业大学,2,143347
2022,1,14,化学工程与工艺,A154,辽宁工业大学,3,146522
2022,1,18,自动化,A154,辽宁工业大学,2,103249
2022,1,19,电气工程及其自动化,A154,辽宁工业大学,4,76125
2022,1,20,电子信息工程,A154,辽宁工业大学,2,103861
2022,1,26,工程管理,A154,辽宁工业大学,2,124709
2022,1,27,工程造价,A154,辽宁工业大学,2,108945
2022,1,29,会计学,A154,辽宁工业大学,1,84477
2022,1,31,金融学,A154,辽宁工业大学,1,68937
2022,1,33,经济统计学,A154,辽宁工业大学,2,120449
2022,1,34,国际经济与贸易,A154,辽宁工业大学,1,101155
2022,1,42,土木工程,A154,辽宁工业大学,2,117178
2022,1,43,建筑环境与能源应用工程,A154,辽宁工业大学,1,121264
2022,1,44,给排水科学与工程,A154,辽宁工业大学,1,125424
2022,1,45,建筑学,A154,辽宁工业大学,2,100879
2022,1,46,英语,A154,辽宁工业大学,2,102158
2022,1,47,信息与计算科学,A154,辽宁工业大学,1,90658
2022,1,48,软件工程(中外合作办学),A154,辽宁工业大学,6,182596
2022,1,01,农业工程类,A157,沈阳农业大学,3,144264
2022,1,02,农学,A157,沈阳农业大学,4,118071
2022,1,03,农学(卓越计划实验班),A157,沈阳农业大学,3,117562
2022,1,04,种子科学与工程,A157,沈阳农业大学,2,111602
2022,1,05,应用气象学,A157,沈阳农业大学,3,116172
2022,1,08,植物保护,A157,沈阳农业大学,2,133596
2022,1,09,应用化学,A157,沈阳农业大学,2,140648
2022,1,0A,园艺,A157,沈阳农业大学,2,132374
2022,1,0B,园艺(卓越计划实验班),A157,沈阳农业大学,3,128711
2022,1,0F,动物医学,A157,沈阳农业大学,2,92913
2022,1,0G,动物药学,A157,沈阳农业大学,2,112273
2022,1,0H,动物科学,A157,沈阳农业大学,4,138570
2022,1,0N,环境科学,A157,沈阳农业大学,2,136343
2022,1,0P,会计学,A157,沈阳农业大学,2,105407
2022,1,0S,农林经济管理,A157,沈阳农业大学,2,104755
2022,1,0U,机械设计制造及其自动化,A157,沈阳农业大学,2,125243
2022,1,0W,园林,A157,沈阳农业大学,2,118218
2022,1,0Y,电气工程及其自动化,A157,沈阳农业大学,3,112864
2022,1,0Z,电子信息工程,A157,沈阳农业大学,3,121962
2022,1,14,测绘工程,A157,沈阳农业大学,2,135432
2022,1,16,食品科学与工程,A157,沈阳农业大学,2,120768
2022,1,17,食品质量与安全,A157,沈阳农业大学,2,123498
2022,1,18,包装工程,A157,沈阳农业大学,3,155785
2022,1,19,生物科学类,A157,沈阳农业大学,4,126710
2022,1,B6,海洋渔业科学与技术,A158,大连海洋大学,2,93208
2022,1,B7,水产养殖学,A158,大连海洋大学,2,71271
2022,1,B9,船舶与海洋工程,A158,大连海洋大学,5,94820
2022,1,C1,港口航道与海岸工程,A158,大连海洋大学,4,90148
2022,1,C2,信息与计算科学,A158,大连海洋大学,2,79112
2022,1,C3,应用物理学,A158,大连海洋大学,2,94665
2022,1,C5,自动化,A158,大连海洋大学,2,72435
2022,1,C7,建筑环境与能源应用工程,A158,大连海洋大学,2,92418
2022,1,D5,土木工程,A158,大连海洋大学,2,98432
2022,1,D8,能源与动力工程,A158,大连海洋大学,2,87895
2022,1,D9,食品科学与工程,A158,大连海洋大学,2,87297
2022,1,E4,海洋科学类,A158,大连海洋大学,7,93193
2022,1,F3,生物科学,A158,大连海洋大学,4,79322
2022,1,F4,电子信息工程,A158,大连海洋大学,2,69861
2022,1,E6,机械设计制造及其自动化(中外合作办学),A158,大连海洋大学,15,191646
2022,1,06,临床医学,A159,中国医科大学,2,4663
2022,1,07,临床医学(5+3一体化),A159,中国医科大学,2,4997
2022,1,09,临床医学,A159,中国医科大学,16,8182
2022,1,10,临床医学(检验医师培养试验班),A159,中国医科大学,1,7181
2022,1,12,医学影像学,A159,中国医科大学,2,12790
2022,1,16,口腔医学,A159,中国医科大学,2,7010
2022,1,20,法医学,A159,中国医科大学,2,21500
2022,1,27,生物技术(中外合作办学),A159,中国医科大学,4,70627
2022,1,28,药物制剂(中外合作办学),A159,中国医科大学,5,72067
2022,1,31,临床医学,A160,锦州医科大学,6,32574
2022,1,32,麻醉学,A160,锦州医科大学,1,30574
2022,1,33,医学影像学,A160,锦州医科大学,2,37827
2022,1,34,口腔医学,A160,锦州医科大学,1,21068
2022,1,35,预防医学,A160,锦州医科大学,2,50820
2022,1,38,药学,A160,锦州医科大学,2,55767
2022,1,39,护理学,A160,锦州医科大学,1,67490
2022,1,43,医学检验技术,A160,锦州医科大学,1,47178
2022,1,51,食品科学与工程,A160,锦州医科大学,1,71285
2022,1,41,运动康复(中外合作办学),A160,锦州医科大学,3,187203
2022,1,01,临床医学(5+3一体化),A161,大连医科大学,2,7501
2022,1,02,临床医学(5+3一体化，儿科学),A161,大连医科大学,2,14200
2022,1,03,临床医学,A161,大连医科大学,2,12044
2022,1,04,口腔医学,A161,大连医科大学,2,9510
2022,1,05,麻醉学,A161,大连医科大学,2,16086
2022,1,06,医学影像学,A161,大连医科大学,2,17767
2022,1,07,中西医临床医学,A161,大连医科大学,2,24217
2022,1,08,精神医学,A161,大连医科大学,2,27897
2022,1,11,基础医学,A161,大连医科大学,2,30918
2022,1,12,医学检验技术,A161,大连医科大学,2,29827
2022,1,15,临床药学,A161,大连医科大学,1,27488
2022,1,16,医学影像技术,A161,大连医科大学,2,26938
2022,1,19,生物制药,A161,大连医科大学,3,34900
2022,1,21,法学,A161,大连医科大学,2,32077
2022,1,23,护理学,A161,大连医科大学,2,50613
2022,1,C1,针灸推拿学,A162,辽宁中医药大学,2,88718
2022,1,D1,中药学,A162,辽宁中医药大学,2,90339
2022,1,D3,药物制剂,A162,辽宁中医药大学,3,116258
2022,1,D5,中草药栽培与鉴定,A162,辽宁中医药大学,4,151960
2022,1,D6,中药资源与开发,A162,辽宁中医药大学,4,170701
2022,1,F1,医学检验技术,A162,辽宁中医药大学,2,95234
2022,1,G1,市场营销,A162,辽宁中医药大学,3,162533
2022,1,G2,物流管理,A162,辽宁中医药大学,3,158571
2022,1,K1,英语,A162,辽宁中医药大学,3,124690
2022,1,E2,护理学(中外合作办学),A162,辽宁中医药大学,10,192195
2022,1,B1,药学类,A163,沈阳药科大学,15,38577
2022,1,B2,药物化学,A163,沈阳药科大学,8,50246
2022,1,B3,临床药学,A163,沈阳药科大学,3,38573
2022,1,B4,工商管理类,A163,沈阳药科大学,3,87848
2022,1,B5,药事管理,A163,沈阳药科大学,7,61742
2022,1,B6,食品科学与工程类,A163,沈阳药科大学,3,63472
2022,1,B7,医疗产品管理,A163,沈阳药科大学,5,80811
2022,1,SJ,生物制药(生命基地班),A163,沈阳药科大学,3,38220
2022,1,W1,制药工程,A163,沈阳药科大学,2,42365
2022,1,W2,环境科学,A163,沈阳药科大学,3,94834
2022,1,W3,应用化学,A163,沈阳药科大学,1,50269
2022,1,W4,中药学类,A163,沈阳药科大学,8,54131
2022,1,YJ,药学(理科基地班),A163,沈阳药科大学,6,27692
2022,1,YR,药学(日语强化班),A163,沈阳药科大学,3,37199
2022,1,YY,药学(英语强化班),A163,沈阳药科大学,3,34069
2022,1,ZR,中药学(日语强化班),A163,沈阳药科大学,3,55853
2022,1,ZS,生物工程,A163,沈阳药科大学,1,45719
2022,1,ZT,生物制药,A163,沈阳药科大学,1,40829
2022,1,ZU,生物医学工程(中外合作办学),A163,沈阳药科大学,6,133654
2022,1,01,临床医学,A164,沈阳医学院,5,63341
2022,1,02,麻醉学,A164,沈阳医学院,1,41961
2022,1,03,医学影像学,A164,沈阳医学院,1,33322
2022,1,04,精神医学,A164,沈阳医学院,1,74588
2022,1,05,口腔医学,A164,沈阳医学院,1,28016
2022,1,06,预防医学,A164,沈阳医学院,1,74979
2022,1,07,卫生检验与检疫,A164,沈阳医学院,1,96995
2022,1,09,医学检验技术,A164,沈阳医学院,1,62241
2022,1,0A,康复治疗学,A164,沈阳医学院,1,96616
2022,1,0B,护理学,A164,沈阳医学院,1,108970
2022,1,0C,助产学,A164,沈阳医学院,1,128755
2022,1,0D,药学,A164,沈阳医学院,1,81346
2022,1,0E,医学信息工程,A164,沈阳医学院,1,134581
2022,1,0F,中药学,A164,沈阳医学院,1,104593
2022,1,E2,计算机科学与技术(师范类),A165,辽宁师范大学,6,61661
2022,1,C1,国际商务(中外合作办学),A165,辽宁师范大学,6,127302
2022,1,N8,英语(中外合作办学),A165,辽宁师范大学,4,102267
2022,1,01,教育学(师范类),A166,沈阳师范大学,2,66659
2022,1,02,应用心理学(师范类),A166,沈阳师范大学,2,76567
2022,1,12,数学与应用数学(师范类),A166,沈阳师范大学,2,74731
2022,1,14,物理学(师范类),A166,沈阳师范大学,4,85884
2022,1,16,电子信息工程,A166,沈阳师范大学,5,120651
2022,1,17,化学(师范类),A166,沈阳师范大学,5,86377
2022,1,18,计算机科学与技术(师范类),A166,沈阳师范大学,4,76999
2022,1,21,环境生态工程,A166,沈阳师范大学,5,146362
2022,1,22,教育技术学(师范类),A166,沈阳师范大学,12,111764
2022,1,23,网络与新媒体,A166,沈阳师范大学,6,83713
2022,1,24,思想政治教育(师范类),A166,沈阳师范大学,4,62406
2022,1,28,旅游管理,A166,沈阳师范大学,2,130387
2022,1,29,历史学(师范类),A166,沈阳师范大学,2,58709
2022,1,30,酒店管理,A166,沈阳师范大学,8,156765
2022,1,38,物流管理,A166,沈阳师范大学,4,146398
2022,1,39,计算机科学与技术,A166,沈阳师范大学,4,122381
2022,1,40,软件工程,A166,沈阳师范大学,2,126341
2022,1,41,网络工程,A166,沈阳师范大学,2,133221
2022,1,44,社会学,A166,沈阳师范大学,5,108599
2022,1,45,社会工作,A166,沈阳师范大学,5,123369
2022,1,49,学前教育(师范类),A166,沈阳师范大学,8,106308
2022,1,50,小学教育(师范类),A166,沈阳师范大学,5,75940
2022,1,79,粮食工程,A166,沈阳师范大学,8,168585
2022,1,81,食品科学与工程,A166,沈阳师范大学,5,117533
2022,1,82,古生物学,A166,沈阳师范大学,4,131788
2022,1,90,市场营销,A166,沈阳师范大学,4,142987
2022,1,04,自动化,A167,渤海大学,5,123321
2022,1,05,会计学,A167,渤海大学,1,80482
2022,1,08,市场营销,A167,渤海大学,6,134846
2022,1,12,化学(师范类),A167,渤海大学,7,108717
2022,1,21,金融学,A167,渤海大学,1,101974
2022,1,26,信息与计算科学,A167,渤海大学,3,118945
2022,1,29,法语,A167,渤海大学,2,96250
2022,1,30,英语(师范类),A167,渤海大学,8,92168
2022,1,31,新闻学,A167,渤海大学,6,96825
2022,1,35,物联网工程,A167,渤海大学,2,105884
2022,1,36,软件工程,A167,渤海大学,8,136732
2022,1,40,思想政治教育(师范类),A167,渤海大学,8,91286
2022,1,84,船舶与海洋工程,A167,渤海大学,2,131015
2022,1,85,食品营养与健康,A167,渤海大学,2,110173
2022,1,81,食品科学与工程(中外合作办学),A167,渤海大学,3,198622
2022,1,07,英语(师范类),A169,鞍山师范学院,1,134949
2022,1,12,酒店管理,A169,鞍山师范学院,1,174374
2022,1,0A,日语,A172,大连外国语大学,9,44022
2022,1,0B,英语,A172,大连外国语大学,12,34969
2022,1,0C,翻译,A172,大连外国语大学,6,36351
2022,1,0E,俄语,A172,大连外国语大学,3,39045
2022,1,0G,阿拉伯语,A172,大连外国语大学,7,61077
2022,1,0H,法语,A172,大连外国语大学,3,36860
2022,1,0J,德语,A172,大连外国语大学,8,46123
2022,1,0K,西班牙语,A172,大连外国语大学,1,39361
2022,1,0L,葡萄牙语,A172,大连外国语大学,1,41276
2022,1,0M,朝鲜语,A172,大连外国语大学,13,65978
2022,1,1A,国际事务与国际关系,A172,大连外国语大学,3,43292
2022,1,0S,西班牙语(中外合作办学),A172,大连外国语大学,2,62360
2022,1,01,经济学,A173,东北财经大学,2,17154
2022,1,02,财政学类,A173,东北财经大学,2,19074
2022,1,05,金融学类,A173,东北财经大学,2,16829
2022,1,07,国际经济与贸易,A173,东北财经大学,2,25428
2022,1,08,法学,A173,东北财经大学,2,21808
2022,1,20,计算机科学与技术,A173,东北财经大学,2,25489
2022,1,21,管理科学与工程类,A173,东北财经大学,3,33196
2022,1,22,电子商务,A173,东北财经大学,2,32750
2022,1,23,管理科学与工程类,A173,东北财经大学,3,44939
2022,1,25,工商管理类,A173,东北财经大学,2,26110
2022,1,29,物流管理,A173,东北财经大学,1,34394
2022,1,30,工商管理类,A173,东北财经大学,3,15918
2022,1,31,会计学(注册会计师方向),A173,东北财经大学,2,14314
2022,1,32,会计学(国际会计方向),A173,东北财经大学,2,17061
2022,1,35,公共管理类,A173,东北财经大学,1,32609
2022,1,44,金融科技,A173,东北财经大学,3,24826
2022,1,57,数据科学与大数据技术,A173,东北财经大学,1,27700
2022,1,45,工商管理(中外合作办学)(与英国萨里大学合作办学),A173,东北财经大学,12,54976
2022,1,46,财务管理(中外合作办学)(与英国萨里大学合作办学),A173,东北财经大学,13,43843
2022,1,47,旅游管理(中外合作办学)(与英国萨里大学合作办学),A173,东北财经大学,10,82819
2022,1,51,经济学(中外合作办学)(与加拿大西安大略大学国王大学学院合作办学),A173,东北财经大学,2,44714
2022,1,52,金融学(中外合作办学)(与英国奥斯特大学合作办学),A173,东北财经大学,7,44019
2022,1,53,会计学(中外合作办学)(与英国奥斯特大学合作办学),A173,东北财经大学,6,40722
2022,1,0G,新闻学,A176,沈阳体育学院,2,127931
2022,1,0H,网络与新媒体,A176,沈阳体育学院,2,168624
2022,1,0K,运动人体科学,A176,沈阳体育学院,3,174357
2022,1,0L,运动康复,A176,沈阳体育学院,3,171779
2022,1,0M,应用心理学,A176,沈阳体育学院,2,165088
2022,1,01,艺术史论(三好校区音乐学系),A177,沈阳音乐学院,3,164655
2022,1,65,戏剧影视文学(长青校区戏剧影视学院),A177,沈阳音乐学院,4,206001
2022,1,66,广播电视编导(长青校区戏剧影视学院),A177,沈阳音乐学院,3,154172
2022,1,01,哲学,A183,吉林大学,4,9974
2022,1,02,社会学类,A183,吉林大学,6,12421
2022,1,07,考古学,A183,吉林大学,4,10394
2022,1,10,广播电视编导,A183,吉林大学,2,14915
2022,1,12,英语,A183,吉林大学,10,12631
2022,1,15,日语,A183,吉林大学,4,14829
2022,1,16,朝鲜语,A183,吉林大学,6,17701
2022,1,43,政治学与行政学,A183,吉林大学,6,11569
2022,1,44,外交学,A183,吉林大学,2,11843
2022,1,47,会计学,A183,吉林大学,20,12307
2022,1,49,管理科学与工程类,A183,吉林大学,10,14586
2022,1,50,档案学,A183,吉林大学,6,14278
2022,1,52,数学类,A183,吉林大学,10,7869
2022,1,54,物理学类,A183,吉林大学,10,8855
2022,1,57,化学类,A183,吉林大学,18,12417
2022,1,59,生物科学类,A183,吉林大学,4,11669
2022,1,60,生物工程类,A183,吉林大学,8,12855
2022,1,61,机械类,A183,吉林大学,16,12878
2022,1,62,工业设计,A183,吉林大学,6,14583
2022,1,63,车辆工程,A183,吉林大学,8,10272
2022,1,64,能源与动力工程,A183,吉林大学,15,14515
2022,1,65,材料类,A183,吉林大学,24,17034
2022,1,67,交通运输类,A183,吉林大学,20,16140
2022,1,70,仿生科学与工程,A183,吉林大学,7,15595
2022,1,72,电子信息类,A183,吉林大学,25,10318
2022,1,73,通信工程,A183,吉林大学,16,11144
2022,1,74,自动化类,A183,吉林大学,6,10181
2022,1,76,软件工程,A183,吉林大学,24,9982
2022,1,77,数据科学与大数据技术,A183,吉林大学,6,9027
2022,1,78,仪器类,A183,吉林大学,20,14069
2022,1,81,土木类,A183,吉林大学,15,18800
2022,1,83,环境科学与工程类,A183,吉林大学,8,17817
2022,1,84,新能源科学与工程,A183,吉林大学,2,11370
2022,1,86,预防医学,A183,吉林大学,12,14926
2022,1,87,临床医学(5+3一体化),A183,吉林大学,4,4387
2022,1,88,临床医学,A183,吉林大学,4,5574
2022,1,89,临床医学(5+3一体化，儿科学),A183,吉林大学,4,6465
2022,1,90,临床医学(5+3一体化),A183,吉林大学,4,4926
2022,1,92,临床医学(5+3一体化),A183,吉林大学,4,5154
2022,1,93,临床医学,A183,吉林大学,4,5864
2022,1,95,口腔医学,A183,吉林大学,2,5329
2022,1,98,康复治疗学,A183,吉林大学,3,20033
2022,1,99,护理学,A183,吉林大学,13,29498
2022,1,9A,动物医学,A183,吉林大学,9,19604
2022,1,9D,人工智能,A183,吉林大学,4,8526
2022,1,9E,经济学(国别与区域经济),A183,吉林大学,4,12058
2022,1,9F,生物医学科学,A183,吉林大学,3,12596
2022,1,9G,汉语言文学,A183,吉林大学,2,7192
2022,1,9J,新闻传播学类,A183,吉林大学,6,11090
2022,1,9L,经济学类,A183,吉林大学,15,9927
2022,1,9N,法学,A183,吉林大学,8,4737
2022,1,9Q,工商管理类,A183,吉林大学,6,13201
2022,1,9S,农业机械化及其自动化,A183,吉林大学,1,17250
2022,1,9U,食品科学与工程类,A183,吉林大学,10,17015
2022,1,9W,计算机类,A183,吉林大学,22,7978
2022,1,9Y,地质类,A183,吉林大学,24,20497
2022,1,A0,勘查技术与工程,A183,吉林大学,10,17988
2022,1,A2,药学,A183,吉林大学,10,15709
2022,1,A4,植物生产类,A183,吉林大学,16,20783
2022,1,56,物理学(中外合作办学),A183,吉林大学,6,28050
2022,1,25,朝鲜语,A184,延边大学,2,38360
2022,1,28,中国语言文学类,A184,延边大学,5,29770
2022,1,29,法学,A184,延边大学,3,28222
2022,1,30,电子信息类,A184,延边大学,5,27021
2022,1,31,人工智能,A184,延边大学,4,29975
2022,1,32,机械类,A184,延边大学,4,34361
2022,1,33,高分子材料与工程,A184,延边大学,4,38845
2022,1,35,土木工程,A184,延边大学,3,40678
2022,1,36,护理学,A184,延边大学,3,46561
2022,1,37,工商管理类,A184,延边大学,6,36281
2022,1,38,经济学类,A184,延边大学,6,34808
2022,1,40,信息管理与信息系统,A184,延边大学,3,39727
2022,1,41,物流管理,A184,延边大学,2,37874
2022,1,42,旅游管理,A184,延边大学,8,48745
2022,1,43,地理科学类,A184,延边大学,8,40082
2022,1,45,化学类,A184,延边大学,4,36981
2022,1,47,物理学,A184,延边大学,4,37412
2022,1,50,食品科学与工程,A184,延边大学,3,39253
2022,1,63,药学类,A184,延边大学,3,38583
2022,1,65,临床医学,A184,延边大学,3,25068
2022,1,66,麻醉学,A184,延边大学,3,27120
2022,1,67,预防医学,A184,延边大学,3,36588
2022,1,68,中医学,A184,延边大学,3,34765
2022,1,G8,英语,A184,延边大学,2,28402
2022,1,H2,俄语,A184,延边大学,2,36788
2022,1,L1,日语,A184,延边大学,2,31540
2022,1,YT,经济学(中外合作办学),A184,延边大学,6,55317
2022,1,YU,通信工程(中外合作办学),A184,延边大学,5,54901
2022,1,YV,食品科学与工程(中外合作办学),A184,延边大学,6,67958
2022,1,A1,应用物理学,A186,长春理工大学,6,62404
2022,1,A2,电子科学与技术,A186,长春理工大学,2,48297
2022,1,A3,微电子科学与工程,A186,长春理工大学,4,53848
2022,1,A4,光电信息科学与工程,A186,长春理工大学,5,46942
2022,1,B1,测控技术与仪器,A186,长春理工大学,4,63234
2022,1,B2,智能感知工程,A186,长春理工大学,3,68052
2022,1,B3,光电信息科学与工程,A186,长春理工大学,8,43118
2022,1,B4,探测制导与控制技术,A186,长春理工大学,2,67721
2022,1,B5,信息对抗技术,A186,长春理工大学,3,55242
2022,1,C1,机械设计制造及其自动化,A186,长春理工大学,5,52113
2022,1,C2,机械电子工程,A186,长春理工大学,5,67504
2022,1,C3,过程装备与控制工程,A186,长春理工大学,7,89075
2022,1,D1,电气工程及其自动化,A186,长春理工大学,5,57662
2022,1,D2,电子信息工程,A186,长春理工大学,2,50254
2022,1,D3,通信工程,A186,长春理工大学,2,47836
2022,1,D4,电子信息科学与技术,A186,长春理工大学,2,55027
2022,1,D5,自动化,A186,长春理工大学,3,58609
2022,1,E1,计算机科学与技术,A186,长春理工大学,4,34091
2022,1,E2,软件工程,A186,长春理工大学,2,37882
2022,1,E3,信息安全,A186,长春理工大学,3,41673
2022,1,E4,数据科学与大数据技术,A186,长春理工大学,5,51559
2022,1,F1,机器人工程,A186,长春理工大学,2,55385
2022,1,G2,材料化学,A186,长春理工大学,9,89969
2022,1,G4,功能材料,A186,长春理工大学,3,94151
2022,1,G5,新能源材料与器件,A186,长春理工大学,6,75670
2022,1,H1,应用化学,A186,长春理工大学,3,72115
2022,1,H2,化学工程与工艺,A186,长春理工大学,4,81410
2022,1,H3,环境工程,A186,长春理工大学,2,72255
2022,1,J1,应用统计学,A186,长春理工大学,7,78584
2022,1,K1,生物技术,A186,长春理工大学,2,74880
2022,1,K2,生物医学工程,A186,长春理工大学,5,75244
2022,1,K3,生物工程,A186,长春理工大学,2,75057
2022,1,L1,金融工程,A186,长春理工大学,9,85185
2022,1,L2,国际经济与贸易,A186,长春理工大学,2,80480
2022,1,L3,信息管理与信息系统,A186,长春理工大学,1,63198
2022,1,M2,俄语,A186,长春理工大学,5,118123
2022,1,M3,日语,A186,长春理工大学,3,97978
2022,1,M4,朝鲜语,A186,长春理工大学,3,127006
2022,1,M5,翻译,A186,长春理工大学,2,75768
2022,1,N1,汉语言文学,A186,长春理工大学,3,64870
2022,1,N2,汉语国际教育,A186,长春理工大学,2,81736
2022,1,N3,广告学,A186,长春理工大学,2,75706
2022,1,N5,法学,A186,长春理工大学,2,53733
2022,1,N6,社会工作,A186,长春理工大学,3,97067
2022,1,T1,数学类,A186,长春理工大学,4,71522
2022,1,T2,工商管理类,A186,长春理工大学,8,88307
2022,1,A5,光电信息科学与工程(中外合作办学),A186,长春理工大学,18,126298
2022,1,A7,电子科学与技术(中外合作办学),A186,长春理工大学,8,138447
2022,1,B6,光电信息科学与工程(中外合作办学),A186,长春理工大学,19,109798
2022,1,B7,测控技术与仪器(中外合作办学),A186,长春理工大学,9,161703
2022,1,K4,生物工程(中外合作办学),A186,长春理工大学,11,186749
2022,1,01,电气工程及其自动化,A188,东北电力大学,14,23556
2022,1,08,电子信息工程,A188,东北电力大学,3,34634
2022,1,10,智能电网信息工程,A188,东北电力大学,5,26662
2022,1,14,通信工程,A188,东北电力大学,5,43382
2022,1,19,能源与动力工程,A188,东北电力大学,19,52361
2022,1,24,储能科学与工程,A188,东北电力大学,3,48284
2022,1,27,建筑环境与能源应用工程,A188,东北电力大学,4,74400
2022,1,30,核工程与核技术,A188,东北电力大学,4,49810
2022,1,32,新能源科学与工程,A188,东北电力大学,4,38608
2022,1,35,自动化,A188,东北电力大学,11,38945
2022,1,38,机器人工程,A188,东北电力大学,6,49460
2022,1,40,测控技术与仪器,A188,东北电力大学,5,60444
2022,1,44,应用化学,A188,东北电力大学,10,79614
2022,1,47,能源化学工程,A188,东北电力大学,7,72071
2022,1,49,环境工程,A188,东北电力大学,3,73736
2022,1,51,化学工程与工业生物工程,A188,东北电力大学,3,55748
2022,1,52,会计学,A188,东北电力大学,10,53579
2022,1,58,信息管理与信息系统,A188,东北电力大学,3,55245
2022,1,67,土木工程,A188,东北电力大学,12,73454
2022,1,73,工程管理,A188,东北电力大学,5,77803
2022,1,76,给排水科学与工程,A188,东北电力大学,4,67401
2022,1,79,计算机科学与技术,A188,东北电力大学,8,33008
2022,1,82,智能科学与技术,A188,东北电力大学,4,44392
2022,1,84,软件工程,A188,东北电力大学,4,39126
2022,1,86,机械设计制造及其自动化,A188,东北电力大学,6,56927
2022,1,90,材料成型及控制工程,A188,东北电力大学,4,127432
2022,1,91,机械电子工程,A188,东北电力大学,5,62305
2022,1,92,数学与应用数学,A188,东北电力大学,4,53562
2022,1,93,信息与计算科学,A188,东北电力大学,3,52175
2022,1,95,新能源材料与器件,A188,东北电力大学,2,48514
2022,1,98,日语,A188,东北电力大学,11,118307
2022,1,A3,英语,A188,东北电力大学,10,80573
2022,1,A5,思想政治教育,A188,东北电力大学,4,59737
2022,1,C4,广播电视编导,A188,东北电力大学,9,114018
2022,1,07,电气工程及其自动化(中外合作办学),A188,东北电力大学,30,47112
2022,1,72,土木工程(中外合作办学),A188,东北电力大学,5,116046
2022,1,01,机械工程,A190,长春工业大学,2,94875
2022,1,02,机械电子工程,A190,长春工业大学,1,87892
2022,1,03,车辆工程,A190,长春工业大学,2,104005
2022,1,04,工业设计,A190,长春工业大学,2,112532
2022,1,05,工业工程,A190,长春工业大学,2,121176
2022,1,06,智能制造工程,A190,长春工业大学,1,70614
2022,1,11,材料成型及控制工程,A190,长春工业大学,2,145019
2022,1,12,金属材料工程,A190,长春工业大学,6,148775
2022,1,13,材料物理,A190,长春工业大学,4,146437
2022,1,21,电气工程及其自动化,A190,长春工业大学,1,79863
2022,1,22,自动化,A190,长春工业大学,3,91455
2022,1,23,测控技术与仪器,A190,长春工业大学,3,125208
2022,1,24,机器人工程,A190,长春工业大学,5,94604
2022,1,31,计算机科学与技术,A190,长春工业大学,12,81096
2022,1,32,软件工程,A190,长春工业大学,3,84733
2022,1,34,电子信息工程,A190,长春工业大学,5,101425
2022,1,35,信息安全,A190,长春工业大学,6,88375
2022,1,42,工商管理,A190,长春工业大学,3,103885
2022,1,43,电子商务,A190,长春工业大学,4,122356
2022,1,44,会计学,A190,长春工业大学,4,111685
2022,1,45,信息管理与信息系统,A190,长春工业大学,3,128435
2022,1,46,金融学,A190,长春工业大学,4,103562
2022,1,47,国际经济与贸易,A190,长春工业大学,2,120016
2022,1,51,高分子材料与工程,A190,长春工业大学,6,129294
2022,1,52,化学工程与工艺,A190,长春工业大学,6,129998
2022,1,53,环境工程,A190,长春工业大学,5,140967
2022,1,54,制药工程,A190,长春工业大学,4,115739
2022,1,55,涂料工程,A190,长春工业大学,1,160980
2022,1,61,材料化学,A190,长春工业大学,3,138613
2022,1,62,化学,A190,长春工业大学,2,111259
2022,1,63,生物工程,A190,长春工业大学,1,113421
2022,1,65,食品科学与工程,A190,长春工业大学,1,127973
2022,1,66,化妆品技术与工程,A190,长春工业大学,1,98450
2022,1,81,数字媒体技术,A190,长春工业大学,10,116815
2022,1,84,网络与新媒体,A190,长春工业大学,1,75618
2022,1,91,法学,A190,长春工业大学,2,83628
2022,1,92,公共事业管理,A190,长春工业大学,4,134252
2022,1,93,社会工作,A190,长春工业大学,1,124198
2022,1,94,行政管理,A190,长春工业大学,4,124311
2022,1,95,广告学,A190,长春工业大学,2,104686
2022,1,A1,信息与计算科学,A190,长春工业大学,5,105679
2022,1,A2,统计学,A190,长春工业大学,3,112567
2022,1,A3,数据科学与大数据技术,A190,长春工业大学,5,102417
2022,1,B1,英语,A190,长春工业大学,2,87086
2022,1,B2,俄语,A190,长春工业大学,1,116694
2022,1,B3,日语,A190,长春工业大学,4,130932
2022,1,D1,电气工程及其自动化(中外合作办学),A190,长春工业大学,5,157676
2022,1,D2,计算机科学与技术(中外合作办学),A190,长春工业大学,5,166005
2022,1,D3,工业工程(中外合作办学),A190,长春工业大学,10,202300
2022,1,D4,机械工程(中外合作办学),A190,长春工业大学,5,194596
2022,1,01,建筑学,A191,吉林建筑大学,2,63194
2022,1,02,城乡规划,A191,吉林建筑大学,3,103654
2022,1,04,土木工程,A191,吉林建筑大学,15,157623
2022,1,05,工程力学,A191,吉林建筑大学,4,169599
2022,1,06,机械工程,A191,吉林建筑大学,4,148913
2022,1,07,城市地下空间工程,A191,吉林建筑大学,4,173688
2022,1,09,建筑环境与能源应用工程,A191,吉林建筑大学,13,174691
2022,1,10,给排水科学与工程,A191,吉林建筑大学,8,167295
2022,1,11,环境工程,A191,吉林建筑大学,4,164895
2022,1,12,环境科学,A191,吉林建筑大学,6,177657
2022,1,13,安全工程,A191,吉林建筑大学,8,174320
2022,1,14,无机非金属材料工程,A191,吉林建筑大学,11,179288
2022,1,15,高分子材料与工程,A191,吉林建筑大学,6,165221
2022,1,16,材料化学,A191,吉林建筑大学,3,172517
2022,1,17,工程管理,A191,吉林建筑大学,5,160384
2022,1,18,物流管理,A191,吉林建筑大学,2,148509
2022,1,19,财务管理,A191,吉林建筑大学,2,118030
2022,1,21,公共事业管理,A191,吉林建筑大学,2,137820
2022,1,22,城市管理,A191,吉林建筑大学,2,137246
2022,1,23,社会工作,A191,吉林建筑大学,4,148576
2022,1,25,道路桥梁与渡河工程,A191,吉林建筑大学,13,176883
2022,1,26,交通工程,A191,吉林建筑大学,4,160628
2022,1,27,电气工程及其自动化,A191,吉林建筑大学,10,140590
2022,1,28,电子信息工程,A191,吉林建筑大学,4,144842
2022,1,29,电子信息科学与技术,A191,吉林建筑大学,5,146889
2022,1,30,自动化,A191,吉林建筑大学,5,134481
2022,1,31,计算机科学与技术,A191,吉林建筑大学,2,133594
2022,1,32,软件工程,A191,吉林建筑大学,4,132541
2022,1,34,建筑电气与智能化,A191,吉林建筑大学,7,160715
2022,1,39,测绘工程,A191,吉林建筑大学,6,165053
2022,1,40,地理空间信息工程,A191,吉林建筑大学,2,147991
2022,1,41,地质工程,A191,吉林建筑大学,4,167581
2022,1,42,地理信息科学,A191,吉林建筑大学,2,144042
2022,1,43,风景园林,A191,吉林建筑大学,2,123038
2022,1,49,信息安全,A191,吉林建筑大学,2,142276
2022,1,52,工程造价,A191,吉林建筑大学,4,149118
2022,1,55,勘查技术与工程,A191,吉林建筑大学,2,167939
2022,1,56,消防工程,A191,吉林建筑大学,6,179871
2022,1,35,建筑学(中外合作办学),A191,吉林建筑大学,3,143069
2022,1,36,土木工程(中外合作办学),A191,吉林建筑大学,4,199115
2022,1,37,电气工程及其自动化(中外合作办学),A191,吉林建筑大学,3,179514
2022,1,38,工程管理(中外合作办学),A191,吉林建筑大学,4,196227
2022,1,01,化学工程与工艺,A192,吉林化工学院,1,168758
2022,1,02,轻化工程,A192,吉林化工学院,1,178871
2022,1,03,油气储运工程,A192,吉林化工学院,2,170243
2022,1,04,材料成型及控制工程,A192,吉林化工学院,1,187863
2022,1,05,能源与动力工程,A192,吉林化工学院,3,186057
2022,1,07,工业工程,A192,吉林化工学院,7,206641
2022,1,08,过程装备与控制工程,A192,吉林化工学院,5,205397
2022,1,09,电气工程及其自动化,A192,吉林化工学院,1,125030
2022,1,10,测控技术与仪器,A192,吉林化工学院,3,202342
2022,1,11,电子信息工程,A192,吉林化工学院,3,176996
2022,1,12,自动化,A192,吉林化工学院,1,170695
2022,1,13,计算机科学与技术,A192,吉林化工学院,2,155126
2022,1,14,智能装备与系统,A192,吉林化工学院,4,183546
2022,1,16,应用化学,A192,吉林化工学院,5,174491
2022,1,17,制药工程,A192,吉林化工学院,1,148303
2022,1,18,药物制剂,A192,吉林化工学院,2,156965
2022,1,20,安全工程,A192,吉林化工学院,2,198015
2022,1,21,给排水科学与工程,A192,吉林化工学院,1,204987
2022,1,22,环境科学,A192,吉林化工学院,3,186591
2022,1,23,环境工程,A192,吉林化工学院,3,184107
2022,1,24,国际经济与贸易,A192,吉林化工学院,2,194804
2022,1,25,金融工程,A192,吉林化工学院,2,187013
2022,1,27,市场营销,A192,吉林化工学院,2,192376
2022,1,28,工程管理,A192,吉林化工学院,4,202854
2022,1,29,信息管理与信息系统,A192,吉林化工学院,5,198966
2022,1,30,物流工程,A192,吉林化工学院,3,188548
2022,1,31,英语,A192,吉林化工学院,1,168883
2022,1,32,日语,A192,吉林化工学院,2,178662
2022,1,34,应用物理学,A192,吉林化工学院,2,195999
2022,1,35,数据科学与大数据技术,A192,吉林化工学院,1,136076
2022,1,36,高分子材料与工程,A192,吉林化工学院,3,181075
2022,1,37,材料物理,A192,吉林化工学院,1,185005
2022,1,38,材料化学,A192,吉林化工学院,3,185417
2022,1,39,材料科学与工程,A192,吉林化工学院,3,186140
2022,1,40,生物技术,A192,吉林化工学院,2,166852
2022,1,42,生物工程,A192,吉林化工学院,2,162282
2022,1,43,车辆工程,A192,吉林化工学院,2,189139
2022,1,44,飞行器制造工程,A192,吉林化工学院,3,181841
2022,1,45,飞行器动力工程,A192,吉林化工学院,1,188596
2022,1,66,电子信息工程(中外合作办学),A192,吉林化工学院,15,229294
2022,1,67,化学工程与工艺(中外合作办学),A192,吉林化工学院,10,220627
2022,1,01,植物生产类,A193,吉林农业大学,10,156800
2022,1,02,工商管理类,A193,吉林农业大学,13,141693
2022,1,03,自然保护与环境生态类,A193,吉林农业大学,4,161042
2022,1,04,环境科学与工程类,A193,吉林农业大学,2,149930
2022,1,05,机械类,A193,吉林农业大学,6,144722
2022,1,06,动物生产类,A193,吉林农业大学,3,159751
2022,1,07,中药学类,A193,吉林农业大学,7,139879
2022,1,08,食品科学与工程类,A193,吉林农业大学,10,145051
2022,1,0A,生物科学类,A193,吉林农业大学,6,140542
2022,1,0B,生物工程类,A193,吉林农业大学,6,150603
2022,1,0C,计算机类,A193,吉林农业大学,3,120966
2022,1,0D,植物生产类,A193,吉林农业大学,9,164191
2022,1,0E,植物生产类,A193,吉林农业大学,10,163889
2022,1,0F,智慧农业,A193,吉林农业大学,4,138935
2022,1,0G,动物药学,A193,吉林农业大学,2,124443
2022,1,0J,电子信息科学与技术,A193,吉林农业大学,2,133865
2022,1,0M,风景园林,A193,吉林农业大学,2,126930
2022,1,0P,英语,A193,吉林农业大学,4,106859
2022,1,0R,金融学,A193,吉林农业大学,2,118416
2022,1,0S,动物医学,A193,吉林农业大学,4,106282
2022,1,0U,农药化肥,A193,吉林农业大学,6,171171
2022,1,0W,思想政治教育,A193,吉林农业大学,4,110562
2022,1,0X,生物信息学,A193,吉林农业大学,3,164285
2022,1,3X,生物技术(中外合作办学),A193,吉林农业大学,8,199628
2022,1,3Y,动物科学(中外合作办学),A193,吉林农业大学,8,194672
2022,1,02,制药工程,A199,长春中医药大学,1,55998
2022,1,04,临床医学,A199,长春中医药大学,6,54258
2022,1,05,中医学,A199,长春中医药大学,4,61114
2022,1,06,中医学(5+3一体化),A199,长春中医药大学,6,41251
2022,1,07,针灸推拿学,A199,长春中医药大学,12,96881
2022,1,08,中医康复学,A199,长春中医药大学,3,100658
2022,1,09,中医儿科学,A199,长春中医药大学,2,56549
2022,1,0A,中医骨伤科学,A199,长春中医药大学,2,80821
2022,1,0B,中西医临床医学,A199,长春中医药大学,14,84094
2022,1,0C,药学,A199,长春中医药大学,2,102996
2022,1,0D,药物制剂,A199,长春中医药大学,1,113384
2022,1,0F,中药学,A199,长春中医药大学,3,113750
2022,1,0H,康复治疗学,A199,长春中医药大学,1,100911
2022,1,0J,护理学,A199,长春中医药大学,2,111740
2022,1,03,生物制药(中外合作办学),A199,长春中医药大学,7,185583
2022,1,B1,心理学(师范类),A200,东北师范大学,2,19228
2022,1,B2,汉语言文学(师范类),A200,东北师范大学,3,11702
2022,1,B3,历史学(师范类),A200,东北师范大学,3,13580
2022,1,B4,英语(师范类),A200,东北师范大学,2,11072
2022,1,B5,日语(师范类),A200,东北师范大学,1,19989
2022,1,B6,俄语(师范类),A200,东北师范大学,3,25060
2022,1,B7,商务英语,A200,东北师范大学,2,20134
2022,1,B8,化学(师范类),A200,东北师范大学,3,13212
2022,1,BA,德语(师范类),A200,东北师范大学,3,26101
2022,1,C1,教育学类(师范类),A200,东北师范大学,3,17147
2022,1,C2,政治学类,A200,东北师范大学,4,15886
2022,1,C3,经济学类,A200,东北师范大学,7,21544
2022,1,C4,马克思主义理论类,A200,东北师范大学,5,14786
2022,1,C5,数学类,A200,东北师范大学,5,16475
2022,1,C6,计算机类,A200,东北师范大学,7,21213
2022,1,C7,物理学类,A200,东北师范大学,6,17956
2022,1,C8,生物科学类,A200,东北师范大学,3,14824
2022,1,C9,地理科学类,A200,东北师范大学,3,16727
2022,1,CA,环境科学与工程类,A200,东北师范大学,4,29272
2022,1,CB,新闻传播学类,A200,东北师范大学,2,18948
2022,1,CC,法学,A200,东北师范大学,3,17118
2022,1,G1,会计学(中外合作办学),A200,东北师范大学,6,33440
2022,1,G3,计算机科学与技术(中外合作办学),A200,东北师范大学,6,33559
2022,1,A1,法学,A201,北华大学,5,71512
2022,1,B1,思想政治教育(师范类),A201,北华大学,2,81944
2022,1,C1,小学教育(师范类),A201,北华大学,6,106508
2022,1,E2,汉语言文学(师范类),A201,北华大学,2,65322
2022,1,E5,网络与新媒体,A201,北华大学,2,95601
2022,1,F1,历史学(师范类),A201,北华大学,2,61302
2022,1,G0,英语,A201,北华大学,4,102525
2022,1,G4,西班牙语,A201,北华大学,2,130957
2022,1,G6,日语,A201,北华大学,4,126695
2022,1,GC,法语,A201,北华大学,6,131856
2022,1,GF,俄语,A201,北华大学,4,128479
2022,1,GK,朝鲜语,A201,北华大学,2,143077
2022,1,H1,数学与应用数学(师范类),A201,北华大学,8,101666
2022,1,H4,经济统计学,A201,北华大学,4,116546
2022,1,H5,统计学,A201,北华大学,5,123754
2022,1,L1,物理学(师范类),A201,北华大学,3,119231
2022,1,L2,化学(师范类),A201,北华大学,4,99863
2022,1,M1,机械类,A201,北华大学,5,134487
2022,1,M2,工业设计,A201,北华大学,2,136499
2022,1,N4,应用化学,A201,北华大学,5,139021
2022,1,N7,家具设计与工程,A201,北华大学,2,170593
2022,1,P3,电子信息工程,A201,北华大学,7,127090
2022,1,P4,通信工程,A201,北华大学,3,121646
2022,1,P8,机器人工程,A201,北华大学,6,129473
2022,1,Q2,软件工程,A201,北华大学,5,111750
2022,1,Q3,网络工程,A201,北华大学,2,116963
2022,1,Q4,数字媒体技术,A201,北华大学,2,97428
2022,1,R3,车辆工程,A201,北华大学,4,142687
2022,1,R4,土木工程,A201,北华大学,3,131927
2022,1,R5,工程管理,A201,北华大学,4,146977
2022,1,S1,林学,A201,北华大学,4,139172
2022,1,S3,风景园林,A201,北华大学,2,121946
2022,1,T1,临床医学,A201,北华大学,4,69097
2022,1,T4,医学影像学,A201,北华大学,2,72132
2022,1,T5,预防医学,A201,北华大学,2,76670
2022,1,U1,医学检验技术,A201,北华大学,3,87974
2022,1,V1,护理学,A201,北华大学,6,135273
2022,1,W1,药学,A201,北华大学,3,111142
2022,1,X0,工商管理,A201,北华大学,4,115390
2022,1,X2,国际经济与贸易,A201,北华大学,2,116673
2022,1,X4,会计学,A201,北华大学,4,98066
2022,1,XA,物流管理,A201,北华大学,2,125027
2022,1,XC,行政管理,A201,北华大学,3,121367
2022,1,M3,机械设计制造及其自动化(中外合作办学),A201,北华大学,18,206866
2022,1,P6,通信工程(中外合作办学),A201,北华大学,10,193178
2022,1,V3,护理学(中外合作办学),A201,北华大学,11,176497
2022,1,01,法学,A202,通化师范学院,2,153774
2022,1,02,思想政治教育(师范类),A202,通化师范学院,2,157531
2022,1,05,学前教育(师范类),A202,通化师范学院,2,173124
2022,1,09,汉语言文学(师范类),A202,通化师范学院,8,155012
2022,1,10,汉语国际教育(师范类),A202,通化师范学院,2,158792
2022,1,11,英语(师范类),A202,通化师范学院,5,159861
2022,1,16,数学与应用数学(师范类),A202,通化师范学院,2,176878
2022,1,29,食品科学与工程,A202,通化师范学院,2,191039
2022,1,30,食品质量与安全,A202,通化师范学院,2,191737
2022,1,31,药物制剂,A202,通化师范学院,4,190294
2022,1,37,财务管理,A202,通化师范学院,2,179509
2022,1,43,广播电视编导,A202,通化师范学院,2,176359
2022,1,63,计算机科学与技术(师范类),A202,通化师范学院,4,188728
2022,1,51,生物科学(中外合作办学),A202,通化师范学院,5,210604
2022,1,52,食品科学与工程(中外合作办学),A202,通化师范学院,8,212030
2022,1,11,汉语言文学(师范类),A203,吉林师范大学,2,51184
2022,1,12,汉语国际教育,A203,吉林师范大学,1,65330
2022,1,21,思想政治教育(师范类),A203,吉林师范大学,1,58676
2022,1,31,历史学(师范类),A203,吉林师范大学,1,57577
2022,1,41,英语(师范类),A203,吉林师范大学,3,54470
2022,1,42,俄语,A203,吉林师范大学,3,101083
2022,1,43,日语,A203,吉林师范大学,3,96722
2022,1,44,朝鲜语,A203,吉林师范大学,3,118798
2022,1,46,德语,A203,吉林师范大学,3,100382
2022,1,47,西班牙语,A203,吉林师范大学,3,97088
2022,1,52,心理学(师范类),A203,吉林师范大学,1,75950
2022,1,53,小学教育(师范类),A203,吉林师范大学,1,58251
2022,1,71,数学与应用数学(师范类),A203,吉林师范大学,2,62981
2022,1,82,应用物理学,A203,吉林师范大学,2,100341
2022,1,92,应用化学,A203,吉林师范大学,1,89168
2022,1,A1,生物科学(师范类),A203,吉林师范大学,1,41241
2022,1,B3,地理信息科学,A203,吉林师范大学,1,77239
2022,1,BZ,旅游管理,A203,吉林师范大学,2,152227
2022,1,C1,计算机科学与技术(师范类),A203,吉林师范大学,1,77775
2022,1,C2,数据科学与大数据技术,A203,吉林师范大学,1,74362
2022,1,CZ,软件工程,A203,吉林师范大学,2,116400
2022,1,E1,新闻学,A203,吉林师范大学,2,69767
2022,1,E2,编辑出版学,A203,吉林师范大学,2,78927
2022,1,E3,广播电视编导,A203,吉林师范大学,8,138179
2022,1,F1,电子信息类,A203,吉林师范大学,2,113041
2022,1,HY,人力资源管理,A203,吉林师范大学,4,131568
2022,1,HZ,财务管理,A203,吉林师范大学,3,136470
2022,1,J2,环境科学,A203,吉林师范大学,2,125408
2022,1,J3,给排水科学与工程,A203,吉林师范大学,2,135124
2022,1,JZ,环境工程,A203,吉林师范大学,2,162254
2022,1,K3,社会工作,A203,吉林师范大学,1,85518
2022,1,K4,法学,A203,吉林师范大学,1,48841
2022,1,KZ,金融学,A203,吉林师范大学,4,137724
2022,1,5Z,学前教育(中外合作办学)(师范类),A203,吉林师范大学,3,134172
2022,1,FZ,电子信息工程(中外合作办学),A203,吉林师范大学,4,182872
2022,1,2C,汉语言文学(师范类),A204,吉林工程技术师范学院,3,158903
2022,1,4Y,数学与应用数学(师范类),A204,吉林工程技术师范学院,15,197910
2022,1,5P,计算机科学与技术(师范类),A204,吉林工程技术师范学院,5,197922
2022,1,6X,机械设计制造及其自动化(师范类),A204,吉林工程技术师范学院,3,201386
2022,1,2D,电气工程及其自动化(中外合作办学),A204,吉林工程技术师范学院,5,224284
2022,1,01,地理科学(师范类),A205,长春师范大学,4,71094
2022,1,02,地理信息科学,A205,长春师范大学,3,100316
2022,1,05,广播电视编导,A205,长春师范大学,5,133186
2022,1,06,广告学,A205,长春师范大学,4,110495
2022,1,08,戏剧影视文学,A205,长春师范大学,5,146369
2022,1,09,车辆工程,A205,长春师范大学,4,154724
2022,1,0A,机械设计制造及其自动化,A205,长春师范大学,4,143695
2022,1,0D,化学(师范类),A205,长春师范大学,5,95478
2022,1,0E,环境科学,A205,长春师范大学,4,145771
2022,1,0F,计算机科学与技术(师范类),A205,长春师范大学,6,112669
2022,1,0L,小学教育(师范类),A205,长春师范大学,4,92307
2022,1,0R,经济与金融,A205,长春师范大学,4,119018
2022,1,0T,历史学(师范类),A205,长春师范大学,4,71037
2022,1,0V,人文教育(师范类),A205,长春师范大学,4,102969
2022,1,0W,思想政治教育(师范类),A205,长春师范大学,3,72912
2022,1,15,生物科学(师范类),A205,长春师范大学,5,89614
2022,1,16,生物技术,A205,长春师范大学,5,134894
2022,1,17,数学与应用数学(师范类),A205,长春师范大学,5,99591
2022,1,1F,俄语(师范类),A205,长春师范大学,4,123505
2022,1,1G,法语,A205,长春师范大学,4,109806
2022,1,1H,日语(师范类),A205,长春师范大学,4,112522
2022,1,1J,西班牙语,A205,长春师范大学,4,124450
2022,1,1K,英语(师范类),A205,长春师范大学,4,70924
2022,1,1M,汉语国际教育(师范类),A205,长春师范大学,4,90433
2022,1,1N,汉语言文学(师范类),A205,长春师范大学,5,64116
2022,1,1Q,科学教育(师范类),A205,长春师范大学,7,110328
2022,1,1R,物理学类(师范类),A205,长春师范大学,5,104586
2022,1,1W,行政管理,A205,长春师范大学,2,112577
2022,1,1X,法学,A205,长春师范大学,2,77413
2022,1,1Z,图书馆学,A205,长春师范大学,4,103015
2022,1,2H,朝鲜语(师范类),A205,长春师范大学,4,144070
2022,1,67,文物与博物馆学,A205,长春师范大学,3,92931
2022,1,78,计算机科学与技术(中外合作办学),A205,长春师范大学,4,182160
2022,1,79,旅游管理(中外合作办学),A205,长春师范大学,4,195038
2022,1,7A,学前教育(中外合作办学)(师范类),A205,长春师范大学,5,159291
2022,1,0Q,会计学,A205,长春师范大学,4,131766
2022,1,2E,人工智能,A205,长春师范大学,8,163170
2022,1,01,思想政治教育(师范类),A206,白城师范学院,5,162285
2022,1,05,汉语言文学(师范类),A206,白城师范学院,8,159013
2022,1,10,教育技术学(师范类),A206,白城师范学院,2,165649
2022,1,11,数学与应用数学(师范类),A206,白城师范学院,7,183685
2022,1,A1,法学,A206,白城师范学院,2,151741
2022,1,A6,商务英语,A206,白城师范学院,3,184981
2022,1,A7,文化产业管理,A206,白城师范学院,2,178523
2022,1,B4,统计学,A206,白城师范学院,3,190438
2022,1,B5,电子信息工程,A206,白城师范学院,2,202577
2022,1,B8,生物技术,A206,白城师范学院,4,194298
2022,1,B9,园艺,A206,白城师范学院,2,198790
2022,1,C1,动物科学,A206,白城师范学院,2,189448
2022,1,C3,机械设计制造及其自动化,A206,白城师范学院,2,210463
2022,1,C4,机械电子工程,A206,白城师范学院,2,211481
2022,1,C6,计算机科学与技术,A206,白城师范学院,2,195755
2022,1,F1,软件工程,A206,白城师范学院,4,202863
2022,1,F2,财务管理,A206,白城师范学院,2,182651
2022,1,F5,地理信息科学,A206,白城师范学院,3,176874
2022,1,F6,数据科学与大数据技术,A206,白城师范学院,2,199016
2022,1,01,会计学,A207,吉林财经大学,5,54799
2022,1,02,审计学,A207,吉林财经大学,4,56194
2022,1,04,英语,A207,吉林财经大学,3,71115
2022,1,05,日语,A207,吉林财经大学,3,85596
2022,1,06,朝鲜语,A207,吉林财经大学,4,153204
2022,1,07,计算机科学与技术,A207,吉林财经大学,3,65630
2022,1,0A,国际经济与贸易,A207,吉林财经大学,4,77271
2022,1,0B,法学,A207,吉林财经大学,3,61163
2022,1,0C,经济统计学,A207,吉林财经大学,4,69034
2022,1,0F,保险学,A207,吉林财经大学,4,84034
2022,1,0G,税收学,A207,吉林财经大学,4,59041
2022,1,0H,财政学,A207,吉林财经大学,2,64032
2022,1,0J,经济学,A207,吉林财经大学,3,59540
2022,1,0K,金融学,A207,吉林财经大学,4,55423
2022,1,0L,金融工程,A207,吉林财经大学,3,67294
2022,1,0M,信息管理与信息系统,A207,吉林财经大学,2,85549
2022,1,0Q,市场营销,A207,吉林财经大学,2,87963
2022,1,0S,物流管理,A207,吉林财经大学,2,90488
2022,1,0Y,数学与应用数学,A207,吉林财经大学,3,74949
2022,1,10,资产评估,A207,吉林财经大学,2,59775
2022,1,1S,跨境电子商务,A207,吉林财经大学,3,87128
2022,1,1U,养老服务管理,A207,吉林财经大学,2,123020
2022,1,11,电子商务(中外合作办学),A207,吉林财经大学,3,133814
2022,1,1F,金融学(中外合作办学),A207,吉林财经大学,4,98936
2022,1,1G,会计学(中外合作办学),A207,吉林财经大学,4,80296
2022,1,01,哲学,A212,黑龙江大学,3,37693
2022,1,02,经济学,A212,黑龙江大学,2,48808
2022,1,05,法学,A212,黑龙江大学,2,29301
2022,1,09,教育学,A212,黑龙江大学,7,57459
2022,1,10,汉语言文学,A212,黑龙江大学,2,33389
2022,1,13,英语,A212,黑龙江大学,2,35179
2022,1,16,德语,A212,黑龙江大学,2,57391
2022,1,17,法语,A212,黑龙江大学,2,55933
2022,1,18,西班牙语,A212,黑龙江大学,2,53973
2022,1,19,阿拉伯语,A212,黑龙江大学,4,75544
2022,1,20,日语,A212,黑龙江大学,5,60334
2022,1,21,朝鲜语,A212,黑龙江大学,4,66910
2022,1,22,翻译(俄语翻译方向),A212,黑龙江大学,5,58768
2022,1,23,翻译(英语翻译方向),A212,黑龙江大学,2,40668
2022,1,30,考古学,A212,黑龙江大学,3,51255
2022,1,31,数学与应用数学,A212,黑龙江大学,2,57975
2022,1,32,信息与计算科学,A212,黑龙江大学,7,64883
2022,1,33,物理学,A212,黑龙江大学,11,71618
2022,1,35,化学,A212,黑龙江大学,2,52929
2022,1,38,应用心理学,A212,黑龙江大学,2,49818
2022,1,39,统计学,A212,黑龙江大学,3,59180
2022,1,41,材料化学,A212,黑龙江大学,2,70461
2022,1,43,电气工程及其自动化,A212,黑龙江大学,2,51601
2022,1,49,自动化,A212,黑龙江大学,2,53661
2022,1,50,计算机科学与技术,A212,黑龙江大学,3,43070
2022,1,51,软件工程,A212,黑龙江大学,2,52658
2022,1,54,物联网工程,A212,黑龙江大学,2,43533
2022,1,55,土木工程,A212,黑龙江大学,4,77028
2022,1,56,给排水科学与工程,A212,黑龙江大学,5,90178
2022,1,57,水利水电工程,A212,黑龙江大学,2,68864
2022,1,59,化学工程与工艺,A212,黑龙江大学,2,55861
2022,1,61,农业水利工程,A212,黑龙江大学,5,86548
2022,1,66,植物保护,A212,黑龙江大学,2,74186
2022,1,67,种子科学与工程,A212,黑龙江大学,2,70378
2022,1,68,农业资源与环境,A212,黑龙江大学,2,68235
2022,1,69,信息管理与信息系统,A212,黑龙江大学,2,59538
2022,1,73,人力资源管理,A212,黑龙江大学,2,53568
2022,1,74,行政管理,A212,黑龙江大学,3,48885
2022,1,86,数学与应用数学,A212,黑龙江大学,6,91176
2022,1,87,物理学,A212,黑龙江大学,10,109082
2022,1,88,化学工程与工艺,A212,黑龙江大学,8,143734
2022,1,89,生物技术,A212,黑龙江大学,8,79954
2022,1,90,金融学,A212,黑龙江大学,2,58343
2022,1,91,法学,A212,黑龙江大学,4,36983
2022,1,93,金融学,A212,黑龙江大学,5,62149
2022,1,EB,俄语,A212,黑龙江大学,3,49878
2022,1,EG,电子信息类,A212,黑龙江大学,2,47825
2022,1,07,工科试验班(英才本硕博连读),A213,哈尔滨工业大学,12,1043
2022,1,08,工科试验班(航天与自动化),A213,哈尔滨工业大学,30,3102
2022,1,09,工科试验班(计算机与电子通信),A213,哈尔滨工业大学,28,2848
2022,1,41,工科试验班(智能装备),A213,哈尔滨工业大学,15,2335
2022,1,30,工业设计(中外合作办学),A213,哈尔滨工业大学,3,18330
2022,1,39,数学与应用数学(中外合作办学),A213,哈尔滨工业大学,4,16594
2022,1,40,应用物理学(中外合作办学),A213,哈尔滨工业大学,2,18387
2022,1,02,能源与动力工程,A214,哈尔滨理工大学,2,53027
2022,1,05,车辆工程,A214,哈尔滨理工大学,2,49464
2022,1,06,金属材料工程,A214,哈尔滨理工大学,4,75019
2022,1,07,无机非金属材料工程,A214,哈尔滨理工大学,3,67362
2022,1,08,高分子材料与工程,A214,哈尔滨理工大学,4,57424
2022,1,13,计算机科学与技术,A214,哈尔滨理工大学,5,33705
2022,1,14,网络工程,A214,哈尔滨理工大学,2,40572
2022,1,15,测控技术与仪器,A214,哈尔滨理工大学,3,63380
2022,1,16,安全工程,A214,哈尔滨理工大学,2,61256
2022,1,17,通信工程,A214,哈尔滨理工大学,2,48266
2022,1,18,信息管理与信息系统,A214,哈尔滨理工大学,2,60231
2022,1,21,人力资源管理,A214,哈尔滨理工大学,3,69379
2022,1,28,应用物理学,A214,哈尔滨理工大学,6,65366
2022,1,29,材料物理,A214,哈尔滨理工大学,4,95065
2022,1,30,光电信息科学与工程,A214,哈尔滨理工大学,2,48359
2022,1,31,信息与计算科学,A214,哈尔滨理工大学,2,44793
2022,1,32,应用统计学,A214,哈尔滨理工大学,2,51257
2022,1,39,材料化学,A214,哈尔滨理工大学,8,64787
2022,1,40,环境工程,A214,哈尔滨理工大学,6,67333
2022,1,56,物联网工程,A214,哈尔滨理工大学,2,36684
2022,1,58,数据科学与大数据技术,A214,哈尔滨理工大学,2,41692
2022,1,59,建筑学,A214,哈尔滨理工大学,2,54655
2022,1,61,工程力学,A214,哈尔滨理工大学,8,75885
2022,1,66,经济学类,A214,哈尔滨理工大学,3,67512
2022,1,67,化工与制药类,A214,哈尔滨理工大学,4,65976
2022,1,69,机器人工程,A214,哈尔滨理工大学,3,50951
2022,1,01,经济与金融,A216,燕山大学,2,34644
2022,1,02,法学,A216,燕山大学,4,31264
2022,1,04,汉语言文学,A216,燕山大学,2,29716
2022,1,05,汉语国际教育,A216,燕山大学,2,39637
2022,1,06,外国语言文学类(英语),A216,燕山大学,6,41952
2022,1,07,俄语,A216,燕山大学,2,55366
2022,1,08,德语,A216,燕山大学,2,48550
2022,1,09,法语,A216,燕山大学,2,45711
2022,1,10,日语,A216,燕山大学,4,56547
2022,1,11,信息与计算科学,A216,燕山大学,2,34722
2022,1,12,应用物理学,A216,燕山大学,6,37649
2022,1,13,应用化学,A216,燕山大学,2,36348
2022,1,14,统计学,A216,燕山大学,2,33902
2022,1,15,机械类,A216,燕山大学,10,34059
2022,1,17,过程装备与控制工程,A216,燕山大学,6,42689
2022,1,18,车辆工程,A216,燕山大学,2,33305
2022,1,19,智能感知工程,A216,燕山大学,2,42479
2022,1,20,材料类,A216,燕山大学,6,43676
2022,1,22,能源动力类,A216,燕山大学,4,36968
2022,1,23,电气类,A216,燕山大学,6,30825
2022,1,24,电子信息类,A216,燕山大学,6,29798
2022,1,25,计算机科学与技术,A216,燕山大学,2,23483
2022,1,26,软件工程,A216,燕山大学,5,30038
2022,1,27,土木类,A216,燕山大学,6,47618
2022,1,29,环境工程,A216,燕山大学,4,52455
2022,1,30,建筑学,A216,燕山大学,2,35497
2022,1,32,智能医学工程,A216,燕山大学,2,45633
2022,1,33,工商管理类,A216,燕山大学,8,42045
2022,1,34,公共管理类,A216,燕山大学,4,44244
2022,1,35,工业工程,A216,燕山大学,2,46494
2022,1,B1,机械设计制造及其自动化,A216,燕山大学,4,104121
2022,1,B2,电气工程及其自动化,A216,燕山大学,4,99539
2022,1,B3,自动化,A216,燕山大学,4,105231
2022,1,B4,电子科学与技术,A216,燕山大学,4,65697
2022,1,B5,化学工程与工艺,A216,燕山大学,4,156482
2022,1,G1,金属材料工程,A216,燕山大学,4,256382
2022,1,G2,土木工程,A216,燕山大学,4,294227
2022,1,Z1,机械设计制造及其自动化,A216,燕山大学,2,25738
2022,1,Z2,车辆工程,A216,燕山大学,4,33416
2022,1,Z3,电子信息工程,A216,燕山大学,2,27585
2022,1,Z4,自动化,A216,燕山大学,2,25371
2022,1,Z5,生物工程,A216,燕山大学,2,36021
2022,1,36,工业工程(中外合作办学),A216,燕山大学,15,118308
2022,1,A1,机械设计制造及其自动化(中外合作办学),A216,燕山大学,10,84949
2022,1,A2,自动化(中外合作办学),A216,燕山大学,10,88178
2022,1,A3,电子科学与技术(中外合作办学),A216,燕山大学,10,85746
2022,1,A4,软件工程(中外合作办学),A216,燕山大学,10,75591
2022,1,01,海洋工程类,A217,哈尔滨工程大学,24,22450
2022,1,02,航空航天类,A217,哈尔滨工程大学,20,22452
2022,1,04,自动化类,A217,哈尔滨工程大学,31,19223
2022,1,05,水声工程(含电子水声、水声、海洋信息3个专业),A217,哈尔滨工程大学,26,20515
2022,1,06,计算机类,A217,哈尔滨工程大学,12,14424
2022,1,07,软件工程(国家特色示范学院),A217,哈尔滨工程大学,16,16903
2022,1,09,电子信息类,A217,哈尔滨工程大学,18,18633
2022,1,0A,金融学,A217,哈尔滨工程大学,9,23237
2022,1,0B,工商管理类,A217,哈尔滨工程大学,8,26385
2022,1,0D,核工程与核技术,A217,哈尔滨工程大学,12,20855
2022,1,0E,数学与应用数学,A217,哈尔滨工程大学,9,22157
2022,1,0F,光电信息科学与工程,A217,哈尔滨工程大学,8,20714
2022,1,0G,应用物理学,A217,哈尔滨工程大学,3,22611
2022,1,0H,英语,A217,哈尔滨工程大学,4,23897
2022,1,0J,法学,A217,哈尔滨工程大学,5,21124
2022,1,0L,思想政治教育,A217,哈尔滨工程大学,2,22586
2022,1,0X,能源动力类,A217,哈尔滨工程大学,16,24239
2022,1,0Z,机械类,A217,哈尔滨工程大学,18,24223
2022,1,11,材料类,A217,哈尔滨工程大学,13,27081
2022,1,0Q,土木工程(中外合作办学),A217,哈尔滨工程大学,7,52859
2022,1,0R,机械设计制造及其自动化(中外合作办学),A217,哈尔滨工程大学,4,34331
2022,1,0S,材料物理(中外合作办学),A217,哈尔滨工程大学,4,37763
2022,1,0T,船舶与海洋工程(中外合作办学),A217,哈尔滨工程大学,5,37341
2022,1,0U,轮机工程(中外合作办学),A217,哈尔滨工程大学,3,41968
2022,1,0V,自动化(中外合作办学),A217,哈尔滨工程大学,4,30709
2022,1,0W,水声工程(中外合作办学),A217,哈尔滨工程大学,6,33833
2022,1,01,电气工程及其自动化,A219,黑龙江科技大学,3,99135
2022,1,02,自动化,A219,黑龙江科技大学,2,121674
2022,1,03,测控技术与仪器,A219,黑龙江科技大学,4,152603
2022,1,04,电气工程与智能控制,A219,黑龙江科技大学,3,110116
2022,1,05,机械设计制造及其自动化,A219,黑龙江科技大学,3,115697
2022,1,06,机械电子工程,A219,黑龙江科技大学,3,144155
2022,1,07,机械工艺技术,A219,黑龙江科技大学,4,160347
2022,1,11,通信工程,A219,黑龙江科技大学,2,127919
2022,1,12,电子信息工程,A219,黑龙江科技大学,2,124479
2022,1,13,电子信息科学与技术,A219,黑龙江科技大学,2,130029
2022,1,14,材料成型及控制工程,A219,黑龙江科技大学,3,153039
2022,1,19,工程管理,A219,黑龙江科技大学,3,151270
2022,1,20,建筑学,A219,黑龙江科技大学,1,123362
2022,1,21,城乡规划,A219,黑龙江科技大学,1,128425
2022,1,22,风景园林,A219,黑龙江科技大学,2,129652
2022,1,24,计算机科学与技术,A219,黑龙江科技大学,3,107268
2022,1,25,软件工程,A219,黑龙江科技大学,4,119226
2022,1,26,物联网工程,A219,黑龙江科技大学,3,128303
2022,1,27,数据科学与大数据技术,A219,黑龙江科技大学,3,125029
2022,1,28,数学与应用数学,A219,黑龙江科技大学,3,135778
2022,1,38,化学工程与工艺,A219,黑龙江科技大学,3,146896
2022,1,39,应用化学,A219,黑龙江科技大学,2,145686
2022,1,40,安全工程,A219,黑龙江科技大学,2,142200
2022,1,42,国际经济与贸易,A219,黑龙江科技大学,2,138698
2022,1,43,金融学,A219,黑龙江科技大学,2,124828
2022,1,44,经济学,A219,黑龙江科技大学,2,125055
2022,1,45,会计学,A219,黑龙江科技大学,2,112080
2022,1,46,财务管理,A219,黑龙江科技大学,4,126961
2022,1,47,工商管理,A219,黑龙江科技大学,2,135178
2022,1,48,市场营销,A219,黑龙江科技大学,3,144217
2022,1,49,信息管理与信息系统,A219,黑龙江科技大学,4,147409
2022,1,51,英语,A219,黑龙江科技大学,2,106254
2022,1,53,俄语,A219,黑龙江科技大学,2,132964
2022,1,56,思想政治教育,A219,黑龙江科技大学,2,115351
2022,1,57,汉语言文学,A219,黑龙江科技大学,2,104467
2022,1,01,建筑学,A220,东北石油大学,1,84746
2022,1,02,安全工程,A220,东北石油大学,4,126019
2022,1,04,测控技术与仪器,A220,东北石油大学,4,124111
2022,1,05,车辆工程,A220,东北石油大学,2,109385
2022,1,09,电气工程及其自动化,A220,东北石油大学,5,76371
2022,1,10,电子科学与技术,A220,东北石油大学,5,100552
2022,1,11,电子信息工程,A220,东北石油大学,6,89454
2022,1,13,俄语,A220,东北石油大学,5,118713
2022,1,14,高分子材料与工程,A220,东北石油大学,2,94602
2022,1,15,给排水科学与工程,A220,东北石油大学,4,118923
2022,1,16,工程管理,A220,东北石油大学,3,136662
2022,1,17,工程力学,A220,东北石油大学,5,133303
2022,1,19,工业设计,A220,东北石油大学,4,128639
2022,1,20,人工智能,A220,东北石油大学,3,103740
2022,1,21,光电信息科学与工程,A220,东北石油大学,3,102212
2022,1,22,国际经济与贸易,A220,东北石油大学,2,90613
2022,1,23,过程装备与控制工程,A220,东北石油大学,4,121929
2022,1,24,海洋油气工程,A220,东北石油大学,3,111118
2022,1,25,汉语言文学,A220,东北石油大学,2,74490
2022,1,26,行政管理,A220,东北石油大学,4,85483
2022,1,27,化学,A220,东北石油大学,2,123303
2022,1,28,化学工程与工艺,A220,东北石油大学,4,107398
2022,1,29,环境工程,A220,东北石油大学,3,145566
2022,1,32,机械设计制造及其自动化,A220,东北石油大学,3,94791
2022,1,34,建筑环境与能源应用工程,A220,东北石油大学,3,133571
2022,1,35,教育技术学,A220,东北石油大学,4,128686
2022,1,36,金属材料工程,A220,东北石油大学,2,131569
2022,1,38,勘查技术与工程,A220,东北石油大学,8,126071
2022,1,39,旅游管理,A220,东北石油大学,4,157369
2022,1,41,能源与动力工程,A220,东北石油大学,2,97827
2022,1,44,社会工作,A220,东北石油大学,2,116442
2022,1,45,石油工程,A220,东北石油大学,11,97226
2022,1,47,网络空间安全,A220,东北石油大学,2,92355
2022,1,48,通信工程,A220,东北石油大学,4,105263
2022,1,49,土木工程,A220,东北石油大学,12,143000
2022,1,53,信息与计算科学,A220,东北石油大学,3,110831
2022,1,55,英语,A220,东北石油大学,3,91207
2022,1,56,应用化学,A220,东北石油大学,2,118355
2022,1,57,应用统计学,A220,东北石油大学,5,129638
2022,1,58,应用物理学,A220,东北石油大学,3,101982
2022,1,59,油气储运工程,A220,东北石油大学,5,108326
2022,1,60,资源勘查工程,A220,东北石油大学,8,112492
2022,1,61,自动化,A220,东北石油大学,3,96561
2022,1,64,智能电网信息工程,A220,东北石油大学,5,101967
2022,1,65,资源勘查工程(实验班),A220,东北石油大学,2,60768
2022,1,67,计算机类,A220,东北石油大学,12,92758
2022,1,68,工商管理类,A220,东北石油大学,3,114779
2022,1,9K,数据科学与大数据技术,A220,东北石油大学,4,102682
2022,1,9L,地质学类,A220,东北石油大学,3,105626
2022,1,9M,机械设计制造及其自动化(实验班),A220,东北石油大学,2,65456
2022,1,9N,化学工程与工艺(实验班),A220,东北石油大学,2,73966
2022,1,9P,石油工程(实验班),A220,东北石油大学,3,72874
2022,1,F1,过程装备与控制工程(融创班),A220,东北石油大学,2,131298
2022,1,F2,机械设计制造及其自动化(融创班),A220,东北石油大学,2,92859
2022,1,F3,自动化(融创班),A220,东北石油大学,3,105461
2022,1,F4,化学工程与工艺(融创班),A220,东北石油大学,2,86841
2022,1,F5,应用化学(融创班),A220,东北石油大学,2,122925
2022,1,02,临床医学,A222,佳木斯大学,25,99719
2022,1,03,预防医学,A222,佳木斯大学,25,148004
2022,1,05,医学检验技术,A222,佳木斯大学,10,145020
2022,1,06,康复治疗学,A222,佳木斯大学,15,159760
2022,1,07,护理学,A222,佳木斯大学,18,159675
2022,1,0A,药学,A222,佳木斯大学,25,167574
2022,1,0P,机器人工程,A222,佳木斯大学,9,163027
2022,1,0R,焊接技术与工程,A222,佳木斯大学,20,198724
2022,1,0U,材料成型及控制工程,A222,佳木斯大学,10,183828
2022,1,0Y,数学与应用数学(师范类),A222,佳木斯大学,20,164812
2022,1,1Q,汉语言文学(师范类),A222,佳木斯大学,15,120419
2022,1,A2,植物保护,A223,黑龙江八一农垦大学,3,172754
2022,1,A3,种子科学与工程,A223,黑龙江八一农垦大学,2,169722
2022,1,A4,农业资源与环境,A223,黑龙江八一农垦大学,2,172165
2022,1,A5,农学(创新人才培养班),A223,黑龙江八一农垦大学,8,169375
2022,1,B2,农业电气化,A223,黑龙江八一农垦大学,2,167386
2022,1,B3,机械设计制造及其自动化,A223,黑龙江八一农垦大学,7,167981
2022,1,B4,交通运输,A223,黑龙江八一农垦大学,2,173694
2022,1,B7,农业机械化及其自动化(创新人才培养班),A223,黑龙江八一农垦大学,12,172997
2022,1,C2,动物科学,A223,黑龙江八一农垦大学,3,173322
2022,1,C5,动物医学(创新人才培养班),A223,黑龙江八一农垦大学,10,146482
2022,1,D3,国际经济与贸易,A223,黑龙江八一农垦大学,2,142519
2022,1,D5,工商管理类,A223,黑龙江八一农垦大学,7,161469
2022,1,D6,会计学(创新人才培养班),A223,黑龙江八一农垦大学,10,146566
2022,1,E3,食品科学与工程(创新人才培养班),A223,黑龙江八一农垦大学,8,169673
2022,1,F1,公共事业管理,A223,黑龙江八一农垦大学,2,157371
2022,1,F2,社会工作,A223,黑龙江八一农垦大学,3,154252
2022,1,F3,英语,A223,黑龙江八一农垦大学,3,139635
2022,1,F4,汉语言文学,A223,黑龙江八一农垦大学,3,125909
2022,1,G3,电子信息工程,A223,黑龙江八一农垦大学,2,160178
2022,1,G5,数据科学与大数据技术,A223,黑龙江八一农垦大学,3,158933
2022,1,H1,生物科学类,A223,黑龙江八一农垦大学,3,167350
2022,1,H2,生物工程,A223,黑龙江八一农垦大学,2,169084
2022,1,J2,应用化学,A223,黑龙江八一农垦大学,2,171665
2022,1,K2,园林,A223,黑龙江八一农垦大学,4,174464
2022,1,K5,设施农业科学与工程,A223,黑龙江八一农垦大学,3,170703
2022,1,M1,土木类,A223,黑龙江八一农垦大学,3,174886
2022,1,M2,水利水电工程,A223,黑龙江八一农垦大学,2,172108
2022,1,01,植物生产类(1),A224,东北农业大学,14,41916
2022,1,02,农学(本硕博班),A224,东北农业大学,3,24568
2022,1,03,智慧农业,A224,东北农业大学,4,38900
2022,1,04,植物生产类(2),A224,东北农业大学,8,44016
2022,1,05,园艺(本硕博班),A224,东北农业大学,2,31910
2022,1,06,园艺(中新实验班),A224,东北农业大学,10,77068
2022,1,08,风景园林,A224,东北农业大学,3,35941
2022,1,09,环境科学与工程类,A224,东北农业大学,5,39988
2022,1,10,自然保护与环境生态类,A224,东北农业大学,8,43190
2022,1,12,生态学,A224,东北农业大学,5,40164
2022,1,14,动物生产类,A224,东北农业大学,6,44047
2022,1,16,动物医学,A224,东北农业大学,6,37528
2022,1,19,机械类,A224,东北农业大学,8,34179
2022,1,20,农业机械化及其自动化(本硕博班),A224,东北农业大学,3,30604
2022,1,21,能源动力类,A224,东北农业大学,3,33908
2022,1,23,金融学类,A224,东北农业大学,13,31073
2022,1,24,农林经济管理(本硕博班),A224,东北农业大学,3,22704
2022,1,25,生物科学类,A224,东北农业大学,8,33820
2022,1,26,生物科学(本硕博班),A224,东北农业大学,3,24963
2022,1,27,制药工程,A224,东北农业大学,4,35207
2022,1,28,食品科学与工程类,A224,东北农业大学,14,37587
2022,1,29,食品科学与工程(本硕博班),A224,东北农业大学,3,28951
2022,1,30,法学,A224,东北农业大学,3,25389
2022,1,31,土地资源管理,A224,东北农业大学,3,33672
2022,1,33,行政管理,A224,东北农业大学,5,31762
2022,1,35,水利类,A224,东北农业大学,14,42284
2022,1,36,电气类,A224,东北农业大学,4,29471
2022,1,37,计算机类,A224,东北农业大学,9,27637
2022,1,38,应用化学,A224,东北农业大学,4,38185
2022,1,39,化学生物学,A224,东北农业大学,4,38892
2022,1,40,俄语,A224,东北农业大学,5,36306
2022,1,42,数据科学与大数据技术,A224,东北农业大学,3,28645
2022,1,43,汉语国际教育,A224,东北农业大学,5,31911
2022,1,02,环境科学,A225,东北林业大学,5,36875
2022,1,03,食品科学与工程,A225,东北林业大学,3,33335
2022,1,04,地理信息科学,A225,东北林业大学,5,32196
2022,1,05,林学类(成栋实验班),A225,东北林业大学,5,32312
2022,1,06,生态学,A225,东北林业大学,3,36068
2022,1,08,林产化工,A225,东北林业大学,4,42855
2022,1,09,轻化工程,A225,东北林业大学,5,40549
2022,1,10,材料类,A225,东北林业大学,6,36182
2022,1,11,林业工程类(成栋班),A225,东北林业大学,5,33541
2022,1,13,野生动物与自然保护区管理,A225,东北林业大学,4,44145
2022,1,14,动物科学,A225,东北林业大学,4,39914
2022,1,15,动物医学,A225,东北林业大学,3,35895
2022,1,16,森林工程,A225,东北林业大学,5,39312
2022,1,18,物流工程,A225,东北林业大学,6,40106
2022,1,21,工业设计,A225,东北林业大学,4,36062
2022,1,23,机器人工程,A225,东北林业大学,6,30366
2022,1,24,生物科学类,A225,东北林业大学,15,32837
2022,1,25,生物科学(拔尖人才成栋班),A225,东北林业大学,2,24710
2022,1,26,园林,A225,东北林业大学,4,36285
2022,1,27,风景园林,A225,东北林业大学,6,33781
2022,1,28,城乡规划,A225,东北林业大学,5,36838
2022,1,29,土木工程,A225,东北林业大学,18,39776
2022,1,30,建筑环境与能源应用工程,A225,东北林业大学,3,38763
2022,1,31,工程管理,A225,东北林业大学,5,37463
2022,1,33,机械类(车辆),A225,东北林业大学,15,36724
2022,1,36,数学与应用数学,A225,东北林业大学,5,31032
2022,1,37,信息与计算科学,A225,东北林业大学,6,30291
2022,1,38,物理学,A225,东北林业大学,5,32375
2022,1,39,化学类,A225,东北林业大学,11,37674
2022,1,40,化学工程与工艺,A225,东北林业大学,5,37796
2022,1,43,法学,A225,东北林业大学,7,25288
2022,1,44,社会工作,A225,东北林业大学,4,32773
2022,1,45,广告学,A225,东北林业大学,5,33817
2022,1,46,政治学与行政学,A225,东北林业大学,4,28670
2022,1,47,英语,A225,东北林业大学,4,28720
2022,1,48,俄语,A225,东北林业大学,3,33476
2022,1,49,日语,A225,东北林业大学,5,34310
2022,1,H5,林学类,A225,东北林业大学,8,37150
2022,1,H7,木材科学与工程,A225,东北林业大学,6,41747
2022,1,H9,工业工程,A225,东北林业大学,5,34400
2022,1,HB,机械类(机电),A225,东北林业大学,13,31526
2022,1,HD,电气类,A225,东北林业大学,15,30247
2022,1,HF,交通运输类,A225,东北林业大学,9,35974
2022,1,HH,计算机类,A225,东北林业大学,19,26561
2022,1,HK,电子信息类,A225,东北林业大学,10,28374
2022,1,HM,工商管理类,A225,东北林业大学,22,33913
2022,1,HP,经济学类,A225,东北林业大学,7,28379
2022,1,H1,计算机科学与技术(中外合作办学),A225,东北林业大学,13,45090
2022,1,H2,生物技术(中外合作办学),A225,东北林业大学,16,58176
2022,1,H3,化学(中外合作办学),A225,东北林业大学,16,70802
2022,1,H4,工程管理(中外合作办学),A225,东北林业大学,20,74346
2022,1,02,临床医学(5+3一体化),A226,哈尔滨医科大学,3,6694
2022,1,03,临床医学(5+3一体化，儿科学硕士),A226,哈尔滨医科大学,1,11189
2022,1,04,基础医学(伍连德班),A226,哈尔滨医科大学,1,17198
2022,1,05,基础医学,A226,哈尔滨医科大学,1,15620
2022,1,06,临床医学,A226,哈尔滨医科大学,9,10670
2022,1,08,麻醉学,A226,哈尔滨医科大学,1,11238
2022,1,09,医学影像学,A226,哈尔滨医科大学,1,14393
2022,1,0A,儿科学,A226,哈尔滨医科大学,1,16634
2022,1,0B,口腔医学,A226,哈尔滨医科大学,1,7072
2022,1,0C,预防医学,A226,哈尔滨医科大学,2,25635
2022,1,0D,药学,A226,哈尔滨医科大学,2,31030
2022,1,0E,临床药学,A226,哈尔滨医科大学,3,32674
2022,1,0G,智能医学工程,A226,哈尔滨医科大学,2,30406
2022,1,0J,生物信息学,A226,哈尔滨医科大学,2,36622
2022,1,0K,生物医学工程,A226,哈尔滨医科大学,1,34042
2022,1,0L,法学,A226,哈尔滨医科大学,2,46105
2022,1,0M,护理学,A226,哈尔滨医科大学,4,64157
2022,1,0N,公共事业管理,A226,哈尔滨医科大学,2,56125
2022,1,0P,医学检验技术,A226,哈尔滨医科大学,8,50320
2022,1,0Q,康复治疗学,A226,哈尔滨医科大学,9,84290
2022,1,0R,精神医学,A226,哈尔滨医科大学,9,55833
2022,1,0T,药物制剂,A226,哈尔滨医科大学,6,60870
2022,1,0U,药物分析,A226,哈尔滨医科大学,5,78570
2022,1,0V,医学实验技术,A226,哈尔滨医科大学,5,95898
2022,1,0Y,信息管理与信息系统,A226,哈尔滨医科大学,8,136557
2022,1,0Z,健康服务与管理,A226,哈尔滨医科大学,6,132956
2022,1,01,中医学(5+3一体化),A228,黑龙江中医药大学,9,36219
2022,1,02,中医学(5+3一体化，专业硕士儿科学),A228,黑龙江中医药大学,2,44693
2022,1,03,中医学,A228,黑龙江中医药大学,23,62702
2022,1,04,中西医临床医学,A228,黑龙江中医药大学,12,75711
2022,1,05,中医骨伤科学,A228,黑龙江中医药大学,13,85936
2022,1,06,护理学,A228,黑龙江中医药大学,6,129330
2022,1,07,针灸推拿学,A228,黑龙江中医药大学,6,69285
2022,1,08,康复治疗学,A228,黑龙江中医药大学,6,110259
2022,1,09,运动康复,A228,黑龙江中医药大学,2,121038
2022,1,10,中医康复学,A228,黑龙江中医药大学,10,97566
2022,1,11,中药学,A228,黑龙江中医药大学,3,70261
2022,1,12,药物制剂,A228,黑龙江中医药大学,10,140289
2022,1,13,制药工程,A228,黑龙江中医药大学,4,110895
2022,1,14,生物技术,A228,黑龙江中医药大学,2,89813
2022,1,15,中药资源与开发,A228,黑龙江中医药大学,2,120293
2022,1,16,药学,A228,黑龙江中医药大学,8,101354
2022,1,18,中药制药,A228,黑龙江中医药大学,2,73166
2022,1,22,应用心理学,A228,黑龙江中医药大学,2,63518
2022,1,24,智能医学工程,A228,黑龙江中医药大学,2,116861
2022,1,02,制药工程,A229,牡丹江医学院,2,168641
2022,1,03,生物医学工程,A229,牡丹江医学院,2,175829
2022,1,05,临床医学,A229,牡丹江医学院,9,93287
2022,1,06,麻醉学,A229,牡丹江医学院,4,95082
2022,1,07,医学影像学,A229,牡丹江医学院,4,77807
2022,1,12,医学检验技术,A229,牡丹江医学院,2,124156
2022,1,13,医学影像技术,A229,牡丹江医学院,2,124143
2022,1,78,心理学(师范类),A231,哈尔滨师范大学,4,57983
2022,1,7B,生物科学(师范类),A231,哈尔滨师范大学,3,52559
2022,1,7F,物理学(师范类),A231,哈尔滨师范大学,3,57617
2022,1,7H,英语(师范类),A231,哈尔滨师范大学,3,46541
2022,1,7K,小学教育(师范类),A231,哈尔滨师范大学,4,57361
2022,1,7L,数学与应用数学(师范类),A231,哈尔滨师范大学,3,50949
2022,1,7N,历史学(师范类),A231,哈尔滨师范大学,3,51739
2022,1,8A,俄语(非师范),A231,哈尔滨师范大学,4,75633
2022,1,8R,地理信息科学,A231,哈尔滨师范大学,3,63918
2022,1,8W,计算机科学与技术,A231,哈尔滨师范大学,3,55275
2022,1,95,行政管理,A231,哈尔滨师范大学,3,70190
2022,1,02,国际经济与贸易,A232,齐齐哈尔大学,1,129306
2022,1,03,法学,A232,齐齐哈尔大学,1,92230
2022,1,09,中国语言文学类,A232,齐齐哈尔大学,2,101029
2022,1,12,外国语言文学类,A232,齐齐哈尔大学,1,99435
2022,1,14,俄语(师范类),A232,齐齐哈尔大学,2,144072
2022,1,16,日语,A232,齐齐哈尔大学,2,140494
2022,1,17,朝鲜语,A232,齐齐哈尔大学,2,153122
2022,1,18,广播电视学,A232,齐齐哈尔大学,3,119266
2022,1,20,数学类,A232,齐齐哈尔大学,2,144295
2022,1,22,物理学(师范类),A232,齐齐哈尔大学,2,127998
2022,1,25,地理科学(师范类),A232,齐齐哈尔大学,2,103528
2022,1,26,生物科学(师范类),A232,齐齐哈尔大学,2,107875
2022,1,28,应用心理学,A232,齐齐哈尔大学,2,131052
2022,1,29,机械类,A232,齐齐哈尔大学,7,159201
2022,1,31,材料类,A232,齐齐哈尔大学,3,162608
2022,1,33,电气工程及其自动化,A232,齐齐哈尔大学,4,140264
2022,1,34,电子信息类,A232,齐齐哈尔大学,2,142135
2022,1,37,人工智能,A232,齐齐哈尔大学,2,129469
2022,1,38,自动化,A232,齐齐哈尔大学,2,135666
2022,1,39,计算机类,A232,齐齐哈尔大学,3,127072
2022,1,42,物联网工程,A232,齐齐哈尔大学,3,145542
2022,1,43,数据科学与大数据技术,A232,齐齐哈尔大学,4,144296
2022,1,44,土木工程,A232,齐齐哈尔大学,3,156760
2022,1,45,化工与制药类,A232,齐齐哈尔大学,2,149140
2022,1,47,纺织工程,A232,齐齐哈尔大学,2,168393
2022,1,48,轻工类,A232,齐齐哈尔大学,4,168965
2022,1,50,食品科学与工程类,A232,齐齐哈尔大学,1,141682
2022,1,56,林学,A232,齐齐哈尔大学,2,163777
2022,1,59,工商管理类,A232,齐齐哈尔大学,2,135323
2022,1,26,汉语言文学,A233,牡丹江师范学院,3,143257
2022,1,39,商务英语,A233,牡丹江师范学院,2,174583
2022,1,41,历史学,A233,牡丹江师范学院,3,148455
2022,1,42,数学与应用数学,A233,牡丹江师范学院,3,170769
2022,1,45,化学,A233,牡丹江师范学院,3,167240
2022,1,50,生物技术,A233,牡丹江师范学院,4,189857
2022,1,53,电气工程及其自动化,A233,牡丹江师范学院,2,193126
2022,1,54,电子信息科学与技术,A233,牡丹江师范学院,3,202579
2022,1,62,工商管理,A233,牡丹江师范学院,5,195084
2022,1,63,市场营销,A233,牡丹江师范学院,4,195520
2022,1,68,英语(师范类),A233,牡丹江师范学院,3,154401
2022,1,16,英语(师范类),A234,哈尔滨学院,5,150750
2022,1,17,俄语,A234,哈尔滨学院,2,179780
2022,1,18,商务英语,A234,哈尔滨学院,2,171304
2022,1,19,小学教育(师范类),A234,哈尔滨学院,3,144239
2022,1,1A,学前教育(师范类),A234,哈尔滨学院,2,167563
2022,1,1B,汉语言文学(师范类),A234,哈尔滨学院,2,129385
2022,1,1C,汉语国际教育,A234,哈尔滨学院,2,144535
2022,1,1E,社会工作,A234,哈尔滨学院,1,158202
2022,1,1F,旅游管理,A234,哈尔滨学院,2,189679
2022,1,1G,地理信息科学,A234,哈尔滨学院,2,159892
2022,1,1H,会计学,A234,哈尔滨学院,2,146242
2022,1,1J,财务管理,A234,哈尔滨学院,2,170900
2022,1,1K,金融学,A234,哈尔滨学院,2,156079
2022,1,1L,商务经济学,A234,哈尔滨学院,2,175270
2022,1,1M,电子信息工程,A234,哈尔滨学院,2,172707
2022,1,1N,化学(师范类),A234,哈尔滨学院,2,163067
2022,1,1P,数学与应用数学(师范类),A234,哈尔滨学院,3,170205
2022,1,1R,计算机科学与技术,A234,哈尔滨学院,2,168809
2022,1,1S,建筑电气与智能化,A234,哈尔滨学院,2,189516
2022,1,1U,软件工程,A234,哈尔滨学院,2,177525
2022,1,1V,土木类,A234,哈尔滨学院,2,198168
2022,1,01,工商管理类,A235,大庆师范学院,10,199725
2022,1,02,旅游管理,A235,大庆师范学院,4,201390
2022,1,04,法学,A235,大庆师范学院,4,155236
2022,1,09,化学工程与工艺,A235,大庆师范学院,8,199404
2022,1,0F,学前教育(师范类),A235,大庆师范学院,7,174926
2022,1,0H,数学与应用数学(师范类),A235,大庆师范学院,8,183500
2022,1,0U,日语,A235,大庆师范学院,9,195829
2022,1,18,汽车服务工程,A235,大庆师范学院,5,211966
2022,1,1A,汉语言文学(师范类),A235,大庆师范学院,7,158095
2022,1,1B,秘书学,A235,大庆师范学院,8,194678
2022,1,1C,汉语国际教育(师范类),A235,大庆师范学院,3,175789
2022,1,03,特殊教育(师范类),A236,绥化学院,4,175803
2022,1,06,汉语言文学(师范类),A236,绥化学院,2,156628
2022,1,07,英语(师范类),A236,绥化学院,3,166980
2022,1,08,英语,A236,绥化学院,4,174725
2022,1,0D,数学与应用数学(师范类),A236,绥化学院,6,192998
2022,1,0E,化学,A236,绥化学院,3,190355
2022,1,0G,汽车服务工程,A236,绥化学院,4,214344
2022,1,0H,电气工程及其自动化,A236,绥化学院,4,210666
2022,1,0J,电子信息工程,A236,绥化学院,4,207881
2022,1,0K,自动化,A236,绥化学院,4,211199
2022,1,0L,计算机科学与技术,A236,绥化学院,4,206124
2022,1,0M,软件工程,A236,绥化学院,3,204216
2022,1,0Q,化学工程与工艺,A236,绥化学院,4,201979
2022,1,0R,制药工程,A236,绥化学院,4,197856
2022,1,0V,工程造价,A236,绥化学院,3,207800
2022,1,0X,财务管理,A236,绥化学院,4,187504
2022,1,06,统计学,A240,哈尔滨商业大学,7,119915
2022,1,15,物联网工程,A240,哈尔滨商业大学,5,122682
2022,1,19,物流管理,A240,哈尔滨商业大学,13,145168
2022,1,20,物流工程,A240,哈尔滨商业大学,6,147921
2022,1,21,宝石及材料工艺学,A240,哈尔滨商业大学,7,186539
2022,1,27,环境工程,A240,哈尔滨商业大学,4,149344
2022,1,30,生物工程,A240,哈尔滨商业大学,4,144499
2022,1,31,制药工程,A240,哈尔滨商业大学,5,135332
2022,1,32,药学,A240,哈尔滨商业大学,4,125385
2022,1,33,中药学,A240,哈尔滨商业大学,6,142578
2022,1,39,电子信息工程,A240,哈尔滨商业大学,3,100437
2022,1,43,电子商务,A240,哈尔滨商业大学,6,118786
2022,1,49,烹饪与营养教育,A240,哈尔滨商业大学,3,166957
2022,1,52,法学,A240,哈尔滨商业大学,4,69744
2022,1,53,社会工作,A240,哈尔滨商业大学,2,114222
2022,1,61,新闻学,A240,哈尔滨商业大学,9,92618
2022,1,62,数学与应用数学,A240,哈尔滨商业大学,4,129253
2022,1,78,金融学类(金融学院),A240,哈尔滨商业大学,32,105046
2022,1,79,工商管理类(商务学院),A240,哈尔滨商业大学,21,119539
2022,1,80,工商管理类(会计学院),A240,哈尔滨商业大学,9,63678
2022,1,83,经济学类(经济学院),A240,哈尔滨商业大学,25,112248
2022,1,84,财政学类(财政与公共管理学院),A240,哈尔滨商业大学,22,118300
2022,1,85,经济与贸易类(经济学院),A240,哈尔滨商业大学,15,114313
2022,1,86,公共管理类(财政与公共管理学院),A240,哈尔滨商业大学,13,127881
2022,1,93,计算机类(计算机学院),A240,哈尔滨商业大学,9,101815
2022,1,94,外国语言文学类(外语学院),A240,哈尔滨商业大学,6,98608
2022,1,96,轻工类(轻工学院),A240,哈尔滨商业大学,6,162947
2022,1,99,食品科学与工程类(食品工程学院),A240,哈尔滨商业大学,20,155535
2022,1,03,运动人体科学,A242,哈尔滨体育学院,5,202440
2022,1,04,运动康复,A242,哈尔滨体育学院,20,202399
2022,1,05,英语,A242,哈尔滨体育学院,4,187509
2022,1,06,新闻学,A242,哈尔滨体育学院,7,190182
2022,1,07,体育经济与管理,A242,哈尔滨体育学院,4,197747
2022,1,01,金融学,A245,哈尔滨金融学院,4,121746
2022,1,02,国际经济与贸易,A245,哈尔滨金融学院,2,164336
2022,1,06,会计学,A245,哈尔滨金融学院,4,126852
2022,1,10,电子商务,A245,哈尔滨金融学院,2,160479
2022,1,15,投资学,A245,哈尔滨金融学院,6,170147
2022,1,16,商务英语,A245,哈尔滨金融学院,3,178111
2022,1,17,财务管理,A245,哈尔滨金融学院,4,151174
2022,1,18,市场营销,A245,哈尔滨金融学院,4,175358
2022,1,19,税收学,A245,哈尔滨金融学院,4,148839
2022,1,23,知识产权,A245,哈尔滨金融学院,2,166780
2022,1,12,人文科学试验班(拔尖学生培养基地),A246,复旦大学,5,502
2022,1,48,新闻传播学类(卓越新闻人才计划),A246,复旦大学,3,661
2022,1,4B,法学(卓越法律人才基地),A246,复旦大学,2,575
2022,1,4G,经济学类(拔尖学生培养基地),A246,复旦大学,10,358
2022,1,4K,经济管理试验班,A246,复旦大学,2,226
2022,1,4N,数学类(拔尖学生培养基地),A246,复旦大学,3,228
2022,1,4Q,技术科学试验班(拔尖学生培养基地),A246,复旦大学,15,490
2022,1,4T,工科试验班(新工科本研贯通),A246,复旦大学,5,294
2022,1,4Z,自然科学试验班(物理化学方向，拔尖学生培养基地),A246,复旦大学,14,569
2022,1,52,社会科学试验班(含政治及行政学、国政等专业),A246,复旦大学,5,780
2022,1,01,人文科学试验班,A247,同济大学,8,3151
2022,1,02,社会科学试验班,A247,同济大学,4,2595
2022,1,03,经济管理试验班,A247,同济大学,8,1888
2022,1,04,工科试验班(建筑规划景观与设计类),A247,同济大学,11,1808
2022,1,05,工科试验班(土木与环境类),A247,同济大学,22,2919
2022,1,08,工科试验班(信息类),A247,同济大学,36,1598
2022,1,09,医学试验班,A247,同济大学,3,1686
2022,1,10,理科试验班,A247,同济大学,13,2036
2022,1,47,工科试验班(国豪精英班),A247,同济大学,4,976
2022,1,69,临床医学(5+3一体化),A247,同济大学,5,1471
2022,1,J1,数学与应用数学(数学拔尖学生培养),A247,同济大学,3,1601
2022,1,QA,工科试验班(智能交通与车辆类),A247,同济大学,18,2282
2022,1,QC,工科试验班(智能化制造与先进材料类),A247,同济大学,10,1938
2022,1,01,人工智能(卓越人才试点班),A248,上海交通大学,5,206
2022,1,02,电子信息类(IEEE试点班，含双学士学位项目),A248,上海交通大学,4,178
2022,1,Z1,自然科学试验班,A248,上海交通大学,19,883
2022,1,Z2,自然保护与环境生态类(含双学士学位项目),A248,上海交通大学,40,1871
2022,1,Z4,经济管理试验班(含双学士学位项目),A248,上海交通大学,12,562
2022,1,Z6,法学试验班(含双学士学位项目),A248,上海交通大学,1,498
2022,1,Z8,工科试验班类(信息类),A248,上海交通大学,37,484
2022,1,ZA,工科试验班类(机电类),A248,上海交通大学,20,647
2022,1,ZC,工科试验班类(船建学院),A248,上海交通大学,20,850
2022,1,ZE,理科试验班类(含致远，吴文俊、李政道班，双学士学位项目),A248,上海交通大学,16,551
2022,1,02,电子信息类(智能与机器人实验班),A251,华东理工大学,11,11926
2022,1,03,工科试验班(生物医药),A251,华东理工大学,9,13183
2022,1,04,工科试验班(智慧化工),A251,华东理工大学,20,17044
2022,1,08,工科试验班(能源与环境),A251,华东理工大学,6,13028
2022,1,11,化工与制药类(国际卓越工程师班),A251,华东理工大学,3,13747
2022,1,13,生物工程类,A251,华东理工大学,23,18409
2022,1,15,化学类,A251,华东理工大学,18,16905
2022,1,16,药学,A251,华东理工大学,7,18201
2022,1,17,材料类,A251,华东理工大学,18,18573
2022,1,19,机械类(机械智能化实验班),A251,华东理工大学,24,15929
2022,1,20,电子信息类,A251,华东理工大学,13,12131
2022,1,21,计算机类,A251,华东理工大学,3,8373
2022,1,22,数学类,A251,华东理工大学,3,11457
2022,1,23,物理学类,A251,华东理工大学,7,14714
2022,1,24,经济学类,A251,华东理工大学,2,11785
2022,1,25,管理科学与工程类,A251,华东理工大学,4,15159
2022,1,26,工商管理类,A251,华东理工大学,5,13410
2022,1,28,公共管理类,A251,华东理工大学,4,17113
2022,1,29,工业设计,A251,华东理工大学,2,14975
2022,1,30,风景园林(景观建筑规划方向),A251,华东理工大学,2,17253
2022,1,31,外国语言文学类,A251,华东理工大学,5,17923
2022,1,32,法学,A251,华东理工大学,5,13039
2022,1,38,化学工程与工艺(双学士学位项目),A251,华东理工大学,4,9521
2022,1,39,计算机科学与技术(双学士学位项目),A251,华东理工大学,4,8225
2022,1,40,应用化学(双学士学位项目),A251,华东理工大学,2,12949
2022,1,42,能源与动力工程(双学士学位项目),A251,华东理工大学,3,13624
2022,1,01,工科试验班(智能化制造类),A252,上海理工大学,17,29485
2022,1,02,工科试验班(电子与信息类),A252,上海理工大学,5,19808
2022,1,03,工科试验班(医理工综合类),A252,上海理工大学,3,30895
2022,1,04,理科试验班,A252,上海理工大学,4,25578
2022,1,05,经济管理试验班,A252,上海理工大学,6,28074
2022,1,06,新闻传播学类,A252,上海理工大学,6,28470
2022,1,0L,光电信息科学与工程(中外合作办学)(中德合作),A252,上海理工大学,1,33114
2022,1,0M,工商管理(中外合作办学)(中美合作),A252,上海理工大学,4,40000
2022,1,0N,机械设计制造及其自动化(中外合作办学)(合作高校为德国富特旺根应用,A252,上海理工大学,4,46243
2022,1,0P,英语(中外合作办学)(中美合作),A252,上海理工大学,5,46375
2022,1,0Q,机械设计制造及其自动化(中外合作办学)(中英合作),A252,上海理工大学,4,42305
2022,1,0R,电子信息科学与技术(中外合作办学)(中英合作),A252,上海理工大学,3,37545
2022,1,0S,工商管理(中外合作办学)(中英合作),A252,上海理工大学,1,40629
2022,1,0T,会展经济与管理(中外合作办学)(中英合作),A252,上海理工大学,3,52085
2022,1,04,能源与动力工程,A254,上海海事大学,2,32843
2022,1,05,交通管理(国航),A254,上海海事大学,2,25211
2022,1,09,物流管理,A254,上海海事大学,2,34028
2022,1,0C,经济学类,A254,上海海事大学,2,27068
2022,1,0J,机械类,A254,上海海事大学,2,32768
2022,1,0K,电气类,A254,上海海事大学,2,28336
2022,1,0P,计算机类,A254,上海海事大学,2,29192
2022,1,0R,外国语言文学类,A254,上海海事大学,3,29365
2022,1,16,法学(海商法),A254,上海海事大学,2,20737
2022,1,1G,交通运输,A254,上海海事大学,2,33940
2022,1,1S,机械电子工程(中外合作办学),A254,上海海事大学,6,56348
2022,1,1T,电气工程与智能控制(中外合作办学),A254,上海海事大学,5,48859
2022,1,45,材料类,A255,东华大学,9,21102
2022,1,48,电子信息类,A255,东华大学,12,15249
2022,1,4B,纺织类,A255,东华大学,3,19950
2022,1,4E,服装设计与工程,A255,东华大学,2,16638
2022,1,4G,工业设计,A255,东华大学,2,16628
2022,1,4J,功能材料,A255,东华大学,2,19570
2022,1,4L,管理科学与工程类,A255,东华大学,4,18366
2022,1,4N,化学类,A255,东华大学,2,18479
2022,1,4R,环境工程(双学士学位),A255,东华大学,2,16914
2022,1,4T,机械工程,A255,东华大学,2,16464
2022,1,4W,计算机类,A255,东华大学,7,12720
2022,1,4Y,建筑环境与能源应用工程,A255,东华大学,2,20889
2022,1,50,经济管理试验班,A255,东华大学,8,15351
2022,1,52,经济与贸易类,A255,东华大学,4,15055
2022,1,54,理科试验班类,A255,东华大学,2,12852
2022,1,57,能源与环境系统工程,A255,东华大学,2,18523
2022,1,59,人工智能,A255,东华大学,3,14417
2022,1,5B,日语,A255,东华大学,2,20724
2022,1,5D,社会科学试验班,A255,东华大学,2,13863
2022,1,5F,数学类(金融与统计),A255,东华大学,3,14906
2022,1,5H,物理学类(光电与能源新技术),A255,东华大学,3,15779
2022,1,5L,新闻传播学类,A255,东华大学,7,16519
2022,1,5N,英语,A255,东华大学,4,18405
2022,1,5Q,智能科学与技术,A255,东华大学,2,13767
2022,1,5S,智能制造工程,A255,东华大学,2,14833
2022,1,5U,生物工程,A255,东华大学,3,19255
2022,1,11,能源与动力工程,A256,上海电力大学,4,31804
2022,1,13,机械电子工程,A256,上海电力大学,4,33292
2022,1,14,新能源科学与工程,A256,上海电力大学,3,30475
2022,1,15,核工程与核技术,A256,上海电力大学,4,32510
2022,1,21,环境工程,A256,上海电力大学,2,39943
2022,1,31,电气工程及其自动化,A256,上海电力大学,17,22375
2022,1,41,自动化,A256,上海电力大学,3,25369
2022,1,43,核电技术与控制工程,A256,上海电力大学,3,31122
2022,1,52,软件工程,A256,上海电力大学,3,24874
2022,1,62,电子信息工程,A256,上海电力大学,3,25267
2022,1,65,集成电路设计与集成系统,A256,上海电力大学,3,28989
2022,1,77,能源服务工程,A256,上海电力大学,3,38367
2022,1,81,信息与计算科学,A256,上海电力大学,2,29424
2022,1,82,应用物理学,A256,上海电力大学,3,33289
2022,1,33,电气工程及其自动化(中外合作办学),A256,上海电力大学,9,28942
2022,1,05,机械设计制造及其自动化(卓越工程师计划试点班),A259,上海应用技术大学,3,50075
2022,1,08,电气工程及其自动化(卓越工程师计划试点班),A259,上海应用技术大学,3,43991
2022,1,13,软件工程(卓越工程师计划试点班),A259,上海应用技术大学,3,40488
2022,1,15,人工智能,A259,上海应用技术大学,4,47049
2022,1,36,工商管理类,A259,上海应用技术大学,3,56711
2022,1,38,大数据管理与应用,A259,上海应用技术大学,3,48410
2022,1,07,机械设计制造及其自动化(中外合作办学)(中美合作),A259,上海应用技术大学,3,74286
2022,1,12,电气工程及其自动化(中外合作办学)(中美合作),A259,上海应用技术大学,3,65903
2022,1,01,临床医学,A262,上海健康医学院,7,87400
2022,1,05,康复物理治疗,A262,上海健康医学院,5,125332
2022,1,08,数据科学与大数据技术,A262,上海健康医学院,5,113897
2022,1,09,医疗产品管理,A262,上海健康医学院,5,118969
2022,1,10,医学检验技术,A262,上海健康医学院,5,104319
2022,1,11,卫生检验与检疫,A262,上海健康医学院,5,120390
2022,1,12,口腔医学技术,A262,上海健康医学院,5,101718
2022,1,13,医学影像技术,A262,上海健康医学院,5,91581
2022,1,14,智能影像工程,A262,上海健康医学院,10,109761
2022,1,15,药学,A262,上海健康医学院,8,116028
2022,1,16,药物分析,A262,上海健康医学院,5,126923
2022,1,19,公共事业管理,A262,上海健康医学院,5,122683
2022,1,02,水产类,A264,上海海洋大学,7,39642
2022,1,09,食品科学与工程类,A264,上海海洋大学,7,36878
2022,1,11,环境科学与工程类,A264,上海海洋大学,7,37224
2022,1,15,会计学,A264,上海海洋大学,10,31933
2022,1,21,计算机类,A264,上海海洋大学,11,30031
2022,1,26,日语,A264,上海海洋大学,8,37774
2022,1,4H,信息管理与信息系统(中外合作办学),A264,上海海洋大学,15,51879
2022,1,4J,市场营销(中外合作办学),A264,上海海洋大学,5,46987
2022,1,01,中医学(屠呦呦班),A268,上海中医药大学,4,4132
2022,1,02,中医学(5+3一体化),A268,上海中医药大学,3,7902
2022,1,03,中医学(5+3一体化，针灸推拿英语方向),A268,上海中医药大学,2,9018
2022,1,19,药学(中外合作办学),A268,上海中医药大学,2,34895
2022,1,21,汉语言文学,A269,华东师范大学,3,3448
2022,1,22,汉语国际教育,A269,华东师范大学,3,4903
2022,1,23,英语,A269,华东师范大学,1,3933
2022,1,25,翻译,A269,华东师范大学,1,3974
2022,1,26,德语,A269,华东师范大学,2,5979
2022,1,27,法语,A269,华东师范大学,1,4538
2022,1,29,日语,A269,华东师范大学,1,5629
2022,1,31,金融学类,A269,华东师范大学,3,3674
2022,1,32,工商管理类,A269,华东师范大学,1,4077
2022,1,33,工商管理(中法创新实验班),A269,华东师范大学,2,4971
2022,1,34,公共管理类,A269,华东师范大学,1,4919
2022,1,35,人文地理与城乡规划,A269,华东师范大学,2,4931
2022,1,36,新闻传播学类,A269,华东师范大学,2,4161
2022,1,37,历史学,A269,华东师范大学,2,3794
2022,1,38,哲学,A269,华东师范大学,2,3904
2022,1,40,政治学与行政学(双学位),A269,华东师范大学,2,3845
2022,1,43,法学,A269,华东师范大学,2,3552
2022,1,44,法学(双学位),A269,华东师范大学,1,3227
2022,1,46,教育学类(师范类),A269,华东师范大学,3,4781
2022,1,50,翻译(双学位),A269,华东师范大学,1,3963
2022,1,61,金融学(双学位),A269,华东师范大学,2,2338
2022,1,74,心理学类,A269,华东师范大学,2,3819
2022,1,75,心理学(双学位),A269,华东师范大学,2,2917
2022,1,76,数学与应用数学,A269,华东师范大学,2,3219
2022,1,77,统计学类,A269,华东师范大学,2,2749
2022,1,78,统计学(双学位),A269,华东师范大学,2,2240
2022,1,79,物理学,A269,华东师范大学,2,3886
2022,1,80,电子信息科学与技术,A269,华东师范大学,2,4024
2022,1,81,通信工程,A269,华东师范大学,2,4581
2022,1,82,微电子科学与工程,A269,华东师范大学,2,3801
2022,1,83,计算机科学与技术,A269,华东师范大学,4,3433
2022,1,84,软件工程,A269,华东师范大学,6,2849
2022,1,85,数据科学与大数据技术,A269,华东师范大学,4,3709
2022,1,86,信息管理与信息系统,A269,华东师范大学,1,4530
2022,1,89,化学,A269,华东师范大学,2,4029
2022,1,90,生物科学类,A269,华东师范大学,1,3308
2022,1,93,地理信息科学,A269,华东师范大学,1,3702
2022,1,95,环境科学与工程类,A269,华东师范大学,1,4688
2022,1,97,通信工程(双学位),A269,华东师范大学,2,4106
2022,1,24,艺术管理,A270,上海师范大学,10,50187
2022,1,52,汉语言文学(师范类),A270,上海师范大学,5,19428
2022,1,5E,英语(师范类),A270,上海师范大学,4,22130
2022,1,61,法语,A270,上海师范大学,4,34665
2022,1,62,日语,A270,上海师范大学,5,33675
2022,1,65,小学教育(师范类),A270,上海师范大学,6,28488
2022,1,68,应用心理学,A270,上海师范大学,5,27922
2022,1,6D,数学与应用数学(数学金融AI实验班),A270,上海师范大学,7,28878
2022,1,71,生物科学,A270,上海师范大学,5,29429
2022,1,74,食品安全与检测,A270,上海师范大学,4,39490
2022,1,78,化学类,A270,上海师范大学,5,34262
2022,1,7D,旅游管理类,A270,上海师范大学,10,48167
2022,1,80,电子信息类,A270,上海师范大学,13,32942
2022,1,84,工程管理,A270,上海师范大学,8,50341
2022,1,8A,金融学类,A270,上海师范大学,8,32629
2022,1,8B,金融科技,A270,上海师范大学,5,33025
2022,1,90,新闻传播学类,A270,上海师范大学,8,26806
2022,1,7G,园艺(中外合作办学)(中荷合作),A270,上海师范大学,6,73066
2022,1,7K,汽车服务工程(中外合作办学)(中德合作),A270,上海师范大学,6,75117
2022,1,7M,电子信息工程(中外合作办学)(中美合作),A270,上海师范大学,7,50179
2022,1,7N,土木工程(中外合作办学)(中英合作),A270,上海师范大学,10,72871
2022,1,8G,经济学(中外合作办学)(中美合作),A270,上海师范大学,6,44907
2022,1,8J,经济学(中外合作办学)(中法合作),A270,上海师范大学,6,48845
2022,1,8K,计算机科学与技术(中外合作办学)(中法合作),A270,上海师范大学,6,48669
2022,1,01,英语,A271,上海外国语大学,2,5370
2022,1,03,翻译,A271,上海外国语大学,2,6184
2022,1,12,德语,A271,上海外国语大学,2,7420
2022,1,15,西班牙语,A271,上海外国语大学,2,7995
2022,1,18,意大利语,A271,上海外国语大学,2,8601
2022,1,A1,金融学,A271,上海外国语大学,2,6223
2022,1,A2,精算学,A271,上海外国语大学,1,7496
2022,1,A3,国际经济与贸易,A271,上海外国语大学,1,6455
2022,1,A4,数据科学与大数据技术,A271,上海外国语大学,1,7349
2022,1,B1,法学,A271,上海外国语大学,1,6899
2022,1,B3,国际政治,A271,上海外国语大学,1,8891
2022,1,B4,外交学,A271,上海外国语大学,1,6716
2022,1,B5,外交学(法语双学位),A271,上海外国语大学,1,5968
2022,1,C1,教育技术学,A271,上海外国语大学,2,9884
2022,1,C2,汉语国际教育,A271,上海外国语大学,2,9285
2022,1,D1,新闻传播学类(卓越国际新闻传播人才计划),A271,上海外国语大学,4,5972
2022,1,D2,英语(教育),A271,上海外国语大学,2,6214
2022,1,D4,商务英语,A271,上海外国语大学,2,6850
2022,1,D6,法语,A271,上海外国语大学,2,4100
2022,1,DC,政治学与行政学,A271,上海外国语大学,1,8435
2022,1,01,会计学,A272,上海财经大学,3,1767
2022,1,02,财务管理(智能化方向),A272,上海财经大学,3,2244
2022,1,06,金融学(双学士学位、统计学和金融学),A272,上海财经大学,5,1534
2022,1,09,工商管理类,A272,上海财经大学,4,3911
2022,1,0A,国际经济与贸易,A272,上海财经大学,3,3034
2022,1,0C,经济学,A272,上海财经大学,2,2176
2022,1,0D,经济学(双学士学位、经济学院和数学学院培养),A272,上海财经大学,2,1893
2022,1,0F,财政学类,A272,上海财经大学,4,2609
2022,1,0G,投资学,A272,上海财经大学,3,3301
2022,1,0J,新闻学,A272,上海财经大学,3,6182
2022,1,0N,计算机科学与技术,A272,上海财经大学,3,3612
2022,1,0P,数据科学与大数据技术(工学),A272,上海财经大学,4,3938
2022,1,0R,日语,A272,上海财经大学,2,7042
2022,1,0X,投资学(双学士学位、公管学院和数学学院培养),A272,上海财经大学,3,3011
2022,1,0Y,金融学,A272,上海财经大学,4,1378
2022,1,10,保险学(保险精算),A272,上海财经大学,3,3528
2022,1,12,数学类,A272,上海财经大学,5,4084
2022,1,01,国际经济与贸易(全英语),A273,上海对外经贸大学,2,20044
2022,1,02,金融学(全英语),A273,上海对外经贸大学,2,17745
2022,1,04,金融学,A273,上海对外经贸大学,2,16484
2022,1,10,会计学(国际会计方向),A273,上海对外经贸大学,3,18750
2022,1,14,法学(国际经济法方向),A273,上海对外经贸大学,2,16003
2022,1,34,数据科学与大数据技术,A273,上海对外经贸大学,3,20302
2022,1,38,人工智能,A273,上海对外经贸大学,2,17713
2022,1,39,物流管理(中外合作办学)(中澳合作),A273,上海对外经贸大学,3,42425
2022,1,3A,金融学(中外合作办学)(中加合作),A273,上海对外经贸大学,3,28451
2022,1,01,法学(民商法律),A276,华东政法大学,10,5959
2022,1,02,法学(卓越民商法治人才实验班),A276,华东政法大学,2,3919
2022,1,03,法学(经济法),A276,华东政法大学,6,6535
2022,1,04,法学(卓越经济法律人才实验班),A276,华东政法大学,2,4324
2022,1,05,法学(国际经济法),A276,华东政法大学,6,7145
2022,1,06,法学(沪港交流涉外卓越法律人才实验班),A276,华东政法大学,2,4958
2022,1,07,法学(刑事法律),A276,华东政法大学,2,6359
2022,1,08,法学(刑事司法),A276,华东政法大学,2,6790
2022,1,09,法学(网络与信息法),A276,华东政法大学,2,7149
2022,1,0A,法学(卓越刑事法律人才实验班),A276,华东政法大学,2,4852
2022,1,0C,法学(涉外卓越国际金融法律人才实验班),A276,华东政法大学,3,5400
2022,1,0G,知识产权(卓越人才实验班),A276,华东政法大学,2,5172
2022,1,0K,公共事业管理,A276,华东政法大学,2,16701
2022,1,0L,经济学类,A276,华东政法大学,6,12240
2022,1,0M,社会学类,A276,华东政法大学,2,13059
2022,1,0P,新闻学(卓越人才实验班),A276,华东政法大学,1,8197
2022,1,0T,英语(涉外法商),A276,华东政法大学,3,12818
2022,1,01,新闻学,A277,上海体育学院,2,33390
2022,1,04,医学技术类,A277,上海体育学院,4,45445
2022,1,05,工商管理类,A277,上海体育学院,2,46466
2022,1,06,数据科学与大数据技术,A277,上海体育学院,2,47029
2022,1,20,艺术管理,A278,上海音乐学院,2,30522
2022,1,04,戏剧影视文学,A279,上海戏剧学院,2,27722
2022,1,05,戏剧学,A279,上海戏剧学院,1,34345
2022,1,06,戏剧教育,A279,上海戏剧学院,2,33610
2022,1,14,艺术管理,A279,上海戏剧学院,2,34429
2022,1,16,广播电视编导,A279,上海戏剧学院,2,24828
2022,1,17,影视摄影与制作,A279,上海戏剧学院,3,31633
2022,1,02,社会学类,A280,上海大学,6,10173
2022,1,50,理科试验班类,A280,上海大学,10,11424
2022,1,53,经济学类,A280,上海大学,3,9351
2022,1,86,电气类,A280,上海大学,9,12685
2022,1,87,材料类,A280,上海大学,3,15769
2022,1,16,国际经济与贸易(中外合作办学),A280,上海大学,2,19312
2022,1,17,工商管理(中外合作办学),A280,上海大学,2,21841
2022,1,19,金融学(中外合作办学),A280,上海大学,3,15660
2022,1,68,信息管理与信息系统(中外合作办学),A280,上海大学,3,21059
2022,1,70,机械工程(中外合作办学),A280,上海大学,5,27825
2022,1,71,材料科学与工程(中外合作办学),A280,上海大学,5,26473
2022,1,72,信息工程(中外合作办学),A280,上海大学,6,24051
2022,1,88,电气工程及其自动化(中外合作办学),A280,上海大学,2,21477
2022,1,89,土木工程(中外合作办学),A280,上海大学,2,37526
2022,1,90,环境工程(中外合作办学),A280,上海大学,2,40654
2022,1,S2,社会科学试验班,A284,南京大学,5,1058
2022,1,S4,经济管理试验班,A284,南京大学,9,1013
2022,1,S6,理科试验班(数理科学类),A284,南京大学,16,851
2022,1,S8,电子信息类,A284,南京大学,8,761
2022,1,SA,工科试验班,A284,南京大学,5,871
2022,1,SC,计算机科学与技术,A284,南京大学,5,538
2022,1,SE,人工智能,A284,南京大学,3,464
2022,1,SG,软件工程,A284,南京大学,7,752
2022,1,SJ,理科试验班类(匡亚明学院大理科班),A284,南京大学,5,622
2022,1,SL,理科试验班类(化学与生命科学类),A284,南京大学,5,962
2022,1,SP,理科试验班类(地球科学与资源环境类),A284,南京大学,4,1077
2022,1,SS,技术科学试验班,A284,南京大学,12,801
2022,1,01,中国语言文学类,A285,苏州大学,2,8993
2022,1,03,新闻传播学类,A285,苏州大学,2,9543
2022,1,0R,金融学,A285,苏州大学,2,7651
2022,1,0Z,法学,A285,苏州大学,2,8857
2022,1,18,朝鲜语,A285,苏州大学,2,19898
2022,1,1E,金融数学,A285,苏州大学,3,8635
2022,1,1F,数学类,A285,苏州大学,2,9706
2022,1,1R,环境工程,A285,苏州大学,2,21081
2022,1,1V,纳米材料与技术,A285,苏州大学,5,16473
2022,1,1X,计算机科学与技术,A285,苏州大学,2,8759
2022,1,1Y,电子信息类,A285,苏州大学,4,11137
2022,1,22,冶金工程,A285,苏州大学,2,22816
2022,1,2U,生物技术,A285,苏州大学,2,12112
2022,1,2V,放射医学,A285,苏州大学,2,9180
2022,1,2W,预防医学,A285,苏州大学,2,12768
2022,1,2Y,药学,A285,苏州大学,2,12135
2022,1,31,临床医学(5+3一体化),A285,苏州大学,3,4851
2022,1,33,临床医学,A285,苏州大学,2,5944
2022,1,39,人工智能,A285,苏州大学,4,9227
2022,1,3D,机器人工程,A285,苏州大学,2,11167
2022,1,3E,应用心理学,A285,苏州大学,2,12841
2022,1,3G,知识产权,A285,苏州大学,2,11018
2022,1,3J,机械工程,A285,苏州大学,4,12717
2022,1,3L,电气工程与智能控制,A285,苏州大学,4,12664
2022,1,1M,新能源材料与器件(中外合作办学),A285,苏州大学,5,29529
2022,1,0U,文科试验班类,A286,东南大学,4,4297
2022,1,0W,建筑类,A286,东南大学,7,2971
2022,1,0Y,工科试验班(碳中和与智能制造实验班),A286,东南大学,46,3700
2022,1,10,工科试验班(土木交通材料实验班),A286,东南大学,30,4787
2022,1,12,电子信息类,A286,东南大学,21,2610
2022,1,14,计算机类,A286,东南大学,20,2641
2022,1,16,工科试验班(吴健雄班),A286,东南大学,5,1483
2022,1,18,理科试验班,A286,东南大学,6,3029
2022,1,1A,经济学类,A286,东南大学,6,4196
2022,1,1F,临床医学(5+3一体化),A286,东南大学,7,3052
2022,1,01,工程力学,A287,南京航空航天大学,3,10878
2022,1,03,车辆工程,A287,南京航空航天大学,2,11734
2022,1,04,能源与动力工程,A287,南京航空航天大学,3,11578
2022,1,06,测控技术与仪器,A287,南京航空航天大学,2,11996
2022,1,07,电气工程及其自动化,A287,南京航空航天大学,12,9758
2022,1,08,生物医学工程,A287,南京航空航天大学,3,14100
2022,1,09,探测制导与控制技术,A287,南京航空航天大学,3,11445
2022,1,0A,新能源材料与器件,A287,南京航空航天大学,4,13127
2022,1,0B,应用化学,A287,南京航空航天大学,2,14340
2022,1,0C,飞行器适航技术,A287,南京航空航天大学,4,12358
2022,1,0G,交通运输(民航电子电气工程),A287,南京航空航天大学,3,13276
2022,1,0J,土木工程,A287,南京航空航天大学,2,16662
2022,1,0L,应用统计学,A287,南京航空航天大学,2,11706
2022,1,0M,工商管理,A287,南京航空航天大学,2,16074
2022,1,0N,会计学,A287,南京航空航天大学,3,14227
2022,1,0P,管理科学与工程类,A287,南京航空航天大学,3,13583
2022,1,0Q,金融学,A287,南京航空航天大学,2,13705
2022,1,0S,大数据管理与应用,A287,南京航空航天大学,4,12011
2022,1,0T,法学,A287,南京航空航天大学,3,12550
2022,1,0U,行政管理,A287,南京航空航天大学,2,15943
2022,1,10,自动化,A287,南京航空航天大学,10,10875
2022,1,11,电子信息类,A287,南京航空航天大学,10,10881
2022,1,12,微电子科学与工程(集成电路设计),A287,南京航空航天大学,6,9654
2022,1,13,工业设计,A287,南京航空航天大学,3,13014
2022,1,14,机器人工程,A287,南京航空航天大学,3,10893
2022,1,15,机械工程,A287,南京航空航天大学,14,13663
2022,1,16,智能制造工程,A287,南京航空航天大学,4,11998
2022,1,17,材料科学与工程,A287,南京航空航天大学,4,15444
2022,1,18,核工程类,A287,南京航空航天大学,3,12250
2022,1,1A,英语(民航业务、国际贸易),A287,南京航空航天大学,2,15854
2022,1,1B,飞行器控制与信息工程,A287,南京航空航天大学,3,9891
2022,1,1C,光电信息科学与工程,A287,南京航空航天大学,5,11577
2022,1,1D,航空航天工程,A287,南京航空航天大学,5,7945
2022,1,1E,计算机科学与技术,A287,南京航空航天大学,4,7445
2022,1,1F,人工智能,A287,南京航空航天大学,2,7760
2022,1,1G,软件工程,A287,南京航空航天大学,4,7801
2022,1,1H,物联网工程,A287,南京航空航天大学,2,9995
2022,1,1J,信息安全,A287,南京航空航天大学,3,10039
2022,1,1K,航空航天类,A287,南京航空航天大学,30,10645
2022,1,1T,应用物理学,A287,南京航空航天大学,6,13786
2022,1,6B,交通运输(中外合作办学)(机场运行与管理),A287,南京航空航天大学,6,31495
2022,1,01,经济学类,A288,南京理工大学,8,14723
2022,1,02,法学,A288,南京理工大学,2,13427
2022,1,16,智能制造工程,A288,南京理工大学,10,14580
2022,1,20,能源动力类,A288,南京理工大学,14,15587
2022,1,21,新能源科学与工程,A288,南京理工大学,10,16149
2022,1,28,数据科学与大数据技术,A288,南京理工大学,6,11940
2022,1,29,网络空间安全,A288,南京理工大学,7,12453
2022,1,31,化工与制药类,A288,南京理工大学,14,17711
2022,1,33,兵器类,A288,南京理工大学,15,13027
2022,1,35,探测制导与控制技术,A288,南京理工大学,6,13090
2022,1,38,信息管理与信息系统,A288,南京理工大学,6,15591
2022,1,39,工商管理类,A288,南京理工大学,12,15778
2022,1,3A,机械类,A288,南京理工大学,14,14651
2022,1,3C,材料类,A288,南京理工大学,15,16966
2022,1,3E,电子信息类,A288,南京理工大学,18,11142
2022,1,3G,自动化类,A288,南京理工大学,18,11893
2022,1,3J,计算机类,A288,南京理工大学,8,9451
2022,1,13,机械工程(中外合作办学),A288,南京理工大学,5,30674
2022,1,19,材料科学与工程(中外合作办学),A288,南京理工大学,5,34611
2022,1,02,外国语言文学类,A289,江苏科技大学,7,49370
2022,1,06,电子信息类,A289,江苏科技大学,10,39987
2022,1,07,机械类,A289,江苏科技大学,10,47827
2022,1,08,海洋工程类,A289,江苏科技大学,6,53788
2022,1,09,食品科学与工程类,A289,江苏科技大学,7,58121
2022,1,14,应用化学,A289,江苏科技大学,2,45757
2022,1,18,生物工程,A289,江苏科技大学,3,50631
2022,1,19,环境工程,A289,江苏科技大学,2,46057
2022,1,20,自动化,A289,江苏科技大学,5,36142
2022,1,21,应用统计学,A289,江苏科技大学,2,42489
2022,1,22,工业工程,A289,江苏科技大学,3,54166
2022,1,25,港口航道与海岸工程,A289,江苏科技大学,4,59779
2022,1,27,应用物理学,A289,江苏科技大学,3,41660
2022,1,29,测控技术与仪器,A289,江苏科技大学,4,55711
2022,1,30,给排水科学与工程,A289,江苏科技大学,2,59472
2022,1,31,土木工程,A289,江苏科技大学,6,52279
2022,1,32,建筑环境与能源应用工程,A289,江苏科技大学,2,55459
2022,1,33,工程力学,A289,江苏科技大学,5,58306
2022,1,39,电气工程及其自动化,A289,江苏科技大学,5,35239
2022,1,44,俄语,A289,江苏科技大学,2,88934
2022,1,50,经济学,A289,江苏科技大学,3,43544
2022,1,5W,船舶与海洋工程(中外合作办学),A289,江苏科技大学,5,117647
2022,1,01,人工智能,A290,中国矿业大学,18,21951
2022,1,02,大数据管理与应用,A290,中国矿业大学,5,21154
2022,1,03,机器人工程,A290,中国矿业大学,8,22892
2022,1,04,遥感科学与技术,A290,中国矿业大学,8,24973
2022,1,05,新能源材料与器件,A290,中国矿业大学,5,25478
2022,1,06,电子信息类,A290,中国矿业大学,52,22829
2022,1,07,机械类,A290,中国矿业大学,42,27185
2022,1,09,环境科学与工程类,A290,中国矿业大学,9,30430
2022,1,0D,能源动力类,A290,中国矿业大学,18,26798
2022,1,0E,公共管理类,A290,中国矿业大学,10,25340
2022,1,0G,中国语言文学类,A290,中国矿业大学,8,20450
2022,1,0K,电气类,A290,中国矿业大学,50,21090
2022,1,0L,计算机类,A290,中国矿业大学,50,19869
2022,1,0M,安全科学与工程类,A290,中国矿业大学,20,29630
2022,1,0P,建筑类,A290,中国矿业大学,12,29057
2022,1,0Q,数学类,A290,中国矿业大学,32,24317
2022,1,0R,物理学类,A290,中国矿业大学,16,25025
2022,1,0T,工商管理类,A290,中国矿业大学,48,26548
2022,1,0U,力学类,A290,中国矿业大学,4,27316
2022,1,0V,外国语言文学类,A290,中国矿业大学,22,26072
2022,1,17,应急管理,A290,中国矿业大学,4,35132
2022,1,1D,金融学,A290,中国矿业大学,4,21982
2022,1,1E,地球信息科学与技术,A290,中国矿业大学,4,27168
2022,1,1J,测绘类,A290,中国矿业大学,4,26232
2022,1,1L,材料类,A290,中国矿业大学,5,27439
2022,1,1N,矿业类,A290,中国矿业大学,16,30969
2022,1,1Q,化工与制药类,A290,中国矿业大学,6,26108
2022,1,1S,土木类,A290,中国矿业大学,14,30502
2022,1,1U,地质类,A290,中国矿业大学,4,30562
2022,1,1F,土木工程(中外合作办学),A290,中国矿业大学,8,44042
2022,1,02,国际经济与贸易,A291,南京工业大学,2,34562
2022,1,03,知识产权,A291,南京工业大学,2,27563
2022,1,05,工业工程,A291,南京工业大学,6,42931
2022,1,06,法学,A291,南京工业大学,2,24928
2022,1,0B,德语,A291,南京工业大学,2,42056
2022,1,0G,安全工程,A291,南京工业大学,3,32565
2022,1,0H,消防工程,A291,南京工业大学,2,40580
2022,1,0N,电气工程及其自动化,A291,南京工业大学,3,25983
2022,1,0R,建筑学,A291,南京工业大学,2,29586
2022,1,0T,管理科学与工程类,A291,南京工业大学,2,40326
2022,1,0U,食品科学与工程类,A291,南京工业大学,2,35335
2022,1,0Y,数学与应用数学,A291,南京工业大学,2,27733
2022,1,13,土木类,A291,南京工业大学,12,42863
2022,1,1B,环境科学与工程类,A291,南京工业大学,7,43241
2022,1,1C,材料类,A291,南京工业大学,12,41622
2022,1,1H,化学工程与工艺,A291,南京工业大学,8,33418
2022,1,1K,新能源科学与工程,A291,南京工业大学,2,27771
2022,1,1L,新能源材料与器件,A291,南京工业大学,2,32500
2022,1,1M,能源动力类,A291,南京工业大学,5,31117
2022,1,1N,药学类,A291,南京工业大学,6,35258
2022,1,1P,轻化工程,A291,南京工业大学,2,36874
2022,1,23,制药工程,A291,南京工业大学,4,33780
2022,1,26,材料科学与工程,A291,南京工业大学,2,39200
2022,1,27,铁道工程,A291,南京工业大学,2,46888
2022,1,28,城市地下空间工程,A291,南京工业大学,4,46103
2022,1,2E,机器人工程,A291,南京工业大学,2,28625
2022,1,1T,机械工程(中外合作办学),A291,南京工业大学,3,51551
2022,1,1U,电子信息工程(中外合作办学),A291,南京工业大学,3,44973
2022,1,1V,土木工程(中外合作办学),A291,南京工业大学,3,62177
2022,1,1W,制药工程(中外合作办学),A291,南京工业大学,3,55194
2022,1,0H,国际经济与贸易,A292,常州大学,1,57771
2022,1,0P,法学,A292,常州大学,2,47561
2022,1,1H,会计学,A292,常州大学,1,50115
2022,1,2H,市场营销,A292,常州大学,7,79676
2022,1,2P,社会工作,A292,常州大学,4,56757
2022,1,3K,西班牙语,A292,常州大学,2,74291
2022,1,A0,化学工程与工艺,A292,常州大学,2,57041
2022,1,A4,资源循环科学与工程,A292,常州大学,6,75174
2022,1,C0,过程装备与控制工程,A292,常州大学,2,62610
2022,1,D0,能源与动力工程,A292,常州大学,2,54798
2022,1,D1,油气储运工程,A292,常州大学,2,62598
2022,1,D2,建筑环境与能源应用工程,A292,常州大学,3,74674
2022,1,D3,石油工程,A292,常州大学,4,66124
2022,1,E0,高分子材料与工程,A292,常州大学,5,62341
2022,1,E1,材料科学与工程,A292,常州大学,2,69098
2022,1,E2,金属材料工程,A292,常州大学,2,73017
2022,1,E3,材料化学,A292,常州大学,2,58101
2022,1,F4,工程管理,A292,常州大学,2,69914
2022,1,H3,信息管理与信息系统,A292,常州大学,2,63260
2022,1,R2,消防工程,A292,常州大学,2,104988
2022,1,M3,电子信息工程(中外合作办学),A292,常州大学,2,76483
2022,1,01,通信工程,A293,南京邮电大学,9,16093
2022,1,02,电子信息工程,A293,南京邮电大学,5,17274
2022,1,04,电子科学与技术,A293,南京邮电大学,5,15426
2022,1,08,微电子科学与工程,A293,南京邮电大学,6,19267
2022,1,09,集成电路设计与集成系统,A293,南京邮电大学,5,19904
2022,1,0A,计算机科学与技术,A293,南京邮电大学,5,13980
2022,1,0B,信息安全,A293,南京邮电大学,5,17729
2022,1,0C,软件工程,A293,南京邮电大学,6,16560
2022,1,0E,数据科学与大数据技术,A293,南京邮电大学,6,19136
2022,1,0F,自动化,A293,南京邮电大学,7,19300
2022,1,0J,电气工程及其自动化,A293,南京邮电大学,4,18315
2022,1,0K,智能电网信息工程,A293,南京邮电大学,4,19649
2022,1,0L,人工智能,A293,南京邮电大学,6,16590
2022,1,0Q,网络工程,A293,南京邮电大学,5,18171
2022,1,0R,物联网工程,A293,南京邮电大学,5,17184
2022,1,18,经济学类,A293,南京邮电大学,5,23349
2022,1,1A,金融工程,A293,南京邮电大学,6,25253
2022,1,1K,英语,A293,南京邮电大学,5,25142
2022,1,1L,翻译,A293,南京邮电大学,3,27446
2022,1,A1,水文与水资源工程,A294,河海大学,6,16445
2022,1,A2,水务工程,A294,河海大学,5,17275
2022,1,A3,自然地理与资源环境,A294,河海大学,2,21433
2022,1,A4,地理信息科学,A294,河海大学,4,19070
2022,1,B1,水利水电工程,A294,河海大学,9,14623
2022,1,B2,智慧水利,A294,河海大学,2,15606
2022,1,C1,港口航道与海岸工程,A294,河海大学,8,20164
2022,1,C2,海洋资源开发技术,A294,河海大学,2,20430
2022,1,C3,船舶与海洋工程,A294,河海大学,2,20464
2022,1,D1,土木工程,A294,河海大学,8,20398
2022,1,D2,交通工程,A294,河海大学,2,18385
2022,1,E1,环境工程,A294,河海大学,2,18729
2022,1,E2,环境科学,A294,河海大学,2,18608
2022,1,E3,给排水科学与工程,A294,河海大学,2,18411
2022,1,E4,环境生态工程,A294,河海大学,2,19046
2022,1,F1,电气工程及其自动化,A294,河海大学,8,13543
2022,1,F2,能源与动力工程,A294,河海大学,4,17052
2022,1,F3,自动化,A294,河海大学,3,14776
2022,1,G1,计算机科学与技术,A294,河海大学,5,11214
2022,1,G2,软件工程,A294,河海大学,2,12410
2022,1,H1,工程力学,A294,河海大学,3,17025
2022,1,H2,材料科学与工程,A294,河海大学,5,21608
2022,1,J1,地质工程,A294,河海大学,3,21835
2022,1,J2,测绘工程,A294,河海大学,2,20466
2022,1,J3,遥感科学与技术,A294,河海大学,2,17206
2022,1,K2,土地整治工程,A294,河海大学,2,25294
2022,1,L1,海洋科学,A294,河海大学,7,20839
2022,1,L2,海洋技术,A294,河海大学,3,21647
2022,1,M2,应用物理学,A294,河海大学,4,17617
2022,1,N1,会计学,A294,河海大学,3,13906
2022,1,N2,信息管理与信息系统,A294,河海大学,3,18089
2022,1,N3,工程管理,A294,河海大学,2,25723
2022,1,N5,财务管理,A294,河海大学,3,16063
2022,1,N7,金融工程,A294,河海大学,2,16258
2022,1,P1,劳动与社会保障,A294,河海大学,2,19937
2022,1,P2,广播电视学,A294,河海大学,2,16018
2022,1,P3,土地资源管理,A294,河海大学,2,20278
2022,1,P4,社会学,A294,河海大学,2,18328
2022,1,R1,思想政治教育,A294,河海大学,2,15686
2022,1,R2,马克思主义理论,A294,河海大学,2,14946
2022,1,S1,英语,A294,河海大学,3,17972
2022,1,S2,法语,A294,河海大学,3,20507
2022,1,T1,水利类(大禹强化班),A294,河海大学,8,11567
2022,1,T2,工程力学(大禹徐芝纶班),A294,河海大学,2,16036
2022,1,T3,计算机类(大禹强化班),A294,河海大学,2,10522
2022,1,W1,智能科学与技术,A294,河海大学,3,14182
2022,1,W2,人工智能,A294,河海大学,2,13844
2022,1,X1,机械工程(常州校区),A294,河海大学,2,18970
2022,1,X2,能源与动力工程(常州校区),A294,河海大学,2,19015
2022,1,X5,机器人工程(常州校区),A294,河海大学,3,18305
2022,1,X6,智能制造工程(常州校区),A294,河海大学,2,18344
2022,1,Y1,通信工程(常州校区),A294,河海大学,4,14637
2022,1,Y2,自动化(常州校区),A294,河海大学,2,15122
2022,1,Y3,物联网工程(常州校区),A294,河海大学,4,15234
2022,1,Y4,电子科学与技术(常州校区),A294,河海大学,2,15315
2022,1,Z2,国际经济与贸易(常州校区),A294,河海大学,2,17035
2022,1,Z3,大数据管理与应用(常州校区),A294,河海大学,2,17258
2022,1,Z4,工商管理(常州校区),A294,河海大学,2,19928
2022,1,Z5,新能源科学与工程,A294,河海大学,2,14734
2022,1,Z7,农业水利工程,A294,河海大学,6,21557
2022,1,Z9,数学类,A294,河海大学,7,16854
2022,1,ZB,法学,A294,河海大学,2,14955
2022,1,E5,环境科学(中外合作办学),A294,河海大学,5,35715
2022,1,U1,土木工程(中外合作办学)(河海里尔学院),A294,河海大学,5,42638
2022,1,U2,机械工程(中外合作办学)(河海里尔学院),A294,河海大学,5,40745
2022,1,02,食品质量与安全,A295,江南大学,5,22456
2022,1,03,生物工程,A295,江南大学,11,24201
2022,1,05,生物技术,A295,江南大学,8,23081
2022,1,06,酿酒工程,A295,江南大学,5,28049
2022,1,08,轻化工程,A295,江南大学,7,25866
2022,1,09,化学工程与工艺,A295,江南大学,8,25724
2022,1,10,高分子材料与工程,A295,江南大学,7,24942
2022,1,11,应用化学,A295,江南大学,9,25122
2022,1,12,环境科学,A295,江南大学,7,29282
2022,1,13,环境工程,A295,江南大学,7,26935
2022,1,14,包装工程,A295,江南大学,4,29113
2022,1,15,服装设计与工程,A295,江南大学,8,29397
2022,1,21,制药工程,A295,江南大学,8,25297
2022,1,23,临床医学,A295,江南大学,13,13400
2022,1,31,物联网工程,A295,江南大学,4,16612
2022,1,32,自动化,A295,江南大学,13,18781
2022,1,33,电气工程及其自动化,A295,江南大学,4,17051
2022,1,34,微电子科学与工程,A295,江南大学,10,20187
2022,1,35,土木工程,A295,江南大学,4,26012
2022,1,36,信息与计算科学,A295,江南大学,5,19615
2022,1,37,光电信息科学与工程,A295,江南大学,4,19652
2022,1,38,机械工程,A295,江南大学,12,23486
2022,1,41,机器人工程,A295,江南大学,5,20078
2022,1,42,工业设计,A295,江南大学,2,14762
2022,1,44,人工智能,A295,江南大学,5,17483
2022,1,45,计算机科学与技术,A295,江南大学,3,14127
2022,1,46,数字媒体技术,A295,江南大学,10,19089
2022,1,51,国际经济与贸易,A295,江南大学,12,21932
2022,1,52,金融学,A295,江南大学,7,17840
2022,1,53,大数据管理与应用,A295,江南大学,4,19611
2022,1,54,工商管理,A295,江南大学,8,21322
2022,1,55,会计学,A295,江南大学,9,19094
2022,1,57,汉语言文学(师范类),A295,江南大学,13,16859
2022,1,58,小学教育(师范类),A295,江南大学,8,23183
2022,1,59,英语,A295,江南大学,18,21299
2022,1,60,日语,A295,江南大学,5,24659
2022,1,61,法学,A295,江南大学,7,16719
2022,1,62,社会工作,A295,江南大学,8,25080
2022,1,63,思想政治教育,A295,江南大学,6,20137
2022,1,H3,食品科学与工程,A295,江南大学,5,19062
2022,1,H5,纺织工程,A295,江南大学,8,33753
2022,1,H7,药学,A295,江南大学,8,22244
2022,1,H1,食品科学与工程(中外合作办学),A295,江南大学,12,42376
2022,1,H2,工商管理(中外合作办学),A295,江南大学,7,33784
2022,1,01,机械设计制造及其自动化,A298,南京林业大学,4,32955
2022,1,04,机器人工程,A298,南京林业大学,4,31859
2022,1,05,自动化,A298,南京林业大学,4,30127
2022,1,10,土木类,A298,南京林业大学,4,38679
2022,1,12,工程管理,A298,南京林业大学,4,39039
2022,1,14,计算机科学与技术,A298,南京林业大学,2,26816
2022,1,15,电气工程及其自动化,A298,南京林业大学,2,29475
2022,1,16,人工智能,A298,南京林业大学,2,29547
2022,1,17,电子信息工程,A298,南京林业大学,2,26064
2022,1,21,家具设计与工程,A298,南京林业大学,4,44596
2022,1,22,车辆工程,A298,南京林业大学,4,34467
2022,1,24,能源与动力工程,A298,南京林业大学,3,32331
2022,1,28,食品科学与工程类,A298,南京林业大学,6,36661
2022,1,29,轻化工程,A298,南京林业大学,10,44569
2022,1,30,交通运输类,A298,南京林业大学,4,36488
2022,1,31,环境工程,A298,南京林业大学,4,36725
2022,1,33,林学类,A298,南京林业大学,6,32676
2022,1,35,水土保持与荒漠化防治,A298,南京林业大学,6,38918
2022,1,37,生物工程类,A298,南京林业大学,4,34669
2022,1,40,木材科学与工程,A298,南京林业大学,4,41625
2022,1,43,生态学,A298,南京林业大学,4,34408
2022,1,A0,工商管理类,A298,南京林业大学,2,26644
2022,1,A1,风景园林,A298,南京林业大学,2,28308
2022,1,A2,园林,A298,南京林业大学,2,31098
2022,1,A5,汉语言文学,A298,南京林业大学,4,25432
2022,1,AA,法学,A298,南京林业大学,3,22769
2022,1,44,林学(中外合作办学),A298,南京林业大学,8,59259
2022,1,45,木材科学与工程(中外合作办学),A298,南京林业大学,8,73014
2022,1,03,法学,A299,江苏大学,2,22911
2022,1,06,国际经济与贸易,A299,江苏大学,2,31987
2022,1,08,汉语言文学,A299,江苏大学,2,24706
2022,1,09,汉语言文学(师范类),A299,江苏大学,2,25336
2022,1,13,人力资源管理,A299,江苏大学,2,32753
2022,1,15,市场营销,A299,江苏大学,3,54437
2022,1,17,物流管理,A299,江苏大学,3,44735
2022,1,21,材料成型及控制工程,A299,江苏大学,2,49826
2022,1,22,材料类,A299,江苏大学,6,39330
2022,1,25,车辆工程,A299,江苏大学,2,32414
2022,1,26,电气工程及其自动化,A299,江苏大学,3,25108
2022,1,35,工业设计,A299,江苏大学,2,35439
2022,1,36,光电信息科学与工程,A299,江苏大学,2,27917
2022,1,40,化学类,A299,江苏大学,4,36928
2022,1,41,环保设备工程,A299,江苏大学,2,46294
2022,1,42,环境工程,A299,江苏大学,2,42505
2022,1,46,机械设计制造及其自动化,A299,江苏大学,5,28729
2022,1,47,计算机科学与技术,A299,江苏大学,2,21676
2022,1,48,建筑环境与能源应用工程,A299,江苏大学,2,42015
2022,1,49,交通工程,A299,江苏大学,3,36827
2022,1,50,交通运输,A299,江苏大学,2,38230
2022,1,54,金属材料工程,A299,江苏大学,4,41708
2022,1,55,临床医学,A299,江苏大学,5,26481
2022,1,56,能源与动力工程,A299,江苏大学,8,36497
2022,1,57,农业电气化,A299,江苏大学,2,40480
2022,1,58,农业机械化及其自动化,A299,江苏大学,4,42382
2022,1,59,农业智能装备工程,A299,江苏大学,4,51183
2022,1,61,软件工程,A299,江苏大学,2,23083
2022,1,63,生物技术,A299,江苏大学,2,37429
2022,1,64,生物科学,A299,江苏大学,2,35163
2022,1,66,食品科学与工程类,A299,江苏大学,3,39647
2022,1,72,土木工程,A299,江苏大学,2,34039
2022,1,77,新能源科学与工程,A299,江苏大学,2,30722
2022,1,78,新能源汽车工程,A299,江苏大学,2,33580
2022,1,81,药学类,A299,江苏大学,6,39662
2022,1,82,医学检验技术,A299,江苏大学,6,33898
2022,1,83,医学影像学,A299,江苏大学,4,27165
2022,1,86,预防医学,A299,江苏大学,2,31467
2022,1,87,制药工程,A299,江苏大学,5,42940
2022,1,02,大气科学类,A300,南京信息工程大学,26,22974
2022,1,03,应用气象学,A300,南京信息工程大学,4,24451
2022,1,07,气象技术与工程,A300,南京信息工程大学,2,26484
2022,1,08,防灾减灾科学与工程,A300,南京信息工程大学,2,32538
2022,1,09,地理科学类,A300,南京信息工程大学,3,26304
2022,1,10,测绘工程,A300,南京信息工程大学,2,32452
2022,1,11,遥感科学与技术,A300,南京信息工程大学,3,27259
2022,1,12,地理空间信息工程,A300,南京信息工程大学,2,28395
2022,1,15,海洋科学类,A300,南京信息工程大学,3,30966
2022,1,16,环境科学与工程类,A300,南京信息工程大学,2,31936
2022,1,23,数据科学与大数据技术,A300,南京信息工程大学,4,22048
2022,1,25,机械电子工程,A300,南京信息工程大学,2,27867
2022,1,28,电子信息类,A300,南京信息工程大学,4,20877
2022,1,30,计算机类,A300,南京信息工程大学,2,15235
2022,1,32,数学与应用数学,A300,南京信息工程大学,2,25521
2022,1,34,信息与计算科学(嵌入式培养),A300,南京信息工程大学,4,25088
2022,1,35,应用统计学,A300,南京信息工程大学,2,25466
2022,1,39,材料物理,A300,南京信息工程大学,2,31419
2022,1,40,金融工程,A300,南京信息工程大学,4,27476
2022,1,47,国际经济与贸易,A300,南京信息工程大学,3,28905
2022,1,48,工商管理类,A300,南京信息工程大学,4,28152
2022,1,50,汉语言文学,A300,南京信息工程大学,2,23560
2022,1,52,英语,A300,南京信息工程大学,2,25905
2022,1,54,翻译,A300,南京信息工程大学,2,27708
2022,1,63,地理信息科学,A300,南京信息工程大学,2,23848
2022,1,64,人文地理与城乡规划,A300,南京信息工程大学,2,25141
2022,1,65,自然地理与资源环境,A300,南京信息工程大学,2,27579
2022,1,68,环境科学与工程类,A300,南京信息工程大学,2,29328
2022,1,69,农业资源与环境,A300,南京信息工程大学,3,32384
2022,1,70,生态学,A300,南京信息工程大学,5,31995
2022,1,71,海洋科学,A300,南京信息工程大学,5,29632
2022,1,74,汉语言文学(师范类),A300,南京信息工程大学,3,23188
2022,1,75,英语(师范类),A300,南京信息工程大学,2,24116
2022,1,76,数学与应用数学(师范类),A300,南京信息工程大学,2,24797
2022,1,77,物理学(师范类),A300,南京信息工程大学,2,23914
2022,1,85,电子信息类,A300,南京信息工程大学,5,21026
2022,1,92,环境工程(中外合作办学),A300,南京信息工程大学,2,48247
2022,1,93,数学与应用数学(中外合作办学),A300,南京信息工程大学,3,37625
2022,1,94,应用化学(中外合作办学),A300,南京信息工程大学,2,45944
2022,1,95,地理信息科学(中外合作办学),A300,南京信息工程大学,2,43319
2022,1,96,数据科学与大数据技术(中外合作办学),A300,南京信息工程大学,2,35023
2022,1,97,国际经济与贸易(中外合作办学),A300,南京信息工程大学,2,41596
2022,1,9A,电气工程及其自动化(中外合作办学),A300,南京信息工程大学,2,37524
2022,1,9D,软件工程(中外合作办学),A300,南京信息工程大学,2,34348
2022,1,01,汉语言文学(师范类),A304,南通大学,2,33189
2022,1,08,应用统计学,A304,南通大学,2,40566
2022,1,09,光电信息科学与工程,A304,南通大学,2,49124
2022,1,11,法学,A304,南通大学,3,39237
2022,1,12,行政管理,A304,南通大学,2,51420
2022,1,15,国际经济与贸易,A304,南通大学,2,52213
2022,1,22,会计学,A304,南通大学,2,45412
2022,1,24,物流管理,A304,南通大学,2,57454
2022,1,25,小学教育(师范类),A304,南通大学,4,52327
2022,1,27,学前教育(师范类),A304,南通大学,5,60984
2022,1,33,商务英语,A304,南通大学,2,45470
2022,1,37,日语,A304,南通大学,2,54761
2022,1,39,化学(师范类),A304,南通大学,4,44716
2022,1,41,机器人工程,A304,南通大学,4,53487
2022,1,43,高分子材料与工程,A304,南通大学,3,58602
2022,1,46,儿科学,A304,南通大学,2,28635
2022,1,47,机械电子工程,A304,南通大学,2,43529
2022,1,48,机械工程,A304,南通大学,1,38622
2022,1,49,机械设计制造及其自动化,A304,南通大学,3,51840
2022,1,50,测控技术与仪器,A304,南通大学,2,59723
2022,1,53,集成电路设计与集成系统,A304,南通大学,5,53955
2022,1,55,计算机科学与技术,A304,南通大学,2,38626
2022,1,58,物联网工程,A304,南通大学,2,43098
2022,1,64,非织造材料与工程,A304,南通大学,2,62367
2022,1,69,轻化工程,A304,南通大学,5,73348
2022,1,70,临床医学,A304,南通大学,2,19522
2022,1,71,康复治疗学,A304,南通大学,3,60428
2022,1,72,口腔医学,A304,南通大学,2,21185
2022,1,76,护理学,A304,南通大学,2,56198
2022,1,79,医学检验技术,A304,南通大学,4,47443
2022,1,86,工业设计,A304,南通大学,2,57613
2022,1,91,建筑学,A304,南通大学,2,55768
2022,1,97,土木工程,A304,南通大学,2,62150
2022,1,99,交通工程,A304,南通大学,4,60715
2022,1,A2,交通设备与控制工程,A304,南通大学,8,64556
2022,1,B5,教育技术学(师范类),A304,南通大学,2,50114
2022,1,CQ,人工智能,A304,南通大学,2,44966
2022,1,CR,智能医学工程,A304,南通大学,2,49696
2022,1,01,农学,A307,南京农业大学,7,23813
2022,1,02,种子科学与工程,A307,南京农业大学,3,26660
2022,1,03,智慧农业,A307,南京农业大学,3,30442
2022,1,04,植物保护,A307,南京农业大学,6,27376
2022,1,05,环境科学与工程类,A307,南京农业大学,10,28706
2022,1,07,风景园林,A307,南京农业大学,4,23033
2022,1,08,园艺,A307,南京农业大学,6,27296
2022,1,09,园林,A307,南京农业大学,2,24219
2022,1,14,国际经济与贸易,A307,南京农业大学,7,23936
2022,1,15,农林经济管理,A307,南京农业大学,7,21908
2022,1,16,工商管理类,A307,南京农业大学,8,25213
2022,1,17,动物医学类,A307,南京农业大学,12,28458
2022,1,18,食品科学与工程类,A307,南京农业大学,13,26361
2022,1,19,食品营养与健康,A307,南京农业大学,3,27622
2022,1,20,公共管理类,A307,南京农业大学,12,24641
2022,1,21,人文地理与城乡规划,A307,南京农业大学,5,24987
2022,1,22,英语,A307,南京农业大学,8,23882
2022,1,24,社会学类,A307,南京农业大学,14,23851
2022,1,26,信息与计算科学,A307,南京农业大学,4,22438
2022,1,27,应用化学,A307,南京农业大学,3,24887
2022,1,28,统计学,A307,南京农业大学,5,21890
2022,1,29,生物科学类,A307,南京农业大学,9,23357
2022,1,31,生物技术(生命科学与技术基地班),A307,南京农业大学,7,22680
2022,1,32,金融学,A307,南京农业大学,10,20479
2022,1,33,会计学,A307,南京农业大学,8,21164
2022,1,34,投资学,A307,南京农业大学,4,23149
2022,1,36,机械类,A307,南京农业大学,9,28060
2022,1,37,农业工程类,A307,南京农业大学,2,28649
2022,1,38,电子信息类,A307,南京农业大学,9,23404
2022,1,39,人工智能,A307,南京农业大学,3,21574
2022,1,40,计算机科学与技术,A307,南京农业大学,6,19353
2022,1,41,数据科学与大数据技术,A307,南京农业大学,6,21816
2022,1,42,信息管理与信息系统,A307,南京农业大学,4,23575
2022,1,43,生物科学(生物学基地班),A307,南京农业大学,4,19801
2022,1,01,临床医学(5+3一体化),A312,南京医科大学,3,4348
2022,1,02,临床医学(5+3一体化，儿科医学),A312,南京医科大学,2,6333
2022,1,03,口腔医学(5+3一体化),A312,南京医科大学,2,4353
2022,1,04,临床医学,A312,南京医科大学,4,5518
2022,1,05,医学影像学,A312,南京医科大学,2,8830
2022,1,06,儿科学,A312,南京医科大学,4,13783
2022,1,10,口腔医学,A312,南京医科大学,2,6136
2022,1,11,预防医学,A312,南京医科大学,2,14676
2022,1,14,临床药学,A312,南京医科大学,2,13518
2022,1,17,康复治疗学,A312,南京医科大学,2,30397
2022,1,19,生物信息学,A312,南京医科大学,4,31245
2022,1,20,智能医学工程,A312,南京医科大学,2,16104
2022,1,21,生物医学工程,A312,南京医科大学,2,24405
2022,1,23,应用统计学(生物统计学),A312,南京医科大学,2,27435
2022,1,25,护理学,A312,南京医科大学,5,42583
2022,1,02,麻醉学,A313,徐州医科大学,5,23005
2022,1,03,临床医学,A313,徐州医科大学,9,26109
2022,1,07,医学影像学,A313,徐州医科大学,2,26487
2022,1,16,护理学类,A313,徐州医科大学,2,50514
2022,1,30,预防医学,A313,徐州医科大学,2,44913
2022,1,05,中医学(5+3一体化，中医拔尖创新人才培养模式改革),A315,南京中医药大学,5,10035
2022,1,0B,护理学,A315,南京中医药大学,10,45693
2022,1,0C,中医学,A315,南京中医药大学,12,17895
2022,1,1A,临床医学,A315,南京中医药大学,7,19932
2022,1,1L,计算机类,A315,南京中医药大学,8,34934
2022,1,1M,医学信息工程,A315,南京中医药大学,8,37646
2022,1,01,药学(本博贯通强基拔尖实验班),A316,中国药科大学,2,4710
2022,1,02,药学(基础药学理科基地),A316,中国药科大学,3,6372
2022,1,03,药学类,A316,中国药科大学,45,17774
2022,1,06,药学(国家生命科学与技术人才培养基地),A316,中国药科大学,3,9449
2022,1,09,海洋药学,A316,中国药科大学,4,18352
2022,1,10,生物制药,A316,中国药科大学,10,18150
2022,1,13,化工与制药类,A316,中国药科大学,12,21671
2022,1,14,临床药学,A316,中国药科大学,2,13704
2022,1,17,中药学类,A316,中国药科大学,12,20751
2022,1,07,药学(中外合作办学),A316,中国药科大学,11,31270
2022,1,15,临床药学(中外合作办学),A316,中国药科大学,5,35721
2022,1,01,汉语国际教育,A319,南京师范大学,2,11060
2022,1,04,英语,A319,南京师范大学,2,9316
2022,1,05,哲学,A319,南京师范大学,2,11413
2022,1,0C,法学,A319,南京师范大学,3,10133
2022,1,0F,小学教育(师范类),A319,南京师范大学,6,14932
2022,1,0G,学前教育(师范类),A319,南京师范大学,3,15944
2022,1,0H,教育学(师范类),A319,南京师范大学,3,14112
2022,1,0J,教育技术学(师范类),A319,南京师范大学,3,17538
2022,1,0N,中国语言文学类,A319,南京师范大学,5,9628
2022,1,0V,外国语言文学类(双外语),A319,南京师范大学,2,12120
2022,1,0W,新闻传播学类,A319,南京师范大学,3,13046
2022,1,0Y,历史学类,A319,南京师范大学,5,12198
2022,1,15,化学类,A319,南京师范大学,6,14527
2022,1,18,旅游管理,A319,南京师范大学,2,17153
2022,1,19,地理科学类,A319,南京师范大学,5,13020
2022,1,1B,生物科学类,A319,南京师范大学,5,12792
2022,1,1C,能源动力类,A319,南京师范大学,4,20629
2022,1,1G,人工智能,A319,南京师范大学,4,15745
2022,1,1H,电子信息工程,A319,南京师范大学,3,15616
2022,1,1K,海洋资源与环境,A319,南京师范大学,5,26243
2022,1,1L,食品科学与工程,A319,南京师范大学,3,21522
2022,1,1M,物理学(师范类、非师范类),A319,南京师范大学,3,13481
2022,1,1P,电气工程及其自动化,A319,南京师范大学,3,15006
2022,1,1R,计算机科学与技术,A319,南京师范大学,3,15060
2022,1,1T,环境科学与工程类,A319,南京师范大学,6,21167
2022,1,03,金融工程,A320,江苏师范大学,3,44110
2022,1,04,法学,A320,江苏师范大学,5,37737
2022,1,06,思想政治教育(师范类),A320,江苏师范大学,5,31839
2022,1,07,教育技术学(师范类),A320,江苏师范大学,4,49941
2022,1,0D,汉语言文学(师范类),A320,江苏师范大学,5,28324
2022,1,0F,汉语国际教育(师范类),A320,江苏师范大学,4,42018
2022,1,0H,英语(师范类),A320,江苏师范大学,5,33353
2022,1,0J,俄语,A320,江苏师范大学,2,46640
2022,1,0K,翻译,A320,江苏师范大学,2,43732
2022,1,0N,广播电视学,A320,江苏师范大学,2,43155
2022,1,0Q,历史学(师范类),A320,江苏师范大学,5,28521
2022,1,0R,数学与应用数学(师范类),A320,江苏师范大学,5,36900
2022,1,0S,物理学(师范类),A320,江苏师范大学,5,41501
2022,1,0T,化学(师范类),A320,江苏师范大学,5,40432
2022,1,0U,地理科学(师范类),A320,江苏师范大学,5,37840
2022,1,0V,地理信息科学,A320,江苏师范大学,2,45397
2022,1,0W,生物科学(师范类),A320,江苏师范大学,5,39098
2022,1,13,电子信息工程,A320,江苏师范大学,3,48278
2022,1,15,人工智能,A320,江苏师范大学,3,42531
2022,1,1K,行政管理,A320,江苏师范大学,3,44489
2022,1,28,金融工程(中外合作办学),A320,江苏师范大学,5,91708
2022,1,29,轨道交通信号与控制(中外合作办学),A320,江苏师范大学,5,144412
2022,1,2A,机械设计制造及其自动化(中外合作办学),A320,江苏师范大学,3,139813
2022,1,2C,电子信息工程(中外合作办学),A320,江苏师范大学,4,111825
2022,1,2D,电子科学与技术(中外合作办学),A320,江苏师范大学,4,138544
2022,1,F0,计算机科学与技术(嵌入式培养),A323,淮阴师范学院,15,179233
2022,1,F1,软件工程(嵌入式培养),A323,淮阴师范学院,15,181389
2022,1,H5,酒店管理,A323,淮阴师范学院,6,202062
2022,1,M2,生物工程,A323,淮阴师范学院,6,177368
2022,1,17,俄语,A324,盐城师范学院,5,174793
2022,1,77,物流管理,A324,盐城师范学院,3,161318
2022,1,E9,化学(师范类),A324,盐城师范学院,6,142092
2022,1,F1,应用化学,A324,盐城师范学院,5,168331
2022,1,J8,电子商务(嵌入式培养),A324,盐城师范学院,2,154434
2022,1,01,经济学类,A327,南京财经大学,6,26557
2022,1,02,财政学类,A327,南京财经大学,6,21781
2022,1,03,金融学类,A327,南京财经大学,6,27473
2022,1,04,金融数学,A327,南京财经大学,2,29097
2022,1,05,国际经济与贸易,A327,南京财经大学,3,27466
2022,1,07,法学,A327,南京财经大学,2,21561
2022,1,0E,数学与应用数学,A327,南京财经大学,4,32095
2022,1,0G,软件工程(嵌入式培养),A327,南京财经大学,4,32595
2022,1,0J,食品科学与工程类,A327,南京财经大学,8,49113
2022,1,0K,管理科学,A327,南京财经大学,3,45161
2022,1,0M,大数据管理与应用,A327,南京财经大学,4,31285
2022,1,0N,工商管理,A327,南京财经大学,3,29955
2022,1,0Q,市场营销,A327,南京财经大学,4,37102
2022,1,0R,工商管理类,A327,南京财经大学,3,24682
2022,1,0T,公共事业管理,A327,南京财经大学,4,36728
2022,1,0V,物流管理,A327,南京财经大学,3,38347
2022,1,0W,工业工程,A327,南京财经大学,3,42938
2022,1,0Y,电子商务,A327,南京财经大学,4,36945
2022,1,0T,法学,A329,江苏警官学院,4,67264
2022,1,0U,行政管理,A329,江苏警官学院,3,82245
2022,1,0V,计算机科学与技术,A329,江苏警官学院,3,84689
2022,1,0G,运动康复,A330,南京体育学院,8,166909
2022,1,05,美术学,A331,南京艺术学院,1,37019
2022,1,11,艺术设计学,A331,南京艺术学院,1,33410
2022,1,31,戏剧影视文学(影视策划与制片),A331,南京艺术学院,1,47740
2022,1,38,影视摄影与制作,A331,南京艺术学院,1,50199
2022,1,45,文物保护与修复,A331,南京艺术学院,1,57109
2022,1,49,公共事业管理,A331,南京艺术学院,1,80479
2022,1,51,艺术管理,A331,南京艺术学院,1,54840
2022,1,01,建筑学,A332,苏州科技大学,2,36100
2022,1,04,环境科学与工程类,A332,苏州科技大学,4,48585
2022,1,10,土木工程,A332,苏州科技大学,4,46104
2022,1,12,无机非金属材料工程,A332,苏州科技大学,2,50588
2022,1,19,通信工程,A332,苏州科技大学,2,38491
2022,1,20,机械设计制造及其自动化,A332,苏州科技大学,2,40452
2022,1,23,数学与应用数学(师范类),A332,苏州科技大学,2,41529
2022,1,28,生物技术,A332,苏州科技大学,2,47988
2022,1,29,生物工程,A332,苏州科技大学,2,45999
2022,1,43,历史学(师范类),A332,苏州科技大学,4,43312
2022,1,45,思想政治教育(师范类),A332,苏州科技大学,2,43282
2022,1,52,日语,A332,苏州科技大学,2,48532
2022,1,60,土木工程(中外合作办学),A332,苏州科技大学,4,73421
2022,1,62,物流管理(中外合作办学),A332,苏州科技大学,2,76501
2022,1,B5,纺织工程,A333,常熟理工学院,9,176036
2022,1,B6,服装设计与工程,A333,常熟理工学院,6,150434
2022,1,D2,生物制药,A333,常熟理工学院,2,120964
2022,1,D3,食品科学与工程,A333,常熟理工学院,2,143761
2022,1,E2,英语(师范类),A333,常熟理工学院,4,97233
2022,1,F1,数学与应用数学(师范类),A333,常熟理工学院,2,118385
2022,1,G5,新能源科学与工程,A333,常熟理工学院,2,118141
2022,1,H1,机械工程,A333,常熟理工学院,2,137740
2022,1,K1,计算机科学与技术(嵌入式培养),A333,常熟理工学院,2,107107
2022,1,K5,物联网工程(嵌入式培养),A333,常熟理工学院,2,113800
2022,1,G2,电子信息工程(中外合作办学),A333,常熟理工学院,2,197726
2022,1,H3,机械电子工程(中外合作办学),A333,常熟理工学院,2,189576
2022,1,M4,电气工程及其自动化(中外合作办学),A333,常熟理工学院,2,167580
2022,1,2B,社会科学试验班(竺可桢学院人文社科实验班),A335,浙江大学,3,762
2022,1,4J,机器人工程(荣誉项目班),A335,浙江大学,2,273
2022,1,4T,工科试验班(竺可桢学院图灵班),A335,浙江大学,3,248
2022,1,4Y,医学试验班(竺可桢学院巴德年医学班),A335,浙江大学,8,590
2022,1,5A,工科试验班(海洋),A335,浙江大学,13,1716
2022,1,5B,海洋科学,A335,浙江大学,10,2309
2022,1,5C,应用生物科学(农学),A335,浙江大学,25,2891
2022,1,Z2,人文科学试验班,A335,浙江大学,5,1289
2022,1,Z4,新闻传播学类,A335,浙江大学,3,1118
2022,1,Z6,社会科学试验班,A335,浙江大学,17,1054
2022,1,Z9,理科试验班类,A335,浙江大学,3,614
2022,1,ZC,工科试验班,A335,浙江大学,10,604
2022,1,ZF,工科试验班(信息),A335,浙江大学,20,543
2022,1,01,计算机类,A336,杭州电子科技大学,10,17573
2022,1,02,电子信息类(电子信息学院),A336,杭州电子科技大学,14,21573
2022,1,05,网络工程,A336,杭州电子科技大学,2,18839
2022,1,06,电子信息类(通信学院),A336,杭州电子科技大学,6,21163
2022,1,08,自动化,A336,杭州电子科技大学,9,23151
2022,1,09,测控技术与仪器,A336,杭州电子科技大学,2,25516
2022,1,11,机械类,A336,杭州电子科技大学,7,27948
2022,1,12,材料科学与工程,A336,杭州电子科技大学,3,32450
2022,1,13,管理科学与工程类,A336,杭州电子科技大学,4,29448
2022,1,14,数学类,A336,杭州电子科技大学,4,25794
2022,1,15,光电信息科学与工程,A336,杭州电子科技大学,2,22181
2022,1,24,经济学类,A336,杭州电子科技大学,6,30301
2022,1,38,计算机科学与技术(中外合作办学),A336,杭州电子科技大学,3,25767
2022,1,39,自动化(中外合作办学),A336,杭州电子科技大学,6,35701
2022,1,03,化工与制药类(化学工程类),A337,浙江工业大学,5,33995
2022,1,05,生物工程类,A337,浙江工业大学,5,36362
2022,1,07,环境科学与工程类,A337,浙江工业大学,5,38832
2022,1,08,材料类,A337,浙江工业大学,5,40527
2022,1,10,机械类,A337,浙江工业大学,5,31212
2022,1,11,机器人工程,A337,浙江工业大学,6,27806
2022,1,14,计算机类,A337,浙江工业大学,7,23485
2022,1,16,土木类,A337,浙江工业大学,5,38303
2022,1,18,物理学类(物理与光电信息类),A337,浙江工业大学,6,31976
2022,1,21,金融学,A337,浙江工业大学,6,32659
2022,1,22,国际经济与贸易,A337,浙江工业大学,4,34265
2022,1,28,建筑类,A337,浙江工业大学,5,40558
2022,1,99,药学类(2011计划创新实验区),A337,浙江工业大学,10,36128
2022,1,01,数学类(按数理类培养),A338,浙江理工大学,2,31144
2022,1,05,纺织类,A338,浙江理工大学,2,49675
2022,1,06,轻化工程,A338,浙江理工大学,3,46447
2022,1,07,丝绸设计与工程,A338,浙江理工大学,2,59976
2022,1,08,材料类,A338,浙江理工大学,3,36842
2022,1,09,服装设计与工程,A338,浙江理工大学,2,35705
2022,1,10,电子信息类,A338,浙江理工大学,2,26422
2022,1,11,计算机类,A338,浙江理工大学,2,24101
2022,1,12,机械类,A338,浙江理工大学,2,32431
2022,1,15,能源与动力工程,A338,浙江理工大学,2,30801
2022,1,16,土木类,A338,浙江理工大学,3,45975
2022,1,17,建筑类,A338,浙江理工大学,2,37307
2022,1,20,国际经济与贸易(英文授课班),A338,浙江理工大学,5,37580
2022,1,21,工商管理(英文授课班),A338,浙江理工大学,4,36672
2022,1,22,经济与贸易类,A338,浙江理工大学,2,32605
2022,1,27,新闻传播学类,A338,浙江理工大学,3,32348
2022,1,31,外国语言文学类,A338,浙江理工大学,4,39239
2022,1,32,公共管理类,A338,浙江理工大学,2,38720
2022,1,34,服装设计与工程(中外合作办学)(中美合作),A338,浙江理工大学,4,76152
2022,1,02,海洋科学类,A340,浙江海洋大学,6,55959
2022,1,05,海洋资源与环境,A340,浙江海洋大学,3,57581
2022,1,06,海洋渔业科学与技术,A340,浙江海洋大学,4,66672
2022,1,07,水族科学与技术,A340,浙江海洋大学,2,75289
2022,1,08,食品科学与工程,A340,浙江海洋大学,2,54025
2022,1,11,船舶与海洋工程,A340,浙江海洋大学,2,60894
2022,1,14,轮机工程(船机修造方向),A340,浙江海洋大学,2,75893
2022,1,21,港口航道与海岸工程,A340,浙江海洋大学,4,71401
2022,1,22,油气储运工程,A340,浙江海洋大学,2,69310
2022,1,26,安全工程,A340,浙江海洋大学,3,72037
2022,1,31,数学与应用数学(师范类),A340,浙江海洋大学,2,64252
2022,1,32,物理学(师范类),A340,浙江海洋大学,2,68628
2022,1,36,旅游管理,A340,浙江海洋大学,2,80975
2022,1,43,英语,A340,浙江海洋大学,2,66163
2022,1,44,商务英语,A340,浙江海洋大学,2,66259
2022,1,70,水产养殖学,A340,浙江海洋大学,2,60702
2022,1,12,船舶与海洋工程(中外合作办学),A340,浙江海洋大学,3,98822
2022,1,44,农学,A341,浙江农林大学,1,48387
2022,1,46,植物保护,A341,浙江农林大学,1,50964
2022,1,48,智慧农业,A341,浙江农林大学,2,54116
2022,1,4A,林学,A341,浙江农林大学,3,49576
2022,1,4F,生物技术,A341,浙江农林大学,2,53584
2022,1,4G,地理信息科学,A341,浙江农林大学,3,48192
2022,1,4H,测绘工程,A341,浙江农林大学,3,61359
2022,1,4J,农业资源与环境,A341,浙江农林大学,2,58703
2022,1,4K,环境科学与工程,A341,浙江农林大学,2,59928
2022,1,4L,木材科学与工程,A341,浙江农林大学,5,60538
2022,1,4M,家具设计与工程,A341,浙江农林大学,3,78159
2022,1,4N,应用化学,A341,浙江农林大学,2,59356
2022,1,4P,高分子材料与工程,A341,浙江农林大学,2,62415
2022,1,4R,土木工程,A341,浙江农林大学,1,60842
2022,1,4T,风景园林,A341,浙江农林大学,2,44861
2022,1,4U,城乡规划,A341,浙江农林大学,2,56996
2022,1,4W,工商管理,A341,浙江农林大学,1,43064
2022,1,52,法学,A341,浙江农林大学,2,39104
2022,1,53,城市管理,A341,浙江农林大学,1,55231
2022,1,55,汉语言文学,A341,浙江农林大学,1,40337
2022,1,56,英语,A341,浙江农林大学,2,46615
2022,1,57,动物科学,A341,浙江农林大学,3,59445
2022,1,59,动物医学,A341,浙江农林大学,4,49509
2022,1,5E,工业设计,A341,浙江农林大学,2,51843
2022,1,5F,应用统计学,A341,浙江农林大学,1,48596
2022,1,5G,数据科学与大数据技术,A341,浙江农林大学,1,51199
2022,1,5H,计算机科学与技术,A341,浙江农林大学,3,42611
2022,1,5J,智能科学与技术,A341,浙江农林大学,2,51844
2022,1,5K,物联网工程,A341,浙江农林大学,1,48032
2022,1,5L,机械设计制造及其自动化,A341,浙江农林大学,3,61475
2022,1,5M,电子信息工程,A341,浙江农林大学,2,49009
2022,1,5U,园艺,A341,浙江农林大学,1,55871
2022,1,5W,设施农业科学与工程,A341,浙江农林大学,1,60090
2022,1,5Y,茶学,A341,浙江农林大学,2,60989
2022,1,60,文化产业管理(茶文化),A341,浙江农林大学,2,67527
2022,1,4D,林学(中外合作办学)(中加合作办学项目),A341,浙江农林大学,3,83474
2022,1,AA,眼视光医学(5+3一体化),A343,温州医科大学,3,8838
2022,1,AB,眼视光医学,A343,温州医科大学,2,12316
2022,1,AE,临床医学(5+3一体化),A343,温州医科大学,2,6609
2022,1,AF,临床医学,A343,温州医科大学,3,11538
2022,1,AJ,医学影像技术,A343,温州医科大学,2,30099
2022,1,AK,临床医学(5+3一体化，儿科学方向),A343,温州医科大学,2,13157
2022,1,AZ,基础医学,A343,温州医科大学,2,33763
2022,1,BF,康复治疗学,A343,温州医科大学,2,60663
2022,1,BH,助产学,A343,温州医科大学,2,61195
2022,1,BJ,信息管理与信息系统,A343,温州医科大学,2,91398
2022,1,BL,护理学,A343,温州医科大学,3,62952
2022,1,BV,临床医学(检验医师培养试验班),A343,温州医科大学,1,10920
2022,1,AV,临床医学(中外合作办学),A343,温州医科大学,1,25534
2022,1,01,中医学(5+3一体化),A344,浙江中医药大学,1,12354
2022,1,03,中医学,A344,浙江中医药大学,2,22242
2022,1,04,中医骨伤科学,A344,浙江中医药大学,1,22781
2022,1,05,医学影像学,A344,浙江中医药大学,1,25491
2022,1,06,医学影像技术,A344,浙江中医药大学,1,53246
2022,1,07,临床医学,A344,浙江中医药大学,4,24956
2022,1,09,中西医临床医学,A344,浙江中医药大学,2,25661
2022,1,11,针灸推拿学,A344,浙江中医药大学,3,32113
2022,1,17,口腔医学,A344,浙江中医药大学,1,20820
2022,1,18,中药学,A344,浙江中医药大学,2,35201
2022,1,19,药学,A344,浙江中医药大学,4,39878
2022,1,21,食品卫生与营养学,A344,浙江中医药大学,2,46310
2022,1,22,护理学,A344,浙江中医药大学,6,68197
2022,1,23,助产学,A344,浙江中医药大学,2,60401
2022,1,24,听力与言语康复学,A344,浙江中医药大学,2,54545
2022,1,25,医学检验技术,A344,浙江中医药大学,2,34942
2022,1,26,卫生检验与检疫,A344,浙江中医药大学,2,47612
2022,1,27,医学信息工程,A344,浙江中医药大学,2,47072
2022,1,28,计算机科学与技术,A344,浙江中医药大学,2,43483
2022,1,29,数据科学与大数据技术,A344,浙江中医药大学,2,46506
2022,1,30,生物科学,A344,浙江中医药大学,4,42226
2022,1,31,生物技术,A344,浙江中医药大学,2,48388
2022,1,32,医学实验技术,A344,浙江中医药大学,2,44689
2022,1,34,健康服务与管理,A344,浙江中医药大学,2,55599
2022,1,35,市场营销,A344,浙江中医药大学,1,74127
2022,1,36,英语,A344,浙江中医药大学,3,59672
2022,1,23,学前教育(师范类),A345,浙江师范大学,4,38097
2022,1,45,计算机类,A345,浙江师范大学,5,29916
2022,1,53,物理学类,A345,浙江师范大学,3,27663
2022,1,54,电子信息类,A345,浙江师范大学,5,35412
2022,1,75,工业设计,A345,浙江师范大学,2,40338
2022,1,77,机器人工程,A345,浙江师范大学,4,41189
2022,1,78,工商管理类,A345,浙江师范大学,3,32746
2022,1,7A,法学类,A345,浙江师范大学,3,28414
2022,1,7C,思想政治教育(师范类),A345,浙江师范大学,3,26522
2022,1,7E,外国语言文学类,A345,浙江师范大学,3,25400
2022,1,7G,数学与应用数学(师范类),A345,浙江师范大学,3,23713
2022,1,7J,生物科学类,A345,浙江师范大学,3,25867
2022,1,01,经济学,A346,杭州师范大学,3,36376
2022,1,02,金融工程,A346,杭州师范大学,3,40655
2022,1,1C,应用化学,A346,杭州师范大学,2,44271
2022,1,1D,制药工程,A346,杭州师范大学,2,44984
2022,1,1E,高分子材料与工程,A346,杭州师范大学,6,51738
2022,1,1N,计算机科学与技术,A346,杭州师范大学,10,35122
2022,1,1P,计算机科学与技术(金融信息服务方向),A346,杭州师范大学,2,36132
2022,1,1Q,软件工程,A346,杭州师范大学,2,34642
2022,1,1R,电子信息工程,A346,杭州师范大学,2,42578
2022,1,1V,药学,A346,杭州师范大学,10,49304
2022,1,1W,护理学,A346,杭州师范大学,8,87236
2022,1,1Z,预防医学,A346,杭州师范大学,10,46566
2022,1,21,公共事业管理(卫生事业管理方向),A346,杭州师范大学,6,49902
2022,1,22,健康服务与管理,A346,杭州师范大学,4,56214
2022,1,23,大数据管理与应用,A346,杭州师范大学,6,38701
2022,1,25,电子商务,A346,杭州师范大学,6,50277
2022,1,26,电子商务(数字商务创新实验班),A346,杭州师范大学,4,78112
2022,1,24,财务管理,A347,湖州师范学院,2,113919
2022,1,29,行政管理,A347,湖州师范学院,2,122574
2022,1,30,旅游管理,A347,湖州师范学院,2,147287
2022,1,38,新闻学,A347,湖州师范学院,2,104654
2022,1,46,计算机类,A347,湖州师范学院,4,135608
2022,1,49,材料化学,A347,湖州师范学院,3,163546
2022,1,51,建筑学,A347,湖州师范学院,2,149519
2022,1,59,护理学,A347,湖州师范学院,5,150580
2022,1,73,电子信息工程,A347,湖州师范学院,1,138715
2022,1,74,生物工程类,A347,湖州师范学院,6,165901
2022,1,22,物理学,A349,绍兴文理学院,5,143539
2022,1,23,电子信息类,A349,绍兴文理学院,5,123114
2022,1,33,机械类,A349,绍兴文理学院,5,132276
2022,1,05,工商管理,A350,台州学院,4,144925
2022,1,15,俄语,A350,台州学院,4,162399
2022,1,18,电子信息工程,A350,台州学院,5,153431
2022,1,20,生物科学,A350,台州学院,4,163953
2022,1,22,环境工程,A350,台州学院,5,174448
2022,1,24,化学工程与工艺,A350,台州学院,4,170784
2022,1,28,材料科学与工程,A350,台州学院,4,181625
2022,1,32,汉语言文学(师范类),A350,台州学院,4,104670
2022,1,39,机械电子工程,A350,台州学院,4,165593
2022,1,45,给排水科学与工程,A350,台州学院,4,185955
2022,1,46,道路桥梁与渡河工程,A350,台州学院,3,189465
2022,1,48,土木工程(中外合作办学),A350,台州学院,5,218238
2022,1,30,信息与计算科学,A351,温州大学,1,36070
2022,1,32,材料科学与工程,A351,温州大学,2,61981
2022,1,35,能源化学,A351,温州大学,1,39953
2022,1,43,机械工程(卓工超豪示范班),A351,温州大学,2,48838
2022,1,46,土木工程,A351,温州大学,2,63046
2022,1,47,城市地下空间工程,A351,温州大学,2,69152
2022,1,49,集成电路设计与集成系统,A351,温州大学,1,49153
2022,1,50,电子信息科学与技术,A351,温州大学,1,39680
2022,1,18,化学工程与工艺,A352,丽水学院,2,163992
2022,1,20,生物制药,A352,丽水学院,2,118958
2022,1,25,机械设计制造及其自动化,A352,丽水学院,3,151315
2022,1,29,计算机科学与技术,A352,丽水学院,3,127217
2022,1,31,土木工程,A352,丽水学院,4,166482
2022,1,33,口腔医学,A352,丽水学院,2,52255
2022,1,35,护理学,A352,丽水学院,3,168822
2022,1,6A,财务管理,A352,丽水学院,2,130072
2022,1,31,哲学,A353,浙江工商大学,2,27778
2022,1,32,经济学类,A353,浙江工商大学,6,28114
2022,1,33,经济统计学,A353,浙江工商大学,2,25029
2022,1,34,金融学类,A353,浙江工商大学,2,22984
2022,1,37,法学类,A353,浙江工商大学,4,24094
2022,1,44,新闻传播学类,A353,浙江工商大学,2,27601
2022,1,48,电子信息类,A353,浙江工商大学,6,34489
2022,1,49,计算机类,A353,浙江工商大学,4,26589
2022,1,50,物联网工程,A353,浙江工商大学,2,29967
2022,1,52,给排水科学与工程,A353,浙江工商大学,3,60732
2022,1,53,环境科学与工程类,A353,浙江工商大学,6,51571
2022,1,55,城乡规划,A353,浙江工商大学,2,39223
2022,1,56,生物工程,A353,浙江工商大学,4,44117
2022,1,57,工商管理类,A353,浙江工商大学,4,30202
2022,1,58,会计学,A353,浙江工商大学,4,23917
2022,1,59,公共管理类,A353,浙江工商大学,5,36739
2022,1,61,电子商务类,A353,浙江工商大学,10,51401
2022,1,62,旅游管理类,A353,浙江工商大学,4,63220
2022,1,67,数据科学与大数据技术,A353,浙江工商大学,2,29040
2022,1,68,外国语言文学类,A353,浙江工商大学,4,31763
2022,1,05,会计学,A354,嘉兴学院,2,75536
2022,1,09,物流管理,A354,嘉兴学院,2,93552
2022,1,10,市场营销,A354,嘉兴学院,2,107999
2022,1,22,临床医学,A354,嘉兴学院,5,83143
2022,1,27,电子信息工程,A354,嘉兴学院,3,105324
2022,1,36,生物工程,A354,嘉兴学院,4,146606
2022,1,38,制药工程,A354,嘉兴学院,5,149098
2022,1,41,高分子材料与工程,A354,嘉兴学院,4,140976
2022,1,42,轻化工程,A354,嘉兴学院,3,155819
2022,1,44,纺织工程,A354,嘉兴学院,4,175282
2022,1,45,建筑学,A354,嘉兴学院,2,114745
2022,1,48,建筑环境与能源应用工程,A354,嘉兴学院,4,156565
2022,1,03,艺术学理论类,A355,中国美术学院,6,32590
2022,1,09,风景园林,A355,中国美术学院,2,30423
2022,1,01,自动化类,A356,中国计量大学,6,34915
2022,1,02,机械类,A356,中国计量大学,4,38800
2022,1,03,测控技术与仪器,A356,中国计量大学,4,35622
2022,1,04,能源与动力工程,A356,中国计量大学,5,40671
2022,1,05,智能感知工程,A356,中国计量大学,1,31793
2022,1,06,电子信息类,A356,中国计量大学,6,34703
2022,1,09,人工智能,A356,中国计量大学,1,30169
2022,1,10,光电信息科学与工程,A356,中国计量大学,7,36090
2022,1,11,电子科学与技术,A356,中国计量大学,4,35149
2022,1,14,材料科学与工程,A356,中国计量大学,4,43834
2022,1,15,应用化学,A356,中国计量大学,1,36168
2022,1,16,质量管理工程,A356,中国计量大学,2,32541
2022,1,18,安全工程,A356,中国计量大学,2,38081
2022,1,19,环境工程,A356,中国计量大学,2,43258
2022,1,20,信息管理与信息系统,A356,中国计量大学,2,36941
2022,1,21,工商管理类,A356,中国计量大学,1,36282
2022,1,22,金融学类,A356,中国计量大学,1,34791
2022,1,24,数学与应用数学,A356,中国计量大学,2,35092
2022,1,25,物理学类,A356,中国计量大学,1,36602
2022,1,26,数据科学与大数据技术,A356,中国计量大学,6,33882
2022,1,28,生物工程,A356,中国计量大学,1,37098
2022,1,30,卫生检验与检疫,A356,中国计量大学,1,32542
2022,1,36,工业设计,A356,中国计量大学,1,37783
2022,1,39,标准化工程,A356,中国计量大学,1,30412
2022,1,02,数学类,A357,安徽大学,4,21176
2022,1,0E,信息安全,A357,安徽大学,8,20453
2022,1,0G,电子信息工程,A357,安徽大学,8,20441
2022,1,0K,电气工程及其自动化,A357,安徽大学,9,21638
2022,1,0M,机械类,A357,安徽大学,3,22995
2022,1,0T,计算机类,A357,安徽大学,10,19625
2022,1,0V,机器人工程,A357,安徽大学,6,23353
2022,1,0X,集成电路设计与集成系统,A357,安徽大学,6,22808
2022,1,0Y,中国语言文学类,A357,安徽大学,5,18190
2022,1,0Z,历史学类,A357,安徽大学,3,20425
2022,1,13,新闻传播学类,A357,安徽大学,7,21260
2022,1,14,经济统计学,A357,安徽大学,4,22855
2022,1,16,金融学,A357,安徽大学,7,20884
2022,1,1B,工商管理类,A357,安徽大学,10,24380
2022,1,1F,英语,A357,安徽大学,3,17239
2022,1,1M,法学类,A357,安徽大学,4,15264
2022,1,24,计算机科学与技术,A357,安徽大学,11,18969
2022,1,29,电子科学与技术,A357,安徽大学,10,21784
2022,1,2E,应用物理学(中外合作办学),A357,安徽大学,8,49662
2022,1,2F,应用统计学(中外合作办学),A357,安徽大学,8,42644
2022,1,2G,数字媒体技术(中外合作办学),A357,安徽大学,9,41904
2022,1,Z1,理科试验班类,A358,中国科学技术大学,25,720
2022,1,Z3,工科试验班,A358,中国科学技术大学,19,714
2022,1,01,自动化,A359,合肥工业大学,10,18612
2022,1,02,机器人工程,A359,合肥工业大学,4,18876
2022,1,03,电气工程及其自动化,A359,合肥工业大学,10,16279
2022,1,04,电子科学与技术,A359,合肥工业大学,5,18557
2022,1,05,微电子科学与工程,A359,合肥工业大学,5,19214
2022,1,06,集成电路设计与集成系统,A359,合肥工业大学,8,20335
2022,1,07,应用物理学,A359,合肥工业大学,4,23533
2022,1,08,信息管理与信息系统,A359,合肥工业大学,5,20998
2022,1,0A,大数据管理与应用,A359,合肥工业大学,2,18233
2022,1,0B,工商管理类,A359,合肥工业大学,7,23905
2022,1,0C,高分子材料与工程,A359,合肥工业大学,4,27310
2022,1,0D,化学工程与工艺,A359,合肥工业大学,4,29950
2022,1,0E,应用化学,A359,合肥工业大学,3,26191
2022,1,0F,化学,A359,合肥工业大学,3,29408
2022,1,0G,机械类(智能制造),A359,合肥工业大学,26,24747
2022,1,0H,工业工程,A359,合肥工业大学,3,27746
2022,1,0J,计算机科学与技术,A359,合肥工业大学,6,13312
2022,1,0K,电子信息工程,A359,合肥工业大学,7,17480
2022,1,0L,通信工程,A359,合肥工业大学,4,18267
2022,1,0M,信息安全,A359,合肥工业大学,3,15237
2022,1,0P,建筑学,A359,合肥工业大学,2,20518
2022,1,0Q,城乡规划,A359,合肥工业大学,3,23471
2022,1,0U,工业设计,A359,合肥工业大学,2,24306
2022,1,0V,经济学,A359,合肥工业大学,2,22896
2022,1,0W,金融工程,A359,合肥工业大学,6,23672
2022,1,0Y,交通运输,A359,合肥工业大学,2,25481
2022,1,0Z,车辆工程,A359,合肥工业大学,8,21959
2022,1,10,交通工程,A359,合肥工业大学,3,23223
2022,1,11,能源与动力工程,A359,合肥工业大学,4,23088
2022,1,13,智能车辆工程,A359,合肥工业大学,2,17822
2022,1,14,软件工程,A359,合肥工业大学,9,15773
2022,1,15,食品科学与工程类,A359,合肥工业大学,15,31141
2022,1,16,信息与计算科学,A359,合肥工业大学,8,22539
2022,1,17,数学与应用数学,A359,合肥工业大学,4,20548
2022,1,18,统计学,A359,合肥工业大学,3,22513
2022,1,19,土木类,A359,合肥工业大学,8,29830
2022,1,1A,工程力学,A359,合肥工业大学,3,28614
2022,1,1B,测绘工程,A359,合肥工业大学,3,31508
2022,1,1C,智能建造,A359,合肥工业大学,4,24912
2022,1,1D,英语,A359,合肥工业大学,8,25806
2022,1,1E,印度尼西亚语,A359,合肥工业大学,2,32758
2022,1,1F,法学,A359,合肥工业大学,2,19372
2022,1,1G,仪器类,A359,合肥工业大学,17,26034
2022,1,1H,地理信息科学,A359,合肥工业大学,2,22205
2022,1,1J,环境工程,A359,合肥工业大学,2,29759
2022,1,1L,地质类,A359,合肥工业大学,2,30059
2022,1,1M,遥感科学与技术,A359,合肥工业大学,3,23694
2022,1,1N,材料类,A359,合肥工业大学,5,30750
2022,1,1P,材料成型及控制工程,A359,合肥工业大学,6,29165
2022,1,1Q,材料物理,A359,合肥工业大学,7,30688
2022,1,1R,水利水电工程,A359,合肥工业大学,9,29694
2022,1,1S,水文与水资源工程,A359,合肥工业大学,3,30689
2022,1,1T,国际经济与贸易(中外合作办学),A359,合肥工业大学,8,38525
2022,1,A1,材料成型及控制工程,A360,安徽工业大学,3,107814
2022,1,A3,冶金工程,A360,安徽工业大学,4,128412
2022,1,B1,材料类,A360,安徽工业大学,7,118447
2022,1,B3,金属材料工程,A360,安徽工业大学,2,126711
2022,1,C1,高分子材料与工程,A360,安徽工业大学,2,88261
2022,1,C2,化学工程与工艺,A360,安徽工业大学,2,83308
2022,1,C3,化学生物学,A360,安徽工业大学,2,100056
2022,1,C4,应用化学,A360,安徽工业大学,2,93138
2022,1,D1,安全工程,A360,安徽工业大学,2,98517
2022,1,D4,工程管理,A360,安徽工业大学,2,97686
2022,1,D5,建筑环境与能源应用工程,A360,安徽工业大学,2,113004
2022,1,D6,建筑学,A360,安徽工业大学,2,76136
2022,1,D7,土木工程,A360,安徽工业大学,5,87890
2022,1,E1,车辆工程,A360,安徽工业大学,2,84844
2022,1,E2,机械工程,A360,安徽工业大学,2,83479
2022,1,E3,机械设计制造及其自动化,A360,安徽工业大学,8,80962
2022,1,E4,机器人工程,A360,安徽工业大学,2,71807
2022,1,F1,测控技术与仪器,A360,安徽工业大学,2,78062
2022,1,F2,电气工程及其自动化,A360,安徽工业大学,3,65834
2022,1,F3,电子信息工程,A360,安徽工业大学,3,69371
2022,1,F4,通信工程,A360,安徽工业大学,2,70350
2022,1,F5,自动化,A360,安徽工业大学,3,70556
2022,1,F6,集成电路设计与集成系统,A360,安徽工业大学,2,68589
2022,1,G1,计算机类,A360,安徽工业大学,11,65172
2022,1,G2,人工智能,A360,安徽工业大学,2,69944
2022,1,G3,物联网工程,A360,安徽工业大学,2,65435
2022,1,H1,光电信息科学与工程,A360,安徽工业大学,3,75697
2022,1,H2,微电子科学与工程,A360,安徽工业大学,2,75562
2022,1,H3,数学与应用数学,A360,安徽工业大学,3,76437
2022,1,H4,数据科学与大数据技术,A360,安徽工业大学,2,67330
2022,1,H5,工程造价,A360,安徽工业大学,2,94114
2022,1,H6,工业工程,A360,安徽工业大学,2,95957
2022,1,H8,信息管理与信息系统,A360,安徽工业大学,4,81151
2022,1,J1,法学,A360,安徽工业大学,3,70547
2022,1,J2,公共事业管理,A360,安徽工业大学,2,95628
2022,1,J3,行政管理,A360,安徽工业大学,1,87750
2022,1,K1,外国语言文学类,A360,安徽工业大学,4,88839
2022,1,L2,环境工程,A360,安徽工业大学,2,103539
2022,1,L3,能源与动力工程,A360,安徽工业大学,3,84309
2022,1,L4,新能源科学与工程,A360,安徽工业大学,2,84195
2022,1,M2,工业设计,A360,安徽工业大学,2,85893
2022,1,N1,财务管理,A360,安徽工业大学,1,76088
2022,1,N3,国际经济与贸易,A360,安徽工业大学,2,91241
2022,1,N6,会计学,A360,安徽工业大学,2,61801
2022,1,N8,金融学,A360,安徽工业大学,2,70151
2022,1,N9,经济统计学,A360,安徽工业大学,2,77831
2022,1,NA,经济学,A360,安徽工业大学,2,77732
2022,1,NB,经济与金融,A360,安徽工业大学,2,72278
2022,1,NC,人力资源管理,A360,安徽工业大学,2,81638
2022,1,NF,互联网金融,A360,安徽工业大学,2,74837
2022,1,01,资源与环境经济学,A361,安徽理工大学,4,90986
2022,1,02,金融学,A361,安徽理工大学,2,81385
2022,1,03,政治学与行政学,A361,安徽理工大学,4,80585
2022,1,04,社会工作,A361,安徽理工大学,4,99378
2022,1,05,英语,A361,安徽理工大学,4,70194
2022,1,06,日语,A361,安徽理工大学,4,103629
2022,1,07,网络与新媒体,A361,安徽理工大学,2,64667
2022,1,08,数学与应用数学,A361,安徽理工大学,4,74438
2022,1,09,信息与计算科学,A361,安徽理工大学,2,64495
2022,1,0A,应用物理学,A361,安徽理工大学,2,78094
2022,1,0B,应用化学,A361,安徽理工大学,4,95559
2022,1,0C,应用统计学,A361,安徽理工大学,2,75977
2022,1,0D,工程力学,A361,安徽理工大学,8,105929
2022,1,0E,机械设计制造及其自动化,A361,安徽理工大学,6,76139
2022,1,0H,过程装备与控制工程,A361,安徽理工大学,4,110544
2022,1,0J,车辆工程,A361,安徽理工大学,4,89499
2022,1,0K,智能制造工程,A361,安徽理工大学,4,87374
2022,1,0L,测控技术与仪器,A361,安徽理工大学,4,98211
2022,1,0M,无机非金属材料工程,A361,安徽理工大学,8,119641
2022,1,0N,高分子材料与工程,A361,安徽理工大学,8,103585
2022,1,0P,复合材料与工程,A361,安徽理工大学,8,121299
2022,1,0Q,智能材料与结构,A361,安徽理工大学,5,114258
2022,1,0R,电气工程及其自动化,A361,安徽理工大学,2,59464
2022,1,0U,光电信息科学与工程,A361,安徽理工大学,7,80683
2022,1,0W,人工智能,A361,安徽理工大学,2,63022
2022,1,0X,自动化,A361,安徽理工大学,2,62264
2022,1,0Y,机器人工程,A361,安徽理工大学,2,70149
2022,1,0Z,计算机科学与技术,A361,安徽理工大学,2,50343
2022,1,10,软件工程,A361,安徽理工大学,2,50452
2022,1,11,信息安全,A361,安徽理工大学,2,59281
2022,1,12,物联网工程,A361,安徽理工大学,3,57701
2022,1,13,数字媒体技术,A361,安徽理工大学,2,50085
2022,1,14,智能科学与技术,A361,安徽理工大学,2,64340
2022,1,15,数据科学与大数据技术,A361,安徽理工大学,2,62903
2022,1,16,区块链工程,A361,安徽理工大学,2,72884
2022,1,17,土木工程,A361,安徽理工大学,10,80321
2022,1,18,建筑环境与能源应用工程,A361,安徽理工大学,4,105464
2022,1,19,给排水科学与工程,A361,安徽理工大学,6,115725
2022,1,1A,城市地下空间工程,A361,安徽理工大学,4,115647
2022,1,1B,智能建造,A361,安徽理工大学,4,97921
2022,1,1C,水文与水资源工程,A361,安徽理工大学,6,113546
2022,1,1D,测绘工程,A361,安徽理工大学,6,109364
2022,1,1E,遥感科学与技术,A361,安徽理工大学,8,96051
2022,1,1F,导航工程,A361,安徽理工大学,6,104076
2022,1,1G,地理空间信息工程,A361,安徽理工大学,8,108006
2022,1,1H,化学工程与工艺,A361,安徽理工大学,6,105627
2022,1,1J,制药工程,A361,安徽理工大学,8,94527
2022,1,1L,能源化学工程,A361,安徽理工大学,6,107084
2022,1,1M,地质工程,A361,安徽理工大学,8,123854
2022,1,1N,勘查技术与工程,A361,安徽理工大学,6,125809
2022,1,1P,资源勘查工程,A361,安徽理工大学,8,147534
2022,1,1R,矿物加工工程,A361,安徽理工大学,8,151809
2022,1,1S,智能采矿工程,A361,安徽理工大学,8,156477
2022,1,1T,交通工程,A361,安徽理工大学,4,99910
2022,1,1U,弹药工程与爆炸技术,A361,安徽理工大学,2,71756
2022,1,1V,环境工程,A361,安徽理工大学,8,107716
2022,1,1Y,安全工程,A361,安徽理工大学,6,103838
2022,1,1Z,应急技术与管理,A361,安徽理工大学,8,142457
2022,1,20,职业卫生工程,A361,安徽理工大学,4,156809
2022,1,21,消防工程,A361,安徽理工大学,4,114834
2022,1,22,临床医学,A361,安徽理工大学,2,41056
2022,1,23,预防医学,A361,安徽理工大学,2,72059
2022,1,24,药学,A361,安徽理工大学,6,86120
2022,1,25,医学检验技术,A361,安徽理工大学,2,55636
2022,1,28,工程造价,A361,安徽理工大学,2,88017
2022,1,29,市场营销,A361,安徽理工大学,8,108017
2022,1,2A,会计学,A361,安徽理工大学,2,76973
2022,1,2C,人力资源管理,A361,安徽理工大学,8,88699
2022,1,2D,电子商务,A361,安徽理工大学,8,87544
2022,1,2G,护理学,A361,安徽理工大学,6,124212
2022,1,2L,机械电子工程(中外合作办学),A361,安徽理工大学,4,156412
2022,1,09,智能科学与技术,A363,安徽工程大学,5,102530
2022,1,0M,纺织类,A363,安徽工程大学,10,165238
2022,1,0S,食品科学与工程,A363,安徽工程大学,7,124669
2022,1,0V,应用化学,A363,安徽工程大学,5,123712
2022,1,13,工业工程,A363,安徽工程大学,5,117791
2022,1,1C,工业设计,A363,安徽工程大学,6,122049
2022,1,1D,计算机科学与技术,A363,安徽工程大学,4,77904
2022,1,1H,统计学,A363,安徽工程大学,3,101575
2022,1,03,植物保护,A364,安徽农业大学,4,100438
2022,1,05,园艺,A364,安徽农业大学,4,96489
2022,1,07,木材科学与工程,A364,安徽农业大学,2,116143
2022,1,0B,动物科学,A364,安徽农业大学,4,115523
2022,1,0C,动物医学,A364,安徽农业大学,4,86628
2022,1,0E,食品科学与工程类,A364,安徽农业大学,3,88875
2022,1,0F,茶学,A364,安徽农业大学,3,70456
2022,1,0J,应用化学,A364,安徽农业大学,2,92997
2022,1,0K,应用统计学,A364,安徽农业大学,5,76737
2022,1,0L,测绘工程,A364,安徽农业大学,2,121464
2022,1,0M,生物科学类,A364,安徽农业大学,5,80507
2022,1,0N,生物制药,A364,安徽农业大学,2,83316
2022,1,0P,应用生物科学,A364,安徽农业大学,2,87642
2022,1,0S,环境科学与工程类,A364,安徽农业大学,4,105252
2022,1,0U,机械类,A364,安徽农业大学,2,100244
2022,1,0V,电气工程及其自动化,A364,安徽农业大学,2,80281
2022,1,0X,农业机械化及其自动化,A364,安徽农业大学,2,105907
2022,1,0Z,智能制造工程,A364,安徽农业大学,2,102368
2022,1,10,轻工类,A364,安徽农业大学,2,124696
2022,1,12,电子信息类,A364,安徽农业大学,2,78848
2022,1,13,计算机科学与技术,A364,安徽农业大学,2,64064
2022,1,17,工商管理类,A364,安徽农业大学,2,76415
2022,1,1A,金融学,A364,安徽农业大学,2,73833
2022,1,1B,国际经济与贸易,A364,安徽农业大学,3,77346
2022,1,1H,汉语言文学,A364,安徽农业大学,2,54865
2022,1,1K,英语,A364,安徽农业大学,2,61664
2022,1,1L,公共管理类,A364,安徽农业大学,2,87185
2022,1,03,临床医学,A366,安徽医科大学,6,18656
2022,1,0A,医学影像学,A366,安徽医科大学,2,25171
2022,1,0C,口腔医学,A366,安徽医科大学,2,12532
2022,1,0F,生物医学工程,A366,安徽医科大学,2,33441
2022,1,0S,药学,A366,安徽医科大学,2,34770
2022,1,18,健康服务与管理(中外合作办学),A366,安徽医科大学,2,102789
2022,1,07,制药工程,A367,蚌埠医学院,5,152840
2022,1,0A,临床医学,A367,蚌埠医学院,5,70444
2022,1,0J,药学,A367,蚌埠医学院,5,135191
2022,1,03,中医学,A369,安徽中医药大学,5,58806
2022,1,06,中医儿科学,A369,安徽中医药大学,2,68050
2022,1,07,针灸推拿学,A369,安徽中医药大学,2,72244
2022,1,0A,中西医临床医学,A369,安徽中医药大学,4,79602
2022,1,0C,中药学,A369,安徽中医药大学,3,78735
2022,1,0F,生物制药,A369,安徽中医药大学,2,100749
2022,1,0H,医学信息工程,A369,安徽中医药大学,3,134847
2022,1,0K,数据科学与大数据技术,A369,安徽中医药大学,3,121989
2022,1,0Q,保险学,A369,安徽中医药大学,3,148162
2022,1,0S,汉语国际教育,A369,安徽中医药大学,2,105760
2022,1,0U,护理学,A369,安徽中医药大学,6,132712
2022,1,10,中医康复学,A369,安徽中医药大学,2,94578
2022,1,01,中国语言文学类,A370,安徽师范大学,5,39112
2022,1,02,汉语言文学(师范类),A370,安徽师范大学,2,31931
2022,1,03,思想政治教育(师范类),A370,安徽师范大学,2,38553
2022,1,05,法学,A370,安徽师范大学,2,40725
2022,1,06,社会学类,A370,安徽师范大学,4,57293
2022,1,07,行政管理,A370,安徽师范大学,2,59816
2022,1,08,经济学,A370,安徽师范大学,2,48094
2022,1,09,数字经济,A370,安徽师范大学,2,114333
2022,1,10,金融工程,A370,安徽师范大学,2,66371
2022,1,11,会计学,A370,安徽师范大学,2,55982
2022,1,12,财务管理,A370,安徽师范大学,2,56175
2022,1,13,人力资源管理,A370,安徽师范大学,2,58673
2022,1,14,供应链管理,A370,安徽师范大学,3,77026
2022,1,15,历史学(师范类),A370,安徽师范大学,2,40053
2022,1,16,世界史,A370,安徽师范大学,2,47756
2022,1,18,教育技术学(师范类),A370,安徽师范大学,2,61803
2022,1,19,学前教育(师范类),A370,安徽师范大学,2,61110
2022,1,22,心理学(师范类),A370,安徽师范大学,2,49198
2022,1,24,俄语,A370,安徽师范大学,2,61335
2022,1,25,法语,A370,安徽师范大学,2,52577
2022,1,26,日语,A370,安徽师范大学,2,58338
2022,1,27,葡萄牙语,A370,安徽师范大学,2,83686
2022,1,28,数学与应用数学(师范类),A370,安徽师范大学,2,41737
2022,1,29,统计学,A370,安徽师范大学,2,60530
2022,1,30,人工智能,A370,安徽师范大学,2,54533
2022,1,31,计算机科学与技术,A370,安徽师范大学,2,50991
2022,1,32,软件工程,A370,安徽师范大学,2,52808
2022,1,33,物联网工程,A370,安徽师范大学,2,60624
2022,1,34,数据科学与大数据技术,A370,安徽师范大学,2,59386
2022,1,35,网络空间安全,A370,安徽师范大学,2,57540
2022,1,37,物理学(师范类),A370,安徽师范大学,2,48083
2022,1,38,电子信息类,A370,安徽师范大学,4,56671
2022,1,39,自动化,A370,安徽师范大学,2,57808
2022,1,41,化学(师范类),A370,安徽师范大学,2,45728
2022,1,42,应用化学,A370,安徽师范大学,2,64378
2022,1,43,材料化学,A370,安徽师范大学,2,64284
2022,1,44,化学工程与工艺,A370,安徽师范大学,2,61556
2022,1,46,地理科学(师范类),A370,安徽师范大学,2,43764
2022,1,47,地理信息科学,A370,安徽师范大学,2,54524
2022,1,48,城乡规划,A370,安徽师范大学,2,60171
2022,1,49,土地资源管理,A370,安徽师范大学,2,73390
2022,1,50,旅游管理,A370,安徽师范大学,4,155747
2022,1,52,生物科学(师范类),A370,安徽师范大学,2,44293
2022,1,54,生物技术,A370,安徽师范大学,3,57125
2022,1,56,生态学,A370,安徽师范大学,3,68700
2022,1,57,环境科学与工程类,A370,安徽师范大学,4,76090
2022,1,58,新闻传播学类,A370,安徽师范大学,4,43141
2022,1,12,电子信息科学与技术,A371,阜阳师范大学,5,151547
2022,1,49,应用化学,A371,阜阳师范大学,5,151039
2022,1,03,外国语言文学类,A372,安庆师范大学,5,91618
2022,1,06,法学类,A372,安庆师范大学,5,99375
2022,1,0A,物流管理,A372,安庆师范大学,5,147424
2022,1,0N,数学类,A372,安庆师范大学,5,123479
2022,1,0S,电子信息类,A372,安庆师范大学,10,147244
2022,1,01,经济学,A373,淮北师范大学,1,75582
2022,1,02,国际经济与贸易,A373,淮北师范大学,1,88190
2022,1,03,法学,A373,淮北师范大学,2,62745
2022,1,06,思想政治教育(师范类),A373,淮北师范大学,1,50300
2022,1,12,汉语言文学(师范类),A373,淮北师范大学,2,48344
2022,1,13,汉语国际教育(师范类),A373,淮北师范大学,1,61809
2022,1,17,商务英语,A373,淮北师范大学,1,85134
2022,1,18,新闻学,A373,淮北师范大学,1,65179
2022,1,22,数学与应用数学(师范类),A373,淮北师范大学,2,71940
2022,1,25,应用化学,A373,淮北师范大学,2,103810
2022,1,27,应用心理学,A373,淮北师范大学,2,73211
2022,1,28,统计学,A373,淮北师范大学,1,79101
2022,1,41,环境科学,A373,淮北师范大学,1,96367
2022,1,44,生物工程,A373,淮北师范大学,2,102206
2022,1,46,会计学,A373,淮北师范大学,1,76469
2022,1,47,人力资源管理,A373,淮北师范大学,1,80275
2022,1,50,物流管理,A373,淮北师范大学,2,93905
2022,1,51,电子商务,A373,淮北师范大学,1,75415
2022,1,02,国际经济与贸易,A375,黄山学院,10,190733
2022,1,0A,日语,A375,黄山学院,5,189498
2022,1,0J,机械设计制造及其自动化,A375,黄山学院,6,200339
2022,1,10,烹饪与营养教育,A375,黄山学院,5,195936
2022,1,1Q,酒店管理(中外合作办学),A375,黄山学院,10,216758
2022,1,01,汉语言文学(师范类),A377,滁州学院,2,111821
2022,1,02,新闻学,A377,滁州学院,1,103680
2022,1,03,网络与新媒体,A377,滁州学院,1,72518
2022,1,04,金融工程,A377,滁州学院,2,168963
2022,1,25,地理信息科学,A377,滁州学院,1,103247
2022,1,28,旅游管理,A377,滁州学院,1,150543
2022,1,39,工商管理,A377,滁州学院,1,150681
2022,1,41,国际经济与贸易,A377,滁州学院,1,137284
2022,1,42,财务管理,A377,滁州学院,1,120373
2022,1,43,审计学,A377,滁州学院,2,123138
2022,1,45,英语,A377,滁州学院,1,119941
2022,1,47,商务英语,A377,滁州学院,1,110747
2022,1,01,经济统计学,A378,安徽财经大学,2,60571
2022,1,02,金融学,A378,安徽财经大学,3,54587
2022,1,03,法学,A378,安徽财经大学,6,53718
2022,1,04,日语,A378,安徽财经大学,6,88756
2022,1,06,数学与应用数学,A378,安徽财经大学,2,65581
2022,1,07,数据科学与大数据技术,A378,安徽财经大学,6,62477
2022,1,08,会计学,A378,安徽财经大学,2,50814
2022,1,09,财务管理,A378,安徽财经大学,2,56033
2022,1,10,审计学,A378,安徽财经大学,3,51171
2022,1,11,国际商务,A378,安徽财经大学,7,78726
2022,1,12,资产评估,A378,安徽财经大学,3,57480
2022,1,13,物流管理,A378,安徽财经大学,3,76054
2022,1,14,电子商务,A378,安徽财经大学,2,75307
2022,1,15,旅游管理,A378,安徽财经大学,4,116517
2022,1,16,经济学,A378,安徽财经大学,4,58504
2022,1,17,国民经济管理,A378,安徽财经大学,2,63933
2022,1,19,财政学类,A378,安徽财经大学,4,56740
2022,1,20,金融学类,A378,安徽财经大学,6,64375
2022,1,21,经济与贸易类,A378,安徽财经大学,6,67678
2022,1,23,电子信息类,A378,安徽财经大学,5,68813
2022,1,24,计算机类,A378,安徽财经大学,3,63923
2022,1,25,工程管理,A378,安徽财经大学,2,144896
2022,1,26,工程造价,A378,安徽财经大学,2,94287
2022,1,27,信息管理与信息系统,A378,安徽财经大学,4,85957
2022,1,28,统计学,A378,安徽财经大学,2,64176
2022,1,29,供应链管理,A378,安徽财经大学,2,102395
2022,1,32,公共管理类,A378,安徽财经大学,6,77717
2022,1,33,工商管理类,A378,安徽财经大学,4,70073
2022,1,34,商务英语,A378,安徽财经大学,2,63281
2022,1,35,应用统计学(中外合作办学),A378,安徽财经大学,2,103398
2022,1,07,应用化学,A379,宿州学院,5,185500
2022,1,09,过程装备与控制工程,A379,宿州学院,5,211911
2022,1,11,地理科学(师范类),A379,宿州学院,4,155283
2022,1,13,测绘工程,A379,宿州学院,5,194854
2022,1,31,电子商务,A379,宿州学院,5,197066
2022,1,32,物流工程,A379,宿州学院,5,212896
2022,1,48,汉语言文学(师范类),A379,宿州学院,4,150275
2022,1,61,土木工程,A379,宿州学院,5,209296
2022,1,65,水文与水资源工程,A379,宿州学院,5,207995
2022,1,01,金融工程,A381,淮南师范学院,2,181443
2022,1,03,国际经济与贸易,A381,淮南师范学院,2,185303
2022,1,08,学前教育(师范类),A381,淮南师范学院,2,165856
2022,1,16,商务英语,A381,淮南师范学院,2,168954
2022,1,20,数学与应用数学(师范类),A381,淮南师范学院,2,162680
2022,1,22,化学(师范类),A381,淮南师范学院,2,159264
2022,1,31,电气工程及其自动化,A381,淮南师范学院,2,181355
2022,1,32,电子信息工程,A381,淮南师范学院,2,184853
2022,1,37,自动化,A381,淮南师范学院,2,196643
2022,1,38,轨道交通信号与控制,A381,淮南师范学院,3,200749
2022,1,39,机器人工程,A381,淮南师范学院,3,196157
2022,1,41,软件工程,A381,淮南师范学院,2,175620
2022,1,45,数据科学与大数据技术,A381,淮南师范学院,2,188851
2022,1,46,化学工程与工艺,A381,淮南师范学院,3,181571
2022,1,49,生物制药,A381,淮南师范学院,3,190311
2022,1,51,水产养殖学,A381,淮南师范学院,4,217600
2022,1,54,财务管理,A381,淮南师范学院,2,169410
2022,1,01,人文科学试验班,A384,厦门大学,3,4193
2022,1,02,新闻传播学类,A384,厦门大学,2,3931
2022,1,03,外国语言文学类,A384,厦门大学,7,5425
2022,1,04,外国语言文学类(外国语言文学加会计或财务),A384,厦门大学,3,4626
2022,1,05,法学类,A384,厦门大学,4,3167
2022,1,08,政治学类,A384,厦门大学,4,4673
2022,1,09,经济学类,A384,厦门大学,18,3661
2022,1,10,统计学类,A384,厦门大学,2,2486
2022,1,11,数据科学与大数据技术,A384,厦门大学,2,3436
2022,1,12,会计学(含会计、财务、审计),A384,厦门大学,7,3179
2022,1,13,工商管理类,A384,厦门大学,4,4404
2022,1,14,管理科学与工程类,A384,厦门大学,2,5121
2022,1,17,化学类(含化学化工材料类),A384,厦门大学,18,4893
2022,1,19,数学类(含物理类),A384,厦门大学,10,4253
2022,1,23,能源动力类,A384,厦门大学,3,4803
2022,1,24,计算机类,A384,厦门大学,18,4326
2022,1,26,电子信息类,A384,厦门大学,12,4666
2022,1,27,工科试验班,A384,厦门大学,19,5484
2022,1,28,建筑类,A384,厦门大学,4,5463
2022,1,29,土木类,A384,厦门大学,2,6044
2022,1,30,药学,A384,厦门大学,3,5696
2022,1,31,理科试验班(海洋生态环境类),A384,厦门大学,11,5593
2022,1,33,理科试验班(生命科学与医学类),A384,厦门大学,10,4637
2022,1,C1,临床医学,A384,厦门大学,3,4898
2022,1,M0,汉语言文学(厦门大学马来西亚分校招生专业),A384,厦门大学,1,26861
2022,1,M1,新闻学(厦门大学马来西亚分校招生专业),A384,厦门大学,1,24578
2022,1,M2,金融学(厦门大学马来西亚分校招生专业),A384,厦门大学,3,23202
2022,1,M3,会计学(厦门大学马来西亚分校招生专业),A384,厦门大学,3,22642
2022,1,M4,国际商务(厦门大学马来西亚分校招生专业),A384,厦门大学,2,27629
2022,1,M5,化学工程与工艺(厦门大学马来西亚分校招生专业),A384,厦门大学,2,38722
2022,1,M6,海洋技术(厦门大学马来西亚分校招生专业),A384,厦门大学,2,33560
2022,1,M7,新能源科学与工程(厦门大学马来西亚分校招生专业),A384,厦门大学,2,33944
2022,1,M8,数字媒体技术(厦门大学马来西亚分校招生专业),A384,厦门大学,3,29956
2022,1,M9,计算机科学与技术(厦门大学马来西亚分校招生专业),A384,厦门大学,4,30150
2022,1,MA,软件工程(厦门大学马来西亚分校招生专业),A384,厦门大学,3,32588
2022,1,MB,电子信息工程(厦门大学马来西亚分校招生专业),A384,厦门大学,3,33638
2022,1,MC,中医学(厦门大学马来西亚分校招生专业),A384,厦门大学,1,35115
2022,1,MD,数学与应用数学(厦门大学马来西亚分校招生专业),A384,厦门大学,3,34887
2022,1,MG,英语(厦门大学马来西亚分校招生专业),A384,厦门大学,1,23112
2022,1,MH,物理学(厦门大学马来西亚分校招生专业),A384,厦门大学,2,35998
2022,1,MJ,人工智能(厦门大学马来西亚分校招生专业),A384,厦门大学,2,31726
2022,1,01,哲学(中西人文综合试验班),A385,华侨大学,4,38073
2022,1,02,国际事务与国际关系,A385,华侨大学,2,38271
2022,1,04,汉语国际教育,A385,华侨大学,5,42191
2022,1,06,新闻传播学类,A385,华侨大学,3,36018
2022,1,07,机械工程,A385,华侨大学,3,43945
2022,1,08,工业设计,A385,华侨大学,3,51153
2022,1,09,车辆工程,A385,华侨大学,2,42332
2022,1,10,智能制造工程,A385,华侨大学,4,42679
2022,1,14,应用物理学(拔尖人才试点班),A385,华侨大学,4,42781
2022,1,15,电气工程及其自动化,A385,华侨大学,6,36805
2022,1,16,电子信息类,A385,华侨大学,7,37002
2022,1,17,计算机科学与技术,A385,华侨大学,4,32324
2022,1,18,软件工程,A385,华侨大学,4,35083
2022,1,19,信息安全,A385,华侨大学,3,35975
2022,1,22,土木类,A385,华侨大学,12,58607
2022,1,23,给排水科学与工程(城镇智能水系统方向),A385,华侨大学,3,58239
2022,1,27,建筑学(五年),A385,华侨大学,3,31740
2022,1,29,风景园林(五年),A385,华侨大学,2,39440
2022,1,30,经济学类,A385,华侨大学,10,46251
2022,1,31,金融学,A385,华侨大学,4,35437
2022,1,32,法学,A385,华侨大学,6,32019
2022,1,33,中国语言文学类,A385,华侨大学,5,34584
2022,1,34,英语,A385,华侨大学,3,38103
2022,1,36,翻译,A385,华侨大学,3,43662
2022,1,37,数学与应用数学(金融统计、数据分析方向),A385,华侨大学,4,42784
2022,1,38,光电信息科学与工程,A385,华侨大学,4,42771
2022,1,39,物联网工程,A385,华侨大学,3,38124
2022,1,40,数据科学与大数据技术,A385,华侨大学,3,35742
2022,1,41,药学(生物与医药方向),A385,华侨大学,3,46101
2022,1,42,临床医学(五年),A385,华侨大学,7,31806
2022,1,44,工商管理类,A385,华侨大学,5,47306
2022,1,45,财务管理,A385,华侨大学,2,36625
2022,1,46,行政管理(数字政府治理、社会福利、公共危机管理方向),A385,华侨大学,4,51344
2022,1,47,旅游管理类,A385,华侨大学,6,69291
2022,1,48,经济学类(中美121双学位班、可接轨CFA金融分析师),A385,华侨大学,8,58575
2022,1,49,工商管理类(中美121双学位班、可接轨ACCA国际注会),A385,华侨大学,4,59586
2022,1,50,国际商务(全英文教学),A385,华侨大学,4,68391
2022,1,01,电气工程及其自动化,A386,福州大学,2,17423
2022,1,10,经济统计学,A386,福州大学,2,21210
2022,1,14,土木工程,A386,福州大学,4,30843
2022,1,32,会计学,A386,福州大学,2,18418
2022,1,33,财务管理,A386,福州大学,2,19153
2022,1,42,英语,A386,福州大学,2,23530
2022,1,48,人工智能,A386,福州大学,2,19227
2022,1,49,软件工程,A386,福州大学,2,15774
2022,1,51,电子信息类,A386,福州大学,2,19520
2022,1,57,集成电路设计与集成系统,A386,福州大学,2,20968
2022,1,58,化学,A386,福州大学,3,21626
2022,1,72,法学,A386,福州大学,3,17634
2022,1,75,应用心理学,A386,福州大学,2,22580
2022,1,95,机械设计制造及其自动化,A386,福州大学,2,22353
2022,1,97,数学类,A386,福州大学,2,19425
2022,1,99,生物工程,A386,福州大学,3,25456
2022,1,9B,高分子材料与工程,A386,福州大学,2,24123
2022,1,91,自动化(中外合作办学),A386,福州大学,5,37593
2022,1,92,软件工程(中外合作办学),A386,福州大学,3,33592
2022,1,93,数字媒体技术(中外合作办学),A386,福州大学,4,36120
2022,1,94,电子信息工程(中外合作办学),A386,福州大学,4,37213
2022,1,03,材料成型及控制工程,A388,福建工程学院,6,180498
2022,1,12,软件工程,A388,福建工程学院,4,144372
2022,1,16,土木工程,A388,福建工程学院,10,171444
2022,1,20,建筑学,A388,福建工程学院,5,163823
2022,1,24,给排水科学与工程,A388,福建工程学院,4,177831
2022,1,25,环境工程,A388,福建工程学院,9,176624
2022,1,26,建筑环境与能源应用工程,A388,福建工程学院,9,186171
2022,1,28,工程管理,A388,福建工程学院,6,180382
2022,1,29,工程造价,A388,福建工程学院,2,149540
2022,1,12,农学,A389,福建农林大学,4,77384
2022,1,13,植物科学与技术,A389,福建农林大学,5,106664
2022,1,15,植物保护,A389,福建农林大学,7,90149
2022,1,19,园艺,A389,福建农林大学,8,110375
2022,1,20,智慧农业,A389,福建农林大学,2,88091
2022,1,31,生物信息学,A389,福建农林大学,2,81482
2022,1,34,水产养殖学,A389,福建农林大学,5,131405
2022,1,35,动物医学,A389,福建农林大学,7,59823
2022,1,38,蜂学,A389,福建农林大学,4,137706
2022,1,41,农业资源与环境,A389,福建农林大学,3,105223
2022,1,44,环境工程,A389,福建农林大学,2,91116
2022,1,47,食品质量与安全,A389,福建农林大学,3,89315
2022,1,48,食品科学与工程,A389,福建农林大学,7,86907
2022,1,52,轻化工程,A389,福建农林大学,7,138586
2022,1,C4,茶学,A389,福建农林大学,11,130829
2022,1,D2,林学类,A389,福建农林大学,12,105978
2022,1,D3,生物科学类,A389,福建农林大学,4,70560
2022,1,QL,食品营养与健康,A389,福建农林大学,2,93172
2022,1,QM,海洋科学,A389,福建农林大学,6,120644
2022,1,QS,风景园林(中外合作办学),A389,福建农林大学,6,87088
2022,1,QT,生态学(中外合作办学),A389,福建农林大学,14,141789
2022,1,QU,农业资源与环境(中外合作办学),A389,福建农林大学,2,123029
2022,1,QV,园艺(中外合作办学),A389,福建农林大学,5,133519
2022,1,01,交通运输,A390,集美大学,3,54011
2022,1,03,物流管理,A390,集美大学,3,62892
2022,1,06,轮机工程(船机修造方向),A390,集美大学,4,71031
2022,1,08,船舶与海洋工程,A390,集美大学,3,59682
2022,1,09,动物科学,A390,集美大学,3,59418
2022,1,10,水产养殖学,A390,集美大学,3,59019
2022,1,11,海洋渔业科学与技术,A390,集美大学,3,68303
2022,1,12,水生动物医学,A390,集美大学,3,62897
2022,1,13,食品科学与工程,A390,集美大学,3,51064
2022,1,15,生物工程,A390,集美大学,3,53162
2022,1,20,经济学,A390,集美大学,2,36104
2022,1,21,数字经济,A390,集美大学,3,51919
2022,1,24,国际经济与贸易,A390,集美大学,2,37902
2022,1,27,学前教育(师范类),A390,集美大学,2,51579
2022,1,30,工商管理,A390,集美大学,2,36422
2022,1,34,旅游管理,A390,集美大学,2,57093
2022,1,45,电子信息工程,A390,集美大学,3,38970
2022,1,51,软件工程,A390,集美大学,3,39946
2022,1,55,机械电子工程,A390,集美大学,2,51451
2022,1,59,数学与应用数学,A390,集美大学,3,52164
2022,1,61,应用物理学,A390,集美大学,3,49864
2022,1,64,英语,A390,集美大学,2,38917
2022,1,66,日语,A390,集美大学,3,51898
2022,1,67,翻译,A390,集美大学,3,44096
2022,1,70,汉语言文学,A390,集美大学,2,32667
2022,1,72,戏剧影视文学,A390,集美大学,2,51309
2022,1,74,港口航道与海岸工程,A390,集美大学,3,65847
2022,1,03,临床医学,A392,福建医科大学,6,25396
2022,1,04,麻醉学,A392,福建医科大学,2,27089
2022,1,07,基础医学,A392,福建医科大学,1,45440
2022,1,08,口腔医学,A392,福建医科大学,2,15761
2022,1,09,预防医学,A392,福建医科大学,2,41646
2022,1,0A,药学,A392,福建医科大学,2,45083
2022,1,0B,临床药学,A392,福建医科大学,2,39810
2022,1,0F,卫生检验与检疫,A392,福建医科大学,2,54812
2022,1,0G,医学检验技术,A392,福建医科大学,2,47651
2022,1,0H,医学影像技术,A392,福建医科大学,2,47527
2022,1,0K,智能医学工程,A392,福建医科大学,2,46667
2022,1,0M,公共事业管理,A392,福建医科大学,2,73953
2022,1,0N,应用心理学,A392,福建医科大学,1,50172
2022,1,0Q,护理学,A392,福建医科大学,3,62879
2022,1,00,工商管理类,A394,福建师范大学,4,49520
2022,1,16,测控技术与仪器,A394,福建师范大学,3,59863
2022,1,38,材料类,A394,福建师范大学,3,56543
2022,1,S6,英语(师范类),A394,福建师范大学,4,29635
2022,1,Z0,数字媒体技术(中外合作办学),A394,福建师范大学,5,66981
2022,1,Z1,网络工程(中外合作办学),A394,福建师范大学,5,80826
2022,1,Z3,通信工程(中外合作办学),A394,福建师范大学,7,106336
2022,1,Z4,学前教育(中外合作办学)(师范类),A394,福建师范大学,7,82103
2022,1,Z5,电子信息工程(中外合作办学),A394,福建师范大学,7,99941
2022,1,Z6,计算机科学与技术(中外合作办学),A394,福建师范大学,7,80741
2022,1,01,会计学,A395,闽江学院,3,125989
2022,1,02,金融学,A395,闽江学院,8,152735
2022,1,03,工商管理,A395,闽江学院,4,155219
2022,1,05,财务管理,A395,闽江学院,2,124984
2022,1,07,电子商务,A395,闽江学院,1,134446
2022,1,08,物流工程,A395,闽江学院,1,148595
2022,1,0A,旅游管理,A395,闽江学院,2,231029
2022,1,0C,会展经济与管理,A395,闽江学院,2,133897
2022,1,0K,广告学,A395,闽江学院,1,90431
2022,1,0M,网络与新媒体,A395,闽江学院,1,85044
2022,1,0P,服装设计与工程,A395,闽江学院,2,134624
2022,1,13,法学,A395,闽江学院,2,99494
2022,1,18,数据科学与大数据技术,A395,闽江学院,2,134292
2022,1,1D,计算机科学与技术,A395,闽江学院,2,128932
2022,1,1E,通信工程,A395,闽江学院,1,132745
2022,1,1K,人文地理与城乡规划,A395,闽江学院,1,126250
2022,1,07,文化产业管理,A397,武夷学院,1,169711
2022,1,21,化学工程与工艺,A397,武夷学院,1,130049
2022,1,25,土木工程,A397,武夷学院,2,200680
2022,1,26,建筑学,A397,武夷学院,1,159700
2022,1,27,工程造价,A397,武夷学院,1,191745
2022,1,34,汉语言文学,A397,武夷学院,1,120731
2022,1,35,商务英语,A397,武夷学院,1,152083
2022,1,39,国际经济与贸易,A397,武夷学院,1,163839
2022,1,40,物流管理,A397,武夷学院,1,168261
2022,1,03,学前教育(师范类),A398,宁德师范学院,5,173374
2022,1,0A,网络与新媒体,A398,宁德师范学院,6,169260
2022,1,0B,数学与应用数学(师范类),A398,宁德师范学院,5,181891
2022,1,0K,材料化学,A398,宁德师范学院,5,193212
2022,1,0Z,市场营销,A398,宁德师范学院,4,196405
2022,1,11,财务会计教育,A398,宁德师范学院,5,188844
2022,1,07,历史学(师范类),A399,泉州师范学院,2,124446
2022,1,08,数学与应用数学(师范类),A399,泉州师范学院,3,153652
2022,1,09,物理学(师范类),A399,泉州师范学院,4,164796
2022,1,10,化学(师范类),A399,泉州师范学院,4,143730
2022,1,11,地理科学(师范类),A399,泉州师范学院,6,124928
2022,1,14,金融工程,A399,泉州师范学院,3,158020
2022,1,15,国际经济与贸易,A399,泉州师范学院,1,136009
2022,1,18,英语,A399,泉州师范学院,3,139713
2022,1,20,广播电视学,A399,泉州师范学院,3,160795
2022,1,22,人文地理与城乡规划,A399,泉州师范学院,2,146069
2022,1,23,海洋技术,A399,泉州师范学院,2,180223
2022,1,26,机械设计制造及其自动化,A399,泉州师范学院,2,174563
2022,1,34,物联网工程,A399,泉州师范学院,2,155191
2022,1,37,化工与制药类,A399,泉州师范学院,4,178646
2022,1,38,纺织工程,A399,泉州师范学院,5,201826
2022,1,42,环境科学,A399,泉州师范学院,2,172784
2022,1,43,食品科学与工程,A399,泉州师范学院,3,172161
2022,1,48,体育经济与管理,A399,泉州师范学院,2,190510
2022,1,13,商务英语,A402,闽南师范大学,5,111873
2022,1,18,数学与应用数学(师范类),A402,闽南师范大学,2,103418
2022,1,25,电气工程及其自动化,A402,闽南师范大学,2,116295
2022,1,28,光电信息科学与工程,A402,闽南师范大学,2,139683
2022,1,35,环境科学与工程,A402,闽南师范大学,6,157344
2022,1,40,计算机科学与技术,A402,闽南师范大学,4,129396
2022,1,41,软件工程,A402,闽南师范大学,4,137665
2022,1,42,网络工程,A402,闽南师范大学,6,138248
2022,1,54,心理学(师范类),A402,闽南师范大学,3,97687
2022,1,61,生物科学(师范类),A402,闽南师范大学,4,104315
2022,1,89,财务管理,A402,闽南师范大学,4,121626
2022,1,91,人力资源管理,A402,闽南师范大学,4,118609
2022,1,92,旅游管理,A402,闽南师范大学,4,154590
2022,1,37,中国语言文学类,A403,南昌大学,2,16772
2022,1,38,哲学,A403,南昌大学,3,21273
2022,1,39,新闻传播学类,A403,南昌大学,8,22637
2022,1,3B,英语(英日),A403,南昌大学,3,24740
2022,1,3D,日语,A403,南昌大学,2,27377
2022,1,3E,德语,A403,南昌大学,3,26932
2022,1,40,西班牙语,A403,南昌大学,2,24849
2022,1,41,俄语,A403,南昌大学,2,28142
2022,1,43,法学类,A403,南昌大学,3,17438
2022,1,44,公共管理类,A403,南昌大学,4,25293
2022,1,49,金融学,A403,南昌大学,5,19614
2022,1,4A,工商管理,A403,南昌大学,4,23783
2022,1,4D,会计学(国际会计师),A403,南昌大学,3,21283
2022,1,4E,工商管理(中法实验班),A403,南昌大学,2,29358
2022,1,55,物理学类,A403,南昌大学,3,23235
2022,1,56,化学类,A403,南昌大学,3,25501
2022,1,57,生物科学类,A403,南昌大学,5,24904
2022,1,58,生态学,A403,南昌大学,4,32882
2022,1,59,水产养殖学,A403,南昌大学,3,35784
2022,1,5A,食品科学与工程类,A403,南昌大学,10,31487
2022,1,5B,生物工程,A403,南昌大学,2,27518
2022,1,5C,材料类,A403,南昌大学,10,32385
2022,1,5D,化工与制药类,A403,南昌大学,5,27939
2022,1,5E,环境科学与工程类,A403,南昌大学,5,32365
2022,1,5F,过程装备与控制工程,A403,南昌大学,3,29941
2022,1,60,机械设计制造及其自动化,A403,南昌大学,5,25639
2022,1,61,车辆工程,A403,南昌大学,3,25462
2022,1,62,材料成型及控制工程,A403,南昌大学,2,28643
2022,1,65,土木类,A403,南昌大学,4,30039
2022,1,66,建筑类,A403,南昌大学,3,29677
2022,1,69,电子信息类,A403,南昌大学,4,20895
2022,1,6A,电气工程及其自动化,A403,南昌大学,3,19988
2022,1,6B,自动化,A403,南昌大学,3,22027
2022,1,6D,计算机类(计算机与大数据),A403,南昌大学,4,17180
2022,1,6F,计算机类(软件与网络空间),A403,南昌大学,12,19143
2022,1,70,基础医学,A403,南昌大学,5,26245
2022,1,71,临床医学,A403,南昌大学,15,12492
2022,1,73,麻醉学,A403,南昌大学,5,14720
2022,1,75,眼视光医学,A403,南昌大学,6,16274
2022,1,76,口腔医学,A403,南昌大学,4,10880
2022,1,78,药学,A403,南昌大学,6,26143
2022,1,7C,护理学,A403,南昌大学,6,34061
2022,1,7E,智能医学工程,A403,南昌大学,3,28387
2022,1,72,临床医学类(中外合作办学)(中英双学位合作办学),A403,南昌大学,60,38651
2022,1,01,土木工程,A404,华东交通大学,12,63947
2022,1,02,建筑环境与能源应用工程,A404,华东交通大学,2,75543
2022,1,03,给排水科学与工程,A404,华东交通大学,5,70185
2022,1,04,环境工程,A404,华东交通大学,3,76571
2022,1,05,建筑学,A404,华东交通大学,2,57146
2022,1,07,机械设计制造及其自动化,A404,华东交通大学,5,55270
2022,1,08,机械电子工程,A404,华东交通大学,5,65796
2022,1,09,车辆工程,A404,华东交通大学,15,65427
2022,1,0A,测控技术与仪器,A404,华东交通大学,5,79547
2022,1,0B,智能制造工程,A404,华东交通大学,5,68510
2022,1,0C,电气工程及其自动化,A404,华东交通大学,10,44739
2022,1,0D,自动化类,A404,华东交通大学,10,52459
2022,1,0E,电子信息工程,A404,华东交通大学,5,50553
2022,1,0F,建筑电气与智能化,A404,华东交通大学,2,61812
2022,1,0G,通信工程,A404,华东交通大学,5,49441
2022,1,0H,人工智能,A404,华东交通大学,5,53293
2022,1,0J,计算机类,A404,华东交通大学,5,45132
2022,1,0K,数据科学与大数据技术,A404,华东交通大学,3,49344
2022,1,0L,交通运输,A404,华东交通大学,11,60850
2022,1,0M,交通工程,A404,华东交通大学,5,59526
2022,1,0N,铁道工程,A404,华东交通大学,5,67151
2022,1,0P,测绘工程,A404,华东交通大学,4,74955
2022,1,0Q,物流管理,A404,华东交通大学,4,82048
2022,1,0R,物流工程,A404,华东交通大学,4,86497
2022,1,0S,金融学,A404,华东交通大学,2,49976
2022,1,0T,国际经济与贸易,A404,华东交通大学,2,59705
2022,1,0U,会计学,A404,华东交通大学,2,45961
2022,1,0V,人力资源管理,A404,华东交通大学,2,56239
2022,1,0X,信息与计算科学,A404,华东交通大学,4,65738
2022,1,0Y,光电信息科学与工程,A404,华东交通大学,4,59794
2022,1,0Z,材料成型及控制工程,A404,华东交通大学,7,84414
2022,1,10,高分子材料与工程,A404,华东交通大学,7,98411
2022,1,11,翻译,A404,华东交通大学,3,62571
2022,1,12,英语,A404,华东交通大学,2,59876
2022,1,14,法学,A404,华东交通大学,3,48699
2022,1,15,公共事业管理,A404,华东交通大学,5,71864
2022,1,16,汉语言文学,A404,华东交通大学,2,47721
2022,1,17,知识产权,A404,华东交通大学,5,58726
2022,1,06,工程管理(中外合作办学),A404,华东交通大学,4,99775
2022,1,01,地质类,A405,东华理工大学,6,129912
2022,1,02,地质学类,A405,东华理工大学,6,115195
2022,1,03,城乡规划,A405,东华理工大学,5,102586
2022,1,04,自然地理与资源环境(旅游地学方向),A405,东华理工大学,5,93198
2022,1,05,勘查技术与工程,A405,东华理工大学,6,133373
2022,1,06,地球物理学类,A405,东华理工大学,8,121459
2022,1,07,测控技术与仪器,A405,东华理工大学,5,104009
2022,1,08,核工程类,A405,东华理工大学,5,71127
2022,1,0A,水文与水资源工程,A405,东华理工大学,5,108451
2022,1,0B,环境工程,A405,东华理工大学,4,111067
2022,1,0C,给排水科学与工程,A405,东华理工大学,6,117399
2022,1,0D,地下水科学与工程,A405,东华理工大学,5,131234
2022,1,0E,计算机科学与技术,A405,东华理工大学,5,59758
2022,1,0K,应用化学,A405,东华理工大学,4,98136
2022,1,0M,生物技术,A405,东华理工大学,5,104350
2022,1,0N,材料科学与工程,A405,东华理工大学,4,96637
2022,1,0V,汉语言文学(对外文化交流方向),A405,东华理工大学,3,87915
2022,1,0W,法学,A405,东华理工大学,3,78669
2022,1,0X,广告学,A405,东华理工大学,4,82194
2022,1,0Y,英语(外贸方向),A405,东华理工大学,4,88374
2022,1,10,数学与应用数学(含金融、软件设计方向),A405,东华理工大学,4,77992
2022,1,11,物理学,A405,东华理工大学,5,93718
2022,1,13,网络工程,A405,东华理工大学,10,108390
2022,1,14,软件工程(Web系统开发、大数据分析、移动软件开发),A405,东华理工大学,10,70499
2022,1,16,测绘类,A405,东华理工大学,10,125881
2022,1,17,土地资源管理,A405,东华理工大学,5,106895
2022,1,19,土木类,A405,东华理工大学,10,121017
2022,1,1R,机械工程(中外合作办学),A405,东华理工大学,3,131494
2022,1,1S,软件工程(中外合作办学),A405,东华理工大学,5,114259
2022,1,01,无机非金属材料工程,A406,南昌航空大学,2,78165
2022,1,02,金属材料工程,A406,南昌航空大学,5,85921
2022,1,03,高分子材料与工程,A406,南昌航空大学,2,63144
2022,1,04,复合材料与工程,A406,南昌航空大学,2,75992
2022,1,05,应用化学,A406,南昌航空大学,4,70112
2022,1,06,材料化学,A406,南昌航空大学,3,69120
2022,1,07,环境工程,A406,南昌航空大学,2,71096
2022,1,08,给排水科学与工程,A406,南昌航空大学,3,72019
2022,1,09,机械设计制造及其自动化,A406,南昌航空大学,2,49280
2022,1,0A,飞行器制造工程,A406,南昌航空大学,2,43229
2022,1,0B,材料成型及控制工程,A406,南昌航空大学,6,76792
2022,1,0C,焊接技术与工程,A406,南昌航空大学,2,78064
2022,1,0E,电子信息工程,A406,南昌航空大学,4,47936
2022,1,0F,通信工程,A406,南昌航空大学,2,45243
2022,1,0H,自动化,A406,南昌航空大学,2,51393
2022,1,0M,计算机科学与技术,A406,南昌航空大学,2,37971
2022,1,0P,飞行器动力工程,A406,南昌航空大学,3,46951
2022,1,0Q,飞行器设计与工程,A406,南昌航空大学,4,44198
2022,1,0R,飞行器制造工程(航空维修工程与技术),A406,南昌航空大学,4,55629
2022,1,0V,测控技术与仪器,A406,南昌航空大学,4,52729
2022,1,0X,电子科学与技术,A406,南昌航空大学,2,41253
2022,1,0Z,经济学(金融与投资),A406,南昌航空大学,2,49990
2022,1,12,电子商务(商务运营),A406,南昌航空大学,2,66407
2022,1,14,工业工程,A406,南昌航空大学,2,65632
2022,1,18,工程管理,A406,南昌航空大学,2,72206
2022,1,29,机械电子工程,A406,南昌航空大学,4,55257
2022,1,45,新闻学,A406,南昌航空大学,2,52566
2022,1,A0,矿业类,A407,江西理工大学,3,139854
2022,1,A1,环境工程,A407,江西理工大学,2,113640
2022,1,A2,地质工程,A407,江西理工大学,3,127349
2022,1,B0,土木类,A407,江西理工大学,3,116850
2022,1,B1,测绘工程,A407,江西理工大学,3,109873
2022,1,B2,地理信息科学,A407,江西理工大学,2,92103
2022,1,B3,给排水科学与工程,A407,江西理工大学,2,121125
2022,1,D0,冶金工程,A407,江西理工大学,2,115585
2022,1,D1,化学工程与工艺,A407,江西理工大学,2,118280
2022,1,D3,新能源科学与工程,A407,江西理工大学,3,86188
2022,1,D5,材料科学与工程,A407,江西理工大学,3,121942
2022,1,E0,机械工程,A407,江西理工大学,2,98520
2022,1,E1,车辆工程,A407,江西理工大学,2,102042
2022,1,E3,机械电子工程,A407,江西理工大学,2,90247
2022,1,F0,电气工程及其自动化,A407,江西理工大学,2,67454
2022,1,F1,自动化,A407,江西理工大学,2,73365
2022,1,F2,电子科学与技术,A407,江西理工大学,2,83181
2022,1,G0,计算机类,A407,江西理工大学,2,55401
2022,1,G1,电子信息类,A407,江西理工大学,3,72296
2022,1,H0,工程造价,A407,江西理工大学,2,96577
2022,1,H1,会计学,A407,江西理工大学,2,77241
2022,1,H2,工商管理,A407,江西理工大学,2,93545
2022,1,H3,金融学,A407,江西理工大学,2,70663
2022,1,J0,法学,A407,江西理工大学,2,69765
2022,1,K0,英语,A407,江西理工大学,2,74825
2022,1,K1,日语,A407,江西理工大学,2,91407
2022,1,K2,汉语国际教育,A407,江西理工大学,2,95631
2022,1,L0,信息与计算科学,A407,江西理工大学,2,89361
2022,1,L1,电子信息科学与技术,A407,江西理工大学,2,77560
2022,1,M0,建筑学,A407,江西理工大学,2,88712
2022,1,N1,行政管理,A407,江西理工大学,2,90456
2022,1,N2,安全工程,A407,江西理工大学,2,110182
2022,1,P0,工程管理,A407,江西理工大学,2,124270
2022,1,P1,虚拟现实技术,A407,江西理工大学,2,87490
2022,1,P2,软件工程(软件开发方向),A407,江西理工大学,2,61766
2022,1,P4,软件工程(土木方向),A407,江西理工大学,2,94706
2022,1,Q0,财务管理,A407,江西理工大学,2,78188
2022,1,Q1,人力资源管理,A407,江西理工大学,2,97474
2022,1,Q2,软件工程(会计方向),A407,江西理工大学,2,86419
2022,1,Q3,软件工程(金融方向),A407,江西理工大学,2,88252
2022,1,R1,材料成型及控制工程,A407,江西理工大学,2,128319
2022,1,R2,机器人工程,A407,江西理工大学,2,89457
2022,1,A3,采矿工程(中外合作办学),A407,江西理工大学,2,187018
2022,1,F4,电子科学与技术(中外合作办学),A407,江西理工大学,2,138963
2022,1,01,材料物理,A408,景德镇陶瓷大学,2,179993
2022,1,02,材料化学,A408,景德镇陶瓷大学,1,157925
2022,1,03,无机非金属材料工程,A408,景德镇陶瓷大学,3,175393
2022,1,04,粉体材料科学与工程,A408,景德镇陶瓷大学,1,176611
2022,1,05,新能源材料与器件,A408,景德镇陶瓷大学,2,177990
2022,1,06,能源与动力工程,A408,景德镇陶瓷大学,2,157745
2022,1,07,环境工程,A408,景德镇陶瓷大学,1,161601
2022,1,21,机械设计制造及其自动化,A408,景德镇陶瓷大学,2,140539
2022,1,22,材料成型及控制工程,A408,景德镇陶瓷大学,1,171404
2022,1,23,机械电子工程,A408,景德镇陶瓷大学,1,164833
2022,1,24,电子信息工程,A408,景德镇陶瓷大学,1,127608
2022,1,25,电子科学与技术,A408,景德镇陶瓷大学,1,142495
2022,1,28,智能制造工程,A408,景德镇陶瓷大学,1,161239
2022,1,30,国际经济与贸易,A408,景德镇陶瓷大学,1,142904
2022,1,31,工商管理,A408,景德镇陶瓷大学,1,147194
2022,1,32,市场营销,A408,景德镇陶瓷大学,1,145529
2022,1,33,会计学,A408,景德镇陶瓷大学,1,131761
2022,1,34,财务管理,A408,景德镇陶瓷大学,1,124931
2022,1,38,信息与计算科学,A408,景德镇陶瓷大学,1,147522
2022,1,39,应用统计学,A408,景德镇陶瓷大学,2,163106
2022,1,40,计算机科学与技术,A408,景德镇陶瓷大学,1,110536
2022,1,42,信息管理与信息系统,A408,景德镇陶瓷大学,2,175561
2022,1,43,人工智能,A408,景德镇陶瓷大学,1,149064
2022,1,44,英语,A408,景德镇陶瓷大学,1,135326
2022,1,45,日语,A408,景德镇陶瓷大学,1,146313
2022,1,47,法学,A408,景德镇陶瓷大学,1,120775
2022,1,48,知识产权,A408,景德镇陶瓷大学,1,123797
2022,1,56,文物与博物馆学,A408,景德镇陶瓷大学,1,96379
2022,1,57,文物保护技术,A408,景德镇陶瓷大学,1,100172
2022,1,58,文化遗产,A408,景德镇陶瓷大学,1,114521
2022,1,60,考古学,A408,景德镇陶瓷大学,1,81797
2022,1,A2,园艺,A410,江西农业大学,4,139654
2022,1,A3,植物保护,A410,江西农业大学,4,137019
2022,1,A4,动植物检疫,A410,江西农业大学,4,144588
2022,1,A5,种子科学与工程,A410,江西农业大学,4,133824
2022,1,A6,茶学,A410,江西农业大学,4,147430
2022,1,B2,林产化工,A410,江西农业大学,2,152216
2022,1,B4,园林,A410,江西农业大学,2,118171
2022,1,C2,动物药学,A410,江西农业大学,2,126328
2022,1,C4,水产养殖学,A410,江西农业大学,4,156735
2022,1,D2,机械设计制造及其自动化,A410,江西农业大学,3,129565
2022,1,D4,农业机械化及其自动化,A410,江西农业大学,2,129644
2022,1,D5,土木工程,A410,江西农业大学,2,133580
2022,1,E4,金融学,A410,江西农业大学,2,89482
2022,1,E5,经济学,A410,江西农业大学,2,102945
2022,1,E7,会计学(中外高水平大学学生交流计划),A410,江西农业大学,2,119936
2022,1,F1,环境科学与工程,A410,江西农业大学,4,148341
2022,1,F3,地理信息科学,A410,江西农业大学,4,130920
2022,1,F4,土地资源管理,A410,江西农业大学,4,118517
2022,1,F7,农业水利工程,A410,江西农业大学,6,162633
2022,1,G1,电子商务,A410,江西农业大学,2,135767
2022,1,G3,数据科学与大数据技术,A410,江西农业大学,2,97099
2022,1,H5,软件工程(英语方向),A410,江西农业大学,2,111441
2022,1,H6,物联网工程,A410,江西农业大学,3,124116
2022,1,H8,软件工程(金融方向),A410,江西农业大学,3,116956
2022,1,J1,应用化学,A410,江西农业大学,6,144456
2022,1,J2,材料化学,A410,江西农业大学,2,150687
2022,1,K1,教育技术学,A410,江西农业大学,2,134308
2022,1,L1,食品质量与安全,A410,江西农业大学,4,138241
2022,1,L2,食品科学与工程,A410,江西农业大学,2,134267
2022,1,M2,制药工程,A410,江西农业大学,6,130372
2022,1,M4,生物技术(食用菌),A410,江西农业大学,6,142347
2022,1,N1,日语,A410,江西农业大学,2,122143
2022,1,N2,英语,A410,江西农业大学,2,108528
2022,1,01,中医学,A412,江西中医药大学,6,63894
2022,1,0F,中医养生学,A412,江西中医药大学,3,92906
2022,1,0H,中西医临床医学,A412,江西中医药大学,5,71611
2022,1,0J,中医骨伤科学,A412,江西中医药大学,5,90035
2022,1,0L,针灸推拿学,A412,江西中医药大学,6,89401
2022,1,0M,康复治疗学,A412,江西中医药大学,5,111909
2022,1,0N,护理学,A412,江西中医药大学,6,124567
2022,1,0S,应用心理学,A412,江西中医药大学,5,83046
2022,1,0T,药学,A412,江西中医药大学,2,77759
2022,1,0U,中药学,A412,江西中医药大学,5,96024
2022,1,0V,药物制剂,A412,江西中医药大学,5,157831
2022,1,0W,中药制药,A412,江西中医药大学,2,105270
2022,1,0X,中药资源与开发,A412,江西中医药大学,5,221511
2022,1,0Y,食品质量与安全,A412,江西中医药大学,5,166619
2022,1,10,市场营销,A412,江西中医药大学,2,157342
2022,1,12,健康服务与管理,A412,江西中医药大学,3,117927
2022,1,15,计算机科学与技术,A412,江西中医药大学,5,106558
2022,1,16,生物医学工程,A412,江西中医药大学,1,111253
2022,1,17,医学影像技术,A412,江西中医药大学,1,89329
2022,1,00,临床医学,A413,赣南医学院,2,74404
2022,1,0A,预防医学,A413,赣南医学院,2,111108
2022,1,0B,法医学,A413,赣南医学院,2,92662
2022,1,0K,制药工程,A413,赣南医学院,2,125427
2022,1,16,生物信息学,A413,赣南医学院,2,208750
2022,1,0A,会计学,A414,江西师范大学,4,56784
2022,1,0C,金融学,A414,江西师范大学,2,57280
2022,1,0D,经济学,A414,江西师范大学,4,58724
2022,1,0H,建筑学,A414,江西师范大学,2,69497
2022,1,0J,地理科学类,A414,江西师范大学,17,52299
2022,1,0R,化学类,A414,江西师范大学,12,51497
2022,1,0S,计算机科学与技术,A414,江西师范大学,12,59011
2022,1,0T,计算机科学与技术(师范类),A414,江西师范大学,11,64920
2022,1,0U,人工智能,A414,江西师范大学,2,65938
2022,1,0V,数据科学与大数据技术,A414,江西师范大学,2,58865
2022,1,1C,小学教育(师范类),A414,江西师范大学,5,53553
2022,1,1G,历史学类,A414,江西师范大学,12,45780
2022,1,1L,思想政治教育(师范类),A414,江西师范大学,8,38253
2022,1,1Y,生物科学(师范类),A414,江西师范大学,9,48755
2022,1,2B,数学与应用数学(师范类),A414,江西师范大学,17,50124
2022,1,2C,统计学,A414,江西师范大学,1,58959
2022,1,2L,英语(师范类),A414,江西师范大学,24,42876
2022,1,2P,中国语言文学类,A414,江西师范大学,18,39355
2022,1,2Q,电子信息类,A414,江西师范大学,2,62649
2022,1,2R,物理学(师范类),A414,江西师范大学,9,55461
2022,1,2S,心理学类,A414,江西师范大学,10,47924
2022,1,2U,新闻传播学类,A414,江西师范大学,4,44156
2022,1,2V,法学,A414,江西师范大学,5,42790
2022,1,E1,英语(师范类),A416,上饶师范学院,2,134843
2022,1,G3,工商管理,A416,上饶师范学院,2,180568
2022,1,H1,化学(师范类),A416,上饶师范学院,2,155806
2022,1,S1,数学与应用数学(师范类),A416,上饶师范学院,2,167233
2022,1,S4,数据科学与大数据技术,A416,上饶师范学院,2,173327
2022,1,W2,新闻学,A416,上饶师范学院,2,147639
2022,1,Z3,行政管理,A416,上饶师范学院,2,166122
2022,1,A2,汉语国际教育(师范类),A417,宜春学院,2,129495
2022,1,B1,法学,A417,宜春学院,2,150779
2022,1,J1,物理学(师范类),A417,宜春学院,1,158029
2022,1,J2,机械设计制造及其自动化,A417,宜春学院,2,188303
2022,1,J3,材料物理,A417,宜春学院,1,188684
2022,1,J7,土木工程,A417,宜春学院,1,210629
2022,1,J8,工程管理,A417,宜春学院,1,189328
2022,1,K1,化学(师范类),A417,宜春学院,1,164727
2022,1,K5,生物工程,A417,宜春学院,2,182834
2022,1,L1,人文地理与城乡规划,A417,宜春学院,1,171548
2022,1,L3,农学,A417,宜春学院,1,180139
2022,1,M1,临床医学,A417,宜春学院,2,101358
2022,1,M4,护理学,A417,宜春学院,2,170241
2022,1,01,历史学(师范类),A418,赣南师范大学,4,78653
2022,1,02,汉语言文学(师范类),A418,赣南师范大学,4,66553
2022,1,03,汉语国际教育(师范类),A418,赣南师范大学,2,85121
2022,1,04,思想政治教育(师范类),A418,赣南师范大学,4,82951
2022,1,11,社会学,A418,赣南师范大学,2,118645
2022,1,15,旅游管理,A418,赣南师范大学,2,166917
2022,1,19,日语,A418,赣南师范大学,2,111519
2022,1,23,商务英语,A418,赣南师范大学,2,100730
2022,1,27,市场营销,A418,赣南师范大学,2,165142
2022,1,29,会计学,A418,赣南师范大学,2,118102
2022,1,31,金融学,A418,赣南师范大学,2,117428
2022,1,33,人力资源管理,A418,赣南师范大学,2,124922
2022,1,41,小学教育(师范类),A418,赣南师范大学,2,90094
2022,1,43,应用心理学(师范类),A418,赣南师范大学,2,101410
2022,1,45,法学,A418,赣南师范大学,2,86965
2022,1,49,人文地理与城乡规划,A418,赣南师范大学,2,128789
2022,1,51,地理信息科学,A418,赣南师范大学,1,103786
2022,1,53,新闻学,A418,赣南师范大学,2,88876
2022,1,70,数学与应用数学(师范类),A418,赣南师范大学,2,100712
2022,1,73,数据科学与大数据技术,A418,赣南师范大学,3,105387
2022,1,74,物理学(师范类),A418,赣南师范大学,3,113942
2022,1,75,电子信息工程,A418,赣南师范大学,3,116843
2022,1,76,电子科学与技术,A418,赣南师范大学,2,128083
2022,1,77,化学(师范类),A418,赣南师范大学,4,101149
2022,1,79,材料化学,A418,赣南师范大学,3,174980
2022,1,80,环境科学,A418,赣南师范大学,2,153662
2022,1,81,教育技术学(师范类),A418,赣南师范大学,3,113358
2022,1,82,生物科学(师范类),A418,赣南师范大学,3,93896
2022,1,83,园艺,A418,赣南师范大学,2,160449
2022,1,15,临床医学,A419,井冈山大学,2,82963
2022,1,20,小学教育(师范类),A419,井冈山大学,4,119954
2022,1,23,计算机科学与技术,A419,井冈山大学,4,133407
2022,1,25,环境工程,A419,井冈山大学,8,169241
2022,1,26,生物科学(师范类),A419,井冈山大学,4,121163
2022,1,29,化学(师范类),A419,井冈山大学,2,118778
2022,1,31,建筑学,A419,井冈山大学,4,139416
2022,1,32,土木工程,A419,井冈山大学,4,163855
2022,1,35,机械设计制造及其自动化,A419,井冈山大学,4,156157
2022,1,36,物理学(师范类),A419,井冈山大学,6,145071
2022,1,37,数学与应用数学(师范类),A419,井冈山大学,4,137914
2022,1,39,会计学,A419,井冈山大学,4,128577
2022,1,41,西班牙语,A419,井冈山大学,2,148424
2022,1,42,日语,A419,井冈山大学,2,137993
2022,1,43,德语,A419,井冈山大学,2,152424
2022,1,44,英语(师范类),A419,井冈山大学,4,116478
2022,1,46,新闻学,A419,井冈山大学,3,127739
2022,1,47,汉语国际教育,A419,井冈山大学,2,124283
2022,1,48,汉语言文学(师范类),A419,井冈山大学,7,103526
2022,1,51,行政管理,A419,井冈山大学,4,145420
2022,1,52,社会工作,A419,井冈山大学,4,141539
2022,1,05,金融学(国际投资与金融),A421,江西财经大学,4,30819
2022,1,06,金融学(CFA方向),A421,江西财经大学,4,25656
2022,1,07,国际经济与贸易(CITF方向),A421,江西财经大学,2,30783
2022,1,08,工商管理(智能商务),A421,江西财经大学,2,32218
2022,1,09,物流管理(智慧供应链),A421,江西财经大学,4,58594
2022,1,10,市场营销(国际营销),A421,江西财经大学,4,71308
2022,1,11,劳动与社会保障(康养金融),A421,江西财经大学,3,47754
2022,1,12,会计学,A421,江西财经大学,3,26258
2022,1,14,会计学(CIMA),A421,江西财经大学,3,27721
2022,1,15,会计学(ACCA),A421,江西财经大学,4,25263
2022,1,16,国际经济与贸易(数字贸易),A421,江西财经大学,4,33694
2022,1,17,国际商务(IPMP方向),A421,江西财经大学,3,37084
2022,1,18,电子商务(商务大数据分析),A421,江西财经大学,3,51286
2022,1,19,经济学(数理经济实验班),A421,江西财经大学,3,28515
2022,1,20,金融学(FRM方向),A421,江西财经大学,4,28071
2022,1,21,经济统计学,A421,江西财经大学,3,31680
2022,1,22,应用统计学,A421,江西财经大学,3,28409
2022,1,24,计算机科学与技术(财经大数据管理),A421,江西财经大学,3,34886
2022,1,25,数据科学与大数据技术,A421,江西财经大学,3,36669
2022,1,26,信息与计算科学(经济计量),A421,江西财经大学,3,40120
2022,1,27,信息管理与信息系统(金融智能),A421,江西财经大学,4,43217
2022,1,28,工程管理(投资与造价),A421,江西财经大学,4,71320
2022,1,29,土地资源管理(评估与规划),A421,江西财经大学,3,54867
2022,1,30,旅游管理(数字文旅),A421,江西财经大学,5,77095
2022,1,31,法学,A421,江西财经大学,2,25694
2022,1,33,法学(国际经济法),A421,江西财经大学,4,28595
2022,1,34,物联网工程,A421,江西财经大学,5,43886
2022,1,35,法学(法务会计),A421,江西财经大学,2,29352
2022,1,37,商务英语,A421,江西财经大学,3,45381
2022,1,38,日语(商务方向),A421,江西财经大学,1,52422
2022,1,39,社会工作(数字社会治理),A421,江西财经大学,5,65219
2022,1,40,新闻学(经济新闻),A421,江西财经大学,3,40967
2022,1,41,金融学,A421,江西财经大学,3,27577
2022,1,43,财政学,A421,江西财经大学,3,27856
2022,1,44,会计学(国际会计),A421,江西财经大学,2,28786
2022,1,46,虚拟现实技术,A421,江西财经大学,2,44034
2022,1,47,汉语国际教育(商务方向),A421,江西财经大学,4,49185
2022,1,48,房地产开发与管理(投资与评估),A421,江西财经大学,1,71605
2022,1,50,财务管理,A421,江西财经大学,2,27794
2022,1,51,金融工程,A421,江西财经大学,2,30580
2022,1,52,数字经济,A421,江西财经大学,2,29872
2022,1,53,国民经济管理(数字化治理和投资管理),A421,江西财经大学,2,48214
2022,1,54,会计学(注册会计师),A421,江西财经大学,3,25116
2022,1,55,行政管理(数字政务),A421,江西财经大学,1,42912
2022,1,56,保险学,A421,江西财经大学,2,33157
2022,1,57,人力资源管理(数字人力),A421,江西财经大学,2,37915
2022,1,58,税收学(数字税收),A421,江西财经大学,4,28765
2022,1,59,市场营销(数字营销),A421,江西财经大学,2,54848
2022,1,01,哲学类,A422,山东大学,12,8294
2022,1,03,经济学类,A422,山东大学,80,6261
2022,1,09,历史学类,A422,山东大学,26,8438
2022,1,10,数学类,A422,山东大学,72,4646
2022,1,19,智能医学工程,A422,山东大学,20,8430
2022,1,23,建筑学(五年制),A422,山东大学,18,10864
2022,1,26,临床医学(5+3一体化),A422,山东大学,100,4159
2022,1,28,口腔医学(5+3一体化),A422,山东大学,30,3463
2022,1,29,口腔医学(五年制),A422,山东大学,20,4597
2022,1,41,生物医学科学,A422,山东大学,6,7852
2022,1,43,生物医药数据科学,A422,山东大学,4,7342
2022,1,44,临床医学(本博连读，齐鲁医学堂),A422,山东大学,30,2170
2022,1,X5,社会学类,A422,山东大学,15,9681
2022,1,X7,政治学类,A422,山东大学,20,7994
2022,1,X9,公共管理类,A422,山东大学,15,9346
2022,1,XB,法学类,A422,山东大学,45,5960
2022,1,XE,中国语言文学类,A422,山东大学,40,5961
2022,1,XG,外国语言文学类,A422,山东大学,65,11727
2022,1,XJ,物理学类,A422,山东大学,80,7882
2022,1,XL,化学类,A422,山东大学,50,9764
2022,1,XN,电子信息类(通信电子与光电方向),A422,山东大学,120,7423
2022,1,XQ,计算机类(计算机与智能方向),A422,山东大学,122,5389
2022,1,XT,生物科学类,A422,山东大学,50,9257
2022,1,XV,材料类,A422,山东大学,40,11724
2022,1,XY,机械类,A422,山东大学,60,9625
2022,1,Y1,自动化类,A422,山东大学,80,8022
2022,1,Y4,能源动力类,A422,山东大学,60,9769
2022,1,Y7,电气工程及其自动化,A422,山东大学,100,6797
2022,1,Y9,土木类,A422,山东大学,30,12005
2022,1,YC,环境科学与工程类,A422,山东大学,30,11682
2022,1,YF,预防医学(五年制),A422,山东大学,30,9627
2022,1,YJ,临床医学(五年制),A422,山东大学,50,5369
2022,1,YL,药学类,A422,山东大学,34,9751
2022,1,YP,工商管理类,A422,山东大学,70,8843
2022,1,YS,管理科学与工程类,A422,山东大学,20,11354
2022,1,YU,计算机类(软件数媒与大数据方向),A422,山东大学,160,7050
2022,1,YW,电子信息类(微电子与电路集成方向),A422,山东大学,70,7912
2022,1,YY,新闻传播学类,A422,山东大学,20,7907
2022,1,Z1,网络空间安全,A422,山东大学,75,7546
2022,1,Z3,智能建造与智慧交通,A422,山东大学,20,9508
2022,1,04,光电信息科学与工程,A423,中国海洋大学,14,13229
2022,1,06,海洋技术,A423,中国海洋大学,22,13371
2022,1,11,材料类,A423,中国海洋大学,24,17314
2022,1,12,生物科学类,A423,中国海洋大学,28,13717
2022,1,14,海洋渔业科学与技术,A423,中国海洋大学,7,15880
2022,1,15,海洋资源与环境,A423,中国海洋大学,10,12678
2022,1,17,食品科学与工程类,A423,中国海洋大学,28,17071
2022,1,20,药学,A423,中国海洋大学,28,14712
2022,1,21,地球信息科学与技术,A423,中国海洋大学,13,16648
2022,1,22,地质学,A423,中国海洋大学,14,17984
2022,1,23,勘查技术与工程,A423,中国海洋大学,10,17756
2022,1,24,环境工程,A423,中国海洋大学,14,15939
2022,1,25,环境科学,A423,中国海洋大学,14,16818
2022,1,29,工业设计,A423,中国海洋大学,6,14704
2022,1,30,机械设计制造及其自动化,A423,中国海洋大学,18,14088
2022,1,31,自动化,A423,中国海洋大学,21,12771
2022,1,36,文化产业管理,A423,中国海洋大学,7,14677
2022,1,38,法学,A423,中国海洋大学,13,8740
2022,1,40,行政管理,A423,中国海洋大学,6,14321
2022,1,44,电子商务,A423,中国海洋大学,10,16117
2022,1,45,工商管理,A423,中国海洋大学,15,14320
2022,1,48,市场营销,A423,中国海洋大学,8,16953
2022,1,49,国际经济与贸易,A423,中国海洋大学,18,14291
2022,1,51,经济学,A423,中国海洋大学,11,11591
2022,1,52,物流管理,A423,中国海洋大学,7,16928
2022,1,92,朝鲜语,A423,中国海洋大学,5,17032
2022,1,94,法语,A423,中国海洋大学,9,16218
2022,1,96,英语,A423,中国海洋大学,15,14156
2022,1,97,海洋科学,A423,中国海洋大学,21,11481
2022,1,99,大气科学,A423,中国海洋大学,22,14330
2022,1,9B,电子信息类,A423,中国海洋大学,44,12385
2022,1,9D,计算机类,A423,中国海洋大学,33,10329
2022,1,9F,物理学,A423,中国海洋大学,10,12976
2022,1,9H,化学,A423,中国海洋大学,18,15661
2022,1,9K,化学工程与工艺,A423,中国海洋大学,8,16202
2022,1,9M,水产养殖学,A423,中国海洋大学,17,18377
2022,1,9P,土木类,A423,中国海洋大学,28,18442
2022,1,9R,船舶与海洋工程,A423,中国海洋大学,15,15361
2022,1,9T,港口航道与海岸工程,A423,中国海洋大学,14,16325
2022,1,9V,轮机工程,A423,中国海洋大学,7,17777
2022,1,9X,数学类,A423,中国海洋大学,24,13185
2022,1,9Z,汉语言文学,A423,中国海洋大学,16,12416
2022,1,A1,新闻传播学类,A423,中国海洋大学,16,13458
2022,1,A3,政治学与行政学,A423,中国海洋大学,7,13315
2022,1,A5,公共事业管理,A423,中国海洋大学,7,14681
2022,1,A7,财务管理,A423,中国海洋大学,10,12168
2022,1,A9,会计学,A423,中国海洋大学,17,10690
2022,1,AB,旅游管理,A423,中国海洋大学,4,17031
2022,1,AD,金融学,A423,中国海洋大学,12,11431
2022,1,AF,德语,A423,中国海洋大学,3,15884
2022,1,AH,日语,A423,中国海洋大学,3,15695
2022,1,02,海洋科学(中外合作办学),A423,中国海洋大学,45,33825
2022,1,08,计算机科学与技术(中外合作办学),A423,中国海洋大学,40,30550
2022,1,39,法学(中外合作办学),A423,中国海洋大学,44,20719
2022,1,55,数学与应用数学(中外合作办学),A423,中国海洋大学,50,32408
2022,1,56,生物技术(中外合作办学),A423,中国海洋大学,40,34370
2022,1,57,食品科学与工程(中外合作办学),A423,中国海洋大学,40,38406
2022,1,01,交通工程,A424,山东科技大学,44,76278
2022,1,03,应用化学,A424,山东科技大学,46,66128
2022,1,04,行政管理,A424,山东科技大学,28,63829
2022,1,05,化学工程与工艺,A424,山东科技大学,63,74747
2022,1,07,机械电子工程,A424,山东科技大学,141,61147
2022,1,09,机器人工程,A424,山东科技大学,44,51791
2022,1,0B,工业工程,A424,山东科技大学,38,68283
2022,1,0G,物联网工程,A424,山东科技大学,52,47928
2022,1,0J,交通运输,A424,山东科技大学,39,75149
2022,1,0K,电子信息科学与技术,A424,山东科技大学,50,49045
2022,1,0L,电气工程及其自动化,A424,山东科技大学,98,39991
2022,1,0M,汉语言文学,A424,山东科技大学,28,45370
2022,1,0P,地理信息科学,A424,山东科技大学,73,64820
2022,1,0Q,信息安全,A424,山东科技大学,48,44889
2022,1,0R,海洋技术,A424,山东科技大学,41,82168
2022,1,0T,计算机科学与技术,A424,山东科技大学,59,31439
2022,1,0V,生物工程,A424,山东科技大学,50,67880
2022,1,0X,朝鲜语(外语语种须为英语),A424,山东科技大学,21,88172
2022,1,0Y,物流管理,A424,山东科技大学,46,71421
2022,1,0Z,安全工程,A424,山东科技大学,77,77800
2022,1,10,法学,A424,山东科技大学,94,52562
2022,1,12,金融学,A424,山东科技大学,37,54479
2022,1,13,船舶与海洋工程,A424,山东科技大学,28,76098
2022,1,14,日语(外语语种须为英语),A424,山东科技大学,26,71214
2022,1,15,建筑学,A424,山东科技大学,67,75952
2022,1,16,地质工程,A424,山东科技大学,36,77439
2022,1,18,数学与应用数学(吴方班),A424,山东科技大学,30,46442
2022,1,19,机械设计制造及其自动化,A424,山东科技大学,131,56854
2022,1,1A,国际经济与贸易,A424,山东科技大学,47,64713
2022,1,1B,工程力学,A424,山东科技大学,42,74702
2022,1,1D,储能科学与工程,A424,山东科技大学,40,63673
2022,1,1E,智能科学与技术,A424,山东科技大学,52,49580
2022,1,1F,电子信息工程,A424,山东科技大学,102,47028
2022,1,1G,通信工程,A424,山东科技大学,58,50215
2022,1,1K,采矿工程(宋振骐班),A424,山东科技大学,30,93503
2022,1,1L,应用物理学,A424,山东科技大学,31,59204
2022,1,1M,新能源材料与器件,A424,山东科技大学,47,64236
2022,1,1P,会计学,A424,山东科技大学,29,49144
2022,1,1R,软件工程,A424,山东科技大学,65,36544
2022,1,1T,大数据管理与应用,A424,山东科技大学,54,55253
2022,1,1U,生物制药,A424,山东科技大学,48,77705
2022,1,1W,勘查技术与工程,A424,山东科技大学,45,90705
2022,1,1X,测绘工程,A424,山东科技大学,51,64663
2022,1,1Y,英语(外语语种须为英语),A424,山东科技大学,115,58501
2022,1,20,资源勘查工程,A424,山东科技大学,35,92542
2022,1,23,自动化,A424,山东科技大学,106,47381
2022,1,24,计算机科学与技术(图灵班),A424,山东科技大学,30,29530
2022,1,27,土木类,A424,山东科技大学,118,81269
2022,1,28,高分子材料与工程,A424,山东科技大学,85,74775
2022,1,2A,水文与水资源工程,A424,山东科技大学,35,80622
2022,1,2B,数学与应用数学,A424,山东科技大学,47,52778
2022,1,2F,智能制造工程,A424,山东科技大学,46,56296
2022,1,2G,工商管理,A424,山东科技大学,28,59062
2022,1,2J,遥感科学与技术,A424,山东科技大学,60,61241
2022,1,2M,统计学,A424,山东科技大学,62,57642
2022,1,2N,能源与动力工程,A424,山东科技大学,54,58916
2022,1,2Q,金属材料工程,A424,山东科技大学,32,84748
2022,1,2R,环境工程,A424,山东科技大学,78,84015
2022,1,0D,通信工程(中外合作办学)(就读地点济南，只提供英语教学、其他语种慎,A424,山东科技大学,80,167670
2022,1,0N,金融学(中外合作办学)(就读地点济南，只提供英语教学、其他语种慎报),A424,山东科技大学,100,137192
2022,1,0S,自动化(中外合作办学)(就读地点济南，只提供英语教学、其他语种慎报),A424,山东科技大学,65,174909
2022,1,1V,电气工程及其自动化(中外合作办学)(就读地点济南，只提供英语教学、,A424,山东科技大学,85,146417
2022,1,1Z,工业设计(中外合作办学)(就读地点济南，只提供英语教学、其他语种慎,A424,山东科技大学,55,201427
2022,1,25,软件工程(中外合作办学)(就读地点济南，只提供英语教学、其他语种慎,A424,山东科技大学,65,165588
2022,1,29,机械电子工程(中外合作办学)(就读地点济南，只提供英语教学、其他语,A424,山东科技大学,70,194390
2022,1,06,交通运输(地方专项计划),A424,山东科技大学,15,82534
2022,1,0W,采矿工程(地方专项计划),A424,山东科技大学,35,126235
2022,1,17,会计学(地方专项计划),A424,山东科技大学,15,58581
2022,1,1J,金属材料工程(地方专项计划),A424,山东科技大学,15,103700
2022,1,1N,资源勘查工程(地方专项计划),A424,山东科技大学,35,109038
2022,1,21,环境工程(地方专项计划),A424,山东科技大学,15,94363
2022,1,22,化学工程与工艺(地方专项计划),A424,山东科技大学,15,79716
2022,1,2E,水文与水资源工程(地方专项计划),A424,山东科技大学,15,93174
2022,1,2H,测绘工程(地方专项计划),A424,山东科技大学,15,79156
2022,1,2T,土木类(地方专项计划),A424,山东科技大学,40,96458
2022,1,1S,数据科学与大数据技术(校企合作，与青软创新科技集团股份有限公司合,A424,山东科技大学,200,93110
2022,1,09,化工安全工程,A425,中国石油大学(华东),9,27411
2022,1,10,化学,A425,中国石油大学(华东),11,22412
2022,1,13,能源化学工程,A425,中国石油大学(华东),10,23312
2022,1,14,应用化学,A425,中国石油大学(华东),20,24857
2022,1,15,安全工程,A425,中国石油大学(华东),8,22746
2022,1,16,工业设计,A425,中国石油大学(华东),9,23110
2022,1,17,机械类(智能装备工程),A425,中国石油大学(华东),90,25280
2022,1,18,工程力学,A425,中国石油大学(华东),9,24010
2022,1,19,建筑环境与能源应用工程,A425,中国石油大学(华东),2,24357
2022,1,20,建筑学,A425,中国石油大学(华东),12,23888
2022,1,24,材料类(本研一体班),A425,中国石油大学(华东),5,20176
2022,1,25,储能科学与工程,A425,中国石油大学(华东),6,22180
2022,1,26,电气工程及其自动化,A425,中国石油大学(华东),50,19092
2022,1,29,能源与动力工程,A425,中国石油大学(华东),8,21219
2022,1,30,新能源科学与工程,A425,中国石油大学(华东),6,19817
2022,1,33,电子信息工程,A425,中国石油大学(华东),22,18163
2022,1,34,通信工程,A425,中国石油大学(华东),38,20452
2022,1,36,智能感知工程,A425,中国石油大学(华东),20,21459
2022,1,37,自动化,A425,中国石油大学(华东),24,18702
2022,1,39,软件工程,A425,中国石油大学(华东),58,18029
2022,1,41,光电信息科学与工程,A425,中国石油大学(华东),12,20584
2022,1,42,数据科学与大数据技术,A425,中国石油大学(华东),17,18173
2022,1,43,数学类,A425,中国石油大学(华东),26,19132
2022,1,44,应用物理学,A425,中国石油大学(华东),12,20904
2022,1,45,管理科学与工程类,A425,中国石油大学(华东),32,26501
2022,1,46,会计学,A425,中国石油大学(华东),33,19876
2022,1,47,经济学,A425,中国石油大学(华东),25,19786
2022,1,48,市场营销,A425,中国石油大学(华东),10,23907
2022,1,50,英语,A425,中国石油大学(华东),23,20345
2022,1,53,地球物理学,A425,中国石油大学(华东),6,24154
2022,1,56,地质学,A425,中国石油大学(华东),7,27083
2022,1,58,勘查技术与工程(测井),A425,中国石油大学(华东),5,25096
2022,1,5B,勘查技术与工程(物探),A425,中国石油大学(华东),5,28310
2022,1,5E,资源勘查工程,A425,中国石油大学(华东),9,29023
2022,1,5G,船舶与海洋工程,A425,中国石油大学(华东),9,25272
2022,1,5K,海洋油气工程,A425,中国石油大学(华东),11,27070
2022,1,5N,石油工程,A425,中国石油大学(华东),56,28085
2022,1,5R,化学工程与工艺,A425,中国石油大学(华东),45,27169
2022,1,5U,环境工程,A425,中国石油大学(华东),4,23444
2022,1,5X,土木工程,A425,中国石油大学(华东),21,28208
2022,1,60,油气储运工程,A425,中国石油大学(华东),32,28032
2022,1,63,材料类,A425,中国石油大学(华东),80,29760
2022,1,66,过程装备与控制工程,A425,中国石油大学(华东),10,24475
2022,1,69,环保设备工程,A425,中国石油大学(华东),6,26303
2022,1,6B,测绘工程,A425,中国石油大学(华东),6,25012
2022,1,6E,地理信息科学,A425,中国石油大学(华东),8,20986
2022,1,6H,测控技术与仪器,A425,中国石油大学(华东),5,23293
2022,1,6L,计算机科学与技术,A425,中国石油大学(华东),48,15643
2022,1,6N,智能科学与技术,A425,中国石油大学(华东),16,19518
2022,1,6Q,俄语,A425,中国石油大学(华东),6,23986
2022,1,6S,法学,A425,中国石油大学(华东),17,17145
2022,1,6U,汉语言文学,A425,中国石油大学(华东),16,17788
2022,1,01,通信工程,A426,青岛科技大学,40,57789
2022,1,02,物流管理,A426,青岛科技大学,10,74863
2022,1,03,化学工程与工艺,A426,青岛科技大学,144,82693
2022,1,04,高分子材料与工程(招收合成方向),A426,青岛科技大学,48,81183
2022,1,05,复合材料与工程,A426,青岛科技大学,15,86030
2022,1,08,环境工程,A426,青岛科技大学,51,86324
2022,1,09,信息工程,A426,青岛科技大学,41,61639
2022,1,0A,城市管理,A426,青岛科技大学,10,78023
2022,1,0D,工商管理,A426,青岛科技大学,44,69515
2022,1,0E,智能制造工程,A426,青岛科技大学,60,68102
2022,1,0F,俄语,A426,青岛科技大学,25,87101
2022,1,0G,制药工程,A426,青岛科技大学,60,79979
2022,1,0K,电气工程及其自动化,A426,青岛科技大学,78,55537
2022,1,0L,微电子科学与工程,A426,青岛科技大学,30,64280
2022,1,0M,自动化,A426,青岛科技大学,79,57651
2022,1,0Q,数学与应用数学,A426,青岛科技大学,32,62056
2022,1,0S,人工智能,A426,青岛科技大学,58,60848
2022,1,0T,无机非金属材料工程,A426,青岛科技大学,20,90366
2022,1,0X,功能材料,A426,青岛科技大学,15,89970
2022,1,11,生物工程,A426,青岛科技大学,56,76144
2022,1,14,德语,A426,青岛科技大学,23,77011
2022,1,18,应用化学,A426,青岛科技大学,89,77294
2022,1,19,金属材料工程,A426,青岛科技大学,18,89667
2022,1,1A,数据科学与大数据技术,A426,青岛科技大学,60,60936
2022,1,1B,朝鲜语,A426,青岛科技大学,11,93789
2022,1,1C,电子信息科学与技术,A426,青岛科技大学,40,57873
2022,1,1F,船舶与海洋工程,A426,青岛科技大学,23,84834
2022,1,1H,智能电网信息工程,A426,青岛科技大学,21,60674
2022,1,1J,材料成型及控制工程,A426,青岛科技大学,13,80950
2022,1,1M,英语,A426,青岛科技大学,76,64521
2022,1,1N,食品质量与安全,A426,青岛科技大学,39,78573
2022,1,1Q,新能源材料与器件,A426,青岛科技大学,60,73954
2022,1,1R,应用物理学,A426,青岛科技大学,25,68262
2022,1,1S,汉语言文学,A426,青岛科技大学,20,53707
2022,1,1U,机器人工程,A426,青岛科技大学,28,62671
2022,1,1V,化学,A426,青岛科技大学,105,75279
2022,1,1Y,应用统计学,A426,青岛科技大学,60,72830
2022,1,1Z,财务管理,A426,青岛科技大学,45,61676
2022,1,20,能源与动力工程,A426,青岛科技大学,64,71347
2022,1,23,新能源科学与工程,A426,青岛科技大学,68,66651
2022,1,27,高分子材料与工程(招收橡胶工程方向),A426,青岛科技大学,127,86110
2022,1,2B,过程装备与控制工程,A426,青岛科技大学,38,79503
2022,1,2C,国际经济与贸易,A426,青岛科技大学,46,71029
2022,1,2D,药物制剂,A426,青岛科技大学,31,76553
2022,1,2E,广告学,A426,青岛科技大学,40,67912
2022,1,2F,计算机科学与技术,A426,青岛科技大学,62,46233
2022,1,2G,法学,A426,青岛科技大学,71,58173
2022,1,2K,环境科学,A426,青岛科技大学,55,82417
2022,1,2L,市场营销,A426,青岛科技大学,14,73871
2022,1,2M,机械工程,A426,青岛科技大学,88,69489
2022,1,2N,测控技术与仪器,A426,青岛科技大学,15,71433
2022,1,2R,高分子材料与工程(招收塑料工程方向),A426,青岛科技大学,28,88180
2022,1,2T,海洋科学,A426,青岛科技大学,38,80753
2022,1,2V,材料化学,A426,青岛科技大学,27,79612
2022,1,2Y,编辑出版学,A426,青岛科技大学,33,72903
2022,1,2Z,材料物理,A426,青岛科技大学,10,79155
2022,1,30,日语,A426,青岛科技大学,14,78869
2022,1,31,安全工程,A426,青岛科技大学,31,82345
2022,1,33,社会工作,A426,青岛科技大学,20,75416
2022,1,35,集成电路设计与集成系统,A426,青岛科技大学,36,60410
2022,1,37,工业设计,A426,青岛科技大学,20,73592
2022,1,0V,机械工程(中外合作办学)(中韩合作办学),A426,青岛科技大学,120,198532
2022,1,0W,材料成型及控制工程(中外合作办学)(中韩合作办学),A426,青岛科技大学,60,202398
2022,1,15,自动化(中外合作办学)(中德合作办学),A426,青岛科技大学,65,167641
2022,1,16,机械工程(中外合作办学)(中德合作办学),A426,青岛科技大学,65,194623
2022,1,1L,化学工程与工艺(中外合作办学)(中德合作办学、就读地点中德生态园区),A426,青岛科技大学,170,219022
2022,1,25,高分子材料与工程(中外合作办学)(中韩合作办学),A426,青岛科技大学,70,183575
2022,1,28,复合材料与工程(中外合作办学)(中德合作办学、就读地点中德生态园区),A426,青岛科技大学,220,227436
2022,1,29,应用化学(中外合作办学)(中美合作办学),A426,青岛科技大学,60,180221
2022,1,2U,应用化学(中外合作办学)(中德合作办学),A426,青岛科技大学,36,179563
2022,1,32,自动化(中外合作办学)(中法合作办学),A426,青岛科技大学,70,169663
2022,1,07,船舶与海洋工程(地方专项计划),A426,青岛科技大学,10,95281
2022,1,0U,复合材料与工程(地方专项计划),A426,青岛科技大学,15,105368
2022,1,0Y,过程装备与控制工程(地方专项计划),A426,青岛科技大学,15,84197
2022,1,0Z,化学工程与工艺(地方专项计划),A426,青岛科技大学,25,90399
2022,1,10,高分子材料与工程(招收塑料工程方向，地方专项计划),A426,青岛科技大学,20,96503
2022,1,12,功能材料(地方专项计划),A426,青岛科技大学,15,109045
2022,1,1E,制药工程(地方专项计划),A426,青岛科技大学,15,82671
2022,1,1G,朝鲜语(地方专项计划),A426,青岛科技大学,10,134491
2022,1,1K,轻化工程(地方专项计划),A426,青岛科技大学,14,94249
2022,1,21,应用化学(地方专项计划),A426,青岛科技大学,15,84230
2022,1,2X,环境工程(地方专项计划),A426,青岛科技大学,15,97750
2022,1,34,材料物理(地方专项计划),A426,青岛科技大学,15,102047
2022,1,06,物联网工程(校企合作，与青软创新科技集团合作),A426,青岛科技大学,60,104173
2022,1,0J,软件工程(校企合作，与青软创新科技集团合作),A426,青岛科技大学,120,97856
2022,1,02,公共管理类,A427,济南大学,24,72547
2022,1,03,外国语言文学类,A427,济南大学,104,90462
2022,1,04,建筑类,A427,济南大学,36,76130
2022,1,0B,信息管理与信息系统,A427,济南大学,16,77001
2022,1,0C,思想政治教育(师范类),A427,济南大学,46,56365
2022,1,0H,金融数学,A427,济南大学,30,79713
2022,1,0L,人工智能,A427,济南大学,17,61931
2022,1,0R,地理科学,A427,济南大学,40,52931
2022,1,0T,特殊教育(师范类),A427,济南大学,3,63979
2022,1,0W,制药工程,A427,济南大学,9,81504
2022,1,10,土木类,A427,济南大学,99,108371
2022,1,11,公共事业管理,A427,济南大学,24,78273
2022,1,12,物理学,A427,济南大学,56,76051
2022,1,16,标准化工程,A427,济南大学,4,89135
2022,1,19,应用心理学(师范类),A427,济南大学,61,76940
2022,1,1E,化工与制药类,A427,济南大学,59,95809
2022,1,1F,化学类,A427,济南大学,51,78736
2022,1,1J,生物制药,A427,济南大学,60,89565
2022,1,1M,工商管理类,A427,济南大学,156,76246
2022,1,1P,工业设计,A427,济南大学,21,94419
2022,1,1T,法学,A427,济南大学,126,61750
2022,1,1X,中国语言文学类(师范类),A427,济南大学,110,53759
2022,1,1Z,历史学(师范类),A427,济南大学,33,48788
2022,1,26,药学,A427,济南大学,35,80294
2022,1,28,经济学类,A427,济南大学,156,75215
2022,1,29,计算机类,A427,济南大学,93,51578
2022,1,2A,机械类,A427,济南大学,123,94613
2022,1,2B,社会工作,A427,济南大学,19,80377
2022,1,2D,数学与应用数学(师范类),A427,济南大学,81,68576
2022,1,2L,生物技术,A427,济南大学,46,82983
2022,1,2N,应急管理,A427,济南大学,3,81929
2022,1,2Q,材料类,A427,济南大学,133,111425
2022,1,2T,英语,A427,济南大学,74,56800
2022,1,2V,旅游管理类,A427,济南大学,65,108649
2022,1,2W,水利类,A427,济南大学,42,97039
2022,1,2X,新闻传播学类,A427,济南大学,58,62682
2022,1,30,数据科学与大数据技术,A427,济南大学,34,61710
2022,1,31,环境科学与工程类,A427,济南大学,32,88211
2022,1,33,光电信息科学与工程,A427,济南大学,61,81431
2022,1,36,大数据管理与应用,A427,济南大学,57,74727
2022,1,3B,电子信息类,A427,济南大学,54,66581
2022,1,3G,新能源科学与工程,A427,济南大学,53,81765
2022,1,3J,自动化类,A427,济南大学,183,74723
2022,1,1U,网络工程(中外合作办学),A427,济南大学,100,165599
2022,1,24,金融学(中外合作办学),A427,济南大学,100,132771
2022,1,2Z,环境工程(中外合作办学),A427,济南大学,100,184176
2022,1,3D,机械工程(中外合作办学),A427,济南大学,100,191917
2022,1,06,社会工作(地方专项计划),A427,济南大学,5,85456
2022,1,07,特殊教育(师范类，地方专项计划),A427,济南大学,5,82706
2022,1,0E,制药工程(地方专项计划),A427,济南大学,5,87571
2022,1,0K,化学类(地方专项计划),A427,济南大学,20,90553
2022,1,0M,材料类(地方专项计划),A427,济南大学,30,122548
2022,1,0U,电子信息类(地方专项计划),A427,济南大学,10,67557
2022,1,1D,机械类(地方专项计划),A427,济南大学,20,92816
2022,1,21,土木类(地方专项计划),A427,济南大学,21,115198
2022,1,22,应急管理(地方专项计划),A427,济南大学,5,125624
2022,1,23,旅游管理类(地方专项计划),A427,济南大学,10,117844
2022,1,25,应用心理学(师范类，地方专项计划),A427,济南大学,5,70557
2022,1,2P,标准化工程(地方专项计划),A427,济南大学,5,96903
2022,1,2S,化工与制药类(地方专项计划),A427,济南大学,20,103338
2022,1,2U,水利类(地方专项计划),A427,济南大学,15,102250
2022,1,3C,法学(地方专项计划),A427,济南大学,5,60110
2022,1,08,旅游管理(校企合作，与山东大厦合作),A427,济南大学,30,150408
2022,1,0P,计算机科学与技术(校企合作，与浪潮软件股份有限公司合作),A427,济南大学,120,95567
2022,1,15,烹饪与营养教育(校企合作，与山东凯瑞公司合作),A427,济南大学,80,179258
2022,1,18,机械设计制造及其自动化(校企合作，与山东开泰集团有限公司合作),A427,济南大学,40,125524
2022,1,2K,旅游管理(校企合作，与济南富力凯悦酒店合作),A427,济南大学,30,164507
2022,1,2Y,旅游管理(校企合作，与喜来登酒店合作),A427,济南大学,30,160262
2022,1,35,化学工程与工艺(校企合作，与山东金城制药集团合作),A427,济南大学,35,142376
2022,1,3E,制药工程(校企合作，与鲁南制药集团合作),A427,济南大学,30,132953
2022,1,01,工程力学,A429,青岛理工大学,23,90912
2022,1,04,建筑电气与智能化,A429,青岛理工大学,34,82496
2022,1,05,数学与应用数学,A429,青岛理工大学,35,71331
2022,1,06,英语,A429,青岛理工大学,73,70140
2022,1,07,交通工程,A429,青岛理工大学,17,82702
2022,1,0A,机械类,A429,青岛理工大学,255,92870
2022,1,0C,建筑环境与能源应用工程,A429,青岛理工大学,39,97033
2022,1,0F,会计学,A429,青岛理工大学,61,65034
2022,1,0G,市场营销,A429,青岛理工大学,30,85664
2022,1,0H,经济学,A429,青岛理工大学,19,66598
2022,1,0J,国际经济与贸易,A429,青岛理工大学,81,85959
2022,1,0K,环境工程,A429,青岛理工大学,64,93151
2022,1,0P,统计学,A429,青岛理工大学,27,71077
2022,1,0S,社会工作,A429,青岛理工大学,53,90393
2022,1,0T,电子信息工程,A429,青岛理工大学,50,63647
2022,1,0V,智能制造工程,A429,青岛理工大学,51,72424
2022,1,0W,测控技术与仪器,A429,青岛理工大学,22,79109
2022,1,0X,财务管理,A429,青岛理工大学,39,68353
2022,1,0Z,国际商务,A429,青岛理工大学,30,85333
2022,1,10,管理科学与工程类,A429,青岛理工大学,79,100143
2022,1,11,建筑学,A429,青岛理工大学,66,74912
2022,1,14,土木类,A429,青岛理工大学,222,103218
2022,1,16,环境科学,A429,青岛理工大学,33,89573
2022,1,17,网络空间安全,A429,青岛理工大学,60,66430
2022,1,18,计算机科学与技术,A429,青岛理工大学,98,58910
2022,1,19,安全工程,A429,青岛理工大学,12,82968
2022,1,1A,材料科学与工程,A429,青岛理工大学,75,96642
2022,1,1C,风景园林,A429,青岛理工大学,30,69041
2022,1,1G,工业工程,A429,青岛理工大学,45,89575
2022,1,1H,自动化,A429,青岛理工大学,92,69748
2022,1,1J,电气工程及其自动化,A429,青岛理工大学,82,64504
2022,1,1K,应用物理学,A429,青岛理工大学,51,85052
2022,1,1R,城乡规划,A429,青岛理工大学,33,80331
2022,1,1S,网络与新媒体,A429,青岛理工大学,44,70596
2022,1,1T,日语,A429,青岛理工大学,23,90997
2022,1,1U,给排水科学与工程,A429,青岛理工大学,51,93049
2022,1,1W,软件工程,A429,青岛理工大学,65,61626
2022,1,1Z,机器人工程,A429,青岛理工大学,48,73676
2022,1,08,财务管理(中外合作办学),A429,青岛理工大学,81,120662
2022,1,0B,土木工程(中外合作办学),A429,青岛理工大学,71,182296
2022,1,0M,给排水科学与工程(中外合作办学),A429,青岛理工大学,62,189213
2022,1,1P,建筑学(中外合作办学),A429,青岛理工大学,75,171778
2022,1,03,电气工程及其自动化(地方专项计划),A429,青岛理工大学,10,65963
2022,1,0D,材料科学与工程(地方专项计划),A429,青岛理工大学,15,107752
2022,1,0E,工程力学(地方专项计划),A429,青岛理工大学,15,115776
2022,1,0N,环境工程(地方专项计划),A429,青岛理工大学,10,101799
2022,1,0Y,交通工程(地方专项计划),A429,青岛理工大学,10,87413
2022,1,1D,管理科学与工程类(地方专项计划),A429,青岛理工大学,25,112847
2022,1,1E,给排水科学与工程(地方专项计划),A429,青岛理工大学,15,105842
2022,1,1F,建筑环境与能源应用工程(地方专项计划),A429,青岛理工大学,30,120397
2022,1,1M,机械类(地方专项计划),A429,青岛理工大学,30,98019
2022,1,1Q,经济学(地方专项计划),A429,青岛理工大学,10,72608
2022,1,1Y,安全工程(地方专项计划),A429,青岛理工大学,10,97900
2022,1,09,日语(校企合作，与青软创新科技集团合作),A429,青岛理工大学,35,135247
2022,1,0Q,应用物理学(校企合作，与青软创新科技集团合作),A429,青岛理工大学,35,138425
2022,1,0R,信息管理与信息系统(校企合作，与青岛英谷教育公司合作),A429,青岛理工大学,35,127246
2022,1,0U,软件工程(校企合作，与青软创新科技集团合作),A429,青岛理工大学,70,106978
2022,1,12,信息与计算科学(校企合作，与青软创新科技集团合作),A429,青岛理工大学,70,127693
2022,1,15,通信工程(校企合作，与青岛英谷教育公司合作),A429,青岛理工大学,70,119054
2022,1,1N,英语(校企合作，与青岛网商产业教育公司合作),A429,青岛理工大学,35,108099
2022,1,01,广告学,A430,山东建筑大学,40,110309
2022,1,02,机械电子工程,A430,山东建筑大学,80,133760
2022,1,03,房地产开发与管理,A430,山东建筑大学,43,163226
2022,1,04,生物工程,A430,山东建筑大学,52,137763
2022,1,06,法学,A430,山东建筑大学,81,93883
2022,1,07,风景园林(景观规划设计方向),A430,山东建筑大学,34,86671
2022,1,08,材料科学与工程,A430,山东建筑大学,62,150012
2022,1,09,通信工程,A430,山东建筑大学,39,115730
2022,1,0A,焊接技术与工程,A430,山东建筑大学,35,165503
2022,1,0B,财务管理,A430,山东建筑大学,52,103780
2022,1,0G,土地资源管理,A430,山东建筑大学,55,130364
2022,1,0J,地理信息科学,A430,山东建筑大学,47,112224
2022,1,0M,物联网工程,A430,山东建筑大学,38,117913
2022,1,0P,能源与动力工程,A430,山东建筑大学,81,131014
2022,1,0Q,交通工程,A430,山东建筑大学,46,134347
2022,1,0R,电气工程及其自动化,A430,山东建筑大学,101,96170
2022,1,0S,社会工作,A430,山东建筑大学,54,135042
2022,1,0T,遥感科学与技术,A430,山东建筑大学,38,134399
2022,1,0U,无机非金属材料工程,A430,山东建筑大学,84,164193
2022,1,0Y,工业设计,A430,山东建筑大学,43,134203
2022,1,10,工程造价,A430,山东建筑大学,67,92822
2022,1,14,新能源科学与工程,A430,山东建筑大学,52,129788
2022,1,15,车辆工程,A430,山东建筑大学,48,138479
2022,1,18,应用物理学,A430,山东建筑大学,43,137807
2022,1,1B,德语,A430,山东建筑大学,15,123839
2022,1,1C,建筑环境与能源应用工程,A430,山东建筑大学,70,140455
2022,1,1D,道路桥梁与渡河工程,A430,山东建筑大学,68,142127
2022,1,1E,土木工程,A430,山东建筑大学,199,114574
2022,1,1F,工程管理,A430,山东建筑大学,66,133846
2022,1,1J,建筑学,A430,山东建筑大学,48,56245
2022,1,1K,计算机类,A430,山东建筑大学,248,115365
2022,1,1N,信息管理与信息系统,A430,山东建筑大学,33,123107
2022,1,1P,工商管理,A430,山东建筑大学,57,118804
2022,1,1Q,应用统计学,A430,山东建筑大学,47,120936
2022,1,1R,智能制造工程,A430,山东建筑大学,51,131981
2022,1,1T,建筑电气与智能化,A430,山东建筑大学,40,115504
2022,1,1U,信息与计算科学,A430,山东建筑大学,27,121947
2022,1,1V,工业工程,A430,山东建筑大学,53,138131
2022,1,1Z,电子商务,A430,山东建筑大学,60,128485
2022,1,22,交通运输,A430,山东建筑大学,25,136142
2022,1,23,环境工程,A430,山东建筑大学,39,138418
2022,1,24,风景园林(园林规划设计方向),A430,山东建筑大学,68,105955
2022,1,25,人工智能,A430,山东建筑大学,35,119828
2022,1,26,光电信息科学与工程,A430,山东建筑大学,32,123424
2022,1,2B,会计学,A430,山东建筑大学,63,95788
2022,1,2C,城乡规划,A430,山东建筑大学,53,87187
2022,1,2D,给排水科学与工程,A430,山东建筑大学,69,133296
2022,1,2H,英语,A430,山东建筑大学,31,98406
2022,1,2K,智能建造,A430,山东建筑大学,51,137586
2022,1,2M,材料成型及控制工程,A430,山东建筑大学,53,154183
2022,1,2N,环境科学,A430,山东建筑大学,56,141179
2022,1,2P,电子信息工程,A430,山东建筑大学,51,116849
2022,1,2R,城市地下空间工程,A430,山东建筑大学,44,127435
2022,1,2S,测绘工程,A430,山东建筑大学,47,143041
2022,1,2U,机械工程,A430,山东建筑大学,171,143200
2022,1,1G,土木工程(中外合作办学),A430,山东建筑大学,100,195539
2022,1,20,建筑学(中外合作办学),A430,山东建筑大学,70,128049
2022,1,0D,土木工程(地方专项计划),A430,山东建筑大学,20,116197
2022,1,0H,智能建造(地方专项计划),A430,山东建筑大学,15,145624
2022,1,0K,智能制造工程(地方专项计划),A430,山东建筑大学,15,142075
2022,1,19,给排水科学与工程(地方专项计划),A430,山东建筑大学,20,157899
2022,1,1W,材料科学与工程(地方专项计划),A430,山东建筑大学,20,163223
2022,1,28,建筑环境与能源应用工程(地方专项计划),A430,山东建筑大学,20,156124
2022,1,29,机械工程(地方专项计划),A430,山东建筑大学,20,143651
2022,1,2G,道路桥梁与渡河工程(地方专项计划),A430,山东建筑大学,20,156862
2022,1,2Q,测绘工程(地方专项计划),A430,山东建筑大学,20,159378
2022,1,0N,会计学(校企合作，与山东全通网融科技有限公司合作),A430,山东建筑大学,110,134245
2022,1,0W,德语(校企合作，与山东云媒互动有限公司合作),A430,山东建筑大学,30,157359
2022,1,0Z,信息与计算科学(校企合作，与浪潮集团有限公司合作),A430,山东建筑大学,60,155848
2022,1,1X,市场营销(校企合作，与中兴协力教育山东公司合作),A430,山东建筑大学,70,166602
2022,1,21,英语(校企合作，与济南译软信息技术有限公司合作),A430,山东建筑大学,50,148560
2022,1,2A,英语(校企合作，与山东智博教育科技有限公司合作),A430,山东建筑大学,60,145780
2022,1,2F,车辆工程(校企合作，与北京联合伟世科技股份有限公司合作),A430,山东建筑大学,40,165279
2022,1,2T,材料成型及控制工程(校企合作，与莱芜钢铁集团有限公司合作),A430,山东建筑大学,35,174246
2022,1,01,电子信息工程,A431,齐鲁工业大学,69,80740
2022,1,04,环境科学与工程类,A431,齐鲁工业大学,50,119615
2022,1,05,行政管理,A431,齐鲁工业大学,65,108740
2022,1,06,日语,A431,齐鲁工业大学,30,108460
2022,1,08,保密管理,A431,齐鲁工业大学,40,96175
2022,1,09,计算机科学与技术,A431,齐鲁工业大学,72,62625
2022,1,0D,海洋技术,A431,齐鲁工业大学,65,115189
2022,1,0E,功能材料,A431,齐鲁工业大学,25,125489
2022,1,0G,药学类,A431,齐鲁工业大学,56,107782
2022,1,0H,金融学,A431,齐鲁工业大学,195,107291
2022,1,0J,汉语国际教育,A431,齐鲁工业大学,60,102551
2022,1,0T,国际经济与贸易,A431,齐鲁工业大学,130,116791
2022,1,0V,电气工程及其自动化,A431,齐鲁工业大学,85,79313
2022,1,0W,宝石及材料工艺学,A431,齐鲁工业大学,40,151549
2022,1,0X,翻译,A431,齐鲁工业大学,60,99423
2022,1,0Y,金融科技,A431,齐鲁工业大学,80,113804
2022,1,10,信息与计算科学,A431,齐鲁工业大学,53,92423
2022,1,11,电子竞技运动与管理,A431,齐鲁工业大学,20,129535
2022,1,12,智能制造工程,A431,齐鲁工业大学,25,89656
2022,1,14,生物技术,A431,齐鲁工业大学,40,116237
2022,1,15,材料成型及控制工程,A431,齐鲁工业大学,35,107026
2022,1,16,轻工类,A431,齐鲁工业大学,29,127075
2022,1,18,化学类,A431,齐鲁工业大学,47,114030
2022,1,19,法学,A431,齐鲁工业大学,95,75762
2022,1,1A,自动化,A431,齐鲁工业大学,80,90234
2022,1,1B,生物工程,A431,齐鲁工业大学,49,106603
2022,1,1D,光电信息科学与工程,A431,齐鲁工业大学,55,92224
2022,1,1E,无机非金属材料工程,A431,齐鲁工业大学,8,117060
2022,1,1F,测控技术与仪器(海洋测控方向),A431,齐鲁工业大学,47,117769
2022,1,1G,通信工程,A431,齐鲁工业大学,52,82691
2022,1,1H,英语,A431,齐鲁工业大学,89,91506
2022,1,1M,海洋信息工程,A431,齐鲁工业大学,40,111114
2022,1,1Q,人工智能,A431,齐鲁工业大学,43,77142
2022,1,1R,食品科学与工程类,A431,齐鲁工业大学,64,116398
2022,1,1S,工业设计,A431,齐鲁工业大学,28,99672
2022,1,1W,软件工程,A431,齐鲁工业大学,80,68676
2022,1,1X,能源与动力工程,A431,齐鲁工业大学,105,97709
2022,1,21,工商管理类,A431,齐鲁工业大学,359,112533
2022,1,23,广告学,A431,齐鲁工业大学,40,95110
2022,1,25,化工与制药类,A431,齐鲁工业大学,49,120624
2022,1,26,网络空间安全,A431,齐鲁工业大学,55,69438
2022,1,27,轻化工程,A431,齐鲁工业大学,38,121710
2022,1,28,机器人工程,A431,齐鲁工业大学,20,81045
2022,1,2C,机械设计制造及其自动化,A431,齐鲁工业大学,85,99820
2022,1,2E,材料化学,A431,齐鲁工业大学,10,114830
2022,1,2G,应用统计学,A431,齐鲁工业大学,50,96394
2022,1,2K,保密技术,A431,齐鲁工业大学,80,84652
2022,1,2L,数据计算及应用,A431,齐鲁工业大学,20,92558
2022,1,2M,新媒体技术,A431,齐鲁工业大学,18,88545
2022,1,2N,酿酒工程,A431,齐鲁工业大学,22,110440
2022,1,2P,高分子材料与工程,A431,齐鲁工业大学,9,118258
2022,1,2Q,微电子科学与工程,A431,齐鲁工业大学,40,90819
2022,1,2V,物联网工程,A431,齐鲁工业大学,20,72178
2022,1,1N,应用化学(中外合作办学),A431,齐鲁工业大学,80,209588
2022,1,1T,生物技术(中外合作办学),A431,齐鲁工业大学,80,200333
2022,1,24,轻化工程(中外合作办学),A431,齐鲁工业大学,80,210875
2022,1,2A,机械设计制造及其自动化(中外合作办学),A431,齐鲁工业大学,80,198447
2022,1,2T,酿酒工程(中外合作办学),A431,齐鲁工业大学,80,206322
2022,1,03,行政管理(地方专项计划),A431,齐鲁工业大学,10,104277
2022,1,0A,工业设计(地方专项计划),A431,齐鲁工业大学,5,107010
2022,1,0B,化学类(地方专项计划),A431,齐鲁工业大学,10,117989
2022,1,0F,智能制造工程(地方专项计划),A431,齐鲁工业大学,5,95230
2022,1,0K,生物工程(地方专项计划),A431,齐鲁工业大学,10,114378
2022,1,0M,法学(地方专项计划),A431,齐鲁工业大学,5,74855
2022,1,0Q,轻工类(地方专项计划),A431,齐鲁工业大学,15,145321
2022,1,0R,功能材料(地方专项计划),A431,齐鲁工业大学,10,135789
2022,1,13,新媒体技术(地方专项计划),A431,齐鲁工业大学,5,96491
2022,1,17,生物技术(地方专项计划),A431,齐鲁工业大学,10,121834
2022,1,1K,药学类(地方专项计划),A431,齐鲁工业大学,10,110022
2022,1,1L,食品科学与工程类(地方专项计划),A431,齐鲁工业大学,10,122515
2022,1,1Z,酿酒工程(地方专项计划),A431,齐鲁工业大学,5,121923
2022,1,29,轻化工程(地方专项计划),A431,齐鲁工业大学,20,138919
2022,1,2B,化工与制药类(地方专项计划),A431,齐鲁工业大学,15,127637
2022,1,2R,材料成型及控制工程(地方专项计划),A431,齐鲁工业大学,10,121781
2022,1,2S,机器人工程(地方专项计划),A431,齐鲁工业大学,5,83371
2022,1,2U,机械设计制造及其自动化(地方专项计划),A431,齐鲁工业大学,15,104865
2022,1,02,计算机科学与技术(校企合作，与山东亿云信息技术有限公司合作),A431,齐鲁工业大学,40,102629
2022,1,0C,机器人工程(校企合作，与中德新松、新松机器人合作),A431,齐鲁工业大学,80,147349
2022,1,0L,自动化(校企合作，与中德新松、新松机器人合作),A431,齐鲁工业大学,40,130707
2022,1,0N,智能科学与技术(校企合作，与中国高科集团股份有限公司合作),A431,齐鲁工业大学,80,132815
2022,1,0P,信息与计算科学(校企合作，与浪潮软件股份有限公司合作),A431,齐鲁工业大学,80,138269
2022,1,0S,信息管理与信息系统(校企合作，与山东智博教育科技有限公司合作),A431,齐鲁工业大学,160,160656
2022,1,0U,无机非金属材料工程(校企合作，与中材高新材料股份有限公司合作),A431,齐鲁工业大学,80,174518
2022,1,0Z,新媒体技术(校企合作，与中国高科集团合作),A431,齐鲁工业大学,80,144215
2022,1,1C,软件工程(校企合作，与北京安博大成教育科技公司合作),A431,齐鲁工业大学,40,115107
2022,1,1P,食品科学与工程(校企合作，与益客集团合作),A431,齐鲁工业大学,40,154734
2022,1,1U,环境科学(校企合作，与北控水务投资有限公司合作),A431,齐鲁工业大学,80,168808
2022,1,1Y,翻译(校企合作，与文思海辉技术有限公司合作),A431,齐鲁工业大学,60,144212
2022,1,2J,软件工程(校企合作，与山东正中信息技术有限公司合作),A431,齐鲁工业大学,40,116459
2022,1,01,生物工程,A433,山东理工大学,13,112468
2022,1,02,生物科学(师范类),A433,山东理工大学,40,85641
2022,1,04,法学,A433,山东理工大学,21,83860
2022,1,06,国际经济与贸易,A433,山东理工大学,78,123371
2022,1,08,英语(外语语种为英语),A433,山东理工大学,39,94493
2022,1,0A,智能电网信息工程,A433,山东理工大学,66,87800
2022,1,0B,数学与应用数学,A433,山东理工大学,34,96455
2022,1,0C,纺织工程,A433,山东理工大学,12,152763
2022,1,0E,材料化学,A433,山东理工大学,47,149132
2022,1,0F,工业工程,A433,山东理工大学,79,139967
2022,1,0G,日语,A433,山东理工大学,20,118710
2022,1,0H,市场营销,A433,山东理工大学,41,130821
2022,1,0J,通信工程,A433,山东理工大学,108,105761
2022,1,0K,物理学(师范类),A433,山东理工大学,80,100205
2022,1,0L,交通工程,A433,山东理工大学,47,142681
2022,1,0M,化学,A433,山东理工大学,37,109701
2022,1,0N,会计学,A433,山东理工大学,88,95594
2022,1,0P,地理空间信息工程,A433,山东理工大学,67,113794
2022,1,0Q,城乡规划,A433,山东理工大学,37,118267
2022,1,0R,机械设计制造及其自动化(卓越工程师班),A433,山东理工大学,40,105417
2022,1,0S,矿物加工工程,A433,山东理工大学,20,145985
2022,1,0U,广告学,A433,山东理工大学,43,112294
2022,1,0V,数字媒体技术,A433,山东理工大学,80,105330
2022,1,0W,化学工程与工艺,A433,山东理工大学,145,143791
2022,1,0X,电气工程及其自动化,A433,山东理工大学,196,69728
2022,1,0Y,数学与应用数学(师范类),A433,山东理工大学,130,94609
2022,1,0Z,数据科学与大数据技术,A433,山东理工大学,80,100201
2022,1,10,法学(律师学),A433,山东理工大学,34,92012
2022,1,11,英语(师范类，外语语种为英语),A433,山东理工大学,120,90175
2022,1,12,自动化,A433,山东理工大学,100,97433
2022,1,14,农业机械化及其自动化,A433,山东理工大学,76,140961
2022,1,15,化学(师范类),A433,山东理工大学,80,93719
2022,1,16,资源勘查工程,A433,山东理工大学,52,152666
2022,1,17,测控技术与仪器,A433,山东理工大学,24,131971
2022,1,18,社会工作,A433,山东理工大学,60,134262
2022,1,19,金融学,A433,山东理工大学,156,113697
2022,1,1B,工商管理,A433,山东理工大学,52,115527
2022,1,1D,新能源汽车工程,A433,山东理工大学,80,122962
2022,1,1F,能源与动力工程,A433,山东理工大学,80,129251
2022,1,1G,统计学,A433,山东理工大学,50,110862
2022,1,1H,软件工程,A433,山东理工大学,131,83090
2022,1,1J,制药工程,A433,山东理工大学,81,127267
2022,1,1K,车辆工程,A433,山东理工大学,50,119044
2022,1,1L,材料科学与工程,A433,山东理工大学,130,157389
2022,1,1M,法学(国际商法),A433,山东理工大学,30,97560
2022,1,1N,机械设计制造及其自动化,A433,山东理工大学,96,123481
2022,1,1P,高分子材料与工程,A433,山东理工大学,45,143399
2022,1,1Q,测绘工程,A433,山东理工大学,51,143879
2022,1,1R,法学(经济法学),A433,山东理工大学,32,95092
2022,1,1S,采矿工程,A433,山东理工大学,11,141444
2022,1,1U,交通运输,A433,山东理工大学,74,142330
2022,1,1V,汉语言文学(师范类),A433,山东理工大学,160,89440
2022,1,1W,信息管理与信息系统,A433,山东理工大学,45,121218
2022,1,1Y,生物科学,A433,山东理工大学,52,103063
2022,1,1Z,工业设计,A433,山东理工大学,52,132327
2022,1,20,经济学,A433,山东理工大学,89,114036
2022,1,21,应用化学,A433,山东理工大学,98,134052
2022,1,23,食品科学与工程,A433,山东理工大学,84,138999
2022,1,24,工程管理,A433,山东理工大学,46,140395
2022,1,26,微电子科学与工程,A433,山东理工大学,40,110476
2022,1,27,信息管理与信息系统(档案信息化管理方向),A433,山东理工大学,40,131517
2022,1,28,财务管理,A433,山东理工大学,76,105944
2022,1,2A,行政管理,A433,山东理工大学,52,118752
2022,1,2C,人工智能,A433,山东理工大学,80,102199
2022,1,2D,汉语言文学,A433,山东理工大学,38,89165
2022,1,2E,智能制造工程(新工科创新实验班),A433,山东理工大学,80,117843
2022,1,2F,信息与计算科学,A433,山东理工大学,58,111194
2022,1,2G,朝鲜语,A433,山东理工大学,22,141536
2022,1,2H,环境工程,A433,山东理工大学,107,145151
2022,1,2J,材料成型及控制工程,A433,山东理工大学,141,159271
2022,1,2K,机械电子工程,A433,山东理工大学,89,129896
2022,1,2L,计算机科学与技术,A433,山东理工大学,107,76942
2022,1,2P,电子信息工程,A433,山东理工大学,140,103304
2022,1,2Q,土木工程,A433,山东理工大学,164,141546
2022,1,2R,新能源科学与工程,A433,山东理工大学,80,115571
2022,1,2U,测控技术与仪器(智慧医疗新工科创新实验班),A433,山东理工大学,40,142914
2022,1,2V,光电信息科学与工程,A433,山东理工大学,57,114255
2022,1,1A,机械设计制造及其自动化(中外合作办学)(招收中爱合作办学),A433,山东理工大学,80,180243
2022,1,2M,计算机科学与技术(中外合作办学)(招收中爱合作办学),A433,山东理工大学,80,158826
2022,1,05,能源与动力工程(地方专项计划),A433,山东理工大学,10,131063
2022,1,07,制药工程(地方专项计划),A433,山东理工大学,10,125933
2022,1,09,农业机械化及其自动化(地方专项计划),A433,山东理工大学,10,144154
2022,1,0D,软件工程(地方专项计划),A433,山东理工大学,10,84089
2022,1,0T,土木工程(地方专项计划),A433,山东理工大学,10,137753
2022,1,13,智能电网信息工程(地方专项计划),A433,山东理工大学,10,96002
2022,1,1E,通信工程(地方专项计划),A433,山东理工大学,10,105383
2022,1,1T,生物工程(地方专项计划),A433,山东理工大学,10,125685
2022,1,1X,机械电子工程(地方专项计划),A433,山东理工大学,10,128198
2022,1,25,车辆工程(地方专项计划),A433,山东理工大学,10,126589
2022,1,29,测控技术与仪器(地方专项计划),A433,山东理工大学,10,144121
2022,1,2B,电气工程及其自动化(地方专项计划),A433,山东理工大学,10,70179
2022,1,2N,食品科学与工程(地方专项计划),A433,山东理工大学,10,137447
2022,1,2S,计算机科学与技术(地方专项计划),A433,山东理工大学,10,80178
2022,1,2T,化学工程与工艺(地方专项计划),A433,山东理工大学,10,136319
2022,1,2W,自动化(地方专项计划),A433,山东理工大学,10,100102
2022,1,2X,应用化学(地方专项计划),A433,山东理工大学,10,131053
2022,1,1C,微电子科学与工程(校企合作，与青软创新科技集团合作),A433,山东理工大学,40,146656
2022,1,22,信息管理与信息系统(校企合作，与山东全通网融科技有限公司合作),A433,山东理工大学,40,153305
2022,1,03,文化产业管理,A434,山东农业大学,40,122597
2022,1,04,水利类,A434,山东农业大学,45,125041
2022,1,0B,材料化学,A434,山东农业大学,35,133677
2022,1,0C,农业资源与环境,A434,山东农业大学,40,123477
2022,1,0D,日语,A434,山东农业大学,42,118579
2022,1,0F,金融学,A434,山东农业大学,140,117907
2022,1,0G,国际经济与贸易,A434,山东农业大学,60,123390
2022,1,0J,自动化,A434,山东农业大学,40,118697
2022,1,0K,园林,A434,山东农业大学,50,128156
2022,1,0M,风景园林,A434,山东农业大学,90,123340
2022,1,0N,烟草,A434,山东农业大学,58,115663
2022,1,0S,植物生产类(C),A434,山东农业大学,113,130349
2022,1,0T,数字经济,A434,山东农业大学,140,121507
2022,1,0V,动物医学类,A434,山东农业大学,155,118613
2022,1,0Y,土地资源管理,A434,山东农业大学,50,115307
2022,1,11,森林保护,A434,山东农业大学,5,122368
2022,1,13,电气工程及其自动化,A434,山东农业大学,96,116949
2022,1,14,植物生产类(B),A434,山东农业大学,110,126409
2022,1,1A,农学(新农科实验班),A434,山东农业大学,126,101501
2022,1,1E,商务英语,A434,山东农业大学,65,107634
2022,1,1F,人工智能,A434,山东农业大学,75,120991
2022,1,1J,俄语,A434,山东农业大学,38,126744
2022,1,1L,数学类,A434,山东农业大学,75,124943
2022,1,1S,农业机械化及其自动化,A434,山东农业大学,10,124360
2022,1,1Y,建筑学,A434,山东农业大学,45,114913
2022,1,1Z,土地整治工程,A434,山东农业大学,15,130838
2022,1,21,环境科学与工程类,A434,山东农业大学,45,130685
2022,1,27,生物科学类,A434,山东农业大学,159,123503
2022,1,28,公共管理类,A434,山东农业大学,135,124000
2022,1,29,法学,A434,山东农业大学,130,82274
2022,1,2A,电子信息科学与技术,A434,山东农业大学,44,117071
2022,1,2E,机械类,A434,山东农业大学,60,130122
2022,1,2F,植物科学与技术,A434,山东农业大学,30,117001
2022,1,2J,应用化学,A434,山东农业大学,45,128847
2022,1,2K,制药工程(医药方向),A434,山东农业大学,20,116404
2022,1,2N,测绘类,A434,山东农业大学,20,128586
2022,1,2Q,计算机类,A434,山东农业大学,260,111147
2022,1,2U,生物工程,A434,山东农业大学,28,124094
2022,1,2W,林学(新农科实验班),A434,山东农业大学,60,127972
2022,1,2X,制药工程,A434,山东农业大学,30,117077
2022,1,2Y,动物科学,A434,山东农业大学,25,120813
2022,1,30,中药资源与开发,A434,山东农业大学,9,120891
2022,1,33,工商管理类,A434,山东农业大学,420,118206
2022,1,37,地理信息科学,A434,山东农业大学,60,99014
2022,1,38,农林经济管理,A434,山东农业大学,69,107311
2022,1,39,食品科学与工程类,A434,山东农业大学,80,125179
2022,1,3E,通信工程,A434,山东农业大学,30,109464
2022,1,3H,土木类,A434,山东农业大学,40,136208
2022,1,3K,英语,A434,山东农业大学,125,99161
2022,1,09,工商管理(中外合作办学)(中德合作),A434,山东农业大学,50,190555
2022,1,0L,土地资源管理(中外合作办学)(中英合作),A434,山东农业大学,148,194948
2022,1,1Q,会计学(中外合作办学)(中德合作),A434,山东农业大学,140,182913
2022,1,34,食品质量与安全(中外合作办学)(中英合作),A434,山东农业大学,135,190838
2022,1,3A,动物科学(中外合作办学)(中美合作),A434,山东农业大学,88,200473
2022,1,3G,国际经济与贸易(中外合作办学)(中德合作),A434,山东农业大学,60,190122
2022,1,0A,环境科学与工程类(地方专项计划),A434,山东农业大学,15,141490
2022,1,16,木材科学与工程(地方专项计划),A434,山东农业大学,10,156129
2022,1,1C,生态学(地方专项计划),A434,山东农业大学,5,133119
2022,1,1K,测绘类(地方专项计划),A434,山东农业大学,15,151717
2022,1,1M,植物生产类(C，地方专项计划),A434,山东农业大学,10,133577
2022,1,1N,食品科学与工程类(地方专项计划),A434,山东农业大学,20,133956
2022,1,1P,水产养殖学(地方专项计划),A434,山东农业大学,10,152138
2022,1,1U,农业资源与环境(地方专项计划),A434,山东农业大学,10,131857
2022,1,1V,水土保持与荒漠化防治(地方专项计划),A434,山东农业大学,10,153486
2022,1,1W,水利类(地方专项计划),A434,山东农业大学,15,136505
2022,1,20,土木类(地方专项计划),A434,山东农业大学,20,155532
2022,1,22,机械类(地方专项计划),A434,山东农业大学,20,136784
2022,1,2C,植物生产类(B，地方专项计划),A434,山东农业大学,10,129880
2022,1,2R,动物科学(地方专项计划),A434,山东农业大学,20,135547
2022,1,3J,公共管理类(地方专项计划),A434,山东农业大学,10,120106
2022,1,3L,商务英语(校企合作，与山东网商教育科技集团合作),A434,山东农业大学,60,141974
2022,1,07,食品质量与安全(含创新实验班30人),A435,青岛农业大学,130,149569
2022,1,09,制药工程,A435,青岛农业大学,75,144338
2022,1,0A,草坪科学与工程,A435,青岛农业大学,8,162290
2022,1,0B,环境科学,A435,青岛农业大学,59,156450
2022,1,0C,风景园林,A435,青岛农业大学,81,138431
2022,1,0D,建筑环境与能源应用工程,A435,青岛农业大学,70,160717
2022,1,0F,马业科学,A435,青岛农业大学,14,161475
2022,1,0J,电子商务,A435,青岛农业大学,76,130522
2022,1,0K,应用化学,A435,青岛农业大学,100,146125
2022,1,0Q,计算机科学与技术,A435,青岛农业大学,67,110962
2022,1,0S,农业资源与环境(含创新实验班30人),A435,青岛农业大学,100,158721
2022,1,0V,建筑学,A435,青岛农业大学,70,132856
2022,1,0Y,园艺(含创新实验班30人),A435,青岛农业大学,100,158632
2022,1,0Z,农学(含创新实验班30人),A435,青岛农业大学,80,150399
2022,1,11,朝鲜语,A435,青岛农业大学,49,147587
2022,1,13,电气工程及其自动化,A435,青岛农业大学,124,124220
2022,1,14,药学,A435,青岛农业大学,70,133500
2022,1,15,英语,A435,青岛农业大学,92,105034
2022,1,16,传播学,A435,青岛农业大学,60,112353
2022,1,19,林学,A435,青岛农业大学,26,153679
2022,1,1A,生物科学(创新实验班),A435,青岛农业大学,184,148353
2022,1,1B,水生动物医学,A435,青岛农业大学,39,167996
2022,1,1J,植物保护(含创新实验班30人),A435,青岛农业大学,127,157292
2022,1,1K,社会工作,A435,青岛农业大学,55,136625
2022,1,1M,农林经济管理(含创新实验班30人),A435,青岛农业大学,100,140132
2022,1,1N,知识产权,A435,青岛农业大学,43,108266
2022,1,1P,测控技术与仪器,A435,青岛农业大学,70,153796
2022,1,1R,动物医学(含创新实验班30人),A435,青岛农业大学,180,143442
2022,1,1T,园林(含创新实验班30人),A435,青岛农业大学,85,147209
2022,1,1V,植物科学与技术,A435,青岛农业大学,14,151324
2022,1,1X,材料化学,A435,青岛农业大学,70,156488
2022,1,1Y,粮食工程,A435,青岛农业大学,22,158247
2022,1,20,智慧农业,A435,青岛农业大学,70,149086
2022,1,24,动物科学(含创新实验班30人),A435,青岛农业大学,93,156892
2022,1,2B,海洋资源与环境,A435,青岛农业大学,70,147713
2022,1,2D,水族科学与技术,A435,青岛农业大学,19,165465
2022,1,2E,环境生态工程,A435,青岛农业大学,55,159545
2022,1,2J,公共事业管理,A435,青岛农业大学,77,133622
2022,1,2K,汉语言文学,A435,青岛农业大学,104,97983
2022,1,2L,烟草(含创新实验班30人),A435,青岛农业大学,60,133075
2022,1,2M,经济与金融,A435,青岛农业大学,105,124416
2022,1,2P,工程造价,A435,青岛农业大学,70,141071
2022,1,2R,食品科学与工程(含创新实验班30人),A435,青岛农业大学,92,143145
2022,1,2S,日语,A435,青岛农业大学,42,125706
2022,1,2V,草业科学(含创新实验班30人),A435,青岛农业大学,31,159508
2022,1,2Y,电子信息工程,A435,青岛农业大学,70,126696
2022,1,32,功能材料,A435,青岛农业大学,68,160570
2022,1,34,物流管理,A435,青岛农业大学,69,138413
2022,1,36,机械类(含农业机械化创新实验班30人),A435,青岛农业大学,205,152704
2022,1,3C,土木工程,A435,青岛农业大学,196,160455
2022,1,3E,设施农业科学与工程,A435,青岛农业大学,41,160514
2022,1,3L,环境工程,A435,青岛农业大学,56,158583
2022,1,3P,动物药学,A435,青岛农业大学,60,151129
2022,1,3Q,财务管理,A435,青岛农业大学,82,109902
2022,1,3R,国际经济与贸易,A435,青岛农业大学,41,125684
2022,1,3U,水产养殖学,A435,青岛农业大学,98,168416
2022,1,3W,会计学,A435,青岛农业大学,87,100510
2022,1,3Y,化学工程与工艺,A435,青岛农业大学,68,152168
2022,1,3Z,茶学,A435,青岛农业大学,40,160215
2022,1,40,数据科学与大数据技术,A435,青岛农业大学,70,119666
2022,1,17,物流管理(中外合作办学),A435,青岛农业大学,90,211744
2022,1,1G,农学(中外合作办学),A435,青岛农业大学,60,213029
2022,1,1L,农业资源与环境(中外合作办学),A435,青岛农业大学,60,223665
2022,1,1S,食品科学与工程(中外合作办学),A435,青岛农业大学,90,220012
2022,1,2F,动物医学(中外合作办学),A435,青岛农业大学,40,218217
2022,1,03,设施农业科学与工程(地方专项计划),A435,青岛农业大学,10,162851
2022,1,0G,水生动物医学(地方专项计划),A435,青岛农业大学,10,173350
2022,1,0U,水产养殖学(地方专项计划),A435,青岛农业大学,10,170190
2022,1,1F,马业科学(地方专项计划),A435,青岛农业大学,10,190582
2022,1,1Z,水族科学与技术(地方专项计划),A435,青岛农业大学,10,179956
2022,1,22,农学(地方专项计划),A435,青岛农业大学,10,153786
2022,1,2C,林学(地方专项计划),A435,青岛农业大学,10,165859
2022,1,2G,园艺(地方专项计划),A435,青岛农业大学,10,165845
2022,1,2H,茶学(地方专项计划),A435,青岛农业大学,10,165625
2022,1,2N,食品质量与安全(地方专项计划),A435,青岛农业大学,10,147764
2022,1,30,智慧农业(地方专项计划),A435,青岛农业大学,10,152488
2022,1,37,机械类(地方专项计划),A435,青岛农业大学,10,141011
2022,1,38,草坪科学与工程(地方专项计划),A435,青岛农业大学,10,186263
2022,1,39,粮食工程(地方专项计划),A435,青岛农业大学,10,165051
2022,1,3J,草业科学(地方专项计划),A435,青岛农业大学,10,170349
2022,1,3K,动物科学(地方专项计划),A435,青岛农业大学,10,157353
2022,1,3M,农业资源与环境(地方专项计划),A435,青岛农业大学,10,162763
2022,1,3T,植物保护(地方专项计划),A435,青岛农业大学,10,157200
2022,1,01,风景园林(校企合作，与山东骏文信息科技有限公司合作),A435,青岛农业大学,60,166371
2022,1,0W,通信工程(校企合作，与青岛英谷教育科技公司合作),A435,青岛农业大学,140,170718
2022,1,12,经济与金融(校企合作，与青岛英谷教育合作),A435,青岛农业大学,70,145391
2022,1,21,计算机科学与技术(校企合作，与青岛英谷教育科技公司合作),A435,青岛农业大学,228,168241
2022,1,2Z,英语(校企合作，与青岛英谷教育科技公司合作),A435,青岛农业大学,70,141432
2022,1,35,计算机科学与技术(校企合作，与青岛英谷教育科技公司合作),A435,青岛农业大学,140,164581
2022,1,3B,电子信息工程(校企合作，与青岛英谷教育科技公司合作),A435,青岛农业大学,80,161916
2022,1,3N,计算机科学与技术(校企合作，与青岛英谷教育科技公司合作),A435,青岛农业大学,70,163932
2022,1,01,运动康复,A438,潍坊医学院,40,160831
2022,1,02,应急管理,A438,潍坊医学院,22,183665
2022,1,04,康复作业治疗,A438,潍坊医学院,40,161287
2022,1,06,生物技术,A438,潍坊医学院,38,161977
2022,1,07,市场营销,A438,潍坊医学院,18,171930
2022,1,08,康复治疗学,A438,潍坊医学院,13,124350
2022,1,09,护理学,A438,潍坊医学院,174,151814
2022,1,0C,预防医学,A438,潍坊医学院,138,111645
2022,1,0D,临床药学,A438,潍坊医学院,60,117069
2022,1,0E,眼视光医学,A438,潍坊医学院,39,73222
2022,1,0F,公共事业管理,A438,潍坊医学院,60,166977
2022,1,0G,生物医学工程,A438,潍坊医学院,45,161480
2022,1,0H,食品质量与安全,A438,潍坊医学院,34,161422
2022,1,0K,临床医学,A438,潍坊医学院,472,60944
2022,1,0L,医学检验技术,A438,潍坊医学院,153,113756
2022,1,0M,药学,A438,潍坊医学院,135,142454
2022,1,0P,应用心理学,A438,潍坊医学院,79,151558
2022,1,0R,麻醉学,A438,潍坊医学院,120,67366
2022,1,0S,助产学,A438,潍坊医学院,50,152794
2022,1,0T,中医学,A438,潍坊医学院,50,98213
2022,1,0W,医学影像技术,A438,潍坊医学院,45,103278
2022,1,0X,医学影像学,A438,潍坊医学院,62,68554
2022,1,0Z,大数据管理与应用,A438,潍坊医学院,19,169885
2022,1,10,康复物理治疗,A438,潍坊医学院,40,161125
2022,1,11,智能医学工程,A438,潍坊医学院,35,150897
2022,1,12,口腔医学,A438,潍坊医学院,72,47035
2022,1,13,英语,A438,潍坊医学院,54,152936
2022,1,16,法学,A438,潍坊医学院,28,141687
2022,1,17,卫生检验与检疫,A438,潍坊医学院,54,122956
2022,1,19,劳动与社会保障,A438,潍坊医学院,18,168819
2022,1,1B,中药学,A438,潍坊医学院,50,147718
2022,1,1C,生物制药,A438,潍坊医学院,114,156887
2022,1,03,医学实验技术,A439,山东第一医科大学,50,111117
2022,1,06,药学,A439,山东第一医科大学,179,89914
2022,1,07,眼视光医学,A439,山东第一医科大学,55,49529
2022,1,08,临床药学,A439,山东第一医科大学,130,87866
2022,1,09,生物医学科学,A439,山东第一医科大学,50,117524
2022,1,0C,生物医学工程,A439,山东第一医科大学,80,140649
2022,1,0G,预防医学,A439,山东第一医科大学,109,64687
2022,1,0H,口腔医学技术,A439,山东第一医科大学,25,67141
2022,1,0J,生物技术,A439,山东第一医科大学,103,133479
2022,1,0M,中药学,A439,山东第一医科大学,45,106764
2022,1,0N,医学技术类(招收康复方向),A439,山东第一医科大学,145,122265
2022,1,0P,药物化学,A439,山东第一医科大学,70,119536
2022,1,0T,医学实验技术(招收医学实验动物方向),A439,山东第一医科大学,40,126279
2022,1,0V,口腔医学,A439,山东第一医科大学,120,42312
2022,1,0W,麻醉学,A439,山东第一医科大学,60,46739
2022,1,0X,医学影像学,A439,山东第一医科大学,175,51822
2022,1,0Y,医学影像技术,A439,山东第一医科大学,107,80640
2022,1,10,放射医学,A439,山东第一医科大学,50,56924
2022,1,12,电子信息类,A439,山东第一医科大学,105,133419
2022,1,13,临床医学,A439,山东第一医科大学,420,39698
2022,1,15,公共管理类,A439,山东第一医科大学,138,148346
2022,1,19,应用化学,A439,山东第一医科大学,40,149186
2022,1,1B,生物科学类,A439,山东第一医科大学,150,146298
2022,1,1C,外国语言文学类,A439,山东第一医科大学,99,136885
2022,1,1D,护理学类,A439,山东第一医科大学,370,139918
2022,1,1F,医学检验技术,A439,山东第一医科大学,100,69240
2022,1,1G,药学,A439,山东第一医科大学,182,110606
2022,1,1K,化工与制药类,A439,山东第一医科大学,125,142905
2022,1,1L,公共管理类(招收医疗保障方向),A439,山东第一医科大学,80,134530
2022,1,1N,眼视光学,A439,山东第一医科大学,55,71239
2022,1,1Q,智能医学工程,A439,山东第一医科大学,50,125510
2022,1,1R,高分子材料与工程,A439,山东第一医科大学,25,151369
2022,1,0E,护理学(中外合作办学),A439,山东第一医科大学,70,190498
2022,1,02,护理学类(地方专项计划),A439,山东第一医科大学,10,130304
2022,1,05,公共管理类(地方专项计划),A439,山东第一医科大学,30,154304
2022,1,0K,生物科学类(地方专项计划),A439,山东第一医科大学,30,149589
2022,1,0L,外国语言文学类(地方专项计划),A439,山东第一医科大学,30,147202
2022,1,0R,应用化学(地方专项计划),A439,山东第一医科大学,10,152516
2022,1,11,电子信息类(地方专项计划),A439,山东第一医科大学,20,140898
2022,1,17,医学技术类(地方专项计划，招收康复方向),A439,山东第一医科大学,10,123720
2022,1,1A,化工与制药类(地方专项计划),A439,山东第一医科大学,30,150135
2022,1,1S,高分子材料与工程(地方专项计划),A439,山东第一医科大学,10,155321
2022,1,0F,医学信息工程(校企合作，与大连东软教育科技合作),A439,山东第一医科大学,50,172209
2022,1,0Z,护理学(校企合作，与北京圣辅国际教育科技合作),A439,山东第一医科大学,30,155432
2022,1,1E,电子信息科学与技术(校企合作，与健康力北京医疗科技合作),A439,山东第一医科大学,50,172892
2022,1,1H,计算机科学与技术(校企合作，与青岛青软实训教育科技合作),A439,山东第一医科大学,50,153383
2022,1,1M,信息管理与信息系统(校企合作，与山东浪潮优派科技教育合作),A439,山东第一医科大学,50,174429
2022,1,02,护理学,A440,滨州医学院,227,161545
2022,1,03,听力与言语康复学,A440,滨州医学院,79,173940
2022,1,08,医学检验技术,A440,滨州医学院,75,104163
2022,1,09,康复作业治疗,A440,滨州医学院,40,165762
2022,1,0A,健康服务与管理,A440,滨州医学院,107,185479
2022,1,0B,口腔医学技术,A440,滨州医学院,20,105870
2022,1,0C,康复治疗学,A440,滨州医学院,35,144599
2022,1,0D,药学,A440,滨州医学院,176,137650
2022,1,0E,儿科学,A440,滨州医学院,50,89065
2022,1,0F,助产学,A440,滨州医学院,40,158238
2022,1,0H,中医学,A440,滨州医学院,81,104025
2022,1,0M,医学影像学,A440,滨州医学院,96,77475
2022,1,0U,口腔医学,A440,滨州医学院,76,42964
2022,1,10,信息管理与信息系统,A440,滨州医学院,142,194830
2022,1,12,康复物理治疗,A440,滨州医学院,40,168262
2022,1,13,公共事业管理,A440,滨州医学院,140,185603
2022,1,14,生物技术,A440,滨州医学院,74,169247
2022,1,15,医学影像技术,A440,滨州医学院,46,115147
2022,1,16,麻醉学,A440,滨州医学院,83,75479
2022,1,17,生物制药,A440,滨州医学院,62,156457
2022,1,18,中药学,A440,滨州医学院,72,151317
2022,1,19,临床医学,A440,滨州医学院,408,70310
2022,1,1B,中医康复学,A440,滨州医学院,40,119153
2022,1,1D,统计学,A440,滨州医学院,22,151083
2022,1,1E,假肢矫形工程,A440,滨州医学院,14,174142
2022,1,1G,预防医学,A440,滨州医学院,79,102038
2022,1,1H,应用心理学,A440,滨州医学院,98,165559
2022,1,1K,特殊教育,A440,滨州医学院,29,167733
2022,1,1L,智能医学工程,A440,滨州医学院,30,173596
2022,1,1Q,眼视光学,A440,滨州医学院,22,95112
2022,1,01,康复治疗学(中外合作办学),A440,滨州医学院,80,209188
2022,1,05,中医学(5+3一体化),A441,山东中医药大学,120,33941
2022,1,09,智能医学工程,A441,山东中医药大学,55,142253
2022,1,0A,针灸推拿学,A441,山东中医药大学,167,86173
2022,1,0B,劳动与社会保障,A441,山东中医药大学,42,147493
2022,1,0C,听力与言语康复学,A441,山东中医药大学,40,147965
2022,1,0D,药学,A441,山东中医药大学,85,112829
2022,1,0F,中医骨伤科学,A441,山东中医药大学,22,61555
2022,1,0G,法学,A441,山东中医药大学,49,111948
2022,1,0H,中西医临床医学,A441,山东中医药大学,139,80836
2022,1,0L,护理学,A441,山东中医药大学,214,142186
2022,1,0N,中医养生学,A441,山东中医药大学,85,114156
2022,1,0P,中医康复学,A441,山东中医药大学,55,98258
2022,1,0Q,制药工程,A441,山东中医药大学,127,141039
2022,1,0R,应用心理学,A441,山东中医药大学,82,120353
2022,1,0S,中药学,A441,山东中医药大学,77,112138
2022,1,0U,公共事业管理,A441,山东中医药大学,38,139249
2022,1,0V,健康服务与管理,A441,山东中医药大学,39,147937
2022,1,0X,中医学(5+3一体化，针推方向),A441,山东中医药大学,30,39067
2022,1,0Z,市场营销,A441,山东中医药大学,54,154504
2022,1,11,中草药栽培与鉴定,A441,山东中医药大学,23,145731
2022,1,13,药物制剂,A441,山东中医药大学,50,125128
2022,1,14,中药资源与开发,A441,山东中医药大学,21,135710
2022,1,19,信息管理与信息系统,A441,山东中医药大学,31,151296
2022,1,1B,英语,A441,山东中医药大学,110,124149
2022,1,1C,运动康复,A441,山东中医药大学,50,144428
2022,1,1D,康复作业治疗,A441,山东中医药大学,40,145830
2022,1,1F,食品卫生与营养学,A441,山东中医药大学,60,142043
2022,1,1G,眼视光学,A441,山东中医药大学,50,101798
2022,1,1J,临床医学,A441,山东中医药大学,95,71689
2022,1,1L,眼视光医学,A441,山东中医药大学,71,74753
2022,1,1M,生物医学工程,A441,山东中医药大学,100,147538
2022,1,1P,中医学,A441,山东中医药大学,124,54161
2022,1,1Y,康复物理治疗,A441,山东中医药大学,45,147816
2022,1,1Z,中医学(5+3一体化，儿科方向),A441,山东中医药大学,30,41676
2022,1,22,康复治疗学,A441,山东中医药大学,38,121378
2022,1,17,眼视光学(中外合作办学),A441,山东中医药大学,67,190330
2022,1,02,药学(地方专项计划),A441,山东中医药大学,5,112899
2022,1,06,中医学(地方专项计划),A441,山东中医药大学,10,59452
2022,1,07,市场营销(地方专项计划),A441,山东中医药大学,5,155135
2022,1,08,制药工程(地方专项计划),A441,山东中医药大学,10,128300
2022,1,0E,信息管理与信息系统(地方专项计划),A441,山东中医药大学,10,154934
2022,1,0W,眼视光医学(地方专项计划),A441,山东中医药大学,5,75275
2022,1,10,中药学(地方专项计划),A441,山东中医药大学,10,112965
2022,1,15,公共事业管理(地方专项计划),A441,山东中医药大学,5,137221
2022,1,16,康复治疗学(地方专项计划),A441,山东中医药大学,10,124606
2022,1,18,生物医学工程(地方专项计划),A441,山东中医药大学,10,132882
2022,1,1A,健康服务与管理(地方专项计划),A441,山东中医药大学,5,148179
2022,1,1E,劳动与社会保障(地方专项计划),A441,山东中医药大学,5,141205
2022,1,1N,应用心理学(地方专项计划),A441,山东中医药大学,5,119960
2022,1,1Q,中西医临床医学(地方专项计划),A441,山东中医药大学,10,82358
2022,1,1R,护理学(地方专项计划),A441,山东中医药大学,15,142911
2022,1,1U,中医养生学(地方专项计划),A441,山东中医药大学,10,114321
2022,1,1V,临床医学(地方专项计划),A441,山东中医药大学,5,63520
2022,1,1W,中草药栽培与鉴定(地方专项计划),A441,山东中医药大学,10,159610
2022,1,23,针灸推拿学(地方专项计划),A441,山东中医药大学,10,91671
2022,1,25,中药资源与开发(地方专项计划),A441,山东中医药大学,10,148861
2022,1,26,运动康复(地方专项计划),A441,山东中医药大学,5,134841
2022,1,01,计算机科学与技术(校企合作，与山东浪潮优派科技教育合作),A441,山东中医药大学,110,172735
2022,1,1S,数据科学与大数据技术(校企合作，与山东浪潮优派科技教育合作),A441,山东中医药大学,110,177239
2022,1,04,信息管理与信息系统,A443,济宁医学院,43,190119
2022,1,05,医学影像学,A443,济宁医学院,72,86969
2022,1,07,制药工程,A443,济宁医学院,40,166283
2022,1,09,法医学,A443,济宁医学院,25,110321
2022,1,0A,生物医学工程,A443,济宁医学院,44,172373
2022,1,0B,预防医学,A443,济宁医学院,52,115699
2022,1,0F,针灸推拿学,A443,济宁医学院,72,118040
2022,1,0H,市场营销,A443,济宁医学院,37,190260
2022,1,0K,护理学,A443,济宁医学院,181,164886
2022,1,0L,临床药学,A443,济宁医学院,40,123655
2022,1,0M,公共事业管理,A443,济宁医学院,47,185388
2022,1,0P,医学检验技术,A443,济宁医学院,103,121076
2022,1,0Q,生物信息学,A443,济宁医学院,30,178468
2022,1,0R,食品质量与安全,A443,济宁医学院,11,157939
2022,1,0S,中药学,A443,济宁医学院,23,147083
2022,1,0T,应用心理学,A443,济宁医学院,29,163347
2022,1,0U,药学,A443,济宁医学院,62,149316
2022,1,0V,生物工程,A443,济宁医学院,43,176229
2022,1,0W,临床医学,A443,济宁医学院,440,93599
2022,1,0Y,卫生检验与检疫,A443,济宁医学院,26,133263
2022,1,10,英语,A443,济宁医学院,58,166934
2022,1,11,生物技术,A443,济宁医学院,35,173047
2022,1,14,药物制剂,A443,济宁医学院,71,171908
2022,1,15,康复治疗学,A443,济宁医学院,83,147119
2022,1,16,医学信息工程,A443,济宁医学院,44,178995
2022,1,17,生物制药,A443,济宁医学院,41,166865
2022,1,19,中西医临床医学,A443,济宁医学院,45,103496
2022,1,1A,计算机科学与技术,A443,济宁医学院,46,174224
2022,1,1B,儿科学,A443,济宁医学院,45,100402
2022,1,1D,精神医学,A443,济宁医学院,54,110546
2022,1,1E,口腔医学,A443,济宁医学院,60,56470
2022,1,1G,助产学,A443,济宁医学院,33,161355
2022,1,1J,康复工程,A443,济宁医学院,40,177770
2022,1,01,英语(校企合作，与青岛英谷教育科技股份有限公司合作),A443,济宁医学院,40,189937
2022,1,06,市场营销(校企合作，与山东开创集团股份有限公司合作),A443,济宁医学院,40,202753
2022,1,08,计算机科学与技术(校企合作，与青岛英谷教育科技股份有限公司合作),A443,济宁医学院,80,210182
2022,1,0N,护理学(校企合作，与水发民生产业投资集团有限公司合作),A443,济宁医学院,50,174123
2022,1,1F,药学(校企合作，与泰智育仁北京医药科技发展有限公司合作),A443,济宁医学院,40,178421
2022,1,1H,计算机科学与技术(校企合作，与淄博开创盛世网络有限公司合作),A443,济宁医学院,40,211388
2022,1,01,法学,A445,山东师范大学,120,37071
2022,1,04,数学与应用数学(师范类),A445,山东师范大学,175,34460
2022,1,06,历史学(师范类),A445,山东师范大学,150,35597
2022,1,0A,新闻传播学类,A445,山东师范大学,75,41114
2022,1,0E,中国语言文学类,A445,山东师范大学,245,31114
2022,1,0H,思想政治教育(师范类),A445,山东师范大学,110,31086
2022,1,0N,物理学(师范类),A445,山东师范大学,120,38979
2022,1,0Q,环境科学,A445,山东师范大学,8,46723
2022,1,0X,哲学,A445,山东师范大学,18,39108
2022,1,11,汉语国际教育(师范类),A445,山东师范大学,60,41270
2022,1,1E,信息管理与信息系统,A445,山东师范大学,5,39404
2022,1,1G,外国语言文学类,A445,山东师范大学,280,41908
2022,1,1N,小学教育(师范类),A445,山东师范大学,36,39175
2022,1,1Q,心理学类,A445,山东师范大学,50,46266
2022,1,1R,生物科学类,A445,山东师范大学,140,43820
2022,1,1S,计算机类,A445,山东师范大学,125,40960
2022,1,29,人工智能,A445,山东师范大学,10,41329
2022,1,2B,公共管理类,A445,山东师范大学,25,45467
2022,1,2L,统计学,A445,山东师范大学,12,38419
2022,1,2N,数据科学与大数据技术,A445,山东师范大学,16,40669
2022,1,2S,地理科学类,A445,山东师范大学,140,42155
2022,1,2T,金融学类,A445,山东师范大学,60,46422
2022,1,2U,中国共产党历史,A445,山东师范大学,4,33294
2022,1,30,食品科学与工程,A445,山东师范大学,8,45131
2022,1,35,教育技术学(师范类),A445,山东师范大学,10,41603
2022,1,37,工商管理类,A445,山东师范大学,30,45273
2022,1,3B,化学工程与工艺,A445,山东师范大学,12,43011
2022,1,3V,电子信息类,A445,山东师范大学,25,42313
2022,1,3W,化学(师范类),A445,山东师范大学,205,40031
2022,1,3Z,教育学(师范类),A445,山东师范大学,33,36119
2022,1,41,通信工程,A445,山东师范大学,12,40589
2022,1,0B,物流管理(中外合作办学),A445,山东师范大学,65,114162
2022,1,3X,财务管理(中外合作办学),A445,山东师范大学,90,87511
2022,1,08,学前教育(师范类，地方专项计划),A445,山东师范大学,8,57866
2022,1,0C,工商管理类(地方专项计划),A445,山东师范大学,10,51798
2022,1,0J,思想政治教育(师范类，地方专项计划),A445,山东师范大学,6,33554
2022,1,0K,信息管理与信息系统(地方专项计划),A445,山东师范大学,6,49602
2022,1,0U,法学(地方专项计划),A445,山东师范大学,8,38083
2022,1,0V,环境科学(地方专项计划),A445,山东师范大学,6,56788
2022,1,0Z,中国共产党历史(地方专项计划),A445,山东师范大学,6,42827
2022,1,15,心理学类(地方专项计划),A445,山东师范大学,8,51111
2022,1,17,教育技术学(师范类，地方专项计划),A445,山东师范大学,3,45024
2022,1,1D,新闻传播学类(地方专项计划),A445,山东师范大学,5,42538
2022,1,1J,化学(师范类，地方专项计划),A445,山东师范大学,2,35586
2022,1,1K,哲学(地方专项计划),A445,山东师范大学,4,44196
2022,1,1P,计算机类(地方专项计划),A445,山东师范大学,8,42728
2022,1,1U,公共管理类(地方专项计划),A445,山东师范大学,12,56111
2022,1,1W,中国语言文学类(地方专项计划),A445,山东师范大学,7,33180
2022,1,1X,数学与应用数学(师范类，地方专项计划),A445,山东师范大学,2,34919
2022,1,1Z,汉语国际教育(师范类，地方专项计划),A445,山东师范大学,5,42667
2022,1,21,通信工程(地方专项计划),A445,山东师范大学,8,46974
2022,1,2A,国际经济与贸易(地方专项计划),A445,山东师范大学,3,52942
2022,1,2E,电子信息类(地方专项计划),A445,山东师范大学,12,49659
2022,1,2P,金融学(地方专项计划),A445,山东师范大学,8,49351
2022,1,2Y,人工智能(地方专项计划),A445,山东师范大学,6,46685
2022,1,31,数据科学与大数据技术(地方专项计划),A445,山东师范大学,6,45770
2022,1,36,地理科学类(地方专项计划),A445,山东师范大学,15,44958
2022,1,39,历史学(师范类，地方专项计划),A445,山东师范大学,6,36571
2022,1,3D,化学工程与工艺(地方专项计划),A445,山东师范大学,7,53950
2022,1,3K,物理学(师范类，地方专项计划),A445,山东师范大学,6,40510
2022,1,3M,生物科学类(地方专项计划),A445,山东师范大学,8,45282
2022,1,3S,食品科学与工程(地方专项计划),A445,山东师范大学,3,48316
2022,1,43,统计学(地方专项计划),A445,山东师范大学,6,46453
2022,1,01,物理学(师范类),A446,曲阜师范大学,248,74020
2022,1,05,化学工程与工艺,A446,曲阜师范大学,41,104193
2022,1,07,地理科学(师范类),A446,曲阜师范大学,177,64530
2022,1,08,信息与计算科学,A446,曲阜师范大学,17,89467
2022,1,0A,汉语言文学(师范类),A446,曲阜师范大学,218,47441
2022,1,0C,哲学,A446,曲阜师范大学,48,79791
2022,1,0D,数据科学与大数据技术,A446,曲阜师范大学,54,85738
2022,1,0E,旅游管理,A446,曲阜师范大学,30,108730
2022,1,0F,生物工程,A446,曲阜师范大学,29,83144
2022,1,0G,统计学,A446,曲阜师范大学,98,91478
2022,1,0K,光电信息科学与工程,A446,曲阜师范大学,24,101729
2022,1,0N,通信工程,A446,曲阜师范大学,20,92571
2022,1,0P,应用统计学,A446,曲阜师范大学,34,94804
2022,1,0T,政治学与行政学,A446,曲阜师范大学,65,79878
2022,1,0U,自动化,A446,曲阜师范大学,64,102067
2022,1,0X,教育学(师范类),A446,曲阜师范大学,65,64070
2022,1,0Z,数学与应用数学(师范类),A446,曲阜师范大学,270,60545
2022,1,10,土地资源管理,A446,曲阜师范大学,22,91458
2022,1,15,文化产业管理,A446,曲阜师范大学,26,88783
2022,1,17,翻译,A446,曲阜师范大学,73,86340
2022,1,1C,新能源材料与器件,A446,曲阜师范大学,9,100891
2022,1,1G,思想政治教育(师范类),A446,曲阜师范大学,142,55072
2022,1,1P,电子信息工程,A446,曲阜师范大学,29,89289
2022,1,1Q,生态学,A446,曲阜师范大学,36,102192
2022,1,1R,英语(师范类),A446,曲阜师范大学,141,49820
2022,1,1V,人工智能,A446,曲阜师范大学,52,96321
2022,1,1W,物流管理,A446,曲阜师范大学,22,102559
2022,1,1X,国际经济与贸易,A446,曲阜师范大学,64,100253
2022,1,1Y,网络工程,A446,曲阜师范大学,29,97678
2022,1,24,金融工程,A446,曲阜师范大学,62,95196
2022,1,25,生物科学(师范类),A446,曲阜师范大学,241,65832
2022,1,26,日语(师范类),A446,曲阜师范大学,77,87155
2022,1,28,制药工程,A446,曲阜师范大学,18,100431
2022,1,29,文物与博物馆学,A446,曲阜师范大学,32,80399
2022,1,2A,法语,A446,曲阜师范大学,28,86866
2022,1,2B,历史学(师范类),A446,曲阜师范大学,222,58099
2022,1,2D,广播电视学,A446,曲阜师范大学,48,86381
2022,1,2E,经济学,A446,曲阜师范大学,112,85661
2022,1,2H,新闻学,A446,曲阜师范大学,84,73938
2022,1,2M,商务英语,A446,曲阜师范大学,89,83596
2022,1,2N,计算机科学与技术(师范类),A446,曲阜师范大学,103,81186
2022,1,2Q,材料化学,A446,曲阜师范大学,30,99851
2022,1,2T,网络空间安全,A446,曲阜师范大学,41,96892
2022,1,2V,心理学(师范类),A446,曲阜师范大学,85,72624
2022,1,31,汉语国际教育(师范类),A446,曲阜师范大学,46,60011
2022,1,32,法学,A446,曲阜师范大学,90,63794
2022,1,33,学前教育(师范类),A446,曲阜师范大学,60,83285
2022,1,36,工商管理,A446,曲阜师范大学,73,95121
2022,1,3A,小学教育(师范类),A446,曲阜师范大学,106,68681
2022,1,3B,财务管理,A446,曲阜师范大学,99,88481
2022,1,3D,俄语,A446,曲阜师范大学,27,93619
2022,1,3E,化学(师范类),A446,曲阜师范大学,242,70064
2022,1,3K,电气工程及其自动化,A446,曲阜师范大学,33,90792
2022,1,3L,物联网工程,A446,曲阜师范大学,15,95584
2022,1,3M,教育技术学(师范类),A446,曲阜师范大学,82,81529
2022,1,0B,土地资源管理(地方专项计划),A446,曲阜师范大学,10,99101
2022,1,0H,教育学(师范类，地方专项计划),A446,曲阜师范大学,10,67641
2022,1,13,制药工程(地方专项计划),A446,曲阜师范大学,10,105982
2022,1,16,汉语言文学(师范类，地方专项计划),A446,曲阜师范大学,10,48773
2022,1,18,通信工程(地方专项计划),A446,曲阜师范大学,10,100924
2022,1,1A,历史学(师范类，地方专项计划),A446,曲阜师范大学,10,55733
2022,1,1D,网络工程(地方专项计划),A446,曲阜师范大学,10,103277
2022,1,1J,旅游管理(地方专项计划),A446,曲阜师范大学,10,121949
2022,1,1M,生物工程(地方专项计划),A446,曲阜师范大学,10,92875
2022,1,1S,计算机科学与技术(师范类，地方专项计划),A446,曲阜师范大学,10,82743
2022,1,1U,政治学与行政学(地方专项计划),A446,曲阜师范大学,10,82816
2022,1,22,信息与计算科学(地方专项计划),A446,曲阜师范大学,10,96872
2022,1,2K,物联网工程(地方专项计划),A446,曲阜师范大学,10,103452
2022,1,2W,物流管理(地方专项计划),A446,曲阜师范大学,10,114623
2022,1,2X,心理学(师范类，地方专项计划),A446,曲阜师范大学,10,77734
2022,1,39,新能源材料与器件(地方专项计划),A446,曲阜师范大学,10,113211
2022,1,3C,教育技术学(师范类，地方专项计划),A446,曲阜师范大学,10,84265
2022,1,3J,电气工程及其自动化(地方专项计划),A446,曲阜师范大学,10,98080
2022,1,20,电气工程及其自动化(校企合作，与歌尔股份有限公司合作),A446,曲阜师范大学,100,147447
2022,1,2R,自动化(校企合作，与歌尔股份有限公司合作),A446,曲阜师范大学,100,153616
2022,1,2S,软件工程(校企合作，与北京优炫软件股份有限公司合作),A446,曲阜师范大学,190,138958
2022,1,01,机械设计制造及其自动化,A447,聊城大学,68,151054
2022,1,04,广播电视学,A447,聊城大学,71,126607
2022,1,0A,食品科学与工程,A447,聊城大学,75,153562
2022,1,0D,新能源材料与器件,A447,聊城大学,60,165318
2022,1,0K,地理科学(师范类),A447,聊城大学,78,95436
2022,1,0M,经济学,A447,聊城大学,94,126865
2022,1,0N,高分子材料与工程,A447,聊城大学,52,167081
2022,1,0Q,西班牙语,A447,聊城大学,30,141745
2022,1,0R,环境科学,A447,聊城大学,80,162624
2022,1,0U,园林,A447,聊城大学,56,160063
2022,1,0W,植物保护,A447,聊城大学,40,163296
2022,1,0X,外国语言与外国历史,A447,聊城大学,40,127154
2022,1,0Z,物理学(师范类),A447,聊城大学,119,117345
2022,1,10,数学与应用数学(师范类),A447,聊城大学,147,108055
2022,1,11,人力资源管理,A447,聊城大学,67,131940
2022,1,12,应用心理学,A447,聊城大学,25,118602
2022,1,13,园艺,A447,聊城大学,30,163300
2022,1,15,光电信息科学与工程,A447,聊城大学,35,143026
2022,1,17,应用化学,A447,聊城大学,62,149574
2022,1,18,质量管理工程,A447,聊城大学,21,142844
2022,1,19,教育技术学(师范类),A447,聊城大学,50,117825
2022,1,1A,英语(师范类),A447,聊城大学,128,88933
2022,1,1C,建筑学,A447,聊城大学,33,137736
2022,1,1E,制药工程,A447,聊城大学,30,149451
2022,1,1G,会计学,A447,聊城大学,104,116962
2022,1,1K,动物医学,A447,聊城大学,65,152797
2022,1,1M,生物制药,A447,聊城大学,138,158119
2022,1,1N,软件工程,A447,聊城大学,68,126738
2022,1,1P,工商管理,A447,聊城大学,59,125761
2022,1,1Q,通信工程,A447,聊城大学,108,138127
2022,1,1T,汉语言文学(师范类),A447,聊城大学,243,87000
2022,1,1U,法学,A447,聊城大学,109,107482
2022,1,1W,车辆工程,A447,聊城大学,94,160702
2022,1,1X,智慧农业,A447,聊城大学,19,155659
2022,1,1Y,土木工程,A447,聊城大学,121,165598
2022,1,22,计算机科学与技术,A447,聊城大学,65,121276
2022,1,24,机械电子工程,A447,聊城大学,70,155878
2022,1,26,标准化工程,A447,聊城大学,30,148282
2022,1,28,知识产权,A447,聊城大学,80,126698
2022,1,2E,生物工程,A447,聊城大学,83,159255
2022,1,2F,生物科学(师范类),A447,聊城大学,167,105739
2022,1,2G,小学教育(师范类),A447,聊城大学,77,97358
2022,1,2H,化学(师范类),A447,聊城大学,141,105976
2022,1,2J,教育学(师范类),A447,聊城大学,43,98962
2022,1,2K,旅游管理,A447,聊城大学,59,152375
2022,1,2N,日语,A447,聊城大学,27,131051
2022,1,2T,历史学(师范类),A447,聊城大学,135,95245
2022,1,2V,护理学,A447,聊城大学,75,150378
2022,1,2W,汉语国际教育,A447,聊城大学,40,109681
2022,1,2X,政治学、经济学与哲学,A447,聊城大学,66,128554
2022,1,2Y,药学,A447,聊城大学,75,142479
2022,1,2Z,金融工程,A447,聊城大学,40,132126
2022,1,30,化学工程与工艺,A447,聊城大学,115,162571
2022,1,3A,行政管理,A447,聊城大学,61,132681
2022,1,3D,地理信息科学,A447,聊城大学,96,131109
2022,1,3H,哲学,A447,聊城大学,35,119700
2022,1,3J,动物科学,A447,聊城大学,67,164631
2022,1,3M,材料科学与工程,A447,聊城大学,49,169875
2022,1,3N,电子信息工程,A447,聊城大学,63,133578
2022,1,3P,思想政治教育(师范类),A447,聊城大学,115,90896
2022,1,3U,金属材料工程,A447,聊城大学,38,171797
2022,1,3Z,口腔医学技术,A447,聊城大学,69,130284
2022,1,02,政治学、经济学与哲学(地方专项计划),A447,聊城大学,5,114407
2022,1,08,生物工程(地方专项计划),A447,聊城大学,10,157871
2022,1,0B,制药工程(地方专项计划),A447,聊城大学,5,149994
2022,1,0C,材料科学与工程(地方专项计划),A447,聊城大学,10,174001
2022,1,0F,药学(地方专项计划),A447,聊城大学,5,135830
2022,1,0S,土木工程(地方专项计划),A447,聊城大学,10,163407
2022,1,0T,会计学(地方专项计划),A447,聊城大学,5,117094
2022,1,1S,新能源材料与器件(地方专项计划),A447,聊城大学,10,170967
2022,1,1Z,金属材料工程(地方专项计划),A447,聊城大学,20,181233
2022,1,23,园林(地方专项计划),A447,聊城大学,10,168153
2022,1,25,动物科学(地方专项计划),A447,聊城大学,10,168290
2022,1,2A,建筑学(地方专项计划),A447,聊城大学,5,141526
2022,1,2M,法学(地方专项计划),A447,聊城大学,5,108924
2022,1,2Q,生物制药(地方专项计划),A447,聊城大学,10,156020
2022,1,31,智慧农业(地方专项计划),A447,聊城大学,10,161687
2022,1,33,哲学(地方专项计划),A447,聊城大学,5,130764
2022,1,34,口腔医学技术(地方专项计划),A447,聊城大学,5,130600
2022,1,35,质量管理工程(地方专项计划),A447,聊城大学,5,147795
2022,1,3F,动物医学(地方专项计划),A447,聊城大学,10,157621
2022,1,3G,园艺(地方专项计划),A447,聊城大学,10,167965
2022,1,3W,地理信息科学(地方专项计划),A447,聊城大学,5,118544
2022,1,3Y,高分子材料与工程(地方专项计划),A447,聊城大学,10,173529
2022,1,07,软件工程(校企合作，与青软实训教育科技公司合作),A447,聊城大学,80,164470
2022,1,0J,机械电子工程(校企合作，与青岛英谷教育科技公司合作),A447,聊城大学,20,177462
2022,1,1D,机械设计制造及其自动化(校企合作，与青岛英谷教育科技公司合作),A447,聊城大学,20,173632
2022,1,1F,数据科学与大数据技术(校企合作，与浪潮集团有限公司合作),A447,聊城大学,80,171956
2022,1,1R,人工智能(校企合作，与浪潮集团有限公司合作),A447,聊城大学,80,173009
2022,1,1V,电子信息工程(校企合作，与青软实训教育科技公司合作),A447,聊城大学,160,177909
2022,1,2D,日语(校企合作，与青软实训教育科技公司合作),A447,聊城大学,40,168616
2022,1,3C,网络工程(校企合作，与浪潮集团有限公司合作),A447,聊城大学,80,174106
2022,1,3L,金融工程(校企合作，与青岛英谷教育科技公司合作),A447,聊城大学,40,160042
2022,1,02,风景园林,A448,德州学院,5,172238
2022,1,03,工商管理,A448,德州学院,40,173470
2022,1,07,商务英语,A448,德州学院,80,174470
2022,1,08,车辆工程,A448,德州学院,40,204516
2022,1,0C,生物制药,A448,德州学院,40,177211
2022,1,0D,小学教育(师范类),A448,德州学院,18,138970
2022,1,0G,学前教育(师范类),A448,德州学院,29,154414
2022,1,0H,汉语言文学(师范类),A448,德州学院,140,136640
2022,1,0K,国际经济与贸易,A448,德州学院,40,185275
2022,1,0L,护理学,A448,德州学院,85,170284
2022,1,0N,生物科学(师范类),A448,德州学院,70,155447
2022,1,0S,机械设计制造及其自动化,A448,德州学院,80,200116
2022,1,0T,英语(师范类),A448,德州学院,84,142202
2022,1,0U,网络工程,A448,德州学院,40,193081
2022,1,0X,物理学(师范类),A448,德州学院,100,176648
2022,1,0Y,地理科学(师范类),A448,德州学院,110,152413
2022,1,0Z,行政管理,A448,德州学院,25,171560
2022,1,10,能源与动力工程,A448,德州学院,20,182289
2022,1,11,服装设计与工程,A448,德州学院,45,193978
2022,1,13,法学,A448,德州学院,90,151603
2022,1,14,化学(师范类),A448,德州学院,80,162770
2022,1,19,环境工程,A448,德州学院,65,190229
2022,1,1B,化学工程与工艺,A448,德州学院,36,184144
2022,1,1E,会计学,A448,德州学院,145,167826
2022,1,1F,新闻学,A448,德州学院,5,150697
2022,1,1G,俄语,A448,德州学院,28,187700
2022,1,1H,人工智能,A448,德州学院,40,195322
2022,1,1K,市场营销(数字营销),A448,德州学院,40,192728
2022,1,1P,食品质量与安全,A448,德州学院,35,179125
2022,1,1S,思想政治教育(师范类),A448,德州学院,69,141977
2022,1,1Y,电子信息工程,A448,德州学院,82,194668
2022,1,1Z,电气工程及其自动化,A448,德州学院,75,188934
2022,1,22,智能制造工程,A448,德州学院,40,198333
2022,1,23,人文地理与城乡规划,A448,德州学院,13,168022
2022,1,24,国际经济与贸易(数字贸易),A448,德州学院,40,189638
2022,1,25,制药工程,A448,德州学院,15,177969
2022,1,26,物联网工程,A448,德州学院,69,193384
2022,1,27,数学与应用数学(师范类),A448,德州学院,105,160929
2022,1,05,化学(中外合作办学),A448,德州学院,100,228581
2022,1,0Q,能源与动力工程(中外合作办学),A448,德州学院,120,226327
2022,1,0W,生物技术(中外合作办学),A448,德州学院,80,218778
2022,1,1J,食品质量与安全(中外合作办学),A448,德州学院,80,221651
2022,1,1Q,生物科学(中外合作办学),A448,德州学院,40,220084
2022,1,0B,计算机科学与技术(校企合作，与浪潮集团有限公司合作),A448,德州学院,70,210316
2022,1,15,软件工程(校企合作，与青软实训教育科技股份公司合作),A448,德州学院,180,221598
2022,1,1L,物联网工程(校企合作，与山东中兴教育咨询有限公司合作),A448,德州学院,100,219152
2022,1,1M,数据科学与大数据技术(校企合作，与青软实训教育科技股份公司合作),A448,德州学院,180,221192
2022,1,02,交通工程,A449,滨州学院,56,195540
2022,1,04,数学与应用数学(师范类),A449,滨州学院,65,154423
2022,1,0A,人工智能,A449,滨州学院,25,189346
2022,1,0B,交通运输(民航机务工程方向，男生),A449,滨州学院,120,213267
2022,1,0D,历史学(师范类),A449,滨州学院,42,132354
2022,1,0E,数据科学与大数据技术,A449,滨州学院,21,182339
2022,1,0M,经济统计学,A449,滨州学院,32,175578
2022,1,0N,建筑学,A449,滨州学院,27,176246
2022,1,0P,飞行器适航技术(男生),A449,滨州学院,20,211214
2022,1,0U,飞行器设计与工程,A449,滨州学院,40,203824
2022,1,0V,物流工程(航空物流方向),A449,滨州学院,40,193914
2022,1,0W,税收学,A449,滨州学院,17,170483
2022,1,10,航空航天工程,A449,滨州学院,31,204231
2022,1,11,自动化,A449,滨州学院,52,187874
2022,1,14,汉语言文学(师范类),A449,滨州学院,32,116970
2022,1,17,环境工程,A449,滨州学院,77,191919
2022,1,18,化学工程与工艺,A449,滨州学院,57,190449
2022,1,19,机械设计制造及其自动化,A449,滨州学院,63,195861
2022,1,1D,商务英语,A449,滨州学院,30,164414
2022,1,1E,飞行器制造工程,A449,滨州学院,21,203180
2022,1,1G,机器人工程,A449,滨州学院,27,192187
2022,1,1H,小学教育(师范类),A449,滨州学院,38,139188
2022,1,1K,城乡规划,A449,滨州学院,20,173691
2022,1,1N,生物制药,A449,滨州学院,33,175173
2022,1,1R,生物科学类,A449,滨州学院,100,184572
2022,1,1S,思想政治教育(师范类),A449,滨州学院,57,136055
2022,1,1T,电子信息工程,A449,滨州学院,30,183119
2022,1,1X,无人驾驶航空器系统工程,A449,滨州学院,33,206497
2022,1,20,应用化学,A449,滨州学院,32,180670
2022,1,22,英语(师范类),A449,滨州学院,29,120765
2022,1,23,安全工程,A449,滨州学院,50,200787
2022,1,24,食品质量与安全,A449,滨州学院,35,178482
2022,1,2A,物联网工程,A449,滨州学院,20,181453
2022,1,2B,电气工程及其自动化,A449,滨州学院,42,182048
2022,1,2C,高分子材料与工程,A449,滨州学院,35,190967
2022,1,2D,市场营销,A449,滨州学院,40,191882
2022,1,2E,土木工程,A449,滨州学院,65,198617
2022,1,2J,飞行器动力工程,A449,滨州学院,27,206025
2022,1,2M,光电信息科学与工程,A449,滨州学院,17,196098
2022,1,2Q,交通运输(空管与签派方向，男生),A449,滨州学院,31,206157
2022,1,34,学前教育(师范类),A449,滨州学院,28,159976
2022,1,35,财务管理,A449,滨州学院,65,169613
2022,1,0S,交通运输(中外合作办学),A449,滨州学院,100,229268
2022,1,2H,飞行器制造工程(中外合作办学),A449,滨州学院,40,233349
2022,1,09,计算机科学与技术(校企合作，与青软实训教育科技有限公司合作),A449,滨州学院,80,209329
2022,1,12,市场营销(校企合作，与中软创新国际信息研究院合作),A449,滨州学院,40,204072
2022,1,1U,通信工程(校企合作，与山东中兴教育咨询有限公司合作),A449,滨州学院,60,217681
2022,1,2Z,电子信息工程(校企合作，与山东华兴教育科技有限公司合作),A449,滨州学院,100,218052
2022,1,01,水产养殖学,A451,鲁东大学,46,151672
2022,1,02,土木工程,A451,鲁东大学,255,155529
2022,1,03,电气工程及其自动化,A451,鲁东大学,68,104618
2022,1,06,港口航道与海岸工程,A451,鲁东大学,54,145294
2022,1,07,物流工程,A451,鲁东大学,66,134595
2022,1,0A,通信工程,A451,鲁东大学,68,115474
2022,1,0B,统计学,A451,鲁东大学,63,107355
2022,1,0E,小学教育(师范类),A451,鲁东大学,94,81453
2022,1,0J,材料类,A451,鲁东大学,116,145075
2022,1,0R,汉语言,A451,鲁东大学,61,81340
2022,1,11,新能源材料与器件,A451,鲁东大学,62,132678
2022,1,13,传播学,A451,鲁东大学,29,93751
2022,1,15,广告学,A451,鲁东大学,36,99058
2022,1,16,生物制药,A451,鲁东大学,62,123565
2022,1,18,法学,A451,鲁东大学,119,83423
2022,1,1D,财务管理,A451,鲁东大学,55,95659
2022,1,1K,地理信息科学,A451,鲁东大学,62,101756
2022,1,1L,光电信息科学与工程,A451,鲁东大学,64,124473
2022,1,1P,计算机科学与技术,A451,鲁东大学,71,90693
2022,1,1R,思想政治教育(师范类),A451,鲁东大学,131,81726
2022,1,1S,地理科学(师范类),A451,鲁东大学,118,85319
2022,1,1T,化学(师范类),A451,鲁东大学,96,88947
2022,1,1U,农学,A451,鲁东大学,52,140893
2022,1,1W,社会工作,A451,鲁东大学,60,118787
2022,1,1X,朝鲜语,A451,鲁东大学,44,140144
2022,1,1Y,人工智能,A451,鲁东大学,71,114477
2022,1,21,机械类,A451,鲁东大学,144,132502
2022,1,22,生物科学(师范类),A451,鲁东大学,95,85061
2022,1,23,旅游管理,A451,鲁东大学,60,140143
2022,1,27,英语(师范类),A451,鲁东大学,260,77927
2022,1,2A,物理学(师范类),A451,鲁东大学,102,95299
2022,1,2C,化学工程与工艺,A451,鲁东大学,60,134300
2022,1,2D,汉语言文学(师范类),A451,鲁东大学,106,62583
2022,1,2E,历史学(师范类),A451,鲁东大学,125,78956
2022,1,2G,生物工程,A451,鲁东大学,59,122640
2022,1,2P,环境工程,A451,鲁东大学,60,132507
2022,1,2R,食品科学与工程,A451,鲁东大学,117,136464
2022,1,2S,日语,A451,鲁东大学,43,114759
2022,1,2T,经济学,A451,鲁东大学,59,98536
2022,1,2U,软件工程,A451,鲁东大学,69,99865
2022,1,2Y,国际经济与贸易,A451,鲁东大学,50,106196
2022,1,2Z,应用心理学,A451,鲁东大学,62,97667
2022,1,32,数学与应用数学(师范类),A451,鲁东大学,146,89047
2022,1,33,园艺,A451,鲁东大学,60,146966
2022,1,34,心理学(师范类),A451,鲁东大学,88,101009
2022,1,38,能源与动力工程,A451,鲁东大学,62,127027
2022,1,3C,汉语国际教育,A451,鲁东大学,62,94617
2022,1,0V,电气工程及其自动化(中外合作办学)(中韩合作),A451,鲁东大学,110,207069
2022,1,0X,生物科学(中外合作办学)(中美合作),A451,鲁东大学,80,195230
2022,1,10,机械设计制造及其自动化(中外合作办学)(中韩合作),A451,鲁东大学,110,219767
2022,1,24,船舶与海洋工程(中外合作办学)(中韩合作),A451,鲁东大学,80,227641
2022,1,2N,葡萄与葡萄酒工程(中外合作办学)(中意合作),A451,鲁东大学,80,222085
2022,1,06,汉语言文学(师范类，非西藏生源定向西藏就业),A452,临沂大学,10,129661
2022,1,08,统计学,A452,临沂大学,40,131665
2022,1,09,建筑学,A452,临沂大学,50,139740
2022,1,0C,应用化学,A452,临沂大学,40,147262
2022,1,0H,通信工程,A452,临沂大学,92,142095
2022,1,0L,旅游管理,A452,临沂大学,18,147104
2022,1,0M,生物技术,A452,临沂大学,29,146399
2022,1,0N,西班牙语,A452,临沂大学,15,147638
2022,1,0P,中药学,A452,临沂大学,26,139881
2022,1,0S,人文地理与城乡规划,A452,临沂大学,16,131130
2022,1,0W,医学检验技术,A452,临沂大学,51,131705
2022,1,0X,制药工程,A452,临沂大学,25,145220
2022,1,10,软件工程,A452,临沂大学,92,131752
2022,1,13,医学影像技术,A452,临沂大学,54,133790
2022,1,15,数学与应用数学(师范类),A452,临沂大学,85,115143
2022,1,19,应用心理学(师范类),A452,临沂大学,45,120262
2022,1,1C,商务英语,A452,临沂大学,30,112565
2022,1,1D,思想政治教育(师范类),A452,临沂大学,31,92197
2022,1,1F,数据科学与大数据技术,A452,临沂大学,37,128212
2022,1,1G,小学教育(师范类),A452,临沂大学,151,105038
2022,1,1J,新能源材料与器件,A452,临沂大学,46,158225
2022,1,1K,材料科学与工程,A452,临沂大学,90,161458
2022,1,1Q,计算机科学与技术(师范类),A452,临沂大学,94,128109
2022,1,1S,化学工程与工艺,A452,临沂大学,49,156097
2022,1,1T,汉语国际教育(师范类),A452,临沂大学,45,106276
2022,1,1U,新闻学,A452,临沂大学,46,108472
2022,1,1W,自动化类,A452,临沂大学,58,144468
2022,1,21,工商管理,A452,临沂大学,27,127907
2022,1,23,俄语,A452,临沂大学,18,141765
2022,1,26,汉语言文学(师范类),A452,临沂大学,41,82143
2022,1,27,社会工作,A452,临沂大学,30,142507
2022,1,29,园艺,A452,临沂大学,9,155959
2022,1,2A,环境工程,A452,临沂大学,26,151755
2022,1,2B,机械类,A452,临沂大学,61,156024
2022,1,2C,动物医学,A452,临沂大学,26,145054
2022,1,2D,电子商务,A452,临沂大学,30,143793
2022,1,2L,国际经济与贸易,A452,临沂大学,8,125947
2022,1,2M,物流管理,A452,临沂大学,30,143382
2022,1,2S,电气工程及其自动化,A452,临沂大学,31,130368
2022,1,2T,会计学,A452,临沂大学,46,117130
2022,1,2U,历史学(师范类),A452,临沂大学,21,93963
2022,1,2W,电子信息工程,A452,临沂大学,45,135866
2022,1,2X,建筑环境与能源应用工程,A452,临沂大学,22,161733
2022,1,2Y,法学,A452,临沂大学,57,105053
2022,1,30,土木工程,A452,临沂大学,72,162631
2022,1,31,药学,A452,临沂大学,38,138735
2022,1,32,物理学(师范类),A452,临沂大学,24,118480
2022,1,37,化学(师范类),A452,临沂大学,92,112364
2022,1,3A,地理科学(师范类),A452,临沂大学,64,99160
2022,1,3B,卫生检验与检疫,A452,临沂大学,36,142470
2022,1,3C,生物科学(师范类),A452,临沂大学,38,103269
2022,1,3D,英语(师范类),A452,临沂大学,111,95770
2022,1,3G,学前教育(师范类),A452,临沂大学,42,115952
2022,1,0F,社会工作(中外合作办学)(招收银发产业经营与管理方向),A452,临沂大学,80,190244
2022,1,16,机械设计制造及其自动化(中外合作办学),A452,临沂大学,65,210341
2022,1,0D,动物医学(校企合作，与山东新希望六和集团合作),A452,临沂大学,110,178277
2022,1,0K,机械电子工程(校企合作，与山东临工工程机械有限公司合作),A452,临沂大学,100,187229
2022,1,0Y,文化产业管理(校企合作，与腾讯山东企鹅新媒体学院合作),A452,临沂大学,100,165461
2022,1,12,旅游管理(校企合作，与山东扬帆教育咨询有限公司合作),A452,临沂大学,100,189081
2022,1,1E,制药工程(校企合作，与鲁南制药集团股份有限公司合作),A452,临沂大学,100,176731
2022,1,1N,微电子科学与工程(校企合作，与青软创新科技集团有限公司合作),A452,临沂大学,180,188638
2022,1,1P,商务英语(校企合作，与山东全通网融科技有限公司合作),A452,临沂大学,130,164416
2022,1,1X,动物科学(校企合作，与江苏益客食品集团有限公司合作),A452,临沂大学,100,189084
2022,1,1Y,自动化(校企合作，与青软创新科技集团有限公司合作),A452,临沂大学,200,184716
2022,1,28,测绘工程(校企合作，与山东慧创信息科技有限公司合作),A452,临沂大学,130,195490
2022,1,2J,食品科学与工程(校企合作，与临沂新程金锣肉制品集团合作),A452,临沂大学,100,180304
2022,1,2V,广告学(校企合作，与杭州时光坐标影视传媒合作),A452,临沂大学,110,161490
2022,1,35,物流工程(校企合作，与阿帕数字技术有限公司合作),A452,临沂大学,100,194600
2022,1,36,金融工程(校企合作，与山东全通网融科技有限公司合作),A452,临沂大学,150,179134
2022,1,38,电子商务(校企合作，与深圳市盘古帮帮孵化科技合作),A452,临沂大学,100,174373
2022,1,3E,物流管理(校企合作，与山东荣庆投资控股有限公司合作),A452,临沂大学,100,178524
2022,1,01,土木工程,A453,泰山学院,41,189891
2022,1,09,物流管理,A453,泰山学院,71,188925
2022,1,0A,高分子材料与工程,A453,泰山学院,31,186380
2022,1,0B,网络与新媒体,A453,泰山学院,45,171113
2022,1,0D,机械类,A453,泰山学院,65,194146
2022,1,0F,人力资源管理,A453,泰山学院,35,173786
2022,1,0G,小学教育(师范类),A453,泰山学院,100,140799
2022,1,0M,英语(含师范类),A453,泰山学院,84,135140
2022,1,0P,汉语言文学(含师范类),A453,泰山学院,115,132258
2022,1,0Q,生物科学类,A453,泰山学院,69,173015
2022,1,0T,历史学类,A453,泰山学院,119,155357
2022,1,0V,葡萄与葡萄酒工程,A453,泰山学院,29,194514
2022,1,0W,工商管理类,A453,泰山学院,148,179948
2022,1,0Z,计算机类,A453,泰山学院,141,183443
2022,1,12,地理科学(师范类),A453,泰山学院,77,139550
2022,1,13,思想政治教育(师范类),A453,泰山学院,60,137976
2022,1,15,旅游管理,A453,泰山学院,33,192003
2022,1,17,物理学(师范类),A453,泰山学院,70,160238
2022,1,18,电子信息类,A453,泰山学院,97,190801
2022,1,1D,国际经济与贸易,A453,泰山学院,50,182724
2022,1,1F,化工与制药类,A453,泰山学院,96,187418
2022,1,1L,人工智能,A453,泰山学院,43,192657
2022,1,1P,数学与应用数学(师范类),A453,泰山学院,73,148786
2022,1,1Q,化学(师范类),A453,泰山学院,66,150402
2022,1,0H,机械设计制造及其自动化(中外合作办学),A453,泰山学院,80,231811
2022,1,03,金融工程(校企合作，与山东中启创优科技公司合作),A453,泰山学院,40,197604
2022,1,04,数据科学与大数据技术(校企合作，与山东联科云计算有限公司合作),A453,泰山学院,60,217564
2022,1,0K,通信工程(校企合作，与北京华晟经世信息技术公司合作),A453,泰山学院,60,218343
2022,1,0N,计算机科学与技术(校企合作，与北京华晟经世信息技术公司合作),A453,泰山学院,60,213494
2022,1,0R,软件工程(校企合作，与北京安博大成教育科技公司合作),A453,泰山学院,50,211415
2022,1,0Y,日语(校企合作，与青软创新科技集团有限公司合作),A453,泰山学院,30,199891
2022,1,10,旅游管理(校企合作，与山东华仁教育发展公司合作),A453,泰山学院,50,205243
2022,1,1B,电子信息科学与技术(校企合作，与青软创新科技集团有限公司合作),A453,泰山学院,50,215364
2022,1,1C,信息与计算科学(校企合作，与青软创新科技集团有限公司合作),A453,泰山学院,40,216193
2022,1,1G,数据科学与大数据技术(校企合作，与青软创新科技集团有限公司合作),A453,泰山学院,80,217749
2022,1,1J,市场营销(校企合作，与山东华仁教育发展公司合作),A453,泰山学院,40,202717
2022,1,1R,国际经济与贸易(校企合作，与山东全通网融科技有限公司合作),A453,泰山学院,60,201952
2022,1,02,汉语言文学,A454,济宁学院,60,141029
2022,1,05,文化产业管理,A454,济宁学院,40,189371
2022,1,06,行政管理,A454,济宁学院,40,181960
2022,1,07,学前教育(师范类),A454,济宁学院,40,166598
2022,1,09,软件工程,A454,济宁学院,55,183807
2022,1,0A,应用化学,A454,济宁学院,95,192175
2022,1,0E,生物工程,A454,济宁学院,70,188508
2022,1,0F,酿酒工程,A454,济宁学院,30,197197
2022,1,0G,安全工程,A454,济宁学院,90,207127
2022,1,0J,测绘工程,A454,济宁学院,85,206895
2022,1,0K,生物制药,A454,济宁学院,45,180101
2022,1,0M,物理学(师范类),A454,济宁学院,100,177029
2022,1,0N,互联网金融,A454,济宁学院,25,181597
2022,1,0S,机械设计制造及其自动化,A454,济宁学院,30,195447
2022,1,0T,汉语言文学(师范类),A454,济宁学院,80,134590
2022,1,0U,数学与应用数学(师范类),A454,济宁学院,71,168580
2022,1,0V,历史学(师范类),A454,济宁学院,40,143602
2022,1,0W,高分子材料与工程,A454,济宁学院,70,196842
2022,1,0Z,材料科学与工程,A454,济宁学院,30,194698
2022,1,11,网络与新媒体,A454,济宁学院,60,166070
2022,1,16,英语(师范类),A454,济宁学院,100,148435
2022,1,18,心理学,A454,济宁学院,50,169967
2022,1,1B,小学教育(师范类),A454,济宁学院,50,150857
2022,1,1F,电子信息工程,A454,济宁学院,80,198216
2022,1,1G,电气工程及其自动化,A454,济宁学院,35,191750
2022,1,1H,思想政治教育(师范类),A454,济宁学院,100,148184
2022,1,1J,数据科学与大数据技术,A454,济宁学院,45,188476
2022,1,1K,旅游管理与服务教育,A454,济宁学院,15,192959
2022,1,1M,化学工程与工艺,A454,济宁学院,35,192181
2022,1,1P,新能源科学与工程,A454,济宁学院,100,195253
2022,1,1R,秘书学,A454,济宁学院,15,173167
2022,1,1S,商务英语,A454,济宁学院,45,171489
2022,1,1T,化学(师范类),A454,济宁学院,100,160785
2022,1,1U,食品科学与工程,A454,济宁学院,40,186711
2022,1,1W,应用统计学,A454,济宁学院,50,195895
2022,1,1X,智能制造工程,A454,济宁学院,80,201241
2022,1,01,商务英语(校企合作，与青岛英谷教育公司合作),A454,济宁学院,80,196303
2022,1,0R,金融工程(校企合作，与青岛英谷教育公司合作),A454,济宁学院,50,219492
2022,1,12,计算机科学与技术(校企合作，与青岛英谷教育公司合作),A454,济宁学院,100,218189
2022,1,17,经济学(校企合作，与青岛英谷教育公司合作),A454,济宁学院,50,198583
2022,1,1A,电子商务及法律(校企合作，与山东网商科技集团有限公司合作),A454,济宁学院,50,201850
2022,1,1D,机械设计制造及其自动化(校企合作，与青岛英谷教育公司合作),A454,济宁学院,80,220582
2022,1,01,思想政治教育(师范类),A455,菏泽学院,39,149424
2022,1,02,化学(师范类),A455,菏泽学院,14,159321
2022,1,04,园艺,A455,菏泽学院,20,187134
2022,1,05,建筑学,A455,菏泽学院,33,182683
2022,1,07,财务管理,A455,菏泽学院,46,174799
2022,1,08,特殊教育(师范类),A455,菏泽学院,30,163950
2022,1,09,汉语言文学(师范类),A455,菏泽学院,63,131817
2022,1,0B,设施农业科学与工程,A455,菏泽学院,40,197318
2022,1,0E,智能制造工程,A455,菏泽学院,40,203161
2022,1,0G,电气工程及其自动化,A455,菏泽学院,22,189641
2022,1,0S,健康服务与管理,A455,菏泽学院,36,191622
2022,1,0U,经济学,A455,菏泽学院,39,181883
2022,1,0X,数学与应用数学(师范类),A455,菏泽学院,76,170583
2022,1,0Y,英语(师范类),A455,菏泽学院,36,145027
2022,1,11,环境科学与工程,A455,菏泽学院,40,194704
2022,1,14,生物科学(师范类),A455,菏泽学院,22,153120
2022,1,18,广告学,A455,菏泽学院,50,182639
2022,1,1E,生物工程,A455,菏泽学院,19,179767
2022,1,1F,知识产权,A455,菏泽学院,60,182883
2022,1,1H,自动化,A455,菏泽学院,30,196555
2022,1,1J,心理学(师范类),A455,菏泽学院,8,154311
2022,1,1P,机械电子工程,A455,菏泽学院,26,199485
2022,1,1S,人文地理与城乡规划,A455,菏泽学院,40,183134
2022,1,1U,食品科学与工程,A455,菏泽学院,20,184367
2022,1,22,商务英语,A455,菏泽学院,50,180064
2022,1,23,化学工程与工艺,A455,菏泽学院,48,195187
2022,1,24,制药工程,A455,菏泽学院,60,189926
2022,1,25,机器人工程,A455,菏泽学院,35,202468
2022,1,28,历史学(师范类),A455,菏泽学院,7,137440
2022,1,2B,土木工程,A455,菏泽学院,70,203870
2022,1,0R,物理学(中外合作办学)(师范类),A455,菏泽学院,100,230596
2022,1,0C,劳动与社会保障(校企合作，与山东明德物业集团公司合作),A455,菏泽学院,50,204699
2022,1,0D,广播电视学(校企合作，与山东新视觉数码科技公司合作),A455,菏泽学院,50,202441
2022,1,0L,能源化学工程(校企合作，与山东东明石化集团公司合作),A455,菏泽学院,50,205633
2022,1,0M,计算机科学与技术(校企合作，与山东骏文信息科技公司合作),A455,菏泽学院,50,221638
2022,1,0Q,计算机科学与技术(校企合作，与达内时代科技集团公司合作),A455,菏泽学院,50,220958
2022,1,16,物流管理(校企合作，与山东全通网融科技公司合作),A455,菏泽学院,50,205161
2022,1,1A,计算机科学与技术(校企合作，与慧与软件人才产业基地合作),A455,菏泽学院,100,222381
2022,1,1K,电子信息科学与技术(校企合作，与达内时代科技集团公司合作),A455,菏泽学院,150,223394
2022,1,1M,统计学(校企合作，与北京中科特瑞科技公司合作),A455,菏泽学院,50,203975
2022,1,1V,药学(校企合作，与山东睿鹰制药集团公司合作),A455,菏泽学院,50,198639
2022,1,20,数据科学与大数据技术(校企合作，与中科特瑞科技公司合作),A455,菏泽学院,50,220413
2022,1,29,物联网工程(校企合作，与达内时代科技集团公司合作),A455,菏泽学院,50,222399
2022,1,2D,金融工程(校企合作，与邦盟汇骏教育科技公司合作),A455,菏泽学院,50,204223
2022,1,04,审计学,A456,山东财经大学,100,48351
2022,1,08,工商管理类,A456,山东财经大学,240,65231
2022,1,0A,精算学,A456,山东财经大学,60,58016
2022,1,0D,经济学类,A456,山东财经大学,210,52604
2022,1,0G,管理科学与工程类,A456,山东财经大学,80,68884
2022,1,0H,经济统计学,A456,山东财经大学,65,55266
2022,1,0N,会计学,A456,山东财经大学,170,43243
2022,1,0T,数学与应用数学,A456,山东财经大学,40,60529
2022,1,0W,资产评估,A456,山东财经大学,60,56656
2022,1,0Z,金融数学,A456,山东财经大学,45,58585
2022,1,10,国际经济发展合作,A456,山东财经大学,18,60896
2022,1,11,法学,A456,山东财经大学,150,53310
2022,1,13,公共管理类,A456,山东财经大学,70,65704
2022,1,14,金融学类,A456,山东财经大学,145,46357
2022,1,17,经济与贸易类,A456,山东财经大学,195,62784
2022,1,19,金融学,A456,山东财经大学,160,45092
2022,1,1A,外国语言文学类,A456,山东财经大学,160,68182
2022,1,1G,计算机类,A456,山东财经大学,175,57572
2022,1,1L,电子商务类,A456,山东财经大学,30,68194
2022,1,1N,统计学,A456,山东财经大学,70,56384
2022,1,1U,汉语言文学,A456,山东财经大学,20,49888
2022,1,1Y,财务管理,A456,山东财经大学,100,49265
2022,1,1Z,财政学类,A456,山东财经大学,135,52206
2022,1,20,数据科学与大数据技术,A456,山东财经大学,70,56382
2022,1,0Y,统计学(中外合作办学),A456,山东财经大学,100,98448
2022,1,1X,经济学(中外合作办学),A456,山东财经大学,100,78874
2022,1,01,外国语言文学类(地方专项计划),A456,山东财经大学,20,70196
2022,1,06,经济学类(地方专项计划),A456,山东财经大学,10,54414
2022,1,09,公共管理类(地方专项计划),A456,山东财经大学,20,74100
2022,1,0J,法学(地方专项计划),A456,山东财经大学,20,57171
2022,1,0L,财政学类(地方专项计划),A456,山东财经大学,20,55447
2022,1,0M,汉语言文学(地方专项计划),A456,山东财经大学,5,54838
2022,1,0P,经济统计学(地方专项计划),A456,山东财经大学,20,60379
2022,1,16,金融数学(地方专项计划),A456,山东财经大学,10,57649
2022,1,1C,新闻学(地方专项计划),A456,山东财经大学,5,58621
2022,1,1J,计算机类(地方专项计划),A456,山东财经大学,20,58998
2022,1,1M,工商管理类(地方专项计划),A456,山东财经大学,20,64666
2022,1,1S,保险学(地方专项计划),A456,山东财经大学,20,80977
2022,1,22,文化产业管理(地方专项计划),A456,山东财经大学,10,83279
2022,1,0U,旅游管理(校企合作，与深圳奥雅设计股份有限公司合作),A456,山东财经大学,100,133209
2022,1,12,计算机科学与技术(校企合作，与浪潮集团有限公司合作),A456,山东财经大学,100,83950
2022,1,1F,信息管理与信息系统(校企合作，与浪潮集团有限公司合作),A456,山东财经大学,100,101962
2022,1,1K,会计学(校企合作，与信永中和会计事务所合作),A456,山东财经大学,100,59446
2022,1,1Q,税收学(校企合作，与山东百丞税务服务股份有限公司合作),A456,山东财经大学,100,70844
2022,1,1T,保险学(校企合作，与德华安顾人寿保险有限公司合作),A456,山东财经大学,100,92695
2022,1,01,特殊教育(师范类),A457,山东体育学院,30,173746
2022,1,02,应用心理学,A457,山东体育学院,30,192569
2022,1,03,运动康复,A457,山东体育学院,50,193373
2022,1,04,运动人体科学,A457,山东体育学院,50,201648
2022,1,05,电子竞技运动与管理(校企合作，与邦尼集团有限公司合作),A457,山东体育学院,80,225168
2022,1,06,数据科学与大数据技术(校企合作，与山东骏文信息科技有限公司合作),A457,山东体育学院,20,216054
2022,1,07,新闻学(校企合作，与山东泰冠实业有限公司合作),A457,山东体育学院,40,197379
2022,1,01,文化产业管理,A458,山东艺术学院,47,187434
2022,1,01,经济学类,A459,郑州大学,12,18920
2022,1,02,工商管理类,A459,郑州大学,9,21072
2022,1,05,旅游管理类,A459,郑州大学,2,24685
2022,1,06,公共管理类,A459,郑州大学,10,22672
2022,1,07,法学,A459,郑州大学,6,14602
2022,1,08,中国语言文学类,A459,郑州大学,12,17436
2022,1,09,新闻传播学类,A459,郑州大学,12,20212
2022,1,10,外国语言文学类,A459,郑州大学,12,23254
2022,1,12,教育学类,A459,郑州大学,6,21292
2022,1,14,历史学类,A459,郑州大学,2,15795
2022,1,16,图书情报与档案管理类,A459,郑州大学,8,28357
2022,1,26,数学类,A459,郑州大学,10,20361
2022,1,27,化学类,A459,郑州大学,2,18684
2022,1,28,物理学类,A459,郑州大学,8,21184
2022,1,29,电子信息类,A459,郑州大学,12,19080
2022,1,31,计算机类,A459,郑州大学,12,16901
2022,1,32,自动化类,A459,郑州大学,20,21255
2022,1,35,机械类,A459,郑州大学,16,26082
2022,1,36,土木类,A459,郑州大学,10,28262
2022,1,40,管理科学与工程类,A459,郑州大学,7,32458
2022,1,42,生物科学类,A459,郑州大学,9,24939
2022,1,43,环境科学与工程类,A459,郑州大学,4,26360
2022,1,45,基础医学,A459,郑州大学,2,22301
2022,1,46,医学技术类,A459,郑州大学,5,24039
2022,1,47,临床医学类,A459,郑州大学,20,11768
2022,1,48,口腔医学,A459,郑州大学,4,11254
2022,1,52,预防医学,A459,郑州大学,12,24891
2022,1,53,药学类,A459,郑州大学,6,22260
2022,1,55,物联网工程,A459,郑州大学,7,19972
2022,1,02,自动化类,A460,河南理工大学,2,66975
2022,1,04,电子信息类,A460,河南理工大学,3,77752
2022,1,05,应用物理学,A460,河南理工大学,2,101851
2022,1,06,机械类,A460,河南理工大学,4,93098
2022,1,07,能源与动力工程,A460,河南理工大学,2,90653
2022,1,09,测控技术与仪器,A460,河南理工大学,2,96667
2022,1,10,土木类,A460,河南理工大学,3,108140
2022,1,11,工程管理,A460,河南理工大学,2,119034
2022,1,12,工程力学,A460,河南理工大学,2,109560
2022,1,13,地质工程,A460,河南理工大学,2,115242
2022,1,17,地球信息科学与技术(地球大数据方向),A460,河南理工大学,2,95119
2022,1,18,环境工程,A460,河南理工大学,2,112346
2022,1,20,水文与水资源工程(智慧水文方向),A460,河南理工大学,2,117702
2022,1,22,测绘工程(导航方向),A460,河南理工大学,2,97541
2022,1,23,遥感科学与技术,A460,河南理工大学,2,79554
2022,1,24,土地资源管理,A460,河南理工大学,2,117098
2022,1,25,地理信息科学,A460,河南理工大学,2,78907
2022,1,26,自然地理与资源环境,A460,河南理工大学,2,98083
2022,1,27,人文地理与城乡规划,A460,河南理工大学,2,104342
2022,1,28,智能采矿工程,A460,河南理工大学,4,130200
2022,1,30,新能源科学与工程,A460,河南理工大学,2,88411
2022,1,32,安全工程,A460,河南理工大学,3,97415
2022,1,34,消防工程,A460,河南理工大学,2,95721
2022,1,35,材料类,A460,河南理工大学,5,115128
2022,1,37,材料成型及控制工程(智能制造方向),A460,河南理工大学,2,111995
2022,1,38,矿物加工工程,A460,河南理工大学,2,136684
2022,1,41,化学工程与工艺,A460,河南理工大学,2,101108
2022,1,42,储能科学与工程,A460,河南理工大学,2,92264
2022,1,43,计算机科学与技术,A460,河南理工大学,1,61288
2022,1,44,物联网工程,A460,河南理工大学,1,66984
2022,1,48,数学类,A460,河南理工大学,2,77709
2022,1,49,工商管理类,A460,河南理工大学,5,90982
2022,1,50,工业工程,A460,河南理工大学,2,115359
2022,1,52,会计学,A460,河南理工大学,2,70915
2022,1,53,财务管理,A460,河南理工大学,2,78604
2022,1,54,国际经济与贸易,A460,河南理工大学,1,88840
2022,1,55,金融学,A460,河南理工大学,2,84162
2022,1,58,建筑类,A460,河南理工大学,2,97979
2022,1,61,汉语言文学,A460,河南理工大学,2,65176
2022,1,62,法学,A460,河南理工大学,2,68770
2022,1,64,公共事业管理,A460,河南理工大学,2,104772
2022,1,65,管理科学,A460,河南理工大学,2,124276
2022,1,70,护理学,A460,河南理工大学,2,110958
2022,1,71,药学,A460,河南理工大学,2,83525
2022,1,01,计算机科学与技术,A462,郑州轻工业大学,2,70308
2022,1,02,通信工程,A462,郑州轻工业大学,2,98653
2022,1,03,网络空间安全,A462,郑州轻工业大学,4,103776
2022,1,04,物联网工程,A462,郑州轻工业大学,2,94593
2022,1,05,数据科学与大数据技术,A462,郑州轻工业大学,2,93675
2022,1,06,电子信息工程,A462,郑州轻工业大学,3,98398
2022,1,07,人工智能,A462,郑州轻工业大学,4,96153
2022,1,10,高分子材料与工程,A462,郑州轻工业大学,4,133039
2022,1,12,化学工程与工艺,A462,郑州轻工业大学,4,136247
2022,1,13,化妆品技术与工程,A462,郑州轻工业大学,2,124174
2022,1,14,应用化学,A462,郑州轻工业大学,3,129595
2022,1,15,环境工程,A462,郑州轻工业大学,3,138440
2022,1,16,化学,A462,郑州轻工业大学,3,133988
2022,1,20,食品科学与工程,A462,郑州轻工业大学,2,98897
2022,1,21,生物工程,A462,郑州轻工业大学,2,130862
2022,1,22,生物技术,A462,郑州轻工业大学,2,134611
2022,1,25,烟草,A462,郑州轻工业大学,3,91263
2022,1,30,能源与动力工程,A462,郑州轻工业大学,5,114611
2022,1,32,新能源科学与工程,A462,郑州轻工业大学,3,111673
2022,1,35,建筑电气与智能化,A462,郑州轻工业大学,5,122621
2022,1,40,数字媒体技术,A462,郑州轻工业大学,2,78486
2022,1,61,电气工程及其自动化,A462,郑州轻工业大学,6,91430
2022,1,68,微电子科学与工程,A462,郑州轻工业大学,3,107436
2022,1,70,机械设计制造及其自动化,A462,郑州轻工业大学,8,124169
2022,1,73,智能制造工程,A462,郑州轻工业大学,4,113852
2022,1,77,数学与应用数学,A462,郑州轻工业大学,2,107551
2022,1,80,工商管理类,A462,郑州轻工业大学,4,101605
2022,1,81,物流管理,A462,郑州轻工业大学,3,125856
2022,1,90,社会工作,A462,郑州轻工业大学,2,124883
2022,1,91,法学,A462,郑州轻工业大学,2,85382
2022,1,92,公共事业管理,A462,郑州轻工业大学,3,116110
2022,1,02,材料科学与工程,A463,河南工业大学,4,121933
2022,1,04,财政学,A463,河南工业大学,2,80205
2022,1,05,测控技术与仪器,A463,河南工业大学,4,81914
2022,1,06,道路桥梁与渡河工程,A463,河南工业大学,2,110272
2022,1,07,电气工程及其自动化,A463,河南工业大学,8,74698
2022,1,08,电子商务,A463,河南工业大学,2,72247
2022,1,11,法学,A463,河南工业大学,2,58706
2022,1,12,翻译,A463,河南工业大学,2,80401
2022,1,15,工程管理,A463,河南工业大学,2,90887
2022,1,16,工商管理,A463,河南工业大学,1,71267
2022,1,18,国际经济与贸易,A463,河南工业大学,4,83110
2022,1,19,化学,A463,河南工业大学,8,98967
2022,1,20,化学工程与工艺,A463,河南工业大学,4,100411
2022,1,21,环境工程,A463,河南工业大学,8,117608
2022,1,22,会计学,A463,河南工业大学,2,76568
2022,1,23,机械类,A463,河南工业大学,8,101052
2022,1,24,机械设计制造及其自动化,A463,河南工业大学,8,97773
2022,1,26,建筑环境与能源应用工程,A463,河南工业大学,2,104390
2022,1,27,建筑学,A463,河南工业大学,2,76164
2022,1,29,金融学,A463,河南工业大学,2,75339
2022,1,31,经济学,A463,河南工业大学,2,71126
2022,1,32,空间信息与数字技术,A463,河南工业大学,2,82136
2022,1,39,生物工程,A463,河南工业大学,3,85943
2022,1,40,生物技术,A463,河南工业大学,2,88421
2022,1,47,数学与应用数学,A463,河南工业大学,2,73142
2022,1,48,通信工程,A463,河南工业大学,2,69233
2022,1,49,土木工程,A463,河南工业大学,4,105297
2022,1,50,网络与新媒体,A463,河南工业大学,2,54614
2022,1,51,无机非金属材料工程,A463,河南工业大学,4,130746
2022,1,53,物流管理,A463,河南工业大学,1,79982
2022,1,54,新闻传播学类,A463,河南工业大学,3,61776
2022,1,55,英语,A463,河南工业大学,3,72008
2022,1,56,应用化学,A463,河南工业大学,8,102972
2022,1,57,应用统计学,A463,河南工业大学,1,72969
2022,1,58,应用物理学,A463,河南工业大学,1,79133
2022,1,59,制药工程,A463,河南工业大学,4,82802
2022,1,63,材料类,A463,河南工业大学,4,124114
2022,1,64,食品科学与工程类,A463,河南工业大学,16,118934
2022,1,65,机器人工程,A463,河南工业大学,5,84003
2022,1,67,饲料工程,A463,河南工业大学,2,125106
2022,1,69,智能建造,A463,河南工业大学,2,99659
2022,1,03,会计学(中外合作办学),A463,河南工业大学,3,114821
2022,1,36,人力资源管理(中外合作办学),A463,河南工业大学,8,144985
2022,1,41,生物技术(中外合作办学),A463,河南工业大学,3,165738
2022,1,43,食品科学与工程(中外合作办学),A463,河南工业大学,3,170747
2022,1,45,市场营销(中外合作办学),A463,河南工业大学,6,156184
2022,1,52,物联网工程(中外合作办学),A463,河南工业大学,3,137688
2022,1,04,法学类,A464,河南科技大学,6,62808
2022,1,10,英语,A464,河南科技大学,6,86436
2022,1,15,生物科学类,A464,河南科技大学,8,92697
2022,1,16,统计学,A464,河南科技大学,5,80679
2022,1,18,机械类,A464,河南科技大学,11,84207
2022,1,22,材料成型及控制工程,A464,河南科技大学,6,110478
2022,1,24,工业设计,A464,河南科技大学,6,98155
2022,1,25,车辆工程,A464,河南科技大学,6,96994
2022,1,27,测控技术与仪器,A464,河南科技大学,6,102592
2022,1,28,材料类,A464,河南科技大学,11,129114
2022,1,33,电气工程及其自动化,A464,河南科技大学,6,72056
2022,1,36,电子信息类,A464,河南科技大学,6,67862
2022,1,39,自动化,A464,河南科技大学,5,74724
2022,1,42,计算机科学与技术,A464,河南科技大学,5,58004
2022,1,52,化学工程与工艺,A464,河南科技大学,5,108330
2022,1,53,制药工程,A464,河南科技大学,5,97767
2022,1,55,交通运输,A464,河南科技大学,5,107700
2022,1,56,农业工程类,A464,河南科技大学,8,123971
2022,1,57,环境工程,A464,河南科技大学,5,115708
2022,1,59,生物医学工程,A464,河南科技大学,5,95569
2022,1,66,生物工程类,A464,河南科技大学,8,100662
2022,1,75,临床医学,A464,河南科技大学,11,51674
2022,1,81,护理学,A464,河南科技大学,8,118434
2022,1,03,法学,A465,中原工学院,6,127409
2022,1,06,汉语国际教育,A465,中原工学院,4,157600
2022,1,10,网络与新媒体,A465,中原工学院,5,136982
2022,1,17,材料类,A465,中原工学院,5,174810
2022,1,19,电气工程及其自动化,A465,中原工学院,4,151499
2022,1,21,人工智能,A465,中原工学院,4,143595
2022,1,28,给排水科学与工程,A465,中原工学院,5,186737
2022,1,29,纺织工程,A465,中原工学院,6,189616
2022,1,31,非织造材料与工程,A465,中原工学院,4,184420
2022,1,35,安全工程,A465,中原工学院,4,183548
2022,1,37,工程管理,A465,中原工学院,4,188811
2022,1,40,市场营销,A465,中原工学院,4,178145
2022,1,44,工业工程,A465,中原工学院,5,180301
2022,1,04,林学类,A466,河南农业大学,4,129166
2022,1,06,旅游管理,A466,河南农业大学,2,125977
2022,1,08,建筑类,A466,河南农业大学,2,101323
2022,1,13,机械设计制造及其自动化,A466,河南农业大学,4,106094
2022,1,18,经济学类,A466,河南农业大学,4,97502
2022,1,19,工商管理类,A466,河南农业大学,4,100206
2022,1,20,轻工类(烟工类),A466,河南农业大学,8,115221
2022,1,21,烟草,A466,河南农业大学,6,72062
2022,1,23,植物保护,A466,河南农业大学,4,134433
2022,1,24,植物生产类(园艺类),A466,河南农业大学,4,131075
2022,1,26,计算机科学与技术,A466,河南农业大学,3,83084
2022,1,27,管理科学,A466,河南农业大学,2,138249
2022,1,31,生物科学类,A466,河南农业大学,4,103990
2022,1,32,食品科学与工程类,A466,河南农业大学,6,123109
2022,1,35,环境生态工程,A466,河南农业大学,4,137252
2022,1,37,土地资源管理,A466,河南农业大学,2,122069
2022,1,38,法学,A466,河南农业大学,4,76668
2022,1,43,电子信息科学与技术,A466,河南农业大学,4,110180
2022,1,44,外国语言文学类,A466,河南农业大学,4,96375
2022,1,48,环境科学(中外合作办学),A466,河南农业大学,70,198461
2022,1,21,生物技术,A467,河南科技学院,7,181636
2022,1,28,人力资源管理,A467,河南科技学院,3,166880
2022,1,2D,汉语言文学(师范类),A467,河南科技学院,3,133163
2022,1,2H,数学与应用数学(师范类),A467,河南科技学院,7,175000
2022,1,2K,英语(师范类),A467,河南科技学院,3,146034
2022,1,34,食品质量与安全,A467,河南科技学院,7,204217
2022,1,37,动物医学,A467,河南科技学院,5,163947
2022,1,40,城乡规划,A467,河南科技学院,6,178847
2022,1,44,环境科学,A467,河南科技学院,7,190697
2022,1,52,应用化学,A467,河南科技学院,7,187207
2022,1,03,财务管理,A469,河南牧业经济学院,3,180294
2022,1,08,金融学,A469,河南牧业经济学院,3,184098
2022,1,18,网络与新媒体,A469,河南牧业经济学院,6,169214
2022,1,21,物流管理,A469,河南牧业经济学院,3,196184
2022,1,24,市场营销,A469,河南牧业经济学院,5,199011
2022,1,26,国际商务,A469,河南牧业经济学院,5,198718
2022,1,02,预防医学,A471,河南中医药大学,3,101413
2022,1,0G,护理学,A471,河南中医药大学,4,133166
2022,1,0N,外国语言文学类,A471,河南中医药大学,3,121766
2022,1,01,临床医学,A472,新乡医学院,12,66869
2022,1,07,儿科学,A472,新乡医学院,6,84653
2022,1,09,预防医学,A472,新乡医学院,8,109660
2022,1,01,经济学类,A475,河南大学,6,31047
2022,1,02,法学,A475,河南大学,4,21224
2022,1,07,中国语言文学类(师范类),A475,河南大学,5,23302
2022,1,0P,网络工程,A475,河南大学,40,40318
2022,1,0Q,软件工程,A475,河南大学,20,33702
2022,1,10,思想政治教育(师范类),A475,河南大学,5,28356
2022,1,12,社会工作,A475,河南大学,5,39813
2022,1,13,哲学,A475,河南大学,5,33508
2022,1,14,公共管理类,A475,河南大学,4,35228
2022,1,15,历史学类,A475,河南大学,6,26087
2022,1,17,日语,A475,河南大学,3,38326
2022,1,19,俄语,A475,河南大学,3,38348
2022,1,1A,英语(师范类),A475,河南大学,2,23925
2022,1,1B,生物科学(师范类),A475,河南大学,3,26717
2022,1,1C,植物科学与技术,A475,河南大学,2,44080
2022,1,1F,地理科学类,A475,河南大学,5,29791
2022,1,1H,教育学类(师范类),A475,河南大学,4,33197
2022,1,1J,学前教育(师范类),A475,河南大学,5,44345
2022,1,1M,建筑类,A475,河南大学,4,42030
2022,1,1R,药学,A475,河南大学,14,38751
2022,1,1U,临床医学类,A475,河南大学,5,26386
2022,1,1V,数学类,A475,河南大学,5,32135
2022,1,1W,工商管理类,A475,河南大学,3,33331
2022,1,1X,旅游管理类,A475,河南大学,5,52797
2022,1,1Y,化学类,A475,河南大学,4,33392
2022,1,1Z,计算机类,A475,河南大学,5,28095
2022,1,21,物理学(师范类),A475,河南大学,3,30451
2022,1,2E,俄语(中外合作办学)(与俄罗斯南联邦大学合作办学),A475,河南大学,4,58360
2022,1,2J,计算机科学与技术(中外合作办学)(与澳大利亚维多利亚大学合作办学),A475,河南大学,6,42000
2022,1,2K,国际经济与贸易(中外合作办学)(与澳大利亚维多利亚大学合作办学),A475,河南大学,5,53350
2022,1,2M,会计学(中外合作办学)(与澳大利亚维多利亚大学合作办学),A475,河南大学,6,49494
2022,1,2N,学前教育(中外合作办学)(与芬兰图尔库大学合作办学),A475,河南大学,4,65569
2022,1,5F,国际经济与贸易(中外合作办学)(与德国安哈尔特应用技术大学合作办学),A475,河南大学,5,57371
2022,1,01,数学与应用数学(师范类),A476,河南师范大学,5,50171
2022,1,0C,化学(师范类),A476,河南师范大学,5,47592
2022,1,0N,英语(师范类),A476,河南师范大学,5,41261
2022,1,17,工商管理类,A476,河南师范大学,5,79987
2022,1,1G,计算机科学与技术(师范类),A476,河南师范大学,5,66057
2022,1,1Z,法学类,A476,河南师范大学,5,56666
2022,1,24,水产类,A476,河南师范大学,10,145351
2022,1,2D,思想政治教育(师范类),A476,河南师范大学,5,46809
2022,1,2K,汉语国际教育(师范类),A476,河南师范大学,5,55760
2022,1,0J,应用化学,A477,信阳师范学院,5,190893
2022,1,0X,人文地理与城乡规划,A477,信阳师范学院,5,169815
2022,1,13,道路桥梁与渡河工程,A477,信阳师范学院,5,215546
2022,1,2J,生物技术(中外合作办学),A477,信阳师范学院,10,229601
2022,1,2K,土木工程(中外合作办学),A477,信阳师范学院,10,227948
2022,1,05,日语,A478,周口师范学院,2,165728
2022,1,06,数据科学与大数据技术,A478,周口师范学院,2,182256
2022,1,08,物流管理,A478,周口师范学院,4,190487
2022,1,09,生物制药,A478,周口师范学院,4,177191
2022,1,10,物联网工程,A478,周口师范学院,2,193691
2022,1,11,网络工程,A478,周口师范学院,2,190889
2022,1,13,食品质量与安全,A478,周口师范学院,2,180086
2022,1,14,生物工程,A478,周口师范学院,4,186505
2022,1,15,生物技术,A478,周口师范学院,4,186721
2022,1,16,环境工程,A478,周口师范学院,4,200375
2022,1,17,化学工程与工艺,A478,周口师范学院,4,192268
2022,1,18,材料化学,A478,周口师范学院,4,195888
2022,1,19,应用化学,A478,周口师范学院,4,180172
2022,1,21,机械设计制造及其自动化,A478,周口师范学院,2,198760
2022,1,22,电气工程及其自动化,A478,周口师范学院,2,197203
2022,1,23,光电信息科学与工程,A478,周口师范学院,2,200938
2022,1,24,自动化,A478,周口师范学院,2,195996
2022,1,25,电子信息工程,A478,周口师范学院,2,193646
2022,1,26,应用统计学,A478,周口师范学院,2,196550
2022,1,27,信息与计算科学,A478,周口师范学院,2,194999
2022,1,28,法学,A478,周口师范学院,3,145483
2022,1,29,电子商务,A478,周口师范学院,4,188378
2022,1,30,人力资源管理,A478,周口师范学院,4,178528
2022,1,31,财务管理,A478,周口师范学院,4,175717
2022,1,33,国际经济与贸易,A478,周口师范学院,2,181249
2022,1,35,心理学(师范类),A478,周口师范学院,2,154819
2022,1,37,生物科学(师范类),A478,周口师范学院,4,140951
2022,1,38,化学(师范类),A478,周口师范学院,4,153827
2022,1,39,物理学(师范类),A478,周口师范学院,2,167664
2022,1,40,数学与应用数学(师范类),A478,周口师范学院,2,170053
2022,1,41,思想政治教育(师范类),A478,周口师范学院,2,141007
2022,1,42,历史学(师范类),A478,周口师范学院,2,132796
2022,1,43,汉语言文学(师范类),A478,周口师范学院,2,123523
2022,1,44,英语(师范类),A478,周口师范学院,2,130687
2022,1,45,学前教育(师范类),A478,周口师范学院,2,159236
2022,1,8K,网络与新媒体,A478,周口师范学院,7,168298
2022,1,8L,智能科学与技术,A478,周口师范学院,2,198246
2022,1,8P,经济学,A478,周口师范学院,2,182323
2022,1,8S,机械电子工程,A478,周口师范学院,2,205223
2022,1,90,小学教育(师范类),A478,周口师范学院,2,143299
2022,1,Z4,计算机科学与技术(师范类),A478,周口师范学院,4,177461
2022,1,Z5,建筑电气与智能化(电气智能控制),A478,周口师范学院,2,209342
2022,1,Z6,翻译,A478,周口师范学院,2,177004
2022,1,Z7,网络空间安全,A478,周口师范学院,2,191576
2022,1,01,汉语言文学(师范类),A479,安阳师范学院,3,122205
2022,1,03,历史学类,A479,安阳师范学院,4,122562
2022,1,04,计算机科学与技术,A479,安阳师范学院,6,170872
2022,1,07,化学(师范类),A479,安阳师范学院,4,147914
2022,1,09,制药工程,A479,安阳师范学院,3,182031
2022,1,10,物理学(师范类),A479,安阳师范学院,3,165003
2022,1,11,电气工程及其自动化,A479,安阳师范学院,2,187263
2022,1,14,思想政治教育(师范类),A479,安阳师范学院,4,132112
2022,1,16,法学,A479,安阳师范学院,4,149963
2022,1,20,数学与应用数学(师范类),A479,安阳师范学院,4,156560
2022,1,28,国际经济与贸易,A479,安阳师范学院,2,183378
2022,1,37,土木工程,A479,安阳师范学院,3,206280
2022,1,66,社会学,A479,安阳师范学院,3,168286
2022,1,A1,汉语言文学(师范类),A480,许昌学院,5,139267
2022,1,B1,法学,A480,许昌学院,5,150623
2022,1,C1,英语(师范类),A480,许昌学院,10,153203
2022,1,D1,电子商务,A480,许昌学院,10,187899
2022,1,E1,应用心理学,A480,许昌学院,5,167362
2022,1,E2,学前教育(师范类),A480,许昌学院,5,168994
2022,1,E3,小学教育(师范类),A480,许昌学院,5,153147
2022,1,G1,数学与应用数学(师范类),A480,许昌学院,8,172615
2022,1,H3,电子信息工程,A480,许昌学院,5,191338
2022,1,J4,纳米材料与技术,A480,许昌学院,8,201606
2022,1,K1,地理科学(师范类),A480,许昌学院,5,151263
2022,1,K4,风景园林,A480,许昌学院,5,187454
2022,1,L2,数字媒体技术,A480,许昌学院,5,182827
2022,1,L3,物联网工程,A480,许昌学院,10,200716
2022,1,L5,数据科学与大数据技术,A480,许昌学院,10,201116
2022,1,M1,食品科学与工程,A480,许昌学院,5,187309
2022,1,N2,工程造价,A480,许昌学院,5,205324
2022,1,20,法学,A481,南阳师范学院,10,149950
2022,1,21,政治学与行政学,A481,南阳师范学院,5,168995
2022,1,26,制药工程,A481,南阳师范学院,8,184458
2022,1,27,机械类,A481,南阳师范学院,14,210534
2022,1,30,自动化,A481,南阳师范学院,8,199687
2022,1,32,软件工程(软件开发方向),A481,南阳师范学院,16,197212
2022,1,36,计算机类,A481,南阳师范学院,14,192449
2022,1,42,国际经济与贸易,A481,南阳师范学院,10,191136
2022,1,49,生物工程,A481,南阳师范学院,6,176815
2022,1,51,农学,A481,南阳师范学院,8,194569
2022,1,54,统计学,A481,南阳师范学院,10,186507
2022,1,56,环境科学与工程,A481,南阳师范学院,6,215538
2022,1,59,土木类,A481,南阳师范学院,14,210809
2022,1,66,汉语言文学(师范类),A481,南阳师范学院,4,120760
2022,1,69,电子信息类,A481,南阳师范学院,12,199734
2022,1,70,智能感知工程,A481,南阳师范学院,5,210437
2022,1,71,新闻学,A481,南阳师范学院,8,157025
2022,1,01,思想政治教育(师范类),A482,洛阳师范学院,6,110190
2022,1,02,汉语言文学(师范类),A482,洛阳师范学院,6,101173
2022,1,05,历史学(师范类),A482,洛阳师范学院,6,114308
2022,1,10,英语(师范类),A482,洛阳师范学院,6,111589
2022,1,11,日语,A482,洛阳师范学院,6,148180
2022,1,13,数学与应用数学(师范类),A482,洛阳师范学院,6,133280
2022,1,15,应用统计学,A482,洛阳师范学院,6,159214
2022,1,19,化学(师范类),A482,洛阳师范学院,6,123821
2022,1,42,教育学(师范类),A482,洛阳师范学院,6,125591
2022,1,45,生物科学(师范类),A482,洛阳师范学院,6,122213
2022,1,47,国际经济与贸易,A482,洛阳师范学院,6,157546
2022,1,48,会计学,A482,洛阳师范学院,6,131792
2022,1,53,土地资源管理,A482,洛阳师范学院,6,173422
2022,1,56,地理科学(师范类),A482,洛阳师范学院,6,126461
2022,1,01,汉语言文学(师范类),A483,商丘师范学院,3,112177
2022,1,02,文化产业管理,A483,商丘师范学院,2,171045
2022,1,03,历史学(师范类),A483,商丘师范学院,2,124201
2022,1,04,秘书学,A483,商丘师范学院,2,168790
2022,1,05,金融数学,A483,商丘师范学院,1,164965
2022,1,06,统计学,A483,商丘师范学院,2,171970
2022,1,07,数学与应用数学(师范类),A483,商丘师范学院,3,142240
2022,1,08,物理学(师范类),A483,商丘师范学院,2,155768
2022,1,09,通信工程,A483,商丘师范学院,2,186020
2022,1,10,汽车服务工程,A483,商丘师范学院,2,207953
2022,1,11,电气工程及其自动化,A483,商丘师范学院,2,174849
2022,1,12,电子信息工程,A483,商丘师范学院,2,183018
2022,1,13,自动化,A483,商丘师范学院,2,175398
2022,1,14,新能源科学与工程,A483,商丘师范学院,3,180256
2022,1,15,制药工程,A483,商丘师范学院,2,170998
2022,1,16,化学(师范类),A483,商丘师范学院,2,140991
2022,1,17,材料科学与工程,A483,商丘师范学院,3,192772
2022,1,18,英语(师范类),A483,商丘师范学院,3,124693
2022,1,19,翻译,A483,商丘师范学院,2,156942
2022,1,21,商务英语,A483,商丘师范学院,1,150369
2022,1,22,法学,A483,商丘师范学院,2,133203
2022,1,23,社会工作,A483,商丘师范学院,3,177788
2022,1,27,生物科学(师范类),A483,商丘师范学院,2,133482
2022,1,28,生物工程,A483,商丘师范学院,4,177579
2022,1,29,食品科学与工程,A483,商丘师范学院,2,175370
2022,1,33,电子商务,A483,商丘师范学院,2,175950
2022,1,34,物联网工程,A483,商丘师范学院,2,178323
2022,1,35,人工智能,A483,商丘师范学院,2,184540
2022,1,40,学前教育(师范类),A483,商丘师范学院,2,147648
2022,1,42,教育学(师范类),A483,商丘师范学院,2,142187
2022,1,43,城乡规划,A483,商丘师范学院,2,161709
2022,1,44,园林,A483,商丘师范学院,2,188667
2022,1,45,测绘工程,A483,商丘师范学院,2,176365
2022,1,46,地理科学(师范类),A483,商丘师范学院,3,130863
2022,1,49,广播电视学,A483,商丘师范学院,2,154256
2022,1,50,网络与新媒体,A483,商丘师范学院,2,152359
2022,1,51,物流管理,A483,商丘师范学院,1,173230
2022,1,52,经济学,A483,商丘师范学院,2,160968
2022,1,53,财务管理,A483,商丘师范学院,1,148109
2022,1,54,国际经济与贸易,A483,商丘师范学院,1,171284
2022,1,55,投资学,A483,商丘师范学院,2,174432
2022,1,56,建筑电气与智能化,A483,商丘师范学院,3,207339
2022,1,57,建筑学,A483,商丘师范学院,3,176275
2022,1,58,土木工程,A483,商丘师范学院,2,187361
2022,1,04,管理科学与工程类,A484,河南财经政法大学,2,101759
2022,1,05,房地产开发与管理,A484,河南财经政法大学,2,134371
2022,1,07,金融学类,A484,河南财经政法大学,2,58466
2022,1,13,财务管理,A484,河南财经政法大学,2,52828
2022,1,14,会计学,A484,河南财经政法大学,2,42706
2022,1,19,经济学类,A484,河南财经政法大学,2,57728
2022,1,31,外国语言文学类,A484,河南财经政法大学,2,60056
2022,1,AB,法学,A484,河南财经政法大学,7,47706
2022,1,CA,财政学类,A484,河南财经政法大学,2,56444
2022,1,CD,社会学类,A484,河南财经政法大学,2,70542
2022,1,H1,金融学(中外合作办学),A484,河南财经政法大学,6,100298
2022,1,H2,人文地理与城乡规划(中外合作办学),A484,河南财经政法大学,4,133235
2022,1,01,工商管理类,A485,郑州航空工业管理学院,8,141987
2022,1,03,工业工程类,A485,郑州航空工业管理学院,3,167772
2022,1,04,物流管理与工程类,A485,郑州航空工业管理学院,3,165850
2022,1,08,金融学类,A485,郑州航空工业管理学院,3,163903
2022,1,10,信息管理与信息系统,A485,郑州航空工业管理学院,2,160175
2022,1,11,机械类,A485,郑州航空工业管理学院,4,164081
2022,1,12,电气工程及其自动化,A485,郑州航空工业管理学院,2,146600
2022,1,13,数学与应用数学,A485,郑州航空工业管理学院,2,158290
2022,1,14,安全工程,A485,郑州航空工业管理学院,2,170366
2022,1,17,计算机类,A485,郑州航空工业管理学院,2,142931
2022,1,18,电子信息类,A485,郑州航空工业管理学院,2,146954
2022,1,20,材料类,A485,郑州航空工业管理学院,2,181736
2022,1,21,土木类,A485,郑州航空工业管理学院,2,170374
2022,1,22,工程管理,A485,郑州航空工业管理学院,2,179086
2022,1,26,中国语言文学类,A485,郑州航空工业管理学院,4,151920
2022,1,29,外国语言文学类,A485,郑州航空工业管理学院,2,148461
2022,1,33,飞行器质量与可靠性,A485,郑州航空工业管理学院,2,160142
2022,1,35,无人驾驶航空器系统工程,A485,郑州航空工业管理学院,2,169921
2022,1,36,人工智能,A485,郑州航空工业管理学院,3,152322
2022,1,45,飞行器设计与工程(中外合作办学),A485,郑州航空工业管理学院,6,214792
2022,1,46,质量管理工程(中外合作办学),A485,郑州航空工业管理学院,3,211331
2022,1,47,信息管理与信息系统(中外合作办学),A485,郑州航空工业管理学院,3,215710
2022,1,48,自动化(中外合作办学),A485,郑州航空工业管理学院,3,197218
2022,1,49,材料成型及控制工程(中外合作办学),A485,郑州航空工业管理学院,3,224056
2022,1,A1,中国语言文学类(含中国语言文学国家拔尖学生培养基地),A486,武汉大学,5,2238
2022,1,B2,社会学(知行试验班),A486,武汉大学,2,2976
2022,1,B4,物理学类(含物理学国家拔尖学生培养基地),A486,武汉大学,9,2016
2022,1,C1,理科试验班(弘毅学堂),A486,武汉大学,3,984
2022,1,C2,哲学类(含哲学国家拔尖学生培养基地),A486,武汉大学,2,2098
2022,1,C7,理科试验班(空间信息与资源环境类),A486,武汉大学,4,2964
2022,1,C8,信息管理与信息系统,A486,武汉大学,3,2497
2022,1,D5,口腔医学(八年制),A486,武汉大学,2,867
2022,1,D6,口腔医学(五年制),A486,武汉大学,2,1895
2022,1,G3,测绘类(含卓越工程师教育培养计划),A486,武汉大学,10,3031
2022,1,G7,国际经济与贸易(弘毅学堂数字贸易与金融试验班),A486,武汉大学,2,1617
2022,1,G8,临床医学(八年制，弘毅学堂),A486,武汉大学,2,1015
2022,1,N3,文科试验班类(弘毅学堂PLE试验班),A486,武汉大学,2,1257
2022,1,N4,工科试验班(弘毅学堂),A486,武汉大学,2,1124
2022,1,Q9,外国语言文学类,A486,武汉大学,2,2625
2022,1,QB,经济学类(含经济学国家拔尖学生培养基地),A486,武汉大学,8,1921
2022,1,QD,工商管理类,A486,武汉大学,8,3588
2022,1,QF,公共管理类,A486,武汉大学,2,3075
2022,1,QH,数学类(含数学国家拔尖学生培养基地),A486,武汉大学,6,1633
2022,1,QK,化学类(含化学国家拔尖学生培养基地),A486,武汉大学,7,2559
2022,1,QM,生物科学类(含生物国家拔尖学生培养基地),A486,武汉大学,6,1883
2022,1,QP,计算机类(国家网络安全学院),A486,武汉大学,13,1745
2022,1,QR,新闻传播学类(含卓越新闻传播人才教育培养计划),A486,武汉大学,4,2162
2022,1,QT,法学(含国际法试验班),A486,武汉大学,10,1794
2022,1,QV,人文科学试验班(弘毅学堂),A486,武汉大学,2,1711
2022,1,QX,金融学类(弘毅学堂数理经济与数理金融试验班),A486,武汉大学,2,1089
2022,1,QZ,临床医学(八年制),A486,武汉大学,2,1172
2022,1,R1,临床医学(5+3一体化),A486,武汉大学,7,1718
2022,1,R3,计算机类(计算机学院),A486,武汉大学,14,1430
2022,1,R5,电子信息类(含卓越工程师教育培养计划),A486,武汉大学,14,2177
2022,1,R8,遥感科学与技术,A486,武汉大学,12,2472
2022,1,RA,工科试验班(包含卓越工程师教育培养计划),A486,武汉大学,22,2803
2022,1,02,物理学类,A487,华中科技大学,5,2113
2022,1,04,机械类,A487,华中科技大学,14,2571
2022,1,05,材料类,A487,华中科技大学,12,3946
2022,1,06,能源动力类,A487,华中科技大学,10,3023
2022,1,0A,航空航天类,A487,华中科技大学,4,2757
2022,1,0G,电气工程及其自动化,A487,华中科技大学,12,1735
2022,1,0H,生物医学工程类(国家生命科学与技术人才试验班),A487,华中科技大学,7,2998
2022,1,0M,电子信息类(电信学院),A487,华中科技大学,15,1968
2022,1,0N,电子信息类(光电学院),A487,华中科技大学,10,1463
2022,1,0P,计算机类(计算机学院),A487,华中科技大学,21,1284
2022,1,0U,自动化类,A487,华中科技大学,11,1621
2022,1,15,工商管理类,A487,华中科技大学,5,3619
2022,1,16,管理科学与工程类(大数据管理与供应链优化试验班),A487,华中科技大学,5,3852
2022,1,17,经济学类,A487,华中科技大学,8,3355
2022,1,1H,公共管理类,A487,华中科技大学,2,4059
2022,1,32,电子信息类(启明光电信息本硕博实验班),A487,华中科技大学,5,1055
2022,1,3F,临床医学(本博贯通培养),A487,华中科技大学,3,742
2022,1,3G,临床医学类,A487,华中科技大学,14,1807
2022,1,3T,数学类,A487,华中科技大学,2,2172
2022,1,3Y,经济学(经济学创新实验班),A487,华中科技大学,2,2811
2022,1,4A,光电信息科学与工程(未来技术学院),A487,华中科技大学,2,1091
2022,1,2Z,生物科学(中外合作办学),A487,华中科技大学,10,19641
2022,1,01,机械类,A488,武汉科技大学,8,35373
2022,1,02,计算机类,A488,武汉科技大学,6,27225
2022,1,03,自动化类,A488,武汉科技大学,13,32330
2022,1,05,土木类,A488,武汉科技大学,4,42616
2022,1,0F,材料类,A488,武汉科技大学,18,52705
2022,1,0G,应用化学,A488,武汉科技大学,2,33458
2022,1,0L,化工与制药类,A488,武汉科技大学,4,40994
2022,1,0N,临床医学,A488,武汉科技大学,4,24263
2022,1,0R,工商管理类,A488,武汉科技大学,8,39268
2022,1,0S,外国语言文学类,A488,武汉科技大学,4,40571
2022,1,0T,德语,A488,武汉科技大学,4,52580
2022,1,0U,经济与贸易类,A488,武汉科技大学,5,41578
2022,1,14,行政管理,A488,武汉科技大学,2,42210
2022,1,01,新闻传播学类,A489,长江大学,1,49215
2022,1,02,历史学(师范),A489,长江大学,1,48521
2022,1,03,中国语言文学类(师范类),A489,长江大学,3,55565
2022,1,04,外国语言文学类(师范类),A489,长江大学,2,57579
2022,1,05,日语(语言、商务),A489,长江大学,3,78734
2022,1,06,教育学类(师范类),A489,长江大学,4,53696
2022,1,07,经济学类,A489,长江大学,5,63992
2022,1,08,金融学(含荆楚卓越人才协同育人计划),A489,长江大学,2,56621
2022,1,09,工商管理类,A489,长江大学,14,71946
2022,1,10,信息管理与信息系统,A489,长江大学,4,83307
2022,1,11,法学类,A489,长江大学,2,53355
2022,1,12,思想政治教育(师范),A489,长江大学,2,54814
2022,1,13,数学类(师范),A489,长江大学,3,70170
2022,1,14,光电信息科学与工程,A489,长江大学,3,63233
2022,1,17,化学类(师范类),A489,长江大学,6,77768
2022,1,18,环境工程,A489,长江大学,5,88408
2022,1,20,工业设计(智能化产品),A489,长江大学,2,73558
2022,1,21,机械类(教育部卓越工程师、省支柱产业人才培养计划),A489,长江大学,6,74934
2022,1,22,电子信息类(教育部卓越工程师、省支柱产业人才培养计划),A489,长江大学,4,51743
2022,1,24,测控技术与仪器(智能感知),A489,长江大学,2,82664
2022,1,26,计算机类,A489,长江大学,8,52719
2022,1,27,信息安全,A489,长江大学,2,55215
2022,1,28,土木类,A489,长江大学,10,91816
2022,1,29,建筑类,A489,长江大学,4,62785
2022,1,31,环境科学与工程类,A489,长江大学,7,88306
2022,1,32,地球物理学类(国家特色专业，含教育部卓越工程师培养计划),A489,长江大学,12,78748
2022,1,33,数据科学与大数据技术,A489,长江大学,2,52837
2022,1,34,资源勘查工程(石油勘探、新能源、油气测录工程),A489,长江大学,7,84661
2022,1,35,地质学,A489,长江大学,5,73105
2022,1,36,地球信息科学与技术,A489,长江大学,7,77891
2022,1,38,海洋油气工程,A489,长江大学,8,80506
2022,1,39,石油工程(含中俄能源方向、教育部卓越工程师培养计划),A489,长江大学,14,79697
2022,1,40,油气储运工程(含中俄能源方向),A489,长江大学,8,82352
2022,1,42,植物生产类(含教育部卓越农林、省支柱产业人才培养计划),A489,长江大学,11,101849
2022,1,43,农业资源与环境(生态农业),A489,长江大学,4,104179
2022,1,45,园艺(教育部卓越农林、省荆楚卓越人才计划),A489,长江大学,6,103476
2022,1,46,风景园林,A489,长江大学,5,70368
2022,1,48,动物医学类(含教育部卓越农林人才教育培养计划),A489,长江大学,11,82953
2022,1,49,生物科学类,A489,长江大学,5,71626
2022,1,50,食品科学与工程类,A489,长江大学,4,81517
2022,1,51,临床医学(含教育部卓越医生、省荆楚卓越人才育人计划),A489,长江大学,2,35286
2022,1,52,中西医临床医学,A489,长江大学,1,47452
2022,1,53,医学技术类,A489,长江大学,2,68053
2022,1,54,护理学,A489,长江大学,7,99934
2022,1,55,园林(教育部卓越农林培养计划),A489,长江大学,2,84812
2022,1,56,地理信息科学(含省支柱产业人才计划),A489,长江大学,6,63385
2022,1,58,化工与制药类,A489,长江大学,6,89194
2022,1,H1,土木工程(中外合作办学),A489,长江大学,13,198924
2022,1,01,化学工程与工艺(智能化工、精细化学品、电子化学品材料方向),A490,武汉工程大学,2,35948
2022,1,04,制药工程,A490,武汉工程大学,3,47101
2022,1,05,药物制剂,A490,武汉工程大学,3,54593
2022,1,06,机器人工程,A490,武汉工程大学,2,42076
2022,1,07,机械电子工程(半导体芯片方向),A490,武汉工程大学,2,43447
2022,1,08,机械设计制造及其自动化(智能制造方向),A490,武汉工程大学,4,43701
2022,1,09,过程装备与控制工程(含智能装备与控制、新能源装备方向),A490,武汉工程大学,4,48091
2022,1,0B,材料成型及控制工程(智能成型与增材制造方向),A490,武汉工程大学,3,78073
2022,1,0C,电气工程及其自动化,A490,武汉工程大学,5,38966
2022,1,0D,电子信息工程(含集成电路设计、模式识别与智能系统方向),A490,武汉工程大学,3,39638
2022,1,0E,通信工程(融合通信与智慧互联方向),A490,武汉工程大学,3,40673
2022,1,0F,信息工程(含智能信息处理、信息系统工程方向),A490,武汉工程大学,4,41538
2022,1,0G,测控技术与仪器(智能传感器及智能化工程方向),A490,武汉工程大学,4,51475
2022,1,0H,自动化(含智能机器人、智能控制与技术方向),A490,武汉工程大学,3,40964
2022,1,0L,建筑类,A490,武汉工程大学,3,46241
2022,1,0M,材料类,A490,武汉工程大学,3,52678
2022,1,0Q,材料物理(半导体芯片制造方向),A490,武汉工程大学,2,48569
2022,1,0S,新能源材料与器件(光电与智能材料方向),A490,武汉工程大学,2,45730
2022,1,0U,电子商务(国家级一流本科专业),A490,武汉工程大学,2,47984
2022,1,0W,会计学(含大数据会计、智能财务方向),A490,武汉工程大学,4,46325
2022,1,0X,会计学(辅修英语专业双学位),A490,武汉工程大学,2,42027
2022,1,0Z,信息管理与信息系统(商务智能决策方向),A490,武汉工程大学,2,59332
2022,1,11,计算机类,A490,武汉工程大学,5,34608
2022,1,12,软件工程,A490,武汉工程大学,2,32055
2022,1,13,人工智能,A490,武汉工程大学,2,35210
2022,1,14,人工智能(机器人方向特色班),A490,武汉工程大学,3,38123
2022,1,15,人工智能(深度学习方向特色班),A490,武汉工程大学,2,37721
2022,1,16,法学类,A490,武汉工程大学,3,39197
2022,1,17,知识产权(大数据与网络法学方向),A490,武汉工程大学,2,40901
2022,1,1C,环境工程,A490,武汉工程大学,3,50853
2022,1,1D,应用化学,A490,武汉工程大学,5,46824
2022,1,1E,光电信息科学与工程(含微电子、光器件方向),A490,武汉工程大学,4,38107
2022,1,1F,能源与动力工程,A490,武汉工程大学,5,47055
2022,1,1G,信息与计算科学,A490,武汉工程大学,3,41757
2022,1,1H,数据科学与大数据技术,A490,武汉工程大学,3,39324
2022,1,1J,英语(含文化传播、英语教育、商务方向),A490,武汉工程大学,4,46543
2022,1,1K,英语(辅修法学专业双学位),A490,武汉工程大学,2,40870
2022,1,1M,汉语国际教育(含文化传播、智慧教学方向),A490,武汉工程大学,3,43534
2022,1,1N,工业设计,A490,武汉工程大学,3,45102
2022,1,1T,应急技术与管理,A490,武汉工程大学,3,71379
2022,1,22,化学工程与工艺(辅修英语专业双学位),A490,武汉工程大学,2,41833
2022,1,26,生物科学类,A490,武汉工程大学,3,47428
2022,1,25,化学工程与工艺(中外合作办学),A490,武汉工程大学,5,111915
2022,1,01,地质学类(国家拔尖计划，国家理科基地班),A491,中国地质大学(武汉),6,19213
2022,1,02,地质学类,A491,中国地质大学(武汉),3,24106
2022,1,05,材料类,A491,中国地质大学(武汉),9,27304
2022,1,06,大气科学,A491,中国地质大学(武汉),5,22147
2022,1,10,地球物理学(国家拔尖计划),A491,中国地质大学(武汉),5,22209
2022,1,13,电子信息类,A491,中国地质大学(武汉),21,20854
2022,1,15,经济学类,A491,中国地质大学(武汉),14,19381
2022,1,18,地理科学类,A491,中国地质大学(武汉),9,23817
2022,1,19,测绘类(测绘与信息类),A491,中国地质大学(武汉),16,27801
2022,1,20,数学类,A491,中国地质大学(武汉),8,21394
2022,1,22,宝石及材料工艺学,A491,中国地质大学(武汉),6,29138
2022,1,24,公共管理类(文法),A491,中国地质大学(武汉),6,18127
2022,1,29,广播电视学,A491,中国地质大学(武汉),4,21847
2022,1,33,地质类(资源能源),A491,中国地质大学(武汉),13,29474
2022,1,35,应用化学,A491,中国地质大学(武汉),5,25525
2022,1,37,环境科学与工程类(环境地球科学类),A491,中国地质大学(武汉),14,30309
2022,1,39,海洋科学类,A491,中国地质大学(武汉),7,29844
2022,1,3B,自动化类,A491,中国地质大学(武汉),13,22077
2022,1,3D,英语,A491,中国地质大学(武汉),8,23012
2022,1,3F,计算机类,A491,中国地质大学(武汉),20,16757
2022,1,3H,思想政治教育,A491,中国地质大学(武汉),3,20148
2022,1,08,地下水科学与工程(中外合作办学),A491,中国地质大学(武汉),6,48262
2022,1,27,计算机科学与技术(中外合作办学)(大数据方向),A491,中国地质大学(武汉),6,33550
2022,1,12,服装设计与工程,A495,武汉纺织大学,4,94247
2022,1,22,纺织类,A495,武汉纺织大学,6,102057
2022,1,24,工商管理类,A495,武汉纺织大学,4,83126
2022,1,28,化学类,A495,武汉纺织大学,4,96433
2022,1,46,计算机类,A495,武汉纺织大学,5,61404
2022,1,4L,大数据管理与应用,A495,武汉纺织大学,2,78224
2022,1,01,食品科学与工程类,A496,武汉轻工大学,3,67973
2022,1,10,机械类,A496,武汉轻工大学,3,66426
2022,1,15,电子信息类,A496,武汉轻工大学,4,60386
2022,1,18,计算机类,A496,武汉轻工大学,3,56958
2022,1,20,工商管理类,A496,武汉轻工大学,3,63421
2022,1,25,金融学(大数据金融实验班),A496,武汉轻工大学,3,63195
2022,1,02,材料类,A497,武汉理工大学,25,20424
2022,1,03,交通运输类,A497,武汉理工大学,12,20503
2022,1,04,机械设计制造及其自动化,A497,武汉理工大学,13,17394
2022,1,09,机械类(车辆),A497,武汉理工大学,31,21130
2022,1,10,材料成型及控制工程,A497,武汉理工大学,9,25174
2022,1,12,土木类,A497,武汉理工大学,30,26647
2022,1,13,建筑类,A497,武汉理工大学,4,19056
2022,1,14,地理信息科学,A497,武汉理工大学,6,19936
2022,1,15,环境科学与工程类,A497,武汉理工大学,10,25881
2022,1,16,电子信息类,A497,武汉理工大学,30,15045
2022,1,17,计算机类,A497,武汉理工大学,24,13262
2022,1,18,自动化类,A497,武汉理工大学,28,16200
2022,1,19,导航工程,A497,武汉理工大学,6,18947
2022,1,23,应用化学,A497,武汉理工大学,6,20579
2022,1,24,化工与制药类(含生物方向),A497,武汉理工大学,28,23922
2022,1,25,信息管理与信息系统,A497,武汉理工大学,4,17317
2022,1,26,工商管理类,A497,武汉理工大学,22,21334
2022,1,27,经济学类,A497,武汉理工大学,10,17336
2022,1,28,电子商务,A497,武汉理工大学,5,21259
2022,1,31,工业设计,A497,武汉理工大学,3,17364
2022,1,32,外国语言文学类,A497,武汉理工大学,13,24133
2022,1,33,思想政治教育,A497,武汉理工大学,5,20063
2022,1,34,法学类,A497,武汉理工大学,15,19007
2022,1,35,新闻传播学类,A497,武汉理工大学,4,18884
2022,1,40,电子信息类(微电子本硕实验班),A497,武汉理工大学,3,12683
2022,1,41,电子信息类(通信本硕实验班),A497,武汉理工大学,4,11878
2022,1,42,交通运输类(本硕实验班),A497,武汉理工大学,3,15478
2022,1,43,机械工程(智能制造本硕实验班),A497,武汉理工大学,4,14375
2022,1,45,物流管理与工程类,A497,武汉理工大学,10,26958
2022,1,47,海洋工程类,A497,武汉理工大学,16,24829
2022,1,49,机械类(智能制造),A497,武汉理工大学,25,20245
2022,1,4B,数学类,A497,武汉理工大学,19,17735
2022,1,4D,管理科学与工程类(大数据管理与安全科学),A497,武汉理工大学,11,20386
2022,1,37,车辆工程(中外合作办学),A497,武汉理工大学,15,36150
2022,1,38,金融学(中外合作办学),A497,武汉理工大学,5,24553
2022,1,39,生物科学类(中外合作办学),A497,武汉理工大学,12,41368
2022,1,01,机械设计制造及其自动化,A500,湖北工业大学,4,44296
2022,1,08,电气工程及其自动化,A500,湖北工业大学,5,35616
2022,1,12,轻化工程,A500,湖北工业大学,3,64045
2022,1,17,生物技术,A500,湖北工业大学,3,54629
2022,1,21,土木工程,A500,湖北工业大学,4,60913
2022,1,24,城乡规划,A500,湖北工业大学,2,57739
2022,1,27,环境工程,A500,湖北工业大学,2,56972
2022,1,36,工商管理类,A500,湖北工业大学,5,49588
2022,1,41,能源经济,A500,湖北工业大学,2,57626
2022,1,55,机械设计制造及其自动化(中外合作办学)(中美合作办学),A500,湖北工业大学,15,129863
2022,1,56,电气工程及其自动化(中外合作办学)(中美合作办学),A500,湖北工业大学,15,111459
2022,1,57,环境工程(中外合作办学)(中美合作办学),A500,湖北工业大学,12,165329
2022,1,58,软件工程(中外合作办学)(中美合作办学),A500,湖北工业大学,13,98845
2022,1,32,生物科学类,A504,华中农业大学,9,19324
2022,1,35,生物工程,A504,华中农业大学,5,23195
2022,1,37,应用化学,A504,华中农业大学,10,30508
2022,1,39,信息与计算科学,A504,华中农业大学,8,25485
2022,1,3B,光电信息科学与工程,A504,华中农业大学,3,23435
2022,1,3D,生物信息学,A504,华中农业大学,3,21412
2022,1,3F,计算机类,A504,华中农业大学,10,21825
2022,1,3J,食品科学与工程类,A504,华中农业大学,12,28269
2022,1,3L,农业工程类,A504,华中农业大学,4,30817
2022,1,3P,机械类,A504,华中农业大学,25,29828
2022,1,3R,园林(国家卓越农林人才计划),A504,华中农业大学,1,20594
2022,1,3U,园艺(国家卓越农林人才计划),A504,华中农业大学,3,24267
2022,1,3W,林学,A504,华中农业大学,4,31394
2022,1,3Y,茶学,A504,华中农业大学,3,33090
2022,1,41,风景园林,A504,华中农业大学,2,21819
2022,1,44,设施农业科学与工程,A504,华中农业大学,1,29556
2022,1,46,水产类,A504,华中农业大学,18,37068
2022,1,49,动物科学(国家卓越农林人才计划),A504,华中农业大学,8,30157
2022,1,4C,动物医学,A504,华中农业大学,11,25696
2022,1,4F,植物生产类,A504,华中农业大学,14,31866
2022,1,4J,智慧农业,A504,华中农业大学,20,29082
2022,1,4L,环境科学与工程类,A504,华中农业大学,16,31566
2022,1,4P,地理信息科学,A504,华中农业大学,3,23252
2022,1,4S,社会学类,A504,华中农业大学,5,25720
2022,1,4V,法学,A504,华中农业大学,2,18956
2022,1,4X,广告学,A504,华中农业大学,7,25435
2022,1,50,经济学类,A504,华中农业大学,23,24561
2022,1,53,工商管理类,A504,华中农业大学,10,25592
2022,1,56,外国语言文学类,A504,华中农业大学,14,26396
2022,1,58,公共管理类,A504,华中农业大学,7,26170
2022,1,5B,管理科学与工程类,A504,华中农业大学,6,27571
2022,1,01,中医学,A507,湖北中医药大学,2,27562
2022,1,02,中医学(美容与康复方向),A507,湖北中医药大学,3,39028
2022,1,05,针灸推拿学,A507,湖北中医药大学,3,52067
2022,1,06,针灸推拿学(针刀方向),A507,湖北中医药大学,3,52915
2022,1,09,康复治疗学,A507,湖北中医药大学,2,52663
2022,1,0A,中西医临床医学,A507,湖北中医药大学,2,32979
2022,1,0D,医学影像技术,A507,湖北中医药大学,3,45938
2022,1,0E,医学实验技术,A507,湖北中医药大学,2,62292
2022,1,0F,中药学,A507,湖北中医药大学,3,40804
2022,1,0G,药学,A507,湖北中医药大学,3,50487
2022,1,0H,制药工程,A507,湖北中医药大学,3,59745
2022,1,0J,药物制剂,A507,湖北中医药大学,3,57520
2022,1,0K,中药资源与开发,A507,湖北中医药大学,3,75003
2022,1,0L,中药制药,A507,湖北中医药大学,3,66446
2022,1,0M,医学检验技术,A507,湖北中医药大学,3,51499
2022,1,0N,生物技术,A507,湖北中医药大学,2,58246
2022,1,0P,卫生检验与检疫,A507,湖北中医药大学,3,61076
2022,1,0Q,食品质量与安全,A507,湖北中医药大学,3,77304
2022,1,0R,护理学,A507,湖北中医药大学,2,78012
2022,1,0S,助产学,A507,湖北中医药大学,2,69133
2022,1,0T,市场营销,A507,湖北中医药大学,2,80186
2022,1,0U,公共事业管理,A507,湖北中医药大学,3,92953
2022,1,0V,国际商务,A507,湖北中医药大学,2,85827
2022,1,0W,物流管理,A507,湖北中医药大学,3,119861
2022,1,0X,保险学,A507,湖北中医药大学,2,88535
2022,1,0Y,信息管理与信息系统,A507,湖北中医药大学,3,112857
2022,1,0Z,医学信息工程,A507,湖北中医药大学,3,91595
2022,1,10,物联网工程,A507,湖北中医药大学,3,76637
2022,1,11,公共事业管理(医事法学方向),A507,湖北中医药大学,2,86870
2022,1,12,应用心理学,A507,湖北中医药大学,2,47717
2022,1,13,汉语国际教育,A507,湖北中医药大学,2,78380
2022,1,14,药事管理,A507,湖北中医药大学,1,68318
2022,1,15,英语,A507,湖北中医药大学,2,61903
2022,1,16,商务英语,A507,湖北中医药大学,2,72971
2022,1,17,运动康复,A507,湖北中医药大学,3,72924
2022,1,18,健康服务与管理,A507,湖北中医药大学,2,105735
2022,1,01,教育学类,A511,华中师范大学,4,13978
2022,1,14,日语,A511,华中师范大学,3,20043
2022,1,15,俄语,A511,华中师范大学,3,21337
2022,1,20,历史学类,A511,华中师范大学,2,8859
2022,1,22,数学类,A511,华中师范大学,1,8498
2022,1,26,物理学类,A511,华中师范大学,2,9172
2022,1,27,电子信息类,A511,华中师范大学,5,14730
2022,1,29,化学类,A511,华中师范大学,9,12496
2022,1,31,生物科学类,A511,华中师范大学,2,11793
2022,1,35,新闻传播学类,A511,华中师范大学,2,13430
2022,1,37,计算机类,A511,华中师范大学,2,12393
2022,1,44,管理科学与工程类,A511,华中师范大学,5,19975
2022,1,45,信息资源管理,A511,华中师范大学,2,18634
2022,1,50,社会学类,A511,华中师范大学,7,18628
2022,1,51,公共管理类,A511,华中师范大学,4,17731
2022,1,52,政治学类,A511,华中师范大学,2,11649
2022,1,53,经济学类,A511,华中师范大学,4,14361
2022,1,01,工商管理类,A512,湖北大学,3,37896
2022,1,03,经济学类,A512,湖北大学,3,33113
2022,1,05,公共管理类,A512,湖北大学,4,42224
2022,1,08,中国语言文学类,A512,湖北大学,2,25953
2022,1,09,心理学,A512,湖北大学,2,37707
2022,1,10,外国语言文学类,A512,湖北大学,3,34559
2022,1,12,法语,A512,湖北大学,4,47382
2022,1,13,葡萄牙语,A512,湖北大学,2,57658
2022,1,15,物理学,A512,湖北大学,3,36116
2022,1,16,电子信息类(物电),A512,湖北大学,4,33657
2022,1,22,生物科学类,A512,湖北大学,3,38503
2022,1,23,生物工程,A512,湖北大学,2,38667
2022,1,25,化学类,A512,湖北大学,4,39129
2022,1,30,地理科学类,A512,湖北大学,3,38352
2022,1,31,材料类,A512,湖北大学,3,42438
2022,1,33,新闻传播学类,A512,湖北大学,3,31064
2022,1,35,计算机类,A512,湖北大学,4,30853
2022,1,S7,思想政治教育(师范类),A512,湖北大学,4,34311
2022,1,S8,历史学(师范类),A512,湖北大学,3,31738
2022,1,39,材料科学与工程(中外合作办学),A512,湖北大学,12,111537
2022,1,40,软件工程(中外合作办学),A512,湖北大学,12,76619
2022,1,41,电子信息工程(中外合作办学),A512,湖北大学,12,77065
2022,1,24,经济学类,A513,湖北师范大学,2,61007
2022,1,25,财务管理,A513,湖北师范大学,2,66928
2022,1,26,财务会计教育(师范类),A513,湖北师范大学,2,69805
2022,1,27,法学,A513,湖北师范大学,2,45535
2022,1,28,行政管理,A513,湖北师范大学,2,71707
2022,1,29,应用心理学(师范类),A513,湖北师范大学,2,51230
2022,1,30,教育学类(师范类),A513,湖北师范大学,2,54936
2022,1,31,学前教育(师范类),A513,湖北师范大学,2,81899
2022,1,34,日语(师范类),A513,湖北师范大学,4,85608
2022,1,36,历史学(师范类),A513,湖北师范大学,1,45147
2022,1,37,旅游管理与服务教育,A513,湖北师范大学,1,102164
2022,1,38,思想政治教育(师范类),A513,湖北师范大学,2,43729
2022,1,39,汉语言文学(师范类),A513,湖北师范大学,2,29925
2022,1,40,汉语国际教育(师范类),A513,湖北师范大学,2,47586
2022,1,41,广播电视学,A513,湖北师范大学,2,66831
2022,1,43,数学与应用数学(师范类),A513,湖北师范大学,3,45899
2022,1,45,物理学(师范类),A513,湖北师范大学,8,65008
2022,1,46,集成电路设计与集成系统,A513,湖北师范大学,4,87789
2022,1,48,化学类,A513,湖北师范大学,3,62641
2022,1,49,化学工程与工艺,A513,湖北师范大学,3,96631
2022,1,50,地理科学类,A513,湖北师范大学,4,67074
2022,1,51,环境工程,A513,湖北师范大学,3,121718
2022,1,52,生物科学类,A513,湖北师范大学,3,60223
2022,1,54,食品科学与工程,A513,湖北师范大学,2,92701
2022,1,55,电气工程及其自动化,A513,湖北师范大学,2,86230
2022,1,56,自动化类,A513,湖北师范大学,2,85895
2022,1,58,教育技术学(师范类),A513,湖北师范大学,2,72676
2022,1,63,电子信息工程(中外合作办学),A513,湖北师范大学,12,179402
2022,1,01,思想政治教育(师范类),A514,黄冈师范学院,4,121430
2022,1,05,汉语言文学(师范类),A514,黄冈师范学院,4,118284
2022,1,11,历史学(师范类),A514,黄冈师范学院,4,123909
2022,1,13,英语(师范类),A514,黄冈师范学院,4,119870
2022,1,33,电子信息类,A514,黄冈师范学院,5,179687
2022,1,53,计算机类,A514,黄冈师范学院,5,175709
2022,1,56,机械类,A514,黄冈师范学院,5,191292
2022,1,59,飞行器制造工程,A514,黄冈师范学院,5,222471
2022,1,1A,汉语言文学,A517,湖北民族大学,2,99285
2022,1,1C,医学影像技术,A517,湖北民族大学,2,126999
2022,1,3B,化学,A517,湖北民族大学,2,145456
2022,1,3E,城乡规划,A517,湖北民族大学,2,136921
2022,1,4D,日语,A517,湖北民族大学,2,137164
2022,1,7B,临床医学,A517,湖北民族大学,2,97141
2022,1,9C,食品科学与工程,A517,湖北民族大学,2,138427
2022,1,0V,化学(师范类),A518,汉江师范学院,1,144677
2022,1,06,汉语言文学,A519,湖北文理学院,2,122641
2022,1,13,计算机类,A519,湖北文理学院,2,152407
2022,1,02,国际政治,A520,中南财经政法大学,4,14967
2022,1,03,社会学,A520,中南财经政法大学,1,13476
2022,1,04,经济学类,A520,中南财经政法大学,11,12346
2022,1,05,国际商务,A520,中南财经政法大学,3,15921
2022,1,06,财政学类,A520,中南财经政法大学,14,12875
2022,1,07,金融学类,A520,中南财经政法大学,12,11044
2022,1,09,管理科学与工程类,A520,中南财经政法大学,1,16721
2022,1,0C,外国语言文学类,A520,中南财经政法大学,6,17047
2022,1,0D,日语,A520,中南财经政法大学,2,19420
2022,1,0E,法语,A520,中南财经政法大学,4,19951
2022,1,0G,新闻传播学类,A520,中南财经政法大学,2,14428
2022,1,0H,汉语言文学,A520,中南财经政法大学,2,13537
2022,1,0N,经济与贸易类,A520,中南财经政法大学,11,14274
2022,1,0P,工商管理类(会计学院),A520,中南财经政法大学,10,11212
2022,1,0R,劳动关系,A520,中南财经政法大学,2,16695
2022,1,0T,金融数学,A520,中南财经政法大学,4,12688
2022,1,0V,环境工程,A520,中南财经政法大学,1,20967
2022,1,0Y,经济管理试验班,A520,中南财经政法大学,10,10219
2022,1,0Z,金融学类(保险精算),A520,中南财经政法大学,4,11621
2022,1,11,法学类,A520,中南财经政法大学,26,8485
2022,1,13,工商管理类,A520,中南财经政法大学,10,14908
2022,1,15,公共管理类,A520,中南财经政法大学,7,16689
2022,1,17,统计学类,A520,中南财经政法大学,11,13758
2022,1,19,计算机类,A520,中南财经政法大学,13,16993
2022,1,01,思想政治教育,A524,中南民族大学,3,47576
2022,1,03,社会学类,A524,中南民族大学,3,54883
2022,1,05,经济学类,A524,中南民族大学,5,49170
2022,1,08,外国语言文学类,A524,中南民族大学,4,44351
2022,1,09,日语,A524,中南民族大学,3,56244
2022,1,11,工商管理类,A524,中南民族大学,4,53740
2022,1,12,公共管理类,A524,中南民族大学,4,62236
2022,1,14,教育学类,A524,中南民族大学,7,52369
2022,1,15,数学类,A524,中南民族大学,8,71665
2022,1,17,电子信息类,A524,中南民族大学,12,62775
2022,1,18,自动化类,A524,中南民族大学,4,66658
2022,1,19,计算机类,A524,中南民族大学,10,57723
2022,1,20,生物医学工程类,A524,中南民族大学,8,85803
2022,1,22,管理科学与工程类,A524,中南民族大学,6,83161
2022,1,23,材料类,A524,中南民族大学,6,80722
2022,1,24,环境科学与工程类,A524,中南民族大学,9,80089
2022,1,25,化学类,A524,中南民族大学,6,75890
2022,1,26,药学类,A524,中南民族大学,9,71579
2022,1,27,生物科学类,A524,中南民族大学,9,66047
2022,1,0E,车辆工程,A525,湖北汽车工业学院,2,121567
2022,1,15,车辆工程(中外合作办学)(中英合作),A525,湖北汽车工业学院,4,219872
2022,1,21,英语,A528,湖北工程学院,1,136366
2022,1,51,经济学,A528,湖北工程学院,1,106232
2022,1,52,金融工程,A528,湖北工程学院,2,136622
2022,1,95,数据科学与大数据技术,A528,湖北工程学院,1,76608
2022,1,D1,机械设计制造及其自动化,A528,湖北工程学院,1,152452
2022,1,L3,电子信息类,A528,湖北工程学院,1,136084
2022,1,L4,计算机类,A528,湖北工程学院,1,71215
2022,1,L6,自动化类,A528,湖北工程学院,1,127292
2022,1,01,哲学,A530,湘潭大学,3,33059
2022,1,02,社会学,A530,湘潭大学,3,30971
2022,1,03,历史学,A530,湘潭大学,4,28002
2022,1,05,中国共产党历史,A530,湘潭大学,3,30050
2022,1,06,思想政治教育,A530,湘潭大学,3,26748
2022,1,07,马克思主义理论,A530,湘潭大学,3,27676
2022,1,08,经济学,A530,湘潭大学,4,29244
2022,1,09,经济学类(韶峰班),A530,湘潭大学,2,24452
2022,1,10,金融学,A530,湘潭大学,3,28058
2022,1,12,国际经济与贸易,A530,湘潭大学,4,33942
2022,1,13,工商管理,A530,湘潭大学,4,34760
2022,1,14,会计学,A530,湘潭大学,4,29617
2022,1,19,旅游管理,A530,湘潭大学,4,43008
2022,1,21,信息管理与信息系统,A530,湘潭大学,4,35774
2022,1,22,应急管理,A530,湘潭大学,3,55632
2022,1,23,行政管理,A530,湘潭大学,3,30845
2022,1,27,法学(卓越班),A530,湘潭大学,2,17691
2022,1,28,法学,A530,湘潭大学,3,19145
2022,1,29,知识产权,A530,湘潭大学,4,24700
2022,1,30,信用风险管理与法律防控,A530,湘潭大学,4,28825
2022,1,31,汉语言文学,A530,湘潭大学,4,26628
2022,1,33,新闻学,A530,湘潭大学,4,30134
2022,1,34,广告学,A530,湘潭大学,3,31947
2022,1,35,英语,A530,湘潭大学,5,29415
2022,1,36,德语,A530,湘潭大学,4,40861
2022,1,39,日语,A530,湘潭大学,4,39463
2022,1,43,数学类,A530,湘潭大学,4,22811
2022,1,44,数学类(韶峰班),A530,湘潭大学,2,19775
2022,1,45,数据科学与大数据技术,A530,湘潭大学,4,30225
2022,1,47,物理学,A530,湘潭大学,3,33324
2022,1,49,微电子科学与工程,A530,湘潭大学,4,31140
2022,1,50,光电信息科学与工程,A530,湘潭大学,4,34582
2022,1,52,材料科学与工程,A530,湘潭大学,5,41925
2022,1,55,新能源材料与器件,A530,湘潭大学,5,38118
2022,1,56,化学类(韶峰班),A530,湘潭大学,2,30612
2022,1,58,化学,A530,湘潭大学,4,34705
2022,1,59,应用化学,A530,湘潭大学,4,39240
2022,1,61,高分子材料与工程,A530,湘潭大学,3,39992
2022,1,62,化学工程与工艺,A530,湘潭大学,4,40842
2022,1,63,化学工程与工艺(韶峰班),A530,湘潭大学,2,34173
2022,1,64,制药工程,A530,湘潭大学,3,36166
2022,1,66,机械设计制造及其自动化,A530,湘潭大学,5,35036
2022,1,68,工业设计,A530,湘潭大学,4,44146
2022,1,70,智能制造工程,A530,湘潭大学,3,34995
2022,1,71,能源与动力工程,A530,湘潭大学,3,35557
2022,1,73,通信工程,A530,湘潭大学,5,32317
2022,1,74,人工智能,A530,湘潭大学,5,30235
2022,1,75,自动化,A530,湘潭大学,4,32136
2022,1,76,计算机科学与技术,A530,湘潭大学,4,26797
2022,1,77,软件工程,A530,湘潭大学,3,28809
2022,1,78,网络空间安全,A530,湘潭大学,3,29573
2022,1,80,土木工程,A530,湘潭大学,6,44801
2022,1,82,环境工程,A530,湘潭大学,4,44521
2022,1,87,机械设计制造及其自动化(中外合作办学),A530,湘潭大学,3,48999
2022,1,2H,旅游管理,A531,吉首大学,2,147664
2022,1,2L,电子商务,A531,吉首大学,2,114679
2022,1,3B,电气工程及其自动化,A531,吉首大学,2,110794
2022,1,4D,网络与新媒体,A531,吉首大学,2,72744
2022,1,4S,英语(师范类),A531,吉首大学,3,82163
2022,1,6E,国际经济与贸易,A531,吉首大学,2,117698
2022,1,7A,数学与应用数学(师范类),A531,吉首大学,2,117283
2022,1,7G,环境工程,A531,吉首大学,2,142822
2022,1,7R,软件工程,A531,吉首大学,2,103610
2022,1,8D,化学工程与工艺,A531,吉首大学,2,121351
2022,1,9S,汉语言文学(师范类),A531,吉首大学,2,68736
2022,1,02,测控技术与仪器,A532,湖南大学,1,9773
2022,1,03,电气工程及其自动化,A532,湖南大学,11,8650
2022,1,04,电子信息工程,A532,湖南大学,2,8208
2022,1,07,法学,A532,湖南大学,6,7060
2022,1,08,工商管理,A532,湖南大学,7,10983
2022,1,09,会计学,A532,湖南大学,7,9426
2022,1,10,电子商务,A532,湖南大学,4,13159
2022,1,13,化学类,A532,湖南大学,5,12106
2022,1,15,化学工程与工艺,A532,湖南大学,1,5946
2022,1,17,环境科学与工程类,A532,湖南大学,3,13131
2022,1,18,人工智能,A532,湖南大学,3,8432
2022,1,19,机器人工程,A532,湖南大学,3,8174
2022,1,20,机械类,A532,湖南大学,18,12507
2022,1,21,工程力学(力学实验班),A532,湖南大学,2,10008
2022,1,22,能源与动力工程,A532,湖南大学,2,10147
2022,1,23,智能制造工程,A532,湖南大学,2,8911
2022,1,25,建筑学,A532,湖南大学,6,10027
2022,1,26,城乡规划,A532,湖南大学,2,11531
2022,1,27,金融学,A532,湖南大学,11,9342
2022,1,28,保险学(风险管理实验班),A532,湖南大学,1,9513
2022,1,29,精算学,A532,湖南大学,1,8386
2022,1,2F,本科预科班（招收边防军人子女）,A532,湖南大学,1,20081
2022,1,30,统计学类,A532,湖南大学,2,8481
2022,1,31,经济学类,A532,湖南大学,3,8348
2022,1,32,数字经济,A532,湖南大学,3,9605
2022,1,33,国际经济与贸易(实验班),A532,湖南大学,6,10030
2022,1,35,工业设计,A532,湖南大学,5,12276
2022,1,36,生物技术,A532,湖南大学,2,10845
2022,1,37,生物医学工程,A532,湖南大学,3,11373
2022,1,38,数学类,A532,湖南大学,6,8501
2022,1,40,土木类,A532,湖南大学,18,16716
2022,1,41,土木工程(智能土木实验班),A532,湖南大学,2,10256
2022,1,42,建筑环境与能源应用工程(低碳建筑实验班),A532,湖南大学,3,13853
2022,1,43,给排水科学与工程,A532,湖南大学,2,13492
2022,1,45,英语(语言智能实验班),A532,湖南大学,2,10538
2022,1,46,日语,A532,湖南大学,5,14443
2022,1,47,汉语言文学,A532,湖南大学,3,7612
2022,1,48,应用物理学,A532,湖南大学,5,9703
2022,1,49,电子科学与技术,A532,湖南大学,5,8928
2022,1,50,新闻传播学类,A532,湖南大学,3,8895
2022,1,54,计算机科学与技术,A532,湖南大学,3,5858
2022,1,55,计算机科学与技术(智能班),A532,湖南大学,7,7510
2022,1,56,软件工程,A532,湖南大学,6,8092
2022,1,57,信息安全,A532,湖南大学,5,8910
2022,1,58,历史学,A532,湖南大学,1,7633
2022,1,59,材料科学与工程,A532,湖南大学,5,14179
2022,1,5B,自动化,A532,湖南大学,3,8473
2022,1,5D,行政管理,A532,湖南大学,3,11738
2022,1,5F,通信工程,A532,湖南大学,4,8464
2022,1,83,临床医学(八年制),A533,中南大学,3,970
2022,1,92,口腔医学(5+3一体化),A533,中南大学,2,2196
2022,1,A0,金融学类(经济管理类),A533,中南大学,11,7371
2022,1,A1,法学类,A533,中南大学,7,6249
2022,1,A2,中国语言文学类,A533,中南大学,10,9638
2022,1,A3,外国语言文学类,A533,中南大学,7,11269
2022,1,A4,建筑类(建筑城规类),A533,中南大学,4,9808
2022,1,A5,数学类(数学物理类),A533,中南大学,12,6858
2022,1,A6,化工与制药类(化学生物环境类),A533,中南大学,15,10912
2022,1,A8,材料类(冶金材料类),A533,中南大学,33,14373
2022,1,A9,土木类(土木安全类),A533,中南大学,35,16868
2022,1,B0,交通运输类,A533,中南大学,15,10044
2022,1,B1,机械类,A533,中南大学,26,9862
2022,1,B2,能源动力类(能源类),A533,中南大学,14,10317
2022,1,B3,电子信息类,A533,中南大学,10,6415
2022,1,B4,自动化类(自动化与电气类),A533,中南大学,32,7287
2022,1,B5,计算机类(计算机与通信类),A533,中南大学,23,5460
2022,1,B6,航空航天类,A533,中南大学,3,5489
2022,1,B7,临床医学类(临床及口腔五年制医学类),A533,中南大学,16,3759
2022,1,B8,公共卫生与预防医学类(非临床五年制医学类),A533,中南大学,8,10619
2022,1,B9,医学技术类(医学四年类),A533,中南大学,8,10998
2022,1,BE,软件工程,A533,中南大学,10,5807
2022,1,98,材料科学与工程(中外合作办学)(与蒙纳士大学中外合作办学项目),A533,中南大学,6,19193
2022,1,99,土木工程(中外合作办学)(与蒙纳士大学中外合作办学项目),A533,中南大学,10,25707
2022,1,01,采矿工程,A534,湖南科技大学,5,101218
2022,1,02,安全工程,A534,湖南科技大学,5,85405
2022,1,03,勘查技术与工程,A534,湖南科技大学,3,91113
2022,1,08,测绘工程,A534,湖南科技大学,2,72177
2022,1,09,土木工程,A534,湖南科技大学,9,82224
2022,1,10,给排水科学与工程,A534,湖南科技大学,2,109990
2022,1,11,工程力学,A534,湖南科技大学,2,73225
2022,1,12,工程管理,A534,湖南科技大学,2,99939
2022,1,13,建筑环境与能源应用工程,A534,湖南科技大学,2,87160
2022,1,14,机械设计制造及其自动化,A534,湖南科技大学,3,50169
2022,1,16,车辆工程,A534,湖南科技大学,2,68212
2022,1,17,机械电子工程,A534,湖南科技大学,3,64257
2022,1,19,机械设计制造及其自动化(卓越工程师班),A534,湖南科技大学,1,44898
2022,1,20,工业工程,A534,湖南科技大学,3,78821
2022,1,21,电气工程及其自动化,A534,湖南科技大学,1,42463
2022,1,23,自动化,A534,湖南科技大学,1,48206
2022,1,24,电子信息工程,A534,湖南科技大学,1,40746
2022,1,25,通信工程,A534,湖南科技大学,2,54898
2022,1,26,机器人工程,A534,湖南科技大学,2,55213
2022,1,27,计算机科学与技术,A534,湖南科技大学,2,33752
2022,1,29,信息安全,A534,湖南科技大学,1,46053
2022,1,30,物联网工程,A534,湖南科技大学,2,46137
2022,1,31,软件工程,A534,湖南科技大学,1,37025
2022,1,32,化学(师范类),A534,湖南科技大学,2,53257
2022,1,33,应用化学,A534,湖南科技大学,5,76451
2022,1,34,化学工程与工艺,A534,湖南科技大学,4,71551
2022,1,35,环境工程,A534,湖南科技大学,3,71613
2022,1,36,制药工程,A534,湖南科技大学,2,67915
2022,1,37,能源化学工程,A534,湖南科技大学,2,68306
2022,1,38,数学与应用数学(师范类),A534,湖南科技大学,2,57704
2022,1,39,信息与计算科学,A534,湖南科技大学,4,58911
2022,1,40,应用统计学,A534,湖南科技大学,3,65961
2022,1,42,电子信息科学与技术,A534,湖南科技大学,1,52880
2022,1,44,光电信息科学与工程,A534,湖南科技大学,3,64006
2022,1,47,生物工程,A534,湖南科技大学,3,63108
2022,1,48,建筑学,A534,湖南科技大学,2,59382
2022,1,52,风景园林,A534,湖南科技大学,1,56714
2022,1,57,汉语言文学(师范类),A534,湖南科技大学,1,44951
2022,1,59,历史学(师范类),A534,湖南科技大学,1,47237
2022,1,60,新闻学,A534,湖南科技大学,2,51491
2022,1,63,思想政治教育(师范类),A534,湖南科技大学,2,57863
2022,1,64,汉语国际教育,A534,湖南科技大学,1,58686
2022,1,67,日语,A534,湖南科技大学,2,78655
2022,1,69,教育学(师范类),A534,湖南科技大学,2,65782
2022,1,70,教育技术学(师范类),A534,湖南科技大学,2,68284
2022,1,72,小学教育(师范类),A534,湖南科技大学,4,68848
2022,1,73,经济学,A534,湖南科技大学,2,54245
2022,1,75,会计学,A534,湖南科技大学,2,55148
2022,1,81,人力资源管理,A534,湖南科技大学,2,65570
2022,1,82,电子商务,A534,湖南科技大学,2,73193
2022,1,90,材料成型及控制工程,A534,湖南科技大学,2,86344
2022,1,95,法学,A534,湖南科技大学,2,38859
2022,1,96,公共事业管理,A534,湖南科技大学,2,60613
2022,1,97,化学工程与工艺(卓越工程师班),A534,湖南科技大学,1,55350
2022,1,AD,材料科学与工程,A534,湖南科技大学,8,94282
2022,1,AE,数据科学与大数据技术,A534,湖南科技大学,1,47454
2022,1,AQ,智能制造工程,A534,湖南科技大学,2,62267
2022,1,AR,集成电路设计与集成系统,A534,湖南科技大学,2,50472
2022,1,AS,应急技术与管理,A534,湖南科技大学,1,98407
2022,1,AT,智能材料与结构,A534,湖南科技大学,2,75247
2022,1,B5,应用心理学(师范类),A534,湖南科技大学,2,56170
2022,1,06,会计学,A536,长沙理工大学,2,31871
2022,1,09,法学,A536,长沙理工大学,2,35789
2022,1,10,汉语言文学,A536,长沙理工大学,2,42131
2022,1,11,新闻学,A536,长沙理工大学,2,41296
2022,1,12,英语,A536,长沙理工大学,2,42235
2022,1,13,翻译,A536,长沙理工大学,2,51669
2022,1,14,数学与应用数学,A536,长沙理工大学,2,36947
2022,1,15,信息与计算科学,A536,长沙理工大学,2,37155
2022,1,16,应用统计学,A536,长沙理工大学,2,38427
2022,1,17,物理学,A536,长沙理工大学,2,41479
2022,1,21,化工与制药类,A536,长沙理工大学,2,44814
2022,1,22,环境工程,A536,长沙理工大学,2,48081
2022,1,26,土木工程,A536,长沙理工大学,7,46599
2022,1,30,国际经济与贸易,A536,长沙理工大学,2,44291
2022,1,31,测控技术与仪器,A536,长沙理工大学,2,45892
2022,1,32,能源与动力工程,A536,长沙理工大学,3,37183
2022,1,33,新能源科学与工程,A536,长沙理工大学,3,36897
2022,1,34,自动化,A536,长沙理工大学,2,33310
2022,1,36,电气工程及其自动化,A536,长沙理工大学,4,25000
2022,1,37,电子信息工程,A536,长沙理工大学,2,31318
2022,1,38,轨道交通信号与控制,A536,长沙理工大学,2,43171
2022,1,39,通信工程,A536,长沙理工大学,2,33425
2022,1,40,计算机科学与技术,A536,长沙理工大学,2,27979
2022,1,43,道路桥梁与渡河工程,A536,长沙理工大学,5,58949
2022,1,44,交通运输类,A536,长沙理工大学,3,39272
2022,1,46,工程管理,A536,长沙理工大学,2,52835
2022,1,47,给排水科学与工程,A536,长沙理工大学,2,52632
2022,1,51,船舶与海洋工程,A536,长沙理工大学,6,59476
2022,1,53,金融学,A536,长沙理工大学,2,39872
2022,1,54,材料类,A536,长沙理工大学,5,48179
2022,1,57,机械类,A536,长沙理工大学,6,44985
2022,1,58,建筑类,A536,长沙理工大学,2,38328
2022,1,59,水利类,A536,长沙理工大学,3,42048
2022,1,64,电子信息类,A536,长沙理工大学,2,32611
2022,1,65,生物工程类,A536,长沙理工大学,4,50286
2022,1,66,数字经济,A536,长沙理工大学,2,46616
2022,1,68,网络与新媒体,A536,长沙理工大学,2,36881
2022,1,70,智能电网信息工程,A536,长沙理工大学,2,30363
2022,1,71,机器人工程,A536,长沙理工大学,2,35775
2022,1,72,城市地下空间工程,A536,长沙理工大学,2,52374
2022,1,74,地理信息科学,A536,长沙理工大学,2,55243
2022,1,YC,新闻学(卓越班),A536,长沙理工大学,1,37356
2022,1,YD,会计学(卓越班),A536,长沙理工大学,1,28565
2022,1,YE,电气工程及其自动化(创新人才培养班),A536,长沙理工大学,1,24227
2022,1,YF,电气工程及其自动化(卓越班),A536,长沙理工大学,1,24195
2022,1,YG,计算机科学与技术(卓越班),A536,长沙理工大学,1,26332
2022,1,YJ,港口航道与海岸工程(卓越班),A536,长沙理工大学,4,48813
2022,1,YK,水利水电工程(卓越班),A536,长沙理工大学,1,42789
2022,1,YL,道路桥梁与渡河工程(智慧道路卓越班),A536,长沙理工大学,1,50305
2022,1,YM,土木工程(智能土木卓越班),A536,长沙理工大学,1,40363
2022,1,YN,土木工程(创新人才培养班),A536,长沙理工大学,1,51097
2022,1,27,土木工程(中外合作办学),A536,长沙理工大学,2,76801
2022,1,52,电气工程及其自动化(中外合作办学),A536,长沙理工大学,5,47164
2022,1,63,机械设计制造及其自动化(中外合作办学),A536,长沙理工大学,3,62229
2022,1,01,动物科学,A537,湖南农业大学,4,82871
2022,1,04,植物保护,A537,湖南农业大学,3,77392
2022,1,08,农业机械化及其自动化,A537,湖南农业大学,2,96028
2022,1,09,水利水电工程,A537,湖南农业大学,4,108495
2022,1,10,工程管理,A537,湖南农业大学,3,133538
2022,1,13,土木工程,A537,湖南农业大学,4,107054
2022,1,15,农学,A537,湖南农业大学,3,50438
2022,1,29,生物工程,A537,湖南农业大学,2,79617
2022,1,30,生态学,A537,湖南农业大学,3,91122
2022,1,35,材料化学,A537,湖南农业大学,2,96126
2022,1,38,园艺,A537,湖南农业大学,2,79710
2022,1,39,中药资源与开发,A537,湖南农业大学,2,102017
2022,1,52,计算机科学与技术,A537,湖南农业大学,2,66351
2022,1,53,电子信息工程,A537,湖南农业大学,2,83785
2022,1,54,物联网工程,A537,湖南农业大学,2,81212
2022,1,57,会计学,A537,湖南农业大学,3,68965
2022,1,63,英语,A537,湖南农业大学,5,65339
2022,1,64,日语,A537,湖南农业大学,2,85464
2022,1,76,公共管理类,A537,湖南农业大学,4,87232
2022,1,85,土地资源管理,A537,湖南农业大学,2,83867
2022,1,88,思想政治教育,A537,湖南农业大学,3,72687
2022,1,GS,工商管理类,A537,湖南农业大学,4,82576
2022,1,JX,机械类,A537,湖南农业大学,2,94692
2022,1,X2,机器人工程,A537,湖南农业大学,3,86605
2022,1,Z4,水产类,A537,湖南农业大学,4,128825
2022,1,Z5,食品科学与工程类,A537,湖南农业大学,5,90467
2022,1,Z6,生物科学类,A537,湖南农业大学,3,85112
2022,1,Z9,动植物检疫,A537,湖南农业大学,2,95047
2022,1,ZR,动物医学,A537,湖南农业大学,2,64227
2022,1,01,园艺,A538,中南林业科技大学,4,77334
2022,1,03,林学类,A538,中南林业科技大学,10,79825
2022,1,04,土地资源管理,A538,中南林业科技大学,4,75085
2022,1,07,材料类,A538,中南林业科技大学,4,91898
2022,1,08,化学工程与工艺,A538,中南林业科技大学,3,85825
2022,1,10,木材科学与工程,A538,中南林业科技大学,4,96880
2022,1,11,林产化工,A538,中南林业科技大学,2,88116
2022,1,12,机械类,A538,中南林业科技大学,6,81003
2022,1,13,能源动力类,A538,中南林业科技大学,6,71885
2022,1,15,物流工程,A538,中南林业科技大学,3,88083
2022,1,16,供应链管理,A538,中南林业科技大学,3,84603
2022,1,17,建筑类,A538,中南林业科技大学,2,54192
2022,1,19,园林,A538,中南林业科技大学,3,66412
2022,1,21,家具设计与工程,A538,中南林业科技大学,2,107444
2022,1,25,电子信息类,A538,中南林业科技大学,2,63978
2022,1,27,计算机类,A538,中南林业科技大学,3,51770
2022,1,29,土木类,A538,中南林业科技大学,6,99897
2022,1,30,测绘工程,A538,中南林业科技大学,2,86023
2022,1,31,工程管理,A538,中南林业科技大学,2,91533
2022,1,32,食品科学与工程类,A538,中南林业科技大学,6,80969
2022,1,33,环境科学与工程类,A538,中南林业科技大学,6,87966
2022,1,36,地理信息科学,A538,中南林业科技大学,4,67886
2022,1,37,工商管理类,A538,中南林业科技大学,4,73386
2022,1,39,金融学类,A538,中南林业科技大学,4,63133
2022,1,41,外国语言文学类,A538,中南林业科技大学,3,63869
2022,1,44,日语,A538,中南林业科技大学,2,75636
2022,1,46,旅游管理类,A538,中南林业科技大学,5,98255
2022,1,59,人工智能,A538,中南林业科技大学,2,67483
2022,1,60,会计学,A538,中南林业科技大学,2,63999
2022,1,01,中医学(5+3一体化，卓越1班),A541,湖南中医药大学,2,16198
2022,1,02,中医学,A541,湖南中医药大学,13,41161
2022,1,03,中西医临床医学,A541,湖南中医药大学,2,36316
2022,1,04,针灸推拿学,A541,湖南中医药大学,3,53046
2022,1,05,康复治疗学,A541,湖南中医药大学,2,58047
2022,1,06,临床医学,A541,湖南中医药大学,3,28151
2022,1,07,医学影像学,A541,湖南中医药大学,1,21405
2022,1,08,口腔医学,A541,湖南中医药大学,8,17432
2022,1,10,护理学,A541,湖南中医药大学,8,77175
2022,1,11,药学,A541,湖南中医药大学,4,53253
2022,1,15,制药工程,A541,湖南中医药大学,1,49551
2022,1,16,食品科学与工程,A541,湖南中医药大学,3,60930
2022,1,17,生物工程,A541,湖南中医药大学,3,61877
2022,1,19,运动康复,A541,湖南中医药大学,1,64150
2022,1,21,应用心理学,A541,湖南中医药大学,3,50805
2022,1,22,计算机科学与技术,A541,湖南中医药大学,5,43368
2022,1,23,信息管理与信息系统,A541,湖南中医药大学,1,64678
2022,1,24,市场营销,A541,湖南中医药大学,1,75515
2022,1,26,中医养生学,A541,湖南中医药大学,3,61823
2022,1,27,中医康复学,A541,湖南中医药大学,1,53171
2022,1,28,中医学(5+3一体化，卓越2班),A541,湖南中医药大学,1,26063
2022,1,29,中医学(5+3一体化，卓越3班),A541,湖南中医药大学,2,26538
2022,1,30,中医儿科学,A541,湖南中医药大学,2,49323
2022,1,31,中医骨伤科学,A541,湖南中医药大学,2,56546
2022,1,32,中医学(5+3一体化，中医儿科班),A541,湖南中医药大学,1,35037
2022,1,A0,教育学(师范类),A542,湖南师范大学,2,16125
2022,1,B0,汉语国际教育(师范类),A542,湖南师范大学,4,19396
2022,1,B2,汉语言文学(师范类),A542,湖南师范大学,4,13429
2022,1,C2,文化产业管理,A542,湖南师范大学,4,24246
2022,1,E0,法学,A542,湖南师范大学,8,17119
2022,1,E2,知识产权,A542,湖南师范大学,2,17862
2022,1,F0,行政管理,A542,湖南师范大学,4,23306
2022,1,F1,社会学,A542,湖南师范大学,6,22360
2022,1,F2,思想政治教育(师范类),A542,湖南师范大学,3,16019
2022,1,F4,哲学,A542,湖南师范大学,5,19075
2022,1,F6,政治学与行政学,A542,湖南师范大学,2,18225
2022,1,H0,旅游管理类,A542,湖南师范大学,12,33352
2022,1,J3,外国语言文学类,A542,湖南师范大学,5,18551
2022,1,M0,数学类,A542,湖南师范大学,4,16106
2022,1,M3,统计学,A542,湖南师范大学,2,18582
2022,1,M4,数据科学与大数据技术,A542,湖南师范大学,2,20332
2022,1,N0,电子信息科学与技术,A542,湖南师范大学,2,23021
2022,1,N1,物理学类,A542,湖南师范大学,2,18002
2022,1,P0,化学(师范类),A542,湖南师范大学,2,14902
2022,1,P3,化工与制药类,A542,湖南师范大学,9,29877
2022,1,Q0,生物科学类,A542,湖南师范大学,2,17796
2022,1,R4,地理信息科学,A542,湖南师范大学,4,21646
2022,1,R5,人文地理与城乡规划,A542,湖南师范大学,4,24311
2022,1,R7,土地资源管理,A542,湖南师范大学,2,25438
2022,1,T9,机械设计制造及其自动化,A542,湖南师范大学,2,25775
2022,1,U2,临床医学,A542,湖南师范大学,8,19756
2022,1,U3,药学,A542,湖南师范大学,8,28453
2022,1,U4,医学检验技术,A542,湖南师范大学,6,26764
2022,1,U5,预防医学,A542,湖南师范大学,4,27157
2022,1,V1,计算机科学与技术,A542,湖南师范大学,3,20173
2022,1,V3,软件工程,A542,湖南师范大学,4,21674
2022,1,V4,通信工程,A542,湖南师范大学,4,23667
2022,1,V5,物联网工程,A542,湖南师范大学,2,23405
2022,1,V6,人工智能,A542,湖南师范大学,4,22334
2022,1,Y2,新闻传播学类,A542,湖南师范大学,8,18457
2022,1,02,法学,A543,湖南理工学院,3,84693
2022,1,09,朝鲜语,A543,湖南理工学院,3,184001
2022,1,1T,机械设计制造及其自动化,A543,湖南理工学院,3,125578
2022,1,1Y,通信工程,A543,湖南理工学院,2,126196
2022,1,24,土木工程,A543,湖南理工学院,2,147102
2022,1,35,应用化学(中外合作办学),A543,湖南理工学院,2,198714
2022,1,11,金融工程,A545,湘南学院,2,171977
2022,1,12,数学与应用数学(师范类),A545,湘南学院,3,151872
2022,1,14,汉语言文学(师范类),A545,湘南学院,3,129996
2022,1,15,新闻学,A545,湘南学院,2,138920
2022,1,17,翻译,A545,湘南学院,2,148531
2022,1,18,商务英语,A545,湘南学院,2,145328
2022,1,19,财务管理,A545,湘南学院,2,142638
2022,1,21,国际经济与贸易,A545,湘南学院,2,169652
2022,1,23,电气工程及其自动化,A545,湘南学院,4,163220
2022,1,27,环境生态工程,A545,湘南学院,2,193605
2022,1,28,计算机科学与技术,A545,湘南学院,4,148088
2022,1,30,物联网工程,A545,湘南学院,2,155592
2022,1,34,预防医学,A545,湘南学院,2,130682
2022,1,35,卫生检验与检疫,A545,湘南学院,2,145612
2022,1,37,针灸推拿学,A545,湘南学院,2,120040
2022,1,38,康复治疗学,A545,湘南学院,2,149758
2022,1,41,医学影像学,A545,湘南学院,3,90967
2022,1,42,医学检验技术,A545,湘南学院,2,124327
2022,1,43,医学影像技术,A545,湘南学院,2,135839
2022,1,66,临床医学,A545,湘南学院,6,98065
2022,1,01,经济学,A546,衡阳师范学院,1,144995
2022,1,02,国际经济与贸易,A546,衡阳师范学院,2,133178
2022,1,04,电子商务,A546,衡阳师范学院,1,156267
2022,1,05,法学,A546,衡阳师范学院,1,115851
2022,1,06,知识产权,A546,衡阳师范学院,2,129591
2022,1,07,思想政治教育(师范类),A546,衡阳师范学院,1,99489
2022,1,09,历史学(师范类),A546,衡阳师范学院,1,99355
2022,1,11,汉语言文学(师范类),A546,衡阳师范学院,1,83694
2022,1,13,汉语国际教育(师范类),A546,衡阳师范学院,1,102925
2022,1,15,新闻学,A546,衡阳师范学院,2,104673
2022,1,16,广告学,A546,衡阳师范学院,1,114678
2022,1,17,网络与新媒体,A546,衡阳师范学院,1,77443
2022,1,18,英语(师范类),A546,衡阳师范学院,1,81936
2022,1,21,商务英语,A546,衡阳师范学院,1,94668
2022,1,35,地理科学(师范类),A546,衡阳师范学院,1,88766
2022,1,39,旅游管理,A546,衡阳师范学院,2,180845
2022,1,42,电子信息科学与技术,A546,衡阳师范学院,1,156210
2022,1,43,化学(师范类),A546,衡阳师范学院,2,124266
2022,1,45,应用化学,A546,衡阳师范学院,1,161617
2022,1,47,高分子材料与工程,A546,衡阳师范学院,1,174624
2022,1,50,软件工程,A546,衡阳师范学院,2,146488
2022,1,52,物联网工程,A546,衡阳师范学院,2,156875
2022,1,54,学前教育(师范类),A546,衡阳师范学院,2,137311
2022,1,56,应用心理学(师范类),A546,衡阳师范学院,1,116662
2022,1,58,生物科学(师范类),A546,衡阳师范学院,1,106559
2022,1,62,电子信息工程,A546,衡阳师范学院,1,163867
2022,1,63,计算机科学与技术,A546,衡阳师范学院,1,131437
2022,1,01,金融工程,A547,邵阳学院,3,185453
2022,1,05,法学,A547,邵阳学院,3,152643
2022,1,06,思想政治教育(师范类),A547,邵阳学院,3,155684
2022,1,13,英语(师范类),A547,邵阳学院,3,158672
2022,1,14,商务英语,A547,邵阳学院,2,176098
2022,1,22,食品质量与安全,A547,邵阳学院,3,180993
2022,1,27,城乡规划,A547,邵阳学院,3,191887
2022,1,30,机械设计制造及其自动化,A547,邵阳学院,3,187426
2022,1,32,能源与动力工程,A547,邵阳学院,3,185506
2022,1,34,自动化,A547,邵阳学院,3,188671
2022,1,35,电子信息工程,A547,邵阳学院,3,192792
2022,1,37,计算机科学与技术,A547,邵阳学院,3,170991
2022,1,38,物联网工程,A547,邵阳学院,3,194773
2022,1,39,临床医学,A547,邵阳学院,4,103762
2022,1,40,医学影像技术,A547,邵阳学院,2,148754
2022,1,44,护理学,A547,邵阳学院,3,172326
2022,1,53,通信工程(中外合作办学),A547,邵阳学院,3,227973
2022,1,54,机械设计制造及其自动化(中外合作办学),A547,邵阳学院,3,224091
2022,1,09,国际经济与贸易,A548,怀化学院,2,177068
2022,1,10,法学,A548,怀化学院,1,139221
2022,1,18,英语(师范类),A548,怀化学院,3,154426
2022,1,23,机械设计制造及其自动化,A548,怀化学院,2,179602
2022,1,24,材料化学,A548,怀化学院,2,192447
2022,1,28,电子信息科学与技术,A548,怀化学院,3,185360
2022,1,29,计算机科学与技术,A548,怀化学院,3,167385
2022,1,33,食品质量与安全,A548,怀化学院,2,180406
2022,1,35,生物工程,A548,怀化学院,4,178591
2022,1,37,园林,A548,怀化学院,3,191273
2022,1,45,机器人工程,A548,怀化学院,3,199155
2022,1,47,历史学(师范类),A548,怀化学院,3,148717
2022,1,02,新闻学,A549,湖南文理学院,2,123864
2022,1,08,商务英语,A549,湖南文理学院,2,168194
2022,1,39,水产养殖学,A549,湖南文理学院,2,177930
2022,1,47,自动化,A549,湖南文理学院,2,167997
2022,1,51,机械电子工程,A549,湖南文理学院,2,176811
2022,1,Z1,机械设计制造及其自动化(中外合作办学),A549,湖南文理学院,2,218499
2022,1,Z2,信息管理与信息系统(中外合作办学),A549,湖南文理学院,4,220825
2022,1,05,日语,A551,湖南科技学院,3,169796
2022,1,08,化学(师范类),A551,湖南科技学院,2,154298
2022,1,0F,电子信息工程,A551,湖南科技学院,2,152487
2022,1,0M,土木工程,A551,湖南科技学院,2,177454
2022,1,0N,测绘工程,A551,湖南科技学院,2,186905
2022,1,0Y,国际经济与贸易,A551,湖南科技学院,2,145785
2022,1,1R,跨境电子商务,A551,湖南科技学院,2,170474
2022,1,1S,智能制造工程,A551,湖南科技学院,2,171803
2022,1,14,法学,A553,湖南人文科技学院,3,159503
2022,1,15,社会工作,A553,湖南人文科技学院,8,194443
2022,1,20,思想政治教育(师范类),A553,湖南人文科技学院,3,155171
2022,1,21,机械设计制造及其自动化,A553,湖南人文科技学院,4,196302
2022,1,25,食品科学与工程,A553,湖南人文科技学院,4,197834
2022,1,27,园艺,A553,湖南人文科技学院,4,201323
2022,1,33,电子商务,A553,湖南人文科技学院,4,201167
2022,1,37,数学与应用数学(师范类),A553,湖南人文科技学院,3,178943
2022,1,41,商务英语,A553,湖南人文科技学院,5,190572
2022,1,47,电子信息工程,A553,湖南人文科技学院,4,199801
2022,1,49,计算机科学与技术,A553,湖南人文科技学院,4,182344
2022,1,9E,学前教育(中外合作办学)(师范类),A553,湖南人文科技学院,4,193650
2022,1,10,金融学类,A554,湖南工商大学,5,65298
2022,1,20,工商管理类,A554,湖南工商大学,8,73690
2022,1,31,财务管理,A554,湖南工商大学,3,65268
2022,1,43,健康服务与管理,A554,湖南工商大学,5,187445
2022,1,70,旅游管理类,A554,湖南工商大学,4,104551
2022,1,90,电子信息工程,A554,湖南工商大学,3,74823
2022,1,98,人工智能,A554,湖南工商大学,4,84868
2022,1,E1,智能制造工程,A554,湖南工商大学,4,86141
2022,1,E2,通信工程,A554,湖南工商大学,5,77944
2022,1,01,机械类,A555,南华大学,25,101476
2022,1,02,能源与动力工程,A555,南华大学,5,84772
2022,1,03,电气工程及其自动化,A555,南华大学,5,67874
2022,1,04,自动化类,A555,南华大学,4,70146
2022,1,05,电子信息类,A555,南华大学,4,70374
2022,1,07,核工程类,A555,南华大学,4,61054
2022,1,08,核物理,A555,南华大学,2,54793
2022,1,0A,矿业类,A555,南华大学,10,129526
2022,1,0C,城市地下空间工程,A555,南华大学,8,116309
2022,1,0D,环境工程,A555,南华大学,8,105049
2022,1,0E,安全工程(含卓越工程师班),A555,南华大学,5,87531
2022,1,0F,计算机类,A555,南华大学,4,65744
2022,1,0J,土木类,A555,南华大学,20,126199
2022,1,0L,风景园林,A555,南华大学,3,87758
2022,1,0M,化工与制药类,A555,南华大学,4,91662
2022,1,0N,材料类,A555,南华大学,5,104581
2022,1,0P,信息与计算科学,A555,南华大学,4,76233
2022,1,0T,临床医学类,A555,南华大学,5,28401
2022,1,0W,生物技术,A555,南华大学,2,78904
2022,1,0Y,药学,A555,南华大学,5,78943
2022,1,0Z,预防医学,A555,南华大学,2,67724
2022,1,11,护理学,A555,南华大学,9,106953
2022,1,14,物流工程,A555,南华大学,8,108040
2022,1,15,电子商务,A555,南华大学,8,108745
2022,1,16,法学,A555,南华大学,6,62314
2022,1,18,经济学,A555,南华大学,2,69792
2022,1,19,外国语言文学类,A555,南华大学,8,83868
2022,1,01,汉语言文学(广州),A558,中山大学,5,3846
2022,1,03,历史学(广州),A558,中山大学,5,4223
2022,1,05,哲学类(广州),A558,中山大学,5,4547
2022,1,08,外国语言文学类(广州),A558,中山大学,5,4624
2022,1,0A,法学,A558,中山大学,5,3715
2022,1,0B,公共管理类,A558,中山大学,5,4565
2022,1,0D,工商管理类(广州),A558,中山大学,10,4042
2022,1,0E,心理学,A558,中山大学,4,5344
2022,1,0K,数学类(广州),A558,中山大学,6,2865
2022,1,0M,化学类,A558,中山大学,10,4589
2022,1,0V,电子信息类(广州),A558,中山大学,20,3537
2022,1,0W,计算机类(广州),A558,中山大学,12,2990
2022,1,0Z,临床医学(八年制),A558,中山大学,2,707
2022,1,10,临床医学(广州),A558,中山大学,20,2157
2022,1,1E,物理学类(珠海),A558,中山大学,15,4578
2022,1,21,计算机类(深圳),A558,中山大学,18,4327
2022,1,24,航空航天类,A558,中山大学,15,5055
2022,1,2A,网络空间安全,A558,中山大学,10,4224
2022,1,01,汉语言文学,A559,暨南大学,2,12121
2022,1,04,广告学,A559,暨南大学,2,12185
2022,1,06,网络与新媒体,A559,暨南大学,2,10752
2022,1,08,英语,A559,暨南大学,3,18281
2022,1,0C,西班牙语,A559,暨南大学,2,18710
2022,1,11,财政学,A559,暨南大学,2,14000
2022,1,13,税收学,A559,暨南大学,2,14452
2022,1,18,市场营销,A559,暨南大学,2,18176
2022,1,1E,法学,A559,暨南大学,2,10675
2022,1,1F,知识产权,A559,暨南大学,2,14920
2022,1,20,国际政治,A559,暨南大学,2,16338
2022,1,21,国际事务与国际关系,A559,暨南大学,2,18566
2022,1,2A,数学与应用数学,A559,暨南大学,2,14711
2022,1,2B,软件工程,A559,暨南大学,2,12195
2022,1,2D,信息管理与信息系统,A559,暨南大学,2,17128
2022,1,2E,电子信息工程,A559,暨南大学,2,14058
2022,1,2F,计算机科学与技术,A559,暨南大学,2,11774
2022,1,32,网络空间安全,A559,暨南大学,2,13609
2022,1,37,生物科学,A559,暨南大学,3,18104
2022,1,3D,口腔医学,A559,暨南大学,2,7295
2022,1,41,中药学,A559,暨南大学,2,19883
2022,1,43,国际经济与贸易,A559,暨南大学,2,15205
2022,1,46,药学,A559,暨南大学,2,19467
2022,1,4A,临床医学,A559,暨南大学,2,10126
2022,1,52,文化产业管理,A559,暨南大学,2,19001
2022,1,55,国际商务,A559,暨南大学,2,18282
2022,1,56,工商管理,A559,暨南大学,2,16831
2022,1,59,翻译,A559,暨南大学,2,19171
2022,1,5A,电气工程及其自动化,A559,暨南大学,2,14171
2022,1,5C,包装工程,A559,暨南大学,2,24836
2022,1,5D,物联网工程,A559,暨南大学,2,13508
2022,1,5F,人工智能,A559,暨南大学,3,14871
2022,1,61,汉语国际教育,A559,暨南大学,2,15248
2022,1,62,旅游管理,A559,暨南大学,2,22656
2022,1,63,风景园林,A559,暨南大学,2,20467
2022,1,66,电子商务,A559,暨南大学,2,18174
2022,1,67,商务英语,A559,暨南大学,2,17415
2022,1,6F,经济学,A559,暨南大学,2,12925
2022,1,72,应急管理,A559,暨南大学,2,22991
2022,1,74,化学,A559,暨南大学,2,20426
2022,1,76,金融工程,A559,暨南大学,3,13047
2022,1,6B,数学与应用数学(中外合作办学),A559,暨南大学,4,30721
2022,1,6C,信息与计算科学(中外合作办学),A559,暨南大学,4,30558
2022,1,6D,经济统计学(中外合作办学),A559,暨南大学,4,25624
2022,1,6E,经济学(中外合作办学),A559,暨南大学,4,24319
2022,1,01,汉语言文学,A560,汕头大学,3,30246
2022,1,02,英语,A560,汕头大学,2,35008
2022,1,06,光电信息科学与工程,A560,汕头大学,3,37315
2022,1,07,应用化学,A560,汕头大学,4,46347
2022,1,08,生物技术,A560,汕头大学,4,42999
2022,1,11,机械设计制造及其自动化,A560,汕头大学,2,37753
2022,1,21,数据科学与大数据技术,A560,汕头大学,3,34383
2022,1,22,土木工程,A560,汕头大学,4,53179
2022,1,25,生物医学工程,A560,汕头大学,3,38893
2022,1,26,法学,A560,汕头大学,4,28450
2022,1,27,法学(涉外法务英语特色班),A560,汕头大学,2,31037
2022,1,28,行政管理,A560,汕头大学,2,44095
2022,1,32,工商管理(创业与创新管理),A560,汕头大学,3,39103
2022,1,37,网络与新媒体,A560,汕头大学,3,39066
2022,1,45,临床医学(5+3一体化，全英预备班),A560,汕头大学,3,17392
2022,1,46,临床医学(5+3一体化),A560,汕头大学,1,11253
2022,1,48,临床医学,A560,汕头大学,1,17495
2022,1,02,工科试验班(智能装备与先进制造),A561,华南理工大学,5,5638
2022,1,04,建筑学,A561,华南理工大学,2,5136
2022,1,05,城乡规划,A561,华南理工大学,2,7714
2022,1,06,风景园林,A561,华南理工大学,1,5743
2022,1,07,工程力学(创新班),A561,华南理工大学,1,4191
2022,1,08,土木工程(卓越全英班),A561,华南理工大学,1,5654
2022,1,09,工科试验班(智慧土木与数字建造),A561,华南理工大学,2,6178
2022,1,13,交通运输类,A561,华南理工大学,2,5794
2022,1,14,电气工程及其自动化(卓越班),A561,华南理工大学,2,3635
2022,1,15,电气类,A561,华南理工大学,6,5040
2022,1,16,信息工程(创新班),A561,华南理工大学,1,2787
2022,1,17,信息工程,A561,华南理工大学,5,4399
2022,1,19,自动化类,A561,华南理工大学,4,4955
2022,1,22,材料类,A561,华南理工大学,3,5572
2022,1,25,化工与制药类,A561,华南理工大学,1,5082
2022,1,27,食品科学与工程类,A561,华南理工大学,2,7080
2022,1,29,数学类,A561,华南理工大学,3,5021
2022,1,32,物理学类,A561,华南理工大学,2,5252
2022,1,33,工商管理(全英班),A561,华南理工大学,1,6576
2022,1,35,工商管理类,A561,华南理工大学,3,6684
2022,1,36,会计学,A561,华南理工大学,1,4396
2022,1,38,商务英语,A561,华南理工大学,2,10097
2022,1,43,计算机类,A561,华南理工大学,4,3551
2022,1,46,软件工程,A561,华南理工大学,4,3868
2022,1,49,环境科学与工程类,A561,华南理工大学,2,6518
2022,1,51,生物科学类,A561,华南理工大学,2,5916
2022,1,52,工业设计,A561,华南理工大学,2,5837
2022,1,56,传播学(2加2联合班),A561,华南理工大学,2,9424
2022,1,57,新闻传播学类,A561,华南理工大学,3,7897
2022,1,61,经济学类,A561,华南理工大学,4,5834
2022,1,63,电子商务类,A561,华南理工大学,2,8271
2022,1,66,临床医学,A561,华南理工大学,2,5456
2022,1,75,行政管理,A561,华南理工大学,1,6726
2022,1,10,电子信息工程,A564,华南农业大学,1,24979
2022,1,17,机械设计制造及其自动化,A564,华南农业大学,1,37657
2022,1,21,土木工程,A564,华南农业大学,1,44208
2022,1,50,材料科学与工程,A564,华南农业大学,1,46683
2022,1,59,生物工程,A564,华南农业大学,2,36099
2022,1,62,食品科学与工程,A564,华南农业大学,1,40711
2022,1,63,食品质量与安全,A564,华南农业大学,1,40703
2022,1,81,农学,A564,华南农业大学,2,39763
2022,1,82,园艺,A564,华南农业大学,3,40208
2022,1,83,植物保护,A564,华南农业大学,1,39489
2022,1,85,农业资源与环境(低碳农业),A564,华南农业大学,2,41695
2022,1,87,动物科学,A564,华南农业大学,2,39827
2022,1,89,动物医学,A564,华南农业大学,2,32528
2022,1,92,海洋科学,A564,华南农业大学,2,39049
2022,1,94,水产养殖学,A564,华南农业大学,4,47192
2022,1,A1,工商管理类,A564,华南农业大学,1,36819
2022,1,NC,植物保护(智慧植保),A564,华南农业大学,1,30651
2022,1,ND,水产养殖学(智慧渔业),A564,华南农业大学,4,50595
2022,1,B6,生物科学(中外合作办学)(与爱尔兰都柏林大学合作办学),A564,华南农业大学,2,52792
2022,1,B7,食品质量与安全(中外合作办学)(与爱尔兰都柏林大学合作办学),A564,华南农业大学,2,57284
2022,1,B8,园艺(中外合作办学)(与爱尔兰都柏林大学合作办学),A564,华南农业大学,2,57773
2022,1,02,国际经济与贸易,A566,广东海洋大学,2,77733
2022,1,08,汉语言文学,A566,广东海洋大学,2,66796
2022,1,12,日语,A566,广东海洋大学,2,83924
2022,1,16,应用化学,A566,广东海洋大学,1,86850
2022,1,17,大气科学,A566,广东海洋大学,4,84786
2022,1,18,应用气象学,A566,广东海洋大学,3,93078
2022,1,19,海洋科学,A566,广东海洋大学,6,95401
2022,1,22,生物科学,A566,广东海洋大学,1,76846
2022,1,31,自动化,A566,广东海洋大学,3,73668
2022,1,36,港口航道与海岸工程,A566,广东海洋大学,4,105711
2022,1,37,制药工程,A566,广东海洋大学,4,93275
2022,1,41,船舶与海洋工程,A566,广东海洋大学,2,102531
2022,1,43,食品科学与工程,A566,广东海洋大学,5,102819
2022,1,44,食品质量与安全,A566,广东海洋大学,4,98321
2022,1,45,生物工程,A566,广东海洋大学,3,99822
2022,1,46,农学,A566,广东海洋大学,3,125022
2022,1,47,园艺,A566,广东海洋大学,2,112647
2022,1,51,动物医学,A566,广东海洋大学,3,60520
2022,1,52,林学,A566,广东海洋大学,2,122507
2022,1,53,园林,A566,广东海洋大学,2,108426
2022,1,54,水产养殖学,A566,广东海洋大学,6,122111
2022,1,55,海洋渔业科学与技术,A566,广东海洋大学,4,113458
2022,1,56,水生动物医学,A566,广东海洋大学,4,113692
2022,1,58,工程管理,A566,广东海洋大学,1,106157
2022,1,65,工业工程,A566,广东海洋大学,2,104060
2022,1,Y3,计算机科学与技术,A566,广东海洋大学,2,48009
2022,1,Y5,工商管理,A566,广东海洋大学,2,93742
2022,1,01,临床医学,A571,广东医科大学,6,24513
2022,1,03,麻醉学,A571,广东医科大学,3,27121
2022,1,04,医学影像学,A571,广东医科大学,3,30684
2022,1,08,口腔医学,A571,广东医科大学,2,17370
2022,1,11,法医学,A571,广东医科大学,3,33910
2022,1,13,医学检验技术,A571,广东医科大学,3,44032
2022,1,24,预防医学,A571,广东医科大学,3,39234
2022,1,02,中医学(5+3一体化),A572,广州中医药大学,2,10427
2022,1,04,中医学,A572,广州中医药大学,3,18390
2022,1,06,中医骨伤科学,A572,广州中医药大学,1,22025
2022,1,07,中西医临床医学,A572,广州中医药大学,1,15645
2022,1,08,临床医学,A572,广州中医药大学,2,21838
2022,1,09,医学影像学,A572,广州中医药大学,1,22318
2022,1,10,眼视光学,A572,广州中医药大学,2,35181
2022,1,11,针灸推拿学,A572,广州中医药大学,2,22013
2022,1,12,康复治疗学,A572,广州中医药大学,1,37239
2022,1,15,中医养生学,A572,广州中医药大学,1,20890
2022,1,16,中药学类,A572,广州中医药大学,4,39809
2022,1,17,药学类,A572,广州中医药大学,3,40210
2022,1,18,临床药学,A572,广州中医药大学,1,21802
2022,1,19,应用心理学,A572,广州中医药大学,3,33195
2022,1,21,健康服务与管理,A572,广州中医药大学,2,45551
2022,1,24,护理学,A572,广州中医药大学,3,51740
2022,1,25,助产学,A572,广州中医药大学,1,58114
2022,1,05,生物科学类,A573,广东药科大学,4,69114
2022,1,0D,制药工程,A573,广东药科大学,4,65336
2022,1,0H,生物工程类,A573,广东药科大学,3,70329
2022,1,0J,临床医学,A573,广东药科大学,5,37170
2022,1,0M,预防医学,A573,广东药科大学,5,62440
2022,1,0N,中医学,A573,广东药科大学,4,63955
2022,1,0R,药学类,A573,广东药科大学,4,48421
2022,1,0T,临床药学,A573,广东药科大学,4,58220
2022,1,0V,海洋药学,A573,广东药科大学,3,73200
2022,1,0X,中药学类,A573,广东药科大学,4,66800
2022,1,01,汉语言文学(师范类),A574,华南师范大学,6,14987
2022,1,08,人力资源管理,A574,华南师范大学,4,23896
2022,1,14,旅游管理,A574,华南师范大学,4,29261
2022,1,17,法学,A574,华南师范大学,5,18102
2022,1,30,光电信息科学与工程,A574,华南师范大学,6,22657
2022,1,32,环境工程,A574,华南师范大学,5,32496
2022,1,62,社会工作,A574,华南师范大学,4,26450
2022,1,64,历史学(师范类),A574,华南师范大学,7,17066
2022,1,66,学前教育(师范类),A574,华南师范大学,3,24677
2022,1,74,计算机科学与技术(师范类),A574,华南师范大学,4,20535
2022,1,76,网络工程,A574,华南师范大学,4,21756
2022,1,81,生物科学(师范类),A574,华南师范大学,5,19221
2022,1,86,人文地理与城乡规划,A574,华南师范大学,3,22582
2022,1,92,心理学(师范类),A574,华南师范大学,6,16885
2022,1,09,新闻学,A576,韶关学院,2,150866
2022,1,40,英语(师范类),A576,韶关学院,2,156975
2022,1,77,护理学,A576,韶关学院,2,173557
2022,1,02,无机非金属材料工程,A578,韩山师范学院,1,197188
2022,1,10,物联网工程,A578,韩山师范学院,1,171692
2022,1,12,经济学,A578,韩山师范学院,1,178256
2022,1,64,法学,A578,韩山师范学院,1,120342
2022,1,01,汉语言文学(师范类),A579,岭南师范学院,1,99500
2022,1,07,社会工作,A579,岭南师范学院,2,176238
2022,1,1D,应用化学,A579,岭南师范学院,1,181717
2022,1,20,生物技术,A579,岭南师范学院,2,180054
2022,1,4C,汽车服务工程(师范类),A579,岭南师范学院,2,207172
2022,1,0C,汉语言文学(师范类),A580,肇庆学院,5,154592
2022,1,0F,日语,A580,肇庆学院,5,195359
2022,1,10,食品科学与工程类,A580,肇庆学院,5,199693
2022,1,34,新闻学,A585,广州体育学院,1,109339
2022,1,M5,艺术管理,A587,星海音乐学院,2,80270
2022,1,05,智能科学与技术,A588,广东技术师范大学,3,106449
2022,1,0A,人工智能,A588,广东技术师范大学,3,122075
2022,1,0J,数学与应用数学(师范类),A588,广东技术师范大学,6,123298
2022,1,0M,教育技术学(师范类),A588,广东技术师范大学,5,137654
2022,1,0U,国际经济与贸易,A588,广东技术师范大学,5,135385
2022,1,12,日语,A588,广东技术师范大学,5,130230
2022,1,13,汉语言文学(师范类),A588,广东技术师范大学,5,94288
2022,1,1H,网络空间安全,A588,广东技术师范大学,5,123222
2022,1,47,数据科学与大数据技术,A588,广东技术师范大学,5,121907
2022,1,01,食品科学与工程类,A589,海南大学,12,37551
2022,1,02,旅游管理类,A589,海南大学,5,36315
2022,1,03,电子信息类,A589,海南大学,12,28788
2022,1,08,材料类,A589,海南大学,12,38184
2022,1,1A,英语,A589,海南大学,14,29303
2022,1,1B,动物医学,A589,海南大学,2,33265
2022,1,1C,海洋科学,A589,海南大学,5,35965
2022,1,1D,自动化,A589,海南大学,5,27590
2022,1,1E,水产养殖学,A589,海南大学,4,43649
2022,1,1G,机械设计制造及其自动化,A589,海南大学,3,30149
2022,1,1H,设施农业科学与工程,A589,海南大学,9,42991
2022,1,1J,软件工程(NIIT),A589,海南大学,8,29609
2022,1,1K,物流管理,A589,海南大学,2,35067
2022,1,1M,农学,A589,海南大学,2,36492
2022,1,1Q,应用化学,A589,海南大学,4,32822
2022,1,1R,俄语,A589,海南大学,3,35467
2022,1,1T,生态学,A589,海南大学,5,40308
2022,1,1V,农业资源与环境,A589,海南大学,2,48404
2022,1,1W,生物医学工程,A589,海南大学,4,35618
2022,1,1Y,环境科学,A589,海南大学,5,37949
2022,1,2A,风景园林,A589,海南大学,2,36677
2022,1,2C,农林经济管理,A589,海南大学,4,33690
2022,1,2D,生物技术,A589,海南大学,4,31232
2022,1,2E,数学与应用数学,A589,海南大学,6,29821
2022,1,2G,药学,A589,海南大学,5,31769
2022,1,2K,计算机科学与技术,A589,海南大学,7,25146
2022,1,2L,应用物理学,A589,海南大学,6,31220
2022,1,2M,车辆工程,A589,海南大学,3,32892
2022,1,2Q,生物科学,A589,海南大学,5,28919
2022,1,2R,人工智能,A589,海南大学,6,26454
2022,1,2T,信息安全,A589,海南大学,7,27914
2022,1,2U,法学,A589,海南大学,7,17982
2022,1,2W,密码科学与技术,A589,海南大学,7,30531
2022,1,2X,林学,A589,海南大学,8,45620
2022,1,2Y,金融学,A589,海南大学,4,24601
2022,1,2Z,园艺,A589,海南大学,8,47925
2022,1,3A,土木工程,A589,海南大学,8,35324
2022,1,3D,思想政治教育,A589,海南大学,2,22455
2022,1,3G,植物保护,A589,海南大学,5,43832
2022,1,3H,国际经济与贸易,A589,海南大学,4,26919
2022,1,3K,会计学,A589,海南大学,7,27175
2022,1,3L,行政管理,A589,海南大学,2,30115
2022,1,3Q,土地资源管理,A589,海南大学,2,36639
2022,1,3S,工商管理,A589,海南大学,6,29779
2022,1,3T,戏剧影视文学,A589,海南大学,5,36471
2022,1,3V,传播学,A589,海南大学,2,26152
2022,1,3W,化学工程与工艺,A589,海南大学,5,35967
2022,1,3Z,汉语言文学,A589,海南大学,2,21261
2022,1,4B,建筑学,A589,海南大学,4,32398
2022,1,4C,海洋工程与技术,A589,海南大学,4,34768
2022,1,4E,动物科学,A589,海南大学,2,41935
2022,1,4G,园林,A589,海南大学,4,37613
2022,1,4K,日语,A589,海南大学,3,31808
2022,1,4X,数据科学与大数据技术,A589,海南大学,7,28916
2022,1,4S,人文地理与城乡规划(中外合作办学),A589,海南大学,7,51131
2022,1,4T,行政管理(中外合作办学),A589,海南大学,5,47661
2022,1,4U,酒店管理(中外合作办学),A589,海南大学,14,77846
2022,1,4V,会展经济与管理(中外合作办学),A589,海南大学,9,55003
2022,1,01,材料科学与工程,A590,深圳大学,3,22182
2022,1,04,新闻学,A590,深圳大学,3,16981
2022,1,10,电子信息工程,A590,深圳大学,3,13699
2022,1,12,通信工程,A590,深圳大学,1,15138
2022,1,14,法学,A590,深圳大学,3,14759
2022,1,24,工商管理,A590,深圳大学,2,19488
2022,1,28,电子商务,A590,深圳大学,2,19498
2022,1,38,自动化,A590,深圳大学,3,13068
2022,1,39,机器人工程,A590,深圳大学,1,14203
2022,1,41,计算机科学与技术,A590,深圳大学,5,12300
2022,1,46,地理空间信息工程(智慧城市),A590,深圳大学,1,18131
2022,1,48,建筑学,A590,深圳大学,2,16646
2022,1,56,金融学,A590,深圳大学,2,13894
2022,1,59,国际经济与贸易,A590,深圳大学,2,19553
2022,1,61,会计学,A590,深圳大学,2,15107
2022,1,63,哲学,A590,深圳大学,1,20519
2022,1,65,汉语言文学,A590,深圳大学,1,16511
2022,1,74,生物技术,A590,深圳大学,1,17896
2022,1,76,数学与应用数学,A590,深圳大学,2,15018
2022,1,89,土木工程(卓越班),A590,深圳大学,1,20654
2022,1,96,德语(德英),A590,深圳大学,1,21968
2022,1,A0,金融科技,A590,深圳大学,1,15220
2022,1,A5,光电信息科学与工程,A590,深圳大学,2,14768
2022,1,B4,临床医学,A590,深圳大学,1,7585
2022,1,B5,临床医学(卓越班),A590,深圳大学,2,7849
2022,1,B8,药学,A590,深圳大学,1,19160
2022,1,D5,行政管理,A590,深圳大学,1,22621
2022,1,DD,金融科技(中外合作办学),A590,深圳大学,3,37974
2022,1,DF,电子商务(中外合作办学),A590,深圳大学,3,40799
2022,1,43,国际经济与贸易,A592,广东财经大学,1,36607
2022,1,44,国际商务,A592,广东财经大学,1,45726
2022,1,A5,商务英语,A592,广东财经大学,1,39968
2022,1,B1,汉语言文学,A592,广东财经大学,1,38480
2022,1,E4,供应链管理,A592,广东财经大学,1,45377
2022,1,01,数学类,A593,广西大学,10,33443
2022,1,10,土木工程,A593,广西大学,20,41962
2022,1,12,化学类,A593,广西大学,20,42523
2022,1,13,海洋科学,A593,广西大学,10,41705
2022,1,15,电子信息类,A593,广西大学,10,30242
2022,1,19,轻工类,A593,广西大学,20,48143
2022,1,32,汉语言文学,A593,广西大学,10,27724
2022,1,35,外国语言文学类,A593,广西大学,10,33583
2022,1,36,日语,A593,广西大学,10,40440
2022,1,37,新闻传播学类,A593,广西大学,10,31043
2022,1,39,工商管理类,A593,广西大学,10,38412
2022,1,41,公共事业管理,A593,广西大学,15,38324
2022,1,42,法学,A593,广西大学,20,28167
2022,1,43,思想政治教育,A593,广西大学,5,29404
2022,1,44,电子科学与技术,A593,广西大学,10,31549
2022,1,46,机械类,A593,广西大学,20,36633
2022,1,48,电气类,A593,广西大学,20,30599
2022,1,4A,计算机类,A593,广西大学,10,26404
2022,1,46,测控技术与仪器,A594,广西科技大学,4,152856
2022,1,49,电气工程及其自动化,A594,广西科技大学,4,121426
2022,1,54,通信工程,A594,广西科技大学,3,142027
2022,1,67,数据科学与大数据技术,A594,广西科技大学,4,127820
2022,1,71,土木工程,A594,广西科技大学,3,149560
2022,1,85,食品科学与工程,A594,广西科技大学,4,159270
2022,1,C3,物流管理,A594,广西科技大学,3,159122
2022,1,C7,工业工程,A594,广西科技大学,4,160537
2022,1,G3,软件工程(启迪数字学院),A594,广西科技大学,4,143448
2022,1,HP,新媒体技术(虚拟现实方向),A594,广西科技大学,6,165685
2022,1,HU,康复治疗学,A594,广西科技大学,4,161368
2022,1,HL,软件工程(中外合作办学),A594,广西科技大学,8,202072
2022,1,HM,机械工程(中外合作办学),A594,广西科技大学,7,215511
2022,1,01,机械类,A595,桂林电子科技大学,5,67503
2022,1,02,电子封装技术,A595,桂林电子科技大学,2,56934
2022,1,03,车辆工程,A595,桂林电子科技大学,2,71497
2022,1,04,电气工程及其自动化,A595,桂林电子科技大学,2,48116
2022,1,05,智能制造工程,A595,桂林电子科技大学,2,57043
2022,1,06,电子信息类,A595,桂林电子科技大学,7,49264
2022,1,08,电子科学与技术,A595,桂林电子科技大学,2,51456
2022,1,09,导航工程,A595,桂林电子科技大学,2,60626
2022,1,10,计算机类,A595,桂林电子科技大学,4,40128
2022,1,11,信息安全,A595,桂林电子科技大学,2,46306
2022,1,12,物联网工程,A595,桂林电子科技大学,2,49070
2022,1,13,智能科学与技术,A595,桂林电子科技大学,2,51228
2022,1,14,网络空间安全,A595,桂林电子科技大学,2,39599
2022,1,22,财务管理,A595,桂林电子科技大学,2,80017
2022,1,23,会计学,A595,桂林电子科技大学,2,71410
2022,1,25,工业工程,A595,桂林电子科技大学,2,102184
2022,1,28,人力资源管理,A595,桂林电子科技大学,2,88683
2022,1,29,电子商务,A595,桂林电子科技大学,3,87542
2022,1,2F,本科预科班（招收边防军人子女）,A595,桂林电子科技大学,7,233245
2022,1,31,英语,A595,桂林电子科技大学,3,85561
2022,1,32,日语,A595,桂林电子科技大学,3,114621
2022,1,33,汉语国际教育,A595,桂林电子科技大学,3,91868
2022,1,35,应用统计学,A595,桂林电子科技大学,5,70078
2022,1,37,自动化类,A595,桂林电子科技大学,3,55161
2022,1,38,仪器类,A595,桂林电子科技大学,3,67299
2022,1,40,法学类,A595,桂林电子科技大学,4,70165
2022,1,41,材料类,A595,桂林电子科技大学,5,89597
2022,1,42,材料成型及控制工程,A595,桂林电子科技大学,3,90959
2022,1,43,环境工程,A595,桂林电子科技大学,4,95952
2022,1,44,生物医学工程,A595,桂林电子科技大学,2,73223
2022,1,45,交通工程,A595,桂林电子科技大学,2,71690
2022,1,46,土木工程,A595,桂林电子科技大学,2,92958
2022,1,47,建筑环境与能源应用工程,A595,桂林电子科技大学,2,104135
2022,1,48,建筑电气与智能化,A595,桂林电子科技大学,2,77737
2022,1,49,人工智能,A595,桂林电子科技大学,2,48455
2022,1,64,电子信息工程(中外合作办学),A595,桂林电子科技大学,8,89893
2022,1,1K,地质工程,A596,桂林理工大学,2,147812
2022,1,1N,资源勘查工程,A596,桂林理工大学,4,145099
2022,1,1R,给排水科学与工程,A596,桂林理工大学,3,146022
2022,1,1S,环境工程,A596,桂林理工大学,2,120145
2022,1,1V,材料类,A596,桂林理工大学,6,153969
2022,1,1W,化工与制药类,A596,桂林理工大学,4,134562
2022,1,1Z,建筑类,A596,桂林理工大学,3,91953
2022,1,22,地理信息科学,A596,桂林理工大学,3,114599
2022,1,23,遥感科学与技术,A596,桂林理工大学,4,136616
2022,1,24,电子信息类,A596,桂林理工大学,4,107087
2022,1,25,计算机类,A596,桂林理工大学,6,96810
2022,1,26,机械类,A596,桂林理工大学,3,123198
2022,1,29,房地产开发与管理,A596,桂林理工大学,3,163066
2022,1,2B,国际经济与贸易,A596,桂林理工大学,4,117572
2022,1,2C,会计学,A596,桂林理工大学,3,107901
2022,1,2D,物流管理,A596,桂林理工大学,3,146357
2022,1,2G,新闻传播学类,A596,桂林理工大学,4,120978
2022,1,2H,行政管理,A596,桂林理工大学,2,120483
2022,1,2K,日语,A596,桂林理工大学,2,135293
2022,1,2L,英语,A596,桂林理工大学,2,113735
2022,1,2N,信息与计算科学,A596,桂林理工大学,3,127121
2022,1,43,水利类,A596,桂林理工大学,3,143952
2022,1,44,土木工程,A596,桂林理工大学,4,143597
2022,1,45,工程管理,A596,桂林理工大学,2,152324
2022,1,46,自动化类,A596,桂林理工大学,3,113814
2022,1,49,智能建造,A596,桂林理工大学,4,138028
2022,1,4B,机械设计制造及其自动化(中外合作办学),A596,桂林理工大学,6,201995
2022,1,02,临床医学(5+3一体化),A598,广西医科大学,2,17740
2022,1,03,临床医学,A598,广西医科大学,2,25460
2022,1,06,儿科学,A598,广西医科大学,2,38557
2022,1,09,口腔医学,A598,广西医科大学,2,33080
2022,1,10,预防医学,A598,广西医科大学,2,46879
2022,1,12,临床药学,A598,广西医科大学,2,69723
2022,1,13,医学检验技术,A598,广西医科大学,2,48758
2022,1,16,药学,A598,广西医科大学,2,47630
2022,1,18,生物技术,A598,广西医科大学,2,51764
2022,1,20,信息管理与信息系统,A598,广西医科大学,2,141653
2022,1,25,护理学,A598,广西医科大学,4,99277
2022,1,27,养老服务管理,A598,广西医科大学,2,112789
2022,1,03,针灸推拿学,A600,广西中医药大学,2,96163
2022,1,05,临床医学,A600,广西中医药大学,2,73300
2022,1,09,医学影像技术,A600,广西中医药大学,1,107919
2022,1,10,医学检验技术,A600,广西中医药大学,1,112323
2022,1,13,药学,A600,广西中医药大学,2,103137
2022,1,14,中药学,A600,广西中医药大学,1,70577
2022,1,2D,中医学,A600,广西中医药大学,3,66777
2022,1,2F,护理学,A600,广西中医药大学,2,145289
2022,1,5C,中医学(5+3一体化),A600,广西中医药大学,1,42169
2022,1,02,临床医学,A601,桂林医学院,6,72361
2022,1,03,口腔医学,A601,桂林医学院,1,56466
2022,1,04,儿科学,A601,桂林医学院,1,79718
2022,1,05,预防医学,A601,桂林医学院,2,101844
2022,1,07,医学影像学,A601,桂林医学院,2,76778
2022,1,08,医学检验技术,A601,桂林医学院,2,102309
2022,1,09,药学,A601,桂林医学院,2,106853
2022,1,12,康复治疗学,A601,桂林医学院,2,115274
2022,1,02,汉语言文学(师范类),A602,广西师范大学,6,42795
2022,1,07,历史学(师范类),A602,广西师范大学,4,54837
2022,1,08,文化产业管理,A602,广西师范大学,2,87247
2022,1,09,旅游管理,A602,广西师范大学,2,106553
2022,1,11,思想政治教育(师范类),A602,广西师范大学,2,47666
2022,1,13,法学,A602,广西师范大学,2,57405
2022,1,18,经济学,A602,广西师范大学,2,86852
2022,1,21,工商管理,A602,广西师范大学,2,101499
2022,1,22,会计学,A602,广西师范大学,3,82978
2022,1,23,人力资源管理,A602,广西师范大学,3,92876
2022,1,24,教育技术学(师范类),A602,广西师范大学,2,94645
2022,1,26,小学教育(师范类),A602,广西师范大学,2,67384
2022,1,29,英语(师范类),A602,广西师范大学,5,59844
2022,1,30,日语,A602,广西师范大学,3,95586
2022,1,34,商务英语,A602,广西师范大学,2,71994
2022,1,56,数学与应用数学(师范类),A602,广西师范大学,5,77558
2022,1,57,信息与计算科学,A602,广西师范大学,1,79160
2022,1,58,统计学,A602,广西师范大学,1,77837
2022,1,59,科学教育(师范类),A602,广西师范大学,2,89179
2022,1,60,物理学(师范类),A602,广西师范大学,3,76298
2022,1,62,化学(师范类),A602,广西师范大学,4,68819
2022,1,63,应用化学,A602,广西师范大学,2,87924
2022,1,65,生物科学(师范类),A602,广西师范大学,3,71739
2022,1,66,生物技术,A602,广西师范大学,2,85239
2022,1,68,地理科学(师范类),A602,广西师范大学,3,75985
2022,1,72,计算机科学与技术,A602,广西师范大学,2,76805
2022,1,73,软件工程,A602,广西师范大学,2,67043
2022,1,84,电子科学与技术,A602,广西师范大学,2,98260
2022,1,85,通信工程,A602,广西师范大学,2,94161
2022,1,11,汉语言文学(师范类),A603,南宁师范大学,3,85565
2022,1,21,数学与应用数学(师范类),A603,南宁师范大学,3,122914
2022,1,28,电子信息工程,A603,南宁师范大学,3,145295
2022,1,31,计算机科学与技术(师范类),A603,南宁师范大学,3,144427
2022,1,32,软件工程,A603,南宁师范大学,2,130199
2022,1,53,英语,A603,南宁师范大学,2,104096
2022,1,54,地理科学类,A603,南宁师范大学,4,123944
2022,1,55,工商管理类,A603,南宁师范大学,3,150587
2022,1,56,公共事业管理,A603,南宁师范大学,3,150168
2022,1,04,思想政治教育(师范类),A605,河池学院,3,173421
2022,1,05,学前教育(师范类),A605,河池学院,3,180369
2022,1,11,汉语言文学(师范类),A605,河池学院,3,170871
2022,1,26,应用化学,A605,河池学院,3,202088
2022,1,31,电气工程及其自动化,A605,河池学院,3,208454
2022,1,51,旅游管理,A605,河池学院,3,206778
2022,1,F2,信息与计算科学,A606,玉林师范学院,5,212701
2022,1,G3,信息安全,A606,玉林师范学院,5,210386
2022,1,G5,数据科学与大数据技术,A606,玉林师范学院,5,213797
2022,1,H2,机械电子工程,A606,玉林师范学院,5,222343
2022,1,H3,智能制造工程,A606,玉林师范学院,5,220303
2022,1,01,美术学,A607,广西艺术学院,2,199493
2022,1,02,艺术设计学,A607,广西艺术学院,2,197795
2022,1,03,艺术史论,A607,广西艺术学院,8,199941
2022,1,22,艺术与科技,A607,广西艺术学院,3,201642
2022,1,28,戏剧影视文学,A607,广西艺术学院,3,192573
2022,1,56,风景园林,A607,广西艺术学院,3,198120
2022,1,57,广播电视学,A607,广西艺术学院,3,183279
2022,1,58,广告学,A607,广西艺术学院,4,178789
2022,1,59,文化产业管理,A607,广西艺术学院,9,205043
2022,1,01,政治学与行政学,A608,广西民族大学,2,108508
2022,1,03,中国共产党历史,A608,广西民族大学,2,103091
2022,1,04,行政管理,A608,广西民族大学,2,131008
2022,1,06,税收学,A608,广西民族大学,2,135530
2022,1,08,国际经济与贸易,A608,广西民族大学,2,137223
2022,1,09,工商管理,A608,广西民族大学,2,142503
2022,1,0A,市场营销,A608,广西民族大学,2,156790
2022,1,0G,旅游管理,A608,广西民族大学,1,171103
2022,1,0H,法学,A608,广西民族大学,1,83853
2022,1,0K,应用心理学(师范类),A608,广西民族大学,2,127677
2022,1,0L,汉语言文学(师范类),A608,广西民族大学,2,65321
2022,1,0Q,社会学,A608,广西民族大学,2,117882
2022,1,0U,英语,A608,广西民族大学,3,126967
2022,1,0W,翻译,A608,广西民族大学,3,124580
2022,1,14,数学与应用数学(师范类),A608,广西民族大学,2,121487
2022,1,16,信息与计算科学,A608,广西民族大学,2,135864
2022,1,1B,电子信息工程,A608,广西民族大学,3,150924
2022,1,1G,计算机科学与技术,A608,广西民族大学,1,129536
2022,1,1L,化学(师范类),A608,广西民族大学,1,115219
2022,1,1N,应用化学,A608,广西民族大学,2,163507
2022,1,1P,化学工程与工艺,A608,广西民族大学,1,158354
2022,1,1S,智能制造工程,A608,广西民族大学,2,152376
2022,1,1W,海洋科学,A608,广西民族大学,4,169014
2022,1,1Y,生物技术,A608,广西民族大学,2,149996
2022,1,22,工程管理,A608,广西民族大学,3,177113
2022,1,29,新闻学,A608,广西民族大学,1,108038
2022,1,2E,国际商务,A608,广西民族大学,2,148198
2022,1,2K,非物质文化遗产保护,A608,广西民族大学,2,158904
2022,1,2L,金融学(中澳学分互认联合培养项目),A608,广西民族大学,8,157196
2022,1,2M,人工智能(中澳学分互认联合培养项目),A608,广西民族大学,7,197721
2022,1,2N,会计学(中外合作办学),A608,广西民族大学,10,177159
2022,1,1E,化学(师范类),A609,百色学院,2,180302
2022,1,1G,生物技术,A609,百色学院,2,201492
2022,1,1J,材料成型及控制工程,A609,百色学院,2,213736
2022,1,1P,通信工程,A609,百色学院,2,195665
2022,1,1X,食品科学与工程,A609,百色学院,2,202705
2022,1,1Z,设施农业科学与工程,A609,百色学院,2,204768
2022,1,2F,市场营销,A609,百色学院,2,200875
2022,1,2K,审计学,A609,百色学院,2,189804
2022,1,2P,电子商务,A609,百色学院,2,202125
2022,1,5T,英语(师范类，英语教育),A609,百色学院,2,169314
2022,1,7E,跨境电子商务,A609,百色学院,2,202447
2022,1,7K,小学教育(师范类),A609,百色学院,2,175229
2022,1,01,美术学(理论研究),A610,四川大学,3,15976
2022,1,10,金融学类,A610,四川大学,5,4843
2022,1,11,经济学类,A610,四川大学,7,5908
2022,1,16,新闻传播学类,A610,四川大学,4,5691
2022,1,18,日语,A610,四川大学,2,9727
2022,1,23,历史学类,A610,四川大学,1,3696
2022,1,24,旅游管理类,A610,四川大学,4,11863
2022,1,25,哲学,A610,四川大学,2,5937
2022,1,27,档案学,A610,四川大学,2,9405
2022,1,28,信息资源管理,A610,四川大学,2,7959
2022,1,31,管理科学与工程类,A610,四川大学,4,8424
2022,1,34,数学与应用数学(基地班),A610,四川大学,2,3402
2022,1,35,数学与应用数学(数学经济学双学士学位),A610,四川大学,2,3711
2022,1,36,数学类,A610,四川大学,2,3914
2022,1,37,物理学类,A610,四川大学,3,5001
2022,1,38,核工程与核技术,A610,四川大学,4,6709
2022,1,40,化学类,A610,四川大学,12,6625
2022,1,41,生物科学类,A610,四川大学,6,5413
2022,1,43,电子信息类,A610,四川大学,10,5117
2022,1,44,高分子材料与工程,A610,四川大学,9,7618
2022,1,45,材料类(新能源与纳米材料),A610,四川大学,12,8295
2022,1,46,生物医学工程,A610,四川大学,5,6037
2022,1,47,医学信息工程,A610,四川大学,3,6973
2022,1,48,工科试验班(智能制造),A610,四川大学,10,6174
2022,1,49,电气类,A610,四川大学,14,5788
2022,1,50,计算机类,A610,四川大学,11,4643
2022,1,52,建筑学,A610,四川大学,3,6741
2022,1,53,土木工程,A610,四川大学,5,8935
2022,1,54,工程力学,A610,四川大学,2,6649
2022,1,59,工科试验班(先进低碳材料),A610,四川大学,3,6717
2022,1,60,工科试验班(食品健康与安全),A610,四川大学,6,9015
2022,1,62,软件工程,A610,四川大学,8,4681
2022,1,63,网络空间安全,A610,四川大学,4,4771
2022,1,67,法医学,A610,四川大学,3,6931
2022,1,68,临床医学(五年),A610,四川大学,3,2134
2022,1,69,临床医学(八年),A610,四川大学,2,820
2022,1,72,医学技术类,A610,四川大学,3,5929
2022,1,74,口腔医学(五年),A610,四川大学,3,1278
2022,1,76,口腔医学(八年),A610,四川大学,2,633
2022,1,79,预防医学,A610,四川大学,3,7235
2022,1,83,药学,A610,四川大学,6,6394
2022,1,84,临床药学,A610,四川大学,2,6035
2022,1,Q9,法学,A610,四川大学,3,4512
2022,1,QB,英语,A610,四川大学,5,7283
2022,1,QD,公共管理类,A610,四川大学,3,6697
2022,1,86,工业工程(中外合作办学),A610,四川大学,4,18978
2022,1,87,机械设计制造及其自动化(中外合作办学),A610,四川大学,4,18044
2022,1,88,材料科学与工程(中外合作办学),A610,四川大学,2,18804
2022,1,89,电气工程及其自动化(中外合作办学),A610,四川大学,3,17872
2022,1,91,计算机科学与技术(中外合作办学),A610,四川大学,4,12389
2022,1,92,电子信息工程(中外合作办学),A610,四川大学,2,12580
2022,1,98,临床医学(五年制),A611,重庆大学,4,6082
2022,1,D7,管理科学与工程类,A611,重庆大学,4,11118
2022,1,D8,经济学类,A611,重庆大学,3,7730
2022,1,D9,人文科学试验班(法学新闻类),A611,重庆大学,5,6536
2022,1,DA,建筑类,A611,重庆大学,7,6674
2022,1,DB,外国语言文学类,A611,重庆大学,3,10837
2022,1,DD,人文科学试验班(博雅类),A611,重庆大学,2,6107
2022,1,DG,工商管理类,A611,重庆大学,8,10556
2022,1,DH,理科试验班(数学物理类),A611,重庆大学,5,7564
2022,1,DK,工科试验班(环化健康类),A611,重庆大学,20,11329
2022,1,DM,工科试验班(工程能源类),A611,重庆大学,60,11200
2022,1,DP,工科试验班(电气信息类),A611,重庆大学,50,7889
2022,1,G7,本科预科班（招收边防军人子女）,A611,重庆大学,3,68985
2022,1,22,电气工程及其自动化(中外合作办学),A611,重庆大学,2,15544
2022,1,23,机械设计制造及其自动化(中外合作办学),A611,重庆大学,3,19925
2022,1,01,土木工程,A613,西南交通大学,13,22210
2022,1,02,城市地下空间工程,A613,西南交通大学,2,22760
2022,1,06,机械类,A613,西南交通大学,14,20163
2022,1,07,车辆工程,A613,西南交通大学,5,17049
2022,1,08,能源动力类,A613,西南交通大学,3,18182
2022,1,09,电气工程及其自动化,A613,西南交通大学,15,13739
2022,1,10,电子信息工程,A613,西南交通大学,9,14214
2022,1,12,通信工程,A613,西南交通大学,6,13830
2022,1,13,自动化,A613,西南交通大学,4,15152
2022,1,14,轨道交通信号与控制,A613,西南交通大学,4,16098
2022,1,15,人工智能,A613,西南交通大学,5,12861
2022,1,16,计算机类,A613,西南交通大学,4,6205
2022,1,17,交通运输类,A613,西南交通大学,8,15214
2022,1,18,安全工程,A613,西南交通大学,3,21451
2022,1,20,工程力学,A613,西南交通大学,3,21839
2022,1,21,飞行器设计与工程,A613,西南交通大学,3,17477
2022,1,22,汉语言文学,A613,西南交通大学,3,14917
2022,1,23,新闻传播学类,A613,西南交通大学,3,17058
2022,1,26,制药工程,A613,西南交通大学,8,24944
2022,1,27,生物工程,A613,西南交通大学,4,23750
2022,1,29,数学与应用数学,A613,西南交通大学,2,14886
2022,1,30,统计学,A613,西南交通大学,4,17397
2022,1,31,数据科学与大数据技术,A613,西南交通大学,1,11526
2022,1,32,建筑类,A613,西南交通大学,4,19558
2022,1,33,建筑学,A613,西南交通大学,4,16165
2022,1,40,测绘类,A613,西南交通大学,12,25509
2022,1,41,地质工程,A613,西南交通大学,6,28019
2022,1,43,环境科学与工程类,A613,西南交通大学,7,28185
2022,1,48,应用物理学,A613,西南交通大学,14,21737
2022,1,49,电子信息科学与技术,A613,西南交通大学,3,14538
2022,1,50,材料类,A613,西南交通大学,19,26388
2022,1,51,生物医学工程,A613,西南交通大学,2,20259
2022,1,52,汉语国际教育,A613,西南交通大学,1,18105
2022,1,53,外国语言文学类,A613,西南交通大学,10,22519
2022,1,58,经济与贸易类,A613,西南交通大学,3,17968
2022,1,59,工商管理类,A613,西南交通大学,18,24827
2022,1,63,法学,A613,西南交通大学,1,13742
2022,1,64,政治学与行政学,A613,西南交通大学,1,18193
2022,1,65,公共事业管理,A613,西南交通大学,2,21970
2022,1,66,智能制造工程,A613,西南交通大学,8,17779
2022,1,67,新能源科学与工程,A613,西南交通大学,8,18987
2022,1,68,智能建造,A613,西南交通大学,4,18642
2022,1,69,城市设计,A613,西南交通大学,1,19640
2022,1,70,智慧交通,A613,西南交通大学,3,17649
2022,1,71,电子信息类,A613,西南交通大学,3,13979
2022,1,73,物流管理与工程类,A613,西南交通大学,3,24139
2022,1,28,生物工程(中外合作办学),A613,西南交通大学,4,42221
2022,1,44,安全工程(中外合作办学),A613,西南交通大学,4,44102
2022,1,45,环境工程(中外合作办学),A613,西南交通大学,4,47568
2022,1,54,机械设计制造及其自动化(中外合作办学),A613,西南交通大学,5,35096
2022,1,55,电子信息工程(中外合作办学),A613,西南交通大学,5,31618
2022,1,56,计算机科学与技术(中外合作办学),A613,西南交通大学,5,27201
2022,1,57,土木工程(中外合作办学),A613,西南交通大学,5,41919
2022,1,A2,电子信息类(成电英才计划拔尖创新人才实验班),A614,电子科技大学,3,1766
2022,1,A3,计算机科学与技术(智能金融与区块链金融双A联合学位实验班),A614,电子科技大学,2,2097
2022,1,B6,物联网工程(互联网交叉复合型精英人才双学位培养计划),A614,电子科技大学,3,3132
2022,1,B7,计算机科学与技术(互联网交叉复合型精英人才双学位培养计划),A614,电子科技大学,5,2626
2022,1,B8,数据科学与大数据技术(互联网交叉复合型精英人才双学位培养计划),A614,电子科技大学,4,3060
2022,1,QK,电子信息类(信息与通信),A614,电子科技大学,16,3261
2022,1,QM,工科试验班(电子工程类),A614,电子科技大学,18,3705
2022,1,QQ,计算机类,A614,电子科技大学,12,2996
2022,1,QS,工科试验班(机器人、电气信息、智能制造),A614,电子科技大学,20,4557
2022,1,QU,电子信息类(光电集成与光网络),A614,电子科技大学,11,4073
2022,1,01,石油工程,A615,西南石油大学,9,39871
2022,1,02,油气储运工程,A615,西南石油大学,4,38648
2022,1,03,海洋油气工程,A615,西南石油大学,2,40573
2022,1,04,资源勘查工程,A615,西南石油大学,4,46910
2022,1,05,勘查技术与工程,A615,西南石油大学,4,47191
2022,1,06,地质学,A615,西南石油大学,4,43667
2022,1,07,地理信息科学,A615,西南石油大学,3,37950
2022,1,08,城市地下空间工程,A615,西南石油大学,3,46779
2022,1,09,机械工程,A615,西南石油大学,5,45135
2022,1,10,过程装备与控制工程,A615,西南石油大学,6,44540
2022,1,11,机械设计制造及其自动化,A615,西南石油大学,3,39905
2022,1,12,测控技术与仪器,A615,西南石油大学,3,39779
2022,1,13,工业设计,A615,西南石油大学,3,40231
2022,1,14,智能感知工程,A615,西南石油大学,4,40129
2022,1,15,应用化学,A615,西南石油大学,3,40881
2022,1,16,化学工程与工艺,A615,西南石油大学,4,43439
2022,1,17,环境工程,A615,西南石油大学,4,44915
2022,1,18,化学,A615,西南石油大学,3,41759
2022,1,19,安全工程,A615,西南石油大学,2,35628
2022,1,20,新能源材料与器件,A615,西南石油大学,6,41034
2022,1,21,材料科学与工程,A615,西南石油大学,5,45936
2022,1,22,高分子材料与工程,A615,西南石油大学,3,42553
2022,1,23,材料成型及控制工程,A615,西南石油大学,3,44986
2022,1,24,新能源科学与工程,A615,西南石油大学,3,36225
2022,1,25,储能科学与工程,A615,西南石油大学,4,44088
2022,1,26,计算机类,A615,西南石油大学,14,32607
2022,1,27,电气工程及其自动化,A615,西南石油大学,4,30624
2022,1,28,自动化类,A615,西南石油大学,7,34658
2022,1,29,通信工程,A615,西南石油大学,4,34212
2022,1,30,土木工程,A615,西南石油大学,6,46904
2022,1,31,测绘工程,A615,西南石油大学,4,45981
2022,1,32,工程管理,A615,西南石油大学,4,48472
2022,1,33,信息与计算科学,A615,西南石油大学,4,37260
2022,1,34,数学与应用数学,A615,西南石油大学,4,36782
2022,1,35,人工智能,A615,西南石油大学,2,32665
2022,1,36,工商管理类,A615,西南石油大学,2,38919
2022,1,37,经济学,A615,西南石油大学,2,32772
2022,1,39,国际经济与贸易,A615,西南石油大学,2,35099
2022,1,40,会计学,A615,西南石油大学,2,32080
2022,1,41,社会工作,A615,西南石油大学,2,40230
2022,1,42,法学,A615,西南石油大学,2,29403
2022,1,43,思想政治教育,A615,西南石油大学,2,34343
2022,1,45,俄语,A615,西南石油大学,3,50791
2022,1,01,地质学类,A616,成都理工大学,6,37918
2022,1,02,测绘工程,A616,成都理工大学,2,38902
2022,1,03,资源勘查工程,A616,成都理工大学,3,46177
2022,1,04,地理信息科学,A616,成都理工大学,6,34178
2022,1,05,石油工程,A616,成都理工大学,6,45143
2022,1,06,土木工程,A616,成都理工大学,8,42615
2022,1,08,地质工程,A616,成都理工大学,8,46023
2022,1,09,地下水科学与工程,A616,成都理工大学,4,49086
2022,1,0B,勘查技术与工程,A616,成都理工大学,5,48045
2022,1,0C,地球物理学,A616,成都理工大学,8,43072
2022,1,0E,核工程类,A616,成都理工大学,4,38241
2022,1,0F,测控技术与仪器,A616,成都理工大学,12,44252
2022,1,0G,电气工程及其自动化,A616,成都理工大学,4,27093
2022,1,0J,工业设计,A616,成都理工大学,2,38801
2022,1,0K,电子信息类,A616,成都理工大学,5,28984
2022,1,0L,应用物理学,A616,成都理工大学,4,35029
2022,1,0P,电子商务,A616,成都理工大学,4,37283
2022,1,0Q,工商管理,A616,成都理工大学,4,35365
2022,1,0U,人文地理与城乡规划,A616,成都理工大学,5,40151
2022,1,0V,材料科学与工程,A616,成都理工大学,4,44491
2022,1,0W,应用化学,A616,成都理工大学,4,40800
2022,1,0Y,计算机类,A616,成都理工大学,4,26148
2022,1,0Z,思想政治教育,A616,成都理工大学,4,32593
2022,1,15,翻译,A616,成都理工大学,4,40277
2022,1,16,日语,A616,成都理工大学,5,47123
2022,1,19,投资学,A616,成都理工大学,3,35309
2022,1,1B,环境科学与工程类,A616,成都理工大学,2,43813
2022,1,1C,新闻传播学类,A616,成都理工大学,4,33623
2022,1,80,信息与计算科学,A616,成都理工大学,2,32963
2022,1,81,环境科学与工程,A616,成都理工大学,2,44417
2022,1,82,新能源科学与工程,A616,成都理工大学,2,34692
2022,1,83,新能源材料与器件,A616,成都理工大学,2,36895
2022,1,85,油气储运工程,A616,成都理工大学,2,46418
2022,1,86,电子信息工程,A616,成都理工大学,4,30794
2022,1,87,工商管理类,A616,成都理工大学,4,37585
2022,1,89,物流管理,A616,成都理工大学,4,46772
2022,1,8A,工程管理,A616,成都理工大学,2,42852
2022,1,90,行星科学,A616,成都理工大学,2,33142
2022,1,01,电子信息类(通信与信息类),A617,重庆邮电大学,12,26230
2022,1,02,数字媒体技术,A617,重庆邮电大学,2,23722
2022,1,03,计算机类(计算机与智能科学类),A617,重庆邮电大学,12,23518
2022,1,04,自动化类(自动化与电气工程类),A617,重庆邮电大学,15,31039
2022,1,05,机械类(智能制造与机器人类),A617,重庆邮电大学,9,36163
2022,1,06,电子信息类(集成电路与电子工程类),A617,重庆邮电大学,16,29297
2022,1,08,生物医学工程,A617,重庆邮电大学,3,46019
2022,1,11,数学类(数学与信息科学类),A617,重庆邮电大学,5,35897
2022,1,13,工商管理类,A617,重庆邮电大学,2,37926
2022,1,15,工程管理,A617,重庆邮电大学,2,36972
2022,1,16,信息管理与信息系统,A617,重庆邮电大学,2,35813
2022,1,17,大数据管理与应用,A617,重庆邮电大学,2,30035
2022,1,18,电子商务类,A617,重庆邮电大学,3,43197
2022,1,22,计算机类(网络安全类),A617,重庆邮电大学,5,25581
2022,1,24,法学类,A617,重庆邮电大学,2,30662
2022,1,26,软件工程,A617,重庆邮电大学,15,28609
2022,1,28,电子信息工程(中外合作办学),A617,重庆邮电大学,12,55721
2022,1,29,软件工程(中外合作办学),A617,重庆邮电大学,15,54085
2022,1,01,土木类,A618,重庆交通大学,6,53117
2022,1,04,水利类,A618,重庆交通大学,4,53272
2022,1,05,地质工程,A618,重庆交通大学,3,63623
2022,1,06,给排水科学与工程,A618,重庆交通大学,3,56837
2022,1,08,交通运输类,A618,重庆交通大学,4,42516
2022,1,11,机械类,A618,重庆交通大学,6,47513
2022,1,12,电气工程及其自动化,A618,重庆交通大学,3,39570
2022,1,17,船舶与海洋工程,A618,重庆交通大学,4,61739
2022,1,18,建筑类,A618,重庆交通大学,3,53284
2022,1,19,电子信息类,A618,重庆交通大学,3,41933
2022,1,20,计算机类,A618,重庆交通大学,3,35470
2022,1,22,数据科学与大数据技术,A618,重庆交通大学,3,39764
2022,1,23,材料类,A618,重庆交通大学,3,55728
2022,1,24,应用化学,A618,重庆交通大学,3,56976
2022,1,25,飞行器制造工程,A618,重庆交通大学,3,53148
2022,1,26,飞行器动力工程,A618,重庆交通大学,3,51628
2022,1,27,管理科学与工程类,A618,重庆交通大学,3,54266
2022,1,28,物流管理,A618,重庆交通大学,3,57744
2022,1,29,工商管理类,A618,重庆交通大学,3,50024
2022,1,32,数学类,A618,重庆交通大学,3,43761
2022,1,34,外国语言文学类,A618,重庆交通大学,3,51581
2022,1,36,旅游管理,A618,重庆交通大学,3,77273
2022,1,13,机械设计制造及其自动化(中外合作办学),A618,重庆交通大学,6,92763
2022,1,01,电气工程及其自动化,A619,西南科技大学,5,62350
2022,1,02,电子信息类,A619,西南科技大学,5,57017
2022,1,06,测绘工程,A619,西南科技大学,5,94946
2022,1,08,矿业类,A619,西南科技大学,5,116580
2022,1,09,交通工程,A619,西南科技大学,4,87999
2022,1,13,材料类,A619,西南科技大学,9,93213
2022,1,14,能源化学工程,A619,西南科技大学,4,88677
2022,1,15,机械类,A619,西南科技大学,5,71468
2022,1,16,工业工程,A619,西南科技大学,4,91584
2022,1,18,土木类,A619,西南科技大学,5,91408
2022,1,20,管理科学与工程类,A619,西南科技大学,4,88405
2022,1,28,计算机类,A619,西南科技大学,5,45969
2022,1,37,工商管理类,A619,西南科技大学,3,67637
2022,1,38,公共事业管理,A619,西南科技大学,3,75296
2022,1,41,法学类,A619,西南科技大学,4,60874
2022,1,43,中国语言文学类,A619,西南科技大学,4,58691
2022,1,44,广播电视学,A619,西南科技大学,3,67687
2022,1,48,西班牙语,A619,西南科技大学,3,72372
2022,1,50,外国语言文学类,A619,西南科技大学,3,70586
2022,1,51,思想政治教育,A619,西南科技大学,3,66845
2022,1,01,大气科学类,A621,成都信息工程大学,5,43571
2022,1,02,电子信息工程,A621,成都信息工程大学,3,39448
2022,1,04,通信工程,A621,成都信息工程大学,3,42440
2022,1,0C,光电信息科学与工程,A621,成都信息工程大学,2,43352
2022,1,0E,电气工程及其自动化,A621,成都信息工程大学,2,42070
2022,1,0G,机器人工程,A621,成都信息工程大学,2,41825
2022,1,0H,计算机科学与技术,A621,成都信息工程大学,3,34234
2022,1,0K,智能科学与技术,A621,成都信息工程大学,2,40529
2022,1,0M,空间信息与数字技术,A621,成都信息工程大学,2,46047
2022,1,0P,网络工程,A621,成都信息工程大学,3,41389
2022,1,0V,翻译,A621,成都信息工程大学,2,54560
2022,1,0X,人工智能,A621,成都信息工程大学,3,42397
2022,1,11,统计学,A621,成都信息工程大学,2,44442
2022,1,1A,电子商务,A621,成都信息工程大学,2,54001
2022,1,13,数学与应用数学(师范类),A622,四川轻化工大学,2,130323
2022,1,16,计算机科学与技术,A622,四川轻化工大学,2,86167
2022,1,26,工业设计,A622,四川轻化工大学,2,131355
2022,1,30,环境工程,A622,四川轻化工大学,2,134618
2022,1,31,安全工程,A622,四川轻化工大学,2,146388
2022,1,32,应用化学,A622,四川轻化工大学,3,131332
2022,1,35,生物制药,A622,四川轻化工大学,3,126198
2022,1,38,轻化工程,A622,四川轻化工大学,3,145820
2022,1,40,食品质量与安全,A622,四川轻化工大学,3,142584
2022,1,47,市场营销,A622,四川轻化工大学,3,128679
2022,1,51,旅游管理,A622,四川轻化工大学,3,148757
2022,1,52,酒店管理,A622,四川轻化工大学,3,146285
2022,1,55,劳动与社会保障,A622,四川轻化工大学,3,143218
2022,1,59,日语,A622,四川轻化工大学,2,129242
2022,1,62,广播电视学,A622,四川轻化工大学,2,110447
2022,1,66,电子信息工程,A622,四川轻化工大学,2,116310
2022,1,70,应用心理学,A622,四川轻化工大学,3,121605
2022,1,0A,自动化,A623,西华大学,4,63589
2022,1,0C,工商管理,A623,西华大学,6,76629
2022,1,0D,会计学,A623,西华大学,4,59778
2022,1,0F,物流管理,A623,西华大学,2,75262
2022,1,0M,机械类,A623,西华大学,8,75660
2022,1,0P,计算机类,A623,西华大学,4,59233
2022,1,0S,电子商务,A623,西华大学,3,71430
2022,1,17,交通工程,A623,西华大学,4,81807
2022,1,1G,建筑类,A623,西华大学,4,82720
2022,1,1J,工程造价,A623,西华大学,4,79456
2022,1,1K,土木工程,A623,西华大学,6,91079
2022,1,1R,网络与新媒体,A623,西华大学,4,62297
2022,1,1S,中国语言文学类,A623,西华大学,4,58699
2022,1,1Y,法学,A623,西华大学,4,50248
2022,1,2F,本科预科班（招收边防军人子女）,A623,西华大学,6,231862
2022,1,01,思想政治教育,A624,中国民用航空飞行学院,2,126457
2022,1,03,英语,A624,中国民用航空飞行学院,4,81875
2022,1,05,信息与计算科学,A624,中国民用航空飞行学院,3,100161
2022,1,06,大气科学,A624,中国民用航空飞行学院,1,75005
2022,1,07,应用气象学(机场气象预报、航空公司气象分析),A624,中国民用航空飞行学院,1,46044
2022,1,08,应用心理学,A624,中国民用航空飞行学院,2,83779
2022,1,09,电气工程及其自动化(航空电气设备维修),A624,中国民用航空飞行学院,5,94486
2022,1,0A,电子信息工程(航空电子设备维修),A624,中国民用航空飞行学院,6,90273
2022,1,0B,计算机科学与技术,A624,中国民用航空飞行学院,5,105630
2022,1,0C,物联网工程,A624,中国民用航空飞行学院,4,102483
2022,1,0D,数据科学与大数据技术,A624,中国民用航空飞行学院,3,94709
2022,1,0E,网络空间安全,A624,中国民用航空飞行学院,4,109928
2022,1,0F,导航工程(导航应用与规划、空管保障设施),A624,中国民用航空飞行学院,2,67109
2022,1,0G,交通运输(空中交通管制、飞行签派、航行情报),A624,中国民用航空飞行学院,13,68321
2022,1,0H,交通工程(机场管理与工程),A624,中国民用航空飞行学院,2,60473
2022,1,0K,航空航天工程(直升机维修工程),A624,中国民用航空飞行学院,3,80908
2022,1,0L,飞行器制造工程(飞机结构维修),A624,中国民用航空飞行学院,3,88526
2022,1,0M,飞行器动力工程(飞机发动机维修),A624,中国民用航空飞行学院,4,82639
2022,1,0N,飞行器适航技术,A624,中国民用航空飞行学院,3,95002
2022,1,0P,无人驾驶航空器系统工程,A624,中国民用航空飞行学院,2,84962
2022,1,0Q,安全工程,A624,中国民用航空飞行学院,2,90164
2022,1,0R,消防工程,A624,中国民用航空飞行学院,2,120694
2022,1,0S,工商管理,A624,中国民用航空飞行学院,3,125230
2022,1,0T,市场营销,A624,中国民用航空飞行学院,2,124992
2022,1,0U,公共事业管理,A624,中国民用航空飞行学院,4,109044
2022,1,0V,交通管理(机场运行管理),A624,中国民用航空飞行学院,3,65492
2022,1,0W,物流工程(航空物流),A624,中国民用航空飞行学院,4,86305
2022,1,01,化学生物学,A626,四川农业大学,3,36729
2022,1,03,应用化学,A626,四川农业大学,3,38652
2022,1,05,生物工程,A626,四川农业大学,3,32651
2022,1,09,农业机械化及其自动化,A626,四川农业大学,4,38518
2022,1,12,食品科学与工程,A626,四川农业大学,3,35174
2022,1,13,食品质量与安全,A626,四川农业大学,4,38905
2022,1,15,物联网工程,A626,四川农业大学,4,29650
2022,1,19,水利水电工程,A626,四川农业大学,3,37157
2022,1,21,人力资源管理,A626,四川农业大学,3,31075
2022,1,23,英语,A626,四川农业大学,3,30205
2022,1,25,法学,A626,四川农业大学,3,24702
2022,1,28,广告学,A626,四川农业大学,3,31130
2022,1,30,农学,A626,四川农业大学,3,34873
2022,1,37,动物科学,A626,四川农业大学,3,35816
2022,1,38,水产养殖学,A626,四川农业大学,3,39369
2022,1,39,动物医学,A626,四川农业大学,3,31924
2022,1,41,药物制剂,A626,四川农业大学,3,33703
2022,1,43,林学,A626,四川农业大学,3,34906
2022,1,49,园艺,A626,四川农业大学,3,35829
2022,1,51,农业资源与环境,A626,四川农业大学,3,37705
2022,1,53,土地资源管理,A626,四川农业大学,3,29036
2022,1,55,环境工程,A626,四川农业大学,3,35158
2022,1,56,环境科学,A626,四川农业大学,3,34784
2022,1,60,金融学,A626,四川农业大学,3,24974
2022,1,62,投资学,A626,四川农业大学,3,27560
2022,1,65,农林经济管理,A626,四川农业大学,3,28278
2022,1,68,园林,A626,四川农业大学,3,34972
2022,1,69,城乡规划,A626,四川农业大学,3,31761
2022,1,71,工程造价,A626,四川农业大学,3,35642
2022,1,73,土木工程,A626,四川农业大学,3,37234
2022,1,74,给排水科学与工程,A626,四川农业大学,3,39916
2022,1,75,道路桥梁与渡河工程,A626,四川农业大学,3,37031
2022,1,80,会计学,A626,四川农业大学,3,26750
2022,1,X2,食品营养与健康,A626,四川农业大学,3,40060
2022,1,X3,智慧农业,A626,四川农业大学,3,35255
2022,1,X4,草坪科学与工程,A626,四川农业大学,3,41723
2022,1,31,土木工程,A628,西昌学院,5,210543
2022,1,37,汉语言文学(师范类),A628,西昌学院,5,164182
2022,1,01,临床医学(5+3一体化),A631,重庆医科大学,3,5988
2022,1,02,临床医学(5+3一体化，硕士段培养方向儿科学),A631,重庆医科大学,1,7143
2022,1,03,临床医学,A631,重庆医科大学,4,6844
2022,1,04,儿科学,A631,重庆医科大学,3,15820
2022,1,05,口腔医学,A631,重庆医科大学,2,6366
2022,1,06,眼视光医学,A631,重庆医科大学,2,11180
2022,1,07,医学检验技术,A631,重庆医科大学,2,19060
2022,1,08,预防医学,A631,重庆医科大学,2,23721
2022,1,09,临床药学,A631,重庆医科大学,1,21656
2022,1,0A,药学,A631,重庆医科大学,1,24818
2022,1,0B,麻醉学,A631,重庆医科大学,2,11696
2022,1,0C,医学影像学,A631,重庆医科大学,2,14477
2022,1,0D,精神医学,A631,重庆医科大学,2,20494
2022,1,0E,中西医临床医学,A631,重庆医科大学,2,24493
2022,1,0F,中医学,A631,重庆医科大学,1,18395
2022,1,0G,针灸推拿学,A631,重庆医科大学,1,27537
2022,1,0H,法医学,A631,重庆医科大学,1,22843
2022,1,0J,卫生检验与检疫,A631,重庆医科大学,1,30571
2022,1,0K,生物医学工程,A631,重庆医科大学,1,27211
2022,1,0L,医学影像技术,A631,重庆医科大学,1,19462
2022,1,0M,口腔医学技术,A631,重庆医科大学,2,30016
2022,1,0N,康复治疗学,A631,重庆医科大学,2,38955
2022,1,0P,基础医学,A631,重庆医科大学,1,31636
2022,1,0Q,药物制剂,A631,重庆医科大学,1,31711
2022,1,0R,中药学,A631,重庆医科大学,1,26835
2022,1,0S,中药制药,A631,重庆医科大学,1,35730
2022,1,0T,食品卫生与营养学,A631,重庆医科大学,1,32635
2022,1,0U,医学实验技术,A631,重庆医科大学,1,33771
2022,1,0V,听力与言语康复学,A631,重庆医科大学,1,32745
2022,1,0W,智能医学工程,A631,重庆医科大学,1,35162
2022,1,0X,医学信息工程,A631,重庆医科大学,1,42596
2022,1,0Y,信息管理与信息系统,A631,重庆医科大学,1,42601
2022,1,0Z,生物信息学,A631,重庆医科大学,1,31582
2022,1,10,护理学,A631,重庆医科大学,1,37271
2022,1,11,应用统计学,A631,重庆医科大学,1,33693
2022,1,12,公共事业管理,A631,重庆医科大学,1,45866
2022,1,13,英语,A631,重庆医科大学,1,34585
2022,1,17,临床医学(检验医师培养试验班),A631,重庆医科大学,1,7866
2022,1,14,临床医学(中外合作办学),A631,重庆医科大学,5,23467
2022,1,01,临床医学,A632,西南医科大学,10,33372
2022,1,04,麻醉学,A632,西南医科大学,2,35221
2022,1,05,医学影像学,A632,西南医科大学,3,42674
2022,1,08,中医学,A632,西南医科大学,1,43276
2022,1,11,生物医学工程,A632,西南医科大学,4,73335
2022,1,13,药学类,A632,西南医科大学,8,73400
2022,1,14,中药学,A632,西南医科大学,2,69766
2022,1,15,康复治疗学,A632,西南医科大学,2,98205
2022,1,16,医学检验技术,A632,西南医科大学,2,54742
2022,1,23,应用心理学,A632,西南医科大学,3,63912
2022,1,24,公共管理类,A632,西南医科大学,8,132443
2022,1,02,中医学(5+3一体化),A633,成都中医药大学,4,12932
2022,1,03,中医学,A633,成都中医药大学,4,20626
2022,1,04,中西医临床医学,A633,成都中医药大学,4,26691
2022,1,05,针灸推拿学,A633,成都中医药大学,4,23623
2022,1,07,中药学(基地班),A633,成都中医药大学,4,32908
2022,1,09,中药资源与开发,A633,成都中医药大学,2,44498
2022,1,0B,药学,A633,成都中医药大学,2,40603
2022,1,0E,中医康复学,A633,成都中医药大学,2,35128
2022,1,0F,康复治疗学,A633,成都中医药大学,2,42116
2022,1,0H,临床医学,A633,成都中医药大学,4,26729
2022,1,0J,护理学,A633,成都中医药大学,10,69309
2022,1,0N,生物技术,A633,成都中医药大学,3,44870
2022,1,0X,英语,A633,成都中医药大学,6,42936
2022,1,14,中医儿科学,A633,成都中医药大学,4,33240
2022,1,05,临床医学,A634,川北医学院,10,76865
2022,1,06,麻醉学,A634,川北医学院,5,79496
2022,1,07,医学影像学,A634,川北医学院,5,65835
2022,1,10,口腔医学,A634,川北医学院,5,64738
2022,1,22,英语,A635,西南大学,2,13468
2022,1,23,俄语,A635,西南大学,1,18027
2022,1,24,德语,A635,西南大学,1,19594
2022,1,25,日语,A635,西南大学,1,21677
2022,1,32,历史学,A635,西南大学,1,12623
2022,1,42,思想政治教育,A635,西南大学,1,10718
2022,1,51,工商管理类,A635,西南大学,2,15446
2022,1,52,经济学类,A635,西南大学,2,14916
2022,1,53,农林经济管理,A635,西南大学,1,20657
2022,1,61,公共管理类,A635,西南大学,2,18270
2022,1,71,法学,A635,西南大学,1,11246
2022,1,A2,应用心理学,A635,西南大学,1,5974
2022,1,B1,新闻学,A635,西南大学,2,14612
2022,1,C3,应用化学,A635,西南大学,2,18449
2022,1,D2,物理学,A635,西南大学,2,16331
2022,1,E1,材料类,A635,西南大学,3,27018
2022,1,F1,环境科学与工程,A635,西南大学,2,21108
2022,1,F3,土地资源管理,A635,西南大学,1,19122
2022,1,G2,地理科学类,A635,西南大学,3,15970
2022,1,H1,电气工程及其自动化,A635,西南大学,2,16870
2022,1,H2,机械类,A635,西南大学,4,22068
2022,1,H3,土木类,A635,西南大学,2,25493
2022,1,J1,食品科学与工程类,A635,西南大学,2,23117
2022,1,J2,包装工程,A635,西南大学,1,25125
2022,1,K2,数学类,A635,西南大学,3,15110
2022,1,L2,计算机科学与技术,A635,西南大学,2,12569
2022,1,L3,网络工程,A635,西南大学,2,16763
2022,1,L4,软件工程,A635,西南大学,2,13615
2022,1,M1,电子信息类,A635,西南大学,3,16127
2022,1,N1,智能科学与技术,A635,西南大学,2,17075
2022,1,N2,人工智能,A635,西南大学,2,14809
2022,1,Q2,园林,A635,西南大学,1,26559
2022,1,R1,生物技术,A635,西南大学,2,19184
2022,1,R2,纺织类,A635,西南大学,1,29067
2022,1,W2,生物科学,A635,西南大学,2,16654
2022,1,X1,药学,A635,西南大学,3,19564
2022,1,X2,药学(全英文创新实验班),A635,西南大学,1,21338
2022,1,X3,制药工程,A635,西南大学,2,21872
2022,1,ZE,植物生产类,A635,西南大学,4,29182
2022,1,ZG,中国语言文学类,A635,西南大学,2,11736
2022,1,ZJ,风景园林,A635,西南大学,2,22349
2022,1,Z1,计算机科学与技术(中外合作办学),A635,西南大学,9,30540
2022,1,Z2,软件工程(中外合作办学),A635,西南大学,9,32280
2022,1,Z3,自动化(中外合作办学),A635,西南大学,7,35425
2022,1,Z4,心理学(中外合作办学),A635,西南大学,6,24618
2022,1,Z5,植物科学与技术(中外合作办学),A635,西南大学,7,45057
2022,1,Z6,动物科学(中外合作办学),A635,西南大学,7,48073
2022,1,ZA,电子信息工程(中外合作办学),A635,西南大学,3,33214
2022,1,ZB,经济学(中外合作办学),A635,西南大学,4,24681
2022,1,ZC,生物技术(中外合作办学),A635,西南大学,3,38235
2022,1,ZD,食品质量与安全(中外合作办学),A635,西南大学,2,37982
2022,1,01,经济学,A636,四川师范大学,2,38065
2022,1,02,金融工程,A636,四川师范大学,2,56641
2022,1,03,金融数学,A636,四川师范大学,2,55091
2022,1,04,法学,A636,四川师范大学,2,37103
2022,1,05,思想政治教育,A636,四川师范大学,2,35444
2022,1,06,教育学,A636,四川师范大学,2,43164
2022,1,07,科学教育,A636,四川师范大学,2,63921
2022,1,08,教育技术学,A636,四川师范大学,2,58748
2022,1,09,学前教育,A636,四川师范大学,2,57507
2022,1,0A,小学教育,A636,四川师范大学,2,48621
2022,1,0B,特殊教育,A636,四川师范大学,2,57980
2022,1,0E,汉语言文学,A636,四川师范大学,3,31089
2022,1,0F,汉语国际教育,A636,四川师范大学,2,44158
2022,1,0G,秘书学,A636,四川师范大学,3,56742
2022,1,0H,英语,A636,四川师范大学,3,32740
2022,1,0J,俄语,A636,四川师范大学,2,57489
2022,1,0K,法语,A636,四川师范大学,2,41794
2022,1,0L,日语,A636,四川师范大学,2,53592
2022,1,0M,广播电视学,A636,四川师范大学,2,43178
2022,1,0N,网络与新媒体,A636,四川师范大学,2,38951
2022,1,0P,历史学,A636,四川师范大学,3,36420
2022,1,0Q,数学类,A636,四川师范大学,4,42460
2022,1,0R,物理学,A636,四川师范大学,4,52876
2022,1,0S,化学,A636,四川师范大学,4,48658
2022,1,0T,地理科学类,A636,四川师范大学,4,43540
2022,1,0U,地理信息科学,A636,四川师范大学,2,47623
2022,1,0W,心理学,A636,四川师范大学,2,40683
2022,1,0X,统计学,A636,四川师范大学,2,54888
2022,1,0Y,电气工程及其自动化,A636,四川师范大学,2,53066
2022,1,0Z,电子信息类,A636,四川师范大学,2,56007
2022,1,11,计算机类,A636,四川师范大学,2,46026
2022,1,12,环境工程,A636,四川师范大学,2,62978
2022,1,13,食品质量与安全,A636,四川师范大学,2,62249
2022,1,14,安全工程,A636,四川师范大学,2,59256
2022,1,16,工商管理,A636,四川师范大学,2,46665
2022,1,17,市场营销,A636,四川师范大学,2,58933
2022,1,18,会计学,A636,四川师范大学,2,51391
2022,1,19,财务管理,A636,四川师范大学,2,51860
2022,1,1A,审计学,A636,四川师范大学,2,46481
2022,1,1B,公共事业管理,A636,四川师范大学,2,55966
2022,1,1C,旅游管理,A636,四川师范大学,2,69528
2022,1,24,工程造价,A636,四川师范大学,2,52111
2022,1,2R,生物科学,A636,四川师范大学,2,45129
2022,1,EH,哲学,A636,四川师范大学,2,43077
2022,1,ZP,生物技术,A636,四川师范大学,2,49380
2022,1,ZS,会计学,A636,四川师范大学,2,47413
2022,1,20,思想政治教育(师范类),A637,重庆师范大学,2,34470
2022,1,21,历史学(师范类),A637,重庆师范大学,2,31943
2022,1,22,文物与博物馆学,A637,重庆师范大学,2,40124
2022,1,23,社会工作,A637,重庆师范大学,2,47506
2022,1,24,教育学类(师范类),A637,重庆师范大学,2,45042
2022,1,29,应用心理学,A637,重庆师范大学,2,39454
2022,1,32,中国语言文学类,A637,重庆师范大学,6,40189
2022,1,33,外国语言文学类,A637,重庆师范大学,3,51100
2022,1,34,英语(师范类),A637,重庆师范大学,4,33444
2022,1,35,数学与应用数学(师范类),A637,重庆师范大学,3,39676
2022,1,40,物理学(师范类),A637,重庆师范大学,5,46742
2022,1,41,化学(师范类),A637,重庆师范大学,2,42413
2022,1,42,材料类,A637,重庆师范大学,2,66192
2022,1,45,生物科学(师范类),A637,重庆师范大学,2,34304
2022,1,48,经济学,A637,重庆师范大学,2,45051
2022,1,51,计算机类,A637,重庆师范大学,5,51703
2022,1,53,地理科学类,A637,重庆师范大学,2,46551
2022,1,55,新闻传播学类,A637,重庆师范大学,2,42808
2022,1,1B,生物科学(中外合作办学)(师范类),A637,重庆师范大学,3,70848
2022,1,20,教育学(师范类),A638,西华师范大学,4,89365
2022,1,22,历史学(师范类),A638,西华师范大学,4,65525
2022,1,63,电子信息工程,A638,西华师范大学,4,113562
2022,1,91,网络空间安全,A638,西华师范大学,3,105230
2022,1,02,汉语国际教育,A639,绵阳师范学院,2,162248
2022,1,05,旅游管理,A639,绵阳师范学院,1,197647
2022,1,06,英语(师范类),A639,绵阳师范学院,1,101030
2022,1,13,应用心理学,A639,绵阳师范学院,1,122396
2022,1,19,数学与应用数学(师范类),A639,绵阳师范学院,2,164116
2022,1,29,环境科学与工程,A639,绵阳师范学院,1,176613
2022,1,05,思想政治教育(师范类),A640,内江师范学院,2,150732
2022,1,10,数学与应用数学(师范类),A640,内江师范学院,2,175022
2022,1,0T,数据科学与大数据技术,A642,重庆文理学院,2,129587
2022,1,11,制药工程,A642,重庆文理学院,2,144705
2022,1,13,机器人工程,A642,重庆文理学院,2,137600
2022,1,2F,生物技术,A642,重庆文理学院,3,151327
2022,1,2G,园艺,A642,重庆文理学院,3,157712
2022,1,2J,风景园林,A642,重庆文理学院,3,143758
2022,1,2N,计算机类,A642,重庆文理学院,3,131326
2022,1,2S,电子信息类,A642,重庆文理学院,2,143601
2022,1,2X,土木工程,A642,重庆文理学院,3,164000
2022,1,2Y,会展经济与管理,A642,重庆文理学院,2,136642
2022,1,50,文化遗产,A642,重庆文理学院,2,124822
2022,1,5N,材料类,A642,重庆文理学院,4,172991
2022,1,5P,机械类,A642,重庆文理学院,6,161584
2022,1,5T,电气类,A642,重庆文理学院,3,148666
2022,1,5U,环境科学与工程类,A642,重庆文理学院,5,163844
2022,1,5Z,数学与应用数学(中外合作办学),A642,重庆文理学院,8,221484
2022,1,60,材料成型及控制工程(中外合作办学),A642,重庆文理学院,3,225731
2022,1,01,汉语言文学(师范类),A643,重庆三峡学院,2,113758
2022,1,02,汉语言文学,A643,重庆三峡学院,2,116731
2022,1,08,化学(师范类),A643,重庆三峡学院,2,137087
2022,1,12,网络与新媒体,A643,重庆三峡学院,2,117501
2022,1,16,文化产业管理,A643,重庆三峡学院,2,149572
2022,1,25,旅游管理类,A643,重庆三峡学院,2,159985
2022,1,26,工商管理类,A643,重庆三峡学院,2,146198
2022,1,27,信息与计算科学,A643,重庆三峡学院,2,152246
2022,1,28,数学与应用数学(师范类),A643,重庆三峡学院,2,146128
2022,1,30,大数据管理与应用,A643,重庆三峡学院,2,162510
2022,1,32,计算机科学与技术,A643,重庆三峡学院,2,142214
2022,1,40,机械设计制造及其自动化,A643,重庆三峡学院,2,151516
2022,1,50,食品质量与安全,A643,重庆三峡学院,2,154019
2022,1,11,思想政治教育(师范类),A644,四川文理学院,4,156178
2022,1,12,历史学(师范类),A644,四川文理学院,4,154092
2022,1,20,数学与应用数学(师范类),A644,四川文理学院,4,185991
2022,1,32,化学类,A644,四川文理学院,4,174274
2022,1,33,化工与制药类,A644,四川文理学院,4,192634
2022,1,68,土木工程,A644,四川文理学院,4,188432
2022,1,70,工程造价,A644,四川文理学院,4,196199
2022,1,07,汉语言文学(师范类),A646,阿坝师范学院,1,152041
2022,1,09,思想政治教育(师范类),A646,阿坝师范学院,1,158970
2022,1,0B,英语(师范类),A646,阿坝师范学院,1,164429
2022,1,0C,学前教育(师范类),A646,阿坝师范学院,1,171506
2022,1,0D,小学教育(师范类),A646,阿坝师范学院,1,165321
2022,1,0G,数学与应用数学(师范类),A646,阿坝师范学院,1,164847
2022,1,0M,生物科学(师范类),A646,阿坝师范学院,1,127105
2022,1,0N,化学(师范类),A646,阿坝师范学院,1,171712
2022,1,0P,地理科学(师范类),A646,阿坝师范学院,1,146047
2022,1,14,土木工程,A647,长江师范学院,2,169654
2022,1,15,物流工程,A647,长江师范学院,3,163838
2022,1,1B,机械类,A647,长江师范学院,2,165347
2022,1,1C,材料类,A647,长江师范学院,3,171245
2022,1,1H,电子信息类,A647,长江师范学院,2,145192
2022,1,1M,环境科学与工程类,A647,长江师范学院,4,175592
2022,1,31,生物工程,A647,长江师范学院,3,160507
2022,1,32,旅游管理,A647,长江师范学院,6,192056
2022,1,A3,国际经济与贸易,A647,长江师范学院,3,139303
2022,1,A8,英语(师范类),A647,长江师范学院,3,106882
2022,1,9R,土木工程(中外合作办学),A647,长江师范学院,5,214984
2022,1,04,心理学,A649,乐山师范学院,6,171143
2022,1,08,汉语国际教育,A649,乐山师范学院,5,173782
2022,1,09,新闻学,A649,乐山师范学院,6,174861
2022,1,20,翻译,A649,乐山师范学院,6,179636
2022,1,27,国际经济与贸易,A649,乐山师范学院,6,192134
2022,1,30,会计学,A649,乐山师范学院,5,180314
2022,1,32,生物科学(师范类),A649,乐山师范学院,5,171415
2022,1,33,英语,A650,四川外国语大学,15,36317
2022,1,34,翻译,A650,四川外国语大学,2,31888
2022,1,35,商务英语,A650,四川外国语大学,4,38547
2022,1,37,中国语言文学类,A650,四川外国语大学,2,31247
2022,1,38,新闻传播学类,A650,四川外国语大学,2,38442
2022,1,39,国际新闻与传播,A650,四川外国语大学,1,40917
2022,1,42,财务管理,A650,四川外国语大学,2,42418
2022,1,44,审计学,A650,四川外国语大学,2,42290
2022,1,48,大数据管理与应用,A650,四川外国语大学,2,57158
2022,1,49,国际经济与贸易,A650,四川外国语大学,2,43511
2022,1,50,金融学,A650,四川外国语大学,2,42456
2022,1,51,金融科技,A650,四川外国语大学,1,46539
2022,1,52,法学,A650,四川外国语大学,2,32577
2022,1,53,社会学类,A650,四川外国语大学,2,53377
2022,1,54,教育学,A650,四川外国语大学,2,45579
2022,1,56,小学教育(师范类),A650,四川外国语大学,2,46666
2022,1,57,商务英语(中外合作办学),A650,四川外国语大学,7,63710
2022,1,58,物流管理(中外合作办学),A650,四川外国语大学,5,98295
2022,1,01,金融学类,A651,西南财经大学,5,7701
2022,1,02,金融学类(保险方向),A651,西南财经大学,3,9798
2022,1,03,金融学(双语实验班),A651,西南财经大学,2,6303
2022,1,05,金融科技,A651,西南财经大学,1,5949
2022,1,06,精算学,A651,西南财经大学,2,9695
2022,1,07,经济学(国家经济学基础人才培养基地班),A651,西南财经大学,3,6934
2022,1,08,数字经济,A651,西南财经大学,1,9458
2022,1,09,工商管理类,A651,西南财经大学,3,12236
2022,1,0B,工商管理类(会计学院),A651,西南财经大学,4,7767
2022,1,0C,会计学(注册会计师专门化方向),A651,西南财经大学,2,6358
2022,1,0D,会计学(双语实验班),A651,西南财经大学,2,6745
2022,1,0E,财政学类,A651,西南财经大学,3,9853
2022,1,0F,统计学类,A651,西南财经大学,1,7005
2022,1,0G,经济统计学,A651,西南财经大学,2,9459
2022,1,0J,计算机类,A651,西南财经大学,4,11307
2022,1,0K,法学,A651,西南财经大学,1,7517
2022,1,0L,法学(法学与会计学双学位),A651,西南财经大学,2,7305
2022,1,0M,法学(法学与金融学双学位),A651,西南财经大学,1,6823
2022,1,0N,法学(法学与国商双学位),A651,西南财经大学,1,7321
2022,1,0P,外国语言文学类,A651,西南财经大学,4,17247
2022,1,0R,公共管理类,A651,西南财经大学,2,14659
2022,1,0S,数学与应用数学,A651,西南财经大学,1,8978
2022,1,0T,数学与应用数学(数学与经济学双学位),A651,西南财经大学,1,8382
2022,1,0U,金融数学,A651,西南财经大学,1,8399
2022,1,0V,计算金融,A651,西南财经大学,1,10677
2022,1,0W,汉语言文学(文创实验班),A651,西南财经大学,2,11750
2022,1,0X,新闻学(数字传播实验班),A651,西南财经大学,2,13851
2022,1,0Y,金融学(经管国际化创新实验班),A651,西南财经大学,1,3942
2022,1,H7,经济与贸易类,A651,西南财经大学,5,11153
2022,1,H1,市场营销(中外合作办学)(金融服务与营销),A651,西南财经大学,6,28974
2022,1,H2,会计学(中外合作办学),A651,西南财经大学,4,18278
2022,1,H4,信息管理与信息系统(中外合作办学)(信息系统与数据管理方向),A651,西南财经大学,5,26947
2022,1,H5,金融数学(中外合作办学)(金融服务与量化分析方向),A651,西南财经大学,4,18581
2022,1,H6,物流管理(中外合作办学)(运营管理与商务分析方向),A651,西南财经大学,3,31447
2022,1,04,法学,A652,西南政法大学,5,9083
2022,1,05,法学,A652,西南政法大学,2,8913
2022,1,07,法学,A652,西南政法大学,4,9006
2022,1,08,法学,A652,西南政法大学,2,9133
2022,1,09,法学,A652,西南政法大学,3,8835
2022,1,0C,知识产权,A652,西南政法大学,4,11199
2022,1,0H,德语,A652,西南政法大学,3,28265
2022,1,0K,行政管理,A652,西南政法大学,2,16502
2022,1,0L,公共事业管理,A652,西南政法大学,2,18626
2022,1,0N,国际事务与国际关系,A652,西南政法大学,2,19360
2022,1,0Q,思想政治教育,A652,西南政法大学,2,17140
2022,1,0R,哲学,A652,西南政法大学,2,17700
2022,1,0T,经济统计学,A652,西南政法大学,2,16349
2022,1,0X,国际经济与贸易,A652,西南政法大学,2,20980
2022,1,0Z,法学,A652,西南政法大学,47,10831
2022,1,11,新闻传播学类,A652,西南政法大学,4,16975
2022,1,0Y,法学(中外合作办学),A652,西南政法大学,10,14739
2022,1,07,中医学,A653,成都体育学院,4,106829
2022,1,0A,新闻学,A653,成都体育学院,3,93854
2022,1,0C,体育经济与管理,A653,成都体育学院,3,153011
2022,1,0F,英语,A653,成都体育学院,2,122086
2022,1,0J,文物与博物馆学,A653,成都体育学院,4,144081
2022,1,0N,中医骨伤科学,A653,成都体育学院,3,103348
2022,1,0R,康复治疗学,A653,成都体育学院,2,117886
2022,1,67,广播电视编导,A654,四川音乐学院,11,138600
2022,1,68,戏剧影视文学,A654,四川音乐学院,4,122777
2022,1,70,摄影,A654,四川音乐学院,2,159647
2022,1,81,新媒体艺术,A654,四川音乐学院,3,108838
2022,1,82,艺术史论,A654,四川音乐学院,5,165862
2022,1,83,艺术管理,A654,四川音乐学院,5,150372
2022,1,21,艺术教育,A655,四川美术学院,2,85133
2022,1,22,工业设计,A655,四川美术学院,2,53505
2022,1,23,建筑学,A655,四川美术学院,2,56868
2022,1,04,金融学类,A656,西南民族大学,3,58342
2022,1,06,法学,A656,西南民族大学,3,41210
2022,1,08,社会学类,A656,西南民族大学,3,63564
2022,1,11,中国语言文学类,A656,西南民族大学,3,48801
2022,1,12,英语,A656,西南民族大学,3,62707
2022,1,16,新闻传播学类,A656,西南民族大学,3,52974
2022,1,17,会计学,A656,西南民族大学,3,60855
2022,1,18,工商管理类,A656,西南民族大学,3,66520
2022,1,21,旅游管理,A656,西南民族大学,4,117641
2022,1,23,数学类,A656,西南民族大学,4,81779
2022,1,25,化学类,A656,西南民族大学,4,88997
2022,1,29,电子信息类,A656,西南民族大学,8,66143
2022,1,30,电气工程及其自动化,A656,西南民族大学,4,68879
2022,1,32,计算机类,A656,西南民族大学,8,62053
2022,1,33,建筑类,A656,西南民族大学,3,64260
2022,1,34,食品科学与工程类,A656,西南民族大学,4,83235
2022,1,36,动物科学,A656,西南民族大学,4,90129
2022,1,37,动物医学,A656,西南民族大学,3,75207
2022,1,38,制药工程,A656,西南民族大学,3,95191
2022,1,1C,历史学,A657,贵州大学,3,27618
2022,1,1H,财政学类,A657,贵州大学,4,28204
2022,1,1K,工程管理,A657,贵州大学,3,38263
2022,1,1U,物理学,A657,贵州大学,2,28260
2022,1,1V,生物科学类,A657,贵州大学,3,33606
2022,1,1Y,电子信息类,A657,贵州大学,6,25638
2022,1,1Z,工业设计,A657,贵州大学,2,30958
2022,1,2A,农业机械化及其自动化,A657,贵州大学,2,32874
2022,1,2C,材料成型及控制工程,A657,贵州大学,2,37586
2022,1,2D,电气类,A657,贵州大学,3,25464
2022,1,2E,土木类,A657,贵州大学,4,34960
2022,1,2F,水利水电工程,A657,贵州大学,2,36853
2022,1,2G,建筑类,A657,贵州大学,2,35837
2022,1,2H,材料类,A657,贵州大学,2,34484
2022,1,2J,新能源科学与工程,A657,贵州大学,3,31575
2022,1,2K,化学类,A657,贵州大学,4,34540
2022,1,2U,水文与水资源工程,A657,贵州大学,3,41535
2022,1,2W,食品科学与工程类,A657,贵州大学,4,35936
2022,1,3F,药学,A657,贵州大学,3,34557
2022,1,4K,冶金工程,A657,贵州大学,3,44405
2022,1,56,工商管理类,A657,贵州大学,3,29811
2022,1,9R,经济与贸易类,A657,贵州大学,4,30725
2022,1,9T,数学类,A657,贵州大学,3,27864
2022,1,9V,机械设计制造及其自动化,A657,贵州大学,3,29971
2022,1,9X,人工智能,A657,贵州大学,2,21559
2022,1,9M,旅游管理(中外合作办学),A657,贵州大学,20,92077
2022,1,9N,机械设计制造及其自动化(中外合作办学),A657,贵州大学,7,53207
2022,1,9P,化学工程与工艺(中外合作办学),A657,贵州大学,5,72215
2022,1,9Q,环境科学(中外合作办学),A657,贵州大学,5,69633
2022,1,03,临床医学,A660,贵州医科大学,2,24675
2022,1,07,麻醉学,A660,贵州医科大学,1,27530
2022,1,0B,卫生检验与检疫,A660,贵州医科大学,1,51809
2022,1,1A,药学(中外合作办学),A660,贵州医科大学,1,65049
2022,1,01,临床医学,A661,遵义医科大学,9,49164
2022,1,0G,预防医学,A661,遵义医科大学,4,86392
2022,1,0U,临床医学,A661,遵义医科大学,2,40052
2022,1,0X,护理学,A661,遵义医科大学,5,122747
2022,1,0Y,生物工程,A661,遵义医科大学,2,119636
2022,1,89,旅游管理(3加1培养模式),A663,贵州师范大学,27,212556
2022,1,90,计算机科学与技术(3加1培养模式),A663,贵州师范大学,24,187442
2022,1,0B,汉语言文学(师范类),A664,遵义师范学院,2,126877
2022,1,0E,英语(师范类),A664,遵义师范学院,3,132228
2022,1,0H,数学与应用数学(师范类),A664,遵义师范学院,3,200297
2022,1,0W,土木工程,A664,遵义师范学院,2,200928
2022,1,13,财务管理,A664,遵义师范学院,3,174139
2022,1,15,旅游管理类,A664,遵义师范学院,2,209215
2022,1,04,思想政治教育(师范类),A666,兴义民族师范学院,1,172402
2022,1,18,历史学(师范类),A666,兴义民族师范学院,1,163806
2022,1,24,人文地理与城乡规划,A666,兴义民族师范学院,1,196889
2022,1,01,汉语言文学(师范类),A667,安顺学院,1,158319
2022,1,0C,计算机类,A667,安顺学院,1,192444
2022,1,0G,食品质量与安全,A667,安顺学院,1,188147
2022,1,0J,电子信息工程,A667,安顺学院,1,202885
2022,1,0N,土地资源管理,A667,安顺学院,1,195299
2022,1,0Q,植物生产类,A667,安顺学院,1,199626
2022,1,0R,旅游管理,A667,安顺学院,1,200240
2022,1,10,工商管理,A669,凯里学院,4,205772
2022,1,15,计算机科学与技术(中外合作办学),A669,凯里学院,10,231166
2022,1,1J,历史学(师范类),A670,黔南民族师范学院,1,168676
2022,1,1L,地理科学类,A670,黔南民族师范学院,1,159767
2022,1,1N,外国语言文学类,A670,黔南民族师范学院,1,182674
2022,1,1Q,数学与应用数学(师范类),A670,黔南民族师范学院,1,195978
2022,1,1T,计算机类,A670,黔南民族师范学院,1,200371
2022,1,2H,汉语言文学(师范类),A670,黔南民族师范学院,1,152818
2022,1,01,大数据管理与应用,A671,贵州财经大学,2,101757
2022,1,03,经济学类,A671,贵州财经大学,1,94121
2022,1,07,金融学类,A671,贵州财经大学,3,120204
2022,1,08,工商管理类,A671,贵州财经大学,5,118175
2022,1,14,公共管理类,A671,贵州财经大学,3,121101
2022,1,17,管理科学与工程类,A671,贵州财经大学,3,124830
2022,1,19,计算机类,A671,贵州财经大学,2,81689
2022,1,22,统计学,A671,贵州财经大学,3,115449
2022,1,26,法学类,A671,贵州财经大学,1,95446
2022,1,0B,制药工程,A672,贵州民族大学,2,147658
2022,1,0F,过程装备与控制工程,A672,贵州民族大学,3,176537
2022,1,0Z,历史学,A672,贵州民族大学,2,119635
2022,1,1B,日语,A672,贵州民族大学,2,144107
2022,1,0E,经济学类,A673,云南大学,7,28384
2022,1,0F,法学,A673,云南大学,8,19855
2022,1,0G,政治学与行政学,A673,云南大学,3,22343
2022,1,0H,社会学,A673,云南大学,2,23010
2022,1,0J,社会工作,A673,云南大学,2,27227
2022,1,0N,汉语言文学,A673,云南大学,5,19278
2022,1,0P,英语,A673,云南大学,4,25010
2022,1,0Q,法语,A673,云南大学,2,27684
2022,1,0R,日语,A673,云南大学,1,26173
2022,1,0X,新闻学,A673,云南大学,3,21546
2022,1,0Y,广播电视学,A673,云南大学,4,25345
2022,1,0Z,历史学,A673,云南大学,4,19464
2022,1,11,数学与应用数学,A673,云南大学,4,24394
2022,1,12,信息与计算科学,A673,云南大学,4,25783
2022,1,14,物理学,A673,云南大学,4,27260
2022,1,15,化学类,A673,云南大学,6,31125
2022,1,17,地理科学,A673,云南大学,5,27511
2022,1,18,地理信息科学,A673,云南大学,3,26084
2022,1,19,大气科学,A673,云南大学,3,25883
2022,1,1B,地球物理学,A673,云南大学,4,32893
2022,1,1C,地质学,A673,云南大学,4,31006
2022,1,1D,生物科学,A673,云南大学,4,26272
2022,1,1E,生物技术,A673,云南大学,3,26503
2022,1,1F,生物科学类,A673,云南大学,4,28353
2022,1,1G,生态学,A673,云南大学,2,19021
2022,1,1H,统计学,A673,云南大学,3,26823
2022,1,1J,材料科学与工程,A673,云南大学,5,34280
2022,1,1K,电子信息类,A673,云南大学,8,25064
2022,1,1L,计算机类,A673,云南大学,26,24586
2022,1,1M,数据科学与大数据技术,A673,云南大学,4,24992
2022,1,1N,土木工程,A673,云南大学,3,31684
2022,1,1Q,环境科学与工程类,A673,云南大学,3,32426
2022,1,1R,建筑学,A673,云南大学,2,26171
2022,1,1S,城乡规划,A673,云南大学,2,26781
2022,1,1T,临床医学,A673,云南大学,2,19118
2022,1,1U,工商管理类,A673,云南大学,21,32798
2022,1,1W,行政管理,A673,云南大学,2,26402
2022,1,1X,档案学,A673,云南大学,3,27507
2022,1,23,新能源科学与工程,A673,云南大学,1,26649
2022,1,24,缅甸语,A673,云南大学,2,36948
2022,1,25,马来语,A673,云南大学,1,34535
2022,1,02,测绘工程,A674,昆明理工大学,2,62983
2022,1,03,地质工程,A674,昆明理工大学,2,76523
2022,1,05,采矿工程,A674,昆明理工大学,3,79815
2022,1,09,冶金工程(菁英班),A674,昆明理工大学,3,55849
2022,1,12,能源与动力工程,A674,昆明理工大学,3,52877
2022,1,13,新能源科学与工程,A674,昆明理工大学,3,43297
2022,1,14,储能科学与工程,A674,昆明理工大学,2,53520
2022,1,15,机械工程(机电工程学院),A674,昆明理工大学,3,51430
2022,1,16,工业工程,A674,昆明理工大学,3,73451
2022,1,17,机器人工程,A674,昆明理工大学,3,54835
2022,1,18,智能制造工程,A674,昆明理工大学,3,49649
2022,1,21,通信工程,A674,昆明理工大学,3,43225
2022,1,22,自动化,A674,昆明理工大学,3,44638
2022,1,24,计算机科学与技术,A674,昆明理工大学,2,40226
2022,1,29,人工智能,A674,昆明理工大学,2,45596
2022,1,30,电气工程及其自动化,A674,昆明理工大学,5,40857
2022,1,31,水利类,A674,昆明理工大学,3,56636
2022,1,32,车辆工程,A674,昆明理工大学,3,54348
2022,1,33,交通运输类,A674,昆明理工大学,3,61141
2022,1,34,物流工程,A674,昆明理工大学,3,70639
2022,1,36,环境科学与工程类,A674,昆明理工大学,3,56640
2022,1,37,资源环境科学,A674,昆明理工大学,3,79581
2022,1,39,化学工程与工艺,A674,昆明理工大学,2,59801
2022,1,40,轻化工程,A674,昆明理工大学,2,65483
2022,1,42,金融学,A674,昆明理工大学,3,53633
2022,1,43,国际经济与贸易,A674,昆明理工大学,3,55332
2022,1,44,信息管理与信息系统,A674,昆明理工大学,3,55912
2022,1,49,工程力学,A674,昆明理工大学,3,67845
2022,1,61,数据科学与大数据技术,A674,昆明理工大学,3,46680
2022,1,62,法学,A674,昆明理工大学,3,40546
2022,1,71,材料成型及控制工程,A674,昆明理工大学,3,64497
2022,1,72,材料科学与工程,A674,昆明理工大学,3,59929
2022,1,73,宝石及材料工艺学,A674,昆明理工大学,2,82858
2022,1,74,功能材料,A674,昆明理工大学,3,75605
2022,1,75,制药工程,A674,昆明理工大学,2,55334
2022,1,77,生物工程(创新班),A674,昆明理工大学,3,57082
2022,1,80,临床医学,A674,昆明理工大学,4,33321
2022,1,81,护理学,A674,昆明理工大学,4,100551
2022,1,83,建筑学,A674,昆明理工大学,2,44081
2022,1,84,城乡规划,A674,昆明理工大学,2,53049
2022,1,85,风景园林,A674,昆明理工大学,2,49292
2022,1,87,安全工程,A674,昆明理工大学,3,74472
2022,1,90,飞行器控制与信息工程,A674,昆明理工大学,2,48501
2022,1,Z1,土木工程(中外合作办学),A674,昆明理工大学,5,129504
2022,1,03,种子科学与工程,A676,云南农业大学,1,125383
2022,1,09,水产养殖学,A676,云南农业大学,1,141047
2022,1,0B,动物医学,A676,云南农业大学,2,102185
2022,1,0D,植物保护,A676,云南农业大学,1,116128
2022,1,0J,设施农业科学与工程,A676,云南农业大学,1,135541
2022,1,0K,园林,A676,云南农业大学,1,116501
2022,1,0R,食品科学与工程,A676,云南农业大学,1,132011
2022,1,0U,葡萄与葡萄酒工程,A676,云南农业大学,2,143526
2022,1,0X,烟草,A676,云南农业大学,2,105924
2022,1,0Z,水利水电工程,A676,云南农业大学,1,131244
2022,1,17,机械电子工程,A676,云南农业大学,1,144473
2022,1,19,能源与动力工程,A676,云南农业大学,1,134098
2022,1,1A,电气工程及其自动化,A676,云南农业大学,1,124518
2022,1,1B,农业机械化及其自动化,A676,云南农业大学,1,142423
2022,1,1M,数据科学与大数据技术,A676,云南农业大学,1,128594
2022,1,1N,土木工程,A676,云南农业大学,1,137982
2022,1,1Q,建筑环境与能源应用工程,A676,云南农业大学,1,154140
2022,1,1U,城乡规划,A676,云南农业大学,1,125892
2022,1,1W,工程造价,A676,云南农业大学,2,144380
2022,1,1Y,经济学,A676,云南农业大学,1,87135
2022,1,23,电子商务,A676,云南农业大学,1,133103
2022,1,24,社会工作,A676,云南农业大学,1,129012
2022,1,25,秘书学,A676,云南农业大学,1,88970
2022,1,26,旅游管理,A676,云南农业大学,1,156569
2022,1,28,英语,A676,云南农业大学,1,112768
2022,1,3R,土木工程(中外合作办学)(土木与环境),A676,云南农业大学,2,196408
2022,1,3S,农林经济管理(中外合作办学),A676,云南农业大学,2,159666
2022,1,08,英语,A677,西南林业大学,3,106948
2022,1,0N,机械设计制造及其自动化,A677,西南林业大学,2,123018
2022,1,0P,机械电子工程,A677,西南林业大学,3,142112
2022,1,0S,车辆工程,A677,西南林业大学,3,148931
2022,1,0U,材料科学与工程,A677,西南林业大学,2,160087
2022,1,0V,高分子材料与工程,A677,西南林业大学,3,152988
2022,1,0W,电子信息工程,A677,西南林业大学,3,133807
2022,1,16,测绘工程,A677,西南林业大学,3,160164
2022,1,18,交通运输,A677,西南林业大学,3,150613
2022,1,19,森林工程,A677,西南林业大学,3,158779
2022,1,1A,木材科学与工程,A677,西南林业大学,4,166721
2022,1,1B,林产化工,A677,西南林业大学,3,162669
2022,1,1D,环境工程,A677,西南林业大学,2,136365
2022,1,1E,环境科学,A677,西南林业大学,3,133508
2022,1,1M,消防工程,A677,西南林业大学,1,135663
2022,1,1N,农学,A677,西南林业大学,3,136105
2022,1,1P,园艺,A677,西南林业大学,3,133522
2022,1,1X,林学,A677,西南林业大学,2,113295
2022,1,1Y,园林,A677,西南林业大学,2,105614
2022,1,21,工商管理,A677,西南林业大学,4,139113
2022,1,26,公共事业管理,A677,西南林业大学,4,140704
2022,1,29,旅游管理,A677,西南林业大学,4,152437
2022,1,01,临床医学,A678,昆明医科大学,4,23708
2022,1,03,麻醉学,A678,昆明医科大学,1,26136
2022,1,04,医学影像学,A678,昆明医科大学,1,18076
2022,1,05,口腔医学,A678,昆明医科大学,1,19099
2022,1,06,预防医学,A678,昆明医科大学,1,41649
2022,1,07,临床药学,A678,昆明医科大学,1,38422
2022,1,08,医学检验技术,A678,昆明医科大学,1,37967
2022,1,10,康复物理治疗,A678,昆明医科大学,1,65405
2022,1,11,康复作业治疗,A678,昆明医科大学,1,75472
2022,1,12,药学,A678,昆明医科大学,1,46158
2022,1,14,法医学,A678,昆明医科大学,1,26591
2022,1,HZ,护理学(中外合作办学),A678,昆明医科大学,1,112372
2022,1,01,临床医学,A679,大理大学,6,94460
2022,1,04,医学影像学,A679,大理大学,4,79859
2022,1,07,护理学,A679,大理大学,6,153274
2022,1,09,预防医学,A679,大理大学,2,112378
2022,1,12,药学,A679,大理大学,6,125137
2022,1,13,临床药学,A679,大理大学,2,101401
2022,1,15,生物科学类,A679,大理大学,3,141982
2022,1,16,环境科学,A679,大理大学,2,145998
2022,1,17,园艺,A679,大理大学,2,148476
2022,1,18,动物科学,A679,大理大学,2,152574
2022,1,19,数学与应用数学,A679,大理大学,2,136368
2022,1,22,电气工程及其自动化,A679,大理大学,2,112908
2022,1,23,生物医学工程,A679,大理大学,2,140434
2022,1,24,建筑学,A679,大理大学,2,119303
2022,1,25,电子信息工程,A679,大理大学,2,113076
2022,1,26,汉语言文学,A679,大理大学,4,99079
2022,1,28,汉语国际教育,A679,大理大学,2,112137
2022,1,30,英语,A679,大理大学,2,103602
2022,1,33,学前教育(师范类),A679,大理大学,2,131527
2022,1,34,小学教育(师范类),A679,大理大学,2,110416
2022,1,39,法学,A679,大理大学,2,90333
2022,1,47,储能科学与工程,A679,大理大学,2,153177
2022,1,0M,医学信息工程,A680,云南中医药大学,1,113419
2022,1,0N,制药工程,A680,云南中医药大学,1,115766
2022,1,0P,食品质量与安全,A680,云南中医药大学,1,119679
2022,1,0R,中医学,A680,云南中医药大学,1,62562
2022,1,0S,针灸推拿学,A680,云南中医药大学,1,88347
2022,1,0U,中医康复学,A680,云南中医药大学,1,106379
2022,1,0V,中医养生学,A680,云南中医药大学,1,115308
2022,1,0W,中医儿科学,A680,云南中医药大学,1,85643
2022,1,0X,中医骨伤科学,A680,云南中医药大学,1,86910
2022,1,0Y,中西医临床医学,A680,云南中医药大学,2,87063
2022,1,0Z,药学,A680,云南中医药大学,1,102344
2022,1,10,药物制剂,A680,云南中医药大学,1,108256
2022,1,11,中药学,A680,云南中医药大学,1,97327
2022,1,12,中药资源与开发,A680,云南中医药大学,1,125325
2022,1,14,康复治疗学,A680,云南中医药大学,1,115890
2022,1,15,护理学,A680,云南中医药大学,1,117835
2022,1,16,公共事业管理,A680,云南中医药大学,1,134032
2022,1,0B,教育学(师范类),A681,云南师范大学,2,66439
2022,1,0C,应用心理学,A681,云南师范大学,2,70583
2022,1,0D,汉语言文学(师范类),A681,云南师范大学,4,51358
2022,1,0G,哲学,A681,云南师范大学,2,60915
2022,1,0K,思想政治教育(师范类),A681,云南师范大学,4,57398
2022,1,0L,历史学(师范类),A681,云南师范大学,2,55948
2022,1,19,化学(师范类),A681,云南师范大学,3,70935
2022,1,1V,数学与应用数学(师范类),A681,云南师范大学,4,66953
2022,1,1X,物理学(师范类),A681,云南师范大学,4,74157
2022,1,1Y,电子信息类,A681,云南师范大学,4,81446
2022,1,2D,地理科学类,A681,云南师范大学,7,59680
2022,1,2X,公共管理类,A681,云南师范大学,2,78944
2022,1,31,英语(含师范类、非师范类),A681,云南师范大学,2,55953
2022,1,71,社会工作,A681,云南师范大学,2,66865
2022,1,72,空间信息与数字技术,A681,云南师范大学,4,86587
2022,1,9A,生物科学(师范类),A681,云南师范大学,3,68051
2022,1,01,经济学,A684,曲靖师范学院,2,174627
2022,1,0E,汉语国际教育(师范类),A684,曲靖师范学院,2,157618
2022,1,0M,历史学(师范类),A684,曲靖师范学院,2,154684
2022,1,0S,应用化学,A684,曲靖师范学院,2,194101
2022,1,0W,生物技术,A684,曲靖师范学院,2,180099
2022,1,18,工程管理,A684,曲靖师范学院,2,208407
2022,1,0V,烹饪与营养教育,A685,普洱学院,5,205803
2022,1,B1,汉语言文学(师范类),A687,红河学院,3,153583
2022,1,B2,汉语国际教育,A687,红河学院,2,184749
2022,1,F1,国际经济与贸易,A687,红河学院,3,200037
2022,1,F2,财务管理,A687,红河学院,2,189247
2022,1,F3,物流管理,A687,红河学院,2,201012
2022,1,F4,酒店管理,A687,红河学院,2,207335
2022,1,G1,计算机科学与技术,A687,红河学院,2,200493
2022,1,G2,电气工程及其自动化,A687,红河学院,2,202508
2022,1,K1,数学与应用数学,A687,红河学院,2,211463
2022,1,K2,信息与计算科学,A687,红河学院,2,217510
2022,1,K3,应用统计学,A687,红河学院,3,197360
2022,1,01,金融学,A689,云南财经大学,8,69248
2022,1,05,金融工程,A689,云南财经大学,4,78794
2022,1,09,保险学,A689,云南财经大学,4,97301
2022,1,1B,数学与应用数学,A689,云南财经大学,4,84546
2022,1,1P,应用统计学,A689,云南财经大学,4,91518
2022,1,25,管理科学,A689,云南财经大学,4,135979
2022,1,29,工商管理,A689,云南财经大学,4,85480
2022,1,2B,城乡规划,A689,云南财经大学,4,107776
2022,1,37,人力资源管理,A689,云南财经大学,4,87976
2022,1,3X,汉语言,A689,云南财经大学,4,89377
2022,1,45,会计学,A689,云南财经大学,4,58143
2022,1,49,财务管理,A689,云南财经大学,4,66758
2022,1,4B,新闻学,A689,云南财经大学,4,82231
2022,1,4P,物流工程,A689,云南财经大学,4,135103
2022,1,61,旅游管理,A689,云南财经大学,6,138675
2022,1,6W,财政学,A689,云南财经大学,4,73660
2022,1,7W,劳动与社会保障,A689,云南财经大学,4,114506
2022,1,89,物联网工程,A689,云南财经大学,4,101382
2022,1,8A,经济学,A689,云南财经大学,4,75769
2022,1,9A,国际经贸规则,A689,云南财经大学,4,96161
2022,1,9J,智能科学与技术,A689,云南财经大学,4,96253
2022,1,64,戏剧学,A690,云南艺术学院,1,197805
2022,1,65,戏剧影视文学,A690,云南艺术学院,2,197579
2022,1,02,政治学与行政学,A691,云南民族大学,4,104657
2022,1,04,行政管理,A691,云南民族大学,4,118723
2022,1,14,应用心理学,A691,云南民族大学,2,89513
2022,1,20,日语,A691,云南民族大学,3,140823
2022,1,45,数学与应用数学,A691,云南民族大学,3,130750
2022,1,47,计算机科学与技术,A691,云南民族大学,3,104318
2022,1,64,工商管理,A691,云南民族大学,2,106160
2022,1,80,药物分析,A691,云南民族大学,2,137839
2022,1,82,汉语言文学,A691,云南民族大学,3,78832
2022,1,10,农学,A693,西藏农牧学院,5,223322
2022,1,12,植物保护,A693,西藏农牧学院,4,227552
2022,1,13,农林经济管理,A693,西藏农牧学院,3,204964
2022,1,14,农村区域发展,A693,西藏农牧学院,2,200266
2022,1,15,草业科学,A693,西藏农牧学院,4,228887
2022,1,16,动物科学,A693,西藏农牧学院,4,223520
2022,1,17,动物医学,A693,西藏农牧学院,5,220030
2022,1,18,生物技术,A693,西藏农牧学院,4,219913
2022,1,19,食品科学与工程,A693,西藏农牧学院,2,225111
2022,1,1C,生态学,A693,西藏农牧学院,4,224017
2022,1,1D,环境科学,A693,西藏农牧学院,3,225941
2022,1,1E,农业资源与环境,A693,西藏农牧学院,4,227316
2022,1,1F,水土保持与荒漠化防治,A693,西藏农牧学院,2,227490
2022,1,1G,林学,A693,西藏农牧学院,4,226198
2022,1,1H,园林,A693,西藏农牧学院,3,227210
2022,1,1K,能源与动力工程,A693,西藏农牧学院,4,215839
2022,1,1M,给排水科学与工程,A693,西藏农牧学院,3,221707
2022,1,1N,水利水电工程,A693,西藏农牧学院,3,218119
2022,1,1Q,电气工程及其自动化,A693,西藏农牧学院,4,216091
2022,1,1R,农业电气化,A693,西藏农牧学院,4,222901
2022,1,1S,应用化学,A693,西藏农牧学院,3,208902
2022,1,22,旅游管理,A693,西藏农牧学院,2,207470
2022,1,01,汉语言文学,A694,西藏大学,3,61272
2022,1,02,汉语言文学(师范类),A694,西藏大学,2,61161
2022,1,09,地理科学(师范类),A694,西藏大学,2,62805
2022,1,17,经济学,A694,西藏大学,5,73922
2022,1,18,行政管理,A694,西藏大学,2,72327
2022,1,19,财务管理,A694,西藏大学,2,78458
2022,1,20,工商管理,A694,西藏大学,2,79806
2022,1,21,市场营销,A694,西藏大学,2,89466
2022,1,25,旅游管理,A694,西藏大学,2,93231
2022,1,26,法学,A694,西藏大学,4,67414
2022,1,28,学前教育(师范类),A694,西藏大学,2,98553
2022,1,29,会计学,A694,西藏大学,4,77859
2022,1,30,财政学,A694,西藏大学,3,78205
2022,1,33,思想政治教育(师范类),A694,西藏大学,3,71291
2022,1,39,数学与应用数学(师范类),A694,西藏大学,5,95844
2022,1,40,物理学(师范类),A694,西藏大学,3,98299
2022,1,41,化学(师范类),A694,西藏大学,3,80713
2022,1,43,生物科学(师范类),A694,西藏大学,2,76295
2022,1,44,生态学,A694,西藏大学,2,69909
2022,1,46,应用物理学,A694,西藏大学,2,77710
2022,1,47,建筑学,A694,西藏大学,2,80797
2022,1,48,城乡规划,A694,西藏大学,1,67219
2022,1,49,交通运输,A694,西藏大学,3,81817
2022,1,50,土木工程,A694,西藏大学,4,90799
2022,1,51,资源勘查工程,A694,西藏大学,2,89928
2022,1,52,临床医学,A694,西藏大学,1,51814
2022,1,53,口腔医学,A694,西藏大学,1,39000
2022,1,54,预防医学,A694,西藏大学,3,88267
2022,1,55,药学,A694,西藏大学,3,90886
2022,1,56,护理学,A694,西藏大学,4,102528
2022,1,80,计算机科学与技术,A694,西藏大学,7,71441
2022,1,81,通信工程,A694,西藏大学,3,74706
2022,1,06,法学,A695,西藏民族大学,7,133224
2022,1,0A,哲学,A695,西藏民族大学,10,144460
2022,1,0B,临床医学(预防方向),A695,西藏民族大学,3,129802
2022,1,0C,民族学,A695,西藏民族大学,5,143490
2022,1,0D,英语,A695,西藏民族大学,4,133765
2022,1,0E,英语(师范类),A695,西藏民族大学,6,124593
2022,1,0H,临床医学(影像诊断方向),A695,西藏民族大学,3,119279
2022,1,0J,临床医学,A695,西藏民族大学,6,111218
2022,1,0P,汉语言文学,A695,西藏民族大学,6,118746
2022,1,0Q,汉语言文学(师范类),A695,西藏民族大学,4,107958
2022,1,0W,会计学,A695,西藏民族大学,7,140718
2022,1,12,新闻学,A695,西藏民族大学,4,129933
2022,1,15,计算机科学与技术,A695,西藏民族大学,10,153237
2022,1,01,经济学,A697,西北大学,2,11652
2022,1,04,哲学,A697,西北大学,2,18478
2022,1,05,财政学,A697,西北大学,2,16857
2022,1,08,法学,A697,西北大学,2,15044
2022,1,11,外国语言文学类,A697,西北大学,4,19755
2022,1,12,新闻传播学类,A697,西北大学,3,17648
2022,1,13,历史学类,A697,西北大学,4,13364
2022,1,14,考古学,A697,西北大学,2,12831
2022,1,18,图书情报与档案管理类,A697,西北大学,4,22152
2022,1,31,化学,A697,西北大学,3,20222
2022,1,32,化学,A697,西北大学,2,20618
2022,1,33,地质学,A697,西北大学,2,21547
2022,1,36,信息管理与信息系统,A697,西北大学,3,20556
2022,1,37,管理科学与工程类,A697,西北大学,4,25770
2022,1,40,数学类,A697,西北大学,6,17980
2022,1,41,物理学类,A697,西北大学,6,18128
2022,1,43,地质类,A697,西北大学,4,28705
2022,1,44,地理科学类,A697,西北大学,4,21971
2022,1,48,口腔医学,A697,西北大学,2,13104
2022,1,52,电子信息类,A697,西北大学,8,17484
2022,1,53,计算机类,A697,西北大学,6,15034
2022,1,54,过程装备与控制工程,A697,西北大学,3,25410
2022,1,55,化工与制药类,A697,西北大学,5,25087
2022,1,56,生物工程,A697,西北大学,2,22620
2022,1,57,食品科学与工程,A697,西北大学,3,27248
2022,1,58,电子信息科学与技术(中外合作办学),A697,西北大学,10,36477
2022,1,1C,自动化(钱学森班本硕博),A698,西安交通大学,3,1076
2022,1,1E,临床医学(侯宗濂班本博),A698,西安交通大学,2,1590
2022,1,1F,数学与应用数学(国家拔尖计划),A698,西安交通大学,3,1515
2022,1,1L,人工智能(新工科卓越计划),A698,西安交通大学,2,1162
2022,1,2A,工科试验班(智能电气专业预选),A698,西安交通大学,4,1634
2022,1,2B,工科试验班(智能技术与自动化专业预选),A698,西安交通大学,4,1747
2022,1,2C,工科试验班(智慧能源专业预选),A698,西安交通大学,5,1944
2022,1,2D,工科试验班(智能制造专业预选),A698,西安交通大学,4,2332
2022,1,2E,工科试验班(越杰计划电类专业预选),A698,西安交通大学,6,1663
2022,1,2F,工科试验班(越杰计划机类专业预选),A698,西安交通大学,7,2350
2022,1,2H,理科试验班(卓越计划专业预选),A698,西安交通大学,2,1644
2022,1,3D,会计学(ACCA),A698,西安交通大学,2,2693
2022,1,8A,临床医学(5+3一体化),A698,西安交通大学,5,2382
2022,1,9G,文科试验班类,A698,西安交通大学,2,3927
2022,1,9J,外国语言文学类,A698,西安交通大学,2,4993
2022,1,9L,工科试验班(智能电气与信息类),A698,西安交通大学,64,2692
2022,1,9N,工科试验班(智慧能源与智能制造类),A698,西安交通大学,50,3404
2022,1,9Q,工科试验班(经管类),A698,西安交通大学,27,4136
2022,1,9T,理科试验班,A698,西安交通大学,12,2356
2022,1,9E,建筑学(中外合作办学),A698,西安交通大学,12,20995
2022,1,9F,工业设计(中外合作办学),A698,西安交通大学,8,16946
2022,1,02,工程力学(力学拔尖基地班),A699,西北工业大学,2,4081
2022,1,03,航空航天类(本研衔接班),A699,西北工业大学,3,2744
2022,1,04,计算机类(本研衔接班),A699,西北工业大学,3,3343
2022,1,05,材料类(本研衔接班),A699,西北工业大学,2,4352
2022,1,06,柔性电子学(本研衔接班),A699,西北工业大学,3,5768
2022,1,07,航空航天类(黄玉珊航空班),A699,西北工业大学,2,2131
2022,1,08,航空航天类(陈士橹飞天班),A699,西北工业大学,2,2049
2022,1,09,海洋工程类(黄震中海洋班),A699,西北工业大学,2,6201
2022,1,10,航空航天类,A699,西北工业大学,15,4566
2022,1,11,海洋工程类(智慧海洋试验班),A699,西北工业大学,8,7256
2022,1,12,材料类(新材料与化工试验班),A699,西北工业大学,15,7439
2022,1,13,机械类(航宇智能制造试验班),A699,西北工业大学,6,5610
2022,1,14,力学类(工程应用力学试验班),A699,西北工业大学,5,7468
2022,1,15,能源动力类(航空动力与新能源试验班),A699,西北工业大学,10,5933
2022,1,19,数学类,A699,西北工业大学,4,6091
2022,1,20,物理学类,A699,西北工业大学,8,6869
2022,1,21,管理科学与工程类(管理试验班),A699,西北工业大学,2,8712
2022,1,22,经济与贸易类(国贸、法学、行管),A699,西北工业大学,4,11857
2022,1,23,外国语言文学类,A699,西北工业大学,4,14400
2022,1,27,建筑学,A699,西北工业大学,3,8503
2022,1,29,航空航天类(民用航空),A699,西北工业大学,17,5715
2022,1,30,软件工程,A699,西北工业大学,15,5356
2022,1,31,微电子科学与工程,A699,西北工业大学,10,6039
2022,1,32,计算机类(网络安全),A699,西北工业大学,7,4686
2022,1,33,工商管理类(管理试验班),A699,西北工业大学,2,8663
2022,1,Q5,电子信息类,A699,西北工业大学,10,5284
2022,1,Q7,自动化类,A699,西北工业大学,12,5681
2022,1,Q9,计算机类,A699,西北工业大学,6,3951
2022,1,51,材料科学与工程(中外合作办学),A699,西北工业大学,10,22232
2022,1,52,高分子材料与工程(中外合作办学),A699,西北工业大学,10,25260
2022,1,01,材料科学与工程,A700,西安理工大学,2,43901
2022,1,02,材料成型及控制工程,A700,西安理工大学,4,47245
2022,1,03,材料物理,A700,西安理工大学,2,46872
2022,1,04,材料化学,A700,西安理工大学,2,42470
2022,1,06,机械设计制造及其自动化,A700,西安理工大学,7,36925
2022,1,07,车辆工程,A700,西安理工大学,2,40433
2022,1,08,测控技术与仪器,A700,西安理工大学,2,36329
2022,1,10,智能制造工程,A700,西安理工大学,2,36235
2022,1,13,数字媒体技术,A700,西安理工大学,2,32804
2022,1,14,自动化类,A700,西安理工大学,6,33790
2022,1,15,电子科学与技术,A700,西安理工大学,4,32288
2022,1,17,微电子科学与工程,A700,西安理工大学,3,34253
2022,1,23,会计学,A700,西安理工大学,2,32795
2022,1,25,信息管理与信息系统,A700,西安理工大学,2,38609
2022,1,28,能源与动力工程,A700,西安理工大学,2,37616
2022,1,30,水文与水资源工程,A700,西安理工大学,2,45070
2022,1,34,信息与计算科学,A700,西安理工大学,2,36510
2022,1,36,应用化学,A700,西安理工大学,2,38849
2022,1,42,网络工程,A700,西安理工大学,2,32844
2022,1,46,土木工程,A700,西安理工大学,4,44506
2022,1,47,工程管理,A700,西安理工大学,4,54017
2022,1,50,城乡规划,A700,西安理工大学,2,45032
2022,1,51,城市地下空间工程,A700,西安理工大学,2,50144
2022,1,52,电气类,A700,西安理工大学,7,31391
2022,1,64,水利水电工程,A700,西安理工大学,2,32910
2022,1,65,计算机科学与技术,A700,西安理工大学,4,28083
2022,1,71,英语,A700,西安理工大学,5,45843
2022,1,H1,机械设计制造及其自动化(中外合作办学),A700,西安理工大学,2,73244
2022,1,H2,土木工程(中外合作办学),A700,西安理工大学,3,96920
2022,1,H3,电子科学与技术(中外合作办学),A700,西安理工大学,3,60759
2022,1,H4,计算机科学与技术(中外合作办学),A700,西安理工大学,2,57519
2022,1,01,电子信息类,A701,西安电子科技大学,118,9641
2022,1,02,计算机类,A701,西安电子科技大学,65,8622
2022,1,03,自动化类(智能制造及智能测控),A701,西安电子科技大学,39,11442
2022,1,11,通信工程(中外合作办学),A701,西安电子科技大学,15,23608
2022,1,12,电子信息工程(中外合作办学),A701,西安电子科技大学,15,28355
2022,1,65,大数据管理与应用(中外合作办学),A701,西安电子科技大学,15,30731
2022,1,01,数学与应用数学,A702,西安工业大学,2,45900
2022,1,02,信息与计算科学,A702,西安工业大学,3,60863
2022,1,03,应用物理学,A702,西安工业大学,3,66765
2022,1,05,机械电子工程,A702,西安工业大学,3,60793
2022,1,08,测控技术与仪器,A702,西安工业大学,2,60706
2022,1,09,电气工程及其自动化,A702,西安工业大学,2,48025
2022,1,11,电子科学与技术,A702,西安工业大学,2,56440
2022,1,13,光电信息科学与工程,A702,西安工业大学,3,54099
2022,1,15,自动化,A702,西安工业大学,3,52022
2022,1,17,计算机科学与技术,A702,西安工业大学,3,43381
2022,1,19,物联网工程,A702,西安工业大学,4,51706
2022,1,20,智能科学与技术,A702,西安工业大学,3,57714
2022,1,22,土木工程,A702,西安工业大学,3,70420
2022,1,24,城市地下空间工程,A702,西安工业大学,2,71792
2022,1,25,武器系统与工程,A702,西安工业大学,3,63964
2022,1,26,探测制导与控制技术,A702,西安工业大学,2,63582
2022,1,29,生物医学工程,A702,西安工业大学,4,67630
2022,1,31,工业工程,A702,西安工业大学,2,65756
2022,1,32,材料类,A702,西安工业大学,4,71866
2022,1,33,工商管理类,A702,西安工业大学,4,64557
2022,1,45,英语,A702,西安工业大学,2,58237
2022,1,46,网络与新媒体,A702,西安工业大学,2,46338
2022,1,01,建筑学,A703,西安建筑科技大学,3,14851
2022,1,02,城乡规划,A703,西安建筑科技大学,3,28623
2022,1,03,风景园林,A703,西安建筑科技大学,2,29096
2022,1,04,历史建筑保护工程,A703,西安建筑科技大学,3,34517
2022,1,05,城市设计,A703,西安建筑科技大学,3,34287
2022,1,06,土木工程,A703,西安建筑科技大学,9,36809
2022,1,07,城市地下空间工程,A703,西安建筑科技大学,3,54684
2022,1,08,交通运输,A703,西安建筑科技大学,2,43872
2022,1,09,交通工程,A703,西安建筑科技大学,3,48362
2022,1,10,给排水科学与工程,A703,西安建筑科技大学,6,45601
2022,1,11,环境工程,A703,西安建筑科技大学,3,46903
2022,1,12,环境科学,A703,西安建筑科技大学,2,54582
2022,1,13,建筑环境与能源应用工程,A703,西安建筑科技大学,5,51162
2022,1,14,建筑电气与智能化,A703,西安建筑科技大学,4,46895
2022,1,16,工程管理,A703,西安建筑科技大学,2,53043
2022,1,17,工商管理,A703,西安建筑科技大学,3,55080
2022,1,18,会计学,A703,西安建筑科技大学,3,50325
2022,1,19,自动化,A703,西安建筑科技大学,4,41033
2022,1,20,计算机科学与技术,A703,西安建筑科技大学,3,35951
2022,1,21,通信工程,A703,西安建筑科技大学,2,40972
2022,1,22,人工智能,A703,西安建筑科技大学,4,38767
2022,1,23,电气工程及其自动化,A703,西安建筑科技大学,3,37428
2022,1,24,机械类,A703,西安建筑科技大学,8,45909
2022,1,25,材料成型及控制工程,A703,西安建筑科技大学,3,55378
2022,1,26,冶金工程,A703,西安建筑科技大学,3,67561
2022,1,27,金属材料工程,A703,西安建筑科技大学,3,62969
2022,1,29,材料类,A703,西安建筑科技大学,8,59527
2022,1,30,化工与制药类,A703,西安建筑科技大学,4,56098
2022,1,31,矿业类,A703,西安建筑科技大学,4,71782
2022,1,32,安全工程,A703,西安建筑科技大学,2,60361
2022,1,33,大数据管理与应用,A703,西安建筑科技大学,3,47257
2022,1,35,城市管理,A703,西安建筑科技大学,2,58549
2022,1,36,数学与应用数学,A703,西安建筑科技大学,2,44640
2022,1,37,工程力学,A703,西安建筑科技大学,2,51595
2022,1,38,光电信息科学与工程,A703,西安建筑科技大学,2,43050
2022,1,39,数据科学与大数据技术,A703,西安建筑科技大学,2,40370
2022,1,43,工业设计,A703,西安建筑科技大学,2,48075
2022,1,W1,法学,A703,西安建筑科技大学,2,38683
2022,1,W2,汉语言文学,A703,西安建筑科技大学,2,37166
2022,1,W3,汉语国际教育,A703,西安建筑科技大学,2,53627
2022,1,W4,英语,A703,西安建筑科技大学,2,49174
2022,1,WA,公共管理类,A703,西安建筑科技大学,4,59945
2022,1,H1,计算机科学与技术(中外合作办学),A703,西安建筑科技大学,2,63944
2022,1,H2,土木工程(中外合作办学),A703,西安建筑科技大学,2,77935
2022,1,H3,建筑电气与智能化(中外合作办学),A703,西安建筑科技大学,2,68950
2022,1,H4,工程管理(中外合作办学),A703,西安建筑科技大学,2,77303
2022,1,01,建筑环境与能源应用工程,A704,西安科技大学,2,56628
2022,1,02,采矿工程,A704,西安科技大学,4,68755
2022,1,04,消防工程,A704,西安科技大学,2,68410
2022,1,05,安全工程,A704,西安科技大学,2,40453
2022,1,06,应急技术与管理,A704,西安科技大学,2,70342
2022,1,07,土木工程,A704,西安科技大学,2,50441
2022,1,08,建筑学,A704,西安科技大学,2,45767
2022,1,09,给排水科学与工程,A704,西安科技大学,2,60346
2022,1,10,城乡规划,A704,西安科技大学,2,53714
2022,1,11,城市地下空间工程,A704,西安科技大学,2,60327
2022,1,12,机械设计制造及其自动化,A704,西安科技大学,2,45764
2022,1,13,机械电子工程,A704,西安科技大学,2,44862
2022,1,14,车辆工程,A704,西安科技大学,2,54252
2022,1,15,智能制造工程,A704,西安科技大学,2,43363
2022,1,16,自动化,A704,西安科技大学,2,34715
2022,1,18,电气工程及其自动化,A704,西安科技大学,2,34298
2022,1,19,测控技术与仪器,A704,西安科技大学,2,59015
2022,1,20,智能科学与技术,A704,西安科技大学,2,40990
2022,1,22,通信工程,A704,西安科技大学,2,33542
2022,1,23,电子信息工程,A704,西安科技大学,2,37905
2022,1,24,电子科学与技术,A704,西安科技大学,2,39317
2022,1,25,信息与计算科学,A704,西安科技大学,2,41842
2022,1,27,数据科学与大数据技术,A704,西安科技大学,2,36468
2022,1,28,软件工程,A704,西安科技大学,2,34903
2022,1,29,计算机科学与技术,A704,西安科技大学,2,33003
2022,1,30,环境工程,A704,西安科技大学,2,57582
2022,1,31,地质工程,A704,西安科技大学,2,54523
2022,1,32,资源勘查工程,A704,西安科技大学,2,70946
2022,1,33,地下水科学与工程,A704,西安科技大学,2,72562
2022,1,34,测绘工程,A704,西安科技大学,2,49162
2022,1,36,地理信息科学,A704,西安科技大学,3,54917
2022,1,37,自然地理与资源环境,A704,西安科技大学,4,55744
2022,1,38,材料科学与工程,A704,西安科技大学,2,54542
2022,1,39,无机非金属材料工程,A704,西安科技大学,2,58350
2022,1,40,高分子材料与工程,A704,西安科技大学,2,53673
2022,1,41,新能源材料与器件,A704,西安科技大学,2,54547
2022,1,43,能源化学工程,A704,西安科技大学,4,54512
2022,1,44,矿物加工工程,A704,西安科技大学,4,75898
2022,1,45,化学工程与工艺,A704,西安科技大学,2,55202
2022,1,47,工程力学,A704,西安科技大学,2,67988
2022,1,50,工业工程,A704,西安科技大学,2,65392
2022,1,W3,电子商务,A704,西安科技大学,2,60100
2022,1,W4,英语,A704,西安科技大学,2,47648
2022,1,W6,法学,A704,西安科技大学,2,33640
2022,1,H1,土木工程(中外合作办学),A704,西安科技大学,2,96284
2022,1,11,国际经济与贸易,A705,西安石油大学,2,69474
2022,1,12,工商管理类,A705,西安石油大学,3,67210
2022,1,14,俄语,A705,西安石油大学,2,72617
2022,1,15,翻译,A705,西安石油大学,2,62711
2022,1,16,汉语言文学,A705,西安石油大学,2,49798
2022,1,17,新闻学,A705,西安石油大学,2,49715
2022,1,21,石油工程,A705,西安石油大学,2,51214
2022,1,22,油气储运工程,A705,西安石油大学,1,47813
2022,1,23,海洋油气工程,A705,西安石油大学,2,64498
2022,1,24,地质工程,A705,西安石油大学,1,69027
2022,1,25,勘查技术与工程,A705,西安石油大学,4,69135
2022,1,26,资源勘查工程,A705,西安石油大学,1,59468
2022,1,27,地质学,A705,西安石油大学,1,52397
2022,1,28,地球信息科学与技术,A705,西安石油大学,1,57979
2022,1,31,电子信息工程,A705,西安石油大学,2,51640
2022,1,32,人工智能,A705,西安石油大学,2,57755
2022,1,33,自动化,A705,西安石油大学,2,56758
2022,1,34,安全工程,A705,西安石油大学,2,76202
2022,1,36,机械电子工程,A705,西安石油大学,2,47254
2022,1,37,工业设计,A705,西安石油大学,2,57839
2022,1,38,过程装备与控制工程,A705,西安石油大学,2,64635
2022,1,39,能源与动力工程,A705,西安石油大学,2,69081
2022,1,40,新能源科学与工程,A705,西安石油大学,2,49691
2022,1,41,土木工程,A705,西安石油大学,3,78256
2022,1,42,材料成型及控制工程,A705,西安石油大学,2,90483
2022,1,43,材料类,A705,西安石油大学,3,89945
2022,1,44,新能源材料与器件,A705,西安石油大学,2,69680
2022,1,45,计算机类,A705,西安石油大学,2,37944
2022,1,47,通信工程,A705,西安石油大学,1,51699
2022,1,49,应用化学,A705,西安石油大学,2,73226
2022,1,50,能源化学工程,A705,西安石油大学,2,70232
2022,1,51,环境工程,A705,西安石油大学,1,71345
2022,1,52,信息与计算科学,A705,西安石油大学,1,51020
2022,1,53,应用物理学,A705,西安石油大学,3,77292
2022,1,56,信息管理与信息系统,A705,西安石油大学,2,70881
2022,1,57,电子商务,A705,西安石油大学,2,79168
2022,1,58,工程管理,A705,西安石油大学,2,75494
2022,1,59,金融学,A705,西安石油大学,2,63943
2022,1,63,数据计算及应用,A705,西安石油大学,1,64379
2022,1,Z0,石油工程,A705,西安石油大学,2,55135
2022,1,Z1,测控技术与仪器,A705,西安石油大学,2,67802
2022,1,Z2,机械设计制造及其自动化,A705,西安石油大学,2,56697
2022,1,Z3,化学工程与工艺,A705,西安石油大学,2,59761
2022,1,Z4,焊接技术与工程,A705,西安石油大学,2,78876
2022,1,04,材料类,A708,陕西科技大学,2,49457
2022,1,08,轻化工程,A708,陕西科技大学,3,65907
2022,1,12,市场营销,A708,陕西科技大学,3,78543
2022,1,13,会计学,A708,陕西科技大学,3,56812
2022,1,14,人力资源管理,A708,陕西科技大学,3,65453
2022,1,16,国际经济与贸易,A708,陕西科技大学,3,68830
2022,1,17,教育技术学,A708,陕西科技大学,2,67782
2022,1,18,数学类,A708,陕西科技大学,3,53017
2022,1,21,机械类,A708,陕西科技大学,6,59650
2022,1,23,材料类,A708,陕西科技大学,2,66714
2022,1,25,电气类,A708,陕西科技大学,3,47804
2022,1,27,计算机类,A708,陕西科技大学,3,45001
2022,1,28,化工与制药类,A708,陕西科技大学,6,62385
2022,1,33,环境科学与工程类,A708,陕西科技大学,3,68827
2022,1,H1,机械设计制造及其自动化(中外合作办学),A708,陕西科技大学,12,138329
2022,1,H2,工业设计(中外合作办学),A708,陕西科技大学,10,145439
2022,1,H3,计算机科学与技术(中外合作办学),A708,陕西科技大学,11,97963
2022,1,18,数学类,A709,西安工程大学,2,71381
2022,1,19,应用物理学,A709,西安工程大学,2,84390
2022,1,20,应用化学,A709,西安工程大学,3,91796
2022,1,22,机械类,A709,西安工程大学,5,79665
2022,1,24,材料成型及控制工程,A709,西安工程大学,3,94699
2022,1,27,材料类,A709,西安工程大学,3,88254
2022,1,28,电气工程及其自动化,A709,西安工程大学,3,60023
2022,1,31,微电子科学与工程,A709,西安工程大学,3,68257
2022,1,34,计算机科学与技术,A709,西安工程大学,3,57096
2022,1,35,计算机类,A709,西安工程大学,5,60656
2022,1,36,土木类,A709,西安工程大学,5,99880
2022,1,39,纺织类,A709,西安工程大学,8,115512
2022,1,41,服装设计与工程,A709,西安工程大学,2,79677
2022,1,42,轻化工程,A709,西安工程大学,2,93574
2022,1,43,环境工程,A709,西安工程大学,2,79430
2022,1,44,风景园林,A709,西安工程大学,2,87054
2022,1,46,大数据管理与应用,A709,西安工程大学,3,71060
2022,1,47,工商管理,A709,西安工程大学,3,80096
2022,1,48,会计学,A709,西安工程大学,3,70322
2022,1,01,道路桥梁与渡河工程,A710,长安大学,9,24247
2022,1,02,道路桥梁与渡河工程(国际工程班),A710,长安大学,8,29704
2022,1,03,城市地下空间工程,A710,长安大学,2,26749
2022,1,04,车辆工程,A710,长安大学,12,23797
2022,1,09,工商管理类,A710,长安大学,6,24609
2022,1,10,管理科学与工程类,A710,长安大学,3,26962
2022,1,11,经济学类,A710,长安大学,5,23156
2022,1,12,自动化类,A710,长安大学,12,23428
2022,1,13,交通设备与控制工程,A710,长安大学,3,25484
2022,1,16,人工智能,A710,长安大学,5,21409
2022,1,24,环境科学与工程类,A710,长安大学,3,29286
2022,1,25,化学工程与工艺,A710,长安大学,4,27459
2022,1,26,建筑类,A710,长安大学,11,28195
2022,1,28,交通工程,A710,长安大学,8,22384
2022,1,29,交通工程(国际工程班),A710,长安大学,4,25700
2022,1,30,交通运输,A710,长安大学,4,24268
2022,1,31,大数据管理与应用,A710,长安大学,2,22069
2022,1,34,思想政治教育,A710,长安大学,4,21359
2022,1,36,公共管理类,A710,长安大学,2,24554
2022,1,38,新闻传播学类,A710,长安大学,5,21298
2022,1,39,数学类,A710,长安大学,2,21670
2022,1,41,英语,A710,长安大学,2,21900
2022,1,42,日语,A710,长安大学,3,26874
2022,1,48,新能源科学与工程,A710,长安大学,3,23827
2022,1,49,能源与动力工程,A710,长安大学,2,23752
2022,1,50,电气工程及其自动化,A710,长安大学,6,21312
2022,1,51,机械类,A710,长安大学,29,27557
2022,1,53,计算机类,A710,长安大学,17,21027
2022,1,55,电子信息类,A710,长安大学,11,22507
2022,1,57,地质工程,A710,长安大学,5,31699
2022,1,59,地球物理学类,A710,长安大学,3,31261
2022,1,5B,测绘类,A710,长安大学,6,29109
2022,1,5D,安全工程,A710,长安大学,6,29785
2022,1,5F,土木类,A710,长安大学,28,32951
2022,1,5H,水利类,A710,长安大学,7,29069
2022,1,5K,材料类,A710,长安大学,22,32466
2022,1,44,道路桥梁与渡河工程(中外合作办学),A710,长安大学,10,45747
2022,1,45,车辆工程(中外合作办学),A710,长安大学,10,45080
2022,1,46,交通运输(中外合作办学),A710,长安大学,10,43515
2022,1,01,法学,A712,西北农林科技大学,6,17152
2022,1,02,社会学类,A712,西北农林科技大学,6,20952
2022,1,03,公共管理类,A712,西北农林科技大学,6,21840
2022,1,04,英语,A712,西北农林科技大学,5,18779
2022,1,05,汉语国际教育,A712,西北农林科技大学,2,18541
2022,1,06,俄语,A712,西北农林科技大学,3,23305
2022,1,08,智慧农业,A712,西北农林科技大学,2,22612
2022,1,11,植物保护,A712,西北农林科技大学,7,26711
2022,1,12,制药工程,A712,西北农林科技大学,4,21696
2022,1,13,园艺(园艺类),A712,西北农林科技大学,14,30964
2022,1,14,设施农业科学与工程,A712,西北农林科技大学,2,26618
2022,1,16,智慧牧业科学与工程,A712,西北农林科技大学,6,31121
2022,1,17,草业科学,A712,西北农林科技大学,9,31127
2022,1,18,动物医学类,A712,西北农林科技大学,16,28598
2022,1,19,林学类,A712,西北农林科技大学,6,29046
2022,1,21,智慧林业,A712,西北农林科技大学,4,27322
2022,1,23,园林,A712,西北农林科技大学,3,21699
2022,1,24,风景园林,A712,西北农林科技大学,4,21543
2022,1,25,城乡规划,A712,西北农林科技大学,4,21438
2022,1,27,资源环境科学,A712,西北农林科技大学,4,25779
2022,1,28,环境科学与工程类,A712,西北农林科技大学,2,22255
2022,1,30,水利类,A712,西北农林科技大学,17,26348
2022,1,31,电气工程及其自动化,A712,西北农林科技大学,4,18448
2022,1,33,智慧水利,A712,西北农林科技大学,4,24768
2022,1,34,机械类,A712,西北农林科技大学,21,25258
2022,1,35,农业智能装备工程,A712,西北农林科技大学,3,27919
2022,1,36,电子信息工程,A712,西北农林科技大学,4,18017
2022,1,39,食品营养与健康(卓越班),A712,西北农林科技大学,6,23643
2022,1,40,葡萄与葡萄酒工程,A712,西北农林科技大学,16,30827
2022,1,41,生物科学类,A712,西北农林科技大学,28,24258
2022,1,42,信息与计算科学,A712,西北农林科技大学,3,19969
2022,1,43,光电信息科学与工程,A712,西北农林科技大学,4,20990
2022,1,45,工商管理类,A712,西北农林科技大学,9,20978
2022,1,46,经济学类,A712,西北农林科技大学,7,19287
2022,1,47,经济学(基础拔尖培养班),A712,西北农林科技大学,2,17465
2022,1,48,植物生产类(卓越班),A712,西北农林科技大学,12,27079
2022,1,50,环境科学与工程类(卓越班),A712,西北农林科技大学,4,24215
2022,1,51,水利类(卓越班),A712,西北农林科技大学,5,19241
2022,1,52,农林经济管理(卓越班),A712,西北农林科技大学,4,19565
2022,1,53,农业机械化及其自动化,A712,西北农林科技大学,4,26530
2022,1,56,农学(农学类),A712,西北农林科技大学,11,26028
2022,1,58,动物科学(动物类),A712,西北农林科技大学,16,30790
2022,1,5A,林业工程类,A712,西北农林科技大学,5,29132
2022,1,5C,水土保持与荒漠化防治,A712,西北农林科技大学,3,29546
2022,1,5E,地理信息科学,A712,西北农林科技大学,3,20136
2022,1,5G,土木工程,A712,西北农林科技大学,2,25742
2022,1,5J,计算机类,A712,西北农林科技大学,28,19747
2022,1,5L,食品科学与工程类,A712,西北农林科技大学,19,25527
2022,1,5N,化学类,A712,西北农林科技大学,6,22056
2022,1,54,环境科学(中外合作办学),A712,西北农林科技大学,9,41617
2022,1,55,食品科学与工程(中外合作办学),A712,西北农林科技大学,5,40144
2022,1,12,临床医学,A716,陕西中医药大学,3,44069
2022,1,14,预防医学,A716,陕西中医药大学,2,61250
2022,1,16,中医学,A716,陕西中医药大学,3,58947
2022,1,21,中西医临床医学,A716,陕西中医药大学,2,46835
2022,1,01,哲学(新文科班),A718,陕西师范大学,4,17126
2022,1,02,经济学类,A718,陕西师范大学,5,20358
2022,1,03,社会学,A718,陕西师范大学,5,20899
2022,1,06,教育学类,A718,陕西师范大学,6,19613
2022,1,0K,新闻传播学类,A718,陕西师范大学,2,18364
2022,1,0W,生物科学类,A718,陕西师范大学,10,16268
2022,1,11,计算机类,A718,陕西师范大学,10,19659
2022,1,16,公共管理类,A718,陕西师范大学,12,21183
2022,1,19,外国语言文学类(英语),A718,陕西师范大学,3,13819
2022,1,1B,历史学类,A718,陕西师范大学,9,14950
2022,1,1D,物理学类,A718,陕西师范大学,9,17831
2022,1,1H,食品科学与工程类,A718,陕西师范大学,9,31461
2022,1,BG,社会工作,A719,延安大学,5,110537
2022,1,EH,日语,A719,延安大学,5,122437
2022,1,FA,数学与应用数学(师范类),A719,延安大学,2,108028
2022,1,FC,信息与计算科学,A719,延安大学,4,129071
2022,1,FE,计算机科学与技术,A719,延安大学,2,86594
2022,1,FG,软件工程,A719,延安大学,4,111028
2022,1,FJ,物联网工程,A719,延安大学,4,121481
2022,1,GC,电子信息工程,A719,延安大学,2,109029
2022,1,NB,运动康复,A719,延安大学,2,149233
2022,1,PA,临床医学,A719,延安大学,2,74714
2022,1,PE,护理学,A719,延安大学,2,129549
2022,1,11,学前教育(师范类),A720,陕西理工大学,1,97029
2022,1,20,历史学(师范类),A720,陕西理工大学,1,72544
2022,1,21,数学与应用数学(师范类),A720,陕西理工大学,1,76106
2022,1,33,测控技术与仪器,A720,陕西理工大学,1,113313
2022,1,54,工商管理类,A720,陕西理工大学,2,97011
2022,1,55,物流管理,A720,陕西理工大学,1,100486
2022,1,H1,机械设计制造及其自动化(中外合作办学),A720,陕西理工大学,2,117334
2022,1,H2,电气工程及其自动化(中外合作办学),A720,陕西理工大学,2,129708
2022,1,H3,网络工程(中外合作办学),A720,陕西理工大学,2,169485
2022,1,10,法学,A721,宝鸡文理学院,2,151450
2022,1,11,思想政治教育(师范类),A721,宝鸡文理学院,2,141929
2022,1,12,汉语言文学(师范类),A721,宝鸡文理学院,2,123022
2022,1,22,信息与计算科学,A721,宝鸡文理学院,2,165249
2022,1,23,物理学(师范类),A721,宝鸡文理学院,2,179018
2022,1,24,化学(师范类),A721,宝鸡文理学院,3,174420
2022,1,26,地理科学(师范类),A721,宝鸡文理学院,4,140194
2022,1,31,机械设计制造及其自动化,A721,宝鸡文理学院,4,201933
2022,1,34,工业设计,A721,宝鸡文理学院,3,208263
2022,1,35,智能制造工程,A721,宝鸡文理学院,5,206391
2022,1,38,材料化学,A721,宝鸡文理学院,4,197007
2022,1,39,电气工程及其自动化,A721,宝鸡文理学院,5,188447
2022,1,40,电子信息类,A721,宝鸡文理学院,4,193331
2022,1,41,电子科学与技术,A721,宝鸡文理学院,3,181114
2022,1,42,人工智能,A721,宝鸡文理学院,4,190228
2022,1,43,自动化类,A721,宝鸡文理学院,3,205630
2022,1,44,计算机类,A721,宝鸡文理学院,5,183535
2022,1,45,给排水科学与工程,A721,宝鸡文理学院,2,205674
2022,1,46,测绘工程,A721,宝鸡文理学院,2,200397
2022,1,47,化学工程与工艺,A721,宝鸡文理学院,3,200527
2022,1,48,制药工程,A721,宝鸡文理学院,3,188079
2022,1,49,环境工程,A721,宝鸡文理学院,3,191137
2022,1,53,会计学,A721,宝鸡文理学院,5,184469
2022,1,23,思想政治教育(师范类),A722,咸阳师范学院,3,124542
2022,1,26,汉语言文学(师范类),A722,咸阳师范学院,2,114149
2022,1,34,文物与博物馆学,A722,咸阳师范学院,2,132479
2022,1,47,物理学(师范类),A722,咸阳师范学院,6,178920
2022,1,48,化学(师范类),A722,咸阳师范学院,2,144004
2022,1,1H,学前教育(中外合作办学)(师范类),A722,咸阳师范学院,3,190335
2022,1,42,数学与应用数学(师范类),A723,渭南师范学院,6,167462
2022,1,X3,会计学,A723,渭南师范学院,6,153051
2022,1,X6,财务管理,A723,渭南师范学院,6,175838
2022,1,36,学前教育(中外合作办学)(师范类),A723,渭南师范学院,6,195173
2022,1,A1,经济学,A724,西安外国语大学,2,35902
2022,1,A2,金融学,A724,西安外国语大学,3,34100
2022,1,A3,国际经济与贸易,A724,西安外国语大学,2,34269
2022,1,A7,汉语言文学,A724,西安外国语大学,2,31932
2022,1,A9,英语,A724,西安外国语大学,12,29554
2022,1,AB,德语,A724,西安外国语大学,3,32584
2022,1,AC,法语,A724,西安外国语大学,1,28306
2022,1,AD,西班牙语,A724,西安外国语大学,1,30112
2022,1,AW,翻译,A724,西安外国语大学,4,30049
2022,1,AX,商务英语,A724,西安外国语大学,2,29943
2022,1,AY,新闻学,A724,西安外国语大学,1,20634
2022,1,00,哲学,A726,西北政法大学,3,21045
2022,1,01,社会工作,A726,西北政法大学,1,24627
2022,1,04,经济学类,A726,西北政法大学,9,26616
2022,1,05,法学(民商法),A726,西北政法大学,7,12722
2022,1,06,法学(经济法),A726,西北政法大学,6,14053
2022,1,07,法学(刑事法),A726,西北政法大学,4,14304
2022,1,08,法学(行政法),A726,西北政法大学,5,14814
2022,1,09,法学(国际法),A726,西北政法大学,5,15132
2022,1,10,法学(反恐怖主义法),A726,西北政法大学,1,15770
2022,1,11,法学(公共安全法),A726,西北政法大学,3,15715
2022,1,13,政治学与行政学,A726,西北政法大学,2,21047
2022,1,18,英语,A726,西北政法大学,1,21693
2022,1,19,电子商务及法律,A726,西北政法大学,2,20003
2022,1,20,新闻学,A726,西北政法大学,1,19483
2022,1,22,网络与新媒体,A726,西北政法大学,1,23261
2022,1,24,工商管理类,A726,西北政法大学,5,27540
2022,1,26,行政管理,A726,西北政法大学,1,21630
2022,1,27,国际政治,A726,西北政法大学,1,23087
2022,1,21,康复治疗学,A727,西安体育学院,2,157586
2022,1,26,体育旅游,A727,西安体育学院,2,173759
2022,1,10,汉语言文学,A730,兰州大学,9,14210
2022,1,11,英语,A730,兰州大学,7,16503
2022,1,15,新闻传播学类,A730,兰州大学,6,15603
2022,1,17,历史学类,A730,兰州大学,9,14260
2022,1,23,经济学类,A730,兰州大学,10,15501
2022,1,28,数学类,A730,兰州大学,10,14063
2022,1,36,大气科学类,A730,兰州大学,10,17613
2022,1,38,生物科学类,A730,兰州大学,8,16110
2022,1,41,理论与应用力学(基地班),A730,兰州大学,8,16345
2022,1,43,电子信息类,A730,兰州大学,9,12821
2022,1,44,计算机类,A730,兰州大学,7,11907
2022,1,48,化工与制药类,A730,兰州大学,6,18060
2022,1,59,临床医学类,A730,兰州大学,20,12433
2022,1,61,口腔医学,A730,兰州大学,11,10490
2022,1,66,工商管理类,A730,兰州大学,10,17898
2022,1,72,物理学类,A730,兰州大学,24,14287
2022,1,74,化学类,A730,兰州大学,10,15874
2022,1,71,计算机科学与技术(中外合作办学)(数据科学方向),A730,兰州大学,26,29948
2022,1,02,国际经济与贸易,A731,兰州理工大学,2,114189
2022,1,03,法学,A731,兰州理工大学,2,79649
2022,1,04,知识产权,A731,兰州理工大学,4,111356
2022,1,05,汉语言文学,A731,兰州理工大学,3,90434
2022,1,06,英语,A731,兰州理工大学,4,103969
2022,1,07,俄语,A731,兰州理工大学,4,139039
2022,1,08,日语,A731,兰州理工大学,4,133240
2022,1,0B,应用化学,A731,兰州理工大学,2,109927
2022,1,0E,机械设计制造及其自动化,A731,兰州理工大学,2,86290
2022,1,0F,材料成型及控制工程,A731,兰州理工大学,2,94744
2022,1,0J,过程装备与控制工程,A731,兰州理工大学,2,107484
2022,1,0K,智能制造工程,A731,兰州理工大学,6,101995
2022,1,0L,测控技术与仪器,A731,兰州理工大学,4,104941
2022,1,0N,冶金工程,A731,兰州理工大学,4,136853
2022,1,0P,金属材料工程,A731,兰州理工大学,2,119658
2022,1,0Q,无机非金属材料工程,A731,兰州理工大学,2,118947
2022,1,0S,焊接技术与工程,A731,兰州理工大学,2,110726
2022,1,0T,功能材料,A731,兰州理工大学,2,117691
2022,1,0U,能源与动力工程,A731,兰州理工大学,2,87826
2022,1,0W,电气工程及其自动化,A731,兰州理工大学,2,74458
2022,1,0X,通信工程,A731,兰州理工大学,2,81382
2022,1,0Y,微电子科学与工程,A731,兰州理工大学,2,83002
2022,1,0Z,电子信息科学与技术,A731,兰州理工大学,2,78198
2022,1,10,自动化,A731,兰州理工大学,2,76013
2022,1,11,机器人工程,A731,兰州理工大学,4,80766
2022,1,12,计算机科学与技术,A731,兰州理工大学,4,66403
2022,1,13,软件工程,A731,兰州理工大学,2,68616
2022,1,14,物联网工程,A731,兰州理工大学,2,81054
2022,1,15,数据科学与大数据技术,A731,兰州理工大学,2,80370
2022,1,16,网络空间安全,A731,兰州理工大学,2,84233
2022,1,17,土木工程,A731,兰州理工大学,3,98266
2022,1,18,建筑环境与能源应用工程,A731,兰州理工大学,2,115715
2022,1,19,给排水科学与工程,A731,兰州理工大学,4,125606
2022,1,1A,道路桥梁与渡河工程,A731,兰州理工大学,2,109502
2022,1,1B,水利水电工程,A731,兰州理工大学,2,107182
2022,1,1C,测绘工程,A731,兰州理工大学,3,106055
2022,1,1D,化学工程与工艺,A731,兰州理工大学,2,104346
2022,1,1F,油气储运工程,A731,兰州理工大学,3,140546
2022,1,1J,环境工程,A731,兰州理工大学,4,114092
2022,1,1N,安全工程,A731,兰州理工大学,2,103978
2022,1,1P,生物工程,A731,兰州理工大学,3,105221
2022,1,1R,工程管理,A731,兰州理工大学,3,130834
2022,1,1V,市场营销,A731,兰州理工大学,2,130632
2022,1,1W,会计学,A731,兰州理工大学,5,91262
2022,1,20,工业工程,A731,兰州理工大学,2,106185
2022,1,01,交通运输,A732,兰州交通大学,6,55167
2022,1,03,信息管理与信息系统,A732,兰州交通大学,2,76713
2022,1,04,物流管理,A732,兰州交通大学,2,89248
2022,1,05,环境科学,A732,兰州交通大学,2,89274
2022,1,06,建筑环境与能源应用工程,A732,兰州交通大学,2,89174
2022,1,07,给排水科学与工程,A732,兰州交通大学,3,79584
2022,1,08,环境工程,A732,兰州交通大学,2,87686
2022,1,09,土木工程,A732,兰州交通大学,3,69505
2022,1,10,土木工程(卓越计划班),A732,兰州交通大学,2,53893
2022,1,11,工程造价,A732,兰州交通大学,2,84010
2022,1,12,水利水电工程,A732,兰州交通大学,2,78358
2022,1,13,工程力学,A732,兰州交通大学,2,90940
2022,1,15,铁道工程,A732,兰州交通大学,2,68699
2022,1,17,机械设计制造及其自动化,A732,兰州交通大学,3,68910
2022,1,19,车辆工程,A732,兰州交通大学,8,67858
2022,1,20,车辆工程(卓越计划班),A732,兰州交通大学,2,48744
2022,1,22,能源与动力工程,A732,兰州交通大学,2,84632
2022,1,23,信息与计算科学,A732,兰州交通大学,2,75135
2022,1,28,市场营销,A732,兰州交通大学,1,99455
2022,1,29,会计学,A732,兰州交通大学,1,63245
2022,1,30,财务管理,A732,兰州交通大学,1,72220
2022,1,31,英语,A732,兰州交通大学,1,65294
2022,1,32,法语,A732,兰州交通大学,1,94580
2022,1,33,西班牙语,A732,兰州交通大学,1,82905
2022,1,34,葡萄牙语,A732,兰州交通大学,1,72750
2022,1,36,应用化学,A732,兰州交通大学,2,92665
2022,1,38,过程装备与控制工程,A732,兰州交通大学,2,88524
2022,1,40,建筑学,A732,兰州交通大学,2,76964
2022,1,47,电气工程及其自动化,A732,兰州交通大学,5,55443
2022,1,48,电气工程及其自动化(卓越计划班),A732,兰州交通大学,2,51423
2022,1,49,自动化,A732,兰州交通大学,2,62339
2022,1,50,轨道交通信号与控制,A732,兰州交通大学,4,59485
2022,1,52,通信工程,A732,兰州交通大学,3,63906
2022,1,53,计算机科学与技术,A732,兰州交通大学,2,63336
2022,1,54,电子科学与技术,A732,兰州交通大学,2,75294
2022,1,61,地理信息科学,A732,兰州交通大学,2,75059
2022,1,64,材料科学与工程,A732,兰州交通大学,2,98384
2022,1,65,材料成型及控制工程,A732,兰州交通大学,2,93362
2022,1,69,生物制药,A732,兰州交通大学,2,88595
2022,1,70,数据科学与大数据技术,A732,兰州交通大学,2,70517
2022,1,01,农学,A733,甘肃农业大学,10,170727
2022,1,05,草业科学,A733,甘肃农业大学,5,168930
2022,1,0H,农林经济管理(基地班),A733,甘肃农业大学,5,161508
2022,1,0T,车辆工程,A733,甘肃农业大学,6,177038
2022,1,14,林学,A733,甘肃农业大学,5,173428
2022,1,15,园林,A733,甘肃农业大学,6,170708
2022,1,16,水土保持与荒漠化防治,A733,甘肃农业大学,5,174084
2022,1,17,风景园林,A733,甘肃农业大学,8,163589
2022,1,1A,生物工程,A733,甘肃农业大学,5,172924
2022,1,1L,生物技术,A733,甘肃农业大学,8,169682
2022,1,1P,园艺,A733,甘肃农业大学,7,171954
2022,1,1Q,设施农业科学与工程,A733,甘肃农业大学,7,174422
2022,1,1R,植物保护,A733,甘肃农业大学,9,172743
2022,1,22,汉语言文学,A733,甘肃农业大学,5,114673
2022,1,2F,材料化学,A733,甘肃农业大学,5,174438
2022,1,2G,应用统计学,A733,甘肃农业大学,5,168254
2022,1,01,中医学(5+3一体化),A735,甘肃中医药大学,3,47362
2022,1,02,中医学,A735,甘肃中医药大学,1,65783
2022,1,03,中医骨伤科学,A735,甘肃中医药大学,1,92255
2022,1,04,中西医临床医学,A735,甘肃中医药大学,2,70962
2022,1,05,针灸推拿学,A735,甘肃中医药大学,1,90473
2022,1,06,中医康复学,A735,甘肃中医药大学,2,102991
2022,1,07,康复治疗学,A735,甘肃中医药大学,1,71348
2022,1,08,临床医学,A735,甘肃中医药大学,2,56682
2022,1,09,医学影像学,A735,甘肃中医药大学,2,70192
2022,1,10,预防医学,A735,甘肃中医药大学,2,94870
2022,1,15,中药学,A735,甘肃中医药大学,2,121418
2022,1,16,中草药栽培与鉴定,A735,甘肃中医药大学,1,116238
2022,1,17,中药资源与开发,A735,甘肃中医药大学,1,142977
2022,1,18,药学,A735,甘肃中医药大学,1,120362
2022,1,19,中药制药,A735,甘肃中医药大学,2,132439
2022,1,22,健康服务与管理,A735,甘肃中医药大学,2,154835
2022,1,23,国际经济与贸易,A735,甘肃中医药大学,2,151923
2022,1,24,医疗保险,A735,甘肃中医药大学,2,158377
2022,1,25,公共事业管理,A735,甘肃中医药大学,2,155660
2022,1,26,应用心理学,A735,甘肃中医药大学,2,120441
2022,1,29,运动康复,A735,甘肃中医药大学,2,152199
2022,1,D1,食品质量与安全,A735,甘肃中医药大学,2,167625
2022,1,D2,汉语言文学,A735,甘肃中医药大学,2,148238
2022,1,D3,护理学,A735,甘肃中医药大学,2,132996
2022,1,D4,医学检验技术,A735,甘肃中医药大学,1,51014
2022,1,D5,卫生检验与检疫,A735,甘肃中医药大学,1,125291
2022,1,D7,医学信息工程,A735,甘肃中医药大学,2,160763
2022,1,D8,软件工程,A735,甘肃中医药大学,2,136570
2022,1,D9,助产学,A735,甘肃中医药大学,1,136708
2022,1,01,新闻学,A736,西北师范大学,3,56238
2022,1,03,地理信息科学,A736,西北师范大学,2,48577
2022,1,04,环境工程,A736,西北师范大学,2,90752
2022,1,06,法学,A736,西北师范大学,2,56134
2022,1,07,汉语国际教育(师范类),A736,西北师范大学,2,51583
2022,1,08,材料科学与工程,A736,西北师范大学,2,110096
2022,1,11,计算机科学与技术(师范类),A736,西北师范大学,2,76696
2022,1,12,软件工程,A736,西北师范大学,5,76680
2022,1,15,教育技术学(师范类),A736,西北师范大学,2,77930
2022,1,17,数字媒体艺术,A736,西北师范大学,2,69276
2022,1,21,学前教育(师范类),A736,西北师范大学,2,75583
2022,1,24,经济统计学,A736,西北师范大学,2,73520
2022,1,28,旅游管理,A736,西北师范大学,2,143067
2022,1,39,生物技术,A736,西北师范大学,2,65019
2022,1,41,制药工程,A736,西北师范大学,2,76319
2022,1,42,数学与应用数学(师范类),A736,西北师范大学,3,51682
2022,1,43,统计学,A736,西北师范大学,2,98606
2022,1,44,信息与计算科学,A736,西北师范大学,2,76131
2022,1,45,阿拉伯语,A736,西北师范大学,2,157728
2022,1,46,朝鲜语,A736,西北师范大学,2,197347
2022,1,47,俄语(师范类),A736,西北师范大学,2,69770
2022,1,48,翻译,A736,西北师范大学,2,61774
2022,1,50,英语(师范类),A736,西北师范大学,4,51715
2022,1,51,汉语言文学(师范类),A736,西北师范大学,2,35771
2022,1,52,秘书学,A736,西北师范大学,2,83280
2022,1,53,材料物理,A736,西北师范大学,1,89400
2022,1,54,电气工程及其自动化,A736,西北师范大学,2,72325
2022,1,56,物理学(师范类),A736,西北师范大学,2,54678
2022,1,L5,社会学类,A736,西北师范大学,2,57365
2022,1,ZW,化学(中外合作办学),A736,西北师范大学,8,185854
2022,1,01,数学与应用数学(师范类),A737,兰州城市学院,3,187133
2022,1,03,城乡规划,A737,兰州城市学院,2,195138
2022,1,04,环境工程,A737,兰州城市学院,3,205007
2022,1,06,汉语言文学(师范类),A737,兰州城市学院,3,160823
2022,1,0H,经济学,A737,兰州城市学院,2,190883
2022,1,0L,审计学,A737,兰州城市学院,2,182120
2022,1,0X,油气储运工程,A737,兰州城市学院,2,190066
2022,1,0Y,石油工程,A737,兰州城市学院,3,182083
2022,1,11,机械设计制造及其自动化,A737,兰州城市学院,2,206092
2022,1,12,焊接技术与工程,A737,兰州城市学院,3,227704
2022,1,1H,英语(师范类),A737,兰州城市学院,3,166381
2022,1,1K,汉语国际教育(师范类),A737,兰州城市学院,2,173093
2022,1,01,经济学,A738,陇东学院,3,195089
2022,1,0B,文物与博物馆学,A738,陇东学院,3,188588
2022,1,0H,人文地理与城乡规划,A738,陇东学院,2,198806
2022,1,0R,网络工程(云计算开发与运维方向),A738,陇东学院,4,210403
2022,1,0Y,食品科学与工程,A738,陇东学院,2,199228
2022,1,0Z,安全工程,A738,陇东学院,4,214196
2022,1,10,生物制药,A738,陇东学院,4,203288
2022,1,1D,过程装备与控制工程,A738,陇东学院,2,211478
2022,1,26,汉语言文学(师范类),A738,陇东学院,2,159664
2022,1,2Y,机械类,A738,陇东学院,3,208678
2022,1,33,采矿工程,A738,陇东学院,3,211567
2022,1,01,汉语言文学(师范类),A739,天水师范学院,4,156156
2022,1,0S,工商管理类,A739,天水师范学院,4,197319
2022,1,1C,地理科学(师范类),A739,天水师范学院,4,163183
2022,1,1X,商务英语,A739,天水师范学院,4,191323
2022,1,3C,数学与应用数学(师范类),A739,天水师范学院,4,186398
2022,1,43,化学(师范类),A739,天水师范学院,4,183099
2022,1,4D,化学工程与工艺,A739,天水师范学院,4,206384
2022,1,02,法学,A740,河西学院,2,155164
2022,1,10,经济学,A740,河西学院,2,182267
2022,1,12,会计学,A740,河西学院,2,181704
2022,1,22,农学,A740,河西学院,2,187887
2022,1,26,食品科学与工程,A740,河西学院,2,202097
2022,1,27,葡萄与葡萄酒工程,A740,河西学院,4,202673
2022,1,28,生物工程,A740,河西学院,2,196632
2022,1,37,农业水利工程,A740,河西学院,2,204527
2022,1,38,工程管理,A740,河西学院,2,214309
2022,1,39,英语(师范类),A740,河西学院,2,164512
2022,1,42,汉语言文学(师范类),A740,河西学院,2,157805
2022,1,45,机械设计制造及其自动化,A740,河西学院,3,210246
2022,1,46,能源与动力工程,A740,河西学院,2,208400
2022,1,52,网络与新媒体,A740,河西学院,2,159828
2022,1,55,网络工程,A740,河西学院,2,208326
2022,1,04,财政学,A741,兰州财经大学,2,84496
2022,1,05,税收学,A741,兰州财经大学,2,85397
2022,1,06,金融学,A741,兰州财经大学,2,78867
2022,1,09,投资学,A741,兰州财经大学,2,112350
2022,1,0A,信用管理,A741,兰州财经大学,2,149702
2022,1,0C,国际经济与贸易,A741,兰州财经大学,2,103825
2022,1,0D,贸易经济,A741,兰州财经大学,2,122886
2022,1,0E,法学,A741,兰州财经大学,2,73916
2022,1,0J,英语,A741,兰州财经大学,2,110804
2022,1,0N,网络与新媒体,A741,兰州财经大学,2,89085
2022,1,0R,统计学,A741,兰州财经大学,3,109575
2022,1,0X,房地产开发与管理,A741,兰州财经大学,2,208917
2022,1,0Y,工商管理,A741,兰州财经大学,2,93389
2022,1,0Z,会计学,A741,兰州财经大学,3,68976
2022,1,10,财务管理,A741,兰州财经大学,2,75541
2022,1,11,国际商务,A741,兰州财经大学,2,126975
2022,1,17,农林经济管理,A741,兰州财经大学,2,121476
2022,1,18,公共事业管理,A741,兰州财经大学,2,133028
2022,1,1B,物流管理,A741,兰州财经大学,2,126488
2022,1,1C,电子商务,A741,兰州财经大学,2,115388
2022,1,1D,旅游管理,A741,兰州财经大学,2,168475
2022,1,1X,资产评估,A741,兰州财经大学,2,123040
2022,1,1Z,审计学,A741,兰州财经大学,2,74365
2022,1,23,经济学,A741,兰州财经大学,2,85524
2022,1,27,信息管理与信息系统,A741,兰州财经大学,3,143271
2022,1,28,社会工作,A741,兰州财经大学,2,132445
2022,1,29,人文地理与城乡规划,A741,兰州财经大学,2,113530
2022,1,2A,计算机科学与技术,A741,兰州财经大学,3,101910
2022,1,2G,汉语国际教育,A741,兰州财经大学,2,113501
2022,1,2H,新闻学,A741,兰州财经大学,2,88877
2022,1,30,保险学,A741,兰州财经大学,2,112352
2022,1,32,应用统计学,A741,兰州财经大学,3,111013
2022,1,3J,商务英语,A741,兰州财经大学,2,103117
2022,1,3L,知识产权,A741,兰州财经大学,2,106736
2022,1,3N,广告学,A741,兰州财经大学,2,99178
2022,1,3P,汉语言文学,A741,兰州财经大学,2,89793
2022,1,3Q,经济统计学,A741,兰州财经大学,3,100017
2022,1,3U,互联网金融,A741,兰州财经大学,2,102332
2022,1,3V,数据科学与大数据技术,A741,兰州财经大学,3,117438
2022,1,45,电子信息工程,A741,兰州财经大学,3,114820
2022,1,4E,地理信息科学,A741,兰州财经大学,2,118058
2022,1,4F,智能科学与技术,A741,兰州财经大学,3,127597
2022,1,4J,金融学(121中俄实验班),A741,兰州财经大学,2,119854
2022,1,4L,会计学(121中美实验班),A741,兰州财经大学,2,106731
2022,1,6W,信息与计算科学,A741,兰州财经大学,3,155844
2022,1,L1,电子信息类,A742,西北民族大学,6,158570
2022,1,L6,动物科学,A742,西北民族大学,3,167400
2022,1,L7,动物医学,A742,西北民族大学,3,149873
2022,1,L8,生物工程,A742,西北民族大学,2,161035
2022,1,LA,食品科学与工程,A742,西北民族大学,2,161203
2022,1,LB,计算机类,A742,西北民族大学,6,124954
2022,1,LD,土木工程,A742,西北民族大学,6,167854
2022,1,LE,无机非金属材料工程,A742,西北民族大学,3,169020
2022,1,LF,护理学,A742,西北民族大学,2,159687
2022,1,P1,财务管理,A742,西北民族大学,4,193067
2022,1,P3,会计学,A742,西北民族大学,4,160026
2022,1,P7,金融学,A742,西北民族大学,3,183830
2022,1,P8,经济学,A742,西北民族大学,2,167242
2022,1,P9,法学,A742,西北民族大学,2,90062
2022,1,PA,公共事业管理,A742,西北民族大学,2,143101
2022,1,PC,历史学,A742,西北民族大学,2,81868
2022,1,PF,社会学类,A742,西北民族大学,2,106936
2022,1,PJ,英语,A742,西北民族大学,2,113302
2022,1,PP,新闻传播学类,A742,西北民族大学,4,119414
2022,1,PS,中国少数民族语言文学(零基础III),A742,西北民族大学,2,157407
2022,1,PT,汉语言文学,A742,西北民族大学,2,80499
2022,1,01,经济学,A743,青海大学,2,35264
2022,1,02,临床医学,A743,青海大学,6,27084
2022,1,03,国际经济与贸易,A743,青海大学,6,50652
2022,1,04,信息管理与信息系统,A743,青海大学,9,49907
2022,1,10,旅游管理,A743,青海大学,10,66565
2022,1,14,医学影像学,A743,青海大学,1,32511
2022,1,15,口腔医学,A743,青海大学,1,27390
2022,1,16,预防医学,A743,青海大学,2,42066
2022,1,17,中医学,A743,青海大学,1,36862
2022,1,18,针灸推拿学,A743,青海大学,1,40294
2022,1,19,药学,A743,青海大学,1,38773
2022,1,20,中药学,A743,青海大学,2,49107
2022,1,22,康复治疗学,A743,青海大学,1,42307
2022,1,23,护理学,A743,青海大学,5,71458
2022,1,26,食品科学与工程,A743,青海大学,6,62572
2022,1,29,动物科学,A743,青海大学,4,68917
2022,1,30,动物医学,A743,青海大学,7,54696
2022,1,32,林学,A743,青海大学,1,61954
2022,1,33,园林,A743,青海大学,1,63676
2022,1,35,应用化学,A743,青海大学,8,61203
2022,1,36,化学工程与工艺(卓越工程师),A743,青海大学,4,54714
2022,1,38,能源化学工程,A743,青海大学,4,65643
2022,1,39,环境工程,A743,青海大学,6,64483
2022,1,40,过程装备与控制工程,A743,青海大学,7,63853
2022,1,41,自动化,A743,青海大学,6,42556
2022,1,44,电气工程及其自动化,A743,青海大学,8,40948
2022,1,46,土木工程,A743,青海大学,12,66586
2022,1,47,给排水科学与工程,A743,青海大学,6,61138
2022,1,48,城乡规划,A743,青海大学,2,44658
2022,1,49,工程管理,A743,青海大学,6,64942
2022,1,50,生物技术,A743,青海大学,2,53290
2022,1,51,环境科学,A743,青海大学,2,56493
2022,1,52,生物工程,A743,青海大学,4,58190
2022,1,53,环境生态工程,A743,青海大学,4,59810
2022,1,55,地质工程,A743,青海大学,2,63366
2022,1,56,资源勘查工程,A743,青海大学,2,66546
2022,1,57,测绘工程,A743,青海大学,6,68602
2022,1,58,新能源材料与器件,A743,青海大学,8,52865
2022,1,5A,金融学,A743,青海大学,2,39729
2022,1,5C,植物保护,A743,青海大学,2,64204
2022,1,5H,计算机科学与技术,A743,青海大学,9,36807
2022,1,5M,草业科学(卓越草业师),A743,青海大学,4,67738
2022,1,5Q,冶金工程(卓越工程师),A743,青海大学,2,64253
2022,1,5R,材料成型及控制工程,A743,青海大学,6,66135
2022,1,63,工商管理类,A743,青海大学,6,47284
2022,1,68,机械设计制造及其自动化,A743,青海大学,14,49744
2022,1,69,材料科学与工程,A743,青海大学,8,66142
2022,1,6G,水利水电工程,A743,青海大学,12,60591
2022,1,6H,化工与制药类,A743,青海大学,6,62379
2022,1,6J,土木、水利与交通工程,A743,青海大学,2,60764
2022,1,6M,植物生产类,A743,青海大学,4,61856
2022,1,6N,生物技术(高原生物菁英班),A743,青海大学,4,58366
2022,1,6P,生态学(高原生物菁英班),A743,青海大学,2,42666
2022,1,01,经济学,A746,青海师范大学,3,136002
2022,1,03,金融学,A746,青海师范大学,2,143130
2022,1,07,社会学,A746,青海师范大学,2,141948
2022,1,12,教育技术学(师范类),A746,青海师范大学,3,141271
2022,1,13,学前教育(师范类),A746,青海师范大学,3,131083
2022,1,18,小学教育(师范类，全科),A746,青海师范大学,3,118391
2022,1,23,汉语言文学(师范类),A746,青海师范大学,5,81871
2022,1,31,英语(师范类),A746,青海师范大学,5,106450
2022,1,38,新闻学,A746,青海师范大学,3,119803
2022,1,40,历史学(师范类),A746,青海师范大学,4,104012
2022,1,44,数学与应用数学(师范类),A746,青海师范大学,3,115329
2022,1,49,物理学(师范类),A746,青海师范大学,5,127514
2022,1,54,化学(师范类),A746,青海师范大学,4,128522
2022,1,60,地理科学(师范类),A746,青海师范大学,3,100701
2022,1,66,生物科学(师范类),A746,青海师范大学,5,114736
2022,1,69,生物技术,A746,青海师范大学,5,164133
2022,1,70,生态学,A746,青海师范大学,5,179577
2022,1,71,应用心理学,A746,青海师范大学,3,145845
2022,1,74,电子信息工程,A746,青海师范大学,3,149112
2022,1,79,计算机科学与技术,A746,青海师范大学,3,125330
2022,1,84,环境科学,A746,青海师范大学,2,172664
2022,1,87,旅游管理,A746,青海师范大学,2,173193
2022,1,J2,汉语言文学(师范类，赴北京师范大学珠海校区交流),A746,青海师范大学,1,62798
2022,1,T4,统计学(赴南方科技大学交流),A746,青海师范大学,3,136283
2022,1,01,经济学,A748,青海民族大学,4,163377
2022,1,07,社会工作,A748,青海民族大学,4,173950
2022,1,08,思想政治教育(师范类),A748,青海民族大学,4,141883
2022,1,0B,小学教育(师范类，按语文培养),A748,青海民族大学,2,174176
2022,1,0H,汉语言文学,A748,青海民族大学,2,122431
2022,1,0M,秘书学,A748,青海民族大学,6,174864
2022,1,0N,英语(师范类),A748,青海民族大学,4,143820
2022,1,0Q,阿拉伯语,A748,青海民族大学,2,198912
2022,1,0W,化学(师范类),A748,青海民族大学,2,154067
2022,1,0X,应用化学,A748,青海民族大学,4,180159
2022,1,0Y,生物科学,A748,青海民族大学,2,170522
2022,1,10,统计学,A748,青海民族大学,2,177027
2022,1,12,能源与动力工程,A748,青海民族大学,4,180430
2022,1,13,通信工程,A748,青海民族大学,2,175952
2022,1,16,计算机科学与技术,A748,青海民族大学,2,160139
2022,1,17,网络工程,A748,青海民族大学,4,167905
2022,1,1A,水利水电工程,A748,青海民族大学,2,175062
2022,1,1B,化学工程与工艺,A748,青海民族大学,4,182101
2022,1,1C,旅游地学与规划工程,A748,青海民族大学,2,203958
2022,1,1D,交通运输,A748,青海民族大学,2,181158
2022,1,1H,药物制剂,A748,青海民族大学,2,175658
2022,1,1K,信息管理与信息系统,A748,青海民族大学,2,181664
2022,1,1N,财务管理,A748,青海民族大学,4,176810
2022,1,1R,行政管理,A748,青海民族大学,2,196183
2022,1,1V,旅游管理,A748,青海民族大学,6,182928
2022,1,2G,土地资源管理(中外合作办学),A748,青海民族大学,4,224821
2022,1,01,汉语言文学(师范),A749,宁夏大学,3,28650
2022,1,03,历史学(师范),A749,宁夏大学,3,29059
2022,1,04,新闻学(卓越新闻人才计划),A749,宁夏大学,4,33533
2022,1,06,法学,A749,宁夏大学,3,29093
2022,1,08,行政管理,A749,宁夏大学,4,41298
2022,1,09,思想政治教育(师范),A749,宁夏大学,3,32756
2022,1,0A,俄语,A749,宁夏大学,2,41215
2022,1,0D,英语(师范),A749,宁夏大学,4,34443
2022,1,0E,阿拉伯语,A749,宁夏大学,3,53396
2022,1,0F,工商管理类,A749,宁夏大学,4,43317
2022,1,0K,农林经济管理,A749,宁夏大学,2,44792
2022,1,0P,学前教育(师范),A749,宁夏大学,2,41960
2022,1,0R,应用心理学(师范),A749,宁夏大学,3,38126
2022,1,0V,工商管理(英国高等教育文凭项目),A749,宁夏大学,5,58489
2022,1,0W,会计学(英国高等教育文凭项目),A749,宁夏大学,5,44326
2022,1,35,物流管理,A749,宁夏大学,3,46151
2022,1,36,数学类,A749,宁夏大学,4,38322
2022,1,37,数学与应用数学(基础拔尖人才培养班),A749,宁夏大学,4,36012
2022,1,38,数学与应用数学(师范),A749,宁夏大学,4,34937
2022,1,3A,电气工程及其自动化,A749,宁夏大学,6,29847
2022,1,3B,电子信息类,A749,宁夏大学,8,32494
2022,1,3D,物理学(基础拔尖人才培养班),A749,宁夏大学,4,40115
2022,1,3E,新能源材料与器件,A749,宁夏大学,4,41022
2022,1,3F,计算机类,A749,宁夏大学,8,31233
2022,1,3H,软件工程(与印度国家信息技术学院合作项目),A749,宁夏大学,7,37498
2022,1,3J,化学(基础拔尖人才培养班),A749,宁夏大学,3,39260
2022,1,3M,化学工程与工艺,A749,宁夏大学,5,45100
2022,1,3P,应用化学,A749,宁夏大学,4,42631
2022,1,3S,生物科学(基础拔尖人才培养班),A749,宁夏大学,4,35658
2022,1,3X,地理科学类,A749,宁夏大学,4,37253
2022,1,3Y,人文地理与城乡规划,A749,宁夏大学,2,36401
2022,1,3Z,草业科学,A749,宁夏大学,3,50527
2022,1,41,动物科学(卓越农林人才计划),A749,宁夏大学,4,46902
2022,1,42,动物医学,A749,宁夏大学,4,45151
2022,1,43,农业资源与环境,A749,宁夏大学,3,48960
2022,1,44,林学类,A749,宁夏大学,5,51150
2022,1,45,植物生产类,A749,宁夏大学,8,51200
2022,1,46,葡萄与葡萄酒工程,A749,宁夏大学,10,59249
2022,1,47,食品科学与工程,A749,宁夏大学,3,39406
2022,1,48,机械类,A749,宁夏大学,6,40195
2022,1,4A,交通运输,A749,宁夏大学,3,42482
2022,1,4C,工程管理,A749,宁夏大学,3,43406
2022,1,4D,建筑类,A749,宁夏大学,4,40688
2022,1,4H,教育技术学,A749,宁夏大学,3,47087
2022,1,Z0,机械工程(中外合作办学),A749,宁夏大学,6,63517
2022,1,A1,临床医学,A752,宁夏医科大学,9,34701
2022,1,A3,麻醉学,A752,宁夏医科大学,1,41247
2022,1,A5,医学影像学,A752,宁夏医科大学,1,38653
2022,1,A7,眼视光医学,A752,宁夏医科大学,1,45365
2022,1,A9,儿科学,A752,宁夏医科大学,2,52091
2022,1,AA,医学检验技术,A752,宁夏医科大学,1,70205
2022,1,AB,临床医学,A752,宁夏医科大学,1,25789
2022,1,AC,康复治疗学,A752,宁夏医科大学,1,99159
2022,1,B1,基础医学,A752,宁夏医科大学,1,83496
2022,1,C1,口腔医学,A752,宁夏医科大学,2,35766
2022,1,D1,预防医学,A752,宁夏医科大学,4,63724
2022,1,D3,公共事业管理,A752,宁夏医科大学,1,64907
2022,1,E1,中医学,A752,宁夏医科大学,2,66957
2022,1,E3,针灸推拿学,A752,宁夏医科大学,2,83681
2022,1,E5,中西医临床医学,A752,宁夏医科大学,2,59494
2022,1,F1,护理学,A752,宁夏医科大学,2,96680
2022,1,G1,药学,A752,宁夏医科大学,2,78500
2022,1,G3,临床药学,A752,宁夏医科大学,2,59664
2022,1,G5,中药学,A752,宁夏医科大学,2,101045
2022,1,H3,医学信息工程,A752,宁夏医科大学,1,96228
2022,1,30,教育技术学(师范类),A753,宁夏师范学院,2,185593
2022,1,32,小学教育(师范类),A753,宁夏师范学院,2,159843
2022,1,39,历史学(师范类),A753,宁夏师范学院,2,156231
2022,1,40,数学与应用数学(师范类),A753,宁夏师范学院,3,186893
2022,1,42,化学(师范类),A753,宁夏师范学院,2,174687
2022,1,43,应用化学(非师范),A753,宁夏师范学院,2,185798
2022,1,45,统计学(非师范),A753,宁夏师范学院,3,207845
2022,1,46,电气工程及其自动化(非师范),A753,宁夏师范学院,4,202558
2022,1,50,化学工程与工艺(非师范),A753,宁夏师范学院,4,205317
2022,1,52,翻译(非师范),A753,宁夏师范学院,5,198918
2022,1,62,电子科学与技术(非师范),A753,宁夏师范学院,3,213294
2022,1,01,思想政治教育,A755,新疆大学,3,32999
2022,1,09,政治学与行政学,A755,新疆大学,3,42995
2022,1,0E,英语,A755,新疆大学,4,40893
2022,1,0M,生态学,A755,新疆大学,8,54659
2022,1,0T,工业工程,A755,新疆大学,2,48210
2022,1,0Z,服装设计与工程,A755,新疆大学,2,67423
2022,1,15,国际政治,A755,新疆大学,3,45750
2022,1,1H,材料科学与工程,A755,新疆大学,2,53274
2022,1,1X,城乡规划,A755,新疆大学,2,53435
2022,1,21,行政管理,A755,新疆大学,3,42225
2022,1,2E,俄语,A755,新疆大学,3,50499
2022,1,2G,数据科学与大数据技术,A755,新疆大学,4,38587
2022,1,2J,过程装备与控制工程,A755,新疆大学,5,55556
2022,1,2N,水文与水资源工程,A755,新疆大学,4,56925
2022,1,2V,能源与动力工程,A755,新疆大学,2,39017
2022,1,2W,测绘工程,A755,新疆大学,3,59434
2022,1,2Y,纺织工程,A755,新疆大学,7,66379
2022,1,33,劳动与社会保障,A755,新疆大学,4,50316
2022,1,3B,历史学,A755,新疆大学,2,37130
2022,1,3K,能源化学工程,A755,新疆大学,2,52256
2022,1,3M,环境科学,A755,新疆大学,4,55900
2022,1,3Q,网络空间安全,A755,新疆大学,2,38376
2022,1,3T,机器人工程,A755,新疆大学,7,45010
2022,1,3Z,资源勘查工程,A755,新疆大学,8,59136
2022,1,41,社会学,A755,新疆大学,4,46963
2022,1,48,经济学,A755,新疆大学,2,35165
2022,1,4E,俄语,A755,新疆大学,2,51321
2022,1,4L,生物工程,A755,新疆大学,4,49362
2022,1,51,金融学,A755,新疆大学,3,37778
2022,1,54,国际经济与贸易,A755,新疆大学,3,45696
2022,1,57,工商管理类,A755,新疆大学,7,50301
2022,1,5C,新闻传播学类,A755,新疆大学,6,39667
2022,1,5G,物理学,A755,新疆大学,6,45201
2022,1,5J,高分子材料与工程,A755,新疆大学,5,52448
2022,1,5N,遥感科学与技术,A755,新疆大学,4,51928
2022,1,5R,机械类,A755,新疆大学,16,47242
2022,1,5W,工程管理,A755,新疆大学,3,50618
2022,1,69,物流管理,A755,新疆大学,2,51723
2022,1,6E,汉语国际教育,A755,新疆大学,3,43019
2022,1,6F,数学与应用数学,A755,新疆大学,6,34754
2022,1,6H,化学,A755,新疆大学,6,48406
2022,1,6K,生物科学,A755,新疆大学,8,44023
2022,1,6M,自然地理与资源环境,A755,新疆大学,2,45492
2022,1,6Q,通信工程,A755,新疆大学,3,38034
2022,1,6T,机械类(智能制造技术方向),A755,新疆大学,3,39785
2022,1,6U,自动化,A755,新疆大学,8,39990
2022,1,6V,土木工程,A755,新疆大学,11,55220
2022,1,6X,给排水科学与工程,A755,新疆大学,4,59060
2022,1,72,法学,A755,新疆大学,5,27703
2022,1,7L,食品科学与工程,A755,新疆大学,4,56786
2022,1,7P,信息安全,A755,新疆大学,4,35211
2022,1,7S,交通工程,A755,新疆大学,6,51904
2022,1,8E,旅游管理,A755,新疆大学,4,54508
2022,1,8J,化学工程与工艺,A755,新疆大学,6,50140
2022,1,8N,计算机科学与技术,A755,新疆大学,6,31156
2022,1,8W,建筑学,A755,新疆大学,3,47904
2022,1,96,汉语言文学,A755,新疆大学,9,33588
2022,1,9B,考古学,A755,新疆大学,3,49996
2022,1,9F,统计学,A755,新疆大学,4,41310
2022,1,9M,地理信息科学,A755,新疆大学,5,45270
2022,1,9Q,电子信息工程,A755,新疆大学,5,35007
2022,1,9T,电气工程及其自动化,A755,新疆大学,6,35086
2022,1,9X,建筑环境与能源应用工程,A755,新疆大学,3,59412
2022,1,9Z,地质工程,A755,新疆大学,5,60605
2022,1,AD,采矿工程,A755,新疆大学,7,73456
2022,1,AG,软件工程,A755,新疆大学,59,47114
2022,1,AR,信息与计算科学,A755,新疆大学,4,40750
2022,1,AU,酒店管理,A755,新疆大学,4,60881
2022,1,AZ,机械类,A755,新疆大学,1,34815
2022,1,01,农学,A757,塔里木大学,11,193884
2022,1,02,植物保护,A757,塔里木大学,10,204364
2022,1,03,农业资源与环境,A757,塔里木大学,10,205999
2022,1,04,种子科学与工程,A757,塔里木大学,8,200947
2022,1,05,农药化肥,A757,塔里木大学,5,217591
2022,1,06,园艺,A757,塔里木大学,10,203905
2022,1,07,园林,A757,塔里木大学,13,206185
2022,1,09,设施农业科学与工程,A757,塔里木大学,3,200128
2022,1,10,智慧农业,A757,塔里木大学,6,208886
2022,1,11,动物科学,A757,塔里木大学,12,205209
2022,1,12,动物医学,A757,塔里木大学,18,195126
2022,1,17,生物制药,A757,塔里木大学,5,188741
2022,1,21,应用化学,A757,塔里木大学,12,199548
2022,1,22,化学(师范类),A757,塔里木大学,2,198625
2022,1,23,材料科学与工程,A757,塔里木大学,8,215787
2022,1,24,食品质量与安全,A757,塔里木大学,13,204472
2022,1,28,农业水利工程,A757,塔里木大学,10,202728
2022,1,29,水利水电工程,A757,塔里木大学,5,194150
2022,1,30,土木工程,A757,塔里木大学,10,208746
2022,1,31,给排水科学与工程,A757,塔里木大学,5,209181
2022,1,32,测绘工程,A757,塔里木大学,10,213394
2022,1,35,机械设计制造及其自动化,A757,塔里木大学,10,206362
2022,1,37,车辆工程,A757,塔里木大学,5,211969
2022,1,38,电气工程及其自动化,A757,塔里木大学,15,201989
2022,1,39,自动化,A757,塔里木大学,8,207765
2022,1,42,物理学(师范类),A757,塔里木大学,2,186764
2022,1,43,计算机科学与技术,A757,塔里木大学,18,201570
2022,1,44,物联网工程,A757,塔里木大学,5,198273
2022,1,46,通信工程,A757,塔里木大学,10,205981
2022,1,49,网络空间安全,A757,塔里木大学,4,205402
2022,1,51,数学与应用数学(师范类),A757,塔里木大学,5,191389
2022,1,53,工商管理类,A757,塔里木大学,38,203093
2022,1,54,旅游管理,A757,塔里木大学,12,206704
2022,1,55,农林经济管理,A757,塔里木大学,10,200151
2022,1,57,物流管理,A757,塔里木大学,5,204111
2022,1,59,临床医学,A757,塔里木大学,19,144411
2022,1,60,预防医学,A757,塔里木大学,9,179553
2022,1,65,马克思主义理论(师范类),A757,塔里木大学,3,178704
2022,1,67,汉语言文学(师范类),A757,塔里木大学,9,169199
2022,1,68,中国少数民族语言文学,A757,塔里木大学,10,204672
2022,1,70,网络与新媒体,A757,塔里木大学,6,179204
2022,1,71,学前教育(师范类),A757,塔里木大学,18,193186
2022,1,73,历史学,A757,塔里木大学,10,178435
2022,1,74,历史学(师范类),A757,塔里木大学,10,176158
2022,1,75,文物与博物馆学,A757,塔里木大学,7,192623
2022,1,BZ,建筑学,A757,塔里木大学,5,201915
2022,1,00,经济学,A758,新疆农业大学,15,181570
2022,1,0A,经济与贸易类,A758,新疆农业大学,15,205698
2022,1,0L,国际经济与贸易,A758,新疆农业大学,20,198816
2022,1,0W,法学,A758,新疆农业大学,15,168679
2022,1,1S,英语,A758,新疆农业大学,5,174101
2022,1,2C,应用化学,A758,新疆农业大学,5,182861
2022,1,2N,人文地理与城乡规划,A758,新疆农业大学,15,187508
2022,1,4E,电气工程及其自动化,A758,新疆农业大学,10,179681
2022,1,4Q,电子信息科学与技术,A758,新疆农业大学,5,183884
2022,1,5A,计算机科学与技术,A758,新疆农业大学,5,172206
2022,1,5L,物联网工程,A758,新疆农业大学,5,181558
2022,1,5W,土木工程,A758,新疆农业大学,15,191556
2022,1,6G,水利水电工程,A758,新疆农业大学,25,184128
2022,1,72,化学工程与工艺,A758,新疆农业大学,5,184525
2022,1,7C,交通运输,A758,新疆农业大学,5,189336
2022,1,7Y,交通工程,A758,新疆农业大学,5,195834
2022,1,8J,农业水利工程,A758,新疆农业大学,15,191404
2022,1,94,食品科学与工程,A758,新疆农业大学,5,184262
2022,1,9E,食品质量与安全,A758,新疆农业大学,5,190325
2022,1,9Q,葡萄与葡萄酒工程,A758,新疆农业大学,5,191483
2022,1,A0,农学,A758,新疆农业大学,5,171736
2022,1,AL,植物保护,A758,新疆农业大学,5,191867
2022,1,AW,种子科学与工程,A758,新疆农业大学,5,180136
2022,1,C2,水土保持与荒漠化防治,A758,新疆农业大学,5,197206
2022,1,CC,动物科学,A758,新疆农业大学,20,191594
2022,1,FA,药学,A758,新疆农业大学,5,169488
2022,1,GG,工商管理类,A758,新疆农业大学,30,206947
2022,1,GS,市场营销,A758,新疆农业大学,15,209130
2022,1,H2,会计学,A758,新疆农业大学,10,173589
2022,1,HN,人力资源管理,A758,新疆农业大学,15,192368
2022,1,HY,农林经济管理,A758,新疆农业大学,25,196502
2022,1,J8,公共事业管理,A758,新疆农业大学,15,196451
2022,1,JJ,土地资源管理,A758,新疆农业大学,15,186774
2022,1,JU,城市管理,A758,新疆农业大学,18,201224
2022,1,K4,物流工程,A758,新疆农业大学,1,185212
2022,1,KE,旅游管理,A758,新疆农业大学,15,203679
2022,1,7N,交通运输(中外合作办学),A758,新疆农业大学,5,211569
2022,1,04,材料科学与工程,A759,石河子大学,6,59899
2022,1,05,环境工程,A759,石河子大学,6,58774
2022,1,06,化学工程与工艺,A759,石河子大学,6,58410
2022,1,07,应用化学,A759,石河子大学,4,61732
2022,1,09,机械设计制造及其自动化,A759,石河子大学,4,55809
2022,1,0A,农业机械化及其自动化,A759,石河子大学,5,64564
2022,1,0B,工业工程,A759,石河子大学,8,63415
2022,1,0C,电子信息工程,A759,石河子大学,4,44522
2022,1,0D,电气工程及其自动化,A759,石河子大学,2,39033
2022,1,0E,土木工程,A759,石河子大学,7,68599
2022,1,0F,给排水科学与工程,A759,石河子大学,4,72929
2022,1,0H,建筑学,A759,石河子大学,4,62792
2022,1,0J,食品科学与工程类,A759,石河子大学,12,69125
2022,1,0K,葡萄与葡萄酒工程,A759,石河子大学,3,72983
2022,1,0N,植物生产类,A759,石河子大学,18,75137
2022,1,0P,林学,A759,石河子大学,4,72673
2022,1,0Q,园林,A759,石河子大学,4,68726
2022,1,0R,农业资源与环境,A759,石河子大学,6,71766
2022,1,0T,动物科学,A759,石河子大学,10,85769
2022,1,0U,动物医学,A759,石河子大学,12,89710
2022,1,0V,临床医学,A759,石河子大学,10,32303
2022,1,0Y,口腔医学,A759,石河子大学,4,31960
2022,1,0Z,预防医学,A759,石河子大学,6,51211
2022,1,11,护理学,A759,石河子大学,10,75710
2022,1,12,医学检验技术,A759,石河子大学,2,40884
2022,1,13,医学影像学,A759,石河子大学,2,32980
2022,1,15,药学,A759,石河子大学,5,58194
2022,1,16,中药学,A759,石河子大学,5,66686
2022,1,17,临床药学,A759,石河子大学,4,56473
2022,1,19,生物科学类,A759,石河子大学,12,64905
2022,1,1A,数学与应用数学(师范类),A759,石河子大学,5,48920
2022,1,1B,信息与计算科学,A759,石河子大学,6,52343
2022,1,1C,物理学(师范类),A759,石河子大学,5,58231
2022,1,1D,应用物理学,A759,石河子大学,8,57600
2022,1,1E,土地资源管理,A759,石河子大学,3,60107
2022,1,1H,地理科学(师范类),A759,石河子大学,3,48943
2022,1,1J,工商管理类,A759,石河子大学,6,56200
2022,1,1L,经济学类,A759,石河子大学,10,50999
2022,1,1M,农林经济管理,A759,石河子大学,7,61529
2022,1,1N,学前教育(师范类),A759,石河子大学,4,71778
2022,1,1P,教育学(师范类),A759,石河子大学,5,55734
2022,1,1Q,教育技术学(师范类),A759,石河子大学,4,69389
2022,1,1R,应用心理学,A759,石河子大学,4,56380
2022,1,1S,小学教育(师范类),A759,石河子大学,4,59726
2022,1,1U,汉语言文学(师范类),A759,石河子大学,4,39258
2022,1,1Z,历史学(师范类),A759,石河子大学,4,47678
2022,1,20,法学,A759,石河子大学,4,37581
2022,1,21,社会工作,A759,石河子大学,7,63109
2022,1,22,政治学与行政学,A759,石河子大学,6,54710
2022,1,23,应急管理,A759,石河子大学,4,69161
2022,1,24,英语,A759,石河子大学,6,52358
2022,1,26,阿拉伯语,A759,石河子大学,2,69178
2022,1,27,俄语,A759,石河子大学,4,62994
2022,1,2K,新闻学,A759,石河子大学,4,53590
2022,1,2V,会计学,A759,石河子大学,4,53436
2022,1,32,数据科学与大数据技术,A759,石河子大学,4,49577
2022,1,34,计算机科学与技术,A759,石河子大学,2,43388
2022,1,37,网络空间安全,A759,石河子大学,2,48099
2022,1,38,农业水利工程,A759,石河子大学,4,76158
2022,1,39,水利水电工程,A759,石河子大学,4,67192
2022,1,01,临床医学(“5+3一体化”),A760,新疆医科大学,7,33712
2022,1,02,临床医学(“5+3一体化”儿科学),A760,新疆医科大学,2,44118
2022,1,03,临床医学,A760,新疆医科大学,82,86190
2022,1,04,口腔医学,A760,新疆医科大学,8,60229
2022,1,05,中西医临床医学,A760,新疆医科大学,15,109634
2022,1,06,中医学,A760,新疆医科大学,22,107856
2022,1,07,针灸推拿学,A760,新疆医科大学,18,123446
2022,1,08,儿科学,A760,新疆医科大学,7,100071
2022,1,09,麻醉学,A760,新疆医科大学,20,91397
2022,1,10,医学影像学,A760,新疆医科大学,18,95274
2022,1,11,医学检验技术,A760,新疆医科大学,5,145664
2022,1,12,药学,A760,新疆医科大学,12,147756
2022,1,13,临床药学,A760,新疆医科大学,14,140743
2022,1,14,预防医学,A760,新疆医科大学,28,137393
2022,1,15,基础医学,A760,新疆医科大学,12,141032
2022,1,16,精神医学,A760,新疆医科大学,4,102254
2022,1,17,中医康复学,A760,新疆医科大学,4,118290
2022,1,18,医学影像技术,A760,新疆医科大学,5,140041
2022,1,19,康复治疗学,A760,新疆医科大学,7,160657
2022,1,20,健康服务与管理,A760,新疆医科大学,2,170688
2022,1,21,中药学,A760,新疆医科大学,13,159580
2022,1,22,法医学,A760,新疆医科大学,2,78172
2022,1,23,护理学,A760,新疆医科大学,20,170743
2022,1,24,信息管理与信息系统,A760,新疆医科大学,1,175184
2022,1,25,公共事业管理,A760,新疆医科大学,1,157536
2022,1,26,生物医学工程,A760,新疆医科大学,4,159002
2022,1,28,生物医药数据科学,A760,新疆医科大学,3,167731
2022,1,01,思想政治教育(师范类),A762,新疆师范大学,6,120730
2022,1,07,公共事业管理,A762,新疆师范大学,6,169101
2022,1,13,法学,A762,新疆师范大学,6,135181
2022,1,22,经济学,A762,新疆师范大学,12,167390
2022,1,25,国际经济与贸易,A762,新疆师范大学,21,182544
2022,1,28,人力资源管理,A762,新疆师范大学,6,159707
2022,1,31,国际商务,A762,新疆师范大学,12,186858
2022,1,37,教育技术学(师范类),A762,新疆师范大学,3,163153
2022,1,40,小学教育(师范类),A762,新疆师范大学,4,129006
2022,1,43,特殊教育(师范类),A762,新疆师范大学,3,162124
2022,1,46,学前教育(师范类),A762,新疆师范大学,2,155337
2022,1,49,汉语言文学(师范类),A762,新疆师范大学,12,118320
2022,1,55,历史学(师范类),A762,新疆师范大学,7,120330
2022,1,58,文物与博物馆学,A762,新疆师范大学,3,130321
2022,1,61,社会工作,A762,新疆师范大学,2,154359
2022,1,67,英语(师范类),A762,新疆师范大学,5,118482
2022,1,70,俄语,A762,新疆师范大学,8,169062
2022,1,73,日语,A762,新疆师范大学,6,164262
2022,1,79,汉语国际教育,A762,新疆师范大学,9,144053
2022,1,82,数学与应用数学(师范类),A762,新疆师范大学,8,148898
2022,1,85,信息与计算科学,A762,新疆师范大学,5,174336
2022,1,88,应用统计学,A762,新疆师范大学,8,178739
2022,1,91,物理学(师范类),A762,新疆师范大学,15,150050
2022,1,94,电子信息科学与技术,A762,新疆师范大学,12,177622
2022,1,97,计算机科学与技术(师范类),A762,新疆师范大学,8,152726
2022,1,A0,软件工程,A762,新疆师范大学,8,165983
2022,1,A3,网络工程,A762,新疆师范大学,2,163766
2022,1,A9,地理科学(师范类),A762,新疆师范大学,4,120796
2022,1,B2,地理信息科学,A762,新疆师范大学,4,148380
2022,1,B5,旅游管理,A762,新疆师范大学,5,190128
2022,1,C4,化学(师范类),A762,新疆师范大学,5,138327
2022,1,C7,化学工程与工艺,A762,新疆师范大学,2,184339
2022,1,D6,生物科学(师范类),A762,新疆师范大学,7,135689
2022,1,J1,心理学(师范类),A762,新疆师范大学,8,159286
2022,1,01,法学,A763,喀什大学,15,177359
2022,1,04,经济统计学,A763,喀什大学,20,206253
2022,1,07,思想政治教育(师范类),A763,喀什大学,30,185676
2022,1,0A,教育学(师范类),A763,喀什大学,8,186467
2022,1,0D,学前教育(师范类),A763,喀什大学,15,194289
2022,1,0X,汉语言文学(师范类),A763,喀什大学,14,175117
2022,1,1A,英语(师范类),A763,喀什大学,14,181517
2022,1,1D,俄语,A763,喀什大学,10,204205
2022,1,1G,广播电视学,A763,喀什大学,13,202367
2022,1,1K,历史学(师范类),A763,喀什大学,14,176310
2022,1,1N,数学与应用数学(师范类),A763,喀什大学,16,203434
2022,1,1U,物理学(师范类),A763,喀什大学,20,206910
2022,1,23,化学(师范类),A763,喀什大学,15,191915
2022,1,26,应用化学,A763,喀什大学,10,200653
2022,1,29,生物科学(师范类),A763,喀什大学,18,189747
2022,1,2C,地理科学(师范类),A763,喀什大学,12,182348
2022,1,2J,心理学,A763,喀什大学,14,194689
2022,1,2Q,应用统计学,A763,喀什大学,12,207207
2022,1,2U,电子信息科学与技术,A763,喀什大学,12,209154
2022,1,2X,网络工程,A763,喀什大学,12,211693
2022,1,30,环境科学与工程,A763,喀什大学,8,204514
2022,1,33,环境科学,A763,喀什大学,10,206296
2022,1,36,统计学,A763,喀什大学,14,207039
2022,1,39,计算机科学与技术(师范类),A763,喀什大学,15,208489
2022,1,3F,电气工程及其自动化,A763,喀什大学,20,210586
2022,1,3J,土木工程,A763,喀什大学,20,215204
2022,1,3T,国际经济与贸易,A763,喀什大学,16,207363
2022,1,3W,社会工作,A763,喀什大学,15,206346
2022,1,3Z,食品科学与工程,A763,喀什大学,10,205771
2022,1,42,财务管理,A763,喀什大学,15,197782
2022,1,45,数字媒体技术,A763,喀什大学,12,211655
2022,1,48,金融数学,A763,喀什大学,8,206694
2022,1,4B,给排水科学与工程,A763,喀什大学,15,215540
2022,1,4E,食品质量与安全,A763,喀什大学,14,206547
2022,1,4H,广告学,A763,喀什大学,14,200621
2022,1,4L,翻译,A763,喀什大学,8,197762
2022,1,4P,通信工程,A763,喀什大学,10,212286
2022,1,4U,旅游管理,A763,喀什大学,15,208642
2022,1,51,小学教育(师范类),A763,喀什大学,16,185787
2022,1,63,护理学,A763,喀什大学,4,181594
2022,1,66,预防医学,A763,喀什大学,4,164047
2022,1,69,酒店管理,A763,喀什大学,4,209516
2022,1,6C,交通工程,A763,喀什大学,4,207833
2022,1,6F,物流工程,A763,喀什大学,6,207421
2022,1,01,数字经济,A764,伊犁师范大学,7,206646
2022,1,11,贸易经济,A764,伊犁师范大学,15,206659
2022,1,21,法学,A764,伊犁师范大学,25,183262
2022,1,31,思想政治教育(师范类),A764,伊犁师范大学,5,173918
2022,1,41,教育技术学(师范类),A764,伊犁师范大学,5,190517
2022,1,51,学前教育(师范类),A764,伊犁师范大学,10,191434
2022,1,61,小学教育(师范类，理科方向),A764,伊犁师范大学,10,183965
2022,1,65,小学教育(师范类，文科方向),A764,伊犁师范大学,10,177510
2022,1,91,汉语言文学(师范类),A764,伊犁师范大学,20,171539
2022,1,A1,汉语国际教育(师范类),A764,伊犁师范大学,5,180388
2022,1,AA,物联网工程,A764,伊犁师范大学,10,210292
2022,1,BA,土木工程,A764,伊犁师范大学,5,215128
2022,1,C1,英语(师范类),A764,伊犁师范大学,10,173597
2022,1,CA,环境工程,A764,伊犁师范大学,5,207635
2022,1,D1,俄语,A764,伊犁师范大学,7,197155
2022,1,DA,环境科学,A764,伊犁师范大学,5,207268
2022,1,E1,翻译,A764,伊犁师范大学,5,193445
2022,1,EA,食品质量与安全,A764,伊犁师范大学,5,203797
2022,1,F1,广播电视学,A764,伊犁师范大学,10,200022
2022,1,FA,生物工程,A764,伊犁师范大学,5,198850
2022,1,G1,网络与新媒体,A764,伊犁师范大学,5,190543
2022,1,GA,植物保护,A764,伊犁师范大学,5,203664
2022,1,H1,历史学(师范类),A764,伊犁师范大学,9,169814
2022,1,HA,信息管理与信息系统,A764,伊犁师范大学,15,213623
2022,1,J1,文物与博物馆学,A764,伊犁师范大学,5,197173
2022,1,JA,会计学,A764,伊犁师范大学,10,191392
2022,1,K1,数学与应用数学(师范类),A764,伊犁师范大学,17,198418
2022,1,KA,跨境电子商务,A764,伊犁师范大学,10,207117
2022,1,L1,物理学(师范类),A764,伊犁师范大学,5,189259
2022,1,LA,旅游管理,A764,伊犁师范大学,10,207011
2022,1,MA,会展经济与管理,A764,伊犁师范大学,5,208484
2022,1,N1,化学(师范类),A764,伊犁师范大学,10,188815
2022,1,P1,应用化学,A764,伊犁师范大学,5,198466
2022,1,Q1,地理科学(师范类),A764,伊犁师范大学,5,175480
2022,1,R1,自然地理与资源环境,A764,伊犁师范大学,9,195147
2022,1,S1,生物科学(师范类),A764,伊犁师范大学,10,185041
2022,1,T1,应用心理学(师范类),A764,伊犁师范大学,5,185118
2022,1,U1,应用统计学,A764,伊犁师范大学,10,208637
2022,1,V1,材料化学,A764,伊犁师范大学,6,206235
2022,1,W1,电气工程及其自动化,A764,伊犁师范大学,5,209486
2022,1,X1,电子信息工程,A764,伊犁师范大学,5,209030
2022,1,Y1,电子信息科学与技术,A764,伊犁师范大学,5,211910
2022,1,Z1,计算机科学与技术,A764,伊犁师范大学,15,209440
2022,1,01,金融学,A766,新疆财经大学,7,150191
2022,1,03,金融工程,A766,新疆财经大学,2,177425
2022,1,04,保险学,A766,新疆财经大学,11,191626
2022,1,05,经济统计学,A766,新疆财经大学,6,167573
2022,1,06,统计学,A766,新疆财经大学,6,164928
2022,1,07,金融数学,A766,新疆财经大学,8,176638
2022,1,08,数据科学与大数据技术,A766,新疆财经大学,5,170154
2022,1,09,工商管理,A766,新疆财经大学,2,152229
2022,1,10,人力资源管理,A766,新疆财经大学,4,166798
2022,1,11,市场营销,A766,新疆财经大学,3,181753
2022,1,12,物流管理,A766,新疆财经大学,1,174805
2022,1,13,会计学,A766,新疆财经大学,5,130044
2022,1,14,财务管理,A766,新疆财经大学,7,150121
2022,1,15,审计学,A766,新疆财经大学,2,131594
2022,1,16,经济学,A766,新疆财经大学,9,161485
2022,1,17,数字经济,A766,新疆财经大学,6,197607
2022,1,18,财政学,A766,新疆财经大学,2,147178
2022,1,19,税收学,A766,新疆财经大学,2,153769
2022,1,20,行政管理,A766,新疆财经大学,8,182575
2022,1,21,旅游管理,A766,新疆财经大学,9,197739
2022,1,22,酒店管理,A766,新疆财经大学,2,193417
2022,1,23,会展经济与管理,A766,新疆财经大学,1,177910
2022,1,24,国际经济与贸易,A766,新疆财经大学,10,180169
2022,1,25,国际商务,A766,新疆财经大学,8,191628
2022,1,26,商务英语,A766,新疆财经大学,2,157496
2022,1,27,法学,A766,新疆财经大学,7,151658
2022,1,28,新闻学,A766,新疆财经大学,10,175718
2022,1,30,信息管理与信息系统,A766,新疆财经大学,4,177933
2022,1,31,电子商务,A766,新疆财经大学,3,177738
2022,1,32,计算机科学与技术,A766,新疆财经大学,7,156113
2022,1,33,网络空间安全,A766,新疆财经大学,4,177813
2022,1,34,工程造价,A766,新疆财经大学,2,171203
2022,1,35,汉语言文学,A766,新疆财经大学,2,137104
2022,1,36,汉语国际教育,A766,新疆财经大学,3,173586
2022,1,30,文化产业管理,A768,新疆艺术学院,5,204720
2022,1,05,交通工程,A792,天津城建大学,1,74351
2022,1,06,港口航道与海岸工程,A792,天津城建大学,3,91491
2022,1,09,建筑环境与能源应用工程,A792,天津城建大学,2,89734
2022,1,11,能源与动力工程,A792,天津城建大学,1,83291
2022,1,12,安全工程,A792,天津城建大学,1,90678
2022,1,25,给排水科学与工程,A792,天津城建大学,1,77483
2022,1,26,环境工程,A792,天津城建大学,1,84029
2022,1,30,人工智能,A792,天津城建大学,2,67349
2022,1,35,地质工程,A792,天津城建大学,1,84313
2022,1,36,地理信息科学,A792,天津城建大学,1,67077
2022,1,38,测绘工程,A792,天津城建大学,1,91863
2022,1,45,应用化学,A792,天津城建大学,1,83632
2022,1,46,应用物理学,A792,天津城建大学,1,78272
2022,1,50,智能建造,A792,天津城建大学,1,69863
2022,1,51,智能制造工程,A792,天津城建大学,1,66273
2022,1,B1,建筑类,A792,天津城建大学,5,73130
2022,1,B2,土木类,A792,天津城建大学,7,93187
2022,1,B4,材料类,A792,天津城建大学,2,95211
2022,1,B5,管理科学与工程类,A792,天津城建大学,3,108978
2022,1,B6,公共管理类,A792,天津城建大学,1,85410
2022,1,B7,计算机类,A792,天津城建大学,2,63123
2022,1,B8,电子信息类,A792,天津城建大学,1,64973
2022,1,B9,机械类,A792,天津城建大学,2,77885
2022,1,D1,外国语言文学类,A792,天津城建大学,2,74183
2022,1,N4,电气类,A792,天津城建大学,3,64457
2022,1,21,化学(师范类),A798,河北科技师范学院,5,159202
2022,1,25,电气工程及其自动化,A798,河北科技师范学院,5,174535
2022,1,26,电子信息工程,A798,河北科技师范学院,5,179731
2022,1,35,数学与应用数学(师范类),A798,河北科技师范学院,5,148659
2022,1,42,物理学(师范类),A798,河北科技师范学院,5,165375
2022,1,45,英语(师范类),A798,河北科技师范学院,5,143728
2022,1,01,中医学,A809,山西中医药大学,27,86726
2022,1,03,中医学,A809,山西中医药大学,4,46851
2022,1,06,针灸推拿学,A809,山西中医药大学,4,95122
2022,1,09,康复治疗学,A809,山西中医药大学,5,125841
2022,1,10,中医养生学,A809,山西中医药大学,2,111955
2022,1,11,中西医临床医学,A809,山西中医药大学,10,89880
2022,1,12,护理学,A809,山西中医药大学,12,148589
2022,1,15,中药学,A809,山西中医药大学,6,120459
2022,1,17,中药学(临床中药学方向),A809,山西中医药大学,2,98535
2022,1,18,药学,A809,山西中医药大学,3,127689
2022,1,19,制药工程,A809,山西中医药大学,1,123613
2022,1,20,生物制药,A809,山西中医药大学,3,124400
2022,1,21,食品科学与工程,A809,山西中医药大学,2,145806
2022,1,22,市场营销,A809,山西中医药大学,6,159935
2022,1,24,健康服务与管理,A809,山西中医药大学,4,157434
2022,1,26,中药资源与开发,A809,山西中医药大学,2,139290
2022,1,27,信息管理与信息系统,A809,山西中医药大学,2,151112
2022,1,01,思想政治教育(师范类),A812,吕梁学院,5,159796
2022,1,02,学前教育(师范类),A812,吕梁学院,5,176935
2022,1,05,汉语言文学(师范类),A812,吕梁学院,5,152743
2022,1,06,英语(师范类),A812,吕梁学院,5,159965
2022,1,07,新闻学,A812,吕梁学院,5,176117
2022,1,08,历史学(师范类),A812,吕梁学院,5,156912
2022,1,09,数学与应用数学(师范类),A812,吕梁学院,5,184870
2022,1,0A,信息与计算科学,A812,吕梁学院,2,197971
2022,1,0B,物理学(师范类),A812,吕梁学院,5,186753
2022,1,0C,化学(师范类),A812,吕梁学院,5,168134
2022,1,0D,生物科学,A812,吕梁学院,5,183420
2022,1,0E,应用心理学,A812,吕梁学院,5,181541
2022,1,0F,机械设计制造及其自动化,A812,吕梁学院,5,210192
2022,1,0G,机械电子工程,A812,吕梁学院,5,210539
2022,1,0H,材料化学,A812,吕梁学院,5,204083
2022,1,0J,冶金工程,A812,吕梁学院,5,206837
2022,1,0K,电子信息工程,A812,吕梁学院,3,202840
2022,1,0L,人工智能,A812,吕梁学院,5,208302
2022,1,0M,计算机科学与技术,A812,吕梁学院,5,196073
2022,1,0N,软件工程,A812,吕梁学院,5,198508
2022,1,0P,数据科学与大数据技术,A812,吕梁学院,5,203483
2022,1,0Q,土木工程,A812,吕梁学院,5,210766
2022,1,0R,测绘工程,A812,吕梁学院,5,196625
2022,1,0S,化学工程与工艺,A812,吕梁学院,5,202038
2022,1,0T,制药工程,A812,吕梁学院,5,196268
2022,1,0U,采矿工程,A812,吕梁学院,5,204904
2022,1,0W,食品科学与工程,A812,吕梁学院,5,200119
2022,1,0X,食品质量与安全,A812,吕梁学院,5,199045
2022,1,0Y,建筑学,A812,吕梁学院,5,190170
2022,1,10,安全工程,A812,吕梁学院,5,212961
2022,1,11,园林,A812,吕梁学院,5,199684
2022,1,12,工程管理,A812,吕梁学院,5,213163
2022,1,13,会计学,A812,吕梁学院,4,174275
2022,1,14,财务管理,A812,吕梁学院,6,187213
2022,1,15,物业管理,A812,吕梁学院,5,202806
2022,1,16,文化产业管理,A812,吕梁学院,5,192555
2022,1,1B,环境科学与工程,A812,吕梁学院,5,203164
2022,1,00,英语(师范类),A819,呼伦贝尔学院,4,176126
2022,1,08,汉语言文学(师范类),A819,呼伦贝尔学院,4,171643
2022,1,09,秘书学,A819,呼伦贝尔学院,4,201628
2022,1,13,会计学,A819,呼伦贝尔学院,4,192389
2022,1,17,经济与金融,A819,呼伦贝尔学院,4,200399
2022,1,19,心理学,A819,呼伦贝尔学院,4,192361
2022,1,21,小学教育(师范类，数学),A819,呼伦贝尔学院,4,181244
2022,1,28,数学与应用数学(师范类),A819,呼伦贝尔学院,4,199247
2022,1,30,物理学(师范类),A819,呼伦贝尔学院,3,200893
2022,1,37,生物科学(师范类),A819,呼伦贝尔学院,4,178226
2022,1,39,环境科学,A819,呼伦贝尔学院,4,205637
2022,1,45,土木工程,A819,呼伦贝尔学院,4,213373
2022,1,49,地理科学(师范类),A819,呼伦贝尔学院,4,180445
2022,1,01,临床医学,A823,长沙医学院,2,103265
2022,1,02,口腔医学,A823,长沙医学院,2,57367
2022,1,03,中医学,A823,长沙医学院,2,114729
2022,1,04,医学影像学,A823,长沙医学院,2,127841
2022,1,05,预防医学,A823,长沙医学院,2,140191
2022,1,01,康复治疗学,A825,齐鲁医药学院,25,208839
2022,1,02,养老服务管理,A825,齐鲁医药学院,30,221703
2022,1,03,卫生检验与检疫,A825,齐鲁医药学院,20,212435
2022,1,04,中药学,A825,齐鲁医药学院,15,206903
2022,1,06,药物制剂,A825,齐鲁医药学院,35,216492
2022,1,07,预防医学,A825,齐鲁医药学院,55,211376
2022,1,08,医学影像学,A825,齐鲁医药学院,70,202846
2022,1,09,生物医学工程,A825,齐鲁医药学院,35,218688
2022,1,0B,口腔医学技术,A825,齐鲁医药学院,15,204824
2022,1,0C,市场营销,A825,齐鲁医药学院,45,226284
2022,1,0G,助产学,A825,齐鲁医药学院,30,212264
2022,1,0H,临床医学,A825,齐鲁医药学院,76,183583
2022,1,0J,智能医学工程,A825,齐鲁医药学院,34,222879
2022,1,0K,健康服务与管理,A825,齐鲁医药学院,25,218531
2022,1,0N,化妆品科学与技术,A825,齐鲁医药学院,31,219959
2022,1,0P,药学,A825,齐鲁医药学院,50,209293
2022,1,0Q,医疗保险,A825,齐鲁医药学院,30,224696
2022,1,0S,眼视光学,A825,齐鲁医药学院,30,211986
2022,1,0T,生物制药,A825,齐鲁医药学院,40,216115
2022,1,0V,口腔医学,A825,齐鲁医药学院,68,164646
2022,1,0X,医学检验技术,A825,齐鲁医药学院,25,197940
2022,1,0Z,医学影像技术,A825,齐鲁医药学院,25,202411
2022,1,11,应用心理学,A825,齐鲁医药学院,30,216140
2022,1,12,护理学,A825,齐鲁医药学院,75,206948
2022,1,01,国际经济与贸易,A841,辽宁对外经贸学院,11,241873
2022,1,02,金融学,A841,辽宁对外经贸学院,11,245693
2022,1,0B,会计学,A841,辽宁对外经贸学院,11,235898
2022,1,0F,人力资源管理,A841,辽宁对外经贸学院,1,233465
2022,1,0K,信息管理与信息系统,A841,辽宁对外经贸学院,1,232169
2022,1,19,软件工程,A846,江西科技学院,2,222532
2022,1,27,会计学,A846,江西科技学院,2,198166
2022,1,38,小学教育,A846,江西科技学院,2,176734
2022,1,8S,大数据与会计,A850,南京工业职业技术大学,1,78664
2022,1,9B,机械设计制造及自动化,A850,南京工业职业技术大学,2,176846
2022,1,9G,物联网工程技术,A850,南京工业职业技术大学,2,177834
2022,1,9L,城市轨道交通设备与控制技术,A850,南京工业职业技术大学,2,197743
2022,1,9R,建设工程管理,A850,南京工业职业技术大学,1,200435
2022,1,07,电子信息类,A856,上海工程技术大学,8,35815
2022,1,13,国际经济与贸易,A856,上海工程技术大学,1,37766
2022,1,14,旅游管理(邮轮经济),A856,上海工程技术大学,2,56341
2022,1,22,制药工程,A856,上海工程技术大学,1,41374
2022,1,23,环境工程,A856,上海工程技术大学,2,49674
2022,1,25,涂料工程,A856,上海工程技术大学,2,62739
2022,1,28,电子封装技术,A856,上海工程技术大学,4,52165
2022,1,37,工业设计,A856,上海工程技术大学,2,55166
2022,1,45,服装设计与工程,A856,上海工程技术大学,5,50800
2022,1,46,纺织工程,A856,上海工程技术大学,5,76677
2022,1,49,车辆工程(城市轨道交通车辆),A856,上海工程技术大学,2,46464
2022,1,50,轨道交通信号与控制,A856,上海工程技术大学,1,34220
2022,1,51,交通运输,A856,上海工程技术大学,3,37884
2022,1,52,铁道工程,A856,上海工程技术大学,2,59244
2022,1,53,数据计算及应用,A856,上海工程技术大学,4,48395
2022,1,55,翻译,A856,上海工程技术大学,3,51768
2022,1,01,金融学类,A859,天津天狮学院,2,213196
2022,1,03,英语,A859,天津天狮学院,1,207642
2022,1,04,电子信息类,A859,天津天狮学院,1,225894
2022,1,0E,劳动与社会保障,A859,天津天狮学院,1,216218
2022,1,03,网络工程,A868,青岛滨海学院,25,253030
2022,1,04,广播电视学,A868,青岛滨海学院,25,231880
2022,1,06,金属材料工程,A868,青岛滨海学院,71,271807
2022,1,07,助产学,A868,青岛滨海学院,44,241507
2022,1,0A,财务管理,A868,青岛滨海学院,103,242652
2022,1,0B,预防医学,A868,青岛滨海学院,83,240880
2022,1,0C,医学影像技术,A868,青岛滨海学院,60,228449
2022,1,0D,融合教育,A868,青岛滨海学院,28,244518
2022,1,0E,护理学,A868,青岛滨海学院,53,231292
2022,1,0F,给排水科学与工程,A868,青岛滨海学院,43,270771
2022,1,0G,计算机科学与技术,A868,青岛滨海学院,52,242977
2022,1,0H,医学检验技术,A868,青岛滨海学院,61,225897
2022,1,0J,土木工程,A868,青岛滨海学院,58,267549
2022,1,0M,朝鲜语,A868,青岛滨海学院,64,251893
2022,1,0N,生物医学工程,A868,青岛滨海学院,26,244906
2022,1,0P,俄语,A868,青岛滨海学院,32,246703
2022,1,0Q,翻译,A868,青岛滨海学院,54,243672
2022,1,0R,数据科学与大数据技术,A868,青岛滨海学院,28,250260
2022,1,0S,工业设计,A868,青岛滨海学院,38,265425
2022,1,0T,广告学,A868,青岛滨海学院,23,236696
2022,1,0V,建筑学,A868,青岛滨海学院,41,242654
2022,1,0W,市场营销,A868,青岛滨海学院,27,245155
2022,1,0X,建筑环境与能源应用工程,A868,青岛滨海学院,36,271471
2022,1,0Y,日语,A868,青岛滨海学院,59,249144
2022,1,0Z,智能制造工程,A868,青岛滨海学院,26,262541
2022,1,11,国际经济与贸易,A868,青岛滨海学院,28,241895
2022,1,13,汉语国际教育,A868,青岛滨海学院,23,234502
2022,1,14,电子商务,A868,青岛滨海学院,38,239742
2022,1,15,电气工程及其自动化,A868,青岛滨海学院,85,255667
2022,1,16,英语,A868,青岛滨海学院,55,235783
2022,1,17,康复治疗学,A868,青岛滨海学院,76,235290
2022,1,18,经济学,A868,青岛滨海学院,21,237876
2022,1,19,酒店管理,A868,青岛滨海学院,28,247229
2022,1,1A,工程管理,A868,青岛滨海学院,47,269459
2022,1,1B,电子科学与技术,A868,青岛滨海学院,34,255209
2022,1,1D,工业工程,A868,青岛滨海学院,33,243786
2022,1,1E,工程造价,A868,青岛滨海学院,28,257703
2022,1,1F,物流管理,A868,青岛滨海学院,32,243994
2022,1,1G,人工智能,A868,青岛滨海学院,27,253909
2022,1,1H,机械设计制造及其自动化,A868,青岛滨海学院,29,255545
2022,1,1J,学前教育(师范类),A868,青岛滨海学院,35,222672
2022,1,01,土木工程,A878,安徽建筑大学,2,92969
2022,1,03,道路桥梁与渡河工程,A878,安徽建筑大学,2,103995
2022,1,05,测绘工程,A878,安徽建筑大学,2,115557
2022,1,09,安全工程,A878,安徽建筑大学,2,120267
2022,1,0C,风景园林,A878,安徽建筑大学,2,94506
2022,1,0F,建筑环境与能源应用工程,A878,安徽建筑大学,2,111693
2022,1,0H,环境工程,A878,安徽建筑大学,2,110339
2022,1,0L,经济学,A878,安徽建筑大学,1,78169
2022,1,0M,金融工程,A878,安徽建筑大学,2,102214
2022,1,0N,工程管理,A878,安徽建筑大学,2,107439
2022,1,0R,会计学,A878,安徽建筑大学,2,77012
2022,1,0S,财务管理,A878,安徽建筑大学,2,83385
2022,1,0U,电子信息工程,A878,安徽建筑大学,2,85443
2022,1,0V,通信工程,A878,安徽建筑大学,2,100796
2022,1,0X,网络工程,A878,安徽建筑大学,2,85929
2022,1,0Z,建筑电气与智能化,A878,安徽建筑大学,2,101943
2022,1,10,应用化学,A878,安徽建筑大学,2,113348
2022,1,12,无机非金属材料工程,A878,安徽建筑大学,2,118075
2022,1,16,声学,A878,安徽建筑大学,2,106114
2022,1,1E,机械设计制造及其自动化,A878,安徽建筑大学,2,99727
2022,1,1H,过程装备与控制工程,A878,安徽建筑大学,2,125215
2022,1,1J,测控技术与仪器,A878,安徽建筑大学,2,115223
2022,1,1L,自动化,A878,安徽建筑大学,2,93272
2022,1,1N,人力资源管理,A878,安徽建筑大学,2,96652
2022,1,1Q,土地资源管理,A878,安徽建筑大学,2,104961
2022,1,0H,电子信息工程,A879,安徽科技学院,1,124529
2022,1,0K,电气工程及其自动化,A879,安徽科技学院,1,129470
2022,1,0L,工商管理,A879,安徽科技学院,1,146013
2022,1,0M,物流管理,A879,安徽科技学院,2,161762
2022,1,0N,市场营销,A879,安徽科技学院,2,160999
2022,1,0P,质量管理工程,A879,安徽科技学院,2,176282
2022,1,0Q,应用化学,A879,安徽科技学院,4,172539
2022,1,0R,无机非金属材料工程,A879,安徽科技学院,4,200821
2022,1,0S,材料科学与工程,A879,安徽科技学院,3,178864
2022,1,0T,新能源材料与器件,A879,安徽科技学院,4,173367
2022,1,0U,城乡规划,A879,安徽科技学院,1,157563
2022,1,0V,风景园林,A879,安徽科技学院,3,165189
2022,1,0W,建筑学,A879,安徽科技学院,4,163283
2022,1,0X,土木工程,A879,安徽科技学院,2,167541
2022,1,10,数据科学与大数据技术,A879,安徽科技学院,1,144181
2022,1,18,农业智能装备工程,A879,安徽科技学院,3,195022
2022,1,1E,生物制药,A879,安徽科技学院,2,152921
2022,1,1F,食品科学与工程,A879,安徽科技学院,1,179054
2022,1,1G,食品质量与安全,A879,安徽科技学院,3,178688
2022,1,1J,地理信息科学,A879,安徽科技学院,4,145697
2022,1,10,汉语言文学(师范类),A894,景德镇学院,2,141474
2022,1,16,财务管理,A894,景德镇学院,2,162917
2022,1,24,汽车服务工程,A894,景德镇学院,2,213125
2022,1,29,学前教育(师范类),A894,景德镇学院,2,173946
2022,1,0M,环境生态工程,A895,萍乡学院,2,192109
2022,1,0P,工程管理,A895,萍乡学院,2,210739
2022,1,11,汉语言文学(师范类),A895,萍乡学院,2,150367
2022,1,01,日语,A904,枣庄学院,35,187866
2022,1,03,电气工程及其自动化,A904,枣庄学院,34,194371
2022,1,04,学前教育(师范类),A904,枣庄学院,60,164587
2022,1,07,思想政治教育(师范类),A904,枣庄学院,36,148178
2022,1,08,世界语,A904,枣庄学院,25,200909
2022,1,09,生物制药,A904,枣庄学院,40,191896
2022,1,0D,生物技术,A904,枣庄学院,55,192264
2022,1,0G,食品科学与工程,A904,枣庄学院,34,192131
2022,1,0H,人工智能,A904,枣庄学院,45,199736
2022,1,0K,通信工程,A904,枣庄学院,19,195328
2022,1,0M,经济统计学,A904,枣庄学院,40,187897
2022,1,0N,小学教育(师范类),A904,枣庄学院,30,151237
2022,1,0Q,应用化学,A904,枣庄学院,40,188871
2022,1,0R,机器人工程,A904,枣庄学院,25,199226
2022,1,0T,材料科学与工程,A904,枣庄学院,25,196542
2022,1,0V,化学(师范类),A904,枣庄学院,45,165067
2022,1,11,生物科学(师范类),A904,枣庄学院,75,160456
2022,1,12,历史学(师范类),A904,枣庄学院,29,145344
2022,1,14,制药工程,A904,枣庄学院,63,189314
2022,1,16,财务管理,A904,枣庄学院,33,171326
2022,1,17,英语(师范类),A904,枣庄学院,40,141345
2022,1,19,行政管理,A904,枣庄学院,23,176201
2022,1,1A,金融数学,A904,枣庄学院,30,193473
2022,1,1C,地理科学(师范类),A904,枣庄学院,45,151077
2022,1,1D,数学与应用数学(师范类),A904,枣庄学院,40,166254
2022,1,1E,心理学(师范类),A904,枣庄学院,30,165610
2022,1,1L,食品质量与安全,A904,枣庄学院,49,191873
2022,1,1M,土木类,A904,枣庄学院,82,207988
2022,1,1N,化学工程与工艺,A904,枣庄学院,30,193684
2022,1,1P,植物科学与技术,A904,枣庄学院,30,195277
2022,1,1S,健康服务与管理,A904,枣庄学院,40,192375
2022,1,1W,汉语言文学(师范类),A904,枣庄学院,15,125234
2022,1,1Z,数据科学与大数据技术,A904,枣庄学院,50,195479
2022,1,20,生物信息学,A904,枣庄学院,45,193844
2022,1,02,工业设计(校企合作，与山东新视觉数码科技公司合作),A904,枣庄学院,40,221217
2022,1,05,计算机科学与技术(校企合作，与山东贝沃智能科技集团合作),A904,枣庄学院,80,219115
2022,1,0B,数学与应用数学(校企合作，与中软创新研究院合作),A904,枣庄学院,40,215223
2022,1,0P,计算机科学与技术(校企合作，与山东贝沃智能科技集团合作),A904,枣庄学院,80,221314
2022,1,0S,网络工程(校企合作，与北京华晟经世信息技术公司合作),A904,枣庄学院,95,223277
2022,1,0U,光电信息科学与工程(校企合作，与北京中科特瑞科技有限公司合作),A904,枣庄学院,35,223117
2022,1,15,金融工程(校企合作，与青岛英谷教育科技有限公司合作),A904,枣庄学院,50,204519
2022,1,18,物联网工程(校企合作，与山东贝沃智能科技集团合作),A904,枣庄学院,40,214164
2022,1,1G,机械设计制造及其自动化(校企合作，与北京华晟经世信息技术公司合作),A904,枣庄学院,100,223010
2022,1,1J,计算机科学与技术(校企合作，与北京华晟经世信息技术公司合作),A904,枣庄学院,95,222397
2022,1,1K,地理信息科学(校企合作，与北京中科特瑞科技有限公司合作),A904,枣庄学院,35,197409
2022,1,1R,财务管理(校企合作，与达内时代科技集团有限公司合作),A904,枣庄学院,40,192209
2022,1,1U,网络与新媒体(校企合作，与凤凰数媒北京教育科技公司合作),A904,枣庄学院,40,194558
2022,1,1Y,电子信息工程(校企合作，与中软创新研究院合作),A904,枣庄学院,40,221056
2022,1,01,建筑学,A908,山东工艺美术学院,27,200502
2022,1,02,风景园林,A908,山东工艺美术学院,10,197985
2022,1,03,服装设计与工程,A908,山东工艺美术学院,9,202026
2022,1,04,工业设计,A908,山东工艺美术学院,74,211642
2022,1,05,包装工程,A908,山东工艺美术学院,15,212845
2022,1,06,广告学,A908,山东工艺美术学院,30,190256
2022,1,07,文化产业管理,A908,山东工艺美术学院,10,189274
2022,1,15,汉语言文学(师范类),A918,黄淮学院,15,149041
2022,1,16,网络与新媒体,A918,黄淮学院,20,177754
2022,1,17,英语(师范类),A918,黄淮学院,10,154997
2022,1,21,新能源科学与工程,A918,黄淮学院,25,210503
2022,1,24,制药工程,A918,黄淮学院,40,197818
2022,1,29,电子商务,A918,黄淮学院,20,198680
2022,1,30,数学与应用数学(师范类),A918,黄淮学院,15,180407
2022,1,34,通信工程,A918,黄淮学院,10,204242
2022,1,38,土木工程,A918,黄淮学院,35,213448
2022,1,44,机械电子工程,A918,黄淮学院,15,212691
2022,1,46,物联网工程,A918,黄淮学院,10,199820
2022,1,55,新能源汽车工程,A918,黄淮学院,15,213185
2022,1,56,机器人工程,A918,黄淮学院,10,213058
2022,1,58,医学影像技术,A918,黄淮学院,10,165185
2022,1,59,商务经济学,A918,黄淮学院,10,198834
2022,1,09,网络与新媒体,A919,平顶山学院,5,173843
2022,1,15,翻译,A919,平顶山学院,5,188028
2022,1,17,测控技术与仪器,A919,平顶山学院,5,220366
2022,1,18,电气工程及其自动化,A919,平顶山学院,5,201912
2022,1,25,材料科学与工程,A919,平顶山学院,5,203360
2022,1,40,国际经济与贸易,A919,平顶山学院,5,194924
2022,1,50,旅游管理,A919,平顶山学院,10,204644
2022,1,57,护理学,A919,平顶山学院,5,173512
2022,1,8W,城乡规划,A919,平顶山学院,10,197543
2022,1,3A,计算机类,A920,湖北理工学院,2,113939
2022,1,4A,应用化学,A920,湖北理工学院,2,163664
2022,1,7A,土木类,A920,湖北理工学院,2,165914
2022,1,8B,国际经济与贸易,A920,湖北理工学院,2,157100
2022,1,1C,机械设计制造及其自动化(中外合作办学),A920,湖北理工学院,6,225084
2022,1,2F,电子信息工程(中外合作办学),A920,湖北理工学院,6,217687
2022,1,04,汉语言文学,A927,湖北科技学院,3,111455
2022,1,0N,核工程与核技术,A927,湖北科技学院,3,133293
2022,1,04,临床医学,A929,湖北医药学院,2,65928
2022,1,06,麻醉学,A929,湖北医药学院,1,57230
2022,1,08,精神医学,A929,湖北医药学院,1,70486
2022,1,0A,口腔医学,A929,湖北医药学院,1,50213
2022,1,0E,医学检验技术,A929,湖北医药学院,1,68484
2022,1,0P,预防医学,A929,湖北医药学院,1,76347
2022,1,23,财务管理,A959,安徽三联学院,10,228468
2022,1,24,会计学,A959,安徽三联学院,10,227681
2022,1,25,国际经济与贸易,A959,安徽三联学院,10,230894
2022,1,09,汉语国际教育,A964,吉林外国语大学,3,175437
2022,1,13,英语(英西班牙双语),A964,吉林外国语大学,3,180612
2022,1,15,英语(英韩双语),A964,吉林外国语大学,4,195109
2022,1,18,法语,A964,吉林外国语大学,4,202162
2022,1,21,日语,A964,吉林外国语大学,4,190198
2022,1,23,朝鲜语,A964,吉林外国语大学,4,207424
2022,1,33,商务英语,A964,吉林外国语大学,3,187696
2022,1,37,数据科学与大数据技术,A964,吉林外国语大学,6,230230
2022,1,47,俄语(中外合作办学),A964,吉林外国语大学,4,221898
2022,1,49,西班牙语(中外合作办学),A964,吉林外国语大学,4,216928
2022,1,35,人工智能,A964,吉林外国语大学,8,229756
2022,1,10,法学,A976,贵阳学院,2,139110
2022,1,16,软件工程,A976,贵阳学院,4,187440
2022,1,22,电子信息工程,A976,贵阳学院,2,188662
2022,1,24,电子信息科学与技术,A976,贵阳学院,2,184337
2022,1,29,经济学,A976,贵阳学院,4,186675
2022,1,39,机械设计制造及其自动化,A976,贵阳学院,4,210202
2022,1,47,土木工程,A976,贵阳学院,2,204160
2022,1,04,学前教育(师范类),A977,六盘水师范学院,2,177729
2022,1,08,汉语言文学(师范类),A977,六盘水师范学院,2,159399
2022,1,0J,生物科学(师范类),A977,六盘水师范学院,2,172316
2022,1,0K,机械类,A977,六盘水师范学院,3,213270
2022,1,0L,能源与动力工程,A977,六盘水师范学院,2,210642
2022,1,0N,自动化,A977,六盘水师范学院,2,206317
2022,1,01,安全工程,A994,新疆工程学院,10,221499
2022,1,02,消防工程,A994,新疆工程学院,6,222628
2022,1,04,材料成型及控制工程,A994,新疆工程学院,5,220975
2022,1,07,焊接技术与工程,A994,新疆工程学院,4,222310
2022,1,08,机器人工程,A994,新疆工程学院,3,216674
2022,1,09,机械电子工程,A994,新疆工程学院,9,218959
2022,1,10,机械设计制造及其自动化,A994,新疆工程学院,10,215535
2022,1,11,测控技术与仪器,A994,新疆工程学院,4,220592
2022,1,12,轨道交通信号与控制,A994,新疆工程学院,4,218145
2022,1,13,自动化,A994,新疆工程学院,2,210896
2022,1,14,采矿工程,A994,新疆工程学院,4,226415
2022,1,15,地质工程,A994,新疆工程学院,7,221434
2022,1,16,勘查技术与工程,A994,新疆工程学院,3,216259
2022,1,17,矿物加工工程,A994,新疆工程学院,2,210328
2022,1,18,资源勘查工程,A994,新疆工程学院,6,209230
2022,1,19,电气工程及其自动化,A994,新疆工程学院,4,208145
2022,1,22,新能源科学与工程,A994,新疆工程学院,8,218352
2022,1,23,测绘工程,A994,新疆工程学院,7,218050
2022,1,24,建筑环境与能源应用工程,A994,新疆工程学院,4,221299
2022,1,25,土木工程,A994,新疆工程学院,12,219371
2022,1,26,数据科学与大数据技术,A994,新疆工程学院,2,208966
2022,1,27,通信工程,A994,新疆工程学院,10,223459
2022,1,28,物联网工程,A994,新疆工程学院,8,220003
2022,1,30,国际商务,A994,新疆工程学院,4,209133
2022,1,33,能源经济,A994,新疆工程学院,4,208261
2022,1,36,物流工程,A994,新疆工程学院,4,207431
2022,1,SX,材料科学与工程,A994,新疆工程学院,7,221682
2022,1,SY,化学工程与工艺,A994,新疆工程学院,7,208537
2022,1,SZ,环境科学与工程,A994,新疆工程学院,7,219447
2022,1,VW,工业设计,A994,新疆工程学院,2,220361
2022,1,WR,铁道工程,A994,新疆工程学院,6,224945
2022,1,01,金融数学,A997,昌吉学院,20,222697
2022,1,20,教育技术学(师范类),A997,昌吉学院,10,217809
2022,1,43,小学教育(师范类),A997,昌吉学院,10,191430
2022,1,71,汉语言文学(师范类),A997,昌吉学院,20,189595
2022,1,87,秘书学,A997,昌吉学院,12,206700
2022,1,A7,网络与新媒体,A997,昌吉学院,10,201562
2022,1,AB,数学与应用数学(师范类),A997,昌吉学院,30,215986
2022,1,BQ,材料物理,A997,昌吉学院,20,223478
2022,1,BX,能源与动力工程,A997,昌吉学院,15,209761
2022,1,CR,计算机科学与技术,A997,昌吉学院,10,216421
2022,1,D8,网络工程,A997,昌吉学院,10,219446
2022,1,DL,化学工程与工艺,A997,昌吉学院,20,208506
2022,1,EH,财务管理,A997,昌吉学院,10,204813
2022,1,EQ,公共事业管理,A997,昌吉学院,15,207496
2022,1,FM,旅游管理,A997,昌吉学院,10,208700
2022,1,02,财务管理,B033,唐山学院,5,183021
2022,1,08,机械设计制造及其自动化,B033,唐山学院,5,199551
2022,1,0Y,电气工程及其自动化,B033,唐山学院,5,197803
2022,1,12,轨道交通信号与控制,B033,唐山学院,5,199835
2022,1,52,焊接技术与工程,B035,沈阳大学,4,141442
2022,1,63,土木工程,B035,沈阳大学,8,130105
2022,1,64,建筑环境与能源应用工程,B035,沈阳大学,3,131496
2022,1,75,旅游管理,B035,沈阳大学,3,123783
2022,1,91,自动化(中外合作办学),B035,沈阳大学,4,186200
2022,1,92,工业工程(中外合作办学),B035,沈阳大学,5,180350
2022,1,01,会计学,B047,上海立信会计金融学院,6,30121
2022,1,02,财务管理,B047,上海立信会计金融学院,5,36531
2022,1,04,审计学,B047,上海立信会计金融学院,6,31412
2022,1,05,金融学类,B047,上海立信会计金融学院,7,35832
2022,1,06,金融工程,B047,上海立信会计金融学院,4,40667
2022,1,07,工商管理类,B047,上海立信会计金融学院,3,36675
2022,1,09,经济学类,B047,上海立信会计金融学院,5,42149
2022,1,0B,财政学类,B047,上海立信会计金融学院,5,40388
2022,1,0C,行政管理,B047,上海立信会计金融学院,2,44170
2022,1,0D,劳动与社会保障,B047,上海立信会计金融学院,2,51754
2022,1,0F,应用统计学,B047,上海立信会计金融学院,4,45389
2022,1,0G,数学与应用数学,B047,上海立信会计金融学院,4,43628
2022,1,0H,金融数学,B047,上海立信会计金融学院,2,36572
2022,1,0J,信息管理与信息系统,B047,上海立信会计金融学院,2,48587
2022,1,0K,计算机科学与技术,B047,上海立信会计金融学院,4,41879
2022,1,0L,电子商务,B047,上海立信会计金融学院,2,49560
2022,1,0M,数据科学与大数据技术,B047,上海立信会计金融学院,2,41587
2022,1,0N,商务英语,B047,上海立信会计金融学院,2,54513
2022,1,0R,保险学,B047,上海立信会计金融学院,2,47476
2022,1,0S,精算学,B047,上海立信会计金融学院,6,45759
2022,1,0T,法学,B047,上海立信会计金融学院,2,34723
2022,1,0V,金融科技,B047,上海立信会计金融学院,4,49678
2022,1,0X,汉语言文学,B047,上海立信会计金融学院,1,40608
2022,1,1P,数字经济,B047,上海立信会计金融学院,1,44423
2022,1,0W,金融工程(中外合作办学)(中美合作),B047,上海立信会计金融学院,7,57769
2022,1,02,国际经济与贸易,B048,金陵科技学院,1,81995
2022,1,05,市场营销,B048,金陵科技学院,1,88866
2022,1,15,会计学,B048,金陵科技学院,1,68868
2022,1,16,汉语国际教育,B048,金陵科技学院,1,72149
2022,1,17,古典文献学,B048,金陵科技学院,1,81858
2022,1,19,行政管理,B048,金陵科技学院,1,83768
2022,1,23,旅游管理,B048,金陵科技学院,1,90579
2022,1,25,机械设计制造及其自动化,B048,金陵科技学院,1,89283
2022,1,26,车辆工程,B048,金陵科技学院,1,103427
2022,1,28,建筑电气与智能化,B048,金陵科技学院,1,99652
2022,1,30,自动化,B048,金陵科技学院,1,71095
2022,1,33,土木工程,B048,金陵科技学院,1,114600
2022,1,36,工程管理,B048,金陵科技学院,1,83204
2022,1,45,数据科学与大数据技术,B048,金陵科技学院,1,77975
2022,1,46,电子信息工程,B048,金陵科技学院,1,64682
2022,1,49,通信工程,B048,金陵科技学院,1,75776
2022,1,52,光电信息科学与工程,B048,金陵科技学院,1,88022
2022,1,53,网络工程,B048,金陵科技学院,1,77746
2022,1,54,信息安全,B048,金陵科技学院,1,88737
2022,1,75,宝石及材料工艺学,B048,金陵科技学院,1,131349
2022,1,02,园林,B049,淮阴工学院,2,163201
2022,1,03,农学,B049,淮阴工学院,2,177639
2022,1,05,国际经济与贸易,B049,淮阴工学院,2,167525
2022,1,06,经济与金融,B049,淮阴工学院,2,159346
2022,1,08,财务管理,B049,淮阴工学院,2,155611
2022,1,11,会计学,B049,淮阴工学院,2,149385
2022,1,13,社会工作,B049,淮阴工学院,4,172830
2022,1,16,英语,B049,淮阴工学院,3,156715
2022,1,19,俄语,B049,淮阴工学院,2,184330
2022,1,31,行政管理,B049,淮阴工学院,4,169721
2022,1,42,机械电子工程,B049,淮阴工学院,2,158151
2022,1,44,金属材料工程,B049,淮阴工学院,2,193611
2022,1,47,机器人工程,B049,淮阴工学院,2,162453
2022,1,59,软件工程,B049,淮阴工学院,3,144378
2022,1,71,化学工程与工艺,B049,淮阴工学院,4,176251
2022,1,74,高分子材料与工程,B049,淮阴工学院,4,185889
2022,1,75,生物工程,B049,淮阴工学院,4,165558
2022,1,82,交通运输,B049,淮阴工学院,2,170164
2022,1,84,车辆工程,B049,淮阴工学院,2,169109
2022,1,88,工程管理,B049,淮阴工学院,2,189938
2022,1,93,应用物理学,B049,淮阴工学院,4,172369
2022,1,B2,工业设计,B049,淮阴工学院,3,172976
2022,1,01,土木工程,B053,徐州工程学院,3,166252
2022,1,11,电子信息工程,B053,徐州工程学院,10,157958
2022,1,23,食品科学与工程,B053,徐州工程学院,10,169852
2022,1,24,生物工程,B053,徐州工程学院,10,173896
2022,1,48,物流工程,B053,徐州工程学院,1,145568
2022,1,69,会计学,B053,徐州工程学院,2,127591
2022,1,71,英语,B053,徐州工程学院,6,134903
2022,1,72,朝鲜语,B053,徐州工程学院,4,169219
2022,1,73,汉语言文学,B053,徐州工程学院,6,122471
2022,1,76,国际经济与贸易,B053,徐州工程学院,5,148244
2022,1,77,市场营销,B053,徐州工程学院,2,147295
2022,1,80,旅游管理,B053,徐州工程学院,1,169297
2022,1,W1,电气工程及其自动化(中外合作办学),B053,徐州工程学院,3,206520
2022,1,W2,机械电子工程(中外合作办学),B053,徐州工程学院,2,208825
2022,1,01,机械设计制造及其自动化,B055,常州工学院,5,132079
2022,1,08,电气工程及其自动化,B055,常州工学院,5,119234
2022,1,03,智能制造工程,B057,浙江科技学院,3,92750
2022,1,13,土木工程,B057,浙江科技学院,2,100645
2022,1,23,材料科学与工程,B057,浙江科技学院,3,106126
2022,1,30,信息管理与信息系统,B057,浙江科技学院,2,77802
2022,1,46,机械类(中德联合培养),B057,浙江科技学院,5,135021
2022,1,56,土木工程(中外合作办学)(中德合作办学),B057,浙江科技学院,5,203070
2022,1,57,工业工程(中外合作办学)(中德合作办学),B057,浙江科技学院,5,152768
2022,1,03,机械设计制造及其自动化,B058,宁波工程学院,6,137410
2022,1,06,车辆工程,B058,宁波工程学院,2,138466
2022,1,08,电子科学与技术,B058,宁波工程学院,3,117274
2022,1,09,电气工程及其自动化,B058,宁波工程学院,4,111595
2022,1,16,工程管理,B058,宁波工程学院,2,137701
2022,1,21,油气储运工程,B058,宁波工程学院,4,157945
2022,1,22,应用化学,B058,宁波工程学院,3,145320
2022,1,24,材料科学与工程,B058,宁波工程学院,2,139856
2022,1,26,会计学,B058,宁波工程学院,2,105293
2022,1,32,物流工程,B058,宁波工程学院,2,138623
2022,1,35,日语,B058,宁波工程学院,2,113420
2022,1,36,德语,B058,宁波工程学院,2,115093
2022,1,43,信息与计算科学,B058,宁波工程学院,3,112995
2022,1,46,会计学(中外合作办学)(4加0),B058,宁波工程学院,3,133403
2022,1,01,机械设计制造及其自动化,B059,合肥学院,2,141026
2022,1,08,通信工程,B059,合肥学院,2,126539
2022,1,17,智能科学与技术,B059,合肥学院,2,135672
2022,1,21,交通工程,B059,合肥学院,2,142639
2022,1,26,食品科学与工程,B059,合肥学院,2,153360
2022,1,28,生物工程,B059,合肥学院,2,152077
2022,1,38,国际经济与贸易,B059,合肥学院,2,141627
2022,1,39,工商管理,B059,合肥学院,2,137858
2022,1,40,会计学,B059,合肥学院,2,124539
2022,1,41,财务管理,B059,合肥学院,2,126105
2022,1,50,小学教育(师范类),B059,合肥学院,2,122776
2022,1,57,旅游管理,B059,合肥学院,4,175498
2022,1,60,物流管理(中外合作办学),B059,合肥学院,4,193809
2022,1,01,机械设计制造及其自动化,B062,厦门理工学院,3,91362
2022,1,02,车辆工程,B062,厦门理工学院,4,94316
2022,1,09,新能源材料与器件,B062,厦门理工学院,3,100991
2022,1,0B,电气工程及其自动化,B062,厦门理工学院,3,86414
2022,1,0G,通信工程,B062,厦门理工学院,3,96454
2022,1,0K,计算机科学与技术,B062,厦门理工学院,4,69221
2022,1,0P,软件工程,B062,厦门理工学院,3,74813
2022,1,17,文化产业管理,B062,厦门理工学院,3,96529
2022,1,1B,网络与新媒体,B062,厦门理工学院,2,78882
2022,1,22,电子信息工程(中外合作办学),B062,厦门理工学院,6,112461
2022,1,02,法学,B065,青岛大学,103,34596
2022,1,04,口腔医学,B065,青岛大学,35,20179
2022,1,05,金融学,B065,青岛大学,67,48250
2022,1,08,智能制造工程,B065,青岛大学,73,50937
2022,1,0D,食品科学与工程,B065,青岛大学,20,50204
2022,1,0E,服装设计与工程,B065,青岛大学,53,87423
2022,1,0F,西班牙语,B065,青岛大学,13,48802
2022,1,0G,软件工程,B065,青岛大学,115,38914
2022,1,0H,临床医学(5+3一体化，儿科),B065,青岛大学,20,20196
2022,1,0K,法语,B065,青岛大学,16,49785
2022,1,0P,财政学,B065,青岛大学,29,52952
2022,1,0Q,德语,B065,青岛大学,26,52293
2022,1,0V,英语,B065,青岛大学,19,32710
2022,1,0W,药学,B065,青岛大学,56,45875
2022,1,0Z,自动化,B065,青岛大学,150,44806
2022,1,10,会计学,B065,青岛大学,110,47402
2022,1,12,预防医学,B065,青岛大学,49,43030
2022,1,18,微电子科学与工程,B065,青岛大学,83,47196
2022,1,1B,旅游管理,B065,青岛大学,21,59318
2022,1,1C,纺织工程,B065,青岛大学,40,71670
2022,1,1D,生物技术,B065,青岛大学,37,48488
2022,1,1E,光电信息科学与工程,B065,青岛大学,26,47512
2022,1,1G,护理学,B065,青岛大学,35,59319
2022,1,1H,临床医学,B065,青岛大学,279,25191
2022,1,1J,朝鲜语,B065,青岛大学,17,56599
2022,1,1K,经济学,B065,青岛大学,57,53917
2022,1,1L,电气工程及其自动化,B065,青岛大学,194,41816
2022,1,1S,机械工程,B065,青岛大学,62,52773
2022,1,1T,能源与动力工程,B065,青岛大学,57,50772
2022,1,1U,测控技术与仪器,B065,青岛大学,39,55661
2022,1,1W,机器人工程,B065,青岛大学,61,48409
2022,1,1Y,工业设计,B065,青岛大学,23,53369
2022,1,1Z,数学与应用数学,B065,青岛大学,111,51997
2022,1,21,通信工程,B065,青岛大学,77,45712
2022,1,23,汉语言文学,B065,青岛大学,61,34420
2022,1,29,材料类,B065,青岛大学,143,67859
2022,1,2A,医学影像学,B065,青岛大学,51,28676
2022,1,2B,应用物理学,B065,青岛大学,66,54154
2022,1,2C,应用心理学,B065,青岛大学,24,43510
2022,1,2D,智能科学与技术,B065,青岛大学,68,43715
2022,1,2H,日语,B065,青岛大学,19,49886
2022,1,2K,医学检验技术,B065,青岛大学,40,35576
2022,1,2L,信息安全,B065,青岛大学,71,41662
2022,1,2N,新闻学,B065,青岛大学,14,36460
2022,1,2P,国际政治,B065,青岛大学,17,43631
2022,1,2S,电子信息工程,B065,青岛大学,73,42758
2022,1,2X,信息管理与信息系统,B065,青岛大学,23,48686
2022,1,2Y,化学工程与工艺,B065,青岛大学,32,53401
2022,1,30,计算机科学与技术,B065,青岛大学,112,35231
2022,1,31,应用化学,B065,青岛大学,78,55413
2022,1,33,新能源科学与工程,B065,青岛大学,36,46186
2022,1,34,行政管理,B065,青岛大学,13,44134
2022,1,35,轻化工程,B065,青岛大学,37,60387
2022,1,37,应用统计学,B065,青岛大学,64,55330
2022,1,39,物流管理,B065,青岛大学,15,56670
2022,1,3B,标准化工程,B065,青岛大学,21,48601
2022,1,3C,国际经济与贸易,B065,青岛大学,41,61252
2022,1,3D,工商管理,B065,青岛大学,38,48147
2022,1,3E,临床医学(5+3一体化),B065,青岛大学,150,17002
2022,1,3F,环境科学与工程,B065,青岛大学,52,57842
2022,1,19,西班牙语(中外合作办学),B065,青岛大学,79,106146
2022,1,01,化学工程与工艺(地方专项计划),B065,青岛大学,10,57854
2022,1,06,光电信息科学与工程(地方专项计划),B065,青岛大学,5,49940
2022,1,0A,轻化工程(地方专项计划),B065,青岛大学,20,71156
2022,1,0U,信息管理与信息系统(地方专项计划),B065,青岛大学,5,50462
2022,1,0X,信息安全(地方专项计划),B065,青岛大学,5,42950
2022,1,11,材料类(地方专项计划),B065,青岛大学,10,61833
2022,1,14,应用物理学(地方专项计划),B065,青岛大学,10,57058
2022,1,15,应用统计学(地方专项计划),B065,青岛大学,5,55496
2022,1,1A,法学(地方专项计划),B065,青岛大学,10,37401
2022,1,1P,机械工程(地方专项计划),B065,青岛大学,15,57630
2022,1,1Q,会计学(地方专项计划),B065,青岛大学,5,46607
2022,1,1V,国际政治(地方专项计划),B065,青岛大学,5,50051
2022,1,1X,测控技术与仪器(地方专项计划),B065,青岛大学,10,62158
2022,1,22,标准化工程(地方专项计划),B065,青岛大学,5,56865
2022,1,24,纺织工程(地方专项计划),B065,青岛大学,20,89707
2022,1,25,护理学(地方专项计划),B065,青岛大学,15,80068
2022,1,28,电子信息工程(地方专项计划),B065,青岛大学,5,44456
2022,1,2E,能源与动力工程(地方专项计划),B065,青岛大学,10,53260
2022,1,2Q,通信工程(地方专项计划),B065,青岛大学,5,46907
2022,1,2R,服装设计与工程(地方专项计划),B065,青岛大学,5,89549
2022,1,2Z,环境科学与工程(地方专项计划),B065,青岛大学,10,62956
2022,1,32,汉语言文学(地方专项计划),B065,青岛大学,10,38212
2022,1,36,行政管理(地方专项计划),B065,青岛大学,10,56042
2022,1,3A,旅游管理(地方专项计划),B065,青岛大学,10,78805
2022,1,0S,软件工程(校企合作，与NIIT合作，软件外包方向),B065,青岛大学,60,58484
2022,1,01,英语,B066,烟台大学,118,82206
2022,1,03,统计学,B066,烟台大学,75,98628
2022,1,05,生物科学,B066,烟台大学,50,99287
2022,1,06,软件工程,B066,烟台大学,82,81952
2022,1,07,集成电路设计与集成系统,B066,烟台大学,85,110388
2022,1,08,药学,B066,烟台大学,150,104808
2022,1,09,生物工程,B066,烟台大学,75,116336
2022,1,0A,食品科学与工程,B066,烟台大学,46,115145
2022,1,0C,化学工程与工艺,B066,烟台大学,95,125381
2022,1,0D,知识产权,B066,烟台大学,29,55503
2022,1,0E,信息与计算科学,B066,烟台大学,77,103230
2022,1,0F,核工程与核技术,B066,烟台大学,35,125445
2022,1,0G,能源与动力工程,B066,烟台大学,60,111853
2022,1,0H,数学与应用数学,B066,烟台大学,135,109807
2022,1,0J,投资学,B066,烟台大学,60,101878
2022,1,0K,给排水科学与工程,B066,烟台大学,65,133636
2022,1,0M,材料科学与工程,B066,烟台大学,35,128954
2022,1,0N,智能科学与技术,B066,烟台大学,70,99918
2022,1,0Q,建筑学,B066,烟台大学,78,96913
2022,1,0R,国际经济与贸易,B066,烟台大学,47,93109
2022,1,0S,城乡规划,B066,烟台大学,30,97018
2022,1,0U,水产养殖学,B066,烟台大学,25,136459
2022,1,0V,会计学,B066,烟台大学,65,76452
2022,1,0W,人力资源管理,B066,烟台大学,45,92200
2022,1,0X,制药工程,B066,烟台大学,70,110380
2022,1,0Y,通信工程,B066,烟台大学,72,92480
2022,1,0Z,应用物理学,B066,烟台大学,102,122615
2022,1,10,计算机科学与技术,B066,烟台大学,120,77092
2022,1,11,应用化学,B066,烟台大学,120,121316
2022,1,13,生物制药,B066,烟台大学,70,113510
2022,1,14,法学,B066,烟台大学,158,46598
2022,1,15,海洋科学,B066,烟台大学,55,118586
2022,1,17,环保设备工程,B066,烟台大学,25,124346
2022,1,18,自动化,B066,烟台大学,74,95215
2022,1,19,工程管理,B066,烟台大学,30,119647
2022,1,1A,机械设计制造及其自动化,B066,烟台大学,195,119590
2022,1,1B,工商管理,B066,烟台大学,67,88111
2022,1,1D,机器人工程,B066,烟台大学,85,106791
2022,1,1E,车辆工程,B066,烟台大学,90,124024
2022,1,1F,汉语言文学,B066,烟台大学,205,73899
2022,1,1G,朝鲜语,B066,烟台大学,25,117871
2022,1,1H,日语,B066,烟台大学,25,96239
2022,1,1J,新闻学,B066,烟台大学,64,80813
2022,1,1K,物联网工程,B066,烟台大学,65,96110
2022,1,1L,环境科学与工程,B066,烟台大学,30,115417
2022,1,1M,食品质量与安全,B066,烟台大学,69,113342
2022,1,1N,土木工程,B066,烟台大学,95,123675
2022,1,1P,高分子材料与工程,B066,烟台大学,88,127910
2022,1,1Q,汉语国际教育,B066,烟台大学,40,87175
2022,1,1R,电子信息科学与技术,B066,烟台大学,119,89260
2022,1,1S,金属材料工程,B066,烟台大学,20,131314
2022,1,92,本科预科班（招收边防军人子女）,B066,烟台大学,7,206100
2022,1,02,材料科学与工程(中外合作办学),B066,烟台大学,100,210447
2022,1,0B,法学(中外合作办学),B066,烟台大学,96,84887
2022,1,0P,环保设备工程(中外合作办学),B066,烟台大学,90,223928
2022,1,0T,环境科学与工程(中外合作办学),B066,烟台大学,90,213349
2022,1,16,车辆工程(中外合作办学),B066,烟台大学,90,221674
2022,1,02,法学,B067,潍坊学院,112,141947
2022,1,03,工程管理,B067,潍坊学院,27,186731
2022,1,04,农业机械化及其自动化,B067,潍坊学院,24,187731
2022,1,05,数据科学与大数据技术,B067,潍坊学院,51,169817
2022,1,06,网络工程,B067,潍坊学院,24,164869
2022,1,07,小学教育(师范类),B067,潍坊学院,64,128454
2022,1,08,学前教育(师范类),B067,潍坊学院,51,154191
2022,1,0A,土木工程,B067,潍坊学院,50,185510
2022,1,0B,国际经济与贸易,B067,潍坊学院,37,165400
2022,1,0C,物理学(师范类),B067,潍坊学院,50,147445
2022,1,0F,化学工程与工艺,B067,潍坊学院,37,174206
2022,1,0N,英语(师范类),B067,潍坊学院,65,118133
2022,1,0P,文物与博物馆学,B067,潍坊学院,24,157550
2022,1,0S,广播电视学,B067,潍坊学院,36,154307
2022,1,0T,日语,B067,潍坊学院,31,162096
2022,1,0U,数学与应用数学(师范类),B067,潍坊学院,47,131421
2022,1,0V,生物科学(师范类),B067,潍坊学院,41,130444
2022,1,0X,制药工程,B067,潍坊学院,25,173813
2022,1,0Y,旅游管理,B067,潍坊学院,36,183297
2022,1,0Z,车辆工程,B067,潍坊学院,43,188787
2022,1,10,软件工程,B067,潍坊学院,38,156721
2022,1,11,应用统计学,B067,潍坊学院,36,167372
2022,1,12,电子科学与技术,B067,潍坊学院,37,174210
2022,1,1B,应用心理学,B067,潍坊学院,30,158945
2022,1,1C,建筑学,B067,潍坊学院,36,167055
2022,1,1G,通信工程,B067,潍坊学院,37,173137
2022,1,1J,市场营销,B067,潍坊学院,44,174833
2022,1,1L,化学(师范类),B067,潍坊学院,40,137947
2022,1,1M,特殊教育(师范类),B067,潍坊学院,50,160223
2022,1,1P,信息与计算科学,B067,潍坊学院,36,173067
2022,1,1R,计算机科学与技术,B067,潍坊学院,51,148838
2022,1,1S,经济与金融,B067,潍坊学院,37,156318
2022,1,1U,会计学,B067,潍坊学院,66,142017
2022,1,1W,数字媒体技术,B067,潍坊学院,26,166805
2022,1,1X,汉语言文学(师范类),B067,潍坊学院,96,110790
2022,1,20,设施农业科学与工程,B067,潍坊学院,50,185335
2022,1,21,工业设计,B067,潍坊学院,30,187157
2022,1,22,环境工程,B067,潍坊学院,25,177351
2022,1,23,法语,B067,潍坊学院,30,172337
2022,1,24,园林,B067,潍坊学院,50,182774
2022,1,27,机械设计制造及其自动化,B067,潍坊学院,50,177820
2022,1,28,思想政治教育(师范类),B067,潍坊学院,37,122468
2022,1,2A,种子科学与工程,B067,潍坊学院,52,182351
2022,1,2C,光电信息科学与工程,B067,潍坊学院,25,179425
2022,1,2D,行政管理,B067,潍坊学院,63,166922
2022,1,2E,机器人工程,B067,潍坊学院,30,182487
2022,1,2G,朝鲜语,B067,潍坊学院,30,182936
2022,1,2H,自动化,B067,潍坊学院,46,177891
2022,1,2K,生物技术,B067,潍坊学院,33,172077
2022,1,2L,历史学(师范类),B067,潍坊学院,37,122568
2022,1,01,机械设计制造及其自动化(校企合作，与潍柴控股公司合作共建产业学院),B067,潍坊学院,50,216493
2022,1,0D,市场营销(校企合作，与青岛英谷教育科技公司合作),B067,潍坊学院,70,202576
2022,1,0G,机械设计制造及其自动化(校企合作，与青岛英谷教育科技公司合作),B067,潍坊学院,60,214823
2022,1,0J,自动化(校企合作，与青岛英谷教育科技公司合作),B067,潍坊学院,60,215721
2022,1,0L,电子科学与技术(校企合作，与青岛英谷教育科技公司合作),B067,潍坊学院,80,213430
2022,1,0M,电子科学与技术(校企合作，与歌尔股份公司合作共建产业学院),B067,潍坊学院,40,215996
2022,1,0Q,通信工程(校企合作，与青岛英谷教育科技公司合作),B067,潍坊学院,80,214404
2022,1,16,计算机科学与技术(校企合作，与青岛英谷教育科技公司合作),B067,潍坊学院,80,196058
2022,1,18,自动化(校企合作，与潍柴控股公司合作共建产业学院),B067,潍坊学院,50,216640
2022,1,1N,数字媒体技术(校企合作，与杭州时光坐标影视传媒公司合作),B067,潍坊学院,40,202110
2022,1,1Q,应用统计学(校企合作，与青岛英谷教育科技公司合作),B067,潍坊学院,75,200967
2022,1,25,电子信息工程(校企合作，与歌尔股份公司合作共建产业学院),B067,潍坊学院,40,215181
2022,1,2F,会计学(校企合作，与青岛英谷教育科技公司合作),B067,潍坊学院,75,182570
2022,1,03,电子信息工程,B068,郑州工程技术学院,3,181181
2022,1,07,机械设计制造及其自动化,B068,郑州工程技术学院,3,172813
2022,1,20,酒店管理,B068,郑州工程技术学院,3,202320
2022,1,55,物联网工程,B068,郑州工程技术学院,2,184527
2022,1,59,商务英语,B068,郑州工程技术学院,3,180823
2022,1,72,物流工程,B068,郑州工程技术学院,3,199513
2022,1,73,高分子材料与工程,B068,郑州工程技术学院,3,184502
2022,1,76,车辆工程,B068,郑州工程技术学院,3,196794
2022,1,78,广告学,B068,郑州工程技术学院,4,177662
2022,1,7D,软件工程,B068,郑州工程技术学院,2,179724
2022,1,7E,智能建造,B068,郑州工程技术学院,3,196738
2022,1,7F,投资学,B068,郑州工程技术学院,3,195063
2022,1,02,无机非金属材料工程,B070,洛阳理工学院,8,188149
2022,1,09,机械设计制造及其自动化,B070,洛阳理工学院,4,169110
2022,1,16,电气工程及其自动化,B070,洛阳理工学院,4,155753
2022,1,17,自动化,B070,洛阳理工学院,4,172437
2022,1,22,计算机科学与技术,B070,洛阳理工学院,4,147037
2022,1,25,软件工程,B070,洛阳理工学院,4,149578
2022,1,26,数据科学与大数据技术,B070,洛阳理工学院,4,164939
2022,1,29,土木工程,B070,洛阳理工学院,4,174666
2022,1,31,建筑环境与能源应用工程,B070,洛阳理工学院,4,198618
2022,1,35,工程造价,B070,洛阳理工学院,4,176709
2022,1,45,工商管理,B070,洛阳理工学院,4,168004
2022,1,53,会计学,B070,洛阳理工学院,4,141321
2022,1,57,学前教育(师范类),B070,洛阳理工学院,4,170315
2022,1,58,英语,B070,洛阳理工学院,2,149052
2022,1,60,商务英语,B070,洛阳理工学院,4,158687
2022,1,64,新闻学,B070,洛阳理工学院,4,133455
2022,1,10,机械设计制造及其自动化(中外合作办学),B070,洛阳理工学院,4,218637
2022,1,07,外国语言文学类,B071,新乡学院,4,168089
2022,1,09,新闻传播学类,B071,新乡学院,4,165989
2022,1,0B,数学类,B071,新乡学院,6,195508
2022,1,0E,生物技术,B071,新乡学院,6,199353
2022,1,0H,机械类,B071,新乡学院,6,208038
2022,1,0J,增材制造工程,B071,新乡学院,6,216823
2022,1,0L,电气工程及其自动化,B071,新乡学院,4,200883
2022,1,0M,电子信息类,B071,新乡学院,6,203494
2022,1,0R,计算机类,B071,新乡学院,6,198000
2022,1,0T,化学工程与工艺,B071,新乡学院,6,198723
2022,1,0U,制药工程,B071,新乡学院,4,190549
2022,1,0Z,建筑类,B071,新乡学院,6,196337
2022,1,16,物业管理(物业智能化管理方向),B071,新乡学院,5,201458
2022,1,17,健康服务与管理(智慧健康管理方向),B071,新乡学院,6,204149
2022,1,1A,电子商务,B071,新乡学院,5,199944
2022,1,1B,酒店管理(旅居新业态方向),B071,新乡学院,5,204903
2022,1,25,日语,B072,江汉大学,5,86227
2022,1,11,水利水电工程,B075,三峡大学,2,40761
2022,1,15,环境工程,B075,三峡大学,2,81854
2022,1,22,建筑类,B075,三峡大学,6,67805
2022,1,31,机械设计制造及其自动化,B075,三峡大学,5,51463
2022,1,32,智能制造工程,B075,三峡大学,5,68727
2022,1,41,材料类,B075,三峡大学,10,85267
2022,1,42,化学工程与工艺,B075,三峡大学,10,75780
2022,1,51,电气工程及其自动化,B075,三峡大学,4,25672
2022,1,52,电气工程及其自动化(输电线路工程方向),B075,三峡大学,2,28975
2022,1,71,人力资源管理,B075,三峡大学,2,70873
2022,1,72,国际经济与贸易,B075,三峡大学,2,67124
2022,1,73,旅游管理,B075,三峡大学,2,91353
2022,1,74,物流管理,B075,三峡大学,2,75190
2022,1,75,金融学,B075,三峡大学,4,54108
2022,1,81,临床医学,B075,三峡大学,4,39511
2022,1,82,医学影像学,B075,三峡大学,2,35691
2022,1,83,中医学,B075,三峡大学,2,54705
2022,1,85,护理学,B075,三峡大学,2,80563
2022,1,86,预防医学,B075,三峡大学,2,76025
2022,1,91,中国语言文学类,B075,三峡大学,2,48674
2022,1,92,广播电视学,B075,三峡大学,4,60776
2022,1,A1,法学,B075,三峡大学,2,43942
2022,1,A2,公共管理类,B075,三峡大学,4,73865
2022,1,B1,物理学(设物理学、教师教育、光电信息3个专业方向),B075,三峡大学,4,67878
2022,1,B2,数学类(设教师教育、大数据与科学计算2个专业方向),B075,三峡大学,4,61644
2022,1,C1,化学,B075,三峡大学,6,73012
2022,1,C2,制药工程,B075,三峡大学,7,64484
2022,1,C3,生物工程,B075,三峡大学,5,66345
2022,1,C4,生物科学,B075,三峡大学,4,62047
2022,1,F1,外国语言文学类,B075,三峡大学,2,54032
2022,1,G2,电气工程及其自动化(中外合作办学),B075,三峡大学,2,48301
2022,1,01,土木工程,B077,长沙学院,2,167166
2022,1,04,机械设计制造及其自动化,B077,长沙学院,2,143209
2022,1,11,软件工程,B077,长沙学院,2,123361
2022,1,12,物联网工程,B077,长沙学院,2,136180
2022,1,15,电气工程及其自动化,B077,长沙学院,2,131580
2022,1,16,电子信息工程,B077,长沙学院,2,129816
2022,1,20,法学,B077,长沙学院,2,103225
2022,1,21,汉语言文学,B077,长沙学院,2,105063
2022,1,23,英语,B077,长沙学院,2,117749
2022,1,27,财务管理,B077,长沙学院,2,121483
2022,1,28,物业管理,B077,长沙学院,2,159032
2022,1,31,旅游管理,B077,长沙学院,2,168914
2022,1,32,应用化学,B077,长沙学院,2,161357
2022,1,33,功能材料,B077,长沙学院,2,171039
2022,1,36,生物制药,B077,长沙学院,2,137285
2022,1,03,国际经济与贸易,B078,广州大学,3,37859
2022,1,04,统计学,B078,广州大学,3,35664
2022,1,06,法学,B078,广州大学,3,25587
2022,1,14,应用心理学,B078,广州大学,3,39961
2022,1,24,广播电视学,B078,广州大学,3,40219
2022,1,31,会计学,B078,广州大学,3,34235
2022,1,38,行政管理,B078,广州大学,4,45441
2022,1,55,化学工程与工艺,B078,广州大学,4,49683
2022,1,68,电子信息工程,B078,广州大学,4,35661
2022,1,70,物联网工程,B078,广州大学,4,35069
2022,1,79,土木类,B078,广州大学,6,51621
2022,1,87,数据科学与大数据技术(中外合作办学),B079,成都大学,2,83014
2022,1,05,文物与博物馆学,B080,西安文理学院,2,114978
2022,1,06,历史学(师范类),B080,西安文理学院,2,105105
2022,1,20,物联网工程,B080,西安文理学院,2,126984
2022,1,23,自动化,B080,西安文理学院,2,129981
2022,1,55,电子商务,B080,西安文理学院,2,120315
2022,1,01,国际事务与国际关系,B100,海南热带海洋学院,3,143284
2022,1,06,中国语言文学类,B100,海南热带海洋学院,6,162160
2022,1,08,俄语,B100,海南热带海洋学院,2,171633
2022,1,10,新闻学,B100,海南热带海洋学院,3,162838
2022,1,11,历史学类,B100,海南热带海洋学院,3,152394
2022,1,12,工商管理类,B100,海南热带海洋学院,4,177063
2022,1,14,物流管理,B100,海南热带海洋学院,2,177718
2022,1,15,电子商务,B100,海南热带海洋学院,3,183214
2022,1,16,旅游管理类,B100,海南热带海洋学院,4,185317
2022,1,50,数学与应用数学(师范类),B100,海南热带海洋学院,2,188284
2022,1,53,海洋科学类,B100,海南热带海洋学院,5,176583
2022,1,54,海洋资源与环境,B100,海南热带海洋学院,3,179823
2022,1,55,生物科学类,B100,海南热带海洋学院,3,171294
2022,1,56,生态学,B100,海南热带海洋学院,2,182525
2022,1,58,电子信息类,B100,海南热带海洋学院,2,183597
2022,1,59,计算机类,B100,海南热带海洋学院,3,167374
2022,1,62,环境工程,B100,海南热带海洋学院,3,186166
2022,1,63,食品科学与工程类,B100,海南热带海洋学院,5,197860
2022,1,65,水产养殖学,B100,海南热带海洋学院,3,187142
2022,1,66,海洋渔业科学与技术,B100,海南热带海洋学院,3,188556
2022,1,13,市场营销(中外合作办学),B100,海南热带海洋学院,5,213851
2022,1,17,旅游管理(中外合作办学),B100,海南热带海洋学院,11,211869
2022,1,01,应急技术与管理,B104,华北科技学院,8,140171
2022,1,02,防灾减灾科学与工程,B104,华北科技学院,8,146462
2022,1,04,安全工程,B104,华北科技学院,6,130090
2022,1,05,采矿工程,B104,华北科技学院,21,183626
2022,1,09,化工安全工程,B104,华北科技学院,12,174121
2022,1,0A,环境工程,B104,华北科技学院,8,175864
2022,1,0B,矿物加工工程,B104,华北科技学院,6,179017
2022,1,0D,材料科学与工程,B104,华北科技学院,11,180374
2022,1,0E,应用化学,B104,华北科技学院,15,172944
2022,1,0G,机械设计制造及其自动化,B104,华北科技学院,4,151440
2022,1,0H,电气工程及其自动化,B104,华北科技学院,4,131709
2022,1,0M,自动化,B104,华北科技学院,4,134874
2022,1,0N,通信工程,B104,华北科技学院,6,152782
2022,1,0P,建筑电气与智能化,B104,华北科技学院,10,170671
2022,1,0R,计算机科学与技术,B104,华北科技学院,3,125876
2022,1,0T,网络工程,B104,华北科技学院,11,151581
2022,1,0V,物联网工程,B104,华北科技学院,8,147488
2022,1,0W,网络空间安全,B104,华北科技学院,10,149549
2022,1,0X,会计学,B104,华北科技学院,6,122714
2022,1,0Y,国际经济与贸易,B104,华北科技学院,6,146529
2022,1,0Z,市场营销,B104,华北科技学院,8,171673
2022,1,12,公共事业管理,B104,华北科技学院,12,156663
2022,1,13,土木工程,B104,华北科技学院,8,172234
2022,1,19,汉语言文学,B104,华北科技学院,9,127402
2022,1,1A,法学,B104,华北科技学院,2,104672
2022,1,1F,英语,B104,华北科技学院,8,119673
2022,1,1J,应用统计学,B104,华北科技学院,10,154346
2022,1,1P,应急装备技术与工程,B104,华北科技学院,5,149689
2022,1,1Q,安全工程(中外合作办学)(职业安全与公共健康),B104,华北科技学院,10,200429
2022,1,1F,消防工程,B105,中国人民警察大学,4,75737
2022,1,2F,火灾勘查,B105,中国人民警察大学,2,72517
2022,1,4F,消防指挥,B105,中国人民警察大学,4,87059
2022,1,5F,抢险救援指挥与技术,B105,中国人民警察大学,4,104660
2022,1,6F,核生化消防,B105,中国人民警察大学,4,99414
2022,1,12,船舶与海洋工程,B106,广州航海学院,2,128298
2022,1,19,港口航道与海岸工程,B106,广州航海学院,2,138578
2022,1,05,智能制造工程,B116,成都工业学院,2,126294
2022,1,09,城市地下空间工程,B116,成都工业学院,2,244852
2022,1,11,计算机类,B116,成都工业学院,2,103808
2022,1,14,电子信息类,B116,成都工业学院,2,129327
2022,1,17,自动化,B116,成都工业学院,2,106429
2022,1,21,网络工程,B116,成都工业学院,2,131775
2022,1,22,金融科技,B116,成都工业学院,2,123201
2022,1,26,汽车服务工程,B116,成都工业学院,2,190475
2022,1,29,车辆工程,B116,成都工业学院,2,161591
2022,1,0G,英语(师范类),B117,扬州大学,1,23846
2022,1,0M,日语,B117,扬州大学,2,39473
2022,1,0X,高分子材料与工程,B117,扬州大学,1,28761
2022,1,1H,工程管理,B117,扬州大学,1,37344
2022,1,1M,电气工程及其自动化,B117,扬州大学,1,26039
2022,1,1Q,建筑环境与能源应用工程,B117,扬州大学,3,43574
2022,1,1T,环境工程,B117,扬州大学,1,38266
2022,1,1U,给排水科学与工程,B117,扬州大学,2,42551
2022,1,1W,农学,B117,扬州大学,3,42294
2022,1,1Z,植物保护,B117,扬州大学,2,43550
2022,1,23,动物科学,B117,扬州大学,1,40541
2022,1,26,动物医学,B117,扬州大学,3,31842
2022,1,2A,生物技术,B117,扬州大学,1,35114
2022,1,2M,经济学,B117,扬州大学,2,27773
2022,1,2T,工商管理,B117,扬州大学,2,33970
2022,1,3Y,汉语言文学(师范类),B117,扬州大学,1,19490
2022,1,4C,法学,B117,扬州大学,1,21290
2022,1,53,土木工程,B117,扬州大学,2,39261
2022,1,B0,烹饪与营养教育,B117,扬州大学,2,50689
2022,1,16,英语,B122,三江学院,2,197316
2022,1,1G,财务管理,B122,三江学院,10,211168
2022,1,1H,国际经济与贸易,B122,三江学院,2,210111
2022,1,1L,物流管理,B122,三江学院,2,218770
2022,1,1R,软件工程,B122,三江学院,13,227346
2022,1,1U,智能车辆工程,B122,三江学院,2,235403
2022,1,22,土木工程,B122,三江学院,10,233560
2022,1,25,集成电路设计与集成系统,B122,三江学院,2,229786
2022,1,26,电子信息工程,B122,三江学院,5,227420
2022,1,2B,旅游管理,B122,三江学院,10,224036
2022,1,2C,文化产业管理,B122,三江学院,4,210169
2022,1,11,女性学,B149,中华女子学院,3,72779
2022,1,12,社会工作,B149,中华女子学院,4,92076
2022,1,13,社会学,B149,中华女子学院,3,86103
2022,1,14,法学,B149,中华女子学院,4,70539
2022,1,15,会计学,B149,中华女子学院,4,82863
2022,1,16,人力资源管理,B149,中华女子学院,4,86592
2022,1,17,学前教育(师范类),B149,中华女子学院,4,91808
2022,1,18,应用心理学(师范类),B149,中华女子学院,3,80336
2022,1,19,数字媒体技术,B149,中华女子学院,4,99670
2022,1,1A,金融学,B149,中华女子学院,4,95316
2022,1,1B,汉语国际教育(师范类),B149,中华女子学院,3,78908
2022,1,1C,网络与新媒体,B149,中华女子学院,2,73775
2022,1,1D,养老服务管理,B149,中华女子学院,2,95599
2022,1,02,临床医学,B230,齐齐哈尔医学院,12,101068
2022,1,06,精神医学,B230,齐齐哈尔医学院,2,101924
2022,1,0B,预防医学,B230,齐齐哈尔医学院,4,125167
2022,1,0E,药学类,B230,齐齐哈尔医学院,1,132206
2022,1,0K,医学检验技术,B230,齐齐哈尔医学院,2,120173
2022,1,0L,医学影像技术,B230,齐齐哈尔医学院,5,129297
2022,1,0P,信息管理与信息系统,B230,齐齐哈尔医学院,1,156088
2022,1,01,机械设计制造及其自动化,B232,北京信息科技大学,7,38595
2022,1,04,工业设计,B232,北京信息科技大学,3,43940
2022,1,06,机器人工程(勤信实验班),B232,北京信息科技大学,2,33860
2022,1,09,智能感知工程(勤信实验班),B232,北京信息科技大学,2,33124
2022,1,0A,自动化,B232,北京信息科技大学,3,31971
2022,1,0B,电气工程及其自动化,B232,北京信息科技大学,2,27404
2022,1,0D,人工智能(勤信实验班),B232,北京信息科技大学,2,28383
2022,1,0G,物联网工程,B232,北京信息科技大学,2,32107
2022,1,0H,电子信息类(勤信实验班),B232,北京信息科技大学,2,27359
2022,1,0K,软件工程,B232,北京信息科技大学,2,28773
2022,1,0M,数据科学与大数据技术,B232,北京信息科技大学,4,29532
2022,1,0N,计算机类(勤信实验班),B232,北京信息科技大学,3,25931
2022,1,0Q,会计学(智能会计勤信实验班),B232,北京信息科技大学,2,31563
2022,1,0W,国际经济与贸易,B232,北京信息科技大学,3,36826
2022,1,13,传播学,B232,北京信息科技大学,2,35408
2022,1,15,翻译,B232,北京信息科技大学,2,42879
2022,1,17,电子信息科学与技术,B232,北京信息科技大学,4,31524
2022,1,00,计算机科学与技术,B242,太原学院,6,180041
2022,1,01,网络工程,B242,太原学院,6,193069
2022,1,04,机械工程,B242,太原学院,6,203658
2022,1,05,汽车服务工程,B242,太原学院,4,210891
2022,1,09,建筑环境与能源应用工程,B242,太原学院,4,209828
2022,1,10,土木工程,B242,太原学院,6,207215
2022,1,18,酒店管理,B242,太原学院,4,201312
2022,1,19,会展经济与管理,B242,太原学院,4,195125
2022,1,01,金融学,B258,大连大学,2,55476
2022,1,03,国际经济与贸易,B258,大连大学,2,66250
2022,1,04,法学,B258,大连大学,3,40943
2022,1,05,小学教育(师范类),B258,大连大学,2,55885
2022,1,08,运动康复,B258,大连大学,4,90756
2022,1,10,汉语国际教育,B258,大连大学,3,56799
2022,1,12,日语,B258,大连大学,3,71303
2022,1,13,翻译,B258,大连大学,3,59507
2022,1,16,化学,B258,大连大学,6,78982
2022,1,17,生物技术,B258,大连大学,3,79142
2022,1,18,机械设计制造及其自动化,B258,大连大学,2,66685
2022,1,19,材料成型及控制工程,B258,大连大学,5,98567
2022,1,24,电子信息工程,B258,大连大学,3,63842
2022,1,27,自动化,B258,大连大学,3,60761
2022,1,28,计算机科学与技术,B258,大连大学,3,51979
2022,1,29,软件工程,B258,大连大学,2,41948
2022,1,31,土木工程,B258,大连大学,4,78045
2022,1,32,建筑环境与能源应用工程,B258,大连大学,6,103412
2022,1,33,化学工程与工艺,B258,大连大学,3,72106
2022,1,34,制药工程,B258,大连大学,4,72276
2022,1,35,环境工程,B258,大连大学,4,72010
2022,1,36,建筑学,B258,大连大学,3,81022
2022,1,37,生物工程,B258,大连大学,4,74511
2022,1,39,口腔医学,B258,大连大学,4,23220
2022,1,41,医学检验技术,B258,大连大学,5,57837
2022,1,42,护理学,B258,大连大学,6,86459
2022,1,43,工程管理,B258,大连大学,5,94358
2022,1,50,旅游管理,B258,大连大学,4,112710
2022,1,51,酒店管理,B258,大连大学,5,114230
2022,1,L1,工商管理类,B258,大连大学,3,67051
2022,1,L3,数学与应用数学,B258,大连大学,3,67360
2022,1,L5,数据科学与大数据技术,B258,大连大学,3,53268
2022,1,Z7,园艺,B258,大连大学,5,102044
2022,1,Z9,临床医学(中山临床学院),B258,大连大学,3,24759
2022,1,ZH,会计学(中外合作办学),B258,大连大学,4,93106
2022,1,02,财政学,B261,吉林工商学院,2,165201
2022,1,03,税收学,B261,吉林工商学院,2,172559
2022,1,04,金融学,B261,吉林工商学院,4,160310
2022,1,08,国际经济与贸易,B261,吉林工商学院,2,185566
2022,1,09,英语,B261,吉林工商学院,3,154169
2022,1,10,日语,B261,吉林工商学院,2,178391
2022,1,11,广告学,B261,吉林工商学院,2,166431
2022,1,13,机械设计制造及其自动化,B261,吉林工商学院,2,190063
2022,1,14,机械电子工程,B261,吉林工商学院,3,208619
2022,1,15,电子信息工程,B261,吉林工商学院,4,191514
2022,1,20,食品质量与安全,B261,吉林工商学院,4,188950
2022,1,21,粮食工程,B261,吉林工商学院,2,191147
2022,1,22,烹饪与营养教育,B261,吉林工商学院,2,200027
2022,1,23,生物工程,B261,吉林工商学院,2,189304
2022,1,25,市场营销,B261,吉林工商学院,2,192905
2022,1,26,会计学,B261,吉林工商学院,4,153637
2022,1,29,审计学,B261,吉林工商学院,2,151059
2022,1,32,电子商务,B261,吉林工商学院,2,182221
2022,1,51,计算机科学与技术,B261,吉林工商学院,4,181905
2022,1,01,机械类,B276,南京工程学院,6,63232
2022,1,02,土木类,B276,南京工程学院,6,89263
2022,1,03,环境科学与工程类,B276,南京工程学院,8,90692
2022,1,05,工业工程,B276,南京工程学院,2,71489
2022,1,06,材料成型及控制工程,B276,南京工程学院,4,86749
2022,1,15,交通设备与控制工程,B276,南京工程学院,2,71563
2022,1,18,机器人工程,B276,南京工程学院,2,60301
2022,1,22,计算机科学与技术,B276,南京工程学院,2,46971
2022,1,31,电气工程及其自动化(电力系统及其自动化),B276,南京工程学院,3,29764
2022,1,33,电气工程及其自动化(输配电工程),B276,南京工程学院,3,34492
2022,1,36,电气工程与智能控制,B276,南京工程学院,2,37717
2022,1,39,通信工程,B276,南京工程学院,2,52160
2022,1,48,建筑学,B276,南京工程学院,2,63969
2022,1,51,会计学,B276,南京工程学院,2,53841
2022,1,53,财务管理,B276,南京工程学院,2,58146
2022,1,56,劳动与社会保障,B276,南京工程学院,2,79523
2022,1,57,社会工作,B276,南京工程学院,3,87028
2022,1,58,大数据管理与应用,B276,南京工程学院,2,63248
2022,1,60,工程造价,B276,南京工程学院,2,67655
2022,1,71,能源动力类,B276,南京工程学院,8,65893
2022,1,72,材料类,B276,南京工程学院,2,89049
2022,1,30,软件工程(中外合作办学),B276,南京工程学院,6,86651
2022,1,38,电气工程及其自动化(中外合作办学),B276,南京工程学院,5,58455
2022,1,01,经济学,B287,南京审计大学,2,23978
2022,1,03,财政学,B287,南京审计大学,2,22183
2022,1,04,税收学,B287,南京审计大学,2,22508
2022,1,05,金融学,B287,南京审计大学,3,23568
2022,1,08,投资学,B287,南京审计大学,2,28805
2022,1,0E,法学(法务会计),B287,南京审计大学,3,23437
2022,1,0N,计算机科学与技术,B287,南京审计大学,2,24680
2022,1,0V,工程审计,B287,南京审计大学,3,30310
2022,1,0W,工商管理,B287,南京审计大学,3,30755
2022,1,11,审计学,B287,南京审计大学,3,14865
2022,1,1A,会计学,B287,南京审计大学,3,21519
2022,1,1B,财务管理,B287,南京审计大学,2,24327
2022,1,16,金融工程(中外合作办学),B287,南京审计大学,2,44952
2022,1,17,信息管理与信息系统(中外合作办学),B287,南京审计大学,2,51161
2022,1,18,工程管理(中外合作办学),B287,南京审计大学,2,57347
2022,1,19,审计学(中外合作办学),B287,南京审计大学,4,32359
2022,1,1B,生物制药,B305,蚌埠学院,5,188847
2022,1,28,材料化学,B306,池州学院,3,208476
2022,1,29,高分子材料与工程,B306,池州学院,3,213716
2022,1,35,计算机科学与技术,B306,池州学院,3,196385
2022,1,36,网络工程,B306,池州学院,4,206720
2022,1,41,环境工程,B306,池州学院,3,217022
2022,1,22,市场营销,B311,三明学院,2,195380
2022,1,25,电子商务,B311,三明学院,2,194982
2022,1,26,数字媒体技术,B311,三明学院,3,191040
2022,1,29,物联网工程,B311,三明学院,2,202064
2022,1,30,网络工程,B311,三明学院,2,203652
2022,1,35,机械设计制造及其自动化,B311,三明学院,5,204637
2022,1,45,土木工程,B311,三明学院,5,213037
2022,1,53,汉语言文学(非师范类),B311,三明学院,3,168925
2022,1,54,传播学,B311,三明学院,2,179440
2022,1,57,商务英语,B311,三明学院,2,185457
2022,1,0D,经济与贸易类,B312,龙岩学院,6,195620
2022,1,0F,旅游管理,B312,龙岩学院,2,202364
2022,1,0H,计算机科学与技术,B312,龙岩学院,2,191308
2022,1,0Q,机械设计制造及其自动化,B312,龙岩学院,2,195908
2022,1,0B,人力资源管理,B313,福建商学院,2,183981
2022,1,0H,财务管理,B313,福建商学院,2,155271
2022,1,18,日语,B318,江西科技师范大学,2,143160
2022,1,1D,财务管理,B318,江西科技师范大学,2,119497
2022,1,1H,国际经济与贸易,B318,江西科技师范大学,2,120774
2022,1,1L,法学,B318,江西科技师范大学,3,83901
2022,1,26,计算机科学与技术,B318,江西科技师范大学,2,100436
2022,1,2W,药物制剂,B318,江西科技师范大学,3,150713
2022,1,30,金属材料工程,B318,江西科技师范大学,3,172704
2022,1,40,汉语言文学(师范),B318,江西科技师范大学,3,90217
2022,1,44,历史学(师范),B318,江西科技师范大学,2,82909
2022,1,46,英语(师范),B318,江西科技师范大学,2,92214
2022,1,4C,会计学(国际会计),B318,江西科技师范大学,2,114594
2022,1,4F,旅游管理(含职教师范),B318,江西科技师范大学,3,154578
2022,1,4G,酒店管理(国际酒店),B318,江西科技师范大学,2,168985
2022,1,4J,物流管理(含职教师范),B318,江西科技师范大学,3,139461
2022,1,4R,教育技术学(师范),B318,江西科技师范大学,2,108847
2022,1,4S,学前教育(师范),B318,江西科技师范大学,2,118618
2022,1,4T,思想政治教育(师范),B318,江西科技师范大学,2,89600
2022,1,55,数学与应用数学(师范),B318,江西科技师范大学,2,101989
2022,1,5A,物理学(师范),B318,江西科技师范大学,2,107428
2022,1,5G,化学(师范),B318,江西科技师范大学,2,108437
2022,1,5L,土木工程(含职教师范),B318,江西科技师范大学,2,155870
2022,1,5R,食品科学与工程(含职教师范),B318,江西科技师范大学,2,151521
2022,1,5X,机械设计制造及其自动化(含职教师范),B318,江西科技师范大学,2,143094
2022,1,01,水利水电工程,B319,南昌工程学院,5,147772
2022,1,02,水文与水资源工程,B319,南昌工程学院,2,156532
2022,1,04,智慧水利,B319,南昌工程学院,4,158228
2022,1,0B,土木工程,B319,南昌工程学院,4,177277
2022,1,0C,城乡规划,B319,南昌工程学院,2,165640
2022,1,0E,工程造价,B319,南昌工程学院,2,155792
2022,1,0G,机械设计制造及其自动化,B319,南昌工程学院,2,156652
2022,1,0J,车辆工程,B319,南昌工程学院,2,166034
2022,1,0K,机器人工程,B319,南昌工程学院,2,149815
2022,1,0L,工业工程,B319,南昌工程学院,2,162845
2022,1,0M,电气工程及其自动化,B319,南昌工程学院,2,127860
2022,1,0N,自动化,B319,南昌工程学院,2,155990
2022,1,0S,计算机科学与技术,B319,南昌工程学院,4,135051
2022,1,0T,数据科学与大数据技术,B319,南昌工程学院,2,138324
2022,1,0U,应用统计学,B319,南昌工程学院,2,161716
2022,1,0V,市场营销,B319,南昌工程学院,2,159930
2022,1,0W,物流管理,B319,南昌工程学院,2,168026
2022,1,0X,电子商务,B319,南昌工程学院,2,147616
2022,1,11,审计学,B319,南昌工程学院,2,141481
2022,1,12,国际经济与贸易,B319,南昌工程学院,2,150124
2022,1,14,新闻传播学类,B319,南昌工程学院,2,142593
2022,1,15,英语,B319,南昌工程学院,2,147984
2022,1,04,网络与新媒体,B326,信阳农林学院,5,186745
2022,1,05,网络工程,B326,信阳农林学院,5,200919
2022,1,09,制药工程,B326,信阳农林学院,5,196219
2022,1,10,食品科学与工程,B326,信阳农林学院,5,199569
2022,1,17,园艺,B326,信阳农林学院,5,190794
2022,1,26,水产养殖学,B326,信阳农林学院,5,203738
2022,1,31,会计学,B326,信阳农林学院,5,188153
2022,1,37,酒店管理,B326,信阳农林学院,5,206569
2022,1,41,工业工程,B329,河南工学院,10,213603
2022,1,43,财务管理,B329,河南工学院,5,187770
2022,1,57,材料成型及控制工程,B329,河南工学院,10,212771
2022,1,63,电缆工程,B329,河南工学院,5,212269
2022,1,15,网络工程,B330,安阳工学院,2,195557
2022,1,26,飞行器制造工程,B330,安阳工学院,2,205649
2022,1,30,环境工程,B330,安阳工学院,2,200992
2022,1,37,物流管理,B330,安阳工学院,2,212760
2022,1,40,食品科学与工程,B330,安阳工学院,2,188199
2022,1,42,电子商务,B330,安阳工学院,2,192866
2022,1,43,安全工程,B330,安阳工学院,2,204090
2022,1,46,飞行器适航技术,B330,安阳工学院,2,210374
2022,1,48,商务英语(民航服务英语方向),B330,安阳工学院,2,184848
2022,1,51,动物医学,B330,安阳工学院,2,166682
2022,1,72,城乡规划(中外合作办学),B330,安阳工学院,2,217654
2022,1,73,机械电子工程(中外合作办学),B330,安阳工学院,2,225291
2022,1,77,信息管理与信息系统(中外合作办学),B330,安阳工学院,3,224281
2022,1,09,法学,B332,湖北警官学院,9,115019
2022,1,0A,计算机科学与技术,B332,湖北警官学院,3,131759
2022,1,0B,信息安全,B332,湖北警官学院,3,133697
2022,1,03,外国语言文学类,B336,荆楚理工学院,6,183233
2022,1,04,网络与新媒体,B336,荆楚理工学院,3,177192
2022,1,06,应用物理学,B336,荆楚理工学院,2,183636
2022,1,0D,印刷工程,B336,荆楚理工学院,2,197534
2022,1,0H,植物科学与技术,B336,荆楚理工学院,2,184503
2022,1,0N,工商管理类,B336,荆楚理工学院,3,192170
2022,1,0U,化学工程与工艺,B336,荆楚理工学院,2,194917
2022,1,05,商务英语,B342,湖南工程学院,4,167452
2022,1,18,材料化学,B342,湖南工程学院,2,184806
2022,1,25,电子信息工程,B342,湖南工程学院,2,155837
2022,1,29,自动化,B342,湖南工程学院,2,158845
2022,1,35,化学工程与工艺,B342,湖南工程学院,2,179013
2022,1,36,纺织工程,B342,湖南工程学院,4,205574
2022,1,39,建筑学,B342,湖南工程学院,4,173647
2022,1,43,工商管理,B342,湖南工程学院,2,168682
2022,1,45,会计学,B342,湖南工程学院,2,155699
2022,1,60,机器人工程,B342,湖南工程学院,2,160214
2022,1,69,电气工程及其自动化(中外合作办学),B342,湖南工程学院,2,196513
2022,1,6A,机械设计制造及其自动化(中外合作办学),B342,湖南工程学院,2,209022
2022,1,27,汉语言文学,B349,五邑大学,2,83758
2022,1,91,电子信息工程,B349,五邑大学,2,89735
2022,1,93,通信工程,B349,五邑大学,1,97345
2022,1,12,数字经济,B354,梧州学院,1,176220
2022,1,24,机械设计制造及其自动化,B354,梧州学院,3,205694
2022,1,42,电子信息工程,B354,梧州学院,2,196507
2022,1,50,汉语言文学,B354,梧州学院,2,167881
2022,1,53,法学,B354,梧州学院,1,155730
2022,1,57,英语,B354,梧州学院,1,178565
2022,1,19,生物工程,B360,攀枝花学院,3,191456
2022,1,28,土木工程,B360,攀枝花学院,4,213064
2022,1,03,思想政治教育(师范类),B390,玉溪师范学院,2,151707
2022,1,04,汉语言文学(师范类),B390,玉溪师范学院,2,143948
2022,1,08,泰语,B390,玉溪师范学院,2,198434
2022,1,0A,小学教育(师范类),B390,玉溪师范学院,2,162719
2022,1,0P,化学(师范类),B390,玉溪师范学院,2,170880
2022,1,0V,数学与应用数学(师范类),B390,玉溪师范学院,2,185874
2022,1,0Y,物理学(师范类),B390,玉溪师范学院,2,189656
2022,1,1M,信息安全,B390,玉溪师范学院,2,202378
2022,1,0B,社会工作,B391,楚雄师范学院,5,196821
2022,1,0X,地理科学(师范类),B391,楚雄师范学院,7,173985
2022,1,0Y,自然地理与资源环境,B391,楚雄师范学院,2,194502
2022,1,10,生物技术,B391,楚雄师范学院,2,203208
2022,1,1H,会计学,B391,楚雄师范学院,3,192243
2022,1,01,法学,B392,云南警官学院,3,141694
2022,1,03,网络空间安全,B392,云南警官学院,2,139493
2022,1,04,财务管理,B393,昆明学院,2,168079
2022,1,0D,特殊教育(师范类),B393,昆明学院,2,172492
2022,1,0H,历史学(师范类),B393,昆明学院,2,152509
2022,1,0J,广播电视学,B393,昆明学院,2,156764
2022,1,0L,英语(师范类),B393,昆明学院,2,154354
2022,1,13,软件工程,B393,昆明学院,2,156491
2022,1,15,电气工程及其自动化,B393,昆明学院,2,166344
2022,1,1B,建筑学,B393,昆明学院,2,169834
2022,1,1C,园艺,B393,昆明学院,2,186574
2022,1,1D,动物医学,B393,昆明学院,3,172450
2022,1,1E,植物保护,B393,昆明学院,2,186063
2022,1,1H,护理学,B393,昆明学院,2,166603
2022,1,1L,烹饪与营养教育,B393,昆明学院,2,197284
2022,1,1N,数学与应用数学(师范类),B393,昆明学院,2,155913
2022,1,1R,物理学(师范类),B393,昆明学院,3,183933
2022,1,1S,化学,B393,昆明学院,2,187148
2022,1,1T,化学工程与工艺,B393,昆明学院,2,188513
2022,1,04,数学与应用数学(师范类),B395,榆林学院,3,184178
2022,1,06,化学(师范类),B395,榆林学院,3,173737
2022,1,09,机械设计制造及其自动化,B395,榆林学院,2,202852
2022,1,0A,过程装备与控制工程,B395,榆林学院,2,208169
2022,1,0G,土木工程,B395,榆林学院,3,208661
2022,1,0H,给排水科学与工程,B395,榆林学院,3,206535
2022,1,0J,化学工程与工艺,B395,榆林学院,3,197251
2022,1,0V,安全工程,B395,榆林学院,3,208300
2022,1,0X,动物科学,B395,榆林学院,6,200864
2022,1,1E,英语(师范类),B395,榆林学院,2,164354
2022,1,1F,新能源科学与工程,B395,榆林学院,2,195980
2022,1,1H,建筑环境与能源应用工程,B395,榆林学院,3,211947
2022,1,1K,设施农业科学与工程,B395,榆林学院,3,201094
2022,1,1D,机械设计制造及其自动化(中外合作办学),B395,榆林学院,3,228586
2022,1,03,思想政治教育(师范类),B396,商洛学院,2,159480
2022,1,05,应用心理学(师范类),B396,商洛学院,2,164572
2022,1,13,网络与新媒体,B396,商洛学院,2,175100
2022,1,19,化学(师范类),B396,商洛学院,2,176762
2022,1,20,应用化学,B396,商洛学院,2,198530
2022,1,30,土木工程,B396,商洛学院,2,210404
2022,1,37,城乡规划,B396,商洛学院,2,192122
2022,1,45,会计学,B396,商洛学院,2,192779
2022,1,Z1,电气工程及其自动化(中外合作办学),B396,商洛学院,2,227212
2022,1,01,思想政治教育(师范类),B397,安康学院,2,161985
2022,1,02,学前教育(师范类),B397,安康学院,2,176095
2022,1,05,秘书学,B397,安康学院,2,190568
2022,1,06,英语(师范类),B397,安康学院,2,164371
2022,1,07,商务英语,B397,安康学院,2,183137
2022,1,09,会计学,B397,安康学院,2,177887
2022,1,10,财务管理,B397,安康学院,2,181875
2022,1,11,旅游管理,B397,安康学院,2,197714
2022,1,16,生物技术,B397,安康学院,2,196523
2022,1,17,统计学,B397,安康学院,2,185420
2022,1,20,计算机科学与技术,B397,安康学院,2,187118
2022,1,23,制药工程,B397,安康学院,2,191985
2022,1,25,环境生态工程,B397,安康学院,2,197687
2022,1,26,食品科学与工程,B397,安康学院,2,194312
2022,1,27,农学,B397,安康学院,2,195082
2022,1,30,康复治疗学,B397,安康学院,2,171330
2022,1,33,工程造价,B397,安康学院,2,205399
2022,1,08,新闻学,B400,西安培华学院,2,203755
2022,1,09,网络与新媒体,B400,西安培华学院,2,207528
2022,1,10,金融工程,B400,西安培华学院,5,222765
2022,1,11,市场营销,B400,西安培华学院,2,213798
2022,1,12,会计学,B400,西安培华学院,2,215899
2022,1,13,财务管理,B400,西安培华学院,1,193743
2022,1,14,人力资源管理,B400,西安培华学院,2,207615
2022,1,19,法学,B400,西安培华学院,5,204624
2022,1,21,汉语言文学,B400,西安培华学院,5,202043
2022,1,22,汉语国际教育,B400,西安培华学院,5,219768
2022,1,23,英语,B400,西安培华学院,3,214718
2022,1,24,日语,B400,西安培华学院,2,219831
2022,1,27,医学检验技术,B400,西安培华学院,2,200522
2022,1,28,护理学,B400,西安培华学院,1,190554
2022,1,01,金融学,B406,甘肃政法大学,1,102976
2022,1,02,国际经济与贸易,B406,甘肃政法大学,1,110994
2022,1,04,知识产权,B406,甘肃政法大学,2,72319
2022,1,06,政治学与行政学,B406,甘肃政法大学,1,74152
2022,1,08,思想政治教育,B406,甘肃政法大学,1,75792
2022,1,13,汉语言文学,B406,甘肃政法大学,2,73548
2022,1,16,新闻学,B406,甘肃政法大学,2,75625
2022,1,18,人工智能,B406,甘肃政法大学,2,113246
2022,1,19,计算机科学与技术,B406,甘肃政法大学,1,102604
2022,1,20,信息安全,B406,甘肃政法大学,2,102497
2022,1,21,网络空间安全,B406,甘肃政法大学,2,102735
2022,1,26,信息管理与信息系统,B406,甘肃政法大学,1,105264
2022,1,27,工商管理,B406,甘肃政法大学,1,118233
2022,1,28,市场营销,B406,甘肃政法大学,1,115634
2022,1,29,会计学,B406,甘肃政法大学,2,112081
2022,1,30,财务管理,B406,甘肃政法大学,1,116591
2022,1,31,人力资源管理,B406,甘肃政法大学,2,101251
2022,1,33,行政管理,B406,甘肃政法大学,2,100570
2022,1,3A,法学,B406,甘肃政法大学,27,68931
2022,1,FL,英语(法律英语方向),B406,甘肃政法大学,2,85904
2022,1,FW,法学(卓越法治基地实验班政府法治方向),B406,甘肃政法大学,2,54654
2022,1,FY,英语(翻译方向),B406,甘肃政法大学,2,97690
2022,1,FZ,法学(卓越法治基地实验班生态环境法治方向),B406,甘肃政法大学,2,61906
2022,1,JJ,法学(卓越法治基地实验班纪检方向),B406,甘肃政法大学,2,56241
2022,1,JT,经济统计学,B406,甘肃政法大学,1,112009
2022,1,KP,刑事科学技术(物证鉴定技术方向),B406,甘肃政法大学,1,64468
2022,1,RG,法学(卓越法治基地实验班智慧法治方向),B406,甘肃政法大学,2,61346
2022,1,SD,数据科学与大数据技术,B406,甘肃政法大学,1,105719
2022,1,WM,网络与新媒体,B406,甘肃政法大学,1,80381
2022,1,01,材料类,B407,北方民族大学,5,169962
2022,1,02,电气类,B407,北方民族大学,2,145187
2022,1,03,电子信息类,B407,北方民族大学,2,142261
2022,1,04,医学影像技术,B407,北方民族大学,2,131455
2022,1,05,机械类,B407,北方民族大学,5,165160
2022,1,08,旅游管理,B407,北方民族大学,2,155961
2022,1,09,公共管理类,B407,北方民族大学,2,144539
2022,1,10,化工与制药类,B407,北方民族大学,4,159001
2022,1,11,制药工程(与合肥工业大学联合培养),B407,北方民族大学,2,149515
2022,1,12,计算机类,B407,北方民族大学,5,142301
2022,1,13,金融学,B407,北方民族大学,1,126894
2022,1,14,工商管理类,B407,北方民族大学,2,125322
2022,1,15,法学,B407,北方民族大学,2,110511
2022,1,16,生物科学类,B407,北方民族大学,1,121452
2022,1,19,食品科学与工程(与合肥工业大学联合培养),B407,北方民族大学,1,138674
2022,1,20,土木类,B407,北方民族大学,1,166111
2022,1,21,水利水电工程,B407,北方民族大学,1,151543
2022,1,22,外国语言文学类,B407,北方民族大学,2,116377
2022,1,23,日语,B407,北方民族大学,2,135380
2022,1,24,阿拉伯语,B407,北方民族大学,1,150048
2022,1,25,汉语言文学,B407,北方民族大学,1,97602
2022,1,26,新闻传播学类,B407,北方民族大学,1,112349
2022,1,27,民族学,B407,北方民族大学,1,106919
2022,1,28,历史学,B407,北方民族大学,1,84811
2022,1,29,数学类,B407,北方民族大学,2,134539
2022,1,30,统计学类,B407,北方民族大学,1,137945
2022,1,31,数据科学与大数据技术,B407,北方民族大学,2,129864
2022,1,32,金融数学,B407,北方民族大学,1,138042
2022,1,43,经济学类,B407,北方民族大学,2,121056
2022,1,44,电子商务,B407,北方民族大学,1,132731
2022,1,45,物流管理,B407,北方民族大学,1,142862
2022,1,A8,软件工程(中外合作办学),B407,北方民族大学,2,183582
2022,1,11,采矿工程,B413,中国矿业大学(北京),2,32233
2022,1,12,工业工程,B413,中国矿业大学(北京),2,23502
2022,1,13,新能源科学与工程,B413,中国矿业大学(北京),3,20903
2022,1,14,智能采矿工程,B413,中国矿业大学(北京),4,30293
2022,1,21,安全科学与工程类,B413,中国矿业大学(北京),9,26687
2022,1,33,地球物理学,B413,中国矿业大学(北京),4,29734
2022,1,41,矿物加工工程,B413,中国矿业大学(北京),6,32486
2022,1,42,环境工程,B413,中国矿业大学(北京),7,29701
2022,1,43,化学工程与工艺,B413,中国矿业大学(北京),7,29464
2022,1,44,碳储科学与工程,B413,中国矿业大学(北京),2,21536
2022,1,51,计算机科学与技术,B413,中国矿业大学(北京),7,14149
2022,1,52,电气工程及其自动化,B413,中国矿业大学(北京),9,15459
2022,1,55,材料科学与工程,B413,中国矿业大学(北京),3,25176
2022,1,56,人工智能,B413,中国矿业大学(北京),4,16725
2022,1,57,机械类,B413,中国矿业大学(北京),8,22146
2022,1,61,工商管理类,B413,中国矿业大学(北京),11,23358
2022,1,71,工程力学,B413,中国矿业大学(北京),5,25748
2022,1,73,建筑学,B413,中国矿业大学(北京),2,19899
2022,1,74,城市地下空间工程,B413,中国矿业大学(北京),3,26997
2022,1,75,智能建造,B413,中国矿业大学(北京),2,25760
2022,1,81,数学类,B413,中国矿业大学(北京),8,19629
2022,1,91,法学,B413,中国矿业大学(北京),4,16504
2022,1,92,英语,B413,中国矿业大学(北京),4,21069
2022,1,93,行政管理,B413,中国矿业大学(北京),5,21826
2022,1,94,地质类,B413,中国矿业大学(北京),9,32182
2022,1,96,测绘类,B413,中国矿业大学(北京),6,27944
2022,1,98,土木工程,B413,中国矿业大学(北京),10,28006
2022,1,01,安全工程,B414,中国石油大学(北京),4,23642
2022,1,02,材料科学与工程,B414,中国石油大学(北京),6,24562
2022,1,03,储能科学与工程,B414,中国石油大学(北京),2,20809
2022,1,06,电子信息工程,B414,中国石油大学(北京),5,15819
2022,1,08,海洋油气工程,B414,中国石油大学(北京),4,24630
2022,1,09,化工与制药类,B414,中国石油大学(北京),9,22570
2022,1,10,环境科学与工程类,B414,中国石油大学(北京),7,22950
2022,1,11,机械类,B414,中国石油大学(北京),15,23442
2022,1,12,计算机科学与技术,B414,中国石油大学(北京),5,15024
2022,1,13,经济学类,B414,中国石油大学(北京),4,16862
2022,1,14,能源与动力工程,B414,中国石油大学(北京),4,21061
2022,1,15,人工智能,B414,中国石油大学(北京),3,16440
2022,1,17,数学类,B414,中国石油大学(北京),4,17768
2022,1,18,碳储科学与工程,B414,中国石油大学(北京),3,20821
2022,1,19,新能源科学与工程,B414,中国石油大学(北京),4,19949
2022,1,20,信息管理与信息系统,B414,中国石油大学(北京),4,18678
2022,1,21,应用化学,B414,中国石油大学(北京),4,19335
2022,1,23,自动化,B414,中国石油大学(北京),6,16578
2022,1,25,思想政治教育,B414,中国石油大学(北京),5,18324
2022,1,26,英语,B414,中国石油大学(北京),4,18512
2022,1,27,地球物理学类,B414,中国石油大学(北京),2,22951
2022,1,29,地质类,B414,中国石油大学(北京),6,28445
2022,1,2B,工商管理类,B414,中国石油大学(北京),3,17679
2022,1,2D,石油工程,B414,中国石油大学(北京),8,25056
2022,1,2F,油气储运工程,B414,中国石油大学(北京),4,20935
2022,1,01,地质学(理科基地班),B415,中国地质大学(北京),2,19040
2022,1,12,地理信息科学,B415,中国地质大学(北京),3,17924
2022,1,41,地质学类(地质地矿类),B415,中国地质大学(北京),10,28743
2022,1,44,地质工程,B415,中国地质大学(北京),2,28801
2022,1,46,土木工程,B415,中国地质大学(北京),4,27177
2022,1,48,机械设计制造及其自动化,B415,中国地质大学(北京),2,19157
2022,1,4A,安全工程,B415,中国地质大学(北京),2,21909
2022,1,4C,城市地下空间工程,B415,中国地质大学(北京),2,27447
2022,1,4E,材料类,B415,中国地质大学(北京),5,24745
2022,1,4H,计算机科学与技术,B415,中国地质大学(北京),3,12779
2022,1,4K,电气工程及其自动化,B415,中国地质大学(北京),2,16542
2022,1,4M,电子信息工程,B415,中国地质大学(北京),3,16273
2022,1,4P,软件工程,B415,中国地质大学(北京),3,13478
2022,1,4R,数据科学与大数据技术,B415,中国地质大学(北京),2,16160
2022,1,4T,人工智能,B415,中国地质大学(北京),2,16232
2022,1,4V,水文与水资源工程,B415,中国地质大学(北京),2,25514
2022,1,4X,环境工程,B415,中国地质大学(北京),1,19691
2022,1,4Z,地下水科学与工程,B415,中国地质大学(北京),3,30616
2022,1,51,环境生态工程,B415,中国地质大学(北京),2,25812
2022,1,53,地质类(能源类),B415,中国地质大学(北京),9,30690
2022,1,56,工商管理类,B415,中国地质大学(北京),2,19472
2022,1,59,经济学,B415,中国地质大学(北京),2,17569
2022,1,5B,信息管理与信息系统,B415,中国地质大学(北京),2,20793
2022,1,5D,法学,B415,中国地质大学(北京),1,14212
2022,1,5F,英语,B415,中国地质大学(北京),4,20566
2022,1,5H,宝石及材料工艺学,B415,中国地质大学(北京),2,28038
2022,1,5K,地球物理学,B415,中国地质大学(北京),4,24339
2022,1,5M,勘查技术与工程,B415,中国地质大学(北京),2,30058
2022,1,5P,智能地球探测,B415,中国地质大学(北京),1,21678
2022,1,5R,海洋科学,B415,中国地质大学(北京),3,28590
2022,1,5T,海洋资源与环境,B415,中国地质大学(北京),2,27162
2022,1,5W,土地资源管理,B415,中国地质大学(北京),1,16284
2022,1,5Y,测绘工程,B415,中国地质大学(北京),2,21702
2022,1,60,土地整治工程,B415,中国地质大学(北京),2,29313
2022,1,62,自然资源登记与管理,B415,中国地质大学(北京),2,22120
2022,1,64,遥感科学与技术,B415,中国地质大学(北京),2,20255
2022,1,66,数学与应用数学,B415,中国地质大学(北京),2,15968
2022,1,0C,数据科学与大数据技术,B417,北京联合大学,1,49068
2022,1,0D,计算机科学与技术,B417,北京联合大学,2,45836
2022,1,0E,软件工程(实验班),B417,北京联合大学,7,51454
2022,1,0F,电子信息工程,B417,北京联合大学,1,49414
2022,1,0G,自动化,B417,北京联合大学,2,55278
2022,1,0K,机器人工程,B417,北京联合大学,3,54056
2022,1,0L,金融学,B417,北京联合大学,7,55803
2022,1,0M,金融学(实验班),B417,北京联合大学,2,65610
2022,1,0N,会计学,B417,北京联合大学,3,50493
2022,1,0S,财务管理,B417,北京联合大学,2,43877
2022,1,0T,电气工程及其自动化,B417,北京联合大学,1,50730
2022,1,0W,教育康复学,B417,北京联合大学,4,95823
2022,1,11,网络与新媒体,B417,北京联合大学,2,41372
2022,1,12,法学,B417,北京联合大学,2,41019
2022,1,13,新闻学,B417,北京联合大学,2,45500
2022,1,1H,会计学(国际会计),B417,北京联合大学,2,56330
2022,1,1P,食品科学与工程(营养与健康),B417,北京联合大学,3,70575
2022,1,1S,生物工程,B417,北京联合大学,2,58160
2022,1,1V,工程管理(投资与造价管理),B417,北京联合大学,2,70293
2022,1,1W,人力资源管理,B417,北京联合大学,2,55466
2022,1,1X,旅游管理,B417,北京联合大学,1,66181
2022,1,1Y,旅游管理(博雅实验班),B417,北京联合大学,2,
2022,1,1Z,酒店管理,B417,北京联合大学,2,70741
2022,1,20,会展经济与管理,B417,北京联合大学,3,74649
2022,1,21,烹饪与营养教育,B417,北京联合大学,5,85638
2022,1,22,英语,B417,北京联合大学,4,52745
2022,1,23,西班牙语,B417,北京联合大学,4,66809
2022,1,31,金融学(国际课程班),B418,北京城市学院,1,187026
2022,1,32,国际经济与贸易,B418,北京城市学院,1,167836
2022,1,35,学前教育,B418,北京城市学院,2,211362
2022,1,36,小学教育,B418,北京城市学院,2,173229
2022,1,37,外国语言文学类,B418,北京城市学院,19,241741
2022,1,38,传播学,B418,北京城市学院,2,197567
2022,1,40,文物与博物馆学,B418,北京城市学院,1,166594
2022,1,43,机械类,B418,北京城市学院,1,178236
2022,1,45,计算机科学与技术,B418,北京城市学院,1,144350
2022,1,49,土木工程(智能设计与建造),B418,北京城市学院,1,219478
2022,1,51,建筑学,B418,北京城市学院,1,193121
2022,1,52,建筑学(中国传统建筑文化与技艺),B418,北京城市学院,1,165078
2022,1,53,城乡规划,B418,北京城市学院,1,218269
2022,1,57,康复治疗学,B418,北京城市学院,1,213914
2022,1,59,工程造价,B418,北京城市学院,1,200336
2022,1,60,工商管理类,B418,北京城市学院,1,125006
2022,1,64,跨境电子商务,B418,北京城市学院,2,219852
2022,1,65,会展经济与管理,B418,北京城市学院,1,207208
2022,1,46,软件工程(校企合作，阿里云校企合作班),B418,北京城市学院,1,143996
2022,1,48,数据科学与大数据技术(校企合作，阿里云校企合作班),B418,北京城市学院,2,215262
2022,1,01,金融学,B420,河北金融学院,3,121420
2022,1,02,投资学,B420,河北金融学院,2,137508
2022,1,03,信用管理,B420,河北金融学院,2,170883
2022,1,04,会计学,B420,河北金融学院,3,100964
2022,1,07,保险学,B420,河北金融学院,4,148128
2022,1,09,财政学,B420,河北金融学院,2,119882
2022,1,0A,税收学,B420,河北金融学院,2,115926
2022,1,0B,工商管理类,B420,河北金融学院,2,111057
2022,1,0C,经济学,B420,河北金融学院,3,126212
2022,1,0D,数字经济,B420,河北金融学院,3,165523
2022,1,0H,计算机类,B420,河北金融学院,6,127176
2022,1,0J,英语,B420,河北金融学院,2,129553
2022,1,0K,商务英语,B420,河北金融学院,2,131378
2022,1,0L,翻译,B420,河北金融学院,2,145154
2022,1,0P,人工智能,B420,河北金融学院,3,142255
2022,1,0R,金融科技,B420,河北金融学院,2,158335
2022,1,0U,数据科学与大数据技术,B420,河北金融学院,3,129365
2022,1,13,金融学(中外合作办学),B420,河北金融学院,2,155205
2022,1,15,财务管理(中外合作办学),B420,河北金融学院,2,153515
2022,1,01,汉语言文学(师范类),B427,集宁师范学院,5,163611
2022,1,06,英语(师范类),B427,集宁师范学院,5,170672
2022,1,07,数学与应用数学(师范类),B427,集宁师范学院,5,197586
2022,1,05,自动化,B430,辽宁科技学院,2,176617
2022,1,13,工程造价,B430,辽宁科技学院,2,179447
2022,1,15,冶金工程,B430,辽宁科技学院,2,194476
2022,1,20,制药工程,B430,辽宁科技学院,2,171196
2022,1,23,计算机科学与技术,B430,辽宁科技学院,2,133996
2022,1,01,电气工程及其自动化,B437,长春工程学院,2,79485
2022,1,03,智能电网信息工程,B437,长春工程学院,2,111720
2022,1,04,自动化,B437,长春工程学院,4,176571
2022,1,06,道路桥梁与渡河工程,B437,长春工程学院,3,196540
2022,1,07,土木工程,B437,长春工程学院,2,183883
2022,1,10,测绘工程,B437,长春工程学院,3,188905
2022,1,12,资源勘查工程,B437,长春工程学院,3,196232
2022,1,15,机械设计制造及其自动化,B437,长春工程学院,2,163306
2022,1,16,机器人工程,B437,长春工程学院,2,173526
2022,1,17,汽车服务工程,B437,长春工程学院,2,202206
2022,1,20,应急技术与管理,B437,长春工程学院,3,189709
2022,1,23,环境科学,B437,长春工程学院,3,193741
2022,1,24,水利水电工程,B437,长春工程学院,1,167041
2022,1,25,农业水利工程,B437,长春工程学院,2,195841
2022,1,28,建筑环境与能源应用工程,B437,长春工程学院,2,193151
2022,1,29,能源与动力工程,B437,长春工程学院,4,171939
2022,1,30,新能源科学与工程,B437,长春工程学院,2,167247
2022,1,33,工程管理,B437,长春工程学院,2,193832
2022,1,34,工程造价,B437,长春工程学院,2,184761
2022,1,37,建筑学,B437,长春工程学院,2,149663
2022,1,39,应用化学,B437,长春工程学院,2,179672
2022,1,41,计算机科学与技术,B437,长春工程学院,4,162933
2022,1,42,软件工程,B437,长春工程学院,2,130753
2022,1,44,数据科学与大数据技术,B437,长春工程学院,2,166095
2022,1,6A,本科预科班（招收边防军人子女）,B437,长春工程学院,6,288453
2022,1,71,机械设计制造及其自动化(中外合作办学),B437,长春工程学院,18,226883
2022,1,72,土木工程(中外合作办学),B437,长春工程学院,15,229495
2022,1,73,电气工程及其自动化(中外合作办学),B437,长春工程学院,10,215593
2022,1,74,能源与动力工程(中外合作办学),B437,长春工程学院,7,213483
2022,1,07,机械设计制造及其自动化,B439,吉林农业科技学院,3,207949
2022,1,10,智能制造工程,B439,吉林农业科技学院,2,208164
2022,1,12,电子信息科学与技术,B439,吉林农业科技学院,3,206590
2022,1,16,数据科学与大数据技术,B439,吉林农业科技学院,2,198773
2022,1,17,土木工程,B439,吉林农业科技学院,2,211300
2022,1,25,生物制药,B439,吉林农业科技学院,2,181352
2022,1,33,动物医学,B439,吉林农业科技学院,2,162505
2022,1,4A,植物生产类,B439,吉林农业科技学院,2,183912
2022,1,4C,食品科学与工程类,B439,吉林农业科技学院,3,188751
2022,1,4D,工商管理类,B439,吉林农业科技学院,3,191990
2022,1,4E,中药学类,B439,吉林农业科技学院,4,178210
2022,1,08,机械设计制造及其自动化(中外合作办学),B439,吉林农业科技学院,6,224349
2022,1,48,动物医学(中外合作办学),B439,吉林农业科技学院,6,207386
2022,1,0B,财务管理,B441,吉林警察学院,20,170384
2022,1,0C,法学,B441,吉林警察学院,20,133424
2022,1,0D,计算机科学与技术,B441,吉林警察学院,20,178298
2022,1,01,商务英语,B445,黑龙江工业学院,1,173033
2022,1,02,智能制造工程,B445,黑龙江工业学院,2,210634
2022,1,03,电气工程及其自动化,B445,黑龙江工业学院,5,203752
2022,1,04,数据科学与大数据技术,B445,黑龙江工业学院,3,205961
2022,1,05,俄语,B445,黑龙江工业学院,3,197710
2022,1,06,土木工程,B445,黑龙江工业学院,12,214160
2022,1,07,测绘工程,B445,黑龙江工业学院,2,209260
2022,1,10,商务经济学,B445,黑龙江工业学院,3,200260
2022,1,11,市场营销,B445,黑龙江工业学院,3,204171
2022,1,12,财务管理,B445,黑龙江工业学院,2,189831
2022,1,13,中国共产党历史,B445,黑龙江工业学院,1,167299
2022,1,14,学前教育(师范类),B445,黑龙江工业学院,1,177505
2022,1,15,秘书学,B445,黑龙江工业学院,3,194553
2022,1,16,网络与新媒体,B445,黑龙江工业学院,2,180800
2022,1,17,机械设计制造及其自动化,B445,黑龙江工业学院,4,209997
2022,1,18,材料科学与工程,B445,黑龙江工业学院,2,196033
2022,1,19,采矿工程,B445,黑龙江工业学院,2,213759
2022,1,20,矿物加工工程,B445,黑龙江工业学院,2,205370
2022,1,26,人工智能,B445,黑龙江工业学院,2,190190
2022,1,11,生物工程,B446,黑龙江东方学院,5,228646
2022,1,12,土木工程,B446,黑龙江东方学院,5,247050
2022,1,15,机械设计制造及其自动化,B446,黑龙江东方学院,10,249970
2022,1,16,机械电子工程,B446,黑龙江东方学院,5,252582
2022,1,20,财务管理,B446,黑龙江东方学院,5,228025
2022,1,30,新闻学,B446,黑龙江东方学院,5,224562
2022,1,33,朝鲜语,B446,黑龙江东方学院,5,239602
2022,1,05,电气类,B458,上海电机学院,4,81051
2022,1,10,机械类(汽车类),B458,上海电机学院,2,83394
2022,1,13,智能制造工程,B458,上海电机学院,2,81531
2022,1,16,计算机类,B458,上海电机学院,3,71106
2022,1,18,电子信息工程,B458,上海电机学院,2,81378
2022,1,25,德语,B458,上海电机学院,2,95237
2022,1,26,英语,B458,上海电机学院,3,84625
2022,1,37,经济学类,B458,上海电机学院,4,84669
2022,1,4C,机械电子工程(中外合作办学)(中德合作),B458,上海电机学院,5,102333
2022,1,4E,物流管理(中外合作办学)(中德合作),B458,上海电机学院,2,103461
2022,1,4F,国际经济与贸易(中外合作办学)(中美合作),B458,上海电机学院,3,112585
2022,1,15,日语,B460,南京晓庄学院,2,78973
2022,1,1K,通信工程,B460,南京晓庄学院,2,89182
2022,1,1T,食品科学与工程,B460,南京晓庄学院,2,107440
2022,1,S6,物理学(师范类),B460,南京晓庄学院,2,86880
2022,1,S9,化学(师范类),B460,南京晓庄学院,3,86258
2022,1,SB,数学与应用数学(师范类),B460,南京晓庄学院,2,80963
2022,1,SC,英语(师范类),B460,南京晓庄学院,2,72070
2022,1,02,机械电子工程,B463,江苏理工学院,2,110343
2022,1,30,交通运输,B463,江苏理工学院,3,121762
2022,1,33,功能材料,B463,江苏理工学院,2,156649
2022,1,34,会计学,B463,江苏理工学院,4,109962
2022,1,45,英语(师范类),B463,江苏理工学院,2,92289
2022,1,46,德语,B463,江苏理工学院,3,129090
2022,1,59,汉语言文学(师范类),B463,江苏理工学院,6,94181
2022,1,70,环境工程(中外合作办学),B463,江苏理工学院,3,215119
2022,1,01,财政学类,B482,浙江财经大学,6,29648
2022,1,02,公共管理类,B482,浙江财经大学,4,39246
2022,1,03,管理科学与工程类,B482,浙江财经大学,2,49175
2022,1,05,工商管理类(财会类),B482,浙江财经大学,6,30027
2022,1,07,金融学类,B482,浙江财经大学,3,22965
2022,1,09,工商管理类,B482,浙江财经大学,5,35953
2022,1,11,计算机类,B482,浙江财经大学,11,33939
2022,1,12,电子商务类,B482,浙江财经大学,2,42974
2022,1,13,经济与贸易类,B482,浙江财经大学,10,35334
2022,1,14,法学类,B482,浙江财经大学,5,29825
2022,1,15,外国语言文学类,B482,浙江财经大学,4,41121
2022,1,16,统计学类,B482,浙江财经大学,6,32949
2022,1,17,计算机类(大数据),B482,浙江财经大学,3,30793
2022,1,18,中国语言文学类,B482,浙江财经大学,6,37349
2022,1,19,新闻传播学类,B482,浙江财经大学,4,33591
2022,1,06,会计学(中外合作办学),B482,浙江财经大学,2,38156
2022,1,08,金融学(中外合作办学),B482,浙江财经大学,2,34547
2022,1,10,市场营销(中外合作办学),B482,浙江财经大学,7,74057
2022,1,01,化学工程与工艺,B488,衢州学院,6,186385
2022,1,02,环境工程,B488,衢州学院,5,188220
2022,1,05,机械设计制造及其自动化,B488,衢州学院,4,186172
2022,1,25,数学与应用数学(师范类),B488,衢州学院,10,183312
2022,1,27,商务英语,B488,衢州学院,5,168166
2022,1,62,机器人工程,B498,莆田学院,4,194062
2022,1,63,软件工程,B498,莆田学院,6,186625
2022,1,64,物联网工程,B498,莆田学院,4,194542
2022,1,65,数据科学与大数据技术,B498,莆田学院,5,195440
2022,1,66,智能科学与技术,B498,莆田学院,5,198296
2022,1,61,公共事业管理(中外合作办学)(以培养医疗健康产业管理人才为主),B498,莆田学院,2,202555
2022,1,1A,新能源材料与器件,B508,新余学院,2,197581
2022,1,1B,新能源科学与工程,B508,新余学院,2,190688
2022,1,1C,材料科学与工程,B508,新余学院,2,200779
2022,1,1D,机械设计制造及其自动化,B508,新余学院,2,200867
2022,1,1E,材料成型及控制工程,B508,新余学院,1,203384
2022,1,1F,电气工程及其自动化,B508,新余学院,1,155916
2022,1,1G,机器人工程,B508,新余学院,1,198353
2022,1,1K,数据科学与大数据技术,B508,新余学院,2,198287
2022,1,1L,信息与计算科学,B508,新余学院,2,193897
2022,1,1M,数学与应用数学(师范类),B508,新余学院,2,178301
2022,1,1N,软件工程,B508,新余学院,1,149087
2022,1,1P,土木工程,B508,新余学院,1,208656
2022,1,1Q,工程造价,B508,新余学院,2,201226
2022,1,1R,智能建造,B508,新余学院,2,208458
2022,1,1S,电子信息工程,B508,新余学院,2,189063
2022,1,1U,通信工程,B508,新余学院,1,201431
2022,1,1X,计算机科学与技术(软件开发),B508,新余学院,2,191081
2022,1,1Y,计算机科学与技术(智能科学),B508,新余学院,2,191386
2022,1,2A,汉语言文学(师范类),B508,新余学院,1,135619
2022,1,3A,网络与新媒体,B508,新余学院,1,142738
2022,1,3B,英语(师范类),B508,新余学院,1,162137
2022,1,3C,商务英语,B508,新余学院,2,174509
2022,1,3D,市场营销,B508,新余学院,1,180960
2022,1,3E,财务管理,B508,新余学院,2,175621
2022,1,3F,电子商务,B508,新余学院,1,185102
2022,1,3G,护理学,B508,新余学院,1,172866
2022,1,3H,康复治疗学,B508,新余学院,1,166992
2022,1,3J,健康服务与管理,B508,新余学院,2,194291
2022,1,3K,学前教育(师范类),B508,新余学院,2,175185
2022,1,01,电气工程及其自动化,B510,山东交通学院,36,145305
2022,1,02,工程管理,B510,山东交通学院,44,181176
2022,1,03,俄语,B510,山东交通学院,18,168389
2022,1,06,审计学,B510,山东交通学院,24,138981
2022,1,09,财务管理,B510,山东交通学院,48,144763
2022,1,0A,计算机科学与技术,B510,山东交通学院,43,143275
2022,1,0B,测绘工程,B510,山东交通学院,47,186544
2022,1,0G,海洋机器人,B510,山东交通学院,26,190743
2022,1,0H,船舶与海洋工程,B510,山东交通学院,50,191760
2022,1,0J,机械设计制造及其自动化,B510,山东交通学院,68,167825
2022,1,0K,遥感科学与技术,B510,山东交通学院,41,176451
2022,1,0L,材料科学与工程,B510,山东交通学院,55,177112
2022,1,0M,法学,B510,山东交通学院,84,138401
2022,1,0N,交通运输,B510,山东交通学院,51,161049
2022,1,0P,土木类,B510,山东交通学院,148,183747
2022,1,0R,安全工程,B510,山东交通学院,59,186110
2022,1,0S,人力资源管理,B510,山东交通学院,26,150828
2022,1,0T,电子信息工程,B510,山东交通学院,42,160092
2022,1,0V,物联网工程,B510,山东交通学院,41,164062
2022,1,0W,能源与动力工程,B510,山东交通学院,34,168959
2022,1,0Z,国际经济与贸易,B510,山东交通学院,45,176049
2022,1,10,交通运输(轨道交通运营与管理方向),B510,山东交通学院,40,163592
2022,1,11,智慧交通,B510,山东交通学院,55,168278
2022,1,12,机器人工程,B510,山东交通学院,39,172696
2022,1,14,机械类(车辆),B510,山东交通学院,105,184957
2022,1,15,物流工程,B510,山东交通学院,93,180444
2022,1,17,海洋技术,B510,山东交通学院,22,180764
2022,1,18,材料成型及控制工程,B510,山东交通学院,35,184950
2022,1,19,市场营销,B510,山东交通学院,26,168841
2022,1,1A,数据科学与大数据技术,B510,山东交通学院,38,155719
2022,1,1B,自动化,B510,山东交通学院,40,163654
2022,1,1C,智能制造工程,B510,山东交通学院,38,172323
2022,1,1D,测控技术与仪器,B510,山东交通学院,32,185896
2022,1,1F,数字经济,B510,山东交通学院,46,172452
2022,1,1G,轨道交通信号与控制,B510,山东交通学院,45,162451
2022,1,1H,港口航道与海岸工程,B510,山东交通学院,45,181942
2022,1,1J,飞行器制造工程,B510,山东交通学院,48,183488
2022,1,1K,轨道交通电气与控制,B510,山东交通学院,41,168938
2022,1,1L,交通工程,B510,山东交通学院,45,163084
2022,1,1M,机械电子工程,B510,山东交通学院,36,177403
2022,1,1Q,金融工程,B510,山东交通学院,48,169824
2022,1,1R,机械工程,B510,山东交通学院,35,170875
2022,1,1S,交通管理,B510,山东交通学院,33,158744
2022,1,1T,海事管理,B510,山东交通学院,35,171356
2022,1,1V,英语,B510,山东交通学院,58,147203
2022,1,05,土木工程(中外合作办学)(双证),B510,山东交通学院,79,228238
2022,1,07,计算机科学与技术(中外合作办学)(双证),B510,山东交通学院,86,223839
2022,1,0F,交通运输(中外合作办学)(双证),B510,山东交通学院,53,216554
2022,1,1N,电气工程及其自动化(中外合作办学),B510,山东交通学院,60,219904
2022,1,08,电子商务(校企合作，与山东网商科技集团有限公司合作),B510,山东交通学院,60,196445
2022,1,0D,信息与计算科学(校企合作，与北京学佳澳公司合作),B510,山东交通学院,80,201761
2022,1,0E,日语(校企合作，与山东网商科技集团有限公司合作),B510,山东交通学院,35,196216
2022,1,0Q,信息与计算科学(校企合作，与济南博赛公司合作),B510,山东交通学院,80,205541
2022,1,0X,轮机工程(校企合作，与山东东弘国际船员有限公司合作),B510,山东交通学院,40,212147
2022,1,0Y,船舶电子电气工程(校企合作，与山东东弘国际船员有限公司合作),B510,山东交通学院,40,210117
2022,1,16,俄语(校企合作，与山东网商科技集团有限公司合作),B510,山东交通学院,35,202616
2022,1,1E,航海技术(校企合作，与山东东弘国际船员有限公司合作),B510,山东交通学院,40,211431
2022,1,1P,应用物理学(校企合作，与北京学佳澳公司合作),B510,山东交通学院,80,215073
2022,1,1U,金融学(校企合作，与山东全通网融科技有限公司合作),B510,山东交通学院,120,191525
2022,1,02,国际经济与贸易,B517,河南工程学院,4,165778
2022,1,04,翻译,B517,河南工程学院,2,170923
2022,1,0A,车辆工程,B517,河南工程学院,2,181623
2022,1,0B,电气工程及其自动化,B517,河南工程学院,2,156410
2022,1,0D,通信工程,B517,河南工程学院,2,168482
2022,1,0H,建筑环境与能源应用工程,B517,河南工程学院,3,201634
2022,1,0R,纺织工程,B517,河南工程学院,10,208163
2022,1,0S,服装设计与工程,B517,河南工程学院,6,196459
2022,1,0T,非织造材料与工程,B517,河南工程学院,7,207597
2022,1,0V,印刷工程(图像新媒体印刷方向),B517,河南工程学院,10,205302
2022,1,10,会计学,B517,河南工程学院,3,160924
2022,1,18,物流管理,B517,河南工程学院,4,183330
2022,1,1Q,知识产权,B517,河南工程学院,2,155931
2022,1,11,建筑学,B527,湖南城市学院,2,177768
2022,1,12,城乡规划,B527,湖南城市学院,2,155079
2022,1,13,风景园林,B527,湖南城市学院,2,167928
2022,1,21,建筑环境与能源应用工程,B527,湖南城市学院,2,201883
2022,1,22,给排水科学与工程,B527,湖南城市学院,2,202699
2022,1,23,测绘工程,B527,湖南城市学院,2,199318
2022,1,24,地理信息科学,B527,湖南城市学院,2,171395
2022,1,31,土木工程,B527,湖南城市学院,2,185549
2022,1,51,英语(师范类),B527,湖南城市学院,2,156974
2022,1,53,网络与新媒体,B527,湖南城市学院,2,119488
2022,1,61,计算机科学与技术,B527,湖南城市学院,2,173823
2022,1,66,电子信息工程,B527,湖南城市学院,2,178050
2022,1,82,环境工程,B527,湖南城市学院,2,187639
2022,1,92,信息与计算科学,B527,湖南城市学院,2,190961
2022,1,B2,机械电子工程,B527,湖南城市学院,2,191766
2022,1,D1,思想政治教育(师范类),B527,湖南城市学院,2,147204
2022,1,A1,机械设计制造及其自动化,B528,湖南工学院,3,162500
2022,1,A2,机器人工程,B528,湖南工学院,2,185912
2022,1,A3,自动化,B528,湖南工学院,2,168795
2022,1,B1,无机非金属材料工程,B528,湖南工学院,2,175520
2022,1,C3,物流工程,B528,湖南工学院,2,172616
2022,1,D2,电气工程及其自动化,B528,湖南工学院,2,165024
2022,1,E2,化学工程与工艺,B528,湖南工学院,2,175835
2022,1,F2,计算机科学与技术,B528,湖南工学院,2,146832
2022,1,F3,网络工程,B528,湖南工学院,2,154580
2022,1,G1,信息与计算科学,B528,湖南工学院,2,166801
2022,1,G2,应用统计学,B528,湖南工学院,2,172013
2022,1,J3,工业设计,B528,湖南工学院,2,174380
2022,1,J4,工程管理,B528,湖南工学院,2,181079
2022,1,02,财政学类,B532,湖南财政经济学院,2,103488
2022,1,03,金融学类,B532,湖南财政经济学院,4,96641
2022,1,04,经济与贸易类,B532,湖南财政经济学院,2,107369
2022,1,0D,电子信息类,B532,湖南财政经济学院,3,115080
2022,1,0E,计算机类,B532,湖南财政经济学院,3,99715
2022,1,0J,市场营销,B532,湖南财政经济学院,2,146014
2022,1,0K,会计学,B532,湖南财政经济学院,6,100501
2022,1,0L,财务管理,B532,湖南财政经济学院,4,105013
2022,1,0M,人力资源管理,B532,湖南财政经济学院,2,116385
2022,1,0N,审计学,B532,湖南财政经济学院,2,92089
2022,1,23,包装工程,B535,湖南工业大学,5,98544
2022,1,24,印刷工程,B535,湖南工业大学,2,132249
2022,1,28,新能源材料与器件,B535,湖南工业大学,2,98840
2022,1,34,法学,B535,湖南工业大学,4,59892
2022,1,45,建筑学,B535,湖南工业大学,2,82528
2022,1,46,城乡规划,B535,湖南工业大学,2,88168
2022,1,51,国际经济与贸易,B535,湖南工业大学,2,83350
2022,1,52,财务管理,B535,湖南工业大学,2,75845
2022,1,53,会计学,B535,湖南工业大学,2,67807
2022,1,56,应用物理学,B535,湖南工业大学,2,95564
2022,1,60,信息管理与信息系统,B535,湖南工业大学,2,84993
2022,1,64,电子商务,B535,湖南工业大学,4,109889
2022,1,66,生物技术,B535,湖南工业大学,2,89412
2022,1,67,化学工程与工艺,B535,湖南工业大学,1,103432
2022,1,76,工程造价,B535,湖南工业大学,2,116837
2022,1,78,英语,B535,湖南工业大学,2,85529
2022,1,80,翻译,B535,湖南工业大学,2,84424
2022,1,84,仪器类,B535,湖南工业大学,2,137926
2022,1,86,自动化类,B535,湖南工业大学,2,70728
2022,1,87,计算机类,B535,湖南工业大学,6,61717
2022,1,88,土木类,B535,湖南工业大学,6,108053
2022,1,90,电子信息类,B535,湖南工业大学,6,75291
2022,1,91,新闻传播学类,B535,湖南工业大学,5,75645
2022,1,92,机械类,B535,湖南工业大学,5,84405
2022,1,93,工商管理类,B535,湖南工业大学,5,80090
2022,1,94,材料类,B535,湖南工业大学,6,111170
2022,1,S4,英语(师范类),B535,湖南工业大学,2,69564
2022,1,02,市场营销,B538,湖南女子学院,2,185131
2022,1,03,人力资源管理,B538,湖南女子学院,2,173930
2022,1,06,财务管理,B538,湖南女子学院,2,163372
2022,1,10,家政学,B538,湖南女子学院,4,196983
2022,1,15,汉语言文学(师范类),B538,湖南女子学院,2,134848
2022,1,31,电子商务,B538,湖南女子学院,2,192287
2022,1,01,金融学,B540,广东金融学院,1,60186
2022,1,05,会计学,B540,广东金融学院,1,61487
2022,1,09,精算学,B540,广东金融学院,1,69368
2022,1,10,国际经济与贸易,B540,广东金融学院,1,64976
2022,1,16,工商管理,B540,广东金融学院,1,72836
2022,1,21,计算机科学与技术,B540,广东金融学院,1,60701
2022,1,25,电子商务,B540,广东金融学院,1,76236
2022,1,35,金融数学,B540,广东金融学院,1,59688
2022,1,03,小学教育(师范类),B546,广西科技师范学院,2,166051
2022,1,07,汉语言文学(师范类),B546,广西科技师范学院,5,158260
2022,1,09,英语,B546,广西科技师范学院,2,173712
2022,1,10,英语(师范类),B546,广西科技师范学院,2,169570
2022,1,13,数学与应用数学(师范类),B546,广西科技师范学院,2,183880
2022,1,14,物理学(师范类),B546,广西科技师范学院,2,190564
2022,1,15,化学(师范类),B546,广西科技师范学院,2,178302
2022,1,18,电气工程及其自动化,B546,广西科技师范学院,2,205042
2022,1,19,电子信息工程,B546,广西科技师范学院,2,208533
2022,1,23,软件工程,B546,广西科技师范学院,2,195577
2022,1,24,物联网工程,B546,广西科技师范学院,2,202292
2022,1,25,数据科学与大数据技术,B546,广西科技师范学院,2,206479
2022,1,26,食品科学与工程,B546,广西科技师范学院,2,196038
2022,1,05,商务经济学,B548,广西财经学院,4,168783
2022,1,02,国际经济与贸易,B551,重庆科技学院,2,124344
2022,1,04,汉语言文学,B551,重庆科技学院,5,120498
2022,1,09,化学类,B551,重庆科技学院,3,157919
2022,1,14,机械类,B551,重庆科技学院,5,146911
2022,1,21,材料类,B551,重庆科技学院,5,164307
2022,1,23,冶金工程,B551,重庆科技学院,5,170345
2022,1,29,自动化,B551,重庆科技学院,3,125802
2022,1,30,计算机类,B551,重庆科技学院,5,113512
2022,1,37,化工与制药类,B551,重庆科技学院,5,156039
2022,1,41,石油工程,B551,重庆科技学院,5,138794
2022,1,45,海洋油气工程,B551,重庆科技学院,5,155401
2022,1,50,消防工程,B551,重庆科技学院,5,148863
2022,1,51,管理科学与工程类,B551,重庆科技学院,5,163050
2022,1,52,工商管理类,B551,重庆科技学院,5,120071
2022,1,56,物流管理(中外合作办学),B551,重庆科技学院,5,206215
2022,1,01,烹饪与营养教育,B552,四川旅游学院,8,199329
2022,1,02,旅游管理,B552,四川旅游学院,6,200057
2022,1,06,酒店管理,B552,四川旅游学院,4,202246
2022,1,18,会计学,B552,四川旅游学院,12,185487
2022,1,E1,冶金工程,B556,文山学院,5,208042
2022,1,E3,安全工程,B556,文山学院,5,215347
2022,1,01,经济学,B560,西安财经大学,4,57007
2022,1,04,金融学,B560,西安财经大学,2,42593
2022,1,05,保险学,B560,西安财经大学,2,63603
2022,1,07,国际经济与贸易,B560,西安财经大学,2,60069
2022,1,10,工程管理,B560,西安财经大学,4,88517
2022,1,12,物流管理,B560,西安财经大学,2,80333
2022,1,15,市场营销,B560,西安财经大学,2,78846
2022,1,16,会计学,B560,西安财经大学,2,48941
2022,1,18,人力资源管理,B560,西安财经大学,2,62681
2022,1,19,审计学,B560,西安财经大学,4,54749
2022,1,20,经济统计学,B560,西安财经大学,2,57804
2022,1,23,应用统计学,B560,西安财经大学,4,61226
2022,1,26,软件工程,B560,西安财经大学,4,63327
2022,1,29,法学,B560,西安财经大学,4,53214
2022,1,38,商务英语,B560,西安财经大学,4,66359
2022,1,39,金融学(中外合作办学),B560,西安财经大学,6,83387
2022,1,01,汉语言文学(师范类),B561,甘肃民族师范学院,2,152153
2022,1,09,数学与应用数学(师范类),B561,甘肃民族师范学院,2,189767
2022,1,17,化学(师范类),B561,甘肃民族师范学院,2,179912
2022,1,1A,生物科学(师范类),B561,甘肃民族师范学院,2,175650
2022,1,1Z,财务管理,B561,甘肃民族师范学院,2,192724
2022,1,2D,物理学(师范类),B561,甘肃民族师范学院,2,185031
2022,1,2P,英语(师范类),B561,甘肃民族师范学院,2,168493
2022,1,05,数学与应用数学(师范类),B562,兰州文理学院,5,189491
2022,1,0F,财务管理,B562,兰州文理学院,2,189922
2022,1,0T,应用化学,B562,兰州文理学院,2,198285
2022,1,17,汉语言文学(师范类),B562,兰州文理学院,2,122703
2022,1,1K,数字媒体技术,B562,兰州文理学院,5,201289
2022,1,2X,新闻学,B562,兰州文理学院,4,143251
2022,1,32,广播电视学,B562,兰州文理学院,1,137297
2022,1,3D,电子信息工程,B562,兰州文理学院,5,203903
2022,1,3P,广播电视工程,B562,兰州文理学院,4,216350
2022,1,05,金融工程,B600,湖北经济学院,4,86082
2022,1,07,财政学类,B600,湖北经济学院,4,75112
2022,1,31,电子信息工程,B600,湖北经济学院,4,103352
2022,1,37,资源与环境经济学(低碳经济与管理),B600,湖北经济学院,4,95285
2022,1,38,金融学类,B600,湖北经济学院,3,73375
2022,1,08,金融工程,B607,北部湾大学,3,155723
2022,1,0K,数学与应用数学(师范类),B607,北部湾大学,2,157355
2022,1,0M,地理科学(师范类),B607,北部湾大学,2,103511
2022,1,0N,地理信息科学,B607,北部湾大学,2,133099
2022,1,0P,海洋科学,B607,北部湾大学,3,154828
2022,1,0Q,机械工程,B607,北部湾大学,1,158567
2022,1,0S,车辆工程,B607,北部湾大学,1,169207
2022,1,0U,电子信息工程,B607,北部湾大学,2,138864
2022,1,0X,自动化,B607,北部湾大学,2,151631
2022,1,11,港口航道与海岸工程,B607,北部湾大学,2,165314
2022,1,12,测绘工程,B607,北部湾大学,2,161715
2022,1,13,化学工程与工艺,B607,北部湾大学,1,169333
2022,1,14,能源化学工程,B607,北部湾大学,1,145856
2022,1,15,油气储运工程,B607,北部湾大学,2,173616
2022,1,19,船舶与海洋工程,B607,北部湾大学,1,161066
2022,1,1E,生物制药,B607,北部湾大学,1,168165
2022,1,1F,水产养殖学,B607,北部湾大学,2,175417
2022,1,2W,机械工程(中外合作办学),B607,北部湾大学,3,229362
2022,1,2X,机械设计制造及其自动化(中外合作办学),B607,北部湾大学,3,227845
2022,1,2Y,电子信息工程(中外合作办学),B607,北部湾大学,18,222637
2022,1,2Z,物联网工程(中外合作办学),B607,北部湾大学,5,228291
2022,1,30,工程造价(中外合作办学),B607,北部湾大学,2,226762
2022,1,31,车辆工程(中外合作办学),B607,北部湾大学,3,229639
2022,1,01,经济学,B629,北华航天工业学院,2,152757
2022,1,02,国际经济与贸易,B629,北华航天工业学院,2,151674
2022,1,03,社会工作,B629,北华航天工业学院,2,157004
2022,1,04,英语,B629,北华航天工业学院,2,148694
2022,1,06,机械设计制造及其自动化,B629,北华航天工业学院,2,56767
2022,1,07,材料成型及控制工程,B629,北华航天工业学院,1,166575
2022,1,08,机械电子工程,B629,北华航天工业学院,2,148890
2022,1,09,工业设计,B629,北华航天工业学院,1,168631
2022,1,10,车辆工程,B629,北华航天工业学院,1,147898
2022,1,12,金属材料工程,B629,北华航天工业学院,1,156415
2022,1,13,复合材料与工程,B629,北华航天工业学院,1,168741
2022,1,16,电气工程与智能控制,B629,北华航天工业学院,1,111528
2022,1,17,电子信息工程,B629,北华航天工业学院,2,132794
2022,1,18,通信工程,B629,北华航天工业学院,1,136067
2022,1,19,微电子科学与工程,B629,北华航天工业学院,2,135954
2022,1,22,自动化,B629,北华航天工业学院,2,137887
2022,1,24,计算机科学与技术,B629,北华航天工业学院,2,108176
2022,1,25,空间信息与数字技术,B629,北华航天工业学院,2,140113
2022,1,27,土木工程,B629,北华航天工业学院,2,155556
2022,1,28,建筑环境与能源应用工程,B629,北华航天工业学院,2,182576
2022,1,29,道路桥梁与渡河工程,B629,北华航天工业学院,1,170438
2022,1,33,飞行器制造工程,B629,北华航天工业学院,2,120165
2022,1,35,工程造价,B629,北华航天工业学院,1,164392
2022,1,36,会计学,B629,北华航天工业学院,1,110299
2022,1,37,财务管理,B629,北华航天工业学院,2,145297
2022,1,38,人力资源管理,B629,北华航天工业学院,2,150553
2022,1,39,物流管理,B629,北华航天工业学院,1,165514
2022,1,40,电子商务,B629,北华航天工业学院,2,162131
2022,1,41,通信工程(中外合作办学),B629,北华航天工业学院,5,212182
2022,1,42,机械设计制造及其自动化(中外合作办学),B629,北华航天工业学院,5,210174
2022,1,11,电气工程及其自动化,B632,沈阳工程学院,4,53134
2022,1,21,能源与动力工程,B632,沈阳工程学院,2,95038
2022,1,23,核工程与核技术,B632,沈阳工程学院,2,111241
2022,1,31,自动化,B632,沈阳工程学院,2,95403
2022,1,05,测绘工程,B641,江苏海洋大学,3,79235
2022,1,06,地理信息科学,B641,江苏海洋大学,1,68508
2022,1,10,船舶与海洋工程,B641,江苏海洋大学,3,83389
2022,1,12,港口航道与海岸工程,B641,江苏海洋大学,3,83069
2022,1,41,新能源科学与工程,B641,江苏海洋大学,3,71867
2022,1,46,工商管理,B641,江苏海洋大学,3,78011
2022,1,68,日语,B641,江苏海洋大学,3,76749
2022,1,04,水产养殖学(拔尖人才创新班),B646,宁波大学,3,45110
2022,1,05,经济学类,B646,宁波大学,4,27073
2022,1,06,工商管理类,B646,宁波大学,1,24330
2022,1,07,信息管理与信息系统,B646,宁波大学,2,28735
2022,1,09,法学类,B646,宁波大学,2,20640
2022,1,17,传播学,B646,宁波大学,2,22480
2022,1,20,英语,B646,宁波大学,2,23515
2022,1,30,微电子科学与工程,B646,宁波大学,1,22973
2022,1,31,物理学,B646,宁波大学,2,27016
2022,1,33,化学类,B646,宁波大学,5,32171
2022,1,34,化学工程与工艺,B646,宁波大学,4,33888
2022,1,35,机械类,B646,宁波大学,3,28639
2022,1,37,机械设计制造及其自动化(国际贸易班),B646,宁波大学,2,28976
2022,1,38,电子信息类,B646,宁波大学,2,23259
2022,1,39,计算机科学与技术,B646,宁波大学,1,20687
2022,1,40,土木工程,B646,宁波大学,3,34923
2022,1,41,环境工程,B646,宁波大学,2,33232
2022,1,45,物流管理,B646,宁波大学,2,35041
2022,1,46,生物科学类,B646,宁波大学,5,36159
2022,1,48,食品科学与工程,B646,宁波大学,2,30922
2022,1,49,临床医学,B646,宁波大学,2,14716
2022,1,58,旅游管理(中外合作办学)(中法合作),B646,宁波大学,9,87986
2022,1,59,人文地理与城乡规划(中外合作办学)(中法合作),B646,宁波大学,6,47311
2022,1,31,广播电视学,B647,浙江传媒学院,4,36356
2022,1,32,新闻学,B647,浙江传媒学院,3,33076
2022,1,33,编辑出版学,B647,浙江传媒学院,3,43633
2022,1,34,传播学,B647,浙江传媒学院,2,31596
2022,1,35,汉语言文学(网络文学与创意写作),B647,浙江传媒学院,2,46604
2022,1,36,汉语言文学,B647,浙江传媒学院,5,48730
2022,1,37,文化产业管理,B647,浙江传媒学院,4,50437
2022,1,38,网络与新媒体,B647,浙江传媒学院,5,41156
2022,1,39,广告学,B647,浙江传媒学院,3,41898
2022,1,40,会展经济与管理,B647,浙江传媒学院,2,53318
2022,1,41,公共关系学,B647,浙江传媒学院,1,38077
2022,1,42,数字媒体技术,B647,浙江传媒学院,5,43500
2022,1,43,广播电视工程,B647,浙江传媒学院,5,67015
2022,1,44,软件工程(传媒大数据),B647,浙江传媒学院,3,51566
2022,1,45,电子科学与技术(演艺工程与舞台技术),B647,浙江传媒学院,3,80300
2022,1,46,网络工程,B647,浙江传媒学院,3,59268
2022,1,47,人工智能,B647,浙江传媒学院,2,65912
2022,1,48,英语,B647,浙江传媒学院,1,38288
2022,1,49,传播学(中外合作办学),B647,浙江传媒学院,5,49055
2022,1,01,财政学,B652,河南财政金融学院,2,143441
2022,1,04,投资学,B652,河南财政金融学院,2,178163
2022,1,06,金融学,B652,河南财政金融学院,2,143776
2022,1,14,电子商务,B652,河南财政金融学院,2,175927
2022,1,18,工程造价,B652,河南财政金融学院,4,196863
2022,1,22,信用风险管理与法律防控,B652,河南财政金融学院,4,170963
2022,1,23,计算机科学与技术,B652,河南财政金融学院,2,170328
2022,1,25,软件工程,B652,河南财政金融学院,4,181706
2022,1,26,汉语言文学,B652,河南财政金融学院,6,151722
2022,1,27,商务英语,B652,河南财政金融学院,6,183396
2022,1,30,学前教育(师范类),B652,河南财政金融学院,4,175046
2022,1,32,智能科学与技术,B652,河南财政金融学院,6,191433
2022,1,33,环境科学,B652,河南财政金融学院,4,216550
2022,1,34,健康服务与管理,B652,河南财政金融学院,2,192059
2022,1,01,机械设计制造及其自动化,B653,南阳理工学院,5,185920
2022,1,05,自动化,B653,南阳理工学院,4,180110
2022,1,07,电子信息工程,B653,南阳理工学院,4,175531
2022,1,08,通信工程,B653,南阳理工学院,5,185151
2022,1,09,光电信息科学与工程,B653,南阳理工学院,5,193752
2022,1,12,计算机科学与技术,B653,南阳理工学院,2,154918
2022,1,13,数据科学与大数据技术,B653,南阳理工学院,2,176687
2022,1,14,网络空间安全,B653,南阳理工学院,4,178783
2022,1,15,数字媒体技术,B653,南阳理工学院,5,176587
2022,1,18,城乡规划,B653,南阳理工学院,2,180664
2022,1,19,历史建筑保护工程,B653,南阳理工学院,3,170619
2022,1,20,土木工程(房屋建筑方向),B653,南阳理工学院,5,206210
2022,1,21,土木工程(地下工程方向),B653,南阳理工学院,5,208059
2022,1,22,给排水科学与工程,B653,南阳理工学院,3,195317
2022,1,23,道路桥梁与渡河工程,B653,南阳理工学院,5,203619
2022,1,24,工程管理,B653,南阳理工学院,4,202248
2022,1,25,应用化学,B653,南阳理工学院,5,185027
2022,1,27,生物工程,B653,南阳理工学院,4,185089
2022,1,28,食品科学与工程,B653,南阳理工学院,5,182350
2022,1,30,中药学,B653,南阳理工学院,4,161041
2022,1,31,护理学,B653,南阳理工学院,2,165204
2022,1,33,数学与应用数学(经济数学方向),B653,南阳理工学院,4,193990
2022,1,35,新能源材料与器件,B653,南阳理工学院,4,191083
2022,1,37,工商管理,B653,南阳理工学院,3,183855
2022,1,39,财务管理,B653,南阳理工学院,3,170596
2022,1,43,小学教育(师范类),B653,南阳理工学院,6,152396
2022,1,45,网络与新媒体,B653,南阳理工学院,2,163120
2022,1,46,英语,B653,南阳理工学院,2,132613
2022,1,48,商务英语,B653,南阳理工学院,3,173654
2022,1,58,软件工程(移动设备应用开发方向),B653,南阳理工学院,5,189492
2022,1,64,电气工程及其自动化(中外合作办学),B653,南阳理工学院,2,215877
2022,1,65,应用化学(中外合作办学),B653,南阳理工学院,2,207479
2022,1,05,电子商务,B654,武汉商学院,2,98862
2022,1,07,国际商务,B654,武汉商学院,3,121071
2022,1,01,化学工程与工艺(卓越班),B656,广东石油化工学院,3,181097
2022,1,03,能源化学工程,B656,广东石油化工学院,3,182710
2022,1,04,应用化学,B656,广东石油化工学院,3,189472
2022,1,05,精细化工,B656,广东石油化工学院,3,215853
2022,1,06,人工智能,B656,广东石油化工学院,3,187348
2022,1,07,计算机科学与技术,B656,广东石油化工学院,3,175245
2022,1,12,石油工程,B656,广东石油化工学院,3,158410
2022,1,13,海洋油气工程,B656,广东石油化工学院,3,199371
2022,1,14,资源勘查工程,B656,广东石油化工学院,3,185482
2022,1,17,环境工程,B656,广东石油化工学院,3,181406
2022,1,29,安全工程,B656,广东石油化工学院,2,201755
2022,1,34,自动化,B656,广东石油化工学院,3,189211
2022,1,35,电子信息工程,B656,广东石油化工学院,3,186254
2022,1,41,数学与应用数学(师范类),B656,广东石油化工学院,3,183342
2022,1,42,信息与计算科学,B656,广东石油化工学院,3,189261
2022,1,44,物理学(师范类),B656,广东石油化工学院,3,193501
2022,1,45,新能源科学与工程,B656,广东石油化工学院,3,173829
2022,1,58,生物技术,B656,广东石油化工学院,3,176923
2022,1,05,教育学类(师范类),B658,海南师范大学,3,80349
2022,1,08,汉语言文学(师范类),B658,海南师范大学,12,70641
2022,1,09,数学与应用数学(师范类),B658,海南师范大学,3,64516
2022,1,11,数据科学与大数据技术,B658,海南师范大学,2,75758
2022,1,13,英语(师范类),B658,海南师范大学,7,68324
2022,1,16,历史学(师范类),B658,海南师范大学,2,70015
2022,1,18,地理科学类,B658,海南师范大学,3,73816
2022,1,19,物理学(师范类),B658,海南师范大学,2,75299
2022,1,20,自动化,B658,海南师范大学,4,98704
2022,1,21,电子信息科学与技术,B658,海南师范大学,5,104507
2022,1,22,光电信息科学与工程,B658,海南师范大学,3,107601
2022,1,24,化学(师范类),B658,海南师范大学,4,73874
2022,1,25,制药工程,B658,海南师范大学,5,121132
2022,1,29,生物技术,B658,海南师范大学,2,94965
2022,1,33,法学,B658,海南师范大学,2,72740
2022,1,36,电子商务,B658,海南师范大学,2,84252
2022,1,38,网络空间安全,B658,海南师范大学,2,98459
2022,1,40,旅游管理类,B658,海南师范大学,3,97943
2022,1,42,应用心理学(师范类),B658,海南师范大学,2,73422
2022,1,07,学前教育(中外合作办学)(师范类),B658,海南师范大学,5,123946
2022,1,39,软件工程(NIIT班),B658,海南师范大学,10,137313
2022,1,01,车辆工程,B660,重庆理工大学,5,59343
2022,1,04,能源与动力工程,B660,重庆理工大学,3,57016
2022,1,07,测控技术与仪器,B660,重庆理工大学,2,61798
2022,1,15,软件工程,B660,重庆理工大学,3,42026
2022,1,24,金融数学,B660,重庆理工大学,3,61563
2022,1,25,应用物理学,B660,重庆理工大学,3,62302
2022,1,29,会计学,B660,重庆理工大学,4,51687
2022,1,31,财务管理,B660,重庆理工大学,2,57410
2022,1,42,知识产权,B660,重庆理工大学,2,52521
2022,1,47,商务英语,B660,重庆理工大学,3,58669
2022,1,59,金融学类,B660,重庆理工大学,3,56158
2022,1,5A,机械类,B660,重庆理工大学,3,55961
2022,1,5B,材料类,B660,重庆理工大学,4,65077
2022,1,5D,工商管理类,B660,重庆理工大学,5,57594
2022,1,5E,计算机类,B660,重庆理工大学,4,40921
2022,1,5F,电子信息类,B660,重庆理工大学,4,48036
2022,1,5G,化工与制药类,B660,重庆理工大学,4,66287
2022,1,5H,药学类,B660,重庆理工大学,2,55588
2022,1,5K,国际经济与贸易,B660,重庆理工大学,2,71283
2022,1,5L,材料成型及控制工程,B660,重庆理工大学,3,66078
2022,1,5P,公共管理类,B660,重庆理工大学,4,64303
2022,1,5R,智能科学与技术,B660,重庆理工大学,3,48459
2022,1,5W,电气工程及其自动化,B660,重庆理工大学,5,47429
2022,1,5X,自动化,B660,重庆理工大学,2,51577
2022,1,5Y,人工智能,B660,重庆理工大学,2,46855
2022,1,5Z,智能车辆工程,B660,重庆理工大学,3,60918
2022,1,60,智能制造工程,B660,重庆理工大学,3,60604
2022,1,G7,本科预科班（招收边防军人子女）,B664,西安邮电大学,6,123155
2022,1,KG,会计学,B664,西安邮电大学,2,37210
2022,1,KH,财务管理,B664,西安邮电大学,4,40682
2022,1,KR,信息与计算科学,B664,西安邮电大学,3,34526
2022,1,KW,英语,B664,西安邮电大学,4,42431
2022,1,XC,通信工程,B664,西安邮电大学,6,31862
2022,1,XD,电子信息科学与技术,B664,西安邮电大学,6,33566
2022,1,XF,物联网工程,B664,西安邮电大学,5,33958
2022,1,XK,微电子科学与工程,B664,西安邮电大学,3,34620
2022,1,XL,光电信息科学与工程,B664,西安邮电大学,3,36569
2022,1,XM,集成电路设计与集成系统,B664,西安邮电大学,4,30809
2022,1,XN,电磁场与无线技术,B664,西安邮电大学,3,39587
2022,1,XP,计算机科学与技术,B664,西安邮电大学,3,25057
2022,1,XQ,软件工程,B664,西安邮电大学,3,29738
2022,1,XR,网络工程,B664,西安邮电大学,3,31998
2022,1,XT,测控技术与仪器,B664,西安邮电大学,3,42880
2022,1,XU,电气工程及其自动化,B664,西安邮电大学,3,32109
2022,1,XV,自动化,B664,西安邮电大学,3,34846
2022,1,XW,智能科学与技术,B664,西安邮电大学,3,33965
2022,1,XY,信息安全,B664,西安邮电大学,5,29845
2022,1,XZ,信息对抗技术,B664,西安邮电大学,3,38010
2022,1,66,电子信息工程(中外合作办学),B664,西安邮电大学,8,59099
2022,1,03,数学与应用数学,B688,山东工商学院,35,163260
2022,1,04,新闻传播学类,B688,山东工商学院,73,148569
2022,1,06,公共管理类,B688,山东工商学院,249,179568
2022,1,07,政治学与行政学,B688,山东工商学院,31,145383
2022,1,08,社会工作,B688,山东工商学院,31,165445
2022,1,09,财务管理,B688,山东工商学院,33,125477
2022,1,0A,人力资源管理,B688,山东工商学院,78,163001
2022,1,0B,人工智能,B688,山东工商学院,42,167415
2022,1,0D,电气工程及其自动化,B688,山东工商学院,31,153866
2022,1,0E,物流管理,B688,山东工商学院,38,171446
2022,1,0F,会计学,B688,山东工商学院,51,118235
2022,1,0G,通信工程,B688,山东工商学院,29,169331
2022,1,0H,金融科技,B688,山东工商学院,40,172166
2022,1,0J,电子信息工程,B688,山东工商学院,62,169387
2022,1,0K,工商管理,B688,山东工商学院,72,155568
2022,1,0L,安全工程,B688,山东工商学院,27,181271
2022,1,0N,电子商务,B688,山东工商学院,26,143394
2022,1,0P,工程管理,B688,山东工商学院,37,176409
2022,1,0R,数字媒体技术,B688,山东工商学院,41,161073
2022,1,0S,保险学,B688,山东工商学院,31,178770
2022,1,0T,应用统计学,B688,山东工商学院,36,157180
2022,1,0U,汉语言文学,B688,山东工商学院,83,128233
2022,1,0X,金融工程,B688,山东工商学院,40,166867
2022,1,0Y,外国语言文学类,B688,山东工商学院,119,168683
2022,1,0Z,投资学,B688,山东工商学院,29,171420
2022,1,10,财政学,B688,山东工商学院,31,138643
2022,1,12,审计学,B688,山东工商学院,71,130792
2022,1,13,经济统计学,B688,山东工商学院,29,159964
2022,1,15,金融学,B688,山东工商学院,84,154345
2022,1,16,经济学类,B688,山东工商学院,154,168274
2022,1,19,自动化,B688,山东工商学院,39,170988
2022,1,1A,工程造价,B688,山东工商学院,40,169993
2022,1,1C,网络工程,B688,山东工商学院,32,156164
2022,1,1D,资产评估,B688,山东工商学院,31,167608
2022,1,1E,法学,B688,山东工商学院,84,132356
2022,1,1F,市场营销,B688,山东工商学院,36,176173
2022,1,1J,工业工程,B688,山东工商学院,21,179997
2022,1,1L,信息管理与信息系统,B688,山东工商学院,42,172863
2022,1,1M,国际经济与贸易,B688,山东工商学院,94,170497
2022,1,1N,计算机科学与技术,B688,山东工商学院,51,141830
2022,1,1P,旅游管理,B688,山东工商学院,34,185283
2022,1,1Q,软件工程,B688,山东工商学院,28,146635
2022,1,1R,应急技术与管理,B688,山东工商学院,34,190694
2022,1,0Q,国际经济与贸易(中外合作办学),B688,山东工商学院,43,215064
2022,1,0W,金融学(中外合作办学),B688,山东工商学院,102,219969
2022,1,17,会计学(中外合作办学),B688,山东工商学院,169,214459
2022,1,18,财务管理(中外合作办学),B688,山东工商学院,36,202465
2022,1,1B,市场营销(中外合作办学),B688,山东工商学院,16,218949
2022,1,01,信息与计算科学(校企合作，与山东全通网融科技有限公司合作),B688,山东工商学院,80,211151
2022,1,02,英语(校企合作，与山东智博教育科技有限公司合作),B688,山东工商学院,70,183179
2022,1,05,自动化(校企合作1，与青岛英谷教育科技公司合作),B688,山东工商学院,60,208816
2022,1,0C,软件工程(校企合作，与山东浪潮优派科技教育公司合作),B688,山东工商学院,70,193203
2022,1,0M,统计学(校企合作，与青岛英谷教育科技公司合作),B688,山东工商学院,60,192032
2022,1,0V,电子科学与技术(校企合作，与青软创新科技集团合作),B688,山东工商学院,80,206851
2022,1,11,数字媒体技术(校企合作，与山东捷瑞数字科技公司合作),B688,山东工商学院,60,203107
2022,1,14,数据科学与大数据技术(校企合作，与青岛英谷教育科技公司合作),B688,山东工商学院,80,201165
2022,1,1G,电子商务(校企合作，与青岛英谷教育科技公司合作),B688,山东工商学院,80,194004
2022,1,1H,信息管理与信息系统(校企合作，与山东全通网融科技有限公司合作),B688,山东工商学院,70,212784
2022,1,1K,自动化(校企合作2，与青岛英谷教育科技公司合作),B688,山东工商学院,60,213104
2022,1,HL,小学教育(师范类),B709,呼和浩特民族学院,1,164491
2022,1,HR,税收学,B709,呼和浩特民族学院,1,190380
2022,1,HT,思想政治教育(师范类),B709,呼和浩特民族学院,1,153131
2022,1,HV,数学与应用数学(师范类),B709,呼和浩特民族学院,1,197903
2022,1,HZ,英语(师范类),B709,呼和浩特民族学院,1,152565
2022,1,Y2,汉语言文学(师范类),B709,呼和浩特民族学院,1,150105
2022,1,05,政治学与行政学,B726,长春大学,2,109489
2022,1,08,汉语言文学,B726,长春大学,2,90487
2022,1,0A,汉语国际教育,B726,长春大学,2,108586
2022,1,0B,英语,B726,长春大学,2,98184
2022,1,0C,俄语,B726,长春大学,2,139143
2022,1,0D,日语,B726,长春大学,2,133237
2022,1,0E,西班牙语,B726,长春大学,2,137110
2022,1,0G,数学与应用数学,B726,长春大学,1,111708
2022,1,0H,信息与计算科学,B726,长春大学,2,128937
2022,1,0M,工业工程,B726,长春大学,1,138450
2022,1,10,财务管理,B726,长春大学,2,104716
2022,1,11,工商管理,B726,长春大学,2,118585
2022,1,12,会计学,B726,长春大学,2,101736
2022,1,13,旅游管理,B726,长春大学,2,145429
2022,1,14,市场营销,B726,长春大学,2,132360
2022,1,15,物流管理,B726,长春大学,2,127523
2022,1,22,园林,B726,长春大学,2,141975
2022,1,26,风景园林,B726,长春大学,2,133438
2022,1,29,特殊教育(师范类),B726,长春大学,2,117433
2022,1,2A,机械工程,B726,长春大学,2,135467
2022,1,2B,车辆工程,B726,长春大学,1,121696
2022,1,2C,经济学,B726,长春大学,2,96197
2022,1,2D,金融学,B726,长春大学,2,108575
2022,1,2E,金融工程,B726,长春大学,2,121494
2022,1,2F,国际经济与贸易,B726,长春大学,1,119427
2022,1,2G,计算机科学与技术,B726,长春大学,2,96397
2022,1,2H,网络工程,B726,长春大学,2,127091
2022,1,2K,电气工程及其自动化,B726,长春大学,2,111665
2022,1,2N,通信工程,B726,长春大学,2,123395
2022,1,2Q,物联网工程,B726,长春大学,1,119115
2022,1,2R,食品科学与工程,B726,长春大学,2,133475
2022,1,2S,食品质量与安全,B726,长春大学,1,137310
2022,1,2T,软件工程,B726,长春大学,2,115540
2022,1,31,波兰语,B726,长春大学,2,156610
2022,1,32,材料科学与工程,B726,长春大学,2,145460
2022,1,33,数据科学与大数据技术,B726,长春大学,2,124093
2022,1,49,网络空间安全,B726,长春大学,2,125520
2022,1,17,机械工程(中外合作办学),B726,长春大学,2,193907
2022,1,18,自动化(中外合作办学),B726,长春大学,2,135891
2022,1,1U,俄语(中外合作办学),B726,长春大学,2,161466
2022,1,4A,电子信息工程(中外合作办学),B726,长春大学,2,180644
2022,1,4D,材料科学与工程(中外合作办学),B726,长春大学,4,207759
2022,1,4H,车辆工程(中外合作办学),B726,长春大学,5,211519
2022,1,4J,电气工程及其自动化(中外合作办学),B726,长春大学,5,179815
2022,1,4K,食品科学与工程(中外合作办学),B726,长春大学,4,206047
2022,1,17,酒店管理,B731,贵州商学院,4,206077
2022,1,21,电子商务,B731,贵州商学院,4,195164
2022,1,22,数据科学与大数据技术,B731,贵州商学院,4,201614
2022,1,27,会展经济与管理(中外合作办学),B731,贵州商学院,4,210466
2022,1,04,商务英语,B736,西安航空学院,3,120184
2022,1,08,飞行器动力工程,B736,西安航空学院,3,111154
2022,1,11,机器人工程,B736,西安航空学院,3,127168
2022,1,13,材料成型及控制工程,B736,西安航空学院,3,145183
2022,1,17,电气工程及其自动化,B736,西安航空学院,3,109270
2022,1,02,工程造价(数字化建造方向),B765,河南城建学院,4,201133
2022,1,04,电气工程及其自动化(智能输配电方向),B765,河南城建学院,5,197819
2022,1,05,给排水科学与工程,B765,河南城建学院,5,206950
2022,1,08,建筑环境与能源应用工程,B765,河南城建学院,5,205388
2022,1,10,测绘工程(智能测绘方向),B765,河南城建学院,5,210513
2022,1,19,能源与动力工程,B765,河南城建学院,4,198895
2022,1,21,计算机科学与技术,B765,河南城建学院,5,185950
2022,1,26,生物工程,B765,河南城建学院,4,194275
2022,1,32,高分子材料与工程,B765,河南城建学院,4,200207
2022,1,39,风景园林,B765,河南城建学院,4,187762
2022,1,01,地球物理学,B775,防灾科技学院,2,102318
2022,1,02,地质学,B775,防灾科技学院,2,106937
2022,1,03,勘查技术与工程,B775,防灾科技学院,2,132370
2022,1,04,资源勘查工程,B775,防灾科技学院,2,148668
2022,1,06,地理科学,B775,防灾科技学院,2,89708
2022,1,07,测绘工程,B775,防灾科技学院,3,152207
2022,1,08,地下水科学与工程,B775,防灾科技学院,2,162468
2022,1,09,土木工程,B775,防灾科技学院,3,155872
2022,1,0A,工程管理,B775,防灾科技学院,3,163416
2022,1,0B,水利水电工程,B775,防灾科技学院,2,146551
2022,1,0C,地质工程,B775,防灾科技学院,3,151379
2022,1,0D,城市地下空间工程,B775,防灾科技学院,3,163285
2022,1,0E,防灾减灾科学与工程,B775,防灾科技学院,3,111035
2022,1,0F,电气工程及其自动化,B775,防灾科技学院,4,116212
2022,1,0G,测控技术与仪器,B775,防灾科技学院,4,159274
2022,1,0H,通信工程,B775,防灾科技学院,4,143337
2022,1,0J,计算机类,B775,防灾科技学院,4,127317
2022,1,0L,物联网工程,B775,防灾科技学院,2,140910
2022,1,0M,数据科学与大数据技术,B775,防灾科技学院,2,124411
2022,1,0N,金融学,B775,防灾科技学院,2,135047
2022,1,0P,投资学,B775,防灾科技学院,3,157612
2022,1,0Q,会计学,B775,防灾科技学院,2,112451
2022,1,0S,应急管理,B775,防灾科技学院,2,131194
2022,1,0U,应急技术与管理,B775,防灾科技学院,2,115505
2022,1,0V,广告学,B775,防灾科技学院,3,135282
2022,1,0X,网络与新媒体,B775,防灾科技学院,4,128035
2022,1,11,经济学,B784,仰恩大学,5,219856
2022,1,22,新闻学,B784,仰恩大学,5,222091
2022,1,03,机械设计制造及其自动化,B798,武汉东湖学院,2,237454
2022,1,05,电子信息类,B798,武汉东湖学院,2,234705
2022,1,08,计算机类,B798,武汉东湖学院,6,233998
2022,1,0B,护理学,B798,武汉东湖学院,5,225490
2022,1,0D,财务管理,B798,武汉东湖学院,3,227114
2022,1,0L,金融学,B798,武汉东湖学院,3,223734
2022,1,0V,法学,B798,武汉东湖学院,5,203414
2022,1,0Z,学前教育,B798,武汉东湖学院,2,225538
2022,1,1R,英语,B798,武汉东湖学院,2,219374
2022,1,01,经济学,B799,重庆工商大学,1,36666
2022,1,02,经济与贸易类,B799,重庆工商大学,2,53483
2022,1,03,财政学类,B799,重庆工商大学,1,42807
2022,1,04,金融学类,B799,重庆工商大学,5,49084
2022,1,05,工商管理类,B799,重庆工商大学,5,53342
2022,1,06,旅游管理类,B799,重庆工商大学,1,69481
2022,1,07,工商管理类(财会),B799,重庆工商大学,6,50259
2022,1,09,物流管理,B799,重庆工商大学,3,66936
2022,1,10,工程管理,B799,重庆工商大学,3,76328
2022,1,12,大数据管理与应用,B799,重庆工商大学,1,46743
2022,1,16,新闻传播学类,B799,重庆工商大学,1,41222
2022,1,17,法学类,B799,重庆工商大学,3,35281
2022,1,19,计算机类,B799,重庆工商大学,3,46098
2022,1,20,人工智能,B799,重庆工商大学,1,49405
2022,1,22,电子信息工程,B799,重庆工商大学,3,51955
2022,1,25,机械类,B799,重庆工商大学,4,63773
2022,1,26,智能车辆工程,B799,重庆工商大学,4,69583
2022,1,27,包装工程,B799,重庆工商大学,2,156584
2022,1,30,材料科学与工程,B799,重庆工商大学,2,65631
2022,1,32,化工与制药类,B799,重庆工商大学,2,53482
2022,1,36,数据科学与大数据技术,B799,重庆工商大学,2,51848
2022,1,37,数据计算及应用,B799,重庆工商大学,2,70189
2022,1,39,商务英语,B799,重庆工商大学,2,49903
2022,1,45,国际经济与贸易(中外合作办学),B799,重庆工商大学,1,69448
2022,1,46,工商管理(中外合作办学),B799,重庆工商大学,1,66297
2022,1,48,会计学(中外合作办学),B799,重庆工商大学,4,67149
2022,1,49,人力资源管理(中外合作办学),B799,重庆工商大学,2,75748
2022,1,4A,金融学(中外合作办学),B799,重庆工商大学,2,61919
2022,1,0C,电子信息工程,B800,汉口学院,1,226754
2022,1,0H,数字媒体技术,B800,汉口学院,1,232292
2022,1,06,社会工作,B802,黑龙江工程学院,1,161990
2022,1,07,英语,B802,黑龙江工程学院,2,164223
2022,1,0C,机械类,B802,黑龙江工程学院,2,192416
2022,1,0D,机械设计制造及其自动化,B802,黑龙江工程学院,2,190771
2022,1,0E,车辆工程,B802,黑龙江工程学院,2,190467
2022,1,0F,汽车服务工程,B802,黑龙江工程学院,2,199033
2022,1,0H,材料类,B802,黑龙江工程学院,3,193083
2022,1,0J,材料化学,B802,黑龙江工程学院,2,194622
2022,1,0P,人工智能,B802,黑龙江工程学院,2,185170
2022,1,0R,机器人工程,B802,黑龙江工程学院,2,190477
2022,1,0S,计算机类,B802,黑龙江工程学院,2,179631
2022,1,0U,智能科学与技术,B802,黑龙江工程学院,2,183935
2022,1,0V,数据科学与大数据技术,B802,黑龙江工程学院,2,178308
2022,1,0W,土木类,B802,黑龙江工程学院,3,192552
2022,1,0X,建筑环境与能源应用工程,B802,黑龙江工程学院,2,202008
2022,1,0Y,给排水科学与工程,B802,黑龙江工程学院,2,199522
2022,1,0Z,测绘工程,B802,黑龙江工程学院,3,196323
2022,1,12,城乡规划,B802,黑龙江工程学院,2,177992
2022,1,14,工程造价,B802,黑龙江工程学院,2,184055
2022,1,15,市场营销,B802,黑龙江工程学院,2,189137
2022,1,16,会计学,B802,黑龙江工程学院,2,160677
2022,1,17,财务管理,B802,黑龙江工程学院,2,174465
2022,1,1B,金融工程,B802,黑龙江工程学院,2,185759
2022,1,06,材料成型及控制工程,B807,兰州工业学院,2,212654
2022,1,07,机械电子工程,B807,兰州工业学院,3,200849
2022,1,09,汽车服务工程,B807,兰州工业学院,3,214219
2022,1,0F,电气工程及其自动化,B807,兰州工业学院,3,174128
2022,1,0G,电子信息工程,B807,兰州工业学院,3,198453
2022,1,0H,通信工程,B807,兰州工业学院,3,198601
2022,1,0J,自动化,B807,兰州工业学院,3,201822
2022,1,0K,轨道交通信号与控制,B807,兰州工业学院,3,208603
2022,1,0L,软件工程,B807,兰州工业学院,4,198046
2022,1,0P,数字媒体技术,B807,兰州工业学院,3,197983
2022,1,0T,建筑环境与能源应用工程,B807,兰州工业学院,3,208055
2022,1,0U,给排水科学与工程,B807,兰州工业学院,3,206686
2022,1,0V,工程造价,B807,兰州工业学院,3,202952
2022,1,0X,物流管理,B807,兰州工业学院,3,201039
2022,1,0Y,电子商务,B807,兰州工业学院,3,202155
2022,1,01,临床医学,B810,海南医学院,10,71678
2022,1,08,口腔医学,B810,海南医学院,3,58297
2022,1,14,药学,B810,海南医学院,3,110256
2022,1,15,海洋药学,B810,海南医学院,3,150069
2022,1,17,医学检验技术,B810,海南医学院,3,107588
2022,1,18,卫生检验与检疫,B810,海南医学院,3,121256
2022,1,19,护理学,B810,海南医学院,2,135698
2022,1,21,医学影像技术,B810,海南医学院,3,100855
2022,1,30,健康服务与管理,B810,海南医学院,2,139328
2022,1,0J,应用化学(含教育部卓越计划班),B819,东莞理工学院,4,101818
2022,1,0K,食品质量与安全,B819,东莞理工学院,2,131754
2022,1,0M,能源化学工程,B819,东莞理工学院,2,105405
2022,1,0N,能源与动力工程,B819,东莞理工学院,2,110483
2022,1,0U,国际经济与贸易,B819,东莞理工学院,2,101282
2022,1,10,英语,B819,东莞理工学院,3,108731
2022,1,06,市场营销,B825,桂林航天工业学院,2,199947
2022,1,07,财务管理,B825,桂林航天工业学院,3,173438
2022,1,08,物流管理,B825,桂林航天工业学院,2,191560
2022,1,09,物流工程,B825,桂林航天工业学院,2,187258
2022,1,12,机械设计制造及其自动化,B825,桂林航天工业学院,4,189659
2022,1,13,机械电子工程,B825,桂林航天工业学院,3,190176
2022,1,14,材料成型及控制工程,B825,桂林航天工业学院,2,202218
2022,1,15,智能制造工程,B825,桂林航天工业学院,2,188427
2022,1,16,通信工程,B825,桂林航天工业学院,3,186812
2022,1,17,电子信息工程,B825,桂林航天工业学院,3,181940
2022,1,18,自动化,B825,桂林航天工业学院,3,185104
2022,1,19,测控技术与仪器,B825,桂林航天工业学院,2,193698
2022,1,20,汽车服务工程,B825,桂林航天工业学院,2,205850
2022,1,21,车辆工程,B825,桂林航天工业学院,3,200889
2022,1,22,新能源汽车工程,B825,桂林航天工业学院,2,193982
2022,1,23,能源与动力工程,B825,桂林航天工业学院,3,173850
2022,1,24,建筑环境与能源应用工程,B825,桂林航天工业学院,2,205485
2022,1,27,软件工程,B825,桂林航天工业学院,2,171789
2022,1,28,物联网工程,B825,桂林航天工业学院,2,179761
2022,1,29,计算机科学与技术,B825,桂林航天工业学院,2,168549
2022,1,30,商务英语,B825,桂林航天工业学院,4,191942
2022,1,31,国际商务,B825,桂林航天工业学院,4,197712
2022,1,32,数字媒体技术,B825,桂林航天工业学院,3,179473
2022,1,33,数据科学与大数据技术,B825,桂林航天工业学院,3,182969
2022,1,34,飞行器制造工程,B825,桂林航天工业学院,2,178243
2022,1,35,飞行器质量与可靠性,B825,桂林航天工业学院,2,185033
2022,1,36,飞行器动力工程,B825,桂林航天工业学院,2,178654
2022,1,01,经济学,B832,河北经贸大学,4,65951
2022,1,02,国际经济与贸易,B832,河北经贸大学,5,75251
2022,1,04,贸易经济,B832,河北经贸大学,4,87076
2022,1,05,金融学类,B832,河北经贸大学,5,65874
2022,1,06,金融科技,B832,河北经贸大学,5,70656
2022,1,12,工商管理类,B832,河北经贸大学,16,84651
2022,1,14,大数据管理与应用,B832,河北经贸大学,2,76944
2022,1,15,物流管理,B832,河北经贸大学,2,92735
2022,1,17,法学,B832,河北经贸大学,12,58393
2022,1,18,中国语言文学类,B832,河北经贸大学,4,69561
2022,1,19,新闻传播学类,B832,河北经贸大学,3,72281
2022,1,20,英语,B832,河北经贸大学,2,66857
2022,1,21,日语,B832,河北经贸大学,2,94606
2022,1,22,商务英语,B832,河北经贸大学,4,78260
2022,1,23,数学类,B832,河北经贸大学,3,85624
2022,1,24,统计学类,B832,河北经贸大学,6,81607
2022,1,25,人工智能,B832,河北经贸大学,3,71389
2022,1,26,计算机类,B832,河北经贸大学,8,69924
2022,1,27,旅游管理类,B832,河北经贸大学,10,231995
2022,1,28,会计学,B832,河北经贸大学,10,66092
2022,1,01,金融学,B833,上海杉达学院,1,129442
2022,1,04,法学,B833,上海杉达学院,1,165349
2022,1,0F,旅游管理(双语教学),B833,上海杉达学院,1,185112
2022,1,0K,日语,B833,上海杉达学院,1,190639
2022,1,0T,电子商务,B833,上海杉达学院,1,130694
2022,1,1U,国际经济与贸易(中外合作办学)(中美合作办学),B833,上海杉达学院,1,184225
2022,1,06,学前教育(师范类),B834,黄河科技学院,3,212475
2022,1,0X,农业工程,B834,黄河科技学院,4,225509
2022,1,1A,财务管理,B834,黄河科技学院,3,212138
2022,1,1C,物流管理,B834,黄河科技学院,3,217859
2022,1,01,法学(卓越法律人才培养创新班),B835,上海政法学院,2,18138
2022,1,02,法学(涉外卓越法律人才培养创新班),B835,上海政法学院,3,20777
2022,1,04,法学(民商法方向),B835,上海政法学院,3,22173
2022,1,06,法学(体育法方向),B835,上海政法学院,3,26736
2022,1,07,法学(经济法方向),B835,上海政法学院,3,22931
2022,1,08,法学(国际经济法方向),B835,上海政法学院,3,23463
2022,1,09,法学(刑事司法方向),B835,上海政法学院,4,23366
2022,1,0B,法学(AI法学方向),B835,上海政法学院,3,24623
2022,1,0C,知识产权,B835,上海政法学院,3,24943
2022,1,0D,监狱学,B835,上海政法学院,2,26737
2022,1,0M,审计学,B835,上海政法学院,3,34932
2022,1,0N,电子商务及法律,B835,上海政法学院,2,35896
2022,1,0R,应用心理学,B835,上海政法学院,2,31293
2022,1,0W,英语,B835,上海政法学院,3,37171
2022,1,0X,翻译,B835,上海政法学院,3,39401
2022,1,0Y,俄语,B835,上海政法学院,3,51144
2022,1,10,汉语国际教育,B835,上海政法学院,3,40944
2022,1,12,网络与新媒体,B835,上海政法学院,2,32769
2022,1,13,广播电视学(卓越新闻传播人才培养试点班),B835,上海政法学院,3,37384
2022,1,14,思想政治教育,B835,上海政法学院,2,32392
2022,1,02,会展经济与管理,B837,桂林旅游学院,2,202437
2022,1,04,旅游管理,B837,桂林旅游学院,2,204099
2022,1,06,风景园林,B837,桂林旅游学院,2,200801
2022,1,07,数据科学与大数据技术,B837,桂林旅游学院,3,212146
2022,1,08,人工智能,B837,桂林旅游学院,2,209171
2022,1,09,经济与金融,B837,桂林旅游学院,2,194302
2022,1,10,财务管理,B837,桂林旅游学院,2,191938
2022,1,12,会计学,B837,桂林旅游学院,2,188090
2022,1,13,市场营销,B837,桂林旅游学院,2,204311
2022,1,14,英语,B837,桂林旅游学院,7,190963
2022,1,20,汉语国际教育,B837,桂林旅游学院,3,188081
2022,1,21,传播学,B837,桂林旅游学院,4,198295
2022,1,22,烹饪与营养教育,B837,桂林旅游学院,2,205319
2022,1,23,食品质量与安全,B837,桂林旅游学院,2,195880
2022,1,30,酒店管理(中外合作办学),B837,桂林旅游学院,14,221795
2022,1,0E,历史学,B838,贺州学院,4,185550
2022,1,0N,电气工程及其自动化,B838,贺州学院,4,208398
2022,1,0Q,通信工程,B838,贺州学院,4,212985
2022,1,0S,人工智能,B838,贺州学院,4,216649
2022,1,18,旅游管理,B838,贺州学院,4,201420
2022,1,1C,思想政治教育(师范类),B838,贺州学院,5,177527
2022,1,1J,汉语言文学(师范类),B838,贺州学院,4,173933
2022,1,01,临床医学,B840,西安医学院,2,42810
2022,1,09,药学,B840,西安医学院,5,114452
2022,1,17,护理学,B840,西安医学院,5,145287
2022,1,19,市场营销,B840,西安医学院,3,163905
2022,1,20,公共事业管理,B840,西安医学院,3,158574
2022,1,0H,国际经济与贸易,B843,九江学院,4,168211
2022,1,0J,金融学,B843,九江学院,3,159858
2022,1,0M,法学,B843,九江学院,4,143665
2022,1,0Z,英语,B843,九江学院,4,163756
2022,1,12,数学与应用数学,B843,九江学院,4,186104
2022,1,19,应用化学,B843,九江学院,4,195656
2022,1,1A,机械设计制造及其自动化,B843,九江学院,4,190174
2022,1,1G,电子信息工程,B843,九江学院,4,181769
2022,1,1K,计算机科学与技术,B843,九江学院,3,178915
2022,1,1M,物联网工程,B843,九江学院,4,185376
2022,1,1P,软件工程,B843,九江学院,4,173355
2022,1,1Q,土木工程,B843,九江学院,4,202331
2022,1,1S,城乡规划,B843,九江学院,3,184717
2022,1,1V,临床医学,B843,九江学院,5,101505
2022,1,24,护理学,B843,九江学院,4,171986
2022,1,26,会计学,B843,九江学院,5,144019
2022,1,28,审计学,B843,九江学院,5,150735
2022,1,01,机械类,B845,广东工业大学,4,35671
2022,1,06,自动化类,B845,广东工业大学,4,33034
2022,1,14,电子信息类,B845,广东工业大学,4,33191
2022,1,23,计算机类,B845,广东工业大学,4,29121
2022,1,33,电子科学与技术,B845,广东工业大学,4,34387
2022,1,41,工商管理类,B845,广东工业大学,4,49722
2022,1,48,国际经济与贸易,B845,广东工业大学,4,42868
2022,1,52,工业设计,B845,广东工业大学,4,41773
2022,1,J1,机械电子工程,B845,广东工业大学,3,37507
2022,1,J2,电气工程及其自动化,B845,广东工业大学,2,36094
2022,1,J3,计算机科学与技术,B845,广东工业大学,3,31795
2022,1,J5,化学工程与工艺,B845,广东工业大学,2,45087
2022,1,02,经济统计学,B846,广东外语外贸大学,3,33774
2022,1,04,财政学类,B846,广东外语外贸大学,1,26328
2022,1,05,金融学类,B846,广东外语外贸大学,1,18713
2022,1,06,国际经济与贸易,B846,广东外语外贸大学,1,27191
2022,1,07,法学,B846,广东外语外贸大学,2,26598
2022,1,09,社会工作,B846,广东外语外贸大学,2,44363
2022,1,10,教育学,B846,广东外语外贸大学,1,43709
2022,1,13,英语,B846,广东外语外贸大学,2,22395
2022,1,16,德语,B846,广东外语外贸大学,1,22852
2022,1,20,日语,B846,广东外语外贸大学,1,29695
2022,1,30,乌尔都语,B846,广东外语外贸大学,2,63593
2022,1,31,希伯来语,B846,广东外语外贸大学,1,34720
2022,1,38,希腊语,B846,广东外语外贸大学,1,29771
2022,1,39,意大利语,B846,广东外语外贸大学,1,34283
2022,1,42,商务英语,B846,广东外语外贸大学,1,24530
2022,1,45,应用心理学,B846,广东外语外贸大学,1,29388
2022,1,46,计算机类,B846,广东外语外贸大学,7,39755
2022,1,47,工商管理类,B846,广东外语外贸大学,8,45411
2022,1,P1,工商管理,B847,佛山科学技术学院,5,166123
2022,1,P3,会计学,B847,佛山科学技术学院,7,149468
2022,1,P6,人力资源管理,B847,佛山科学技术学院,5,158942
2022,1,02,学前教育(师范类),B963,亳州学院,3,170319
2022,1,09,文化产业管理,B963,亳州学院,3,193962
2022,1,0B,网络与新媒体,B963,亳州学院,3,170143
2022,1,0D,酿酒工程,B963,亳州学院,3,186796
2022,1,0H,物流管理,B963,亳州学院,3,197742
2022,1,0J,酒店管理,B963,亳州学院,3,207524
2022,1,0M,电子商务,B963,亳州学院,3,184407
2022,1,0R,商务英语,B963,亳州学院,3,181629
2022,1,01,汉语言文学(师范类),B969,郑州师范学院,3,87628
2022,1,21,计算机科学与技术,B969,郑州师范学院,3,140872
2022,1,01,市场营销,C026,大连民族大学,2,108800
2022,1,03,工商管理,C026,大连民族大学,2,99319
2022,1,04,行政管理,C026,大连民族大学,2,87322
2022,1,05,人力资源管理,C026,大连民族大学,2,93442
2022,1,06,机械设计制造及其自动化,C026,大连民族大学,2,106404
2022,1,07,自动化,C026,大连民族大学,3,109725
2022,1,11,机器人工程,C026,大连民族大学,2,108943
2022,1,12,智能制造工程,C026,大连民族大学,2,105603
2022,1,14,食品科学与工程,C026,大连民族大学,2,109429
2022,1,19,英语,C026,大连民族大学,3,75048
2022,1,21,朝鲜语,C026,大连民族大学,2,107978
2022,1,22,计算机科学与技术,C026,大连民族大学,2,74546
2022,1,25,人工智能,C026,大连民族大学,2,96144
2022,1,26,工业设计,C026,大连民族大学,2,96273
2022,1,30,汉语言文学,C026,大连民族大学,3,72423
2022,1,31,法学,C026,大连民族大学,4,66620
2022,1,32,新闻学,C026,大连民族大学,2,72695
2022,1,36,统计学,C026,大连民族大学,2,96678
2022,1,37,区块链工程,C026,大连民族大学,3,111918
2022,1,39,会计学,C026,大连民族大学,2,76987
2022,1,40,财务管理,C026,大连民族大学,2,83883
2022,1,41,国际商务,C026,大连民族大学,2,93284
2022,1,42,电子信息工程,C026,大连民族大学,2,90988
2022,1,44,物联网工程,C026,大连民族大学,2,97765
2022,1,45,生物技术,C026,大连民族大学,2,99466
2022,1,48,经济林,C026,大连民族大学,3,198916
2022,1,51,建筑学,C026,大连民族大学,2,97380
2022,1,08,汉语言文学(师范类),C034,湖南第一师范学院,2,75045
2022,1,13,数学与应用数学(师范类),C034,湖南第一师范学院,2,109382
2022,1,14,信息与计算科学,C034,湖南第一师范学院,2,117678
2022,1,21,英语(师范类),C034,湖南第一师范学院,2,83504
2022,1,24,电子信息工程,C034,湖南第一师范学院,4,144541
2022,1,26,通信工程,C034,湖南第一师范学院,4,124291
2022,1,27,人工智能,C034,湖南第一师范学院,4,147028
2022,1,29,教育技术学(师范类),C034,湖南第一师范学院,3,123077
2022,1,30,计算机科学与技术,C034,湖南第一师范学院,4,108002
2022,1,31,国际经济与贸易,C034,湖南第一师范学院,4,132999
2022,1,32,市场营销,C034,湖南第一师范学院,4,140150
2022,1,33,会计学,C034,湖南第一师范学院,3,115597
2022,1,51,思想政治教育(师范类),C034,湖南第一师范学院,2,93839
2022,1,02,材料成型及控制工程,C044,上海第二工业大学,2,63372
2022,1,16,软件工程,C044,上海第二工业大学,1,40059
2022,1,21,环保设备工程,C044,上海第二工业大学,2,69904
2022,1,38,酒店管理,C044,上海第二工业大学,3,86649
2022,1,40,工业设计,C044,上海第二工业大学,2,59231
2022,1,01,特殊教育(师范类),C048,南京特殊教育师范学院,3,90270
2022,1,02,小学教育(师范类),C048,南京特殊教育师范学院,2,92955
2022,1,04,学前教育(师范类),C048,南京特殊教育师范学院,5,133974
2022,1,07,公共事业管理,C048,南京特殊教育师范学院,2,137331
2022,1,09,英语(师范类),C048,南京特殊教育师范学院,5,112806
2022,1,18,教育技术学(师范类),C048,南京特殊教育师范学院,2,129308
2022,1,19,计算机科学与技术(嵌入式培养),C048,南京特殊教育师范学院,3,167366
2022,1,20,数学与应用数学(师范类),C048,南京特殊教育师范学院,4,147988
2022,1,09,会计学,C050,上海商学院,4,54013
2022,1,0C,国际经济与贸易,C050,上海商学院,3,56172
2022,1,0N,法学,C050,上海商学院,3,37051
2022,1,0T,计算机科学与技术,C050,上海商学院,4,64292
2022,1,01,机械设计制造及其自动化,C056,南通理工学院,4,232849
2022,1,05,智能制造工程,C056,南通理工学院,5,234073
2022,1,07,车辆工程,C056,南通理工学院,3,237272
2022,1,10,工程管理,C056,南通理工学院,3,240018
2022,1,11,工程造价,C056,南通理工学院,4,240029
2022,1,12,土木工程,C056,南通理工学院,5,243628
2022,1,14,物流管理,C056,南通理工学院,3,221210
2022,1,16,电子商务,C056,南通理工学院,4,221880
2022,1,17,金融工程,C056,南通理工学院,3,225719
2022,1,19,酒店管理,C056,南通理工学院,3,223096
2022,1,31,数据科学与大数据技术(嵌入式培养),C056,南通理工学院,5,236569
2022,1,37,船舶与海洋工程,C056,南通理工学院,3,235123
2022,1,04,商务英语,C059,广东培正学院,5,240485
2022,1,23,会计学,C059,广东培正学院,5,236459
2022,1,26,法学,C059,广东培正学院,5,223733
2022,1,34,计算机科学与技术,C059,广东培正学院,5,251980
2022,1,02,机械电子工程,C105,天津中德应用技术大学,6,160573
2022,1,03,金属材料工程,C105,天津中德应用技术大学,4,170957
2022,1,04,飞行器制造工程,C105,天津中德应用技术大学,4,165076
2022,1,0G,能源与动力工程,C105,天津中德应用技术大学,6,162104
2022,1,0H,车辆工程,C105,天津中德应用技术大学,4,171816
2022,1,0K,质量管理工程,C105,天津中德应用技术大学,5,163939
2022,1,0L,财务管理,C105,天津中德应用技术大学,5,135258
2022,1,0M,德语,C105,天津中德应用技术大学,14,173492
2022,1,31,法学类,C107,贵州警察学院,10,147826
2022,1,01,临床医学(本硕博连读),C121,南方医科大学,3,2643
2022,1,03,临床医学,C121,南方医科大学,4,5956
2022,1,05,儿科学,C121,南方医科大学,2,14243
2022,1,09,法医学,C121,南方医科大学,2,21414
2022,1,0A,口腔医学,C121,南方医科大学,2,6277
2022,1,0B,医学影像学,C121,南方医科大学,2,9569
2022,1,0C,预防医学,C121,南方医科大学,3,16556
2022,1,0E,中西医临床医学,C121,南方医科大学,2,11039
2022,1,0F,药学,C121,南方医科大学,2,20558
2022,1,0H,中药学,C121,南方医科大学,3,35744
2022,1,0P,生物医学工程,C121,南方医科大学,6,33989
2022,1,0U,医学检验技术,C121,南方医科大学,5,29896
2022,1,0V,康复治疗学,C121,南方医科大学,7,40636
2022,1,0Y,健康服务与管理,C121,南方医科大学,2,40251
2022,1,01,临床医学,C214,湖南医药学院,2,71603
2022,1,05,针灸推拿学,C214,湖南医药学院,1,104040
2022,1,06,医学影像技术,C214,湖南医药学院,1,90233
2022,1,07,医学检验技术,C214,湖南医药学院,1,116011
2022,1,09,药学,C214,湖南医药学院,1,120885
2022,1,10,中药学,C214,湖南医药学院,1,103446
2022,1,12,护理学,C214,湖南医药学院,1,113466
2022,1,14,康复治疗学,C214,湖南医药学院,1,109546
2022,1,33,物流管理,C216,安徽新华学院,15,241929
2022,1,34,电子商务,C216,安徽新华学院,15,248858
2022,1,1A,新闻学(网络新媒体),C308,海口经济学院,3,238986
2022,1,1B,建筑类,C308,海口经济学院,3,243995
2022,1,1D,土木工程,C308,海口经济学院,3,256237
2022,1,1M,市场营销(新媒体营销),C308,海口经济学院,2,240782
2022,1,1R,人力资源管理(薪酬绩效设计师),C308,海口经济学院,4,248716
2022,1,1T,数据科学与大数据技术(数字平台运维),C308,海口经济学院,2,245433
2022,1,1V,经济学类,C308,海口经济学院,10,244506
2022,1,1W,外国语言文学类,C308,海口经济学院,4,244560
2022,1,1Y,旅游管理类,C308,海口经济学院,10,254206
2022,1,2A,计算机科学与技术,C308,海口经济学院,3,263217
2022,1,4A,人力资源管理,C308,海口经济学院,2,248345
2022,1,4B,市场营销,C308,海口经济学院,8,253039
2022,1,4C,电子商务,C308,海口经济学院,4,249278
2022,1,4D,市场营销(创意产业管理),C308,海口经济学院,2,247818
2022,1,4F,会展经济与管理(数字会展),C308,海口经济学院,2,249206
2022,1,9C,英语(教育、翻译、商务方向),C308,海口经济学院,6,246082
2022,1,9E,旅游管理(智慧旅游),C308,海口经济学院,10,254241
2022,1,9M,电子商务(创业与商业管理),C308,海口经济学院,8,253495
2022,1,9S,审计学,C308,海口经济学院,2,229238
2022,1,01,计算机科学与技术,C309,武昌首义学院,1,204906
2022,1,02,软件工程,C309,武昌首义学院,1,206859
2022,1,07,计算机科学与技术(华为云特色班),C309,武昌首义学院,1,209026
2022,1,08,软件工程(华为云特色班),C309,武昌首义学院,1,211026
2022,1,13,机械电子工程,C309,武昌首义学院,2,228018
2022,1,16,机器人工程,C309,武昌首义学院,2,228783
2022,1,17,土木工程,C309,武昌首义学院,2,229848
2022,1,19,工程造价,C309,武昌首义学院,2,228572
2022,1,23,外国语言文学类,C309,武昌首义学院,2,206970
2022,1,24,金融学,C309,武昌首义学院,2,207643
2022,1,31,法学,C309,武昌首义学院,2,202774
2022,1,34,网络与新媒体,C309,武昌首义学院,2,200721
2022,1,13,软件工程(科大讯飞精英班),C310,武昌理工学院,18,246105
2022,1,14,智能科学与技术(科大讯飞精英班),C310,武昌理工学院,10,249043
2022,1,15,数据科学与大数据技术(科大讯飞精英班),C310,武昌理工学院,10,248319
2022,1,26,工商管理(精英班),C310,武昌理工学院,28,240815
2022,1,27,市场营销(数字营销精英班),C310,武昌理工学院,3,237718
2022,1,01,计算机科学与技术,C331,山东女子学院,77,193001
2022,1,02,金融工程,C331,山东女子学院,40,190526
2022,1,04,数字媒体技术,C331,山东女子学院,50,198260
2022,1,05,旅游管理,C331,山东女子学院,62,200167
2022,1,06,知识产权,C331,山东女子学院,32,173580
2022,1,07,工商管理,C331,山东女子学院,47,184833
2022,1,09,养老服务管理,C331,山东女子学院,69,196128
2022,1,0B,财务管理,C331,山东女子学院,35,177361
2022,1,0D,市场营销,C331,山东女子学院,69,196902
2022,1,0F,俄语,C331,山东女子学院,26,194123
2022,1,0P,社会工作,C331,山东女子学院,49,189506
2022,1,0R,物流管理,C331,山东女子学院,22,192691
2022,1,0S,学前教育(师范类),C331,山东女子学院,140,172573
2022,1,0V,文化产业管理,C331,山东女子学院,34,188968
2022,1,0Y,人力资源管理,C331,山东女子学院,56,187082
2022,1,0Z,国际经济与贸易,C331,山东女子学院,58,192505
2022,1,11,金融学,C331,山东女子学院,38,183860
2022,1,17,数据计算及应用,C331,山东女子学院,40,203419
2022,1,18,会计学,C331,山东女子学院,113,176146
2022,1,1B,女性学,C331,山东女子学院,16,189620
2022,1,1C,审计学,C331,山东女子学院,31,174036
2022,1,1F,商务英语(仅招收英语语种考生),C331,山东女子学院,57,180564
2022,1,1H,健康服务与管理,C331,山东女子学院,40,195341
2022,1,1L,软件工程,C331,山东女子学院,45,197057
2022,1,1M,英语(仅招收英语语种考生),C331,山东女子学院,71,165963
2022,1,1Q,小学教育(师范类),C331,山东女子学院,90,150638
2022,1,1T,日语,C331,山东女子学院,26,189670
2022,1,1X,数据科学与大数据技术,C331,山东女子学院,50,198208
2022,1,1Z,应用心理学,C331,山东女子学院,34,174097
2022,1,0G,计算机科学与技术(校企合作，与浪潮集团有限公司合作),C331,山东女子学院,35,206019
2022,1,0H,国际经济与贸易(校企合作，与山东全通网融科技有限公司合作),C331,山东女子学院,45,204251
2022,1,0K,会展经济与管理(校企合作，与山东华仁教育发展有限公司合作),C331,山东女子学院,35,204739
2022,1,0N,广播电视学(校企合作，与杭州时光坐标影视传媒有限公司合作),C331,山东女子学院,45,199865
2022,1,0X,健康服务与管理(校企合作，与山东绿地泉美好生活服务集团合作),C331,山东女子学院,30,203424
2022,1,13,工商管理(校企合作，与山东全通网融科技有限公司合作),C331,山东女子学院,45,201243
2022,1,15,人力资源管理(校企合作，与人才有价山东有限公司合作),C331,山东女子学院,30,198598
2022,1,1D,会计学(校企合作，与北京思汇知行教育科技有限公司合作),C331,山东女子学院,40,187949
2022,1,1E,投资学(校企合作，与山东华仁教育发展有限公司合作),C331,山东女子学院,40,204705
2022,1,1G,金融工程(校企合作，与山东华仁教育发展有限公司合作),C331,山东女子学院,40,199795
2022,1,1J,人工智能(校企合作，与鼎利卓远山东教育科技有限公司合作),C331,山东女子学院,40,214369
2022,1,1S,酒店管理(校企合作，与山东华仁教育发展有限公司合作),C331,山东女子学院,35,205639
2022,1,1V,数字媒体技术(校企合作，与山东新视觉数码科技有限公司合作),C331,山东女子学院,40,212173
2022,1,20,跨境电子商务(校企合作，与鼎利卓远山东教育科技有限公司合作),C331,山东女子学院,30,205084
2022,1,01,食品营养与健康,C332,烟台南山学院,22,218752
2022,1,04,信息管理与信息系统,C332,烟台南山学院,22,233631
2022,1,08,物联网工程,C332,烟台南山学院,22,233814
2022,1,09,护理学,C332,烟台南山学院,27,206279
2022,1,0A,国际商务,C332,烟台南山学院,20,217403
2022,1,0B,软件工程,C332,烟台南山学院,23,229161
2022,1,0C,服装设计与工程,C332,烟台南山学院,20,230188
2022,1,0K,电气工程及其自动化,C332,烟台南山学院,25,229864
2022,1,0L,市场营销,C332,烟台南山学院,22,219194
2022,1,0Q,物流管理,C332,烟台南山学院,23,216732
2022,1,0R,纺织工程,C332,烟台南山学院,33,229423
2022,1,0T,测控技术与仪器,C332,烟台南山学院,23,242847
2022,1,0V,康复治疗学,C332,烟台南山学院,27,214231
2022,1,0W,人工智能,C332,烟台南山学院,27,235468
2022,1,0X,计算机科学与技术,C332,烟台南山学院,32,228425
2022,1,0Y,金融工程,C332,烟台南山学院,24,219367
2022,1,10,机械设计制造及其自动化,C332,烟台南山学院,25,234890
2022,1,11,化学工程与工艺,C332,烟台南山学院,22,217273
2022,1,13,材料成型及控制工程,C332,烟台南山学院,20,236658
2022,1,15,食品科学与工程,C332,烟台南山学院,22,213975
2022,1,19,酒店管理,C332,烟台南山学院,23,225318
2022,1,1C,金属材料工程,C332,烟台南山学院,25,242567
2022,1,1E,会计学,C332,烟台南山学院,23,212295
2022,1,1H,过程装备与控制工程,C332,烟台南山学院,23,242181
2022,1,1K,车辆工程,C332,烟台南山学院,23,237050
2022,1,1M,汉语国际教育,C332,烟台南山学院,23,211933
2022,1,1N,工商管理,C332,烟台南山学院,25,213499
2022,1,1Q,大数据管理与应用,C332,烟台南山学院,24,239015
2022,1,1T,工业设计,C332,烟台南山学院,27,235764
2022,1,1U,旅游管理,C332,烟台南山学院,22,224330
2022,1,1X,日语,C332,烟台南山学院,22,221073
2022,1,1Z,高分子材料与工程,C332,烟台南山学院,22,238189
2022,1,20,工程管理,C332,烟台南山学院,25,240152
2022,1,26,数据科学与大数据技术,C332,烟台南山学院,25,235119
2022,1,27,交通运输,C332,烟台南山学院,25,223916
2022,1,2C,英语,C332,烟台南山学院,26,207696
2022,1,2D,电子信息工程,C332,烟台南山学院,26,233462
2022,1,2F,食品质量与安全,C332,烟台南山学院,21,217253
2022,1,2G,自动化,C332,烟台南山学院,24,233382
2022,1,2H,飞行器动力工程,C332,烟台南山学院,23,243563
2022,1,2K,复合材料与工程,C332,烟台南山学院,23,221403
2022,1,0D,化学工程与工艺(校企合作，与南山裕龙石化有限公司合作),C332,烟台南山学院,32,221942
2022,1,0Z,金属材料工程(校企合作，与山东南山铝业股份有限公司合作),C332,烟台南山学院,25,241679
2022,1,1A,酒店管理(校企合作，与南山旅游集团有限公司合作),C332,烟台南山学院,23,226283
2022,1,1B,材料成型及控制工程(校企合作，与山东南山铝业股份有限公司合作),C332,烟台南山学院,25,241208
2022,1,1F,纺织工程(校企合作，与南山智尚科技股份有限公司合作),C332,烟台南山学院,32,233053
2022,1,28,旅游管理(校企合作，与南山旅游集团有限公司合作),C332,烟台南山学院,22,228229
2022,1,2E,服装设计与工程(校企合作，与南山智尚科技股份有限公司合作),C332,烟台南山学院,23,233648
2022,1,01,生物工程,C362,武汉生物工程学院,2,195454
2022,1,02,生物技术,C362,武汉生物工程学院,2,205196
2022,1,03,医学检验技术,C362,武汉生物工程学院,2,194370
2022,1,09,制药工程,C362,武汉生物工程学院,2,198266
2022,1,11,药学,C362,武汉生物工程学院,2,198838
2022,1,16,计算机科学与技术,C362,武汉生物工程学院,2,218199
2022,1,21,财务管理,C362,武汉生物工程学院,2,212210
2022,1,25,汉语言文学,C362,武汉生物工程学院,2,210123
2022,1,27,英语,C362,武汉生物工程学院,2,203909
2022,1,34,土木工程,C362,武汉生物工程学院,2,225332
2022,1,03,人力资源管理,C453,中国劳动关系学院,6,72817
2022,1,04,工商管理,C453,中国劳动关系学院,2,69636
2022,1,05,法学,C453,中国劳动关系学院,6,47624
2022,1,06,经济学,C453,中国劳动关系学院,5,78279
2022,1,07,财务管理,C453,中国劳动关系学院,7,80633
2022,1,09,应用统计学,C453,中国劳动关系学院,2,77700
2022,1,10,劳动与社会保障,C453,中国劳动关系学院,4,79316
2022,1,12,政治学与行政学,C453,中国劳动关系学院,9,82248
2022,1,13,安全工程,C453,中国劳动关系学院,2,100834
2022,1,15,应急技术与管理,C453,中国劳动关系学院,2,101841
2022,1,16,社会工作,C453,中国劳动关系学院,9,88613
2022,1,17,社会学,C453,中国劳动关系学院,4,85056
2022,1,19,汉语言文学,C453,中国劳动关系学院,6,63847
2022,1,23,计算机科学与技术,C453,中国劳动关系学院,7,94252
2022,1,01,会计学(智能会计),C544,宁夏理工学院,4,224635
2022,1,02,财务管理(大数据财务),C544,宁夏理工学院,2,232798
2022,1,04,市场营销,C544,宁夏理工学院,2,228188
2022,1,05,国际经济与贸易,C544,宁夏理工学院,2,212462
2022,1,07,经济与金融,C544,宁夏理工学院,3,229386
2022,1,0A,电气工程及其自动化,C544,宁夏理工学院,4,225190
2022,1,0C,电子信息工程(集成电路智能制造),C544,宁夏理工学院,4,232917
2022,1,0E,物联网工程,C544,宁夏理工学院,2,236460
2022,1,0G,计算机类,C544,宁夏理工学院,4,234804
2022,1,0J,制药工程,C544,宁夏理工学院,3,213603
2022,1,0M,机械工程,C544,宁夏理工学院,3,233616
2022,1,0R,交通运输(机场运行),C544,宁夏理工学院,10,236349
2022,1,0S,交通运输(航空物流),C544,宁夏理工学院,10,242809
2022,1,0T,智能制造工程,C544,宁夏理工学院,2,236318
2022,1,0U,土木工程,C544,宁夏理工学院,2,235383
2022,1,0V,安全工程,C544,宁夏理工学院,2,229956
2022,1,0X,给排水科学与工程,C544,宁夏理工学院,2,236907
2022,1,0Y,环境工程,C544,宁夏理工学院,2,218571
2022,1,10,英语,C544,宁夏理工学院,2,219773
2022,1,11,日语,C544,宁夏理工学院,1,214682
2022,1,13,汉语言文学,C544,宁夏理工学院,3,209256
2022,1,14,学前教育,C544,宁夏理工学院,2,224904
2022,1,1F,材料成型及控制工程(新材料智能制造),C544,宁夏理工学院,2,236301
2022,1,01,会计学,C560,云南经济管理学院,4,233918
2022,1,10,物联网工程,C560,云南经济管理学院,2,243618
2022,1,14,测绘工程,C560,云南经济管理学院,2,236363
2022,1,15,建筑学,C560,云南经济管理学院,2,237687
2022,1,23,数学与应用数学,C560,云南经济管理学院,2,241002
2022,1,26,市场营销,C560,云南经济管理学院,2,234751
2022,1,36,护理学,C560,云南经济管理学院,4,232098
2022,1,38,网络与新媒体,C560,云南经济管理学院,2,219328
2022,1,01,软件工程,C574,广东东软学院,7,242381
2022,1,02,网络工程,C574,广东东软学院,7,252210
2022,1,0B,大数据管理与应用,C574,广东东软学院,7,254641
2022,1,01,英语,C599,湘潭大学兴湘学院,2,193113
2022,1,05,法学,C599,湘潭大学兴湘学院,2,161848
2022,1,0A,电子商务,C599,湘潭大学兴湘学院,1,195161
2022,1,0L,机械设计制造及其自动化,C599,湘潭大学兴湘学院,1,218354
2022,1,0M,高分子材料与工程,C599,湘潭大学兴湘学院,1,57627
2022,1,0N,化学工程与工艺,C599,湘潭大学兴湘学院,1,57576
2022,1,0P,制药工程,C599,湘潭大学兴湘学院,2,204220
2022,1,04,软件工程(国际班),C618,广州软件学院,1,234733
2022,1,07,网络工程(云计算创新实验班),C618,广州软件学院,1,206965
2022,1,39,行政管理,C618,广州软件学院,18,251493
2022,1,01,人力资源管理,C619,广州南方学院,1,214660
2022,1,05,会计学,C619,广州南方学院,1,214240
2022,1,10,经济学,C619,广州南方学院,3,236677
2022,1,12,金融学,C619,广州南方学院,1,224408
2022,1,15,国际经济与贸易,C619,广州南方学院,1,218925
2022,1,17,电子商务,C619,广州南方学院,1,234430
2022,1,24,英语,C619,广州南方学院,3,231580
2022,1,30,电气工程及其自动化,C619,广州南方学院,7,249011
2022,1,33,计算机科学与技术,C619,广州南方学院,1,224957
2022,1,34,软件工程,C619,广州南方学院,4,238917
2022,1,40,中药学,C619,广州南方学院,4,257437
2022,1,43,数据科学与大数据技术(中外合作办学)(与爱尔兰格里菲斯学院国际合作,C619,广州南方学院,3,251995
2022,1,01,计算机类,C636,成都东软学院,10,230808
2022,1,02,人工智能,C636,成都东软学院,5,235108
2022,1,03,软件工程,C636,成都东软学院,6,227903
2022,1,04,信息工程,C636,成都东软学院,2,228973
2022,1,05,数据科学与大数据技术,C636,成都东软学院,2,225432
2022,1,06,信息管理与信息系统,C636,成都东软学院,2,227941
2022,1,07,电子商务,C636,成都东软学院,5,227626
2022,1,09,大数据管理与应用,C636,成都东软学院,3,232720
2022,1,0A,财务管理,C636,成都东软学院,5,226649
2022,1,0B,人力资源管理,C636,成都东软学院,2,223023
2022,1,0D,数字媒体技术,C636,成都东软学院,3,227583
2022,1,0F,商务英语,C636,成都东软学院,2,225928
2022,1,0G,英语,C636,成都东软学院,5,223278
2022,1,0H,日语,C636,成都东软学院,2,224711
2022,1,0J,医学信息工程,C636,成都东软学院,2,232817
2022,1,0L,智能医学工程,C636,成都东软学院,6,227721
2022,1,0M,医学影像技术,C636,成都东软学院,12,223114
2022,1,01,土木工程,C649,湖南科技大学潇湘学院,2,259665
2022,1,04,电子信息工程,C649,湖南科技大学潇湘学院,1,176399
2022,1,07,建筑学,C649,湖南科技大学潇湘学院,2,242490
2022,1,23,法学,C649,湖南科技大学潇湘学院,1,173797
2022,1,25,新闻学,C649,湖南科技大学潇湘学院,1,192418
2022,1,26,计算机科学与技术,C649,湖南科技大学潇湘学院,1,201828
2022,1,07,土木工程,C650,南华大学船山学院,3,229020
2022,1,15,会计学,C650,南华大学船山学院,2,209415
2022,1,0C,计算机科学与技术,C658,湖南理工学院南湖学院,3,225833
2022,1,0M,广告学,C658,湖南理工学院南湖学院,3,208688
2022,1,01,计算机科学与技术,C689,东南大学成贤学院,2,159171
2022,1,02,软件工程,C689,东南大学成贤学院,1,163835
2022,1,03,自动化,C689,东南大学成贤学院,2,198236
2022,1,04,电子科学与技术,C689,东南大学成贤学院,1,180576
2022,1,05,电子信息工程,C689,东南大学成贤学院,1,186445
2022,1,06,电气工程及其自动化,C689,东南大学成贤学院,3,203218
2022,1,07,机械设计制造及其自动化,C689,东南大学成贤学院,3,210499
2022,1,08,机械工程,C689,东南大学成贤学院,3,216081
2022,1,09,土木工程,C689,东南大学成贤学院,2,211851
2022,1,10,工程管理,C689,东南大学成贤学院,3,218263
2022,1,11,工程造价,C689,东南大学成贤学院,2,224609
2022,1,13,风景园林,C689,东南大学成贤学院,1,153683
2022,1,14,化工与制药类,C689,东南大学成贤学院,2,208953
2022,1,15,功能材料,C689,东南大学成贤学院,3,229169
2022,1,17,会计学,C689,东南大学成贤学院,1,31033
2022,1,18,财务管理,C689,东南大学成贤学院,1,192076
2022,1,19,税收学,C689,东南大学成贤学院,1,199386
2022,1,20,市场营销,C689,东南大学成贤学院,1,199520
2022,1,21,物流管理,C689,东南大学成贤学院,1,210015
2022,1,23,电子商务,C689,东南大学成贤学院,2,201137
2022,1,24,交通工程,C689,东南大学成贤学院,2,210777
2022,1,25,药事管理,C689,东南大学成贤学院,2,197237
2022,1,02,投资学,C709,厦门华厦学院,1,217032
2022,1,03,国际经济与贸易,C709,厦门华厦学院,1,214838
2022,1,04,艺术教育(以培养音乐和舞蹈人才为主),C709,厦门华厦学院,2,249250
2022,1,05,商务英语,C709,厦门华厦学院,1,215301
2022,1,06,网络与新媒体,C709,厦门华厦学院,2,207058
2022,1,07,机械设计制造及其自动化,C709,厦门华厦学院,2,237439
2022,1,08,通信工程,C709,厦门华厦学院,1,234996
2022,1,09,机器人工程,C709,厦门华厦学院,1,242687
2022,1,10,物联网工程,C709,厦门华厦学院,1,224339
2022,1,11,数据科学与大数据技术,C709,厦门华厦学院,1,229755
2022,1,12,制药工程,C709,厦门华厦学院,2,215345
2022,1,13,环境科学与工程,C709,厦门华厦学院,1,212892
2022,1,14,食品质量与安全,C709,厦门华厦学院,1,190011
2022,1,15,医学检验技术,C709,厦门华厦学院,2,213388
2022,1,16,康复治疗学,C709,厦门华厦学院,1,199613
2022,1,18,财务管理,C709,厦门华厦学院,1,221337
2022,1,21,供应链管理,C709,厦门华厦学院,1,236099
2022,1,22,电子商务,C709,厦门华厦学院,2,222288
2022,1,03,国际经济与贸易,C712,西安欧亚学院,4,232882
2022,1,24,会计学,C712,西安欧亚学院,2,220199
2022,1,26,国际商务,C712,西安欧亚学院,4,235146
2022,1,38,供应链管理,C712,西安欧亚学院,2,237158
2022,1,09,财务管理,C713,西安外事学院,6,226867
2022,1,11,物流管理,C713,西安外事学院,10,236017
2022,1,13,电子商务,C713,西安外事学院,4,229212
2022,1,14,经济与金融,C713,西安外事学院,4,229642
2022,1,15,国际经济与贸易,C713,西安外事学院,8,234074
2022,1,18,人力资源管理,C713,西安外事学院,6,227165
2022,1,19,会展经济与管理,C713,西安外事学院,2,229716
2022,1,23,物联网工程,C713,西安外事学院,3,239834
2022,1,33,俄语,C713,西安外事学院,3,221297
2022,1,34,法语,C713,西安外事学院,5,224642
2022,1,36,朝鲜语,C713,西安外事学院,12,240887
2022,1,37,西班牙语,C713,西安外事学院,8,232352
2022,1,38,英语,C713,西安外事学院,2,207387
2022,1,39,德语,C713,西安外事学院,7,234686
2022,1,41,新闻学,C713,西安外事学院,3,216524
2022,1,32,会计学,C715,西京学院,5,218783
2022,1,02,电气工程及其自动化,C729,齐齐哈尔工程学院,11,255766
2022,1,06,土木工程,C729,齐齐哈尔工程学院,10,262830
2022,1,09,计算机科学与技术,C729,齐齐哈尔工程学院,5,249117
2022,1,14,电子商务,C729,齐齐哈尔工程学院,12,244200
2022,1,16,护理学,C729,齐齐哈尔工程学院,7,239268
2022,1,5Z,法学,C734,新疆警察学院,7,178609
2022,1,02,工程管理,C779,山西应用科技学院,5,240662
2022,1,05,风景园林,C779,山西应用科技学院,10,228046
2022,1,07,交通工程,C779,山西应用科技学院,10,227437
2022,1,08,新能源科学与工程,C779,山西应用科技学院,10,222193
2022,1,15,大数据管理与应用,C779,山西应用科技学院,5,233340
2022,1,16,机器人工程,C779,山西应用科技学院,3,240123
2022,1,18,财务管理,C779,山西应用科技学院,10,223620
2022,1,20,审计学,C779,山西应用科技学院,17,225325
2022,1,22,市场营销,C779,山西应用科技学院,10,231957
2022,1,23,物流管理,C779,山西应用科技学院,10,227423
2022,1,40,外国语言文学类,C784,河北传媒学院,5,211534
2022,1,41,新闻传播学类,C784,河北传媒学院,5,192832
2022,1,42,计算机类,C784,河北传媒学院,5,232493
2022,1,10,计算机科学与技术,C795,南昌理工学院,4,199286
2022,1,16,飞行器制造工程,C795,南昌理工学院,5,241264
2022,1,27,小学教育,C795,南昌理工学院,4,221459
2022,1,31,法学,C795,南昌理工学院,3,199044
2022,1,34,英语,C795,南昌理工学院,3,221950
2022,1,44,工程造价,C795,南昌理工学院,4,244724
2022,1,46,会计学,C795,南昌理工学院,5,161441
2022,1,07,工程管理,C796,河北工程技术学院,7,249515
2022,1,08,土木工程,C796,河北工程技术学院,5,241580
2022,1,12,电子商务,C796,河北工程技术学院,6,229382
2022,1,13,软件工程,C796,河北工程技术学院,10,244596
2022,1,16,智能科学与技术,C796,河北工程技术学院,9,245265
2022,1,17,人工智能,C796,河北工程技术学院,5,245134
2022,1,21,财务管理,C796,河北工程技术学院,3,225729
2022,1,25,金融工程,C796,河北工程技术学院,5,231500
2022,1,28,电子信息工程,C796,河北工程技术学院,10,248075
2022,1,16,会计学,C799,上海建桥学院,4,184483
2022,1,63,计算机科学与技术,C799,上海建桥学院,2,152535
2022,1,65,机械设计制造及其自动化(中外合作办学),C799,上海建桥学院,2,215455
2022,1,00,机械类,C802,吉利学院,10,248962
2022,1,02,计算机类,C802,吉利学院,8,244829
2022,1,04,工商管理类,C802,吉利学院,2,227124
2022,1,05,国际经济与贸易,C802,吉利学院,2,236412
2022,1,13,英语,C802,吉利学院,2,233231
2022,1,15,小学教育,C802,吉利学院,2,219632
2022,1,18,飞行器控制与信息工程,C802,吉利学院,2,254041
2022,1,21,新能源汽车工程,C802,吉利学院,2,249616
2022,1,03,物联网工程,C810,安徽文达信息工程学院,3,240033
2022,1,13,机械设计制造及其自动化,C810,安徽文达信息工程学院,2,247136
2022,1,01,机械电子工程,C843,潍坊科技学院,62,234905
2022,1,03,园艺,C843,潍坊科技学院,18,219369
2022,1,04,食品质量与安全,C843,潍坊科技学院,61,219161
2022,1,05,生物技术,C843,潍坊科技学院,58,218673
2022,1,07,学前教育(师范类),C843,潍坊科技学院,14,204604
2022,1,08,康复治疗学,C843,潍坊科技学院,70,223076
2022,1,09,社会工作,C843,潍坊科技学院,70,222069
2022,1,0B,电气工程及其自动化,C843,潍坊科技学院,59,230192
2022,1,0D,机械设计制造及其自动化,C843,潍坊科技学院,34,232866
2022,1,0E,机器人工程,C843,潍坊科技学院,64,237261
2022,1,0G,计算机科学与技术,C843,潍坊科技学院,82,230837
2022,1,0K,艺术教育,C843,潍坊科技学院,35,226825
2022,1,0L,车辆工程,C843,潍坊科技学院,24,234088
2022,1,0M,智能制造工程,C843,潍坊科技学院,70,239718
2022,1,0N,化学工程与工艺,C843,潍坊科技学院,58,221415
2022,1,0P,公共事业管理,C843,潍坊科技学院,70,222131
2022,1,0R,人力资源管理,C843,潍坊科技学院,55,214377
2022,1,0S,土木工程,C843,潍坊科技学院,66,240791
2022,1,0T,农林经济管理,C843,潍坊科技学院,28,235691
2022,1,0U,国际商务,C843,潍坊科技学院,59,224620
2022,1,0V,市场营销,C843,潍坊科技学院,70,224144
2022,1,0Z,财务管理,C843,潍坊科技学院,96,217853
2022,1,13,高分子材料与工程,C843,潍坊科技学院,30,237545
2022,1,14,建筑学,C843,潍坊科技学院,35,219164
2022,1,16,软件工程,C843,潍坊科技学院,60,231238
2022,1,17,通信工程,C843,潍坊科技学院,70,234615
2022,1,18,种子科学与工程,C843,潍坊科技学院,70,224193
2022,1,19,金融工程,C843,潍坊科技学院,64,238615
2022,1,1A,工程管理,C843,潍坊科技学院,40,238492
2022,1,1B,工程造价,C843,潍坊科技学院,81,241333
2022,1,1C,园林,C843,潍坊科技学院,67,224950
2022,1,1D,日语,C843,潍坊科技学院,27,216805
2022,1,1G,电子信息科学与技术,C843,潍坊科技学院,29,229145
2022,1,1H,环境工程,C843,潍坊科技学院,51,223147
2022,1,1J,护理学,C843,潍坊科技学院,55,218561
2022,1,1M,设施农业科学与工程,C843,潍坊科技学院,22,221342
2022,1,1P,审计学,C843,潍坊科技学院,56,214862
2022,1,1Q,材料成型及控制工程,C843,潍坊科技学院,35,239134
2022,1,1R,物联网工程,C843,潍坊科技学院,29,229664
2022,1,1S,英语,C843,潍坊科技学院,73,211672
2022,1,1U,机器人工程(校企合作，与广东汇邦智能装备有限公司合作),C843,潍坊科技学院,40,240567
2022,1,A1,建筑工程,C915,上海中侨职业技术大学,1,237976
2022,1,A2,机器人技术,C915,上海中侨职业技术大学,1,224463
2022,1,A3,数字媒体技术,C915,上海中侨职业技术大学,1,240697
2022,1,A4,物联网工程技术,C915,上海中侨职业技术大学,1,183725
2022,1,A5,大数据工程技术,C915,上海中侨职业技术大学,1,240473
2022,1,A6,智能制造工程技术,C915,上海中侨职业技术大学,1,219909
2022,1,A7,汽车服务工程技术,C915,上海中侨职业技术大学,4,241391
2022,1,A8,食品质量与安全,C915,上海中侨职业技术大学,4,232616
2022,1,A9,护理,C915,上海中侨职业技术大学,3,228702
2022,1,B1,现代物流管理,C915,上海中侨职业技术大学,4,239194
2022,1,B2,金融科技应用,C915,上海中侨职业技术大学,3,239168
2022,1,B3,大数据与会计,C915,上海中侨职业技术大学,3,231801
2022,1,01,油气储运工程,C928,泉州职业技术大学,10,256106
2022,1,04,机械设计制造及自动化,C928,泉州职业技术大学,10,252632
2022,1,05,应用化工技术,C928,泉州职业技术大学,5,233447
2022,1,06,汽车服务工程技术,C928,泉州职业技术大学,10,241190
2022,1,08,软件工程技术,C928,泉州职业技术大学,5,249949
2022,1,11,大数据与会计,C928,泉州职业技术大学,10,236125
2022,1,01,物联网工程,C938,江西应用科技学院,3,242957
2022,1,04,软件工程,C938,江西应用科技学院,4,252017
2022,1,08,土木工程,C938,江西应用科技学院,3,259362
2022,1,16,财务管理,C938,江西应用科技学院,3,238377
2022,1,23,健康服务与管理,C938,江西应用科技学院,3,240526
2022,1,25,小学教育,C938,江西应用科技学院,2,228111
2022,1,27,宝石及材料工艺学,C938,江西应用科技学院,2,261982
2022,1,37,机械设计制造及其自动化(激光3D打印方向),C938,江西应用科技学院,3,250361
2022,1,02,工程造价,D006,山东英才学院,10,253828
2022,1,06,智能车辆工程,D006,山东英才学院,7,252596
2022,1,09,电子商务,D006,山东英才学院,15,244749
2022,1,0A,学前教育(师范类),D006,山东英才学院,61,243335
2022,1,0B,英语,D006,山东英才学院,7,234786
2022,1,0C,土木工程,D006,山东英才学院,10,257277
2022,1,0D,康复治疗学,D006,山东英才学院,10,231486
2022,1,0F,审计学,D006,山东英才学院,5,223905
2022,1,0J,财务管理,D006,山东英才学院,10,241134
2022,1,0N,电气工程及其自动化,D006,山东英才学院,25,266510
2022,1,0P,工商管理,D006,山东英才学院,5,231194
2022,1,0R,商务英语,D006,山东英才学院,8,233891
2022,1,0S,国际商务,D006,山东英才学院,10,247009
2022,1,0U,通信工程,D006,山东英才学院,5,257090
2022,1,0W,物流管理,D006,山东英才学院,17,244214
2022,1,0Y,智能制造工程,D006,山东英才学院,15,260073
2022,1,11,金融工程,D006,山东英才学院,10,242821
2022,1,16,网络与新媒体,D006,山东英才学院,10,231707
2022,1,1E,金融工程(国家留学基金委AISEC项目详见我校招生简章),D006,山东英才学院,45,252116
2022,1,1F,护理学,D006,山东英才学院,10,236470
2022,1,1G,市场营销,D006,山东英才学院,15,245585
2022,1,1H,机械设计制造及其自动化,D006,山东英才学院,11,258302
2022,1,14,计算机科学与技术(校企合作，与中兴通讯股份有限公司合作),D006,山东英才学院,12,254832
2022,1,17,电子信息工程(校企合作，与中兴通讯股份有限公司合作),D006,山东英才学院,15,265675
2022,1,18,信息管理与信息系统(校企合作，与曙光信息产业股份有限公司合作),D006,山东英才学院,16,267660
2022,1,1C,数据科学与大数据技术(校企合作，与曙光信息产业股份有限公司合作),D006,山东英才学院,10,264962
2022,1,01,网络工程,D015,青岛恒星科技学院,45,272340
2022,1,03,社会工作,D015,青岛恒星科技学院,53,249367
2022,1,05,人力资源管理,D015,青岛恒星科技学院,60,249971
2022,1,08,印刷工程,D015,青岛恒星科技学院,30,249845
2022,1,09,工程造价,D015,青岛恒星科技学院,70,274659
2022,1,0A,影视摄影与制作,D015,青岛恒星科技学院,36,250684
2022,1,0B,学前教育(师范类),D015,青岛恒星科技学院,68,244945
2022,1,0D,汉语言文学,D015,青岛恒星科技学院,107,238451
2022,1,0F,智能制造工程,D015,青岛恒星科技学院,20,273613
2022,1,0G,机器人工程,D015,青岛恒星科技学院,38,272927
2022,1,0L,种子科学与工程,D015,青岛恒星科技学院,20,242882
2022,1,0N,旅游管理与服务教育,D015,青岛恒星科技学院,38,251622
2022,1,0Q,汽车服务工程,D015,青岛恒星科技学院,22,275292
2022,1,12,房地产开发与管理,D015,青岛恒星科技学院,22,275856
2022,1,15,智慧农业,D015,青岛恒星科技学院,20,245080
2022,1,17,健康服务与管理,D015,青岛恒星科技学院,50,249928
2022,1,19,土木工程,D015,青岛恒星科技学院,36,272708
2022,1,1A,康复治疗学,D015,青岛恒星科技学院,31,241902
2022,1,1D,教育技术学,D015,青岛恒星科技学院,40,247411
2022,1,1F,酒店管理,D015,青岛恒星科技学院,55,252619
2022,1,1G,金融工程,D015,青岛恒星科技学院,55,250338
2022,1,1M,护理学,D015,青岛恒星科技学院,25,239594
2022,1,1Q,机械工程,D015,青岛恒星科技学院,27,274539
2022,1,1S,英语,D015,青岛恒星科技学院,104,249432
2022,1,1T,国际商务,D015,青岛恒星科技学院,46,251561
2022,1,1V,会展经济与管理,D015,青岛恒星科技学院,18,251786
2022,1,20,电气工程及其自动化,D015,青岛恒星科技学院,42,272216
2022,1,21,人工智能,D015,青岛恒星科技学院,40,272074
2022,1,22,物流工程,D015,青岛恒星科技学院,50,250714
2022,1,25,软件工程,D015,青岛恒星科技学院,31,269236
2022,1,26,工商管理,D015,青岛恒星科技学院,60,251147
2022,1,27,汉语国际教育,D015,青岛恒星科技学院,36,246450
2022,1,28,车辆工程,D015,青岛恒星科技学院,15,274595
2022,1,04,物流工程(校企合作，与苏宁物流公司合作),D015,青岛恒星科技学院,20,250587
2022,1,07,电气工程及其自动化(校企合作，与青岛国合对外经济技术合作),D015,青岛恒星科技学院,46,274110
2022,1,0P,智能制造工程(校企合作，与海尔数字科技公司合作),D015,青岛恒星科技学院,20,275995
2022,1,0T,土木工程(校企合作，与中国十七治集团青岛分公司合作),D015,青岛恒星科技学院,20,276178
2022,1,0X,软件工程(校企合作，与中瑞集团合作),D015,青岛恒星科技学院,20,274455
2022,1,1B,人工智能(校企合作，与中软国际教育集团合作),D015,青岛恒星科技学院,20,276185
2022,1,1H,工程造价(校企合作，与广联达科技公司合作),D015,青岛恒星科技学院,20,276172
2022,1,1R,软件工程(校企合作，与青岛国合对外经济技术合作),D015,青岛恒星科技学院,46,274275
2022,1,01,计算机类,D021,浙大城市学院,10,70838
2022,1,05,电子信息类,D021,浙大城市学院,5,75844
2022,1,06,自动化,D021,浙大城市学院,10,84144
2022,1,07,土木工程,D021,浙大城市学院,15,118573
2022,1,08,机械电子工程,D021,浙大城市学院,10,96632
2022,1,13,药学,D021,浙大城市学院,10,90201
2022,1,16,工商管理类,D021,浙大城市学院,5,69713
2022,1,17,旅游管理,D021,浙大城市学院,10,100176
2022,1,19,新闻传播学类,D021,浙大城市学院,5,60736
2022,1,24,法学,D021,浙大城市学院,10,65183
2022,1,02,材料科学与工程,D115,厦门工学院,3,228230
2022,1,11,电子信息工程,D115,厦门工学院,2,232931
2022,1,11,小学教育(师范类),D121,西安思源学院,2,208099
2022,1,12,中国语言文学类,D121,西安思源学院,2,212633
2022,1,21,护理学,D123,陕西国际商贸学院,3,226348
2022,1,28,汉语言文学,D123,陕西国际商贸学院,2,214800
2022,1,31,学前教育(师范类),D123,陕西国际商贸学院,3,225886
2022,1,03,小学教育,D125,陕西服装工程学院,5,228442
2022,1,17,会计学,D125,陕西服装工程学院,5,239495
2022,1,13,英语,D188,武汉晴川学院,1,197268
2022,1,26,新闻学,D188,武汉晴川学院,2,214673
2022,1,1A,计算机科学与技术,D198,大连理工大学城市学院,2,181036
2022,1,1B,软件工程,D198,大连理工大学城市学院,2,224964
2022,1,2A,电气工程及其自动化,D198,大连理工大学城市学院,2,219282
2022,1,2B,电子信息工程,D198,大连理工大学城市学院,2,232295
2022,1,3C,工商管理,D198,大连理工大学城市学院,1,208104
2022,1,3D,市场营销,D198,大连理工大学城市学院,1,208161
2022,1,3F,物流管理,D198,大连理工大学城市学院,2,225809
2022,1,4A,土木工程,D198,大连理工大学城市学院,1,237172
2022,1,4B,测绘工程,D198,大连理工大学城市学院,1,228054
2022,1,4D,建筑学,D198,大连理工大学城市学院,1,228004
2022,1,01,法学,D215,辽宁师范大学海华学院,3,220516
2022,1,02,英语,D215,辽宁师范大学海华学院,3,229358
2022,1,03,日语,D215,辽宁师范大学海华学院,1,224689
2022,1,04,汉语言文学,D215,辽宁师范大学海华学院,5,222964
2022,1,05,汉语国际教育,D215,辽宁师范大学海华学院,1,233758
2022,1,06,学前教育,D215,辽宁师范大学海华学院,1,226717
2022,1,07,新闻学,D215,辽宁师范大学海华学院,1,214222
2022,1,09,网络与新媒体,D215,辽宁师范大学海华学院,1,229658
2022,1,0A,会计学,D215,辽宁师范大学海华学院,1,220191
2022,1,0E,计算机科学与技术,D215,辽宁师范大学海华学院,1,235070
2022,1,0G,数据科学与大数据技术,D215,辽宁师范大学海华学院,1,235727
2022,1,0H,思想政治教育,D215,辽宁师范大学海华学院,1,215050
2022,1,1A,会计学,D218,大连财经学院,2,146185
2022,1,2C,金融学,D218,大连财经学院,2,172671
2022,1,3D,跨境电子商务,D218,大连财经学院,2,209491
2022,1,6B,数字经济,D218,大连财经学院,2,240408
2022,1,6C,互联网金融,D218,大连财经学院,2,245480
2022,1,0D,电气工程及其自动化,D235,武汉城市学院,1,230255
2022,1,0J,土木工程,D235,武汉城市学院,1,236246
2022,1,0X,会计学,D235,武汉城市学院,1,205387
2022,1,05,电气工程及其自动化(含电力系统、输电线路工程方向),D236,三峡大学科技学院,5,226316
2022,1,11,临床医学,D236,三峡大学科技学院,3,155209
2022,1,16,金融学,D236,三峡大学科技学院,2,216145
2022,1,17,财务管理,D236,三峡大学科技学院,2,212149
2022,1,01,机械设计制造及其自动化,D238,湖北工业大学工程技术学院,5,234863
2022,1,06,电气工程及其自动化,D238,湖北工业大学工程技术学院,5,230791
2022,1,14,土木工程,D238,湖北工业大学工程技术学院,20,243810
2022,1,17,金融学,D238,湖北工业大学工程技术学院,3,222798
2022,1,21,财务管理,D238,湖北工业大学工程技术学院,3,223682
2022,1,24,英语,D238,湖北工业大学工程技术学院,3,214707
2022,1,02,过程装备与控制工程(数字化制造方向),D239,武汉工程大学邮电与信息工程学院,2,229812
2022,1,12,通信工程,D239,武汉工程大学邮电与信息工程学院,7,243531
2022,1,13,通信工程(移动通信方向),D239,武汉工程大学邮电与信息工程学院,6,233732
2022,1,15,网络工程(物联网方向),D239,武汉工程大学邮电与信息工程学院,8,230391
2022,1,23,制药工程(生物医药方向),D239,武汉工程大学邮电与信息工程学院,2,203196
2022,1,34,土木工程(道路与桥梁工程方向),D239,武汉工程大学邮电与信息工程学院,7,237940
2022,1,03,会计学(注册会计师),D240,武汉纺织大学外经贸学院,2,221107
2022,1,06,国际经济与贸易,D240,武汉纺织大学外经贸学院,2,224566
2022,1,07,跨境电子商务,D240,武汉纺织大学外经贸学院,2,225765
2022,1,08,英语,D240,武汉纺织大学外经贸学院,2,225695
2022,1,14,小学教育,D241,武昌工学院,5,221827
2022,1,30,计算机科学与技术,D241,武昌工学院,5,242119
2022,1,36,土木工程,D241,武昌工学院,5,253454
2022,1,42,会计学(管理会计师方向),D241,武昌工学院,5,229561
2022,1,03,人力资源管理(数智化管理精英班),D242,武汉工商学院,2,220176
2022,1,08,金融学,D242,武汉工商学院,2,222574
2022,1,13,新闻学,D242,武汉工商学院,4,219824
2022,1,17,市场营销,D242,武汉工商学院,2,236049
2022,1,18,信息管理与信息系统,D242,武汉工商学院,4,242629
2022,1,31,微电子科学与工程,D242,武汉工商学院,4,243160
2022,1,41,机械电子工程(机电创新实验班),D242,武汉工商学院,2,242690
2022,1,43,数字经济,D242,武汉工商学院,4,233013
2022,1,44,大数据管理与应用,D242,武汉工商学院,4,251010
2022,1,45,创业管理,D242,武汉工商学院,2,231992
2022,1,01,学前教育,D245,荆州学院,3,222489
2022,1,02,英语,D245,荆州学院,3,221358
2022,1,03,商务英语,D245,荆州学院,3,226613
2022,1,04,数学与应用数学,D245,荆州学院,3,244595
2022,1,07,机械设计制造及其自动化,D245,荆州学院,3,240254
2022,1,12,电子信息工程,D245,荆州学院,2,239938
2022,1,13,通信工程,D245,荆州学院,2,245927
2022,1,14,自动化,D245,荆州学院,2,250136
2022,1,15,机器人工程,D245,荆州学院,3,251698
2022,1,16,计算机科学与技术,D245,荆州学院,3,238340
2022,1,17,软件工程,D245,荆州学院,3,240332
2022,1,18,物联网工程,D245,荆州学院,2,243138
2022,1,19,土木工程,D245,荆州学院,3,249522
2022,1,25,护理学,D245,荆州学院,3,214614
2022,1,26,工程管理,D245,荆州学院,3,241852
2022,1,27,工程造价,D245,荆州学院,3,244870
2022,1,28,工商管理,D245,荆州学院,2,221604
2022,1,29,市场营销,D245,荆州学院,2,225475
2022,1,30,电子商务,D245,荆州学院,2,222058
2022,1,03,机械设计制造及其自动化,D248,湖北汽车工业学院科技学院,1,231091
2022,1,06,车辆工程,D248,湖北汽车工业学院科技学院,2,233822
2022,1,07,电气工程及其自动化,D248,湖北汽车工业学院科技学院,1,223515
2022,1,08,电子信息工程(汽车电子),D248,湖北汽车工业学院科技学院,1,222710
2022,1,0A,计算机科学与技术(汽车智能化与信息化),D248,湖北汽车工业学院科技学院,1,218265
2022,1,0C,信息管理与信息系统(大数据分析与应用),D248,湖北汽车工业学院科技学院,1,225060
2022,1,0D,财务管理,D248,湖北汽车工业学院科技学院,1,218786
2022,1,01,临床医学,D249,湖北医药学院药护学院,3,151930
2022,1,02,麻醉学,D249,湖北医药学院药护学院,2,172718
2022,1,0C,制药工程,D249,湖北医药学院药护学院,5,214477
2022,1,07,临床医学,D250,湖北恩施学院,5,188250
2022,1,08,中西医临床医学,D250,湖北恩施学院,3,180377
2022,1,0B,护理学,D250,湖北恩施学院,2,195071
2022,1,05,会计学(注册会计师),D251,湖北经济学院法商学院,10,219714
2022,1,0A,经济学,D253,武汉体育学院体育科技学院,2,219491
2022,1,0D,新闻学,D253,武汉体育学院体育科技学院,4,208664
2022,1,1C,学前教育(师范类),D256,湖北师范大学文理学院,2,186614
2022,1,1E,汉语言文学(师范类),D256,湖北师范大学文理学院,2,184300
2022,1,1F,英语(师范类),D256,湖北师范大学文理学院,2,166279
2022,1,1G,商务英语,D256,湖北师范大学文理学院,2,214806
2022,1,02,国际经济与贸易,D257,湖北文理学院理工学院,1,217266
2022,1,05,汉语言文学,D257,湖北文理学院理工学院,2,197522
2022,1,09,学前教育,D257,湖北文理学院理工学院,1,197026
2022,1,15,计算机科学与技术,D257,湖北文理学院理工学院,1,203833
2022,1,17,土木工程,D257,湖北文理学院理工学院,1,232513
2022,1,05,建筑学,D262,文华学院,2,216896
2022,1,06,城乡规划,D262,文华学院,2,220769
2022,1,09,土木工程,D262,文华学院,2,235212
2022,1,10,给排水科学与工程,D262,文华学院,2,240280
2022,1,11,电气工程及其自动化,D262,文华学院,2,221369
2022,1,13,机器人工程,D262,文华学院,2,230186
2022,1,14,机械设计制造及其自动化,D262,文华学院,2,232333
2022,1,15,能源与动力工程(新能源),D262,文华学院,2,232369
2022,1,16,智能制造工程,D262,文华学院,2,228187
2022,1,21,工商管理,D262,文华学院,2,209599
2022,1,22,国际经济与贸易,D262,文华学院,2,216273
2022,1,23,会计学,D262,文华学院,2,200579
2022,1,26,广告学,D262,文华学院,2,199722
2022,1,31,光电信息科学与工程(5G通信智能光网络技术),D262,文华学院,2,227920
2022,1,32,计算机科学与技术,D262,文华学院,2,217245
2022,1,33,软件工程,D262,文华学院,2,211739
2022,1,34,通信工程(智能技术与5G应用),D262,文华学院,2,225498
2022,1,37,日语,D262,文华学院,2,226346
2022,1,01,机械设计制造及其自动化,D283,浙江农林大学暨阳学院,3,230927
2022,1,02,计算机科学与技术,D283,浙江农林大学暨阳学院,2,230278
2022,1,01,英语,D284,温州医科大学仁济学院,3,209566
2022,1,02,日语,D284,温州医科大学仁济学院,2,210164
2022,1,04,临床医学,D284,温州医科大学仁济学院,4,125622
2022,1,05,麻醉学,D284,温州医科大学仁济学院,1,109671
2022,1,06,口腔医学,D284,温州医科大学仁济学院,1,25568
2022,1,08,药学,D284,温州医科大学仁济学院,2,161465
2022,1,10,法医学,D284,温州医科大学仁济学院,1,155179
2022,1,11,医学检验技术,D284,温州医科大学仁济学院,3,178351
2022,1,15,护理学,D284,温州医科大学仁济学院,3,191398
2022,1,01,国际经济与贸易,D287,湖州学院,2,164590
2022,1,16,光电信息科学与工程,D287,湖州学院,3,164523
2022,1,02,市场营销,D290,浙江工商大学杭州商学院,2,201441
2022,1,03,人力资源管理,D290,浙江工商大学杭州商学院,2,195294
2022,1,04,会计学,D290,浙江工商大学杭州商学院,2,152846
2022,1,05,会计学(智能会计方向),D290,浙江工商大学杭州商学院,5,199175
2022,1,06,财务管理,D290,浙江工商大学杭州商学院,6,209843
2022,1,07,旅游管理,D290,浙江工商大学杭州商学院,2,213758
2022,1,09,经济统计学,D290,浙江工商大学杭州商学院,2,201506
2022,1,10,应用统计学,D290,浙江工商大学杭州商学院,3,211224
2022,1,11,金融学,D290,浙江工商大学杭州商学院,4,206376
2022,1,12,互联网金融,D290,浙江工商大学杭州商学院,6,218937
2022,1,15,法学,D290,浙江工商大学杭州商学院,2,164118
2022,1,16,英语,D290,浙江工商大学杭州商学院,4,204258
2022,1,22,计算机科学与技术,D290,浙江工商大学杭州商学院,4,218652
2022,1,26,跨境电子商务,D290,浙江工商大学杭州商学院,6,219052
2022,1,21,测控技术与仪器,D291,嘉兴南湖学院,2,174574
2022,1,22,机械设计制造及其自动化,D291,嘉兴南湖学院,2,174901
2022,1,23,电气工程及其自动化,D291,嘉兴南湖学院,2,165420
2022,1,24,智能制造工程,D291,嘉兴南湖学院,2,176426
2022,1,33,土木工程,D291,嘉兴南湖学院,2,180327
2022,1,01,自动化类,D292,中国计量大学现代科技学院,1,207982
2022,1,07,测控技术与仪器,D292,中国计量大学现代科技学院,1,196114
2022,1,01,小学教育,D296,黑龙江外国语学院,10,231734
2022,1,07,葡萄牙语,D296,黑龙江外国语学院,3,234734
2022,1,08,意大利语,D296,黑龙江外国语学院,2,231976
2022,1,09,翻译,D296,黑龙江外国语学院,4,231878
2022,1,10,商务英语,D296,黑龙江外国语学院,6,233757
2022,1,0K,交通运输,D300,黑龙江工商学院,5,263077
2022,1,0N,会计学,D300,黑龙江工商学院,7,236078
2022,1,08,工商管理类,D303,哈尔滨剑桥学院,6,242045
2022,1,0C,工程造价,D303,哈尔滨剑桥学院,2,259438
2022,1,0D,工程管理,D303,哈尔滨剑桥学院,2,260292
2022,1,01,旅游管理,D304,黑龙江工程学院昆仑旅游学院,34,248914
2022,1,02,酒店管理,D304,黑龙江工程学院昆仑旅游学院,34,253022
2022,1,03,会展经济与管理,D304,黑龙江工程学院昆仑旅游学院,14,248990
2022,1,04,市场营销,D304,黑龙江工程学院昆仑旅游学院,54,252608
2022,1,05,跨境电子商务,D304,黑龙江工程学院昆仑旅游学院,34,251894
2022,1,06,文化产业管理,D304,黑龙江工程学院昆仑旅游学院,36,250212
2022,1,07,计算机科学与技术,D304,黑龙江工程学院昆仑旅游学院,28,262478
2022,1,08,英语,D304,黑龙江工程学院昆仑旅游学院,51,248246
2022,1,09,商务英语,D304,黑龙江工程学院昆仑旅游学院,24,250190
2022,1,04,机械设计制造及其自动化(英才班),D307,哈尔滨华德学院,10,263136
2022,1,05,焊接技术与工程(英才班),D307,哈尔滨华德学院,10,252098
2022,1,09,土木工程(英才班),D307,哈尔滨华德学院,10,270211
2022,1,0F,电子信息工程,D307,哈尔滨华德学院,10,261259
2022,1,02,土木工程,D320,青岛黄海学院,70,273796
2022,1,04,国际商务,D320,青岛黄海学院,27,245176
2022,1,0A,国际经济与贸易,D320,青岛黄海学院,14,239518
2022,1,0B,日语,D320,青岛黄海学院,33,245207
2022,1,0E,智能交互设计,D320,青岛黄海学院,10,263511
2022,1,0G,智能制造工程,D320,青岛黄海学院,40,270480
2022,1,0J,工程造价,D320,青岛黄海学院,68,272281
2022,1,0K,人工智能,D320,青岛黄海学院,46,269199
2022,1,0L,影视摄影与制作,D320,青岛黄海学院,53,246034
2022,1,0P,智能建造,D320,青岛黄海学院,27,264972
2022,1,0R,经济统计学,D320,青岛黄海学院,29,241560
2022,1,0S,电气工程及其自动化,D320,青岛黄海学院,92,269291
2022,1,0W,数据科学与大数据技术,D320,青岛黄海学院,42,257058
2022,1,0X,物流管理,D320,青岛黄海学院,82,246121
2022,1,0Y,商务英语,D320,青岛黄海学院,34,238632
2022,1,0Z,计算机科学与技术,D320,青岛黄海学院,113,259654
2022,1,10,互联网金融,D320,青岛黄海学院,21,239612
2022,1,12,康复治疗学,D320,青岛黄海学院,35,245695
2022,1,13,电子信息工程,D320,青岛黄海学院,29,263601
2022,1,17,工程管理,D320,青岛黄海学院,79,274281
2022,1,1A,学前教育(师范类),D320,青岛黄海学院,135,242746
2022,1,1B,酒店管理,D320,青岛黄海学院,27,249196
2022,1,1F,市场营销,D320,青岛黄海学院,32,246685
2022,1,1H,机器人工程,D320,青岛黄海学院,33,272413
2022,1,1K,财务管理,D320,青岛黄海学院,20,236628
2022,1,1L,护理学,D320,青岛黄海学院,57,227906
2022,1,1M,电子商务,D320,青岛黄海学院,16,235166
2022,1,1N,会计学,D320,青岛黄海学院,68,240674
2022,1,1P,船舶与海洋工程,D320,青岛黄海学院,63,273842
2022,1,1Q,车辆工程,D320,青岛黄海学院,36,272976
2022,1,1R,物联网工程,D320,青岛黄海学院,33,262839
2022,1,1T,机械设计制造及其自动化,D320,青岛黄海学院,83,273091
2022,1,01,机械设计制造及其自动化(校企合作，与青岛国合对外经济技术合作有限,D320,青岛黄海学院,10,262142
2022,1,03,机器人工程(校企合作，与青岛国合对外经济技术合作有限公司合作),D320,青岛黄海学院,27,271667
2022,1,08,计算机科学与技术(校企合作，与青岛国合对外经济技术合作有限公司合,D320,青岛黄海学院,28,264749
2022,1,1D,日语(校企合作，与青岛国合对外经济技术合作有限公司合作),D320,青岛黄海学院,35,250893
2022,1,01,药学,D322,山东现代学院,70,235167
2022,1,03,中药学,D322,山东现代学院,60,236769
2022,1,04,学前教育(师范类),D322,山东现代学院,50,228372
2022,1,05,汽车服务工程,D322,山东现代学院,50,272660
2022,1,0A,计算机科学与技术,D322,山东现代学院,70,248218
2022,1,0B,物流管理,D322,山东现代学院,40,240784
2022,1,0D,交通运输,D322,山东现代学院,40,242422
2022,1,0L,汉语国际教育,D322,山东现代学院,40,228979
2022,1,0P,土木工程,D322,山东现代学院,70,272169
2022,1,0R,中药制药,D322,山东现代学院,50,238836
2022,1,0S,人工智能,D322,山东现代学院,40,260990
2022,1,0T,财务管理,D322,山东现代学院,70,234637
2022,1,0U,网络工程,D322,山东现代学院,50,259253
2022,1,0V,康复治疗学,D322,山东现代学院,80,238857
2022,1,0X,电子信息工程,D322,山东现代学院,40,262531
2022,1,0Z,工程造价,D322,山东现代学院,70,269107
2022,1,10,助产学,D322,山东现代学院,50,240468
2022,1,11,市场营销,D322,山东现代学院,50,243534
2022,1,12,数字媒体技术,D322,山东现代学院,40,257034
2022,1,13,数据科学与大数据技术,D322,山东现代学院,50,259292
2022,1,14,护理学,D322,山东现代学院,130,237173
2022,1,16,医学检验技术,D322,山东现代学院,120,233549
2022,1,05,口腔医学,D324,山东协和学院,15,187381
2022,1,08,电子商务,D324,山东协和学院,42,235718
2022,1,09,英语,D324,山东协和学院,50,222961
2022,1,0A,电气工程及其自动化,D324,山东协和学院,43,246543
2022,1,0B,市场营销,D324,山东协和学院,35,236662
2022,1,0C,数据科学与大数据技术,D324,山东协和学院,34,245682
2022,1,0E,计算机科学与技术,D324,山东协和学院,27,235384
2022,1,0G,酒店管理,D324,山东协和学院,39,240970
2022,1,0N,财务管理,D324,山东协和学院,35,223299
2022,1,0Q,机械电子工程,D324,山东协和学院,36,250967
2022,1,0R,电子信息工程,D324,山东协和学院,35,249780
2022,1,0T,汽车服务工程,D324,山东协和学院,44,263407
2022,1,0V,中药学,D324,山东协和学院,40,228749
2022,1,0Z,网络工程,D324,山东协和学院,31,247586
2022,1,11,护理学,D324,山东协和学院,61,224165
2022,1,17,医学影像技术,D324,山东协和学院,28,223741
2022,1,18,软件工程,D324,山东协和学院,29,241719
2022,1,19,康复治疗学,D324,山东协和学院,16,225791
2022,1,1C,物联网工程,D324,山东协和学院,32,255128
2022,1,1D,人工智能,D324,山东协和学院,32,247751
2022,1,1E,旅游管理,D324,山东协和学院,35,234684
2022,1,1F,医学检验技术,D324,山东协和学院,12,218043
2022,1,1G,会计学,D324,山东协和学院,38,224038
2022,1,1H,工程造价,D324,山东协和学院,26,251936
2022,1,1K,土木工程,D324,山东协和学院,20,251064
2022,1,1P,学前教育(师范类),D324,山东协和学院,17,224577
2022,1,1Q,智能制造工程,D324,山东协和学院,34,253014
2022,1,1V,自动化,D324,山东协和学院,33,251632
2022,1,1Y,助产学,D324,山东协和学院,10,222270
2022,1,21,数字媒体技术,D324,山东协和学院,34,241281
2022,1,22,机械设计制造及其自动化,D324,山东协和学院,28,244012
2022,1,26,工程管理,D324,山东协和学院,40,252951
2022,1,27,审计学,D324,山东协和学院,19,223559
2022,1,01,市场营销(校企合作，与中科启智合作),D324,山东协和学院,40,243584
2022,1,02,物联网工程(校企合作，与黄冈教育谷控股有限公司合作),D324,山东协和学院,40,266568
2022,1,03,电子信息工程(校企合作，与黄冈教育谷控股有限公司合作),D324,山东协和学院,40,261710
2022,1,0P,计算机科学与技术(校企合作，与济南博赛网络科技有限公司合作),D324,山东协和学院,40,258382
2022,1,0S,人工智能(校企合作，与济南博赛网络科技有限公司合作),D324,山东协和学院,53,270056
2022,1,0X,数据科学与大数据技术(校企合作，与北京高科云教育科技公司合作),D324,山东协和学院,100,272004
2022,1,14,会计学(校企合作，与中科启智合作),D324,山东协和学院,38,237520
2022,1,1B,智能制造工程(校企合作，与山东栋梁科技设备有限公司合作),D324,山东协和学院,40,271432
2022,1,1R,财务管理(校企合作，与中科启智合作),D324,山东协和学院,40,237900
2022,1,1T,机械设计制造及其自动化(校企合作，与山东栋梁科技设备有限公司合作),D324,山东协和学院,38,271337
2022,1,1Z,数字媒体技术(校企合作，与北京高科云教育科技公司合作),D324,山东协和学院,49,265068
2022,1,28,自动化(校企合作，与山东栋梁科技设备有限公司合作),D324,山东协和学院,40,271605
2022,1,5C,学前教育,D325,宁夏大学新华学院,1,214093
2022,1,5F,财务管理,D325,宁夏大学新华学院,1,210170
2022,1,01,经济学,D326,云南大学滇池学院,2,218133
2022,1,1C,汉语言文学,D326,云南大学滇池学院,2,202473
2022,1,1G,日语,D326,云南大学滇池学院,2,221256
2022,1,1J,数学与应用数学,D326,云南大学滇池学院,2,237262
2022,1,1L,通信工程,D326,云南大学滇池学院,2,240776
2022,1,1M,人工智能,D326,云南大学滇池学院,2,234016
2022,1,1V,工程造价,D326,云南大学滇池学院,2,244669
2022,1,1W,建筑类,D326,云南大学滇池学院,2,224030
2022,1,20,创业管理,D326,云南大学滇池学院,2,229569
2022,1,22,会计学,D326,云南大学滇池学院,2,221170
2022,1,24,电子信息工程,D328,丽江文化旅游学院,2,249721
2022,1,25,计算机科学与技术,D328,丽江文化旅游学院,2,248411
2022,1,27,软件工程,D328,丽江文化旅游学院,2,247239
2022,1,28,数据科学与大数据技术,D328,丽江文化旅游学院,2,247684
2022,1,29,人工智能,D328,丽江文化旅游学院,2,249363
2022,1,14,经济学,D330,昆明城市学院,2,225125
2022,1,17,工商管理,D330,昆明城市学院,2,230182
2022,1,18,会计学,D330,昆明城市学院,2,227510
2022,1,19,财务管理,D330,昆明城市学院,2,226270
2022,1,1G,学前教育,D330,昆明城市学院,2,226993
2022,1,1H,应用心理学,D330,昆明城市学院,2,224210
2022,1,1N,法学,D330,昆明城市学院,3,212520
2022,1,1P,小学教育,D330,昆明城市学院,2,218418
2022,1,1Q,汉语言文学,D330,昆明城市学院,3,219521
2022,1,1R,英语,D330,昆明城市学院,2,238410
2022,1,1S,网络与新媒体,D330,昆明城市学院,2,226141
2022,1,01,临床医学,D332,昆明医科大学海源学院,3,129676
2022,1,02,口腔医学,D332,昆明医科大学海源学院,2,89975
2022,1,43,学前教育,D333,云南艺术学院文华学院,2,228063
2022,1,45,小学教育,D333,云南艺术学院文华学院,2,222011
2022,1,01,大数据与财务管理,D356,山东工程职业技术大学,27,236250
2022,1,06,建筑设计,D356,山东工程职业技术大学,101,274407
2022,1,07,现代通信工程,D356,山东工程职业技术大学,40,262339
2022,1,0A,建筑工程,D356,山东工程职业技术大学,63,274208
2022,1,0B,智能制造工程技术,D356,山东工程职业技术大学,28,269237
2022,1,0H,软件工程技术,D356,山东工程职业技术大学,78,253731
2022,1,0R,大数据工程技术,D356,山东工程职业技术大学,85,269664
2022,1,0W,机械设计制造及自动化,D356,山东工程职业技术大学,36,266485
2022,1,0X,电子商务,D356,山东工程职业技术大学,35,244176
2022,1,10,大数据与会计,D356,山东工程职业技术大学,50,241756
2022,1,13,汽车服务工程技术,D356,山东工程职业技术大学,30,246155
2022,1,15,云计算技术,D356,山东工程职业技术大学,6,253471
2022,1,1A,电子信息工程技术,D356,山东工程职业技术大学,50,269324
2022,1,1E,工程造价,D356,山东工程职业技术大学,113,272575
2022,1,1G,环境艺术设计,D356,山东工程职业技术大学,50,248109
2022,1,1J,市场营销,D356,山东工程职业技术大学,122,250318
2022,1,1K,物联网工程技术,D356,山东工程职业技术大学,84,266906
2022,1,0V,物联网工程技术(校企合作，与济南博赛合作),D356,山东工程职业技术大学,30,269861
2022,1,01,网络与新媒体,D359,烟台理工学院,50,221368
2022,1,02,计算机科学与技术,D359,烟台理工学院,86,237360
2022,1,03,市场营销,D359,烟台理工学院,45,234311
2022,1,04,新闻学,D359,烟台理工学院,48,220443
2022,1,05,人工智能,D359,烟台理工学院,77,246029
2022,1,06,日语,D359,烟台理工学院,22,232920
2022,1,08,通信工程,D359,烟台理工学院,48,245748
2022,1,0B,投资学,D359,烟台理工学院,43,235272
2022,1,0C,经济与金融,D359,烟台理工学院,34,230466
2022,1,0E,审计学,D359,烟台理工学院,48,223963
2022,1,0F,机械设计制造及其自动化,D359,烟台理工学院,55,245042
2022,1,0J,人力资源管理,D359,烟台理工学院,43,230950
2022,1,0K,工商管理,D359,烟台理工学院,40,230326
2022,1,0L,机械电子工程,D359,烟台理工学院,45,249628
2022,1,0M,法学,D359,烟台理工学院,110,215867
2022,1,0N,电子信息科学与技术,D359,烟台理工学院,42,244962
2022,1,0P,工程管理,D359,烟台理工学院,44,247527
2022,1,0Q,药学,D359,烟台理工学院,43,229527
2022,1,0R,自动化,D359,烟台理工学院,45,242179
2022,1,0S,建筑学,D359,烟台理工学院,40,232234
2022,1,0U,机器人工程,D359,烟台理工学院,41,248812
2022,1,0V,软件工程,D359,烟台理工学院,67,245000
2022,1,0X,财务管理,D359,烟台理工学院,44,224019
2022,1,0Y,酒店管理,D359,烟台理工学院,30,238235
2022,1,0Z,汉语言文学,D359,烟台理工学院,89,214802
2022,1,10,车辆工程,D359,烟台理工学院,40,248815
2022,1,11,国际经济与贸易,D359,烟台理工学院,41,231911
2022,1,13,跨境电子商务,D359,烟台理工学院,44,234151
2022,1,14,食品科学与工程,D359,烟台理工学院,51,231871
2022,1,15,物联网工程,D359,烟台理工学院,65,247115
2022,1,16,英语,D359,烟台理工学院,80,226690
2022,1,18,生物工程,D359,烟台理工学院,53,231102
2022,1,19,商务英语,D359,烟台理工学院,40,231418
2022,1,1C,会计学,D359,烟台理工学院,116,226822
2022,1,1D,食品质量与安全,D359,烟台理工学院,51,232354
2022,1,0T,机械设计制造及其自动化(中外合作办学),D359,烟台理工学院,55,266498
2022,1,02,法语,D378,青岛城市学院,32,247530
2022,1,03,工程管理,D378,青岛城市学院,91,270378
2022,1,04,汉语国际教育,D378,青岛城市学院,32,236481
2022,1,05,机器人工程,D378,青岛城市学院,70,269399
2022,1,06,审计学,D378,青岛城市学院,54,236065
2022,1,08,德语,D378,青岛城市学院,32,250070
2022,1,0A,机械设计制造及其自动化,D378,青岛城市学院,97,269312
2022,1,0B,城乡规划,D378,青岛城市学院,35,238330
2022,1,0D,商务英语,D378,青岛城市学院,62,245475
2022,1,0F,电气工程及其自动化,D378,青岛城市学院,94,264981
2022,1,0J,国际经济与贸易,D378,青岛城市学院,152,248637
2022,1,0K,软件工程,D378,青岛城市学院,68,252497
2022,1,0P,跨境电子商务,D378,青岛城市学院,23,246578
2022,1,0Q,互联网金融,D378,青岛城市学院,103,248118
2022,1,0R,物流管理,D378,青岛城市学院,38,242664
2022,1,0S,财务管理,D378,青岛城市学院,54,236938
2022,1,0T,网络工程,D378,青岛城市学院,68,262552
2022,1,0U,物联网工程,D378,青岛城市学院,69,265216
2022,1,0V,工程造价,D378,青岛城市学院,75,267840
2022,1,0W,市场营销,D378,青岛城市学院,49,248251
2022,1,0X,计算机科学与技术,D378,青岛城市学院,64,238102
2022,1,0Y,会计学,D378,青岛城市学院,149,239037
2022,1,0Z,建筑学,D378,青岛城市学院,81,244206
2022,1,10,英语,D378,青岛城市学院,168,244312
2022,1,11,数据科学与大数据技术,D378,青岛城市学院,59,254987
2022,1,14,土木工程,D378,青岛城市学院,135,273705
2022,1,15,智能建造,D378,青岛城市学院,40,269565
2022,1,16,俄语,D378,青岛城市学院,32,248505
2022,1,01,国际经济与贸易,D383,山东财经大学燕山学院,40,216543
2022,1,02,金融学,D383,山东财经大学燕山学院,95,220358
2022,1,03,人力资源管理,D383,山东财经大学燕山学院,45,218754
2022,1,04,计算机科学与技术,D383,山东财经大学燕山学院,80,228150
2022,1,05,工商管理,D383,山东财经大学燕山学院,45,217289
2022,1,06,国际商务,D383,山东财经大学燕山学院,40,220425
2022,1,07,会计学,D383,山东财经大学燕山学院,95,215619
2022,1,01,材料成型及控制工程,D386,山东石油化工学院,35,211250
2022,1,02,学前教育(师范类),D386,山东石油化工学院,13,167936
2022,1,03,信息与计算科学,D386,山东石油化工学院,60,207908
2022,1,04,机械设计制造及其自动化,D386,山东石油化工学院,66,206954
2022,1,05,应用化学,D386,山东石油化工学院,90,201205
2022,1,06,护理学,D386,山东石油化工学院,28,172973
2022,1,07,财务管理,D386,山东石油化工学院,84,185123
2022,1,08,环境工程,D386,山东石油化工学院,100,201690
2022,1,09,化工与制药类,D386,山东石油化工学院,181,203696
2022,1,0A,新能源科学与工程,D386,山东石油化工学院,60,198263
2022,1,0B,自动化,D386,山东石油化工学院,39,203569
2022,1,0C,智能制造工程,D386,山东石油化工学院,90,210407
2022,1,0D,计算机类,D386,山东石油化工学院,175,203979
2022,1,0E,汉语言文学,D386,山东石油化工学院,67,164663
2022,1,0F,能源动力类,D386,山东石油化工学院,226,206923
2022,1,0G,数字经济,D386,山东石油化工学院,60,192208
2022,1,0H,电气工程及其自动化,D386,山东石油化工学院,79,200917
2022,1,0J,海洋油气工程,D386,山东石油化工学院,60,207005
2022,1,0K,建筑环境与能源应用工程,D386,山东石油化工学院,52,210470
2022,1,0L,法学,D386,山东石油化工学院,42,166350
2022,1,05,大数据与财务管理,D387,山东外国语职业技术大学,79,240443
2022,1,06,金融管理,D387,山东外国语职业技术大学,57,246946
2022,1,07,现代物流管理,D387,山东外国语职业技术大学,34,245892
2022,1,08,应用英语,D387,山东外国语职业技术大学,122,238984
2022,1,0A,软件工程技术,D387,山东外国语职业技术大学,43,265267
2022,1,0B,应用韩语,D387,山东外国语职业技术大学,35,246815
2022,1,0C,电子商务,D387,山东外国语职业技术大学,34,246060
2022,1,0D,应用日语,D387,山东外国语职业技术大学,54,248014
2022,1,0E,应用俄语,D387,山东外国语职业技术大学,35,248157
2022,1,0J,数字媒体技术,D387,山东外国语职业技术大学,36,260599
2022,1,0M,企业数字化管理,D387,山东外国语职业技术大学,30,248250
2022,1,0N,跨境电子商务,D387,山东外国语职业技术大学,40,250536
2022,1,0Q,工艺美术,D387,山东外国语职业技术大学,20,248159
2022,1,0S,大数据与会计,D387,山东外国语职业技术大学,80,240835
2022,1,0U,国际经济与贸易,D387,山东外国语职业技术大学,26,243371
2022,1,0V,学前教育(师范类),D387,山东外国语职业技术大学,50,234047
2022,1,0W,市场营销,D387,山东外国语职业技术大学,45,243722
2022,1,0P,软件工程技术(校企合作，与北京中软国际教育公司合作),D387,山东外国语职业技术大学,40,273648
2022,1,0Y,大数据与会计(校企合作，与成都楷柏职业技能培训公司合作),D387,山东外国语职业技术大学,30,245370
2022,1,04,审计学,D391,河北科技学院,3,230606
2022,1,06,工程管理,D391,河北科技学院,3,255526
2022,1,0J,智能车辆工程,D391,河北科技学院,3,245340
2022,1,0K,物流管理,D391,河北科技学院,2,224101
2022,1,0N,小学教育,D391,河北科技学院,3,210927
2022,1,0Q,护理学,D391,河北科技学院,3,224595
2022,1,0R,助产学,D391,河北科技学院,3,218222
2022,1,03,葡萄牙语,D402,河北外国语学院,2,236343
2022,1,04,意大利语,D402,河北外国语学院,2,229758
2022,1,06,翻译,D402,河北外国语学院,2,216575
2022,1,07,朝鲜语,D402,河北外国语学院,2,248647
2022,1,09,法语,D402,河北外国语学院,2,224355
2022,1,15,商务英语,D402,河北外国语学院,3,223828
2022,1,33,教育学(师范类),D402,河北外国语学院,2,201027
2022,1,08,英语,D408,华北理工大学轻工学院,3,207876
2022,1,0B,工商管理,D408,华北理工大学轻工学院,2,219216
2022,1,0C,财务管理,D408,华北理工大学轻工学院,5,217867
2022,1,0H,土木工程,D408,华北理工大学轻工学院,5,240162
2022,1,18,思想政治教育(师范类),D411,河北师范大学汇华学院,5,178568
2022,1,19,学前教育(师范类),D411,河北师范大学汇华学院,3,189299
2022,1,21,汉语言文学(师范类),D411,河北师范大学汇华学院,5,173720
2022,1,22,英语(师范类),D411,河北师范大学汇华学院,5,177314
2022,1,27,数学与应用数学(师范类),D411,河北师范大学汇华学院,3,195481
2022,1,29,化学(师范类),D411,河北师范大学汇华学院,2,76945
2022,1,30,地理科学(师范类),D411,河北师范大学汇华学院,2,174716
2022,1,31,生物科学(师范类),D411,河北师范大学汇华学院,3,184794
2022,1,32,计算机科学与技术,D411,河北师范大学汇华学院,2,208054
2022,1,33,网络工程,D411,河北师范大学汇华学院,2,224497
2022,1,34,会计学,D411,河北师范大学汇华学院,2,194621
2022,1,35,人力资源管理,D411,河北师范大学汇华学院,1,198991
2022,1,02,金融学类,D414,河北经贸大学经济管理学院,30,213528
2022,1,01,临床医学,D415,河北医科大学临床学院,5,128430
2022,1,02,麻醉学,D415,河北医科大学临床学院,3,140800
2022,1,06,医学影像技术,D415,河北医科大学临床学院,2,169758
2022,1,A3,服装设计与工程,D418,江西服装学院,6,248044
2022,1,A4,服装设计与工艺教育,D418,江西服装学院,3,245440
2022,1,B5,纺织工程,D418,江西服装学院,4,248331
2022,1,B6,国际经济与贸易,D418,江西服装学院,4,244540
2022,1,B7,市场营销,D418,江西服装学院,3,248240
2022,1,B8,财务管理,D418,江西服装学院,6,243952
2022,1,B9,物流管理,D418,江西服装学院,2,240333
2022,1,C1,电子商务,D418,江西服装学院,3,245156
2022,1,C2,数据科学与大数据技术,D418,江西服装学院,3,255786
2022,1,C4,软件工程,D418,江西服装学院,4,255702
2022,1,C5,广告学,D418,江西服装学院,2,232473
2022,1,C6,网络与新媒体,D418,江西服装学院,6,237209
2022,1,C7,商务英语,D418,江西服装学院,5,245165
2022,1,01,机械设计制造及其自动化,D421,南昌工学院,5,252014
2022,1,02,机械电子工程,D421,南昌工学院,2,260163
2022,1,04,材料成型及控制工程,D421,南昌工学院,2,258274
2022,1,10,电子信息工程,D421,南昌工学院,3,249550
2022,1,11,网络工程,D421,南昌工学院,2,257483
2022,1,12,电气工程及其自动化,D421,南昌工学院,2,241067
2022,1,14,软件工程,D421,南昌工学院,3,247197
2022,1,15,数字媒体技术,D421,南昌工学院,2,247105
2022,1,16,数据科学与大数据技术,D421,南昌工学院,2,249927
2022,1,21,土木工程,D421,南昌工学院,3,257356
2022,1,22,土木工程(装配式建筑),D421,南昌工学院,2,252696
2022,1,23,工程管理,D421,南昌工学院,2,252281
2022,1,25,工程造价,D421,南昌工学院,2,249915
2022,1,26,工程造价(BIM5D算量),D421,南昌工学院,2,271269
2022,1,31,会计学,D421,南昌工学院,2,227818
2022,1,32,财务管理,D421,南昌工学院,2,236535
2022,1,33,审计学,D421,南昌工学院,2,230979
2022,1,36,人力资源管理,D421,南昌工学院,2,233512
2022,1,37,物流工程,D421,南昌工学院,2,236772
2022,1,39,国际经济与贸易,D421,南昌工学院,2,237129
2022,1,40,大数据管理与应用,D421,南昌工学院,2,258172
2022,1,44,思想政治教育(教师教育),D421,南昌工学院,2,207427
2022,1,47,小学教育(教师教育),D421,南昌工学院,3,207568
2022,1,49,数学与应用数学(教师教育),D421,南昌工学院,2,231319
2022,1,50,英语(教师教育),D421,南昌工学院,3,222102
2022,1,51,汉语言文学(教师教育),D421,南昌工学院,3,216185
2022,1,04,汉语言文学,D429,南昌大学科学技术学院,2,199285
2022,1,06,新闻学,D429,南昌大学科学技术学院,2,208871
2022,1,10,国际经济与贸易,D429,南昌大学科学技术学院,2,212270
2022,1,13,旅游管理,D429,南昌大学科学技术学院,6,220837
2022,1,01,金融学,D431,南昌交通学院,3,223270
2022,1,05,市场营销,D431,南昌交通学院,3,233162
2022,1,06,会计学,D431,南昌交通学院,4,221937
2022,1,07,人力资源管理,D431,南昌交通学院,3,224459
2022,1,09,法学,D431,南昌交通学院,3,211083
2022,1,10,英语,D431,南昌交通学院,3,221338
2022,1,12,机械设计制造及其自动化,D431,南昌交通学院,4,243029
2022,1,15,车辆工程,D431,南昌交通学院,3,251920
2022,1,16,机器人工程,D431,南昌交通学院,3,249622
2022,1,18,电气工程及其自动化,D431,南昌交通学院,5,240106
2022,1,20,交通运输,D431,南昌交通学院,3,232833
2022,1,21,轨道交通信号与控制,D431,南昌交通学院,4,239218
2022,1,23,土木工程,D431,南昌交通学院,5,250506
2022,1,24,铁道工程,D431,南昌交通学院,3,248191
2022,1,27,建筑学,D431,南昌交通学院,3,227854
2022,1,33,软件工程,D431,南昌交通学院,4,242251
2022,1,34,通信工程,D431,南昌交通学院,3,249277
2022,1,36,智能科学与技术,D431,南昌交通学院,3,240288
2022,1,03,法学,D432,赣东学院,2,155808
2022,1,07,日语,D432,赣东学院,2,192675
2022,1,0F,软件工程,D432,赣东学院,2,199042
2022,1,0H,土木工程,D432,赣东学院,1,203245
2022,1,0J,测绘工程,D432,赣东学院,2,204373
2022,1,0K,工程管理,D432,赣东学院,1,198738
2022,1,01,飞行器制造工程,D433,南昌航空大学科技学院,4,225480
2022,1,03,材料成型及控制工程,D433,南昌航空大学科技学院,4,231727
2022,1,04,焊接技术与工程(智能焊接技术),D433,南昌航空大学科技学院,4,230644
2022,1,05,金属材料工程,D433,南昌航空大学科技学院,4,230101
2022,1,07,测控技术与仪器,D433,南昌航空大学科技学院,3,230858
2022,1,10,计算机科学与技术,D433,南昌航空大学科技学院,3,219942
2022,1,11,软件工程,D433,南昌航空大学科技学院,3,225102
2022,1,12,网络空间安全,D433,南昌航空大学科技学院,3,224161
2022,1,15,工商管理,D433,南昌航空大学科技学院,2,209815
2022,1,16,市场营销(数字营销),D433,南昌航空大学科技学院,3,212580
2022,1,24,英语,D433,南昌航空大学科技学院,3,212079
2022,1,26,智能制造工程,D433,南昌航空大学科技学院,6,228694
2022,1,03,电气工程及其自动化,D434,赣南科技学院,2,199680
2022,1,07,机械工程,D434,赣南科技学院,2,209475
2022,1,13,工程造价,D434,赣南科技学院,2,210871
2022,1,15,矿物加工工程,D434,赣南科技学院,2,200007
2022,1,21,电子商务,D434,赣南科技学院,2,198812
2022,1,22,工商管理,D434,赣南科技学院,2,195404
2022,1,23,会计学,D434,赣南科技学院,2,185953
2022,1,24,国际经济与贸易,D434,赣南科技学院,2,199983
2022,1,42,通信工程,D434,赣南科技学院,2,207128
2022,1,43,物联网工程,D434,赣南科技学院,2,198570
2022,1,02,数字经济,D436,江西农业大学南昌商学院,1,221847
2022,1,04,国际经济与贸易,D436,江西农业大学南昌商学院,1,209053
2022,1,25,物流管理,D436,江西农业大学南昌商学院,2,216802
2022,1,26,电子商务,D436,江西农业大学南昌商学院,1,213226
2022,1,0G,护理学,D437,南昌医学院,2,128207
2022,1,0H,助产学,D437,南昌医学院,2,157968
2022,1,0M,中医学,D437,南昌医学院,1,105421
2022,1,0N,针灸推拿学,D437,南昌医学院,1,118241
2022,1,0P,中西医临床医学,D437,南昌医学院,1,106880
2022,1,0Q,临床医学,D437,南昌医学院,1,81510
2022,1,0R,康复治疗学,D437,南昌医学院,1,140486
2022,1,0S,医学检验技术,D437,南昌医学院,2,121547
2022,1,0T,医学影像技术,D437,南昌医学院,2,104182
2022,1,0V,药学,D437,南昌医学院,2,126921
2022,1,03,国际经济与贸易,D438,江西师范大学科学技术学院,6,218438
2022,1,04,工商管理,D438,江西师范大学科学技术学院,6,214942
2022,1,26,翻译,D438,江西师范大学科学技术学院,9,221305
2022,1,28,英语(师范类),D438,江西师范大学科学技术学院,9,201612
2022,1,2A,网络与新媒体,D438,江西师范大学科学技术学院,6,207602
2022,1,2Y,物理学(师范类),D438,江西师范大学科学技术学院,5,228338
2022,1,02,汉语言文学(师范类),D439,赣南师范大学科技学院,5,190307
2022,1,03,历史学(师范类),D439,赣南师范大学科技学院,4,190145
2022,1,04,英语(师范类),D439,赣南师范大学科技学院,8,200150
2022,1,08,数学与应用数学(师范类),D439,赣南师范大学科技学院,5,215673
2022,1,09,电子信息工程,D439,赣南师范大学科技学院,5,230513
2022,1,0A,计算机科学与技术(师范类),D439,赣南师范大学科技学院,5,222787
2022,1,22,计算机科学与技术,D440,南昌应用技术师范学院,1,225398
2022,1,31,国际经济与贸易,D440,南昌应用技术师范学院,1,221944
2022,1,33,财务管理,D440,南昌应用技术师范学院,1,219325
2022,1,4A,英语(师范类),D440,南昌应用技术师范学院,1,204150
2022,1,4C,汉语言文学(师范类),D440,南昌应用技术师范学院,1,183250
2022,1,4D,数学与应用数学(师范类),D440,南昌应用技术师范学院,1,222319
2022,1,01,会计学,D441,江西财经大学现代经济管理学院,3,205713
2022,1,02,会计学(注册会计师),D441,江西财经大学现代经济管理学院,2,197068
2022,1,03,财务管理,D441,江西财经大学现代经济管理学院,2,207153
2022,1,04,工程审计,D441,江西财经大学现代经济管理学院,2,230960
2022,1,05,金融学,D441,江西财经大学现代经济管理学院,4,210772
2022,1,06,国际经济与贸易,D441,江西财经大学现代经济管理学院,3,213821
2022,1,07,电子商务,D441,江西财经大学现代经济管理学院,3,217012
2022,1,08,金融科技,D441,江西财经大学现代经济管理学院,4,220939
2022,1,0A,工程管理,D441,江西财经大学现代经济管理学院,2,237182
2022,1,0B,工程造价,D441,江西财经大学现代经济管理学院,3,230977
2022,1,0C,市场营销,D441,江西财经大学现代经济管理学院,2,214020
2022,1,0D,人力资源管理,D441,江西财经大学现代经济管理学院,2,209700
2022,1,0G,新闻学,D441,江西财经大学现代经济管理学院,2,208405
2022,1,0K,商务英语,D441,江西财经大学现代经济管理学院,3,210113
2022,1,0L,计算机科学与技术,D441,江西财经大学现代经济管理学院,2,225409
2022,1,0M,信息管理与信息系统,D441,江西财经大学现代经济管理学院,1,228743
2022,1,0N,大数据管理与应用,D441,江西财经大学现代经济管理学院,1,225141
2022,1,01,人工智能,D468,阳光学院,4,248391
2022,1,02,计算机科学与技术,D468,阳光学院,3,243128
2022,1,04,电子信息工程,D468,阳光学院,4,252509
2022,1,11,电子商务,D468,阳光学院,5,241954
2022,1,15,土木工程,D468,阳光学院,3,249509
2022,1,18,商务英语,D468,阳光学院,3,232244
2022,1,25,电子商务(中外合作办学),D468,阳光学院,8,243990
2022,1,03,金融学,D469,厦门大学嘉庚学院,4,160367
2022,1,04,国际经济与贸易,D469,厦门大学嘉庚学院,4,183161
2022,1,05,法学,D469,厦门大学嘉庚学院,3,93793
2022,1,06,汉语言文学,D469,厦门大学嘉庚学院,4,161105
2022,1,07,英语,D469,厦门大学嘉庚学院,4,182804
2022,1,10,广播电视学,D469,厦门大学嘉庚学院,2,184839
2022,1,12,机械设计制造及其自动化,D469,厦门大学嘉庚学院,5,223075
2022,1,15,电气工程及其自动化,D469,厦门大学嘉庚学院,3,217843
2022,1,19,自动化,D469,厦门大学嘉庚学院,4,218147
2022,1,21,计算机科学与技术,D469,厦门大学嘉庚学院,3,187620
2022,1,26,土木工程,D469,厦门大学嘉庚学院,3,226220
2022,1,28,环境科学与工程,D469,厦门大学嘉庚学院,7,218143
2022,1,29,建筑学,D469,厦门大学嘉庚学院,6,208150
2022,1,30,城乡规划,D469,厦门大学嘉庚学院,6,216920
2022,1,32,信息管理与信息系统,D469,厦门大学嘉庚学院,4,217363
2022,1,36,大数据管理与应用,D469,厦门大学嘉庚学院,2,196765
2022,1,38,市场营销,D469,厦门大学嘉庚学院,4,196929
2022,1,39,会计学,D469,厦门大学嘉庚学院,4,183000
2022,1,40,财务管理,D469,厦门大学嘉庚学院,3,186604
2022,1,42,文化产业管理,D469,厦门大学嘉庚学院,3,192824
2022,1,43,行政管理,D469,厦门大学嘉庚学院,2,185824
2022,1,45,电子商务,D469,厦门大学嘉庚学院,2,193453
2022,1,01,财政学,D471,集美大学诚毅学院,2,214988
2022,1,02,金融学,D471,集美大学诚毅学院,2,210139
2022,1,04,国际经济与贸易,D471,集美大学诚毅学院,2,211104
2022,1,05,法学,D471,集美大学诚毅学院,2,184493
2022,1,09,汉语言文学,D471,集美大学诚毅学院,2,186175
2022,1,0B,英语,D471,集美大学诚毅学院,3,206755
2022,1,0C,机械工程,D471,集美大学诚毅学院,2,231364
2022,1,0E,智能制造工程,D471,集美大学诚毅学院,2,223309
2022,1,0F,电子信息工程,D471,集美大学诚毅学院,2,217613
2022,1,0J,计算机科学与技术,D471,集美大学诚毅学院,2,213626
2022,1,0N,数字媒体技术,D471,集美大学诚毅学院,2,213761
2022,1,0P,数据科学与大数据技术,D471,集美大学诚毅学院,2,224937
2022,1,0T,工商管理,D471,集美大学诚毅学院,2,209707
2022,1,0U,会计学,D471,集美大学诚毅学院,3,208355
2022,1,01,电子商务,D497,郑州财经学院,3,209666
2022,1,05,金融学,D497,郑州财经学院,2,206886
2022,1,08,会计学,D497,郑州财经学院,4,204885
2022,1,11,酒店管理,D497,郑州财经学院,5,223296
2022,1,12,物流管理,D497,郑州财经学院,6,210781
2022,1,16,英语,D497,郑州财经学院,2,192071
2022,1,20,数据科学与大数据技术,D497,郑州财经学院,3,220553
2022,1,22,工程造价,D497,郑州财经学院,3,229788
2022,1,23,土木工程,D497,郑州财经学院,2,235270
2022,1,24,小学教育(师范类),D497,郑州财经学院,2,176325
2022,1,29,车辆工程,D497,郑州财经学院,2,232237
2022,1,07,机械设计制造及其自动化,D500,商丘工学院,20,240910
2022,1,0J,物联网工程,D500,商丘工学院,10,238671
2022,1,0M,城市地下空间工程,D500,商丘工学院,20,246464
2022,1,19,汉语言文学(师范类),D501,河南开封科技传媒学院,10,207209
2022,1,1G,网络工程,D501,河南开封科技传媒学院,10,240547
2022,1,01,英语(师范类),D503,信阳学院,2,181703
2022,1,28,土木工程,D503,信阳学院,3,234831
2022,1,B1,临床医学,D505,新乡医学院三全学院,5,153268
2022,1,03,机械设计制造及其自动化,D507,郑州工商学院,4,232442
2022,1,09,计算机科学与技术,D507,郑州工商学院,4,226624
2022,1,23,财务管理,D507,郑州工商学院,4,213963
2022,1,24,会计学,D507,郑州工商学院,4,208269
2022,1,04,金融学,D511,兰州工商学院,2,219602
2022,1,08,金融科技,D511,兰州工商学院,2,227914
2022,1,11,法学(经济法方向),D511,兰州工商学院,2,209814
2022,1,15,土木工程,D511,兰州工商学院,2,238718
2022,1,16,工程管理,D511,兰州工商学院,2,239965
2022,1,20,网络工程,D511,兰州工商学院,2,238440
2022,1,22,电子商务,D511,兰州工商学院,2,227673
2022,1,25,人力资源管理,D511,兰州工商学院,2,222699
2022,1,29,会计学,D511,兰州工商学院,2,209389
2022,1,30,会计学(管理会计方向),D511,兰州工商学院,2,214765
2022,1,32,审计学,D511,兰州工商学院,2,214982
2022,1,07,机械设计制造及其自动化,D514,兰州博文科技学院,2,235832
2022,1,10,车辆工程,D514,兰州博文科技学院,2,247490
2022,1,13,电气工程及其自动化,D514,兰州博文科技学院,2,241318
2022,1,20,土木工程,D514,兰州博文科技学院,2,242067
2022,1,23,道路桥梁与渡河工程,D514,兰州博文科技学院,2,250354
2022,1,26,交通运输,D514,兰州博文科技学院,2,232423
2022,1,30,工程管理,D514,兰州博文科技学院,2,251724
2022,1,36,数字媒体技术,D514,兰州博文科技学院,2,227625
2022,1,37,轨道交通信号与控制,D514,兰州博文科技学院,2,243582
2022,1,WA,大数据管理与应用,D514,兰州博文科技学院,2,242993
2022,1,11,采矿工程,D534,山西工学院,1,200344
2022,1,13,化学工程与工艺,D534,山西工学院,6,199816
2022,1,21,电气工程及其自动化,D534,山西工学院,4,200802
2022,1,22,能源与动力工程,D534,山西工学院,4,209161
2022,1,23,自动化,D534,山西工学院,5,207870
2022,1,25,能源互联网工程,D534,山西工学院,2,209621
2022,1,26,机械电子工程,D534,山西工学院,2,205947
2022,1,31,无机非金属材料工程,D534,山西工学院,3,210632
2022,1,32,新能源材料与器件,D534,山西工学院,3,208313
2022,1,33,应用化学,D534,山西工学院,6,199668
2022,1,34,环境工程,D534,山西工学院,4,200710
2022,1,36,资源循环科学与工程,D534,山西工学院,2,197346
2022,1,41,粉体材料科学与工程,D534,山西工学院,2,216855
2022,1,51,车辆工程,D534,山西工学院,3,203301
2022,1,52,材料成型及控制工程,D534,山西工学院,2,211583
2022,1,53,工业设计,D534,山西工学院,2,201490
2022,1,54,机械设计制造及其自动化,D534,山西工学院,3,206472
2022,1,55,智能制造工程,D534,山西工学院,2,203287
2022,1,61,计算机科学与技术,D534,山西工学院,2,186818
2022,1,64,物联网工程,D534,山西工学院,2,196343
2022,1,65,电子信息工程,D534,山西工学院,4,203648
2022,1,66,通信工程,D534,山西工学院,6,206232
2022,1,67,软件工程,D534,山西工学院,5,204729
2022,1,68,轨道交通信号与控制,D534,山西工学院,3,211276
2022,1,81,财务管理,D534,山西工学院,2,189886
2022,1,82,物流管理,D534,山西工学院,6,197655
2022,1,83,市场营销,D534,山西工学院,6,199854
2022,1,84,国际经济与贸易,D534,山西工学院,2,194186
2022,1,91,建筑环境与能源应用工程,D534,山西工学院,2,210638
2022,1,92,土木工程,D534,山西工学院,2,196336
2022,1,93,建筑学,D534,山西工学院,2,178938
2022,1,08,机械设计制造及其自动化,D538,山西晋中理工学院,2,220141
2022,1,11,市场营销,D538,山西晋中理工学院,2,210925
2022,1,1B,工商管理,D558,新疆理工学院,2,206999
2022,1,1C,市场营销,D558,新疆理工学院,2,204691
2022,1,1H,物流管理,D558,新疆理工学院,2,207176
2022,1,1K,法学,D558,新疆理工学院,2,185757
2022,1,1M,社会工作,D558,新疆理工学院,2,202444
2022,1,A1,机械设计制造及其自动化,D558,新疆理工学院,21,222858
2022,1,B1,机械电子工程,D558,新疆理工学院,10,224935
2022,1,C1,机器人工程,D558,新疆理工学院,14,224634
2022,1,D1,土木工程,D558,新疆理工学院,15,223261
2022,1,E1,电气工程及其自动化,D558,新疆理工学院,5,214999
2022,1,F1,测控技术与仪器,D558,新疆理工学院,15,225753
2022,1,G1,物流工程,D558,新疆理工学院,15,225395
2022,1,H1,工程管理,D558,新疆理工学院,5,221370
2022,1,J1,通信工程,D558,新疆理工学院,20,222526
2022,1,K1,计算机科学与技术,D558,新疆理工学院,10,215467
2022,1,L1,软件工程,D558,新疆理工学院,10,218173
2022,1,M1,智能科学与技术,D558,新疆理工学院,10,223004
2022,1,N1,数字媒体技术,D558,新疆理工学院,10,222521
2022,1,P1,信息管理与信息系统,D558,新疆理工学院,15,225715
2022,1,Q1,过程装备与控制工程,D558,新疆理工学院,20,225227
2022,1,R1,能源化学工程,D558,新疆理工学院,23,211442
2022,1,S1,能源服务工程,D558,新疆理工学院,10,226087
2022,1,T1,食品营养与检验教育,D558,新疆理工学院,17,210807
2022,1,U1,食品安全与检测,D558,新疆理工学院,15,210016
2022,1,V1,食品卫生与营养学,D558,新疆理工学院,15,210812
2022,1,W1,信息与计算科学,D558,新疆理工学院,10,222328
2022,1,X1,金融学,D558,新疆理工学院,2,214354
2022,1,Z1,国际经济与贸易,D558,新疆理工学院,3,206783
2022,1,H1,临床医学,D560,新疆第二医学院,19,118378
2022,1,H2,口腔医学,D560,新疆第二医学院,8,93200
2022,1,H3,中西医临床医学,D560,新疆第二医学院,3,129769
2022,1,H4,药学,D560,新疆第二医学院,4,160535
2022,1,H5,医学检验技术,D560,新疆第二医学院,4,156797
2022,1,H6,医学影像技术,D560,新疆第二医学院,3,175304
2022,1,H7,护理学,D560,新疆第二医学院,4,180898
2022,1,H8,信息管理与信息系统,D560,新疆第二医学院,1,190352
2022,1,H9,公共事业管理,D560,新疆第二医学院,1,199913
2022,1,HW,卫生检验与检疫,D560,新疆第二医学院,2,176144
2022,1,HZ,麻醉学,D560,新疆第二医学院,9,122116
2022,1,A0,会计学,D561,新疆科技学院,10,204847
2022,1,B0,财务管理,D561,新疆科技学院,10,205184
2022,1,C0,金融学,D561,新疆科技学院,10,207680
2022,1,D0,国际经济与贸易,D561,新疆科技学院,4,209691
2022,1,E0,新闻学,D561,新疆科技学院,6,201814
2022,1,F0,税收学,D561,新疆科技学院,5,205124
2022,1,G0,人力资源管理,D561,新疆科技学院,8,206583
2022,1,H0,市场营销,D561,新疆科技学院,7,209393
2022,1,J0,法学,D561,新疆科技学院,7,188964
2022,1,K0,电子商务,D561,新疆科技学院,9,208809
2022,1,L0,旅游管理,D561,新疆科技学院,7,209565
2022,1,M0,计算机科学与技术,D561,新疆科技学院,6,213674
2022,1,N0,信息安全,D561,新疆科技学院,5,217529
2022,1,P0,化学工程与工艺,D561,新疆科技学院,3,219315
2022,1,Q0,纺织工程,D561,新疆科技学院,3,224079
2022,1,R0,轻化工程,D561,新疆科技学院,3,222313
2022,1,01,交通运输,D569,西安交通工程学院,3,237620
2022,1,04,电气工程及其自动化,D569,西安交通工程学院,4,235116
2022,1,15,工程造价,D569,西安交通工程学院,4,235364
2022,1,16,财务管理,D569,西安交通工程学院,2,214301
2022,1,19,学前教育(师范类),D569,西安交通工程学院,4,214981
2022,1,01,金融学,D571,无锡太湖学院,5,216377
2022,1,02,国际经济与贸易,D571,无锡太湖学院,5,220201
2022,1,03,工商管理,D571,无锡太湖学院,5,218696
2022,1,07,跨境电子商务,D571,无锡太湖学院,5,223676
2022,1,09,会计学,D571,无锡太湖学院,5,212226
2022,1,10,财务管理,D571,无锡太湖学院,5,211398
2022,1,13,通信工程,D571,无锡太湖学院,5,232497
2022,1,14,计算机科学与技术(嵌入式培养),D571,无锡太湖学院,5,230581
2022,1,18,机械工程,D571,无锡太湖学院,10,237517
2022,1,26,英语,D571,无锡太湖学院,5,208691
2022,1,01,国际经济与贸易,D578,河北工程大学科信学院,2,207195
2022,1,03,机械设计制造及其自动化,D578,河北工程大学科信学院,2,224006
2022,1,04,材料成型及控制工程,D578,河北工程大学科信学院,2,224960
2022,1,05,车辆工程,D578,河北工程大学科信学院,2,225408
2022,1,06,能源与动力工程,D578,河北工程大学科信学院,3,213876
2022,1,07,电气工程及其自动化,D578,河北工程大学科信学院,2,218096
2022,1,08,电子信息工程,D578,河北工程大学科信学院,2,216537
2022,1,09,通信工程,D578,河北工程大学科信学院,2,223263
2022,1,0A,自动化,D578,河北工程大学科信学院,2,220510
2022,1,0B,计算机科学与技术,D578,河北工程大学科信学院,2,215134
2022,1,0C,土木工程,D578,河北工程大学科信学院,2,225570
2022,1,0D,建筑环境与能源应用工程,D578,河北工程大学科信学院,2,222773
2022,1,0E,给排水科学与工程,D578,河北工程大学科信学院,3,220480
2022,1,0F,水利水电工程,D578,河北工程大学科信学院,2,208740
2022,1,0H,交通工程,D578,河北工程大学科信学院,2,211103
2022,1,0J,食品科学与工程,D578,河北工程大学科信学院,2,205983
2022,1,0L,工程管理,D578,河北工程大学科信学院,3,227414
2022,1,0N,会计学,D578,河北工程大学科信学院,3,200158
2022,1,01,金融学,D579,中国矿业大学徐海学院,4,209153
2022,1,03,汉语言文学,D579,中国矿业大学徐海学院,4,192502
2022,1,05,会计学,D579,中国矿业大学徐海学院,4,206488
2022,1,08,机械工程,D579,中国矿业大学徐海学院,10,229796
2022,1,0A,智能制造工程,D579,中国矿业大学徐海学院,6,225547
2022,1,0D,电气工程及其自动化,D579,中国矿业大学徐海学院,8,225646
2022,1,0F,电子科学与技术,D579,中国矿业大学徐海学院,6,227458
2022,1,0M,土木工程,D579,中国矿业大学徐海学院,8,230721
2022,1,01,英语,D588,重庆外语外事学院,2,197689
2022,1,03,翻译,D588,重庆外语外事学院,2,199945
2022,1,09,德语,D588,重庆外语外事学院,3,225524
2022,1,17,日语,D588,重庆外语外事学院,4,221667
2022,1,21,阿拉伯语,D588,重庆外语外事学院,2,222143
2022,1,23,泰语,D588,重庆外语外事学院,2,235869
2022,1,02,金融学类,D589,重庆对外经贸学院,5,214406
2022,1,04,会计学,D590,重庆财经学院,2,208077
2022,1,26,计算机类,D590,重庆财经学院,3,215997
2022,1,05,机械设计制造及其自动化,D593,石家庄铁道大学四方学院,1,104259
2022,1,06,无机非金属材料工程,D593,石家庄铁道大学四方学院,3,225260
2022,1,07,电气工程及其自动化,D593,石家庄铁道大学四方学院,15,220442
2022,1,10,轨道交通信号与控制,D593,石家庄铁道大学四方学院,8,215582
2022,1,11,计算机科学与技术,D593,石家庄铁道大学四方学院,2,215098
2022,1,12,土木工程,D593,石家庄铁道大学四方学院,13,225797
2022,1,14,测绘工程,D593,石家庄铁道大学四方学院,5,225621
2022,1,15,交通工程,D593,石家庄铁道大学四方学院,2,156330
2022,1,17,工程管理,D593,石家庄铁道大学四方学院,6,224929
2022,1,18,工程造价,D593,石家庄铁道大学四方学院,2,223739
2022,1,20,会计学,D593,石家庄铁道大学四方学院,3,201201
2022,1,21,财务管理,D593,石家庄铁道大学四方学院,6,207016
2022,1,01,金融学类,D594,河北地质大学华信学院,2,219134
2022,1,04,英语,D594,河北地质大学华信学院,2,213428
2022,1,06,计算机类,D594,河北地质大学华信学院,2,230053
2022,1,07,地质类,D594,河北地质大学华信学院,4,228134
2022,1,08,环境工程,D594,河北地质大学华信学院,2,229310
2022,1,09,护理学,D594,河北地质大学华信学院,2,201440
2022,1,11,工商管理类(财会方向),D594,河北地质大学华信学院,2,209139
2022,1,14,电子商务,D594,河北地质大学华信学院,2,221737
2022,1,15,工商管理类(企业管理方向),D594,河北地质大学华信学院,2,223594
2022,1,01,临床医学,D596,华北理工大学冀唐学院,5,136060
2022,1,04,护理学,D596,华北理工大学冀唐学院,5,186813
2022,1,01,电子信息工程,D597,山西科技学院,2,193222
2022,1,02,通信工程,D597,山西科技学院,2,189238
2022,1,03,安全工程,D597,山西科技学院,2,203338
2022,1,04,机械设计制造及其自动化,D597,山西科技学院,2,199424
2022,1,05,材料成型及控制工程,D597,山西科技学院,1,213301
2022,1,06,过程装备与控制工程,D597,山西科技学院,1,211906
2022,1,07,电气工程及其自动化,D597,山西科技学院,3,200575
2022,1,08,自动化,D597,山西科技学院,2,203313
2022,1,A1,日语,D599,大连艺术学院,5,244158
2022,1,A2,文化产业管理,D599,大连艺术学院,5,241529
2022,1,A3,电子商务,D599,大连艺术学院,5,248312
2022,1,A4,旅游管理,D599,大连艺术学院,6,250341
2022,1,A5,艺术教育,D599,大连艺术学院,9,247044
2022,1,A6,跨境电子商务,D599,大连艺术学院,15,251104
2022,1,06,电子商务,D600,长春光华学院,6,243222
2022,1,07,工商管理,D600,长春光华学院,4,246276
2022,1,10,广告学,D600,长春光华学院,3,233659
2022,1,11,汉语言文学,D600,长春光华学院,11,223433
2022,1,12,秘书学,D600,长春光华学院,3,237105
2022,1,13,新闻学,D600,长春光华学院,4,231856
2022,1,14,朝鲜语,D600,长春光华学院,4,252815
2022,1,17,商务英语,D600,长春光华学院,5,244413
2022,1,20,英语,D600,长春光华学院,3,237206
2022,1,21,机械电子工程,D600,长春光华学院,8,263418
2022,1,22,机械工程,D600,长春光华学院,5,270060
2022,1,23,机械设计制造及其自动化,D600,长春光华学院,3,246384
2022,1,24,汽车服务工程,D600,长春光华学院,3,256384
2022,1,27,电气工程及其自动化,D600,长春光华学院,5,256388
2022,1,29,计算机科学与技术,D600,长春光华学院,6,245812
2022,1,31,物联网工程,D600,长春光华学院,5,255317
2022,1,33,财务管理,D600,长春光华学院,8,243351
2022,1,34,国际经济与贸易,D600,长春光华学院,8,247681
2022,1,35,会计学,D600,长春光华学院,4,228813
2022,1,36,金融学,D600,长春光华学院,10,245495
2022,1,37,经济学,D600,长春光华学院,5,244178
2022,1,40,学前教育,D600,长春光华学院,12,237144
2022,1,43,应用心理学,D600,长春光华学院,6,232453
2022,1,45,播音与主持艺术,D600,长春光华学院,2,245488
2022,1,46,广播电视编导,D600,长春光华学院,2,236923
2022,1,49,小学教育,D600,长春光华学院,4,226058
2022,1,02,机械设计制造及其自动化,D601,长春工业大学人文信息学院,1,234815
2022,1,03,智能制造工程,D601,长春工业大学人文信息学院,1,237610
2022,1,04,车辆工程,D601,长春工业大学人文信息学院,1,246524
2022,1,05,新能源汽车工程,D601,长春工业大学人文信息学院,1,222609
2022,1,06,智能车辆工程,D601,长春工业大学人文信息学院,1,234147
2022,1,07,电气工程及其自动化,D601,长春工业大学人文信息学院,1,235765
2022,1,08,轨道交通信号与控制,D601,长春工业大学人文信息学院,2,243844
2022,1,09,机器人工程,D601,长春工业大学人文信息学院,1,241252
2022,1,12,数据科学与大数据技术,D601,长春工业大学人文信息学院,1,228114
2022,1,13,软件工程,D601,长春工业大学人文信息学院,1,233905
2022,1,14,电子信息工程,D601,长春工业大学人文信息学院,1,230792
2022,1,16,制药工程,D601,长春工业大学人文信息学院,2,219566
2022,1,17,英语,D601,长春工业大学人文信息学院,2,222731
2022,1,20,电子商务,D601,长春工业大学人文信息学院,2,229111
2022,1,21,国际经济与贸易,D601,长春工业大学人文信息学院,2,225666
2022,1,23,人力资源管理,D601,长春工业大学人文信息学院,3,233391
2022,1,25,物流管理,D601,长春工业大学人文信息学院,2,225205
2022,1,26,工程造价,D601,长春工业大学人文信息学院,2,247950
2022,1,27,土木工程,D601,长春工业大学人文信息学院,1,250011
2022,1,30,会计学,D601,长春工业大学人文信息学院,4,233653
2022,1,32,金融学,D601,长春工业大学人文信息学院,2,227162
2022,1,33,法学,D601,长春工业大学人文信息学院,4,215987
2022,1,17,机械设计制造及其自动化,D602,长春电子科技学院,9,260540
2022,1,18,机械电子工程,D602,长春电子科技学院,6,257235
2022,1,05,金融学,D603,长春财经学院,3,206757
2022,1,23,会计学,D603,长春财经学院,4,208932
2022,1,03,土木工程,D604,吉林建筑科技学院,2,247397
2022,1,15,自动化,D604,吉林建筑科技学院,2,248807
2022,1,01,电气工程及其自动化,D605,长春建筑学院,4,228543
2022,1,02,电子信息工程,D605,长春建筑学院,2,235683
2022,1,03,通信工程,D605,长春建筑学院,2,233083
2022,1,05,自动化,D605,长春建筑学院,2,235939
2022,1,07,计算机科学与技术,D605,长春建筑学院,2,233406
2022,1,10,数字媒体技术,D605,长春建筑学院,4,249620
2022,1,13,土木工程,D605,长春建筑学院,5,252437
2022,1,14,建筑环境与能源应用工程,D605,长春建筑学院,4,246512
2022,1,17,城市地下空间工程,D605,长春建筑学院,3,252241
2022,1,18,道路桥梁与渡河工程,D605,长春建筑学院,4,255018
2022,1,20,交通工程,D605,长春建筑学院,5,238585
2022,1,21,建筑学,D605,长春建筑学院,3,218554
2022,1,22,城乡规划,D605,长春建筑学院,2,224665
2022,1,23,风景园林,D605,长春建筑学院,2,221887
2022,1,25,园林,D605,长春建筑学院,4,233204
2022,1,28,工程管理,D605,长春建筑学院,3,251555
2022,1,31,工程造价,D605,长春建筑学院,3,242258
2022,1,34,财务管理,D605,长春建筑学院,5,238635
2022,1,36,电子商务,D605,长春建筑学院,2,222872
2022,1,37,广告学,D605,长春建筑学院,4,229868
2022,1,14,计算机类,D606,长春科技学院,2,247138
2022,1,17,工商管理类,D606,长春科技学院,2,241828
2022,1,21,中医学,D606,长春科技学院,2,198114
2022,1,22,护理学,D606,长春科技学院,2,216385
2022,1,21,新媒体技术,D607,吉林动画学院,5,250267
2022,1,24,市场营销,D607,吉林动画学院,5,242585
2022,1,26,互联网金融,D607,吉林动画学院,4,236778
2022,1,27,软件工程,D607,吉林动画学院,7,254389
2022,1,28,数字媒体技术,D607,吉林动画学院,18,249749
2022,1,30,虚拟现实技术,D607,吉林动画学院,7,247854
2022,1,31,飞行器制造工程,D607,吉林动画学院,3,250287
2022,1,32,飞行器动力工程,D607,吉林动画学院,3,247796
2022,1,33,飞行器控制与信息工程,D607,吉林动画学院,3,252298
2022,1,01,会计学,D611,蚌埠工商学院,4,214003
2022,1,02,金融学,D611,蚌埠工商学院,4,221742
2022,1,09,财务管理,D611,蚌埠工商学院,4,219724
2022,1,12,国际经济与贸易,D611,蚌埠工商学院,4,222976
2022,1,01,计算机科学与技术,D613,安徽信息工程学院,5,234667
2022,1,02,软件工程,D613,安徽信息工程学院,6,236083
2022,1,04,人工智能,D613,安徽信息工程学院,2,239486
2022,1,05,数据科学与大数据技术,D613,安徽信息工程学院,2,240031
2022,1,06,电气工程及其自动化,D613,安徽信息工程学院,5,238056
2022,1,06,机械设计制造及其自动化,D614,马鞍山学院,5,236473
2022,1,0C,电气工程及其自动化,D614,马鞍山学院,5,238721
2022,1,0J,计算机科学与技术,D614,马鞍山学院,5,236138
2022,1,0Y,财务管理,D614,马鞍山学院,5,222877
2022,1,0A,数据科学与大数据技术,D615,合肥城市学院,2,232802
2022,1,0B,土木工程,D615,合肥城市学院,2,242733
2022,1,0M,安全工程,D615,合肥城市学院,2,238521
2022,1,0U,人力资源管理,D615,合肥城市学院,2,221850
2022,1,0V,资产评估,D615,合肥城市学院,2,223910
2022,1,1A,旅游管理,D623,长春大学旅游学院,5,232728
2022,1,2A,金融学,D623,长春大学旅游学院,5,244157
2022,1,2C,会计学,D623,长春大学旅游学院,5,239455
2022,1,2D,财务管理,D623,长春大学旅游学院,5,242717
2022,1,02,电信工程及管理,D624,泰山科技学院,30,261277
2022,1,04,智能制造工程,D624,泰山科技学院,35,269372
2022,1,06,工商管理,D624,泰山科技学院,27,243515
2022,1,07,机械设计制造及其自动化,D624,泰山科技学院,21,250299
2022,1,08,行政管理,D624,泰山科技学院,23,231953
2022,1,0A,人力资源管理,D624,泰山科技学院,35,242528
2022,1,0B,通信工程,D624,泰山科技学院,57,266512
2022,1,0F,金融学,D624,泰山科技学院,23,235447
2022,1,0H,电子信息工程,D624,泰山科技学院,35,265810
2022,1,0J,秘书学,D624,泰山科技学院,35,244942
2022,1,0K,市场营销,D624,泰山科技学院,35,249895
2022,1,0M,会计学,D624,泰山科技学院,8,220771
2022,1,0N,物联网工程,D624,泰山科技学院,55,265594
2022,1,0P,大数据管理与应用,D624,泰山科技学院,31,256530
2022,1,0Q,虚拟现实技术,D624,泰山科技学院,35,272318
2022,1,0R,电气工程及其自动化,D624,泰山科技学院,91,264854
2022,1,0T,信息管理与信息系统,D624,泰山科技学院,35,266175
2022,1,0Y,数据科学与大数据技术,D624,泰山科技学院,58,261940
2022,1,0Z,计算机科学与技术,D624,泰山科技学院,53,247111
2022,1,12,法学,D624,泰山科技学院,77,228383
2022,1,13,财务管理,D624,泰山科技学院,66,239414
2022,1,14,电子商务,D624,泰山科技学院,31,242088
2022,1,17,土木工程,D624,泰山科技学院,60,276582
2022,1,01,计算机科学与技术,D626,昆明理工大学津桥学院,4,236544
2022,1,09,建筑学,D626,昆明理工大学津桥学院,2,221978
2022,1,0B,土木工程,D626,昆明理工大学津桥学院,5,249646
2022,1,0F,工程管理,D626,昆明理工大学津桥学院,5,246509
2022,1,0Q,会计学,D626,昆明理工大学津桥学院,5,229519
2022,1,0V,英语,D626,昆明理工大学津桥学院,7,229062
2022,1,0Z,法学,D626,昆明理工大学津桥学院,6,219792
2022,1,B0,法学,D628,新疆政法学院,13,183771
2022,1,C0,汉语言文学,D628,新疆政法学院,8,190407
2022,1,D0,工商管理,D628,新疆政法学院,4,204212
2022,1,E0,公共事业管理,D628,新疆政法学院,4,204722
2022,1,F0,国际经济与贸易,D628,新疆政法学院,9,205538
2022,1,G0,计算机科学与技术,D628,新疆政法学院,20,219039
2022,1,H0,英语,D628,新疆政法学院,4,197177
2022,1,J0,监狱学,D628,新疆政法学院,8,192101
2022,1,K0,社区矫正,D628,新疆政法学院,8,207591
2022,1,L0,财务管理,D628,新疆政法学院,6,204992
2022,1,M0,学前教育,D628,新疆政法学院,6,200222
2022,1,01,计算机科学与技术,D631,大连东软信息学院,5,224816
2022,1,13,电子信息工程,D631,大连东软信息学院,5,230898
2022,1,22,文化产业管理,D632,上海视觉艺术学院,5,143993
2022,1,22,金融学类,D634,武汉学院,5,214223
2022,1,24,财政学类,D634,武汉学院,10,217399
2022,1,27,会计学,D634,武汉学院,5,208292
2022,1,39,法学,D634,武汉学院,5,184984
2022,1,04,市场营销,D635,长沙理工大学城南学院,2,210562
2022,1,05,会计学,D635,长沙理工大学城南学院,2,207623
2022,1,12,电气工程及其自动化,D635,长沙理工大学城南学院,4,224548
2022,1,16,计算机科学与技术,D635,长沙理工大学城南学院,2,184358
2022,1,17,土木工程,D635,长沙理工大学城南学院,2,229374
2022,1,10,英语,D636,上海外国语大学贤达经济人文学院,2,198460
2022,1,11,日语,D636,上海外国语大学贤达经济人文学院,2,221659
2022,1,20,国际经济与贸易,D636,上海外国语大学贤达经济人文学院,2,199781
2022,1,23,金融学,D636,上海外国语大学贤达经济人文学院,2,184557
2022,1,55,会计学(全英语教学班),D636,上海外国语大学贤达经济人文学院,2,223548
2022,1,59,酒店管理(全英语教学班),D636,上海外国语大学贤达经济人文学院,1,212265
2022,1,42,金融学,D637,温州商学院,1,224447
2022,1,48,外国语言文学类,D637,温州商学院,1,221085
2022,1,50,新闻传播学类,D637,温州商学院,1,190632
2022,1,52,工商管理类,D637,温州商学院,1,219556
2022,1,54,会计学,D637,温州商学院,1,218765
2022,1,58,创业管理,D637,温州商学院,1,234431
2022,1,0A,汉语言文学(师范类),D641,桂林学院,2,197366
2022,1,0C,英语(师范类),D641,桂林学院,2,207377
2022,1,0G,新闻传播学类,D641,桂林学院,4,221853
2022,1,0L,金融学类,D641,桂林学院,4,226499
2022,1,1R,工商管理类,D641,桂林学院,3,229089
2022,1,1V,会计学,D641,桂林学院,3,225900
2022,1,1Y,旅游管理类,D641,桂林学院,3,231148
2022,1,1Z,法学,D641,桂林学院,2,207074
2022,1,20,物业管理,D641,桂林学院,3,231350
2022,1,27,数学与应用数学(师范类),D641,桂林学院,3,230113
2022,1,28,软件工程,D641,桂林学院,4,248038
2022,1,29,数据科学与大数据技术,D641,桂林学院,4,251277
2022,1,2A,电子信息工程,D641,桂林学院,4,250259
2022,1,63,数字媒体技术,D641,桂林学院,3,254473
2022,1,64,工程造价,D641,桂林学院,4,250389
2022,1,65,健康服务与管理,D641,桂林学院,4,229611
2022,1,66,物联网工程,D641,桂林学院,4,251374
2022,1,69,计算机科学与技术,D641,桂林学院,4,242379
2022,1,01,中医学,D643,广西中医药大学赛恩斯新医药学院,2,156966
2022,1,02,针灸推拿学,D643,广西中医药大学赛恩斯新医药学院,2,178428
2022,1,03,护理学,D643,广西中医药大学赛恩斯新医药学院,2,208575
2022,1,0A,医学检验技术,D643,广西中医药大学赛恩斯新医药学院,2,199079
2022,1,0C,康复治疗学,D643,广西中医药大学赛恩斯新医药学院,2,206572
2022,1,03,通信工程,D650,贵阳信息科技学院,4,244900
2022,1,0F,生物工程,D650,贵阳信息科技学院,5,226505
2022,1,0R,土木工程,D650,贵阳信息科技学院,5,254824
2022,1,0V,工程造价,D650,贵阳信息科技学院,3,248498
2022,1,01,临床医学,D653,遵义医科大学医学与科技学院,5,183470
2022,1,02,麻醉学,D653,遵义医科大学医学与科技学院,5,189140
2022,1,08,电气工程及其自动化,D654,南京理工大学紫金学院,2,201835
2022,1,0A,光电信息科学与工程,D654,南京理工大学紫金学院,1,194038
2022,1,0C,通信工程,D654,南京理工大学紫金学院,1,21780
2022,1,0T,会计学,D654,南京理工大学紫金学院,1,180121
2022,1,0U,人力资源管理,D654,南京理工大学紫金学院,1,182438
2022,1,0Z,工业工程,D654,南京理工大学紫金学院,2,219219
2022,1,04,日语,D658,天津外国语大学滨海外事学院,1,192119
2022,1,10,国际经济与贸易,D658,天津外国语大学滨海外事学院,1,200005
2022,1,14,行政管理,D658,天津外国语大学滨海外事学院,1,197697
2022,1,15,酒店管理,D658,天津外国语大学滨海外事学院,1,219863
2022,1,17,汉语国际教育,D658,天津外国语大学滨海外事学院,2,198707
2022,1,19,护理学,D658,天津外国语大学滨海外事学院,2,208436
2022,1,16,汉语言文学,D659,天津传媒学院,7,209441
2022,1,17,新闻学,D659,天津传媒学院,5,213019
2022,1,18,文化产业管理,D659,天津传媒学院,5,217009
2022,1,20,学前教育,D659,天津传媒学院,8,223906
2022,1,28,英语,D659,天津传媒学院,9,219765
2022,1,29,广告学,D659,天津传媒学院,5,214710
2022,1,30,数字媒体技术,D659,天津传媒学院,16,233551
2022,1,01,英语,D660,天津商业大学宝德学院,2,209387
2022,1,03,日语,D660,天津商业大学宝德学院,2,222265
2022,1,06,工商管理类(会计系),D660,天津商业大学宝德学院,4,208299
2022,1,01,临床医学,D661,天津医科大学临床医学院,4,101858
2022,1,04,口腔医学,D661,天津医科大学临床医学院,4,77984
2022,1,06,护理学,D661,天津医科大学临床医学院,9,191074
2022,1,16,俄语,D662,长春人文学院,2,228216
2022,1,11,计算机科学与技术,D665,电子科技大学成都学院,4,184115
2022,1,12,软件工程,D665,电子科技大学成都学院,3,186782
2022,1,16,信息安全,D665,电子科技大学成都学院,3,215946
2022,1,23,财务管理,D665,电子科技大学成都学院,3,208278
2022,1,24,审计学,D665,电子科技大学成都学院,3,206993
2022,1,01,核工程与核技术,D668,成都理工大学工程技术学院,4,227228
2022,1,16,电气工程及其自动化,D668,成都理工大学工程技术学院,3,224990
2022,1,21,计算机科学与技术,D668,成都理工大学工程技术学院,3,225253
2022,1,30,会计学,D668,成都理工大学工程技术学院,4,217638
2022,1,A2,旅游管理类,D670,成都银杏酒店管理学院,6,229404
2022,1,A3,工商管理类,D670,成都银杏酒店管理学院,6,229327
2022,1,4A,思想政治教育,D671,成都文理学院,8,209989
2022,1,01,商务英语,D673,四川外国语大学成都学院,3,202272
2022,1,02,汉语国际教育,D673,四川外国语大学成都学院,3,207066
2022,1,03,汉语言文学,D673,四川外国语大学成都学院,5,197563
2022,1,05,英语,D673,四川外国语大学成都学院,3,157324
2022,1,06,德语,D673,四川外国语大学成都学院,2,192963
2022,1,07,葡萄牙语,D673,四川外国语大学成都学院,1,219456
2022,1,08,西班牙语,D673,四川外国语大学成都学院,1,194936
2022,1,09,法语,D673,四川外国语大学成都学院,1,69227
2022,1,10,意大利语,D673,四川外国语大学成都学院,1,211860
2022,1,11,俄语,D673,四川外国语大学成都学院,2,207700
2022,1,13,朝鲜语,D673,四川外国语大学成都学院,1,204795
2022,1,14,日语,D673,四川外国语大学成都学院,3,178410
2022,1,15,泰语,D673,四川外国语大学成都学院,1,200132
2022,1,16,越南语,D673,四川外国语大学成都学院,1,214964
2022,1,18,马来语,D673,四川外国语大学成都学院,1,213691
2022,1,19,翻译,D673,四川外国语大学成都学院,3,197303
2022,1,20,网络与新媒体,D673,四川外国语大学成都学院,7,181923
2022,1,21,学前教育,D673,四川外国语大学成都学院,2,201849
2022,1,22,新闻学,D673,四川外国语大学成都学院,2,182334
2022,1,23,国际经济与贸易,D673,四川外国语大学成都学院,2,209214
2022,1,26,跨境电子商务,D673,四川外国语大学成都学院,3,221616
2022,1,27,财务管理,D673,四川外国语大学成都学院,4,212543
2022,1,02,会计学(国际班),D675,北京理工大学珠海学院,5,224371
2022,1,03,应用统计学(国际班),D675,北京理工大学珠海学院,5,229273
2022,1,04,计算机科学与技术(国际班),D675,北京理工大学珠海学院,4,225745
2022,1,05,金融数学(国际班),D675,北京理工大学珠海学院,5,230233
2022,1,06,财务管理(国际班),D675,北京理工大学珠海学院,5,224315
2022,1,08,国际商务(国际班),D675,北京理工大学珠海学院,5,221488
2022,1,09,电子信息类,D675,北京理工大学珠海学院,2,149003
2022,1,15,数字媒体技术,D675,北京理工大学珠海学院,2,132405
2022,1,29,交通运输,D675,北京理工大学珠海学院,2,222772
2022,1,31,应用统计学,D675,北京理工大学珠海学院,2,207714
2022,1,41,工商管理类,D675,北京理工大学珠海学院,2,199923
2022,1,52,法学(国际班),D675,北京理工大学珠海学院,2,144141
2022,1,01,会计学(中外合作办学),D675,北京理工大学珠海学院,3,219272
2022,1,10,机械设计制造及其自动化,D677,西安交通大学城市学院,8,233785
2022,1,15,电气工程及其自动化,D677,西安交通大学城市学院,8,230185
2022,1,19,计算机科学与技术,D677,西安交通大学城市学院,8,229871
2022,1,27,会计学,D677,西安交通大学城市学院,7,218301
2022,1,0V,财务管理,D678,西北大学现代学院,1,224350
2022,1,10,建筑学,D679,西安建筑科技大学华清学院,2,247054
2022,1,13,土木工程,D679,西安建筑科技大学华清学院,2,235792
2022,1,14,给排水科学与工程,D679,西安建筑科技大学华清学院,2,237280
2022,1,15,建筑环境与能源应用工程,D679,西安建筑科技大学华清学院,3,237826
2022,1,17,工程管理,D679,西安建筑科技大学华清学院,2,239235
2022,1,18,安全工程,D679,西安建筑科技大学华清学院,3,237294
2022,1,19,自动化,D679,西安建筑科技大学华清学院,2,232670
2022,1,20,电气工程及其自动化,D679,西安建筑科技大学华清学院,3,233426
2022,1,21,机械类,D679,西安建筑科技大学华清学院,3,239808
2022,1,29,经济学,D679,西安建筑科技大学华清学院,2,223585
2022,1,30,汉语言文学,D679,西安建筑科技大学华清学院,2,212083
2022,1,11,会计学,D681,陕西科技大学镐京学院,2,229277
2022,1,12,财务管理,D681,陕西科技大学镐京学院,2,223274
2022,1,13,金融工程,D681,陕西科技大学镐京学院,2,228191
2022,1,31,计算机科学与技术,D681,陕西科技大学镐京学院,2,236085
2022,1,33,电气工程及其自动化,D681,陕西科技大学镐京学院,2,232734
2022,1,02,软件工程,D682,西安工商学院,2,248212
2022,1,06,通信工程,D682,西安工商学院,3,238723
2022,1,09,会计学,D682,西安工商学院,3,224765
2022,1,10,金融科技,D682,西安工商学院,2,227163
2022,1,11,国际经济与贸易,D682,西安工商学院,2,217199
2022,1,16,网络与新媒体,D682,西安工商学院,3,227793
2022,1,17,工商管理,D684,珠海科技学院,3,216000
2022,1,18,市场营销,D684,珠海科技学院,3,216878
2022,1,20,会计学,D684,珠海科技学院,3,215406
2022,1,23,金融学,D684,珠海科技学院,2,206460
2022,1,33,日语,D684,珠海科技学院,3,216970
2022,1,44,通信工程,D684,珠海科技学院,3,220634
2022,1,45,计算机科学与技术,D684,珠海科技学院,2,188308
2022,1,63,飞行器设计与工程,D684,珠海科技学院,2,228056
2022,1,01,汉语言文学,D686,武汉传媒学院,4,214869
2022,1,02,英语,D686,武汉传媒学院,4,226371
2022,1,04,广播电视学,D686,武汉传媒学院,3,215766
2022,1,05,广告学,D686,武汉传媒学院,3,224037
2022,1,06,网络与新媒体,D686,武汉传媒学院,5,205118
2022,1,07,传播学,D686,武汉传媒学院,3,221359
2022,1,A1,新闻传播学类,D687,南京传媒学院,1,66894
2022,1,A3,时尚传播,D687,南京传媒学院,2,156373
2022,1,A7,文化产业管理,D687,南京传媒学院,1,124059
2022,1,05,学前教育,D691,山西工商学院,8,216004
2022,1,16,软件工程,D691,山西工商学院,4,218807
2022,1,25,工商管理,D691,山西工商学院,10,220698
2022,1,28,财务管理,D691,山西工商学院,8,219598
2022,1,01,临床医学,D705,成都医学院,10,42670
2022,1,02,临床医学,D706,吉林医药学院,8,98514
2022,1,03,医学影像学,D706,吉林医药学院,2,96139
2022,1,04,预防医学,D706,吉林医药学院,3,121548
2022,1,06,药学,D706,吉林医药学院,2,144127
2022,1,07,药物制剂,D706,吉林医药学院,2,151171
2022,1,08,中药学,D706,吉林医药学院,2,148919
2022,1,09,医学检验技术,D706,吉林医药学院,2,120444
2022,1,10,医学影像技术,D706,吉林医药学院,2,120019
2022,1,11,康复治疗学,D706,吉林医药学院,2,133927
2022,1,12,口腔医学技术,D706,吉林医药学院,2,135574
2022,1,14,护理学,D706,吉林医药学院,4,164144
2022,1,15,生物技术,D706,吉林医药学院,2,154356
2022,1,16,应用心理学,D706,吉林医药学院,2,148115
2022,1,18,生物医学工程,D706,吉林医药学院,2,153900
2022,1,19,食品质量与安全,D706,吉林医药学院,2,163186
2022,1,20,生物制药,D706,吉林医药学院,2,158452
2022,1,22,信息管理与信息系统,D706,吉林医药学院,2,177310
2022,1,23,市场营销,D706,吉林医药学院,2,196289
2022,1,24,公共事业管理,D706,吉林医药学院,2,188971
2022,1,21,生物制药(中外合作办学),D706,吉林医药学院,3,193298
2022,1,36,会计学,D714,广州工商学院,3,225829
2022,1,37,电子商务,D714,广州工商学院,4,232364
2022,1,61,数据科学与大数据技术(中外合作办学),D714,广州工商学院,4,256816
2022,1,62,软件工程(中外合作办学),D714,广州工商学院,4,256809
2022,1,63,通信工程(中外合作办学),D714,广州工商学院,4,260366
2022,1,04,物流管理,D720,广东理工学院,4,244934
2022,1,06,电子商务,D720,广东理工学院,4,246500
2022,1,12,会计学,D720,广东理工学院,3,235593
2022,1,14,商务英语,D720,广东理工学院,4,243564
2022,1,24,机械设计制造及其自动化,D720,广东理工学院,4,247468
2022,1,25,机械电子工程,D720,广东理工学院,4,250752
2022,1,26,机器人工程,D720,广东理工学院,4,254443
2022,1,B7,智能制造工程技术,D727,新疆天山职业技术大学,8,243886
2022,1,B8,电梯工程技术,D727,新疆天山职业技术大学,9,249660
2022,1,BB,无人机系统应用技术,D727,新疆天山职业技术大学,9,249729
2022,1,BD,新能源汽车工程技术,D727,新疆天山职业技术大学,8,247723
2022,1,BG,数字媒体技术,D727,新疆天山职业技术大学,8,246115
2022,1,BJ,大数据工程技术,D727,新疆天山职业技术大学,10,243223
2022,1,BL,现代通信工程,D727,新疆天山职业技术大学,8,248454
2022,1,BM,大数据与会计,D727,新疆天山职业技术大学,9,223770
2022,1,BP,国际经济与贸易,D727,新疆天山职业技术大学,8,223347
2022,1,BS,电子商务,D727,新疆天山职业技术大学,10,224289
2022,1,BU,旅游管理,D727,新疆天山职业技术大学,8,226913
2022,1,BV,学前教育,D727,新疆天山职业技术大学,10,227270
2022,1,BX,应用俄语,D727,新疆天山职业技术大学,5,222222
2022,1,03,智能制造工程技术,D738,西安汽车职业大学,2,250072
2022,1,05,新能源汽车工程技术,D738,西安汽车职业大学,2,248065
2022,1,08,城市轨道交通信号与控制技术,D738,西安汽车职业大学,2,238942
2022,1,09,城市轨道交通智能运营,D738,西安汽车职业大学,2,239683
2022,1,10,电子信息工程技术,D738,西安汽车职业大学,2,250826
2022,1,11,物联网工程技术,D738,西安汽车职业大学,2,251681
2022,1,12,数字媒体技术,D738,西安汽车职业大学,2,257746
2022,1,13,大数据工程技术,D738,西安汽车职业大学,2,253168
2022,1,14,人工智能工程技术,D738,西安汽车职业大学,2,250101
2022,1,15,大数据与财务管理,D738,西安汽车职业大学,2,234839
2022,1,01,俄语,D744,黑河学院,4,187295
2022,1,04,俄语(师范类),D744,黑河学院,4,189411
2022,1,05,商务英语,D744,黑河学院,4,192926
2022,1,07,英语(师范类),D744,黑河学院,3,170656
2022,1,08,翻译(英语方向),D744,黑河学院,3,192233
2022,1,09,翻译(俄语方向),D744,黑河学院,3,193715
2022,1,27,旅游管理,D744,黑河学院,3,202713
2022,1,29,法学,D744,黑河学院,3,162278
2022,1,31,历史学(师范类),D744,黑河学院,3,165165
2022,1,32,生物技术,D744,黑河学院,3,199989
2022,1,33,数据科学与大数据技术,D744,黑河学院,3,211314
2022,1,34,电子信息科学与技术,D744,黑河学院,3,209021
2022,1,35,光电信息科学与工程,D744,黑河学院,4,212651
2022,1,37,化学(师范类),D744,黑河学院,4,182363
2022,1,39,数学与应用数学(师范类),D744,黑河学院,4,193804
2022,1,40,应用化学,D744,黑河学院,4,203046
2022,1,41,材料科学与工程,D744,黑河学院,4,220347
2022,1,43,学前教育(师范类),D744,黑河学院,4,180837
2022,1,47,小学教育(师范类),D744,黑河学院,4,165152
2022,1,48,汉语言文学,D744,黑河学院,4,175768
2022,1,50,汉语言文学(师范类),D744,黑河学院,4,164568
2022,1,52,汉语国际教育,D744,黑河学院,4,185249
2022,1,53,广播电视学,D744,黑河学院,4,192319
2022,1,63,通信工程,D744,黑河学院,4,210394
2022,1,64,物联网工程,D744,黑河学院,4,210266
2022,1,65,计算机科学与技术,D744,黑河学院,4,206515
2022,1,67,网络工程,D744,黑河学院,4,208491
2022,1,68,国际经济与贸易,D744,黑河学院,4,197787
2022,1,69,会计学,D744,黑河学院,3,191212
2022,1,70,物流管理,D744,黑河学院,3,199227
2022,1,71,跨境电子商务,D744,黑河学院,4,202855
2022,1,0P,翻译,D762,福州外语外贸学院,2,223379
2022,1,0T,学前教育,D762,福州外语外贸学院,2,223610
2022,1,0U,小学教育,D762,福州外语外贸学院,2,214016
2022,1,15,法语,D763,福建江夏学院,5,180734
2022,1,16,商务英语,D763,福建江夏学院,5,166963
2022,1,1C,金融学,D763,福建江夏学院,7,193571
2022,1,1D,国际经济与贸易,D763,福建江夏学院,3,185651
2022,1,03,微电子科学与工程,D766,泉州信息工程学院,3,252587
2022,1,07,机器人工程,D766,泉州信息工程学院,3,252597
2022,1,08,智能制造工程,D766,泉州信息工程学院,3,252786
2022,1,15,土木工程,D766,泉州信息工程学院,2,250556
2022,1,16,工程造价,D766,泉州信息工程学院,2,254619
2022,1,17,工程管理,D766,泉州信息工程学院,1,244303
2022,1,29,软件工程(中外合作办学),D766,泉州信息工程学院,10,260786
2022,1,03,物联网工程,D773,福州理工学院,5,250273
2022,1,04,计算机科学与技术,D773,福州理工学院,5,246286
2022,1,09,工程造价,D773,福州理工学院,5,249754
2022,1,12,土木工程,D773,福州理工学院,5,253896
2022,1,20,财务管理,D773,福州理工学院,5,242698
2022,1,21,物流管理,D773,福州理工学院,5,243888
2022,1,23,电子商务,D773,福州理工学院,5,241751
2022,1,41,学前教育(师范类),D806,长沙师范学院,2,133732
2022,1,50,物联网工程,D806,长沙师范学院,2,146008
2022,1,51,包装工程,D806,长沙师范学院,2,175363
2022,1,07,教育技术学(师范类),D811,琼台师范学院,2,172729
2022,1,09,网络与新媒体,D811,琼台师范学院,1,153265
2022,1,13,数学与应用数学(师范类),D811,琼台师范学院,2,174367
2022,1,14,英语(师范类),D811,琼台师范学院,2,149460
2022,1,15,汉语言文学(师范类),D811,琼台师范学院,2,132474
2022,1,18,学前教育(师范类),D811,琼台师范学院,1,166840
2022,1,01,机械类,D816,四川工业科技学院,5,239177
2022,1,03,新能源汽车工程,D816,四川工业科技学院,3,240097
2022,1,06,电子信息类,D816,四川工业科技学院,5,240809
2022,1,09,计算机类,D816,四川工业科技学院,5,233001
2022,1,14,土木类,D816,四川工业科技学院,3,244619
2022,1,17,工程造价,D816,四川工业科技学院,3,245262
2022,1,21,旅游管理类,D816,四川工业科技学院,4,231432
2022,1,25,财务管理,D816,四川工业科技学院,6,224269
2022,1,27,学前教育,D816,四川工业科技学院,6,223630
2022,1,01,化学工程与工艺,D820,银川能源学院,3,228984
2022,1,05,电气工程及其自动化,D820,银川能源学院,3,235103
2022,1,0A,财务管理,D820,银川能源学院,4,226252
2022,1,0E,数字媒体技术,D820,银川能源学院,3,240025
2022,1,01,英语,D830,广西外国语学院,3,216078
2022,1,02,法语,D830,广西外国语学院,1,233065
2022,1,05,金融工程,D830,广西外国语学院,1,233886
2022,1,06,经济与金融,D830,广西外国语学院,1,232660
2022,1,07,国际经济与贸易,D830,广西外国语学院,1,234205
2022,1,08,学前教育,D830,广西外国语学院,2,230332
2022,1,09,汉语言文学,D830,广西外国语学院,1,221934
2022,1,0A,汉语国际教育,D830,广西外国语学院,1,227123
2022,1,0C,西班牙语,D830,广西外国语学院,2,227186
2022,1,0E,印度尼西亚语,D830,广西外国语学院,1,242472
2022,1,0F,柬埔寨语,D830,广西外国语学院,1,239553
2022,1,0H,泰语,D830,广西外国语学院,1,236222
2022,1,0J,越南语,D830,广西外国语学院,1,239822
2022,1,0K,翻译,D830,广西外国语学院,1,230318
2022,1,0L,商务英语,D830,广西外国语学院,1,235636
2022,1,0N,人工智能,D830,广西外国语学院,1,230258
2022,1,0P,计算机科学与技术,D830,广西外国语学院,1,241431
2022,1,0Q,软件工程,D830,广西外国语学院,1,235569
2022,1,0R,网络工程,D830,广西外国语学院,1,230126
2022,1,0S,市场营销,D830,广西外国语学院,1,231816
2022,1,0T,财务管理,D830,广西外国语学院,1,227328
2022,1,0U,人力资源管理,D830,广西外国语学院,1,233328
2022,1,0X,公共事业管理,D830,广西外国语学院,1,242352
2022,1,0Z,跨境电子商务,D830,广西外国语学院,1,231413
2022,1,01,机械工程,D842,南京理工大学泰州科技学院,5,226323
2022,1,04,机器人工程,D842,南京理工大学泰州科技学院,5,229915
2022,1,11,电气工程及其自动化,D842,南京理工大学泰州科技学院,5,222528
2022,1,12,电气工程与智能控制,D842,南京理工大学泰州科技学院,5,225314
2022,1,16,化学工程与工艺,D842,南京理工大学泰州科技学院,7,212458
2022,1,01,工商管理,D843,南京师范大学泰州学院,12,212999
2022,1,02,国际经济与贸易,D843,南京师范大学泰州学院,12,210140
2022,1,03,财务管理,D843,南京师范大学泰州学院,12,207513
2022,1,04,法学,D843,南京师范大学泰州学院,12,190211
2022,1,05,行政管理,D843,南京师范大学泰州学院,9,211232
2022,1,06,小学教育(师范类),D843,南京师范大学泰州学院,6,182916
2022,1,07,学前教育(师范类),D843,南京师范大学泰州学院,6,192846
2022,1,08,汉语言文学(师范类),D843,南京师范大学泰州学院,6,162901
2022,1,09,汉语言文学,D843,南京师范大学泰州学院,10,184459
2022,1,11,英语(师范类),D843,南京师范大学泰州学院,6,190563
2022,1,12,英语,D843,南京师范大学泰州学院,10,207190
2022,1,22,制药工程,D843,南京师范大学泰州学院,9,213250
2022,1,01,道路桥梁与渡河工程,D857,山东华宇工学院,135,271312
2022,1,03,自动化,D857,山东华宇工学院,150,263166
2022,1,04,信息管理与信息系统,D857,山东华宇工学院,90,264686
2022,1,06,新能源科学与工程,D857,山东华宇工学院,85,264857
2022,1,07,财务管理,D857,山东华宇工学院,65,227148
2022,1,08,机械电子工程,D857,山东华宇工学院,45,264989
2022,1,09,商务英语,D857,山东华宇工学院,95,234758
2022,1,0A,网络工程,D857,山东华宇工学院,45,254991
2022,1,0B,建筑环境与能源应用工程,D857,山东华宇工学院,60,272056
2022,1,0C,电子信息工程,D857,山东华宇工学院,45,256840
2022,1,0E,工业工程,D857,山东华宇工学院,50,236642
2022,1,0F,机械设计制造及其自动化,D857,山东华宇工学院,45,252415
2022,1,0G,工程管理,D857,山东华宇工学院,90,271852
2022,1,0J,数字媒体技术,D857,山东华宇工学院,85,254481
2022,1,0K,材料成型及控制工程,D857,山东华宇工学院,45,269812
2022,1,0L,物流工程,D857,山东华宇工学院,85,239655
2022,1,0M,车辆工程,D857,山东华宇工学院,45,270555
2022,1,0P,机器人工程,D857,山东华宇工学院,90,268806
2022,1,0Q,智能制造工程,D857,山东华宇工学院,45,262477
2022,1,0R,能源与动力工程,D857,山东华宇工学院,150,240365
2022,1,0T,软件工程,D857,山东华宇工学院,45,245522
2022,1,0U,电气工程及其自动化,D857,山东华宇工学院,60,251086
2022,1,0V,工程造价,D857,山东华宇工学院,45,259831
2022,1,0W,房地产开发与管理,D857,山东华宇工学院,90,274175
2022,1,0X,物联网工程,D857,山东华宇工学院,45,257213
2022,1,0Y,测控技术与仪器,D857,山东华宇工学院,90,271854
2022,1,10,汽车服务工程,D857,山东华宇工学院,30,269218
2022,1,01,应用韩语,D874,山东外事职业大学,60,252689
2022,1,08,中文国际教育,D874,山东外事职业大学,45,242454
2022,1,09,外事实务,D874,山东外事职业大学,45,251169
2022,1,0F,软件工程技术,D874,山东外事职业大学,45,266253
2022,1,0M,大数据工程技术,D874,山东外事职业大学,45,265653
2022,1,0P,计算机应用工程,D874,山东外事职业大学,45,265957
2022,1,0R,电子商务,D874,山东外事职业大学,90,248714
2022,1,0S,市场营销,D874,山东外事职业大学,40,250339
2022,1,0U,工程造价,D874,山东外事职业大学,90,273698
2022,1,0X,应用外语,D874,山东外事职业大学,30,250822
2022,1,0Y,应用英语,D874,山东外事职业大学,80,246574
2022,1,0Z,应用日语,D874,山东外事职业大学,60,251838
2022,1,10,金融管理,D874,山东外事职业大学,40,247117
2022,1,11,国际经济与贸易,D874,山东外事职业大学,80,249191
2022,1,12,现代物流管理,D874,山东外事职业大学,90,249033
2022,1,1E,大数据与会计,D874,山东外事职业大学,90,243162
2022,1,1F,建筑装饰工程,D874,山东外事职业大学,45,273686
2022,1,1H,学前教育(师范类),D874,山东外事职业大学,90,237100
2022,1,10,工商管理,D891,保定理工学院,2,232516
2022,1,12,会计学,D891,保定理工学院,2,212480
2022,1,13,财务管理,D891,保定理工学院,2,225522
2022,1,15,电子信息工程,D891,保定理工学院,2,245037
2022,1,23,学前教育,D891,保定理工学院,2,223773
2022,1,24,小学教育,D891,保定理工学院,3,208462
2022,1,25,审计学,D891,保定理工学院,2,227416
2022,1,33,土木工程(中外合作办学),D891,保定理工学院,26,278506
2022,1,26,法学(自贸港法律),D892,三亚学院,2,187546
2022,1,A2,金融科技,D892,三亚学院,3,237187
2022,1,A3,金融科技(跨境投融资),D892,三亚学院,3,245131
2022,1,A1,国际经济与贸易(中外合作办学),D892,三亚学院,2,224191
2022,1,09,应用心理学(双语教学),D893,上海师范大学天华学院,2,223858
2022,1,36,英语(英语教育),D893,上海师范大学天华学院,3,211981
2022,1,00,英语,D894,西安明德理工学院,4,232033
2022,1,01,翻译,D894,西安明德理工学院,3,234155
2022,1,02,德语,D894,西安明德理工学院,3,224240
2022,1,03,日语,D894,西安明德理工学院,2,226888
2022,1,05,金融学,D894,西安明德理工学院,4,238309
2022,1,06,国际经济与贸易,D894,西安明德理工学院,2,237021
2022,1,07,市场营销,D894,西安明德理工学院,3,235194
2022,1,08,会计学,D894,西安明德理工学院,4,236133
2022,1,09,财务管理,D894,西安明德理工学院,2,229696
2022,1,10,计算机科学与技术,D894,西安明德理工学院,4,243435
2022,1,11,软件工程,D894,西安明德理工学院,3,248703
2022,1,12,电子商务,D894,西安明德理工学院,3,250607
2022,1,13,数据科学与大数据技术,D894,西安明德理工学院,3,250426
2022,1,14,通信工程,D894,西安明德理工学院,3,241285
2022,1,17,机械设计制造及其自动化,D894,西安明德理工学院,4,245124
2022,1,18,飞行器制造工程,D894,西安明德理工学院,2,248735
2022,1,19,智能制造工程,D894,西安明德理工学院,2,247354
2022,1,20,无人驾驶航空器系统工程,D894,西安明德理工学院,2,255365
2022,1,21,电气工程及其自动化,D894,西安明德理工学院,2,239756
2022,1,22,机器人工程,D894,西安明德理工学院,3,246455
2022,1,23,工业设计,D894,西安明德理工学院,4,252399
2022,1,34,人工智能,D894,西安明德理工学院,2,242412
2022,1,01,自动化,D897,天津理工大学中环信息学院,1,229190
2022,1,02,电气工程及其自动化,D897,天津理工大学中环信息学院,1,122377
2022,1,03,电气工程及其自动化(电力系统及其自动化方向),D897,天津理工大学中环信息学院,1,223540
2022,1,04,电气工程与智能控制,D897,天津理工大学中环信息学院,1,225660
2022,1,05,智能电网信息工程,D897,天津理工大学中环信息学院,1,222535
2022,1,06,机械设计制造及其自动化,D897,天津理工大学中环信息学院,2,227503
2022,1,07,机械电子工程,D897,天津理工大学中环信息学院,1,220484
2022,1,08,机器人工程,D897,天津理工大学中环信息学院,1,231453
2022,1,09,电子信息科学与技术,D897,天津理工大学中环信息学院,1,224922
2022,1,0A,电子信息工程,D897,天津理工大学中环信息学院,1,221270
2022,1,0B,通信工程,D897,天津理工大学中环信息学院,1,222616
2022,1,0C,物联网工程,D897,天津理工大学中环信息学院,1,198057
2022,1,0D,人工智能,D897,天津理工大学中环信息学院,1,231887
2022,1,0E,计算机科学与技术,D897,天津理工大学中环信息学院,1,209672
2022,1,0F,软件工程,D897,天津理工大学中环信息学院,1,98129
2022,1,0G,数字媒体技术,D897,天津理工大学中环信息学院,1,74867
2022,1,0H,数据科学与大数据技术,D897,天津理工大学中环信息学院,1,94941
2022,1,0J,工程管理,D897,天津理工大学中环信息学院,1,224775
2022,1,0K,财务管理,D897,天津理工大学中环信息学院,1,207875
2022,1,0L,物流管理,D897,天津理工大学中环信息学院,1,217059
2022,1,0M,人力资源管理,D897,天津理工大学中环信息学院,1,207462
2022,1,01,土木工程,D898,北京科技大学天津学院,2,221013
2022,1,06,材料科学与工程,D898,北京科技大学天津学院,2,214187
2022,1,09,环境工程,D898,北京科技大学天津学院,2,210422
2022,1,0H,智能制造工程,D898,北京科技大学天津学院,2,207707
2022,1,0K,计算机科学与技术(软件技术),D898,北京科技大学天津学院,2,215258
2022,1,0M,无人驾驶航空器系统工程,D898,北京科技大学天津学院,2,223527
2022,1,0P,国际经济与贸易,D898,北京科技大学天津学院,2,196602
2022,1,0Y,护理学,D898,北京科技大学天津学院,3,206980
2022,1,12,英语,D898,北京科技大学天津学院,2,181248
2022,1,16,朝鲜语,D898,北京科技大学天津学院,2,228219
2022,1,21,法学,D898,北京科技大学天津学院,2,171427
2022,1,01,中医学,D899,北京中医药大学东方学院,6,145493
2022,1,03,针灸推拿学,D899,北京中医药大学东方学院,6,178082
2022,1,05,中西医临床医学,D899,北京中医药大学东方学院,6,162877
2022,1,07,中药学,D899,北京中医药大学东方学院,4,186002
2022,1,08,中药制药,D899,北京中医药大学东方学院,4,201737
2022,1,10,医学检验技术,D899,北京中医药大学东方学院,4,183782
2022,1,11,医学影像技术,D899,北京中医药大学东方学院,4,230310
2022,1,12,康复治疗学,D899,北京中医药大学东方学院,4,227612
2022,1,13,护理学,D899,北京中医药大学东方学院,6,197309
2022,1,15,工商管理,D899,北京中医药大学东方学院,4,218961
2022,1,17,市场营销,D899,北京中医药大学东方学院,4,222906
2022,1,19,公共事业管理,D899,北京中医药大学东方学院,4,219337
2022,1,21,健康服务与管理,D899,北京中医药大学东方学院,4,221729
2022,1,01,汉语言文学,D902,广州新华学院,2,196067
2022,1,02,法学,D902,广州新华学院,2,221090
2022,1,03,英语,D902,广州新华学院,2,214786
2022,1,09,物流管理,D902,广州新华学院,2,243846
2022,1,11,会计学,D902,广州新华学院,2,220690
2022,1,13,审计学,D902,广州新华学院,2,224363
2022,1,14,行政管理,D902,广州新华学院,2,226682
2022,1,16,人力资源管理,D902,广州新华学院,2,238507
2022,1,24,金融工程,D902,广州新华学院,2,227682
2022,1,38,康复治疗学,D902,广州新华学院,3,220543
2022,1,39,听力与言语康复学,D902,广州新华学院,3,232840
2022,1,42,信息资源管理,D902,广州新华学院,2,230994
2022,1,A0,汉语言文学,D903,成都锦城学院,2,189758
2022,1,A2,新闻学,D903,成都锦城学院,2,187790
2022,1,B7,人工智能,D903,成都锦城学院,4,229555
2022,1,B8,数字媒体技术,D903,成都锦城学院,2,220094
2022,1,C1,工程造价,D903,成都锦城学院,2,222119
2022,1,C3,土木工程,D903,成都锦城学院,6,230800
2022,1,C4,给排水科学与工程,D903,成都锦城学院,2,235436
2022,1,C7,市场营销,D903,成都锦城学院,2,227087
2022,1,C9,物流管理,D903,成都锦城学院,2,219198
2022,1,D0,旅游管理,D903,成都锦城学院,2,224127
2022,1,D1,电子商务,D903,成都锦城学院,2,214809
2022,1,D2,审计学,D903,成都锦城学院,4,200062
2022,1,D3,会计学,D903,成都锦城学院,4,202734
2022,1,D4,财务管理,D903,成都锦城学院,4,210566
2022,1,D5,经济统计学,D903,成都锦城学院,3,214239
2022,1,D6,英语,D903,成都锦城学院,6,213587
2022,1,D7,商务英语,D903,成都锦城学院,2,217422
2022,1,D8,日语,D903,成都锦城学院,2,206842
2022,1,D9,法语,D903,成都锦城学院,2,209917
2022,1,E0,电子信息类,D903,成都锦城学院,3,222868
2022,1,E1,通信工程,D903,成都锦城学院,4,224353
2022,1,E3,智能科学与技术,D903,成都锦城学院,2,210866
2022,1,E6,机器人工程,D903,成都锦城学院,2,232987
2022,1,E7,汽车服务工程,D903,成都锦城学院,2,235587
2022,1,E8,智能工程与创意设计,D903,成都锦城学院,2,233296
2022,1,E9,新媒体技术,D903,成都锦城学院,2,220327
2022,1,F1,国际经济与贸易,D903,成都锦城学院,5,212434
2022,1,F2,国际商务,D903,成都锦城学院,5,215713
2022,1,01,国际经济与贸易,D904,北京工业大学耿丹学院,1,185537
2022,1,02,财务管理,D904,北京工业大学耿丹学院,1,197837
2022,1,03,市场营销(品牌管理与策划),D904,北京工业大学耿丹学院,1,209113
2022,1,04,金融工程,D904,北京工业大学耿丹学院,1,211842
2022,1,12,计算机类,D904,北京工业大学耿丹学院,1,134057
2022,1,08,人力资源管理,D905,南京工业大学浦江学院,2,200145
2022,1,14,机械工程,D905,南京工业大学浦江学院,2,207183
2022,1,22,计算机科学与技术,D905,南京工业大学浦江学院,2,29223
2022,1,23,土木工程,D905,南京工业大学浦江学院,3,225839
2022,1,24,建筑环境与能源应用工程,D905,南京工业大学浦江学院,2,227259
2022,1,28,软件工程(嵌入式培养),D905,南京工业大学浦江学院,2,206937
2022,1,31,食品科学与工程,D905,南京工业大学浦江学院,2,204270
2022,1,52,建筑学,D905,南京工业大学浦江学院,2,224908
2022,1,3A,行政管理,D906,南京师范大学中北学院,2,194534
2022,1,4A,会计学,D906,南京师范大学中北学院,4,193543
2022,1,5B,电子信息工程,D906,南京师范大学中北学院,3,223227
2022,1,6C,电气工程及其自动化,D906,南京师范大学中北学院,3,220307
2022,1,0E,软件工程,D924,湖南交通工程学院,3,238450
2022,1,0J,铁道工程,D924,湖南交通工程学院,3,241453
2022,1,0U,电子商务,D924,湖南交通工程学院,3,220608
2022,1,01,汉语言文学,D957,辽宁传媒学院,10,228233
2022,1,02,新闻学,D957,辽宁传媒学院,5,229130
2022,1,03,广播电视学,D957,辽宁传媒学院,10,237647
2022,1,07,网络与新媒体,D957,辽宁传媒学院,20,237098
2022,1,09,数字媒体技术,D957,辽宁传媒学院,5,248091
2022,1,11,工程造价,D957,辽宁传媒学院,10,261121
2022,1,12,大数据管理与应用,D957,辽宁传媒学院,10,258628
2022,1,14,文化产业管理,D957,辽宁传媒学院,5,238873
2022,1,15,信息资源管理,D957,辽宁传媒学院,5,241108
2022,1,16,电子商务及法律,D957,辽宁传媒学院,5,238153
2022,1,44,数字媒体技术(中外合作办学),D957,辽宁传媒学院,10,264283
2022,1,01,临床医学,D980,南京医科大学康达学院,2,115006
2022,1,02,临床医学(全科医学),D980,南京医科大学康达学院,5,164359
2022,1,03,临床医学(急诊医学),D980,南京医科大学康达学院,2,172139
2022,1,04,预防医学,D980,南京医科大学康达学院,4,170993
2022,1,06,药学,D980,南京医科大学康达学院,3,197343
2022,1,09,医学检验技术,D980,南京医科大学康达学院,2,172153
2022,1,10,医学影像技术,D980,南京医科大学康达学院,2,165937
2022,1,11,康复治疗学,D980,南京医科大学康达学院,3,184758
2022,1,12,医学信息工程,D980,南京医科大学康达学院,2,210616
2022,1,13,护理学,D980,南京医科大学康达学院,5,185564
2022,1,16,公共事业管理(卫生事业管理),D980,南京医科大学康达学院,2,200111
2022,1,17,健康服务与管理,D980,南京医科大学康达学院,1,197420
2022,1,18,医疗保险,D980,南京医科大学康达学院,2,210967
2022,1,20,英语,D980,南京医科大学康达学院,5,207577
2022,1,02,物联网工程,D982,无锡学院,2,101787
2022,1,03,数据科学与大数据技术,D982,无锡学院,2,105423
2022,1,04,计算机科学与技术,D982,无锡学院,2,85055
2022,1,05,计算机科学与技术(嵌入式培养),D982,无锡学院,2,98489
2022,1,06,软件工程,D982,无锡学院,3,93405
2022,1,08,电子信息工程,D982,无锡学院,2,112851
2022,1,09,电子科学与技术,D982,无锡学院,2,126454
2022,1,14,人工智能,D982,无锡学院,2,105450
2022,1,17,电气工程及其自动化,D982,无锡学院,2,131217
2022,1,18,自动化,D982,无锡学院,2,131151
2022,1,21,轨道交通信号与控制,D982,无锡学院,2,136763
2022,1,24,环境科学与工程,D982,无锡学院,2,125593
2022,1,25,大气科学,D982,无锡学院,2,81082
2022,1,36,财务管理,D982,无锡学院,2,121968
2022,1,38,金融工程,D982,无锡学院,2,124994
2022,1,10,电子信息工程,D985,苏州科技大学天平学院,2,193878
2022,1,17,市场营销,D985,苏州科技大学天平学院,2,204063
2022,1,19,酒店管理,D985,苏州科技大学天平学院,2,212398
2022,1,25,日语,D985,苏州科技大学天平学院,4,202718
2022,1,02,公共事业管理,D986,江苏大学京江学院,2,204657
2022,1,03,国际经济与贸易,D986,江苏大学京江学院,1,206071
2022,1,04,护理学,D986,江苏大学京江学院,1,174565
2022,1,07,人力资源管理,D986,江苏大学京江学院,2,206492
2022,1,08,市场营销,D986,江苏大学京江学院,3,209736
2022,1,11,英语,D986,江苏大学京江学院,3,197471
2022,1,13,材料成型及控制工程,D986,江苏大学京江学院,4,227929
2022,1,14,车辆工程,D986,江苏大学京江学院,1,222089
2022,1,15,电气工程及其自动化,D986,江苏大学京江学院,2,219950
2022,1,18,工业工程,D986,江苏大学京江学院,1,209397
2022,1,20,机械电子工程,D986,江苏大学京江学院,5,225640
2022,1,21,机械设计制造及其自动化,D986,江苏大学京江学院,4,220736
2022,1,22,计算机科学与技术,D986,江苏大学京江学院,2,212662
2022,1,30,软件工程,D986,江苏大学京江学院,2,208358
2022,1,33,通信工程,D986,江苏大学京江学院,2,219954
2022,1,35,土木工程,D986,江苏大学京江学院,2,224865
2022,1,37,医学检验技术,D986,江苏大学京江学院,3,187147
2022,1,53,电子商务,D986,江苏大学京江学院,2,206561
2022,1,58,软件工程(嵌入式培养),D986,江苏大学京江学院,2,222507
2022,1,59,能源与动力工程,D986,江苏大学京江学院,4,213092
2022,1,60,计算机科学与技术(嵌入式培养),D986,江苏大学京江学院,2,225207
2022,1,09,国际经济与贸易,D987,扬州大学广陵学院,2,204871
2022,1,12,市场营销,D987,扬州大学广陵学院,3,209749
2022,1,17,机械设计制造及其自动化,D987,扬州大学广陵学院,2,218626
2022,1,26,电气工程及其自动化,D987,扬州大学广陵学院,3,220565
2022,1,2E,金融科技,D988,江苏师范大学科文学院,3,211137
2022,1,2F,汉语言文学,D988,江苏师范大学科文学院,3,104126
2022,1,2H,互联网金融,D988,江苏师范大学科文学院,3,210124
2022,1,2K,日语,D988,江苏师范大学科文学院,2,205964
2022,1,2P,机器人工程,D988,江苏师范大学科文学院,6,225267
2022,1,2Z,商务英语,D988,江苏师范大学科文学院,3,197487
2022,1,03,广告学,D989,南京邮电大学通达学院,2,192455
2022,1,05,金融工程,D989,南京邮电大学通达学院,2,210294
2022,1,06,财务管理,D989,南京邮电大学通达学院,2,190314
2022,1,12,电气工程及其自动化,D989,南京邮电大学通达学院,2,214451
2022,1,16,数字媒体技术,D989,南京邮电大学通达学院,2,212409
2022,1,18,数据科学与大数据技术,D989,南京邮电大学通达学院,2,221583
2022,1,20,通信工程,D989,南京邮电大学通达学院,4,221324
2022,1,22,计算机科学与技术(嵌入式培养),D989,南京邮电大学通达学院,3,203998
2022,1,24,网络工程(嵌入式培养),D989,南京邮电大学通达学院,3,223849
2022,1,03,法学,D990,南京财经大学红山学院,4,185675
2022,1,04,英语,D990,南京财经大学红山学院,4,207969
2022,1,05,市场营销,D990,南京财经大学红山学院,4,211456
2022,1,06,会计学,D990,南京财经大学红山学院,6,200140
2022,1,07,审计学,D990,南京财经大学红山学院,5,199840
2022,1,08,人力资源管理,D990,南京财经大学红山学院,4,210039
2022,1,09,金融学,D990,南京财经大学红山学院,5,206832
2022,1,11,税收学,D990,南京财经大学红山学院,4,209032
2022,1,12,工商管理,D990,南京财经大学红山学院,4,210459
2022,1,13,财务管理,D990,南京财经大学红山学院,4,204438
2022,1,14,电子商务,D990,南京财经大学红山学院,4,211468
2022,1,15,物流管理,D990,南京财经大学红山学院,4,213147
2022,1,01,船舶与海洋工程,D991,江苏科技大学苏州理工学院,3,210289
2022,1,05,机械设计制造及其自动化,D991,江苏科技大学苏州理工学院,2,185020
2022,1,07,能源与动力工程,D991,江苏科技大学苏州理工学院,2,65785
2022,1,09,计算机科学与技术,D991,江苏科技大学苏州理工学院,2,76426
2022,1,21,财务管理,D991,江苏科技大学苏州理工学院,2,198389
2022,1,01,国际经济与贸易,D992,常州大学怀德学院,2,211852
2022,1,02,会计学,D992,常州大学怀德学院,2,208578
2022,1,03,市场营销,D992,常州大学怀德学院,2,214641
2022,1,0C,机械设计制造及其自动化,D992,常州大学怀德学院,3,226055
2022,1,0G,计算机科学与技术,D992,常州大学怀德学院,3,225664
2022,1,0J,高分子材料与工程,D992,常州大学怀德学院,3,219688
2022,1,12,海洋技术,D993,南通大学杏林学院,20,221316
2022,1,37,医学实验技术,D993,南通大学杏林学院,15,221986
2022,1,15,审计学,D994,南京审计大学金审学院,4,182599
2022,1,16,会计学,D994,南京审计大学金审学院,3,182938
2022,1,17,财务管理,D994,南京审计大学金审学院,3,186382
2022,1,18,金融学,D994,南京审计大学金审学院,2,172274
2022,1,19,保险学,D994,南京审计大学金审学院,2,191082
2022,1,22,工商管理,D994,南京审计大学金审学院,2,184903
2022,1,26,计算机科学与技术,D994,南京审计大学金审学院,1,180824
2022,1,27,信息管理与信息系统,D994,南京审计大学金审学院,1,202004
2022,1,28,学前教育(师范类),D994,南京审计大学金审学院,2,189489
2022,1,01,知识产权,D995,青岛工学院,20,228888
2022,1,02,汉语言文学,D995,青岛工学院,59,219647
2022,1,03,信息安全,D995,青岛工学院,23,256787
2022,1,05,国际商务,D995,青岛工学院,26,241534
2022,1,06,物流管理,D995,青岛工学院,17,238155
2022,1,08,德语,D995,青岛工学院,4,237004
2022,1,09,日语,D995,青岛工学院,8,227164
2022,1,0A,食品科学与工程,D995,青岛工学院,39,236496
2022,1,0B,市场营销,D995,青岛工学院,17,241582
2022,1,0D,电子信息工程,D995,青岛工学院,13,252095
2022,1,0E,计算机科学与技术,D995,青岛工学院,19,238877
2022,1,0F,网络工程,D995,青岛工学院,23,261519
2022,1,0G,土木工程,D995,青岛工学院,40,269065
2022,1,0H,人工智能,D995,青岛工学院,37,264536
2022,1,0K,能源与动力工程,D995,青岛工学院,26,252129
2022,1,0L,食品营养与检验教育,D995,青岛工学院,23,240351
2022,1,0M,工商管理,D995,青岛工学院,18,236802
2022,1,0N,英语,D995,青岛工学院,20,224228
2022,1,0P,自动化,D995,青岛工学院,24,256790
2022,1,0Q,数字媒体技术,D995,青岛工学院,15,244780
2022,1,0R,物联网工程,D995,青岛工学院,50,265036
2022,1,0S,审计学,D995,青岛工学院,19,227178
2022,1,0T,通信工程,D995,青岛工学院,18,259642
2022,1,0U,软件工程,D995,青岛工学院,53,260654
2022,1,0W,机械设计制造及其自动化,D995,青岛工学院,52,255798
2022,1,0X,财务管理,D995,青岛工学院,31,236539
2022,1,0Y,电气工程及其自动化,D995,青岛工学院,56,262340
2022,1,0Z,工程管理,D995,青岛工学院,19,264665
2022,1,12,金融工程,D995,青岛工学院,15,230776
2022,1,13,工业设计,D995,青岛工学院,23,263399
2022,1,14,建筑学,D995,青岛工学院,22,261949
2022,1,16,食品质量与安全,D995,青岛工学院,13,234004
2022,1,17,化学工程与工业生物工程,D995,青岛工学院,58,239841
2022,1,18,人力资源管理,D995,青岛工学院,35,237095
2022,1,19,数据科学与大数据技术,D995,青岛工学院,22,254391
2022,1,1A,电子商务,D995,青岛工学院,19,239789
2022,1,02,数据科学与大数据技术,D997,青岛农业大学海都学院,16,226155
2022,1,03,园艺,D997,青岛农业大学海都学院,14,214483
2022,1,05,智能科学与技术,D997,青岛农业大学海都学院,14,228478
2022,1,07,计算机科学与技术,D997,青岛农业大学海都学院,75,230413
2022,1,0A,动物医学,D997,青岛农业大学海都学院,62,220486
2022,1,0D,土木工程,D997,青岛农业大学海都学院,40,234946
2022,1,0E,虚拟现实技术,D997,青岛农业大学海都学院,20,235164
2022,1,0F,电气工程及其自动化,D997,青岛农业大学海都学院,101,233556
2022,1,0L,机械设计制造及其自动化,D997,青岛农业大学海都学院,37,230563
2022,1,0M,食品质量与安全,D997,青岛农业大学海都学院,9,204094
2022,1,0P,市场营销,D997,青岛农业大学海都学院,10,212385
2022,1,0R,园林,D997,青岛农业大学海都学院,10,208903
2022,1,0S,国际经济与贸易,D997,青岛农业大学海都学院,14,208883
2022,1,0V,食品科学与工程,D997,青岛农业大学海都学院,11,207753
2022,1,0Z,应用心理学,D997,青岛农业大学海都学院,30,216652
2022,1,11,智慧农业,D997,青岛农业大学海都学院,20,214644
2022,1,13,财务管理,D997,青岛农业大学海都学院,48,210025
2022,1,04,计算机科学与技术(校企合作，与华为ICT学院合作),D997,青岛农业大学海都学院,25,230564
2022,1,0T,电子信息工程(校企合作，与山东中兴云聚教育科技有限公司合作),D997,青岛农业大学海都学院,25,231384
2022,1,01,自动化,D998,齐鲁理工学院,52,254736
2022,1,02,医学检验技术,D998,齐鲁理工学院,48,230948
2022,1,03,生物医学工程,D998,齐鲁理工学院,46,239392
2022,1,04,机器人工程,D998,齐鲁理工学院,58,265396
2022,1,05,医学影像技术,D998,齐鲁理工学院,32,223756
2022,1,07,化学工程与工艺,D998,齐鲁理工学院,35,224357
2022,1,08,土木工程,D998,齐鲁理工学院,51,260974
2022,1,0A,新媒体技术,D998,齐鲁理工学院,49,258350
2022,1,0H,新闻学,D998,齐鲁理工学院,63,234104
2022,1,0J,智能建造,D998,齐鲁理工学院,51,263374
2022,1,0K,数据科学与大数据技术,D998,齐鲁理工学院,40,252888
2022,1,0L,软件工程,D998,齐鲁理工学院,53,250431
2022,1,0M,护理学,D998,齐鲁理工学院,36,233930
2022,1,0P,计算机科学与技术,D998,齐鲁理工学院,54,240222
2022,1,0Q,生物工程,D998,齐鲁理工学院,56,240289
2022,1,0R,秘书学,D998,齐鲁理工学院,64,246836
2022,1,0V,电气工程及其自动化,D998,齐鲁理工学院,57,249740
2022,1,0Y,通信工程,D998,齐鲁理工学院,47,263297
2022,1,12,生物制药,D998,齐鲁理工学院,50,236464
2022,1,15,金融学,D998,齐鲁理工学院,38,236107
2022,1,19,学前教育(师范类),D998,齐鲁理工学院,14,215816
2022,1,1C,旅游管理,D998,齐鲁理工学院,37,244286
2022,1,1D,测绘工程,D998,齐鲁理工学院,50,239644
2022,1,1E,汉语言文学,D998,齐鲁理工学院,28,212799
2022,1,1F,日语,D998,齐鲁理工学院,31,241853
2022,1,1J,电子信息工程,D998,齐鲁理工学院,46,262227
2022,1,1K,康复治疗学,D998,齐鲁理工学院,35,229618
2022,1,1M,机械设计制造及其自动化,D998,齐鲁理工学院,46,258411
2022,1,1N,人工智能,D998,齐鲁理工学院,39,261931
2022,1,1S,贸易经济,D998,齐鲁理工学院,60,244498
2022,1,1T,会计学,D998,齐鲁理工学院,45,231832
2022,1,1W,智能制造工程,D998,齐鲁理工学院,47,265832
2022,1,1X,英语,D998,齐鲁理工学院,44,228823
2022,1,1Z,投资学,D998,齐鲁理工学院,48,245509
2022,1,22,工程造价,D998,齐鲁理工学院,43,262854
2022,1,24,跨境电子商务,D998,齐鲁理工学院,49,246324
2022,1,25,中药学,D998,齐鲁理工学院,32,228730
2022,1,03,英语,D999,山东财经大学东方学院,10,204435
2022,1,04,审计学,D999,山东财经大学东方学院,10,205740
2022,1,05,国际经济与贸易,D999,山东财经大学东方学院,10,209193
2022,1,06,市场营销,D999,山东财经大学东方学院,10,214744
2022,1,07,税收学,D999,山东财经大学东方学院,15,210087
2022,1,08,金融学,D999,山东财经大学东方学院,22,209605
2022,1,0C,电子商务,D999,山东财经大学东方学院,10,208279
2022,1,0D,数据科学与大数据技术,D999,山东财经大学东方学院,10,225759
2022,1,0E,工商管理,D999,山东财经大学东方学院,10,207751
2022,1,0F,商务英语,D999,山东财经大学东方学院,15,211122
2022,1,0H,金融科技,D999,山东财经大学东方学院,20,217577
2022,1,0J,会计学,D999,山东财经大学东方学院,27,205190
2022,1,0K,信息管理与信息系统,D999,山东财经大学东方学院,10,227805
2022,1,0L,新闻学,D999,山东财经大学东方学院,10,207184
2022,1,0A,金融学(校企合作，与北京中科特瑞公司合作),D999,山东财经大学东方学院,40,219496
2022,1,02,广播电视编导,E000,潍坊理工学院,50,236648
2022,1,03,新闻学,E000,潍坊理工学院,100,229035
2022,1,04,思想政治教育,E000,潍坊理工学院,100,224028
2022,1,06,审计学,E000,潍坊理工学院,50,225014
2022,1,0A,学前教育(师范类),E000,潍坊理工学院,47,215692
2022,1,0B,化学,E000,潍坊理工学院,49,230265
2022,1,0E,网络与新媒体,E000,潍坊理工学院,50,223947
2022,1,0F,新能源科学与工程,E000,潍坊理工学院,40,243405
2022,1,0L,应用心理学,E000,潍坊理工学院,40,225675
2022,1,0M,生物科学,E000,潍坊理工学院,39,227013
2022,1,0N,人力资源管理,E000,潍坊理工学院,50,227935
2022,1,0P,能源与动力工程,E000,潍坊理工学院,80,247195
2022,1,0R,风景园林,E000,潍坊理工学院,50,232485
2022,1,0U,自动化,E000,潍坊理工学院,40,244185
2022,1,0W,物联网工程,E000,潍坊理工学院,45,245014
2022,1,10,汉语言文学,E000,潍坊理工学院,97,216901
2022,1,14,跨境电子商务,E000,潍坊理工学院,50,236426
2022,1,18,商务英语,E000,潍坊理工学院,50,230050
2022,1,1A,工商管理,E000,潍坊理工学院,48,231189
2022,1,1D,计算机科学与技术,E000,潍坊理工学院,50,238053
2022,1,1E,电子信息工程,E000,潍坊理工学院,45,240827
2022,1,1F,国际经济与贸易,E000,潍坊理工学院,50,231961
2022,1,1G,英语,E000,潍坊理工学院,46,221374
2022,1,05,机器人工程(校企合作，与沈阳新松机器人自动化股份有限公司合作),E000,潍坊理工学院,90,257727
2022,1,07,数据科学与大数据技术(校企合作，与北京青苔数据科技有限公司合作),E000,潍坊理工学院,60,252641
2022,1,0G,财务管理(校企合作，与山东百练会计教育集团合作),E000,潍坊理工学院,50,234463
2022,1,19,金融工程(校企合作，与山东开创信息有限公司合作),E000,潍坊理工学院,50,237952
2022,1,02,数据科学与大数据技术,E001,聊城大学东昌学院,22,224356
2022,1,03,化学,E001,聊城大学东昌学院,19,209788
2022,1,04,汉语言文学,E001,聊城大学东昌学院,10,184751
2022,1,05,商务英语,E001,聊城大学东昌学院,14,206949
2022,1,08,食品质量与安全,E001,聊城大学东昌学院,23,208001
2022,1,0A,应用化学,E001,聊城大学东昌学院,22,210515
2022,1,0B,生物工程,E001,聊城大学东昌学院,18,208173
2022,1,0C,广播电视编导,E001,聊城大学东昌学院,35,214236
2022,1,0D,电气工程及其自动化,E001,聊城大学东昌学院,22,223471
2022,1,0E,机械设计制造及其自动化,E001,聊城大学东昌学院,16,224074
2022,1,0F,数学与应用数学,E001,聊城大学东昌学院,16,222870
2022,1,0H,汉语国际教育,E001,聊城大学东昌学院,14,203438
2022,1,0J,网络与新媒体,E001,聊城大学东昌学院,21,205287
2022,1,0L,英语,E001,聊城大学东昌学院,14,198440
2022,1,0M,金融工程,E001,聊城大学东昌学院,10,208493
2022,1,0P,会计学,E001,聊城大学东昌学院,15,203248
2022,1,0Q,学前教育(师范类),E001,聊城大学东昌学院,12,189208
2022,1,0S,工程造价,E001,聊城大学东昌学院,22,226446
2022,1,0N,软件工程(校企合作，与青岛青软实训教育有限公司合作),E001,聊城大学东昌学院,35,228061
2022,1,0R,电子信息工程(校企合作，与青岛青软实训教育有限公司合作),E001,聊城大学东昌学院,35,229339
2022,1,01,人工智能,E002,烟台科技学院,30,237735
2022,1,02,英语,E002,烟台科技学院,65,215058
2022,1,05,物联网工程,E002,烟台科技学院,30,235450
2022,1,08,财务管理,E002,烟台科技学院,50,216926
2022,1,09,汉语言文学,E002,烟台科技学院,65,209142
2022,1,0A,网络工程,E002,烟台科技学院,30,237466
2022,1,0B,国际经济与贸易,E002,烟台科技学院,30,225075
2022,1,0C,机械设计制造及其自动化,E002,烟台科技学院,30,232783
2022,1,0E,电气工程及其自动化,E002,烟台科技学院,30,230308
2022,1,0F,经济学,E002,烟台科技学院,30,221157
2022,1,0J,新闻学,E002,烟台科技学院,65,214692
2022,1,0M,机器人工程,E002,烟台科技学院,30,244680
2022,1,0N,广告学,E002,烟台科技学院,40,219763
2022,1,0P,软件工程,E002,烟台科技学院,15,224767
2022,1,0Q,数据科学与大数据技术,E002,烟台科技学院,30,232297
2022,1,0R,市场营销,E002,烟台科技学院,30,225179
2022,1,U0,智能制造工程技术,E030,西安信息职业大学,1,240233
2022,1,U1,城市轨道交通信号与控制技术,E030,西安信息职业大学,1,230740
2022,1,U3,电子信息工程技术,E030,西安信息职业大学,1,237698
2022,1,U4,物联网工程技术,E030,西安信息职业大学,1,244746
2022,1,U5,光电信息工程技术,E030,西安信息职业大学,1,228405
2022,1,U6,计算机应用工程,E030,西安信息职业大学,1,239800
2022,1,U7,网络工程技术,E030,西安信息职业大学,1,242448
2022,1,U8,软件工程技术,E030,西安信息职业大学,1,232130
2022,1,UA,大数据工程技术,E030,西安信息职业大学,1,233990
2022,1,UD,信息安全与管理,E030,西安信息职业大学,1,240458
2022,1,UF,人工智能工程技术,E030,西安信息职业大学,1,230854
2022,1,UG,区块链技术,E030,西安信息职业大学,1,243723
2022,1,UH,现代通信工程,E030,西安信息职业大学,1,236120
2022,1,UJ,集成电路工程技术,E030,西安信息职业大学,1,238587
2022,1,US,云计算技术,E030,西安信息职业大学,1,242653
2022,1,01,会计学,E037,西南财经大学天府学院,28,221538
2022,1,04,金融学,E037,西南财经大学天府学院,12,226472
2022,1,02,机械设计制造及其自动化,E038,天津仁爱学院,2,230907
2022,1,05,自动化,E038,天津仁爱学院,2,233286
2022,1,07,通信工程,E038,天津仁爱学院,2,233596
2022,1,08,电气工程及其自动化,E038,天津仁爱学院,2,235622
2022,1,09,物联网工程,E038,天津仁爱学院,1,213634
2022,1,10,物联网工程(科大讯飞智能物联方向),E038,天津仁爱学院,2,239893
2022,1,12,计算机科学与技术,E038,天津仁爱学院,2,207393
2022,1,13,软件工程,E038,天津仁爱学院,2,239743
2022,1,14,数据科学与大数据技术,E038,天津仁爱学院,1,217811
2022,1,15,人工智能,E038,天津仁爱学院,1,236197
2022,1,16,计算机科学与技术(中软国际华为云学院大数据技术与应用特色班),E038,天津仁爱学院,1,226065
2022,1,17,软件工程(中软国际华为云学院智能技术开发特色班),E038,天津仁爱学院,1,210575
2022,1,18,数据科学与大数据技术(中软国际华为云学院大数据分析应用特色班),E038,天津仁爱学院,1,234085
2022,1,19,建筑学,E038,天津仁爱学院,1,219348
2022,1,20,土木工程,E038,天津仁爱学院,2,238251
2022,1,22,给排水科学与工程,E038,天津仁爱学院,1,233751
2022,1,23,水利水电工程,E038,天津仁爱学院,1,230933
2022,1,24,港口航道与海岸工程,E038,天津仁爱学院,1,236322
2022,1,25,物流工程,E038,天津仁爱学院,1,218718
2022,1,26,信息管理与信息系统,E038,天津仁爱学院,1,234876
2022,1,27,工程管理,E038,天津仁爱学院,1,186573
2022,1,28,财务管理,E038,天津仁爱学院,1,203284
2022,1,29,金融工程,E038,天津仁爱学院,2,218553
2022,1,32,化学工程与工艺,E038,天津仁爱学院,1,205773
2022,1,33,制药工程,E038,天津仁爱学院,1,218209
2022,1,37,法学(经济法方向),E038,天津仁爱学院,3,197600
2022,1,38,英语,E038,天津仁爱学院,1,214766
2022,1,39,商务英语,E038,天津仁爱学院,1,218746
2022,1,40,传播学(网络新媒体方向),E038,天津仁爱学院,1,185353
2022,1,0Y,数字媒体技术,E039,四川大学锦江学院,4,226137
2022,1,01,工商管理,E040,郑州商学院,5,221504
2022,1,03,财务管理,E040,郑州商学院,12,217338
2022,1,04,市场营销,E040,郑州商学院,5,223514
2022,1,05,国际商务,E040,郑州商学院,2,220730
2022,1,06,会计学,E040,郑州商学院,20,213341
2022,1,0B,国际经济与贸易,E040,郑州商学院,5,221949
2022,1,0C,投资学,E040,郑州商学院,5,225733
2022,1,0J,商务英语,E040,郑州商学院,8,219671
2022,1,0V,计算机科学与技术,E040,郑州商学院,8,236393
2022,1,11,工程造价,E040,郑州商学院,8,245282
2022,1,12,金融工程,E042,西安科技大学高新学院,2,225694
2022,1,22,财务管理,E042,西安科技大学高新学院,3,221877
2022,1,33,学前教育,E042,西安科技大学高新学院,3,223998
2022,1,41,电气工程及其自动化,E042,西安科技大学高新学院,3,208324
2022,1,48,物联网工程,E042,西安科技大学高新学院,2,232898
2022,1,01,金融工程,E043,四川文化艺术学院,2,212347
2022,1,02,民族学,E043,四川文化艺术学院,2,214246
2022,1,04,汉语国际教育,E043,四川文化艺术学院,2,212188
2022,1,05,英语,E043,四川文化艺术学院,2,213885
2022,1,06,文物与博物馆学,E043,四川文化艺术学院,2,206560
2022,1,07,应用心理学,E043,四川文化艺术学院,2,212227
2022,1,08,宝石及材料工艺学,E043,四川文化艺术学院,1,206781
2022,1,09,广播电视工程,E043,四川文化艺术学院,2,237184
2022,1,10,风景园林,E043,四川文化艺术学院,2,218155
2022,1,13,公共事业管理,E043,四川文化艺术学院,2,217294
2022,1,49,数据科学与大数据技术,E043,四川文化艺术学院,5,250007
2022,1,50,历史建筑保护工程,E043,四川文化艺术学院,2,227088
2022,1,W1,旅游管理(中外合作办学),E046,福建农林大学金山学院,5,236866
2022,1,01,会计学(注册会计师),E087,天津财经大学珠江学院,9,205006
2022,1,18,酒店管理(酒店财务),E087,天津财经大学珠江学院,9,226010
2022,1,31,经济统计学(数据工程),E087,天津财经大学珠江学院,14,217454
2022,1,44,传播学,E087,天津财经大学珠江学院,6,212482
2022,1,05,数字媒体技术,E092,滇西科技师范学院,2,205980
2022,1,16,网络与新媒体,E092,滇西科技师范学院,2,189044
2022,1,28,轨道交通信号与控制,E092,滇西科技师范学院,2,213958
2022,1,07,商务英语,E098,合肥师范学院,10,163977
2022,1,08,西班牙语,E098,合肥师范学院,10,178634
2022,1,06,中国语言文学类(师范类),E099,湖北第二师范学院,6,104774
2022,1,14,教育学类(师范类),E099,湖北第二师范学院,4,113098
2022,1,01,经济学,E100,山东政法学院,30,139513
2022,1,02,法学,E100,山东政法学院,1093,120261
2022,1,05,知识产权,E100,山东政法学院,25,122275
2022,1,08,财务管理,E100,山东政法学院,70,142349
2022,1,09,国际经济与贸易,E100,山东政法学院,30,143522
2022,1,0A,日语,E100,山东政法学院,13,143062
2022,1,0B,国际经贸规则,E100,山东政法学院,20,130619
2022,1,0C,网络与新媒体,E100,山东政法学院,25,126920
2022,1,0E,数字出版,E100,山东政法学院,15,141221
2022,1,0F,编辑出版学,E100,山东政法学院,15,132432
2022,1,0G,审计学,E100,山东政法学院,60,138084
2022,1,0H,英语,E100,山东政法学院,83,141301
2022,1,0J,网络空间安全,E100,山东政法学院,30,148345
2022,1,0K,社区矫正,E100,山东政法学院,30,131074
2022,1,0L,行政管理,E100,山东政法学院,60,138775
2022,1,0P,新闻学(法治新闻方向),E100,山东政法学院,55,133246
2022,1,0R,政治学与行政学(法治政务方向),E100,山东政法学院,31,127572
2022,1,03,计算机科学与技术(校企合作，与济南博赛网络技术有限公司合作),E100,山东政法学院,60,189257
2022,1,07,人力资源管理(校企合作，与青岛英谷教育科技股份有限公司合作),E100,山东政法学院,50,176738
2022,1,0D,商务英语(校企合作，与青岛英谷教育科技股份有限公司合作),E100,山东政法学院,60,173953
2022,1,01,机械类,E101,太原工业学院,13,199481
2022,1,02,电子信息类,E101,太原工业学院,13,194841
2022,1,03,自动化类,E101,太原工业学院,13,193349
2022,1,04,化工与制药类,E101,太原工业学院,15,195432
2022,1,05,计算机类,E101,太原工业学院,7,179098
2022,1,09,材料类,E101,太原工业学院,12,213890
2022,1,10,数据科学与大数据技术,E101,太原工业学院,4,181724
2022,1,11,经济学类,E101,太原工业学院,7,179613
2022,1,12,工商管理类,E101,太原工业学院,8,181976
2022,1,13,质量管理工程,E101,太原工业学院,3,216224
2022,1,02,工程造价,E172,海南科技职业大学,4,259480
2022,1,04,新能源汽车工程技术,E172,海南科技职业大学,4,260637
2022,1,09,水路运输与海事管理,E172,海南科技职业大学,4,244293
2022,1,0A,物联网工程技术,E172,海南科技职业大学,4,259355
2022,1,0C,大数据工程技术,E172,海南科技职业大学,4,264374
2022,1,0E,护理,E172,海南科技职业大学,4,240952
2022,1,0G,口腔医学技术,E172,海南科技职业大学,3,226986
2022,1,0L,大数据与财务管理,E172,海南科技职业大学,4,244392
2022,1,08,新闻学,E199,内蒙古大学创业学院,1,203598
2022,1,09,汉语言文学,E199,内蒙古大学创业学院,2,201174
2022,1,11,工商管理,E202,沧州交通学院,8,219276
2022,1,12,财务管理,E202,沧州交通学院,6,211757
2022,1,13,物流管理,E202,沧州交通学院,4,220187
2022,1,16,工程管理,E202,沧州交通学院,4,235251
2022,1,17,金融工程,E202,沧州交通学院,8,221849
2022,1,21,计算机科学与技术,E202,沧州交通学院,6,226855
2022,1,22,软件工程,E202,沧州交通学院,5,228841
2022,1,25,数据科学与大数据技术,E202,沧州交通学院,4,232824
2022,1,31,轨道交通信号与控制,E202,沧州交通学院,7,233734
2022,1,32,交通运输,E202,沧州交通学院,8,219017
2022,1,41,自动化,E202,沧州交通学院,3,231170
2022,1,42,人工智能,E202,沧州交通学院,4,235918
2022,1,43,电气工程及其自动化,E202,沧州交通学院,4,231049
2022,1,51,土木工程,E202,沧州交通学院,3,235147
2022,1,52,工程造价,E202,沧州交通学院,4,231066
2022,1,62,车辆工程,E202,沧州交通学院,3,236900
2022,1,63,能源与动力工程,E202,沧州交通学院,4,217661
2022,1,81,英语,E202,沧州交通学院,5,217050
2022,1,01,水利水电工程,E203,皖江工学院,3,222853
2022,1,03,港口航道与海岸工程,E203,皖江工学院,3,231649
2022,1,06,土木工程,E203,皖江工学院,3,244319
2022,1,12,地理空间信息工程,E203,皖江工学院,3,244951
2022,1,15,自动化,E203,皖江工学院,3,244599
2022,1,16,计算机科学与技术,E203,皖江工学院,5,237845
2022,1,17,人工智能,E203,皖江工学院,5,252449
2022,1,26,财务管理,E203,皖江工学院,2,208547
2022,1,28,工程管理,E203,皖江工学院,3,240297
2022,1,01,会计学,E207,上海财经大学浙江学院,2,187717
2022,1,03,会计学(注册会计),E207,上海财经大学浙江学院,2,190048
2022,1,05,金融学,E207,上海财经大学浙江学院,2,183333
2022,1,12,经济统计学,E207,上海财经大学浙江学院,2,175796
2022,1,27,英语,E207,上海财经大学浙江学院,1,188035
2022,1,28,商务英语,E207,上海财经大学浙江学院,1,211055
2022,1,02,金融科技,E223,贵州师范学院,2,184901
2022,1,0L,统计学,E223,贵州师范学院,3,184076
2022,1,0M,物联网工程,E223,贵州师范学院,3,191440
2022,1,0R,电子信息类,E223,贵州师范学院,2,193457
2022,1,0W,农业资源与环境,E223,贵州师范学院,3,197822
2022,1,10,旅游管理类,E223,贵州师范学院,2,187008
2022,1,01,金融工程,E225,河北东方学院,4,222607
2022,1,02,经济与金融,E225,河北东方学院,4,225673
2022,1,03,国际经济与贸易,E225,河北东方学院,4,227168
2022,1,06,英语,E225,河北东方学院,3,212600
2022,1,07,网络与新媒体,E225,河北东方学院,2,205506
2022,1,08,文物与博物馆学,E225,河北东方学院,4,212481
2022,1,09,文化遗产,E225,河北东方学院,2,221169
2022,1,11,电子信息科学与技术,E225,河北东方学院,2,237775
2022,1,12,人工智能,E225,河北东方学院,3,243298
2022,1,13,软件工程,E225,河北东方学院,2,232956
2022,1,14,物联网工程,E225,河北东方学院,2,239203
2022,1,15,数据科学与大数据技术,E225,河北东方学院,2,238376
2022,1,18,医学影像技术,E225,河北东方学院,3,212302
2022,1,19,护理学,E225,河北东方学院,2,214681
2022,1,20,财务管理,E225,河北东方学院,4,220671
2022,1,21,审计学,E225,河北东方学院,4,218325
2022,1,22,资产评估,E225,河北东方学院,3,228477
2022,1,01,智能采矿技术,E226,运城职业技术大学,2,234801
2022,1,02,建筑装饰工程,E226,运城职业技术大学,4,214920
2022,1,03,建筑工程,E226,运城职业技术大学,2,238862
2022,1,04,机械设计制造及自动化,E226,运城职业技术大学,1,228587
2022,1,05,智能制造工程技术,E226,运城职业技术大学,2,228107
2022,1,06,物联网工程技术,E226,运城职业技术大学,1,231156
2022,1,07,网络工程技术,E226,运城职业技术大学,2,229825
2022,1,01,英语(师范类),E275,浙江外国语学院,2,39303
2022,1,02,英语,E275,浙江外国语学院,2,36991
2022,1,05,日语,E275,浙江外国语学院,2,45523
2022,1,06,阿拉伯语,E275,浙江外国语学院,2,70807
2022,1,07,朝鲜语,E275,浙江外国语学院,4,72651
2022,1,14,俄语,E275,浙江外国语学院,2,54255
2022,1,16,汉语言文学(师范类),E275,浙江外国语学院,2,40713
2022,1,18,网络与新媒体,E275,浙江外国语学院,2,42990
2022,1,19,旅游管理(全英教学),E275,浙江外国语学院,4,88950
2022,1,20,旅游管理,E275,浙江外国语学院,4,91647
2022,1,22,会展经济与管理,E275,浙江外国语学院,2,80881
2022,1,23,小学教育(师范类),E275,浙江外国语学院,2,54656
2022,1,27,金融工程,E275,浙江外国语学院,2,56677
2022,1,28,计算机科学与技术,E275,浙江外国语学院,4,57884
2022,1,29,电子商务,E275,浙江外国语学院,2,61118
2022,1,32,国际经济与贸易,E275,浙江外国语学院,2,51141
2022,1,02,财务管理,E276,齐鲁师范学院,70,145610
2022,1,04,食品质量与安全,E276,齐鲁师范学院,55,170433
2022,1,05,地理科学(师范类),E276,齐鲁师范学院,40,117957
2022,1,06,学前教育(师范类),E276,齐鲁师范学院,77,139075
2022,1,07,园林,E276,齐鲁师范学院,80,179875
2022,1,08,马克思主义理论,E276,齐鲁师范学院,35,134438
2022,1,0C,心理学(师范类),E276,齐鲁师范学院,40,135498
2022,1,0T,电子信息工程,E276,齐鲁师范学院,95,170417
2022,1,0V,生物科学(师范类),E276,齐鲁师范学院,110,127163
2022,1,11,计算机科学与技术(师范类),E276,齐鲁师范学院,43,143186
2022,1,13,旅游管理与服务教育,E276,齐鲁师范学院,75,185440
2022,1,14,化学(师范类),E276,齐鲁师范学院,70,130019
2022,1,18,思想政治教育(师范类),E276,齐鲁师范学院,75,120235
2022,1,19,天文学,E276,齐鲁师范学院,40,216147
2022,1,1B,经济与金融,E276,齐鲁师范学院,70,163573
2022,1,1E,历史学(师范类),E276,齐鲁师范学院,80,121127
2022,1,1F,化妆品技术与工程,E276,齐鲁师范学院,75,201529
2022,1,1G,中国语言文学类(师范类),E276,齐鲁师范学院,107,112162
2022,1,1L,应急管理,E276,齐鲁师范学院,35,195406
2022,1,1T,数学与应用数学(师范类),E276,齐鲁师范学院,104,127847
2022,1,1W,物理学(师范类),E276,齐鲁师范学院,75,137168
2022,1,1X,翻译,E276,齐鲁师范学院,60,145574
2022,1,1Y,小学教育(师范类),E276,齐鲁师范学院,76,120159
2022,1,20,物联网工程,E276,齐鲁师范学院,75,165777
2022,1,21,制药工程,E276,齐鲁师范学院,40,163549
2022,1,23,生物信息学,E276,齐鲁师范学院,40,172219
2022,1,24,英语(师范类),E276,齐鲁师范学院,105,116741
2022,1,25,网络空间安全,E276,齐鲁师范学院,75,173200
2022,1,01,商务英语(校企合作，与山东开创信息有限公司合作),E276,齐鲁师范学院,40,183311
2022,1,0A,数据科学与大数据技术(校企合作，与联想集团有限公司合作),E276,齐鲁师范学院,40,204283
2022,1,0J,财务管理(校企合作，与山东开创信息有限公司合作),E276,齐鲁师范学院,40,187401
2022,1,0M,人工智能(校企合作，与联想集团有限公司合作),E276,齐鲁师范学院,80,211380
2022,1,12,金融工程(校企合作，与山东开创集团股份有限公司合作),E276,齐鲁师范学院,40,194648
2022,1,1Q,经济与金融(校企合作，与山东开创集团股份有限公司合作),E276,齐鲁师范学院,40,192219
2022,1,02,健康服务与管理,E277,山东青年政治学院,80,189628
2022,1,05,德语,E277,山东青年政治学院,40,192201
2022,1,0B,朝鲜语,E277,山东青年政治学院,40,200585
2022,1,0C,思想政治教育,E277,山东青年政治学院,65,150544
2022,1,0D,公共事业管理,E277,山东青年政治学院,60,180397
2022,1,0E,审计学,E277,山东青年政治学院,140,164102
2022,1,0H,社会工作,E277,山东青年政治学院,100,180607
2022,1,0J,西班牙语,E277,山东青年政治学院,70,197736
2022,1,0Q,广播电视学,E277,山东青年政治学院,20,161504
2022,1,0S,会计学,E277,山东青年政治学院,60,162270
2022,1,0T,政治学与行政学,E277,山东青年政治学院,100,159711
2022,1,0U,英语,E277,山东青年政治学院,25,148489
2022,1,0Y,阿拉伯语,E277,山东青年政治学院,35,202643
2022,1,0Z,物业管理,E277,山东青年政治学院,80,195777
2022,1,11,法语,E277,山东青年政治学院,33,187800
2022,1,13,日语,E277,山东青年政治学院,80,187609
2022,1,14,酒店管理,E277,山东青年政治学院,80,199653
2022,1,15,旅游管理,E277,山东青年政治学院,80,195369
2022,1,17,市场营销,E277,山东青年政治学院,70,190313
2022,1,18,财务管理,E277,山东青年政治学院,135,167927
2022,1,19,资产评估,E277,山东青年政治学院,65,181748
2022,1,1A,人力资源管理,E277,山东青年政治学院,60,172381
2022,1,1C,汉语言文学,E277,山东青年政治学院,30,141084
2022,1,01,计算机科学与技术(校企合作，与青岛英谷教育科技公司合作),E277,山东青年政治学院,80,198800
2022,1,07,广播电视学(校企合作，与山东新视觉数码科技公司合作),E277,山东青年政治学院,80,195467
2022,1,0A,数据科学与大数据技术(校企合作，与浪潮优派合作),E277,山东青年政治学院,80,206205
2022,1,0F,汉语言文学(校企合作，与山东智媒文化产业有限公司合作),E277,山东青年政治学院,160,180597
2022,1,0M,电子信息工程(校企合作，与青岛英谷教育科技公司合作),E277,山东青年政治学院,80,213419
2022,1,0N,人力资源管理(校企合作，与人才有价山东有限公司合作),E277,山东青年政治学院,80,196519
2022,1,0X,英语(校企合作，与青岛英谷教育科技公司合作),E277,山东青年政治学院,80,188047
2022,1,12,广播电视学(校企合作，与山东智媒文化产业有限公司合作),E277,山东青年政治学院,160,201108
2022,1,02,知识产权,E327,青岛电影学院,54,249284
2022,1,03,网络与新媒体,E327,青岛电影学院,55,249568
2022,1,04,新闻学,E327,青岛电影学院,26,246865
2022,1,05,广告学,E327,青岛电影学院,33,252818
2022,1,01,金融学,E333,郑州升达经贸管理学院,4,221172
2022,1,05,会计学,E333,郑州升达经贸管理学院,4,213855
2022,1,09,工商管理,E333,郑州升达经贸管理学院,4,220795
2022,1,15,电子商务类,E333,郑州升达经贸管理学院,4,218860
2022,1,17,英语,E333,郑州升达经贸管理学院,4,214583
2022,1,24,数据科学与大数据技术,E333,郑州升达经贸管理学院,2,240462
2022,1,28,法学,E333,郑州升达经贸管理学院,4,204100
2022,1,40,工程造价,E333,郑州升达经贸管理学院,2,228900
2022,1,01,小学教育(师范类),E388,重庆第二师范学院,4,119370
2022,1,08,新闻传播学类,E388,重庆第二师范学院,4,120364
2022,1,10,外国语言文学类,E388,重庆第二师范学院,4,106792
2022,1,15,数学与应用数学(师范类),E388,重庆第二师范学院,4,137834
2022,1,16,应用化学,E388,重庆第二师范学院,4,175346
2022,1,29,供应链管理,E388,重庆第二师范学院,4,166915
2022,1,35,计算机科学与技术,E388,重庆第二师范学院,3,143277
2022,1,36,物联网工程,E388,重庆第二师范学院,3,152387
2022,1,05,学前教育(中外合作办学)(师范类),E388,重庆第二师范学院,4,182755
2022,1,20,食品质量与安全(中外合作办学),E388,重庆第二师范学院,5,210002
2022,1,02,贸易经济,E389,成都师范学院,5,124654
2022,1,10,英语(师范类),E389,成都师范学院,5,97547
2022,1,15,化学(师范类),E389,成都师范学院,5,135861
2022,1,20,汽车服务工程,E389,成都师范学院,5,194301
2022,1,11,生物科学(师范类),E390,陕西学前师范学院,2,154392
2022,1,12,食品科学与工程,E390,陕西学前师范学院,2,179873
2022,1,17,小学教育(师范类),E390,陕西学前师范学院,4,141030
2022,1,23,文化产业管理,E390,陕西学前师范学院,2,175973
2022,1,27,应用统计学,E390,陕西学前师范学院,2,164412
2022,1,28,化学(师范类),E390,陕西学前师范学院,2,169440
2022,1,29,应用化学,E390,陕西学前师范学院,2,211823
2022,1,1T,文化产业管理,E410,四川电影电视学院,5,214180
2022,1,1V,艺术教育,E410,四川电影电视学院,10,241721
2022,1,0F,环境科学,E430,中国科学院大学,1,365
2022,1,0G,数学与应用数学,E430,中国科学院大学,2,203
2022,1,0J,物理学,E430,中国科学院大学,4,341
2022,1,0L,化学,E430,中国科学院大学,3,418
2022,1,0N,天文学,E430,中国科学院大学,1,313
2022,1,0Q,生物科学,E430,中国科学院大学,3,362
2022,1,0S,理论与应用力学,E430,中国科学院大学,1,304
2022,1,0U,材料科学与工程,E430,中国科学院大学,2,352
2022,1,0W,电气工程及其自动化,E430,中国科学院大学,1,195
2022,1,0Y,电子信息工程,E430,中国科学院大学,2,318
2022,1,10,人工智能,E430,中国科学院大学,1,194
2022,1,12,计算机科学与技术,E430,中国科学院大学,3,278
2022,1,14,网络空间安全,E430,中国科学院大学,1,321
2022,1,01,中医学(5+3一体化),E432,河北中医学院,4,47445
2022,1,02,中医学,E432,河北中医学院,2,64422
2022,1,07,中医骨伤科学,E432,河北中医学院,2,81293
2022,1,08,中西医临床医学,E432,河北中医学院,3,84798
2022,1,09,中药学,E432,河北中医学院,3,131851
2022,1,0A,中药资源与开发,E432,河北中医学院,2,153306
2022,1,0B,中药制药,E432,河北中医学院,3,153347
2022,1,0F,医学检验技术,E432,河北中医学院,3,117796
2022,1,0G,医学影像技术,E432,河北中医学院,3,115122
2022,1,0H,口腔医学技术,E432,河北中医学院,3,121014
2022,1,0K,生物工程,E432,河北中医学院,3,165274
2022,1,0L,护理学,E432,河北中医学院,2,144802
2022,1,0M,助产学,E432,河北中医学院,2,154090
2022,1,31,广告学,E434,山西传媒学院,5,148205
2022,1,32,影视摄影与制作,E434,山西传媒学院,3,158211
2022,1,33,广播电视学,E434,山西传媒学院,3,130739
2022,1,34,文化产业管理,E434,山西传媒学院,6,180633
2022,1,35,广播电视工程,E434,山西传媒学院,5,199150
2022,1,36,数字媒体技术,E434,山西传媒学院,5,169732
2022,1,37,网络与新媒体,E434,山西传媒学院,3,127985
2022,1,38,新闻学,E434,山西传媒学院,3,140703
2022,1,39,戏剧影视文学,E434,山西传媒学院,5,164391
2022,1,40,数字出版,E434,山西传媒学院,3,176075
2022,1,01,金融工程,E435,营口理工学院,2,199291
2022,1,02,应用化学,E435,营口理工学院,2,192338
2022,1,03,机械设计制造及其自动化,E435,营口理工学院,3,192640
2022,1,08,材料科学与工程,E435,营口理工学院,2,200646
2022,1,09,无机非金属材料工程,E435,营口理工学院,2,207056
2022,1,0E,新能源科学与工程,E435,营口理工学院,2,193599
2022,1,0F,电气工程及其自动化,E435,营口理工学院,3,198103
2022,1,0G,自动化,E435,营口理工学院,3,198157
2022,1,0K,化学工程与工艺,E435,营口理工学院,2,193160
2022,1,0N,环境科学与工程,E435,营口理工学院,2,193924
2022,1,0Q,物流管理,E435,营口理工学院,2,195769
2022,1,03,生物科学(师范类),E436,江苏第二师范学院,5,96643
2022,1,07,汉语言文学(师范类),E436,江苏第二师范学院,5,69545
2022,1,12,英语(师范类),E436,江苏第二师范学院,5,79874
2022,1,19,应用统计学,E436,江苏第二师范学院,5,115764
2022,1,20,应用化学,E436,江苏第二师范学院,5,139093
2022,1,30,商务英语,E436,江苏第二师范学院,5,90594
2022,1,51,物联网工程,E436,江苏第二师范学院,5,131423
2022,1,06,学前教育(师范类),E437,南昌师范学院,1,132778
2022,1,07,小学教育(师范类),E437,南昌师范学院,2,120604
2022,1,08,旅游管理,E437,南昌师范学院,2,186822
2022,1,09,电子商务,E437,南昌师范学院,1,157638
2022,1,10,会展经济与管理,E437,南昌师范学院,2,169614
2022,1,11,汉语言文学(师范类),E437,南昌师范学院,1,99471
2022,1,12,秘书学,E437,南昌师范学院,2,143608
2022,1,13,英语(师范类),E437,南昌师范学院,2,94136
2022,1,14,商务英语,E437,南昌师范学院,1,124683
2022,1,16,思想政治教育(师范类),E437,南昌师范学院,1,106286
2022,1,17,数学与应用数学(师范类),E437,南昌师范学院,2,135947
2022,1,18,计算机科学与技术(师范类),E437,南昌师范学院,1,147034
2022,1,19,统计学,E437,南昌师范学院,1,134791
2022,1,20,物理学(师范类),E437,南昌师范学院,1,142251
2022,1,21,电子信息工程,E437,南昌师范学院,2,170084
2022,1,22,化学(师范类),E437,南昌师范学院,1,125061
2022,1,24,生物科学(师范类),E437,南昌师范学院,2,129136
2022,1,25,科学教育(师范类),E437,南昌师范学院,1,127532
2022,1,03,安全工程,E438,山东管理学院,61,198486
2022,1,04,社会工作,E438,山东管理学院,62,187279
2022,1,05,文化产业管理,E438,山东管理学院,64,189607
2022,1,07,大数据管理与应用,E438,山东管理学院,66,190689
2022,1,0A,金融工程,E438,山东管理学院,73,183085
2022,1,0B,财务管理,E438,山东管理学院,66,161996
2022,1,0D,审计学,E438,山东管理学院,104,162257
2022,1,0G,商务英语,E438,山东管理学院,62,175500
2022,1,0K,劳动关系,E438,山东管理学院,72,188146
2022,1,0M,公共关系学,E438,山东管理学院,57,186862
2022,1,0N,电子信息工程,E438,山东管理学院,67,188571
2022,1,0Q,软件工程,E438,山东管理学院,75,181128
2022,1,0T,物流管理,E438,山东管理学院,72,187945
2022,1,0U,网络与新媒体,E438,山东管理学院,59,161847
2022,1,0V,机器人工程,E438,山东管理学院,93,193412
2022,1,0X,国际经济与贸易,E438,山东管理学院,30,180340
2022,1,0Z,人力资源管理,E438,山东管理学院,74,176397
2022,1,10,资产评估,E438,山东管理学院,72,183584
2022,1,11,计算机科学与技术,E438,山东管理学院,76,172709
2022,1,12,秘书学,E438,山东管理学院,57,180272
2022,1,13,工商管理,E438,山东管理学院,70,178883
2022,1,14,电子商务,E438,山东管理学院,32,179350
2022,1,15,经济学,E438,山东管理学院,71,174566
2022,1,17,会计学,E438,山东管理学院,90,153074
2022,1,06,投资学(校企合作，与山东中启创优科技股份公司合作),E438,山东管理学院,100,204009
2022,1,0H,信息管理与信息系统(校企合作，与山东贝森医疗信息咨询公司合作),E438,山东管理学院,80,211310
2022,1,0S,市场营销(校企合作，与淄博开创云计算有限公司合作),E438,山东管理学院,80,203717
2022,1,0W,财务管理(校企合作，与济南达森互联网科技公司合作),E438,山东管理学院,80,187675
2022,1,02,遥感科学与技术,E439,山东农业工程学院,70,208868
2022,1,03,环境生态工程,E439,山东农业工程学院,133,202041
2022,1,06,农林经济管理,E439,山东农业工程学院,47,197464
2022,1,07,食品质量与安全,E439,山东农业工程学院,90,198183
2022,1,0A,审计学,E439,山东农业工程学院,66,182605
2022,1,0E,机械工程,E439,山东农业工程学院,70,208222
2022,1,0F,中药资源与开发,E439,山东农业工程学院,70,200988
2022,1,0G,财务管理,E439,山东农业工程学院,86,187069
2022,1,0N,土地资源管理,E439,山东农业工程学院,70,194344
2022,1,0P,商务英语,E439,山东农业工程学院,86,188807
2022,1,0T,秘书学,E439,山东农业工程学院,86,195409
2022,1,0U,测绘工程,E439,山东农业工程学院,70,211139
2022,1,0W,人工智能,E439,山东农业工程学院,70,205551
2022,1,0Z,园艺,E439,山东农业工程学院,70,202188
2022,1,11,设施农业科学与工程,E439,山东农业工程学院,70,203618
2022,1,12,资源循环科学与工程,E439,山东农业工程学院,130,204941
2022,1,14,金融工程,E439,山东农业工程学院,66,193733
2022,1,15,食品科学与工程,E439,山东农业工程学院,90,201230
2022,1,19,信息安全,E439,山东农业工程学院,70,203328
2022,1,1C,物流工程,E439,山东农业工程学院,70,199460
2022,1,1F,机械电子工程,E439,山东农业工程学院,70,205885
2022,1,1H,工程造价,E439,山东农业工程学院,70,202851
2022,1,1K,森林保护,E439,山东农业工程学院,70,204648
2022,1,01,动物医学(校企合作，与山东和康源生物育种有限公司合作),E439,山东农业工程学院,80,203232
2022,1,10,电气工程及其自动化(校企合作，与鼎利卓远教育科技有限公司合作),E439,山东农业工程学院,80,216278
2022,1,1A,风景园林(校企合作，与山东兴润园林生态股份有限公司合作),E439,山东农业工程学院,80,205138
2022,1,1E,物联网工程(校企合作，与济南博赛网络技术有限公司合作),E439,山东农业工程学院,80,215799
2022,1,03,英语,E440,贵州理工学院,4,180140
2022,1,06,机械设计制造及其自动化,E440,贵州理工学院,4,203814
2022,1,09,材料类,E440,贵州理工学院,4,204029
2022,1,0D,计算机类,E440,贵州理工学院,6,199221
2022,1,0K,化学工程与工艺,E440,贵州理工学院,2,195014
2022,1,0M,地质工程,E440,贵州理工学院,2,211749
2022,1,0N,资源勘查工程,E440,贵州理工学院,2,213566
2022,1,0P,采矿工程,E440,贵州理工学院,2,215264
2022,1,0V,安全工程,E440,贵州理工学院,2,203397
2022,1,0Z,电气工程及其自动化(中外合作办学),E440,贵州理工学院,6,224535
2022,1,1B,学前教育(师范类),E458,张家口学院,1,150161
2022,1,1C,小学教育(师范类),E458,张家口学院,1,131925
2022,1,2A,金融工程,E458,张家口学院,2,162808
2022,1,2C,财务管理,E458,张家口学院,1,176540
2022,1,3B,护理学,E458,张家口学院,1,162781
2022,1,4B,医学影像技术,E458,张家口学院,2,129080
2022,1,5A,思想政治教育(师范类),E458,张家口学院,1,145443
2022,1,5B,汉语言文学(师范类),E458,张家口学院,1,134418
2022,1,01,材料成型及控制工程,E527,山西工程技术学院,1,208523
2022,1,02,材料科学与工程,E527,山西工程技术学院,1,180675
2022,1,04,计算机科学与技术,E527,山西工程技术学院,2,188423
2022,1,05,数据科学与大数据技术,E527,山西工程技术学院,2,190945
2022,1,06,物联网工程,E527,山西工程技术学院,1,207103
2022,1,07,智能科学与技术,E527,山西工程技术学院,1,208016
2022,1,08,测绘工程,E527,山西工程技术学院,2,180481
2022,1,09,地理信息科学,E527,山西工程技术学院,1,155894
2022,1,0A,地质工程,E527,山西工程技术学院,2,201831
2022,1,0B,勘查技术与工程,E527,山西工程技术学院,2,204972
2022,1,0C,遥感科学与技术,E527,山西工程技术学院,1,190880
2022,1,0D,电气工程及其自动化,E527,山西工程技术学院,1,202002
2022,1,0E,自动化,E527,山西工程技术学院,1,196179
2022,1,0F,工程管理,E527,山西工程技术学院,2,208486
2022,1,0G,工程造价,E527,山西工程技术学院,2,200702
2022,1,0H,机械电子工程,E527,山西工程技术学院,2,205415
2022,1,0J,机械工程,E527,山西工程技术学院,2,208040
2022,1,0K,机械设计制造及其自动化,E527,山西工程技术学院,1,174280
2022,1,0L,智能制造工程,E527,山西工程技术学院,1,204371
2022,1,0W,土木工程,E527,山西工程技术学院,2,170941
2022,1,32,戏剧影视文学,E531,内蒙古艺术学院,2,197672
2022,1,51,文化产业管理,E531,内蒙古艺术学院,6,203965
2022,1,52,艺术史论,E531,内蒙古艺术学院,4,200811
2022,1,02,马克思主义理论,E596,中国社会科学院大学,2,7829
2022,1,03,汉语言文学,E596,中国社会科学院大学,2,4790
2022,1,04,哲学,E596,中国社会科学院大学,3,7805
2022,1,05,历史学,E596,中国社会科学院大学,4,6556
2022,1,06,经济学,E596,中国社会科学院大学,2,5241
2022,1,08,国际经济与贸易,E596,中国社会科学院大学,2,5805
2022,1,09,法学,E596,中国社会科学院大学,3,4935
2022,1,10,社会学,E596,中国社会科学院大学,3,7972
2022,1,12,法语,E596,中国社会科学院大学,2,9675
2022,1,13,国际事务与国际关系,E596,中国社会科学院大学,2,6954
2022,1,14,政治学与行政学,E596,中国社会科学院大学,4,7722
2022,1,15,新闻传播学类,E596,中国社会科学院大学,3,8144
2022,1,04,跨境电子商务,E623,滇西应用技术大学,2,187792
2022,1,07,健康服务与管理,E623,滇西应用技术大学,2,189037
2022,1,09,护理学,E623,滇西应用技术大学,2,178495
2022,1,10,地理空间信息工程,E623,滇西应用技术大学,2,182291
2022,1,11,土木工程,E623,滇西应用技术大学,2,182016
2022,1,12,计算机科学与技术,E623,滇西应用技术大学,2,158782
2022,1,14,测绘工程,E623,滇西应用技术大学,2,197440
2022,1,15,城乡规划,E623,滇西应用技术大学,2,201354
2022,1,01,白酒酿造工程,E625,茅台学院,2,196043
2022,1,02,酿酒工程,E625,茅台学院,2,225428
2022,1,03,葡萄与葡萄酒工程,E625,茅台学院,2,207396
2022,1,04,食品科学与工程,E625,茅台学院,2,207541
2022,1,05,食品质量与安全,E625,茅台学院,2,204345
2022,1,06,资源循环科学与工程,E625,茅台学院,2,213333
2022,1,07,环境科学与工程,E625,茅台学院,2,211590
2022,1,08,种子科学与工程,E625,茅台学院,2,234190
2022,1,09,市场营销,E625,茅台学院,2,210066
2022,1,0A,电子商务,E625,茅台学院,2,211144
2022,1,0B,物流管理,E625,茅台学院,2,209191
2022,1,0C,自动化,E625,茅台学院,2,218101
2022,1,0D,包装工程,E625,茅台学院,2,224606
2022,1,03,金融学,E654,郑州西亚斯学院,10,209461
2022,1,12,新闻学,E654,郑州西亚斯学院,5,204698
2022,1,32,工商管理,E654,郑州西亚斯学院,10,210043
2022,1,B2,国际经济与贸易(中外合作办学),E654,郑州西亚斯学院,13,232749
2022,1,B3,英语(中外合作办学),E654,郑州西亚斯学院,12,227588
2022,1,01,机械设计制造及其自动化,E655,深圳技术大学,3,40613
2022,1,03,自动化,E655,深圳技术大学,2,38724
2022,1,04,物联网工程,E655,深圳技术大学,3,34558
2022,1,07,光源与照明,E655,深圳技术大学,4,58078
2022,1,08,新能源科学与工程,E655,深圳技术大学,3,48371
2022,1,11,集成电路设计与集成系统,E655,深圳技术大学,2,37196
2022,1,12,交通运输,E655,深圳技术大学,2,47235
2022,1,13,汽车服务工程,E655,深圳技术大学,4,63244
2022,1,14,车辆工程,E655,深圳技术大学,2,53840
2022,1,16,生物医学工程,E655,深圳技术大学,4,49417
2022,1,18,应用物理学,E655,深圳技术大学,2,48241
2022,1,20,药学,E655,深圳技术大学,4,59878
2022,1,22,工业设计,E655,深圳技术大学,3,51336
2022,1,25,国际商务,E655,深圳技术大学,4,55176
2022,1,26,财务管理,E655,深圳技术大学,2,49646
2022,1,28,德语,E655,深圳技术大学,4,57413
2022,1,29,商务英语,E655,深圳技术大学,4,57571
2022,1,08,新闻学,E682,安徽艺术学院,5,170414
2022,1,07,建筑环境与能源工程,F201,山西工程科技职业大学,4,217006
2022,1,15,测绘工程技术,F201,山西工程科技职业大学,6,214038
2022,1,36,法律,F201,山西工程科技职业大学,5,189663
2022,1,01,机械设计制造及自动化,F202,河北石油职业技术大学,4,198305
2022,1,03,工业设计,F202,河北石油职业技术大学,4,213013
2022,1,04,电气工程及自动化,F202,河北石油职业技术大学,4,202140
2022,1,05,电子信息工程技术,F202,河北石油职业技术大学,4,207819
2022,1,06,建筑环境与能源工程,F202,河北石油职业技术大学,4,217871
2022,1,07,应用化工技术,F202,河北石油职业技术大学,4,215660
2022,1,08,现代精细化工技术,F202,河北石油职业技术大学,4,216607
2022,1,09,生态环境工程技术,F202,河北石油职业技术大学,4,216610
2022,1,10,网络工程技术,F202,河北石油职业技术大学,4,210869
2022,1,11,软件工程技术,F202,河北石油职业技术大学,4,205543
2022,1,12,汽车工程技术,F202,河北石油职业技术大学,4,218158
2022,1,13,新能源汽车工程技术,F202,河北石油职业技术大学,4,211173
2022,1,14,石油工程技术,F202,河北石油职业技术大学,6,203737
2022,1,15,建设工程管理,F202,河北石油职业技术大学,8,217825
2022,1,16,大数据与会计,F202,河北石油职业技术大学,4,188488
2022,1,17,市场营销,F202,河北石油职业技术大学,4,202525
2022,1,18,酒店管理,F202,河北石油职业技术大学,4,205513
2022,1,01,电气工程及自动化,F203,河北科技工程职业技术大学,3,194061
2022,1,02,机器人技术,F203,河北科技工程职业技术大学,3,213258
2022,1,04,服装工程技术,F203,河北科技工程职业技术大学,3,203795
2022,1,07,机械设计制造及自动化,F203,河北科技工程职业技术大学,3,210340
2022,1,09,机械电子工程技术,F203,河北科技工程职业技术大学,3,211508
2022,1,10,建筑工程,F203,河北科技工程职业技术大学,3,214397
2022,1,11,汽车工程技术,F203,河北科技工程职业技术大学,3,215778
2022,1,12,新能源汽车工程技术,F203,河北科技工程职业技术大学,3,213277
2022,1,13,汽车服务工程技术,F203,河北科技工程职业技术大学,3,199799
2022,1,14,网络工程技术,F203,河北科技工程职业技术大学,3,210619
2022,1,15,软件工程技术,F203,河北科技工程职业技术大学,2,207716
2022,1,16,生态环境工程技术,F203,河北科技工程职业技术大学,2,187810
2022,1,01,钢铁智能冶金技术,F204,河北工业职业技术大学,4,216549
2022,1,03,生态环境工程技术,F204,河北工业职业技术大学,4,215319
2022,1,05,机械设计制造及自动化,F204,河北工业职业技术大学,4,212786
2022,1,07,自动化技术与应用,F204,河北工业职业技术大学,4,211033
2022,1,08,电子信息工程技术,F204,河北工业职业技术大学,4,210667
2022,1,58,康复治疗,F206,贵阳康养职业大学,2,213360
2022,1,59,儿童康复治疗,F206,贵阳康养职业大学,1,215570
2022,1,60,公共卫生管理,F206,贵阳康养职业大学,1,206439
2022,1,62,现代家政管理,F206,贵阳康养职业大学,2,207170
2022,1,BF,智慧气象技术,F208,兰州资源环境职业技术大学,5,219995
2022,1,BQ,储能材料工程技术,F208,兰州资源环境职业技术大学,5,223316
2022,1,BT,现代精细化工技术,F208,兰州资源环境职业技术大学,5,224822
2022,1,BV,跨境电子商务,F208,兰州资源环境职业技术大学,5,206470
2022,1,03,应用化工技术(石油化工技术),F209,兰州石化职业技术大学,2,216647
2022,1,05,化工智能制造工程技术,F209,兰州石化职业技术大学,2,217112
2022,1,08,煤炭清洁利用工程,F209,兰州石化职业技术大学,2,222366
2022,1,09,安全工程技术,F209,兰州石化职业技术大学,2,220685
2022,1,0D,油气储运工程,F209,兰州石化职业技术大学,2,222517
2022,1,0G,电气工程及自动化,F209,兰州石化职业技术大学,2,204779
2022,1,0K,电子商务,F209,兰州石化职业技术大学,2,204265
2022,1,0P,测绘工程技术,F209,兰州石化职业技术大学,2,219336
2022,1,76,现代分析测试技术,F209,兰州石化职业技术大学,2,222683
2022,1,7J,现代测控工程技术,F209,兰州石化职业技术大学,2,215390
2022,1,01,国际商务(中外合作办学),F301,宁波诺丁汉大学,12,59521
2022,1,02,财务管理(中外合作办学),F301,宁波诺丁汉大学,13,52850
2022,1,05,国际事务与国际关系(中外合作办学),F301,宁波诺丁汉大学,5,55526
2022,1,06,传播学(中外合作办学),F301,宁波诺丁汉大学,10,56776
2022,1,07,英语(中外合作办学),F301,宁波诺丁汉大学,4,54483
2022,1,08,英语(中外合作办学)(2加2),F301,宁波诺丁汉大学,3,49954
2022,1,09,计算机科学与技术(中外合作办学),F301,宁波诺丁汉大学,9,49047
2022,1,10,计算机科学与技术(中外合作办学)(2加2),F301,宁波诺丁汉大学,5,38018
2022,1,11,数学与应用数学(中外合作办学),F301,宁波诺丁汉大学,6,56000
2022,1,12,数学与应用数学(中外合作办学)(2加2),F301,宁波诺丁汉大学,3,49028
2022,1,13,化学(中外合作办学)(2加2),F301,宁波诺丁汉大学,1,55151
2022,1,14,环境科学(中外合作办学)(2加2),F301,宁波诺丁汉大学,2,56292
2022,1,15,统计学(中外合作办学)(2加2),F301,宁波诺丁汉大学,4,54120
2022,1,16,建筑学(中外合作办学),F301,宁波诺丁汉大学,3,54794
2022,1,17,电气类(中外合作办学),F301,宁波诺丁汉大学,13,62018
2022,1,18,电气类(中外合作办学)(2加2),F301,宁波诺丁汉大学,7,58196
2022,1,19,化工与制药类(中外合作办学),F301,宁波诺丁汉大学,2,60129
2022,1,20,化工与制药类(中外合作办学)(2加2),F301,宁波诺丁汉大学,2,56100
2022,1,43,经济学类(中外合作办学),F301,宁波诺丁汉大学,16,43189
2022,1,31,数学类(中外合作办学),F302,西交利物浦大学,13,50944
2022,1,32,电子信息类(中外合作办学),F302,西交利物浦大学,37,52966
2022,1,33,生物科学类(中外合作办学),F302,西交利物浦大学,9,47485
2022,1,34,化学类(中外合作办学),F302,西交利物浦大学,2,52943
2022,1,35,工商管理类(中外合作办学),F302,西交利物浦大学,19,51357
2022,1,36,金融学类(中外合作办学),F302,西交利物浦大学,31,45784
2022,1,37,建筑类(中外合作办学),F302,西交利物浦大学,13,54334
2022,1,38,土木类(中外合作办学),F302,西交利物浦大学,2,54396
2022,1,39,外国语言文学类(中外合作办学),F302,西交利物浦大学,10,53491
2022,1,01,工商管理类(中外合作办学),F401,北京师范大学-香港浸会大学联合国际学院,10,69210
2022,1,02,新闻传播学类(中外合作办学),F401,北京师范大学-香港浸会大学联合国际学院,16,69390
2022,1,03,外国语言文学类(中外合作办学),F401,北京师范大学-香港浸会大学联合国际学院,6,70191
2022,1,04,计算机类(中外合作办学),F401,北京师范大学-香港浸会大学联合国际学院,10,67399
2022,1,05,会计学(中外合作办学),F401,北京师范大学-香港浸会大学联合国际学院,14,68619
2022,1,06,经济学(中外合作办学),F401,北京师范大学-香港浸会大学联合国际学院,6,64376
2022,1,08,应用心理学(中外合作办学),F401,北京师范大学-香港浸会大学联合国际学院,5,62513
2022,1,09,食品科学与工程(中外合作办学),F401,北京师范大学-香港浸会大学联合国际学院,2,66036
2022,1,0A,环境科学(中外合作办学),F401,北京师范大学-香港浸会大学联合国际学院,2,69762
2022,1,0B,统计学(中外合作办学),F401,北京师范大学-香港浸会大学联合国际学院,2,57962
2022,1,0C,金融数学(中外合作办学),F401,北京师范大学-香港浸会大学联合国际学院,3,67461
2022,1,0D,数学与应用数学(中外合作办学),F401,北京师范大学-香港浸会大学联合国际学院,2,65735
2022,1,0E,人工智能(中外合作办学),F401,北京师范大学-香港浸会大学联合国际学院,2,64259
2022,1,22,金融学(中外合作办学)(国际金融方向),F405,温州肯恩大学,5,71342
2022,1,23,国际商务(中外合作办学),F405,温州肯恩大学,4,78171
2022,1,24,会计学(中外合作办学)(国际会计方向),F405,温州肯恩大学,5,75150
2022,1,25,市场营销(中外合作办学)(国际方向),F405,温州肯恩大学,4,83792
2022,1,26,英语(中外合作办学),F405,温州肯恩大学,6,83740
2022,1,27,心理学(中外合作办学),F405,温州肯恩大学,4,72591
2022,1,28,传播学(中外合作办学),F405,温州肯恩大学,3,75746
2022,1,29,生物科学(中外合作办学)(细胞与分子方向),F405,温州肯恩大学,4,81971
2022,1,30,建筑学(中外合作办学),F405,温州肯恩大学,3,75006
2022,1,32,数学与应用数学(中外合作办学)(数据分析方向),F405,温州肯恩大学,3,81799
2022,1,33,计算机科学与技术(中外合作办学),F405,温州肯恩大学,7,80376
2022,1,34,环境科学(中外合作办学),F405,温州肯恩大学,2,84016
2022,1,0A,国际经济与贸易(中外合作办学),F409,深圳北理莫斯科大学,5,68738
2022,1,0C,数学与应用数学(中外合作办学),F409,深圳北理莫斯科大学,3,60243
2022,1,0E,生物科学(中外合作办学),F409,深圳北理莫斯科大学,2,78993
2022,1,0G,材料科学与工程(中外合作办学),F409,深圳北理莫斯科大学,3,79148
2022,1,0J,电子与计算机工程(中外合作办学),F409,深圳北理莫斯科大学,9,76867
2022,1,01,数学与应用数学(中外合作办学),F410,广东以色列理工学院,3,125183
2022,1,02,生物技术(中外合作办学),F410,广东以色列理工学院,5,113391
2022,1,03,机械工程(中外合作办学),F410,广东以色列理工学院,8,102494
2022,1,04,材料科学与工程(中外合作办学),F410,广东以色列理工学院,6,111078
2022,1,05,化学工程与工艺(中外合作办学),F410,广东以色列理工学院,3,129270
2022,1,00,法学,G127,内蒙古科技大学包头师范学院,1,122707
2022,1,01,政治学与行政学,G127,内蒙古科技大学包头师范学院,2,171361
2022,1,03,思想政治教育(师范类),G127,内蒙古科技大学包头师范学院,1,161179
2022,1,05,小学教育(师范类，语文),G127,内蒙古科技大学包头师范学院,2,157368
2022,1,06,汉语言文学(师范类),G127,内蒙古科技大学包头师范学院,2,152189
2022,1,09,历史学(师范类),G127,内蒙古科技大学包头师范学院,2,161862
2022,1,12,人力资源管理,G127,内蒙古科技大学包头师范学院,2,187393
2022,1,14,图书馆学,G127,内蒙古科技大学包头师范学院,2,182353
2022,1,18,电子信息科学与技术,G127,内蒙古科技大学包头师范学院,2,193484
2022,1,30,新闻学,G127,内蒙古科技大学包头师范学院,1,169248
2022,1,31,数学与应用数学(师范类),G127,内蒙古科技大学包头师范学院,1,167043
2022,1,33,物理学(师范类),G127,内蒙古科技大学包头师范学院,1,185756
2022,1,36,化学(师范类),G127,内蒙古科技大学包头师范学院,2,174436
2022,1,39,地理科学(师范类),G127,内蒙古科技大学包头师范学院,1,138149
2022,1,42,生物科学(师范类),G127,内蒙古科技大学包头师范学院,2,167582
2022,1,45,应用心理学(师范类),G127,内蒙古科技大学包头师范学院,2,169487
2022,1,52,公共事业管理,G127,内蒙古科技大学包头师范学院,2,178690
2022,1,53,金融学,G127,内蒙古科技大学包头师范学院,2,185755
2022,1,57,英语(师范类),G127,内蒙古科技大学包头师范学院,2,161174
2022,1,02,临床医学,H001,北京大学医学部,8,161
2022,1,03,临床医学,H001,北京大学医学部,2,175
2022,1,04,口腔医学,H001,北京大学医学部,1,159
2022,1,05,口腔医学,H001,北京大学医学部,1,184
2022,1,06,预防医学,H001,北京大学医学部,3,222
2022,1,07,药学,H001,北京大学医学部,5,253
2022,1,08,英语(医学英语),H001,北京大学医学部,5,346
2022,1,09,基础医学,H001,北京大学医学部,1,163
2022,1,01,法语(中外合作办学),H002,中国人民大学(苏州校区),1,6687
2022,1,02,国民经济管理(中外合作办学),H002,中国人民大学(苏州校区),2,6560
2022,1,03,金融学(中外合作办学),H002,中国人民大学(苏州校区),7,5832
2022,1,04,数学与应用数学(中外合作办学),H002,中国人民大学(苏州校区),2,6574
2022,1,06,传播学(中外合作办学)(国际新闻传播方向),H002,中国人民大学(苏州校区),1,4178
2022,1,01,信息管理与信息系统(中外合作办学),H004,北京交通大学(威海校区),12,37648
2022,1,02,通信工程(中外合作办学),H004,北京交通大学(威海校区),8,34347
2022,1,03,计算机科学与技术(中外合作办学),H004,北京交通大学(威海校区),12,31407
2022,1,04,环境工程(中外合作办学),H004,北京交通大学(威海校区),9,42119
2022,1,05,会计学(中外合作办学),H004,北京交通大学(威海校区),9,27695
2022,1,06,工商管理(中外合作办学),H004,北京交通大学(威海校区),9,33671
2022,1,01,电信工程及管理(中外合作办学),H013,北京邮电大学(宏福校区),15,17537
2022,1,02,物联网工程(中外合作办学),H013,北京邮电大学(宏福校区),8,13428
2022,1,03,电子信息工程(中外合作办学),H013,北京邮电大学(宏福校区),3,14401
2022,1,04,智能科学与技术(中外合作办学),H013,北京邮电大学(宏福校区),4,13595
2022,1,05,信息与计算科学(中外合作办学),H013,北京邮电大学(宏福校区),6,27462
2022,1,0N,社会科学试验班,H027,北京师范大学(珠海校区),11,11804
2022,1,0P,理科试验班,H027,北京师范大学(珠海校区),19,13596
2022,1,0Q,数学类,H027,北京师范大学(珠海校区),23,13383
2022,1,0R,人文科学试验班,H027,北京师范大学(珠海校区),12,9213
2022,1,05,临床医学,H127,内蒙古科技大学包头医学院,3,102893
2022,1,0B,预防医学,H127,内蒙古科技大学包头医学院,2,136996
2022,1,0E,法医学,H127,内蒙古科技大学包头医学院,3,125667
2022,1,0G,卫生检验与检疫,H127,内蒙古科技大学包头医学院,2,148007
2022,1,01,能源化学工程(能源、资源与生物化工新工科实验班),H141,大连理工大学(盘锦校区),10,18241
2022,1,05,海洋技术,H141,大连理工大学(盘锦校区),8,20517
2022,1,06,环境生态工程(生态与食品工科实验班),H141,大连理工大学(盘锦校区),6,20317
2022,1,08,生物科学类,H141,大连理工大学(盘锦校区),6,17824
2022,1,10,药学,H141,大连理工大学(盘锦校区),5,18622
2022,1,12,商务英语,H141,大连理工大学(盘锦校区),6,18355
2022,1,21,经济学类(经济与商务实验班),H141,大连理工大学(盘锦校区),6,16251
2022,1,17,过程装备与控制工程(中外合作办学),H141,大连理工大学(盘锦校区),11,39751
2022,1,18,应用化学(中外合作办学)(理学),H141,大连理工大学(盘锦校区),12,40206
2022,1,20,数理基础科学(中外合作办学),H141,大连理工大学(盘锦校区),12,33871
2022,1,01,经济学类,H145,东北大学秦皇岛分校,13,17818
2022,1,02,外国语言文学类,H145,东北大学秦皇岛分校,11,21122
2022,1,03,数学类,H145,东北大学秦皇岛分校,7,16307
2022,1,04,机械类,H145,东北大学秦皇岛分校,12,18476
2022,1,05,材料类,H145,东北大学秦皇岛分校,18,22827
2022,1,06,电子信息类,H145,东北大学秦皇岛分校,19,16939
2022,1,07,自动化类,H145,东北大学秦皇岛分校,11,16351
2022,1,08,仪器类(智能光电感知),H145,东北大学秦皇岛分校,6,19077
2022,1,09,计算机类,H145,东北大学秦皇岛分校,12,14799
2022,1,0A,工商管理类,H145,东北大学秦皇岛分校,27,20471
2022,1,Z1,计算机科学与技术(中外合作办学),H145,东北大学秦皇岛分校,10,24915
2022,1,Z2,通信工程(中外合作办学),H145,东北大学秦皇岛分校,10,30627
2022,1,Z3,应用统计学(中外合作办学),H145,东北大学秦皇岛分校,5,31707
2022,1,01,机械设计制造及其自动化,H213,哈尔滨工业大学(威海),32,12567
2022,1,02,机器人工程,H213,哈尔滨工业大学(威海),26,10719
2022,1,09,智能车辆工程,H213,哈尔滨工业大学(威海),25,12391
2022,1,10,自动化类,H213,哈尔滨工业大学(威海),61,11924
2022,1,11,电子信息类,H213,哈尔滨工业大学(威海),98,11006
2022,1,12,计算机类,H213,哈尔滨工业大学(威海),48,8212
2022,1,15,电气工程及其自动化,H213,哈尔滨工业大学(威海),29,9318
2022,1,18,数学类,H213,哈尔滨工业大学(威海),30,11436
2022,1,19,光电信息科学与工程,H213,哈尔滨工业大学(威海),19,11888
2022,1,21,信息管理与信息系统,H213,哈尔滨工业大学(威海),18,12113
2022,1,22,英语,H213,哈尔滨工业大学(威海),10,14197
2022,1,24,网络空间安全,H213,哈尔滨工业大学(威海),20,9051
2022,1,25,智能材料与结构,H213,哈尔滨工业大学(威海),10,12565
2022,1,29,软件工程,H213,哈尔滨工业大学(威海),62,9943
2022,1,2B,经济管理试验班,H213,哈尔滨工业大学(威海),28,13208
2022,1,26,船舶与海洋工程(中外合作办学),H213,哈尔滨工业大学(威海),12,33889
2022,1,61,临床医学(8年制本博连读，卓越医生计划),H246,复旦大学医学院,3,282
2022,1,65,口腔医学,H246,复旦大学医学院,2,520
2022,1,68,医学试验班(拔尖学生培养基地),H246,复旦大学医学院,14,1035
2022,1,72,临床医学(5年制，卓越医生计划),H246,复旦大学医学院,6,489
2022,1,01,临床医学(本博连读八年制),H248,上海交通大学医学院,4,267
2022,1,06,口腔医学(5+3一体化),H248,上海交通大学医学院,4,430
2022,1,13,医学试验班(卓越医学创新班),H248,上海交通大学医学院,9,597
2022,1,9A,临床医学(5+3一体化培养),H335,浙江大学医学院,7,739
2022,1,9B,口腔医学(5+3一体化培养),H335,浙江大学医学院,8,927
2022,1,9C,临床医学(5+3一体化培养，儿科方向),H335,浙江大学医学院,3,1008
2022,1,02,新能源材料与器件,H359,合肥工业大学(宣城校区),3,28280
2022,1,05,能源化学工程,H359,合肥工业大学(宣城校区),3,29217
2022,1,07,过程装备与控制工程,H359,合肥工业大学(宣城校区),3,31437
2022,1,09,物联网工程,H359,合肥工业大学(宣城校区),4,21791
2022,1,0A,电子信息科学与技术,H359,合肥工业大学(宣城校区),4,21050
2022,1,0B,经济学,H359,合肥工业大学(宣城校区),2,23148
2022,1,0F,英语,H359,合肥工业大学(宣城校区),2,26236
2022,1,0G,法学,H359,合肥工业大学(宣城校区),2,20192
2022,1,0H,网络与新媒体,H359,合肥工业大学(宣城校区),2,24115
2022,1,0L,材料成型及控制工程,H359,合肥工业大学(宣城校区),2,41295
2022,1,0M,机械工程,H359,合肥工业大学(宣城校区),2,34603
2022,1,0N,交通设备与控制工程(先进载运工具),H359,合肥工业大学(宣城校区),2,39089
2022,1,0P,精细化工,H359,合肥工业大学(宣城校区),4,34032
2022,1,0Q,地球信息科学与技术,H359,合肥工业大学(宣城校区),2,27564
2022,1,0R,材料成型及控制工程,H359,合肥工业大学(宣城校区),2,32403
2022,1,0T,电气工程与智能控制,H359,合肥工业大学(宣城校区),4,22137
2022,1,0V,物流管理,H359,合肥工业大学(宣城校区),4,30023
2022,1,0X,机械工程,H359,合肥工业大学(宣城校区),9,28343
2022,1,0Z,计算机科学与技术,H359,合肥工业大学(宣城校区),5,16765
2022,1,11,食品质量与安全,H359,合肥工业大学(宣城校区),6,32347
2022,1,13,城市地下空间工程,H359,合肥工业大学(宣城校区),7,34216
2022,1,15,环境生态工程,H359,合肥工业大学(宣城校区),4,34054
2022,1,A1,资源勘查工程,H414,中国石油大学(北京)克拉玛依校区,9,53382
2022,1,A4,计算机类,H414,中国石油大学(北京)克拉玛依校区,23,40897
2022,1,B1,化学工程与工艺,H414,中国石油大学(北京)克拉玛依校区,13,51441
2022,1,B2,能源化学工程,H414,中国石油大学(北京)克拉玛依校区,2,43700
2022,1,B4,油气储运工程,H414,中国石油大学(北京)克拉玛依校区,7,50947
2022,1,B6,自动化,H414,中国石油大学(北京)克拉玛依校区,9,42647
2022,1,B7,安全工程,H414,中国石油大学(北京)克拉玛依校区,6,55235
2022,1,C1,数学与应用数学,H414,中国石油大学(北京)克拉玛依校区,5,46196
2022,1,C2,统计学,H414,中国石油大学(北京)克拉玛依校区,6,48251
2022,1,C3,英语,H414,中国石油大学(北京)克拉玛依校区,5,48823
2022,1,C4,俄语,H414,中国石油大学(北京)克拉玛依校区,4,53252
2022,1,C5,汉语言文学,H414,中国石油大学(北京)克拉玛依校区,6,40171
2022,1,D1,经济学类,H414,中国石油大学(北京)克拉玛依校区,13,45734
2022,1,D2,会计学,H414,中国石油大学(北京)克拉玛依校区,7,47008
2022,1,D3,行政管理,H414,中国石油大学(北京)克拉玛依校区,5,49553
2022,1,D4,思想政治教育,H414,中国石油大学(北京)克拉玛依校区,6,44111
2022,1,D5,勘查技术与工程,H414,中国石油大学(北京)克拉玛依校区,4,55196
2022,1,D7,石油工程,H414,中国石油大学(北京)克拉玛依校区,19,50210
2022,1,D9,机械类,H414,中国石油大学(北京)克拉玛依校区,18,52779
2022,1,DB,环境工程,H414,中国石油大学(北京)克拉玛依校区,3,53458
2022,1,01,国际政治,H422,山东大学威海分校,4,13934
2022,1,02,经济学类,H422,山东大学威海分校,51,13910
2022,1,03,工商管理类,H422,山东大学威海分校,83,15883
2022,1,04,法学类,H422,山东大学威海分校,59,12716
2022,1,05,汉语言文学,H422,山东大学威海分校,49,13085
2022,1,06,新闻学,H422,山东大学威海分校,12,13945
2022,1,07,外国语言文学类,H422,山东大学威海分校,72,16533
2022,1,08,海洋科学,H422,山东大学威海分校,14,15411
2022,1,09,海洋资源开发技术,H422,山东大学威海分校,14,16374
2022,1,0A,智能制造工程,H422,山东大学威海分校,35,14324
2022,1,0B,自动化类,H422,山东大学威海分校,67,13678
2022,1,0C,电子信息类,H422,山东大学威海分校,57,12907
2022,1,0D,计算机类,H422,山东大学威海分校,38,11606
2022,1,0E,物理学,H422,山东大学威海分校,33,14880
2022,1,0F,数学类,H422,山东大学威海分校,67,14031
2022,1,15,金融学(中外合作办学),H422,山东大学威海分校,39,19067
2022,1,16,机械设计制造及其自动化(中外合作办学),H422,山东大学威海分校,37,23717
2022,1,17,计算机科学与技术(中外合作办学),H422,山东大学威海分校,50,17791
2022,1,18,数学与应用数学(中外合作办学),H422,山东大学威海分校,40,20754
2022,1,19,应用物理学(中外合作办学),H422,山东大学威海分校,40,26033
2022,1,1A,应用化学(中外合作办学),H422,山东大学威海分校,30,29372
2022,1,1B,生物科学(中外合作办学),H422,山东大学威海分校,30,25398
2022,1,S1,软件工程(国家示范性软件学院),H614,电子科技大学(沙河校区),15,4856
2022,1,S3,软件工程(工业软件),H614,电子科技大学(沙河校区),5,4863
2022,1,S4,集成电路设计与集成系统(国家示范性微电子学院),H614,电子科技大学(沙河校区),13,4649
2022,1,Y1,临床医学,H614,电子科技大学(沙河校区),9,10415
2022,1,Y2,护理学,H614,电子科技大学(沙河校区),5,29003
2022,1,G1,电子信息类(中外合作办学)(电子信息),H614,电子科技大学(沙河校区),6,7918
2022,1,G2,电子信息类(中外合作办学)(通信、微电子),H614,电子科技大学(沙河校区),9,10954
2022,1,GH,电子信息类(中外合作办学)(海南陵水国际教育创新区),H614,电子科技大学(沙河校区),5,15028
2022,1,81,信息管理与信息系统,H635,西南大学(荣昌校区),6,31716
2022,1,82,市场营销,H635,西南大学(荣昌校区),6,33383
2022,1,83,国际经济与贸易,H635,西南大学(荣昌校区),2,28524
2022,1,84,物流管理,H635,西南大学(荣昌校区),5,34321
2022,1,85,公共事业管理,H635,西南大学(荣昌校区),5,31107
2022,1,S1,动物科学,H635,西南大学(荣昌校区),10,43085
2022,1,U1,动物医学(五年制),H635,西南大学(荣昌校区),8,37965
2022,1,U2,动物医学类,H635,西南大学(荣昌校区),4,37569
2022,1,V1,水产类,H635,西南大学(荣昌校区),10,42293
2022,1,02,采矿工程,M189,山西能源学院,4,216860
2022,1,03,油气储运工程,M189,山西能源学院,4,205941
2022,1,05,机械电子工程,M189,山西能源学院,3,206877
2022,1,08,能源与动力工程,M189,山西能源学院,3,188618
2022,1,13,安全工程,M189,山西能源学院,3,210417
2022,1,16,化学工程与工艺,M189,山西能源学院,3,194290
2022,1,17,能源与环境系统工程,M189,山西能源学院,3,210899
2022,1,19,资源勘查工程,M189,山西能源学院,4,215551
2022,1,21,测绘工程,M189,山西能源学院,3,210909
2022,1,03,环境工程,M721,河北环境工程学院,3,186748
2022,1,13,软件工程,M721,河北环境工程学院,3,166627
2022,1,18,工程造价,M721,河北环境工程学院,2,190793
2022,1,21,新闻学,M721,河北环境工程学院,2,164571
2022,1,01,计算机类,P002,国防科技大学,12,2312
2022,1,02,电子信息类,P002,国防科技大学,14,3351
2022,1,03,航空航天类,P002,国防科技大学,9,4334
2022,1,04,自动化类,P002,国防科技大学,13,4131
2022,1,05,大气科学类,P002,国防科技大学,10,6189
2022,1,08,计算机科学与技术(天河拔尖班),P002,国防科技大学,4,1216
2022,1,09,理论与应用力学(航天力学拔尖班),P002,国防科技大学,3,2889
2022,1,D1,建筑环境与能源应用工程(全国人防通风空调与给排水工程师),P004,陆军工程大学,1,31703
2022,1,D2,土木工程(全国人防工程建筑结构设计与施工工程师),P004,陆军工程大学,1,30555
2022,1,D3,工程管理(全国人防建筑施工组织管理与监理工程师),P004,陆军工程大学,1,32235
2022,1,D4,建筑学(全国人防工程建筑设计工程师),P004,陆军工程大学,1,32809
2022,1,D5,电气工程及其自动化(全国人防电力工程及自动化技术工程师),P004,陆军工程大学,1,22315
2022,1,D6,网络工程(全国人防指挥自动化技术工程师),P004,陆军工程大学,1,19172
2022,1,01,临床医学(高级临床医师),P020,海军军医大学,6,4421
2022,1,02,临床医学(临床医师),P020,海军军医大学,13,8727
2022,1,03,麻醉学(临床麻醉医师),P020,海军军医大学,2,10191
2022,1,04,医学影像学(临床影像医师),P020,海军军医大学,1,8937
2022,1,05,中医学(中医临床医师),P020,海军军医大学,1,12415
2022,1,06,药学(药剂师),P020,海军军医大学,2,18744
2022,1,07,中药学(药剂师),P020,海军军医大学,1,22198
2022,1,08,生物技术,P020,海军军医大学,1,13956
2022,1,09,护理学(护师),P020,海军军医大学,1,28800
2022,1,01,基础医学,P030,空军军医大学,2,9593
2022,1,02,临床医学,P030,空军军医大学,4,4611
2022,1,03,临床医学,P030,空军军医大学,12,10172
2022,1,04,口腔医学,P030,空军军医大学,1,1416
2022,1,05,口腔医学,P030,空军军医大学,4,6682
2022,1,06,生物医学工程,P030,空军军医大学,2,18767
2022,1,07,生物技术,P030,空军军医大学,2,19265
2022,1,08,药学,P030,空军军医大学,2,18746
2022,1,09,护理学,P030,空军军医大学,3,33049
2022,1,70,财务管理,Y000,哈尔滨理工大学,16,117546
2022,1,71,国际经济与贸易,Y000,哈尔滨理工大学,17,138580
2022,1,72,市场营销,Y000,哈尔滨理工大学,14,158467
2022,1,73,商务英语,Y000,哈尔滨理工大学,9,100958
2022,1,74,日语,Y000,哈尔滨理工大学,8,120672
2022,1,75,材料成型及控制工程,Y000,哈尔滨理工大学,29,153745
2022,1,76,机械设计制造及其自动化,Y000,哈尔滨理工大学,30,108536
2022,1,77,电气工程及其自动化,Y000,哈尔滨理工大学,38,78095
2022,1,78,软件工程,Y000,哈尔滨理工大学,36,112120
2022,1,79,朝鲜语,Y000,哈尔滨理工大学,9,141679
2022,1,80,俄语,Y000,哈尔滨理工大学,4,111703
2022,1,81,机械电子工程,Y000,哈尔滨理工大学,36,131371
2022,1,82,自动化,Y000,哈尔滨理工大学,22,105768
2022,1,84,土木工程,Y000,哈尔滨理工大学,38,147105
2022,1,86,工商管理,Y000,哈尔滨理工大学,8,128170
2022,1,87,旅游管理,Y000,哈尔滨理工大学,8,144088
2022,1,88,食品科学与工程,Y000,哈尔滨理工大学,36,143368
2022,1,89,智能制造工程,Y000,哈尔滨理工大学,10,96348
2022,1,90,电气工程与智能控制,Y000,哈尔滨理工大学,10,78597
2022,1,94,电子信息科学与技术,Y000,哈尔滨理工大学,20,56720
2022,1,X1,临床医学(非西藏生源定向西藏就业),Y001,山东大学,5,35933
2022,1,X2,药学类(非西藏生源定向西藏就业),Y001,山东大学,4,26058
2022,1,X3,管理科学与工程类(非西藏生源定向西藏就业),Y001,山东大学,4,37486
2022,1,X4,计算机类(计算机与智能方向，非西藏生源定向西藏就业),Y001,山东大学,2,28895
2022,1,0P,机械工程(高密校区),Y003,青岛科技大学,60,130948
2022,1,0R,电气工程及其自动化(高密校区),Y003,青岛科技大学,30,93308
2022,1,13,财务管理(高密校区),Y003,青岛科技大学,33,97929
2022,1,17,英语(高密校区),Y003,青岛科技大学,64,106669
2022,1,1P,化学工程与工艺(高密校区),Y003,青岛科技大学,110,148850
2022,1,2P,国际经济与贸易(高密校区),Y003,青岛科技大学,63,130623
2022,1,2Q,高分子材料与工程(高密校区),Y003,青岛科技大学,110,151819
2022,1,2S,自动化(高密校区),Y003,青岛科技大学,60,105419
2022,1,36,计算机科学与技术(高密校区),Y003,青岛科技大学,60,84773
2022,1,02,汽车服务工程,Y004,青岛理工大学,70,172555
2022,1,0L,物流管理,Y004,青岛理工大学,210,166935
2022,1,13,电子商务,Y004,青岛理工大学,175,156746
2022,1,1B,土木工程,Y004,青岛理工大学,245,169686
2022,1,1L,会计学,Y004,青岛理工大学,175,125996
2022,1,1V,机械设计制造及其自动化,Y004,青岛理工大学,210,154070
2022,1,1X,交通运输,Y004,青岛理工大学,70,127557
2022,1,07,高分子材料与工程(菏泽校区),Y005,齐鲁工业大学,132,170104
2022,1,1V,市场营销(菏泽校区),Y005,齐鲁工业大学,132,167293
2022,1,20,行政管理(菏泽校区),Y005,齐鲁工业大学,132,155500
2022,1,22,制药工程(菏泽校区),Y005,齐鲁工业大学,132,163907
2022,1,2F,食品科学与工程(菏泽校区),Y005,齐鲁工业大学,127,163702
2022,1,2H,化学工程与工艺(菏泽校区),Y005,齐鲁工业大学,132,167816
2022,1,2D,食品科学与工程(菏泽校区，地方专项计划),Y005,齐鲁工业大学,5,144936
2022,1,1J,市场营销(校企合作，与鼎利集团合作；菏泽校区),Y005,齐鲁工业大学,240,187635
2022,1,0F,英语(师范类，非西藏生源定向西藏就业),Y006,山东师范大学,3,65002
2022,1,0W,汉语言文学(师范类，非西藏生源定向西藏就业),Y006,山东师范大学,2,49477
2022,1,14,思想政治教育(师范类，非西藏生源定向西藏就业),Y006,山东师范大学,2,85497
2022,1,1Y,数学与应用数学(师范类，非西藏生源定向西藏就业),Y006,山东师范大学,2,77594
2022,1,2R,地理科学(师范类，非西藏生源定向西藏就业),Y006,山东师范大学,2,80407
2022,1,3G,历史学(师范类，非西藏生源定向西藏就业),Y006,山东师范大学,2,85366
2022,1,3J,计算机科学与技术(师范类，非西藏生源定向西藏就业),Y006,山东师范大学,4,101865
2022,1,0R,经济学类(威海走读),Y011,山东大学威海分校,3,15406
2022,1,0S,工商管理类(威海走读),Y011,山东大学威海分校,7,18805
2022,1,0T,法学类(威海走读),Y011,山东大学威海分校,3,14559
2022,1,0U,汉语言文学(威海走读),Y011,山东大学威海分校,3,14963
2022,1,0V,新闻学(威海走读),Y011,山东大学威海分校,2,18266
2022,1,0W,外国语言文学类(威海走读),Y011,山东大学威海分校,6,18655
2022,1,0X,海洋科学(威海走读),Y011,山东大学威海分校,4,20155
2022,1,0Y,海洋资源开发技术(威海走读),Y011,山东大学威海分校,4,21527
2022,1,0Z,智能制造工程(威海走读),Y011,山东大学威海分校,3,16241
2022,1,10,自动化类(威海走读),Y011,山东大学威海分校,3,14492
2022,1,11,电子信息类(威海走读),Y011,山东大学威海分校,3,13592
2022,1,12,计算机类(威海走读),Y011,山东大学威海分校,3,12803
2022,1,13,物理学(威海走读),Y011,山东大学威海分校,3,18601
2022,1,14,数学类(威海走读),Y011,山东大学威海分校,3,15748
2022,1,07,经济学类(济南走读),Y014,山东财经大学,10,55122
2022,1,0B,工商管理类(济南走读),Y014,山东财经大学,50,80854
2022,1,0E,电子商务类(济南走读),Y014,山东财经大学,50,120892
2022,1,0F,汉语国际教育(济南走读),Y014,山东财经大学,20,81518
2022,1,0Q,计算机类(济南走读),Y014,山东财经大学,20,64267
2022,1,0R,保险学(济南走读),Y014,山东财经大学,10,77755
2022,1,0X,公共管理类(济南走读),Y014,山东财经大学,50,95186
2022,1,15,文化产业管理(济南走读),Y014,山东财经大学,10,83331
2022,1,1B,金融学类(济南走读),Y014,山东财经大学,25,53275
2022,1,1R,新闻学(济南走读),Y014,山东财经大学,15,73914
2022,1,21,管理科学与工程类(济南走读),Y014,山东财经大学,90,101365
2022,1,05,测绘工程(济南走读),Y015,山东建筑大学,10,159686
2022,1,0C,城市地下空间工程(济南走读),Y015,山东建筑大学,10,148483
2022,1,0E,生物工程(济南走读),Y015,山东建筑大学,10,152658
2022,1,0F,道路桥梁与渡河工程(济南走读),Y015,山东建筑大学,20,160316
2022,1,0L,信息管理与信息系统(济南走读),Y015,山东建筑大学,20,153084
2022,1,0V,机械电子工程(济南走读),Y015,山东建筑大学,10,147824
2022,1,0X,信息与计算科学(济南走读),Y015,山东建筑大学,20,143260
2022,1,11,建筑电气与智能化(济南走读),Y015,山东建筑大学,10,137672
2022,1,12,建筑环境与能源应用工程(济南走读),Y015,山东建筑大学,15,149939
2022,1,13,光电信息科学与工程(济南走读),Y015,山东建筑大学,10,152089
2022,1,16,新能源科学与工程(济南走读),Y015,山东建筑大学,10,142743
2022,1,17,通信工程(济南走读),Y015,山东建筑大学,10,133329
2022,1,1A,工程管理(济南走读),Y015,山东建筑大学,10,143768
2022,1,1H,交通运输(济南走读),Y015,山东建筑大学,10,157875
2022,1,1L,物联网工程(济南走读),Y015,山东建筑大学,10,134330
2022,1,1M,土木工程(济南走读),Y015,山东建筑大学,15,122449
2022,1,1S,材料科学与工程(济南走读),Y015,山东建筑大学,20,165541
2022,1,1Y,计算机类(济南走读),Y015,山东建筑大学,30,128740
2022,1,27,给排水科学与工程(济南走读),Y015,山东建筑大学,15,147169
2022,1,2E,遥感科学与技术(济南走读),Y015,山东建筑大学,10,157882
2022,1,2J,能源与动力工程(济南走读),Y015,山东建筑大学,15,150664
2022,1,2L,环境工程(济南走读),Y015,山东建筑大学,10,151288
2022,1,01,工业设计(济南走读),Y016,济南大学,10,127003
2022,1,09,金融数学(济南走读),Y016,济南大学,15,115380
2022,1,0A,数据科学与大数据技术(济南走读),Y016,济南大学,15,70097
2022,1,0G,中国语言文学类(师范类，济南走读),Y016,济南大学,25,65031
2022,1,0J,药学(济南走读),Y016,济南大学,10,99415
2022,1,0N,社会工作(济南走读),Y016,济南大学,10,102436
2022,1,0Q,外国语言文学类(济南走读),Y016,济南大学,10,98910
2022,1,0V,机械类(济南走读),Y016,济南大学,40,123193
2022,1,0X,建筑类(济南走读),Y016,济南大学,15,101244
2022,1,0Z,物理学(师范兼非师范类，济南走读),Y016,济南大学,10,85252
2022,1,13,应急管理(济南走读),Y016,济南大学,5,118484
2022,1,14,数学与应用数学(师范类，济南走读),Y016,济南大学,15,84383
2022,1,17,生物制药(济南走读),Y016,济南大学,30,117305
2022,1,1A,历史学(师范类，济南走读),Y016,济南大学,5,65511
2022,1,1B,法学(济南走读),Y016,济南大学,30,76818
2022,1,1C,信息管理与信息系统(济南走读),Y016,济南大学,20,107550
2022,1,1G,旅游管理类(济南走读),Y016,济南大学,31,140773
2022,1,1H,自动化类(济南走读),Y016,济南大学,20,84340
2022,1,1K,电子信息类(济南走读),Y016,济南大学,10,77890
2022,1,1L,地理科学(师范兼非师范类，济南走读),Y016,济南大学,10,71822
2022,1,1N,化学类(济南走读),Y016,济南大学,25,102050
2022,1,1Q,生物技术(济南走读),Y016,济南大学,30,115197
2022,1,1R,公共管理类(济南走读),Y016,济南大学,15,99211
2022,1,1S,土木类(济南走读),Y016,济南大学,35,132418
2022,1,1V,经济学类(济南走读),Y016,济南大学,30,92675
2022,1,1Y,公共事业管理(济南走读),Y016,济南大学,5,100866
2022,1,20,新能源科学与工程(济南走读),Y016,济南大学,10,98952
2022,1,27,水利类(济南走读),Y016,济南大学,15,122391
2022,1,2E,光电信息科学与工程(济南走读),Y016,济南大学,10,96152
2022,1,2F,环境科学与工程类(济南走读),Y016,济南大学,10,118547
2022,1,2G,新闻传播学类(济南走读),Y016,济南大学,25,88265
2022,1,2H,应用心理学(师范类，济南走读),Y016,济南大学,10,90858
2022,1,2M,大数据管理与应用(济南走读),Y016,济南大学,20,100677
2022,1,2R,工商管理类(济南走读),Y016,济南大学,25,96174
2022,1,32,计算机类(济南走读),Y016,济南大学,10,60588
2022,1,34,制药工程(济南走读),Y016,济南大学,10,120818
2022,1,38,材料类(济南走读),Y016,济南大学,40,145137
2022,1,39,标准化工程(济南走读),Y016,济南大学,4,110308
2022,1,3A,英语(师范兼非师范类，济南走读),Y016,济南大学,10,67177
2022,1,3H,化工与制药类(济南走读),Y016,济南大学,25,141487
2022,1,03,思想政治教育(师范类),Y017,青岛大学,30,57127
2022,1,0M,物理学(师范类),Y017,青岛大学,35,73541
2022,1,17,化学(师范类),Y017,青岛大学,35,68070
2022,1,1F,英语(师范类),Y017,青岛大学,60,56797
2022,1,20,历史学(师范类),Y017,青岛大学,40,57400
2022,1,26,汉语言文学(师范类),Y017,青岛大学,65,46518
2022,1,2T,教育技术学(师范类，智能教育),Y017,青岛大学,30,71622
2022,1,2V,地理科学(师范类),Y017,青岛大学,40,64780
2022,1,2W,数学与应用数学(师范类),Y017,青岛大学,35,63411
2022,1,02,过程装备与控制工程(就读地点泰安),Y018,山东科技大学,120,156538
2022,1,0C,防灾减灾科学与工程(就读地点泰安),Y018,山东科技大学,120,161161
2022,1,0E,财政学(就读地点泰安),Y018,山东科技大学,103,111865
2022,1,0F,国际商务(就读地点泰安),Y018,山东科技大学,118,134783
2022,1,0H,网络工程(就读地点泰安),Y018,山东科技大学,100,116265
2022,1,1C,审计学(就读地点泰安),Y018,山东科技大学,118,106695
2022,1,1H,信息工程(就读地点泰安),Y018,山东科技大学,118,127135
2022,1,2L,工程管理(就读地点泰安),Y018,山东科技大学,118,153434
2022,1,2S,电气工程与智能控制(就读地点泰安),Y018,山东科技大学,100,121168
2022,1,1Q,财政学(就读地点泰安，地方专项计划),Y018,山东科技大学,15,100564
