year,round,major_code,major_name,school_code,school_name,plan_count,min_rank
2023,1,16,文科试验班类(文科基础类专业),A001,北京大学,25,181
2023,1,58,理科试验班类(理科基础类专业),A001,北京大学,44,110
2023,1,02,社会科学试验班(管理学科类),A002,中国人民大学,6,1218
2023,1,03,经济学类,A002,中国人民大学,11,872
2023,1,04,新闻传播学类,A002,中国人民大学,7,1305
2023,1,05,工商管理类,A002,中国人民大学,13,1093
2023,1,06,金融学类,A002,中国人民大学,6,640
2023,1,08,法学,A002,中国人民大学,8,563
2023,1,10,国际政治,A002,中国人民大学,5,1312
2023,1,11,人力资源管理(经管试验班),A002,中国人民大学,2,999
2023,1,16,理科试验班类(物理学拔尖班),A002,中国人民大学,3,1032
2023,1,18,人工智能(拔尖班),A002,中国人民大学,2,561
2023,1,20,政治学、经济学与哲学(PPE实验班),A002,中国人民大学,2,1044
2023,1,21,统计学类,A002,中国人民大学,8,689
2023,1,22,计算机类,A002,中国人民大学,6,787
2023,1,23,数学类(英才班),A002,中国人民大学,2,830
2023,1,S4,新闻传播学类(国际新闻全英文主辅修实验班),A002,中国人民大学,2,1286
2023,1,T7,财政学(财政学与数学双主学位项目),A002,中国人民大学,2,801
2023,1,Z1,计算机类(图灵实验班),A002,中国人民大学,2,629
2023,1,Z2,数学类(经济学与数学双主学位项目),A002,中国人民大学,2,738
2023,1,1A,理科试验班类(物理基础类),A003,清华大学,71,141
2023,1,1B,文科试验班类(通用基础类),A003,清华大学,1,4
2023,1,YK,临床医学类,A003,清华大学,7,88
2023,1,01,理科试验班类(詹天佑本博直升试点班),A004,北京交通大学,10,5536
2023,1,02,电子信息类(通信与控制),A004,北京交通大学,17,7066
2023,1,03,计算机类,A004,北京交通大学,8,5213
2023,1,07,电气类(含双学士学位项目),A004,北京交通大学,7,7741
2023,1,08,软件工程,A004,北京交通大学,6,5994
2023,1,09,理科试验班(数学与统计),A004,北京交通大学,4,8282
2023,1,10,理科试验班(智能光电与纳米技术),A004,北京交通大学,7,9336
2023,1,12,建筑类(建筑与规划),A004,北京交通大学,5,19694
2023,1,13,经济管理试验班,A004,北京交通大学,13,14608
2023,1,14,外国语言文学类,A004,北京交通大学,4,18831
2023,1,15,新闻传播学类,A004,北京交通大学,4,16176
2023,1,16,法学,A004,北京交通大学,4,9832
2023,1,1A,交通运输类(含双学士学位项目),A004,北京交通大学,10,10246
2023,1,1C,土木类(智慧建造与智能工程，含双学士学位项目),A004,北京交通大学,16,21151
2023,1,1E,机械类(智能制造与智能装备，含双学士学位项目),A004,北京交通大学,15,11612
2023,1,18,纳米材料与技术(中外合作办学),A004,北京交通大学,8,33862
2023,1,19,机械电子工程(中外合作办学),A004,北京交通大学,6,27879
2023,1,07,新能源科学与工程(新能源和环科双学士学位),A005,北京工业大学,2,13877
2023,1,26,机械类,A005,北京工业大学,4,14217
2023,1,28,土木类,A005,北京工业大学,7,24963
2023,1,32,建筑学,A005,北京工业大学,3,25607
2023,1,43,物联网工程(中外合作办学),A005,北京工业大学,5,29740
2023,1,44,软件工程(中外合作办学),A005,北京工业大学,6,26698
2023,1,45,电子信息工程(中外合作办学),A005,北京工业大学,4,26431
2023,1,01,工科试验班类(计算机拔尖计划),A006,北京航空航天大学,1,438
2023,1,02,理科试验班类(华罗庚数学拔尖计划),A006,北京航空航天大学,1,454
2023,1,06,工科试验班类(未来空天领军计划),A006,北京航空航天大学,4,621
2023,1,07,理科试验班类(国际卓越工程师试验班),A006,北京航空航天大学,7,1205
2023,1,08,工科试验班类(医工交叉试验班),A006,北京航空航天大学,4,1115
2023,1,10,工科试验班类(信息类),A006,北京航空航天大学,65,1106
2023,1,12,社会科学试验班,A006,北京航空航天大学,11,4052
2023,1,5A,工科试验班类(中外合作办学，中法航空试验班),A006,北京航空航天大学,8,5702
2023,1,5B,工科试验班类(航空H航天类),A006,北京航空航天大学,54,1441
2023,1,5D,理科试验班类,A006,北京航空航天大学,10,1335
2023,1,01,工科试验班(未来精工技术),A007,北京理工大学,1,713
2023,1,02,工科试验班(徐特立英才班),A007,北京理工大学,20,1178
2023,1,04,工科试验班(宇航与机电类),A007,北京理工大学,25,1960
2023,1,06,工科试验班(信息科学技术),A007,北京理工大学,49,1742
2023,1,07,工科试验班(电子信息实验班),A007,北京理工大学,34,1913
2023,1,Q6,工科试验班(智能制造与智能车辆菁英班),A007,北京理工大学,4,1988
2023,1,Q8,理科试验班(理学与材料菁英班),A007,北京理工大学,6,1872
2023,1,H1,会计学(中外合作办学),A007,北京理工大学,6,17295
2023,1,01,理科试验班,A008,北京科技大学,6,7006
2023,1,02,工科试验班类,A008,北京科技大学,9,9092
2023,1,03,理科试验班(纳米科学与工程本博贯通班),A008,北京科技大学,2,6049
2023,1,04,材料科学与工程(本博贯通高精尖班),A008,北京科技大学,2,6329
2023,1,05,人工智能,A008,北京科技大学,6,9543
2023,1,06,材料科学与工程,A008,北京科技大学,22,15055
2023,1,07,工商管理类(数智经济与管理试验班),A008,北京科技大学,8,15402
2023,1,10,能源动力类(能源、环境专业),A008,北京科技大学,14,13397
2023,1,11,自动化类,A008,北京科技大学,11,10602
2023,1,12,计算机类,A008,北京科技大学,8,7188
2023,1,13,通信工程,A008,北京科技大学,6,10198
2023,1,15,储能科学与工程,A008,北京科技大学,6,13966
2023,1,17,安全工程,A008,北京科技大学,2,11815
2023,1,19,数学类,A008,北京科技大学,6,10766
2023,1,20,应用物理学,A008,北京科技大学,3,10902
2023,1,21,应用化学,A008,北京科技大学,5,15625
2023,1,22,生物技术,A008,北京科技大学,4,13531
2023,1,24,社会科学试验班,A008,北京科技大学,11,16132
2023,1,25,外国语言文学类,A008,北京科技大学,8,28717
2023,1,26,管理科学与工程类(大数据管理试验班),A008,北京科技大学,5,12295
2023,1,28,机械类,A008,北京科技大学,21,13865
2023,1,2A,冶金工程,A008,北京科技大学,9,18582
2023,1,01,经济与金融,A009,北方工业大学,1,32124
2023,1,02,国际经济与贸易,A009,北方工业大学,2,40518
2023,1,03,法学,A009,北方工业大学,2,24201
2023,1,04,知识产权,A009,北方工业大学,2,24142
2023,1,05,英语,A009,北方工业大学,2,41773
2023,1,06,信息与计算科学,A009,北方工业大学,2,27580
2023,1,09,机械设计制造及其自动化(创新实验班),A009,北方工业大学,3,28657
2023,1,0B,机械电子工程(智能制造与新能源汽车),A009,北方工业大学,4,31591
2023,1,0C,工业设计,A009,北方工业大学,1,33378
2023,1,0F,储能科学与工程,A009,北方工业大学,1,35066
2023,1,0G,电气工程及其自动化,A009,北方工业大学,5,25305
2023,1,0H,电子信息工程,A009,北方工业大学,2,24620
2023,1,0J,电子信息工程(理工科实验班),A009,北方工业大学,2,21584
2023,1,0K,通信工程,A009,北方工业大学,3,26097
2023,1,0N,人工智能,A009,北方工业大学,2,25698
2023,1,0Q,自动化(创新实验班),A009,北方工业大学,2,26169
2023,1,0R,计算机科学与技术,A009,北方工业大学,2,21873
2023,1,0S,计算机科学与技术(创新实验班),A009,北方工业大学,2,20672
2023,1,0T,信息安全,A009,北方工业大学,2,27987
2023,1,10,智能建造,A009,北方工业大学,3,39245
2023,1,12,智慧交通,A009,北方工业大学,2,29393
2023,1,13,建筑学,A009,北方工业大学,1,24909
2023,1,14,城乡规划,A009,北方工业大学,2,39017
2023,1,1N,建筑学(海外交换),A009,北方工业大学,1,65960
2023,1,0W,数据科学与大数据技术(中外合作办学),A009,北方工业大学,3,53766
2023,1,0Y,土木工程(中外合作办学),A009,北方工业大学,2,69261
2023,1,01,工科试验班(宏德书院),A010,北京化工大学,5,14573
2023,1,02,化学(基础拔尖),A010,北京化工大学,3,18196
2023,1,03,法学(卓越实验班),A010,北京化工大学,2,14167
2023,1,07,计算机类,A010,北京化工大学,15,14050
2023,1,08,理科试验班(数学、物理电子与管理),A010,北京化工大学,15,17378
2023,1,10,英语,A010,北京化工大学,2,25605
2023,1,17,化学工程与工艺(化工、大数据双学士学位),A010,北京化工大学,4,16573
2023,1,18,生物工程(生工、大数据双学士学位),A010,北京化工大学,4,17934
2023,1,19,化学(化学、生工双学士学位),A010,北京化工大学,2,19166
2023,1,20,材料科学与工程(材料、大数据双学士学位),A010,北京化工大学,2,18759
2023,1,21,工科试验班(绿色化工与生物医药),A010,北京化工大学,22,21529
2023,1,23,工科试验班(先进材料与绿色化学),A010,北京化工大学,23,22987
2023,1,25,自动化类(高端装备与智能制造),A010,北京化工大学,31,17077
2023,1,27,工商管理类(新文科经管法),A010,北京化工大学,17,24150
2023,1,13,化工与制药类(中外合作办学)(中法精英工程教育试验班),A010,北京化工大学,7,37573
2023,1,14,生物工程(中外合作办学)(中美双学位、生物过程工程),A010,北京化工大学,5,40019
2023,1,15,机械设计制造及其自动化(中外合作办学)(中美双学位、机器人方向),A010,北京化工大学,6,38485
2023,1,16,工业设计(中外合作办学)(中意设计双学位),A010,北京化工大学,2,38219
2023,1,05,会计学(智能会计),A011,北京工商大学,6,27475
2023,1,09,物流管理与工程类,A011,北京工商大学,5,45146
2023,1,0A,法学,A011,北京工商大学,5,24824
2023,1,0M,香料香精技术与工程,A011,北京工商大学,5,55782
2023,1,0N,材料类,A011,北京工商大学,5,56515
2023,1,0P,食品科学与工程类,A011,北京工商大学,6,46831
2023,1,0Q,应用化学(日化方向),A011,北京工商大学,5,53690
2023,1,0S,化妆品技术与工程,A011,北京工商大学,5,55851
2023,1,0T,酿酒工程,A011,北京工商大学,5,59601
2023,1,0U,生物工程,A011,北京工商大学,5,53776
2023,1,10,数字经济,A011,北京工商大学,5,34396
2023,1,11,经济学,A011,北京工商大学,5,32876
2023,1,0X,食品科学与工程(中外合作办学)(国际),A011,北京工商大学,5,110706
2023,1,21,服装设计与工程,A012,北京服装学院,3,66739
2023,1,22,工业设计,A012,北京服装学院,2,77986
2023,1,23,高分子材料与工程,A012,北京服装学院,6,126991
2023,1,24,轻化工程,A012,北京服装学院,5,136634
2023,1,25,传播学,A012,北京服装学院,1,72222
2023,1,26,广告学,A012,北京服装学院,2,70180
2023,1,27,国际经济与贸易,A012,北京服装学院,1,84058
2023,1,28,工商管理类,A012,北京服装学院,4,89043
2023,1,29,信息管理与信息系统,A012,北京服装学院,2,100096
2023,1,02,计算机类(元班),A013,北京邮电大学,11,2158
2023,1,05,计算机类,A013,北京邮电大学,15,2863
2023,1,06,软件工程,A013,北京邮电大学,11,3628
2023,1,08,人工智能(大类招生),A013,北京邮电大学,18,4409
2023,1,09,自动化类(智能机器人与智慧物流),A013,北京邮电大学,2,4530
2023,1,0B,工商管理类,A013,北京邮电大学,4,12434
2023,1,0E,理科试验班(信息科学),A013,北京邮电大学,3,4698
2023,1,0F,英语,A013,北京邮电大学,4,16461
2023,1,0G,法学,A013,北京邮电大学,3,8812
2023,1,0H,智能交互设计,A013,北京邮电大学,3,4667
2023,1,0K,网络与新媒体,A013,北京邮电大学,3,9338
2023,1,0L,通信工程(大类招生),A013,北京邮电大学,20,3814
2023,1,0N,电子信息类,A013,北京邮电大学,13,4096
2023,1,0Q,网络空间安全(大类招生),A013,北京邮电大学,11,4114
2023,1,11,印刷工程,A015,北京印刷学院,3,83019
2023,1,13,印刷工程(毕昇卓越班),A015,北京印刷学院,1,73378
2023,1,14,包装工程,A015,北京印刷学院,2,94564
2023,1,22,机械类,A015,北京印刷学院,3,100241
2023,1,41,计算机类,A015,北京印刷学院,9,88061
2023,1,61,编辑出版学,A015,北京印刷学院,1,38741
2023,1,62,编辑出版学(韬奋实验班),A015,北京印刷学院,1,35290
2023,1,64,数字出版,A015,北京印刷学院,1,71706
2023,1,65,传播学(国际出版实验班),A015,北京印刷学院,1,60611
2023,1,72,广告学,A015,北京印刷学院,2,75477
2023,1,73,传播学,A015,北京印刷学院,1,57234
2023,1,11,建筑学(实验班),A016,北京建筑大学,1,27103
2023,1,14,风景园林,A016,北京建筑大学,1,31385
2023,1,21,智能建造,A016,北京建筑大学,2,35784
2023,1,22,土木工程(实验班),A016,北京建筑大学,3,45274
2023,1,23,土木工程(新一代智慧建筑工程),A016,北京建筑大学,2,41876
2023,1,24,土木工程(智慧城市道桥工程),A016,北京建筑大学,1,38009
2023,1,27,交通工程(智能交通),A016,北京建筑大学,1,31811
2023,1,31,建筑环境与能源应用工程(实验班),A016,北京建筑大学,1,41621
2023,1,32,建筑环境与能源应用工程,A016,北京建筑大学,1,44954
2023,1,33,给排水科学与工程,A016,北京建筑大学,3,48755
2023,1,35,环境科学与工程类,A016,北京建筑大学,1,38227
2023,1,41,自动化(建筑智能控制与机器人),A016,北京建筑大学,1,28227
2023,1,43,电气工程及其自动化(城市电网),A016,北京建筑大学,1,23914
2023,1,45,建筑电气与智能化(智能建筑),A016,北京建筑大学,1,29506
2023,1,51,工程管理(实验班),A016,北京建筑大学,1,36050
2023,1,52,工程管理,A016,北京建筑大学,1,44877
2023,1,53,工程造价,A016,北京建筑大学,1,40668
2023,1,56,法学,A016,北京建筑大学,2,28042
2023,1,61,导航工程,A016,北京建筑大学,2,34775
2023,1,01,化学工程与工艺,A017,北京石油化工学院,5,95581
2023,1,03,生物制药,A017,北京石油化工学院,6,100219
2023,1,04,机械工程,A017,北京石油化工学院,4,91935
2023,1,06,环境工程,A017,北京石油化工学院,8,116419
2023,1,07,能源与动力工程,A017,北京石油化工学院,8,103534
2023,1,08,新能源科学与工程,A017,北京石油化工学院,5,85201
2023,1,09,机器人工程,A017,北京石油化工学院,3,74206
2023,1,10,电气工程及其自动化,A017,北京石油化工学院,3,69868
2023,1,11,计算机科学与技术,A017,北京石油化工学院,3,55040
2023,1,13,物联网工程,A017,北京石油化工学院,2,67025
2023,1,14,自动化,A017,北京石油化工学院,5,79148
2023,1,18,大数据管理与应用,A017,北京石油化工学院,2,81207
2023,1,23,高分子材料与工程,A017,北京石油化工学院,5,108228
2023,1,24,材料科学与工程,A017,北京石油化工学院,2,110929
2023,1,25,安全工程(实验室管理),A017,北京石油化工学院,6,116510
2023,1,26,药物分析,A017,北京石油化工学院,2,107580
2023,1,04,农学,A019,中国农业大学,5,6689
2023,1,08,生物科学类,A019,中国农业大学,4,4683
2023,1,13,食品科学与工程类,A019,中国农业大学,8,8906
2023,1,16,电子信息类,A019,中国农业大学,4,5667
2023,1,17,计算机类,A019,中国农业大学,3,5355
2023,1,20,数学与应用数学,A019,中国农业大学,3,7575
2023,1,21,工程力学,A019,中国农业大学,2,10814
2023,1,22,经济学类,A019,中国农业大学,4,9781
2023,1,24,法学,A019,中国农业大学,3,7182
2023,1,25,社会学类,A019,中国农业大学,3,9677
2023,1,26,英语,A019,中国农业大学,2,12546
2023,1,27,传播学,A019,中国农业大学,2,13553
2023,1,28,农村区域发展,A019,中国农业大学,2,10435
2023,1,33,水产养殖学,A019,中国农业大学,72,38016
2023,1,34,设施农业科学与工程,A019,中国农业大学,74,34229
2023,1,35,市场营销,A019,中国农业大学,109,37748
2023,1,36,公共事业管理,A019,中国农业大学,80,29742
2023,1,37,电子商务,A019,中国农业大学,90,37704
2023,1,38,葡萄与葡萄酒工程,A019,中国农业大学,60,39143
2023,1,41,理科试验班类(生命科学),A019,中国农业大学,2,3373
2023,1,42,理科试验班(信息科学),A019,中国农业大学,2,5244
2023,1,44,园艺,A019,中国农业大学,2,9722
2023,1,46,植物保护,A019,中国农业大学,3,9089
2023,1,48,环境科学与工程类,A019,中国农业大学,4,9723
2023,1,4A,动物科学,A019,中国农业大学,3,11623
2023,1,4C,动物医学类,A019,中国农业大学,4,10935
2023,1,4E,农业工程类,A019,中国农业大学,3,9177
2023,1,4G,机械类,A019,中国农业大学,4,10545
2023,1,4J,水利类,A019,中国农业大学,2,11730
2023,1,4L,化学类,A019,中国农业大学,3,9641
2023,1,4N,地理科学类,A019,中国农业大学,4,12145
2023,1,4Q,工商管理类,A019,中国农业大学,5,9506
2023,1,30,国际经济与贸易(中外合作办学),A019,中国农业大学,5,23332
2023,1,31,传播学(中外合作办学),A019,中国农业大学,4,28359
2023,1,32,农林经济管理(中外合作办学),A019,中国农业大学,6,30658
2023,1,01,生物工程,A020,北京农学院,2,89543
2023,1,02,应用化学,A020,北京农学院,2,110893
2023,1,04,农业资源与环境,A020,北京农学院,2,102536
2023,1,07,园艺,A020,北京农学院,2,68556
2023,1,10,动物医学,A020,北京农学院,2,41982
2023,1,20,食品科学与工程,A020,北京农学院,4,103770
2023,1,21,食品质量与安全,A020,北京农学院,4,98145
2023,1,22,酿酒工程,A020,北京农学院,2,92226
2023,1,26,法学,A020,北京农学院,2,54193
2023,1,27,社会工作,A020,北京农学院,2,91488
2023,1,28,农村区域发展(规划),A020,北京农学院,2,96097
2023,1,29,会展经济与管理(策划与设计),A020,北京农学院,2,99660
2023,1,38,投资学,A020,北京农学院,2,112126
2023,1,40,工商管理(品牌管理),A020,北京农学院,2,85902
2023,1,32,食品科学与工程(中外合作办学),A020,北京农学院,2,122051
2023,1,33,农业资源与环境(中外合作办学),A020,北京农学院,3,160249
2023,1,13,水土保持与荒漠化防治,A022,北京林业大学,3,29802
2023,1,14,自然地理与资源环境,A022,北京林业大学,3,21568
2023,1,15,土木工程,A022,北京林业大学,4,30079
2023,1,16,生物科学类,A022,北京林业大学,3,19093
2023,1,19,风景园林,A022,北京林业大学,9,20808
2023,1,20,园林,A022,北京林业大学,8,25917
2023,1,21,城乡规划,A022,北京林业大学,2,23554
2023,1,22,园艺(观赏园艺方向),A022,北京林业大学,3,28349
2023,1,24,国际经济与贸易,A022,北京林业大学,3,24736
2023,1,25,金融学,A022,北京林业大学,3,20401
2023,1,26,统计学,A022,北京林业大学,2,15284
2023,1,27,信息管理与信息系统(管理信息方向),A022,北京林业大学,2,18619
2023,1,31,机械设计制造及其自动化,A022,北京林业大学,5,19637
2023,1,32,车辆工程,A022,北京林业大学,5,23202
2023,1,33,自动化,A022,北京林业大学,3,16868
2023,1,34,电气工程及其自动化,A022,北京林业大学,4,15680
2023,1,38,法学,A022,北京林业大学,4,15387
2023,1,39,应用心理学,A022,北京林业大学,2,16686
2023,1,40,英语,A022,北京林业大学,3,24361
2023,1,41,商务英语,A022,北京林业大学,2,28226
2023,1,42,日语,A022,北京林业大学,3,33261
2023,1,43,信息管理与信息系统,A022,北京林业大学,2,20432
2023,1,44,计算机类,A022,北京林业大学,8,14876
2023,1,45,数学与应用数学,A022,北京林业大学,4,17441
2023,1,46,电子信息科学与技术,A022,北京林业大学,2,15062
2023,1,50,环境科学,A022,北京林业大学,2,22660
2023,1,51,环境工程,A022,北京林业大学,3,30067
2023,1,52,给排水科学与工程,A022,北京林业大学,2,28520
2023,1,53,草业科学(梁希实验班),A022,北京林业大学,3,27949
2023,1,54,草坪科学与工程,A022,北京林业大学,2,33269
2023,1,55,生物科学(拔尖班),A022,北京林业大学,2,14744
2023,1,56,林学类(梁希实验班),A022,北京林业大学,2,21898
2023,1,57,水土保持与荒漠化防治(梁希实验班),A022,北京林业大学,2,28937
2023,1,58,风景园林(梁希实验班),A022,北京林业大学,2,13174
2023,1,59,林业工程类(梁希实验班),A022,北京林业大学,2,29533
2023,1,62,林学类,A022,北京林业大学,8,26989
2023,1,64,食品科学与工程,A022,北京林业大学,5,25263
2023,1,66,工商管理类,A022,北京林业大学,10,23366
2023,1,68,林业工程类,A022,北京林业大学,10,33124
2023,1,60,木材科学与工程(中外合作办学),A022,北京林业大学,3,49840
2023,1,61,生物技术(中外合作办学),A022,北京林业大学,2,38928
2023,1,02,护理学,A023,北京协和医学院,10,24561
2023,1,01,临床医学(阶平班),A025,首都医科大学,2,848
2023,1,02,口腔医学(阶平班),A025,首都医科大学,1,910
2023,1,03,临床医学(5+3一体化),A025,首都医科大学,5,1322
2023,1,04,儿科学(5+3一体化),A025,首都医科大学,2,4067
2023,1,05,口腔医学(5+3一体化),A025,首都医科大学,1,1203
2023,1,06,临床医学,A025,首都医科大学,4,2920
2023,1,08,精神医学,A025,首都医科大学,2,8360
2023,1,10,基础医学,A025,首都医科大学,2,8857
2023,1,11,预防医学,A025,首都医科大学,3,16462
2023,1,13,临床药学,A025,首都医科大学,2,11527
2023,1,15,听力与言语康复学,A025,首都医科大学,2,30259
2023,1,16,生物医学工程,A025,首都医科大学,1,12082
2023,1,17,康复物理治疗,A025,首都医科大学,1,22177
2023,1,18,康复作业治疗,A025,首都医科大学,1,30653
2023,1,21,公共事业管理(卫生管理),A025,首都医科大学,1,45137
2023,1,23,护理学,A025,首都医科大学,2,26137
2023,1,24,助产学,A025,首都医科大学,2,31318
2023,1,01,中医学(领军人才培养计划),A026,北京中医药大学,1,1499
2023,1,02,中西医临床医学(华佗班),A026,北京中医药大学,1,1869
2023,1,03,中药学(时珍国药班),A026,北京中医药大学,1,7472
2023,1,05,中医学(卓越中医儿科班5+3一体化),A026,北京中医药大学,1,6022
2023,1,07,中医学(实验班),A026,北京中医药大学,5,7752
2023,1,08,中医骨伤科学,A026,北京中医药大学,2,13337
2023,1,17,大数据管理与应用,A026,北京中医药大学,7,24242
2023,1,19,英语(医学),A026,北京中医药大学,2,35391
2023,1,20,英语(中医药国际传播),A026,北京中医药大学,1,23075
2023,1,21,护理学,A026,北京中医药大学,7,32861
2023,1,22,中医学(卓越5+3一体化),A026,北京中医药大学,14,5896
2023,1,24,中医学,A026,北京中医药大学,8,9710
2023,1,26,针灸推拿学,A026,北京中医药大学,8,14713
2023,1,28,中药学,A026,北京中医药大学,9,20060
2023,1,2A,中药制药,A026,北京中医药大学,2,20566
2023,1,2C,药学,A026,北京中医药大学,2,12193
2023,1,2E,生物工程,A026,北京中医药大学,2,20338
2023,1,2G,康复治疗学,A026,北京中医药大学,2,20169
2023,1,2J,公共管理类,A026,北京中医药大学,5,38614
2023,1,2L,药事管理,A026,北京中医药大学,1,20304
2023,1,2N,法学(医药卫生),A026,北京中医药大学,1,15354
2023,1,01,教育学类,A027,北京师范大学,7,4942
2023,1,1G,戏剧影视文学,A027,北京师范大学,3,7824
2023,1,1N,人文科学试验班,A027,北京师范大学,28,3531
2023,1,1P,历史学类,A027,北京师范大学,3,3786
2023,1,1Q,社会科学试验班,A027,北京师范大学,28,4601
2023,1,1R,数学类,A027,北京师范大学,13,2324
2023,1,1S,物理学类,A027,北京师范大学,22,3569
2023,1,1T,理科试验班,A027,北京师范大学,33,5041
2023,1,03,中国语言文学类,A028,首都师范大学,4,15342
2023,1,10,世界史(外语双学士学位项目),A028,首都师范大学,2,19856
2023,1,19,教育学,A028,首都师范大学,4,20995
2023,1,21,数学与应用数学(教育部拔尖计划实验班),A028,首都师范大学,2,14276
2023,1,22,数学类(数理实验班),A028,首都师范大学,2,15614
2023,1,24,光电信息科学与工程,A028,首都师范大学,4,22949
2023,1,37,电子信息工程,A028,首都师范大学,4,18754
2023,1,38,计算机科学与技术,A028,首都师范大学,2,16340
2023,1,40,英语,A028,首都师范大学,5,21812
2023,1,54,信息管理与信息系统,A028,首都师范大学,2,23756
2023,1,56,劳动与社会保障,A028,首都师范大学,4,29829
2023,1,01,金融学,A030,北京外国语大学,3,10517
2023,1,02,国际经济与贸易,A030,北京外国语大学,2,9944
2023,1,04,外交学,A030,北京外国语大学,3,8816
2023,1,05,国际组织与全球治理,A030,北京外国语大学,1,8500
2023,1,06,汉语言文学,A030,北京外国语大学,2,7158
2023,1,08,英语,A030,北京外国语大学,3,7327
2023,1,09,英语(中国政法大学联合培养涉外法治人才),A030,北京外国语大学,3,4970
2023,1,11,英语(中央财经大学金融学专业联合培养),A030,北京外国语大学,2,4298
2023,1,12,英语(国别与区域研究),A030,北京外国语大学,2,6626
2023,1,18,西班牙语(中国人民大学国际新闻传播专业联合培养),A030,北京外国语大学,1,1919
2023,1,39,翻译(外交外事高级翻译),A030,北京外国语大学,1,2452
2023,1,43,传播学,A030,北京外国语大学,2,17071
2023,1,48,俄语,A030,北京外国语大学,3,32940
2023,1,4A,德语,A030,北京外国语大学,2,7898
2023,1,4C,法语,A030,北京外国语大学,2,5295
2023,1,4E,西班牙语,A030,北京外国语大学,2,7721
2023,1,4G,日语,A030,北京外国语大学,3,18182
2023,1,4J,工商管理类,A030,北京外国语大学,1,10928
2023,1,01,英语(人文交流),A031,北京第二外国语学院,2,28716
2023,1,05,日语(人文交流),A031,北京第二外国语学院,2,54147
2023,1,08,朝鲜语(人文交流),A031,北京第二外国语学院,2,192666
2023,1,0D,德语(人文交流),A031,北京第二外国语学院,1,38263
2023,1,0E,德语(经贸合作),A031,北京第二外国语学院,2,36321
2023,1,0F,法语(人文交流),A031,北京第二外国语学院,2,38122
2023,1,0H,西班牙语,A031,北京第二外国语学院,1,32780
2023,1,0K,葡萄牙语(经贸合作),A031,北京第二外国语学院,1,42471
2023,1,0N,塞尔维亚语,A031,北京第二外国语学院,1,38866
2023,1,0Q,阿拉伯语,A031,北京第二外国语学院,2,40597
2023,1,0S,波斯语,A031,北京第二外国语学院,1,70265
2023,1,0U,翻译(中英法复语),A031,北京第二外国语学院,1,34581
2023,1,0V,翻译(中英俄复语),A031,北京第二外国语学院,1,32008
2023,1,0Z,旅游管理(数字文旅),A031,北京第二外国语学院,1,41431
2023,1,11,旅游管理(旅游规划与开发),A031,北京第二外国语学院,1,45210
2023,1,13,酒店管理,A031,北京第二外国语学院,2,112835
2023,1,17,市场营销(一带一路营销管理),A031,北京第二外国语学院,1,41444
2023,1,1A,财务管理(AI财务),A031,北京第二外国语学院,1,26538
2023,1,1B,国际经济与贸易(国际服务贸易),A031,北京第二外国语学院,1,35401
2023,1,1D,金融学(资本市场与投融资),A031,北京第二外国语学院,1,38269
2023,1,1F,贸易经济(国际文化贸易),A031,北京第二外国语学院,1,40454
2023,1,1P,汉语言文学(多语复合),A031,北京第二外国语学院,2,24217
2023,1,1R,新闻学(融媒体国际新闻),A031,北京第二外国语学院,2,37430
2023,1,01,经济学(经济金融统计与分析),A032,北京语言大学,2,30550
2023,1,02,金融学,A032,北京语言大学,3,31083
2023,1,03,国际经济与贸易,A032,北京语言大学,2,35451
2023,1,04,国际政治,A032,北京语言大学,1,25650
2023,1,05,国际事务与国际关系,A032,北京语言大学,2,30263
2023,1,07,汉语言文学,A032,北京语言大学,3,18615
2023,1,08,汉语国际教育,A032,北京语言大学,3,25445
2023,1,10,外国语言文学类,A032,北京语言大学,5,28390
2023,1,20,语言学,A032,北京语言大学,2,28396
2023,1,25,翻译(本地化),A032,北京语言大学,1,42370
2023,1,26,翻译(英语),A032,北京语言大学,1,22377
2023,1,27,翻译(汉英法),A032,北京语言大学,2,26257
2023,1,28,新闻学(国际新闻传播),A032,北京语言大学,1,17596
2023,1,29,网络与新媒体,A032,北京语言大学,2,23645
2023,1,30,心理学,A032,北京语言大学,1,22325
2023,1,32,会计学,A032,北京语言大学,2,23380
2023,1,34,人力资源管理,A032,北京语言大学,1,27651
2023,1,35,古典文献学,A032,北京语言大学,1,19821
2023,1,37,计算机类,A032,北京语言大学,8,26774
2023,1,28,数字媒体技术(游戏设计技术方向),A033,中国传媒大学,3,7761
2023,1,30,广告学,A033,中国传媒大学,3,10741
2023,1,31,广告学(计算广告双学士学位复合型人才培养项目),A033,中国传媒大学,3,12309
2023,1,32,网络与新媒体(智能融媒体运营方向),A033,中国传媒大学,3,8216
2023,1,33,国际新闻与传播,A033,中国传媒大学,3,7117
2023,1,37,数字出版,A033,中国传媒大学,2,17790
2023,1,39,新闻学(数据新闻方向),A033,中国传媒大学,3,7720
2023,1,40,传播学,A033,中国传媒大学,2,11358
2023,1,41,传播学(舆情分析方向),A033,中国传媒大学,3,9398
2023,1,42,传播学(计算传播方向),A033,中国传媒大学,3,12703
2023,1,44,翻译,A033,中国传媒大学,2,13924
2023,1,46,汉语言,A033,中国传媒大学,3,11072
2023,1,48,通信工程,A033,中国传媒大学,3,11975
2023,1,49,广播电视工程(智能视听技术方向),A033,中国传媒大学,4,15554
2023,1,50,电子信息工程,A033,中国传媒大学,3,12393
2023,1,51,智能装备与系统(演艺工程与智能技术方向),A033,中国传媒大学,2,16438
2023,1,52,数字媒体技术,A033,中国传媒大学,2,8971
2023,1,53,物联网工程,A033,中国传媒大学,3,13732
2023,1,55,智能科学与技术,A033,中国传媒大学,2,11640
2023,1,56,数据科学与大数据技术,A033,中国传媒大学,3,13075
2023,1,57,计算机科学与技术,A033,中国传媒大学,2,10805
2023,1,58,网络空间安全,A033,中国传媒大学,4,13507
2023,1,59,文化产业管理,A033,中国传媒大学,3,17803
2023,1,60,艺术管理,A033,中国传媒大学,2,21167
2023,1,62,大数据管理与应用,A033,中国传媒大学,2,13136
2023,1,66,数字经济,A033,中国传媒大学,3,14186
2023,1,68,政治学与行政学(国家治理与政治传播方向),A033,中国传媒大学,2,15480
2023,1,H2,智能科学与技术(中外合作办学),A033,中国传媒大学,6,41924
2023,1,H3,传播学(中外合作办学),A033,中国传媒大学,6,24689
2023,1,H4,广告学(中外合作办学),A033,中国传媒大学,4,27024
2023,1,02,财政学类,A034,中央财经大学,7,4752
2023,1,04,金融学类,A034,中央财经大学,7,1978
2023,1,06,工商管理类(会计学院),A034,中央财经大学,7,3425
2023,1,07,保险学,A034,中央财经大学,3,7474
2023,1,08,精算学,A034,中央财经大学,4,3914
2023,1,10,统计学类,A034,中央财经大学,4,3681
2023,1,11,数学类,A034,中央财经大学,4,5588
2023,1,14,经济学类,A034,中央财经大学,4,3121
2023,1,16,管理科学与工程类,A034,中央财经大学,4,7664
2023,1,17,大数据管理与应用(许国志大数据英才班),A034,中央财经大学,5,4138
2023,1,18,投资学,A034,中央财经大学,6,5697
2023,1,19,公共管理类,A034,中央财经大学,4,12452
2023,1,26,新闻传播学类,A034,中央财经大学,2,11299
2023,1,32,计算机类,A034,中央财经大学,4,4882
2023,1,33,经济学(数理经济与数理金融),A034,中央财经大学,3,2759
2023,1,34,金融学(国际金融与公司理财),A034,中央财经大学,3,3215
2023,1,35,财政学(财政理论与政策),A034,中央财经大学,3,3943
2023,1,36,工商管理类(商学院),A034,中央财经大学,4,6889
2023,1,38,法学(卓越法治人才教育培养计划),A034,中央财经大学,3,5102
2023,1,13,国际经济与贸易(中外合作办学)(国际贸易、金融风险管理),A034,中央财经大学,8,11957
2023,1,01,金融学类,A036,对外经济贸易大学,17,6119
2023,1,04,国际经济与贸易(国际组织人才基地班、与法学双学士学位项目),A036,对外经济贸易大学,3,4751
2023,1,06,数字经济,A036,对外经济贸易大学,2,7051
2023,1,09,金融工程(量化金融实验班),A036,对外经济贸易大学,4,4206
2023,1,10,金融科技,A036,对外经济贸易大学,2,7135
2023,1,11,工商管理类,A036,对外经济贸易大学,12,6874
2023,1,12,法学类,A036,对外经济贸易大学,8,4627
2023,1,24,数据科学与大数据技术,A036,对外经济贸易大学,4,5822
2023,1,27,精算学,A036,对外经济贸易大学,4,6931
2023,1,33,金融数学,A036,对外经济贸易大学,3,5882
2023,1,34,经济统计学,A036,对外经济贸易大学,3,5265
2023,1,35,经济学类,A036,对外经济贸易大学,6,5563
2023,1,01,经济学(实验班),A037,北京物资学院,1,55271
2023,1,02,经济学,A037,北京物资学院,1,61561
2023,1,04,金融学(期货与证券实验班),A037,北京物资学院,4,62898
2023,1,05,金融学,A037,北京物资学院,3,63130
2023,1,06,金融科技,A037,北京物资学院,2,69232
2023,1,07,物流管理,A037,北京物资学院,3,98489
2023,1,08,物流工程,A037,北京物资学院,1,130395
2023,1,09,采购管理,A037,北京物资学院,1,66026
2023,1,12,计算机科学与技术(实验班),A037,北京物资学院,2,45875
2023,1,17,人工智能,A037,北京物资学院,1,59878
2023,1,21,电子商务,A037,北京物资学院,1,61237
2023,1,23,商务英语(实验班),A037,北京物资学院,2,81493
2023,1,24,会计学(注册会计师),A037,北京物资学院,2,46423
2023,1,25,会计学(智能会计),A037,北京物资学院,1,51260
2023,1,26,财务管理,A037,北京物资学院,1,49617
2023,1,27,数据科学与大数据技术,A037,北京物资学院,1,49695
2023,1,28,应用统计学,A037,北京物资学院,1,55415
2023,1,29,物流工程(京东科技实验班),A037,北京物资学院,1,66207
2023,1,30,大数据管理与应用(中外合作办学),A037,北京物资学院,7,130675
2023,1,01,公共管理类,A038,首都经济贸易大学,3,34027
2023,1,12,计算机科学与技术,A038,首都经济贸易大学,3,21910
2023,1,14,安全工程(注安师),A038,首都经济贸易大学,2,46632
2023,1,15,工业工程,A038,首都经济贸易大学,2,38951
2023,1,19,金融学(国际金融英文班),A038,首都经济贸易大学,3,22207
2023,1,28,工商管理(国际会计),A038,首都经济贸易大学,2,24851
2023,1,30,工商管理(实验班),A038,首都经济贸易大学,3,28794
2023,1,53,会计学(数智化国际会计),A038,首都经济贸易大学,3,19646
2023,1,32,统计学(中外合作办学),A038,首都经济贸易大学,5,52588
2023,1,00,法学,A041,中国人民公安大学,4,9180
2023,1,09,经济学,A043,北京体育大学,2,27543
2023,1,10,马克思主义理论,A043,北京体育大学,1,22492
2023,1,11,教育学,A043,北京体育大学,1,22072
2023,1,12,运动人体科学,A043,北京体育大学,2,24023
2023,1,13,运动康复,A043,北京体育大学,1,21917
2023,1,14,智能体育工程,A043,北京体育大学,1,24822
2023,1,15,汉语国际教育,A043,北京体育大学,1,22453
2023,1,16,英语,A043,北京体育大学,2,34330
2023,1,27,新闻学,A043,北京体育大学,3,27619
2023,1,29,网络与新媒体,A043,北京体育大学,2,25680
2023,1,30,应用心理学,A043,北京体育大学,2,26708
2023,1,31,数据科学与大数据技术,A043,北京体育大学,3,23243
2023,1,33,体育经济与管理,A043,北京体育大学,3,31981
2023,1,35,公共事业管理,A043,北京体育大学,1,30039
2023,1,36,旅游管理,A043,北京体育大学,2,74529
2023,1,48,汉语言文学,A043,北京体育大学,2,21108
2023,1,49,康复物理治疗,A043,北京体育大学,3,30579
2023,1,53,俄语(国际体育组织人才实验班),A043,北京体育大学,1,34502
2023,1,54,德语(国际体育组织人才实验班),A043,北京体育大学,1,34402
2023,1,H1,休闲体育(中外合作办学),A043,北京体育大学,4,107963
2023,1,H2,旅游管理(中外合作办学),A043,北京体育大学,4,134882
2023,1,04,艺术史论,A047,中央美术学院,3,25519
2023,1,12,戏剧影视文学(戏剧创作),A048,中央戏剧学院,3,20654
2023,1,13,戏剧影视文学(电视剧创作),A048,中央戏剧学院,3,32186
2023,1,14,戏剧学(戏剧史论与批评),A048,中央戏剧学院,3,43085
2023,1,20,戏剧教育(师范类),A048,中央戏剧学院,4,44448
2023,1,21,艺术管理(演出制作),A048,中央戏剧学院,3,57981
2023,1,25,艺术管理(影视制片),A048,中央戏剧学院,3,30596
2023,1,0M,戏剧影视文学(戏曲文学),A049,中国戏曲学院,2,56061
2023,1,0N,艺术管理(国际文化交流),A049,中国戏曲学院,3,75762
2023,1,0P,文化产业管理,A049,中国戏曲学院,1,81389
2023,1,30,数字媒体技术,A050,北京电影学院,2,15370
2023,1,21,哲学类,A052,中央民族大学,2,15399
2023,1,22,经济学类,A052,中央民族大学,20,15863
2023,1,23,法学类,A052,中央民族大学,14,11894
2023,1,25,社会学类,A052,中央民族大学,4,14917
2023,1,26,民族学,A052,中央民族大学,2,14001
2023,1,27,历史学类,A052,中央民族大学,2,11082
2023,1,29,历史学,A052,中央民族大学,3,12757
2023,1,30,教育学,A052,中央民族大学,4,16730
2023,1,32,汉语言文学,A052,中央民族大学,4,9686
2023,1,33,汉语国际教育,A052,中央民族大学,3,14928
2023,1,34,新闻传播学类,A052,中央民族大学,8,16400
2023,1,35,工商管理类,A052,中央民族大学,14,16801
2023,1,36,公共管理类,A052,中央民族大学,5,18338
2023,1,37,外国语言文学类,A052,中央民族大学,5,19507
2023,1,39,日语,A052,中央民族大学,3,21707
2023,1,51,信息与计算科学,A052,中央民族大学,7,15191
2023,1,52,统计学类,A052,中央民族大学,7,15903
2023,1,53,纳米材料与技术,A052,中央民族大学,7,20277
2023,1,54,光电信息科学与工程,A052,中央民族大学,7,14561
2023,1,55,电子信息类,A052,中央民族大学,11,13029
2023,1,56,计算机类,A052,中央民族大学,17,12285
2023,1,58,生物科学类,A052,中央民族大学,11,16787
2023,1,59,环境科学与工程类,A052,中央民族大学,11,20820
2023,1,60,环境科学(中外合作办学),A052,中央民族大学,5,45862
2023,1,81,数据科学与大数据技术(中外合作办学),A052,中央民族大学,5,34086
2023,1,01,哲学(拔尖创新人才培养实验班),A053,中国政法大学,3,10046
2023,1,02,法学,A053,中国政法大学,25,2996
2023,1,03,法学(法学人才培养模式改革实验班),A053,中国政法大学,14,1972
2023,1,04,法学(涉外法治人才培养实验班),A053,中国政法大学,7,2251
2023,1,09,社会工作,A053,中国政法大学,1,9190
2023,1,11,汉语言文学,A053,中国政法大学,2,8276
2023,1,12,英语(法律英语实验班),A053,中国政法大学,4,10007
2023,1,13,翻译(法律翻译实验班),A053,中国政法大学,2,9413
2023,1,14,德语(法律德语实验班),A053,中国政法大学,3,11500
2023,1,16,网络与新媒体,A053,中国政法大学,1,7325
2023,1,17,应用心理学,A053,中国政法大学,1,8218
2023,1,18,工商管理,A053,中国政法大学,4,10968
2023,1,19,国际商务,A053,中国政法大学,3,12733
2023,1,20,行政管理,A053,中国政法大学,3,10864
2023,1,21,公共事业管理,A053,中国政法大学,1,11089
2023,1,23,国际政治,A053,中国政法大学,2,8047
2023,1,24,政治学与行政学,A053,中国政法大学,3,5718
2023,1,25,经济学,A053,中国政法大学,1,7012
2023,1,26,金融工程(成思危现代金融菁英班),A053,中国政法大学,4,7619
2023,1,27,信息管理与信息系统(法治信息管理实验班),A053,中国政法大学,2,9863
2023,1,28,法学(北京外国语大学联合培养涉外法治人才),A053,中国政法大学,4,1340
2023,1,01,电气类,A054,华北电力大学(北京),18,6219
2023,1,04,储能科学与工程,A054,华北电力大学(北京),3,11974
2023,1,05,氢能科学与工程,A054,华北电力大学(北京),1,9557
2023,1,06,机械工程,A054,华北电力大学(北京),1,11137
2023,1,07,材料科学与工程,A054,华北电力大学(北京),2,13968
2023,1,08,建筑环境与能源应用工程,A054,华北电力大学(北京),1,20414
2023,1,0A,测控技术与仪器,A054,华北电力大学(北京),2,12783
2023,1,0B,计算机类(计算机),A054,华北电力大学(北京),8,10984
2023,1,0C,计算机类(智能),A054,华北电力大学(北京),3,11013
2023,1,0F,供应链管理,A054,华北电力大学(北京),1,16265
2023,1,0G,能源动力类(新能源),A054,华北电力大学(北京),5,12016
2023,1,0H,水利类,A054,华北电力大学(北京),3,18510
2023,1,0K,数学类,A054,华北电力大学(北京),4,13658
2023,1,0L,应用物理学,A054,华北电力大学(北京),1,14775
2023,1,0M,环境科学与工程类,A054,华北电力大学(北京),3,21874
2023,1,0N,工商管理类,A054,华北电力大学(北京),6,21025
2023,1,0P,法学,A054,华北电力大学(北京),3,15408
2023,1,0Q,公共管理类,A054,华北电力大学(北京),3,22942
2023,1,0R,网络与新媒体,A054,华北电力大学(北京),2,15611
2023,1,0S,外国语言文学类,A054,华北电力大学(北京),1,21670
2023,1,0T,碳储科学与工程,A054,华北电力大学(北京),1,12509
2023,1,0U,电子信息类,A054,华北电力大学(北京),5,9834
2023,1,0W,能源与动力工程,A054,华北电力大学(北京),8,13155
2023,1,0Y,自动化类,A054,华北电力大学(北京),5,11378
2023,1,10,管理科学与工程类,A054,华北电力大学(北京),5,19824
2023,1,12,核工程类,A054,华北电力大学(北京),6,15987
2023,1,3T,经济学类,A055,南开大学,11,2970
2023,1,3V,金融学类,A055,南开大学,8,1845
2023,1,3X,临床医学(5+3一体化),A055,南开大学,8,2315
2023,1,3Z,中国语言文学类,A055,南开大学,5,3894
2023,1,41,工商管理类,A055,南开大学,15,4701
2023,1,43,理科试验班(数学与大数据),A055,南开大学,10,1569
2023,1,45,理科试验班类(物质科学与可持续发展),A055,南开大学,20,3335
2023,1,48,工科试验班(信息科学与技术),A055,南开大学,39,2753
2023,1,4A,理科试验班(物理与光电信息技术工程),A055,南开大学,21,2701
2023,1,3N,电子商务(中外合作办学),A055,南开大学,5,13840
2023,1,03,建筑类,A056,天津大学,8,4580
2023,1,05,经济管理试验班,A056,天津大学,31,8720
2023,1,07,工科试验班(高新舰船与海洋装备智能设计与管理),A056,天津大学,15,6142
2023,1,09,工科试验班(精仪与光电信息类),A056,天津大学,39,4174
2023,1,11,工科试验班(电气信息类),A056,天津大学,30,3602
2023,1,12,工科试验班(智能与计算类),A056,天津大学,22,3202
2023,1,15,理科试验班(生态与环境类),A056,天津大学,28,8695
2023,1,16,医学试验班(新医科),A056,天津大学,20,6216
2023,1,55,工科试验班(智能制造与建造),A056,天津大学,33,5954
2023,1,57,化工与制药类(化工能源与生命医药试验班),A056,天津大学,20,5500
2023,1,01,智能制造工程,A057,天津科技大学,2,35553
2023,1,02,工业设计,A057,天津科技大学,3,49002
2023,1,04,自动化,A057,天津科技大学,4,33944
2023,1,05,机器人工程,A057,天津科技大学,3,34886
2023,1,06,通信工程,A057,天津科技大学,4,34635
2023,1,07,电气工程及其自动化,A057,天津科技大学,3,32053
2023,1,09,人工智能,A057,天津科技大学,2,29345
2023,1,10,计算机科学与技术,A057,天津科技大学,5,28591
2023,1,11,软件工程,A057,天津科技大学,4,30838
2023,1,13,数据科学与大数据技术,A057,天津科技大学,3,32692
2023,1,15,数字媒体技术,A057,天津科技大学,4,37010
2023,1,19,高分子材料与工程,A057,天津科技大学,4,47537
2023,1,20,材料化学,A057,天津科技大学,3,59417
2023,1,22,化学工程与工艺,A057,天津科技大学,5,51960
2023,1,23,轻化工程,A057,天津科技大学,4,53787
2023,1,24,包装工程,A057,天津科技大学,3,79626
2023,1,26,食品科学与工程,A057,天津科技大学,3,48439
2023,1,27,食品质量与安全,A057,天津科技大学,4,59096
2023,1,28,食品营养与健康,A057,天津科技大学,3,55520
2023,1,29,生物工程,A057,天津科技大学,3,42241
2023,1,30,制药工程,A057,天津科技大学,4,47723
2023,1,31,工业工程,A057,天津科技大学,4,58984
2023,1,32,物流管理,A057,天津科技大学,4,64254
2023,1,34,国际经济与贸易,A057,天津科技大学,3,56805
2023,1,36,财务管理,A057,天津科技大学,3,46372
2023,1,38,公共事业管理,A057,天津科技大学,4,75733
2023,1,39,法学类,A057,天津科技大学,4,38512
2023,1,40,汉语国际教育,A057,天津科技大学,5,55636
2023,1,41,英语,A057,天津科技大学,4,58246
2023,1,42,日语,A057,天津科技大学,5,112154
2023,1,43,翻译,A057,天津科技大学,5,84802
2023,1,45,过程装备与控制工程,A057,天津科技大学,3,54521
2023,1,46,机械设计制造及其自动化,A057,天津科技大学,4,40712
2023,1,47,车辆工程,A057,天津科技大学,4,43660
2023,1,48,微电子科学与工程,A057,天津科技大学,4,35841
2023,1,49,金融工程,A057,天津科技大学,3,52024
2023,1,50,投资学,A057,天津科技大学,3,59567
2023,1,51,海洋科学,A057,天津科技大学,3,56757
2023,1,52,海洋技术,A057,天津科技大学,2,56796
2023,1,53,环境工程,A057,天津科技大学,2,60792
2023,1,54,环境科学,A057,天津科技大学,2,56397
2023,1,W1,生物工程(中外合作办学)(酿造与蒸馏),A057,天津科技大学,4,98602
2023,1,W2,财务管理(中外合作办学),A057,天津科技大学,6,70804
2023,1,W3,计算机科学与技术(中外合作办学)(信息处理),A057,天津科技大学,6,61333
2023,1,01,纺织工程,A058,天津工业大学,6,46946
2023,1,02,非织造材料与工程,A058,天津工业大学,3,45445
2023,1,03,轻化工程,A058,天津工业大学,4,38480
2023,1,04,服装设计与工程,A058,天津工业大学,2,52034
2023,1,05,材料科学与工程,A058,天津工业大学,4,33694
2023,1,06,复合材料与工程,A058,天津工业大学,4,38640
2023,1,07,无机非金属材料工程,A058,天津工业大学,3,37384
2023,1,08,高分子材料与工程,A058,天津工业大学,4,33008
2023,1,09,化学工程与工艺,A058,天津工业大学,6,33113
2023,1,10,应用化学,A058,天津工业大学,2,30801
2023,1,11,制药工程,A058,天津工业大学,3,30877
2023,1,12,环境工程,A058,天津工业大学,4,37284
2023,1,14,机械工程,A058,天津工业大学,6,29008
2023,1,15,工业设计,A058,天津工业大学,2,29837
2023,1,16,机械电子工程,A058,天津工业大学,6,26362
2023,1,17,智能制造工程,A058,天津工业大学,4,27365
2023,1,18,飞行器制造工程,A058,天津工业大学,6,29105
2023,1,19,电气工程及其自动化,A058,天津工业大学,6,23229
2023,1,21,电子信息工程,A058,天津工业大学,6,23006
2023,1,22,通信工程,A058,天津工业大学,6,23971
2023,1,24,电子科学与技术,A058,天津工业大学,4,24582
2023,1,25,自动化,A058,天津工业大学,6,24356
2023,1,26,计算机科学与技术,A058,天津工业大学,4,20998
2023,1,27,物联网工程,A058,天津工业大学,2,22160
2023,1,28,网络空间安全,A058,天津工业大学,6,23985
2023,1,29,软件工程,A058,天津工业大学,15,23078
2023,1,30,人工智能,A058,天津工业大学,3,22413
2023,1,31,生物医学工程,A058,天津工业大学,2,29083
2023,1,32,智能医学工程,A058,天津工业大学,3,29343
2023,1,33,数学类,A058,天津工业大学,10,26110
2023,1,34,数据科学与大数据技术,A058,天津工业大学,4,21989
2023,1,35,光电信息科学与工程,A058,天津工业大学,6,26866
2023,1,36,应用物理学,A058,天津工业大学,4,28644
2023,1,37,化学生物学,A058,天津工业大学,3,33343
2023,1,38,网络与新媒体,A058,天津工业大学,4,31074
2023,1,39,英语,A058,天津工业大学,4,44554
2023,1,41,金融学,A058,天津工业大学,3,32706
2023,1,42,国际经济与贸易,A058,天津工业大学,2,38473
2023,1,43,工商管理,A058,天津工业大学,2,35266
2023,1,44,会计学,A058,天津工业大学,3,24958
2023,1,45,工业工程,A058,天津工业大学,2,35233
2023,1,46,信息管理与信息系统,A058,天津工业大学,2,31297
2023,1,48,法学,A058,天津工业大学,2,22327
2023,1,20,电气工程及其自动化(中外合作办学),A058,天津工业大学,10,39688
2023,1,23,通信工程(中外合作办学),A058,天津工业大学,12,42406
2023,1,47,信息管理与信息系统(中外合作办学),A058,天津工业大学,12,51535
2023,1,01,工科试验班(中欧航空工程师),A059,中国民航大学,11,25988
2023,1,03,英语(民航外语),A059,中国民航大学,4,40186
2023,1,04,信息与计算科学,A059,中国民航大学,5,38891
2023,1,05,应用气象学(航空气象),A059,中国民航大学,7,35452
2023,1,07,统计学(民航大数据),A059,中国民航大学,4,35745
2023,1,0A,工科试验班(航空航天),A059,中国民航大学,55,45777
2023,1,0G,信息安全,A059,中国民航大学,8,34675
2023,1,0K,交通工程,A059,中国民航大学,5,39293
2023,1,0M,交通管理(飞行运行管理),A059,中国民航大学,12,49013
2023,1,0P,无人驾驶航空器系统工程,A059,中国民航大学,8,38064
2023,1,0R,工商管理类(航空运输管理),A059,中国民航大学,11,50162
2023,1,10,飞行器适航技术,A059,中国民航大学,3,39757
2023,1,12,工科试验班(民航安全与应急类),A059,中国民航大学,10,46802
2023,1,1Q,工科试验班(智能与计算机),A059,中国民航大学,18,34185
2023,1,1R,工科试验班(电子信息与电气自动化),A059,中国民航大学,47,43641
2023,1,20,工科试验班(智慧空中交通管制),A059,中国民航大学,11,37405
2023,1,21,航空安防管理,A059,中国民航大学,4,52167
2023,1,A0,计算机科学与技术,A060,天津理工大学,2,20746
2023,1,A1,信息安全,A060,天津理工大学,2,22074
2023,1,A2,物联网工程,A060,天津理工大学,5,26565
2023,1,A3,数据科学与大数据技术,A060,天津理工大学,4,24526
2023,1,B1,电气工程及其自动化,A060,天津理工大学,5,25035
2023,1,B2,人工智能,A060,天津理工大学,4,27266
2023,1,B3,自动化,A060,天津理工大学,5,28356
2023,1,C0,材料成型及控制工程,A060,天津理工大学,3,48848
2023,1,C3,功能材料,A060,天津理工大学,2,53000
2023,1,C4,新能源材料与器件,A060,天津理工大学,2,43668
2023,1,D3,大数据管理与应用,A060,天津理工大学,3,30069
2023,1,F2,制药工程,A060,天津理工大学,5,42091
2023,1,G1,机械电子工程,A060,天津理工大学,6,36022
2023,1,G3,智能制造工程,A060,天津理工大学,4,33032
2023,1,G4,能源与动力工程,A060,天津理工大学,2,32166
2023,1,K0,汉语言文学,A060,天津理工大学,6,40468
2023,1,K1,英语,A060,天津理工大学,4,51714
2023,1,K2,日语,A060,天津理工大学,6,293404
2023,1,M0,社会学,A060,天津理工大学,5,59962
2023,1,M1,社会工作,A060,天津理工大学,5,86295
2023,1,T0,电子信息工程,A060,天津理工大学,7,29226
2023,1,T2,通信工程,A060,天津理工大学,7,30157
2023,1,T5,集成电路设计与集成系统,A060,天津理工大学,7,31937
2023,1,U0,土木、水利与海洋工程,A060,天津理工大学,2,89253
2023,1,A4,计算机科学与技术(中外合作办学),A060,天津理工大学,15,52687
2023,1,D9,工商管理(中外合作办学),A060,天津理工大学,6,92919
2023,1,DA,工业工程(中外合作办学),A060,天津理工大学,4,87152
2023,1,A5,菌物科学与工程,A061,天津农学院,2,156697
2023,1,B3,植物保护,A061,天津农学院,2,145109
2023,1,B4,设施农业科学与工程,A061,天津农学院,2,149190
2023,1,B5,林学,A061,天津农学院,1,148262
2023,1,C1,动物科学,A061,天津农学院,1,133332
2023,1,C3,动物医学(小动医方向),A061,天津农学院,2,99372
2023,1,C4,动物药学,A061,天津农学院,2,138390
2023,1,D1,水产养殖学,A061,天津农学院,3,157926
2023,1,D2,海洋渔业科学与技术,A061,天津农学院,5,164972
2023,1,E3,会计学,A061,天津农学院,1,77599
2023,1,E5,公共事业管理,A061,天津农学院,2,125238
2023,1,F1,食品科学与工程,A061,天津农学院,2,142947
2023,1,F2,食品质量与安全,A061,天津农学院,1,103948
2023,1,G1,测控技术与仪器,A061,天津农学院,1,140368
2023,1,H2,软件工程,A061,天津农学院,2,106911
2023,1,J1,水利水电工程,A061,天津农学院,1,136446
2023,1,J3,工程管理,A061,天津农学院,1,147314
2023,1,K2,功能材料,A061,天津农学院,1,156102
2023,1,K3,生物制药,A061,天津农学院,1,93021
2023,1,N3,文化产业管理,A061,天津农学院,1,134018
2023,1,N5,酒店管理,A061,天津农学院,3,172656
2023,1,2A,临床医学(5+3一体化),A062,天津医科大学,5,4056
2023,1,2B,临床医学(5+3一体化，儿科学),A062,天津医科大学,1,5923
2023,1,2C,口腔医学(5+3一体化),A062,天津医科大学,3,4363
2023,1,2D,临床医学,A062,天津医科大学,3,5381
2023,1,2E,基础医学(朱宪彝班),A062,天津医科大学,1,7191
2023,1,2F,麻醉学,A062,天津医科大学,1,6171
2023,1,2G,医学影像学,A062,天津医科大学,2,5820
2023,1,2H,眼视光医学,A062,天津医科大学,1,5363
2023,1,2J,预防医学,A062,天津医科大学,2,13396
2023,1,2K,智能医学工程,A062,天津医科大学,1,13936
2023,1,2L,医学技术类,A062,天津医科大学,6,20011
2023,1,2M,药学类,A062,天津医科大学,3,16732
2023,1,2N,生物医学工程,A062,天津医科大学,1,13726
2023,1,2R,护理学,A062,天津医科大学,4,29864
2023,1,2T,临床医学(5+3一体化，朱宪彝班),A062,天津医科大学,2,2474
2023,1,04,中国语言文学类,A063,天津中医药大学,2,34420
2023,1,11,中医学(拔尖创新人才培养模式改革9年制),A063,天津中医药大学,2,6035
2023,1,12,中医学(5+3一体化),A063,天津中医药大学,4,9593
2023,1,13,中医学(5+3一体化，中医儿科学),A063,天津中医药大学,2,11927
2023,1,14,中医学类,A063,天津中医药大学,8,19303
2023,1,15,中西医临床医学,A063,天津中医药大学,3,20650
2023,1,16,医学技术类,A063,天津中医药大学,3,29493
2023,1,17,医学信息工程,A063,天津中医药大学,3,38199
2023,1,18,食品卫生与营养学,A063,天津中医药大学,4,45753
2023,1,19,康复治疗学,A063,天津中医药大学,2,34919
2023,1,21,临床药学,A063,天津中医药大学,3,24954
2023,1,23,药学类,A063,天津中医药大学,6,34237
2023,1,24,中药学类,A063,天津中医药大学,7,33505
2023,1,25,制药工程,A063,天津中医药大学,4,34780
2023,1,26,应用心理学,A063,天津中医药大学,1,32569
2023,1,27,工商管理类,A063,天津中医药大学,2,45010
2023,1,28,公共管理类,A063,天津中医药大学,3,49676
2023,1,29,传播学,A063,天津中医药大学,5,49508
2023,1,31,临床医学,A063,天津中医药大学,5,19152
2023,1,32,中药学(拔尖学生培养基地班),A063,天津中医药大学,2,20630
2023,1,33,应用统计学,A063,天津中医药大学,4,40647
2023,1,34,预防医学,A063,天津中医药大学,2,35220
2023,1,38,临床药学(中外合作办学),A063,天津中医药大学,6,68500
2023,1,01,汉语言文学(师范类),A065,天津师范大学,11,24746
2023,1,05,广告学,A065,天津师范大学,2,37130
2023,1,08,历史学(师范类),A065,天津师范大学,1,21612
2023,1,12,应用心理学(师范类),A065,天津师范大学,2,33801
2023,1,14,教育技术学(师范类),A065,天津师范大学,1,43405
2023,1,15,学前教育(师范类),A065,天津师范大学,4,52525
2023,1,17,教育学类(师范类),A065,天津师范大学,18,44296
2023,1,20,政治学与行政学,A065,天津师范大学,2,29231
2023,1,25,法学,A065,天津师范大学,2,22261
2023,1,27,英语(师范类),A065,天津师范大学,5,29821
2023,1,28,俄语,A065,天津师范大学,2,73121
2023,1,30,朝鲜语,A065,天津师范大学,1,93512
2023,1,33,计算机科学与技术(师范类),A065,天津师范大学,4,28116
2023,1,36,数据科学与大数据技术,A065,天津师范大学,2,32019
2023,1,37,软件工程,A065,天津师范大学,20,44275
2023,1,39,数学与应用数学(师范类),A065,天津师范大学,1,25728
2023,1,41,数据计算及应用,A065,天津师范大学,2,35727
2023,1,48,化学(师范类),A065,天津师范大学,6,28616
2023,1,51,生物科学(师范类),A065,天津师范大学,8,30700
2023,1,54,物理学(师范类),A065,天津师范大学,6,31618
2023,1,56,电子信息科学与技术,A065,天津师范大学,2,32104
2023,1,61,人工智能(师范类),A065,天津师范大学,2,36970
2023,1,62,工商管理,A065,天津师范大学,3,46362
2023,1,64,物流管理,A065,天津师范大学,3,56106
2023,1,67,市场营销,A065,天津师范大学,2,96982
2023,1,68,大数据管理与应用,A065,天津师范大学,2,33994
2023,1,69,国际经济与贸易,A065,天津师范大学,9,60013
2023,1,70,经济学,A065,天津师范大学,2,39177
2023,1,W9,应用心理学(创新班),A065,天津师范大学,2,33326
2023,1,10,机械设计制造及其自动化,A066,天津职业技术师范大学,1,80463
2023,1,12,材料成型及控制工程,A066,天津职业技术师范大学,2,149031
2023,1,20,测控技术与仪器,A066,天津职业技术师范大学,5,138669
2023,1,21,人工智能(师范类),A066,天津职业技术师范大学,2,80519
2023,1,22,电气工程及其自动化(师范类),A066,天津职业技术师范大学,1,56338
2023,1,24,自动化(师范类),A066,天津职业技术师范大学,8,80788
2023,1,30,教育技术学(师范类),A066,天津职业技术师范大学,2,84119
2023,1,33,软件工程,A066,天津职业技术师范大学,8,88292
2023,1,34,网络工程,A066,天津职业技术师范大学,5,93946
2023,1,36,数据科学与大数据技术,A066,天津职业技术师范大学,2,81846
2023,1,41,教育学(师范类),A066,天津职业技术师范大学,2,78630
2023,1,48,劳动教育(师范类),A066,天津职业技术师范大学,5,96020
2023,1,50,车辆工程,A066,天津职业技术师范大学,3,113107
2023,1,51,汽车服务工程(师范类),A066,天津职业技术师范大学,4,130973
2023,1,52,新能源汽车工程(师范类),A066,天津职业技术师范大学,5,88383
2023,1,54,交通运输(师范类，城市轨道交通方向),A066,天津职业技术师范大学,5,105352
2023,1,55,交通运输(智能交通方向),A066,天津职业技术师范大学,5,111058
2023,1,60,应用物理学(师范类),A066,天津职业技术师范大学,5,124001
2023,1,61,数学与应用数学(师范类),A066,天津职业技术师范大学,6,89632
2023,1,64,信息与计算科学,A066,天津职业技术师范大学,2,98183
2023,1,73,英语(师范类),A066,天津职业技术师范大学,2,69814
2023,1,75,日语,A066,天津职业技术师范大学,4,272137
2023,1,81,电子科学与技术,A066,天津职业技术师范大学,3,106909
2023,1,83,微电子科学与工程(师范类),A066,天津职业技术师范大学,2,100202
2023,1,84,光电信息科学与工程(师范类),A066,天津职业技术师范大学,3,101724
2023,1,91,金融学,A066,天津职业技术师范大学,2,86469
2023,1,93,信用管理,A066,天津职业技术师范大学,4,189632
2023,1,95,人力资源管理,A066,天津职业技术师范大学,3,104342
2023,1,97,财务会计教育(师范类),A066,天津职业技术师范大学,3,74343
2023,1,9A,物流管理(师范类),A066,天津职业技术师范大学,3,100296
2023,1,01,外国语言文学类(英语类),A068,天津外国语大学,6,39638
2023,1,02,日语,A068,天津外国语大学,4,88131
2023,1,03,俄语,A068,天津外国语大学,1,35560
2023,1,04,德语,A068,天津外国语大学,2,41568
2023,1,05,法语,A068,天津外国语大学,2,38535
2023,1,06,西班牙语,A068,天津外国语大学,1,33405
2023,1,07,意大利语,A068,天津外国语大学,1,33946
2023,1,08,葡萄牙语,A068,天津外国语大学,1,55845
2023,1,10,波兰语,A068,天津外国语大学,1,117792
2023,1,11,希腊语,A068,天津外国语大学,1,65827
2023,1,13,乌克兰语,A068,天津外国语大学,1,51370
2023,1,15,朝鲜语,A068,天津外国语大学,2,95010
2023,1,16,阿拉伯语,A068,天津外国语大学,1,125440
2023,1,17,斯瓦希里语,A068,天津外国语大学,1,85789
2023,1,18,汉语国际教育,A068,天津外国语大学,2,35272
2023,1,19,国际经济与贸易,A068,天津外国语大学,1,40147
2023,1,20,金融学,A068,天津外国语大学,2,46166
2023,1,22,工商管理类,A068,天津外国语大学,4,49259
2023,1,24,大数据管理与应用,A068,天津外国语大学,2,50026
2023,1,25,法学,A068,天津外国语大学,2,24972
2023,1,26,国际政治,A068,天津外国语大学,1,39665
2023,1,27,外交学,A068,天津外国语大学,1,37615
2023,1,28,国际组织与全球治理,A068,天津外国语大学,2,40410
2023,1,30,汉语言文学,A068,天津外国语大学,1,24982
2023,1,31,新闻传播学类,A068,天津外国语大学,1,34590
2023,1,32,网络与新媒体,A068,天津外国语大学,1,38238
2023,1,33,广告学,A068,天津外国语大学,1,44906
2023,1,35,数字媒体技术,A068,天津外国语大学,2,36019
2023,1,36,经济学(中外合作办学),A068,天津外国语大学,4,73406
2023,1,01,机械设计制造及其自动化,A069,天津商业大学,3,61523
2023,1,03,能源与动力工程,A069,天津商业大学,17,87150
2023,1,04,新能源科学与工程,A069,天津商业大学,8,68488
2023,1,05,建筑环境与能源应用工程,A069,天津商业大学,12,147131
2023,1,06,包装工程,A069,天津商业大学,3,118205
2023,1,07,经济学类,A069,天津商业大学,4,53498
2023,1,08,宝石及材料工艺学,A069,天津商业大学,4,113459
2023,1,10,工商管理类,A069,天津商业大学,5,67708
2023,1,13,会计学,A069,天津商业大学,3,44265
2023,1,19,食品科学与工程,A069,天津商业大学,5,91266
2023,1,22,法学,A069,天津商业大学,7,40878
2023,1,29,翻译,A069,天津商业大学,4,104559
2023,1,37,智能科学与技术,A069,天津商业大学,3,57298
2023,1,H2,财务管理(中外合作办学),A069,天津商业大学,11,86233
2023,1,21,经济学,A070,天津财经大学,4,32855
2023,1,24,财政学类,A070,天津财经大学,5,30180
2023,1,25,金融学类,A070,天津财经大学,9,35792
2023,1,28,法学,A070,天津财经大学,6,24236
2023,1,2E,数学与应用数学(经济数学与数学建模),A070,天津财经大学,3,32482
2023,1,2K,软件工程,A070,天津财经大学,3,27357
2023,1,2L,数据科学与大数据技术,A070,天津财经大学,3,27884
2023,1,2M,管理科学与工程类,A070,天津财经大学,3,46742
2023,1,2N,工商管理类,A070,天津财经大学,7,44483
2023,1,2P,会计学(注册会计师),A070,天津财经大学,5,23104
2023,1,2Q,会计学,A070,天津财经大学,4,25404
2023,1,2R,财务管理,A070,天津财经大学,2,27075
2023,1,2S,国际商务,A070,天津财经大学,3,43434
2023,1,2T,审计学,A070,天津财经大学,2,23137
2023,1,2W,物流管理,A070,天津财经大学,4,53258
2023,1,2Z,金融数学,A070,天津财经大学,3,35414
2023,1,50,数字经济,A070,天津财经大学,4,38337
2023,1,51,大数据管理与应用,A070,天津财经大学,2,42665
2023,1,26,金融学(中外合作办学)(能源金融),A070,天津财经大学,13,68673
2023,1,02,英语,A071,天津体育学院,2,128889
2023,1,05,公共事业管理,A071,天津体育学院,3,154575
2023,1,06,新闻学,A071,天津体育学院,9,131426
2023,1,09,特殊教育,A071,天津体育学院,2,112282
2023,1,10,市场营销,A071,天津体育学院,2,173625
2023,1,12,运动康复,A071,天津体育学院,7,129933
2023,1,13,应用心理学,A071,天津体育学院,2,116903
2023,1,19,康复治疗学,A071,天津体育学院,3,136312
2023,1,24,体育经济与管理,A071,天津体育学院,5,168228
2023,1,27,学前教育,A071,天津体育学院,5,160681
2023,1,09,历史建筑保护工程,A073,天津美术学院,3,96151
2023,1,08,新闻传播学类,A075,河北大学,2,38363
2023,1,17,保险学,A075,河北大学,2,56675
2023,1,18,国际经济与贸易,A075,河北大学,3,54495
2023,1,40,法学,A075,河北大学,2,25632
2023,1,66,物理学类,A075,河北大学,4,34465
2023,1,69,新能源材料与器件,A075,河北大学,4,45915
2023,1,70,光电信息科学与工程,A075,河北大学,3,33704
2023,1,72,化学,A075,河北大学,4,42427
2023,1,74,材料化学,A075,河北大学,3,51645
2023,1,78,环境科学与工程类,A075,河北大学,3,54084
2023,1,87,通信工程,A075,河北大学,2,31165
2023,1,89,自动化,A075,河北大学,3,34788
2023,1,91,土木工程,A075,河北大学,2,58331
2023,1,H1,广播电视学(中外合作办学),A075,河北大学,3,104526
2023,1,H2,广告学(中外合作办学),A075,河北大学,3,106829
2023,1,01,经济学,A076,河北工程大学,2,79374
2023,1,02,金融工程,A076,河北工程大学,2,90882
2023,1,04,法学,A076,河北工程大学,2,58770
2023,1,0A,文物与博物馆学,A076,河北工程大学,2,99575
2023,1,0B,信息与计算科学,A076,河北工程大学,2,81996
2023,1,0C,应用物理学,A076,河北工程大学,2,109077
2023,1,0D,应用化学,A076,河北工程大学,2,116752
2023,1,0F,地理信息科学,A076,河北工程大学,2,90879
2023,1,0G,应用统计学,A076,河北工程大学,2,84397
2023,1,0L,能源与动力工程,A076,河北工程大学,2,82770
2023,1,0M,电气工程及其自动化,A076,河北工程大学,2,70199
2023,1,0N,电子信息工程,A076,河北工程大学,2,70759
2023,1,0P,通信工程,A076,河北工程大学,2,72829
2023,1,0Q,光电信息科学与工程,A076,河北工程大学,2,65590
2023,1,0R,自动化,A076,河北工程大学,2,73199
2023,1,0T,数据科学与大数据技术,A076,河北工程大学,2,73740
2023,1,0W,给排水科学与工程,A076,河北工程大学,2,130280
2023,1,0Z,水利水电工程,A076,河北工程大学,2,80754
2023,1,10,水文与水资源工程,A076,河北工程大学,2,112857
2023,1,12,测绘工程,A076,河北工程大学,2,119155
2023,1,13,遥感科学与技术,A076,河北工程大学,2,118910
2023,1,14,化学工程与工艺,A076,河北工程大学,2,114890
2023,1,15,地质工程,A076,河北工程大学,2,116498
2023,1,16,勘查技术与工程,A076,河北工程大学,1,130217
2023,1,17,资源勘查工程,A076,河北工程大学,2,135345
2023,1,18,采矿工程,A076,河北工程大学,2,148652
2023,1,1B,农业水利工程,A076,河北工程大学,2,136247
2023,1,1D,食品科学与工程,A076,河北工程大学,2,121314
2023,1,1E,建筑学,A076,河北工程大学,3,112807
2023,1,1F,城乡规划,A076,河北工程大学,4,129736
2023,1,1G,风景园林,A076,河北工程大学,3,134518
2023,1,1H,安全工程,A076,河北工程大学,2,124328
2023,1,1M,园林,A076,河北工程大学,3,135448
2023,1,1N,临床医学,A076,河北工程大学,5,82510
2023,1,1P,医学检验技术,A076,河北工程大学,4,128250
2023,1,1Q,医学影像技术,A076,河北工程大学,2,111464
2023,1,1S,护理学,A076,河北工程大学,2,100954
2023,1,1Y,测控技术与仪器,A076,河北工程大学,2,109571
2023,1,25,新能源科学与工程,A076,河北工程大学,2,96550
2023,1,27,土木工程,A076,河北工程大学,2,115294
2023,1,28,工程力学,A076,河北工程大学,2,116333
2023,1,2A,交通工程,A076,河北工程大学,2,98273
2023,1,2D,机器人工程,A076,河北工程大学,2,77950
2023,1,2E,汉语国际教育,A076,河北工程大学,2,102874
2023,1,2J,农学,A076,河北工程大学,2,122721
2023,1,2K,园艺,A076,河北工程大学,2,147395
2023,1,2L,设施农业科学与工程,A076,河北工程大学,2,127008
2023,1,2Q,计算机科学与技术,A076,河北工程大学,2,60659
2023,1,2R,软件工程,A076,河北工程大学,4,65245
2023,1,2T,复合材料与工程,A076,河北工程大学,2,137152
2023,1,2U,工商管理,A076,河北工程大学,2,100834
2023,1,33,智慧水利,A076,河北工程大学,2,120586
2023,1,31,土木工程(中外合作办学),A076,河北工程大学,10,193702
2023,1,02,地质类,A077,河北地质大学,2,111572
2023,1,05,水利类,A077,河北地质大学,2,94008
2023,1,06,环境工程,A077,河北地质大学,3,135022
2023,1,07,土木类,A077,河北地质大学,3,134243
2023,1,08,管理科学与工程类,A077,河北地质大学,2,122602
2023,1,0A,土地资源管理,A077,河北地质大学,2,92190
2023,1,0C,地理信息科学,A077,河北地质大学,4,100720
2023,1,0D,测绘类,A077,河北地质大学,2,119498
2023,1,0E,材料类,A077,河北地质大学,2,134731
2023,1,0G,经济学类,A077,河北地质大学,10,105745
2023,1,0J,工商管理类,A077,河北地质大学,4,99724
2023,1,0L,物流管理与工程类,A077,河北地质大学,9,137539
2023,1,0N,旅游地学与规划工程,A077,河北地质大学,3,156157
2023,1,0P,计算机类,A077,河北地质大学,4,76320
2023,1,0V,英语,A077,河北地质大学,4,103017
2023,1,0X,汉语国际教育,A077,河北地质大学,6,114064
2023,1,0Z,公共管理类,A077,河北地质大学,6,125882
2023,1,0H,金融学(中外合作办学),A077,河北地质大学,4,149243
2023,1,0Q,计算机科学与技术(校企合作),A077,河北地质大学,10,159241
2023,1,01,水利水电工程,A078,华北水利水电大学,5,50991
2023,1,07,水文与水资源工程,A078,华北水利水电大学,5,73505
2023,1,11,地质工程,A078,华北水利水电大学,5,107256
2023,1,16,材料成型及控制工程,A078,华北水利水电大学,10,120477
2023,1,20,土木工程,A078,华北水利水电大学,10,108247
2023,1,23,电气工程及其自动化,A078,华北水利水电大学,5,54303
2023,1,26,核工程与核技术,A078,华北水利水电大学,5,77519
2023,1,30,应用化学,A078,华北水利水电大学,5,104306
2023,1,36,国际经济与贸易,A078,华北水利水电大学,5,108541
2023,1,38,市场营销,A078,华北水利水电大学,5,142466
2023,1,40,物流管理,A078,华北水利水电大学,5,117124
2023,1,47,计算机科学与技术,A078,华北水利水电大学,5,57657
2023,1,48,软件工程,A078,华北水利水电大学,10,63060
2023,1,50,电子信息工程,A078,华北水利水电大学,5,62887
2023,1,63,地质工程(中外合作办学)(灾害管理),A078,华北水利水电大学,5,180232
2023,1,64,机械设计制造及其自动化(中外合作办学),A078,华北水利水电大学,5,140448
2023,1,65,物流管理(中外合作办学),A078,华北水利水电大学,5,168171
2023,1,66,土木工程(中外合作办学),A078,华北水利水电大学,5,180917
2023,1,67,测绘工程(中外合作办学),A078,华北水利水电大学,5,174701
2023,1,68,能源与动力工程(中外合作办学)(热动),A078,华北水利水电大学,5,145104
2023,1,69,给排水科学与工程(中外合作办学),A078,华北水利水电大学,5,178777
2023,1,70,建筑学(中外合作办学),A078,华北水利水电大学,5,146982
2023,1,04,环境科学与工程类,A079,华北电力大学(保定),12,30004
2023,1,07,工商管理类,A079,华北电力大学(保定),5,26248
2023,1,0E,储能科学与工程,A079,华北电力大学(保定),3,16952
2023,1,0F,氢能科学与工程,A079,华北电力大学(保定),3,18117
2023,1,0G,建筑环境与能源应用工程,A079,华北电力大学(保定),2,27941
2023,1,0H,工业工程,A079,华北电力大学(保定),1,24113
2023,1,0K,法学,A079,华北电力大学(保定),3,19018
2023,1,0L,社会工作,A079,华北电力大学(保定),3,33246
2023,1,0M,行政管理,A079,华北电力大学(保定),3,33351
2023,1,0N,数学类,A079,华北电力大学(保定),7,20217
2023,1,0P,应用物理学,A079,华北电力大学(保定),3,22665
2023,1,0Q,外国语言文学类,A079,华北电力大学(保定),4,38384
2023,1,0R,经济学,A079,华北电力大学(保定),3,27781
2023,1,0S,电气工程及其自动化,A079,华北电力大学(保定),24,9940
2023,1,0U,电子信息类,A079,华北电力大学(保定),10,13894
2023,1,0W,管理科学与工程类,A079,华北电力大学(保定),8,27404
2023,1,0Y,测控技术与仪器,A079,华北电力大学(保定),4,19319
2023,1,10,自动化类,A079,华北电力大学(保定),7,15499
2023,1,12,计算机类(智能),A079,华北电力大学(保定),4,15698
2023,1,14,机械类,A079,华北电力大学(保定),21,21968
2023,1,16,能源与动力工程,A079,华北电力大学(保定),8,17649
2023,1,18,计算机类(计算机),A079,华北电力大学(保定),10,15426
2023,1,01,数学类,A080,河北工业大学,2,19562
2023,1,03,应用统计学,A080,河北工业大学,2,20460
2023,1,04,机械设计制造及其自动化,A080,河北工业大学,2,18910
2023,1,05,测控技术与仪器,A080,河北工业大学,2,22259
2023,1,0C,能源与动力工程,A080,河北工业大学,2,21001
2023,1,0D,建筑环境与能源应用工程,A080,河北工业大学,2,32865
2023,1,0F,电气工程及其自动化,A080,河北工业大学,2,13452
2023,1,0K,生物工程,A080,河北工业大学,2,25755
2023,1,0L,制药工程,A080,河北工业大学,2,24662
2023,1,0M,过程装备与控制工程,A080,河北工业大学,2,21998
2023,1,0N,应用化学,A080,河北工业大学,2,23922
2023,1,0P,安全工程,A080,河北工业大学,2,24097
2023,1,0Q,海洋技术,A080,河北工业大学,3,27256
2023,1,0R,土木工程,A080,河北工业大学,2,30635
2023,1,0T,道路桥梁与渡河工程,A080,河北工业大学,2,29803
2023,1,0U,给排水科学与工程,A080,河北工业大学,2,33061
2023,1,0X,工程管理,A080,河北工业大学,2,28158
2023,1,10,会计学,A080,河北工业大学,2,21496
2023,1,12,材料成型及控制工程,A080,河北工业大学,2,25106
2023,1,13,材料类,A080,河北工业大学,2,24398
2023,1,17,法学,A080,河北工业大学,2,18108
2023,1,18,公共管理类,A080,河北工业大学,2,31028
2023,1,19,汉语国际教育,A080,河北工业大学,2,23681
2023,1,1A,英语,A080,河北工业大学,2,30376
2023,1,1B,日语,A080,河北工业大学,3,76490
2023,1,1D,建筑学,A080,河北工业大学,2,31225
2023,1,1F,城乡规划,A080,河北工业大学,2,31885
2023,1,1J,能源与动力工程,A080,河北工业大学,2,39271
2023,1,1K,电气工程及其自动化,A080,河北工业大学,2,29336
2023,1,1L,计算机科学与技术,A080,河北工业大学,2,29435
2023,1,1T,自动化,A080,河北工业大学,2,16097
2023,1,1U,生物医学工程,A080,河北工业大学,3,22841
2023,1,0B,环境工程(中外合作办学),A080,河北工业大学,2,45411
2023,1,1W,应用物理学(中外合作办学),A080,河北工业大学,2,43335
2023,1,1X,材料物理(中外合作办学)(电子信息材料方向),A080,河北工业大学,2,44309
2023,1,1Z,物联网工程(中外合作办学),A080,河北工业大学,2,33936
2023,1,01,安全工程,A081,华北理工大学,5,103355
2023,1,02,矿业类,A081,华北理工大学,15,141360
2023,1,03,测绘工程,A081,华北理工大学,5,102034
2023,1,04,碳储科学与工程,A081,华北理工大学,3,88519
2023,1,05,地质工程,A081,华北理工大学,5,133116
2023,1,06,材料成型及控制工程,A081,华北理工大学,4,103799
2023,1,07,材料类,A081,华北理工大学,20,144736
2023,1,08,能源动力类,A081,华北理工大学,10,71049
2023,1,09,工业工程,A081,华北理工大学,4,109012
2023,1,10,工业设计,A081,华北理工大学,3,88025
2023,1,11,过程装备与控制工程,A081,华北理工大学,5,101039
2023,1,12,机械设计制造及其自动化,A081,华北理工大学,5,70687
2023,1,14,车辆工程,A081,华北理工大学,5,78096
2023,1,15,化学,A081,华北理工大学,5,71048
2023,1,16,应用化学,A081,华北理工大学,8,78058
2023,1,17,化学工程与工艺,A081,华北理工大学,8,82017
2023,1,18,能源化学工程,A081,华北理工大学,7,93052
2023,1,1A,中药学,A081,华北理工大学,7,101658
2023,1,1B,电子信息工程,A081,华北理工大学,3,58861
2023,1,1C,智能医学工程,A081,华北理工大学,5,93260
2023,1,1D,人工智能,A081,华北理工大学,4,58907
2023,1,1E,集成电路设计与集成系统,A081,华北理工大学,3,61887
2023,1,1F,计算机科学与技术,A081,华北理工大学,4,54502
2023,1,1G,数学与应用数学,A081,华北理工大学,4,65219
2023,1,1H,信息与计算科学,A081,华北理工大学,3,63545
2023,1,1J,数据科学与大数据技术,A081,华北理工大学,2,57796
2023,1,1K,应用物理学,A081,华北理工大学,2,73284
2023,1,1M,智能科学与技术,A081,华北理工大学,3,62321
2023,1,1N,日语,A081,华北理工大学,3,119945
2023,1,1P,英语,A081,华北理工大学,7,88344
2023,1,1R,翻译,A081,华北理工大学,4,278174
2023,1,1S,汉语国际教育,A081,华北理工大学,4,95810
2023,1,1T,匈牙利语,A081,华北理工大学,3,253903
2023,1,1U,法学,A081,华北理工大学,3,53520
2023,1,21,工程管理,A081,华北理工大学,6,122049
2023,1,23,建筑环境与能源应用工程,A081,华北理工大学,3,114307
2023,1,24,建筑学,A081,华北理工大学,4,95485
2023,1,25,交通运输,A081,华北理工大学,4,87040
2023,1,26,物流工程,A081,华北理工大学,6,118780
2023,1,27,土木工程,A081,华北理工大学,4,95469
2023,1,28,临床医学,A081,华北理工大学,6,25316
2023,1,2A,应用心理学,A081,华北理工大学,6,73109
2023,1,2B,精神医学,A081,华北理工大学,9,81187
2023,1,2S,环境工程,A081,华北理工大学,3,101933
2023,1,2T,医疗保险,A081,华北理工大学,4,166454
2023,1,67,医学影像学,A081,华北理工大学,3,36440
2023,1,68,麻醉学,A081,华北理工大学,6,42673
2023,1,69,医学检验技术,A081,华北理工大学,6,57616
2023,1,70,预防医学,A081,华北理工大学,7,79168
2023,1,71,卫生检验与检疫,A081,华北理工大学,4,92502
2023,1,72,医学实验技术,A081,华北理工大学,6,83415
2023,1,73,生物科学类,A081,华北理工大学,20,92214
2023,1,74,材料化学,A081,华北理工大学,5,85652
2023,1,75,高分子材料与工程,A081,华北理工大学,7,71708
2023,1,76,无机非金属材料工程,A081,华北理工大学,10,119456
2023,1,77,复合材料与工程,A081,华北理工大学,7,111305
2023,1,78,测控技术与仪器,A081,华北理工大学,5,71132
2023,1,79,电气工程及其自动化,A081,华北理工大学,3,53398
2023,1,81,自动化,A081,华北理工大学,3,51576
2023,1,82,电子科学与技术,A081,华北理工大学,3,61582
2023,1,84,会计学,A081,华北理工大学,3,46265
2023,1,85,公共事业管理,A081,华北理工大学,3,101324
2023,1,86,信息管理与信息系统,A081,华北理工大学,5,85560
2023,1,87,国际经济与贸易,A081,华北理工大学,6,101723
2023,1,88,金融学,A081,华北理工大学,4,70476
2023,1,90,经济统计学,A081,华北理工大学,9,86863
2023,1,91,护理学,A081,华北理工大学,4,98285
2023,1,92,康复治疗学,A081,华北理工大学,10,97879
2023,1,93,助产学,A081,华北理工大学,3,131232
2023,1,94,中医学,A081,华北理工大学,5,56218
2023,1,95,针灸推拿学,A081,华北理工大学,4,84886
2023,1,96,中西医临床医学,A081,华北理工大学,4,44092
2023,1,97,口腔医学,A081,华北理工大学,2,22028
2023,1,98,药学,A081,华北理工大学,15,77832
2023,1,99,药物制剂,A081,华北理工大学,11,77166
2023,1,13,机械设计制造及其自动化(中外合作办学),A081,华北理工大学,7,157856
2023,1,19,化学(中外合作办学),A081,华北理工大学,6,186791
2023,1,80,电气工程及其自动化(中外合作办学),A081,华北理工大学,8,133123
2023,1,BC,材料类,A082,河北科技大学,5,138401
2023,1,C2,电气工程及其自动化,A082,河北科技大学,5,63358
2023,1,C5,人工智能,A082,河北科技大学,5,70585
2023,1,D3,机械设计制造及其自动化,A082,河北科技大学,5,71546
2023,1,E2,电子信息工程,A082,河北科技大学,5,68006
2023,1,E8,计算机科学与技术,A082,河北科技大学,5,63065
2023,1,E9,软件工程,A082,河北科技大学,5,64532
2023,1,FA,工商管理类,A082,河北科技大学,10,99797
2023,1,G2,应用化学,A082,河北科技大学,4,90921
2023,1,J1,化学工程与工艺,A082,河北科技大学,9,118382
2023,1,J2,制药工程,A082,河北科技大学,5,96878
2023,1,J4,能源化学工程,A082,河北科技大学,8,119166
2023,1,M1,土木工程,A082,河北科技大学,5,120130
2023,1,M2,建筑环境与能源应用工程,A082,河北科技大学,3,133371
2023,1,M3,工程管理,A082,河北科技大学,5,138199
2023,1,P3,生物科学类,A082,河北科技大学,4,82912
2023,1,PA,食品科学与工程类,A082,河北科技大学,4,96167
2023,1,Q1,纺织工程,A082,河北科技大学,5,168813
2023,1,A4,信息管理与信息系统(中外合作办学),A082,河北科技大学,4,188650
2023,1,B4,金属材料工程(中外合作办学),A082,河北科技大学,8,211483
2023,1,K4,环境科学(中外合作办学),A082,河北科技大学,9,191318
2023,1,01,土木工程,A084,河北建筑工程学院,2,171780
2023,1,03,道路桥梁与渡河工程,A084,河北建筑工程学院,2,180330
2023,1,09,电子信息工程,A084,河北建筑工程学院,2,144816
2023,1,10,建筑电气与智能化,A084,河北建筑工程学院,6,176412
2023,1,12,建筑学,A084,河北建筑工程学院,1,128474
2023,1,13,城乡规划,A084,河北建筑工程学院,2,185112
2023,1,16,工程管理,A084,河北建筑工程学院,3,195513
2023,1,17,工程造价,A084,河北建筑工程学院,2,155450
2023,1,19,财务管理,A084,河北建筑工程学院,2,147635
2023,1,23,能源动力类,A084,河北建筑工程学院,6,180939
2023,1,27,给排水科学与工程,A084,河北建筑工程学院,2,191675
2023,1,28,环境工程,A084,河北建筑工程学院,2,188658
2023,1,29,消防工程,A084,河北建筑工程学院,2,179160
2023,1,30,信息与计算科学,A084,河北建筑工程学院,2,172782
2023,1,32,理论与应用力学,A084,河北建筑工程学院,2,196596
2023,1,34,德语,A084,河北建筑工程学院,2,194120
2023,1,35,信息管理与信息系统,A084,河北建筑工程学院,2,198074
2023,1,36,信息资源管理,A084,河北建筑工程学院,2,197719
2023,1,37,机械设计制造及其自动化,A084,河北建筑工程学院,3,151627
2023,1,38,机械电子工程,A084,河北建筑工程学院,3,167606
2023,1,40,车辆工程,A084,河北建筑工程学院,3,167100
2023,1,03,交通运输,A085,河北水利电力学院,5,193737
2023,1,11,农业水利工程,A085,河北水利电力学院,5,195438
2023,1,12,测绘工程,A085,河北水利电力学院,2,186032
2023,1,13,勘查技术与工程,A085,河北水利电力学院,2,191520
2023,1,14,建筑学,A085,河北水利电力学院,2,195419
2023,1,25,电气工程及其自动化,A085,河北水利电力学院,2,157790
2023,1,26,智能电网信息工程,A085,河北水利电力学院,2,170163
2023,1,27,电气工程与智能控制,A085,河北水利电力学院,2,165170
2023,1,2F,土木工程,A085,河北水利电力学院,2,190300
2023,1,2H,给排水科学与工程,A085,河北水利电力学院,2,196204
2023,1,2J,建筑电气与智能化,A085,河北水利电力学院,5,198137
2023,1,2K,城市地下空间工程,A085,河北水利电力学院,2,198708
2023,1,2L,道路桥梁与渡河工程,A085,河北水利电力学院,2,200648
2023,1,2M,水利水电工程,A085,河北水利电力学院,2,160865
2023,1,2N,水文与水资源工程,A085,河北水利电力学院,3,177935
2023,1,1N,动植物检疫,A086,河北农业大学,5,174089
2023,1,1P,园林,A086,河北农业大学,5,138303
2023,1,20,动物科学,A086,河北农业大学,15,174056
2023,1,22,动物医学,A086,河北农业大学,15,128773
2023,1,25,计算机类,A086,河北农业大学,15,106415
2023,1,3M,电气类,A086,河北农业大学,15,116495
2023,1,3S,机械类,A086,河北农业大学,15,132321
2023,1,3W,土木类,A086,河北农业大学,10,151536
2023,1,4D,机械设计制造及其自动化(中外合作办学),A086,河北农业大学,5,173411
2023,1,01,临床医学(5+3一体化),A089,河北医科大学,6,12002
2023,1,05,临床医学,A089,河北医科大学,9,15008
2023,1,06,麻醉学,A089,河北医科大学,2,18056
2023,1,09,精神医学,A089,河北医科大学,3,27979
2023,1,0B,口腔医学,A089,河北医科大学,3,15953
2023,1,0C,公共卫生与预防医学类,A089,河北医科大学,7,52099
2023,1,0F,药学类,A089,河北医科大学,3,38239
2023,1,0Q,护理学类,A089,河北医科大学,2,67684
2023,1,01,临床医学,A092,河北北方学院,5,74937
2023,1,04,医学影像学,A092,河北北方学院,2,73463
2023,1,07,医学检验技术,A092,河北北方学院,3,120213
2023,1,01,临床医学,A093,承德医学院,4,63055
2023,1,10,中西医临床医学,A093,承德医学院,4,87783
2023,1,13,护理学,A093,承德医学院,3,125429
2023,1,18,生物医学工程,A093,承德医学院,3,174069
2023,1,03,计算机科学与技术,A094,河北师范大学,3,48185
2023,1,07,英语,A094,河北师范大学,2,63816
2023,1,10,电气工程及其自动化,A094,河北师范大学,4,55601
2023,1,11,人文地理与城乡规划,A094,河北师范大学,2,88928
2023,1,12,地理信息科学,A094,河北师范大学,1,47636
2023,1,14,法学,A094,河北师范大学,4,38678
2023,1,16,行政管理,A094,河北师范大学,2,70349
2023,1,17,劳动与社会保障,A094,河北师范大学,2,75814
2023,1,19,信息安全,A094,河北师范大学,3,50976
2023,1,20,智能科学与技术,A094,河北师范大学,2,50198
2023,1,21,数据科学与大数据技术,A094,河北师范大学,2,51482
2023,1,22,家政学,A094,河北师范大学,4,139604
2023,1,26,考古学,A094,河北师范大学,2,51400
2023,1,27,外国语言与外国历史,A094,河北师范大学,1,107769
2023,1,33,软件工程,A094,河北师范大学,12,61854
2023,1,34,金融工程,A094,河北师范大学,4,79133
2023,1,35,国际经济与贸易,A094,河北师范大学,5,104030
2023,1,38,生物技术,A094,河北师范大学,1,55720
2023,1,39,生态学,A094,河北师范大学,1,62274
2023,1,50,翻译,A094,河北师范大学,1,61129
2023,1,52,汉语言,A094,河北师范大学,1,35331
2023,1,55,新闻学,A094,河北师范大学,2,63734
2023,1,56,广告学,A094,河北师范大学,3,128630
2023,1,61,电子信息工程,A094,河北师范大学,3,56685
2023,1,62,人工智能,A094,河北师范大学,2,58511
2023,1,63,建筑环境与能源应用工程,A094,河北师范大学,6,142996
2023,1,S3,地理科学(师范类),A094,河北师范大学,1,45475
2023,1,S5,学前教育(师范类),A094,河北师范大学,4,76599
2023,1,SA,历史学(师范类),A094,河北师范大学,2,43506
2023,1,SD,汉语言文学(师范类),A094,河北师范大学,3,37774
2023,1,SH,化学(师范类),A094,河北师范大学,5,51267
2023,1,SJ,计算机科学与技术(师范类),A094,河北师范大学,1,50887
2023,1,SL,生物科学(师范类),A094,河北师范大学,2,50368
2023,1,SM,数学与应用数学(师范类),A094,河北师范大学,8,47855
2023,1,SN,英语(师范类),A094,河北师范大学,2,43248
2023,1,SP,物理学(师范类),A094,河北师范大学,5,51808
2023,1,11,汉语言文学(师范类),A096,保定学院,1,111888
2023,1,12,秘书学,A096,保定学院,1,151718
2023,1,23,投资学,A096,保定学院,1,175816
2023,1,31,历史学(师范类),A096,保定学院,1,103185
2023,1,33,文物与博物馆学,A096,保定学院,1,137543
2023,1,41,英语(师范类),A096,保定学院,1,134061
2023,1,42,日语,A096,保定学院,1,154976
2023,1,51,数学与应用数学(师范类),A096,保定学院,1,137204
2023,1,52,软件工程,A096,保定学院,1,133218
2023,1,61,物理学(师范类),A096,保定学院,1,151095
2023,1,62,汽车服务工程,A096,保定学院,1,201519
2023,1,71,化学,A096,保定学院,1,174609
2023,1,72,生物科学,A096,保定学院,1,148886
2023,1,74,环境生态工程,A096,保定学院,1,174549
2023,1,92,人文地理与城乡规划,A096,保定学院,1,156726
2023,1,93,旅游管理与服务教育,A096,保定学院,1,195053
2023,1,A3,学前教育(师范类),A096,保定学院,1,135142
2023,1,A4,特殊教育(师范类),A096,保定学院,1,131868
2023,1,B3,网络与新媒体,A096,保定学院,2,142322
2023,1,B5,物流工程,A096,保定学院,1,165314
2023,1,F1,思想政治教育(师范类),A096,保定学院,1,102052
2023,1,0B,汉语言文学(师范类),A098,河北民族师范学院,2,125811
2023,1,0D,英语(师范类),A098,河北民族师范学院,5,151740
2023,1,0H,历史学(师范类),A098,河北民族师范学院,5,157675
2023,1,12,财务管理,A098,河北民族师范学院,4,189740
2023,1,14,地理科学(师范类),A099,唐山师范学院,7,155590
2023,1,17,旅游管理,A099,唐山师范学院,5,206826
2023,1,24,数学与应用数学(师范类),A099,唐山师范学院,10,183518
2023,1,27,信息管理与信息系统,A099,唐山师范学院,5,205053
2023,1,30,电子信息科学与技术,A099,唐山师范学院,6,194693
2023,1,36,园艺,A099,唐山师范学院,5,206849
2023,1,14,汉语言文学,A100,廊坊师范学院,3,99613
2023,1,15,英语,A100,廊坊师范学院,4,121935
2023,1,19,新闻学,A100,廊坊师范学院,3,157668
2023,1,21,数学与应用数学,A100,廊坊师范学院,4,150664
2023,1,23,物理学,A100,廊坊师范学院,4,166848
2023,1,26,生物科学类,A100,廊坊师范学院,5,152662
2023,1,30,材料化学,A100,廊坊师范学院,4,194357
2023,1,19,经济与金融,A101,衡水学院,2,175583
2023,1,20,国际经济与贸易,A101,衡水学院,2,196195
2023,1,21,政治学与行政学,A101,衡水学院,2,150152
2023,1,22,社会工作,A101,衡水学院,3,195190
2023,1,23,思想政治教育(师范类),A101,衡水学院,2,143799
2023,1,31,英语(师范类),A101,衡水学院,3,163293
2023,1,38,数学与应用数学(师范类),A101,衡水学院,2,173013
2023,1,42,应用化学,A101,衡水学院,2,193008
2023,1,43,生物科学(师范类),A101,衡水学院,2,160831
2023,1,44,生物技术,A101,衡水学院,2,179918
2023,1,47,机械电子工程,A101,衡水学院,3,198059
2023,1,48,高分子材料与工程,A101,衡水学院,2,200989
2023,1,49,电子信息工程,A101,衡水学院,3,188460
2023,1,50,计算机科学与技术,A101,衡水学院,2,169358
2023,1,51,网络工程,A101,衡水学院,2,186192
2023,1,53,数字媒体技术,A101,衡水学院,3,174770
2023,1,54,智能科学与技术,A101,衡水学院,3,195945
2023,1,56,化学工程与工艺,A101,衡水学院,2,196765
2023,1,57,环境生态工程,A101,衡水学院,3,204188
2023,1,61,财务管理,A101,衡水学院,3,170353
2023,1,66,电子商务,A101,衡水学院,2,185948
2023,1,39,数学与应用数学(中外合作办学),A101,衡水学院,2,219741
2023,1,02,历史学(师范类),A102,石家庄学院,5,156403
2023,1,27,数学与应用数学(师范类),A102,石家庄学院,8,174316
2023,1,30,物理学(师范类),A102,石家庄学院,5,177683
2023,1,39,环境生态工程,A102,石家庄学院,5,190521
2023,1,76,思想政治教育(师范类),A102,石家庄学院,5,140118
2023,1,10,智能制造工程,A103,邯郸学院,11,212161
2023,1,11,电气工程及其自动化,A103,邯郸学院,10,170721
2023,1,13,机械设计制造及其自动化,A103,邯郸学院,14,204921
2023,1,14,软件工程,A103,邯郸学院,8,173922
2023,1,20,网络工程,A103,邯郸学院,5,191247
2023,1,42,财务管理,A103,邯郸学院,4,173199
2023,1,57,人工智能,A103,邯郸学院,8,202400
2023,1,05,思想政治教育,A104,邢台学院,5,152588
2023,1,0F,数学与应用数学,A104,邢台学院,5,183566
2023,1,14,财务管理,A104,邢台学院,5,172396
2023,1,01,汉语言文学(师范类),A105,沧州师范学院,1,123360
2023,1,02,思想政治教育(师范类),A105,沧州师范学院,2,127534
2023,1,03,英语(师范类),A105,沧州师范学院,1,134661
2023,1,30,数学与应用数学(师范类),A105,沧州师范学院,2,159984
2023,1,32,物理学(师范类),A105,沧州师范学院,2,167931
2023,1,33,生物科学(师范类),A105,沧州师范学院,2,158387
2023,1,42,计算机科学与技术,A105,沧州师范学院,3,156765
2023,1,52,环境工程,A105,沧州师范学院,1,186056
2023,1,53,电气工程及其自动化,A105,沧州师范学院,1,140612
2023,1,01,土木类,A107,石家庄铁道大学,35,86867
2023,1,02,机械类,A107,石家庄铁道大学,35,61639
2023,1,03,建筑环境与能源应用工程,A107,石家庄铁道大学,4,85848
2023,1,09,工商管理类,A107,石家庄铁道大学,12,88615
2023,1,0B,法学,A107,石家庄铁道大学,3,54872
2023,1,0C,汉语言文学,A107,石家庄铁道大学,2,54606
2023,1,0D,交通运输类,A107,石家庄铁道大学,10,49872
2023,1,0F,建筑学,A107,石家庄铁道大学,4,73242
2023,1,0G,材料类,A107,石家庄铁道大学,9,96555
2023,1,0J,电子信息类,A107,石家庄铁道大学,3,48371
2023,1,0L,计算机类,A107,石家庄铁道大学,16,51167
2023,1,0N,安全科学与工程类,A107,石家庄铁道大学,7,86670
2023,1,0P,工程力学,A107,石家庄铁道大学,5,76270
2023,1,0Q,数学与应用数学,A107,石家庄铁道大学,6,73213
2023,1,0R,应用物理学,A107,石家庄铁道大学,5,81111
2023,1,0S,英语,A107,石家庄铁道大学,2,78984
2023,1,10,管理科学与工程类,A107,石家庄铁道大学,10,86818
2023,1,2A,土木工程,A107,石家庄铁道大学,8,59259
2023,1,2B,机械设计制造及其自动化,A107,石家庄铁道大学,3,46061
2023,1,2D,电气工程及其自动化,A107,石家庄铁道大学,2,32653
2023,1,2E,物流管理,A107,石家庄铁道大学,9,89479
2023,1,2F,自动化,A107,石家庄铁道大学,3,46622
2023,1,2G,轨道交通信号与控制,A107,石家庄铁道大学,1,37337
2023,1,2H,电气工程及其自动化,A107,石家庄铁道大学,6,37396
2023,1,01,汉语言文学,A108,山西大学,10,29183
2023,1,03,历史学,A108,山西大学,3,30620
2023,1,05,哲学类,A108,山西大学,2,31046
2023,1,06,政治学类,A108,山西大学,10,38513
2023,1,07,英语,A108,山西大学,3,40351
2023,1,08,翻译,A108,山西大学,3,62562
2023,1,09,日语,A108,山西大学,2,49748
2023,1,10,俄语,A108,山西大学,1,57447
2023,1,11,德语,A108,山西大学,2,144500
2023,1,12,法语,A108,山西大学,2,46175
2023,1,13,教育学,A108,山西大学,4,41515
2023,1,15,法学,A108,山西大学,8,24263
2023,1,16,数学与应用数学,A108,山西大学,4,29472
2023,1,17,信息与计算科学,A108,山西大学,4,31005
2023,1,18,统计学,A108,山西大学,6,34005
2023,1,19,计算机科学与技术,A108,山西大学,4,22593
2023,1,21,数据科学与大数据技术,A108,山西大学,4,27125
2023,1,22,人工智能,A108,山西大学,4,29601
2023,1,23,物理学(国家基地),A108,山西大学,4,23401
2023,1,24,光电信息科学与工程,A108,山西大学,4,29840
2023,1,25,电子信息类,A108,山西大学,12,30153
2023,1,31,自然地理与资源环境,A108,山西大学,7,47883
2023,1,36,工商管理类,A108,山西大学,10,50238
2023,1,50,新闻传播学类,A108,山西大学,6,42401
2023,1,52,电气工程及其自动化,A108,山西大学,10,30152
2023,1,54,智慧建筑与建造,A108,山西大学,5,47250
2023,1,55,机械电子工程,A108,山西大学,3,33189
2023,1,56,测控技术与仪器,A108,山西大学,5,42648
2023,1,57,自动化,A108,山西大学,3,27974
2023,1,59,考古学,A108,山西大学,2,38763
2023,1,01,机械设计制造及其自动化,A109,太原科技大学,12,96930
2023,1,02,机械电子工程,A109,太原科技大学,4,94176
2023,1,06,车辆工程(新能源汽车方向),A109,太原科技大学,4,93474
2023,1,07,材料成型及控制工程,A109,太原科技大学,8,137650
2023,1,08,焊接技术与工程,A109,太原科技大学,2,132469
2023,1,09,材料科学与工程,A109,太原科技大学,2,116270
2023,1,0A,冶金工程,A109,太原科技大学,2,160314
2023,1,0B,功能材料,A109,太原科技大学,2,141126
2023,1,0C,自动化,A109,太原科技大学,2,76940
2023,1,0D,电气工程及其自动化,A109,太原科技大学,4,74025
2023,1,0E,电子信息工程,A109,太原科技大学,2,74550
2023,1,0F,工程力学,A109,太原科技大学,2,114605
2023,1,0G,光电信息科学与工程,A109,太原科技大学,2,82227
2023,1,0H,数据计算及应用,A109,太原科技大学,2,104552
2023,1,0J,应用统计学,A109,太原科技大学,2,105572
2023,1,0K,环境工程,A109,太原科技大学,2,145271
2023,1,0L,环境科学,A109,太原科技大学,2,201506
2023,1,0M,环保设备工程,A109,太原科技大学,2,142309
2023,1,0P,交通运输,A109,太原科技大学,2,105729
2023,1,0Q,交通工程,A109,太原科技大学,2,106712
2023,1,0S,化学工程与工艺,A109,太原科技大学,2,121980
2023,1,0T,过程装备与控制工程,A109,太原科技大学,2,118696
2023,1,0V,油气储运工程,A109,太原科技大学,2,115223
2023,1,0W,能源化学工程,A109,太原科技大学,2,122998
2023,1,0Y,计算机科学与技术,A109,太原科技大学,2,50366
2023,1,0Z,软件工程,A109,太原科技大学,2,58999
2023,1,10,物联网工程,A109,太原科技大学,2,70744
2023,1,11,智能科学与技术,A109,太原科技大学,2,80887
2023,1,13,经济学,A109,太原科技大学,2,90639
2023,1,14,会计学,A109,太原科技大学,2,76536
2023,1,16,信息管理与信息系统,A109,太原科技大学,2,100566
2023,1,17,工业工程(标准化方向),A109,太原科技大学,2,119961
2023,1,26,日语,A109,太原科技大学,4,158895
2023,1,27,应急技术与管理,A109,太原科技大学,4,153634
2023,1,28,智能装备与系统,A109,太原科技大学,4,102293
2023,1,01,武器系统与工程,A110,中北大学,3,40619
2023,1,02,武器发射工程,A110,中北大学,3,50585
2023,1,03,探测制导与控制技术,A110,中北大学,3,49267
2023,1,04,弹药工程与爆炸技术,A110,中北大学,6,55606
2023,1,05,装甲车辆工程,A110,中北大学,3,55534
2023,1,06,智能无人系统技术,A110,中北大学,2,51506
2023,1,07,机械设计制造及其自动化,A110,中北大学,7,59002
2023,1,08,机械电子工程,A110,中北大学,5,64567
2023,1,09,过程装备与控制工程,A110,中北大学,5,69415
2023,1,10,智能制造工程,A110,中北大学,5,62920
2023,1,11,机器人工程,A110,中北大学,5,60527
2023,1,12,包装工程,A110,中北大学,7,140471
2023,1,13,材料成型及控制工程,A110,中北大学,4,67893
2023,1,14,金属材料工程,A110,中北大学,6,117251
2023,1,15,无机非金属材料工程,A110,中北大学,6,113567
2023,1,16,高分子材料与工程,A110,中北大学,8,91028
2023,1,17,复合材料与工程,A110,中北大学,6,103767
2023,1,18,应用化学,A110,中北大学,10,98993
2023,1,19,化学工程与工艺,A110,中北大学,7,105477
2023,1,20,制药工程,A110,中北大学,4,90472
2023,1,21,能源化学工程,A110,中北大学,5,88300
2023,1,22,生物工程,A110,中北大学,8,86956
2023,1,23,电子信息工程,A110,中北大学,11,50215
2023,1,24,通信工程,A110,中北大学,11,53178
2023,1,25,光电信息科学与工程,A110,中北大学,8,60361
2023,1,26,人工智能,A110,中北大学,6,54265
2023,1,27,信息对抗技术,A110,中北大学,6,57988
2023,1,28,生物医学工程,A110,中北大学,2,63954
2023,1,29,测控技术与仪器,A110,中北大学,10,56477
2023,1,30,智能感知工程,A110,中北大学,3,61220
2023,1,31,电子科学与技术,A110,中北大学,7,54230
2023,1,32,计算机科学与技术,A110,中北大学,8,47114
2023,1,33,物联网工程,A110,中北大学,5,51195
2023,1,34,数据科学与大数据技术,A110,中北大学,5,52994
2023,1,35,数学与应用数学,A110,中北大学,6,64396
2023,1,36,信息与计算科学,A110,中北大学,6,64711
2023,1,37,统计学,A110,中北大学,4,67813
2023,1,38,经济统计学,A110,中北大学,5,74945
2023,1,39,国际经济与贸易,A110,中北大学,3,97980
2023,1,40,市场营销,A110,中北大学,3,169972
2023,1,41,财务管理,A110,中北大学,7,85388
2023,1,42,工业工程,A110,中北大学,2,69973
2023,1,43,英语,A110,中北大学,6,86521
2023,1,44,广播电视学,A110,中北大学,7,106545
2023,1,51,土木工程,A110,中北大学,4,112331
2023,1,52,城市地下空间工程,A110,中北大学,5,162863
2023,1,53,特种能源技术与工程,A110,中北大学,8,67897
2023,1,54,环境工程,A110,中北大学,8,108433
2023,1,55,安全工程,A110,中北大学,10,79383
2023,1,56,电气工程及其自动化,A110,中北大学,8,55383
2023,1,57,电气工程与智能控制,A110,中北大学,7,58678
2023,1,58,自动化,A110,中北大学,5,54840
2023,1,59,轨道交通信号与控制,A110,中北大学,6,66002
2023,1,60,车辆工程,A110,中北大学,2,55596
2023,1,61,新能源汽车工程,A110,中北大学,2,56191
2023,1,63,能源与动力工程,A110,中北大学,3,61506
2023,1,64,新能源科学与工程,A110,中北大学,2,60443
2023,1,65,工程力学,A110,中北大学,4,72448
2023,1,66,飞行器设计与工程,A110,中北大学,5,51554
2023,1,67,飞行器制造工程,A110,中北大学,5,53789
2023,1,68,应用物理学,A110,中北大学,8,77875
2023,1,69,微电子科学与工程,A110,中北大学,7,55950
2023,1,70,集成电路设计与集成系统,A110,中北大学,4,57869
2023,1,01,机械设计制造及其自动化,A112,太原理工大学,8,24016
2023,1,02,车辆工程,A112,太原理工大学,4,23813
2023,1,03,工业设计,A112,太原理工大学,2,25866
2023,1,04,材料成型及控制工程,A112,太原理工大学,8,30711
2023,1,06,材料科学与工程,A112,太原理工大学,5,29825
2023,1,0B,能源与动力工程,A112,太原理工大学,2,22621
2023,1,0C,自动化,A112,太原理工大学,4,20920
2023,1,0D,通信工程,A112,太原理工大学,4,20280
2023,1,0E,电子信息工程,A112,太原理工大学,4,19437
2023,1,0G,电子科学与技术,A112,太原理工大学,1,19046
2023,1,0M,建筑学,A112,太原理工大学,4,37343
2023,1,0N,城乡规划,A112,太原理工大学,5,38065
2023,1,0R,化学工程与工艺,A112,太原理工大学,8,30133
2023,1,0S,制药工程,A112,太原理工大学,4,28843
2023,1,0W,环境工程,A112,太原理工大学,8,34667
2023,1,0Y,建筑环境与能源应用工程,A112,太原理工大学,2,33002
2023,1,10,安全工程,A112,太原理工大学,4,28895
2023,1,11,城市地下空间工程,A112,太原理工大学,4,33464
2023,1,13,测绘工程,A112,太原理工大学,4,31111
2023,1,16,地质工程,A112,太原理工大学,4,33426
2023,1,18,数学与应用数学,A112,太原理工大学,2,21583
2023,1,19,信息与计算科学,A112,太原理工大学,2,21502
2023,1,1A,统计学,A112,太原理工大学,4,24350
2023,1,1B,光电信息科学与工程,A112,太原理工大学,4,21733
2023,1,1C,应用物理学,A112,太原理工大学,2,24282
2023,1,1E,工程力学,A112,太原理工大学,2,25807
2023,1,1F,生物医学工程,A112,太原理工大学,2,24614
2023,1,1G,法学,A112,太原理工大学,5,20415
2023,1,1H,行政管理,A112,太原理工大学,3,33357
2023,1,1J,英语,A112,太原理工大学,4,35856
2023,1,1K,英语(英俄双语方向),A112,太原理工大学,2,36406
2023,1,1L,英语(英日双语方向),A112,太原理工大学,4,37916
2023,1,1N,工程管理,A112,太原理工大学,2,30769
2023,1,1P,会计学,A112,太原理工大学,2,22392
2023,1,1Q,国际经济与贸易,A112,太原理工大学,3,37488
2023,1,1R,计算机科学与技术,A112,太原理工大学,4,17477
2023,1,24,机械电子工程,A112,太原理工大学,8,24320
2023,1,26,道路桥梁与渡河工程,A112,太原理工大学,2,30300
2023,1,2E,思想政治教育,A112,太原理工大学,4,24298
2023,1,2F,电气工程及其自动化,A112,太原理工大学,6,18704
2023,1,2G,物流管理,A112,太原理工大学,4,32404
2023,1,2H,土木工程,A112,太原理工大学,4,30639
2023,1,2M,数据科学与大数据技术,A112,太原理工大学,4,20497
2023,1,2Q,过程装备与控制工程,A112,太原理工大学,2,27345
2023,1,2W,机器人工程,A112,太原理工大学,2,21685
2023,1,3A,飞行器设计与工程,A112,太原理工大学,4,24081
2023,1,3F,水利水电工程,A112,太原理工大学,5,30117
2023,1,3G,给排水科学与工程,A112,太原理工大学,2,32347
2023,1,3M,数学与应用数学(试验班),A112,太原理工大学,2,20517
2023,1,3N,应用化学,A112,太原理工大学,6,31370
2023,1,3P,工程力学(试验班),A112,太原理工大学,2,25123
2023,1,3R,智能感知工程,A112,太原理工大学,2,22514
2023,1,3T,高分子材料与工程,A112,太原理工大学,3,29783
2023,1,3U,计算机科学与技术(试验班),A112,太原理工大学,2,15721
2023,1,5B,化学,A112,太原理工大学,2,31824
2023,1,5D,集成电路设计与集成系统,A112,太原理工大学,4,20848
2023,1,5E,物联网工程,A112,太原理工大学,2,19397
2023,1,5F,网络空间安全,A112,太原理工大学,2,19761
2023,1,5G,智能测控工程,A112,太原理工大学,2,22267
2023,1,5J,区块链工程,A112,太原理工大学,2,21715
2023,1,5N,能源互联网工程,A112,太原理工大学,4,24783
2023,1,5Q,物理学,A112,太原理工大学,2,26428
2023,1,5R,物理学(试验班),A112,太原理工大学,2,22961
2023,1,5T,生态学,A112,太原理工大学,4,37980
2023,1,3D,机械设计制造及其自动化(中外合作办学),A112,太原理工大学,10,43952
2023,1,01,农学(卓越人才实验班),A113,山西农业大学,2,126340
2023,1,02,农学,A113,山西农业大学,10,145594
2023,1,03,智慧农业,A113,山西农业大学,2,132264
2023,1,05,植物保护(卓越人才实验班),A113,山西农业大学,2,128288
2023,1,06,植物保护,A113,山西农业大学,4,159425
2023,1,07,动植物检疫(植物检疫方向),A113,山西农业大学,2,163908
2023,1,08,生物农药科学与工程,A113,山西农业大学,3,176989
2023,1,09,动物科学(卓越人才实验班),A113,山西农业大学,2,147106
2023,1,10,动物科学,A113,山西农业大学,8,164031
2023,1,11,经济动物学,A113,山西农业大学,5,166803
2023,1,12,动物医学,A113,山西农业大学,3,107999
2023,1,13,动植物检疫,A113,山西农业大学,5,157578
2023,1,14,兽医公共卫生,A113,山西农业大学,1,166766
2023,1,15,草业科学(卓越人才实验班),A113,山西农业大学,3,172795
2023,1,16,草业科学,A113,山西农业大学,5,175409
2023,1,17,林学(卓越人才实验班),A113,山西农业大学,2,158825
2023,1,18,林学类,A113,山西农业大学,8,173661
2023,1,19,水土保持与荒漠化防治,A113,山西农业大学,5,177453
2023,1,20,生态学,A113,山西农业大学,2,163987
2023,1,21,园林,A113,山西农业大学,2,157786
2023,1,22,土地资源管理(卓越人才实验班),A113,山西农业大学,2,133477
2023,1,23,土地资源管理,A113,山西农业大学,1,136763
2023,1,24,环境科学,A113,山西农业大学,5,165911
2023,1,25,土地整治工程,A113,山西农业大学,3,178162
2023,1,26,地理信息科学,A113,山西农业大学,5,118811
2023,1,27,农业资源与环境,A113,山西农业大学,2,165930
2023,1,28,园艺(花卉与景观设计方向，卓越人才实验班),A113,山西农业大学,2,147322
2023,1,29,园艺,A113,山西农业大学,15,175009
2023,1,32,农业机械化及其自动化(卓越人才实验班),A113,山西农业大学,2,130179
2023,1,33,农业机械化及其自动化,A113,山西农业大学,5,137794
2023,1,34,机械设计制造及其自动化,A113,山西农业大学,2,131402
2023,1,35,电气工程及其自动化,A113,山西农业大学,5,109934
2023,1,36,农业电气化,A113,山西农业大学,5,157906
2023,1,37,农业智能装备工程,A113,山西农业大学,2,158744
2023,1,38,食品科学与工程(卓越人才实验班),A113,山西农业大学,2,143545
2023,1,39,食品质量与安全(卓越人才实验班),A113,山西农业大学,2,133230
2023,1,40,食品科学与工程,A113,山西农业大学,5,147461
2023,1,41,食品质量与安全,A113,山西农业大学,5,134942
2023,1,42,葡萄与葡萄酒工程,A113,山西农业大学,3,174573
2023,1,43,食用菌科学与工程,A113,山西农业大学,5,170699
2023,1,44,农林经济管理(卓越人才实验班),A113,山西农业大学,2,133209
2023,1,45,农林经济管理,A113,山西农业大学,2,134029
2023,1,46,国际经济与贸易,A113,山西农业大学,1,130628
2023,1,47,农村区域发展,A113,山西农业大学,1,134027
2023,1,48,物流管理,A113,山西农业大学,2,151512
2023,1,49,市场营销,A113,山西农业大学,2,152904
2023,1,50,电子信息科学与技术,A113,山西农业大学,2,112236
2023,1,51,计算机科学与技术,A113,山西农业大学,2,109254
2023,1,52,网络工程,A113,山西农业大学,3,116876
2023,1,53,物联网工程,A113,山西农业大学,2,119021
2023,1,54,机器人工程,A113,山西农业大学,2,120276
2023,1,55,法学,A113,山西农业大学,2,83342
2023,1,56,行政管理,A113,山西农业大学,2,131748
2023,1,57,公共事业管理,A113,山西农业大学,2,148656
2023,1,58,生物科学(卓越人才实验班),A113,山西农业大学,2,142107
2023,1,59,生物科学类,A113,山西农业大学,10,157369
2023,1,60,中药资源与开发,A113,山西农业大学,6,165489
2023,1,61,数据科学与大数据技术,A113,山西农业大学,3,118166
2023,1,62,智能科学与技术,A113,山西农业大学,2,119977
2023,1,65,土木工程,A113,山西农业大学,6,168463
2023,1,66,城乡规划,A113,山西农业大学,5,144461
2023,1,67,风景园林,A113,山西农业大学,5,148575
2023,1,68,农业水利工程,A113,山西农业大学,5,159483
2023,1,69,应用化学,A113,山西农业大学,5,159736
2023,1,70,信息与计算科学,A113,山西农业大学,4,131160
2023,1,71,英语,A113,山西农业大学,2,125386
2023,1,01,临床医学(5+3一体化),A114,山西医科大学,4,15515
2023,1,02,临床医学(5+3一体化，儿科学),A114,山西医科大学,2,19207
2023,1,03,临床医学,A114,山西医科大学,4,19589
2023,1,05,基础医学,A114,山西医科大学,2,49931
2023,1,06,麻醉学,A114,山西医科大学,1,22460
2023,1,07,医学影像学,A114,山西医科大学,1,27527
2023,1,08,眼视光医学,A114,山西医科大学,1,25780
2023,1,09,精神医学,A114,山西医科大学,1,43776
2023,1,10,儿科学,A114,山西医科大学,1,27384
2023,1,11,口腔医学,A114,山西医科大学,2,21274
2023,1,12,预防医学,A114,山西医科大学,3,66925
2023,1,13,药学,A114,山西医科大学,4,43393
2023,1,14,临床药学,A114,山西医科大学,3,38430
2023,1,15,中药学,A114,山西医科大学,3,64678
2023,1,16,法医学,A114,山西医科大学,2,38118
2023,1,17,医学检验技术,A114,山西医科大学,2,65114
2023,1,18,医学影像技术,A114,山西医科大学,3,68165
2023,1,19,康复治疗学,A114,山西医科大学,2,68285
2023,1,20,卫生检验与检疫,A114,山西医科大学,3,136291
2023,1,21,护理学,A114,山西医科大学,3,76791
2023,1,22,智能医学工程,A114,山西医科大学,3,107527
2023,1,23,生物医学工程(临床工程),A114,山西医科大学,3,72373
2023,1,24,信息管理与信息系统(医学信息学方向),A114,山西医科大学,2,100547
2023,1,25,社会工作,A114,山西医科大学,3,140183
2023,1,26,公共事业管理(卫生事业管理方向),A114,山西医科大学,3,129454
2023,1,27,生物制药,A114,山西医科大学,3,55498
2023,1,28,运动康复,A114,山西医科大学,3,103022
2023,1,29,眼视光学,A114,山西医科大学,3,71051
2023,1,50,临床医学,A114,山西医科大学,2,27791
2023,1,51,口腔医学,A114,山西医科大学,1,29120
2023,1,52,医学影像学,A114,山西医科大学,1,29388
2023,1,53,麻醉学,A114,山西医科大学,1,33634
2023,1,54,眼视光医学,A114,山西医科大学,1,34655
2023,1,55,预防医学,A114,山西医科大学,1,170153
2023,1,57,医学检验技术,A114,山西医科大学,2,88455
2023,1,58,医学实验技术,A114,山西医科大学,1,304078
2023,1,59,眼视光学,A114,山西医科大学,1,63095
2023,1,60,康复治疗学,A114,山西医科大学,1,141921
2023,1,61,护理学,A114,山西医科大学,4,112030
2023,1,62,助产学,A114,山西医科大学,2,89425
2023,1,63,健康服务与管理,A114,山西医科大学,2,156121
2023,1,01,临床医学,A117,长治医学院,16,90554
2023,1,03,麻醉学,A117,长治医学院,1,74012
2023,1,04,医学影像学,A117,长治医学院,1,71621
2023,1,05,精神医学,A117,长治医学院,1,97492
2023,1,06,口腔医学,A117,长治医学院,3,53363
2023,1,07,预防医学,A117,长治医学院,1,113989
2023,1,08,药学,A117,长治医学院,2,131010
2023,1,09,中药学,A117,长治医学院,1,117695
2023,1,10,医学检验技术,A117,长治医学院,1,120321
2023,1,12,医学影像技术,A117,长治医学院,1,115860
2023,1,13,康复治疗学,A117,长治医学院,1,122553
2023,1,14,护理学,A117,长治医学院,3,152157
2023,1,15,助产学,A117,长治医学院,1,139174
2023,1,16,信息管理与信息系统,A117,长治医学院,1,194488
2023,1,20,传播学,A117,长治医学院,2,183987
2023,1,21,应用心理学,A117,长治医学院,1,80028
2023,1,22,生物医学工程,A117,长治医学院,3,175348
2023,1,01,经济学,A118,山西师范大学,2,81731
2023,1,02,法学,A118,山西师范大学,2,50693
2023,1,03,社会学,A118,山西师范大学,2,79858
2023,1,04,思想政治教育(师范类),A118,山西师范大学,2,53748
2023,1,06,教育学(师范类),A118,山西师范大学,2,61756
2023,1,07,教育技术学(师范类),A118,山西师范大学,2,85701
2023,1,0K,日语(师范类),A118,山西师范大学,2,97463
2023,1,0L,历史学(师范类),A118,山西师范大学,2,53865
2023,1,0N,编辑出版学,A118,山西师范大学,2,88177
2023,1,0V,物理学(师范类),A118,山西师范大学,1,66961
2023,1,11,自然地理与资源环境,A118,山西师范大学,2,86173
2023,1,12,人文地理与城乡规划,A118,山西师范大学,2,82978
2023,1,13,地理信息科学,A118,山西师范大学,2,70309
2023,1,14,生物科学类,A118,山西师范大学,2,69750
2023,1,17,生态学,A118,山西师范大学,2,99983
2023,1,18,心理学(师范类),A118,山西师范大学,2,68879
2023,1,1A,电子信息工程,A118,山西师范大学,2,72427
2023,1,1B,计算机科学与技术,A118,山西师范大学,2,58185
2023,1,1D,环境生态工程,A118,山西师范大学,2,130448
2023,1,1E,食品科学与工程,A118,山西师范大学,2,132539
2023,1,1F,食品质量与安全,A118,山西师范大学,2,123977
2023,1,1G,园艺(师范类),A118,山西师范大学,2,143787
2023,1,1H,财务管理,A118,山西师范大学,2,59129
2023,1,1J,旅游管理,A118,山西师范大学,2,143785
2023,1,1Z,地理科学(师范类),A118,山西师范大学,2,58825
2023,1,05,政治学与行政学,A119,太原师范学院,3,140148
2023,1,06,思想政治教育(师范类),A119,太原师范学院,3,116037
2023,1,08,学前教育(师范类),A119,太原师范学院,3,154103
2023,1,0B,汉语言文学(师范类),A119,太原师范学院,5,104880
2023,1,0D,历史学(师范类),A119,太原师范学院,4,116718
2023,1,0E,文物与博物馆学,A119,太原师范学院,3,135498
2023,1,0F,人文教育(师范类),A119,太原师范学院,3,139334
2023,1,0G,英语(师范类),A119,太原师范学院,3,123732
2023,1,0K,数学与应用数学(师范类),A119,太原师范学院,8,141235
2023,1,0L,信息与计算科学,A119,太原师范学院,4,165070
2023,1,0M,物理学(师范类),A119,太原师范学院,4,152140
2023,1,0N,科学教育(师范类),A119,太原师范学院,3,162563
2023,1,0Q,化学(师范类),A119,太原师范学院,4,147838
2023,1,0R,应用化学,A119,太原师范学院,4,174545
2023,1,0T,生物科学(师范类),A119,太原师范学院,4,129437
2023,1,0U,生物技术,A119,太原师范学院,4,165636
2023,1,0V,计算机科学与技术(师范类),A119,太原师范学院,3,149201
2023,1,0X,数据科学与大数据技术,A119,太原师范学院,3,130270
2023,1,0Y,地理科学(师范类),A119,太原师范学院,4,116491
2023,1,0Z,自然地理与资源环境,A119,太原师范学院,4,151905
2023,1,01,法学,A120,山西大同大学,10,101336
2023,1,36,数学与应用数学(师范类),A120,山西大同大学,10,134258
2023,1,62,临床医学,A120,山西大同大学,35,101632
2023,1,65,中医学,A120,山西大同大学,10,107136
2023,1,11,小学教育(师范类),A121,晋中学院,10,169108
2023,1,12,汉语言文学(师范类),A121,晋中学院,10,144029
2023,1,20,旅游管理,A121,晋中学院,9,211920
2023,1,22,酒店管理,A121,晋中学院,9,213737
2023,1,29,数学与应用数学(师范类),A121,晋中学院,10,192796
2023,1,31,物理学(师范类),A121,晋中学院,10,197205
2023,1,33,应用化学,A121,晋中学院,10,209044
2023,1,35,生物技术,A121,晋中学院,10,202610
2023,1,36,机械设计制造及其自动化,A121,晋中学院,10,201370
2023,1,61,翻译,A121,晋中学院,10,214330
2023,1,68,会展经济与管理,A121,晋中学院,11,211170
2023,1,01,汉语言文学(师范类),A122,长治学院,4,138328
2023,1,02,新闻学,A122,长治学院,1,167897
2023,1,03,网络与新媒体,A122,长治学院,1,165351
2023,1,04,历史学(师范类),A122,长治学院,2,148600
2023,1,05,旅游管理,A122,长治学院,2,204756
2023,1,06,文化遗产,A122,长治学院,2,187026
2023,1,07,酒店管理,A122,长治学院,2,211626
2023,1,08,法学,A122,长治学院,2,132283
2023,1,09,经济学,A122,长治学院,2,182437
2023,1,10,财务管理,A122,长治学院,2,172498
2023,1,11,思想政治教育(师范类),A122,长治学院,4,151015
2023,1,15,英语(师范类),A122,长治学院,1,168301
2023,1,16,商务英语,A122,长治学院,2,204452
2023,1,17,翻译,A122,长治学院,2,195426
2023,1,18,学前教育(师范类),A122,长治学院,2,172848
2023,1,19,数学与应用数学(师范类),A122,长治学院,2,186838
2023,1,20,应用统计学,A122,长治学院,1,190399
2023,1,21,物理学(师范类),A122,长治学院,1,183431
2023,1,22,光电信息科学与工程,A122,长治学院,1,184474
2023,1,23,电子信息科学与技术,A122,长治学院,1,191028
2023,1,24,科学教育(师范类),A122,长治学院,1,165855
2023,1,25,生物科学(师范类),A122,长治学院,1,165363
2023,1,26,生物技术,A122,长治学院,1,177304
2023,1,27,环境生态工程,A122,长治学院,1,198626
2023,1,28,化学(师范类),A122,长治学院,1,164998
2023,1,29,化学生物学,A122,长治学院,1,180966
2023,1,30,药物化学,A122,长治学院,1,177818
2023,1,31,计算机科学与技术,A122,长治学院,1,176429
2023,1,32,网络工程,A122,长治学院,1,177074
2023,1,33,数据科学与大数据技术,A122,长治学院,1,176631
2023,1,37,小学教育(师范类),A122,长治学院,1,168599
2023,1,38,日语,A122,长治学院,1,187807
2023,1,21,机械设计制造及其自动化,A123,运城学院,10,205426
2023,1,22,机械电子工程,A123,运城学院,20,210133
2023,1,27,网络工程,A123,运城学院,10,203621
2023,1,30,食品科学与工程,A123,运城学院,10,205742
2023,1,32,园林,A123,运城学院,5,209541
2023,1,46,电子科学与技术(印制电路技术与工艺),A123,运城学院,10,209977
2023,1,4A,材料科学与工程,A123,运城学院,10,210402
2023,1,4C,新能源科学与工程,A123,运城学院,10,205683
2023,1,01,地理科学(师范类),A124,忻州师范学院,5,150187
2023,1,02,通信工程,A124,忻州师范学院,4,199118
2023,1,03,电子信息科学与技术,A124,忻州师范学院,2,184631
2023,1,04,法学,A124,忻州师范学院,3,129485
2023,1,06,应用化学,A124,忻州师范学院,4,205500
2023,1,07,计算机科学与技术(师范类),A124,忻州师范学院,2,174666
2023,1,08,数字媒体技术,A124,忻州师范学院,2,183398
2023,1,09,数据科学与大数据技术,A124,忻州师范学院,3,194317
2023,1,11,教育学(师范类),A124,忻州师范学院,3,166528
2023,1,12,心理学(师范类),A124,忻州师范学院,1,149747
2023,1,13,人文地理与城乡规划,A124,忻州师范学院,1,151237
2023,1,14,旅游管理,A124,忻州师范学院,1,182338
2023,1,19,数学与应用数学(师范类),A124,忻州师范学院,3,181381
2023,1,23,英语(师范类),A124,忻州师范学院,3,160825
2023,1,24,翻译,A124,忻州师范学院,1,163573
2023,1,26,科学教育(师范类),A124,忻州师范学院,2,179736
2023,1,30,审计学,A124,忻州师范学院,2,154898
2023,1,31,工商管理,A124,忻州师范学院,5,192424
2023,1,33,财务管理,A124,忻州师范学院,4,172089
2023,1,34,历史学(师范类),A124,忻州师范学院,3,144410
2023,1,35,思想政治教育(师范类),A124,忻州师范学院,3,142268
2023,1,36,汉语言文学(师范类),A124,忻州师范学院,3,131534
2023,1,38,网络与新媒体,A124,忻州师范学院,2,162383
2023,1,01,经济学,A125,山西财经大学,3,57179
2023,1,02,能源经济,A125,山西财经大学,3,81486
2023,1,03,统计学,A125,山西财经大学,4,60238
2023,1,04,经济统计学,A125,山西财经大学,3,66665
2023,1,05,应用统计学,A125,山西财经大学,2,58954
2023,1,06,国际经济与贸易,A125,山西财经大学,4,82875
2023,1,07,贸易经济,A125,山西财经大学,3,76099
2023,1,08,农林经济管理,A125,山西财经大学,2,92814
2023,1,09,国际商务,A125,山西财经大学,3,99757
2023,1,10,财政学,A125,山西财经大学,2,54469
2023,1,11,金融学,A125,山西财经大学,6,63568
2023,1,12,金融工程,A125,山西财经大学,2,74851
2023,1,13,保险学,A125,山西财经大学,2,82417
2023,1,14,税收学,A125,山西财经大学,2,56380
2023,1,15,法学,A125,山西财经大学,4,46494
2023,1,16,商务英语,A125,山西财经大学,2,267031
2023,1,17,管理科学,A125,山西财经大学,2,106551
2023,1,18,工程管理,A125,山西财经大学,2,115576
2023,1,19,房地产开发与管理,A125,山西财经大学,2,206485
2023,1,20,工程造价,A125,山西财经大学,2,90396
2023,1,21,信息管理与信息系统,A125,山西财经大学,2,84158
2023,1,22,计算机科学与技术,A125,山西财经大学,2,56257
2023,1,23,电子商务,A125,山西财经大学,2,98123
2023,1,24,工商管理,A125,山西财经大学,2,58767
2023,1,25,市场营销,A125,山西财经大学,3,125912
2023,1,26,物流管理,A125,山西财经大学,4,108246
2023,1,27,会计学,A125,山西财经大学,3,41527
2023,1,28,财务管理,A125,山西财经大学,2,48700
2023,1,29,审计学,A125,山西财经大学,3,48403
2023,1,30,资产评估,A125,山西财经大学,1,65069
2023,1,31,劳动与社会保障,A125,山西财经大学,1,98878
2023,1,32,人力资源管理,A125,山西财经大学,3,75362
2023,1,33,行政管理,A125,山西财经大学,1,61277
2023,1,34,国民经济管理,A125,山西财经大学,2,87653
2023,1,35,土地资源管理,A125,山西财经大学,1,83243
2023,1,36,新闻学,A125,山西财经大学,2,71194
2023,1,38,文化产业管理,A125,山西财经大学,1,79228
2023,1,39,旅游管理,A125,山西财经大学,4,242163
2023,1,40,网络与新媒体,A125,山西财经大学,1,46897
2023,1,41,信息与计算科学,A125,山西财经大学,1,65225
2023,1,42,金融数学,A125,山西财经大学,2,62043
2023,1,43,自然地理与资源环境,A125,山西财经大学,1,67858
2023,1,44,人文地理与城乡规划,A125,山西财经大学,2,75918
2023,1,45,资源与环境经济学,A125,山西财经大学,3,84690
2023,1,47,数据科学与大数据技术,A125,山西财经大学,2,61825
2023,1,48,汉语国际教育,A125,山西财经大学,1,76972
2023,1,51,金融科技,A125,山西财经大学,3,82587
2023,1,52,应急管理,A125,山西财经大学,2,161853
2023,1,53,地理信息科学,A125,山西财经大学,2,71583
2023,1,49,金融学(中外合作办学),A125,山西财经大学,8,112759
2023,1,50,会计学(中外合作办学),A125,山西财经大学,8,99313
2023,1,11,哲学,A126,内蒙古大学,1,23648
2023,1,12,哲学,A126,内蒙古大学,1,32221
2023,1,13,法学,A126,内蒙古大学,2,20028
2023,1,14,纪检监察,A126,内蒙古大学,1,20040
2023,1,15,政治学与行政学,A126,内蒙古大学,1,29951
2023,1,16,社会学,A126,内蒙古大学,2,38733
2023,1,17,社会工作,A126,内蒙古大学,1,45116
2023,1,18,政治学、经济学与哲学,A126,内蒙古大学,1,33489
2023,1,19,马克思主义理论,A126,内蒙古大学,1,28494
2023,1,1A,汉语言文学,A126,内蒙古大学,2,21818
2023,1,1B,汉语言文学,A126,内蒙古大学,2,23035
2023,1,1C,汉语国际教育,A126,内蒙古大学,1,27723
2023,1,1D,英语,A126,内蒙古大学,2,41545
2023,1,1E,俄语,A126,内蒙古大学,1,218567
2023,1,1F,日语,A126,内蒙古大学,1,139107
2023,1,1G,新闻学,A126,内蒙古大学,2,35195
2023,1,1H,网络与新媒体,A126,内蒙古大学,1,31984
2023,1,1J,历史学,A126,内蒙古大学,1,24879
2023,1,1K,历史学,A126,内蒙古大学,2,27671
2023,1,1P,文物与博物馆学,A126,内蒙古大学,1,32191
2023,1,1Q,行政管理,A126,内蒙古大学,1,38653
2023,1,1R,劳动与社会保障,A126,内蒙古大学,1,33690
2023,1,1S,土地资源管理,A126,内蒙古大学,1,39434
2023,1,1T,旅游管理,A126,内蒙古大学,1,46671
2023,1,31,经济学,A126,内蒙古大学,3,35836
2023,1,32,金融学,A126,内蒙古大学,3,35620
2023,1,35,数学类,A126,内蒙古大学,5,28920
2023,1,36,数理基础科学,A126,内蒙古大学,2,26578
2023,1,37,物理学,A126,内蒙古大学,2,30308
2023,1,38,物理学类,A126,内蒙古大学,4,31874
2023,1,3A,化学,A126,内蒙古大学,3,40760
2023,1,3B,应用化学,A126,内蒙古大学,3,42292
2023,1,3C,大气科学,A126,内蒙古大学,2,35958
2023,1,3D,生物科学,A126,内蒙古大学,3,32174
2023,1,3E,生物科学,A126,内蒙古大学,2,35712
2023,1,3F,生物科学,A126,内蒙古大学,1,27461
2023,1,3G,生物技术,A126,内蒙古大学,2,34950
2023,1,3H,生物技术,A126,内蒙古大学,1,35838
2023,1,3K,生态学,A126,内蒙古大学,3,44308
2023,1,3M,机械工程,A126,内蒙古大学,8,35980
2023,1,3N,车辆工程,A126,内蒙古大学,6,35030
2023,1,3P,材料化学,A126,内蒙古大学,3,42000
2023,1,3Q,电子信息类,A126,内蒙古大学,5,28599
2023,1,3R,电子科学与技术,A126,内蒙古大学,4,28747
2023,1,3W,计算机科学与技术,A126,内蒙古大学,2,21750
2023,1,3X,软件工程,A126,内蒙古大学,5,25855
2023,1,3Z,数据科学与大数据技术,A126,内蒙古大学,2,26302
2023,1,41,土木工程,A126,内蒙古大学,8,51144
2023,1,42,道路桥梁与渡河工程,A126,内蒙古大学,5,50848
2023,1,43,化学工程与工艺,A126,内蒙古大学,3,44782
2023,1,44,交通运输,A126,内蒙古大学,5,39768
2023,1,45,环境工程,A126,内蒙古大学,2,40888
2023,1,46,环境科学,A126,内蒙古大学,2,45593
2023,1,47,环境生态工程,A126,内蒙古大学,2,45787
2023,1,49,生物医学工程,A126,内蒙古大学,2,37490
2023,1,4E,工程管理,A126,内蒙古大学,5,48137
2023,1,4F,工商管理,A126,内蒙古大学,2,46048
2023,1,4H,会计学,A126,内蒙古大学,3,24562
2023,1,4J,物流管理,A126,内蒙古大学,6,51376
2023,1,01,金融学,A127,内蒙古科技大学,2,139631
2023,1,02,国际经济与贸易,A127,内蒙古科技大学,1,150212
2023,1,03,法学,A127,内蒙古科技大学,2,103555
2023,1,04,社会工作,A127,内蒙古科技大学,4,177766
2023,1,05,思想政治教育,A127,内蒙古科技大学,2,110174
2023,1,06,汉语言文学,A127,内蒙古科技大学,2,88097
2023,1,10,市场营销,A127,内蒙古科技大学,4,191030
2023,1,11,会计学,A127,内蒙古科技大学,2,121372
2023,1,25,应用物理学,A127,内蒙古科技大学,5,158694
2023,1,26,材料成型及控制工程,A127,内蒙古科技大学,3,167741
2023,1,28,冶金工程,A127,内蒙古科技大学,20,183905
2023,1,29,能源与动力工程,A127,内蒙古科技大学,3,134410
2023,1,33,智能建造,A127,内蒙古科技大学,3,164794
2023,1,34,环境工程,A127,内蒙古科技大学,1,163932
2023,1,41,建筑学,A127,内蒙古科技大学,1,148343
2023,1,42,城市设计,A127,内蒙古科技大学,5,185453
2023,1,52,食品科学与工程,A127,内蒙古科技大学,1,170481
2023,1,55,应急技术与管理,A127,内蒙古科技大学,2,173523
2023,1,L1,机械类,A127,内蒙古科技大学,30,160374
2023,1,L3,电气类,A127,内蒙古科技大学,2,132741
2023,1,L4,管理科学与工程类,A127,内蒙古科技大学,2,176390
2023,1,L5,化工与制药类,A127,内蒙古科技大学,30,183285
2023,1,L7,土木类,A127,内蒙古科技大学,60,191810
2023,1,LA,材料类,A127,内蒙古科技大学,14,188033
2023,1,05,机械设计制造及其自动化,A128,内蒙古工业大学,4,134431
2023,1,07,电子信息工程,A128,内蒙古工业大学,3,123962
2023,1,09,材料成型及控制工程,A128,内蒙古工业大学,4,163291
2023,1,0A,化学工程与工艺,A128,内蒙古工业大学,4,145136
2023,1,0C,建筑学,A128,内蒙古工业大学,4,127259
2023,1,0D,土木工程,A128,内蒙古工业大学,4,165561
2023,1,0E,道路桥梁与渡河工程,A128,内蒙古工业大学,4,166399
2023,1,0J,计算机科学与技术,A128,内蒙古工业大学,4,111409
2023,1,11,冶金工程,A128,内蒙古工业大学,5,176869
2023,1,13,过程装备与控制工程,A128,内蒙古工业大学,3,164742
2023,1,18,应用化学,A128,内蒙古工业大学,3,160919
2023,1,19,安全工程,A128,内蒙古工业大学,4,175149
2023,1,1A,信息与计算科学,A128,内蒙古工业大学,4,135540
2023,1,1E,车辆工程,A128,内蒙古工业大学,4,147173
2023,1,1J,建筑环境与能源应用工程,A128,内蒙古工业大学,4,168083
2023,1,1P,资源与环境经济学,A128,内蒙古工业大学,4,169000
2023,1,1Q,工程力学,A128,内蒙古工业大学,4,167387
2023,1,1U,纺织工程,A128,内蒙古工业大学,3,177464
2023,1,20,地质工程,A128,内蒙古工业大学,3,175629
2023,1,2E,交通运输,A128,内蒙古工业大学,4,153524
2023,1,2M,公共事业管理,A128,内蒙古工业大学,4,167912
2023,1,2S,交通工程,A128,内蒙古工业大学,4,155279
2023,1,2T,采矿工程,A128,内蒙古工业大学,3,185962
2023,1,3K,电气类,A128,内蒙古工业大学,14,124414
2023,1,57,智能制造工程,A128,内蒙古工业大学,4,151603
2023,1,58,能源化学工程,A128,内蒙古工业大学,4,156533
2023,1,59,储能科学与工程,A128,内蒙古工业大学,4,152324
2023,1,5B,智能建造,A128,内蒙古工业大学,4,172778
2023,1,5C,飞行器设计与工程,A128,内蒙古工业大学,4,146781
2023,1,5E,英语(英德复语),A128,内蒙古工业大学,5,171412
2023,1,01,动物科学,A129,内蒙古农业大学,2,125432
2023,1,13,动植物检疫,A129,内蒙古农业大学,4,162606
2023,1,14,动物药学,A129,内蒙古农业大学,3,167123
2023,1,20,农学,A129,内蒙古农业大学,3,150161
2023,1,21,植物保护,A129,内蒙古农业大学,4,173978
2023,1,23,植物科学与技术,A129,内蒙古农业大学,4,173363
2023,1,24,种子科学与工程,A129,内蒙古农业大学,5,172519
2023,1,30,林学,A129,内蒙古农业大学,4,161298
2023,1,34,园林,A129,内蒙古农业大学,4,168658
2023,1,36,消防工程,A129,内蒙古农业大学,3,162003
2023,1,40,草业科学,A129,内蒙古农业大学,4,164655
2023,1,42,农业资源与环境,A129,内蒙古农业大学,3,170146
2023,1,51,土地资源管理,A129,内蒙古农业大学,4,156151
2023,1,60,机械设计制造及其自动化,A129,内蒙古农业大学,4,150251
2023,1,62,电气工程及其自动化,A129,内蒙古农业大学,3,130050
2023,1,63,农业机械化及其自动化,A129,内蒙古农业大学,3,164848
2023,1,66,农业电气化,A129,内蒙古农业大学,4,163102
2023,1,70,农业水利工程,A129,内蒙古农业大学,3,151557
2023,1,7C,水利类,A129,内蒙古农业大学,3,144156
2023,1,83,风景园林,A129,内蒙古农业大学,4,159476
2023,1,A1,食品科学与工程,A129,内蒙古农业大学,4,157540
2023,1,A2,食品质量与安全,A129,内蒙古农业大学,3,162273
2023,1,B1,计算机科学与技术,A129,内蒙古农业大学,3,123137
2023,1,C2,制药工程,A129,内蒙古农业大学,4,163109
2023,1,C3,生物技术,A129,内蒙古农业大学,4,168827
2023,1,E0,英语,A129,内蒙古农业大学,4,159855
2023,1,F0,电子科学与技术,A129,内蒙古农业大学,6,143883
2023,1,F2,应用统计学,A129,内蒙古农业大学,3,138995
2023,1,F3,应用化学,A129,内蒙古农业大学,6,171538
2023,1,G0,新能源科学与工程,A129,内蒙古农业大学,3,136737
2023,1,G4,道路桥梁与渡河工程,A129,内蒙古农业大学,4,179455
2023,1,04,医学影像学,A132,内蒙古医科大学,1,58369
2023,1,05,临床医学,A132,内蒙古医科大学,3,48780
2023,1,08,中医学,A132,内蒙古医科大学,5,97560
2023,1,12,针灸推拿学,A132,内蒙古医科大学,5,114343
2023,1,C1,护理学,A132,内蒙古医科大学,4,160243
2023,1,41,汉语言文学(师范类),A135,内蒙古师范大学,5,68853
2023,1,D1,物理学(师范类),A135,内蒙古师范大学,5,104186
2023,1,E1,化学(师范类),A135,内蒙古师范大学,5,120432
2023,1,0A,临床医学,A136,内蒙古民族大学,3,96441
2023,1,0D,电气工程及其自动化,A136,内蒙古民族大学,4,149676
2023,1,0G,智慧农业,A136,内蒙古民族大学,3,174209
2023,1,2A,食品质量与安全,A136,内蒙古民族大学,3,180876
2023,1,3A,农学,A136,内蒙古民族大学,2,173518
2023,1,65,经济学,A136,内蒙古民族大学,1,143887
2023,1,69,法学,A136,内蒙古民族大学,1,102211
2023,1,70,思想政治教育(师范类),A136,内蒙古民族大学,3,114980
2023,1,74,汉语国际教育,A136,内蒙古民族大学,4,192058
2023,1,78,新闻学,A136,内蒙古民族大学,4,174984
2023,1,80,数学与应用数学(师范类),A136,内蒙古民族大学,2,147128
2023,1,82,物理学(师范类),A136,内蒙古民族大学,2,147748
2023,1,84,化学(师范类),A136,内蒙古民族大学,6,162149
2023,1,86,生物科学,A136,内蒙古民族大学,4,178725
2023,1,88,机械设计制造及其自动化,A136,内蒙古民族大学,6,167727
2023,1,94,计算机科学与技术,A136,内蒙古民族大学,2,137249
2023,1,96,网络工程,A136,内蒙古民族大学,2,145568
2023,1,97,数字媒体技术,A136,内蒙古民族大学,2,130507
2023,1,99,化学工程与工艺,A136,内蒙古民族大学,3,181506
2023,1,A1,预防医学,A136,内蒙古民族大学,1,130372
2023,1,A2,药物制剂,A136,内蒙古民族大学,2,166441
2023,1,A4,医学影像技术,A136,内蒙古民族大学,2,141204
2023,1,A6,护理学,A136,内蒙古民族大学,2,150681
2023,1,A8,财务管理,A136,内蒙古民族大学,3,146415
2023,1,26,数学与应用数学(师范类),A138,赤峰学院,3,198324
2023,1,28,物理学(师范类),A138,赤峰学院,4,202465
2023,1,30,化学(师范类),A138,赤峰学院,6,191567
2023,1,49,英语(师范类),A138,赤峰学院,6,203526
2023,1,8N,机械设计制造及其自动化,A138,赤峰学院,5,210699
2023,1,01,经济学,A139,内蒙古财经大学,6,152421
2023,1,09,金融工程,A139,内蒙古财经大学,6,163905
2023,1,17,税收学,A139,内蒙古财经大学,6,130041
2023,1,19,资产评估,A139,内蒙古财经大学,6,154283
2023,1,27,工商管理,A139,内蒙古财经大学,6,146478
2023,1,31,会计学,A139,内蒙古财经大学,6,98833
2023,1,33,财务管理,A139,内蒙古财经大学,6,116059
2023,1,39,秘书学,A139,内蒙古财经大学,6,155399
2023,1,48,经济统计学,A139,内蒙古财经大学,6,167207
2023,1,54,法学,A139,内蒙古财经大学,6,103257
2023,1,11,编辑出版学,A140,辽宁大学,2,32102
2023,1,12,经济学类,A140,辽宁大学,10,27250
2023,1,17,金融学类,A140,辽宁大学,5,24051
2023,1,21,国际政治,A140,辽宁大学,3,32141
2023,1,22,朝鲜语,A140,辽宁大学,4,53780
2023,1,29,英语,A140,辽宁大学,3,29360
2023,1,32,法语,A140,辽宁大学,3,35217
2023,1,33,日语,A140,辽宁大学,2,38896
2023,1,34,广播电视编导,A140,辽宁大学,5,48301
2023,1,47,戏剧影视文学,A140,辽宁大学,4,50404
2023,1,48,汉语国际教育,A140,辽宁大学,3,26899
2023,1,49,数学与应用数学,A140,辽宁大学,3,22305
2023,1,50,物理学,A140,辽宁大学,2,23953
2023,1,52,微电子科学与工程,A140,辽宁大学,2,21602
2023,1,53,化学类,A140,辽宁大学,3,27640
2023,1,56,制药工程,A140,辽宁大学,2,26634
2023,1,57,生物技术,A140,辽宁大学,3,28302
2023,1,62,电子信息类,A140,辽宁大学,3,21879
2023,1,70,数字经济,A140,辽宁大学,2,24152
2023,1,72,纪检监察,A140,辽宁大学,4,22231
2023,1,89,英语(中外高水平大学学生交流计划),A140,辽宁大学,2,102642
2023,1,8A,汉语言文学,A140,辽宁大学,3,18912
2023,1,8C,新闻学,A140,辽宁大学,6,32827
2023,1,81,会计学(中外合作办学),A140,辽宁大学,5,35202
2023,1,82,市场营销(中外合作办学),A140,辽宁大学,5,73496
2023,1,83,工商管理(中外合作办学),A140,辽宁大学,4,40588
2023,1,84,会计学(中外合作办学),A140,辽宁大学,1,28629
2023,1,85,金融学(中外合作办学),A140,辽宁大学,1,31774
2023,1,86,国际商务(中外合作办学),A140,辽宁大学,2,44992
2023,1,14,电子信息类(创新班),A141,大连理工大学,3,4495
2023,1,22,应用化学(理学、张大煜化学基础科学拔尖计划班),A141,大连理工大学,3,7245
2023,1,24,生物工程,A141,大连理工大学,3,11777
2023,1,35,工程力学,A141,大连理工大学,7,7317
2023,1,36,车辆工程(英语强化),A141,大连理工大学,5,10844
2023,1,37,工程力学(钱令希力学创新班、拔尖计划班),A141,大连理工大学,5,6526
2023,1,40,光电信息科学与工程,A141,大连理工大学,9,8223
2023,1,42,机械设计制造及其自动化(日语强化),A141,大连理工大学,4,8589
2023,1,43,机械设计制造及其自动化(创新班),A141,大连理工大学,5,5404
2023,1,44,建筑类,A141,大连理工大学,13,64076
2023,1,47,能源与动力工程,A141,大连理工大学,19,11408
2023,1,48,软件工程,A141,大连理工大学,35,9073
2023,1,49,数学类(数学类及华罗庚数学基础科学拔尖计划班),A141,大连理工大学,9,7929
2023,1,51,电子科学与技术,A141,大连理工大学,10,6554
2023,1,53,应用物理学(王大珩物理基础科学拔尖计划班),A141,大连理工大学,4,8671
2023,1,65,机械类,A141,大连理工大学,6,7189
2023,1,66,管理科学与工程类(经济管理实验班),A141,大连理工大学,9,14425
2023,1,67,人工智能(未来技术班),A141,大连理工大学,4,5148
2023,1,95,计算机科学与技术(国家基础学科拔尖学生培养计划基地班),A141,大连理工大学,3,4676
2023,1,A2,化工与制药类(创新班),A141,大连理工大学,5,8907
2023,1,A3,电子信息类(电信、自动化与计算机新工科实验班),A141,大连理工大学,26,6028
2023,1,A5,环境科学与工程类,A141,大连理工大学,9,14636
2023,1,A7,化工与制药类(智能化工、新材料与安全新工科实验班),A141,大连理工大学,7,12142
2023,1,56,应用物理学(中外合作办学),A141,大连理工大学,3,25117
2023,1,57,工程力学(中外合作办学),A141,大连理工大学,3,25449
2023,1,58,计算机类(中外合作办学),A141,大连理工大学,27,20606
2023,1,59,机械设计制造及其自动化(中外合作办学),A141,大连理工大学,3,19285
2023,1,A1,机械设计制造及其自动化,A142,沈阳工业大学,6,52884
2023,1,A4,工业设计,A142,沈阳工业大学,5,76764
2023,1,A5,机器人工程,A142,沈阳工业大学,4,61192
2023,1,B1,材料成型及控制工程,A142,沈阳工业大学,5,91363
2023,1,C1,电气工程及其自动化,A142,沈阳工业大学,6,27446
2023,1,C2,自动化,A142,沈阳工业大学,5,51214
2023,1,D3,电子科学与技术,A142,沈阳工业大学,3,59019
2023,1,D4,通信工程,A142,沈阳工业大学,3,59227
2023,1,D5,计算机科学与技术,A142,沈阳工业大学,6,43980
2023,1,E2,应用物理学,A142,沈阳工业大学,3,63973
2023,1,E3,信息与计算科学,A142,沈阳工业大学,3,67606
2023,1,EA,环境工程,A142,沈阳工业大学,5,120867
2023,1,EB,能源化学工程,A142,沈阳工业大学,3,70999
2023,1,F2,土木工程,A142,沈阳工业大学,4,98957
2023,1,G1,国际经济与贸易,A142,沈阳工业大学,3,108551
2023,1,G2,金融学,A142,沈阳工业大学,3,75571
2023,1,H1,工程管理,A142,沈阳工业大学,3,125361
2023,1,H4,会计学,A142,沈阳工业大学,6,70879
2023,1,H5,物流管理,A142,沈阳工业大学,3,104657
2023,1,J2,日语,A142,沈阳工业大学,5,231611
2023,1,L1,法学,A142,沈阳工业大学,5,65128
2023,1,LA,通信工程(中外合作办学),A142,沈阳工业大学,10,171545
2023,1,02,计算机科学与技术,A143,沈阳航空航天大学,1,23503
2023,1,03,物联网工程,A143,沈阳航空航天大学,1,25284
2023,1,04,网络工程,A143,沈阳航空航天大学,3,38182
2023,1,05,软件工程,A143,沈阳航空航天大学,1,27828
2023,1,06,电子信息工程,A143,沈阳航空航天大学,1,24235
2023,1,07,通信工程,A143,沈阳航空航天大学,2,28883
2023,1,08,飞行器制造工程,A143,沈阳航空航天大学,1,25052
2023,1,0A,能源与动力工程,A143,沈阳航空航天大学,1,27226
2023,1,0B,工程力学,A143,沈阳航空航天大学,2,51518
2023,1,0C,飞行器设计与工程,A143,沈阳航空航天大学,1,21206
2023,1,0E,探测制导与控制技术,A143,沈阳航空航天大学,1,39611
2023,1,0G,安全工程,A143,沈阳航空航天大学,2,51393
2023,1,0H,机械设计制造及其自动化,A143,沈阳航空航天大学,2,32092
2023,1,0K,机械电子工程,A143,沈阳航空航天大学,1,41262
2023,1,0L,工业工程,A143,沈阳航空航天大学,1,52219
2023,1,0N,测控技术与仪器,A143,沈阳航空航天大学,1,46172
2023,1,0P,工业设计,A143,沈阳航空航天大学,1,33160
2023,1,0Q,材料成型及控制工程,A143,沈阳航空航天大学,3,55399
2023,1,0S,金属材料工程,A143,沈阳航空航天大学,5,101704
2023,1,0T,环境工程,A143,沈阳航空航天大学,3,75302
2023,1,0W,复合材料与工程,A143,沈阳航空航天大学,2,73667
2023,1,0X,消防工程,A143,沈阳航空航天大学,6,94962
2023,1,0Y,保险学,A143,沈阳航空航天大学,4,172435
2023,1,10,新能源科学与工程,A143,沈阳航空航天大学,2,42255
2023,1,11,能源与环境系统工程,A143,沈阳航空航天大学,3,48157
2023,1,12,信息与计算科学,A143,沈阳航空航天大学,2,44862
2023,1,13,应用物理学,A143,沈阳航空航天大学,2,41303
2023,1,14,交通运输,A143,沈阳航空航天大学,1,55691
2023,1,1D,英语,A143,沈阳航空航天大学,2,66733
2023,1,1Q,人工智能,A143,沈阳航空航天大学,2,34650
2023,1,1R,机器人工程,A143,沈阳航空航天大学,2,35692
2023,1,1V,智能制造工程,A143,沈阳航空航天大学,1,36460
2023,1,1Z,数据科学与大数据技术,A143,沈阳航空航天大学,2,35714
2023,1,1G,飞行器动力工程(中外合作办学),A143,沈阳航空航天大学,6,77862
2023,1,01,金融学,A144,沈阳理工大学,2,73798
2023,1,02,英语,A144,沈阳理工大学,2,90621
2023,1,03,俄语,A144,沈阳理工大学,2,133660
2023,1,04,信息与计算科学,A144,沈阳理工大学,1,57628
2023,1,05,应用化学,A144,沈阳理工大学,1,61248
2023,1,06,机械设计制造及其自动化,A144,沈阳理工大学,5,70439
2023,1,07,材料成型及控制工程,A144,沈阳理工大学,1,98838
2023,1,08,机械电子工程,A144,沈阳理工大学,2,71252
2023,1,09,工业设计,A144,沈阳理工大学,1,70491
2023,1,10,车辆工程,A144,沈阳理工大学,5,80954
2023,1,11,智能制造工程,A144,沈阳理工大学,1,55080
2023,1,12,智能车辆工程,A144,沈阳理工大学,1,64836
2023,1,13,测控技术与仪器,A144,沈阳理工大学,1,67975
2023,1,14,金属材料工程,A144,沈阳理工大学,1,109903
2023,1,15,无机非金属材料工程,A144,沈阳理工大学,1,94569
2023,1,16,粉体材料科学与工程,A144,沈阳理工大学,1,84033
2023,1,17,电气工程及其自动化,A144,沈阳理工大学,1,33226
2023,1,18,电子信息工程,A144,沈阳理工大学,1,34278
2023,1,20,通信工程,A144,沈阳理工大学,1,39975
2023,1,21,光电信息科学与工程,A144,沈阳理工大学,1,61219
2023,1,22,自动化,A144,沈阳理工大学,1,53213
2023,1,23,机器人工程,A144,沈阳理工大学,1,64786
2023,1,24,计算机科学与技术,A144,沈阳理工大学,1,38437
2023,1,25,网络工程,A144,沈阳理工大学,1,51341
2023,1,26,智能科学与技术,A144,沈阳理工大学,1,47409
2023,1,28,化学工程与工艺,A144,沈阳理工大学,1,81315
2023,1,29,武器发射工程,A144,沈阳理工大学,1,63090
2023,1,30,探测制导与控制技术,A144,沈阳理工大学,1,68146
2023,1,31,弹药工程与爆炸技术,A144,沈阳理工大学,1,71446
2023,1,32,特种能源技术与工程,A144,沈阳理工大学,1,77871
2023,1,33,装甲车辆工程,A144,沈阳理工大学,1,40129
2023,1,34,信息对抗技术,A144,沈阳理工大学,1,68197
2023,1,35,智能无人系统技术,A144,沈阳理工大学,1,59090
2023,1,36,环境工程,A144,沈阳理工大学,1,105211
2023,1,37,安全工程,A144,沈阳理工大学,1,89424
2023,1,38,信息管理与信息系统,A144,沈阳理工大学,1,77605
2023,1,39,工商管理,A144,沈阳理工大学,2,95523
2023,1,40,会计学,A144,沈阳理工大学,2,71829
2023,1,44,机械设计制造及其自动化(中外合作办学),A144,沈阳理工大学,10,200527
2023,1,45,测控技术与仪器(中外合作办学),A144,沈阳理工大学,5,207235
2023,1,46,金属材料工程(中外合作办学),A144,沈阳理工大学,5,217624
2023,1,47,计算机科学与技术(中外合作办学),A144,沈阳理工大学,5,140346
2023,1,48,化学工程与工艺(中外合作办学),A144,沈阳理工大学,13,217578
2023,1,0A,公共管理类,A145,东北大学,10,17885
2023,1,0B,人文科学试验班,A145,东北大学,6,18357
2023,1,0C,外国语言文学类,A145,东北大学,30,32928
2023,1,1A,经济管理试验班,A145,东北大学,16,18701
2023,1,1B,数学类,A145,东北大学,5,13426
2023,1,1C,应用物理学,A145,东北大学,8,15207
2023,1,1F,化学类,A145,东北大学,6,18848
2023,1,1H,智能采矿工程,A145,东北大学,2,20924
2023,1,1J,工科试验班,A145,东北大学,24,17879
2023,1,1K,材料类,A145,东北大学,12,18738
2023,1,1M,机械类,A145,东北大学,22,15724
2023,1,1N,智能制造工程,A145,东北大学,10,13111
2023,1,1P,自动化类,A145,东北大学,13,10887
2023,1,1Q,计算机类,A145,东北大学,7,8319
2023,1,1R,电子信息类,A145,东北大学,4,10408
2023,1,1S,人工智能,A145,东北大学,4,9882
2023,1,1T,计算机类,A145,东北大学,20,10528
2023,1,1V,智能医学工程,A145,东北大学,4,13999
2023,1,1W,生物工程类,A145,东北大学,2,15852
2023,1,1X,建筑类,A145,东北大学,6,22331
2023,1,1Y,机器人工程,A145,东北大学,2,10564
2023,1,01,材料成型及控制工程,A146,辽宁科技大学,4,128623
2023,1,02,材料科学与工程,A146,辽宁科技大学,6,139712
2023,1,03,冶金工程,A146,辽宁科技大学,4,158949
2023,1,04,无机非金属材料工程,A146,辽宁科技大学,7,154206
2023,1,05,能源与动力工程,A146,辽宁科技大学,4,81578
2023,1,06,应用化学,A146,辽宁科技大学,1,118983
2023,1,07,储能科学与工程,A146,辽宁科技大学,4,92862
2023,1,08,化学工程与工艺,A146,辽宁科技大学,2,118931
2023,1,09,环境工程,A146,辽宁科技大学,4,169259
2023,1,10,生物工程,A146,辽宁科技大学,3,56392
2023,1,12,电气工程及其自动化,A146,辽宁科技大学,1,65447
2023,1,14,通信工程,A146,辽宁科技大学,1,61382
2023,1,15,自动化,A146,辽宁科技大学,2,73228
2023,1,16,机械工程,A146,辽宁科技大学,3,84353
2023,1,17,机械设计制造及其自动化,A146,辽宁科技大学,2,65487
2023,1,18,机械电子工程,A146,辽宁科技大学,1,64544
2023,1,19,智能制造工程,A146,辽宁科技大学,4,99367
2023,1,25,软件工程,A146,辽宁科技大学,4,79077
2023,1,26,网络工程,A146,辽宁科技大学,4,101476
2023,1,28,数据科学与大数据技术,A146,辽宁科技大学,2,94007
2023,1,29,工商管理,A146,辽宁科技大学,2,109528
2023,1,30,市场营销,A146,辽宁科技大学,2,182020
2023,1,34,采矿工程,A146,辽宁科技大学,4,147510
2023,1,35,矿物加工工程,A146,辽宁科技大学,4,151296
2023,1,36,数据计算及应用,A146,辽宁科技大学,3,107728
2023,1,37,应用物理学,A146,辽宁科技大学,1,93437
2023,1,39,金融学,A146,辽宁科技大学,1,101420
2023,1,45,英语,A146,辽宁科技大学,3,154179
2023,1,46,机器人工程,A146,辽宁科技大学,2,82381
2023,1,H1,冶金工程(中外合作办学),A146,辽宁科技大学,6,210562
2023,1,01,采矿工程,A147,辽宁工程技术大学,2,145770
2023,1,06,安全工程,A147,辽宁工程技术大学,2,108926
2023,1,07,应急技术与管理,A147,辽宁工程技术大学,2,140896
2023,1,14,工程力学,A147,辽宁工程技术大学,3,124152
2023,1,16,机械设计制造及其自动化,A147,辽宁工程技术大学,2,85106
2023,1,23,土木工程,A147,辽宁工程技术大学,2,151216
2023,1,40,金属材料工程,A147,辽宁工程技术大学,2,143413
2023,1,50,数据科学与大数据技术,A147,辽宁工程技术大学,2,92102
2023,1,02,材料成型及控制工程,A148,辽宁石油化工大学,3,148858
2023,1,03,材料化学,A148,辽宁石油化工大学,2,148034
2023,1,05,测控技术与仪器,A148,辽宁石油化工大学,5,141027
2023,1,07,城市地下空间工程,A148,辽宁石油化工大学,2,145378
2023,1,12,复合材料与工程,A148,辽宁石油化工大学,3,155093
2023,1,14,高分子材料与工程(卓越计划班),A148,辽宁石油化工大学,5,122495
2023,1,16,工程管理,A148,辽宁石油化工大学,2,150192
2023,1,18,过程装备与控制工程,A148,辽宁石油化工大学,2,130182
2023,1,19,过程装备与控制工程(卓越计划班),A148,辽宁石油化工大学,1,86002
2023,1,20,海洋油气工程,A148,辽宁石油化工大学,2,127125
2023,1,22,化工安全工程,A148,辽宁石油化工大学,2,151297
2023,1,23,化学工程与工艺,A148,辽宁石油化工大学,1,117572
2023,1,24,化学工程与工艺(卓越计划班),A148,辽宁石油化工大学,1,117005
2023,1,26,环境工程,A148,辽宁石油化工大学,3,151520
2023,1,29,机器人工程,A148,辽宁石油化工大学,2,123235
2023,1,30,机械设计制造及其自动化,A148,辽宁石油化工大学,3,111672
2023,1,34,金属材料工程,A148,辽宁石油化工大学,1,156231
2023,1,36,能源与动力工程,A148,辽宁石油化工大学,3,122002
2023,1,39,石油工程,A148,辽宁石油化工大学,2,111614
2023,1,40,市场营销,A148,辽宁石油化工大学,2,194828
2023,1,41,数学与应用数学,A148,辽宁石油化工大学,3,132622
2023,1,46,应用化学,A148,辽宁石油化工大学,6,143327
2023,1,47,应用物理学,A148,辽宁石油化工大学,2,132523
2023,1,49,油气储运工程,A148,辽宁石油化工大学,1,88547
2023,1,51,智能科学与技术,A148,辽宁石油化工大学,1,117506
2023,1,52,智能制造工程,A148,辽宁石油化工大学,2,128405
2023,1,55,人工智能,A148,辽宁石油化工大学,2,114303
2023,1,56,环境生态工程,A148,辽宁石油化工大学,2,154461
2023,1,58,精细化工,A148,辽宁石油化工大学,2,149667
2023,1,59,质量管理工程,A148,辽宁石油化工大学,3,202581
2023,1,25,化学工程与工艺(中外合作办学),A148,辽宁石油化工大学,8,207963
2023,1,57,电气工程及其自动化(中外合作办学),A148,辽宁石油化工大学,9,178693
2023,1,60,石油工程(中外合作办学),A148,辽宁石油化工大学,12,206355
2023,1,A1,化学工程与工艺,A149,沈阳化工大学,6,132906
2023,1,A2,应用化学,A149,沈阳化工大学,2,121217
2023,1,A3,能源化学工程,A149,沈阳化工大学,2,125113
2023,1,B1,高分子材料与工程,A149,沈阳化工大学,2,134707
2023,1,B2,高分子材料与工程(卓越工程师班),A149,沈阳化工大学,5,132868
2023,1,B3,无机非金属材料工程,A149,沈阳化工大学,4,153874
2023,1,B4,材料化学,A149,沈阳化工大学,4,144032
2023,1,C1,过程装备与控制工程,A149,沈阳化工大学,2,124411
2023,1,C2,机械设计制造及其自动化,A149,沈阳化工大学,2,105606
2023,1,C3,油气储运工程,A149,沈阳化工大学,3,129783
2023,1,C5,能源与动力工程,A149,沈阳化工大学,1,96006
2023,1,C6,金属材料工程,A149,沈阳化工大学,9,159065
2023,1,D1,电气工程及其自动化,A149,沈阳化工大学,2,92247
2023,1,D2,自动化,A149,沈阳化工大学,2,99423
2023,1,D3,测控技术与仪器,A149,沈阳化工大学,2,136143
2023,1,D4,电子信息工程,A149,沈阳化工大学,2,99328
2023,1,D5,人工智能,A149,沈阳化工大学,3,105622
2023,1,D6,电子科学与技术,A149,沈阳化工大学,2,95312
2023,1,E1,计算机科学与技术,A149,沈阳化工大学,1,71369
2023,1,E2,软件工程,A149,沈阳化工大学,2,92108
2023,1,E3,网络工程,A149,沈阳化工大学,2,110755
2023,1,E4,数据科学与大数据技术,A149,沈阳化工大学,1,100302
2023,1,F1,制药工程,A149,沈阳化工大学,4,133011
2023,1,F2,生物工程,A149,沈阳化工大学,3,125439
2023,1,G1,环境工程,A149,沈阳化工大学,8,162066
2023,1,G2,安全工程,A149,沈阳化工大学,6,152611
2023,1,H1,化学,A149,沈阳化工大学,2,120857
2023,1,J1,金融学,A149,沈阳化工大学,4,134040
2023,1,J2,会计学,A149,沈阳化工大学,3,103532
2023,1,J3,工程管理,A149,沈阳化工大学,3,181407
2023,1,J4,国际经济与贸易,A149,沈阳化工大学,1,130865
2023,1,J5,应急管理,A149,沈阳化工大学,3,162871
2023,1,K2,社会工作,A149,沈阳化工大学,2,153072
2023,1,W1,英语,A149,沈阳化工大学,2,130382
2023,1,C4,能源与动力工程(中外合作办学),A149,沈阳化工大学,3,183532
2023,1,07,机械工程,A150,大连交通大学,3,37550
2023,1,12,材料成型及控制工程,A150,大连交通大学,2,55382
2023,1,14,焊接技术与工程,A150,大连交通大学,2,72265
2023,1,15,电子科学与技术,A150,大连交通大学,2,39447
2023,1,16,车辆工程,A150,大连交通大学,4,42932
2023,1,19,交通运输,A150,大连交通大学,2,35466
2023,1,20,交通工程,A150,大连交通大学,2,43389
2023,1,21,安全工程,A150,大连交通大学,2,56084
2023,1,22,电气工程及其自动化,A150,大连交通大学,3,34949
2023,1,24,轨道交通信号与控制,A150,大连交通大学,2,33912
2023,1,25,通信工程,A150,大连交通大学,2,37260
2023,1,26,电子信息工程,A150,大连交通大学,2,36365
2023,1,27,计算机科学与技术,A150,大连交通大学,2,32398
2023,1,28,土木工程,A150,大连交通大学,3,55496
2023,1,30,环境工程,A150,大连交通大学,3,65187
2023,1,47,日语,A150,大连交通大学,2,246268
2023,1,06,会计学(中外合作办学),A150,大连交通大学,3,100624
2023,1,48,机械工程(中外合作办学),A150,大连交通大学,5,106910
2023,1,49,土木工程(中外合作办学),A150,大连交通大学,4,134718
2023,1,50,机械工程(中外合作办学),A150,大连交通大学,4,128759
2023,1,51,车辆工程(中外合作办学),A150,大连交通大学,5,129121
2023,1,52,土木工程(中外合作办学),A150,大连交通大学,4,149282
2023,1,07,经济学类,A151,大连海事大学,3,24297
2023,1,12,海事管理,A151,大连海事大学,6,23845
2023,1,14,安全工程,A151,大连海事大学,4,29473
2023,1,15,物流管理,A151,大连海事大学,4,28976
2023,1,16,供应链管理,A151,大连海事大学,4,29228
2023,1,18,金融工程,A151,大连海事大学,4,25774
2023,1,19,法学,A151,大连海事大学,12,15274
2023,1,20,英语,A151,大连海事大学,6,27169
2023,1,21,日语,A151,大连海事大学,4,47241
2023,1,24,物联网工程,A151,大连海事大学,4,19130
2023,1,25,人工智能,A151,大连海事大学,3,20341
2023,1,Z4,自动化类,A151,大连海事大学,29,21814
2023,1,Z6,电子信息类,A151,大连海事大学,27,20713
2023,1,Z8,计算机类,A151,大连海事大学,34,19591
2023,1,ZA,交通运输类,A151,大连海事大学,36,28675
2023,1,ZC,管理科学与工程类,A151,大连海事大学,9,27341
2023,1,ZE,机械类,A151,大连海事大学,28,27347
2023,1,ZG,环境科学与工程类,A151,大连海事大学,5,29752
2023,1,ZJ,数学类,A151,大连海事大学,4,21421
2023,1,ZL,轮机工程(陆上专业),A151,大连海事大学,8,27403
2023,1,Z1,电子信息工程(中外合作办学),A151,大连海事大学,11,36685
2023,1,Z2,机械设计制造及其自动化(中外合作办学),A151,大连海事大学,8,41916
2023,1,Z3,土木工程(中外合作办学),A151,大连海事大学,8,66409
2023,1,04,工商管理(本科学术互认课程项目),A152,大连工业大学,5,134159
2023,1,09,应用化学,A152,大连工业大学,2,91957
2023,1,13,生物质能源与材料,A152,大连工业大学,3,108373
2023,1,17,计算机科学与技术,A152,大连工业大学,2,56854
2023,1,18,计算机科学与技术(本科学术互认课程项目),A152,大连工业大学,5,67076
2023,1,21,通信工程,A152,大连工业大学,3,60879
2023,1,23,生物技术,A152,大连工业大学,4,85777
2023,1,24,生物工程,A152,大连工业大学,5,92147
2023,1,26,生物制药,A152,大连工业大学,4,95449
2023,1,27,食品科学与工程,A152,大连工业大学,8,81150
2023,1,28,食品质量与安全,A152,大连工业大学,3,80665
2023,1,29,食品营养与健康,A152,大连工业大学,4,96565
2023,1,33,机械工程,A152,大连工业大学,3,74856
2023,1,37,机械电子工程(中外合作办学),A152,大连工业大学,4,152503
2023,1,01,建筑学,A153,沈阳建筑大学,2,53857
2023,1,02,城乡规划,A153,沈阳建筑大学,1,44943
2023,1,03,风景园林,A153,沈阳建筑大学,1,42544
2023,1,04,土木工程,A153,沈阳建筑大学,3,60841
2023,1,05,安全工程,A153,沈阳建筑大学,1,92225
2023,1,06,智能建造,A153,沈阳建筑大学,1,69549
2023,1,07,机械工程,A153,沈阳建筑大学,2,67088
2023,1,08,机械设计制造及其自动化,A153,沈阳建筑大学,1,48628
2023,1,09,机械电子工程,A153,沈阳建筑大学,1,69704
2023,1,0A,智能制造工程,A153,沈阳建筑大学,1,51785
2023,1,0B,给排水科学与工程,A153,沈阳建筑大学,1,82131
2023,1,0C,建筑环境与能源应用工程,A153,沈阳建筑大学,2,164744
2023,1,0D,环境工程,A153,沈阳建筑大学,1,108434
2023,1,0E,电气工程及其自动化,A153,沈阳建筑大学,1,47255
2023,1,0F,自动化,A153,沈阳建筑大学,1,68201
2023,1,0G,建筑电气与智能化,A153,沈阳建筑大学,1,63685
2023,1,0H,通信工程,A153,沈阳建筑大学,1,67217
2023,1,0J,计算机科学与技术,A153,沈阳建筑大学,1,39463
2023,1,0K,人工智能,A153,沈阳建筑大学,1,52505
2023,1,0L,信息与计算科学,A153,沈阳建筑大学,1,82028
2023,1,0M,数据科学与大数据技术,A153,沈阳建筑大学,1,60906
2023,1,0N,工程管理,A153,沈阳建筑大学,2,72595
2023,1,0P,工程造价,A153,沈阳建筑大学,1,74761
2023,1,0T,会计学,A153,沈阳建筑大学,1,72910
2023,1,0V,道路桥梁与渡河工程,A153,沈阳建筑大学,1,69997
2023,1,0W,测绘工程,A153,沈阳建筑大学,1,76484
2023,1,0X,交通工程,A153,沈阳建筑大学,1,86844
2023,1,0Y,物流工程,A153,沈阳建筑大学,1,105726
2023,1,10,高分子材料与工程,A153,沈阳建筑大学,1,82426
2023,1,12,材料化学,A153,沈阳建筑大学,1,89185
2023,1,17,英语,A153,沈阳建筑大学,2,123459
2023,1,18,电气工程及其自动化(国际本科学术互认课程项目),A153,沈阳建筑大学,2,63231
2023,1,19,工程管理(国际本科学术互认课程项目),A153,沈阳建筑大学,2,181352
2023,1,1A,道路桥梁与渡河工程(国际本科学术互认课程项目),A153,沈阳建筑大学,2,111554
2023,1,1C,数据科学与大数据技术(中外合作办学),A153,沈阳建筑大学,2,162994
2023,1,1D,计算机科学与技术(中外合作办学),A153,沈阳建筑大学,3,126715
2023,1,1E,工程造价(中外合作办学),A153,沈阳建筑大学,3,158455
2023,1,02,机械设计制造及其自动化,A154,辽宁工业大学,2,94911
2023,1,03,过程装备与控制工程,A154,辽宁工业大学,2,130839
2023,1,06,车辆工程,A154,辽宁工业大学,2,95232
2023,1,11,材料科学与工程,A154,辽宁工业大学,3,142715
2023,1,12,材料成型及控制工程,A154,辽宁工业大学,2,138424
2023,1,13,焊接技术与工程,A154,辽宁工业大学,2,137494
2023,1,21,自动化,A154,辽宁工业大学,3,93636
2023,1,22,电气工程及其自动化,A154,辽宁工业大学,4,69048
2023,1,24,电子信息工程,A154,辽宁工业大学,2,95570
2023,1,31,工程管理,A154,辽宁工业大学,2,136973
2023,1,38,经济统计学,A154,辽宁工业大学,2,121671
2023,1,40,建筑学,A154,辽宁工业大学,2,125286
2023,1,46,土木工程,A154,辽宁工业大学,2,132455
2023,1,47,建筑环境与能源应用工程,A154,辽宁工业大学,2,127057
2023,1,49,英语,A154,辽宁工业大学,2,127915
2023,1,50,信息与计算科学,A154,辽宁工业大学,1,71178
2023,1,28,软件工程(中外合作办学),A154,辽宁工业大学,6,179344
2023,1,53,化学工程与工艺(中外合作办学),A154,辽宁工业大学,6,224992
2023,1,01,农学,A157,沈阳农业大学,2,99579
2023,1,02,种子科学与工程,A157,沈阳农业大学,2,98728
2023,1,03,应用气象学,A157,沈阳农业大学,3,90549
2023,1,06,植物保护,A157,沈阳农业大学,2,122349
2023,1,07,应用化学,A157,沈阳农业大学,2,143738
2023,1,08,园艺,A157,沈阳农业大学,2,128289
2023,1,0C,动物医学,A157,沈阳农业大学,2,88982
2023,1,0D,动物药学,A157,沈阳农业大学,2,115825
2023,1,0E,动物科学,A157,沈阳农业大学,4,129340
2023,1,0K,环境科学,A157,沈阳农业大学,4,141735
2023,1,0L,会计学,A157,沈阳农业大学,2,96190
2023,1,0P,农林经济管理,A157,沈阳农业大学,2,113414
2023,1,0R,农业机械化及其自动化,A157,沈阳农业大学,2,121150
2023,1,0T,机械设计制造及其自动化,A157,沈阳农业大学,2,93432
2023,1,0U,林学,A157,沈阳农业大学,2,134344
2023,1,0V,园林,A157,沈阳农业大学,2,128438
2023,1,0X,电气工程及其自动化,A157,沈阳农业大学,2,80295
2023,1,0Y,电子信息工程,A157,沈阳农业大学,2,105789
2023,1,13,测绘工程,A157,沈阳农业大学,2,136294
2023,1,15,食品科学与工程,A157,沈阳农业大学,2,113264
2023,1,16,食品质量与安全,A157,沈阳农业大学,2,122982
2023,1,17,包装工程,A157,沈阳农业大学,3,157963
2023,1,19,生物技术,A157,沈阳农业大学,3,123017
2023,1,1A,农学(卓越计划实验班),A157,沈阳农业大学,3,92760
2023,1,1B,园艺(卓越计划实验班),A157,沈阳农业大学,3,117357
2023,1,1C,电气工程及其自动化(中外合作办学),A157,沈阳农业大学,2,140659
2023,1,B6,海洋渔业科学与技术,A158,大连海洋大学,2,95599
2023,1,B7,水产养殖学,A158,大连海洋大学,2,75021
2023,1,B9,船舶与海洋工程,A158,大连海洋大学,5,86499
2023,1,C1,港口航道与海岸工程,A158,大连海洋大学,2,84378
2023,1,C2,信息与计算科学,A158,大连海洋大学,2,72589
2023,1,C3,应用物理学,A158,大连海洋大学,2,98378
2023,1,C5,自动化,A158,大连海洋大学,2,66944
2023,1,C7,建筑环境与能源应用工程,A158,大连海洋大学,2,103566
2023,1,D5,土木工程,A158,大连海洋大学,5,108710
2023,1,D8,能源与动力工程,A158,大连海洋大学,2,83513
2023,1,D9,食品科学与工程,A158,大连海洋大学,2,91022
2023,1,E4,海洋科学类,A158,大连海洋大学,7,96733
2023,1,F3,生物科学,A158,大连海洋大学,4,87581
2023,1,F4,电子信息工程,A158,大连海洋大学,2,65230
2023,1,E6,机械设计制造及其自动化(中外合作办学),A158,大连海洋大学,15,192439
2023,1,06,临床医学,A159,中国医科大学,2,4620
2023,1,07,临床医学(5+3一体化),A159,中国医科大学,2,4729
2023,1,09,临床医学,A159,中国医科大学,16,9183
2023,1,10,临床医学(检验医师培养试验班),A159,中国医科大学,1,7129
2023,1,12,医学影像学,A159,中国医科大学,2,10732
2023,1,16,口腔医学,A159,中国医科大学,2,7542
2023,1,20,法医学,A159,中国医科大学,2,23979
2023,1,27,生物技术(中外合作办学),A159,中国医科大学,4,68212
2023,1,28,药物制剂(中外合作办学),A159,中国医科大学,5,72294
2023,1,31,临床医学,A160,锦州医科大学,6,32870
2023,1,32,麻醉学,A160,锦州医科大学,1,27573
2023,1,33,医学影像学,A160,锦州医科大学,2,34125
2023,1,34,口腔医学,A160,锦州医科大学,1,20447
2023,1,35,预防医学,A160,锦州医科大学,1,57881
2023,1,38,药学,A160,锦州医科大学,2,61040
2023,1,39,护理学,A160,锦州医科大学,1,69283
2023,1,43,医学检验技术,A160,锦州医科大学,2,57779
2023,1,51,食品科学与工程,A160,锦州医科大学,1,76638
2023,1,41,运动康复(中外合作办学),A160,锦州医科大学,3,193676
2023,1,01,临床医学(5+3一体化),A161,大连医科大学,2,6308
2023,1,02,临床医学(5+3一体化，儿科学),A161,大连医科大学,2,10635
2023,1,03,临床医学,A161,大连医科大学,2,11352
2023,1,04,口腔医学,A161,大连医科大学,1,8191
2023,1,05,麻醉学,A161,大连医科大学,2,16279
2023,1,06,医学影像学,A161,大连医科大学,1,16031
2023,1,07,中西医临床医学,A161,大连医科大学,2,21949
2023,1,08,精神医学,A161,大连医科大学,2,25109
2023,1,11,基础医学,A161,大连医科大学,3,34068
2023,1,12,医学检验技术,A161,大连医科大学,2,30682
2023,1,15,临床药学,A161,大连医科大学,2,27805
2023,1,16,医学影像技术,A161,大连医科大学,2,28010
2023,1,19,生物制药,A161,大连医科大学,3,36500
2023,1,21,法学,A161,大连医科大学,2,30656
2023,1,23,护理学,A161,大连医科大学,2,51235
2023,1,04,中医学,A162,辽宁中医药大学,4,55991
2023,1,06,中西医临床医学,A162,辽宁中医药大学,4,82247
2023,1,07,针灸推拿学,A162,辽宁中医药大学,6,83443
2023,1,17,中草药栽培与鉴定,A162,辽宁中医药大学,3,149070
2023,1,19,中药资源与开发,A162,辽宁中医药大学,3,162847
2023,1,20,医学检验技术,A162,辽宁中医药大学,2,98714
2023,1,21,市场营销,A162,辽宁中医药大学,2,168151
2023,1,22,物流管理,A162,辽宁中医药大学,2,166359
2023,1,23,公共事业管理,A162,辽宁中医药大学,3,152357
2023,1,24,医学信息工程,A162,辽宁中医药大学,5,143071
2023,1,25,信息管理与信息系统,A162,辽宁中医药大学,4,161380
2023,1,26,数据科学与大数据技术,A162,辽宁中医药大学,3,136252
2023,1,27,英语,A162,辽宁中医药大学,5,146491
2023,1,13,护理学(中外合作办学),A162,辽宁中医药大学,10,180510
2023,1,01,药学类,A163,沈阳药科大学,20,35141
2023,1,02,药学(英语强化班),A163,沈阳药科大学,3,28762
2023,1,03,药学(日语强化班),A163,沈阳药科大学,3,33624
2023,1,04,制药工程,A163,沈阳药科大学,2,37460
2023,1,05,环境科学,A163,沈阳药科大学,3,134453
2023,1,06,应用化学,A163,沈阳药科大学,1,44743
2023,1,07,药物化学,A163,沈阳药科大学,8,48202
2023,1,08,中药学类,A163,沈阳药科大学,9,53607
2023,1,09,中药学(日语强化班),A163,沈阳药科大学,2,53767
2023,1,0A,生物工程,A163,沈阳药科大学,1,37473
2023,1,0B,生物制药,A163,沈阳药科大学,1,31878
2023,1,0C,临床药学,A163,沈阳药科大学,2,36585
2023,1,0D,生物制药(生命基地班),A163,沈阳药科大学,2,30177
2023,1,0E,工商管理类,A163,沈阳药科大学,3,107320
2023,1,0F,药事管理,A163,沈阳药科大学,7,65314
2023,1,0H,医疗产品管理,A163,沈阳药科大学,4,97355
2023,1,0J,食品科学与工程类,A163,沈阳药科大学,7,68854
2023,1,0K,药学(理科基地班),A163,沈阳药科大学,6,22320
2023,1,01,临床医学,A164,沈阳医学院,5,59948
2023,1,02,预防医学,A164,沈阳医学院,1,77550
2023,1,03,麻醉学,A164,沈阳医学院,1,41020
2023,1,04,医学影像学,A164,沈阳医学院,1,35153
2023,1,05,口腔医学,A164,沈阳医学院,1,25875
2023,1,06,精神医学,A164,沈阳医学院,1,71024
2023,1,07,医学检验技术,A164,沈阳医学院,1,69092
2023,1,08,护理学,A164,沈阳医学院,1,108500
2023,1,09,康复治疗学,A164,沈阳医学院,1,98877
2023,1,0A,药学,A164,沈阳医学院,1,78638
2023,1,0C,卫生检验与检疫,A164,沈阳医学院,1,101768
2023,1,0D,助产学,A164,沈阳医学院,1,130764
2023,1,0E,医学信息工程,A164,沈阳医学院,1,135555
2023,1,0F,中药学,A164,沈阳医学院,1,106477
2023,1,E1,人工智能,A165,辽宁师范大学,2,62519
2023,1,E2,计算机科学与技术(师范类),A165,辽宁师范大学,4,60216
2023,1,C1,国际商务(中外合作办学),A165,辽宁师范大学,6,138179
2023,1,N8,英语(中外合作办学),A165,辽宁师范大学,4,108159
2023,1,01,教育学(师范类),A166,沈阳师范大学,2,73086
2023,1,02,应用心理学(师范类),A166,沈阳师范大学,2,82851
2023,1,14,物理学(师范类),A166,沈阳师范大学,4,89907
2023,1,16,电子信息工程,A166,沈阳师范大学,5,109761
2023,1,17,化学(师范类),A166,沈阳师范大学,5,90878
2023,1,18,计算机科学与技术(师范类),A166,沈阳师范大学,4,77644
2023,1,21,环境生态工程,A166,沈阳师范大学,3,152284
2023,1,22,教育技术学(师范类),A166,沈阳师范大学,12,138069
2023,1,23,网络与新媒体,A166,沈阳师范大学,6,97720
2023,1,24,思想政治教育(师范类),A166,沈阳师范大学,3,62239
2023,1,28,旅游管理,A166,沈阳师范大学,2,154983
2023,1,29,历史学(师范类),A166,沈阳师范大学,2,65917
2023,1,30,酒店管理,A166,沈阳师范大学,6,173483
2023,1,38,物流管理,A166,沈阳师范大学,3,164240
2023,1,39,计算机科学与技术,A166,沈阳师范大学,5,112038
2023,1,40,软件工程,A166,沈阳师范大学,2,115155
2023,1,41,网络工程,A166,沈阳师范大学,2,119523
2023,1,44,社会学,A166,沈阳师范大学,5,119784
2023,1,45,社会工作,A166,沈阳师范大学,5,139457
2023,1,49,学前教育(师范类),A166,沈阳师范大学,8,123965
2023,1,50,小学教育(师范类),A166,沈阳师范大学,5,81895
2023,1,79,粮食工程,A166,沈阳师范大学,8,169032
2023,1,81,食品科学与工程,A166,沈阳师范大学,5,127982
2023,1,82,古生物学,A166,沈阳师范大学,6,143646
2023,1,86,数据科学与大数据技术,A166,沈阳师范大学,3,109122
2023,1,90,市场营销,A166,沈阳师范大学,3,155406
2023,1,92,翻译(中外高水平大学学生交流计划),A166,沈阳师范大学,4,202046
2023,1,04,自动化,A167,渤海大学,5,112957
2023,1,05,会计学,A167,渤海大学,1,79151
2023,1,08,市场营销,A167,渤海大学,4,152510
2023,1,12,化学(师范类),A167,渤海大学,6,122204
2023,1,21,金融学,A167,渤海大学,1,104912
2023,1,26,信息与计算科学,A167,渤海大学,2,110962
2023,1,29,法语,A167,渤海大学,2,127899
2023,1,30,英语(师范类),A167,渤海大学,6,103268
2023,1,31,新闻学,A167,渤海大学,5,115100
2023,1,35,物联网工程,A167,渤海大学,2,96625
2023,1,36,软件工程,A167,渤海大学,3,122270
2023,1,40,思想政治教育(师范类),A167,渤海大学,1,90351
2023,1,54,学前教育(师范类),A167,渤海大学,2,123710
2023,1,60,小学教育(师范类),A167,渤海大学,2,108877
2023,1,61,教育技术学(师范类),A167,渤海大学,1,139372
2023,1,84,船舶与海洋工程,A167,渤海大学,5,128930
2023,1,85,食品营养与健康,A167,渤海大学,2,120638
2023,1,81,食品科学与工程(中外合作办学),A167,渤海大学,5,204149
2023,1,07,英语(师范类),A169,鞍山师范学院,1,139914
2023,1,12,酒店管理,A169,鞍山师范学院,1,193124
2023,1,0A,日语,A172,大连外国语大学,9,81140
2023,1,0B,英语,A172,大连外国语大学,12,52795
2023,1,0C,翻译,A172,大连外国语大学,6,84494
2023,1,0E,俄语,A172,大连外国语大学,3,75586
2023,1,0G,阿拉伯语,A172,大连外国语大学,7,293903
2023,1,0H,法语,A172,大连外国语大学,3,57503
2023,1,0J,德语,A172,大连外国语大学,8,145425
2023,1,0K,西班牙语,A172,大连外国语大学,1,36929
2023,1,0L,葡萄牙语,A172,大连外国语大学,1,251718
2023,1,0M,朝鲜语,A172,大连外国语大学,13,274482
2023,1,1A,国际事务与国际关系,A172,大连外国语大学,3,62423
2023,1,0S,西班牙语(中外合作办学),A172,大连外国语大学,2,78705
2023,1,01,经济学,A173,东北财经大学,1,21557
2023,1,03,数字经济,A173,东北财经大学,3,33661
2023,1,04,财政学类,A173,东北财经大学,2,21394
2023,1,07,金融学类,A173,东北财经大学,2,20122
2023,1,13,金融科技,A173,东北财经大学,3,28853
2023,1,14,国际经济与贸易,A173,东北财经大学,2,28275
2023,1,15,法学,A173,东北财经大学,3,22457
2023,1,24,人工智能,A173,东北财经大学,2,27809
2023,1,26,数据科学与大数据技术,A173,东北财经大学,1,27273
2023,1,28,管理科学与工程类,A173,东北财经大学,4,43198
2023,1,32,管理科学与工程类,A173,东北财经大学,3,60115
2023,1,35,工商管理类,A173,东北财经大学,3,32057
2023,1,40,工商管理类,A173,东北财经大学,3,19278
2023,1,41,会计学(注册会计师方向),A173,东北财经大学,2,15610
2023,1,42,会计学(国际会计方向),A173,东北财经大学,2,18722
2023,1,47,公共管理类,A173,东北财经大学,2,40620
2023,1,54,物流管理,A173,东北财经大学,1,36726
2023,1,55,电子商务,A173,东北财经大学,2,32390
2023,1,61,工商管理(中外合作办学)(与英国萨里大学合作办学),A173,东北财经大学,12,69385
2023,1,62,财务管理(中外合作办学)(与英国萨里大学合作办学),A173,东北财经大学,13,48405
2023,1,63,旅游管理(中外合作办学)(与英国萨里大学合作办学),A173,东北财经大学,10,150632
2023,1,64,经济学(中外合作办学)(与加拿大西安大略大学国王大学学院合作办学),A173,东北财经大学,2,48465
2023,1,65,金融学(中外合作办学)(与英国奥斯特大学合作办学),A173,东北财经大学,7,49060
2023,1,66,会计学(中外合作办学)(与英国奥斯特大学合作办学),A173,东北财经大学,6,37709
2023,1,05,运动人体科学,A176,沈阳体育学院,3,177081
2023,1,06,运动康复,A176,沈阳体育学院,3,159915
2023,1,09,新闻学,A176,沈阳体育学院,2,155176
2023,1,0A,网络与新媒体,A176,沈阳体育学院,2,175440
2023,1,0B,应用心理学,A176,沈阳体育学院,2,177945
2023,1,01,艺术史论(三好校区音乐学系),A177,沈阳音乐学院,3,202249
2023,1,65,戏剧影视文学(长青校区戏剧影视学院),A177,沈阳音乐学院,4,199626
2023,1,66,广播电视编导(长青校区戏剧影视学院),A177,沈阳音乐学院,3,176187
2023,1,01,哲学(匡亚明班，拔尖学生培养基地),A183,吉林大学,1,12329
2023,1,02,哲学,A183,吉林大学,4,13787
2023,1,03,社会学类,A183,吉林大学,5,14889
2023,1,06,汉语言文学(匡亚明班，拔尖学生培养基地),A183,吉林大学,2,8243
2023,1,07,汉语言文学,A183,吉林大学,2,8904
2023,1,10,考古学,A183,吉林大学,4,10752
2023,1,12,新闻传播学类,A183,吉林大学,6,16740
2023,1,13,广播电视编导,A183,吉林大学,2,29556
2023,1,15,英语,A183,吉林大学,7,17844
2023,1,16,俄语,A183,吉林大学,2,21692
2023,1,17,西班牙语,A183,吉林大学,4,22145
2023,1,18,日语,A183,吉林大学,4,24241
2023,1,47,政治学与行政学,A183,吉林大学,6,13863
2023,1,48,外交学,A183,吉林大学,2,13568
2023,1,52,会计学,A183,吉林大学,15,13903
2023,1,54,管理科学与工程类,A183,吉林大学,8,15260
2023,1,55,档案学,A183,吉林大学,6,17776
2023,1,57,数学类,A183,吉林大学,10,7786
2023,1,58,物理学类,A183,吉林大学,8,9432
2023,1,61,化学类,A183,吉林大学,18,13006
2023,1,63,生物科学类,A183,吉林大学,4,10853
2023,1,64,生物工程类,A183,吉林大学,8,13530
2023,1,65,机械工程(饶斌班，本研贯通),A183,吉林大学,1,7789
2023,1,66,机械工程,A183,吉林大学,10,12781
2023,1,67,工业工程,A183,吉林大学,6,20062
2023,1,68,工程力学,A183,吉林大学,3,14811
2023,1,70,工业设计,A183,吉林大学,6,15446
2023,1,71,车辆工程(饶斌班，本研贯通),A183,吉林大学,1,6846
2023,1,72,车辆工程,A183,吉林大学,8,11295
2023,1,73,能源与动力工程,A183,吉林大学,15,13829
2023,1,74,材料类,A183,吉林大学,23,17739
2023,1,76,交通运输类,A183,吉林大学,20,16754
2023,1,77,农业机械化及其自动化(饶斌班，本研贯通),A183,吉林大学,1,13977
2023,1,80,仿生科学与工程,A183,吉林大学,7,14963
2023,1,81,食品科学与工程类,A183,吉林大学,8,18181
2023,1,82,电子信息类,A183,吉林大学,20,9787
2023,1,83,通信工程,A183,吉林大学,12,10794
2023,1,84,信息工程,A183,吉林大学,7,10785
2023,1,85,空间信息与数字技术,A183,吉林大学,4,10349
2023,1,86,自动化,A183,吉林大学,7,10269
2023,1,87,机器人工程,A183,吉林大学,2,10535
2023,1,91,软件工程,A183,吉林大学,24,10047
2023,1,92,数据科学与大数据技术,A183,吉林大学,6,9281
2023,1,94,仪器类,A183,吉林大学,12,13233
2023,1,95,电气工程及其自动化,A183,吉林大学,8,10622
2023,1,96,地质学(李四光班，本研贯通),A183,吉林大学,1,12700
2023,1,9A,地球物理学(李四光班，本研贯通),A183,吉林大学,1,14717
2023,1,9C,土木类,A183,吉林大学,20,23673
2023,1,9F,环境科学与工程类,A183,吉林大学,8,19905
2023,1,9G,新能源科学与工程,A183,吉林大学,2,10945
2023,1,9J,预防医学,A183,吉林大学,12,16929
2023,1,9K,临床医学(5+3一体化),A183,吉林大学,2,3801
2023,1,9L,临床医学,A183,吉林大学,4,5316
2023,1,9M,临床医学(5+3一体化，儿科学),A183,吉林大学,5,6228
2023,1,9N,临床医学(5+3一体化),A183,吉林大学,6,4373
2023,1,9Q,临床医学(5+3一体化),A183,吉林大学,3,4803
2023,1,9R,临床医学,A183,吉林大学,6,5606
2023,1,9T,口腔医学,A183,吉林大学,2,5207
2023,1,9U,药学,A183,吉林大学,12,17110
2023,1,9V,临床药学,A183,吉林大学,3,14257
2023,1,9W,康复治疗学,A183,吉林大学,2,20623
2023,1,9X,护理学,A183,吉林大学,10,24886
2023,1,9Y,动物医学,A183,吉林大学,9,19491
2023,1,A3,人工智能,A183,吉林大学,4,8490
2023,1,A4,经济学(国别与区域经济),A183,吉林大学,5,15244
2023,1,A5,生物医学科学,A183,吉林大学,4,12678
2023,1,A7,朝鲜语,A183,吉林大学,3,21767
2023,1,A9,经济学类,A183,吉林大学,15,13517
2023,1,AB,法学,A183,吉林大学,8,4796
2023,1,AD,工商管理类,A183,吉林大学,4,16234
2023,1,AF,农业机械化及其自动化,A183,吉林大学,4,17430
2023,1,AH,计算机科学与技术,A183,吉林大学,14,7946
2023,1,AK,物联网工程,A183,吉林大学,4,8820
2023,1,AM,网络空间安全,A183,吉林大学,4,8089
2023,1,AP,地质类,A183,吉林大学,20,22763
2023,1,AR,勘查技术与工程,A183,吉林大学,10,20841
2023,1,AT,植物生产类,A183,吉林大学,15,22887
2023,1,60,物理学(中外合作办学),A183,吉林大学,6,27005
2023,1,24,朝鲜语,A184,延边大学,2,47204
2023,1,27,中国语言文学类,A184,延边大学,3,28235
2023,1,28,法学,A184,延边大学,3,24855
2023,1,29,电子信息类,A184,延边大学,4,25136
2023,1,30,人工智能,A184,延边大学,4,27302
2023,1,31,机械类,A184,延边大学,4,30409
2023,1,32,高分子材料与工程,A184,延边大学,4,39870
2023,1,35,土木工程,A184,延边大学,3,44054
2023,1,36,护理学,A184,延边大学,6,52584
2023,1,37,工商管理类,A184,延边大学,6,40500
2023,1,38,经济学类,A184,延边大学,6,37289
2023,1,41,信息管理与信息系统,A184,延边大学,3,36604
2023,1,42,物流管理,A184,延边大学,2,42537
2023,1,43,旅游管理,A184,延边大学,4,49813
2023,1,44,地理科学类,A184,延边大学,8,42259
2023,1,46,化学类,A184,延边大学,4,40667
2023,1,48,物理学,A184,延边大学,4,34903
2023,1,53,食品科学与工程,A184,延边大学,3,43524
2023,1,66,俄语,A184,延边大学,2,58259
2023,1,67,药学类,A184,延边大学,3,39087
2023,1,69,临床医学,A184,延边大学,3,24368
2023,1,70,麻醉学,A184,延边大学,3,26707
2023,1,71,预防医学,A184,延边大学,3,39751
2023,1,72,中医学,A184,延边大学,3,32991
2023,1,G5,英语,A184,延边大学,2,34446
2023,1,L1,日语,A184,延边大学,2,41439
2023,1,34,通信工程(中外合作办学),A184,延边大学,4,49819
2023,1,40,经济学(中外合作办学),A184,延边大学,6,60740
2023,1,74,食品科学与工程(中外合作办学),A184,延边大学,6,67782
2023,1,A1,应用物理学,A186,长春理工大学,3,59488
2023,1,A2,电子科学与技术,A186,长春理工大学,2,39921
2023,1,A3,微电子科学与工程,A186,长春理工大学,4,46759
2023,1,A4,光电信息科学与工程,A186,长春理工大学,5,40913
2023,1,B1,测控技术与仪器,A186,长春理工大学,4,57889
2023,1,B2,智能感知工程,A186,长春理工大学,3,62900
2023,1,B3,光电信息科学与工程,A186,长春理工大学,10,37614
2023,1,B4,探测制导与控制技术,A186,长春理工大学,2,58280
2023,1,B5,信息对抗技术,A186,长春理工大学,3,53121
2023,1,C1,机械设计制造及其自动化,A186,长春理工大学,5,49398
2023,1,C2,机械电子工程,A186,长春理工大学,5,63891
2023,1,C3,过程装备与控制工程,A186,长春理工大学,7,88888
2023,1,D1,电气工程及其自动化,A186,长春理工大学,5,50924
2023,1,D2,电子信息工程,A186,长春理工大学,2,39322
2023,1,D3,通信工程,A186,长春理工大学,2,40924
2023,1,D4,电子信息科学与技术,A186,长春理工大学,2,45733
2023,1,D5,自动化,A186,长春理工大学,3,52995
2023,1,E1,计算机科学与技术,A186,长春理工大学,4,30724
2023,1,E2,软件工程,A186,长春理工大学,2,31900
2023,1,E3,信息安全,A186,长春理工大学,3,38936
2023,1,E4,数据科学与大数据技术,A186,长春理工大学,5,48903
2023,1,F1,机器人工程,A186,长春理工大学,2,50971
2023,1,G2,材料化学,A186,长春理工大学,9,106043
2023,1,G4,功能材料,A186,长春理工大学,3,105856
2023,1,G5,新能源材料与器件,A186,长春理工大学,6,76146
2023,1,H1,应用化学,A186,长春理工大学,2,76314
2023,1,H2,化学工程与工艺,A186,长春理工大学,4,85203
2023,1,H3,环境工程,A186,长春理工大学,2,81277
2023,1,J1,应用统计学,A186,长春理工大学,5,75048
2023,1,K1,生物技术,A186,长春理工大学,2,82267
2023,1,K2,生物医学工程,A186,长春理工大学,5,74614
2023,1,K3,生物工程,A186,长春理工大学,2,79703
2023,1,L1,金融工程,A186,长春理工大学,9,105128
2023,1,L2,国际经济与贸易,A186,长春理工大学,2,99742
2023,1,L3,信息管理与信息系统,A186,长春理工大学,1,56741
2023,1,M2,俄语,A186,长春理工大学,5,204490
2023,1,M3,日语,A186,长春理工大学,3,129865
2023,1,M4,朝鲜语,A186,长春理工大学,3,178247
2023,1,M5,翻译,A186,长春理工大学,2,93614
2023,1,N1,汉语言文学,A186,长春理工大学,3,57951
2023,1,N2,汉语国际教育,A186,长春理工大学,2,93077
2023,1,N3,广告学,A186,长春理工大学,2,92704
2023,1,N5,法学,A186,长春理工大学,2,49768
2023,1,N6,社会工作,A186,长春理工大学,3,115309
2023,1,T1,数学类,A186,长春理工大学,3,67996
2023,1,T2,工商管理类,A186,长春理工大学,8,92925
2023,1,A5,光电信息科学与工程(中外合作办学),A186,长春理工大学,18,116507
2023,1,B6,光电信息科学与工程(中外合作办学),A186,长春理工大学,19,100911
2023,1,K4,生物工程(中外合作办学),A186,长春理工大学,11,192011
2023,1,P1,应用物理学(中外合作办学),A186,长春理工大学,5,173227
2023,1,P2,电子科学与技术(中外合作办学),A186,长春理工大学,8,129406
2023,1,P3,测控技术与仪器(中外合作办学),A186,长春理工大学,9,167501
2023,1,01,电气工程及其自动化,A188,东北电力大学,14,21661
2023,1,08,电子信息工程,A188,东北电力大学,3,28743
2023,1,10,智能电网信息工程,A188,东北电力大学,5,24069
2023,1,14,通信工程,A188,东北电力大学,5,39965
2023,1,19,能源与动力工程,A188,东北电力大学,19,48797
2023,1,24,储能科学与工程,A188,东北电力大学,3,45655
2023,1,27,建筑环境与能源应用工程,A188,东北电力大学,4,89759
2023,1,30,核工程与核技术,A188,东北电力大学,7,49274
2023,1,32,新能源科学与工程,A188,东北电力大学,4,35109
2023,1,35,自动化,A188,东北电力大学,11,35112
2023,1,38,机器人工程,A188,东北电力大学,6,48192
2023,1,40,测控技术与仪器,A188,东北电力大学,5,57852
2023,1,44,应用化学,A188,东北电力大学,10,89272
2023,1,47,能源化学工程,A188,东北电力大学,7,79122
2023,1,49,环境工程,A188,东北电力大学,3,86947
2023,1,51,化学工程与工业生物工程,A188,东北电力大学,3,63158
2023,1,52,会计学,A188,东北电力大学,10,55738
2023,1,58,信息管理与信息系统,A188,东北电力大学,3,54845
2023,1,67,土木工程,A188,东北电力大学,12,100031
2023,1,73,工程管理,A188,东北电力大学,5,100616
2023,1,76,给排水科学与工程,A188,东北电力大学,4,72292
2023,1,79,计算机科学与技术,A188,东北电力大学,8,30285
2023,1,82,智能科学与技术,A188,东北电力大学,4,42104
2023,1,84,软件工程,A188,东北电力大学,4,35740
2023,1,86,机械设计制造及其自动化,A188,东北电力大学,6,52369
2023,1,90,材料成型及控制工程,A188,东北电力大学,4,92519
2023,1,91,机械电子工程,A188,东北电力大学,5,60285
2023,1,92,数学与应用数学,A188,东北电力大学,4,52104
2023,1,93,信息与计算科学,A188,东北电力大学,3,51132
2023,1,95,新能源材料与器件,A188,东北电力大学,2,45841
2023,1,98,日语,A188,东北电力大学,11,226767
2023,1,A3,英语,A188,东北电力大学,10,104707
2023,1,A5,思想政治教育,A188,东北电力大学,4,67553
2023,1,C4,广播电视编导,A188,东北电力大学,9,143283
2023,1,07,电气工程及其自动化(中外合作办学),A188,东北电力大学,30,40698
2023,1,72,土木工程(中外合作办学),A188,东北电力大学,5,141090
2023,1,01,机械工程,A190,长春工业大学,2,87408
2023,1,02,机械电子工程,A190,长春工业大学,1,76518
2023,1,03,车辆工程,A190,长春工业大学,2,98407
2023,1,04,工业设计,A190,长春工业大学,2,106967
2023,1,05,工业工程,A190,长春工业大学,2,120714
2023,1,06,智能制造工程,A190,长春工业大学,1,66428
2023,1,11,材料成型及控制工程,A190,长春工业大学,2,139503
2023,1,12,金属材料工程,A190,长春工业大学,6,153741
2023,1,13,材料物理,A190,长春工业大学,4,158467
2023,1,14,智能材料与结构,A190,长春工业大学,2,151097
2023,1,21,电气工程及其自动化,A190,长春工业大学,1,68846
2023,1,22,自动化,A190,长春工业大学,3,81159
2023,1,23,测控技术与仪器,A190,长春工业大学,3,117006
2023,1,24,机器人工程,A190,长春工业大学,5,87141
2023,1,31,计算机科学与技术,A190,长春工业大学,12,72703
2023,1,32,软件工程,A190,长春工业大学,3,74755
2023,1,34,电子信息工程,A190,长春工业大学,5,91839
2023,1,35,信息安全,A190,长春工业大学,6,81339
2023,1,42,工商管理,A190,长春工业大学,3,122907
2023,1,43,电子商务,A190,长春工业大学,4,151236
2023,1,44,会计学,A190,长春工业大学,4,109388
2023,1,45,信息管理与信息系统,A190,长春工业大学,3,122718
2023,1,46,金融学,A190,长春工业大学,4,122603
2023,1,47,国际经济与贸易,A190,长春工业大学,2,139001
2023,1,51,高分子材料与工程,A190,长春工业大学,6,141310
2023,1,52,化学工程与工艺,A190,长春工业大学,6,137503
2023,1,53,环境工程,A190,长春工业大学,5,149875
2023,1,54,制药工程,A190,长春工业大学,4,120532
2023,1,55,涂料工程,A190,长春工业大学,1,160216
2023,1,61,材料化学,A190,长春工业大学,3,161583
2023,1,62,化学,A190,长春工业大学,2,122110
2023,1,63,生物工程,A190,长春工业大学,1,112740
2023,1,65,食品科学与工程,A190,长春工业大学,1,127255
2023,1,66,化妆品技术与工程,A190,长春工业大学,1,105587
2023,1,81,数字媒体技术,A190,长春工业大学,10,109233
2023,1,84,网络与新媒体,A190,长春工业大学,1,80724
2023,1,92,公共事业管理,A190,长春工业大学,4,150290
2023,1,93,社会工作,A190,长春工业大学,1,135823
2023,1,94,行政管理,A190,长春工业大学,4,139624
2023,1,A1,信息与计算科学,A190,长春工业大学,5,103346
2023,1,A2,统计学,A190,长春工业大学,3,114329
2023,1,A3,数据科学与大数据技术,A190,长春工业大学,5,94532
2023,1,A4,经济统计学,A190,长春工业大学,2,126881
2023,1,B1,英语,A190,长春工业大学,2,104097
2023,1,B2,俄语,A190,长春工业大学,1,143711
2023,1,B3,日语,A190,长春工业大学,4,166100
2023,1,D1,电气工程及其自动化(中外合作办学),A190,长春工业大学,5,147982
2023,1,D2,计算机科学与技术(中外合作办学),A190,长春工业大学,5,147076
2023,1,D3,工业工程(中外合作办学),A190,长春工业大学,10,200460
2023,1,D4,机械工程(中外合作办学),A190,长春工业大学,5,184959
2023,1,01,建筑学,A191,吉林建筑大学,2,81841
2023,1,02,城乡规划,A191,吉林建筑大学,3,147832
2023,1,04,土木工程,A191,吉林建筑大学,15,169301
2023,1,05,工程力学,A191,吉林建筑大学,2,162744
2023,1,06,机械工程,A191,吉林建筑大学,2,137064
2023,1,07,城市地下空间工程,A191,吉林建筑大学,4,177133
2023,1,09,建筑环境与能源应用工程,A191,吉林建筑大学,13,186173
2023,1,10,给排水科学与工程,A191,吉林建筑大学,8,176226
2023,1,11,环境工程,A191,吉林建筑大学,4,174018
2023,1,12,环境科学,A191,吉林建筑大学,6,186949
2023,1,13,安全工程,A191,吉林建筑大学,14,177588
2023,1,14,无机非金属材料工程,A191,吉林建筑大学,11,182487
2023,1,15,高分子材料与工程,A191,吉林建筑大学,6,167408
2023,1,16,材料化学,A191,吉林建筑大学,3,171804
2023,1,17,工程管理,A191,吉林建筑大学,5,165436
2023,1,18,物流管理,A191,吉林建筑大学,2,157972
2023,1,19,财务管理,A191,吉林建筑大学,2,117585
2023,1,21,公共事业管理,A191,吉林建筑大学,2,150665
2023,1,22,城市管理,A191,吉林建筑大学,2,142587
2023,1,23,社会工作,A191,吉林建筑大学,4,157635
2023,1,25,道路桥梁与渡河工程,A191,吉林建筑大学,15,183731
2023,1,26,交通工程,A191,吉林建筑大学,4,153314
2023,1,27,电气工程及其自动化,A191,吉林建筑大学,4,116866
2023,1,28,电子信息工程,A191,吉林建筑大学,4,129433
2023,1,29,电子信息科学与技术,A191,吉林建筑大学,5,130403
2023,1,30,自动化,A191,吉林建筑大学,5,123735
2023,1,31,计算机科学与技术,A191,吉林建筑大学,2,115431
2023,1,32,软件工程,A191,吉林建筑大学,4,120882
2023,1,34,建筑电气与智能化,A191,吉林建筑大学,7,154092
2023,1,39,测绘工程,A191,吉林建筑大学,6,165412
2023,1,40,地理空间信息工程,A191,吉林建筑大学,2,147233
2023,1,41,地质工程,A191,吉林建筑大学,6,167793
2023,1,42,地理信息科学,A191,吉林建筑大学,2,143421
2023,1,43,风景园林,A191,吉林建筑大学,2,139531
2023,1,52,工程造价,A191,吉林建筑大学,4,151314
2023,1,55,勘查技术与工程,A191,吉林建筑大学,2,167318
2023,1,56,消防工程,A191,吉林建筑大学,10,183438
2023,1,35,建筑学(中外合作办学),A191,吉林建筑大学,3,175890
2023,1,36,土木工程(中外合作办学),A191,吉林建筑大学,4,208209
2023,1,37,电气工程及其自动化(中外合作办学),A191,吉林建筑大学,3,165877
2023,1,38,工程管理(中外合作办学),A191,吉林建筑大学,4,212571
2023,1,01,化学工程与工艺,A192,吉林化工学院,1,99088
2023,1,02,轻化工程,A192,吉林化工学院,1,178442
2023,1,03,油气储运工程,A192,吉林化工学院,2,174160
2023,1,04,材料成型及控制工程,A192,吉林化工学院,2,189031
2023,1,05,能源与动力工程,A192,吉林化工学院,2,173740
2023,1,07,工业工程,A192,吉林化工学院,1,151305
2023,1,08,过程装备与控制工程,A192,吉林化工学院,2,198610
2023,1,09,电气工程及其自动化,A192,吉林化工学院,1,113293
2023,1,10,测控技术与仪器,A192,吉林化工学院,1,195093
2023,1,11,电子信息工程,A192,吉林化工学院,1,144581
2023,1,12,自动化,A192,吉林化工学院,1,153232
2023,1,13,计算机科学与技术,A192,吉林化工学院,2,138200
2023,1,14,智能装备与系统,A192,吉林化工学院,4,184294
2023,1,15,化学,A192,吉林化工学院,3,190849
2023,1,16,应用化学,A192,吉林化工学院,1,180415
2023,1,17,制药工程,A192,吉林化工学院,1,149742
2023,1,18,药物制剂,A192,吉林化工学院,1,161492
2023,1,20,安全工程,A192,吉林化工学院,2,198837
2023,1,21,给排水科学与工程,A192,吉林化工学院,1,200547
2023,1,22,环境科学,A192,吉林化工学院,3,192126
2023,1,23,环境工程,A192,吉林化工学院,2,191451
2023,1,24,国际经济与贸易,A192,吉林化工学院,1,194158
2023,1,25,金融工程,A192,吉林化工学院,1,190068
2023,1,27,市场营销,A192,吉林化工学院,2,201207
2023,1,28,工程管理,A192,吉林化工学院,4,204805
2023,1,29,信息管理与信息系统,A192,吉林化工学院,4,195598
2023,1,30,物流工程,A192,吉林化工学院,2,195029
2023,1,31,英语,A192,吉林化工学院,1,192968
2023,1,32,日语,A192,吉林化工学院,1,182902
2023,1,34,应用物理学,A192,吉林化工学院,2,183446
2023,1,35,数据科学与大数据技术,A192,吉林化工学院,6,136259
2023,1,36,高分子材料与工程,A192,吉林化工学院,3,177102
2023,1,37,材料物理,A192,吉林化工学院,1,158948
2023,1,38,材料化学,A192,吉林化工学院,3,187838
2023,1,39,材料科学与工程,A192,吉林化工学院,3,188256
2023,1,40,生物技术,A192,吉林化工学院,2,173692
2023,1,42,生物工程,A192,吉林化工学院,2,171504
2023,1,43,车辆工程,A192,吉林化工学院,2,175425
2023,1,44,飞行器制造工程,A192,吉林化工学院,4,183465
2023,1,45,飞行器动力工程,A192,吉林化工学院,1,173061
2023,1,47,化学工程与工艺(中外合作办学),A192,吉林化工学院,15,222338
2023,1,48,电气工程及其自动化(中外合作办学),A192,吉林化工学院,10,222295
2023,1,49,电子信息工程(中外合作办学),A192,吉林化工学院,15,224669
2023,1,01,植物生产类,A193,吉林农业大学,10,156834
2023,1,02,工商管理类,A193,吉林农业大学,9,140282
2023,1,03,自然保护与环境生态类,A193,吉林农业大学,4,158021
2023,1,04,环境科学与工程类,A193,吉林农业大学,2,156648
2023,1,05,机械类,A193,吉林农业大学,5,134866
2023,1,06,动物生产类,A193,吉林农业大学,3,158093
2023,1,07,中药学类,A193,吉林农业大学,7,143958
2023,1,08,食品科学与工程类,A193,吉林农业大学,9,149766
2023,1,0A,生物科学类,A193,吉林农业大学,5,136657
2023,1,0B,生物工程类,A193,吉林农业大学,6,154408
2023,1,0C,计算机类,A193,吉林农业大学,3,107080
2023,1,0D,植物生产类,A193,吉林农业大学,9,165445
2023,1,0E,植物生产类,A193,吉林农业大学,10,165711
2023,1,0F,智慧农业,A193,吉林农业大学,2,137854
2023,1,0G,动物药学,A193,吉林农业大学,5,132547
2023,1,0J,电子信息科学与技术,A193,吉林农业大学,2,118928
2023,1,0M,风景园林,A193,吉林农业大学,4,139497
2023,1,0R,金融学,A193,吉林农业大学,2,126081
2023,1,0S,动物医学,A193,吉林农业大学,2,73712
2023,1,0U,农药化肥,A193,吉林农业大学,12,173274
2023,1,0W,思想政治教育,A193,吉林农业大学,2,103223
2023,1,0X,生物信息学,A193,吉林农业大学,5,154970
2023,1,47,兽医公共卫生,A193,吉林农业大学,2,142125
2023,1,49,生物育种科学,A193,吉林农业大学,2,147213
2023,1,3X,生物技术(中外合作办学),A193,吉林农业大学,8,196559
2023,1,3Y,动物科学(中外合作办学),A193,吉林农业大学,12,204305
2023,1,02,制药工程,A199,长春中医药大学,1,56507
2023,1,04,临床医学,A199,长春中医药大学,10,50576
2023,1,05,中医学,A199,长春中医药大学,3,52609
2023,1,06,中医学(5+3一体化),A199,长春中医药大学,6,35673
2023,1,07,针灸推拿学,A199,长春中医药大学,12,89803
2023,1,08,中医康复学,A199,长春中医药大学,3,98230
2023,1,09,中医儿科学,A199,长春中医药大学,2,63531
2023,1,0A,中医骨伤科学,A199,长春中医药大学,2,69352
2023,1,0B,中西医临床医学,A199,长春中医药大学,13,84645
2023,1,0C,药学,A199,长春中医药大学,1,78541
2023,1,0D,药物制剂,A199,长春中医药大学,1,74747
2023,1,0F,中药学,A199,长春中医药大学,1,113421
2023,1,0J,康复治疗学,A199,长春中医药大学,1,102965
2023,1,0K,护理学,A199,长春中医药大学,2,108405
2023,1,X1,中医养生学,A199,长春中医药大学,3,109642
2023,1,03,生物制药(中外合作办学),A199,长春中医药大学,5,183455
2023,1,B1,心理学(师范类),A200,东北师范大学,2,25227
2023,1,B2,汉语言文学(师范类),A200,东北师范大学,2,12188
2023,1,B3,历史学(师范类),A200,东北师范大学,2,14471
2023,1,B4,英语(师范类),A200,东北师范大学,2,13470
2023,1,B5,日语(师范类),A200,东北师范大学,2,30671
2023,1,B6,俄语(师范类),A200,东北师范大学,2,34592
2023,1,B7,商务英语,A200,东北师范大学,2,27331
2023,1,B8,化学(师范类),A200,东北师范大学,3,14544
2023,1,BA,德语(师范类),A200,东北师范大学,3,36134
2023,1,C1,教育学类(师范类),A200,东北师范大学,2,19476
2023,1,C2,政治学类,A200,东北师范大学,4,20423
2023,1,C3,经济学类,A200,东北师范大学,7,27198
2023,1,C4,马克思主义理论类,A200,东北师范大学,5,17371
2023,1,C5,数学类,A200,东北师范大学,4,17317
2023,1,C6,计算机类,A200,东北师范大学,8,20989
2023,1,C7,物理学类,A200,东北师范大学,6,21303
2023,1,C8,生物科学类,A200,东北师范大学,2,15704
2023,1,C9,地理科学类,A200,东北师范大学,3,17623
2023,1,CA,环境科学与工程类,A200,东北师范大学,4,36810
2023,1,CB,新闻传播学类,A200,东北师范大学,2,24346
2023,1,CC,法学,A200,东北师范大学,3,17475
2023,1,G1,会计学(中外合作办学),A200,东北师范大学,6,34593
2023,1,G3,计算机科学与技术(中外合作办学),A200,东北师范大学,6,31612
2023,1,A1,法学,A201,北华大学,5,68889
2023,1,B1,思想政治教育,A201,北华大学,2,77194
2023,1,C1,小学教育(师范类),A201,北华大学,6,115312
2023,1,E2,汉语言文学(师范类),A201,北华大学,2,68534
2023,1,E5,网络与新媒体,A201,北华大学,2,100176
2023,1,F1,历史学(师范类),A201,北华大学,2,69976
2023,1,G0,英语,A201,北华大学,11,141240
2023,1,G4,西班牙语,A201,北华大学,2,216928
2023,1,G6,日语,A201,北华大学,4,161725
2023,1,GC,法语,A201,北华大学,6,178381
2023,1,GF,俄语,A201,北华大学,4,159943
2023,1,H1,数学与应用数学(师范类),A201,北华大学,3,109604
2023,1,H4,经济统计学,A201,北华大学,4,118055
2023,1,H5,统计学,A201,北华大学,5,123994
2023,1,L1,物理学(师范类),A201,北华大学,3,124983
2023,1,L2,化学(师范类),A201,北华大学,4,107759
2023,1,M1,机械设计制造及其自动化,A201,北华大学,3,124730
2023,1,M2,工业设计,A201,北华大学,2,130960
2023,1,M4,材料成型及控制工程,A201,北华大学,2,128727
2023,1,N4,应用化学,A201,北华大学,5,144940
2023,1,N7,家具设计与工程,A201,北华大学,2,167854
2023,1,P3,电子信息工程,A201,北华大学,7,116331
2023,1,P4,通信工程,A201,北华大学,3,112887
2023,1,P8,机器人工程,A201,北华大学,6,123058
2023,1,Q2,软件工程,A201,北华大学,5,103857
2023,1,Q4,数字媒体技术,A201,北华大学,2,92082
2023,1,R3,车辆工程,A201,北华大学,4,132584
2023,1,R4,土木工程,A201,北华大学,4,139774
2023,1,R5,工程管理,A201,北华大学,4,149678
2023,1,S1,林学,A201,北华大学,5,147667
2023,1,S3,风景园林,A201,北华大学,7,135578
2023,1,T1,临床医学,A201,北华大学,4,63882
2023,1,T4,医学影像学,A201,北华大学,2,68834
2023,1,T5,预防医学,A201,北华大学,2,84540
2023,1,U1,医学检验技术,A201,北华大学,3,83838
2023,1,V1,护理学,A201,北华大学,6,135581
2023,1,W1,药学,A201,北华大学,3,112497
2023,1,X0,工商管理,A201,北华大学,4,127948
2023,1,X2,国际经济与贸易,A201,北华大学,2,121022
2023,1,X4,会计学,A201,北华大学,4,97952
2023,1,XA,物流管理,A201,北华大学,2,137909
2023,1,XC,行政管理,A201,北华大学,3,136156
2023,1,M3,机械设计制造及其自动化(中外合作办学),A201,北华大学,18,204965
2023,1,P6,通信工程(中外合作办学),A201,北华大学,10,188313
2023,1,V3,护理学(中外合作办学),A201,北华大学,11,180441
2023,1,01,法学,A202,通化师范学院,2,134849
2023,1,02,思想政治教育(师范类),A202,通化师范学院,4,157915
2023,1,09,汉语言文学(师范类),A202,通化师范学院,8,147629
2023,1,10,汉语国际教育(师范类),A202,通化师范学院,2,162103
2023,1,11,英语(师范类),A202,通化师范学院,5,180304
2023,1,16,数学与应用数学(师范类),A202,通化师范学院,2,188137
2023,1,1A,广播电视编导,A202,通化师范学院,2,195761
2023,1,27,计算机科学与技术,A202,通化师范学院,8,183739
2023,1,29,食品科学与工程,A202,通化师范学院,2,193109
2023,1,30,食品质量与安全,A202,通化师范学院,2,194021
2023,1,31,药物制剂,A202,通化师范学院,4,192102
2023,1,37,财务管理,A202,通化师范学院,2,174292
2023,1,51,生物科学(中外合作办学),A202,通化师范学院,5,217721
2023,1,52,食品科学与工程(中外合作办学),A202,通化师范学院,8,217883
2023,1,11,汉语言文学(师范类),A203,吉林师范大学,2,50351
2023,1,12,汉语国际教育,A203,吉林师范大学,1,75969
2023,1,21,思想政治教育(师范类),A203,吉林师范大学,2,56375
2023,1,31,历史学(师范类),A203,吉林师范大学,2,59851
2023,1,41,英语(师范类),A203,吉林师范大学,3,65748
2023,1,42,俄语,A203,吉林师范大学,3,121721
2023,1,43,日语,A203,吉林师范大学,3,302956
2023,1,44,朝鲜语,A203,吉林师范大学,3,216957
2023,1,45,德语,A203,吉林师范大学,3,276391
2023,1,46,西班牙语,A203,吉林师范大学,3,244236
2023,1,52,心理学(师范类),A203,吉林师范大学,2,72362
2023,1,53,小学教育(师范类),A203,吉林师范大学,1,64321
2023,1,71,数学与应用数学(师范类),A203,吉林师范大学,2,65105
2023,1,72,计算机科学与技术(师范类),A203,吉林师范大学,1,78140
2023,1,74,数据科学与大数据技术,A203,吉林师范大学,2,70752
2023,1,7Z,软件工程,A203,吉林师范大学,2,112823
2023,1,82,应用物理学,A203,吉林师范大学,2,109131
2023,1,92,应用化学,A203,吉林师范大学,1,95340
2023,1,A1,生物科学(师范类),A203,吉林师范大学,1,44185
2023,1,B3,地理信息科学,A203,吉林师范大学,2,76514
2023,1,BZ,旅游管理,A203,吉林师范大学,2,166653
2023,1,D1,新闻学,A203,吉林师范大学,2,111493
2023,1,D2,编辑出版学,A203,吉林师范大学,2,113828
2023,1,E3,广播电视编导,A203,吉林师范大学,8,168709
2023,1,E7,光电信息科学与工程,A203,吉林师范大学,2,110007
2023,1,F6,社会工作,A203,吉林师范大学,1,94729
2023,1,F7,法学,A203,吉林师范大学,1,41918
2023,1,FX,金融学,A203,吉林师范大学,4,152411
2023,1,FY,人力资源管理,A203,吉林师范大学,4,150421
2023,1,FZ,财务管理,A203,吉林师范大学,3,139268
2023,1,H2,环境科学,A203,吉林师范大学,2,149895
2023,1,H3,给排水科学与工程,A203,吉林师范大学,2,135686
2023,1,HZ,环境工程,A203,吉林师范大学,2,169113
2023,1,5Z,学前教育(中外合作办学)(师范类),A203,吉林师范大学,3,170988
2023,1,EZ,电子信息工程(中外合作办学),A203,吉林师范大学,4,180944
2023,1,7G,人力资源管理(师范类),A204,吉林工程技术师范学院,10,205204
2023,1,X5,机械设计制造及其自动化(中外合作办学),A204,吉林工程技术师范学院,18,233002
2023,1,02,思想政治教育(师范类),A205,长春师范大学,2,72958
2023,1,04,车辆工程,A205,长春师范大学,4,143733
2023,1,05,机械设计制造及其自动化,A205,长春师范大学,4,135116
2023,1,06,图书馆学,A205,长春师范大学,4,131096
2023,1,07,行政管理,A205,长春师范大学,2,126032
2023,1,0A,小学教育(师范类),A205,长春师范大学,4,101010
2023,1,0B,化学(师范类),A205,长春师范大学,5,103343
2023,1,0D,物理学(师范类),A205,长春师范大学,5,112687
2023,1,0E,应用物理学,A205,长春师范大学,3,149387
2023,1,0F,历史学(师范类),A205,长春师范大学,4,74046
2023,1,0K,文物与博物馆学,A205,长春师范大学,3,99470
2023,1,0L,数学与应用数学(师范类),A205,长春师范大学,4,101548
2023,1,0N,环境科学,A205,长春师范大学,4,162985
2023,1,0P,科学教育(师范类),A205,长春师范大学,6,129677
2023,1,0Q,人文教育(师范类),A205,长春师范大学,4,118277
2023,1,0R,地理科学(师范类),A205,长春师范大学,3,73972
2023,1,0S,地理信息科学,A205,长春师范大学,3,112397
2023,1,0T,生物技术,A205,长春师范大学,5,139114
2023,1,0U,生物科学(师范类),A205,长春师范大学,5,98589
2023,1,0W,汉语国际教育(师范类),A205,长春师范大学,4,102745
2023,1,0X,汉语言文学(师范类),A205,长春师范大学,5,65645
2023,1,13,法学,A205,长春师范大学,2,70297
2023,1,14,经济与金融,A205,长春师范大学,4,142525
2023,1,17,计算机科学与技术(师范类),A205,长春师范大学,3,104261
2023,1,1B,朝鲜语(师范类),A205,长春师范大学,4,289146
2023,1,1D,俄语(师范类),A205,长春师范大学,4,232989
2023,1,1E,法语,A205,长春师范大学,4,268835
2023,1,1F,日语(师范类),A205,长春师范大学,4,259336
2023,1,1G,西班牙语,A205,长春师范大学,4,190105
2023,1,1H,英语(师范类),A205,长春师范大学,3,77575
2023,1,1K,阿拉伯语,A205,长春师范大学,2,180030
2023,1,1L,广告学,A205,长春师范大学,4,261648
2023,1,1N,广播电视编导,A205,长春师范大学,5,157027
2023,1,1Q,戏剧影视文学,A205,长春师范大学,5,162201
2023,1,25,学前教育(师范类),A205,长春师范大学,3,151427
2023,1,0Z,旅游管理(中外合作办学),A205,长春师范大学,4,207402
2023,1,19,计算机科学与技术(中外合作办学),A205,长春师范大学,4,177367
2023,1,22,学前教育(中外合作办学)(师范类),A205,长春师范大学,5,187564
2023,1,12,会计学,A205,长春师范大学,4,126908
2023,1,1A,人工智能,A205,长春师范大学,8,161118
2023,1,01,思想政治教育(师范类),A206,白城师范学院,5,165236
2023,1,05,汉语言文学(师范类),A206,白城师范学院,8,152818
2023,1,11,数学与应用数学(师范类),A206,白城师范学院,7,192784
2023,1,A1,法学,A206,白城师范学院,2,134220
2023,1,A4,人文教育(师范类),A206,白城师范学院,6,195862
2023,1,A6,商务英语,A206,白城师范学院,3,198289
2023,1,B4,统计学,A206,白城师范学院,3,192939
2023,1,B5,电子信息工程,A206,白城师范学院,2,195198
2023,1,B8,生物技术,A206,白城师范学院,4,200472
2023,1,B9,园艺,A206,白城师范学院,2,205231
2023,1,C1,动物科学,A206,白城师范学院,2,170590
2023,1,C3,机械设计制造及其自动化,A206,白城师范学院,2,204799
2023,1,C4,机械电子工程,A206,白城师范学院,2,207328
2023,1,C6,计算机科学与技术,A206,白城师范学院,2,189563
2023,1,F2,财务管理,A206,白城师范学院,2,177999
2023,1,F5,地理信息科学,A206,白城师范学院,3,179354
2023,1,F6,数据科学与大数据技术,A206,白城师范学院,2,197736
2023,1,26,学前教育(中外合作办学),A206,白城师范学院,2,207119
2023,1,G2,软件工程,A206,白城师范学院,4,204904
2023,1,01,会计学,A207,吉林财经大学,5,53489
2023,1,02,审计学,A207,吉林财经大学,4,55581
2023,1,04,英语,A207,吉林财经大学,3,78624
2023,1,05,日语,A207,吉林财经大学,3,198588
2023,1,06,朝鲜语,A207,吉林财经大学,4,183920
2023,1,07,计算机科学与技术,A207,吉林财经大学,3,62757
2023,1,0A,国际经济与贸易,A207,吉林财经大学,4,87390
2023,1,0B,法学,A207,吉林财经大学,3,56049
2023,1,0C,经济统计学,A207,吉林财经大学,4,70833
2023,1,0F,保险学,A207,吉林财经大学,4,91824
2023,1,0G,税收学,A207,吉林财经大学,4,59693
2023,1,0H,财政学,A207,吉林财经大学,2,61613
2023,1,0J,经济学,A207,吉林财经大学,3,68614
2023,1,0K,金融学,A207,吉林财经大学,4,67201
2023,1,0L,金融工程,A207,吉林财经大学,3,85200
2023,1,0M,信息管理与信息系统,A207,吉林财经大学,2,93418
2023,1,0Q,市场营销,A207,吉林财经大学,2,102428
2023,1,0S,物流管理,A207,吉林财经大学,2,118122
2023,1,0Y,数学与应用数学,A207,吉林财经大学,3,77855
2023,1,10,资产评估,A207,吉林财经大学,2,70305
2023,1,1S,跨境电子商务,A207,吉林财经大学,3,109183
2023,1,1U,养老服务管理,A207,吉林财经大学,2,127656
2023,1,11,电子商务(中外合作办学),A207,吉林财经大学,3,161476
2023,1,1F,金融学(中外合作办学),A207,吉林财经大学,4,107389
2023,1,1G,会计学(中外合作办学),A207,吉林财经大学,4,76516
2023,1,01,哲学,A212,黑龙江大学,3,41554
2023,1,02,经济学,A212,黑龙江大学,2,52278
2023,1,05,法学,A212,黑龙江大学,2,25442
2023,1,09,教育学,A212,黑龙江大学,7,67424
2023,1,10,汉语言文学,A212,黑龙江大学,2,32781
2023,1,13,英语,A212,黑龙江大学,2,42460
2023,1,14,俄语,A212,黑龙江大学,1,44475
2023,1,16,德语,A212,黑龙江大学,2,92440
2023,1,17,法语,A212,黑龙江大学,2,70955
2023,1,18,西班牙语,A212,黑龙江大学,2,286732
2023,1,19,阿拉伯语,A212,黑龙江大学,4,269258
2023,1,20,日语,A212,黑龙江大学,5,117969
2023,1,21,朝鲜语,A212,黑龙江大学,4,276984
2023,1,22,翻译(俄语),A212,黑龙江大学,5,143243
2023,1,23,翻译(英语),A212,黑龙江大学,2,74816
2023,1,30,考古学,A212,黑龙江大学,3,60048
2023,1,31,数学与应用数学,A212,黑龙江大学,2,56518
2023,1,32,信息与计算科学,A212,黑龙江大学,7,63683
2023,1,33,物理学,A212,黑龙江大学,10,79021
2023,1,35,化学,A212,黑龙江大学,4,57693
2023,1,38,应用心理学,A212,黑龙江大学,2,58273
2023,1,39,统计学,A212,黑龙江大学,3,60149
2023,1,41,材料化学,A212,黑龙江大学,2,69671
2023,1,43,电气工程及其自动化,A212,黑龙江大学,3,46086
2023,1,49,自动化,A212,黑龙江大学,2,49644
2023,1,50,计算机科学与技术,A212,黑龙江大学,3,40214
2023,1,51,软件工程,A212,黑龙江大学,2,48548
2023,1,54,物联网工程,A212,黑龙江大学,2,42116
2023,1,55,土木工程,A212,黑龙江大学,4,85283
2023,1,56,给排水科学与工程,A212,黑龙江大学,5,106961
2023,1,57,水利水电工程,A212,黑龙江大学,2,66964
2023,1,59,化学工程与工艺,A212,黑龙江大学,2,61372
2023,1,61,农业水利工程,A212,黑龙江大学,5,132824
2023,1,66,植物保护,A212,黑龙江大学,3,81343
2023,1,67,种子科学与工程,A212,黑龙江大学,2,76296
2023,1,68,农业资源与环境,A212,黑龙江大学,2,71220
2023,1,69,信息管理与信息系统,A212,黑龙江大学,2,58916
2023,1,73,人力资源管理,A212,黑龙江大学,2,72997
2023,1,74,行政管理,A212,黑龙江大学,3,54955
2023,1,86,数学与应用数学,A212,黑龙江大学,5,91960
2023,1,87,物理学,A212,黑龙江大学,10,132367
2023,1,88,化学工程与工艺,A212,黑龙江大学,8,130476
2023,1,89,生物技术,A212,黑龙江大学,8,92272
2023,1,90,金融学,A212,黑龙江大学,2,67700
2023,1,91,法学,A212,黑龙江大学,4,38029
2023,1,93,金融学,A212,黑龙江大学,5,82101
2023,1,EB,俄语,A212,黑龙江大学,3,96302
2023,1,EG,电子信息类,A212,黑龙江大学,2,43183
2023,1,08,工科试验班(英才本硕博连读),A213,哈尔滨工业大学,20,1002
2023,1,09,工科试验班(航天与自动化),A213,哈尔滨工业大学,17,1920
2023,1,10,工科试验班(计算机与电子通信),A213,哈尔滨工业大学,20,1623
2023,1,11,工科试验班(机器人与智能装备),A213,哈尔滨工业大学,5,1109
2023,1,25,工业设计(中外合作办学),A213,哈尔滨工业大学,3,16023
2023,1,26,建筑学(中外合作办学),A213,哈尔滨工业大学,2,21913
2023,1,27,数学与应用数学(中外合作办学),A213,哈尔滨工业大学,2,12768
2023,1,28,应用物理学(中外合作办学),A213,哈尔滨工业大学,2,11061
2023,1,29,化学(中外合作办学),A213,哈尔滨工业大学,4,21381
2023,1,30,大数据管理与应用(中外合作办学),A213,哈尔滨工业大学,4,15666
2023,1,05,车辆工程,A214,哈尔滨理工大学,5,49896
2023,1,06,金属材料工程,A214,哈尔滨理工大学,4,79062
2023,1,07,无机非金属材料工程,A214,哈尔滨理工大学,6,80464
2023,1,08,高分子材料与工程,A214,哈尔滨理工大学,4,60865
2023,1,12,新能源材料与器件,A214,哈尔滨理工大学,2,65216
2023,1,13,计算机科学与技术,A214,哈尔滨理工大学,6,30590
2023,1,14,网络工程,A214,哈尔滨理工大学,2,36628
2023,1,15,测控技术与仪器,A214,哈尔滨理工大学,2,59229
2023,1,16,安全工程,A214,哈尔滨理工大学,2,59842
2023,1,17,通信工程,A214,哈尔滨理工大学,2,43726
2023,1,18,信息管理与信息系统,A214,哈尔滨理工大学,2,58878
2023,1,20,市场营销,A214,哈尔滨理工大学,3,156186
2023,1,21,人力资源管理,A214,哈尔滨理工大学,2,80650
2023,1,23,网络空间安全,A214,哈尔滨理工大学,4,39702
2023,1,24,人工智能,A214,哈尔滨理工大学,4,38353
2023,1,28,应用物理学,A214,哈尔滨理工大学,5,65817
2023,1,30,光电信息科学与工程,A214,哈尔滨理工大学,2,47036
2023,1,31,信息与计算科学,A214,哈尔滨理工大学,2,43394
2023,1,32,应用统计学,A214,哈尔滨理工大学,2,49926
2023,1,39,材料化学,A214,哈尔滨理工大学,4,69540
2023,1,40,环境工程,A214,哈尔滨理工大学,6,76010
2023,1,56,物联网工程,A214,哈尔滨理工大学,2,34244
2023,1,58,数据科学与大数据技术,A214,哈尔滨理工大学,2,37721
2023,1,59,建筑学,A214,哈尔滨理工大学,2,68911
2023,1,61,工程力学,A214,哈尔滨理工大学,8,74784
2023,1,62,化学工程与工艺,A214,哈尔滨理工大学,8,73679
2023,1,66,经济学类,A214,哈尔滨理工大学,3,75787
2023,1,69,机器人工程,A214,哈尔滨理工大学,3,48914
2023,1,01,经济与金融,A216,燕山大学,2,36803
2023,1,02,法学,A216,燕山大学,4,29863
2023,1,04,汉语言文学,A216,燕山大学,2,29957
2023,1,05,汉语国际教育,A216,燕山大学,2,41980
2023,1,06,外国语言文学类(英语),A216,燕山大学,6,176198
2023,1,07,俄语,A216,燕山大学,2,79785
2023,1,08,德语,A216,燕山大学,2,76213
2023,1,09,法语,A216,燕山大学,2,54227
2023,1,10,日语,A216,燕山大学,4,99510
2023,1,11,信息与计算科学,A216,燕山大学,2,33056
2023,1,12,应用物理学,A216,燕山大学,4,39181
2023,1,13,应用化学,A216,燕山大学,2,40285
2023,1,14,统计学,A216,燕山大学,2,32742
2023,1,15,机械类,A216,燕山大学,8,30845
2023,1,17,过程装备与控制工程,A216,燕山大学,6,42761
2023,1,18,车辆工程,A216,燕山大学,2,30839
2023,1,20,智能感知工程,A216,燕山大学,2,39769
2023,1,21,材料类,A216,燕山大学,6,46202
2023,1,23,能源动力类,A216,燕山大学,2,32680
2023,1,24,电气类,A216,燕山大学,4,26030
2023,1,25,电子信息类,A216,燕山大学,6,26759
2023,1,26,计算机科学与技术,A216,燕山大学,2,22061
2023,1,27,软件工程,A216,燕山大学,5,27101
2023,1,28,土木类,A216,燕山大学,8,82805
2023,1,30,环境工程,A216,燕山大学,4,54403
2023,1,31,建筑学,A216,燕山大学,2,40305
2023,1,33,智能医学工程,A216,燕山大学,2,47181
2023,1,34,工商管理类,A216,燕山大学,6,47213
2023,1,35,公共管理类,A216,燕山大学,4,52747
2023,1,36,工业工程,A216,燕山大学,2,46512
2023,1,91,材料成型及控制工程,A216,燕山大学,2,35778
2023,1,92,测控技术与仪器,A216,燕山大学,2,34858
2023,1,B1,机械设计制造及其自动化,A216,燕山大学,4,89161
2023,1,B2,电气工程及其自动化,A216,燕山大学,4,99314
2023,1,B3,自动化,A216,燕山大学,4,111327
2023,1,B4,电子科学与技术,A216,燕山大学,4,67721
2023,1,B5,化学工程与工艺,A216,燕山大学,4,142704
2023,1,X1,机械设计制造及其自动化,A216,燕山大学,10,85158
2023,1,X2,电子科学与技术,A216,燕山大学,10,69277
2023,1,X3,自动化,A216,燕山大学,10,81634
2023,1,X4,软件工程,A216,燕山大学,10,73319
2023,1,Z1,机械设计制造及其自动化,A216,燕山大学,2,24015
2023,1,Z2,车辆工程,A216,燕山大学,4,30219
2023,1,Z3,电子信息工程,A216,燕山大学,2,23082
2023,1,Z4,自动化,A216,燕山大学,4,23338
2023,1,Z5,生物工程,A216,燕山大学,2,36753
2023,1,37,工业工程(中外合作办学),A216,燕山大学,15,124130
2023,1,01,海洋工程类,A217,哈尔滨工程大学,22,18821
2023,1,02,航空航天类,A217,哈尔滨工程大学,29,20659
2023,1,04,自动化类,A217,哈尔滨工程大学,22,16036
2023,1,05,水声工程(含水声、水声电子、海洋信息3个专业),A217,哈尔滨工程大学,22,16354
2023,1,06,计算机类,A217,哈尔滨工程大学,8,12664
2023,1,07,软件工程(国家特色示范学院),A217,哈尔滨工程大学,12,14565
2023,1,09,智能制造工程,A217,哈尔滨工程大学,8,21435
2023,1,0A,电子信息类,A217,哈尔滨工程大学,15,15058
2023,1,0B,金融学,A217,哈尔滨工程大学,9,28224
2023,1,0C,工商管理,A217,哈尔滨工程大学,3,30804
2023,1,0D,大数据管理与应用,A217,哈尔滨工程大学,9,21773
2023,1,0G,核工程与核技术,A217,哈尔滨工程大学,20,19173
2023,1,0T,计算机科学与技术(本博贯通),A217,哈尔滨工程大学,2,9317
2023,1,11,法学,A217,哈尔滨工程大学,2,19549
2023,1,15,光电信息科学与工程,A217,哈尔滨工程大学,9,17510
2023,1,16,能源动力类,A217,哈尔滨工程大学,15,21234
2023,1,18,机械类,A217,哈尔滨工程大学,15,21828
2023,1,1A,材料类,A217,哈尔滨工程大学,6,22729
2023,1,1C,新能源材料与器件,A217,哈尔滨工程大学,8,22499
2023,1,1E,数学与应用数学,A217,哈尔滨工程大学,11,20903
2023,1,1G,应用物理学,A217,哈尔滨工程大学,3,21133
2023,1,0K,土木工程(中外合作办学),A217,哈尔滨工程大学,5,52048
2023,1,0L,机械设计制造及其自动化(中外合作办学),A217,哈尔滨工程大学,4,34793
2023,1,0M,材料物理(中外合作办学),A217,哈尔滨工程大学,6,43911
2023,1,0N,船舶与海洋工程(中外合作办学),A217,哈尔滨工程大学,5,32983
2023,1,0Q,轮机工程(中外合作办学),A217,哈尔滨工程大学,3,36880
2023,1,0R,自动化(中外合作办学),A217,哈尔滨工程大学,4,26888
2023,1,0S,水声工程(中外合作办学),A217,哈尔滨工程大学,6,28740
2023,1,01,电气工程及其自动化,A219,黑龙江科技大学,3,82926
2023,1,02,自动化,A219,黑龙江科技大学,2,102747
2023,1,03,测控技术与仪器,A219,黑龙江科技大学,4,140882
2023,1,04,电气工程与智能控制,A219,黑龙江科技大学,4,95584
2023,1,05,机械设计制造及其自动化,A219,黑龙江科技大学,4,105349
2023,1,06,机械电子工程,A219,黑龙江科技大学,4,126829
2023,1,07,机械工艺技术,A219,黑龙江科技大学,4,153056
2023,1,11,通信工程,A219,黑龙江科技大学,2,113147
2023,1,12,电子信息工程,A219,黑龙江科技大学,2,108605
2023,1,13,电子信息科学与技术,A219,黑龙江科技大学,2,116453
2023,1,14,材料成型及控制工程,A219,黑龙江科技大学,3,149900
2023,1,18,土木工程,A219,黑龙江科技大学,2,150863
2023,1,20,建筑学,A219,黑龙江科技大学,1,123731
2023,1,21,城乡规划,A219,黑龙江科技大学,1,141052
2023,1,22,风景园林,A219,黑龙江科技大学,2,141525
2023,1,24,计算机科学与技术,A219,黑龙江科技大学,3,90611
2023,1,25,软件工程,A219,黑龙江科技大学,2,103676
2023,1,26,物联网工程,A219,黑龙江科技大学,3,115302
2023,1,27,数据科学与大数据技术,A219,黑龙江科技大学,3,112679
2023,1,28,数学与应用数学,A219,黑龙江科技大学,1,103552
2023,1,37,环境工程,A219,黑龙江科技大学,2,153199
2023,1,38,化学工程与工艺,A219,黑龙江科技大学,3,149968
2023,1,39,应用化学,A219,黑龙江科技大学,2,150343
2023,1,40,安全工程,A219,黑龙江科技大学,2,142555
2023,1,42,国际经济与贸易,A219,黑龙江科技大学,2,149199
2023,1,43,金融学,A219,黑龙江科技大学,2,135678
2023,1,45,会计学,A219,黑龙江科技大学,5,109403
2023,1,46,财务管理,A219,黑龙江科技大学,4,121856
2023,1,49,信息管理与信息系统,A219,黑龙江科技大学,4,144658
2023,1,51,英语,A219,黑龙江科技大学,4,168995
2023,1,52,商务英语,A219,黑龙江科技大学,2,173499
2023,1,53,俄语,A219,黑龙江科技大学,2,139947
2023,1,54,社会学,A219,黑龙江科技大学,4,171928
2023,1,01,建筑学,A220,东北石油大学,5,102764
2023,1,02,安全工程,A220,东北石油大学,5,125208
2023,1,04,测控技术与仪器,A220,东北石油大学,5,118638
2023,1,09,电气工程及其自动化,A220,东北石油大学,4,64482
2023,1,10,电子科学与技术,A220,东北石油大学,3,83760
2023,1,11,电子信息工程,A220,东北石油大学,2,74223
2023,1,13,俄语,A220,东北石油大学,3,148606
2023,1,14,高分子材料与工程,A220,东北石油大学,4,95397
2023,1,15,给排水科学与工程,A220,东北石油大学,5,135609
2023,1,16,工程管理,A220,东北石油大学,3,132527
2023,1,20,人工智能,A220,东北石油大学,2,89612
2023,1,21,光电信息科学与工程,A220,东北石油大学,3,94876
2023,1,23,过程装备与控制工程,A220,东北石油大学,5,113156
2023,1,24,海洋油气工程,A220,东北石油大学,2,90299
2023,1,25,汉语言文学,A220,东北石油大学,2,72993
2023,1,26,行政管理,A220,东北石油大学,3,96344
2023,1,27,化学,A220,东北石油大学,3,122388
2023,1,28,化学工程与工艺,A220,东北石油大学,5,94350
2023,1,29,环境工程,A220,东北石油大学,2,134702
2023,1,32,机械设计制造及其自动化,A220,东北石油大学,3,71075
2023,1,34,建筑环境与能源应用工程,A220,东北石油大学,4,139278
2023,1,36,金属材料工程,A220,东北石油大学,2,121015
2023,1,38,勘查技术与工程,A220,东北石油大学,10,123464
2023,1,39,旅游管理,A220,东北石油大学,2,157227
2023,1,41,能源与动力工程,A220,东北石油大学,4,93079
2023,1,44,社会工作,A220,东北石油大学,2,119240
2023,1,45,石油工程,A220,东北石油大学,16,96688
2023,1,47,网络空间安全,A220,东北石油大学,3,84095
2023,1,48,通信工程,A220,东北石油大学,5,88245
2023,1,49,土木工程,A220,东北石油大学,10,141268
2023,1,53,信息与计算科学,A220,东北石油大学,7,108106
2023,1,55,英语,A220,东北石油大学,4,112259
2023,1,56,应用化学,A220,东北石油大学,5,120754
2023,1,58,应用物理学,A220,东北石油大学,5,110235
2023,1,59,油气储运工程,A220,东北石油大学,7,104086
2023,1,60,资源勘查工程,A220,东北石油大学,12,112193
2023,1,61,自动化,A220,东北石油大学,3,75303
2023,1,64,智能电网信息工程,A220,东北石油大学,2,79811
2023,1,65,资源勘查工程(实验班),A220,东北石油大学,2,60420
2023,1,67,计算机类,A220,东北石油大学,12,83504
2023,1,68,工商管理类,A220,东北石油大学,4,113547
2023,1,9K,数据科学与大数据技术,A220,东北石油大学,4,92955
2023,1,9L,地质学类,A220,东北石油大学,4,114120
2023,1,9M,机械设计制造及其自动化(实验班),A220,东北石油大学,2,61097
2023,1,9N,化学工程与工艺(实验班),A220,东北石油大学,2,66862
2023,1,9P,石油工程(实验班),A220,东北石油大学,3,65847
2023,1,F1,过程装备与控制工程(融创班),A220,东北石油大学,4,111245
2023,1,F2,机械设计制造及其自动化(融创班),A220,东北石油大学,2,76382
2023,1,F3,自动化(融创班),A220,东北石油大学,3,86804
2023,1,F6,建筑环境与能源应用工程(融创班),A220,东北石油大学,1,154072
2023,1,F7,资源勘查工程(中俄能源特色班),A220,东北石油大学,3,132604
2023,1,G1,碳储科学与工程,A220,东北石油大学,2,110734
2023,1,G2,机器人工程,A220,东北石油大学,4,93702
2023,1,G3,工程造价,A220,东北石油大学,2,120690
2023,1,02,临床医学,A222,佳木斯大学,25,98952
2023,1,03,医学检验技术,A222,佳木斯大学,9,150441
2023,1,04,康复治疗学,A222,佳木斯大学,15,166192
2023,1,05,护理学,A222,佳木斯大学,17,159702
2023,1,07,预防医学,A222,佳木斯大学,24,159266
2023,1,09,药学,A222,佳木斯大学,24,170685
2023,1,0E,数学与应用数学(师范类),A222,佳木斯大学,19,176151
2023,1,0J,汉语言文学(师范类),A222,佳木斯大学,14,121273
2023,1,0W,机器人工程,A222,佳木斯大学,9,156709
2023,1,16,材料成型及控制工程,A222,佳木斯大学,12,184172
2023,1,17,焊接技术与工程,A222,佳木斯大学,24,204869
2023,1,A2,植物保护,A223,黑龙江八一农垦大学,3,171058
2023,1,A3,农业资源与环境,A223,黑龙江八一农垦大学,2,173125
2023,1,A4,种子科学与工程,A223,黑龙江八一农垦大学,2,168803
2023,1,AX,农学(创新人才培养班),A223,黑龙江八一农垦大学,8,166138
2023,1,B2,农业电气化,A223,黑龙江八一农垦大学,2,165899
2023,1,B3,机械设计制造及其自动化,A223,黑龙江八一农垦大学,3,151045
2023,1,B4,交通运输,A223,黑龙江八一农垦大学,2,167147
2023,1,BX,农业机械化及其自动化(创新人才培养班),A223,黑龙江八一农垦大学,8,169439
2023,1,C1,动物科学,A223,黑龙江八一农垦大学,2,146962
2023,1,C5,动物医学(创新人才培养班),A223,黑龙江八一农垦大学,9,145466
2023,1,D4,国际经济与贸易,A223,黑龙江八一农垦大学,2,151863
2023,1,D5,财务管理,A223,黑龙江八一农垦大学,2,141323
2023,1,D6,人力资源管理,A223,黑龙江八一农垦大学,2,155037
2023,1,D7,审计学,A223,黑龙江八一农垦大学,2,141039
2023,1,DX,会计学(创新人才培养班),A223,黑龙江八一农垦大学,5,134059
2023,1,E3,食品质量与安全,A223,黑龙江八一农垦大学,2,167671
2023,1,E4,粮食工程,A223,黑龙江八一农垦大学,2,172746
2023,1,E5,食品营养与健康,A223,黑龙江八一农垦大学,2,175071
2023,1,EX,食品科学与工程(创新人才培养班),A223,黑龙江八一农垦大学,8,171907
2023,1,F1,公共事业管理,A223,黑龙江八一农垦大学,2,168923
2023,1,F2,社会工作,A223,黑龙江八一农垦大学,2,168716
2023,1,F3,英语,A223,黑龙江八一农垦大学,2,148321
2023,1,F4,汉语言文学,A223,黑龙江八一农垦大学,2,117840
2023,1,G1,计算机科学与技术,A223,黑龙江八一农垦大学,2,149824
2023,1,G2,电气工程及其自动化,A223,黑龙江八一农垦大学,2,139559
2023,1,G3,电子信息工程,A223,黑龙江八一农垦大学,2,145418
2023,1,G4,通信工程,A223,黑龙江八一农垦大学,2,154388
2023,1,G5,数据科学与大数据技术,A223,黑龙江八一农垦大学,2,153339
2023,1,H1,生物技术,A223,黑龙江八一农垦大学,2,166997
2023,1,H2,生物科学,A223,黑龙江八一农垦大学,2,169907
2023,1,H3,生物工程,A223,黑龙江八一农垦大学,2,172340
2023,1,H4,制药工程,A223,黑龙江八一农垦大学,3,167417
2023,1,J1,信息与计算科学,A223,黑龙江八一农垦大学,2,151218
2023,1,J2,应用化学,A223,黑龙江八一农垦大学,2,170368
2023,1,K1,园艺,A223,黑龙江八一农垦大学,2,171787
2023,1,K2,园林,A223,黑龙江八一农垦大学,2,172691
2023,1,K3,设施农业科学与工程,A223,黑龙江八一农垦大学,3,171946
2023,1,K4,风景园林,A223,黑龙江八一农垦大学,2,174808
2023,1,L1,土木工程,A223,黑龙江八一农垦大学,3,179784
2023,1,L2,建筑环境与能源应用工程,A223,黑龙江八一农垦大学,2,183263
2023,1,L3,水利水电工程,A223,黑龙江八一农垦大学,2,168014
2023,1,L4,建筑电气与智能化,A223,黑龙江八一农垦大学,3,180247
2023,1,01,植物生产类(1),A224,东北农业大学,15,43857
2023,1,02,农学(本硕博班),A224,东北农业大学,2,22445
2023,1,03,智慧农业,A224,东北农业大学,3,38299
2023,1,04,植物保护,A224,东北农业大学,6,45234
2023,1,05,植物生产类(2),A224,东北农业大学,6,45358
2023,1,07,园艺(中新实验班),A224,东北农业大学,10,83979
2023,1,09,风景园林,A224,东北农业大学,3,43004
2023,1,10,环境科学与工程类,A224,东北农业大学,5,40425
2023,1,11,自然保护与环境生态类,A224,东北农业大学,5,46613
2023,1,13,生态学,A224,东北农业大学,4,45353
2023,1,15,动物生产类,A224,东北农业大学,5,46069
2023,1,17,动物医学,A224,东北农业大学,4,34325
2023,1,20,机械类,A224,东北农业大学,4,29993
2023,1,21,农业机械化及其自动化(本硕博班),A224,东北农业大学,2,26890
2023,1,22,能源动力类,A224,东北农业大学,3,31079
2023,1,23,工业工程类,A224,东北农业大学,5,44681
2023,1,24,农业智能装备工程,A224,东北农业大学,2,37570
2023,1,25,金融学类,A224,东北农业大学,6,33520
2023,1,26,工商管理类,A224,东北农业大学,9,36081
2023,1,27,农林经济管理,A224,东北农业大学,3,27720
2023,1,29,生物科学类,A224,东北农业大学,5,32487
2023,1,30,生物科学(本硕博班),A224,东北农业大学,2,23165
2023,1,31,制药工程,A224,东北农业大学,3,33368
2023,1,32,食品科学与工程类,A224,东北农业大学,14,40057
2023,1,33,食品科学与工程(本硕博班),A224,东北农业大学,2,26185
2023,1,35,土地资源管理,A224,东北农业大学,3,37041
2023,1,37,行政管理,A224,东北农业大学,5,37051
2023,1,39,水利类,A224,东北农业大学,15,44988
2023,1,40,电气类,A224,东北农业大学,4,25955
2023,1,41,计算机类,A224,东北农业大学,5,24444
2023,1,42,应用化学,A224,东北农业大学,4,37938
2023,1,43,化学生物学,A224,东北农业大学,4,41029
2023,1,44,英语,A224,东北农业大学,4,42526
2023,1,45,俄语,A224,东北农业大学,5,54091
2023,1,47,数据科学与大数据技术,A224,东北农业大学,3,25448
2023,1,67,汉语国际教育,A224,东北农业大学,5,39373
2023,1,71,生物科学(中美121双学位项目),A224,东北农业大学,2,65851
2023,1,72,动物科学(中美121双学位项目),A224,东北农业大学,2,78902
2023,1,73,食品科学与工程(中美121双学位项目),A224,东北农业大学,2,68723
2023,1,74,计算机科学与技术(中美121双学位项目),A224,东北农业大学,2,51568
2023,1,75,工商管理(中美121双学位项目),A224,东北农业大学,2,67156
2023,1,02,环境科学,A225,东北林业大学,5,40561
2023,1,03,地理信息科学,A225,东北林业大学,4,30966
2023,1,04,林学类(成栋实验班),A225,东北林业大学,5,30338
2023,1,05,生态学,A225,东北林业大学,2,35930
2023,1,07,林产化工,A225,东北林业大学,4,42753
2023,1,08,轻化工程,A225,东北林业大学,4,42764
2023,1,09,材料类,A225,东北林业大学,12,36562
2023,1,10,林业工程类(成栋班),A225,东北林业大学,4,31742
2023,1,11,野生动物与自然保护区管理,A225,东北林业大学,4,46063
2023,1,12,动物科学,A225,东北林业大学,4,41676
2023,1,13,动物医学,A225,东北林业大学,5,34432
2023,1,16,机器人工程,A225,东北林业大学,6,27638
2023,1,17,车辆工程,A225,东北林业大学,8,31770
2023,1,18,森林工程,A225,东北林业大学,6,39152
2023,1,20,数据科学与大数据技术,A225,东北林业大学,4,25089
2023,1,21,人工智能,A225,东北林业大学,4,25179
2023,1,22,电子信息类,A225,东北林业大学,12,25479
2023,1,24,生物科学类,A225,东北林业大学,15,31637
2023,1,25,生物科学(拔尖人才成栋班),A225,东北林业大学,2,24382
2023,1,26,食品科学与工程,A225,东北林业大学,3,33287
2023,1,27,园林,A225,东北林业大学,3,40532
2023,1,29,城乡规划,A225,东北林业大学,5,45138
2023,1,30,土木工程,A225,东北林业大学,18,46545
2023,1,31,建筑环境与能源应用工程,A225,东北林业大学,3,39705
2023,1,32,工程管理,A225,东北林业大学,5,42752
2023,1,33,交通运输类,A225,东北林业大学,12,34783
2023,1,35,数学与应用数学,A225,东北林业大学,6,27835
2023,1,36,信息与计算科学,A225,东北林业大学,7,27945
2023,1,37,物理学,A225,东北林业大学,6,30049
2023,1,38,化学类,A225,东北林业大学,13,39848
2023,1,39,化学工程与工艺,A225,东北林业大学,10,38357
2023,1,42,法学,A225,东北林业大学,5,21668
2023,1,43,政治学与行政学,A225,东北林业大学,5,31175
2023,1,44,社会工作,A225,东北林业大学,5,50472
2023,1,45,广告学,A225,东北林业大学,3,43566
2023,1,46,英语,A225,东北林业大学,2,31422
2023,1,47,俄语,A225,东北林业大学,4,44063
2023,1,48,日语,A225,东北林业大学,2,69039
2023,1,50,工业设计,A225,东北林业大学,4,34705
2023,1,H5,林学类,A225,东北林业大学,7,38450
2023,1,H7,木材科学与工程,A225,东北林业大学,5,45780
2023,1,H9,机械设计制造及其自动化,A225,东北林业大学,5,27605
2023,1,HB,机械电子工程,A225,东北林业大学,9,28907
2023,1,HD,计算机类,A225,东北林业大学,14,24094
2023,1,HF,电气类,A225,东北林业大学,16,26532
2023,1,HH,风景园林,A225,东北林业大学,6,39671
2023,1,HK,物流工程,A225,东北林业大学,6,43648
2023,1,HM,工商管理类,A225,东北林业大学,21,37913
2023,1,HP,经济学类,A225,东北林业大学,7,31879
2023,1,H1,计算机科学与技术(中外合作办学),A225,东北林业大学,13,41685
2023,1,H2,生物技术(中外合作办学),A225,东北林业大学,15,54952
2023,1,H3,化学(中外合作办学),A225,东北林业大学,16,70197
2023,1,H4,工程管理(中外合作办学),A225,东北林业大学,20,80985
2023,1,02,临床医学(5+3一体化),A226,哈尔滨医科大学,3,6087
2023,1,03,临床医学(5+3一体化，儿科学硕士),A226,哈尔滨医科大学,1,9470
2023,1,04,基础医学(伍连德班),A226,哈尔滨医科大学,1,18494
2023,1,05,基础医学,A226,哈尔滨医科大学,2,17947
2023,1,06,临床医学,A226,哈尔滨医科大学,9,11091
2023,1,08,麻醉学,A226,哈尔滨医科大学,1,10892
2023,1,09,医学影像学,A226,哈尔滨医科大学,1,14547
2023,1,0A,儿科学,A226,哈尔滨医科大学,1,18851
2023,1,0B,口腔医学,A226,哈尔滨医科大学,1,8281
2023,1,0C,预防医学,A226,哈尔滨医科大学,2,28885
2023,1,0D,药学,A226,哈尔滨医科大学,2,33470
2023,1,0E,临床药学,A226,哈尔滨医科大学,3,33564
2023,1,0G,智能医学工程,A226,哈尔滨医科大学,2,35210
2023,1,0J,生物信息学,A226,哈尔滨医科大学,3,47069
2023,1,0K,生物医学工程,A226,哈尔滨医科大学,1,34195
2023,1,0L,法学,A226,哈尔滨医科大学,2,43982
2023,1,0M,护理学,A226,哈尔滨医科大学,4,66292
2023,1,0N,公共事业管理,A226,哈尔滨医科大学,2,66560
2023,1,0P,医学检验技术,A226,哈尔滨医科大学,8,52864
2023,1,0Q,康复治疗学,A226,哈尔滨医科大学,8,88675
2023,1,0R,精神医学,A226,哈尔滨医科大学,5,50232
2023,1,0T,药物制剂,A226,哈尔滨医科大学,4,60737
2023,1,0U,药物分析,A226,哈尔滨医科大学,5,79594
2023,1,0V,医学实验技术,A226,哈尔滨医科大学,5,98129
2023,1,0Y,信息管理与信息系统,A226,哈尔滨医科大学,8,141573
2023,1,0Z,健康服务与管理,A226,哈尔滨医科大学,4,131734
2023,1,12,运动康复,A226,哈尔滨医科大学,6,105617
2023,1,13,眼视光医学,A226,哈尔滨医科大学,1,13957
2023,1,01,中医学(5+3一体化),A228,黑龙江中医药大学,9,33478
2023,1,02,中医学(5+3一体化，专业硕士儿科学),A228,黑龙江中医药大学,2,37630
2023,1,03,中医学,A228,黑龙江中医药大学,23,58966
2023,1,04,中西医临床医学,A228,黑龙江中医药大学,12,80845
2023,1,05,中医骨伤科学,A228,黑龙江中医药大学,15,89187
2023,1,06,护理学,A228,黑龙江中医药大学,6,130986
2023,1,07,针灸推拿学,A228,黑龙江中医药大学,6,68602
2023,1,08,康复治疗学,A228,黑龙江中医药大学,6,114186
2023,1,09,运动康复,A228,黑龙江中医药大学,2,138358
2023,1,10,中医康复学,A228,黑龙江中医药大学,13,100344
2023,1,11,医学影像技术,A228,黑龙江中医药大学,3,98474
2023,1,12,中药学,A228,黑龙江中医药大学,5,67806
2023,1,13,药物制剂,A228,黑龙江中医药大学,10,139153
2023,1,14,制药工程,A228,黑龙江中医药大学,4,117928
2023,1,15,生物技术,A228,黑龙江中医药大学,2,95602
2023,1,16,中药资源与开发,A228,黑龙江中医药大学,2,129625
2023,1,17,药学,A228,黑龙江中医药大学,8,103186
2023,1,19,中药制药,A228,黑龙江中医药大学,2,70528
2023,1,23,应用心理学,A228,黑龙江中医药大学,2,66296
2023,1,26,智能医学工程,A228,黑龙江中医药大学,2,116856
2023,1,02,制药工程,A229,牡丹江医学院,2,170744
2023,1,03,生物医学工程,A229,牡丹江医学院,2,175572
2023,1,05,临床医学,A229,牡丹江医学院,9,90226
2023,1,06,麻醉学,A229,牡丹江医学院,4,88979
2023,1,07,医学影像学,A229,牡丹江医学院,4,72050
2023,1,12,医学检验技术,A229,牡丹江医学院,2,129337
2023,1,13,医学影像技术,A229,牡丹江医学院,2,129639
2023,1,78,心理学(师范类),A231,哈尔滨师范大学,3,67761
2023,1,7B,生物科学(师范类),A231,哈尔滨师范大学,3,57197
2023,1,7D,数学与应用数学(师范类),A231,哈尔滨师范大学,3,57187
2023,1,7H,物理学(师范类),A231,哈尔滨师范大学,3,64091
2023,1,7J,英语(师范类),A231,哈尔滨师范大学,3,51284
2023,1,7L,小学教育(师范类),A231,哈尔滨师范大学,3,63825
2023,1,7N,历史学(师范类),A231,哈尔滨师范大学,3,56934
2023,1,81,行政管理,A231,哈尔滨师范大学,2,74186
2023,1,8J,俄语(非师范),A231,哈尔滨师范大学,3,103276
2023,1,8V,地理信息科学,A231,哈尔滨师范大学,3,65843
2023,1,8Y,计算机科学与技术,A231,哈尔滨师范大学,3,52506
2023,1,02,国际经济与贸易,A232,齐齐哈尔大学,1,134933
2023,1,03,法学,A232,齐齐哈尔大学,1,80824
2023,1,09,中国语言文学类,A232,齐齐哈尔大学,1,93719
2023,1,12,外国语言文学类,A232,齐齐哈尔大学,1,118824
2023,1,14,俄语(师范类),A232,齐齐哈尔大学,2,157723
2023,1,16,日语,A232,齐齐哈尔大学,2,171057
2023,1,17,朝鲜语,A232,齐齐哈尔大学,2,251067
2023,1,18,广播电视学,A232,齐齐哈尔大学,2,176078
2023,1,20,数学类,A232,齐齐哈尔大学,1,136122
2023,1,22,物理学(师范类),A232,齐齐哈尔大学,2,134633
2023,1,25,地理科学(师范类),A232,齐齐哈尔大学,2,106721
2023,1,26,生物科学(师范类),A232,齐齐哈尔大学,2,118736
2023,1,28,应用心理学,A232,齐齐哈尔大学,2,134489
2023,1,29,机械类,A232,齐齐哈尔大学,10,150156
2023,1,32,材料类,A232,齐齐哈尔大学,5,170274
2023,1,34,电气工程及其自动化,A232,齐齐哈尔大学,3,123077
2023,1,35,电子信息类,A232,齐齐哈尔大学,7,136193
2023,1,38,人工智能,A232,齐齐哈尔大学,7,124502
2023,1,39,自动化,A232,齐齐哈尔大学,2,125989
2023,1,40,计算机类,A232,齐齐哈尔大学,2,113752
2023,1,44,物联网工程,A232,齐齐哈尔大学,8,137130
2023,1,45,数据科学与大数据技术,A232,齐齐哈尔大学,8,138224
2023,1,46,土木工程,A232,齐齐哈尔大学,10,173776
2023,1,47,化工与制药类,A232,齐齐哈尔大学,11,161259
2023,1,49,纺织工程,A232,齐齐哈尔大学,2,176718
2023,1,50,轻工类,A232,齐齐哈尔大学,6,174670
2023,1,52,食品科学与工程类,A232,齐齐哈尔大学,8,156142
2023,1,58,林学,A232,齐齐哈尔大学,2,164171
2023,1,61,工商管理类,A232,齐齐哈尔大学,2,131366
2023,1,15,国际经济与贸易,A233,牡丹江师范学院,2,207055
2023,1,26,汉语言文学(师范类),A233,牡丹江师范学院,3,138094
2023,1,27,汉语言,A233,牡丹江师范学院,2,146336
2023,1,39,商务英语,A233,牡丹江师范学院,2,199345
2023,1,41,历史学(师范类),A233,牡丹江师范学院,3,154603
2023,1,42,数学与应用数学(师范类),A233,牡丹江师范学院,3,184076
2023,1,45,化学(师范类),A233,牡丹江师范学院,3,182388
2023,1,50,生物技术,A233,牡丹江师范学院,4,198479
2023,1,53,电气工程及其自动化,A233,牡丹江师范学院,2,177509
2023,1,54,电子信息科学与技术,A233,牡丹江师范学院,3,199968
2023,1,62,工商管理,A233,牡丹江师范学院,5,193687
2023,1,68,英语(师范类),A233,牡丹江师范学院,3,171250
2023,1,18,英语(师范类),A234,哈尔滨学院,3,163914
2023,1,19,俄语,A234,哈尔滨学院,2,185496
2023,1,1A,商务英语,A234,哈尔滨学院,2,187960
2023,1,1B,小学教育(师范类),A234,哈尔滨学院,3,146554
2023,1,1C,学前教育(师范类),A234,哈尔滨学院,2,174293
2023,1,1D,汉语言文学(师范类),A234,哈尔滨学院,2,123242
2023,1,1E,汉语国际教育,A234,哈尔滨学院,2,146130
2023,1,1G,社会工作,A234,哈尔滨学院,1,179902
2023,1,1H,旅游管理,A234,哈尔滨学院,2,193456
2023,1,1J,地理信息科学,A234,哈尔滨学院,2,162194
2023,1,1L,会计学,A234,哈尔滨学院,2,142880
2023,1,1M,财务管理,A234,哈尔滨学院,2,150973
2023,1,1N,金融学,A234,哈尔滨学院,2,160519
2023,1,1P,商务经济学,A234,哈尔滨学院,2,176208
2023,1,1Q,电子信息工程,A234,哈尔滨学院,2,158961
2023,1,1R,建筑电气与智能化,A234,哈尔滨学院,2,183199
2023,1,1T,土木类,A234,哈尔滨学院,2,207343
2023,1,1U,智能建造,A234,哈尔滨学院,1,192860
2023,1,1V,化学(师范类),A234,哈尔滨学院,2,167862
2023,1,1Z,网络与新媒体,A234,哈尔滨学院,1,174513
2023,1,20,数学与应用数学(师范类),A234,哈尔滨学院,2,174325
2023,1,21,计算机科学与技术,A234,哈尔滨学院,2,152055
2023,1,22,软件工程,A234,哈尔滨学院,2,167634
2023,1,23,思想政治教育(师范类),A234,哈尔滨学院,1,123901
2023,1,01,市场营销,A235,大庆师范学院,5,210843
2023,1,02,财务管理,A235,大庆师范学院,5,184779
2023,1,03,旅游管理,A235,大庆师范学院,4,210513
2023,1,05,法学,A235,大庆师范学院,4,136073
2023,1,07,化学(师范类),A235,大庆师范学院,5,193579
2023,1,08,应用化学,A235,大庆师范学院,2,206647
2023,1,09,化学工程与工艺,A235,大庆师范学院,2,204033
2023,1,0A,油气储运工程,A235,大庆师范学院,2,191602
2023,1,0G,学前教育(师范类),A235,大庆师范学院,7,188832
2023,1,0J,数学与应用数学(师范类),A235,大庆师范学院,8,191543
2023,1,0W,日语,A235,大庆师范学院,5,207892
2023,1,0X,汉语言文学(师范类),A235,大庆师范学院,7,156359
2023,1,0Y,汉语国际教育(师范类),A235,大庆师范学院,3,170217
2023,1,0Z,秘书学,A235,大庆师范学院,8,193371
2023,1,13,汽车服务工程,A235,大庆师范学院,5,216716
2023,1,03,特殊教育(师范类),A236,绥化学院,4,182496
2023,1,06,汉语言文学(师范类),A236,绥化学院,2,149393
2023,1,07,英语(师范类),A236,绥化学院,4,184767
2023,1,08,英语,A236,绥化学院,4,198643
2023,1,0D,数学与应用数学(师范类),A236,绥化学院,2,199921
2023,1,0E,化学,A236,绥化学院,3,201379
2023,1,0G,汽车服务工程,A236,绥化学院,6,220439
2023,1,0H,电气工程及其自动化,A236,绥化学院,6,203862
2023,1,0J,电子信息工程,A236,绥化学院,6,205662
2023,1,0K,自动化,A236,绥化学院,6,209805
2023,1,0L,计算机科学与技术,A236,绥化学院,4,202372
2023,1,0M,软件工程,A236,绥化学院,3,200338
2023,1,0Q,化学工程与工艺,A236,绥化学院,6,209140
2023,1,0R,制药工程,A236,绥化学院,6,203478
2023,1,0V,工程造价,A236,绥化学院,3,211389
2023,1,0X,财务管理,A236,绥化学院,4,182519
2023,1,06,统计学,A240,哈尔滨商业大学,7,122511
2023,1,19,物流管理,A240,哈尔滨商业大学,20,164872
2023,1,20,物流工程,A240,哈尔滨商业大学,9,170902
2023,1,21,宝石及材料工艺学,A240,哈尔滨商业大学,4,188820
2023,1,30,生物工程,A240,哈尔滨商业大学,4,149784
2023,1,31,制药工程,A240,哈尔滨商业大学,5,137607
2023,1,32,药学,A240,哈尔滨商业大学,4,128938
2023,1,33,中药学,A240,哈尔滨商业大学,6,149175
2023,1,35,包装工程,A240,哈尔滨商业大学,6,176444
2023,1,39,电子信息工程,A240,哈尔滨商业大学,3,93971
2023,1,43,电子商务,A240,哈尔滨商业大学,6,162223
2023,1,49,烹饪与营养教育,A240,哈尔滨商业大学,3,173927
2023,1,52,法学,A240,哈尔滨商业大学,6,67467
2023,1,61,新闻学,A240,哈尔滨商业大学,9,139578
2023,1,62,数学与应用数学,A240,哈尔滨商业大学,4,125308
2023,1,78,金融学类(金融学院),A240,哈尔滨商业大学,28,138567
2023,1,79,工商管理类(商务学院),A240,哈尔滨商业大学,21,178006
2023,1,80,工商管理类(会计学院),A240,哈尔滨商业大学,9,68094
2023,1,83,经济学类(经济学院),A240,哈尔滨商业大学,21,132538
2023,1,84,财政学类(财政与公共管理学院),A240,哈尔滨商业大学,22,127543
2023,1,85,经济与贸易类(经济学院),A240,哈尔滨商业大学,15,161192
2023,1,86,公共管理类(财政与公共管理学院),A240,哈尔滨商业大学,13,178065
2023,1,93,计算机类(计算机学院),A240,哈尔滨商业大学,9,98956
2023,1,94,外国语言文学类(外语学院),A240,哈尔滨商业大学,6,190001
2023,1,99,食品科学与工程类(食品工程学院),A240,哈尔滨商业大学,20,160636
2023,1,A0,大数据管理与应用,A240,哈尔滨商业大学,2,130302
2023,1,A1,经济学(本硕班),A240,哈尔滨商业大学,2,66216
2023,1,A5,食品科学与工程(本硕班),A240,哈尔滨商业大学,2,120513
2023,1,A6,中药学(本硕班),A240,哈尔滨商业大学,4,112646
2023,1,03,运动人体科学,A242,哈尔滨体育学院,2,203327
2023,1,04,运动康复,A242,哈尔滨体育学院,20,209035
2023,1,05,英语,A242,哈尔滨体育学院,2,194197
2023,1,06,新闻学,A242,哈尔滨体育学院,7,197369
2023,1,07,体育经济与管理,A242,哈尔滨体育学院,4,214152
2023,1,01,金融学,A245,哈尔滨金融学院,4,135236
2023,1,02,国际经济与贸易,A245,哈尔滨金融学院,2,173052
2023,1,06,会计学,A245,哈尔滨金融学院,4,120541
2023,1,09,电子商务,A245,哈尔滨金融学院,2,175724
2023,1,15,投资学,A245,哈尔滨金融学院,6,184819
2023,1,16,商务英语,A245,哈尔滨金融学院,3,197134
2023,1,17,财务管理,A245,哈尔滨金融学院,4,149668
2023,1,18,市场营销,A245,哈尔滨金融学院,4,192782
2023,1,20,税收学,A245,哈尔滨金融学院,4,147947
2023,1,23,知识产权,A245,哈尔滨金融学院,2,150463
2023,1,12,人文科学试验班(拔尖学生培养基地),A246,复旦大学,5,675
2023,1,15,法学(卓越法律人才基地),A246,复旦大学,2,597
2023,1,22,理科试验班(含自科技科工科),A246,复旦大学,4,224
2023,1,56,金融学(金融科技方向，泛海国际金融学院),A246,复旦大学,2,362
2023,1,57,新闻传播学类(卓越新闻人才计划),A246,复旦大学,3,865
2023,1,59,社会科学试验班,A246,复旦大学,5,819
2023,1,5B,经济学类(拔尖学生培养基地),A246,复旦大学,8,505
2023,1,5D,经济管理试验班,A246,复旦大学,3,370
2023,1,5F,自然科学试验班(物理化学方向，拔尖学生培养基地),A246,复旦大学,16,548
2023,1,5H,技术科学试验班(拔尖学生培养基地),A246,复旦大学,18,422
2023,1,01,工科试验班(国豪精英班),A247,同济大学,6,884
2023,1,03,人文科学试验班,A247,同济大学,8,3828
2023,1,04,社会科学试验班,A247,同济大学,4,2942
2023,1,05,经济管理试验班,A247,同济大学,8,2550
2023,1,06,工科试验班(建筑规划景观与设计类),A247,同济大学,11,2771
2023,1,07,工科试验班(智慧建造与低碳环境类),A247,同济大学,22,3377
2023,1,08,工科试验班(智能交通与车辆类),A247,同济大学,16,2559
2023,1,09,工科试验班(智能化制造与先进材料类),A247,同济大学,10,2219
2023,1,10,工科试验班(信息类),A247,同济大学,36,1685
2023,1,11,医学试验班,A247,同济大学,4,1665
2023,1,12,临床医学(5+3一体化),A247,同济大学,6,1384
2023,1,13,理科试验班,A247,同济大学,11,2083
2023,1,J1,数学与应用数学(数学拔尖学生培养),A247,同济大学,3,1610
2023,1,G2,工科试验班类,A248,上海交通大学,46,737
2023,1,Z1,自然科学试验班,A248,上海交通大学,27,987
2023,1,Z4,人工智能(卓越人才试点班),A248,上海交通大学,5,223
2023,1,Z6,电子信息类(IEEE试点班，含双学士学位项目),A248,上海交通大学,4,200
2023,1,Z8,核工程与核技术,A248,上海交通大学,9,1049
2023,1,ZA,自然保护与环境生态类(含双学士学位项目),A248,上海交通大学,40,2338
2023,1,ZC,经济管理试验班(含双学士学位项目),A248,上海交通大学,5,580
2023,1,ZE,金融学(含金融学、计算机双学士学位项目),A248,上海交通大学,4,432
2023,1,ZG,法学试验班(含双学士学位项目),A248,上海交通大学,1,502
2023,1,ZJ,工科试验班类(信息类),A248,上海交通大学,30,364
2023,1,ZL,理科试验班类(含致远，吴文俊、李政道班，双学士学位项目),A248,上海交通大学,10,461
2023,1,02,电子信息类(智能与机器人实验班),A251,华东理工大学,11,11330
2023,1,03,工科试验班(生物医药),A251,华东理工大学,9,13607
2023,1,04,工科试验班(智慧化工),A251,华东理工大学,20,17626
2023,1,05,工科试验班(能源与环境),A251,华东理工大学,6,13524
2023,1,06,生物工程类,A251,华东理工大学,23,18985
2023,1,07,化学类,A251,华东理工大学,18,18253
2023,1,08,药学,A251,华东理工大学,7,17406
2023,1,09,材料类,A251,华东理工大学,14,19040
2023,1,10,机械类(机械智能化实验班),A251,华东理工大学,24,15340
2023,1,11,电子信息类,A251,华东理工大学,13,11435
2023,1,12,计算机类,A251,华东理工大学,4,8372
2023,1,13,数学类,A251,华东理工大学,4,10116
2023,1,14,物理学类,A251,华东理工大学,7,14328
2023,1,15,经济学类,A251,华东理工大学,2,12540
2023,1,16,管理科学与工程类,A251,华东理工大学,4,16805
2023,1,17,工商管理类,A251,华东理工大学,5,15944
2023,1,19,公共管理类,A251,华东理工大学,5,21353
2023,1,20,工业设计,A251,华东理工大学,4,16821
2023,1,21,风景园林(景观建筑规划方向),A251,华东理工大学,4,23352
2023,1,22,外国语言文学类,A251,华东理工大学,5,21684
2023,1,23,法学,A251,华东理工大学,5,13438
2023,1,26,化学工程与工艺(双学士学位项目),A251,华东理工大学,4,10507
2023,1,27,计算机科学与技术(双学士学位项目),A251,华东理工大学,4,8128
2023,1,28,应用化学(双学士学位项目),A251,华东理工大学,2,12335
2023,1,30,能源与动力工程(双学士学位项目),A251,华东理工大学,3,12928
2023,1,01,工科试验班(智能化制造类),A252,上海理工大学,18,28236
2023,1,02,工科试验班(电子与信息类),A252,上海理工大学,5,19453
2023,1,03,工科试验班(医理工综合类),A252,上海理工大学,2,27773
2023,1,04,理科试验班,A252,上海理工大学,4,25695
2023,1,05,经济管理试验班,A252,上海理工大学,6,31587
2023,1,06,新闻传播学类,A252,上海理工大学,6,43525
2023,1,0L,光电信息科学与工程(中外合作办学)(中德合作),A252,上海理工大学,1,31836
2023,1,0M,工商管理(中外合作办学)(中美合作),A252,上海理工大学,4,50552
2023,1,0N,机械设计制造及其自动化(中外合作办学)(合作高校为德国富特旺根应用,A252,上海理工大学,4,44526
2023,1,0P,英语(中外合作办学)(中美合作),A252,上海理工大学,5,55196
2023,1,0Q,机械设计制造及其自动化(中外合作办学)(中英合作),A252,上海理工大学,4,40786
2023,1,0R,电子信息科学与技术(中外合作办学)(中英合作),A252,上海理工大学,3,34615
2023,1,0S,工商管理(中外合作办学)(中英合作),A252,上海理工大学,1,50518
2023,1,0T,会展经济与管理(中外合作办学)(中英合作),A252,上海理工大学,3,63096
2023,1,01,法学(海商法),A254,上海海事大学,2,20531
2023,1,02,经济学类,A254,上海海事大学,2,30112
2023,1,06,法语,A254,上海海事大学,2,41535
2023,1,0M,港口航道与海岸工程,A254,上海海事大学,2,38329
2023,1,0P,交通工程,A254,上海海事大学,2,28127
2023,1,0T,船舶与海洋工程,A254,上海海事大学,2,32873
2023,1,0U,环境工程,A254,上海海事大学,2,56158
2023,1,0Z,交通管理(国航),A254,上海海事大学,2,27633
2023,1,11,物流管理,A254,上海海事大学,2,33613
2023,1,0B,机械电子工程(中外合作办学),A254,上海海事大学,6,53714
2023,1,0H,电气工程与智能控制(中外合作办学),A254,上海海事大学,5,47202
2023,1,44,材料类,A255,东华大学,9,21184
2023,1,47,电子信息类,A255,东华大学,12,13859
2023,1,4A,纺织类,A255,东华大学,3,20021
2023,1,4D,服装设计与工程,A255,东华大学,2,22823
2023,1,4F,工业设计,A255,东华大学,2,18191
2023,1,4H,功能材料,A255,东华大学,2,19241
2023,1,4K,管理科学与工程类,A255,东华大学,3,20858
2023,1,4M,化学类,A255,东华大学,2,19237
2023,1,4Q,环境工程(双学士学位),A255,东华大学,2,19673
2023,1,4S,机械工程,A255,东华大学,2,15582
2023,1,4V,计算机类,A255,东华大学,7,12011
2023,1,4X,建筑环境与能源应用工程,A255,东华大学,2,22536
2023,1,4Z,经济管理试验班,A255,东华大学,8,18962
2023,1,51,经济与贸易类,A255,东华大学,4,18618
2023,1,53,理科试验班类,A255,东华大学,2,12055
2023,1,56,能源与环境系统工程,A255,东华大学,2,19581
2023,1,58,人工智能,A255,东华大学,3,13581
2023,1,5A,日语,A255,东华大学,2,36229
2023,1,5C,社会科学试验班,A255,东华大学,2,15866
2023,1,5E,数学类(金融与统计),A255,东华大学,4,14606
2023,1,5G,物理学类(光电与能源新技术),A255,东华大学,3,15569
2023,1,5K,新闻传播学类,A255,东华大学,7,22179
2023,1,5M,英语,A255,东华大学,4,23331
2023,1,5P,智能科学与技术,A255,东华大学,2,13028
2023,1,5R,智能制造工程,A255,东华大学,2,14264
2023,1,5T,生物工程,A255,东华大学,3,20483
2023,1,11,能源与动力工程,A256,上海电力大学,4,29046
2023,1,13,机械电子工程,A256,上海电力大学,4,30938
2023,1,14,新能源科学与工程,A256,上海电力大学,3,28602
2023,1,15,核工程与核技术,A256,上海电力大学,4,30695
2023,1,21,环境工程,A256,上海电力大学,2,38811
2023,1,31,电气工程及其自动化,A256,上海电力大学,17,20289
2023,1,41,自动化,A256,上海电力大学,3,22918
2023,1,43,核电技术与控制工程,A256,上海电力大学,3,28761
2023,1,52,软件工程,A256,上海电力大学,3,23214
2023,1,62,电子信息工程,A256,上海电力大学,3,22904
2023,1,65,集成电路设计与集成系统,A256,上海电力大学,3,26378
2023,1,77,能源服务工程,A256,上海电力大学,3,36193
2023,1,81,信息与计算科学,A256,上海电力大学,2,27649
2023,1,82,应用物理学,A256,上海电力大学,3,33125
2023,1,33,电气工程及其自动化(中外合作办学),A256,上海电力大学,9,26131
2023,1,05,机械设计制造及其自动化(卓越工程师计划试点班),A259,上海应用技术大学,3,46899
2023,1,07,机械类,A259,上海应用技术大学,2,46913
2023,1,08,电气工程及其自动化(卓越工程师计划试点班),A259,上海应用技术大学,3,39370
2023,1,13,软件工程(卓越工程师计划试点班),A259,上海应用技术大学,3,37211
2023,1,15,人工智能,A259,上海应用技术大学,3,44803
2023,1,38,工商管理类,A259,上海应用技术大学,3,62958
2023,1,39,大数据管理与应用,A259,上海应用技术大学,2,48624
2023,1,06,机械设计制造及其自动化(中外合作办学)(中美合作),A259,上海应用技术大学,3,77626
2023,1,09,电气工程及其自动化(中外合作办学)(中美合作),A259,上海应用技术大学,3,60505
2023,1,01,临床医学,A262,上海健康医学院,7,83679
2023,1,02,护理学,A262,上海健康医学院,10,102956
2023,1,05,康复物理治疗,A262,上海健康医学院,5,119234
2023,1,08,数据科学与大数据技术,A262,上海健康医学院,5,109689
2023,1,09,医疗产品管理,A262,上海健康医学院,5,127178
2023,1,10,医学检验技术,A262,上海健康医学院,5,98350
2023,1,11,卫生检验与检疫,A262,上海健康医学院,5,121369
2023,1,12,口腔医学技术,A262,上海健康医学院,5,101535
2023,1,14,智能影像工程,A262,上海健康医学院,5,104357
2023,1,15,药学,A262,上海健康医学院,8,116379
2023,1,16,药物分析,A262,上海健康医学院,5,133200
2023,1,19,公共事业管理,A262,上海健康医学院,5,127843
2023,1,02,水产类,A264,上海海洋大学,7,39583
2023,1,09,食品科学与工程类,A264,上海海洋大学,7,38087
2023,1,11,环境科学与工程类,A264,上海海洋大学,7,38829
2023,1,15,会计学,A264,上海海洋大学,10,30953
2023,1,21,计算机类,A264,上海海洋大学,11,26118
2023,1,26,日语,A264,上海海洋大学,8,77797
2023,1,4H,信息管理与信息系统(中外合作办学),A264,上海海洋大学,10,50492
2023,1,4J,市场营销(中外合作办学),A264,上海海洋大学,10,67836
2023,1,01,中医学(屠呦呦班),A268,上海中医药大学,4,2142
2023,1,02,中医学(5+3一体化),A268,上海中医药大学,3,6552
2023,1,03,中医学(5+3一体化，针灸推拿英语方向),A268,上海中医药大学,1,6132
2023,1,04,中医学(5+3一体化，汇聚创新班),A268,上海中医药大学,1,4260
2023,1,11,药学(中外合作办学),A268,上海中医药大学,2,31567
2023,1,21,汉语言文学,A269,华东师范大学,3,3668
2023,1,22,汉语国际教育,A269,华东师范大学,3,6740
2023,1,23,英语,A269,华东师范大学,1,5483
2023,1,24,翻译,A269,华东师范大学,1,7412
2023,1,25,翻译(双学位),A269,华东师范大学,1,5123
2023,1,26,德语,A269,华东师范大学,2,8623
2023,1,27,法语,A269,华东师范大学,1,5933
2023,1,31,金融学类,A269,华东师范大学,3,5343
2023,1,33,工商管理(中法创新实验班),A269,华东师范大学,2,7375
2023,1,34,公共管理类,A269,华东师范大学,1,9571
2023,1,36,新闻传播学类,A269,华东师范大学,2,5547
2023,1,37,历史学,A269,华东师范大学,2,4787
2023,1,40,政治学与行政学(双学位),A269,华东师范大学,2,5532
2023,1,43,法学,A269,华东师范大学,2,4587
2023,1,44,法学(双学位),A269,华东师范大学,2,3895
2023,1,51,金融学(双学位),A269,华东师范大学,4,3260
2023,1,53,心理学类,A269,华东师范大学,2,5302
2023,1,54,心理学(双学位),A269,华东师范大学,3,3156
2023,1,55,数学与应用数学,A269,华东师范大学,2,3249
2023,1,56,统计学类,A269,华东师范大学,2,3247
2023,1,57,统计学(双学位),A269,华东师范大学,5,2626
2023,1,58,物理学,A269,华东师范大学,3,4500
2023,1,59,电子信息科学与技术,A269,华东师范大学,2,3653
2023,1,60,通信工程,A269,华东师范大学,2,4063
2023,1,61,通信工程(双学位),A269,华东师范大学,2,4158
2023,1,62,微电子科学与工程,A269,华东师范大学,2,3561
2023,1,63,计算机科学与技术,A269,华东师范大学,4,3268
2023,1,64,软件工程,A269,华东师范大学,9,3127
2023,1,65,数据科学与大数据技术,A269,华东师范大学,4,3418
2023,1,69,化学,A269,华东师范大学,2,5412
2023,1,74,人文地理与城乡规划,A269,华东师范大学,2,6323
2023,1,Q6,日语,A269,华东师范大学,1,10489
2023,1,Q8,工商管理类,A269,华东师范大学,1,4993
2023,1,QA,教育学类(师范类),A269,华东师范大学,2,6165
2023,1,QC,生物科学类,A269,华东师范大学,2,3622
2023,1,18,艺术管理,A270,上海师范大学,10,65709
2023,1,32,汉语言文学(师范类),A270,上海师范大学,5,20563
2023,1,3A,法学,A270,上海师范大学,4,24981
2023,1,40,英语(师范类),A270,上海师范大学,4,25565
2023,1,42,法语,A270,上海师范大学,4,51416
2023,1,43,日语,A270,上海师范大学,6,69033
2023,1,46,小学教育(师范类),A270,上海师范大学,8,34441
2023,1,4B,学前教育(师范类),A270,上海师范大学,12,70222
2023,1,4D,数学与应用数学(师范类),A270,上海师范大学,7,30795
2023,1,4F,数学与应用数学(数学金融AI实验班),A270,上海师范大学,5,27894
2023,1,52,生物科学(师范类),A270,上海师范大学,6,32172
2023,1,58,化学类,A270,上海师范大学,8,39429
2023,1,5D,旅游管理类,A270,上海师范大学,8,56779
2023,1,60,电子信息类,A270,上海师范大学,7,31162
2023,1,6B,财务管理,A270,上海师范大学,4,35715
2023,1,6C,金融学类,A270,上海师范大学,4,38933
2023,1,6E,金融科技,A270,上海师范大学,5,43900
2023,1,62,电子信息工程(中外合作办学)(中美合作),A270,上海师范大学,8,49562
2023,1,65,土木工程(中外合作办学)(中英合作),A270,上海师范大学,10,108438
2023,1,6F,经济学(中外合作办学)(中美合作),A270,上海师范大学,6,48146
2023,1,71,经济学(中外合作办学)(中法合作),A270,上海师范大学,6,52708
2023,1,72,计算机科学与技术(中外合作办学)(中法合作),A270,上海师范大学,5,46822
2023,1,86,汽车服务工程(中外合作办学)(中德合作),A270,上海师范大学,10,164226
2023,1,01,英语,A271,上海外国语大学,3,9313
2023,1,06,德语(卓越外语人才计划),A271,上海外国语大学,3,10737
2023,1,07,法语(英语),A271,上海外国语大学,3,16275
2023,1,A1,金融学(英语),A271,上海外国语大学,2,9840
2023,1,B2,政治学与行政学(英语),A271,上海外国语大学,2,14634
2023,1,B3,国际政治(英语),A271,上海外国语大学,2,15020
2023,1,B5,外交学(双学位),A271,上海外国语大学,2,9984
2023,1,C1,教育技术学(英语),A271,上海外国语大学,2,16954
2023,1,D1,汉语国际教育(英语),A271,上海外国语大学,3,14353
2023,1,E1,新闻传播学类(卓越国际新闻传播人才计划),A271,上海外国语大学,3,14708
2023,1,G3,会计学(英语),A271,上海外国语大学,2,10571
2023,1,04,金融学,A272,上海财经大学,3,1628
2023,1,06,金融学(双学士学位、统计学和金融学),A272,上海财经大学,5,1915
2023,1,09,工商管理类,A272,上海财经大学,5,6492
2023,1,0A,国际经济与贸易,A272,上海财经大学,2,4730
2023,1,0C,经济学,A272,上海财经大学,2,2567
2023,1,0D,经济学(双学士学位、经济学院和数学学院培养),A272,上海财经大学,2,2313
2023,1,0E,法学,A272,上海财经大学,1,3558
2023,1,0F,财政学类,A272,上海财经大学,2,3226
2023,1,0G,投资学,A272,上海财经大学,3,4629
2023,1,0J,新闻学,A272,上海财经大学,3,12190
2023,1,0N,计算机科学与技术,A272,上海财经大学,3,3932
2023,1,0P,数据科学与大数据技术(工学),A272,上海财经大学,4,4603
2023,1,0T,统计学(双学士学位、商学院和统计与管理学院培养),A272,上海财经大学,5,3691
2023,1,0X,投资学(双学士学位、公管学院和数学学院培养),A272,上海财经大学,3,4313
2023,1,0Y,会计学,A272,上海财经大学,3,2216
2023,1,10,保险学(保险精算),A272,上海财经大学,3,4934
2023,1,12,数学类,A272,上海财经大学,5,5133
2023,1,08,金融学(中外合作办学)(银行与国际金融),A272,上海财经大学,2,4711
2023,1,01,国际经济与贸易(全英语),A273,上海对外经贸大学,2,19806
2023,1,02,金融学(全英语),A273,上海对外经贸大学,2,19121
2023,1,04,金融学,A273,上海对外经贸大学,2,18812
2023,1,10,会计学(国际会计方向),A273,上海对外经贸大学,3,20301
2023,1,14,法学(国际经济法方向),A273,上海对外经贸大学,2,17059
2023,1,34,数据科学与大数据技术,A273,上海对外经贸大学,3,20550
2023,1,38,人工智能,A273,上海对外经贸大学,2,20763
2023,1,39,物流管理(中外合作办学)(中澳合作),A273,上海对外经贸大学,3,47460
2023,1,3A,金融学(中外合作办学)(中加合作),A273,上海对外经贸大学,3,31149
2023,1,02,物流管理,A274,上海海关学院,3,33400
2023,1,03,税收学,A274,上海海关学院,2,21292
2023,1,05,国际商务,A274,上海海关学院,2,36454
2023,1,07,英语,A274,上海海关学院,3,32550
2023,1,0L,经济统计学,A274,上海海关学院,2,30641
2023,1,01,法学(民商法律),A276,华东政法大学,10,6322
2023,1,02,法学(卓越民商法治人才实验班),A276,华东政法大学,2,3450
2023,1,03,法学(经济法),A276,华东政法大学,6,6805
2023,1,04,法学(卓越经济法律人才实验班),A276,华东政法大学,2,3992
2023,1,05,法学(国际经济法),A276,华东政法大学,6,7453
2023,1,06,法学(沪港交流涉外卓越法律人才实验班),A276,华东政法大学,2,5142
2023,1,07,法学(刑事法律),A276,华东政法大学,2,6958
2023,1,08,法学(刑事司法),A276,华东政法大学,2,7044
2023,1,09,法学(网络与信息法),A276,华东政法大学,2,7516
2023,1,0A,法学(卓越刑事法律人才实验班),A276,华东政法大学,2,5399
2023,1,0C,法学(涉外卓越国际金融法律人才实验班),A276,华东政法大学,3,5739
2023,1,0G,知识产权(卓越人才实验班),A276,华东政法大学,2,6311
2023,1,0K,公共事业管理,A276,华东政法大学,2,16534
2023,1,0P,新闻学(卓越人才实验班),A276,华东政法大学,1,15400
2023,1,0T,英语(涉外法商),A276,华东政法大学,3,16799
2023,1,15,经济学类,A276,华东政法大学,6,18380
2023,1,16,社会学类,A276,华东政法大学,2,16698
2023,1,01,新闻学,A277,上海体育大学,2,33205
2023,1,05,医学技术类(运动健康),A277,上海体育大学,4,44129
2023,1,20,艺术管理,A278,上海音乐学院,2,49649
2023,1,04,戏剧影视文学,A279,上海戏剧学院,2,35543
2023,1,05,戏剧学,A279,上海戏剧学院,1,37889
2023,1,06,戏剧教育,A279,上海戏剧学院,2,73063
2023,1,11,艺术管理,A279,上海戏剧学院,2,74521
2023,1,13,广播电视编导,A279,上海戏剧学院,2,37131
2023,1,14,影视摄影与制作,A279,上海戏剧学院,3,61614
2023,1,02,社会学类,A280,上海大学,6,13108
2023,1,03,经济学类,A280,上海大学,3,12189
2023,1,50,理科试验班类,A280,上海大学,10,12358
2023,1,54,电气类,A280,上海大学,6,11982
2023,1,87,材料类,A280,上海大学,4,16071
2023,1,16,国际经济与贸易(中外合作办学),A280,上海大学,6,23288
2023,1,68,信息管理与信息系统(中外合作办学),A280,上海大学,2,22746
2023,1,70,机械工程(中外合作办学),A280,上海大学,5,26959
2023,1,71,材料科学与工程(中外合作办学),A280,上海大学,5,31880
2023,1,72,信息工程(中外合作办学),A280,上海大学,5,22356
2023,1,88,电气工程及其自动化(中外合作办学),A280,上海大学,2,19224
2023,1,89,土木工程(中外合作办学),A280,上海大学,2,35516
2023,1,90,环境工程(中外合作办学),A280,上海大学,2,26596
2023,1,04,社会科学试验班,A284,南京大学,5,1389
2023,1,05,经济管理试验班,A284,南京大学,9,1170
2023,1,07,理科试验班(数理科学类),A284,南京大学,15,844
2023,1,08,电子信息类,A284,南京大学,9,725
2023,1,09,工科试验班,A284,南京大学,7,912
2023,1,12,计算机科学与技术,A284,南京大学,5,553
2023,1,13,人工智能,A284,南京大学,3,440
2023,1,14,软件工程,A284,南京大学,8,755
2023,1,15,理科试验班类(匡亚明学院大理科班),A284,南京大学,3,550
2023,1,S1,技术科学试验班,A284,南京大学,16,847
2023,1,S2,理科试验班类(化学与生命科学类),A284,南京大学,4,1011
2023,1,S4,理科试验班类(地球科学与资源环境类),A284,南京大学,3,1026
2023,1,01,汉语言文学(师范类),A285,苏州大学,1,9189
2023,1,03,新闻传播学类,A285,苏州大学,2,13187
2023,1,09,法学,A285,苏州大学,2,9342
2023,1,0B,英语(师范类),A285,苏州大学,1,11531
2023,1,0C,数学类,A285,苏州大学,2,9856
2023,1,0G,智能测控工程,A285,苏州大学,1,11210
2023,1,0H,软件工程,A285,苏州大学,1,9088
2023,1,0J,计算机科学与技术,A285,苏州大学,2,8826
2023,1,0L,通信工程,A285,苏州大学,1,10848
2023,1,0M,智能制造工程,A285,苏州大学,2,13404
2023,1,0N,临床医学(5+3一体化),A285,苏州大学,2,4184
2023,1,0P,临床医学,A285,苏州大学,1,4282
2023,1,0Q,人工智能,A285,苏州大学,1,8309
2023,1,0T,汉语国际教育,A285,苏州大学,2,17067
2023,1,0Y,旅游管理,A285,苏州大学,1,27353
2023,1,0Z,图书情报与档案管理类,A285,苏州大学,2,16326
2023,1,15,城市管理,A285,苏州大学,1,25994
2023,1,19,教育学(师范类),A285,苏州大学,1,15735
2023,1,1A,应用心理学,A285,苏州大学,1,13169
2023,1,1C,财政学,A285,苏州大学,1,13178
2023,1,1G,知识产权,A285,苏州大学,1,12340
2023,1,1J,俄语,A285,苏州大学,1,29581
2023,1,1L,法语,A285,苏州大学,1,17851
2023,1,1Q,建筑学,A285,苏州大学,2,27736
2023,1,1S,风景园林,A285,苏州大学,1,25884
2023,1,1U,金融数学,A285,苏州大学,1,9437
2023,1,1V,物理学,A285,苏州大学,1,11540
2023,1,1X,光电信息科学与工程,A285,苏州大学,1,9946
2023,1,23,化学类,A285,苏州大学,2,14012
2023,1,27,材料类,A285,苏州大学,2,14667
2023,1,2B,纳米材料与技术,A285,苏州大学,5,14168
2023,1,2C,电子信息工程,A285,苏州大学,1,10332
2023,1,2G,金属材料工程,A285,苏州大学,1,15630
2023,1,2N,电气工程与智能控制,A285,苏州大学,1,11738
2023,1,2V,运动康复,A285,苏州大学,1,28051
2023,1,38,生物技术,A285,苏州大学,2,12939
2023,1,39,放射医学,A285,苏州大学,2,9428
2023,1,3C,药学(省拔尖人才培养基地),A285,苏州大学,1,10713
2023,1,3N,机械电子工程,A285,苏州大学,1,12365
2023,1,3P,轻化工程,A285,苏州大学,1,18483
2023,1,3R,护理学,A285,苏州大学,2,31156
2023,1,05,建筑类,A286,东南大学,7,3844
2023,1,06,工科试验班(碳中和与智能制造实验班),A286,东南大学,48,3560
2023,1,07,工科试验班(土木交通材料实验班),A286,东南大学,15,5319
2023,1,08,电子信息类,A286,东南大学,21,2330
2023,1,09,电子科学与技术(集成电路方向，后两年在无锡培养),A286,东南大学,10,2565
2023,1,10,计算机类,A286,东南大学,20,2504
2023,1,12,理科试验班,A286,东南大学,8,2891
2023,1,15,工科试验班(吴健雄班),A286,东南大学,5,1450
2023,1,20,文科试验班类,A286,东南大学,4,4872
2023,1,25,临床医学(5+3一体化),A286,东南大学,7,3036
2023,1,26,经济学类,A286,东南大学,6,5061
2023,1,01,法学,A287,南京航空航天大学,3,13157
2023,1,02,行政管理,A287,南京航空航天大学,3,20004
2023,1,04,英语(民航业务、国际贸易),A287,南京航空航天大学,2,19367
2023,1,07,会计学,A287,南京航空航天大学,3,13167
2023,1,08,金融学,A287,南京航空航天大学,2,14594
2023,1,0A,航空航天类,A287,南京航空航天大学,43,10226
2023,1,0B,工程力学,A287,南京航空航天大学,2,10626
2023,1,0C,车辆工程,A287,南京航空航天大学,3,11390
2023,1,0D,能源与动力工程,A287,南京航空航天大学,4,11592
2023,1,0E,自动化,A287,南京航空航天大学,7,9696
2023,1,0F,电气工程及其自动化,A287,南京航空航天大学,10,9117
2023,1,0G,测控技术与仪器,A287,南京航空航天大学,4,11756
2023,1,0H,生物医学工程,A287,南京航空航天大学,3,13800
2023,1,0J,探测制导与控制技术,A287,南京航空航天大学,3,11247
2023,1,0K,电子信息类,A287,南京航空航天大学,14,9908
2023,1,0L,微电子科学与工程(集成电路设计),A287,南京航空航天大学,4,9450
2023,1,0M,机械工程,A287,南京航空航天大学,10,12567
2023,1,0N,工业设计,A287,南京航空航天大学,4,12691
2023,1,0P,机器人工程,A287,南京航空航天大学,5,10796
2023,1,0Q,智能制造工程,A287,南京航空航天大学,5,11541
2023,1,0R,材料科学与工程,A287,南京航空航天大学,5,15200
2023,1,0S,核工程类,A287,南京航空航天大学,3,12410
2023,1,0T,新能源材料与器件,A287,南京航空航天大学,3,12779
2023,1,0U,应用化学,A287,南京航空航天大学,2,15504
2023,1,0V,飞行器适航技术,A287,南京航空航天大学,5,12001
2023,1,0Y,交通运输(民航电子电气工程),A287,南京航空航天大学,3,12168
2023,1,1A,土木工程,A287,南京航空航天大学,2,19182
2023,1,1D,应用统计学,A287,南京航空航天大学,3,11188
2023,1,1E,管理科学与工程类,A287,南京航空航天大学,4,14584
2023,1,1F,大数据管理与应用,A287,南京航空航天大学,4,11710
2023,1,1G,光电信息科学与工程,A287,南京航空航天大学,5,11194
2023,1,1H,计算机科学与技术,A287,南京航空航天大学,2,6925
2023,1,1M,人工智能,A287,南京航空航天大学,2,7052
2023,1,1N,软件工程,A287,南京航空航天大学,4,7645
2023,1,1P,物联网工程,A287,南京航空航天大学,3,9490
2023,1,1Q,信息安全,A287,南京航空航天大学,3,9483
2023,1,1S,应用物理学,A287,南京航空航天大学,5,13461
2023,1,1U,交通运输(中外合作办学)(机场运行与管理),A287,南京航空航天大学,6,33130
2023,1,01,兵器类,A288,南京理工大学,12,11966
2023,1,08,工商管理类,A288,南京理工大学,8,18708
2023,1,17,经济学类,A288,南京理工大学,9,19306
2023,1,18,能源动力类,A288,南京理工大学,14,14666
2023,1,20,探测制导与控制技术,A288,南京理工大学,8,12524
2023,1,26,法学,A288,南京理工大学,2,13612
2023,1,36,智能制造工程,A288,南京理工大学,12,13695
2023,1,37,新能源科学与工程,A288,南京理工大学,4,14286
2023,1,38,数据科学与大数据技术,A288,南京理工大学,5,11205
2023,1,39,网络空间安全,A288,南京理工大学,4,11741
2023,1,40,信息管理与信息系统,A288,南京理工大学,8,15938
2023,1,51,微电子科学与工程,A288,南京理工大学,4,11015
2023,1,52,材料类,A288,南京理工大学,15,16092
2023,1,54,电子信息类,A288,南京理工大学,20,10548
2023,1,56,化工与制药类,A288,南京理工大学,16,18624
2023,1,58,机械类,A288,南京理工大学,14,13893
2023,1,5A,计算机类,A288,南京理工大学,8,9132
2023,1,5C,自动化类,A288,南京理工大学,18,11335
2023,1,33,材料科学与工程(中外合作办学),A288,南京理工大学,5,33949
2023,1,34,机械工程(中外合作办学),A288,南京理工大学,4,28301
2023,1,02,外国语言文学类,A289,江苏科技大学,7,83438
2023,1,06,电子信息类,A289,江苏科技大学,10,35999
2023,1,07,机械类,A289,江苏科技大学,10,46784
2023,1,08,海洋工程类,A289,江苏科技大学,6,54496
2023,1,09,食品科学与工程类,A289,江苏科技大学,10,64073
2023,1,14,应用化学,A289,江苏科技大学,2,47940
2023,1,15,轮机工程,A289,江苏科技大学,3,55963
2023,1,17,蚕学,A289,江苏科技大学,2,93732
2023,1,18,生物工程,A289,江苏科技大学,1,45511
2023,1,19,环境工程,A289,江苏科技大学,2,53353
2023,1,20,自动化,A289,江苏科技大学,2,32161
2023,1,21,应用统计学,A289,江苏科技大学,2,40909
2023,1,22,工业工程,A289,江苏科技大学,3,54253
2023,1,25,港口航道与海岸工程,A289,江苏科技大学,2,56817
2023,1,27,应用物理学,A289,江苏科技大学,3,39989
2023,1,29,测控技术与仪器,A289,江苏科技大学,6,54005
2023,1,30,给排水科学与工程,A289,江苏科技大学,2,61414
2023,1,31,土木工程,A289,江苏科技大学,3,59365
2023,1,32,建筑环境与能源应用工程,A289,江苏科技大学,2,59608
2023,1,33,工程力学,A289,江苏科技大学,5,59551
2023,1,39,电气工程及其自动化,A289,江苏科技大学,5,32305
2023,1,44,俄语,A289,江苏科技大学,2,89635
2023,1,61,智能感知工程,A289,江苏科技大学,5,50474
2023,1,5W,船舶与海洋工程(中外合作办学),A289,江苏科技大学,5,115435
2023,1,04,机械类,A290,中国矿业大学,40,24832
2023,1,05,机器人工程,A290,中国矿业大学,8,20567
2023,1,06,安全科学与工程类,A290,中国矿业大学,20,28586
2023,1,07,测绘类,A290,中国矿业大学,5,26007
2023,1,08,环境科学与工程类,A290,中国矿业大学,9,29358
2023,1,09,遥感科学与技术,A290,中国矿业大学,9,23299
2023,1,0B,地球物理学,A290,中国矿业大学,4,27792
2023,1,0C,地球信息科学与技术,A290,中国矿业大学,4,26390
2023,1,0G,大数据管理与应用,A290,中国矿业大学,5,20328
2023,1,0H,金融学,A290,中国矿业大学,4,22133
2023,1,0K,电子信息类,A290,中国矿业大学,50,19980
2023,1,0L,计算机类,A290,中国矿业大学,50,18155
2023,1,0M,人工智能,A290,中国矿业大学,18,19651
2023,1,0N,数学类,A290,中国矿业大学,32,22215
2023,1,0Q,新能源材料与器件,A290,中国矿业大学,8,23907
2023,1,0R,物理学类,A290,中国矿业大学,16,23531
2023,1,0S,能源动力类,A290,中国矿业大学,18,23660
2023,1,0U,网络与新媒体,A290,中国矿业大学,6,25232
2023,1,10,建筑类,A290,中国矿业大学,10,34137
2023,1,17,公共管理类,A290,中国矿业大学,10,32751
2023,1,1A,英语,A290,中国矿业大学,13,34315
2023,1,1B,德语,A290,中国矿业大学,6,41994
2023,1,1E,汉语言文学,A290,中国矿业大学,6,20103
2023,1,1K,电子商务,A290,中国矿业大学,8,38546
2023,1,1L,电气工程及其自动化,A290,中国矿业大学,50,18322
2023,1,1M,工商管理类,A290,中国矿业大学,28,28053
2023,1,1P,工程力学,A290,中国矿业大学,5,25108
2023,1,1Q,矿业类,A290,中国矿业大学,16,29715
2023,1,1S,化工与制药类,A290,中国矿业大学,6,25649
2023,1,1U,地质类,A290,中国矿业大学,3,27829
2023,1,1W,土木类,A290,中国矿业大学,14,32454
2023,1,1Y,土地资源管理,A290,中国矿业大学,2,26325
2023,1,20,材料科学与工程,A290,中国矿业大学,5,26699
2023,1,18,土木工程(中外合作办学),A290,中国矿业大学,9,45026
2023,1,19,建筑环境与能源应用工程(中外合作办学),A290,中国矿业大学,9,46201
2023,1,01,化学工程与工艺,A291,南京工业大学,5,34598
2023,1,02,安全工程,A291,南京工业大学,3,33621
2023,1,04,环境工程,A291,南京工业大学,2,45832
2023,1,05,环境科学,A291,南京工业大学,3,49316
2023,1,09,无机非金属材料工程,A291,南京工业大学,2,40650
2023,1,0A,复合材料与工程,A291,南京工业大学,2,25751
2023,1,0B,高分子材料与工程,A291,南京工业大学,2,35750
2023,1,0C,材料科学与工程,A291,南京工业大学,2,32698
2023,1,0F,应用化学,A291,南京工业大学,3,32286
2023,1,0H,电气工程及其自动化,A291,南京工业大学,3,23361
2023,1,0K,机器人工程,A291,南京工业大学,2,25193
2023,1,0L,制药工程,A291,南京工业大学,4,34672
2023,1,0N,消防工程,A291,南京工业大学,2,38268
2023,1,0Z,信息管理与信息系统,A291,南京工业大学,4,38874
2023,1,12,应急技术与管理,A291,南京工业大学,4,55456
2023,1,15,新能源材料与器件,A291,南京工业大学,2,29686
2023,1,1C,工商管理,A291,南京工业大学,4,50641
2023,1,1E,国际经济与贸易,A291,南京工业大学,2,39562
2023,1,1G,工业工程,A291,南京工业大学,6,42223
2023,1,1H,知识产权,A291,南京工业大学,2,26301
2023,1,1J,法学,A291,南京工业大学,2,23726
2023,1,1K,德语,A291,南京工业大学,2,46701
2023,1,1S,药学,A291,南京工业大学,6,35687
2023,1,1T,食品科学与工程,A291,南京工业大学,2,35868
2023,1,1V,轻化工程,A291,南京工业大学,2,36377
2023,1,21,建筑学,A291,南京工业大学,2,37355
2023,1,24,车辆工程,A291,南京工业大学,4,35676
2023,1,25,过程装备与控制工程,A291,南京工业大学,5,37698
2023,1,27,新能源科学与工程,A291,南京工业大学,2,25478
2023,1,2A,数学与应用数学,A291,南京工业大学,2,24990
2023,1,2G,土木工程,A291,南京工业大学,12,66193
2023,1,2J,铁道工程,A291,南京工业大学,2,47079
2023,1,30,机械工程(中外合作办学),A291,南京工业大学,3,50418
2023,1,31,电子信息工程(中外合作办学),A291,南京工业大学,3,43452
2023,1,32,制药工程(中外合作办学),A291,南京工业大学,3,64341
2023,1,33,土木工程(中外合作办学),A291,南京工业大学,3,60584
2023,1,0W,市场营销,A292,常州大学,5,97185
2023,1,1P,国际经济与贸易,A292,常州大学,1,57156
2023,1,1Q,法学,A292,常州大学,2,40393
2023,1,1R,社会工作,A292,常州大学,4,80946
2023,1,1Y,会计学,A292,常州大学,1,48409
2023,1,3R,政治学与行政学,A292,常州大学,4,63439
2023,1,3S,西班牙语,A292,常州大学,3,99571
2023,1,3Y,信息管理与信息系统,A292,常州大学,2,57045
2023,1,A1,化学工程与工艺,A292,常州大学,3,59726
2023,1,D1,过程装备与控制工程,A292,常州大学,2,60487
2023,1,E1,能源与动力工程,A292,常州大学,2,51187
2023,1,E2,油气储运工程,A292,常州大学,2,66500
2023,1,E3,石油工程,A292,常州大学,4,70911
2023,1,F1,高分子材料与工程,A292,常州大学,2,62510
2023,1,F2,材料科学与工程,A292,常州大学,2,70797
2023,1,F4,材料化学,A292,常州大学,2,59779
2023,1,G2,资源循环科学与工程,A292,常州大学,6,86413
2023,1,H2,消防工程,A292,常州大学,2,99331
2023,1,X3,工程管理,A292,常州大学,2,71660
2023,1,X4,建筑环境与能源应用工程,A292,常州大学,3,81395
2023,1,U4,电子信息工程(中外合作办学),A292,常州大学,2,73373
2023,1,01,通信工程,A293,南京邮电大学,9,14469
2023,1,02,电子信息工程,A293,南京邮电大学,5,15063
2023,1,04,电子科学与技术,A293,南京邮电大学,5,13900
2023,1,08,微电子科学与工程,A293,南京邮电大学,5,16238
2023,1,09,集成电路设计与集成系统,A293,南京邮电大学,5,17133
2023,1,0A,计算机科学与技术,A293,南京邮电大学,5,12478
2023,1,0B,信息安全,A293,南京邮电大学,5,16028
2023,1,0C,软件工程,A293,南京邮电大学,5,14724
2023,1,0D,数据科学与大数据技术,A293,南京邮电大学,5,17382
2023,1,0E,自动化,A293,南京邮电大学,7,17721
2023,1,0G,电气工程及其自动化,A293,南京邮电大学,4,16806
2023,1,0H,智能电网信息工程,A293,南京邮电大学,4,18348
2023,1,0K,人工智能,A293,南京邮电大学,5,15320
2023,1,0Q,网络工程,A293,南京邮电大学,5,16454
2023,1,0R,物联网工程,A293,南京邮电大学,5,16430
2023,1,18,经济学类,A293,南京邮电大学,5,28376
2023,1,19,金融工程,A293,南京邮电大学,6,29363
2023,1,1E,英语,A293,南京邮电大学,5,31785
2023,1,1F,翻译,A293,南京邮电大学,3,35953
2023,1,A1,自然地理与资源环境,A294,河海大学,2,26138
2023,1,A2,地理信息科学,A294,河海大学,2,17453
2023,1,A4,水务工程,A294,河海大学,5,19720
2023,1,B2,智慧水利,A294,河海大学,3,14990
2023,1,B3,安全工程,A294,河海大学,2,26608
2023,1,C2,船舶与海洋工程,A294,河海大学,2,21062
2023,1,C3,海洋资源开发技术,A294,河海大学,3,22109
2023,1,D1,土木工程,A294,河海大学,10,25050
2023,1,D2,交通工程,A294,河海大学,2,17737
2023,1,D3,智能建造,A294,河海大学,2,17498
2023,1,E1,给排水科学与工程,A294,河海大学,2,23046
2023,1,E2,环境工程,A294,河海大学,2,20977
2023,1,E3,环境科学,A294,河海大学,2,19979
2023,1,E4,环境生态工程,A294,河海大学,2,23131
2023,1,F1,能源与动力工程,A294,河海大学,5,16135
2023,1,H1,工程力学,A294,河海大学,3,16854
2023,1,J1,测绘工程,A294,河海大学,2,20396
2023,1,J2,遥感科学与技术,A294,河海大学,2,17220
2023,1,K2,土地整治工程,A294,河海大学,2,28680
2023,1,L1,海洋科学,A294,河海大学,11,22734
2023,1,L2,海洋技术,A294,河海大学,5,22764
2023,1,M2,应用物理学,A294,河海大学,4,17019
2023,1,N2,工程管理,A294,河海大学,2,25446
2023,1,P1,社会学,A294,河海大学,2,19611
2023,1,P2,广播电视学,A294,河海大学,2,19267
2023,1,P3,劳动与社会保障,A294,河海大学,2,24500
2023,1,P4,土地资源管理,A294,河海大学,2,23224
2023,1,R1,思想政治教育,A294,河海大学,2,16366
2023,1,R2,马克思主义理论,A294,河海大学,2,16233
2023,1,S1,英语,A294,河海大学,3,22229
2023,1,S2,法语,A294,河海大学,3,28463
2023,1,T1,工程力学(大禹徐芝纶班),A294,河海大学,2,15438
2023,1,T2,计算机类(大禹强化班),A294,河海大学,2,10448
2023,1,T3,土木、水利与海洋工程(大禹强化班),A294,河海大学,2,17033
2023,1,T4,水利类(大禹强化班),A294,河海大学,3,10283
2023,1,V1,机械工程,A294,河海大学,3,18267
2023,1,V3,智能制造工程,A294,河海大学,2,16741
2023,1,V4,机器人工程,A294,河海大学,2,16394
2023,1,W2,电子科学与技术,A294,河海大学,2,13979
2023,1,W3,通信工程,A294,河海大学,3,12985
2023,1,W4,物联网工程,A294,河海大学,4,13471
2023,1,WA,人工智能,A294,河海大学,2,12435
2023,1,WB,自动化,A294,河海大学,3,13042
2023,1,WC,智能科学与技术,A294,河海大学,2,12495
2023,1,X1,大数据管理与应用,A294,河海大学,2,15748
2023,1,X2,工商管理,A294,河海大学,2,20097
2023,1,XA,金融工程,A294,河海大学,2,19838
2023,1,XB,国际经济与贸易,A294,河海大学,2,20379
2023,1,Z1,材料科学与工程,A294,河海大学,2,21027
2023,1,Z2,水文与水资源工程,A294,河海大学,6,16287
2023,1,Z4,水利水电工程,A294,河海大学,8,14551
2023,1,Z6,港口航道与海岸工程,A294,河海大学,9,21894
2023,1,Z8,电气工程及其自动化,A294,河海大学,8,11970
2023,1,ZA,计算机科学与技术,A294,河海大学,6,10980
2023,1,ZC,软件工程,A294,河海大学,2,11630
2023,1,ZE,地质工程,A294,河海大学,3,25879
2023,1,ZG,农业水利工程,A294,河海大学,6,23739
2023,1,ZJ,数学类,A294,河海大学,5,16468
2023,1,ZL,信息管理与信息系统,A294,河海大学,2,18126
2023,1,ZN,会计学,A294,河海大学,4,15254
2023,1,ZQ,财务管理,A294,河海大学,2,16020
2023,1,ZS,法学,A294,河海大学,2,14383
2023,1,ZV,新能源科学与工程,A294,河海大学,2,13598
2023,1,E5,环境科学(中外合作办学),A294,河海大学,5,38541
2023,1,U1,机械工程(中外合作办学)(河海里尔学院),A294,河海大学,5,37204
2023,1,U2,土木工程(中外合作办学)(河海里尔学院),A294,河海大学,5,42167
2023,1,02,食品质量与安全,A295,江南大学,5,21342
2023,1,03,食品营养与健康,A295,江南大学,2,24185
2023,1,04,生物工程,A295,江南大学,11,23483
2023,1,06,生物技术,A295,江南大学,10,23360
2023,1,07,酿酒工程,A295,江南大学,5,28176
2023,1,09,轻化工程,A295,江南大学,7,28232
2023,1,10,化学工程与工艺,A295,江南大学,8,26474
2023,1,11,高分子材料与工程,A295,江南大学,10,25666
2023,1,12,应用化学,A295,江南大学,9,25524
2023,1,13,环境科学,A295,江南大学,2,29936
2023,1,14,环境工程,A295,江南大学,7,30602
2023,1,15,包装工程,A295,江南大学,3,28896
2023,1,16,服装设计与工程,A295,江南大学,4,30852
2023,1,17,制药工程,A295,江南大学,11,25645
2023,1,19,临床医学,A295,江南大学,13,13724
2023,1,20,物联网工程,A295,江南大学,14,15992
2023,1,21,自动化,A295,江南大学,14,17224
2023,1,22,电气工程及其自动化,A295,江南大学,4,15161
2023,1,23,微电子科学与工程,A295,江南大学,10,18461
2023,1,25,信息与计算科学,A295,江南大学,8,19025
2023,1,26,光电信息科学与工程,A295,江南大学,5,18514
2023,1,27,机械工程,A295,江南大学,13,22221
2023,1,29,机器人工程,A295,江南大学,5,18149
2023,1,30,工业设计,A295,江南大学,2,15212
2023,1,32,人工智能,A295,江南大学,5,16246
2023,1,33,计算机科学与技术,A295,江南大学,3,12642
2023,1,34,数字媒体技术,A295,江南大学,10,18061
2023,1,36,国际经济与贸易,A295,江南大学,10,25890
2023,1,37,金融学,A295,江南大学,7,21190
2023,1,38,大数据管理与应用,A295,江南大学,6,19073
2023,1,39,工商管理,A295,江南大学,8,25363
2023,1,40,会计学,A295,江南大学,9,19516
2023,1,42,汉语言文学(师范类),A295,江南大学,13,17237
2023,1,43,小学教育(师范类),A295,江南大学,3,23539
2023,1,44,英语,A295,江南大学,18,29912
2023,1,45,日语,A295,江南大学,5,29881
2023,1,46,法学,A295,江南大学,4,16098
2023,1,47,社会工作,A295,江南大学,7,30294
2023,1,48,思想政治教育,A295,江南大学,5,21837
2023,1,H3,食品科学与工程,A295,江南大学,3,17172
2023,1,H5,纺织工程,A295,江南大学,6,31460
2023,1,H7,药学,A295,江南大学,8,22983
2023,1,H9,土木工程,A295,江南大学,4,28797
2023,1,H1,食品科学与工程(中外合作办学),A295,江南大学,12,41817
2023,1,H2,工商管理(中外合作办学),A295,江南大学,7,38457
2023,1,01,机械设计制造及其自动化,A298,南京林业大学,4,28859
2023,1,04,机器人工程,A298,南京林业大学,4,28529
2023,1,05,自动化,A298,南京林业大学,4,25911
2023,1,10,土木类,A298,南京林业大学,4,43384
2023,1,12,工程管理,A298,南京林业大学,4,44726
2023,1,14,计算机科学与技术,A298,南京林业大学,2,23784
2023,1,16,人工智能,A298,南京林业大学,2,25018
2023,1,17,电子信息工程,A298,南京林业大学,2,23256
2023,1,21,家具设计与工程,A298,南京林业大学,4,47752
2023,1,22,车辆工程,A298,南京林业大学,4,31624
2023,1,24,能源与动力工程,A298,南京林业大学,3,27959
2023,1,28,食品科学与工程类,A298,南京林业大学,5,37109
2023,1,29,轻化工程,A298,南京林业大学,9,47913
2023,1,30,交通运输类,A298,南京林业大学,6,34867
2023,1,31,环境工程,A298,南京林业大学,4,40484
2023,1,33,林学类,A298,南京林业大学,4,33215
2023,1,35,水土保持与荒漠化防治,A298,南京林业大学,4,46156
2023,1,37,生物工程类,A298,南京林业大学,4,32982
2023,1,40,木材科学与工程,A298,南京林业大学,4,42732
2023,1,42,生物科学,A298,南京林业大学,4,32466
2023,1,43,生态学,A298,南京林业大学,4,37152
2023,1,A1,会计学,A298,南京林业大学,2,28148
2023,1,A4,新闻传播学类,A298,南京林业大学,2,35100
2023,1,A5,风景园林,A298,南京林业大学,2,32346
2023,1,A6,园林,A298,南京林业大学,2,34450
2023,1,A7,城乡规划,A298,南京林业大学,2,32826
2023,1,A9,法学,A298,南京林业大学,3,20552
2023,1,44,林学(中外合作办学),A298,南京林业大学,8,56707
2023,1,45,木材科学与工程(中外合作办学),A298,南京林业大学,8,83335
2023,1,04,法学,A299,江苏大学,2,22389
2023,1,06,公共事业管理,A299,江苏大学,2,45108
2023,1,07,国际经济与贸易,A299,江苏大学,3,39614
2023,1,14,人力资源管理,A299,江苏大学,3,38934
2023,1,15,日语,A299,江苏大学,2,65999
2023,1,16,市场营销,A299,江苏大学,2,51456
2023,1,19,物流管理,A299,江苏大学,3,48940
2023,1,22,知识产权,A299,江苏大学,2,29777
2023,1,24,材料成型及控制工程,A299,江苏大学,2,46174
2023,1,28,车辆工程,A299,江苏大学,2,30172
2023,1,29,储能科学与工程,A299,江苏大学,3,34633
2023,1,30,电气工程及其自动化,A299,江苏大学,3,22524
2023,1,38,工业工程,A299,江苏大学,3,38887
2023,1,39,工业设计,A299,江苏大学,2,35505
2023,1,40,光电信息科学与工程,A299,江苏大学,2,24684
2023,1,45,化学类,A299,江苏大学,3,37029
2023,1,46,环保设备工程,A299,江苏大学,1,49929
2023,1,47,环境工程,A299,江苏大学,1,42319
2023,1,50,机械电子工程,A299,江苏大学,2,26811
2023,1,51,机械设计制造及其自动化,A299,江苏大学,5,26602
2023,1,52,计算机科学与技术,A299,江苏大学,2,19846
2023,1,53,建筑环境与能源应用工程,A299,江苏大学,2,45045
2023,1,54,交通工程,A299,江苏大学,3,34768
2023,1,55,交通运输,A299,江苏大学,2,35306
2023,1,56,教育技术学(师范类),A299,江苏大学,2,126073
2023,1,59,金属材料工程,A299,江苏大学,4,43014
2023,1,60,临床医学,A299,江苏大学,5,24482
2023,1,61,能源与动力工程,A299,江苏大学,5,34202
2023,1,62,农业电气化,A299,江苏大学,2,38924
2023,1,63,农业机械化及其自动化,A299,江苏大学,4,43090
2023,1,64,农业智能装备工程,A299,江苏大学,4,48831
2023,1,66,软件工程,A299,江苏大学,2,21294
2023,1,68,生物技术,A299,江苏大学,2,38601
2023,1,69,生物科学,A299,江苏大学,2,36621
2023,1,71,食品科学与工程类,A299,江苏大学,3,40273
2023,1,72,食品营养与健康,A299,江苏大学,2,47292
2023,1,78,土木工程,A299,江苏大学,2,37170
2023,1,83,新能源科学与工程,A299,江苏大学,2,28294
2023,1,84,新能源汽车工程,A299,江苏大学,2,30221
2023,1,87,药学类,A299,江苏大学,6,39781
2023,1,88,医学检验技术,A299,江苏大学,3,33895
2023,1,89,医学影像学,A299,江苏大学,4,27137
2023,1,90,应急技术与管理,A299,江苏大学,2,52067
2023,1,95,制药工程,A299,江苏大学,5,41068
2023,1,02,大气科学类,A300,南京信息工程大学,25,21856
2023,1,03,应用气象学,A300,南京信息工程大学,3,22424
2023,1,06,气象技术与工程,A300,南京信息工程大学,2,23519
2023,1,07,地理科学类,A300,南京信息工程大学,3,28394
2023,1,08,测绘工程,A300,南京信息工程大学,2,31641
2023,1,09,遥感科学与技术,A300,南京信息工程大学,3,25266
2023,1,10,地理空间信息工程,A300,南京信息工程大学,2,27674
2023,1,13,海洋科学类,A300,南京信息工程大学,2,30475
2023,1,14,环境科学与工程类,A300,南京信息工程大学,2,34537
2023,1,21,数据科学与大数据技术,A300,南京信息工程大学,2,20016
2023,1,22,机械电子工程,A300,南京信息工程大学,2,25048
2023,1,23,人工智能,A300,南京信息工程大学,4,20928
2023,1,25,医学信息工程,A300,南京信息工程大学,2,23298
2023,1,26,电子信息类,A300,南京信息工程大学,6,19228
2023,1,28,计算机类,A300,南京信息工程大学,4,14910
2023,1,31,数学与应用数学,A300,南京信息工程大学,2,23129
2023,1,32,信息与计算科学,A300,南京信息工程大学,2,22738
2023,1,39,材料物理,A300,南京信息工程大学,2,31933
2023,1,40,金融工程,A300,南京信息工程大学,2,30783
2023,1,48,国际经济与贸易,A300,南京信息工程大学,2,33122
2023,1,49,工商管理类,A300,南京信息工程大学,3,27782
2023,1,58,翻译,A300,南京信息工程大学,2,39433
2023,1,59,汉语言文学,A300,南京信息工程大学,2,21710
2023,1,62,法学,A300,南京信息工程大学,3,21099
2023,1,69,地理信息科学,A300,南京信息工程大学,2,22925
2023,1,70,人文地理与城乡规划,A300,南京信息工程大学,2,27023
2023,1,71,自然地理与资源环境,A300,南京信息工程大学,2,29081
2023,1,73,电子信息类,A300,南京信息工程大学,5,19144
2023,1,74,环境科学与工程类,A300,南京信息工程大学,2,29085
2023,1,75,农业资源与环境,A300,南京信息工程大学,5,37259
2023,1,76,生态学,A300,南京信息工程大学,5,34487
2023,1,77,海洋科学,A300,南京信息工程大学,3,28893
2023,1,80,汉语言文学(师范类),A300,南京信息工程大学,2,21216
2023,1,81,英语(师范类),A300,南京信息工程大学,2,30142
2023,1,82,数学与应用数学(师范类),A300,南京信息工程大学,2,23807
2023,1,98,防灾减灾科学与工程,A300,南京信息工程大学,2,32179
2023,1,9A,软件工程,A300,南京信息工程大学,3,15410
2023,1,9D,思想政治教育(师范类),A300,南京信息工程大学,2,24340
2023,1,86,环境工程(中外合作办学),A300,南京信息工程大学,2,50946
2023,1,87,数学与应用数学(中外合作办学),A300,南京信息工程大学,3,37076
2023,1,88,应用化学(中外合作办学),A300,南京信息工程大学,2,47115
2023,1,89,地理信息科学(中外合作办学),A300,南京信息工程大学,2,43868
2023,1,90,数据科学与大数据技术(中外合作办学),A300,南京信息工程大学,2,32397
2023,1,91,国际经济与贸易(中外合作办学),A300,南京信息工程大学,2,45498
2023,1,92,软件工程(中外合作办学),A300,南京信息工程大学,2,32198
2023,1,94,电气工程及其自动化(中外合作办学),A300,南京信息工程大学,2,35803
2023,1,01,汉语言文学(师范类),A304,南通大学,2,30606
2023,1,08,应用统计学,A304,南通大学,2,39076
2023,1,09,光电信息科学与工程,A304,南通大学,2,45928
2023,1,11,法学,A304,南通大学,4,35237
2023,1,12,行政管理,A304,南通大学,2,56267
2023,1,15,国际经济与贸易,A304,南通大学,2,55306
2023,1,22,会计学,A304,南通大学,2,40966
2023,1,25,小学教育(师范类),A304,南通大学,3,59482
2023,1,33,商务英语,A304,南通大学,5,60925
2023,1,37,日语,A304,南通大学,4,81251
2023,1,39,化学(师范类),A304,南通大学,5,49956
2023,1,41,机器人工程,A304,南通大学,3,47235
2023,1,43,高分子材料与工程,A304,南通大学,3,60146
2023,1,46,儿科学,A304,南通大学,2,29309
2023,1,47,机械电子工程,A304,南通大学,3,40917
2023,1,49,机械设计制造及其自动化,A304,南通大学,2,45737
2023,1,50,测控技术与仪器,A304,南通大学,2,56534
2023,1,53,集成电路设计与集成系统,A304,南通大学,5,48266
2023,1,55,计算机科学与技术,A304,南通大学,2,33398
2023,1,58,物联网工程,A304,南通大学,2,39014
2023,1,63,纺织工程,A304,南通大学,5,77803
2023,1,64,非织造材料与工程,A304,南通大学,5,105974
2023,1,70,临床医学,A304,南通大学,2,17743
2023,1,71,康复治疗学,A304,南通大学,4,65985
2023,1,72,口腔医学,A304,南通大学,2,18237
2023,1,79,医学检验技术,A304,南通大学,4,48807
2023,1,86,工业设计,A304,南通大学,2,55907
2023,1,91,建筑学,A304,南通大学,2,63317
2023,1,97,土木工程,A304,南通大学,3,65425
2023,1,98,工程管理,A304,南通大学,3,84431
2023,1,99,交通工程,A304,南通大学,6,61499
2023,1,B5,教育技术学(师范类),A304,南通大学,2,59936
2023,1,CQ,人工智能,A304,南通大学,2,37595
2023,1,CR,智能医学工程,A304,南通大学,4,50953
2023,1,4A,农学,A307,南京农业大学,7,22905
2023,1,4C,种子科学与工程,A307,南京农业大学,3,25532
2023,1,4E,植物保护,A307,南京农业大学,7,28027
2023,1,4G,环境科学与工程类,A307,南京农业大学,10,30398
2023,1,4J,中药学,A307,南京农业大学,2,25243
2023,1,4L,风景园林,A307,南京农业大学,6,28798
2023,1,4N,园艺,A307,南京农业大学,5,28781
2023,1,4Q,园林,A307,南京农业大学,2,26506
2023,1,4Y,国际经济与贸易,A307,南京农业大学,7,29562
2023,1,50,农林经济管理,A307,南京农业大学,6,24763
2023,1,52,工商管理类,A307,南京农业大学,8,30474
2023,1,54,动物医学类,A307,南京农业大学,15,28738
2023,1,56,食品科学与工程类,A307,南京农业大学,17,27435
2023,1,58,公共管理类,A307,南京农业大学,11,31590
2023,1,5A,人文地理与城乡规划,A307,南京农业大学,2,26155
2023,1,5C,英语,A307,南京农业大学,8,31924
2023,1,5E,社会学类,A307,南京农业大学,8,23653
2023,1,5G,信息与计算科学,A307,南京农业大学,4,21905
2023,1,5J,应用化学,A307,南京农业大学,3,26021
2023,1,5L,统计学,A307,南京农业大学,5,21776
2023,1,5N,生物科学类,A307,南京农业大学,10,23529
2023,1,5Q,生物科学(生物学基地班),A307,南京农业大学,4,19801
2023,1,5S,生物技术(生命科学与技术基地班),A307,南京农业大学,7,22247
2023,1,5U,金融学,A307,南京农业大学,9,24012
2023,1,5W,会计学,A307,南京农业大学,8,21097
2023,1,5Y,投资学,A307,南京农业大学,6,30929
2023,1,60,金融科技,A307,南京农业大学,4,28609
2023,1,64,机械类,A307,南京农业大学,10,25735
2023,1,66,农业智能装备工程,A307,南京农业大学,2,25215
2023,1,68,电子信息类,A307,南京农业大学,9,21101
2023,1,6A,人工智能,A307,南京农业大学,3,20265
2023,1,6C,计算机科学与技术,A307,南京农业大学,4,18235
2023,1,6E,数据科学与大数据技术,A307,南京农业大学,5,20058
2023,1,6G,信息管理与信息系统,A307,南京农业大学,3,23310
2023,1,6J,信息资源管理,A307,南京农业大学,10,38158
2023,1,6L,工程管理,A307,南京农业大学,3,44909
2023,1,01,临床医学(5+3一体化),A312,南京医科大学,3,3939
2023,1,02,临床医学(5+3一体化，儿科医学),A312,南京医科大学,2,6998
2023,1,03,口腔医学(5+3一体化),A312,南京医科大学,2,4198
2023,1,04,临床医学,A312,南京医科大学,4,5329
2023,1,05,医学影像学,A312,南京医科大学,2,7492
2023,1,06,儿科学,A312,南京医科大学,4,15044
2023,1,10,口腔医学,A312,南京医科大学,2,5338
2023,1,11,预防医学,A312,南京医科大学,2,18480
2023,1,14,临床药学,A312,南京医科大学,2,15090
2023,1,17,康复治疗学,A312,南京医科大学,2,31555
2023,1,20,智能医学工程,A312,南京医科大学,2,22916
2023,1,21,生物医学工程,A312,南京医科大学,6,24821
2023,1,23,生物统计学,A312,南京医科大学,2,29245
2023,1,25,护理学,A312,南京医科大学,5,43612
2023,1,02,麻醉学,A313,徐州医科大学,5,21863
2023,1,03,临床医学,A313,徐州医科大学,6,23919
2023,1,07,医学影像学,A313,徐州医科大学,2,24515
2023,1,16,护理学类,A313,徐州医科大学,2,61909
2023,1,21,智能医学工程,A313,徐州医科大学,3,53483
2023,1,30,预防医学,A313,徐州医科大学,2,48972
2023,1,01,中医学(中医拔尖创新人才培养模式改革),A315,南京中医药大学,2,2738
2023,1,02,中医学(5+3一体化，中医拔尖创新人才培养模式改革),A315,南京中医药大学,5,7211
2023,1,03,中医学,A315,南京中医药大学,8,14727
2023,1,0C,护理学,A315,南京中医药大学,10,49190
2023,1,1A,临床医学,A315,南京中医药大学,7,18180
2023,1,1M,计算机类,A315,南京中医药大学,4,30693
2023,1,1N,医学信息工程,A315,南京中医药大学,8,36077
2023,1,1P,人工智能,A315,南京中医药大学,6,34498
2023,1,01,药学(本博贯通强基拔尖实验班),A316,中国药科大学,2,2186
2023,1,02,药学(拔尖创新班),A316,中国药科大学,3,6484
2023,1,03,药学类,A316,中国药科大学,43,16923
2023,1,06,生物制药(拔尖创新班),A316,中国药科大学,3,8211
2023,1,07,生物制药,A316,中国药科大学,10,17526
2023,1,09,海洋药学,A316,中国药科大学,6,17900
2023,1,13,化工与制药类,A316,中国药科大学,12,21565
2023,1,14,临床药学(本硕贯通卓越药师实验班),A316,中国药科大学,2,8204
2023,1,15,临床药学,A316,中国药科大学,2,13465
2023,1,18,中药学类,A316,中国药科大学,13,20451
2023,1,10,药学(中外合作办学),A316,中国药科大学,9,30859
2023,1,16,临床药学(中外合作办学),A316,中国药科大学,3,28285
2023,1,01,汉语国际教育(师范类),A319,南京师范大学,2,13663
2023,1,0H,法学,A319,南京师范大学,3,9993
2023,1,0L,小学教育(师范类),A319,南京师范大学,4,18304
2023,1,0M,学前教育(师范类),A319,南京师范大学,2,21406
2023,1,0N,教育学(师范类),A319,南京师范大学,3,17137
2023,1,0P,教育技术学(师范类),A319,南京师范大学,4,28167
2023,1,0T,中国语言文学类,A319,南京师范大学,4,12250
2023,1,11,外国语言文学类(双外语),A319,南京师范大学,2,19176
2023,1,12,新闻传播学类,A319,南京师范大学,3,16570
2023,1,14,历史学类,A319,南京师范大学,3,14431
2023,1,1A,物理学(师范、非师范),A319,南京师范大学,3,14284
2023,1,1D,化学类,A319,南京师范大学,2,14786
2023,1,1G,旅游管理,A319,南京师范大学,2,29212
2023,1,1H,地理科学类,A319,南京师范大学,3,14351
2023,1,1K,生物科学类,A319,南京师范大学,3,14184
2023,1,1L,能源动力类,A319,南京师范大学,10,21922
2023,1,1N,自动化,A319,南京师范大学,3,15449
2023,1,1Q,计算机科学与技术,A319,南京师范大学,3,14156
2023,1,1S,人工智能,A319,南京师范大学,3,14958
2023,1,1T,电子信息工程,A319,南京师范大学,4,14680
2023,1,1W,食品科学与工程,A319,南京师范大学,2,21255
2023,1,1X,生物工程,A319,南京师范大学,5,22607
2023,1,1Y,哲学,A319,南京师范大学,2,15100
2023,1,20,电气工程及其自动化,A319,南京师范大学,4,14096
2023,1,22,环境科学与工程类,A319,南京师范大学,5,24128
2023,1,24,海洋资源与环境,A319,南京师范大学,4,26554
2023,1,03,金融工程,A320,江苏师范大学,3,49475
2023,1,04,法学,A320,江苏师范大学,4,34123
2023,1,06,思想政治教育(师范类),A320,江苏师范大学,5,35671
2023,1,07,教育技术学(师范类),A320,江苏师范大学,4,57113
2023,1,0D,汉语言文学(师范类),A320,江苏师范大学,5,27237
2023,1,0F,汉语国际教育(师范类),A320,江苏师范大学,4,46491
2023,1,0H,英语(师范类),A320,江苏师范大学,4,35303
2023,1,0J,俄语,A320,江苏师范大学,2,268209
2023,1,0K,翻译,A320,江苏师范大学,2,56999
2023,1,0N,广播电视学,A320,江苏师范大学,2,57308
2023,1,0Q,历史学(师范类),A320,江苏师范大学,5,33210
2023,1,0R,数学与应用数学(师范类),A320,江苏师范大学,5,37874
2023,1,0S,物理学(师范类),A320,江苏师范大学,5,46813
2023,1,0T,化学(师范类),A320,江苏师范大学,5,47258
2023,1,0U,地理科学(师范类),A320,江苏师范大学,5,40179
2023,1,0V,地理信息科学,A320,江苏师范大学,2,44880
2023,1,0W,生物科学(师范类),A320,江苏师范大学,5,41841
2023,1,13,电子信息工程,A320,江苏师范大学,3,44288
2023,1,15,人工智能,A320,江苏师范大学,3,40820
2023,1,1K,行政管理,A320,江苏师范大学,4,55978
2023,1,29,轨道交通信号与控制(中外合作办学),A320,江苏师范大学,5,141807
2023,1,2A,机械设计制造及其自动化(中外合作办学),A320,江苏师范大学,3,137553
2023,1,2C,电子信息工程(中外合作办学),A320,江苏师范大学,4,102638
2023,1,2D,电子科学与技术(中外合作办学),A320,江苏师范大学,4,128825
2023,1,2K,金融工程(中外合作办学),A320,江苏师范大学,5,101919
2023,1,A8,工程造价,A323,淮阴师范学院,5,189536
2023,1,C0,法学,A323,淮阴师范学院,5,132394
2023,1,G5,审计学,A323,淮阴师范学院,5,150952
2023,1,H3,旅游管理,A323,淮阴师范学院,5,192048
2023,1,H8,历史学,A323,淮阴师范学院,5,152516
2023,1,M1,生物技术,A323,淮阴师范学院,5,180168
2023,1,P2,汉语言文学,A323,淮阴师范学院,5,129788
2023,1,Q4,日语,A323,淮阴师范学院,5,190261
2023,1,Y2,电气工程及其自动化,A323,淮阴师范学院,5,162939
2023,1,17,俄语,A324,盐城师范学院,5,197341
2023,1,77,物流管理,A324,盐城师范学院,5,171369
2023,1,E9,化学(师范类),A324,盐城师范学院,6,151773
2023,1,F1,应用化学,A324,盐城师范学院,5,175446
2023,1,J7,电子商务,A324,盐城师范学院,5,163174
2023,1,Z7,湿地保护与恢复,A324,盐城师范学院,5,186775
2023,1,01,经济学类,A327,南京财经大学,6,30018
2023,1,02,财政学类,A327,南京财经大学,6,24921
2023,1,03,金融学类,A327,南京财经大学,6,32503
2023,1,04,金融数学,A327,南京财经大学,2,34928
2023,1,05,国际经济与贸易,A327,南京财经大学,3,32727
2023,1,07,法学,A327,南京财经大学,4,20598
2023,1,16,数学与应用数学,A327,南京财经大学,4,32977
2023,1,18,软件工程,A327,南京财经大学,4,30186
2023,1,20,食品科学与工程类,A327,南京财经大学,8,51777
2023,1,21,管理科学,A327,南京财经大学,3,54498
2023,1,23,大数据管理与应用,A327,南京财经大学,2,31154
2023,1,24,工商管理,A327,南京财经大学,3,37527
2023,1,25,市场营销,A327,南京财经大学,4,44502
2023,1,26,工商管理类,A327,南京财经大学,3,26318
2023,1,28,行政管理,A327,南京财经大学,4,46408
2023,1,30,物流管理,A327,南京财经大学,3,48253
2023,1,31,工业工程,A327,南京财经大学,3,45592
2023,1,33,电子商务,A327,南京财经大学,4,42600
2023,1,37,经济统计学(中外合作办学),A327,南京财经大学,2,49596
2023,1,0F,运动康复,A330,南京体育学院,8,164832
2023,1,05,美术学,A331,南京艺术学院,1,45153
2023,1,11,艺术设计学,A331,南京艺术学院,1,47643
2023,1,28,戏剧影视文学,A331,南京艺术学院,1,49788
2023,1,35,影视摄影与制作,A331,南京艺术学院,1,54861
2023,1,42,文物保护与修复,A331,南京艺术学院,1,51901
2023,1,48,艺术管理,A331,南京艺术学院,1,63509
2023,1,01,建筑学,A332,苏州科技大学,2,40814
2023,1,04,环境科学与工程类,A332,苏州科技大学,4,53058
2023,1,08,土木工程,A332,苏州科技大学,4,56941
2023,1,10,无机非金属材料工程,A332,苏州科技大学,2,53184
2023,1,18,通信工程,A332,苏州科技大学,2,32644
2023,1,29,广播电视学,A332,苏州科技大学,2,64375
2023,1,31,历史学(师范类),A332,苏州科技大学,4,47403
2023,1,34,思想政治教育(师范类),A332,苏州科技大学,2,43310
2023,1,38,数学与应用数学(师范类),A332,苏州科技大学,2,41155
2023,1,45,生物技术,A332,苏州科技大学,2,48676
2023,1,46,生物工程,A332,苏州科技大学,2,47160
2023,1,64,机械设计制造及其自动化,A332,苏州科技大学,2,38380
2023,1,72,土木工程(中外合作办学),A332,苏州科技大学,4,93781
2023,1,74,物流管理(中外合作办学),A332,苏州科技大学,2,94527
2023,1,B5,纺织工程,A333,常熟理工学院,5,169744
2023,1,B6,服装设计与工程,A333,常熟理工学院,5,176531
2023,1,C2,财务管理,A333,常熟理工学院,2,105883
2023,1,E2,英语(师范类),A333,常熟理工学院,4,114464
2023,1,G5,新能源科学与工程,A333,常熟理工学院,2,111353
2023,1,H4,智能制造工程,A333,常熟理工学院,2,120530
2023,1,J3,新能源汽车工程,A333,常熟理工学院,2,98752
2023,1,K1,计算机科学与技术,A333,常熟理工学院,2,97595
2023,1,G2,电子信息工程(中外合作办学),A333,常熟理工学院,2,173126
2023,1,H3,机械电子工程(中外合作办学),A333,常熟理工学院,2,196893
2023,1,M4,电气工程及其自动化(中外合作办学),A333,常熟理工学院,2,158796
2023,1,1A,人文科学试验班,A335,浙江大学,5,1561
2023,1,1B,新闻传播学类,A335,浙江大学,3,1882
2023,1,2B,社会科学试验班(竺可桢学院人文社科实验班),A335,浙江大学,3,917
2023,1,4J,机器人工程(荣誉项目班),A335,浙江大学,2,296
2023,1,4T,工科试验班(竺可桢学院图灵班),A335,浙江大学,3,220
2023,1,4Y,医学试验班(竺可桢学院巴德年医学班),A335,浙江大学,8,437
2023,1,5A,工科试验班(海洋),A335,浙江大学,23,2321
2023,1,5B,应用生物科学(农学),A335,浙江大学,25,2971
2023,1,Z2,社会科学试验班(含数字金融双学士学位项目),A335,浙江大学,17,1383
2023,1,Z4,理科试验班类(含商务大数据分析双学士学位项目),A335,浙江大学,3,568
2023,1,Z6,工科试验班,A335,浙江大学,10,607
2023,1,Z8,工科试验班(信息),A335,浙江大学,20,521
2023,1,04,计算机类,A336,杭州电子科技大学,6,16194
2023,1,05,电子信息类(电子信息学院),A336,杭州电子科技大学,14,19483
2023,1,09,网络工程,A336,杭州电子科技大学,2,17193
2023,1,10,电子信息类(通信学院),A336,杭州电子科技大学,8,19311
2023,1,12,自动化,A336,杭州电子科技大学,9,20774
2023,1,13,测控技术与仪器,A336,杭州电子科技大学,2,23767
2023,1,15,机械设计制造及其自动化,A336,杭州电子科技大学,3,25174
2023,1,16,车辆工程,A336,杭州电子科技大学,4,28760
2023,1,17,材料科学与工程,A336,杭州电子科技大学,5,31898
2023,1,18,管理科学与工程类,A336,杭州电子科技大学,4,30832
2023,1,19,数学类,A336,杭州电子科技大学,4,24606
2023,1,20,光电信息科学与工程,A336,杭州电子科技大学,2,20420
2023,1,29,经济学类,A336,杭州电子科技大学,2,32339
2023,1,30,金融学,A336,杭州电子科技大学,6,36221
2023,1,41,人工智能,A336,杭州电子科技大学,2,18554
2023,1,43,计算机科学与技术(中外合作办学),A336,杭州电子科技大学,2,22631
2023,1,44,自动化(中外合作办学),A336,杭州电子科技大学,6,31181
2023,1,03,化工与制药类(化学工程类),A337,浙江工业大学,5,34041
2023,1,05,生物工程类,A337,浙江工业大学,5,36506
2023,1,07,环境科学与工程类,A337,浙江工业大学,5,44612
2023,1,08,材料类,A337,浙江工业大学,5,37495
2023,1,10,机械类,A337,浙江工业大学,5,29040
2023,1,11,机器人工程,A337,浙江工业大学,5,24791
2023,1,14,计算机类,A337,浙江工业大学,6,21445
2023,1,16,土木类,A337,浙江工业大学,5,45399
2023,1,18,物理学类(物理与光电信息类),A337,浙江工业大学,5,30179
2023,1,21,金融学,A337,浙江工业大学,6,37847
2023,1,22,国际经济与贸易,A337,浙江工业大学,6,39831
2023,1,28,建筑类,A337,浙江工业大学,5,42491
2023,1,99,药学类(2011计划创新实验区),A337,浙江工业大学,10,35535
2023,1,34,土木工程(中外合作办学),A337,浙江工业大学,4,68035
2023,1,05,纺织类,A338,浙江理工大学,3,52005
2023,1,06,轻化工程,A338,浙江理工大学,3,48300
2023,1,07,丝绸设计与工程,A338,浙江理工大学,2,59505
2023,1,08,材料类,A338,浙江理工大学,5,38434
2023,1,09,服装设计与工程,A338,浙江理工大学,4,45489
2023,1,10,电子信息类,A338,浙江理工大学,2,22813
2023,1,11,计算机类,A338,浙江理工大学,2,21967
2023,1,12,机械类,A338,浙江理工大学,7,30536
2023,1,15,能源与动力工程,A338,浙江理工大学,3,28889
2023,1,16,土木类,A338,浙江理工大学,4,64175
2023,1,19,经济与贸易类,A338,浙江理工大学,2,35989
2023,1,27,外国语言文学类,A338,浙江理工大学,3,61243
2023,1,30,国际经济与贸易(英文授课班),A338,浙江理工大学,5,42171
2023,1,31,工商管理(英文授课班),A338,浙江理工大学,4,64797
2023,1,33,服装设计与工程(中外合作办学)(中美合作),A338,浙江理工大学,4,96989
2023,1,02,海洋科学,A340,浙江海洋大学,4,62445
2023,1,03,智慧海洋技术,A340,浙江海洋大学,3,72351
2023,1,05,水产养殖学,A340,浙江海洋大学,2,63743
2023,1,06,海洋资源与环境,A340,浙江海洋大学,3,61417
2023,1,07,海洋渔业科学与技术,A340,浙江海洋大学,4,73224
2023,1,08,水族科学与技术,A340,浙江海洋大学,2,72397
2023,1,09,食品科学与工程,A340,浙江海洋大学,2,58465
2023,1,12,护理学,A340,浙江海洋大学,3,89282
2023,1,13,船舶与海洋工程,A340,浙江海洋大学,2,60154
2023,1,16,轮机工程(船机修造方向),A340,浙江海洋大学,2,79745
2023,1,25,港口航道与海岸工程,A340,浙江海洋大学,4,73735
2023,1,26,油气储运工程,A340,浙江海洋大学,2,66955
2023,1,30,安全工程,A340,浙江海洋大学,3,76002
2023,1,35,数学与应用数学(师范类),A340,浙江海洋大学,2,66113
2023,1,36,物理学(师范类),A340,浙江海洋大学,2,69230
2023,1,50,俄语,A340,浙江海洋大学,2,93677
2023,1,14,船舶与海洋工程(中外合作办学),A340,浙江海洋大学,3,172382
2023,1,4B,农学,A341,浙江农林大学,2,47095
2023,1,4C,植物保护,A341,浙江农林大学,2,51073
2023,1,4D,智慧农业,A341,浙江农林大学,2,56547
2023,1,4E,林学,A341,浙江农林大学,3,52391
2023,1,4H,生物技术,A341,浙江农林大学,2,53981
2023,1,4J,生态学,A341,浙江农林大学,3,71936
2023,1,4K,农业资源与环境,A341,浙江农林大学,2,64631
2023,1,4L,环境科学与工程,A341,浙江农林大学,5,74720
2023,1,4M,地理信息科学,A341,浙江农林大学,3,48363
2023,1,4N,测绘工程,A341,浙江农林大学,3,67617
2023,1,4P,木材科学与工程,A341,浙江农林大学,6,103514
2023,1,4Q,家具设计与工程,A341,浙江农林大学,4,89060
2023,1,4R,应用化学,A341,浙江农林大学,2,62397
2023,1,4S,高分子材料与工程,A341,浙江农林大学,4,70253
2023,1,4U,风景园林,A341,浙江农林大学,2,48863
2023,1,4W,城乡规划,A341,浙江农林大学,2,60415
2023,1,4Y,土木工程,A341,浙江农林大学,1,64596
2023,1,52,工商管理,A341,浙江农林大学,2,53850
2023,1,55,法学,A341,浙江农林大学,2,37035
2023,1,56,城市管理,A341,浙江农林大学,1,61557
2023,1,57,英语,A341,浙江农林大学,2,74453
2023,1,59,汉语言文学,A341,浙江农林大学,1,37863
2023,1,5A,动物科学,A341,浙江农林大学,3,64474
2023,1,5B,动物医学,A341,浙江农林大学,4,48490
2023,1,5F,工业设计,A341,浙江农林大学,2,59360
2023,1,5G,应用统计学,A341,浙江农林大学,1,49853
2023,1,5H,数据科学与大数据技术,A341,浙江农林大学,1,45745
2023,1,5J,计算机科学与技术,A341,浙江农林大学,3,37290
2023,1,5K,智能科学与技术,A341,浙江农林大学,2,49863
2023,1,5L,物联网工程,A341,浙江农林大学,1,45086
2023,1,5M,机械设计制造及其自动化,A341,浙江农林大学,3,57963
2023,1,5N,电子信息工程,A341,浙江农林大学,2,43850
2023,1,5U,园艺,A341,浙江农林大学,2,60993
2023,1,5V,设施农业科学与工程,A341,浙江农林大学,2,67042
2023,1,5W,茶学,A341,浙江农林大学,3,63313
2023,1,5X,文化产业管理(茶文化),A341,浙江农林大学,2,73465
2023,1,4G,林学(中外合作办学)(中加合作办学项目),A341,浙江农林大学,4,98111
2023,1,19,临床医学(检验医师培养试验班),A343,温州医科大学,1,11281
2023,1,20,眼视光医学(5+3一体化),A343,温州医科大学,3,7925
2023,1,21,临床医学(5+3一体化),A343,温州医科大学,2,6043
2023,1,22,临床医学(5+3一体化，儿科学方向),A343,温州医科大学,2,13728
2023,1,28,眼视光医学,A343,温州医科大学,2,12598
2023,1,29,临床医学,A343,温州医科大学,3,11622
2023,1,34,基础医学(周健创新班),A343,温州医科大学,2,34427
2023,1,45,医学影像技术,A343,温州医科大学,2,30565
2023,1,46,康复治疗学,A343,温州医科大学,2,54424
2023,1,52,公共管理类,A343,温州医科大学,3,73390
2023,1,53,护理学,A343,温州医科大学,2,66741
2023,1,54,助产学,A343,温州医科大学,2,70080
2023,1,35,临床医学(中外合作办学),A343,温州医科大学,1,17264
2023,1,01,中医学(5+3一体化),A344,浙江中医药大学,1,9862
2023,1,03,中医学,A344,浙江中医药大学,5,21796
2023,1,04,中医骨伤科学,A344,浙江中医药大学,1,23485
2023,1,05,医学影像学,A344,浙江中医药大学,1,25122
2023,1,06,医学影像技术,A344,浙江中医药大学,1,32807
2023,1,07,中西医临床医学,A344,浙江中医药大学,2,26093
2023,1,09,临床医学,A344,浙江中医药大学,5,23415
2023,1,11,针灸推拿学,A344,浙江中医药大学,4,32813
2023,1,15,预防医学,A344,浙江中医药大学,1,27447
2023,1,16,口腔医学,A344,浙江中医药大学,1,16285
2023,1,17,中药学,A344,浙江中医药大学,2,36396
2023,1,18,药学,A344,浙江中医药大学,3,37456
2023,1,20,食品卫生与营养学,A344,浙江中医药大学,3,57941
2023,1,21,临床药学,A344,浙江中医药大学,1,31261
2023,1,22,护理学,A344,浙江中医药大学,7,68298
2023,1,23,助产学,A344,浙江中医药大学,2,71264
2023,1,24,听力与言语康复学,A344,浙江中医药大学,3,57264
2023,1,25,医学检验技术,A344,浙江中医药大学,3,36074
2023,1,26,卫生检验与检疫,A344,浙江中医药大学,2,50731
2023,1,27,医学信息工程,A344,浙江中医药大学,1,34861
2023,1,28,计算机科学与技术,A344,浙江中医药大学,2,40304
2023,1,29,数据科学与大数据技术,A344,浙江中医药大学,2,44622
2023,1,30,生物科学,A344,浙江中医药大学,5,45973
2023,1,31,医学实验技术,A344,浙江中医药大学,4,49235
2023,1,32,生物技术,A344,浙江中医药大学,4,53863
2023,1,34,健康服务与管理,A344,浙江中医药大学,2,65031
2023,1,35,英语,A344,浙江中医药大学,3,83440
2023,1,36,国际商务,A344,浙江中医药大学,1,68106
2023,1,08,工商管理类,A345,浙江师范大学,3,35344
2023,1,10,法学,A345,浙江师范大学,2,26294
2023,1,12,思想政治教育(师范类),A345,浙江师范大学,2,28174
2023,1,14,教育技术学(师范类),A345,浙江师范大学,2,41340
2023,1,16,学前教育(师范类),A345,浙江师范大学,3,53864
2023,1,22,历史学(师范类),A345,浙江师范大学,2,31797
2023,1,37,工业设计,A345,浙江师范大学,2,46654
2023,1,38,数学与应用数学(师范类),A345,浙江师范大学,2,24451
2023,1,40,计算机类,A345,浙江师范大学,5,28640
2023,1,44,材料科学与工程,A345,浙江师范大学,2,185851
2023,1,45,电子信息类,A345,浙江师范大学,5,32441
2023,1,48,生物科学类,A345,浙江师范大学,3,27533
2023,1,54,机器人工程,A345,浙江师范大学,6,40987
2023,1,55,交通运输,A345,浙江师范大学,4,56103
2023,1,79,外国语言文学类,A345,浙江师范大学,2,31729
2023,1,78,小学教育(中外合作办学)(师范类),A345,浙江师范大学,4,123795
2023,1,07,经济学,A346,杭州师范大学,4,40861
2023,1,08,金融工程,A346,杭州师范大学,4,46160
2023,1,0C,社会工作,A346,杭州师范大学,2,54725
2023,1,0D,社会学,A346,杭州师范大学,2,49349
2023,1,0E,行政管理,A346,杭州师范大学,4,57556
2023,1,0X,朝鲜语,A346,杭州师范大学,2,79640
2023,1,0Z,数据科学与大数据技术,A346,杭州师范大学,6,36576
2023,1,11,统计学,A346,杭州师范大学,2,39419
2023,1,1A,生物技术,A346,杭州师范大学,4,46921
2023,1,1B,生态学,A346,杭州师范大学,3,59696
2023,1,1E,计算机科学与技术,A346,杭州师范大学,6,31434
2023,1,1G,软件工程,A346,杭州师范大学,4,32504
2023,1,1H,电子信息工程,A346,杭州师范大学,3,37438
2023,1,1M,药学,A346,杭州师范大学,6,47890
2023,1,1R,公共事业管理(卫生事业管理方向),A346,杭州师范大学,4,57372
2023,1,1S,健康服务与管理,A346,杭州师范大学,3,57561
2023,1,1T,大数据管理与应用,A346,杭州师范大学,4,38370
2023,1,1W,电子商务(数字商务创新实验班),A346,杭州师范大学,4,58293
2023,1,2C,机械设计制造及其自动化,A346,杭州师范大学,6,44840
2023,1,2D,工业设计,A346,杭州师范大学,6,79022
2023,1,24,财务管理,A347,湖州师范学院,2,113614
2023,1,29,行政管理,A347,湖州师范学院,2,142339
2023,1,30,旅游管理,A347,湖州师范学院,2,150948
2023,1,46,计算机科学与技术,A347,湖州师范学院,3,124095
2023,1,48,电子信息工程,A347,湖州师范学院,2,126203
2023,1,49,材料化学,A347,湖州师范学院,3,165239
2023,1,50,电气工程及其自动化,A347,湖州师范学院,3,126838
2023,1,51,建筑学,A347,湖州师范学院,2,148281
2023,1,53,制药工程,A347,湖州师范学院,4,166715
2023,1,54,水产养殖学(卓越班),A347,湖州师范学院,2,167975
2023,1,59,护理学,A347,湖州师范学院,5,147259
2023,1,27,光电信息科学与工程,A349,绍兴文理学院,5,128272
2023,1,28,电子信息工程,A349,绍兴文理学院,5,117043
2023,1,29,微电子科学与工程,A349,绍兴文理学院,5,124805
2023,1,06,汉语言文学(师范类),A350,台州学院,4,99748
2023,1,09,工商管理,A350,台州学院,4,138698
2023,1,19,俄语,A350,台州学院,4,173135
2023,1,22,电子信息工程,A350,台州学院,4,141974
2023,1,24,生物科学,A350,台州学院,4,168098
2023,1,26,环境工程,A350,台州学院,5,174255
2023,1,28,化学工程与工艺,A350,台州学院,4,171924
2023,1,36,机械电子工程,A350,台州学院,3,150110
2023,1,52,材料科学与工程,A350,台州学院,3,176929
2023,1,45,土木工程(中外合作办学),A350,台州学院,5,233643
2023,1,01,财务管理,A351,温州大学,2,44434
2023,1,03,国际经济与贸易,A351,温州大学,2,69067
2023,1,04,金融工程,A351,温州大学,2,58895
2023,1,05,法学,A351,温州大学,2,27016
2023,1,07,国际经贸规则,A351,温州大学,2,57346
2023,1,08,思想政治教育(师范类),A351,温州大学,2,44443
2023,1,10,学前教育(师范类),A351,温州大学,2,81485
2023,1,11,小学教育(师范类),A351,温州大学,2,58335
2023,1,12,教育技术学(师范类),A351,温州大学,2,74386
2023,1,17,汉语言文学(师范类),A351,温州大学,2,36963
2023,1,20,英语(师范类),A351,温州大学,2,54111
2023,1,21,日语,A351,温州大学,2,71276
2023,1,34,材料科学与工程,A351,温州大学,2,61531
2023,1,35,化学(师范类),A351,温州大学,2,54539
2023,1,36,应用化学,A351,温州大学,3,52324
2023,1,37,能源化学,A351,温州大学,2,43574
2023,1,38,环境工程,A351,温州大学,2,74931
2023,1,39,生物技术,A351,温州大学,2,53848
2023,1,40,生物科学(师范类),A351,温州大学,2,56060
2023,1,42,车辆工程,A351,温州大学,2,50288
2023,1,44,机械工程(卓工超豪示范班),A351,温州大学,2,47221
2023,1,48,土木工程,A351,温州大学,3,69634
2023,1,49,城市地下空间工程,A351,温州大学,3,79264
2023,1,45,机械工程(中外合作办学),A351,温州大学,5,127211
2023,1,20,生物制药,A352,丽水学院,2,125136
2023,1,25,机械设计制造及其自动化,A352,丽水学院,3,140572
2023,1,29,计算机科学与技术,A352,丽水学院,3,115533
2023,1,31,土木工程,A352,丽水学院,4,184228
2023,1,33,口腔医学,A352,丽水学院,2,46374
2023,1,35,护理学,A352,丽水学院,5,159549
2023,1,6A,财务管理,A352,丽水学院,2,125272
2023,1,31,哲学,A353,浙江工商大学,2,40574
2023,1,32,经济学类,A353,浙江工商大学,6,34175
2023,1,33,经济统计学,A353,浙江工商大学,2,27134
2023,1,34,金融学类,A353,浙江工商大学,2,24807
2023,1,37,法学类,A353,浙江工商大学,6,23000
2023,1,44,新闻传播学类,A353,浙江工商大学,2,37036
2023,1,48,电子信息类,A353,浙江工商大学,2,31273
2023,1,49,计算机类,A353,浙江工商大学,6,24711
2023,1,52,给排水科学与工程,A353,浙江工商大学,3,65502
2023,1,53,环境科学与工程类,A353,浙江工商大学,8,71745
2023,1,55,城乡规划,A353,浙江工商大学,2,48392
2023,1,56,生物工程,A353,浙江工商大学,4,47572
2023,1,57,工商管理类,A353,浙江工商大学,3,35174
2023,1,58,会计学,A353,浙江工商大学,5,24897
2023,1,59,公共管理类,A353,浙江工商大学,6,66072
2023,1,62,旅游管理类,A353,浙江工商大学,8,81082
2023,1,67,数据科学与大数据技术,A353,浙江工商大学,5,27419
2023,1,68,外国语言文学类,A353,浙江工商大学,4,50546
2023,1,71,电子信息工程(中外合作办学),A353,浙江工商大学,7,61016
2023,1,72,通信工程(中外合作办学),A353,浙江工商大学,7,65000
2023,1,05,会计学,A354,嘉兴学院,2,70738
2023,1,09,物流管理,A354,嘉兴学院,2,109946
2023,1,10,市场营销,A354,嘉兴学院,6,136051
2023,1,22,临床医学,A354,嘉兴学院,5,74916
2023,1,24,护理学,A354,嘉兴学院,2,114519
2023,1,36,生物工程,A354,嘉兴学院,4,124210
2023,1,41,高分子材料与工程,A354,嘉兴学院,4,130051
2023,1,44,纺织工程,A354,嘉兴学院,4,147063
2023,1,45,建筑学,A354,嘉兴学院,3,103397
2023,1,48,建筑环境与能源应用工程,A354,嘉兴学院,5,142786
2023,1,49,服装设计与工程,A354,嘉兴学院,6,150249
2023,1,57,数字经济,A354,嘉兴学院,2,96383
2023,1,03,艺术学理论类,A355,中国美术学院,2,29953
2023,1,09,艺术设计学,A355,中国美术学院,2,31930
2023,1,10,风景园林,A355,中国美术学院,2,34569
2023,1,11,工业设计,A355,中国美术学院,2,40656
2023,1,02,电气工程及其自动化,A356,中国计量大学,6,32551
2023,1,03,机械设计制造及其自动化,A356,中国计量大学,4,36261
2023,1,04,机械电子工程,A356,中国计量大学,4,36742
2023,1,05,测控技术与仪器,A356,中国计量大学,4,33420
2023,1,06,能源与动力工程,A356,中国计量大学,5,37873
2023,1,07,智能感知工程,A356,中国计量大学,3,31726
2023,1,08,电子信息类,A356,中国计量大学,6,30723
2023,1,11,人工智能,A356,中国计量大学,3,28580
2023,1,12,光电信息科学与工程,A356,中国计量大学,5,32580
2023,1,13,电子科学与技术,A356,中国计量大学,2,30898
2023,1,16,材料科学与工程,A356,中国计量大学,4,44984
2023,1,17,应用化学,A356,中国计量大学,2,38368
2023,1,18,质量管理工程(卓越工程师),A356,中国计量大学,2,31569
2023,1,21,环境工程,A356,中国计量大学,2,45806
2023,1,22,信息管理与信息系统,A356,中国计量大学,3,37176
2023,1,23,工商管理类,A356,中国计量大学,4,41791
2023,1,24,金融学类,A356,中国计量大学,2,39392
2023,1,26,数学与应用数学,A356,中国计量大学,2,32697
2023,1,27,物理学类,A356,中国计量大学,1,34035
2023,1,28,数据科学与大数据技术,A356,中国计量大学,5,31638
2023,1,29,食品质量与安全,A356,中国计量大学,2,48480
2023,1,32,卫生检验与检疫,A356,中国计量大学,1,33197
2023,1,35,行政管理,A356,中国计量大学,1,44082
2023,1,39,工业设计,A356,中国计量大学,1,34001
2023,1,43,标准化工程,A356,中国计量大学,4,35584
2023,1,01,数学类,A357,安徽大学,4,20436
2023,1,0G,智能科学与技术,A357,安徽大学,8,19445
2023,1,0H,电子信息工程,A357,安徽大学,5,18099
2023,1,0J,电子科学与技术,A357,安徽大学,10,19232
2023,1,0M,电气工程及其自动化,A357,安徽大学,8,19322
2023,1,0P,机械设计制造及其自动化,A357,安徽大学,3,21542
2023,1,0S,机器人工程,A357,安徽大学,8,21574
2023,1,0U,集成电路设计与集成系统,A357,安徽大学,7,19990
2023,1,0W,经济统计学,A357,安徽大学,4,24027
2023,1,18,汉语言文学,A357,安徽大学,5,18996
2023,1,1A,历史学类,A357,安徽大学,3,23052
2023,1,1E,新闻传播学类,A357,安徽大学,7,26354
2023,1,1G,金融学,A357,安徽大学,7,24676
2023,1,1L,工商管理类,A357,安徽大学,7,27436
2023,1,1Q,英语,A357,安徽大学,3,23061
2023,1,1W,法学类,A357,安徽大学,4,15375
2023,1,2H,信息安全,A357,安徽大学,7,18546
2023,1,2J,计算机科学与技术,A357,安徽大学,11,16967
2023,1,2A,应用物理学(中外合作办学),A357,安徽大学,8,47148
2023,1,2B,应用统计学(中外合作办学),A357,安徽大学,8,39287
2023,1,2C,数字媒体技术(中外合作办学),A357,安徽大学,9,40283
2023,1,B1,理科试验班类,A358,中国科学技术大学,20,720
2023,1,B2,工科试验班,A358,中国科学技术大学,24,685
2023,1,06,自动化,A359,合肥工业大学,20,17459
2023,1,07,机器人工程,A359,合肥工业大学,8,18137
2023,1,08,电气工程及其自动化,A359,合肥工业大学,21,14582
2023,1,09,电子科学与技术,A359,合肥工业大学,8,16108
2023,1,0A,微电子科学与工程,A359,合肥工业大学,6,16481
2023,1,0B,集成电路设计与集成系统,A359,合肥工业大学,6,16659
2023,1,0C,应用物理学,A359,合肥工业大学,4,23118
2023,1,0D,信息管理与信息系统,A359,合肥工业大学,8,21436
2023,1,0E,电子商务,A359,合肥工业大学,4,34871
2023,1,0F,大数据管理与应用,A359,合肥工业大学,4,17431
2023,1,0G,工商管理类,A359,合肥工业大学,2,24535
2023,1,0M,机械类(智能制造),A359,合肥工业大学,40,23348
2023,1,0N,工业工程,A359,合肥工业大学,4,25708
2023,1,0P,计算机科学与技术,A359,合肥工业大学,10,12263
2023,1,0Q,电子信息工程,A359,合肥工业大学,11,15447
2023,1,0R,通信工程,A359,合肥工业大学,8,15807
2023,1,0S,物联网工程,A359,合肥工业大学,6,16339
2023,1,0T,建筑学,A359,合肥工业大学,6,30253
2023,1,0Y,工业设计,A359,合肥工业大学,4,24490
2023,1,0Z,经济学,A359,合肥工业大学,2,24397
2023,1,10,金融工程,A359,合肥工业大学,8,27818
2023,1,13,车辆工程,A359,合肥工业大学,6,20230
2023,1,15,能源与动力工程,A359,合肥工业大学,5,21089
2023,1,16,新能源科学与工程,A359,合肥工业大学,2,20715
2023,1,17,智能车辆工程,A359,合肥工业大学,4,17491
2023,1,18,智慧交通,A359,合肥工业大学,4,23487
2023,1,19,软件工程,A359,合肥工业大学,10,14699
2023,1,1B,信息与计算科学,A359,合肥工业大学,8,21419
2023,1,1C,数学与应用数学,A359,合肥工业大学,6,19933
2023,1,1D,统计学,A359,合肥工业大学,4,21476
2023,1,1K,智能建造,A359,合肥工业大学,4,25319
2023,1,1L,英语,A359,合肥工业大学,8,35617
2023,1,1N,法学,A359,合肥工业大学,4,18964
2023,1,1Q,仪器类(智能感知),A359,合肥工业大学,22,23887
2023,1,1Z,集成电路设计与集成系统(创新实验班),A359,合肥工业大学,5,15108
2023,1,1Y,国际经济与贸易(中外合作办学),A359,合肥工业大学,8,43523
2023,1,A1,材料成型及控制工程,A360,安徽工业大学,4,116681
2023,1,A3,冶金工程,A360,安徽工业大学,5,141068
2023,1,A4,资源循环科学与工程,A360,安徽工业大学,2,116944
2023,1,B3,金属材料工程,A360,安徽工业大学,4,130208
2023,1,B4,氢能科学与工程,A360,安徽工业大学,2,83786
2023,1,B5,材料科学与工程,A360,安徽工业大学,6,135181
2023,1,B6,无机非金属材料工程,A360,安徽工业大学,2,113252
2023,1,B7,焊接技术与工程,A360,安徽工业大学,1,90177
2023,1,C1,高分子材料与工程,A360,安徽工业大学,2,93361
2023,1,C2,化学工程与工艺,A360,安徽工业大学,3,88049
2023,1,C3,化学生物学,A360,安徽工业大学,2,111376
2023,1,C4,应用化学,A360,安徽工业大学,2,100062
2023,1,D1,安全工程,A360,安徽工业大学,2,96680
2023,1,D3,给排水科学与工程,A360,安徽工业大学,1,122193
2023,1,D4,工程管理,A360,安徽工业大学,2,106657
2023,1,D5,建筑环境与能源应用工程,A360,安徽工业大学,2,126288
2023,1,D6,建筑学,A360,安徽工业大学,2,79671
2023,1,D7,土木工程,A360,安徽工业大学,5,123647
2023,1,E1,车辆工程,A360,安徽工业大学,2,81975
2023,1,E2,机械工程,A360,安徽工业大学,2,75644
2023,1,E3,机械设计制造及其自动化,A360,安徽工业大学,4,73531
2023,1,E4,机器人工程,A360,安徽工业大学,2,68835
2023,1,F1,测控技术与仪器,A360,安徽工业大学,2,72207
2023,1,F2,电气工程及其自动化,A360,安徽工业大学,3,59408
2023,1,F3,电子信息工程,A360,安徽工业大学,3,62933
2023,1,F4,通信工程,A360,安徽工业大学,2,64941
2023,1,F5,自动化,A360,安徽工业大学,3,63594
2023,1,F8,集成电路设计与集成系统,A360,安徽工业大学,2,62644
2023,1,G2,人工智能,A360,安徽工业大学,2,65275
2023,1,G3,物联网工程,A360,安徽工业大学,2,62213
2023,1,G4,计算机科学与技术,A360,安徽工业大学,4,57246
2023,1,G5,软件工程,A360,安徽工业大学,4,62696
2023,1,H1,光电信息科学与工程,A360,安徽工业大学,3,69598
2023,1,H2,微电子科学与工程,A360,安徽工业大学,2,69430
2023,1,H3,数学与应用数学,A360,安徽工业大学,1,72268
2023,1,H4,数据科学与大数据技术,A360,安徽工业大学,2,62590
2023,1,H5,工程造价,A360,安徽工业大学,2,105465
2023,1,H6,工业工程,A360,安徽工业大学,2,95070
2023,1,H7,物流工程,A360,安徽工业大学,1,124555
2023,1,H9,大数据管理与应用,A360,安徽工业大学,3,80951
2023,1,J1,法学,A360,安徽工业大学,3,62943
2023,1,J3,行政管理,A360,安徽工业大学,1,94422
2023,1,K1,外国语言文学类,A360,安徽工业大学,4,306282
2023,1,L2,环境工程,A360,安徽工业大学,3,129421
2023,1,L3,能源与动力工程,A360,安徽工业大学,3,76017
2023,1,L4,新能源科学与工程,A360,安徽工业大学,2,78078
2023,1,M2,工业设计,A360,安徽工业大学,2,90851
2023,1,N1,财务管理,A360,安徽工业大学,1,72382
2023,1,N3,国际经济与贸易,A360,安徽工业大学,2,104373
2023,1,N6,会计学,A360,安徽工业大学,2,61652
2023,1,N8,金融学,A360,安徽工业大学,2,72049
2023,1,N9,经济统计学,A360,安徽工业大学,2,76792
2023,1,NA,经济学,A360,安徽工业大学,2,88422
2023,1,NC,人力资源管理,A360,安徽工业大学,2,89674
2023,1,NF,互联网金融,A360,安徽工业大学,2,88508
2023,1,02,金融学,A361,安徽理工大学,3,78264
2023,1,03,政治学与行政学,A361,安徽理工大学,4,81790
2023,1,05,英语,A361,安徽理工大学,4,99052
2023,1,06,日语,A361,安徽理工大学,4,130000
2023,1,07,网络与新媒体,A361,安徽理工大学,6,67344
2023,1,08,数学与应用数学,A361,安徽理工大学,4,69842
2023,1,09,信息与计算科学,A361,安徽理工大学,2,60191
2023,1,0A,应用物理学,A361,安徽理工大学,6,80057
2023,1,0B,应用化学,A361,安徽理工大学,4,109764
2023,1,0C,应用统计学,A361,安徽理工大学,6,73812
2023,1,0D,工程力学,A361,安徽理工大学,8,104020
2023,1,0E,机械设计制造及其自动化,A361,安徽理工大学,8,70780
2023,1,0G,工业设计,A361,安徽理工大学,2,81508
2023,1,0H,过程装备与控制工程,A361,安徽理工大学,4,110561
2023,1,0J,车辆工程,A361,安徽理工大学,4,83344
2023,1,0K,智能制造工程,A361,安徽理工大学,6,79028
2023,1,0L,测控技术与仪器,A361,安徽理工大学,4,91083
2023,1,0M,无机非金属材料工程,A361,安徽理工大学,8,124388
2023,1,0N,高分子材料与工程,A361,安徽理工大学,8,110821
2023,1,0Q,智能材料与结构,A361,安徽理工大学,8,120024
2023,1,0R,新能源科学与工程,A361,安徽理工大学,6,89953
2023,1,0T,电气工程及其自动化,A361,安徽理工大学,2,51247
2023,1,0W,光电信息科学与工程,A361,安徽理工大学,8,76025
2023,1,0Y,人工智能,A361,安徽理工大学,2,59199
2023,1,0Z,自动化,A361,安徽理工大学,2,52497
2023,1,10,机器人工程,A361,安徽理工大学,2,65195
2023,1,11,计算机科学与技术,A361,安徽理工大学,2,42891
2023,1,12,软件工程,A361,安徽理工大学,2,44682
2023,1,14,物联网工程,A361,安徽理工大学,2,50340
2023,1,15,数字媒体技术,A361,安徽理工大学,2,49096
2023,1,16,智能科学与技术,A361,安徽理工大学,4,62162
2023,1,17,数据科学与大数据技术,A361,安徽理工大学,2,58043
2023,1,18,区块链工程,A361,安徽理工大学,2,65953
2023,1,19,土木工程,A361,安徽理工大学,10,110672
2023,1,1A,建筑环境与能源应用工程,A361,安徽理工大学,4,126752
2023,1,1C,城市地下空间工程,A361,安徽理工大学,4,126270
2023,1,1D,智能建造,A361,安徽理工大学,6,107475
2023,1,1E,水文与水资源工程,A361,安徽理工大学,6,120505
2023,1,1F,测绘工程,A361,安徽理工大学,6,109756
2023,1,1G,遥感科学与技术,A361,安徽理工大学,8,95281
2023,1,1H,导航工程,A361,安徽理工大学,8,107843
2023,1,1J,地理空间信息工程,A361,安徽理工大学,8,104528
2023,1,1K,化学工程与工艺,A361,安徽理工大学,6,117110
2023,1,1L,制药工程,A361,安徽理工大学,6,98692
2023,1,1M,能源化学工程,A361,安徽理工大学,6,110736
2023,1,1N,地质工程,A361,安徽理工大学,8,134928
2023,1,1P,勘查技术与工程,A361,安徽理工大学,8,138310
2023,1,1Q,资源勘查工程,A361,安徽理工大学,8,150437
2023,1,1S,矿物加工工程,A361,安徽理工大学,8,159045
2023,1,1T,智能采矿工程,A361,安徽理工大学,8,155714
2023,1,1U,交通工程,A361,安徽理工大学,4,97338
2023,1,1V,弹药工程与爆炸技术,A361,安徽理工大学,2,70429
2023,1,1W,环境工程,A361,安徽理工大学,8,133884
2023,1,1X,建筑学,A361,安徽理工大学,4,132770
2023,1,1Y,安全工程,A361,安徽理工大学,10,107308
2023,1,1Z,应急技术与管理,A361,安徽理工大学,8,146688
2023,1,20,职业卫生工程,A361,安徽理工大学,4,161356
2023,1,21,消防工程,A361,安徽理工大学,4,118859
2023,1,22,临床医学,A361,安徽理工大学,2,38288
2023,1,23,预防医学,A361,安徽理工大学,5,81526
2023,1,24,药学,A361,安徽理工大学,5,87091
2023,1,25,医学检验技术,A361,安徽理工大学,2,59394
2023,1,26,护理学,A361,安徽理工大学,6,125829
2023,1,28,工程造价,A361,安徽理工大学,4,97308
2023,1,29,市场营销,A361,安徽理工大学,8,233986
2023,1,2C,人力资源管理,A361,安徽理工大学,8,110457
2023,1,2D,电子商务,A361,安徽理工大学,8,109378
2023,1,2F,机械电子工程(中外合作办学),A361,安徽理工大学,4,145600
2023,1,07,材料科学与工程,A363,安徽工程大学,5,150049
2023,1,08,材料成型及控制工程,A363,安徽工程大学,5,128323
2023,1,0M,纺织工程,A363,安徽工程大学,9,172737
2023,1,0V,食品科学与工程,A363,安徽工程大学,5,133442
2023,1,0W,生物制药,A363,安徽工程大学,3,126461
2023,1,0Y,应用化学,A363,安徽工程大学,5,133144
2023,1,10,高分子材料与工程,A363,安徽工程大学,9,151792
2023,1,1Y,土木工程,A363,安徽工程大学,6,151112
2023,1,01,农学,A364,安徽农业大学,6,87713
2023,1,02,茶学,A364,安徽农业大学,6,73645
2023,1,03,种子科学与工程,A364,安徽农业大学,4,110145
2023,1,05,智慧农业,A364,安徽农业大学,3,109662
2023,1,06,园艺,A364,安徽农业大学,6,103202
2023,1,09,城乡规划,A364,安徽农业大学,3,118197
2023,1,0A,林学,A364,安徽农业大学,3,124593
2023,1,0B,园林,A364,安徽农业大学,3,134613
2023,1,0D,动物科学,A364,安徽农业大学,4,115617
2023,1,0G,食品科学与工程类,A364,安徽农业大学,4,85641
2023,1,0H,食品卫生与营养学,A364,安徽农业大学,3,131202
2023,1,0J,数据科学与大数据技术,A364,安徽农业大学,2,65770
2023,1,0K,应用化学,A364,安徽农业大学,3,100703
2023,1,0L,应用统计学,A364,安徽农业大学,5,73952
2023,1,0P,生物制药,A364,安徽农业大学,3,84900
2023,1,0S,环境科学与工程类,A364,安徽农业大学,4,118383
2023,1,0U,农业资源与环境,A364,安徽农业大学,3,129025
2023,1,0W,机械设计制造及其自动化,A364,安徽农业大学,3,88834
2023,1,0X,车辆工程,A364,安徽农业大学,4,103510
2023,1,0Y,电气工程及其自动化,A364,安徽农业大学,4,72325
2023,1,10,农业机械化及其自动化,A364,安徽农业大学,3,106155
2023,1,12,智能制造工程,A364,安徽农业大学,3,92378
2023,1,16,服装设计与工程,A364,安徽农业大学,2,142809
2023,1,18,电子信息类,A364,安徽农业大学,2,72455
2023,1,19,计算机科学与技术,A364,安徽农业大学,2,60470
2023,1,1A,智能科学与技术,A364,安徽农业大学,2,72498
2023,1,1C,网络空间安全,A364,安徽农业大学,3,71203
2023,1,1D,工商管理类,A364,安徽农业大学,4,75229
2023,1,1F,经济学,A364,安徽农业大学,4,87687
2023,1,1G,金融学,A364,安徽农业大学,4,83608
2023,1,1H,国际经济与贸易,A364,安徽农业大学,4,85952
2023,1,1J,农林经济管理,A364,安徽农业大学,4,125255
2023,1,1K,旅游管理,A364,安徽农业大学,3,162139
2023,1,1L,电子商务,A364,安徽农业大学,4,148222
2023,1,1M,法学,A364,安徽农业大学,2,50547
2023,1,1Q,应用心理学,A364,安徽农业大学,4,104390
2023,1,1R,英语,A364,安徽农业大学,4,79927
2023,1,1W,生物科学类,A364,安徽农业大学,5,79677
2023,1,03,临床医学,A366,安徽医科大学,6,16937
2023,1,0A,医学影像学,A366,安徽医科大学,2,20944
2023,1,0C,口腔医学,A366,安徽医科大学,2,12844
2023,1,0F,生物医学工程,A366,安徽医科大学,2,31256
2023,1,0S,药学,A366,安徽医科大学,2,35081
2023,1,18,健康服务与管理(中外合作办学),A366,安徽医科大学,2,131914
2023,1,08,制药工程,A367,蚌埠医学院,5,153331
2023,1,0B,临床医学,A367,蚌埠医学院,5,56961
2023,1,0M,药学,A367,蚌埠医学院,5,136338
2023,1,03,中医学,A369,安徽中医药大学,5,51186
2023,1,06,中医儿科学,A369,安徽中医药大学,2,60182
2023,1,07,针灸推拿学,A369,安徽中医药大学,2,69285
2023,1,0A,中医康复学,A369,安徽中医药大学,2,93829
2023,1,0B,中西医临床医学,A369,安徽中医药大学,4,77092
2023,1,0D,中药学,A369,安徽中医药大学,3,84082
2023,1,0G,生物制药,A369,安徽中医药大学,2,101136
2023,1,0J,医学信息工程,A369,安徽中医药大学,2,124534
2023,1,0L,数据科学与大数据技术,A369,安徽中医药大学,3,113256
2023,1,0R,保险学,A369,安徽中医药大学,2,152066
2023,1,0T,汉语国际教育,A369,安徽中医药大学,2,115791
2023,1,10,护理学,A369,安徽中医药大学,5,128394
2023,1,12,医学检验技术,A369,安徽中医药大学,2,88502
2023,1,15,医疗保险,A369,安徽中医药大学,1,150987
2023,1,01,汉语言文学(师范类),A370,安徽师范大学,5,34510
2023,1,03,汉语国际教育,A370,安徽师范大学,2,47169
2023,1,04,秘书学,A370,安徽师范大学,2,85422
2023,1,05,思想政治教育(师范类),A370,安徽师范大学,3,42372
2023,1,07,法学,A370,安徽师范大学,3,37349
2023,1,08,社会学,A370,安徽师范大学,2,61044
2023,1,09,社会工作,A370,安徽师范大学,2,71673
2023,1,11,经济学,A370,安徽师范大学,3,59235
2023,1,12,数字经济,A370,安徽师范大学,2,116947
2023,1,13,金融工程,A370,安徽师范大学,2,76694
2023,1,14,会计学,A370,安徽师范大学,3,55241
2023,1,15,财务管理,A370,安徽师范大学,2,57490
2023,1,16,人力资源管理,A370,安徽师范大学,2,67432
2023,1,17,供应链管理,A370,安徽师范大学,2,91593
2023,1,18,历史学(师范类),A370,安徽师范大学,2,43884
2023,1,19,世界史,A370,安徽师范大学,2,58189
2023,1,21,教育技术学(师范类),A370,安徽师范大学,3,84498
2023,1,22,学前教育(师范类),A370,安徽师范大学,3,78913
2023,1,25,心理学(师范类),A370,安徽师范大学,3,63634
2023,1,27,俄语,A370,安徽师范大学,2,78920
2023,1,28,法语,A370,安徽师范大学,2,95603
2023,1,29,日语,A370,安徽师范大学,2,129985
2023,1,30,葡萄牙语,A370,安徽师范大学,2,103247
2023,1,31,数学与应用数学(师范类),A370,安徽师范大学,2,40809
2023,1,32,统计学,A370,安徽师范大学,2,60210
2023,1,33,人工智能,A370,安徽师范大学,2,52170
2023,1,34,计算机科学与技术,A370,安徽师范大学,2,46342
2023,1,35,软件工程,A370,安徽师范大学,2,48226
2023,1,36,物联网工程,A370,安徽师范大学,2,56742
2023,1,37,数据科学与大数据技术,A370,安徽师范大学,2,54728
2023,1,38,网络空间安全,A370,安徽师范大学,2,48124
2023,1,39,物理学(师范类),A370,安徽师范大学,2,48064
2023,1,41,电子信息工程,A370,安徽师范大学,2,50039
2023,1,42,通信工程,A370,安徽师范大学,2,52411
2023,1,43,光电信息科学与工程,A370,安徽师范大学,2,51917
2023,1,44,自动化,A370,安徽师范大学,2,54428
2023,1,45,化学(师范类),A370,安徽师范大学,2,50992
2023,1,47,应用化学,A370,安徽师范大学,2,61512
2023,1,49,新能源材料与器件,A370,安徽师范大学,2,122100
2023,1,50,化学工程与工艺,A370,安徽师范大学,3,65913
2023,1,51,地理科学(师范类),A370,安徽师范大学,2,49010
2023,1,53,地理信息科学,A370,安徽师范大学,2,53642
2023,1,55,土地资源管理,A370,安徽师范大学,2,79730
2023,1,56,旅游管理,A370,安徽师范大学,3,118972
2023,1,57,生物科学(师范类),A370,安徽师范大学,2,49473
2023,1,59,生物技术,A370,安徽师范大学,3,55149
2023,1,61,食品科学与工程,A370,安徽师范大学,3,122634
2023,1,63,生态学,A370,安徽师范大学,3,135964
2023,1,65,环境工程,A370,安徽师范大学,3,192854
2023,1,66,环境科学,A370,安徽师范大学,3,185202
2023,1,67,新闻学,A370,安徽师范大学,2,66240
2023,1,68,广告学,A370,安徽师范大学,2,64729
2023,1,69,网络与新媒体,A370,安徽师范大学,2,54720
2023,1,10,电子信息科学与技术,A371,阜阳师范大学,5,135380
2023,1,52,应用化学,A371,阜阳师范大学,5,158181
2023,1,03,外国语言文学类,A372,安庆师范大学,5,115559
2023,1,06,法学类,A372,安庆师范大学,5,91450
2023,1,0A,物流管理,A372,安庆师范大学,9,164858
2023,1,0N,数学类,A372,安庆师范大学,5,118971
2023,1,0T,电子信息类,A372,安庆师范大学,10,133064
2023,1,15,经济学,A373,淮北师范大学,1,71598
2023,1,16,国际经济与贸易,A373,淮北师范大学,1,112862
2023,1,17,法学,A373,淮北师范大学,1,57624
2023,1,20,思想政治教育(师范类),A373,淮北师范大学,1,52963
2023,1,28,汉语言文学(师范类),A373,淮北师范大学,2,48381
2023,1,29,汉语国际教育(师范类),A373,淮北师范大学,1,59519
2023,1,30,英语(师范类),A373,淮北师范大学,1,75619
2023,1,33,商务英语,A373,淮北师范大学,1,115198
2023,1,34,新闻学,A373,淮北师范大学,1,73221
2023,1,38,数学与应用数学(师范类),A373,淮北师范大学,1,70611
2023,1,39,物理学(师范类),A373,淮北师范大学,1,98131
2023,1,40,化学(师范类),A373,淮北师范大学,1,106407
2023,1,41,应用化学,A373,淮北师范大学,1,99932
2023,1,42,生物科学(师范类),A373,淮北师范大学,1,62307
2023,1,44,统计学,A373,淮北师范大学,1,74970
2023,1,57,环境科学,A373,淮北师范大学,1,105336
2023,1,60,生物工程,A373,淮北师范大学,1,103070
2023,1,62,会计学,A373,淮北师范大学,1,72783
2023,1,64,人力资源管理,A373,淮北师范大学,1,91023
2023,1,67,物流管理,A373,淮北师范大学,1,108334
2023,1,68,电子商务,A373,淮北师范大学,1,75155
2023,1,72,应用心理学(师范类),A373,淮北师范大学,1,83801
2023,1,74,文化遗产,A373,淮北师范大学,1,95019
2023,1,75,旅游管理,A373,淮北师范大学,1,191975
2023,1,02,国际经济与贸易,A375,黄山学院,10,200870
2023,1,0B,日语,A375,黄山学院,5,199482
2023,1,0K,机械设计制造及其自动化,A375,黄山学院,6,194741
2023,1,11,烹饪与营养教育,A375,黄山学院,5,205744
2023,1,1F,酒店管理(中外合作办学),A375,黄山学院,10,221868
2023,1,02,新闻学,A377,滁州学院,2,144365
2023,1,03,网络与新媒体,A377,滁州学院,2,144007
2023,1,04,金融工程,A377,滁州学院,1,162310
2023,1,28,旅游管理,A377,滁州学院,2,173506
2023,1,41,工商管理,A377,滁州学院,2,152619
2023,1,43,国际经济与贸易,A377,滁州学院,2,154490
2023,1,44,财务管理,A377,滁州学院,1,122808
2023,1,45,审计学,A377,滁州学院,1,117603
2023,1,47,英语,A377,滁州学院,1,142090
2023,1,49,商务英语,A377,滁州学院,1,183043
2023,1,01,经济统计学,A378,安徽财经大学,2,66821
2023,1,02,金融学,A378,安徽财经大学,3,60189
2023,1,03,法学,A378,安徽财经大学,6,49694
2023,1,04,日语,A378,安徽财经大学,6,276423
2023,1,06,数学与应用数学,A378,安徽财经大学,2,61594
2023,1,07,数据科学与大数据技术,A378,安徽财经大学,6,60566
2023,1,08,会计学,A378,安徽财经大学,2,42876
2023,1,09,财务管理,A378,安徽财经大学,2,50427
2023,1,10,审计学,A378,安徽财经大学,3,49179
2023,1,11,国际商务,A378,安徽财经大学,7,127914
2023,1,12,资产评估,A378,安徽财经大学,3,64142
2023,1,13,物流管理,A378,安徽财经大学,3,88974
2023,1,14,电子商务,A378,安徽财经大学,3,91476
2023,1,15,旅游管理,A378,安徽财经大学,4,137825
2023,1,19,财政学类,A378,安徽财经大学,4,56437
2023,1,20,金融学类,A378,安徽财经大学,6,71638
2023,1,21,经济与贸易类,A378,安徽财经大学,6,81823
2023,1,23,电子信息类,A378,安徽财经大学,5,66752
2023,1,24,计算机类,A378,安徽财经大学,4,60274
2023,1,25,管理科学与工程类,A378,安徽财经大学,5,136464
2023,1,28,统计学,A378,安徽财经大学,2,62589
2023,1,32,公共管理类,A378,安徽财经大学,6,101191
2023,1,33,工商管理类,A378,安徽财经大学,4,81887
2023,1,34,商务英语,A378,安徽财经大学,2,68882
2023,1,36,经济学类,A378,安徽财经大学,6,69619
2023,1,37,供应链管理,A378,安徽财经大学,3,106672
2023,1,35,应用统计学(中外合作办学),A378,安徽财经大学,2,109598
2023,1,07,应用化学,A379,宿州学院,5,191291
2023,1,11,地理科学(师范类),A379,宿州学院,5,160550
2023,1,18,机械设计制造及其自动化,A379,宿州学院,5,190803
2023,1,31,电子商务,A379,宿州学院,5,201409
2023,1,32,物流工程,A379,宿州学院,5,211290
2023,1,48,汉语言文学(师范类),A379,宿州学院,5,138145
2023,1,51,计算机科学与技术,A379,宿州学院,5,176480
2023,1,61,土木工程,A379,宿州学院,5,210893
2023,1,01,数字经济,A381,淮南师范学院,2,178405
2023,1,02,金融工程,A381,淮南师范学院,3,192921
2023,1,15,翻译,A381,淮南师范学院,3,206808
2023,1,18,广告学,A381,淮南师范学院,3,196393
2023,1,19,数学与应用数学(师范类),A381,淮南师范学院,2,160858
2023,1,24,机械设计制造及其自动化,A381,淮南师范学院,4,176742
2023,1,26,高分子材料与工程,A381,淮南师范学院,4,216161
2023,1,28,电子信息工程,A381,淮南师范学院,2,167767
2023,1,30,光电信息科学与工程,A381,淮南师范学院,2,177845
2023,1,36,软件工程,A381,淮南师范学院,2,145623
2023,1,39,数据科学与大数据技术,A381,淮南师范学院,2,181173
2023,1,40,化学工程与工艺,A381,淮南师范学院,4,186698
2023,1,41,食品质量与安全,A381,淮南师范学院,3,196227
2023,1,42,生物工程,A381,淮南师范学院,2,179725
2023,1,47,会计学,A381,淮南师范学院,2,152311
2023,1,04,自动化,A383,铜陵学院,5,174679
2023,1,19,会计学,A383,铜陵学院,5,149657
2023,1,01,人文科学试验班,A384,厦门大学,3,5513
2023,1,02,新闻传播学类,A384,厦门大学,2,5528
2023,1,03,外国语言文学类,A384,厦门大学,4,8612
2023,1,04,外国语言文学类(外国语言文学加会计或财务),A384,厦门大学,3,7196
2023,1,05,法学类,A384,厦门大学,4,3076
2023,1,09,经济学类,A384,厦门大学,18,4947
2023,1,10,统计学类,A384,厦门大学,2,1996
2023,1,11,数据科学与大数据技术,A384,厦门大学,2,3269
2023,1,12,会计学(含会计、财务、审计),A384,厦门大学,7,3410
2023,1,13,工商管理类,A384,厦门大学,4,6611
2023,1,14,管理科学与工程类,A384,厦门大学,2,5570
2023,1,15,数学类,A384,厦门大学,3,3840
2023,1,16,物理学类,A384,厦门大学,5,4977
2023,1,17,化学类(含化学化工材料类),A384,厦门大学,18,6465
2023,1,18,公共管理类(含政治),A384,厦门大学,4,7649
2023,1,20,生物科学类,A384,厦门大学,10,5417
2023,1,23,能源动力类,A384,厦门大学,3,4748
2023,1,24,计算机类,A384,厦门大学,20,4190
2023,1,26,电子信息类,A384,厦门大学,12,4508
2023,1,27,工科试验班,A384,厦门大学,19,5297
2023,1,28,建筑类,A384,厦门大学,4,6662
2023,1,29,土木类,A384,厦门大学,2,7107
2023,1,30,药学,A384,厦门大学,3,6271
2023,1,31,理科试验班(海洋生态环境类),A384,厦门大学,11,6316
2023,1,C1,临床医学,A384,厦门大学,4,5332
2023,1,M0,汉语言文学(厦门大学马来西亚分校招生专业),A384,厦门大学,1,22938
2023,1,M1,新闻学(厦门大学马来西亚分校招生专业),A384,厦门大学,1,24900
2023,1,M2,金融学(厦门大学马来西亚分校招生专业),A384,厦门大学,3,23909
2023,1,M3,会计学(厦门大学马来西亚分校招生专业),A384,厦门大学,3,22174
2023,1,M4,国际商务(厦门大学马来西亚分校招生专业),A384,厦门大学,2,26290
2023,1,M5,化学工程与工艺(厦门大学马来西亚分校招生专业),A384,厦门大学,2,31723
2023,1,M6,海洋技术(厦门大学马来西亚分校招生专业),A384,厦门大学,1,26308
2023,1,M7,新能源科学与工程(厦门大学马来西亚分校招生专业),A384,厦门大学,2,29313
2023,1,M8,数字媒体技术(厦门大学马来西亚分校招生专业),A384,厦门大学,3,29850
2023,1,M9,计算机科学与技术(厦门大学马来西亚分校招生专业),A384,厦门大学,4,25474
2023,1,MA,软件工程(厦门大学马来西亚分校招生专业),A384,厦门大学,3,30119
2023,1,MB,电子信息工程(厦门大学马来西亚分校招生专业),A384,厦门大学,4,30437
2023,1,MC,中医学(厦门大学马来西亚分校招生专业),A384,厦门大学,1,34056
2023,1,MD,数学与应用数学(厦门大学马来西亚分校招生专业),A384,厦门大学,3,29061
2023,1,MG,英语(厦门大学马来西亚分校招生专业),A384,厦门大学,1,24273
2023,1,MH,物理学(厦门大学马来西亚分校招生专业),A384,厦门大学,2,31665
2023,1,MJ,人工智能(厦门大学马来西亚分校招生专业),A384,厦门大学,2,26877
2023,1,01,哲学(中西人文综合试验班),A385,华侨大学,4,50813
2023,1,02,国际事务与国际关系,A385,华侨大学,2,43215
2023,1,04,汉语国际教育,A385,华侨大学,3,50095
2023,1,06,新闻传播学类,A385,华侨大学,3,50714
2023,1,07,机械工程,A385,华侨大学,3,41819
2023,1,08,工业设计,A385,华侨大学,3,50630
2023,1,09,车辆工程,A385,华侨大学,4,43798
2023,1,10,智能制造工程,A385,华侨大学,5,44341
2023,1,14,应用物理学(拔尖人才试点班),A385,华侨大学,3,44421
2023,1,15,电气工程及其自动化,A385,华侨大学,6,33242
2023,1,16,电子信息类,A385,华侨大学,8,33898
2023,1,17,计算机科学与技术,A385,华侨大学,4,29627
2023,1,18,软件工程,A385,华侨大学,4,31905
2023,1,19,信息安全,A385,华侨大学,2,31807
2023,1,22,土木工程,A385,华侨大学,5,74113
2023,1,23,城市地下空间工程,A385,华侨大学,2,70042
2023,1,24,工程管理,A385,华侨大学,3,71041
2023,1,25,给排水科学与工程(城镇智能水系统方向),A385,华侨大学,4,59279
2023,1,30,建筑学,A385,华侨大学,3,50325
2023,1,31,城乡规划,A385,华侨大学,3,71525
2023,1,32,风景园林,A385,华侨大学,4,110239
2023,1,33,经济学类,A385,华侨大学,10,52714
2023,1,34,金融学,A385,华侨大学,4,39428
2023,1,35,法学,A385,华侨大学,7,29199
2023,1,36,中国语言文学类,A385,华侨大学,5,36153
2023,1,37,英语,A385,华侨大学,3,58735
2023,1,39,翻译,A385,华侨大学,2,80192
2023,1,40,数学与应用数学(金融统计方向和数据分析方向),A385,华侨大学,5,45147
2023,1,41,光电信息科学与工程,A385,华侨大学,3,40423
2023,1,42,物联网工程,A385,华侨大学,3,35807
2023,1,43,数据科学与大数据技术,A385,华侨大学,3,34421
2023,1,44,药学(生物与医药方向),A385,华侨大学,2,49836
2023,1,45,临床医学,A385,华侨大学,5,32338
2023,1,47,财务管理,A385,华侨大学,2,39629
2023,1,48,工商管理类,A385,华侨大学,5,55397
2023,1,49,行政管理(数字政府治理、社会福利、公共危机管理方向),A385,华侨大学,4,55971
2023,1,51,酒店管理,A385,华侨大学,4,94710
2023,1,52,会展经济与管理,A385,华侨大学,3,81075
2023,1,53,经济学类(中美121双学位班，可接轨CFA金融分析师),A385,华侨大学,7,67170
2023,1,54,工商管理类(中美121双学位班，可接轨ACCA国际注会),A385,华侨大学,3,58455
2023,1,55,国际商务(全英文教学),A385,华侨大学,4,69895
2023,1,01,电气工程及其自动化,A386,福州大学,3,14665
2023,1,10,经济统计学,A386,福州大学,4,23535
2023,1,14,土木工程,A386,福州大学,3,32066
2023,1,32,会计学,A386,福州大学,4,19511
2023,1,41,生物工程,A386,福州大学,3,25953
2023,1,43,英语,A386,福州大学,3,31819
2023,1,49,人工智能,A386,福州大学,3,18211
2023,1,50,软件工程,A386,福州大学,3,15338
2023,1,52,电子信息类,A386,福州大学,4,17813
2023,1,59,化学,A386,福州大学,3,22039
2023,1,72,法学,A386,福州大学,3,16099
2023,1,95,机械设计制造及其自动化,A386,福州大学,3,20419
2023,1,91,自动化(中外合作办学),A386,福州大学,5,34602
2023,1,92,软件工程(中外合作办学),A386,福州大学,3,31187
2023,1,93,数字媒体技术(中外合作办学),A386,福州大学,4,35477
2023,1,94,电子信息工程(中外合作办学),A386,福州大学,4,32603
2023,1,03,材料成型及控制工程,A388,福建理工大学,6,168067
2023,1,12,软件工程,A388,福建理工大学,4,112680
2023,1,16,土木工程,A388,福建理工大学,10,167802
2023,1,20,建筑学,A388,福建理工大学,5,150092
2023,1,24,给排水科学与工程,A388,福建理工大学,4,171433
2023,1,25,环境工程,A388,福建理工大学,9,169129
2023,1,26,建筑环境与能源应用工程,A388,福建理工大学,9,176891
2023,1,28,工程管理,A388,福建理工大学,6,172816
2023,1,29,工程造价,A388,福建理工大学,2,140570
2023,1,12,农学,A389,福建农林大学,5,77863
2023,1,13,植物科学与技术,A389,福建农林大学,5,119160
2023,1,15,植物保护,A389,福建农林大学,6,95012
2023,1,16,制药工程,A389,福建农林大学,2,104266
2023,1,19,园艺,A389,福建农林大学,7,119563
2023,1,20,智慧农业,A389,福建农林大学,13,103874
2023,1,31,生物信息学,A389,福建农林大学,5,68135
2023,1,34,水产养殖学,A389,福建农林大学,2,129754
2023,1,35,动物医学,A389,福建农林大学,8,58606
2023,1,38,蜂学,A389,福建农林大学,2,139380
2023,1,41,农业资源与环境,A389,福建农林大学,3,114876
2023,1,42,土地资源管理,A389,福建农林大学,3,119232
2023,1,44,环境工程,A389,福建农林大学,5,135858
2023,1,47,食品质量与安全,A389,福建农林大学,3,94664
2023,1,48,食品科学与工程,A389,福建农林大学,12,93412
2023,1,50,新能源科学与工程,A389,福建农林大学,3,97783
2023,1,51,化学工程与工艺,A389,福建农林大学,5,142847
2023,1,52,轻化工程,A389,福建农林大学,5,138827
2023,1,53,木材科学与工程,A389,福建农林大学,2,136139
2023,1,54,材料科学与工程,A389,福建农林大学,2,161307
2023,1,65,车辆工程,A389,福建农林大学,5,113871
2023,1,70,物流工程,A389,福建农林大学,2,137327
2023,1,72,工程管理,A389,福建农林大学,5,207851
2023,1,74,土木工程,A389,福建农林大学,5,162859
2023,1,95,风景园林,A389,福建农林大学,5,88970
2023,1,C2,财务管理,A389,福建农林大学,5,99736
2023,1,C4,茶学,A389,福建农林大学,2,114932
2023,1,D2,林学类,A389,福建农林大学,13,119445
2023,1,D3,生物科学类,A389,福建农林大学,7,69553
2023,1,N2,机械设计制造及其自动化,A389,福建农林大学,5,100064
2023,1,Q6,电子科学与技术,A389,福建农林大学,3,88078
2023,1,Q7,网络工程,A389,福建农林大学,6,105766
2023,1,QD,农林经济管理,A389,福建农林大学,3,106004
2023,1,QE,农村区域发展,A389,福建农林大学,3,140255
2023,1,QK,智能建造,A389,福建农林大学,3,132197
2023,1,QL,食品营养与健康,A389,福建农林大学,1,96851
2023,1,QM,海洋科学,A389,福建农林大学,6,128240
2023,1,QW,数字经济,A389,福建农林大学,6,118703
2023,1,QX,人工智能,A389,福建农林大学,3,95236
2023,1,QY,数据科学与大数据技术,A389,福建农林大学,2,84308
2023,1,QZ,生物制药,A389,福建农林大学,6,119046
2023,1,R0,生物育种科学,A389,福建农林大学,5,126533
2023,1,QS,风景园林(中外合作办学),A389,福建农林大学,2,94021
2023,1,QU,农业资源与环境(中外合作办学),A389,福建农林大学,2,151373
2023,1,QV,园艺(中外合作办学),A389,福建农林大学,2,135383
2023,1,R4,生态学(中外合作办学),A389,福建农林大学,8,153180
2023,1,01,交通运输,A390,集美大学,3,53612
2023,1,03,物流管理,A390,集美大学,3,80530
2023,1,06,轮机工程(陆上方向),A390,集美大学,3,62998
2023,1,08,船舶与海洋工程,A390,集美大学,3,62605
2023,1,09,动物科学,A390,集美大学,3,65899
2023,1,10,水产养殖学,A390,集美大学,3,65280
2023,1,11,海洋渔业科学与技术,A390,集美大学,3,66027
2023,1,12,水生动物医学,A390,集美大学,3,71775
2023,1,13,食品科学与工程,A390,集美大学,3,53440
2023,1,15,生物工程,A390,集美大学,3,55053
2023,1,20,经济学,A390,集美大学,2,42527
2023,1,21,数字经济,A390,集美大学,3,53355
2023,1,24,国际经济与贸易,A390,集美大学,2,42969
2023,1,28,学前教育(师范类),A390,集美大学,2,64977
2023,1,31,工商管理,A390,集美大学,2,45379
2023,1,35,旅游管理,A390,集美大学,2,68848
2023,1,45,电子信息工程,A390,集美大学,3,34405
2023,1,50,软件工程,A390,集美大学,3,37215
2023,1,53,机械设计制造及其自动化,A390,集美大学,3,48448
2023,1,54,机械电子工程,A390,集美大学,2,49354
2023,1,58,数学与应用数学,A390,集美大学,3,49566
2023,1,60,应用物理学,A390,集美大学,3,52403
2023,1,63,英语,A390,集美大学,2,49095
2023,1,66,日语,A390,集美大学,3,67550
2023,1,67,翻译,A390,集美大学,3,86577
2023,1,72,戏剧影视文学,A390,集美大学,2,61802
2023,1,74,港口航道与海岸工程,A390,集美大学,3,64718
2023,1,01,临床医学(5+3一体化),A392,福建医科大学,2,14589
2023,1,03,临床医学,A392,福建医科大学,6,23416
2023,1,04,麻醉学,A392,福建医科大学,2,25983
2023,1,07,预防医学,A392,福建医科大学,2,45849
2023,1,08,口腔医学,A392,福建医科大学,2,13703
2023,1,09,基础医学,A392,福建医科大学,1,50525
2023,1,0A,药学,A392,福建医科大学,2,41556
2023,1,0B,临床药学,A392,福建医科大学,2,39466
2023,1,0E,卫生检验与检疫,A392,福建医科大学,2,59543
2023,1,0F,医学检验技术,A392,福建医科大学,2,51276
2023,1,0G,医学影像技术,A392,福建医科大学,2,48750
2023,1,0J,智能医学工程,A392,福建医科大学,2,51236
2023,1,0N,应用心理学,A392,福建医科大学,1,44898
2023,1,0Q,护理学,A392,福建医科大学,3,62454
2023,1,02,中医学,A393,福建中医药大学,2,49149
2023,1,03,中医骨伤科学,A393,福建中医药大学,2,63409
2023,1,04,针灸推拿学,A393,福建中医药大学,1,51395
2023,1,05,中西医临床医学,A393,福建中医药大学,1,53173
2023,1,06,临床医学,A393,福建中医药大学,2,31969
2023,1,0A,药学,A393,福建中医药大学,1,39620
2023,1,0C,中药学,A393,福建中医药大学,1,59351
2023,1,0E,护理学(中外合作办学),A393,福建中医药大学,6,166590
2023,1,36,环境科学与工程类,A394,福建师范大学,5,71159
2023,1,Z0,数字媒体技术(中外合作办学)(中日合作办学),A394,福建师范大学,5,67396
2023,1,Z1,网络工程(中外合作办学)(中日合作办学),A394,福建师范大学,5,82211
2023,1,Z3,通信工程(中外合作办学)(中英合作办学),A394,福建师范大学,6,93838
2023,1,Z4,学前教育(中外合作办学)(中美合作办学),A394,福建师范大学,7,155208
2023,1,Z5,电子信息工程(中外合作办学)(中英合作办学),A394,福建师范大学,6,87455
2023,1,Z6,计算机科学与技术(中外合作办学)(中英合作办学),A394,福建师范大学,6,77879
2023,1,01,会计学,A395,闽江学院,5,124384
2023,1,02,金融学,A395,闽江学院,8,159908
2023,1,03,工商管理,A395,闽江学院,4,162106
2023,1,07,财务管理,A395,闽江学院,2,121802
2023,1,0A,旅游管理,A395,闽江学院,2,194635
2023,1,0C,会展经济与管理,A395,闽江学院,2,155792
2023,1,0K,法学,A395,闽江学院,2,89680
2023,1,0M,广告学,A395,闽江学院,1,70374
2023,1,0P,网络与新媒体,A395,闽江学院,1,89891
2023,1,0Y,服装设计与工程,A395,闽江学院,2,162399
2023,1,14,数据科学与大数据技术,A395,闽江学院,2,124034
2023,1,1C,计算机科学与技术,A395,闽江学院,3,122273
2023,1,1N,人文地理与城乡规划,A395,闽江学院,1,142803
2023,1,02,食品质量与安全,A397,武夷学院,1,158421
2023,1,07,文化产业管理,A397,武夷学院,1,178504
2023,1,15,机械设计制造及其自动化,A397,武夷学院,1,165181
2023,1,21,化学工程与工艺,A397,武夷学院,1,147271
2023,1,25,土木工程,A397,武夷学院,2,195602
2023,1,26,建筑学,A397,武夷学院,1,163644
2023,1,27,工程造价,A397,武夷学院,1,190786
2023,1,32,人工智能,A397,武夷学院,1,151558
2023,1,35,汉语言文学,A397,武夷学院,1,117272
2023,1,36,商务英语,A397,武夷学院,1,172907
2023,1,40,国际经济与贸易,A397,武夷学院,1,165053
2023,1,41,物流管理,A397,武夷学院,1,182249
2023,1,03,学前教育(师范类),A398,宁德师范学院,5,185200
2023,1,0A,网络与新媒体,A398,宁德师范学院,6,178285
2023,1,0B,数学与应用数学(师范类),A398,宁德师范学院,5,188363
2023,1,0K,材料化学,A398,宁德师范学院,5,208541
2023,1,0Z,市场营销,A398,宁德师范学院,4,204408
2023,1,11,财务会计教育,A398,宁德师范学院,5,188269
2023,1,07,历史学(师范类),A399,泉州师范学院,2,127418
2023,1,08,数学与应用数学(师范类),A399,泉州师范学院,3,156048
2023,1,09,物理学(师范类),A399,泉州师范学院,4,169381
2023,1,10,化学(师范类),A399,泉州师范学院,4,155791
2023,1,11,地理科学(师范类),A399,泉州师范学院,6,137259
2023,1,14,金融工程,A399,泉州师范学院,3,163673
2023,1,15,国际经济与贸易,A399,泉州师范学院,1,142210
2023,1,18,英语,A399,泉州师范学院,3,162211
2023,1,20,广播电视学,A399,泉州师范学院,3,180470
2023,1,22,人文地理与城乡规划,A399,泉州师范学院,2,152015
2023,1,23,海洋技术,A399,泉州师范学院,2,183931
2023,1,26,机械设计制造及其自动化,A399,泉州师范学院,2,163548
2023,1,29,高分子材料与工程,A399,泉州师范学院,2,189046
2023,1,35,物联网工程,A399,泉州师范学院,2,144686
2023,1,38,化学工程与工艺,A399,泉州师范学院,2,185871
2023,1,40,纺织工程,A399,泉州师范学院,5,210822
2023,1,44,环境科学,A399,泉州师范学院,2,175767
2023,1,45,食品科学与工程,A399,泉州师范学院,3,173233
2023,1,50,体育经济与管理,A399,泉州师范学院,2,198912
2023,1,11,日语,A402,闽南师范大学,2,161606
2023,1,13,商务英语,A402,闽南师范大学,5,196839
2023,1,18,数学与应用数学(师范类),A402,闽南师范大学,2,98613
2023,1,25,电气工程及其自动化,A402,闽南师范大学,2,107336
2023,1,35,环境科学与工程,A402,闽南师范大学,6,168140
2023,1,40,计算机科学与技术,A402,闽南师范大学,4,114222
2023,1,41,软件工程,A402,闽南师范大学,4,128263
2023,1,42,网络工程,A402,闽南师范大学,3,126751
2023,1,54,心理学(师范类),A402,闽南师范大学,3,108843
2023,1,61,生物科学(师范类),A402,闽南师范大学,4,106658
2023,1,65,风景园林,A402,闽南师范大学,3,168230
2023,1,89,财务管理,A402,闽南师范大学,4,130155
2023,1,91,人力资源管理,A402,闽南师范大学,4,141285
2023,1,92,旅游管理,A402,闽南师范大学,4,169065
2023,1,32,中国语言文学类,A403,南昌大学,2,17598
2023,1,33,哲学,A403,南昌大学,3,24817
2023,1,34,新闻传播学类,A403,南昌大学,6,30668
2023,1,36,英语(英日),A403,南昌大学,3,35298
2023,1,38,日语,A403,南昌大学,3,38361
2023,1,39,德语,A403,南昌大学,3,137749
2023,1,3B,西班牙语,A403,南昌大学,2,36162
2023,1,3C,俄语,A403,南昌大学,3,45296
2023,1,3D,法学类,A403,南昌大学,3,17245
2023,1,3E,公共管理类,A403,南昌大学,4,35295
2023,1,41,管理科学与工程类,A403,南昌大学,4,32416
2023,1,43,金融学,A403,南昌大学,4,22689
2023,1,44,工商管理,A403,南昌大学,3,26259
2023,1,47,会计学(国际会计师),A403,南昌大学,3,21376
2023,1,48,工商管理(中法实验班),A403,南昌大学,2,32858
2023,1,49,旅游管理类,A403,南昌大学,4,40424
2023,1,4E,计算机类(计算机与大数据),A403,南昌大学,3,15725
2023,1,4F,物理学类,A403,南昌大学,3,22994
2023,1,50,材料类,A403,南昌大学,10,30904
2023,1,51,化学类,A403,南昌大学,2,25461
2023,1,52,化工与制药类,A403,南昌大学,5,27966
2023,1,53,生物科学类,A403,南昌大学,5,24748
2023,1,54,生态学,A403,南昌大学,5,33892
2023,1,55,水产养殖学,A403,南昌大学,5,38021
2023,1,56,食品科学与工程类,A403,南昌大学,10,31580
2023,1,57,生物工程,A403,南昌大学,3,26599
2023,1,58,环境科学与工程类,A403,南昌大学,5,32956
2023,1,59,过程装备与控制工程,A403,南昌大学,3,27231
2023,1,5B,机械设计制造及其自动化,A403,南昌大学,5,23943
2023,1,5C,车辆工程,A403,南昌大学,2,23720
2023,1,5D,材料成型及控制工程,A403,南昌大学,2,28071
2023,1,60,建筑类,A403,南昌大学,3,32818
2023,1,62,土木类,A403,南昌大学,3,32545
2023,1,64,工程力学,A403,南昌大学,3,27148
2023,1,65,电子信息类,A403,南昌大学,6,18793
2023,1,66,电气工程及其自动化,A403,南昌大学,4,17613
2023,1,67,自动化,A403,南昌大学,3,19325
2023,1,69,计算机类(软件与网络空间),A403,南昌大学,10,17983
2023,1,6A,基础医学,A403,南昌大学,3,27989
2023,1,6B,临床医学,A403,南昌大学,15,12918
2023,1,6D,麻醉学,A403,南昌大学,5,14586
2023,1,6F,眼视光医学,A403,南昌大学,6,16407
2023,1,70,口腔医学,A403,南昌大学,5,11866
2023,1,72,药学,A403,南昌大学,6,25540
2023,1,76,护理学,A403,南昌大学,5,37674
2023,1,77,智能医学工程,A403,南昌大学,3,26703
2023,1,6C,临床医学(中外合作办学)(中英双学位合作办学),A403,南昌大学,56,38925
2023,1,01,土木工程,A404,华东交通大学,11,79826
2023,1,02,建筑环境与能源应用工程,A404,华东交通大学,2,82685
2023,1,03,给排水科学与工程,A404,华东交通大学,3,73723
2023,1,04,环境工程,A404,华东交通大学,2,92033
2023,1,05,建筑学,A404,华东交通大学,6,82723
2023,1,06,智能建造,A404,华东交通大学,3,73965
2023,1,11,机械设计制造及其自动化,A404,华东交通大学,5,51473
2023,1,12,机械电子工程,A404,华东交通大学,5,62662
2023,1,13,车辆工程,A404,华东交通大学,10,64152
2023,1,14,测控技术与仪器,A404,华东交通大学,5,76265
2023,1,15,智能制造工程,A404,华东交通大学,5,64710
2023,1,21,电气工程及其自动化,A404,华东交通大学,8,40768
2023,1,22,自动化,A404,华东交通大学,4,44816
2023,1,23,轨道交通信号与控制,A404,华东交通大学,4,49936
2023,1,24,电子信息工程,A404,华东交通大学,4,46290
2023,1,25,建筑电气与智能化,A404,华东交通大学,2,61937
2023,1,31,交通运输,A404,华东交通大学,8,59817
2023,1,32,交通工程,A404,华东交通大学,5,59077
2023,1,33,铁道工程,A404,华东交通大学,5,68459
2023,1,34,测绘工程,A404,华东交通大学,4,82819
2023,1,35,物流管理,A404,华东交通大学,4,94491
2023,1,36,物流工程,A404,华东交通大学,4,97506
2023,1,41,金融学,A404,华东交通大学,2,54414
2023,1,42,国际经济与贸易,A404,华东交通大学,2,69969
2023,1,43,会计学,A404,华东交通大学,2,46109
2023,1,44,人力资源管理,A404,华东交通大学,2,59805
2023,1,45,经济统计学,A404,华东交通大学,2,84535
2023,1,51,信息与计算科学,A404,华东交通大学,4,64412
2023,1,52,光电信息科学与工程,A404,华东交通大学,4,54970
2023,1,61,英语,A404,华东交通大学,2,77485
2023,1,62,翻译,A404,华东交通大学,3,87927
2023,1,81,法学,A404,华东交通大学,3,43914
2023,1,82,公共事业管理,A404,华东交通大学,3,90981
2023,1,83,汉语言文学,A404,华东交通大学,2,48497
2023,1,84,知识产权,A404,华东交通大学,2,56427
2023,1,91,通信工程,A404,华东交通大学,5,46322
2023,1,92,人工智能,A404,华东交通大学,5,49386
2023,1,93,计算机科学与技术,A404,华东交通大学,4,42330
2023,1,94,物联网工程,A404,华东交通大学,2,45829
2023,1,A1,数据科学与大数据技术,A404,华东交通大学,3,46940
2023,1,B1,会计学(国际会计),A404,华东交通大学,3,53762
2023,1,B2,会计学(ACCA),A404,华东交通大学,3,51909
2023,1,B3,会计学(CMA),A404,华东交通大学,2,52618
2023,1,B4,会计学(CIMA),A404,华东交通大学,2,53190
2023,1,C1,材料成型及控制工程,A404,华东交通大学,7,87529
2023,1,C2,高分子材料与工程,A404,华东交通大学,7,102811
2023,1,F1,虚拟现实技术,A404,华东交通大学,2,50880
2023,1,07,工程管理(中外合作办学),A404,华东交通大学,4,112811
2023,1,05,地质类,A405,东华理工大学,8,138748
2023,1,06,地球化学(拔尖学生培养基地),A405,东华理工大学,4,123811
2023,1,07,地球信息科学与技术,A405,东华理工大学,8,127295
2023,1,08,城乡规划,A405,东华理工大学,6,139633
2023,1,09,自然地理与资源环境(旅游地学方向),A405,东华理工大学,8,141754
2023,1,0A,资源勘查工程(中外高水平大学学生交流计划),A405,东华理工大学,4,228114
2023,1,0B,勘查技术与工程,A405,东华理工大学,8,141720
2023,1,0C,地球物理学(拔尖学生培养基地),A405,东华理工大学,4,124224
2023,1,0D,防灾减灾科学与工程,A405,东华理工大学,8,191694
2023,1,0E,测控技术与仪器,A405,东华理工大学,10,103834
2023,1,0F,水文与水资源工程,A405,东华理工大学,8,115609
2023,1,0G,环境工程,A405,东华理工大学,8,160254
2023,1,0H,给排水科学与工程,A405,东华理工大学,8,148928
2023,1,0J,地下水科学与工程,A405,东华理工大学,6,141445
2023,1,0K,测绘类,A405,东华理工大学,15,129159
2023,1,0L,土地资源管理,A405,东华理工大学,8,121065
2023,1,0M,应用化学,A405,东华理工大学,10,121667
2023,1,0N,材料科学与工程,A405,东华理工大学,10,140553
2023,1,0Q,化学工程与工艺(中外高水平大学学生交流计划),A405,东华理工大学,4,199440
2023,1,0R,核工程类,A405,东华理工大学,12,72252
2023,1,0S,核化工与核燃料工程,A405,东华理工大学,10,85539
2023,1,0Y,计算机科学与技术,A405,东华理工大学,7,56628
2023,1,14,软件工程(Web系统开发、大数据分析、移动软件开发),A405,东华理工大学,8,68971
2023,1,15,网络工程,A405,东华理工大学,8,92537
2023,1,16,数学与应用数学(含金融、软件设计方向),A405,东华理工大学,8,78935
2023,1,18,物理学,A405,东华理工大学,8,101773
2023,1,19,土木类,A405,东华理工大学,15,147087
2023,1,1A,工程管理,A405,东华理工大学,10,247621
2023,1,1E,汉语言文学(对外文化交流方向),A405,东华理工大学,5,86572
2023,1,1G,法学,A405,东华理工大学,5,72280
2023,1,1H,广告学,A405,东华理工大学,6,111678
2023,1,1J,英语(外贸方向),A405,东华理工大学,6,275545
2023,1,1N,生物技术,A405,东华理工大学,6,118153
2023,1,0X,机械工程(中外合作办学),A405,东华理工大学,6,140394
2023,1,13,软件工程(中外合作办学),A405,东华理工大学,5,109913
2023,1,11,金属材料工程,A406,南昌航空大学,8,105529
2023,1,12,复合材料与工程,A406,南昌航空大学,2,77574
2023,1,13,高分子材料与工程,A406,南昌航空大学,4,65350
2023,1,14,新能源科学与工程,A406,南昌航空大学,3,54197
2023,1,21,应用化学,A406,南昌航空大学,4,75675
2023,1,22,材料化学,A406,南昌航空大学,4,71319
2023,1,23,给排水科学与工程,A406,南昌航空大学,2,76323
2023,1,24,环境工程,A406,南昌航空大学,4,110254
2023,1,31,机械设计制造及其自动化,A406,南昌航空大学,4,47048
2023,1,32,飞行器制造工程,A406,南昌航空大学,3,40934
2023,1,33,材料成型及控制工程,A406,南昌航空大学,4,77673
2023,1,34,焊接技术与工程,A406,南昌航空大学,3,80162
2023,1,37,增材制造工程,A406,南昌航空大学,3,107220
2023,1,41,通信工程,A406,南昌航空大学,2,40875
2023,1,43,电子信息工程,A406,南昌航空大学,6,44362
2023,1,44,自动化,A406,南昌航空大学,2,46337
2023,1,45,计算机科学与技术,A406,南昌航空大学,2,33532
2023,1,53,英语,A406,南昌航空大学,6,133474
2023,1,61,飞行器动力工程,A406,南昌航空大学,6,45680
2023,1,62,飞行器设计与工程,A406,南昌航空大学,2,39171
2023,1,7A,数学与应用数学,A406,南昌航空大学,2,52570
2023,1,81,测控技术与仪器,A406,南昌航空大学,4,50589
2023,1,82,电子科学与技术,A406,南昌航空大学,2,37972
2023,1,91,电子商务,A406,南昌航空大学,2,67419
2023,1,95,工业工程,A406,南昌航空大学,2,65460
2023,1,97,经济学,A406,南昌航空大学,2,62024
2023,1,A1,土木工程,A406,南昌航空大学,2,116968
2023,1,A3,工程管理,A406,南昌航空大学,2,75642
2023,1,A5,智慧建筑与建造,A406,南昌航空大学,2,153945
2023,1,B5,新闻学,A406,南昌航空大学,2,58206
2023,1,C1,飞行器制造工程(航空维修工程与技术),A406,南昌航空大学,4,51592
2023,1,A0,矿业类,A407,江西理工大学,3,138587
2023,1,A1,环境工程,A407,江西理工大学,2,179707
2023,1,A2,地质工程,A407,江西理工大学,3,140089
2023,1,A3,生物工程,A407,江西理工大学,2,117562
2023,1,B0,土木类,A407,江西理工大学,3,132360
2023,1,B1,测绘工程,A407,江西理工大学,3,110286
2023,1,B2,地理信息科学,A407,江西理工大学,2,83060
2023,1,B3,给排水科学与工程,A407,江西理工大学,2,138548
2023,1,D0,冶金工程,A407,江西理工大学,2,126642
2023,1,D1,化学工程与工艺,A407,江西理工大学,2,118576
2023,1,D3,新能源科学与工程,A407,江西理工大学,2,81962
2023,1,D5,材料科学与工程,A407,江西理工大学,3,126053
2023,1,E0,机械工程,A407,江西理工大学,2,91513
2023,1,E1,车辆工程,A407,江西理工大学,2,89443
2023,1,E3,机械电子工程,A407,江西理工大学,2,80547
2023,1,F0,电气工程及其自动化,A407,江西理工大学,2,60252
2023,1,F1,自动化,A407,江西理工大学,2,64570
2023,1,F2,电子科学与技术,A407,江西理工大学,2,75198
2023,1,G0,计算机类,A407,江西理工大学,2,49753
2023,1,G1,电子信息类,A407,江西理工大学,2,61935
2023,1,H0,工程造价,A407,江西理工大学,2,106169
2023,1,H1,会计学,A407,江西理工大学,2,74428
2023,1,H2,工商管理,A407,江西理工大学,2,104671
2023,1,H3,金融学,A407,江西理工大学,2,71979
2023,1,J0,法学,A407,江西理工大学,2,64677
2023,1,K0,英语,A407,江西理工大学,2,104562
2023,1,K1,日语,A407,江西理工大学,4,288667
2023,1,K2,汉语国际教育,A407,江西理工大学,2,95979
2023,1,L0,信息与计算科学,A407,江西理工大学,2,82177
2023,1,L1,电子信息科学与技术,A407,江西理工大学,2,69648
2023,1,N0,应急管理,A407,江西理工大学,2,144016
2023,1,N1,行政管理,A407,江西理工大学,3,105034
2023,1,N2,安全工程,A407,江西理工大学,2,116808
2023,1,P0,工程管理,A407,江西理工大学,2,134325
2023,1,P1,虚拟现实技术,A407,江西理工大学,2,78203
2023,1,P2,软件工程(软件开发方向),A407,江西理工大学,2,59477
2023,1,P4,软件工程(土木方向),A407,江西理工大学,2,88334
2023,1,Q0,财务管理,A407,江西理工大学,2,73544
2023,1,Q1,人力资源管理,A407,江西理工大学,3,113821
2023,1,Q3,软件工程(金融方向),A407,江西理工大学,2,77483
2023,1,R1,材料成型及控制工程,A407,江西理工大学,2,119233
2023,1,R2,机器人工程,A407,江西理工大学,2,82143
2023,1,F4,电子科学与技术(中外合作办学),A407,江西理工大学,2,124912
2023,1,01,材料物理,A408,景德镇陶瓷大学,1,171871
2023,1,02,材料化学,A408,景德镇陶瓷大学,3,158331
2023,1,03,无机非金属材料工程,A408,景德镇陶瓷大学,3,162291
2023,1,04,粉体材料科学与工程,A408,景德镇陶瓷大学,1,168097
2023,1,05,新能源材料与器件,A408,景德镇陶瓷大学,2,166109
2023,1,06,能源与动力工程,A408,景德镇陶瓷大学,1,126915
2023,1,21,机械设计制造及其自动化,A408,景德镇陶瓷大学,2,120872
2023,1,22,材料成型及控制工程,A408,景德镇陶瓷大学,2,148905
2023,1,25,电子科学与技术,A408,景德镇陶瓷大学,2,126781
2023,1,27,自动化,A408,景德镇陶瓷大学,1,124415
2023,1,28,智能制造工程,A408,景德镇陶瓷大学,1,147873
2023,1,30,国际经济与贸易,A408,景德镇陶瓷大学,1,140176
2023,1,31,工商管理,A408,景德镇陶瓷大学,1,138512
2023,1,34,财务管理,A408,景德镇陶瓷大学,1,114692
2023,1,35,文化产业管理,A408,景德镇陶瓷大学,1,90839
2023,1,38,信息与计算科学,A408,景德镇陶瓷大学,1,136324
2023,1,40,计算机科学与技术,A408,景德镇陶瓷大学,1,102853
2023,1,43,人工智能,A408,景德镇陶瓷大学,1,127448
2023,1,44,英语,A408,景德镇陶瓷大学,1,112276
2023,1,47,法学,A408,景德镇陶瓷大学,1,96199
2023,1,48,知识产权,A408,景德镇陶瓷大学,1,114915
2023,1,56,文物与博物馆学,A408,景德镇陶瓷大学,1,90373
2023,1,57,文物保护技术,A408,景德镇陶瓷大学,1,78888
2023,1,58,文化遗产,A408,景德镇陶瓷大学,1,101102
2023,1,60,考古学,A408,景德镇陶瓷大学,1,75807
2023,1,66,会计学,A408,景德镇陶瓷大学,1,116799
2023,1,67,艺术教育,A408,景德镇陶瓷大学,1,156767
2023,1,A2,园艺,A410,江西农业大学,4,139679
2023,1,A3,植物保护,A410,江西农业大学,4,136758
2023,1,A4,动植物检疫,A410,江西农业大学,4,147343
2023,1,A5,种子科学与工程,A410,江西农业大学,2,122416
2023,1,A6,茶学,A410,江西农业大学,4,152934
2023,1,B2,林产化工,A410,江西农业大学,2,164974
2023,1,B4,园林,A410,江西农业大学,2,121448
2023,1,B5,风景园林,A410,江西农业大学,2,129806
2023,1,C2,动物药学,A410,江西农业大学,2,129033
2023,1,C4,水产养殖学,A410,江西农业大学,4,166948
2023,1,D2,机械设计制造及其自动化,A410,江西农业大学,3,116760
2023,1,D4,农业机械化及其自动化,A410,江西农业大学,2,121089
2023,1,D5,土木工程,A410,江西农业大学,2,140411
2023,1,E4,金融学,A410,江西农业大学,2,96484
2023,1,E5,经济学,A410,江西农业大学,2,103787
2023,1,E7,会计学(中外高水平大学学生交流计划),A410,江西农业大学,2,115558
2023,1,F1,环境科学与工程,A410,江西农业大学,5,150548
2023,1,F3,地理信息科学,A410,江西农业大学,5,123159
2023,1,F7,农业水利工程,A410,江西农业大学,6,162609
2023,1,F9,土地资源管理(土地整治方向),A410,江西农业大学,5,134804
2023,1,G1,电子商务,A410,江西农业大学,2,147438
2023,1,G3,数据科学与大数据技术,A410,江西农业大学,2,86838
2023,1,H5,软件工程(英语方向),A410,江西农业大学,2,107426
2023,1,H8,软件工程(金融方向),A410,江西农业大学,3,112787
2023,1,J1,应用化学,A410,江西农业大学,6,154730
2023,1,J2,材料化学,A410,江西农业大学,2,155031
2023,1,K1,教育技术学,A410,江西农业大学,2,144717
2023,1,L1,食品质量与安全,A410,江西农业大学,4,139002
2023,1,L2,食品科学与工程,A410,江西农业大学,2,134637
2023,1,M2,制药工程,A410,江西农业大学,6,141787
2023,1,M4,生物技术(食用菌),A410,江西农业大学,6,165475
2023,1,N1,日语,A410,江西农业大学,2,138606
2023,1,N2,英语,A410,江西农业大学,2,136854
2023,1,01,中医学,A412,江西中医药大学,10,59723
2023,1,04,中医养生学,A412,江西中医药大学,2,93491
2023,1,07,中西医临床医学,A412,江西中医药大学,4,75715
2023,1,08,中医骨伤科学,A412,江西中医药大学,7,89220
2023,1,0B,针灸推拿学,A412,江西中医药大学,5,80822
2023,1,0E,护理学,A412,江西中医药大学,9,130810
2023,1,0F,药学,A412,江西中医药大学,5,94174
2023,1,0G,中药学,A412,江西中医药大学,5,105386
2023,1,0H,药物制剂,A412,江西中医药大学,2,134575
2023,1,0J,中药资源与开发,A412,江西中医药大学,1,162654
2023,1,0K,食品质量与安全,A412,江西中医药大学,1,148818
2023,1,0L,中药制药,A412,江西中医药大学,6,145134
2023,1,0N,生物医学工程,A412,江西中医药大学,2,121488
2023,1,0P,计算机科学与技术,A412,江西中医药大学,2,100784
2023,1,0Q,医学信息工程,A412,江西中医药大学,1,111990
2023,1,0R,医学影像技术,A412,江西中医药大学,2,88591
2023,1,0T,应用心理学,A412,江西中医药大学,3,101469
2023,1,0V,保险学,A412,江西中医药大学,2,152529
2023,1,0W,公共事业管理,A412,江西中医药大学,1,129689
2023,1,0X,健康服务与管理,A412,江西中医药大学,4,159196
2023,1,0Y,市场营销,A412,江西中医药大学,1,157210
2023,1,00,临床医学,A413,赣南医学院,2,67747
2023,1,0A,预防医学,A413,赣南医学院,2,129050
2023,1,0B,法医学,A413,赣南医学院,2,92304
2023,1,0K,制药工程,A413,赣南医学院,2,134793
2023,1,16,生物信息学,A413,赣南医学院,2,187620
2023,1,3A,金融学,A414,江西师范大学,2,61120
2023,1,3B,经济学,A414,江西师范大学,4,66980
2023,1,3F,建筑学,A414,江西师范大学,2,76105
2023,1,3G,地理科学类,A414,江西师范大学,5,58415
2023,1,3T,国际经济与贸易(数字贸易),A414,江西师范大学,9,180432
2023,1,3U,生物工程,A414,江西师范大学,11,73244
2023,1,3X,会计学,A414,江西师范大学,1,50243
2023,1,4H,思想政治教育(师范类),A414,江西师范大学,8,41547
2023,1,5F,化学类,A414,江西师范大学,12,61140
2023,1,5G,计算机科学与技术,A414,江西师范大学,12,56050
2023,1,5J,人工智能,A414,江西师范大学,3,62017
2023,1,5K,数据科学与大数据技术,A414,江西师范大学,4,58274
2023,1,5S,小学教育(师范类),A414,江西师范大学,5,63576
2023,1,5W,历史学类,A414,江西师范大学,12,52898
2023,1,6N,生物科学(师范类),A414,江西师范大学,17,60330
2023,1,6R,数学与应用数学(师范类),A414,江西师范大学,7,51310
2023,1,6S,统计学,A414,江西师范大学,1,58514
2023,1,6W,英语(师范类),A414,江西师范大学,8,50155
2023,1,6Y,汉语言文学(师范类),A414,江西师范大学,20,42082
2023,1,7B,物理学(师范类),A414,江西师范大学,9,62326
2023,1,7C,心理学类,A414,江西师范大学,5,62455
2023,1,7E,新闻传播学类,A414,江西师范大学,14,73975
2023,1,7F,法学,A414,江西师范大学,11,42380
2023,1,7G,行政管理(数字治理),A414,江西师范大学,2,81442
2023,1,JZ,大数据管理与应用,A414,江西师范大学,1,61646
2023,1,KG,计算机科学与技术(师范类),A414,江西师范大学,1,54614
2023,1,KL,汉语国际教育(师范类),A414,江西师范大学,8,74629
2023,1,C1,数据科学与大数据技术,A416,上饶师范学院,2,164748
2023,1,C2,电子信息科学与技术,A416,上饶师范学院,2,187159
2023,1,D1,教育技术学(师范类),A416,上饶师范学院,2,194479
2023,1,D2,物理学(师范类),A416,上饶师范学院,2,184771
2023,1,E1,英语(师范类),A416,上饶师范学院,2,154932
2023,1,F1,法学,A416,上饶师范学院,2,119734
2023,1,F3,国际经济与贸易,A416,上饶师范学院,2,186575
2023,1,F4,工商管理,A416,上饶师范学院,2,184581
2023,1,H1,化学(师范类),A416,上饶师范学院,2,164013
2023,1,M1,思想政治教育(师范类),A416,上饶师范学院,2,129618
2023,1,S1,数学与应用数学(师范类),A416,上饶师范学院,2,160033
2023,1,W2,新闻学,A416,上饶师范学院,2,159876
2023,1,A5,地理科学(师范类),A417,宜春学院,2,157195
2023,1,J2,机械设计制造及其自动化,A417,宜春学院,1,174317
2023,1,J3,材料物理,A417,宜春学院,2,203038
2023,1,J7,土木工程,A417,宜春学院,2,210790
2023,1,K5,生物工程,A417,宜春学院,2,180079
2023,1,L3,农学,A417,宜春学院,2,179000
2023,1,M1,临床医学,A417,宜春学院,2,94385
2023,1,M4,护理学,A417,宜春学院,2,160802
2023,1,01,历史学(师范类),A418,赣南师范大学,4,84927
2023,1,02,汉语言文学(师范类),A418,赣南师范大学,4,68640
2023,1,03,汉语国际教育(师范类),A418,赣南师范大学,2,92881
2023,1,04,思想政治教育(师范类),A418,赣南师范大学,4,84652
2023,1,11,社会学,A418,赣南师范大学,2,114556
2023,1,15,旅游管理,A418,赣南师范大学,2,171176
2023,1,19,日语,A418,赣南师范大学,2,187740
2023,1,23,商务英语,A418,赣南师范大学,2,179156
2023,1,25,国际经济与贸易,A418,赣南师范大学,2,143214
2023,1,27,市场营销,A418,赣南师范大学,2,167365
2023,1,29,会计学,A418,赣南师范大学,2,111976
2023,1,31,金融学,A418,赣南师范大学,2,123474
2023,1,33,人力资源管理,A418,赣南师范大学,2,144187
2023,1,39,小学教育(师范类),A418,赣南师范大学,2,97444
2023,1,41,应用心理学(师范类),A418,赣南师范大学,2,119792
2023,1,43,法学,A418,赣南师范大学,2,78083
2023,1,47,人文地理与城乡规划,A418,赣南师范大学,2,136037
2023,1,49,新闻学,A418,赣南师范大学,2,116016
2023,1,61,数学与应用数学(师范类),A418,赣南师范大学,2,108900
2023,1,64,数据科学与大数据技术,A418,赣南师范大学,3,107902
2023,1,65,物理学(师范类),A418,赣南师范大学,3,119022
2023,1,66,电子信息工程,A418,赣南师范大学,3,114371
2023,1,67,电子科学与技术,A418,赣南师范大学,2,117833
2023,1,69,化学(师范类),A418,赣南师范大学,4,115614
2023,1,70,应用化学,A418,赣南师范大学,1,124397
2023,1,72,地理信息科学,A418,赣南师范大学,1,109803
2023,1,73,环境科学,A418,赣南师范大学,2,161293
2023,1,74,教育技术学(师范类),A418,赣南师范大学,3,150905
2023,1,75,生物科学(师范类),A418,赣南师范大学,3,99794
2023,1,76,园艺,A418,赣南师范大学,2,166596
2023,1,15,临床医学,A419,井冈山大学,6,81977
2023,1,20,小学教育(师范类),A419,井冈山大学,4,133975
2023,1,23,计算机科学与技术,A419,井冈山大学,6,124624
2023,1,25,环境工程,A419,井冈山大学,5,170706
2023,1,26,生物科学(师范类),A419,井冈山大学,4,127776
2023,1,29,化学(师范类),A419,井冈山大学,2,123390
2023,1,31,建筑学,A419,井冈山大学,4,147227
2023,1,32,土木工程,A419,井冈山大学,4,171869
2023,1,35,机械设计制造及其自动化,A419,井冈山大学,4,143508
2023,1,36,物理学(师范类),A419,井冈山大学,4,142524
2023,1,37,数学与应用数学(师范类),A419,井冈山大学,4,132613
2023,1,39,会计学,A419,井冈山大学,4,122319
2023,1,41,西班牙语,A419,井冈山大学,2,173361
2023,1,42,日语,A419,井冈山大学,2,162114
2023,1,43,德语,A419,井冈山大学,2,152822
2023,1,44,英语(师范类),A419,井冈山大学,4,123295
2023,1,46,新闻学,A419,井冈山大学,2,125559
2023,1,47,汉语国际教育,A419,井冈山大学,2,125835
2023,1,48,汉语言文学(师范类),A419,井冈山大学,7,99089
2023,1,51,行政管理,A419,井冈山大学,4,154717
2023,1,52,社会工作,A419,井冈山大学,4,156634
2023,1,11,会计学(国际会计),A421,江西财经大学,2,28477
2023,1,12,金融学(国际投资与金融),A421,江西财经大学,4,38686
2023,1,13,金融学(CFA方向),A421,江西财经大学,8,33424
2023,1,14,国际经济与贸易(CITF方向),A421,江西财经大学,2,38736
2023,1,15,工商管理(智能商务),A421,江西财经大学,2,41206
2023,1,16,人力资源管理(数智人力),A421,江西财经大学,2,53205
2023,1,17,市场营销(数字营销),A421,江西财经大学,2,74290
2023,1,18,物流管理(智慧供应链),A421,江西财经大学,4,64477
2023,1,19,市场营销(国际营销),A421,江西财经大学,4,91318
2023,1,20,旅游管理(数字文旅),A421,江西财经大学,3,83809
2023,1,21,财政学,A421,江西财经大学,3,28330
2023,1,22,财政学(智慧财税),A421,江西财经大学,5,33259
2023,1,23,税收学(数字税收),A421,江西财经大学,5,31020
2023,1,24,劳动与社会保障(康养金融),A421,江西财经大学,2,58078
2023,1,25,行政管理(数字政务),A421,江西财经大学,2,63283
2023,1,26,土地资源管理(评估与规划),A421,江西财经大学,2,63592
2023,1,27,会计学,A421,江西财经大学,3,27078
2023,1,28,财务管理,A421,江西财经大学,2,28458
2023,1,29,会计学(注册会计师),A421,江西财经大学,3,24926
2023,1,31,会计学(CIMA方向),A421,江西财经大学,3,27881
2023,1,32,会计学(ACCA方向),A421,江西财经大学,4,25857
2023,1,33,国际经济与贸易(数字贸易),A421,江西财经大学,4,40260
2023,1,34,国际商务(IPMP方向),A421,江西财经大学,3,49755
2023,1,36,电子商务(商务大数据分析),A421,江西财经大学,3,66405
2023,1,37,经济学(数理经济),A421,江西财经大学,3,35746
2023,1,39,国民经济管理(数字化治理和投资管理),A421,江西财经大学,2,48331
2023,1,40,金融学,A421,江西财经大学,3,33738
2023,1,41,保险学(精算方向),A421,江西财经大学,2,36801
2023,1,42,金融工程,A421,江西财经大学,2,34744
2023,1,44,金融学(FRM方向),A421,江西财经大学,4,39007
2023,1,45,经济统计学,A421,江西财经大学,3,31561
2023,1,47,应用统计学,A421,江西财经大学,3,28101
2023,1,48,计算机科学与技术,A421,江西财经大学,3,31675
2023,1,49,数据科学与大数据技术,A421,江西财经大学,3,36277
2023,1,50,信息与计算科学,A421,江西财经大学,4,40055
2023,1,51,信息管理与信息系统(金融智能),A421,江西财经大学,4,47316
2023,1,52,网络空间安全,A421,江西财经大学,5,42003
2023,1,53,工程管理(数字基建管理),A421,江西财经大学,4,88196
2023,1,54,房地产开发与管理(投资与评估),A421,江西财经大学,1,79714
2023,1,55,法学,A421,江西财经大学,2,23242
2023,1,56,法学(法务会计),A421,江西财经大学,2,27333
2023,1,57,法学(数据法学),A421,江西财经大学,2,27410
2023,1,58,法学(涉外法治),A421,江西财经大学,4,27722
2023,1,59,物联网工程,A421,江西财经大学,5,43580
2023,1,62,商务英语,A421,江西财经大学,3,50473
2023,1,63,日语(商务方向),A421,江西财经大学,1,50645
2023,1,64,社会工作,A421,江西财经大学,5,73048
2023,1,65,新闻学(经济新闻),A421,江西财经大学,1,42463
2023,1,66,汉语国际教育(商务方向),A421,江西财经大学,3,97357
2023,1,67,虚拟现实技术,A421,江西财经大学,4,45208
2023,1,69,数字经济,A421,江西财经大学,2,32980
2023,1,70,数字经济(中外合作办学),A421,江西财经大学,3,62431
2023,1,01,哲学类,A422,山东大学,12,13594
2023,1,03,经济学类,A422,山东大学,80,8916
2023,1,10,数学类,A422,山东大学,70,4395
2023,1,19,智能医学工程,A422,山东大学,20,9173
2023,1,23,建筑学(五年制),A422,山东大学,12,14059
2023,1,26,临床医学(5+3一体化),A422,山东大学,90,3720
2023,1,28,口腔医学(5+3一体化),A422,山东大学,30,3475
2023,1,29,口腔医学(五年制),A422,山东大学,20,4930
2023,1,41,生物医学科学,A422,山东大学,8,7848
2023,1,43,生物医药数据科学,A422,山东大学,4,7502
2023,1,44,临床医学(本博连读，齐鲁医学堂),A422,山东大学,30,1616
2023,1,46,临床医学(5+3一体化，儿科方向),A422,山东大学,10,4794
2023,1,X5,社会学类,A422,山东大学,15,13609
2023,1,X8,政治学类,A422,山东大学,20,10030
2023,1,XA,公共管理类,A422,山东大学,15,14554
2023,1,XC,法学类,A422,山东大学,50,6262
2023,1,XF,中国语言文学类,A422,山东大学,50,7668
2023,1,XH,外国语言文学类,A422,山东大学,50,16249
2023,1,XK,历史学类,A422,山东大学,35,13603
2023,1,XM,物理学类,A422,山东大学,80,8522
2023,1,XP,化学类,A422,山东大学,50,11440
2023,1,XR,电子信息类(通信电子与光电方向),A422,山东大学,135,7093
2023,1,XU,计算机类(计算机与智能方向),A422,山东大学,120,5134
2023,1,XX,生物科学类,A422,山东大学,50,9868
2023,1,XZ,材料类,A422,山东大学,30,11762
2023,1,Y2,机械类,A422,山东大学,60,9695
2023,1,Y5,自动化类,A422,山东大学,90,7641
2023,1,Y8,能源动力类,A422,山东大学,60,10131
2023,1,YB,电气工程及其自动化,A422,山东大学,100,5828
2023,1,YD,土木类,A422,山东大学,15,12880
2023,1,YG,环境科学与工程类,A422,山东大学,20,12639
2023,1,YK,预防医学(五年制),A422,山东大学,30,11549
2023,1,YM,临床医学(五年制),A422,山东大学,50,4994
2023,1,YQ,药学类,A422,山东大学,28,10373
2023,1,YT,工商管理类,A422,山东大学,70,12108
2023,1,YW,管理科学与工程类,A422,山东大学,15,12308
2023,1,YY,计算机类(软件数媒与大数据方向),A422,山东大学,160,6840
2023,1,Z0,电子信息类(微电子与电路集成方向),A422,山东大学,70,7428
2023,1,Z2,新闻传播学类,A422,山东大学,30,14321
2023,1,Z5,网络空间安全,A422,山东大学,75,7509
2023,1,Z7,智能建造与智慧交通,A422,山东大学,35,11219
2023,1,04,光电信息科学与工程,A423,中国海洋大学,14,12327
2023,1,06,海洋技术,A423,中国海洋大学,24,14238
2023,1,07,物理学,A423,中国海洋大学,16,13642
2023,1,11,材料类,A423,中国海洋大学,26,18104
2023,1,12,生物科学类,A423,中国海洋大学,28,14473
2023,1,14,海洋渔业科学与技术,A423,中国海洋大学,7,16912
2023,1,15,海洋资源与环境,A423,中国海洋大学,10,13298
2023,1,17,食品科学与工程类,A423,中国海洋大学,16,16996
2023,1,19,海洋资源开发技术,A423,中国海洋大学,6,14859
2023,1,20,药学,A423,中国海洋大学,28,15295
2023,1,21,地球信息科学与技术,A423,中国海洋大学,13,17201
2023,1,22,地质学,A423,中国海洋大学,14,19113
2023,1,23,勘查技术与工程,A423,中国海洋大学,10,18308
2023,1,24,环境工程,A423,中国海洋大学,14,17322
2023,1,25,环境科学,A423,中国海洋大学,14,18496
2023,1,29,工业设计,A423,中国海洋大学,6,14693
2023,1,30,机械设计制造及其自动化,A423,中国海洋大学,18,13405
2023,1,31,自动化,A423,中国海洋大学,21,12155
2023,1,38,法学,A423,中国海洋大学,16,9651
2023,1,40,行政管理,A423,中国海洋大学,6,18041
2023,1,44,电子商务,A423,中国海洋大学,11,20722
2023,1,45,工商管理,A423,中国海洋大学,16,17698
2023,1,48,市场营销,A423,中国海洋大学,8,20023
2023,1,49,国际经济与贸易,A423,中国海洋大学,18,20331
2023,1,51,经济学,A423,中国海洋大学,11,14205
2023,1,52,物流管理,A423,中国海洋大学,7,22272
2023,1,90,工程管理,A423,中国海洋大学,7,20661
2023,1,92,朝鲜语,A423,中国海洋大学,5,24134
2023,1,94,法语,A423,中国海洋大学,9,22429
2023,1,96,英语,A423,中国海洋大学,15,17833
2023,1,97,海洋科学,A423,中国海洋大学,23,12243
2023,1,99,大气科学,A423,中国海洋大学,21,15273
2023,1,9B,电子信息类,A423,中国海洋大学,43,11689
2023,1,9D,计算机类,A423,中国海洋大学,33,10500
2023,1,9F,化学,A423,中国海洋大学,18,16389
2023,1,9H,化学工程与工艺,A423,中国海洋大学,14,17562
2023,1,9K,水产养殖学,A423,中国海洋大学,7,17285
2023,1,9N,船舶与海洋工程,A423,中国海洋大学,14,15334
2023,1,9Q,港口航道与海岸工程,A423,中国海洋大学,14,16254
2023,1,9S,轮机工程,A423,中国海洋大学,6,18039
2023,1,9U,数学类,A423,中国海洋大学,24,12971
2023,1,9W,汉语言文学,A423,中国海洋大学,16,13252
2023,1,9Y,新闻传播学类,A423,中国海洋大学,15,17881
2023,1,A0,政治学与行政学,A423,中国海洋大学,7,15300
2023,1,A2,公共事业管理,A423,中国海洋大学,7,19293
2023,1,A4,财务管理,A423,中国海洋大学,9,13257
2023,1,A6,会计学,A423,中国海洋大学,17,12383
2023,1,A8,旅游管理,A423,中国海洋大学,2,17820
2023,1,AA,金融学,A423,中国海洋大学,12,14650
2023,1,AC,土木工程,A423,中国海洋大学,10,18785
2023,1,AE,德语,A423,中国海洋大学,3,21753
2023,1,AG,日语,A423,中国海洋大学,3,20637
2023,1,02,海洋科学(中外合作办学),A423,中国海洋大学,45,33035
2023,1,08,计算机科学与技术(中外合作办学),A423,中国海洋大学,42,28083
2023,1,39,法学(中外合作办学),A423,中国海洋大学,62,22339
2023,1,55,数学与应用数学(中外合作办学),A423,中国海洋大学,48,30754
2023,1,56,生物技术(中外合作办学),A423,中国海洋大学,38,32475
2023,1,57,食品科学与工程(中外合作办学),A423,中国海洋大学,38,36645
2023,1,01,金融学,A424,山东科技大学,37,66056
2023,1,02,国际经济与贸易,A424,山东科技大学,57,87996
2023,1,03,法学,A424,山东科技大学,140,48612
2023,1,04,汉语言文学,A424,山东科技大学,28,44964
2023,1,05,英语(外语语种须为英语),A424,山东科技大学,125,78754
2023,1,08,数学与应用数学,A424,山东科技大学,47,51095
2023,1,09,数学与应用数学(吴方班),A424,山东科技大学,30,42751
2023,1,10,应用物理学,A424,山东科技大学,29,58515
2023,1,11,应用化学,A424,山东科技大学,46,68999
2023,1,12,地理信息科学,A424,山东科技大学,78,63820
2023,1,14,统计学,A424,山东科技大学,62,57686
2023,1,15,工程力学,A424,山东科技大学,42,71081
2023,1,16,机械设计制造及其自动化,A424,山东科技大学,138,53595
2023,1,17,机械电子工程,A424,山东科技大学,138,57791
2023,1,18,智能制造工程,A424,山东科技大学,46,52112
2023,1,20,高分子材料与工程,A424,山东科技大学,80,76028
2023,1,21,新能源材料与器件,A424,山东科技大学,43,61138
2023,1,22,能源与动力工程,A424,山东科技大学,39,54699
2023,1,23,储能科学与工程,A424,山东科技大学,38,59224
2023,1,24,电气工程及其自动化,A424,山东科技大学,98,33925
2023,1,25,电子信息工程,A424,山东科技大学,100,41677
2023,1,26,通信工程,A424,山东科技大学,60,45054
2023,1,27,集成电路设计与集成系统,A424,山东科技大学,48,47206
2023,1,28,自动化,A424,山东科技大学,106,43319
2023,1,29,机器人工程,A424,山东科技大学,40,47837
2023,1,30,计算机科学与技术,A424,山东科技大学,69,28438
2023,1,31,计算机科学与技术(图灵班),A424,山东科技大学,30,25125
2023,1,32,软件工程,A424,山东科技大学,65,32700
2023,1,33,信息安全,A424,山东科技大学,48,38635
2023,1,34,物联网工程,A424,山东科技大学,52,43688
2023,1,35,智能科学与技术,A424,山东科技大学,38,44869
2023,1,37,土木工程,A424,山东科技大学,76,95134
2023,1,42,遥感科学与技术,A424,山东科技大学,65,60271
2023,1,43,化学工程与工艺,A424,山东科技大学,78,78783
2023,1,46,采矿工程(宋振骐班),A424,山东科技大学,30,93563
2023,1,50,智慧交通,A424,山东科技大学,48,72236
2023,1,51,船舶与海洋工程,A424,山东科技大学,21,73584
2023,1,53,建筑学,A424,山东科技大学,66,86433
2023,1,55,职业卫生工程,A424,山东科技大学,43,170376
2023,1,56,生物工程,A424,山东科技大学,50,66926
2023,1,58,大数据管理与应用,A424,山东科技大学,48,51776
2023,1,59,工商管理,A424,山东科技大学,72,70694
2023,1,60,会计学,A424,山东科技大学,54,52516
2023,1,63,工业工程,A424,山东科技大学,40,67304
2023,1,T1,金融科技(就读地点泰安),A424,山东科技大学,118,147048
2023,1,T2,应急装备技术与工程(就读地点泰安),A424,山东科技大学,120,152459
2023,1,T4,信息工程(就读地点泰安),A424,山东科技大学,118,107918
2023,1,T6,工程管理(就读地点泰安),A424,山东科技大学,98,149472
2023,1,T8,防灾减灾科学与工程(就读地点泰安),A424,山东科技大学,90,156325
2023,1,T9,审计学(就读地点泰安),A424,山东科技大学,118,95685
2023,1,TA,日语(外语语种须为英语),A424,山东科技大学,22,105520
2023,1,TE,海洋技术,A424,山东科技大学,16,78258
2023,1,TH,金属材料工程,A424,山东科技大学,33,84748
2023,1,TL,建筑环境与能源应用工程,A424,山东科技大学,25,93274
2023,1,TN,城市地下空间工程,A424,山东科技大学,23,96173
2023,1,TQ,水文与水资源工程,A424,山东科技大学,37,80918
2023,1,TS,测绘工程,A424,山东科技大学,67,67001
2023,1,TU,地质工程,A424,山东科技大学,39,79321
2023,1,TX,资源勘查工程,A424,山东科技大学,59,97504
2023,1,TZ,智能采矿工程,A424,山东科技大学,4,86894
2023,1,U1,交通运输,A424,山东科技大学,43,70193
2023,1,U4,环境工程,A424,山东科技大学,70,98757
2023,1,U6,安全工程,A424,山东科技大学,52,74722
2023,1,U8,生物制药,A424,山东科技大学,33,77058
2023,1,UA,电气工程与智能控制(就读地点泰安),A424,山东科技大学,125,100947
2023,1,UC,网络工程(就读地点泰安),A424,山东科技大学,135,98914
2023,1,UE,国际商务(就读地点泰安),A424,山东科技大学,108,141036
2023,1,J1,金融学(中外合作办学)(就读地点济南，只提供英语教学),A424,山东科技大学,100,180108
2023,1,J2,电气工程及其自动化(中外合作办学)(就读地点济南，只提供英语教学),A424,山东科技大学,85,135340
2023,1,J3,通信工程(中外合作办学)(就读地点济南，只提供英语教学),A424,山东科技大学,80,166320
2023,1,J4,机械电子工程(中外合作办学)(就读地点济南，只提供英语教学),A424,山东科技大学,70,186450
2023,1,J5,软件工程(中外合作办学)(就读地点济南，只提供英语教学),A424,山东科技大学,65,156906
2023,1,J6,自动化(中外合作办学)(就读地点济南，只提供英语教学),A424,山东科技大学,65,171830
2023,1,J7,工业设计(中外合作办学)(就读地点济南，只提供英语教学),A424,山东科技大学,55,203474
2023,1,36,数据科学与大数据技术(校企合作，与青软创新科技集团股份有限公司合,A424,山东科技大学,200,82099
2023,1,08,碳储科学与工程,A425,中国石油大学(华东),12,22304
2023,1,09,化工安全工程,A425,中国石油大学(华东),10,27764
2023,1,10,化学,A425,中国石油大学(华东),10,23694
2023,1,13,能源化学工程,A425,中国石油大学(华东),10,23491
2023,1,14,应用化学,A425,中国石油大学(华东),16,25019
2023,1,15,安全工程,A425,中国石油大学(华东),8,23148
2023,1,16,工业设计,A425,中国石油大学(华东),9,22979
2023,1,18,工程力学,A425,中国石油大学(华东),8,23588
2023,1,19,建筑环境与能源应用工程,A425,中国石油大学(华东),6,25792
2023,1,20,建筑学,A425,中国石油大学(华东),10,26204
2023,1,24,材料类(本研一体班),A425,中国石油大学(华东),5,19756
2023,1,25,储能科学与工程,A425,中国石油大学(华东),12,20824
2023,1,26,电气工程及其自动化,A425,中国石油大学(华东),45,17182
2023,1,29,能源与动力工程,A425,中国石油大学(华东),9,19205
2023,1,30,新能源科学与工程,A425,中国石油大学(华东),6,18273
2023,1,33,电子信息工程,A425,中国石油大学(华东),22,16075
2023,1,34,通信工程,A425,中国石油大学(华东),30,18446
2023,1,36,智能感知工程,A425,中国石油大学(华东),20,21008
2023,1,37,自动化,A425,中国石油大学(华东),25,17500
2023,1,41,光电信息科学与工程,A425,中国石油大学(华东),6,18254
2023,1,42,数据科学与大数据技术,A425,中国石油大学(华东),17,17194
2023,1,44,应用物理学,A425,中国石油大学(华东),13,20695
2023,1,46,会计学,A425,中国石油大学(华东),40,20435
2023,1,48,市场营销,A425,中国石油大学(华东),12,29604
2023,1,50,英语,A425,中国石油大学(华东),24,25602
2023,1,53,地球物理学,A425,中国石油大学(华东),6,23946
2023,1,56,地质学,A425,中国石油大学(华东),7,27525
2023,1,59,勘查技术与工程,A425,中国石油大学(华东),10,26845
2023,1,5C,资源勘查工程,A425,中国石油大学(华东),22,29602
2023,1,5F,船舶与海洋工程,A425,中国石油大学(华东),9,24047
2023,1,5J,海洋油气工程,A425,中国石油大学(华东),9,25148
2023,1,5M,石油工程,A425,中国石油大学(华东),57,26732
2023,1,5Q,化学工程与工艺,A425,中国石油大学(华东),42,27070
2023,1,5T,环境工程,A425,中国石油大学(华东),10,27643
2023,1,5W,机械类(智能装备工程),A425,中国石油大学(华东),62,23181
2023,1,5Y,土木工程,A425,中国石油大学(华东),5,27775
2023,1,61,油气储运工程,A425,中国石油大学(华东),22,25782
2023,1,64,材料类,A425,中国石油大学(华东),64,28568
2023,1,67,过程装备与控制工程,A425,中国石油大学(华东),10,22683
2023,1,6A,环保设备工程,A425,中国石油大学(华东),8,25850
2023,1,6D,测绘工程,A425,中国石油大学(华东),9,25712
2023,1,6G,地理信息科学,A425,中国石油大学(华东),8,21918
2023,1,6K,测控技术与仪器,A425,中国石油大学(华东),6,20171
2023,1,6N,计算机科学与技术,A425,中国石油大学(华东),50,14593
2023,1,6Q,软件工程,A425,中国石油大学(华东),70,17167
2023,1,6S,智能科学与技术,A425,中国石油大学(华东),14,18318
2023,1,6U,数学类,A425,中国石油大学(华东),30,19388
2023,1,6W,管理科学与工程类,A425,中国石油大学(华东),30,26630
2023,1,6Y,经济学,A425,中国石油大学(华东),32,23639
2023,1,70,俄语,A425,中国石油大学(华东),8,30860
2023,1,72,法学,A425,中国石油大学(华东),20,16414
2023,1,74,汉语言文学,A425,中国石油大学(华东),20,18525
2023,1,01,数学与应用数学,A426,青岛科技大学,22,60095
2023,1,02,应用物理学,A426,青岛科技大学,26,66940
2023,1,04,应用化学,A426,青岛科技大学,28,75204
2023,1,05,海洋科学,A426,青岛科技大学,65,87448
2023,1,06,应用统计学,A426,青岛科技大学,50,69832
2023,1,07,机械工程,A426,青岛科技大学,42,64106
2023,1,08,材料成型及控制工程,A426,青岛科技大学,13,76568
2023,1,09,工业设计,A426,青岛科技大学,20,71833
2023,1,0A,过程装备与控制工程,A426,青岛科技大学,16,72376
2023,1,0B,智能制造工程,A426,青岛科技大学,60,63870
2023,1,0C,测控技术与仪器,A426,青岛科技大学,17,65194
2023,1,0D,材料物理,A426,青岛科技大学,12,79324
2023,1,0E,高分子材料与工程(橡胶工程方向),A426,青岛科技大学,84,83726
2023,1,0F,高分子材料与工程(塑料工程方向),A426,青岛科技大学,24,87176
2023,1,0G,高分子材料与工程(合成方向),A426,青岛科技大学,42,82698
2023,1,0H,复合材料与工程,A426,青岛科技大学,16,88316
2023,1,0J,功能材料,A426,青岛科技大学,15,90401
2023,1,0K,新能源材料与器件,A426,青岛科技大学,30,69167
2023,1,0L,能源与动力工程,A426,青岛科技大学,34,65471
2023,1,0M,新能源科学与工程,A426,青岛科技大学,38,62223
2023,1,0N,电气工程及其自动化,A426,青岛科技大学,76,50049
2023,1,0P,智能电网信息工程,A426,青岛科技大学,25,57378
2023,1,0Q,通信工程,A426,青岛科技大学,39,52442
2023,1,0R,微电子科学与工程,A426,青岛科技大学,60,60439
2023,1,0S,信息工程,A426,青岛科技大学,41,58192
2023,1,0T,集成电路设计与集成系统,A426,青岛科技大学,10,54546
2023,1,0U,电子信息科学与技术,A426,青岛科技大学,14,50893
2023,1,0V,人工智能,A426,青岛科技大学,53,57898
2023,1,0W,自动化,A426,青岛科技大学,74,53394
2023,1,0Y,计算机科学与技术,A426,青岛科技大学,36,41985
2023,1,11,数据科学与大数据技术,A426,青岛科技大学,60,57729
2023,1,12,化学工程与工艺,A426,青岛科技大学,123,87984
2023,1,13,制药工程,A426,青岛科技大学,58,81950
2023,1,16,环境工程,A426,青岛科技大学,52,99065
2023,1,17,环境科学,A426,青岛科技大学,51,95061
2023,1,19,安全工程,A426,青岛科技大学,31,83662
2023,1,1A,生物工程,A426,青岛科技大学,70,82045
2023,1,1B,药物制剂,A426,青岛科技大学,30,79201
2023,1,1C,材料化学,A426,青岛科技大学,22,84282
2023,1,30,工商管理,A426,青岛科技大学,43,83288
2023,1,31,市场营销,A426,青岛科技大学,14,90077
2023,1,32,财务管理,A426,青岛科技大学,46,61166
2023,1,34,物流管理,A426,青岛科技大学,14,79179
2023,1,36,国际经济与贸易,A426,青岛科技大学,45,86419
2023,1,37,法学,A426,青岛科技大学,57,53594
2023,1,38,社会工作,A426,青岛科技大学,12,83329
2023,1,39,广告学,A426,青岛科技大学,36,88057
2023,1,3A,编辑出版学,A426,青岛科技大学,34,89594
2023,1,3C,英语,A426,青岛科技大学,76,82822
2023,1,3E,德语,A426,青岛科技大学,23,126410
2023,1,3F,日语,A426,青岛科技大学,24,112034
2023,1,3N,能源化学,A426,青岛科技大学,60,105657
2023,1,3P,储能科学与工程,A426,青岛科技大学,30,67784
2023,1,3S,合成生物学,A426,青岛科技大学,60,165320
2023,1,3Y,新能源材料与器件(中国科学院大学青岛生物能源与过程研究所菁英班),A426,青岛科技大学,30,66747
2023,1,ZH,化学,A426,青岛科技大学,87,85647
2023,1,H2,应用化学(中外合作办学)(中德合作办学),A426,青岛科技大学,36,192442
2023,1,H3,机械工程(中外合作办学)(中德合作办学),A426,青岛科技大学,60,188555
2023,1,H4,自动化(中外合作办学)(中德合作办学),A426,青岛科技大学,65,160167
2023,1,H5,应用化学(中外合作办学)(中美合作办学),A426,青岛科技大学,60,206318
2023,1,H6,自动化(中外合作办学)(中法合作办学),A426,青岛科技大学,100,177113
2023,1,H7,机械工程(中外合作办学)(中韩合作办学),A426,青岛科技大学,120,205972
2023,1,H8,材料成型及控制工程(中外合作办学)(中韩合作办学),A426,青岛科技大学,120,227134
2023,1,H9,复合材料与工程(中外合作办学)(中德合作办学、就读地点中德生态园区),A426,青岛科技大学,220,238244
2023,1,HA,化学工程与工艺(中外合作办学)(中德合作办学、就读地点中德生态园区),A426,青岛科技大学,130,229887
2023,1,HB,高分子材料与工程(中外合作办学)(中韩合作办学),A426,青岛科技大学,90,215572
2023,1,D0,应用化学(地方专项计划),A426,青岛科技大学,12,93142
2023,1,D1,环境工程(地方专项计划),A426,青岛科技大学,10,108271
2023,1,D2,化学工程与工艺(地方专项计划),A426,青岛科技大学,25,98822
2023,1,D3,制药工程(地方专项计划),A426,青岛科技大学,10,85136
2023,1,D4,过程装备与控制工程(地方专项计划),A426,青岛科技大学,10,82302
2023,1,D5,高分子材料与工程(塑料工程方向，地方专项计划),A426,青岛科技大学,20,102666
2023,1,D6,复合材料与工程(地方专项计划),A426,青岛科技大学,15,112072
2023,1,D7,材料物理(地方专项计划),A426,青岛科技大学,15,112882
2023,1,DA,功能材料(地方专项计划),A426,青岛科技大学,15,119273
2023,1,DB,俄语(地方专项计划),A426,青岛科技大学,10,147958
2023,1,DC,金属材料工程(地方专项计划),A426,青岛科技大学,18,135068
2023,1,DE,无机非金属材料工程(地方专项计划),A426,青岛科技大学,20,152883
2023,1,H0,软件工程(校企合作，与青软创新科技集团合作),A426,青岛科技大学,90,85730
2023,1,H1,物联网工程(校企合作，与青软创新科技集团合作),A426,青岛科技大学,60,92097
2023,1,01,汉语言文学(师范类),A427,济南大学,83,52769
2023,1,04,数学与应用数学(师范类),A427,济南大学,73,70935
2023,1,05,金融数学,A427,济南大学,30,85857
2023,1,06,数据科学与大数据技术,A427,济南大学,34,58413
2023,1,07,物理学(师范兼非师范),A427,济南大学,41,80038
2023,1,08,光电信息科学与工程,A427,济南大学,61,75530
2023,1,09,新能源科学与工程,A427,济南大学,49,76181
2023,1,0E,大数据管理与应用,A427,济南大学,60,74020
2023,1,0F,信息管理与信息系统,A427,济南大学,19,76648
2023,1,0G,英语(师范兼非师范),A427,济南大学,123,72780
2023,1,0H,日语,A427,济南大学,15,117703
2023,1,0J,法语,A427,济南大学,24,131063
2023,1,0K,法学,A427,济南大学,121,56332
2023,1,0L,社会工作,A427,济南大学,17,91428
2023,1,0M,思想政治教育(师范类),A427,济南大学,21,58428
2023,1,1C,人工智能,A427,济南大学,17,58443
2023,1,1F,环境工程,A427,济南大学,23,100879
2023,1,1G,地理科学(师范兼非师范),A427,济南大学,38,59738
2023,1,1H,应急管理,A427,济南大学,8,84060
2023,1,1R,工业设计,A427,济南大学,21,93173
2023,1,1W,历史学(师范类),A427,济南大学,30,56183
2023,1,1Y,应用心理学(师范类),A427,济南大学,88,94707
2023,1,1Z,特殊教育(师范类),A427,济南大学,12,73888
2023,1,20,生物技术,A427,济南大学,44,89430
2023,1,22,药学,A427,济南大学,54,83650
2023,1,23,生物制药,A427,济南大学,42,91803
2023,1,24,标准化工程,A427,济南大学,8,91648
2023,1,2G,新闻传播学类,A427,济南大学,64,82986
2023,1,2H,工商管理类,A427,济南大学,156,81674
2023,1,2J,经济学类,A427,济南大学,157,86253
2023,1,2K,公共管理类,A427,济南大学,21,85770
2023,1,2L,材料类,A427,济南大学,140,120442
2023,1,2M,化学类,A427,济南大学,47,85838
2023,1,2N,化工与制药类,A427,济南大学,56,100322
2023,1,2P,机械类,A427,济南大学,189,91934
2023,1,2Q,土木类,A427,济南大学,116,122126
2023,1,2R,建筑类,A427,济南大学,41,93889
2023,1,2S,自动化类,A427,济南大学,202,69435
2023,1,2T,计算机类,A427,济南大学,87,47027
2023,1,2U,电子信息类,A427,济南大学,49,61024
2023,1,2V,水利类,A427,济南大学,47,98594
2023,1,2W,旅游管理类,A427,济南大学,69,132292
2023,1,25,金融学(中外合作办学),A427,济南大学,100,146048
2023,1,26,机械工程(中外合作办学),A427,济南大学,100,185764
2023,1,27,网络工程(中外合作办学),A427,济南大学,100,155701
2023,1,28,环境工程(中外合作办学),A427,济南大学,100,196892
2023,1,80,信息管理与信息系统(地方专项计划),A427,济南大学,5,85298
2023,1,81,英语(师范兼非师范，地方专项计划),A427,济南大学,5,64468
2023,1,82,公共管理类(地方专项计划),A427,济南大学,5,92908
2023,1,83,思想政治教育(师范类，地方专项计划),A427,济南大学,5,62037
2023,1,84,法学(地方专项计划),A427,济南大学,10,58126
2023,1,85,材料类(地方专项计划),A427,济南大学,30,139283
2023,1,86,化学类(地方专项计划),A427,济南大学,20,102295
2023,1,87,化工与制药类(地方专项计划),A427,济南大学,20,110904
2023,1,88,机械类(地方专项计划),A427,济南大学,10,87823
2023,1,89,土木类(地方专项计划),A427,济南大学,10,126330
2023,1,8A,数学与应用数学(师范类，地方专项计划),A427,济南大学,10,74933
2023,1,8B,电子信息类(地方专项计划),A427,济南大学,10,63901
2023,1,8C,物理学(师范兼非师范，地方专项计划),A427,济南大学,10,87727
2023,1,8D,水利类(地方专项计划),A427,济南大学,10,107767
2023,1,8E,生物制药(地方专项计划),A427,济南大学,10,98609
2023,1,8F,特殊教育(师范类，地方专项计划),A427,济南大学,5,91816
2023,1,8G,应用心理学(师范类，地方专项计划),A427,济南大学,5,87392
2023,1,29,计算机科学与技术(校企合作，与浪潮软件股份有限公司合作),A427,济南大学,120,82385
2023,1,2A,制药工程(校企合作，与鲁南制药集团股份有限公司合作),A427,济南大学,30,130840
2023,1,2B,化学工程与工艺(校企合作，与山东金城医药集团股份有限公司合作),A427,济南大学,30,143452
2023,1,2C,烹饪与营养教育(校企合作，与山东凯瑞商业集团有限责任公司合作),A427,济南大学,80,185615
2023,1,2D,旅游管理(校企合作，与济南万富酒店管理有限公司富力凯悦酒店合作),A427,济南大学,30,170950
2023,1,2E,旅游管理(校企合作，与济南隆昇全运村酒店管理有限公司喜来登酒店合,A427,济南大学,30,173670
2023,1,2F,旅游管理(校企合作，与山东大厦合作),A427,济南大学,30,160490
2023,1,01,会计学,A429,青岛理工大学,62,61447
2023,1,02,财务管理,A429,青岛理工大学,39,64279
2023,1,03,市场营销,A429,青岛理工大学,42,114055
2023,1,04,国际商务,A429,青岛理工大学,31,102432
2023,1,05,国际经济与贸易,A429,青岛理工大学,59,98761
2023,1,07,日语,A429,青岛理工大学,31,135193
2023,1,08,英语,A429,青岛理工大学,95,98044
2023,1,0B,社会工作,A429,青岛理工大学,42,110250
2023,1,0C,建筑学,A429,青岛理工大学,67,91018
2023,1,0D,城乡规划,A429,青岛理工大学,36,95326
2023,1,0E,风景园林,A429,青岛理工大学,38,89336
2023,1,0J,测控技术与仪器,A429,青岛理工大学,28,73491
2023,1,0Q,环境科学,A429,青岛理工大学,30,104365
2023,1,0W,计算机科学与技术,A429,青岛理工大学,99,54830
2023,1,0X,软件工程,A429,青岛理工大学,74,58250
2023,1,0Z,电子信息工程,A429,青岛理工大学,72,59768
2023,1,11,自动化,A429,青岛理工大学,98,63922
2023,1,12,电气工程及其自动化,A429,青岛理工大学,98,59833
2023,1,13,建筑电气与智能化,A429,青岛理工大学,38,80719
2023,1,15,工程造价,A429,青岛理工大学,46,109364
2023,1,16,工业工程,A429,青岛理工大学,26,88711
2023,1,18,信息管理与信息系统,A429,青岛理工大学,27,91753
2023,1,19,应用物理学,A429,青岛理工大学,63,88393
2023,1,1A,数学与应用数学,A429,青岛理工大学,34,68524
2023,1,1C,经济学,A429,青岛理工大学,37,72263
2023,1,1D,统计学,A429,青岛理工大学,39,69901
2023,1,1R,城市地下空间工程,A429,青岛理工大学,25,113540
2023,1,2S,智能建造,A429,青岛理工大学,27,98114
2023,1,2T,智能制造工程,A429,青岛理工大学,48,67859
2023,1,2U,机器人工程,A429,青岛理工大学,50,68015
2023,1,X2,网络与新媒体,A429,青岛理工大学,49,74531
2023,1,X3,网络空间安全,A429,青岛理工大学,68,62358
2023,1,X5,环保设备工程,A429,青岛理工大学,25,122199
2023,1,X6,土木工程,A429,青岛理工大学,100,118096
2023,1,X8,材料科学与工程,A429,青岛理工大学,74,105658
2023,1,XA,机械设计制造及其自动化,A429,青岛理工大学,122,78374
2023,1,XC,材料成型及控制工程,A429,青岛理工大学,63,100304
2023,1,XE,给排水科学与工程,A429,青岛理工大学,51,100376
2023,1,XG,建筑环境与能源应用工程,A429,青岛理工大学,39,102774
2023,1,XJ,环境工程,A429,青岛理工大学,64,109595
2023,1,XL,车辆工程,A429,青岛理工大学,81,87094
2023,1,XN,安全工程,A429,青岛理工大学,30,86058
2023,1,XQ,交通工程,A429,青岛理工大学,21,79894
2023,1,XS,工程管理,A429,青岛理工大学,39,124586
2023,1,XU,房地产开发与管理,A429,青岛理工大学,16,182094
2023,1,XW,工程力学,A429,青岛理工大学,20,89583
2023,1,1S,给排水科学与工程(中外合作办学),A429,青岛理工大学,62,219872
2023,1,1T,建筑学(中外合作办学),A429,青岛理工大学,75,232691
2023,1,1U,财务管理(中外合作办学),A429,青岛理工大学,81,133840
2023,1,1V,土木工程(中外合作办学),A429,青岛理工大学,71,220273
2023,1,X7,土木工程(地方专项计划),A429,青岛理工大学,25,151299
2023,1,X9,材料科学与工程(地方专项计划),A429,青岛理工大学,15,122056
2023,1,XB,机械设计制造及其自动化(地方专项计划),A429,青岛理工大学,15,86753
2023,1,XD,材料成型及控制工程(地方专项计划),A429,青岛理工大学,15,124566
2023,1,XF,给排水科学与工程(地方专项计划),A429,青岛理工大学,15,119470
2023,1,XH,建筑环境与能源应用工程(地方专项计划),A429,青岛理工大学,20,138555
2023,1,XK,环境工程(地方专项计划),A429,青岛理工大学,10,120453
2023,1,XM,车辆工程(地方专项计划),A429,青岛理工大学,5,91889
2023,1,XP,安全工程(地方专项计划),A429,青岛理工大学,10,106506
2023,1,XR,交通工程(地方专项计划),A429,青岛理工大学,10,85156
2023,1,XT,工程管理(地方专项计划),A429,青岛理工大学,10,141797
2023,1,XV,房地产开发与管理(地方专项计划),A429,青岛理工大学,15,300190
2023,1,XX,工程力学(地方专项计划),A429,青岛理工大学,15,113626
2023,1,1W,软件工程(校企合作，与青岛青软实训教育科技股份有限公司合作),A429,青岛理工大学,70,94366
2023,1,1X,通信工程(校企合作，与青岛英谷教育科技股份有限公司合作),A429,青岛理工大学,70,104381
2023,1,1Y,信息与计算科学(校企合作，与青岛青软实训教育科技股份有限公司合作),A429,青岛理工大学,70,116892
2023,1,01,建筑学,A430,山东建筑大学,50,66737
2023,1,02,风景园林(景观规划设计方向),A430,山东建筑大学,34,99823
2023,1,03,城乡规划,A430,山东建筑大学,53,104666
2023,1,04,能源与动力工程,A430,山东建筑大学,85,121361
2023,1,05,环境工程,A430,山东建筑大学,70,149487
2023,1,06,风景园林(园林规划设计方向),A430,山东建筑大学,52,122801
2023,1,07,新能源科学与工程,A430,山东建筑大学,61,118430
2023,1,08,环境科学,A430,山东建筑大学,53,149983
2023,1,09,生物工程,A430,山东建筑大学,53,140828
2023,1,10,地理信息科学,A430,山东建筑大学,47,111299
2023,1,11,广告学,A430,山东建筑大学,21,122685
2023,1,12,工业工程,A430,山东建筑大学,50,139092
2023,1,13,土地资源管理,A430,山东建筑大学,55,134118
2023,1,14,工商管理,A430,山东建筑大学,57,129457
2023,1,15,会计学,A430,山东建筑大学,117,96082
2023,1,16,财务管理,A430,山东建筑大学,25,100605
2023,1,17,电子商务,A430,山东建筑大学,58,140146
2023,1,18,法学,A430,山东建筑大学,75,81590
2023,1,19,英语,A430,山东建筑大学,64,122272
2023,1,20,德语,A430,山东建筑大学,23,161967
2023,1,21,社会工作,A430,山东建筑大学,52,143828
2023,1,23,城市地下空间工程,A430,山东建筑大学,45,135711
2023,1,25,工程管理,A430,山东建筑大学,69,140759
2023,1,26,工程造价,A430,山东建筑大学,81,109203
2023,1,30,机械电子工程,A430,山东建筑大学,95,123645
2023,1,32,电气工程及其自动化,A430,山东建筑大学,103,86275
2023,1,33,建筑电气与智能化,A430,山东建筑大学,46,112505
2023,1,34,通信工程,A430,山东建筑大学,40,103222
2023,1,36,交通工程,A430,山东建筑大学,52,128142
2023,1,37,智慧交通,A430,山东建筑大学,60,138471
2023,1,38,信息管理与信息系统,A430,山东建筑大学,43,120343
2023,1,40,房地产开发与管理,A430,山东建筑大学,23,169206
2023,1,41,电子信息工程,A430,山东建筑大学,50,103589
2023,1,42,工业设计,A430,山东建筑大学,38,130619
2023,1,43,物联网工程,A430,山东建筑大学,38,107034
2023,1,44,车辆工程,A430,山东建筑大学,47,126637
2023,1,46,材料成型及控制工程,A430,山东建筑大学,35,147696
2023,1,47,焊接技术与工程,A430,山东建筑大学,23,159059
2023,1,48,无机非金属材料工程,A430,山东建筑大学,53,163073
2023,1,49,增材制造工程,A430,山东建筑大学,33,155717
2023,1,50,计算机科学与技术,A430,山东建筑大学,87,97380
2023,1,51,软件工程,A430,山东建筑大学,104,105229
2023,1,52,数据科学与大数据技术,A430,山东建筑大学,52,108092
2023,1,53,人工智能,A430,山东建筑大学,54,109486
2023,1,54,信息与计算科学,A430,山东建筑大学,46,114467
2023,1,55,应用物理学,A430,山东建筑大学,34,134863
2023,1,56,应用统计学,A430,山东建筑大学,37,114899
2023,1,57,光电信息科学与工程,A430,山东建筑大学,36,111342
2023,1,58,遥感科学与技术,A430,山东建筑大学,48,130821
2023,1,98,土木工程,A430,山东建筑大学,195,131331
2023,1,9A,智能建造,A430,山东建筑大学,71,137264
2023,1,9C,建筑环境与能源应用工程,A430,山东建筑大学,69,146975
2023,1,9E,给排水科学与工程,A430,山东建筑大学,73,140861
2023,1,9G,机械工程,A430,山东建筑大学,125,132047
2023,1,9J,智能制造工程,A430,山东建筑大学,44,122316
2023,1,9L,道路桥梁与渡河工程,A430,山东建筑大学,64,147459
2023,1,9N,测绘工程,A430,山东建筑大学,44,141803
2023,1,9Q,材料科学与工程,A430,山东建筑大学,54,151471
2023,1,64,建筑学(中外合作办学),A430,山东建筑大学,69,191058
2023,1,65,土木工程(中外合作办学),A430,山东建筑大学,78,232552
2023,1,99,土木工程(地方专项计划),A430,山东建筑大学,20,138595
2023,1,9B,智能建造(地方专项计划),A430,山东建筑大学,15,147071
2023,1,9D,建筑环境与能源应用工程(地方专项计划),A430,山东建筑大学,20,159253
2023,1,9F,给排水科学与工程(地方专项计划),A430,山东建筑大学,20,163022
2023,1,9H,机械工程(地方专项计划),A430,山东建筑大学,20,134606
2023,1,9K,智能制造工程(地方专项计划),A430,山东建筑大学,15,130098
2023,1,9M,道路桥梁与渡河工程(地方专项计划),A430,山东建筑大学,20,165328
2023,1,9P,测绘工程(地方专项计划),A430,山东建筑大学,20,161335
2023,1,9R,材料科学与工程(地方专项计划),A430,山东建筑大学,20,164601
2023,1,68,英语(校企合作，与济南译软信息技术有限公司合作),A430,山东建筑大学,50,164396
2023,1,70,市场营销(校企合作，与中兴协力集团合作),A430,山东建筑大学,70,175917
2023,1,71,信息与计算科学(校企合作，与浪潮集团有限公司),A430,山东建筑大学,60,144529
2023,1,72,车辆工程(校企合作，与北京联合伟世科技公司合作),A430,山东建筑大学,70,158056
2023,1,73,材料成型及控制工程(校企合作，与莱芜钢铁集团有限公司合作),A430,山东建筑大学,35,167889
2023,1,05,计算机科学与技术,A431,齐鲁工业大学,80,56740
2023,1,06,网络空间安全,A431,齐鲁工业大学,60,64291
2023,1,07,软件工程,A431,齐鲁工业大学,90,61929
2023,1,08,保密技术,A431,齐鲁工业大学,40,77746
2023,1,09,保密管理,A431,齐鲁工业大学,40,93686
2023,1,0A,物联网工程,A431,齐鲁工业大学,22,65205
2023,1,0B,轻工类,A431,齐鲁工业大学,5,115967
2023,1,0C,新媒体技术,A431,齐鲁工业大学,13,80811
2023,1,0D,轻化工程,A431,齐鲁工业大学,10,112431
2023,1,0E,功能材料,A431,齐鲁工业大学,5,112737
2023,1,0F,机械设计制造及其自动化,A431,齐鲁工业大学,76,90087
2023,1,0G,工业设计,A431,齐鲁工业大学,35,100615
2023,1,0H,材料成型及控制工程,A431,齐鲁工业大学,26,105170
2023,1,0J,机器人工程,A431,齐鲁工业大学,20,72886
2023,1,0K,智能制造工程,A431,齐鲁工业大学,20,78570
2023,1,0L,电子信息工程,A431,齐鲁工业大学,67,71088
2023,1,0M,电气工程及其自动化,A431,齐鲁工业大学,88,68573
2023,1,0N,通信工程,A431,齐鲁工业大学,46,73458
2023,1,0P,自动化,A431,齐鲁工业大学,67,76353
2023,1,0Q,生物工程,A431,齐鲁工业大学,41,105227
2023,1,0R,生物技术,A431,齐鲁工业大学,20,114356
2023,1,0S,酿酒工程,A431,齐鲁工业大学,14,103762
2023,1,0T,食品科学与工程类,A431,齐鲁工业大学,28,112486
2023,1,0U,环境科学与工程类,A431,齐鲁工业大学,17,120450
2023,1,0V,化学类,A431,齐鲁工业大学,20,114755
2023,1,0W,化工与制药类,A431,齐鲁工业大学,19,114502
2023,1,0X,药学类,A431,齐鲁工业大学,35,109028
2023,1,0Y,材料类,A431,齐鲁工业大学,10,114235
2023,1,0Z,信息与计算科学,A431,齐鲁工业大学,50,86609
2023,1,10,应用统计学,A431,齐鲁工业大学,45,93879
2023,1,11,人工智能,A431,齐鲁工业大学,36,69482
2023,1,12,数据计算及应用,A431,齐鲁工业大学,20,83921
2023,1,13,光电信息科学与工程,A431,齐鲁工业大学,45,83474
2023,1,14,微电子科学与工程,A431,齐鲁工业大学,35,78642
2023,1,15,能源与动力工程,A431,齐鲁工业大学,92,92781
2023,1,16,海洋信息工程,A431,齐鲁工业大学,30,105596
2023,1,17,海洋技术,A431,齐鲁工业大学,50,120539
2023,1,18,测控技术与仪器(海洋测控方向),A431,齐鲁工业大学,17,107129
2023,1,19,工商管理类,A431,齐鲁工业大学,341,120408
2023,1,1A,金融学,A431,齐鲁工业大学,166,120136
2023,1,1B,国际经济与贸易,A431,齐鲁工业大学,100,131507
2023,1,1C,金融科技,A431,齐鲁工业大学,65,124562
2023,1,1D,广告学,A431,齐鲁工业大学,40,109995
2023,1,1E,行政管理,A431,齐鲁工业大学,55,117995
2023,1,1F,法学,A431,齐鲁工业大学,89,68670
2023,1,1G,翻译,A431,齐鲁工业大学,60,148740
2023,1,1H,英语,A431,齐鲁工业大学,87,111280
2023,1,1J,汉语国际教育,A431,齐鲁工业大学,61,113887
2023,1,1K,日语,A431,齐鲁工业大学,30,140552
2023,1,2T,机械设计制造及其自动化(中外合作办学)(与德国北黑森应用科技大学合,A431,齐鲁工业大学,90,191271
2023,1,2U,酿酒工程(中外合作办学)(与新西兰东部理工学院合作),A431,齐鲁工业大学,80,207457
2023,1,2V,应用化学(中外合作办学)(与芬兰坦佩雷应用科学大学),A431,齐鲁工业大学,80,213408
2023,1,2W,生物技术(中外合作办学)(与乌克兰基辅国立工艺设计大学合作),A431,齐鲁工业大学,80,204197
2023,1,2X,轻化工程(中外合作办学)(与乌克兰基辅国立工艺设计大学合作),A431,齐鲁工业大学,80,217683
2023,1,1L,法学(地方专项计划),A431,齐鲁工业大学,5,68954
2023,1,1M,人工智能(地方专项计划),A431,齐鲁工业大学,10,76767
2023,1,1N,电气工程及其自动化(地方专项计划),A431,齐鲁工业大学,5,70713
2023,1,1P,机器人工程(地方专项计划),A431,齐鲁工业大学,5,76873
2023,1,1Q,通信工程(地方专项计划),A431,齐鲁工业大学,5,77165
2023,1,1R,新媒体技术(地方专项计划),A431,齐鲁工业大学,5,92014
2023,1,1S,智能制造工程(地方专项计划),A431,齐鲁工业大学,5,85612
2023,1,1T,自动化(地方专项计划),A431,齐鲁工业大学,5,80772
2023,1,1U,信息与计算科学(地方专项计划),A431,齐鲁工业大学,5,92105
2023,1,1V,应用统计学(地方专项计划),A431,齐鲁工业大学,5,96830
2023,1,1W,能源与动力工程(地方专项计划),A431,齐鲁工业大学,5,95878
2023,1,1X,机械设计制造及其自动化(地方专项计划),A431,齐鲁工业大学,5,93548
2023,1,1Y,材料成型及控制工程(地方专项计划),A431,齐鲁工业大学,5,117518
2023,1,1Z,药学类(地方专项计划),A431,齐鲁工业大学,15,115528
2023,1,20,行政管理(地方专项计划),A431,齐鲁工业大学,5,119629
2023,1,21,酿酒工程(地方专项计划),A431,齐鲁工业大学,5,122865
2023,1,22,化学类(地方专项计划),A431,齐鲁工业大学,15,127947
2023,1,23,生物技术(地方专项计划),A431,齐鲁工业大学,5,124320
2023,1,24,食品科学与工程类(地方专项计划),A431,齐鲁工业大学,20,129404
2023,1,25,国际经济与贸易(地方专项计划),A431,齐鲁工业大学,10,132847
2023,1,26,测控技术与仪器(海洋测控方向，地方专项计划),A431,齐鲁工业大学,10,126209
2023,1,27,环境科学与工程类(地方专项计划),A431,齐鲁工业大学,20,168519
2023,1,28,化工与制药类(地方专项计划),A431,齐鲁工业大学,20,132928
2023,1,29,轻化工程(地方专项计划),A431,齐鲁工业大学,20,147061
2023,1,2A,功能材料(地方专项计划),A431,齐鲁工业大学,15,145878
2023,1,2B,轻工类(地方专项计划),A431,齐鲁工业大学,20,150508
2023,1,2C,计算机科学与技术(校企合作，与山东亿云信息技术有限公司合作),A431,齐鲁工业大学,40,86133
2023,1,2D,软件工程(校企合作，与北京安博大成教育科技公司合作),A431,齐鲁工业大学,40,94497
2023,1,2E,软件工程(校企合作，与山东正中信息技术有限公司合作),A431,齐鲁工业大学,40,98517
2023,1,2F,新媒体技术(校企合作，与中国高科集团股份有限公司合作),A431,齐鲁工业大学,80,136644
2023,1,2G,轻化工程,A431,齐鲁工业大学,70,175152
2023,1,2H,机器人工程(校企合作，与沈阳中德新松教育科技集团合作),A431,齐鲁工业大学,80,133716
2023,1,2J,自动化(校企合作，与沈阳中德新松教育科技集团合作),A431,齐鲁工业大学,40,115502
2023,1,2K,食品科学与工程(校企合作，与江苏益客食品集团有限公司合作),A431,齐鲁工业大学,40,155463
2023,1,2L,环境科学(校企合作，与北控水务投资有限公司合作),A431,齐鲁工业大学,80,170272
2023,1,2M,无机非金属材料工程(校企合作，与中材高新材料股份有限公司合作),A431,齐鲁工业大学,80,174887
2023,1,2N,智能科学与技术(校企合作，与中国高科集团股份有限公司合作),A431,齐鲁工业大学,80,122734
2023,1,2P,信息与计算科学(校企合作，与浪潮软件股份有限公司合作),A431,齐鲁工业大学,80,128765
2023,1,2Q,信息管理与信息系统(校企合作，与山东智博信息科技有限公司合作),A431,齐鲁工业大学,160,158064
2023,1,2R,翻译(校企合作，与文思海辉技术有限公司合作),A431,齐鲁工业大学,60,174830
2023,1,2S,电子竞技运动与管理(校企合作，与中电信数智科技公司山东分公司),A431,齐鲁工业大学,40,183129
2023,1,11,工业设计,A433,山东理工大学,43,125198
2023,1,13,自动化,A433,山东理工大学,112,82792
2023,1,14,法学(律师学),A433,山东理工大学,36,79786
2023,1,15,电子信息工程,A433,山东理工大学,104,86875
2023,1,16,智能电网信息工程,A433,山东理工大学,62,68046
2023,1,17,电气工程及其自动化,A433,山东理工大学,200,54921
2023,1,19,计算机科学与技术,A433,山东理工大学,127,66717
2023,1,20,通信工程,A433,山东理工大学,46,88918
2023,1,21,软件工程,A433,山东理工大学,141,74339
2023,1,22,数字媒体技术,A433,山东理工大学,72,96463
2023,1,23,机械电子工程(师范类),A433,山东理工大学,40,120096
2023,1,25,化学,A433,山东理工大学,37,116234
2023,1,26,化学(师范类),A433,山东理工大学,80,101860
2023,1,28,农业智能装备工程,A433,山东理工大学,66,142590
2023,1,35,地理空间信息工程,A433,山东理工大学,70,117848
2023,1,36,环境工程,A433,山东理工大学,79,149610
2023,1,37,采矿工程,A433,山东理工大学,17,151479
2023,1,39,新能源科学与工程,A433,山东理工大学,80,106731
2023,1,42,材料化学,A433,山东理工大学,24,143431
2023,1,45,生物科学(师范类),A433,山东理工大学,90,94510
2023,1,46,生物科学,A433,山东理工大学,86,112365
2023,1,47,制药工程,A433,山东理工大学,83,124604
2023,1,48,数学与应用数学,A433,山东理工大学,73,94861
2023,1,49,数学与应用数学(师范类),A433,山东理工大学,80,94598
2023,1,50,微电子科学与工程,A433,山东理工大学,66,96864
2023,1,51,统计学,A433,山东理工大学,54,104940
2023,1,52,能源化学工程,A433,山东理工大学,34,137032
2023,1,53,物理学(师范类),A433,山东理工大学,80,106927
2023,1,54,光电信息科学与工程,A433,山东理工大学,55,100022
2023,1,55,化学工程与工艺(师范类),A433,山东理工大学,40,132874
2023,1,56,国际经济与贸易,A433,山东理工大学,77,134691
2023,1,57,经济学,A433,山东理工大学,89,117790
2023,1,58,金融学,A433,山东理工大学,98,124163
2023,1,59,工商管理,A433,山东理工大学,103,126230
2023,1,60,会计学,A433,山东理工大学,147,92086
2023,1,64,工业工程,A433,山东理工大学,77,136736
2023,1,66,汉语言文学,A433,山东理工大学,38,82485
2023,1,67,汉语言文学(师范类),A433,山东理工大学,160,86465
2023,1,68,广告学,A433,山东理工大学,43,129456
2023,1,69,英语,A433,山东理工大学,45,112870
2023,1,70,英语(师范类),A433,山东理工大学,120,102671
2023,1,71,日语,A433,山东理工大学,20,144163
2023,1,72,朝鲜语,A433,山东理工大学,22,161995
2023,1,73,机械设计制造及其自动化(卓越工程师班),A433,山东理工大学,40,85198
2023,1,74,法学,A433,山东理工大学,27,69423
2023,1,75,行政管理,A433,山东理工大学,50,125802
2023,1,76,社会工作,A433,山东理工大学,50,138074
2023,1,79,机械设计制造及其自动化,A433,山东理工大学,95,102302
2023,1,83,车辆工程,A433,山东理工大学,80,105165
2023,1,87,能源与动力工程,A433,山东理工大学,86,113481
2023,1,88,纺织工程,A433,山东理工大学,8,148204
2023,1,90,数据科学与大数据技术,A433,山东理工大学,80,90465
2023,1,91,信息与计算科学,A433,山东理工大学,95,105402
2023,1,92,测控技术与仪器(新工科创新实验班),A433,山东理工大学,33,119652
2023,1,93,智能制造工程(新工科创新实验班),A433,山东理工大学,65,104248
2023,1,94,新能源汽车工程,A433,山东理工大学,66,110227
2023,1,95,人工智能,A433,山东理工大学,72,93322
2023,1,96,信息管理与信息系统(档案信息化管理方向),A433,山东理工大学,40,122429
2023,1,97,法学(国际商法),A433,山东理工大学,72,87993
2023,1,99,法学(经济法学),A433,山东理工大学,36,81799
2023,1,9A,大数据管理与应用,A433,山东理工大学,76,118344
2023,1,9B,电子信息工程(师范类),A433,山东理工大学,40,102227
2023,1,9C,新能源汽车工程(师范类),A433,山东理工大学,40,120485
2023,1,9E,农业机械化及其自动化,A433,山东理工大学,60,126348
2023,1,9G,食品科学与工程,A433,山东理工大学,70,138626
2023,1,9J,化学工程与工艺,A433,山东理工大学,65,141307
2023,1,9L,应用化学,A433,山东理工大学,92,137545
2023,1,9N,土木工程,A433,山东理工大学,152,146900
2023,1,9Q,工程管理,A433,山东理工大学,38,141985
2023,1,9S,测绘工程,A433,山东理工大学,43,140491
2023,1,9U,矿物加工工程,A433,山东理工大学,9,143000
2023,1,9W,资源勘查工程,A433,山东理工大学,13,147326
2023,1,9Y,材料科学与工程,A433,山东理工大学,60,151138
2023,1,A0,高分子材料与工程,A433,山东理工大学,27,138291
2023,1,A2,生物工程,A433,山东理工大学,25,113398
2023,1,A4,材料成型及控制工程,A433,山东理工大学,50,144991
2023,1,A6,测控技术与仪器,A433,山东理工大学,23,117132
2023,1,A8,机械电子工程,A433,山东理工大学,88,113077
2023,1,AA,交通工程,A433,山东理工大学,35,128494
2023,1,AC,交通运输,A433,山东理工大学,57,127450
2023,1,86,机械设计制造及其自动化(中外合作办学)(与爱尔兰利莫瑞克大学合作),A433,山东理工大学,100,178992
2023,1,9D,计算机科学与技术(中外合作办学)(与爱尔兰利莫瑞克大学合作),A433,山东理工大学,100,154516
2023,1,9F,农业机械化及其自动化(地方专项计划),A433,山东理工大学,10,127262
2023,1,9H,食品科学与工程(地方专项计划),A433,山东理工大学,10,140731
2023,1,9K,化学工程与工艺(地方专项计划),A433,山东理工大学,10,140689
2023,1,9M,应用化学(地方专项计划),A433,山东理工大学,10,138598
2023,1,9P,土木工程(地方专项计划),A433,山东理工大学,10,148851
2023,1,9R,工程管理(地方专项计划),A433,山东理工大学,10,160404
2023,1,9T,测绘工程(地方专项计划),A433,山东理工大学,10,153478
2023,1,9V,矿物加工工程(地方专项计划),A433,山东理工大学,10,166000
2023,1,9X,资源勘查工程(地方专项计划),A433,山东理工大学,10,164980
2023,1,9Z,材料科学与工程(地方专项计划),A433,山东理工大学,10,155719
2023,1,A1,高分子材料与工程(地方专项计划),A433,山东理工大学,10,151463
2023,1,A3,生物工程(地方专项计划),A433,山东理工大学,10,126884
2023,1,A5,材料成型及控制工程(地方专项计划),A433,山东理工大学,10,144860
2023,1,A7,测控技术与仪器(地方专项计划),A433,山东理工大学,10,132459
2023,1,A9,机械电子工程(地方专项计划),A433,山东理工大学,10,110213
2023,1,AB,交通工程(地方专项计划),A433,山东理工大学,10,133420
2023,1,AD,交通运输(地方专项计划),A433,山东理工大学,10,132216
2023,1,65,信息管理与信息系统(校企合作，与山东智博信息科技有限公司合作),A433,山东理工大学,40,144964
2023,1,89,金融学(校企合作，与山东人才发展集团有限公司合作),A433,山东理工大学,40,142024
2023,1,01,农学(新农科实验班),A434,山东农业大学,142,91075
2023,1,03,植物科学与技术,A434,山东农业大学,40,108903
2023,1,04,中药资源与开发,A434,山东农业大学,9,118988
2023,1,05,植物生产类(B),A434,山东农业大学,100,115636
2023,1,06,森林保护,A434,山东农业大学,10,119014
2023,1,07,制药工程,A434,山东农业大学,35,117499
2023,1,08,烟草,A434,山东农业大学,60,109207
2023,1,09,土地资源管理,A434,山东农业大学,53,113847
2023,1,10,地理信息科学,A434,山东农业大学,74,97495
2023,1,11,土地整治工程,A434,山东农业大学,7,125954
2023,1,12,环境科学与工程类,A434,山东农业大学,25,126223
2023,1,13,农业资源与环境,A434,山东农业大学,40,120392
2023,1,14,林学(新农科实验班),A434,山东农业大学,48,121013
2023,1,15,园林,A434,山东农业大学,35,126341
2023,1,17,生态学,A434,山东农业大学,5,122542
2023,1,19,风景园林,A434,山东农业大学,90,129362
2023,1,20,植物生产类(C),A434,山东农业大学,83,121378
2023,1,21,动物医学类,A434,山东农业大学,165,105810
2023,1,22,动物科学,A434,山东农业大学,42,113925
2023,1,24,电气工程及其自动化,A434,山东农业大学,110,98010
2023,1,25,自动化,A434,山东农业大学,60,103928
2023,1,26,机械类,A434,山东农业大学,42,115134
2023,1,27,农业机械化及其自动化,A434,山东农业大学,12,109530
2023,1,28,会计学,A434,山东农业大学,200,97152
2023,1,29,财务管理,A434,山东农业大学,170,104461
2023,1,30,工商管理,A434,山东农业大学,50,115339
2023,1,31,金融学,A434,山东农业大学,145,122456
2023,1,32,国际经济与贸易,A434,山东农业大学,60,127581
2023,1,33,数字经济,A434,山东农业大学,140,122647
2023,1,34,农林经济管理,A434,山东农业大学,72,109818
2023,1,35,食品科学与工程,A434,山东农业大学,55,120303
2023,1,36,食品质量与安全,A434,山东农业大学,25,122768
2023,1,38,生物科学类,A434,山东农业大学,159,120777
2023,1,39,生物工程,A434,山东农业大学,28,121723
2023,1,40,英语,A434,山东农业大学,118,119655
2023,1,41,日语,A434,山东农业大学,50,151016
2023,1,42,俄语,A434,山东农业大学,32,142185
2023,1,43,商务英语,A434,山东农业大学,85,146420
2023,1,44,公共管理类,A434,山东农业大学,135,128816
2023,1,45,文化产业管理,A434,山东农业大学,45,125657
2023,1,46,法学,A434,山东农业大学,125,70203
2023,1,47,水利类,A434,山东农业大学,40,114863
2023,1,48,土木类,A434,山东农业大学,15,127998
2023,1,49,建筑学,A434,山东农业大学,45,125977
2023,1,50,数学类,A434,山东农业大学,70,116566
2023,1,51,计算机科学与技术,A434,山东农业大学,160,96262
2023,1,52,数据科学与大数据技术,A434,山东农业大学,70,102809
2023,1,53,物联网工程,A434,山东农业大学,50,103609
2023,1,54,测绘类,A434,山东农业大学,15,120470
2023,1,55,电子信息科学与技术,A434,山东农业大学,44,102665
2023,1,56,人工智能,A434,山东农业大学,75,109168
2023,1,57,通信工程,A434,山东农业大学,55,97431
2023,1,58,材料化学,A434,山东农业大学,15,127304
2023,1,59,制药工程(医药方向),A434,山东农业大学,42,115199
2023,1,60,应用化学,A434,山东农业大学,32,125406
2023,1,Z1,会计学(中外合作办学)(与德国埃森经济管理应用技术大学合作),A434,山东农业大学,140,171265
2023,1,Z2,工商管理(中外合作办学)(与德国埃森经济管理应用技术大学合作),A434,山东农业大学,50,187086
2023,1,Z3,国际经济与贸易(中外合作办学)(与德国埃森经济管理应用技术大学合作),A434,山东农业大学,60,186399
2023,1,Z4,土地资源管理(中外合作办学)(与英国皇家农业大学合作),A434,山东农业大学,145,195585
2023,1,Z5,动物科学(中外合作办学)(与美国杜鲁门州立大学合作),A434,山东农业大学,80,194495
2023,1,Z6,食品质量与安全(中外合作办学)(与英国皇家农业大学合作),A434,山东农业大学,150,189485
2023,1,D1,植物生产类(B，地方专项计划),A434,山东农业大学,10,123523
2023,1,D2,植物生产类(C，地方专项计划),A434,山东农业大学,20,133543
2023,1,D3,农业资源与环境(地方专项计划),A434,山东农业大学,10,133023
2023,1,D4,木材科学与工程(地方专项计划),A434,山东农业大学,10,150390
2023,1,D5,动物科学(地方专项计划),A434,山东农业大学,20,135139
2023,1,D6,环境科学与工程类(地方专项计划),A434,山东农业大学,20,146822
2023,1,D7,食品科学与工程(地方专项计划),A434,山东农业大学,10,128735
2023,1,D8,食品质量与安全(地方专项计划),A434,山东农业大学,10,132663
2023,1,D9,机械类(地方专项计划),A434,山东农业大学,20,124778
2023,1,DA,测绘类(地方专项计划),A434,山东农业大学,10,136426
2023,1,DB,水利类(地方专项计划),A434,山东农业大学,20,134654
2023,1,DC,土木类(地方专项计划),A434,山东农业大学,10,150303
2023,1,DD,公共管理类(地方专项计划),A434,山东农业大学,10,125634
2023,1,DE,俄语(地方专项计划),A434,山东农业大学,10,161515
2023,1,DF,园林(地方专项计划),A434,山东农业大学,10,139354
2023,1,01,农学(含创新实验班),A435,青岛农业大学,130,145660
2023,1,02,园艺(含创新实验班),A435,青岛农业大学,60,159235
2023,1,03,园林(含创新实验班),A435,青岛农业大学,82,153867
2023,1,04,烟草(含创新实验班),A435,青岛农业大学,70,129784
2023,1,05,草业科学(含创新实验班),A435,青岛农业大学,23,164318
2023,1,06,生物科学(创新实验班),A435,青岛农业大学,186,151806
2023,1,07,植物保护(含创新实验班),A435,青岛农业大学,118,159004
2023,1,08,动物医学(含创新实验班),A435,青岛农业大学,260,138673
2023,1,09,动物科学(含创新实验班),A435,青岛农业大学,204,161838
2023,1,10,食品质量与安全(含创新实验班),A435,青岛农业大学,104,148137
2023,1,11,食品科学与工程(含创新实验班),A435,青岛农业大学,74,140154
2023,1,12,农业资源与环境(含创新实验班),A435,青岛农业大学,116,165063
2023,1,13,农林经济管理(含创新实验班),A435,青岛农业大学,103,148769
2023,1,15,材料化学,A435,青岛农业大学,70,159067
2023,1,16,功能材料,A435,青岛农业大学,66,163067
2023,1,17,工程造价,A435,青岛农业大学,70,147223
2023,1,18,土木工程,A435,青岛农业大学,190,167589
2023,1,19,电子信息工程,A435,青岛农业大学,35,109095
2023,1,20,计算机科学与技术,A435,青岛农业大学,33,96476
2023,1,21,测控技术与仪器,A435,青岛农业大学,60,139339
2023,1,22,电气工程及其自动化,A435,青岛农业大学,91,108108
2023,1,23,建筑环境与能源应用工程,A435,青岛农业大学,70,162592
2023,1,24,数据科学与大数据技术,A435,青岛农业大学,35,107098
2023,1,25,应用化学,A435,青岛农业大学,100,151284
2023,1,26,英语,A435,青岛农业大学,81,123717
2023,1,27,日语,A435,青岛农业大学,52,157479
2023,1,28,会计学,A435,青岛农业大学,96,100246
2023,1,29,朝鲜语,A435,青岛农业大学,52,175333
2023,1,30,传播学,A435,青岛农业大学,60,129540
2023,1,31,财务管理,A435,青岛农业大学,95,106964
2023,1,32,电子商务,A435,青岛农业大学,86,145138
2023,1,33,物流管理,A435,青岛农业大学,100,150585
2023,1,34,知识产权,A435,青岛农业大学,52,106492
2023,1,35,社会工作,A435,青岛农业大学,60,146553
2023,1,36,汉语言文学,A435,青岛农业大学,119,92504
2023,1,37,经济与金融,A435,青岛农业大学,105,133602
2023,1,38,公共事业管理,A435,青岛农业大学,94,145651
2023,1,40,茶学,A435,青岛农业大学,20,161310
2023,1,41,林学,A435,青岛农业大学,48,155995
2023,1,42,药学,A435,青岛农业大学,70,129608
2023,1,43,建筑学,A435,青岛农业大学,70,138666
2023,1,44,制药工程,A435,青岛农业大学,76,145258
2023,1,45,智慧农业,A435,青岛农业大学,60,149519
2023,1,46,动物药学,A435,青岛农业大学,35,148635
2023,1,47,粮食工程,A435,青岛农业大学,28,156965
2023,1,48,马业科学,A435,青岛农业大学,1,138271
2023,1,49,风景园林,A435,青岛农业大学,94,150378
2023,1,50,环境科学,A435,青岛农业大学,55,161165
2023,1,51,环境工程,A435,青岛农业大学,60,161754
2023,1,52,环境生态工程,A435,青岛农业大学,50,164315
2023,1,53,海洋资源与环境,A435,青岛农业大学,70,152290
2023,1,55,化学工程与工艺,A435,青岛农业大学,67,154258
2023,1,56,水产养殖学,A435,青岛农业大学,39,163780
2023,1,57,水生动物医学,A435,青岛农业大学,5,153647
2023,1,58,水族科学与技术,A435,青岛农业大学,1,158448
2023,1,59,草坪科学与工程,A435,青岛农业大学,35,167773
2023,1,60,设施农业科学与工程,A435,青岛农业大学,46,162776
2023,1,61,智能科学与技术,A435,青岛农业大学,35,116446
2023,1,62,农业智能装备工程,A435,青岛农业大学,60,160664
2023,1,63,土地科学与技术,A435,青岛农业大学,70,169196
2023,1,64,机械设计制造及其自动化,A435,青岛农业大学,46,122854
2023,1,65,农业机械化及其自动化(含创新实验班),A435,青岛农业大学,77,143780
2023,1,H1,农学(中外合作办学),A435,青岛农业大学,60,225124
2023,1,H2,农业资源与环境(中外合作办学),A435,青岛农业大学,60,237426
2023,1,H3,食品科学与工程(中外合作办学),A435,青岛农业大学,90,234945
2023,1,H4,物流管理(中外合作办学),A435,青岛农业大学,90,224176
2023,1,Z1,农学(地方专项计划),A435,青岛农业大学,10,152842
2023,1,Z2,林学(地方专项计划),A435,青岛农业大学,10,164961
2023,1,Z3,园艺(地方专项计划),A435,青岛农业大学,10,165739
2023,1,Z4,茶学(地方专项计划),A435,青岛农业大学,10,167884
2023,1,Z5,植物保护(地方专项计划),A435,青岛农业大学,10,160975
2023,1,Z6,动物科学(地方专项计划),A435,青岛农业大学,10,162150
2023,1,Z7,草业科学(地方专项计划),A435,青岛农业大学,10,172630
2023,1,Z8,马业科学(地方专项计划),A435,青岛农业大学,10,176795
2023,1,Z9,智慧农业(地方专项计划),A435,青岛农业大学,10,151422
2023,1,ZA,粮食工程(地方专项计划),A435,青岛农业大学,10,165580
2023,1,ZB,水产养殖学(地方专项计划),A435,青岛农业大学,10,169557
2023,1,ZC,水生动物医学(地方专项计划),A435,青岛农业大学,10,169490
2023,1,ZD,水族科学与技术(地方专项计划),A435,青岛农业大学,10,174475
2023,1,ZE,食品质量与安全(地方专项计划),A435,青岛农业大学,10,150061
2023,1,ZF,农业资源与环境(地方专项计划),A435,青岛农业大学,10,167058
2023,1,ZG,草坪科学与工程(地方专项计划),A435,青岛农业大学,10,175144
2023,1,ZH,设施农业科学与工程(地方专项计划),A435,青岛农业大学,10,165477
2023,1,ZL,农业机械化及其自动化(地方专项计划),A435,青岛农业大学,10,137449
2023,1,X1,英语(校企合作，与青岛英谷教育科技股份有限公司合作),A435,青岛农业大学,90,164346
2023,1,X2,经济与金融(校企合作，与青岛英谷教育科技股份有限公司合作),A435,青岛农业大学,70,153227
2023,1,X4,电子信息工程(校企合作，与青岛英谷教育科技股份有限公司合作),A435,青岛农业大学,200,153418
2023,1,X5,计算机科学与技术(校企合作，与青岛英谷教育科技股份有限公司合作),A435,青岛农业大学,200,147941
2023,1,X6,计算机科学与技术(校企合作，与青岛英谷教育科技股份有限公司合作),A435,青岛农业大学,240,155669
2023,1,X8,风景园林(校企合作，与山东骏文信息科技有限公司合作),A435,青岛农业大学,80,171945
2023,1,01,临床医学,A438,潍坊医学院,479,57003
2023,1,02,麻醉学,A438,潍坊医学院,120,64223
2023,1,03,口腔医学,A438,潍坊医学院,73,43276
2023,1,04,预防医学,A438,潍坊医学院,143,121380
2023,1,05,医学影像学,A438,潍坊医学院,62,61750
2023,1,06,眼视光医学,A438,潍坊医学院,49,69440
2023,1,07,中医学,A438,潍坊医学院,50,86593
2023,1,08,医学检验技术,A438,潍坊医学院,157,116530
2023,1,09,药学,A438,潍坊医学院,161,144885
2023,1,10,临床药学,A438,潍坊医学院,60,118709
2023,1,11,中药学,A438,潍坊医学院,50,147763
2023,1,12,生物技术,A438,潍坊医学院,40,166406
2023,1,13,生物医学工程,A438,潍坊医学院,47,162101
2023,1,14,生物制药,A438,潍坊医学院,117,160646
2023,1,15,康复治疗学,A438,潍坊医学院,29,129382
2023,1,16,康复作业治疗,A438,潍坊医学院,34,160812
2023,1,17,康复物理治疗,A438,潍坊医学院,32,158979
2023,1,18,医学影像技术,A438,潍坊医学院,29,102236
2023,1,19,食品质量与安全,A438,潍坊医学院,44,165535
2023,1,20,卫生检验与检疫,A438,潍坊医学院,68,135039
2023,1,21,智能医学工程,A438,潍坊医学院,30,150823
2023,1,22,眼视光学,A438,潍坊医学院,55,110001
2023,1,23,护理学,A438,潍坊医学院,179,142044
2023,1,24,应用心理学,A438,潍坊医学院,89,166533
2023,1,25,公共事业管理,A438,潍坊医学院,54,173223
2023,1,26,劳动与社会保障,A438,潍坊医学院,18,175914
2023,1,27,市场营销,A438,潍坊医学院,8,178314
2023,1,28,运动康复,A438,潍坊医学院,40,161861
2023,1,29,法学,A438,潍坊医学院,29,118900
2023,1,30,英语,A438,潍坊医学院,54,171010
2023,1,31,大数据管理与应用,A438,潍坊医学院,14,164565
2023,1,32,应急管理,A438,潍坊医学院,14,177994
2023,1,01,临床医学,A439,山东第一医科大学,542,37569
2023,1,02,麻醉学,A439,山东第一医科大学,60,41892
2023,1,03,医学实验技术,A439,山东第一医科大学,74,112073
2023,1,2J,眼视光医学,A439,山东第一医科大学,55,43733
2023,1,2K,眼视光学,A439,山东第一医科大学,55,76125
2023,1,2L,放射医学,A439,山东第一医科大学,55,53824
2023,1,2M,口腔医学,A439,山东第一医科大学,129,39351
2023,1,2N,口腔医学技术,A439,山东第一医科大学,25,67444
2023,1,2P,预防医学,A439,山东第一医科大学,114,71867
2023,1,2Q,医学检验技术,A439,山东第一医科大学,129,74672
2023,1,2R,生物医学科学,A439,山东第一医科大学,70,117168
2023,1,2S,生物技术,A439,山东第一医科大学,113,131409
2023,1,2T,医学实验技术(招收医学实验动物方向),A439,山东第一医科大学,50,125497
2023,1,2U,医学影像学,A439,山东第一医科大学,180,49189
2023,1,2V,医学影像技术,A439,山东第一医科大学,182,95243
2023,1,2W,生物医学工程,A439,山东第一医科大学,40,136251
2023,1,2Z,康复治疗学,A439,山东第一医科大学,160,126323
2023,1,30,运动康复,A439,山东第一医科大学,60,138985
2023,1,34,智能医学工程,A439,山东第一医科大学,60,124079
2023,1,35,医学信息工程,A439,山东第一医科大学,36,127855
2023,1,3R,精神医学,A439,山东第一医科大学,49,60339
2023,1,3S,药学,A439,山东第一医科大学,428,97267
2023,1,3U,临床药学,A439,山东第一医科大学,130,88285
2023,1,3W,中药学,A439,山东第一医科大学,45,102255
2023,1,3X,卫生检验与检疫,A439,山东第一医科大学,52,101029
2023,1,44,医疗保险,A439,山东第一医科大学,80,142141
2023,1,66,护理学,A439,山东第一医科大学,285,130978
2023,1,68,生物制药,A439,山东第一医科大学,40,129821
2023,1,6A,计算机科学与技术,A439,山东第一医科大学,110,122342
2023,1,6C,制药工程,A439,山东第一医科大学,60,133765
2023,1,6E,英语,A439,山东第一医科大学,85,151815
2023,1,6G,公共事业管理,A439,山东第一医科大学,15,142808
2023,1,3D,护理学(中外合作办学),A439,山东第一医科大学,70,176845
2023,1,67,护理学(地方专项计划),A439,山东第一医科大学,15,123959
2023,1,69,生物制药(地方专项计划),A439,山东第一医科大学,65,154234
2023,1,6B,计算机科学与技术(地方专项计划),A439,山东第一医科大学,10,117725
2023,1,6D,制药工程(地方专项计划),A439,山东第一医科大学,45,151116
2023,1,6F,英语(地方专项计划),A439,山东第一医科大学,50,174340
2023,1,6H,公共事业管理(地方专项计划),A439,山东第一医科大学,75,173098
2023,1,65,护理学(校企合作，与北京圣辅国际教育科技合作),A439,山东第一医科大学,30,141342
2023,1,11,特殊教育,A440,滨州医学院,16,163103
2023,1,12,公共事业管理,A440,滨州医学院,131,193896
2023,1,15,康复作业治疗,A440,滨州医学院,20,158586
2023,1,16,智能医学工程,A440,滨州医学院,30,171750
2023,1,1A,临床医学,A440,滨州医学院,511,68382
2023,1,1B,麻醉学,A440,滨州医学院,73,70981
2023,1,1C,医学影像学,A440,滨州医学院,86,72641
2023,1,1D,儿科学,A440,滨州医学院,30,84546
2023,1,1E,口腔医学,A440,滨州医学院,76,40095
2023,1,1F,预防医学,A440,滨州医学院,49,104141
2023,1,1G,生物技术,A440,滨州医学院,14,163589
2023,1,1H,统计学,A440,滨州医学院,22,146983
2023,1,1J,药学,A440,滨州医学院,100,137767
2023,1,1K,中药学,A440,滨州医学院,32,149351
2023,1,1L,医学检验技术,A440,滨州医学院,21,101664
2023,1,1M,医学影像技术,A440,滨州医学院,21,109270
2023,1,1P,康复治疗学,A440,滨州医学院,15,132438
2023,1,1Q,口腔医学技术,A440,滨州医学院,19,107163
2023,1,1R,听力与言语康复学,A440,滨州医学院,17,162683
2023,1,1S,护理学,A440,滨州医学院,141,148378
2023,1,1T,信息管理与信息系统,A440,滨州医学院,102,193720
2023,1,1U,假肢矫形工程,A440,滨州医学院,4,166173
2023,1,1V,生物制药,A440,滨州医学院,42,155960
2023,1,1W,康复物理治疗,A440,滨州医学院,20,159362
2023,1,1X,健康服务与管理,A440,滨州医学院,27,177764
2023,1,1Y,中医学,A440,滨州医学院,117,98402
2023,1,1Z,应用心理学,A440,滨州医学院,23,165879
2023,1,7A,康复治疗学(中外合作办学),A440,滨州医学院,80,207218
2023,1,01,中医学(5+3一体化),A441,山东中医药大学,120,30382
2023,1,02,中医学,A441,山东中医药大学,162,50241
2023,1,03,中医骨伤科学,A441,山东中医药大学,23,59331
2023,1,04,中西医临床医学,A441,山东中医药大学,114,76362
2023,1,05,食品卫生与营养学,A441,山东中医药大学,60,145902
2023,1,06,中药学,A441,山东中医药大学,106,112467
2023,1,07,中药资源与开发,A441,山东中医药大学,26,137172
2023,1,08,中草药栽培与鉴定,A441,山东中医药大学,28,145023
2023,1,09,药学,A441,山东中医药大学,84,111059
2023,1,10,药物制剂,A441,山东中医药大学,50,121669
2023,1,11,制药工程,A441,山东中医药大学,128,138946
2023,1,12,市场营销,A441,山东中医药大学,50,161867
2023,1,13,针灸推拿学,A441,山东中医药大学,223,79940
2023,1,14,康复治疗学,A441,山东中医药大学,50,120511
2023,1,15,护理学,A441,山东中医药大学,266,133373
2023,1,16,信息管理与信息系统,A441,山东中医药大学,31,143917
2023,1,17,应用心理学,A441,山东中医药大学,83,133433
2023,1,18,法学,A441,山东中医药大学,49,99539
2023,1,19,公共事业管理,A441,山东中医药大学,33,146416
2023,1,20,英语,A441,山东中医药大学,110,142247
2023,1,21,生物医学工程,A441,山东中医药大学,100,141067
2023,1,22,运动康复,A441,山东中医药大学,50,144315
2023,1,24,眼视光学,A441,山东中医药大学,80,105763
2023,1,25,眼视光医学,A441,山东中医药大学,71,66783
2023,1,26,临床医学,A441,山东中医药大学,95,65204
2023,1,27,听力与言语康复学,A441,山东中医药大学,40,147149
2023,1,28,健康服务与管理,A441,山东中医药大学,39,149403
2023,1,29,中医康复学,A441,山东中医药大学,55,89376
2023,1,30,中医养生学,A441,山东中医药大学,83,107412
2023,1,31,劳动与社会保障,A441,山东中医药大学,37,152179
2023,1,32,康复物理治疗,A441,山东中医药大学,40,146380
2023,1,33,智能医学工程,A441,山东中医药大学,55,140850
2023,1,34,中医学(5+3一体化，针推方向),A441,山东中医药大学,30,33501
2023,1,35,中医学(5+3一体化，儿科方向),A441,山东中医药大学,30,37101
2023,1,36,康复作业治疗,A441,山东中医药大学,34,146296
2023,1,N1,中医学(地方专项计划),A441,山东中医药大学,10,55526
2023,1,N2,中西医临床医学(地方专项计划),A441,山东中医药大学,10,79916
2023,1,N3,中药学(地方专项计划),A441,山东中医药大学,10,116852
2023,1,N4,康复治疗学(地方专项计划),A441,山东中医药大学,10,128017
2023,1,N5,针灸推拿学(地方专项计划),A441,山东中医药大学,10,85357
2023,1,N6,护理学(地方专项计划),A441,山东中医药大学,15,136753
2023,1,N7,眼视光医学(地方专项计划),A441,山东中医药大学,5,69525
2023,1,N8,制药工程(地方专项计划),A441,山东中医药大学,10,130798
2023,1,N9,应用心理学(地方专项计划),A441,山东中医药大学,5,137817
2023,1,NA,临床医学(地方专项计划),A441,山东中医药大学,5,65446
2023,1,NB,药学(地方专项计划),A441,山东中医药大学,5,112905
2023,1,NC,生物医学工程(地方专项计划),A441,山东中医药大学,10,135959
2023,1,ND,中药资源与开发(地方专项计划),A441,山东中医药大学,10,156117
2023,1,NE,中草药栽培与鉴定(地方专项计划),A441,山东中医药大学,10,159351
2023,1,NF,信息管理与信息系统(地方专项计划),A441,山东中医药大学,10,149546
2023,1,NG,市场营销(地方专项计划),A441,山东中医药大学,5,162125
2023,1,NH,公共事业管理(地方专项计划),A441,山东中医药大学,5,144260
2023,1,NJ,劳动与社会保障(地方专项计划),A441,山东中医药大学,5,155308
2023,1,NK,运动康复(地方专项计划),A441,山东中医药大学,5,141671
2023,1,NL,中医养生学(地方专项计划),A441,山东中医药大学,10,116564
2023,1,NM,健康服务与管理(地方专项计划),A441,山东中医药大学,5,158398
2023,1,41,计算机科学与技术(校企合作，与山东浪潮优派科技教育有限公司合作),A441,山东中医药大学,110,159367
2023,1,42,数据科学与大数据技术(校企合作，与山东浪潮优派科技教育有限公司合,A441,山东中医药大学,110,165231
2023,1,01,临床医学,A443,济宁医学院,473,87133
2023,1,02,医学影像学,A443,济宁医学院,72,80963
2023,1,03,精神医学,A443,济宁医学院,90,108758
2023,1,04,儿科学,A443,济宁医学院,40,92433
2023,1,05,口腔医学,A443,济宁医学院,60,52455
2023,1,06,预防医学,A443,济宁医学院,93,126981
2023,1,07,针灸推拿学,A443,济宁医学院,40,106572
2023,1,08,中西医临床医学,A443,济宁医学院,90,106736
2023,1,09,法医学,A443,济宁医学院,25,108996
2023,1,10,应用心理学,A443,济宁医学院,29,170910
2023,1,11,制药工程,A443,济宁医学院,40,167191
2023,1,13,生物制药,A443,济宁医学院,41,167521
2023,1,14,医学检验技术,A443,济宁医学院,103,126196
2023,1,15,康复治疗学,A443,济宁医学院,122,151779
2023,1,16,康复工程,A443,济宁医学院,40,177592
2023,1,17,卫生检验与检疫,A443,济宁医学院,26,137359
2023,1,18,护理学,A443,济宁医学院,172,153639
2023,1,19,助产学,A443,济宁医学院,28,161408
2023,1,20,临床药学,A443,济宁医学院,40,127206
2023,1,21,英语,A443,济宁医学院,58,178394
2023,1,22,生物技术,A443,济宁医学院,35,176435
2023,1,23,医学信息工程,A443,济宁医学院,44,175141
2023,1,24,计算机科学与技术,A443,济宁医学院,46,164657
2023,1,25,生物医学工程,A443,济宁医学院,44,174283
2023,1,26,生物工程,A443,济宁医学院,43,179369
2023,1,27,生物信息学,A443,济宁医学院,40,180134
2023,1,28,药学,A443,济宁医学院,112,154996
2023,1,29,药物制剂,A443,济宁医学院,71,170838
2023,1,30,中药学,A443,济宁医学院,23,150144
2023,1,31,信息管理与信息系统,A443,济宁医学院,43,188337
2023,1,32,市场营销,A443,济宁医学院,42,201100
2023,1,33,公共事业管理,A443,济宁医学院,47,192120
2023,1,34,英语(校企合作，与青岛英谷教育科技股份有限公司合作),A443,济宁医学院,60,204309
2023,1,35,计算机科学与技术(校企合作，与淄博开创云计算有限公司合作),A443,济宁医学院,60,203448
2023,1,36,计算机科学与技术(校企合作，与青岛英谷教育科技股份有限公司),A443,济宁医学院,60,200726
2023,1,38,护理学(校企合作，与水发民生产业投资集团有限公司),A443,济宁医学院,50,163769
2023,1,39,市场营销(校企合作，与山东开创集团股份有限公司合作),A443,济宁医学院,40,211607
2023,1,40,公共事业管理(校企合作，与达内时代科技集团有限公司合作),A443,济宁医学院,60,206358
2023,1,A1,思想政治教育(师范类),A445,山东师范大学,106,34814
2023,1,A3,中国共产党历史,A445,山东师范大学,5,34529
2023,1,BL,金融学类,A445,山东师范大学,50,53725
2023,1,C1,法学,A445,山东师范大学,110,35201
2023,1,D1,教育学(师范类),A445,山东师范大学,38,41108
2023,1,D2,教育技术学(师范类),A445,山东师范大学,10,47412
2023,1,D4,小学教育(师范类),A445,山东师范大学,33,44478
2023,1,FL,中国语言文学类,A445,山东师范大学,212,32796
2023,1,G1,汉语国际教育(师范类),A445,山东师范大学,60,48909
2023,1,HL,外国语言文学类,A445,山东师范大学,257,89461
2023,1,ML,新闻传播学类,A445,山东师范大学,60,52895
2023,1,N1,历史学(师范类),A445,山东师范大学,124,41509
2023,1,P1,数学与应用数学(师范类),A445,山东师范大学,152,36421
2023,1,P3,统计学,A445,山东师范大学,13,37309
2023,1,P4,数据科学与大数据技术,A445,山东师范大学,17,38903
2023,1,Q1,物理学(师范类),A445,山东师范大学,126,42990
2023,1,QL,电子信息类,A445,山东师范大学,25,39995
2023,1,R1,化学(师范类),A445,山东师范大学,186,47867
2023,1,R2,化学工程与工艺,A445,山东师范大学,10,45356
2023,1,S3,食品科学与工程,A445,山东师范大学,5,45461
2023,1,SL,生物科学类,A445,山东师范大学,137,50556
2023,1,TL,地理科学类,A445,山东师范大学,112,48173
2023,1,UL,心理学类,A445,山东师范大学,35,52259
2023,1,V1,通信工程,A445,山东师范大学,15,38695
2023,1,V6,人工智能,A445,山东师范大学,10,39929
2023,1,VL,计算机类,A445,山东师范大学,133,39178
2023,1,X4,信息管理与信息系统,A445,山东师范大学,6,38495
2023,1,XL,工商管理类,A445,山东师范大学,25,45269
2023,1,Y4,哲学,A445,山东师范大学,17,44842
2023,1,YL,公共管理类,A445,山东师范大学,25,54049
2023,1,XV,物流管理(中外合作办学),A445,山东师范大学,65,135301
2023,1,XX,财务管理(中外合作办学),A445,山东师范大学,105,92386
2023,1,1A,思想政治教育(师范类，地方专项计划),A445,山东师范大学,5,38481
2023,1,1C,法学(地方专项计划),A445,山东师范大学,5,36932
2023,1,1G,汉语国际教育(师范类，地方专项计划),A445,山东师范大学,5,50022
2023,1,1N,历史学(师范类，地方专项计划),A445,山东师范大学,5,43512
2023,1,1P,数学与应用数学(师范类，地方专项计划),A445,山东师范大学,5,37524
2023,1,1Q,物理学(师范类，地方专项计划),A445,山东师范大学,5,45217
2023,1,1R,化学(师范类，地方专项计划),A445,山东师范大学,5,39931
2023,1,1V,通信工程(地方专项计划),A445,山东师范大学,10,46753
2023,1,2D,教育技术学(师范类，地方专项计划),A445,山东师范大学,5,52797
2023,1,2R,化学工程与工艺(地方专项计划),A445,山东师范大学,5,61643
2023,1,3A,中国共产党历史(地方专项计划),A445,山东师范大学,5,46288
2023,1,3D,学前教育(师范类，地方专项计划),A445,山东师范大学,5,62238
2023,1,3P,统计学(地方专项计划),A445,山东师范大学,5,48748
2023,1,3S,食品科学与工程(地方专项计划),A445,山东师范大学,5,57371
2023,1,4P,数据科学与大数据技术(地方专项计划),A445,山东师范大学,5,44605
2023,1,4T,环境科学(地方专项计划),A445,山东师范大学,5,58135
2023,1,4X,信息管理与信息系统(地方专项计划),A445,山东师范大学,5,49914
2023,1,4Y,哲学(地方专项计划),A445,山东师范大学,5,65263
2023,1,6V,人工智能(地方专项计划),A445,山东师范大学,5,45304
2023,1,LB,金融学类(地方专项计划),A445,山东师范大学,15,66250
2023,1,LF,中国语言文学类(地方专项计划),A445,山东师范大学,5,32917
2023,1,LM,新闻传播学类(地方专项计划),A445,山东师范大学,5,54077
2023,1,LQ,电子信息类(地方专项计划),A445,山东师范大学,10,46450
2023,1,LS,生物科学类(地方专项计划),A445,山东师范大学,10,53234
2023,1,LT,地理科学类(地方专项计划),A445,山东师范大学,15,56792
2023,1,LU,心理学类(地方专项计划),A445,山东师范大学,10,75232
2023,1,LV,计算机类(地方专项计划),A445,山东师范大学,10,42626
2023,1,LX,工商管理类(地方专项计划),A445,山东师范大学,10,60074
2023,1,LY,公共管理类(地方专项计划),A445,山东师范大学,10,70793
2023,1,1T,教育技术学(师范类),A446,曲阜师范大学,76,97865
2023,1,1V,新闻学,A446,曲阜师范大学,84,97868
2023,1,2P,旅游管理,A446,曲阜师范大学,28,125781
2023,1,2Q,土地资源管理,A446,曲阜师范大学,31,106838
2023,1,2R,地理科学(师范类),A446,曲阜师范大学,177,72218
2023,1,2T,法学,A446,曲阜师范大学,85,57636
2023,1,2V,日语(师范类),A446,曲阜师范大学,78,121632
2023,1,2W,翻译,A446,曲阜师范大学,75,189385
2023,1,2X,商务英语,A446,曲阜师范大学,79,152791
2023,1,3D,电气工程及其自动化,A446,曲阜师范大学,33,78942
2023,1,3E,自动化,A446,曲阜师范大学,66,93363
2023,1,3G,物流管理,A446,曲阜师范大学,26,112081
2023,1,3H,工商管理,A446,曲阜师范大学,70,109678
2023,1,3J,财务管理,A446,曲阜师范大学,97,84481
2023,1,4E,化学(师范类),A446,曲阜师范大学,257,81175
2023,1,4F,材料化学,A446,曲阜师范大学,23,108575
2023,1,5A,心理学(师范类),A446,曲阜师范大学,96,86695
2023,1,5B,教育学(师范类),A446,曲阜师范大学,75,72673
2023,1,5H,金融工程,A446,曲阜师范大学,60,118941
2023,1,5K,经济学,A446,曲阜师范大学,110,93180
2023,1,6F,历史学(师范类),A446,曲阜师范大学,246,66356
2023,1,6G,文化产业管理,A446,曲阜师范大学,26,103322
2023,1,7A,思想政治教育(师范类),A446,曲阜师范大学,144,57517
2023,1,8Y,生物工程,A446,曲阜师范大学,29,88798
2023,1,8Z,生物科学(师范类),A446,曲阜师范大学,206,73662
2023,1,9Y,数学与应用数学(师范类),A446,曲阜师范大学,250,64460
2023,1,C9,统计学,A446,曲阜师范大学,98,89188
2023,1,D2,应用统计学,A446,曲阜师范大学,33,90692
2023,1,F4,英语(师范类),A446,曲阜师范大学,126,59414
2023,1,F5,法语,A446,曲阜师范大学,28,151677
2023,1,F6,俄语,A446,曲阜师范大学,27,119704
2023,1,J3,汉语言文学(师范类),A446,曲阜师范大学,198,47539
2023,1,J6,物理学(师范类),A446,曲阜师范大学,210,79896
2023,1,J7,电子信息工程,A446,曲阜师范大学,29,80514
2023,1,J8,通信工程,A446,曲阜师范大学,22,84294
2023,1,J9,光电信息科学与工程,A446,曲阜师范大学,24,92264
2023,1,M6,计算机科学与技术(师范类),A446,曲阜师范大学,89,78720
2023,1,M7,网络工程,A446,曲阜师范大学,29,90850
2023,1,Q9,哲学,A446,曲阜师范大学,48,93394
2023,1,QZ,信息与计算科学,A446,曲阜师范大学,22,82609
2023,1,R2,政治学与行政学,A446,曲阜师范大学,65,80198
2023,1,RG,文物与博物馆学,A446,曲阜师范大学,30,89686
2023,1,RJ,物联网工程,A446,曲阜师范大学,14,85585
2023,1,RK,汉语国际教育(师范类),A446,曲阜师范大学,47,67672
2023,1,SB,数据科学与大数据技术,A446,曲阜师范大学,54,80983
2023,1,SZ,学前教育(师范类),A446,曲阜师范大学,60,96369
2023,1,TB,新能源材料与器件,A446,曲阜师范大学,8,95237
2023,1,TC,人工智能,A446,曲阜师范大学,48,92006
2023,1,TD,广播电视学,A446,曲阜师范大学,48,111894
2023,1,TE,制药工程,A446,曲阜师范大学,26,101922
2023,1,UT,小学教育(师范类),A446,曲阜师范大学,56,72815
2023,1,UU,生态学,A446,曲阜师范大学,31,114929
2023,1,UV,国际经济与贸易,A446,曲阜师范大学,58,115975
2023,1,UW,网络空间安全,A446,曲阜师范大学,41,89012
2023,1,WM,化学工程与工艺,A446,曲阜师范大学,32,108821
2023,1,VB,汉语言文学(师范类，地方专项计划),A446,曲阜师范大学,10,49289
2023,1,VC,教育学(师范类，地方专项计划),A446,曲阜师范大学,10,76879
2023,1,VD,历史学(师范类，地方专项计划),A446,曲阜师范大学,10,64851
2023,1,VF,教育技术学(师范类，地方专项计划),A446,曲阜师范大学,10,100959
2023,1,VH,计算机科学与技术(师范类，地方专项计划),A446,曲阜师范大学,10,82207
2023,1,VK,新能源材料与器件(地方专项计划),A446,曲阜师范大学,10,113041
2023,1,VL,生物工程(地方专项计划),A446,曲阜师范大学,10,101128
2023,1,VM,信息与计算科学(地方专项计划),A446,曲阜师范大学,10,93293
2023,1,VP,制药工程(地方专项计划),A446,曲阜师范大学,10,107935
2023,1,VR,通信工程(地方专项计划),A446,曲阜师范大学,10,90940
2023,1,VT,旅游管理(地方专项计划),A446,曲阜师范大学,10,143059
2023,1,VU,土地资源管理(地方专项计划),A446,曲阜师范大学,10,118440
2023,1,VW,电气工程及其自动化(地方专项计划),A446,曲阜师范大学,10,86945
2023,1,VZ,物流管理(地方专项计划),A446,曲阜师范大学,10,125884
2023,1,WB,物联网工程(地方专项计划),A446,曲阜师范大学,10,95076
2023,1,WC,网络工程(地方专项计划),A446,曲阜师范大学,10,95077
2023,1,WD,政治学与行政学(地方专项计划),A446,曲阜师范大学,10,87618
2023,1,WN,心理学(师范类，地方专项计划),A446,曲阜师范大学,10,93978
2023,1,UX,自动化(校企合作，与歌尔股份有限公司合作),A446,曲阜师范大学,100,137083
2023,1,UY,电气工程及其自动化(校企合作，与歌尔股份有限公司合作),A446,曲阜师范大学,100,132214
2023,1,VA,软件工程(校企合作，与北京优炫软件股份有限公司合作),A446,曲阜师范大学,190,127268
2023,1,A0,哲学,A447,聊城大学,40,129777
2023,1,A1,经济学,A447,聊城大学,102,133263
2023,1,A2,金融工程,A447,聊城大学,40,140826
2023,1,A3,法学,A447,聊城大学,119,98836
2023,1,A5,政治学、经济学与哲学,A447,聊城大学,65,131152
2023,1,A6,思想政治教育(师范类),A447,聊城大学,89,92245
2023,1,A7,教育学(师范类),A447,聊城大学,37,106629
2023,1,A8,教育技术学(师范类),A447,聊城大学,60,131647
2023,1,AA,小学教育(师范类),A447,聊城大学,7,93187
2023,1,AD,汉语言文学(师范类),A447,聊城大学,176,84439
2023,1,AE,汉语国际教育,A447,聊城大学,60,121925
2023,1,AF,英语(师范类),A447,聊城大学,73,99435
2023,1,AG,西班牙语,A447,聊城大学,30,185494
2023,1,AH,日语,A447,聊城大学,27,152861
2023,1,AJ,广播电视学,A447,聊城大学,29,140097
2023,1,AK,历史学(师范类),A447,聊城大学,84,101200
2023,1,AL,外国语言与外国历史,A447,聊城大学,40,146213
2023,1,AM,数学与应用数学(师范类),A447,聊城大学,150,114296
2023,1,AN,物理学(师范类),A447,聊城大学,123,126496
2023,1,AP,化学(师范类),A447,聊城大学,128,118701
2023,1,AQ,应用化学,A447,聊城大学,40,153805
2023,1,AR,地理科学(师范类),A447,聊城大学,114,105078
2023,1,AS,地理信息科学,A447,聊城大学,120,134380
2023,1,AT,生物科学(师范类),A447,聊城大学,168,118145
2023,1,AU,应用心理学,A447,聊城大学,34,131472
2023,1,AV,机械设计制造及其自动化,A447,聊城大学,28,129431
2023,1,AW,机械电子工程,A447,聊城大学,15,131015
2023,1,AX,车辆工程,A447,聊城大学,23,136624
2023,1,B2,电子信息工程,A447,聊城大学,67,119003
2023,1,B3,通信工程,A447,聊城大学,77,124255
2023,1,B4,光电信息科学与工程,A447,聊城大学,75,132198
2023,1,B6,计算机科学与技术,A447,聊城大学,71,107904
2023,1,B7,软件工程,A447,聊城大学,71,112399
2023,1,BA,土木工程,A447,聊城大学,7,151709
2023,1,BC,环境科学,A447,聊城大学,17,162299
2023,1,BD,食品科学与工程,A447,聊城大学,42,152486
2023,1,BE,建筑学,A447,聊城大学,38,143699
2023,1,BF,生物工程,A447,聊城大学,12,150335
2023,1,BH,智慧农业,A447,聊城大学,48,157920
2023,1,BJ,动物医学,A447,聊城大学,45,146029
2023,1,BK,园林,A447,聊城大学,50,166059
2023,1,BL,药学,A447,聊城大学,37,141882
2023,1,BM,口腔医学技术,A447,聊城大学,77,131909
2023,1,BN,护理学,A447,聊城大学,70,146724
2023,1,BP,会计学,A447,聊城大学,113,110203
2023,1,BR,行政管理,A447,聊城大学,30,135793
2023,1,BS,质量管理工程,A447,聊城大学,26,148522
2023,1,BV,智慧牧业科学与工程,A447,聊城大学,30,172148
2023,1,BW,智能影像工程,A447,聊城大学,40,152232
2023,1,CM,机械电子工程(地方专项计划),A447,聊城大学,5,140820
2023,1,CN,车辆工程(地方专项计划),A447,聊城大学,15,152063
2023,1,CP,材料科学与工程(地方专项计划),A447,聊城大学,15,174561
2023,1,CQ,金属材料工程(地方专项计划),A447,聊城大学,20,178879
2023,1,CR,高分子材料与工程(地方专项计划),A447,聊城大学,15,171597
2023,1,CS,新能源材料与器件(地方专项计划),A447,聊城大学,15,162794
2023,1,CT,土木工程(地方专项计划),A447,聊城大学,20,174101
2023,1,CU,环境科学(地方专项计划),A447,聊城大学,15,175832
2023,1,CV,食品科学与工程(地方专项计划),A447,聊城大学,10,159279
2023,1,CW,生物工程(地方专项计划),A447,聊城大学,10,158147
2023,1,CX,智慧农业(地方专项计划),A447,聊城大学,10,159665
2023,1,CY,动物医学(地方专项计划),A447,聊城大学,5,149408
2023,1,CZ,园林(地方专项计划),A447,聊城大学,15,171578
2023,1,D0,智慧牧业科学与工程(地方专项计划),A447,聊城大学,10,177688
2023,1,C6,金融工程(校企合作，与青岛英谷教育科技公司合作),A447,聊城大学,40,163896
2023,1,C7,日语(校企合作，与青软实训教育科技公司合作),A447,聊城大学,40,182816
2023,1,CA,电子信息工程(校企合作，与青软实训教育科技公司合作),A447,聊城大学,160,165828
2023,1,CB,人工智能(校企合作，与浪潮集团有限公司合作),A447,聊城大学,80,163527
2023,1,CC,软件工程(校企合作，与青软实训教育科技公司合作),A447,聊城大学,80,149103
2023,1,CD,网络工程(校企合作，与浪潮集团有限公司合作),A447,聊城大学,80,162714
2023,1,CE,数据科学与大数据技术(校企合作，与浪潮集团有限公司合作),A447,聊城大学,80,160025
2023,1,CF,知识产权(校企合作，与方宇有限公司合作),A447,聊城大学,80,139387
2023,1,CG,化学工程与工艺(校企合作，与山东阳谷华泰有限公司合作),A447,聊城大学,150,190469
2023,1,CH,生物制药(校企合作，与上海张江、东富龙公司合作),A447,聊城大学,160,187315
2023,1,CJ,人力资源管理(校企合作，与鲁商教育控股有限公司合作),A447,聊城大学,120,180489
2023,1,CK,旅游管理(校企合作，与世纪金源投资集团公司合作),A447,聊城大学,110,200502
2023,1,CL,智能建造(校企合作，与广联达科技有限公司合作),A447,聊城大学,80,185092
2023,1,0B,英语(师范类),A448,德州学院,84,159003
2023,1,0E,生物科学(师范类),A448,德州学院,110,167069
2023,1,0J,地理科学(师范类),A448,德州学院,110,160481
2023,1,0L,人文地理与城乡规划,A448,德州学院,13,173344
2023,1,0M,护理学,A448,德州学院,67,159703
2023,1,0N,俄语,A448,德州学院,28,202154
2023,1,0P,汉语国际教育(师范类),A448,德州学院,80,170787
2023,1,0Q,法学,A448,德州学院,60,129162
2023,1,0R,思想政治教育(师范类),A448,德州学院,29,139692
2023,1,0T,生物制药,A448,德州学院,40,178005
2023,1,0U,智能制造工程,A448,德州学院,80,193651
2023,1,0V,汉语言文学(师范类),A448,德州学院,100,131866
2023,1,0W,新闻学,A448,德州学院,45,170316
2023,1,0X,数学与应用数学(师范类),A448,德州学院,120,169237
2023,1,15,电子信息工程,A448,德州学院,77,185759
2023,1,18,网络工程,A448,德州学院,40,183836
2023,1,1A,化学工程与工艺,A448,德州学院,39,186980
2023,1,1B,化学(师范类),A448,德州学院,120,179562
2023,1,1C,环境工程,A448,德州学院,65,198548
2023,1,1D,人工智能,A448,德州学院,40,187956
2023,1,1G,纺织工程,A448,德州学院,40,213218
2023,1,1H,生物信息学,A448,德州学院,40,188389
2023,1,1J,能源与动力工程,A448,德州学院,20,171895
2023,1,1L,制药工程,A448,德州学院,15,178859
2023,1,1M,材料化学,A448,德州学院,40,202379
2023,1,1R,风景园林,A448,德州学院,5,173508
2023,1,1S,食品质量与安全,A448,德州学院,35,181711
2023,1,1U,应用统计学,A448,德州学院,40,182670
2023,1,1Y,国际经济与贸易,A448,德州学院,40,194214
2023,1,1Z,会计学,A448,德州学院,120,157311
2023,1,23,行政管理,A448,德州学院,25,173597
2023,1,25,物理学(师范类),A448,德州学院,120,186605
2023,1,26,环境生态工程,A448,德州学院,40,203564
2023,1,31,物联网工程,A448,德州学院,69,186133
2023,1,34,服装设计与工程,A448,德州学院,43,205609
2023,1,36,小学教育(师范类),A448,德州学院,35,142640
2023,1,38,机械设计制造及其自动化,A448,德州学院,40,186416
2023,1,3A,商务英语,A448,德州学院,80,197561
2023,1,3C,非织造材料与工程,A448,德州学院,40,218264
2023,1,3E,电气工程及其自动化,A448,德州学院,75,172866
2023,1,69,车辆工程,A448,德州学院,40,194087
2023,1,6W,市场营销(数字营销),A448,德州学院,40,201933
2023,1,6X,国际经济与贸易(数字贸易),A448,德州学院,40,197173
2023,1,0Z,生物技术(中外合作办学),A448,德州学院,80,229335
2023,1,1X,能源与动力工程(中外合作办学),A448,德州学院,120,230665
2023,1,6Y,化学(中外合作办学),A448,德州学院,100,237256
2023,1,6Z,生物科学(中外合作办学),A448,德州学院,40,227168
2023,1,70,食品质量与安全(中外合作办学),A448,德州学院,80,226107
2023,1,29,计算机科学与技术(校企合作，与浪潮优派科技教育有限公司合作),A448,德州学院,70,201057
2023,1,2D,物联网工程(校企合作，与中兴数字科技集团有限公司合作),A448,德州学院,100,213394
2023,1,39,软件工程(校企合作，与青软实训教育科技股份公司合作),A448,德州学院,180,214828
2023,1,68,数据科学与大数据技术(校企合作，与青软创新科技集团股份公司合作),A448,德州学院,130,215064
2023,1,71,数据科学与大数据技术(校企合作，与浪潮软件股份有限公司合作),A448,德州学院,50,214038
2023,1,72,工商管理(校企合作，与鲁商教育控股有限公司合作),A448,德州学院,80,200305
2023,1,13,汉语言文学(师范类),A449,滨州学院,60,113765
2023,1,14,历史学(师范类),A449,滨州学院,47,137964
2023,1,15,英语(师范类),A449,滨州学院,74,140456
2023,1,16,商务英语,A449,滨州学院,29,176094
2023,1,17,经济统计学,A449,滨州学院,37,173910
2023,1,18,数字经济,A449,滨州学院,27,180385
2023,1,19,财务管理,A449,滨州学院,40,157701
2023,1,20,市场营销,A449,滨州学院,40,200922
2023,1,21,思想政治教育(师范类),A449,滨州学院,60,136849
2023,1,22,数学与应用数学(师范类),A449,滨州学院,44,156074
2023,1,23,应用化学,A449,滨州学院,52,185722
2023,1,24,高分子材料与工程,A449,滨州学院,55,194812
2023,1,25,化学工程与工艺,A449,滨州学院,52,193099
2023,1,26,安全工程,A449,滨州学院,50,196333
2023,1,28,建筑学,A449,滨州学院,27,177497
2023,1,29,智能建造,A449,滨州学院,26,194449
2023,1,30,土木工程,A449,滨州学院,20,192302
2023,1,32,机械设计制造及其自动化,A449,滨州学院,78,180259
2023,1,33,航空航天工程,A449,滨州学院,31,168333
2023,1,35,飞行器制造工程,A449,滨州学院,30,174382
2023,1,36,飞行器设计与工程,A449,滨州学院,31,179285
2023,1,37,自动化,A449,滨州学院,52,171011
2023,1,38,电气工程及其自动化,A449,滨州学院,62,158405
2023,1,39,机器人工程,A449,滨州学院,30,181034
2023,1,40,人工智能,A449,滨州学院,25,175044
2023,1,41,食品质量与安全,A449,滨州学院,73,181523
2023,1,43,生物制药,A449,滨州学院,33,175130
2023,1,44,环境工程,A449,滨州学院,57,196054
2023,1,45,电子信息工程,A449,滨州学院,67,169321
2023,1,48,光电信息科学与工程,A449,滨州学院,29,183366
2023,1,49,飞行器动力工程,A449,滨州学院,17,177582
2023,1,50,无人驾驶航空器系统工程,A449,滨州学院,33,187913
2023,1,51,交通运输(空管与签派方向，男生),A449,滨州学院,27,178573
2023,1,52,交通运输(民航机务工程方向，男生),A449,滨州学院,120,183192
2023,1,53,飞行器适航技术(男生),A449,滨州学院,20,187954
2023,1,55,交通工程,A449,滨州学院,56,186995
2023,1,56,物流工程(航空物流方向),A449,滨州学院,40,183666
2023,1,57,物联网工程,A449,滨州学院,25,168051
2023,1,58,数据科学与大数据技术,A449,滨州学院,20,167643
2023,1,59,学前教育(师范类),A449,滨州学院,24,167485
2023,1,60,小学教育(师范类),A449,滨州学院,70,146207
2023,1,64,法语,A449,滨州学院,30,207175
2023,1,69,通信工程,A449,滨州学院,38,175187
2023,1,84,计算机科学与技术,A449,滨州学院,80,165060
2023,1,98,生物技术,A449,滨州学院,104,193234
2023,1,99,生态学,A449,滨州学院,40,198235
2023,1,62,交通运输(中外合作办学),A449,滨州学院,80,230652
2023,1,63,飞行器制造工程(中外合作办学),A449,滨州学院,100,229692
2023,1,68,市场营销(校企合作，与中软创新（北京）国际信息技术研究院合作),A449,滨州学院,40,208736
2023,1,70,电子信息工程(校企合作，与山东华兴数字科技集团有限公司合作),A449,滨州学院,70,207340
2023,1,71,计算机科学与技术(校企合作，与青软创新科技集团股份有限公司合作),A449,滨州学院,84,194384
2023,1,72,电子信息工程(校企合作，与济南华恒兴通信科技有限公司合作),A449,滨州学院,70,208440
2023,1,07,汉语言文学(师范类),A451,鲁东大学,92,62406
2023,1,08,汉语言,A451,鲁东大学,63,81205
2023,1,09,传播学,A451,鲁东大学,57,119656
2023,1,10,汉语国际教育,A451,鲁东大学,42,106462
2023,1,11,历史学(师范类),A451,鲁东大学,115,85437
2023,1,12,思想政治教育(师范类),A451,鲁东大学,125,84700
2023,1,13,法学,A451,鲁东大学,122,76043
2023,1,14,社会工作,A451,鲁东大学,68,132036
2023,1,15,英语(师范类),A451,鲁东大学,169,89561
2023,1,17,日语,A451,鲁东大学,44,157457
2023,1,18,朝鲜语,A451,鲁东大学,44,184978
2023,1,19,小学教育(师范类),A451,鲁东大学,35,85291
2023,1,21,心理学(师范类),A451,鲁东大学,73,118912
2023,1,22,应用心理学,A451,鲁东大学,62,120701
2023,1,23,经济学,A451,鲁东大学,69,109878
2023,1,24,国际经济与贸易,A451,鲁东大学,51,121060
2023,1,25,国际经济与贸易(中美学分互认联合培养项目),A451,鲁东大学,30,226729
2023,1,26,旅游管理,A451,鲁东大学,65,155144
2023,1,27,财务管理,A451,鲁东大学,64,97013
2023,1,28,数学与应用数学(师范类),A451,鲁东大学,100,91969
2023,1,29,统计学,A451,鲁东大学,61,108737
2023,1,30,物理学(师范类),A451,鲁东大学,85,104457
2023,1,31,光电信息科学与工程,A451,鲁东大学,66,114985
2023,1,32,新能源材料与器件,A451,鲁东大学,67,128685
2023,1,33,集成电路设计与集成系统,A451,鲁东大学,60,116819
2023,1,34,化学(师范类),A451,鲁东大学,86,99051
2023,1,35,高分子材料与工程,A451,鲁东大学,65,147591
2023,1,36,化学工程与工艺,A451,鲁东大学,66,142612
2023,1,37,生物科学(师范类),A451,鲁东大学,79,93478
2023,1,38,生物工程,A451,鲁东大学,59,130981
2023,1,39,生物制药,A451,鲁东大学,58,129156
2023,1,40,地理科学(师范类),A451,鲁东大学,88,90963
2023,1,41,地理信息科学,A451,鲁东大学,60,107472
2023,1,42,环境工程,A451,鲁东大学,33,137426
2023,1,43,环境工程(中美学分互认联合培养项目),A451,鲁东大学,30,248060
2023,1,44,机械设计制造及其自动化,A451,鲁东大学,56,116683
2023,1,45,车辆工程,A451,鲁东大学,58,124962
2023,1,46,智能制造工程,A451,鲁东大学,44,122305
2023,1,47,物流工程,A451,鲁东大学,56,143169
2023,1,48,土木工程,A451,鲁东大学,192,162576
2023,1,50,港口航道与海岸工程,A451,鲁东大学,52,148730
2023,1,51,应急技术与管理,A451,鲁东大学,54,165057
2023,1,52,食品科学与工程,A451,鲁东大学,109,141432
2023,1,54,电气工程及其自动化,A451,鲁东大学,68,93329
2023,1,55,通信工程,A451,鲁东大学,65,106214
2023,1,56,软件工程,A451,鲁东大学,69,91525
2023,1,57,计算机科学与技术,A451,鲁东大学,69,82368
2023,1,58,人工智能,A451,鲁东大学,72,106026
2023,1,59,农学,A451,鲁东大学,87,145369
2023,1,60,园艺,A451,鲁东大学,63,156134
2023,1,61,水产养殖学,A451,鲁东大学,66,160134
2023,1,64,生物科学(中外合作办学)(与美国布里奇波特大学合作办学),A451,鲁东大学,100,226419
2023,1,65,葡萄与葡萄酒工程(中外合作办学)(与意大利萨萨里大学合作办学),A451,鲁东大学,80,238657
2023,1,66,机械设计制造及其自动化(中外合作办学)(与韩国蔚山大学合作办学),A451,鲁东大学,80,220629
2023,1,67,电气工程及其自动化(中外合作办学)(与韩国蔚山大学合作办学),A451,鲁东大学,80,198624
2023,1,68,船舶与海洋工程(中外合作办学)(与韩国蔚山大学合作办学),A451,鲁东大学,140,240897
2023,1,28,电子信息工程(非西藏生源定向西藏就业),A452,临沂大学,2,134650
2023,1,3C,土木工程(非西藏生源定向西藏就业),A452,临沂大学,2,166065
2023,1,3Q,计算机科学与技术(非西藏生源定向西藏就业),A452,临沂大学,2,132678
2023,1,3U,动物科学(非西藏生源定向西藏就业),A452,临沂大学,2,139026
2023,1,3V,环境工程(非西藏生源定向西藏就业),A452,临沂大学,2,152168
2023,1,56,生物科学(师范类),A452,临沂大学,38,108754
2023,1,61,数学与应用数学(师范类),A452,临沂大学,87,116847
2023,1,76,物理学(师范类),A452,临沂大学,76,128387
2023,1,E8,历史学(师范类),A452,临沂大学,84,101495
2023,1,EA,旅游管理,A452,临沂大学,68,168100
2023,1,EB,法学,A452,临沂大学,32,89530
2023,1,ED,社会工作,A452,临沂大学,30,148015
2023,1,EE,小学教育(师范类),A452,临沂大学,188,114285
2023,1,EG,应用心理学(师范类),A452,临沂大学,46,133019
2023,1,EH,国际经济与贸易,A452,临沂大学,38,138244
2023,1,EJ,会计学,A452,临沂大学,93,111699
2023,1,EK,工商管理,A452,临沂大学,32,133638
2023,1,EM,测绘工程,A452,临沂大学,55,166539
2023,1,EN,地理科学(师范类),A452,临沂大学,57,106371
2023,1,EP,环境工程,A452,临沂大学,72,160693
2023,1,EQ,人文地理与城乡规划,A452,临沂大学,21,134364
2023,1,ES,电子信息工程,A452,临沂大学,91,124223
2023,1,ET,微电子科学与工程,A452,临沂大学,30,129311
2023,1,EU,思想政治教育(师范类),A452,临沂大学,34,92937
2023,1,EW,生物技术,A452,临沂大学,49,150007
2023,1,EX,食品科学与工程,A452,临沂大学,30,149788
2023,1,F3,通信工程,A452,临沂大学,61,127129
2023,1,F7,化学(师范类),A452,临沂大学,86,122324
2023,1,F8,应用化学,A452,临沂大学,67,153513
2023,1,F9,医学检验技术,A452,临沂大学,51,131424
2023,1,FD,新闻学,A452,临沂大学,86,129224
2023,1,FE,电气工程及其自动化,A452,临沂大学,76,116371
2023,1,FG,自动化,A452,临沂大学,92,132129
2023,1,FH,机器人工程,A452,临沂大学,24,134119
2023,1,FJ,人工智能,A452,临沂大学,17,125305
2023,1,FK,英语(师范类),A452,临沂大学,80,108595
2023,1,FL,商务英语,A452,临沂大学,80,170630
2023,1,FN,药学,A452,临沂大学,38,135089
2023,1,FP,中药学,A452,临沂大学,51,140947
2023,1,FQ,制药工程,A452,临沂大学,64,147070
2023,1,FR,物流管理,A452,临沂大学,109,157679
2023,1,FS,物流工程,A452,临沂大学,30,168559
2023,1,FT,电子商务,A452,临沂大学,96,156050
2023,1,FU,土木工程,A452,临沂大学,82,169994
2023,1,FV,建筑学,A452,临沂大学,60,146899
2023,1,FX,建筑环境与能源应用工程,A452,临沂大学,16,162426
2023,1,FY,汉语言文学(师范类),A452,临沂大学,81,81124
2023,1,FZ,汉语国际教育(师范类),A452,临沂大学,47,115366
2023,1,G1,统计学,A452,临沂大学,30,124421
2023,1,G2,数据科学与大数据技术,A452,临沂大学,38,116587
2023,1,G3,材料科学与工程,A452,临沂大学,31,157784
2023,1,G4,新能源材料与器件,A452,临沂大学,45,149108
2023,1,G7,计算机科学与技术,A452,临沂大学,66,113015
2023,1,G8,软件工程,A452,临沂大学,82,118328
2023,1,GK,动物医学,A452,临沂大学,80,144856
2023,1,GL,园林,A452,临沂大学,27,163752
2023,1,GN,园艺,A452,临沂大学,19,160807
2023,1,H9,医学影像技术,A452,临沂大学,48,130704
2023,1,HA,卫生检验与检疫,A452,临沂大学,63,148167
2023,1,J6,俄语,A452,临沂大学,18,155341
2023,1,J7,西班牙语,A452,临沂大学,14,167140
2023,1,KQ,机械设计制造及其自动化,A452,临沂大学,76,138847
2023,1,L3,护理学,A452,临沂大学,56,150273
2023,1,L4,化妆品科学与技术,A452,临沂大学,51,164804
2023,1,L5,中草药栽培与鉴定,A452,临沂大学,57,169478
2023,1,L6,眼视光学,A452,临沂大学,44,138809
2023,1,L7,生物医学工程,A452,临沂大学,46,157903
2023,1,L8,智能医学工程,A452,临沂大学,48,158540
2023,1,L9,文物与博物馆学,A452,临沂大学,30,136084
2023,1,M3,车辆工程,A452,临沂大学,22,140949
2023,1,KS,机械设计制造及其自动化(中外合作办学),A452,临沂大学,76,206262
2023,1,KU,社会工作(中外合作办学)(招收银发产业经营与管理方向),A452,临沂大学,80,194938
2023,1,LY,生物技术(中外合作办学),A452,临沂大学,66,232785
2023,1,LZ,动物科学(中外合作办学),A452,临沂大学,68,234216
2023,1,M0,食品科学与工程(中外合作办学),A452,临沂大学,66,221355
2023,1,HQ,食品科学与工程(校企合作，与临沂新程金锣肉制品集团合作),A452,临沂大学,40,173737
2023,1,HS,动物科学(校企合作，与江苏益客食品集团股份有限公司合作),A452,临沂大学,40,179695
2023,1,HT,动物医学(校企合作，与山东新希望六和集团合作),A452,临沂大学,40,165426
2023,1,HU,物流工程(校企合作，与阿帕数字技术有限公司合作),A452,临沂大学,40,184515
2023,1,JH,微电子科学与工程(校企合作，与山东春光科技集团股份有限公司合作),A452,临沂大学,40,167205
2023,1,LQ,材料科学与工程(校企合作，与山东鑫海科技股份有限公司合作),A452,临沂大学,40,183709
2023,1,LR,药学(校企合作，与正大天晴药业集团合作),A452,临沂大学,40,165917
2023,1,LS,化学工程与工艺(校企合作，与山东泓达生物科技有限公司合作),A452,临沂大学,40,180140
2023,1,LT,建筑环境与能源应用工程(校企合作，与奥德集团有限公司合作),A452,临沂大学,40,187404
2023,1,LU,新能源材料与器件(校企合作，与山东鑫海科技股份有限公司合作),A452,临沂大学,40,174624
2023,1,LV,工商管理(校企合作，与山东翔龙实业集团有限公司合作),A452,临沂大学,40,167593
2023,1,LW,电气工程及其自动化(校企合作，与新风光电子科技股份有限公司合作),A452,临沂大学,30,142535
2023,1,LX,旅游管理(校企合作，与山东乐华旅游发展集团合作),A452,临沂大学,30,183056
2023,1,0N,汉语言文学,A453,泰山学院,132,131308
2023,1,0P,网络与新媒体,A453,泰山学院,50,176621
2023,1,0Q,思想政治教育(师范类),A453,泰山学院,80,140253
2023,1,0R,历史学类,A453,泰山学院,139,162256
2023,1,0V,英语(师范类),A453,泰山学院,84,149065
2023,1,0X,日语,A453,泰山学院,40,205361
2023,1,0Y,小学教育(师范类),A453,泰山学院,100,151312
2023,1,11,地理科学(师范类),A453,泰山学院,80,147808
2023,1,12,旅游管理,A453,泰山学院,40,201967
2023,1,14,工商管理类,A453,泰山学院,148,177248
2023,1,15,国际经济与贸易,A453,泰山学院,100,195919
2023,1,18,物流管理,A453,泰山学院,76,194838
2023,1,1B,人力资源管理,A453,泰山学院,35,179112
2023,1,1G,数学与应用数学(师范类),A453,泰山学院,83,155926
2023,1,1L,物理学(师范类),A453,泰山学院,40,165858
2023,1,1M,电子信息类,A453,泰山学院,193,185740
2023,1,1P,化学(师范类),A453,泰山学院,74,162033
2023,1,1Q,化工与制药类,A453,泰山学院,91,191770
2023,1,1R,高分子材料与工程,A453,泰山学院,34,190844
2023,1,1U,机械类,A453,泰山学院,36,184402
2023,1,1V,土木工程,A453,泰山学院,51,192755
2023,1,1X,计算机类,A453,泰山学院,145,173513
2023,1,21,人工智能,A453,泰山学院,43,185909
2023,1,27,生物科学类,A453,泰山学院,87,177552
2023,1,28,葡萄与葡萄酒工程,A453,泰山学院,29,199151
2023,1,8L,机械设计制造及其自动化(中外合作办学)(与西班牙奥维耶多大学合作),A453,泰山学院,120,232428
2023,1,2C,旅游管理(校企合作，与山东文旅集团有限公司合作办学),A453,泰山学院,50,212704
2023,1,2D,市场营销(校企合作，与山东文旅集团有限公司合作办学),A453,泰山学院,80,212042
2023,1,2E,软件工程(校企合作，与浪潮软件股份有限公司合作),A453,泰山学院,50,201355
2023,1,2F,数据科学与大数据技术(校企合作，与浪潮软件股份有限公司合作),A453,泰山学院,50,212133
2023,1,2H,通信工程(校企合作，与北京华晟经世信息技术公司合作),A453,泰山学院,60,212257
2023,1,2K,智能制造工程(校企合作，与泰开集团有限公司合作),A453,泰山学院,40,210812
2023,1,2L,数据科学与大数据技术(校企合作，与青软创新科技集团有限公司合作),A453,泰山学院,40,212631
2023,1,2N,数据科学与大数据技术(校企合作，与山东联科云计算有限公司合作),A453,泰山学院,60,212660
2023,1,2T,信息与计算科学(校企合作，与青软创新科技集团有限公司合作),A453,泰山学院,40,212237
2023,1,31,旅游管理(校企合作，与山东文旅集团有限公司合作办学),A453,泰山学院,40,213763
2023,1,01,思想政治教育(师范类),A454,济宁学院,100,150033
2023,1,02,汉语言文学,A454,济宁学院,60,137493
2023,1,03,汉语言文学(师范类),A454,济宁学院,80,133918
2023,1,04,秘书学,A454,济宁学院,15,172670
2023,1,05,网络与新媒体,A454,济宁学院,60,175754
2023,1,06,历史学(师范类),A454,济宁学院,40,146660
2023,1,07,行政管理,A454,济宁学院,25,184836
2023,1,08,经济学,A454,济宁学院,80,189656
2023,1,10,互联网金融,A454,济宁学院,20,186721
2023,1,11,文化产业管理,A454,济宁学院,40,195956
2023,1,12,旅游管理与服务教育,A454,济宁学院,10,199738
2023,1,16,英语(师范类),A454,济宁学院,120,166279
2023,1,17,商务英语,A454,济宁学院,25,184250
2023,1,18,小学教育(师范类),A454,济宁学院,100,160529
2023,1,19,心理学,A454,济宁学院,90,183139
2023,1,20,学前教育(师范类),A454,济宁学院,40,175073
2023,1,22,数学与应用数学(师范类),A454,济宁学院,120,177275
2023,1,23,应用统计学,A454,济宁学院,30,192972
2023,1,24,数据科学与大数据技术,A454,济宁学院,25,176253
2023,1,26,软件工程,A454,济宁学院,35,172245
2023,1,27,材料科学与工程,A454,济宁学院,70,204176
2023,1,28,电子信息工程,A454,济宁学院,75,189616
2023,1,29,物理学(师范类),A454,济宁学院,120,188848
2023,1,30,化学(师范类),A454,济宁学院,120,176966
2023,1,31,化学工程与工艺,A454,济宁学院,60,199197
2023,1,32,应用化学,A454,济宁学院,95,201674
2023,1,33,高分子材料与工程,A454,济宁学院,70,204860
2023,1,34,生物工程,A454,济宁学院,95,195561
2023,1,36,酿酒工程,A454,济宁学院,35,201902
2023,1,37,生物制药,A454,济宁学院,25,180024
2023,1,39,安全工程,A454,济宁学院,80,205658
2023,1,40,新能源科学与工程,A454,济宁学院,100,191925
2023,1,41,机械设计制造及其自动化,A454,济宁学院,70,189017
2023,1,42,电气工程及其自动化,A454,济宁学院,35,176413
2023,1,43,智能制造工程,A454,济宁学院,80,197717
2023,1,H1,食品科学与工程(中外合作办学)(与意大利福贾大学合作),A454,济宁学院,120,237887
2023,1,C1,计算机科学与技术(校企合作，与青岛英谷教育科技股份有限公司合作),A454,济宁学院,160,211238
2023,1,F1,测绘工程(校企合作，与山东绿色实业投资有限公司合作),A454,济宁学院,100,218280
2023,1,R1,金融工程(校企合作，与青岛英谷教育科技股份有限公司合作),A454,济宁学院,100,217227
2023,1,R2,电子商务及法律(校企合作，与山东网商科技集团有限公司合作),A454,济宁学院,100,208928
2023,1,1B,思想政治教育(师范类),A455,菏泽学院,39,150897
2023,1,1P,劳动与社会保障,A455,菏泽学院,50,200857
2023,1,1Q,知识产权,A455,菏泽学院,60,168639
2023,1,1R,信用风险管理与法律防控,A455,菏泽学院,40,182955
2023,1,2E,小学教育(师范类),A455,菏泽学院,105,164923
2023,1,2G,心理学(师范类),A455,菏泽学院,28,169848
2023,1,2H,特殊教育(师范类),A455,菏泽学院,40,172886
2023,1,2P,健康服务与管理,A455,菏泽学院,27,196979
2023,1,3D,汉语言文学(师范类),A455,菏泽学院,83,134425
2023,1,3E,历史学(师范类),A455,菏泽学院,7,140743
2023,1,3F,广告学,A455,菏泽学院,50,193262
2023,1,3P,商务英语(跨境电商方向),A455,菏泽学院,100,208922
2023,1,3Q,日语,A455,菏泽学院,30,206651
2023,1,3R,英语(师范类),A455,菏泽学院,56,162055
2023,1,4F,数学与应用数学(师范类),A455,菏泽学院,90,180991
2023,1,4R,电子信息科学与技术,A455,菏泽学院,100,198049
2023,1,4S,电气工程及其自动化,A455,菏泽学院,32,175095
2023,1,5C,环境科学与工程,A455,菏泽学院,50,204044
2023,1,5F,化学工程与工艺,A455,菏泽学院,48,204095
2023,1,5G,化学(师范类),A455,菏泽学院,44,172451
2023,1,5N,设施农业科学与工程,A455,菏泽学院,65,205036
2023,1,5Q,生物工程,A455,菏泽学院,44,186457
2023,1,5S,园艺,A455,菏泽学院,45,199163
2023,1,5U,食品科学与工程,A455,菏泽学院,45,185989
2023,1,5W,生物科学(师范类),A455,菏泽学院,62,166311
2023,1,6D,自动化,A455,菏泽学院,40,188234
2023,1,6G,机械电子工程,A455,菏泽学院,42,194250
2023,1,6H,机器人工程,A455,菏泽学院,50,197909
2023,1,6J,智能制造工程,A455,菏泽学院,40,198451
2023,1,7B,建筑学,A455,菏泽学院,43,189471
2023,1,7C,土木工程,A455,菏泽学院,70,207384
2023,1,7E,地理信息科学,A455,菏泽学院,40,185368
2023,1,7R,制药工程,A455,菏泽学院,60,193176
2023,1,7U,生物制药,A455,菏泽学院,50,186951
2023,1,8B,金融工程,A455,菏泽学院,50,194941
2023,1,8E,物流管理,A455,菏泽学院,50,202045
2023,1,8H,财务管理,A455,菏泽学院,46,166423
2023,1,8J,经济学,A455,菏泽学院,49,185281
2023,1,4U,物理学(中外合作办学)(师范类),A455,菏泽学院,100,231537
2023,1,3A,广播电视学(校企合作，与山东新视觉数码科技公司合作),A455,菏泽学院,50,211654
2023,1,4A,数据科学与大数据技术(校企合作，与北京中科特瑞科技公司合作),A455,菏泽学院,50,214753
2023,1,4C,统计学(校企合作，与北京中科特瑞科技公司合作),A455,菏泽学院,50,201763
2023,1,5A,能源化学工程(校企合作，与山东东明石化集团公司合作),A455,菏泽学院,50,209462
2023,1,6N,物联网工程(校企合作，与达内时代科技集团公司合作),A455,菏泽学院,50,215489
2023,1,6Q,计算机科学与技术(校企合作，与达内时代科技集团公司合作),A455,菏泽学院,50,212408
2023,1,6R,计算机科学与技术(校企合作，与慧与软件人才产业基地合作),A455,菏泽学院,100,215145
2023,1,6U,计算机科学与技术(校企合作，与山东骏文信息科技公司合作),A455,菏泽学院,50,213892
2023,1,7N,药学(校企合作，与山东睿鹰制药集团公司合作),A455,菏泽学院,50,197702
2023,1,01,经济学类,A456,山东财经大学,215,62538
2023,1,02,财政学类,A456,山东财经大学,175,53683
2023,1,03,金融学类,A456,山东财经大学,145,57632
2023,1,05,精算学,A456,山东财经大学,60,64850
2023,1,06,经济与贸易类,A456,山东财经大学,204,77700
2023,1,09,工商管理类,A456,山东财经大学,240,82938
2023,1,0A,财务管理,A456,山东财经大学,100,48370
2023,1,0B,公共管理类,A456,山东财经大学,70,83337
2023,1,0C,法学,A456,山东财经大学,156,49601
2023,1,0G,汉语言文学,A456,山东财经大学,40,49756
2023,1,0J,外国语言文学类,A456,山东财经大学,95,99225
2023,1,0K,数学与应用数学,A456,山东财经大学,40,59710
2023,1,0L,金融数学,A456,山东财经大学,60,65914
2023,1,0M,统计学,A456,山东财经大学,70,56936
2023,1,0N,经济统计学,A456,山东财经大学,84,60877
2023,1,0P,数据科学与大数据技术,A456,山东财经大学,70,54839
2023,1,0Q,计算机类,A456,山东财经大学,220,56116
2023,1,0S,金融学,A456,山东财经大学,150,50148
2023,1,0T,会计学,A456,山东财经大学,160,39587
2023,1,0U,国际经济发展合作,A456,山东财经大学,18,68650
2023,1,0V,资产评估,A456,山东财经大学,60,62670
2023,1,0W,审计学,A456,山东财经大学,100,46187
2023,1,W1,经济学(中外合作办学),A456,山东财经大学,100,86378
2023,1,W2,统计学(中外合作办学),A456,山东财经大学,100,99018
2023,1,N1,经济学类(地方专项计划),A456,山东财经大学,5,61064
2023,1,N2,金融数学(地方专项计划),A456,山东财经大学,5,66086
2023,1,N3,公共管理类(地方专项计划),A456,山东财经大学,20,95343
2023,1,N4,文化产业管理(地方专项计划),A456,山东财经大学,10,108681
2023,1,N5,外国语言文学类(地方专项计划),A456,山东财经大学,20,103368
2023,1,N6,新闻学(地方专项计划),A456,山东财经大学,5,75720
2023,1,N7,保险学(地方专项计划),A456,山东财经大学,20,93632
2023,1,N8,经济统计学(地方专项计划),A456,山东财经大学,5,62678
2023,1,N9,工商管理类(地方专项计划),A456,山东财经大学,15,79976
2023,1,NA,法学(地方专项计划),A456,山东财经大学,20,53963
2023,1,NB,管理科学与工程类(地方专项计划),A456,山东财经大学,40,130312
2023,1,NC,跨境电子商务(地方专项计划),A456,山东财经大学,15,217164
2023,1,ND,电子商务类(地方专项计划),A456,山东财经大学,20,297580
2023,1,Q1,税收学(校企合作，与山东百丞税务服务股份有限公司合作),A456,山东财经大学,100,69166
2023,1,Q2,保险学(校企合作，与德华安顾人寿保险有限公司合作),A456,山东财经大学,100,104669
2023,1,Q3,信息管理与信息系统(校企合作，与浪潮集团有限公司合作),A456,山东财经大学,100,103357
2023,1,Q4,旅游管理(校企合作，与深圳奥雅设计股份有限公司合作),A456,山东财经大学,100,151609
2023,1,Q5,会计学(校企合作，与信永中和会计师事务所合作),A456,山东财经大学,100,56109
2023,1,Q6,计算机科学与技术(校企合作，与浪潮集团有限公司合作),A456,山东财经大学,100,76664
2023,1,Q7,文化产业管理(校企合作，与深圳东方汇泉金融控股有限公司合作),A456,山东财经大学,50,126272
2023,1,06,特殊教育(师范类),A457,山东体育学院,30,177677
2023,1,07,应用心理学,A457,山东体育学院,25,198254
2023,1,08,运动康复,A457,山东体育学院,50,196341
2023,1,09,运动人体科学,A457,山东体育学院,50,209226
2023,1,0E,体育经济与管理,A457,山东体育学院,30,208817
2023,1,0A,新闻学(校企合作，与山东太冠实业有限公司合作),A457,山东体育学院,40,206051
2023,1,0B,数据科学与大数据技术(校企合作，与山东骏文信息科技有限公司合作),A457,山东体育学院,20,211181
2023,1,0C,电子竞技运动与管理(校企合作，与邦尼集团有限公司合作),A457,山东体育学院,80,221724
2023,1,50,文化产业管理,A458,山东艺术学院,44,199499
2023,1,01,经济学类,A459,郑州大学,12,23028
2023,1,02,工商管理类,A459,郑州大学,7,24229
2023,1,03,公共管理类,A459,郑州大学,9,29876
2023,1,04,法学,A459,郑州大学,6,14941
2023,1,05,中国语言文学类,A459,郑州大学,12,19007
2023,1,06,新闻传播学类,A459,郑州大学,12,29921
2023,1,07,英语,A459,郑州大学,6,33366
2023,1,10,日语,A459,郑州大学,2,40072
2023,1,12,教育学类,A459,郑州大学,5,24966
2023,1,14,历史学类,A459,郑州大学,2,19328
2023,1,16,图书情报与档案管理类,A459,郑州大学,6,32615
2023,1,28,数学类,A459,郑州大学,11,20259
2023,1,29,化学类,A459,郑州大学,3,20472
2023,1,30,物理学类,A459,郑州大学,8,21010
2023,1,31,电子信息类,A459,郑州大学,14,17944
2023,1,32,自动化类,A459,郑州大学,20,19689
2023,1,33,计算机类,A459,郑州大学,12,15712
2023,1,36,机械类,A459,郑州大学,16,24401
2023,1,37,土木类,A459,郑州大学,10,33041
2023,1,42,管理科学与工程类,A459,郑州大学,5,31793
2023,1,44,生物科学类,A459,郑州大学,9,26460
2023,1,45,环境科学与工程类,A459,郑州大学,4,28692
2023,1,47,基础医学,A459,郑州大学,4,24130
2023,1,48,医学技术类,A459,郑州大学,5,24732
2023,1,49,临床医学,A459,郑州大学,12,9943
2023,1,51,医学影像学,A459,郑州大学,4,13585
2023,1,52,儿科学,A459,郑州大学,4,16911
2023,1,53,口腔医学,A459,郑州大学,4,10040
2023,1,57,预防医学,A459,郑州大学,12,28800
2023,1,58,药学类,A459,郑州大学,6,23367
2023,1,59,信息安全,A459,郑州大学,5,17665
2023,1,60,物联网工程,A459,郑州大学,7,18594
2023,1,61,密码科学与技术,A459,郑州大学,4,21473
2023,1,02,自动化类,A460,河南理工大学,2,59781
2023,1,07,通信工程,A460,河南理工大学,2,64503
2023,1,08,应用物理学,A460,河南理工大学,2,101610
2023,1,09,机械类,A460,河南理工大学,4,86308
2023,1,10,能源与动力工程,A460,河南理工大学,2,84338
2023,1,12,建筑环境与能源应用工程,A460,河南理工大学,2,132614
2023,1,13,城市地下空间工程,A460,河南理工大学,2,188220
2023,1,14,工程管理,A460,河南理工大学,2,102191
2023,1,15,工程力学,A460,河南理工大学,2,107977
2023,1,16,地质工程,A460,河南理工大学,2,121340
2023,1,20,地球信息科学与技术(地学大数据方向),A460,河南理工大学,2,89088
2023,1,21,环境工程,A460,河南理工大学,2,124924
2023,1,23,水文与水资源工程(智慧水文方向),A460,河南理工大学,2,121567
2023,1,25,测绘工程(导航方向),A460,河南理工大学,2,97037
2023,1,26,遥感科学与技术,A460,河南理工大学,2,71100
2023,1,27,土地资源管理,A460,河南理工大学,2,119378
2023,1,29,人文地理与城乡规划,A460,河南理工大学,2,119822
2023,1,30,智能采矿工程,A460,河南理工大学,3,134164
2023,1,34,安全工程(卓越计划班),A460,河南理工大学,3,97342
2023,1,35,消防工程,A460,河南理工大学,2,94365
2023,1,37,材料成型及控制工程(智能制造方向),A460,河南理工大学,2,112394
2023,1,39,矿物加工工程(卓越计划班),A460,河南理工大学,2,146898
2023,1,41,化学工程与工艺,A460,河南理工大学,2,102780
2023,1,42,储能科学与工程,A460,河南理工大学,2,83930
2023,1,43,计算机科学与技术,A460,河南理工大学,2,51573
2023,1,44,物联网工程,A460,河南理工大学,2,63142
2023,1,48,数学类,A460,河南理工大学,2,72402
2023,1,49,工商管理类,A460,河南理工大学,5,108573
2023,1,50,工业工程,A460,河南理工大学,2,118212
2023,1,53,财务管理,A460,河南理工大学,2,75073
2023,1,54,国际经济与贸易,A460,河南理工大学,1,91283
2023,1,58,建筑类,A460,河南理工大学,2,106070
2023,1,61,汉语言文学,A460,河南理工大学,2,62101
2023,1,62,法学,A460,河南理工大学,2,60638
2023,1,65,管理科学,A460,河南理工大学,2,232192
2023,1,71,护理学,A460,河南理工大学,2,108678
2023,1,72,药学,A460,河南理工大学,2,75987
2023,1,88,测控技术与仪器,A460,河南理工大学,2,80580
2023,1,92,土木工程,A460,河南理工大学,2,123310
2023,1,98,材料科学与工程,A460,河南理工大学,3,118500
2023,1,99,新能源材料与器件,A460,河南理工大学,2,91180
2023,1,9A,地理信息科学,A460,河南理工大学,2,76519
2023,1,89,电气工程及其自动化(中外合作办学),A460,河南理工大学,6,118137
2023,1,90,电子信息工程(中外合作办学),A460,河南理工大学,6,138299
2023,1,01,计算机科学与技术,A462,郑州轻工业大学,2,60911
2023,1,02,通信工程,A462,郑州轻工业大学,2,80170
2023,1,03,网络空间安全,A462,郑州轻工业大学,3,93788
2023,1,04,物联网工程,A462,郑州轻工业大学,2,84108
2023,1,06,电子信息工程,A462,郑州轻工业大学,3,83582
2023,1,07,人工智能,A462,郑州轻工业大学,4,87644
2023,1,10,高分子材料与工程,A462,郑州轻工业大学,4,124788
2023,1,12,化学工程与工艺,A462,郑州轻工业大学,4,144223
2023,1,13,化妆品技术与工程,A462,郑州轻工业大学,2,124099
2023,1,14,应用化学,A462,郑州轻工业大学,3,136519
2023,1,15,环境工程,A462,郑州轻工业大学,3,142650
2023,1,16,化学,A462,郑州轻工业大学,3,146103
2023,1,17,氢能科学与工程,A462,郑州轻工业大学,2,97283
2023,1,20,食品科学与工程,A462,郑州轻工业大学,2,92162
2023,1,21,生物工程,A462,郑州轻工业大学,2,126710
2023,1,22,生物技术,A462,郑州轻工业大学,2,125703
2023,1,25,烟草,A462,郑州轻工业大学,3,74899
2023,1,30,能源与动力工程,A462,郑州轻工业大学,5,108892
2023,1,32,新能源科学与工程,A462,郑州轻工业大学,3,99526
2023,1,35,建筑电气与智能化,A462,郑州轻工业大学,5,119298
2023,1,40,数字媒体技术,A462,郑州轻工业大学,2,69507
2023,1,61,电气工程及其自动化,A462,郑州轻工业大学,6,76468
2023,1,68,微电子科学与工程,A462,郑州轻工业大学,3,94172
2023,1,70,机械设计制造及其自动化,A462,郑州轻工业大学,8,110368
2023,1,73,智能制造工程,A462,郑州轻工业大学,4,106913
2023,1,77,数学与应用数学,A462,郑州轻工业大学,2,96666
2023,1,80,工商管理,A462,郑州轻工业大学,2,111708
2023,1,81,物流管理,A462,郑州轻工业大学,3,130606
2023,1,86,会计学,A462,郑州轻工业大学,2,88879
2023,1,90,社会工作,A462,郑州轻工业大学,2,134578
2023,1,91,法学,A462,郑州轻工业大学,2,76703
2023,1,92,公共事业管理,A462,郑州轻工业大学,3,133336
2023,1,02,材料科学与工程,A463,河南工业大学,6,128886
2023,1,04,财政学,A463,河南工业大学,1,78346
2023,1,05,测控技术与仪器,A463,河南工业大学,4,79546
2023,1,06,道路桥梁与渡河工程,A463,河南工业大学,1,105544
2023,1,07,电气工程及其自动化,A463,河南工业大学,8,67952
2023,1,08,电子商务,A463,河南工业大学,2,93475
2023,1,11,法学,A463,河南工业大学,2,53553
2023,1,12,翻译,A463,河南工业大学,2,110205
2023,1,15,工程管理,A463,河南工业大学,2,298472
2023,1,16,工商管理,A463,河南工业大学,1,79553
2023,1,18,国际经济与贸易,A463,河南工业大学,4,94665
2023,1,19,化学,A463,河南工业大学,8,115004
2023,1,20,化学工程与工艺,A463,河南工业大学,4,107156
2023,1,21,环境工程,A463,河南工业大学,8,154434
2023,1,22,会计学,A463,河南工业大学,2,72940
2023,1,24,机械设计制造及其自动化,A463,河南工业大学,8,92404
2023,1,26,建筑环境与能源应用工程,A463,河南工业大学,1,115317
2023,1,27,建筑学,A463,河南工业大学,3,302676
2023,1,29,金融学,A463,河南工业大学,1,69813
2023,1,31,经济学,A463,河南工业大学,1,62000
2023,1,32,空间信息与数字技术,A463,河南工业大学,1,60650
2023,1,39,生物工程,A463,河南工业大学,3,93159
2023,1,40,生物技术,A463,河南工业大学,3,94959
2023,1,47,数学与应用数学,A463,河南工业大学,2,69317
2023,1,48,通信工程,A463,河南工业大学,2,62950
2023,1,49,土木工程,A463,河南工业大学,4,118622
2023,1,50,网络与新媒体,A463,河南工业大学,3,71528
2023,1,51,无机非金属材料工程,A463,河南工业大学,4,141073
2023,1,53,物流管理,A463,河南工业大学,2,92761
2023,1,55,英语,A463,河南工业大学,5,95944
2023,1,56,应用化学,A463,河南工业大学,6,110696
2023,1,57,应用统计学,A463,河南工业大学,1,70264
2023,1,58,应用物理学,A463,河南工业大学,1,79215
2023,1,59,制药工程,A463,河南工业大学,4,85432
2023,1,63,材料类,A463,河南工业大学,6,146429
2023,1,64,食品科学与工程类,A463,河南工业大学,14,134223
2023,1,65,机器人工程,A463,河南工业大学,5,78534
2023,1,67,饲料工程,A463,河南工业大学,2,240482
2023,1,69,智能建造,A463,河南工业大学,4,105266
2023,1,78,工业设计,A463,河南工业大学,1,102470
2023,1,79,过程装备与控制工程,A463,河南工业大学,2,111760
2023,1,80,材料成型及控制工程,A463,河南工业大学,3,117372
2023,1,81,车辆工程,A463,河南工业大学,4,99817
2023,1,82,食品科学与工程(智慧储运),A463,河南工业大学,2,112371
2023,1,83,新闻学,A463,河南工业大学,3,91433
2023,1,84,广播电视学,A463,河南工业大学,2,114900
2023,1,03,会计学(中外合作办学),A463,河南工业大学,4,121496
2023,1,36,人力资源管理(中外合作办学),A463,河南工业大学,8,166222
2023,1,41,生物技术(中外合作办学),A463,河南工业大学,4,175162
2023,1,43,食品科学与工程(中外合作办学),A463,河南工业大学,4,176204
2023,1,45,市场营销(中外合作办学),A463,河南工业大学,6,196810
2023,1,52,物联网工程(中外合作办学),A463,河南工业大学,4,138248
2023,1,04,法学类,A464,河南科技大学,4,58597
2023,1,10,英语,A464,河南科技大学,4,97827
2023,1,15,生物科学类,A464,河南科技大学,8,99147
2023,1,16,统计学,A464,河南科技大学,5,78158
2023,1,18,机械类,A464,河南科技大学,12,80899
2023,1,1F,商务英语,A464,河南科技大学,4,182589
2023,1,22,材料成型及控制工程,A464,河南科技大学,6,114939
2023,1,24,工业设计,A464,河南科技大学,6,107682
2023,1,25,车辆工程,A464,河南科技大学,6,91830
2023,1,27,测控技术与仪器,A464,河南科技大学,6,105672
2023,1,28,材料类,A464,河南科技大学,12,141583
2023,1,33,电气工程及其自动化,A464,河南科技大学,6,64194
2023,1,37,电子科学与技术,A464,河南科技大学,4,61588
2023,1,39,自动化,A464,河南科技大学,5,69210
2023,1,42,计算机科学与技术,A464,河南科技大学,5,55047
2023,1,52,化学工程与工艺,A464,河南科技大学,5,115202
2023,1,53,制药工程,A464,河南科技大学,5,100981
2023,1,55,交通运输,A464,河南科技大学,5,110057
2023,1,56,农业工程类,A464,河南科技大学,10,127212
2023,1,57,环境工程,A464,河南科技大学,5,145827
2023,1,59,生物医学工程,A464,河南科技大学,5,89442
2023,1,60,食品科学与工程,A464,河南科技大学,4,116740
2023,1,61,食品质量与安全,A464,河南科技大学,4,111480
2023,1,66,生物工程类,A464,河南科技大学,8,107932
2023,1,75,临床医学,A464,河南科技大学,8,45980
2023,1,81,护理学,A464,河南科技大学,8,126651
2023,1,03,法学,A465,中原工学院,6,110384
2023,1,06,汉语国际教育,A465,中原工学院,4,153626
2023,1,10,网络与新媒体,A465,中原工学院,5,139609
2023,1,12,应用物理学,A465,中原工学院,5,196808
2023,1,13,应用化学,A465,中原工学院,5,188180
2023,1,17,材料类,A465,中原工学院,5,184697
2023,1,19,电气工程及其自动化,A465,中原工学院,4,133392
2023,1,21,人工智能,A465,中原工学院,6,138982
2023,1,29,纺织工程,A465,中原工学院,5,189003
2023,1,31,非织造材料与工程,A465,中原工学院,5,192216
2023,1,35,安全工程,A465,中原工学院,5,183695
2023,1,37,工程管理,A465,中原工学院,6,189071
2023,1,40,市场营销,A465,中原工学院,6,190850
2023,1,44,工业工程,A465,中原工学院,6,182167
2023,1,74,化学工程与工艺,A465,中原工学院,5,195251
2023,1,04,林学类,A466,河南农业大学,10,131698
2023,1,06,旅游管理,A466,河南农业大学,6,164395
2023,1,08,建筑类,A466,河南农业大学,7,125138
2023,1,13,机械设计制造及其自动化,A466,河南农业大学,9,101075
2023,1,18,经济学,A466,河南农业大学,8,113791
2023,1,19,工商管理类,A466,河南农业大学,10,113068
2023,1,20,轻工类(烟工类),A466,河南农业大学,11,115736
2023,1,21,烟草,A466,河南农业大学,11,68763
2023,1,23,植物保护,A466,河南农业大学,8,132473
2023,1,24,植物生产类(园艺类),A466,河南农业大学,9,135365
2023,1,26,计算机科学与技术,A466,河南农业大学,8,76984
2023,1,27,管理科学,A466,河南农业大学,6,149885
2023,1,31,生物科学类,A466,河南农业大学,10,115355
2023,1,32,食品科学与工程类,A466,河南农业大学,11,130664
2023,1,35,环境生态工程,A466,河南农业大学,8,145708
2023,1,37,土地资源管理,A466,河南农业大学,7,127958
2023,1,38,法学,A466,河南农业大学,6,67360
2023,1,43,电子信息科学与技术,A466,河南农业大学,10,105279
2023,1,44,外国语言文学类,A466,河南农业大学,6,283329
2023,1,70,经济与金融,A466,河南农业大学,6,130183
2023,1,21,生物技术,A467,河南科技学院,8,184112
2023,1,24,种子科学与工程,A467,河南科技学院,2,156295
2023,1,28,人力资源管理,A467,河南科技学院,2,173980
2023,1,29,物流管理,A467,河南科技学院,2,197034
2023,1,2D,汉语言文学(师范类),A467,河南科技学院,2,125116
2023,1,2H,数学与应用数学(师范类),A467,河南科技学院,8,176186
2023,1,2K,英语(师范类),A467,河南科技学院,3,162093
2023,1,34,食品质量与安全,A467,河南科技学院,8,206290
2023,1,37,动物医学,A467,河南科技学院,5,157232
2023,1,38,动物药学,A467,河南科技学院,5,169941
2023,1,40,城乡规划,A467,河南科技学院,6,188012
2023,1,43,园林,A467,河南科技学院,2,175345
2023,1,44,环境科学,A467,河南科技学院,8,199017
2023,1,46,农业资源与环境,A467,河南科技学院,2,205195
2023,1,52,应用化学,A467,河南科技学院,8,191419
2023,1,03,财务管理,A469,河南牧业经济学院,2,166996
2023,1,18,网络与新媒体,A469,河南牧业经济学院,16,187710
2023,1,21,物流管理,A469,河南牧业经济学院,6,203590
2023,1,24,市场营销(数字化营销方向),A469,河南牧业经济学院,5,210486
2023,1,26,国际商务,A469,河南牧业经济学院,6,212992
2023,1,02,预防医学,A471,河南中医药大学,3,99666
2023,1,0G,护理学,A471,河南中医药大学,4,126598
2023,1,0N,外国语言文学类,A471,河南中医药大学,3,131234
2023,1,01,临床医学,A472,新乡医学院,12,60354
2023,1,07,儿科学,A472,新乡医学院,4,84465
2023,1,09,预防医学,A472,新乡医学院,10,123292
2023,1,01,经济学类,A475,河南大学,5,34328
2023,1,04,法学,A475,河南大学,4,20795
2023,1,0B,中国语言文学类(师范类),A475,河南大学,4,22350
2023,1,0F,英语(师范类),A475,河南大学,3,31895
2023,1,0J,日语,A475,河南大学,3,79507
2023,1,0K,德语,A475,河南大学,3,45500
2023,1,12,数学类,A475,河南大学,4,30046
2023,1,16,植物科学与技术,A475,河南大学,3,44175
2023,1,19,生物育种科学(明德计划实验班),A475,河南大学,5,53877
2023,1,1A,地理科学类,A475,河南大学,4,31947
2023,1,1B,环境科学,A475,河南大学,4,53600
2023,1,1E,化学类,A475,河南大学,4,35816
2023,1,1G,化学工程与工艺,A475,河南大学,4,39269
2023,1,1J,材料化学,A475,河南大学,4,46541
2023,1,1L,教育学(师范类),A475,河南大学,4,37810
2023,1,1P,学前教育(师范类),A475,河南大学,3,48528
2023,1,1T,土木工程,A475,河南大学,9,86097
2023,1,1U,建筑类,A475,河南大学,5,46057
2023,1,1V,土木工程(卓越计划实验班),A475,河南大学,5,58864
2023,1,1X,临床医学类,A475,河南大学,3,23889
2023,1,1Z,药学,A475,河南大学,4,38236
2023,1,22,计算机类,A475,河南大学,4,25046
2023,1,29,历史学类,A475,河南大学,3,26182
2023,1,2B,旅游管理类,A475,河南大学,9,58762
2023,1,2E,社会工作,A475,河南大学,6,48675
2023,1,2F,公共管理类,A475,河南大学,5,42942
2023,1,2G,思想政治教育(师范类),A475,河南大学,5,29112
2023,1,2V,软件工程,A475,河南大学,30,31501
2023,1,45,网络工程,A475,河南大学,40,38200
2023,1,2K,国际经济与贸易(中外合作办学)(与德国安哈尔特应用技术大学合作办学),A475,河南大学,4,59181
2023,1,2L,生物工程(中外合作办学)(与德国安哈尔特应用技术大学合作办学),A475,河南大学,4,55517
2023,1,2M,会计学(中外合作办学)(与澳大利亚维多利亚大学合作办学),A475,河南大学,4,43051
2023,1,2P,计算机科学与技术(中外合作办学)(与澳大利亚维多利亚大学合作办学),A475,河南大学,4,37589
2023,1,2X,俄语(中外合作办学)(与俄罗斯南联邦大学合作办学),A475,河南大学,4,80381
2023,1,31,学前教育(中外合作办学)(与芬兰图尔库大学合作办学),A475,河南大学,6,235627
2023,1,01,数学与应用数学(师范类),A476,河南师范大学,10,59009
2023,1,06,物理学(师范类),A476,河南师范大学,10,65229
2023,1,0C,化学(师范类),A476,河南师范大学,10,54602
2023,1,0N,英语(师范类),A476,河南师范大学,10,52663
2023,1,17,工商管理,A476,河南师范大学,10,113275
2023,1,1G,计算机科学与技术(师范类),A476,河南师范大学,10,66936
2023,1,1K,物联网工程,A476,河南师范大学,10,84557
2023,1,24,水产类,A476,河南师范大学,10,155467
2023,1,2K,汉语国际教育(师范类),A476,河南师范大学,10,67372
2023,1,31,应用化学,A477,信阳师范大学,5,176767
2023,1,46,自然地理与资源环境,A477,信阳师范大学,5,157114
2023,1,51,道路桥梁与渡河工程,A477,信阳师范大学,5,193161
2023,1,73,土木工程(中外合作办学),A477,信阳师范大学,10,218552
2023,1,74,生物技术(中外合作办学),A477,信阳师范大学,10,207038
2023,1,01,材料化学,A478,周口师范学院,4,205414
2023,1,02,电气工程及其自动化,A478,周口师范学院,2,183649
2023,1,03,电子信息工程,A478,周口师范学院,4,186351
2023,1,04,光电信息科学与工程,A478,周口师范学院,2,196470
2023,1,05,化学(师范类),A478,周口师范学院,4,163895
2023,1,06,化学工程与工艺,A478,周口师范学院,4,201927
2023,1,07,环境工程,A478,周口师范学院,4,207672
2023,1,09,机械电子工程,A478,周口师范学院,2,197962
2023,1,10,机械设计制造及其自动化,A478,周口师范学院,2,188505
2023,1,12,计算机科学与技术(师范类),A478,周口师范学院,4,171902
2023,1,13,生物工程,A478,周口师范学院,4,189552
2023,1,14,生物技术,A478,周口师范学院,4,191917
2023,1,16,生物制药,A478,周口师范学院,4,181811
2023,1,17,食品质量与安全,A478,周口师范学院,4,182354
2023,1,18,数据科学与大数据技术,A478,周口师范学院,2,172238
2023,1,19,数学与应用数学(师范类),A478,周口师范学院,2,172256
2023,1,20,网络工程,A478,周口师范学院,2,181557
2023,1,23,物理学(师范类),A478,周口师范学院,2,179096
2023,1,24,物联网工程,A478,周口师范学院,4,190629
2023,1,25,信息与计算科学,A478,周口师范学院,2,190334
2023,1,26,应用化学,A478,周口师范学院,4,186994
2023,1,27,应用统计学,A478,周口师范学院,2,197614
2023,1,28,智能科学与技术,A478,周口师范学院,2,194246
2023,1,29,自动化,A478,周口师范学院,2,177239
2023,1,41,历史学(师范类),A478,周口师范学院,2,133470
2023,1,42,思想政治教育(师范类),A478,周口师范学院,2,142207
2023,1,43,网络与新媒体,A478,周口师范学院,7,172524
2023,1,44,财务管理,A478,周口师范学院,4,170025
2023,1,45,电子商务,A478,周口师范学院,4,199863
2023,1,46,法学,A478,周口师范学院,3,127005
2023,1,48,国际经济与贸易,A478,周口师范学院,2,189724
2023,1,49,经济学,A478,周口师范学院,2,180041
2023,1,50,人力资源管理,A478,周口师范学院,4,180729
2023,1,51,日语(师范类),A478,周口师范学院,5,183142
2023,1,53,物流管理,A478,周口师范学院,4,195535
2023,1,54,小学教育(师范类),A478,周口师范学院,2,151797
2023,1,55,心理学(师范类),A478,周口师范学院,2,166405
2023,1,56,学前教育(师范类),A478,周口师范学院,2,166696
2023,1,57,英语(师范类),A478,周口师范学院,3,142818
2023,1,01,汉语言文学(师范类),A479,安阳师范学院,3,116108
2023,1,03,历史学(师范类),A479,安阳师范学院,3,129494
2023,1,06,软件工程,A479,安阳师范学院,3,160979
2023,1,08,人工智能,A479,安阳师范学院,3,175236
2023,1,09,化学(师范类),A479,安阳师范学院,3,154828
2023,1,11,制药工程,A479,安阳师范学院,3,181653
2023,1,12,应用化学,A479,安阳师范学院,3,190637
2023,1,13,物理学(师范类),A479,安阳师范学院,3,167915
2023,1,14,电气工程及其自动化,A479,安阳师范学院,2,166244
2023,1,17,数学与应用数学(师范类),A479,安阳师范学院,4,162836
2023,1,20,思想政治教育(师范类),A479,安阳师范学院,4,129357
2023,1,21,法学,A479,安阳师范学院,3,129590
2023,1,23,社会工作,A479,安阳师范学院,3,178194
2023,1,53,土木工程,A479,安阳师范学院,3,210050
2023,1,56,国际经济与贸易,A479,安阳师范学院,2,172726
2023,1,A1,汉语言文学(师范类),A480,许昌学院,5,131982
2023,1,B1,法学,A480,许昌学院,5,131210
2023,1,C1,英语(师范类),A480,许昌学院,10,166387
2023,1,D1,电子商务,A480,许昌学院,10,194553
2023,1,E1,应用心理学,A480,许昌学院,5,173480
2023,1,E2,学前教育(师范类),A480,许昌学院,5,177527
2023,1,E3,小学教育(师范类),A480,许昌学院,5,161986
2023,1,G1,数学与应用数学(师范类),A480,许昌学院,8,180886
2023,1,H3,电子信息工程,A480,许昌学院,5,174587
2023,1,J4,纳米材料与技术,A480,许昌学院,8,196545
2023,1,K1,地理科学(师范类),A480,许昌学院,5,155743
2023,1,K4,风景园林,A480,许昌学院,5,188779
2023,1,L2,数字媒体技术,A480,许昌学院,5,172215
2023,1,L3,物联网工程,A480,许昌学院,5,191845
2023,1,L5,数据科学与大数据技术,A480,许昌学院,10,188365
2023,1,M1,食品科学与工程,A480,许昌学院,5,188339
2023,1,N2,工程造价,A480,许昌学院,5,203122
2023,1,20,法学,A481,南阳师范学院,10,129491
2023,1,21,政治学与行政学,A481,南阳师范学院,5,162274
2023,1,26,制药工程,A481,南阳师范学院,6,183736
2023,1,27,机械类,A481,南阳师范学院,12,205758
2023,1,30,自动化,A481,南阳师范学院,6,190948
2023,1,32,软件工程(软件开发方向),A481,南阳师范学院,10,191392
2023,1,35,软件工程(智能设备方向),A481,南阳师范学院,10,195272
2023,1,36,计算机类,A481,南阳师范学院,12,183466
2023,1,42,国际经济与贸易,A481,南阳师范学院,10,194176
2023,1,47,数字经济,A481,南阳师范学院,7,217951
2023,1,51,生物工程,A481,南阳师范学院,6,180314
2023,1,53,农学,A481,南阳师范学院,8,193525
2023,1,55,统计学,A481,南阳师范学院,5,183681
2023,1,57,环境科学与工程,A481,南阳师范学院,6,212320
2023,1,60,土木工程,A481,南阳师范学院,10,212131
2023,1,68,汉语言文学(师范类),A481,南阳师范学院,4,116029
2023,1,71,电子信息类,A481,南阳师范学院,10,187677
2023,1,72,智能感知工程,A481,南阳师范学院,5,207781
2023,1,73,新闻学,A481,南阳师范学院,8,178211
2023,1,01,思想政治教育(师范类),A482,洛阳师范学院,6,106168
2023,1,02,汉语言文学(师范类),A482,洛阳师范学院,6,95684
2023,1,05,历史学(师范类),A482,洛阳师范学院,6,111852
2023,1,10,英语(师范类),A482,洛阳师范学院,6,116147
2023,1,11,日语,A482,洛阳师范学院,6,173619
2023,1,13,数学与应用数学(师范类),A482,洛阳师范学院,6,132102
2023,1,16,物理学(师范类),A482,洛阳师范学院,6,142598
2023,1,19,化学(师范类),A482,洛阳师范学院,6,133539
2023,1,41,教育学(师范类),A482,洛阳师范学院,6,132058
2023,1,43,生物科学(师范类),A482,洛阳师范学院,6,129281
2023,1,45,国际经济与贸易,A482,洛阳师范学院,6,159287
2023,1,46,会计学,A482,洛阳师范学院,6,125953
2023,1,54,地理科学(师范类),A482,洛阳师范学院,6,122951
2023,1,58,制药工程,A482,洛阳师范学院,6,212105
2023,1,01,汉语言文学(师范类),A483,商丘师范学院,2,103137
2023,1,02,文化产业管理,A483,商丘师范学院,2,173732
2023,1,03,历史学(师范类),A483,商丘师范学院,3,129564
2023,1,05,金融数学,A483,商丘师范学院,1,178572
2023,1,06,统计学,A483,商丘师范学院,2,171062
2023,1,07,数学与应用数学(师范类),A483,商丘师范学院,3,142482
2023,1,08,物理学(师范类),A483,商丘师范学院,2,159269
2023,1,09,通信工程,A483,商丘师范学院,2,174798
2023,1,10,汽车服务工程,A483,商丘师范学院,2,208876
2023,1,11,电气工程及其自动化,A483,商丘师范学院,2,164576
2023,1,12,电子信息工程,A483,商丘师范学院,2,171879
2023,1,13,自动化,A483,商丘师范学院,2,165130
2023,1,14,新能源科学与工程,A483,商丘师范学院,2,177593
2023,1,15,制药工程,A483,商丘师范学院,2,170801
2023,1,16,化学(师范类),A483,商丘师范学院,4,152952
2023,1,17,材料科学与工程,A483,商丘师范学院,3,197710
2023,1,18,英语(师范类),A483,商丘师范学院,2,135115
2023,1,19,翻译,A483,商丘师范学院,2,170279
2023,1,21,商务英语,A483,商丘师范学院,1,177152
2023,1,22,法学,A483,商丘师范学院,2,108362
2023,1,23,社会工作,A483,商丘师范学院,3,177962
2023,1,27,生物科学(师范类),A483,商丘师范学院,2,143348
2023,1,28,生物工程,A483,商丘师范学院,3,182422
2023,1,29,食品科学与工程,A483,商丘师范学院,2,177508
2023,1,30,动物科学,A483,商丘师范学院,1,179502
2023,1,35,物联网工程,A483,商丘师范学院,2,166989
2023,1,36,人工智能,A483,商丘师范学院,2,178690
2023,1,41,学前教育(师范类),A483,商丘师范学院,2,162504
2023,1,43,教育学(师范类),A483,商丘师范学院,2,148540
2023,1,44,城乡规划,A483,商丘师范学院,2,171348
2023,1,46,测绘工程,A483,商丘师范学院,2,171162
2023,1,47,地理科学(师范类),A483,商丘师范学院,3,135378
2023,1,50,广播电视学,A483,商丘师范学院,2,173019
2023,1,51,网络与新媒体,A483,商丘师范学院,2,154643
2023,1,52,物流管理,A483,商丘师范学院,1,177292
2023,1,53,经济学,A483,商丘师范学院,2,161066
2023,1,54,财务管理,A483,商丘师范学院,1,138808
2023,1,55,国际经济与贸易,A483,商丘师范学院,1,182925
2023,1,56,投资学,A483,商丘师范学院,2,181657
2023,1,57,建筑电气与智能化,A483,商丘师范学院,3,206398
2023,1,58,建筑学,A483,商丘师范学院,3,179026
2023,1,59,土木工程,A483,商丘师范学院,2,197619
2023,1,06,管理科学与工程类,A484,河南财经政法大学,4,120983
2023,1,09,金融学类,A484,河南财经政法大学,2,60251
2023,1,19,法学,A484,河南财经政法大学,8,42136
2023,1,22,财务管理,A484,河南财经政法大学,2,48979
2023,1,23,会计学,A484,河南财经政法大学,2,42016
2023,1,29,人力资源管理,A484,河南财经政法大学,2,75788
2023,1,33,经济学类,A484,河南财经政法大学,2,66254
2023,1,47,外国语言文学类,A484,河南财经政法大学,2,79699
2023,1,53,财政学类,A484,河南财经政法大学,2,57635
2023,1,55,数学类,A484,河南财经政法大学,2,73450
2023,1,58,物流管理,A484,河南财经政法大学,2,117420
2023,1,64,社会学类,A484,河南财经政法大学,2,79679
2023,1,72,房地产开发与管理,A484,河南财经政法大学,2,173079
2023,1,11,金融学(中外合作办学),A484,河南财经政法大学,6,128865
2023,1,51,人文地理与城乡规划(中外合作办学),A484,河南财经政法大学,4,156354
2023,1,01,工商管理类,A485,郑州航空工业管理学院,8,136971
2023,1,03,工业工程类,A485,郑州航空工业管理学院,2,161216
2023,1,04,物流管理与工程类,A485,郑州航空工业管理学院,3,176748
2023,1,08,金融学类,A485,郑州航空工业管理学院,3,162464
2023,1,10,信息管理与信息系统,A485,郑州航空工业管理学院,2,155657
2023,1,11,机械类,A485,郑州航空工业管理学院,4,147695
2023,1,12,电气工程及其自动化,A485,郑州航空工业管理学院,2,126955
2023,1,13,数学与应用数学,A485,郑州航空工业管理学院,2,151165
2023,1,14,安全工程,A485,郑州航空工业管理学院,2,163658
2023,1,17,计算机类,A485,郑州航空工业管理学院,2,132691
2023,1,18,电子信息类,A485,郑州航空工业管理学院,2,135150
2023,1,20,材料类,A485,郑州航空工业管理学院,2,180091
2023,1,21,土木类,A485,郑州航空工业管理学院,4,185594
2023,1,22,工程管理,A485,郑州航空工业管理学院,2,179767
2023,1,26,中国语言文学类,A485,郑州航空工业管理学院,4,144484
2023,1,29,外国语言文学类,A485,郑州航空工业管理学院,2,166532
2023,1,33,飞行器质量与可靠性,A485,郑州航空工业管理学院,2,147108
2023,1,35,无人驾驶航空器系统工程,A485,郑州航空工业管理学院,2,153621
2023,1,36,人工智能,A485,郑州航空工业管理学院,2,140507
2023,1,37,大数据管理与应用,A485,郑州航空工业管理学院,2,176213
2023,1,38,能源与动力工程,A485,郑州航空工业管理学院,2,165309
2023,1,39,航空航天工程,A485,郑州航空工业管理学院,2,143343
2023,1,45,飞行器设计与工程(中外合作办学),A485,郑州航空工业管理学院,7,214100
2023,1,46,质量管理工程(中外合作办学),A485,郑州航空工业管理学院,4,212706
2023,1,47,信息管理与信息系统(中外合作办学),A485,郑州航空工业管理学院,4,217276
2023,1,48,自动化(中外合作办学),A485,郑州航空工业管理学院,4,195413
2023,1,49,材料成型及控制工程(中外合作办学),A485,郑州航空工业管理学院,4,221167
2023,1,A1,中国语言文学类,A486,武汉大学,2,2129
2023,1,B2,社会学(知行试验班),A486,武汉大学,2,3701
2023,1,B4,物理学类,A486,武汉大学,9,2325
2023,1,B5,化学类,A486,武汉大学,7,3074
2023,1,B6,生物科学类,A486,武汉大学,6,1803
2023,1,C1,理科试验班(弘毅学堂),A486,武汉大学,3,1187
2023,1,C2,哲学类,A486,武汉大学,2,2769
2023,1,C7,理科试验班(空间信息与国土资源类),A486,武汉大学,4,3040
2023,1,D4,临床医学(八年制),A486,武汉大学,3,970
2023,1,D5,口腔医学(八年制),A486,武汉大学,1,532
2023,1,D6,口腔医学(五年制),A486,武汉大学,2,1964
2023,1,E6,临床医学(5+3一体化),A486,武汉大学,7,1763
2023,1,F4,化学类(新能源自强班),A486,武汉大学,3,2824
2023,1,F7,工科试验班(电气类),A486,武汉大学,16,2137
2023,1,F9,工科试验班(动力与机械类),A486,武汉大学,6,2663
2023,1,G4,遥感科学与技术,A486,武汉大学,12,2627
2023,1,G7,国际经济与贸易(弘毅学堂数字贸易与金融试验班),A486,武汉大学,2,2150
2023,1,G8,临床医学(八年制，弘毅学堂),A486,武汉大学,2,748
2023,1,H2,文科试验班类(弘毅学堂PLE试验班),A486,武汉大学,2,1328
2023,1,J3,工科试验班(碳中和本硕博试验班),A486,武汉大学,2,2700
2023,1,Q9,外国语言文学类,A486,武汉大学,2,4171
2023,1,QB,经济学类,A486,武汉大学,7,2337
2023,1,QD,工商管理类,A486,武汉大学,8,4065
2023,1,QG,公共管理类,A486,武汉大学,2,3470
2023,1,QJ,数学类,A486,武汉大学,6,1719
2023,1,QL,计算机类(国家网络安全学院),A486,武汉大学,13,1741
2023,1,QN,新闻传播学类,A486,武汉大学,3,2980
2023,1,QQ,法学,A486,武汉大学,8,1916
2023,1,QS,人文科学试验班(弘毅学堂),A486,武汉大学,2,2005
2023,1,QU,金融学类(弘毅学堂数理经济与数理金融试验班),A486,武汉大学,2,1388
2023,1,QW,计算机类(计算机学院),A486,武汉大学,14,1478
2023,1,QY,信息管理与信息系统,A486,武汉大学,3,3025
2023,1,R0,电子信息类,A486,武汉大学,14,2056
2023,1,R2,测绘类,A486,武汉大学,9,3174
2023,1,01,数学类,A487,华中科技大学,3,2280
2023,1,04,物理学类,A487,华中科技大学,6,2464
2023,1,06,物理学(严济慈物理学英才班),A487,华中科技大学,2,1226
2023,1,09,机械类,A487,华中科技大学,13,2470
2023,1,0D,材料类(3D打印、智能成型、智能材料、新能源),A487,华中科技大学,10,3793
2023,1,0G,能源动力类,A487,华中科技大学,10,2950
2023,1,0N,航空航天类,A487,华中科技大学,4,2596
2023,1,0T,电气工程及其自动化,A487,华中科技大学,12,1702
2023,1,0X,生物医学工程类(国家生命科学与技术人才试验班),A487,华中科技大学,7,2727
2023,1,11,电子信息类(电信学院),A487,华中科技大学,15,1795
2023,1,14,电子信息类(光电信息学院),A487,华中科技大学,6,1406
2023,1,17,电子信息类(启明光电信息本硕博实验班),A487,华中科技大学,5,1028
2023,1,1A,光电信息科学与工程(未来技术学院本硕博),A487,华中科技大学,2,994
2023,1,1C,电子信息类(集成电路学院，芯片),A487,华中科技大学,5,1446
2023,1,1E,计算机类(计算机学院),A487,华中科技大学,20,1324
2023,1,1L,自动化类,A487,华中科技大学,11,1629
2023,1,1U,建筑类(智慧建筑规划试验班),A487,华中科技大学,4,5644
2023,1,1Y,工商管理类,A487,华中科技大学,3,4789
2023,1,1Z,管理科学与工程类(大数据管理与供应链优化试验班),A487,华中科技大学,3,3744
2023,1,20,经济学类,A487,华中科技大学,5,3795
2023,1,22,国际商务,A487,华中科技大学,3,7109
2023,1,2C,外国语言文学类,A487,华中科技大学,2,6505
2023,1,2J,临床医学(八年制),A487,华中科技大学,3,618
2023,1,2K,临床医学类,A487,华中科技大学,14,2130
2023,1,2S,预防医学(启明本硕博实验班),A487,华中科技大学,2,2211
2023,1,2W,药学(启明本硕博实验班),A487,华中科技大学,2,1954
2023,1,2X,化学类,A487,华中科技大学,2,3405
2023,1,10,生物科学(中外合作办学),A487,华中科技大学,5,10709
2023,1,01,机械类,A488,武汉科技大学,8,31599
2023,1,02,计算机类,A488,武汉科技大学,7,24412
2023,1,03,自动化类,A488,武汉科技大学,12,29649
2023,1,05,土木类,A488,武汉科技大学,4,49302
2023,1,0F,材料类,A488,武汉科技大学,14,54167
2023,1,0G,应用化学,A488,武汉科技大学,4,37599
2023,1,0L,化工与制药类,A488,武汉科技大学,4,40333
2023,1,0N,临床医学,A488,武汉科技大学,4,22572
2023,1,0R,工商管理类,A488,武汉科技大学,8,45077
2023,1,0S,外国语言文学类,A488,武汉科技大学,7,73061
2023,1,0U,经济与贸易类,A488,武汉科技大学,7,49417
2023,1,01,新闻传播学类,A489,长江大学,1,53208
2023,1,02,历史学(师范类),A489,长江大学,2,53254
2023,1,03,中国语言文学类(师范类),A489,长江大学,2,50608
2023,1,04,外国语言文学类(师范类),A489,长江大学,2,70024
2023,1,05,日语(语言、商务),A489,长江大学,3,91354
2023,1,06,教育学类(师范类),A489,长江大学,4,65284
2023,1,07,经济学类,A489,长江大学,6,70717
2023,1,08,资源环境大数据工程,A489,长江大学,2,85540
2023,1,09,工商管理类(含荆楚卓越人才协同育人计划),A489,长江大学,20,84840
2023,1,10,预防医学,A489,长江大学,1,49419
2023,1,11,法学类,A489,长江大学,1,33562
2023,1,12,思想政治教育(师范类),A489,长江大学,3,56016
2023,1,13,数学类(师范类),A489,长江大学,3,73576
2023,1,14,光电信息科学与工程,A489,长江大学,2,54594
2023,1,17,化学类(师范类),A489,长江大学,6,87533
2023,1,18,环境工程(水处理，环境监测),A489,长江大学,5,97805
2023,1,19,化工与制药类,A489,长江大学,6,95818
2023,1,20,工业设计(智能化产品),A489,长江大学,2,72007
2023,1,21,机械类,A489,长江大学,6,69142
2023,1,22,电子信息类(国家一流专业、教育部卓越工程师培养计划),A489,长江大学,4,47580
2023,1,24,测控技术与仪器(智能感知),A489,长江大学,2,73418
2023,1,26,计算机类,A489,长江大学,9,49284
2023,1,27,信息安全,A489,长江大学,2,48203
2023,1,28,土木类(含荆楚卓越人才协同育人计划),A489,长江大学,10,117510
2023,1,29,建筑类,A489,长江大学,4,87016
2023,1,30,地球化学(油气资源),A489,长江大学,5,103393
2023,1,32,地球物理学类(国家特色专业，含教育部卓越工程师培养计划),A489,长江大学,12,81512
2023,1,33,数据科学与大数据技术,A489,长江大学,1,46430
2023,1,34,资源勘查工程(石油勘探、新能源、油气测录工程),A489,长江大学,8,90293
2023,1,35,地质学(工程地质、资源地质、旅游地质),A489,长江大学,4,67931
2023,1,36,地球信息科学与技术,A489,长江大学,4,78238
2023,1,37,地理信息科学(GIS、测绘，含省支柱产业人才计划),A489,长江大学,7,64924
2023,1,38,海洋油气工程,A489,长江大学,8,84684
2023,1,39,石油工程(含中俄能源方向、教育部卓越工程师培养计划),A489,长江大学,16,82057
2023,1,40,油气储运工程(含中俄能源方向),A489,长江大学,9,86174
2023,1,42,植物生产类(含教育部卓越农林、省支柱产业人才培养计划),A489,长江大学,11,112217
2023,1,43,农业资源与环境(生态农业),A489,长江大学,4,111310
2023,1,44,园林(园林规划与设计，教育部卓越农林培养计划),A489,长江大学,2,84750
2023,1,45,园艺(教育部卓越农林、省荆楚卓越人才计划),A489,长江大学,6,114847
2023,1,46,风景园林,A489,长江大学,6,89184
2023,1,47,智慧农业,A489,长江大学,4,115145
2023,1,48,动物医学类(含教育部卓越农林人才教育培养计划),A489,长江大学,11,87539
2023,1,49,生物科学类,A489,长江大学,5,78206
2023,1,50,食品科学与工程类,A489,长江大学,4,82731
2023,1,51,临床医学(教育部卓越医生、省荆楚卓越人才育人计划),A489,长江大学,2,32491
2023,1,52,中西医临床医学,A489,长江大学,1,39900
2023,1,53,医学技术类,A489,长江大学,2,71787
2023,1,54,护理学,A489,长江大学,9,99376
2023,1,H1,土木工程(中外合作办学),A489,长江大学,11,207185
2023,1,01,化学工程与工艺(智能化工、精细化学品、电子化学品方向),A490,武汉工程大学,8,39233
2023,1,02,化学工程与工艺(辅修英语专业双学位),A490,武汉工程大学,4,45674
2023,1,04,制药工程,A490,武汉工程大学,4,46039
2023,1,05,药物制剂,A490,武汉工程大学,4,53585
2023,1,07,机器人工程(机器人化智能制造方向),A490,武汉工程大学,4,39542
2023,1,08,机械电子工程(光机电智能装备方向),A490,武汉工程大学,4,40848
2023,1,09,机械设计制造及其自动化(智能制造方向),A490,武汉工程大学,4,41235
2023,1,0A,过程装备与控制工程(含智能装备与控制、新能源装备方向),A490,武汉工程大学,4,47693
2023,1,0D,电气工程及其自动化,A490,武汉工程大学,5,34070
2023,1,0E,电子信息工程(含集成电路设计、模式识别与智能系统方向),A490,武汉工程大学,4,35881
2023,1,0F,通信工程(5G移动互联网方向),A490,武汉工程大学,4,37159
2023,1,0G,信息工程(含智能信息处理方向、智能信息系统方向),A490,武汉工程大学,4,39077
2023,1,0H,测控技术与仪器(智能传感器及智能工程方向),A490,武汉工程大学,4,49136
2023,1,0J,自动化(含智能机器人方向、智能控制与技术方向),A490,武汉工程大学,5,37953
2023,1,0T,高分子材料与工程(含新能源与低碳技术方向、创新实验班),A490,武汉工程大学,7,50110
2023,1,0X,材料物理(含半导体芯片制造、先进功能薄膜方向),A490,武汉工程大学,4,47575
2023,1,11,新能源材料与器件(光电与智能材料方向),A490,武汉工程大学,2,46885
2023,1,13,电子商务(含大数据运营、跨境电商方向),A490,武汉工程大学,3,56785
2023,1,15,会计学(含大数据会计、智能财务方向),A490,武汉工程大学,3,46218
2023,1,16,会计学(辅修英语专业双学位),A490,武汉工程大学,3,41401
2023,1,17,会计学(ACCA国际注册会计师方向),A490,武汉工程大学,5,47673
2023,1,1A,计算机类,A490,武汉工程大学,7,31019
2023,1,1G,软件工程,A490,武汉工程大学,4,29598
2023,1,1H,人工智能,A490,武汉工程大学,3,32260
2023,1,1J,人工智能(机器人方向),A490,武汉工程大学,3,32828
2023,1,1K,人工智能(智能金融方向),A490,武汉工程大学,3,35882
2023,1,1L,法学类,A490,武汉工程大学,4,36895
2023,1,1N,知识产权(大数据与网络法学方向),A490,武汉工程大学,3,40362
2023,1,1R,环境工程,A490,武汉工程大学,5,59971
2023,1,1S,应用化学,A490,武汉工程大学,6,50666
2023,1,1T,信息与计算科学(含智能计算、信息与数据安全方向),A490,武汉工程大学,4,40904
2023,1,1U,数据科学与大数据技术,A490,武汉工程大学,4,35738
2023,1,1V,光电信息科学与工程(含光电芯片、先进光学设计与智能制造方向),A490,武汉工程大学,5,35691
2023,1,1W,能源与动力工程(含智能人工环境、新能源与储能科学方向),A490,武汉工程大学,5,43720
2023,1,1X,英语(含文化传播、英语教育、商务、涉外法务方向),A490,武汉工程大学,4,84367
2023,1,1Y,英语(辅修法学专业双学位),A490,武汉工程大学,5,44925
2023,1,20,汉语国际教育(含文化传播、智慧教学方向),A490,武汉工程大学,4,56828
2023,1,21,工业设计,A490,武汉工程大学,4,49258
2023,1,2C,生物工程,A490,武汉工程大学,3,50770
2023,1,2D,生物技术,A490,武汉工程大学,3,54491
2023,1,06,化学工程与工艺(中外合作办学),A490,武汉工程大学,5,113093
2023,1,01,地质学类(国家拔尖计划，国家理科基地班),A491,中国地质大学(武汉),5,21729
2023,1,02,地质学类,A491,中国地质大学(武汉),2,23557
2023,1,04,石油工程,A491,中国地质大学(武汉),2,29639
2023,1,05,资源环境大数据工程,A491,中国地质大学(武汉),2,28674
2023,1,07,材料类,A491,中国地质大学(武汉),9,28238
2023,1,10,大气科学,A491,中国地质大学(武汉),4,23177
2023,1,11,土木类,A491,中国地质大学(武汉),6,34365
2023,1,12,地质类,A491,中国地质大学(武汉),6,30725
2023,1,14,地球物理学(国家拔尖计划),A491,中国地质大学(武汉),4,23212
2023,1,17,机械类,A491,中国地质大学(武汉),7,22043
2023,1,18,电子信息类,A491,中国地质大学(武汉),6,17652
2023,1,20,经济学类,A491,中国地质大学(武汉),4,22986
2023,1,21,统计学,A491,中国地质大学(武汉),2,17951
2023,1,22,管理科学与工程类,A491,中国地质大学(武汉),6,30466
2023,1,24,英语,A491,中国地质大学(武汉),9,31542
2023,1,25,地理科学类,A491,中国地质大学(武汉),4,25806
2023,1,26,测绘类(测绘与信息类),A491,中国地质大学(武汉),15,27578
2023,1,29,宝石及材料工艺学,A491,中国地质大学(武汉),5,32765
2023,1,31,法学,A491,中国地质大学(武汉),3,16463
2023,1,32,公共管理类(国土管理与安全应急),A491,中国地质大学(武汉),6,79246
2023,1,37,广播电视学,A491,中国地质大学(武汉),2,30318
2023,1,41,地质学类(菁英班),A491,中国地质大学(武汉),4,22203
2023,1,49,电子信息类(未来技术学院),A491,中国地质大学(武汉),2,17953
2023,1,4A,地质类(资源能源),A491,中国地质大学(武汉),10,30959
2023,1,4C,应用化学,A491,中国地质大学(武汉),3,25624
2023,1,4E,环境科学与工程类(环境地球科学类),A491,中国地质大学(武汉),8,32120
2023,1,4G,海洋科学类,A491,中国地质大学(武汉),7,29077
2023,1,4J,自动化类,A491,中国地质大学(武汉),10,19740
2023,1,4L,工商管理类,A491,中国地质大学(武汉),10,27045
2023,1,4N,数学类,A491,中国地质大学(武汉),10,21200
2023,1,4Q,计算机类,A491,中国地质大学(武汉),20,15490
2023,1,08,地下水科学与工程(中外合作办学)(色盲色弱考生不予录取),A491,中国地质大学(武汉),6,52248
2023,1,35,计算机科学与技术(中外合作办学)(大数据方向),A491,中国地质大学(武汉),6,31060
2023,1,12,服装设计与工程,A495,武汉纺织大学,4,104329
2023,1,22,纺织类,A495,武汉纺织大学,6,109797
2023,1,24,工商管理类,A495,武汉纺织大学,6,117424
2023,1,46,计算机类,A495,武汉纺织大学,6,58277
2023,1,4L,大数据管理与应用,A495,武汉纺织大学,4,77537
2023,1,4M,轻化工程,A495,武汉纺织大学,2,95181
2023,1,4N,工业设计,A495,武汉纺织大学,5,100749
2023,1,4S,化学类,A495,武汉纺织大学,2,97545
2023,1,01,食品科学与工程类,A496,武汉轻工大学,3,69796
2023,1,10,机械类,A496,武汉轻工大学,4,62987
2023,1,15,电子信息类,A496,武汉轻工大学,4,55542
2023,1,18,计算机类,A496,武汉轻工大学,5,52282
2023,1,20,工商管理类,A496,武汉轻工大学,2,66050
2023,1,25,金融学(大数据金融实验班),A496,武汉轻工大学,2,62803
2023,1,33,外国语言文学类,A496,武汉轻工大学,2,79494
2023,1,02,电子信息类(微电子本硕实验班),A497,武汉理工大学,3,11249
2023,1,03,交通运输类(本硕实验班),A497,武汉理工大学,3,14128
2023,1,07,机械设计制造及其自动化,A497,武汉理工大学,15,16374
2023,1,09,海洋工程类,A497,武汉理工大学,16,23878
2023,1,11,机械类(车辆),A497,武汉理工大学,32,20825
2023,1,12,机械工程(智能制造本硕实验班),A497,武汉理工大学,4,12923
2023,1,14,土木类,A497,武汉理工大学,20,29499
2023,1,15,建筑类,A497,武汉理工大学,5,24643
2023,1,16,地理信息科学,A497,武汉理工大学,8,21880
2023,1,17,环境科学与工程类,A497,武汉理工大学,10,26478
2023,1,18,电子信息类(通信本硕实验班),A497,武汉理工大学,4,10918
2023,1,19,电子信息类,A497,武汉理工大学,30,13271
2023,1,20,计算机类,A497,武汉理工大学,25,12261
2023,1,21,自动化类,A497,武汉理工大学,29,14658
2023,1,22,导航工程,A497,武汉理工大学,6,19137
2023,1,26,化工与制药类(含生物方向),A497,武汉理工大学,35,24352
2023,1,27,信息管理与信息系统,A497,武汉理工大学,5,16993
2023,1,28,工商管理类,A497,武汉理工大学,22,25429
2023,1,29,经济学类,A497,武汉理工大学,17,21861
2023,1,32,工业设计,A497,武汉理工大学,3,18724
2023,1,33,外国语言文学类,A497,武汉理工大学,13,39121
2023,1,34,思想政治教育,A497,武汉理工大学,5,21611
2023,1,35,新闻传播学类,A497,武汉理工大学,6,28407
2023,1,36,法学类,A497,武汉理工大学,15,18989
2023,1,41,材料类,A497,武汉理工大学,34,22067
2023,1,43,交通运输类,A497,武汉理工大学,13,20311
2023,1,45,机械类(智能制造),A497,武汉理工大学,27,19344
2023,1,47,数学类,A497,武汉理工大学,21,17344
2023,1,49,管理科学与工程类(大数据管理与安全科学),A497,武汉理工大学,11,22969
2023,1,38,车辆工程(中外合作办学),A497,武汉理工大学,15,33452
2023,1,39,金融学(中外合作办学),A497,武汉理工大学,5,30053
2023,1,40,生物科学类(中外合作办学),A497,武汉理工大学,12,41374
2023,1,01,机械设计制造及其自动化,A500,湖北工业大学,5,39253
2023,1,08,电气工程及其自动化,A500,湖北工业大学,6,32352
2023,1,12,轻化工程,A500,湖北工业大学,6,71499
2023,1,17,生物技术,A500,湖北工业大学,4,56844
2023,1,21,土木工程,A500,湖北工业大学,4,68397
2023,1,24,城乡规划,A500,湖北工业大学,3,68772
2023,1,27,环境工程,A500,湖北工业大学,3,65427
2023,1,39,工商管理类,A500,湖北工业大学,9,57464
2023,1,44,能源经济,A500,湖北工业大学,5,63478
2023,1,58,机械设计制造及其自动化(中外合作办学)(中美合作办学),A500,湖北工业大学,15,125000
2023,1,59,电气工程及其自动化(中外合作办学)(中美合作办学),A500,湖北工业大学,15,105749
2023,1,60,环境工程(中外合作办学)(中美合作办学),A500,湖北工业大学,12,176302
2023,1,61,软件工程(中外合作办学)(中美合作办学),A500,湖北工业大学,13,95653
2023,1,33,生物科学类,A504,华中农业大学,9,17874
2023,1,36,生物工程,A504,华中农业大学,5,22171
2023,1,38,植物生产类,A504,华中农业大学,20,32288
2023,1,3B,智慧农业,A504,华中农业大学,20,31835
2023,1,3D,动物科学(国家卓越农林人才计划),A504,华中农业大学,8,31098
2023,1,3G,动物医学,A504,华中农业大学,11,26041
2023,1,3K,环境科学与工程类,A504,华中农业大学,18,34291
2023,1,3N,地理信息科学,A504,华中农业大学,3,22814
2023,1,3R,园艺(国家卓越农林人才计划),A504,华中农业大学,3,25674
2023,1,3T,设施农业科学与工程,A504,华中农业大学,2,30532
2023,1,3V,茶学,A504,华中农业大学,3,34337
2023,1,3Y,林学,A504,华中农业大学,4,32090
2023,1,40,园林(国家卓越农林人才计划),A504,华中农业大学,3,27931
2023,1,43,风景园林,A504,华中农业大学,2,23510
2023,1,46,水产类,A504,华中农业大学,18,37843
2023,1,49,农业工程类,A504,华中农业大学,6,29570
2023,1,4C,机械类,A504,华中农业大学,25,27283
2023,1,4E,光电信息科学与工程,A504,华中农业大学,3,21530
2023,1,4G,应用化学,A504,华中农业大学,10,30252
2023,1,4K,信息与计算科学,A504,华中农业大学,8,23455
2023,1,4M,生物信息学,A504,华中农业大学,3,22285
2023,1,4P,计算机类,A504,华中农业大学,10,19966
2023,1,4S,社会学类,A504,华中农业大学,5,30081
2023,1,4V,法学,A504,华中农业大学,2,18337
2023,1,4Y,广告学,A504,华中农业大学,7,33966
2023,1,51,经济学类,A504,华中农业大学,23,27741
2023,1,54,工商管理类,A504,华中农业大学,10,28246
2023,1,57,外国语言文学类,A504,华中农业大学,14,48214
2023,1,59,公共管理类,A504,华中农业大学,7,37043
2023,1,5C,管理科学与工程类,A504,华中农业大学,6,32522
2023,1,04,中医学,A507,湖北中医药大学,4,28914
2023,1,05,中医学(美容与康复方向),A507,湖北中医药大学,4,44319
2023,1,07,中西医临床医学,A507,湖北中医药大学,3,34122
2023,1,08,中西医临床医学(全科医学方向),A507,湖北中医药大学,3,39141
2023,1,09,针灸推拿学,A507,湖北中医药大学,4,49533
2023,1,0A,针灸推拿学(针刀方向),A507,湖北中医药大学,4,57370
2023,1,0B,中医骨伤科学,A507,湖北中医药大学,2,56498
2023,1,0C,康复治疗学,A507,湖北中医药大学,2,55740
2023,1,0D,医学影像技术,A507,湖北中医药大学,3,48021
2023,1,0E,医学实验技术,A507,湖北中医药大学,2,72275
2023,1,0G,中药学,A507,湖北中医药大学,3,48770
2023,1,0H,药学,A507,湖北中医药大学,3,50205
2023,1,0J,制药工程,A507,湖北中医药大学,3,67459
2023,1,0K,药物制剂,A507,湖北中医药大学,3,64361
2023,1,0L,中药资源与开发,A507,湖北中医药大学,2,260459
2023,1,0M,中药制药,A507,湖北中医药大学,3,95802
2023,1,0N,医学检验技术,A507,湖北中医药大学,3,60640
2023,1,0P,卫生检验与检疫,A507,湖北中医药大学,3,72142
2023,1,0Q,生物技术,A507,湖北中医药大学,2,58243
2023,1,0R,食品质量与安全,A507,湖北中医药大学,3,94313
2023,1,0S,护理学,A507,湖北中医药大学,2,76816
2023,1,0T,助产学,A507,湖北中医药大学,1,70256
2023,1,0U,市场营销,A507,湖北中医药大学,1,132087
2023,1,0V,物流管理,A507,湖北中医药大学,1,124399
2023,1,0W,国际商务,A507,湖北中医药大学,2,115357
2023,1,0X,公共事业管理,A507,湖北中医药大学,2,119460
2023,1,0Y,保险学,A507,湖北中医药大学,2,217081
2023,1,0Z,信息管理与信息系统,A507,湖北中医药大学,2,110746
2023,1,10,医学信息工程,A507,湖北中医药大学,3,92265
2023,1,11,物联网工程,A507,湖北中医药大学,3,75615
2023,1,12,应用心理学,A507,湖北中医药大学,3,66091
2023,1,13,公共事业管理(医事法学方向),A507,湖北中医药大学,2,86556
2023,1,14,汉语国际教育,A507,湖北中医药大学,1,73135
2023,1,15,药事管理,A507,湖北中医药大学,1,66672
2023,1,16,英语,A507,湖北中医药大学,2,80167
2023,1,17,商务英语,A507,湖北中医药大学,1,86124
2023,1,18,运动康复,A507,湖北中医药大学,1,78440
2023,1,19,健康服务与管理,A507,湖北中医药大学,1,94740
2023,1,01,教育学类,A511,华中师范大学,4,17530
2023,1,16,日语,A511,华中师范大学,3,27735
2023,1,17,俄语,A511,华中师范大学,3,24925
2023,1,22,历史学类,A511,华中师范大学,3,13608
2023,1,24,数学类,A511,华中师范大学,1,6502
2023,1,27,物理学类,A511,华中师范大学,2,9958
2023,1,28,电子信息类,A511,华中师范大学,4,13911
2023,1,30,化学类,A511,华中师范大学,8,14203
2023,1,32,生物科学类,A511,华中师范大学,2,13806
2023,1,36,新闻传播学类,A511,华中师范大学,2,17144
2023,1,38,计算机类,A511,华中师范大学,2,12259
2023,1,45,管理科学与工程类,A511,华中师范大学,3,20764
2023,1,46,信息资源管理,A511,华中师范大学,2,21038
2023,1,51,社会学类,A511,华中师范大学,7,23629
2023,1,52,公共管理类,A511,华中师范大学,4,22828
2023,1,53,政治学类,A511,华中师范大学,2,14517
2023,1,56,经济学类,A511,华中师范大学,4,17023
2023,1,01,工商管理类,A512,湖北大学,3,40819
2023,1,03,经济学类,A512,湖北大学,3,35877
2023,1,05,行政管理,A512,湖北大学,2,50741
2023,1,08,中国语言文学类,A512,湖北大学,2,26793
2023,1,09,心理学,A512,湖北大学,2,45053
2023,1,10,外国语言文学类,A512,湖北大学,3,58745
2023,1,12,法语,A512,湖北大学,4,58816
2023,1,13,葡萄牙语,A512,湖北大学,2,72666
2023,1,15,物理学,A512,湖北大学,2,33220
2023,1,16,电子信息类,A512,湖北大学,4,30483
2023,1,22,生物科学类,A512,湖北大学,3,41723
2023,1,23,生物工程,A512,湖北大学,2,39130
2023,1,25,化学类,A512,湖北大学,3,42485
2023,1,30,地理科学类,A512,湖北大学,3,40911
2023,1,31,材料类,A512,湖北大学,3,43323
2023,1,33,新闻传播学类,A512,湖北大学,3,38689
2023,1,35,计算机类,A512,湖北大学,4,28175
2023,1,56,物联网工程,A512,湖北大学,2,29076
2023,1,S7,思想政治教育(师范类),A512,湖北大学,3,37378
2023,1,S8,历史学(师范类),A512,湖北大学,3,35789
2023,1,39,材料科学与工程(中外合作办学),A512,湖北大学,12,119275
2023,1,40,软件工程(中外合作办学),A512,湖北大学,12,74700
2023,1,41,电子信息工程(中外合作办学),A512,湖北大学,12,75730
2023,1,23,经济学类,A513,湖北师范大学,2,77411
2023,1,24,财务管理,A513,湖北师范大学,2,70742
2023,1,25,财务会计教育(师范类),A513,湖北师范大学,2,74183
2023,1,26,法学,A513,湖北师范大学,2,43021
2023,1,27,行政管理,A513,湖北师范大学,2,75934
2023,1,28,应用心理学,A513,湖北师范大学,2,75442
2023,1,29,教育学类(师范类),A513,湖北师范大学,2,61994
2023,1,30,学前教育(师范类),A513,湖北师范大学,2,98849
2023,1,33,日语(师范类),A513,湖北师范大学,4,120076
2023,1,35,历史学(师范类),A513,湖北师范大学,2,46696
2023,1,37,思想政治教育(师范类),A513,湖北师范大学,2,45612
2023,1,38,汉语言文学(师范类),A513,湖北师范大学,2,30307
2023,1,39,汉语国际教育,A513,湖北师范大学,2,61792
2023,1,40,广播电视学,A513,湖北师范大学,2,89466
2023,1,42,数学与应用数学(师范类),A513,湖北师范大学,4,47764
2023,1,44,物理学(师范类),A513,湖北师范大学,5,67828
2023,1,45,集成电路设计与集成系统,A513,湖北师范大学,3,84030
2023,1,47,化学类(师范类),A513,湖北师范大学,3,70840
2023,1,48,化学工程与工艺,A513,湖北师范大学,2,104456
2023,1,49,地理科学类(师范类),A513,湖北师范大学,2,61239
2023,1,50,环境工程,A513,湖北师范大学,2,136924
2023,1,52,食品科学与工程,A513,湖北师范大学,2,95631
2023,1,53,电气工程及其自动化,A513,湖北师范大学,2,76199
2023,1,54,自动化类,A513,湖北师范大学,2,81316
2023,1,55,教育技术学(师范类),A513,湖北师范大学,2,88079
2023,1,56,计算机类,A513,湖北师范大学,4,75077
2023,1,61,生物科学,A513,湖北师范大学,2,66033
2023,1,6D,材料科学与工程,A513,湖北师范大学,2,144883
2023,1,46,电子信息工程(中外合作办学),A513,湖北师范大学,12,179008
2023,1,01,思想政治教育(师范类),A514,黄冈师范学院,4,120904
2023,1,05,汉语言文学(师范类),A514,黄冈师范学院,4,111206
2023,1,11,历史学(师范类),A514,黄冈师范学院,4,129098
2023,1,13,英语(师范类),A514,黄冈师范学院,4,135829
2023,1,33,电子信息工程,A514,黄冈师范学院,5,171885
2023,1,56,计算机科学与技术(师范类),A514,黄冈师范学院,5,169459
2023,1,61,机械设计制造及其自动化,A514,黄冈师范学院,5,176831
2023,1,65,飞行器制造工程,A514,黄冈师范学院,5,198986
2023,1,1A,汉语言文学,A517,湖北民族大学,2,94672
2023,1,1C,医学影像技术,A517,湖北民族大学,2,124543
2023,1,3B,化学,A517,湖北民族大学,2,158126
2023,1,3E,城乡规划,A517,湖北民族大学,2,171809
2023,1,4D,日语,A517,湖北民族大学,2,162934
2023,1,7B,临床医学,A517,湖北民族大学,2,91590
2023,1,9C,食品科学与工程,A517,湖北民族大学,2,141937
2023,1,01,小学教育(师范类),A518,汉江师范学院,2,161966
2023,1,07,思想政治教育(师范类),A518,汉江师范学院,1,141779
2023,1,08,英语(师范类),A518,汉江师范学院,2,166242
2023,1,0K,数学与应用数学(师范类),A518,汉江师范学院,2,162326
2023,1,0Q,物理学(师范类),A518,汉江师范学院,2,170538
2023,1,0V,化学(师范类),A518,汉江师范学院,2,158362
2023,1,10,汉语言文学,A519,湖北文理学院,4,121775
2023,1,17,计算机类,A519,湖北文理学院,4,137096
2023,1,02,国际政治,A520,中南财经政法大学,3,21504
2023,1,03,社会学,A520,中南财经政法大学,2,15028
2023,1,04,经济学类,A520,中南财经政法大学,10,15381
2023,1,05,国际商务,A520,中南财经政法大学,3,21250
2023,1,06,财政学类,A520,中南财经政法大学,14,14857
2023,1,08,金融学类(保险精算),A520,中南财经政法大学,4,15523
2023,1,09,管理科学与工程类,A520,中南财经政法大学,1,20759
2023,1,0C,外国语言文学类,A520,中南财经政法大学,4,23059
2023,1,0D,日语,A520,中南财经政法大学,2,66150
2023,1,0E,法语,A520,中南财经政法大学,4,25054
2023,1,0H,汉语言文学,A520,中南财经政法大学,2,14054
2023,1,0K,工商管理类,A520,中南财经政法大学,10,20647
2023,1,0N,经济与贸易类,A520,中南财经政法大学,8,17754
2023,1,0P,工商管理类(会计学院),A520,中南财经政法大学,8,13154
2023,1,0R,劳动关系,A520,中南财经政法大学,2,17036
2023,1,0T,金融数学,A520,中南财经政法大学,4,14631
2023,1,0V,环境工程,A520,中南财经政法大学,1,24202
2023,1,0Y,经济管理试验班,A520,中南财经政法大学,7,12625
2023,1,10,经济学(拔尖人才实验班),A520,中南财经政法大学,2,13188
2023,1,11,经济管理试验班(本硕实验班),A520,中南财经政法大学,3,10231
2023,1,14,国际经济与贸易(融通创新人才实验班),A520,中南财经政法大学,3,17024
2023,1,16,会计学(荆楚卓越经管人才实验班),A520,中南财经政法大学,2,12248
2023,1,17,法学(国际法实验班),A520,中南财经政法大学,2,6619
2023,1,18,金融学类,A520,中南财经政法大学,12,15137
2023,1,1A,法学类,A520,中南财经政法大学,24,8586
2023,1,1C,新闻传播学类,A520,中南财经政法大学,2,18434
2023,1,1E,公共管理类,A520,中南财经政法大学,7,22278
2023,1,1G,统计学类,A520,中南财经政法大学,11,14513
2023,1,1J,计算机类,A520,中南财经政法大学,14,16506
2023,1,0L,应用心理学,A522,武汉体育学院,2,172092
2023,1,0P,教育技术学,A522,武汉体育学院,2,193400
2023,1,0Q,机械电子工程,A522,武汉体育学院,2,169841
2023,1,0S,数据科学与大数据技术,A522,武汉体育学院,2,142058
2023,1,0V,新闻学,A522,武汉体育学院,2,142250
2023,1,03,社会学类,A524,中南民族大学,3,58418
2023,1,06,经济学类,A524,中南民族大学,3,49664
2023,1,09,外国语言文学类,A524,中南民族大学,7,90722
2023,1,10,日语,A524,中南民族大学,3,97555
2023,1,11,新闻传播学类,A524,中南民族大学,4,55828
2023,1,12,工商管理类,A524,中南民族大学,5,56384
2023,1,13,公共管理类,A524,中南民族大学,4,73958
2023,1,15,教育学类,A524,中南民族大学,3,63711
2023,1,16,数学类,A524,中南民族大学,10,70263
2023,1,18,电子信息类,A524,中南民族大学,9,58471
2023,1,19,自动化类,A524,中南民族大学,4,60483
2023,1,20,计算机类,A524,中南民族大学,9,52851
2023,1,21,生物医学工程类,A524,中南民族大学,8,78300
2023,1,24,材料类,A524,中南民族大学,9,86789
2023,1,25,环境科学与工程类,A524,中南民族大学,12,85337
2023,1,26,化学类,A524,中南民族大学,5,73180
2023,1,27,药学类,A524,中南民族大学,9,71725
2023,1,28,生物科学类,A524,中南民族大学,9,65894
2023,1,01,机械设计制造及其自动化,A525,湖北汽车工业学院,3,126426
2023,1,0A,人工智能(智能驾驶),A525,湖北汽车工业学院,3,117343
2023,1,0K,车辆工程,A525,湖北汽车工业学院,2,115440
2023,1,0L,车辆工程(中外合作办学)(中英合作),A525,湖北汽车工业学院,4,215123
2023,1,21,英语,A528,湖北工程学院,1,167895
2023,1,51,经济学,A528,湖北工程学院,1,125181
2023,1,52,金融工程,A528,湖北工程学院,2,154418
2023,1,95,数据科学与大数据技术,A528,湖北工程学院,1,68870
2023,1,A3,光电信息科学与工程,A528,湖北工程学院,1,127562
2023,1,D1,机械设计制造及其自动化,A528,湖北工程学院,1,136805
2023,1,E3,物联网工程,A528,湖北工程学院,1,83174
2023,1,E4,自动化,A528,湖北工程学院,1,120489
2023,1,01,哲学,A530,湘潭大学,3,34250
2023,1,02,社会学,A530,湘潭大学,3,37014
2023,1,03,历史学,A530,湘潭大学,4,32083
2023,1,05,中国共产党历史,A530,湘潭大学,3,29216
2023,1,06,思想政治教育,A530,湘潭大学,3,27029
2023,1,07,马克思主义理论,A530,湘潭大学,3,27675
2023,1,08,马克思主义理论(韶峰班),A530,湘潭大学,2,25761
2023,1,09,经济学类(韶峰班),A530,湘潭大学,2,26880
2023,1,10,经济学,A530,湘潭大学,4,30029
2023,1,11,金融学,A530,湘潭大学,3,34065
2023,1,12,国际经济与贸易,A530,湘潭大学,4,35851
2023,1,13,工商管理,A530,湘潭大学,4,41549
2023,1,14,会计学,A530,湘潭大学,5,28713
2023,1,19,旅游管理,A530,湘潭大学,4,50036
2023,1,21,行政管理,A530,湘潭大学,3,35652
2023,1,23,信息管理与信息系统,A530,湘潭大学,4,32442
2023,1,27,法学(卓越班),A530,湘潭大学,2,16600
2023,1,28,法学类,A530,湘潭大学,6,19565
2023,1,31,知识产权,A530,湘潭大学,4,21825
2023,1,32,汉语言文学,A530,湘潭大学,4,23671
2023,1,34,新闻学,A530,湘潭大学,4,35378
2023,1,35,广告学,A530,湘潭大学,3,43938
2023,1,36,英语,A530,湘潭大学,5,41458
2023,1,37,德语,A530,湘潭大学,4,54409
2023,1,40,日语,A530,湘潭大学,5,64370
2023,1,44,数学类(韶峰班),A530,湘潭大学,2,17093
2023,1,45,数学类,A530,湘潭大学,4,20143
2023,1,46,数据科学与大数据技术,A530,湘潭大学,4,27382
2023,1,48,物理学,A530,湘潭大学,3,30750
2023,1,51,微电子科学与工程,A530,湘潭大学,4,27603
2023,1,52,光电信息科学与工程,A530,湘潭大学,4,30634
2023,1,54,材料科学与工程,A530,湘潭大学,5,41436
2023,1,57,新能源材料与器件,A530,湘潭大学,5,35110
2023,1,58,化学类(韶峰班),A530,湘潭大学,2,28087
2023,1,60,化学,A530,湘潭大学,4,33928
2023,1,61,应用化学,A530,湘潭大学,4,39727
2023,1,63,高分子材料与工程,A530,湘潭大学,3,39729
2023,1,64,化学工程与工艺(韶峰班),A530,湘潭大学,2,33024
2023,1,65,化学工程与工艺,A530,湘潭大学,5,40154
2023,1,66,制药工程,A530,湘潭大学,3,36253
2023,1,68,机械设计制造及其自动化,A530,湘潭大学,5,31710
2023,1,70,工业设计,A530,湘潭大学,3,42305
2023,1,72,智能制造工程,A530,湘潭大学,4,31677
2023,1,73,能源与动力工程,A530,湘潭大学,3,31787
2023,1,75,自动化,A530,湘潭大学,4,28310
2023,1,76,人工智能,A530,湘潭大学,5,28532
2023,1,77,通信工程,A530,湘潭大学,5,28756
2023,1,79,计算机科学与技术,A530,湘潭大学,4,23575
2023,1,81,软件工程,A530,湘潭大学,3,25300
2023,1,82,网络空间安全,A530,湘潭大学,3,26592
2023,1,83,土木工程,A530,湘潭大学,5,49177
2023,1,85,环境工程,A530,湘潭大学,4,47347
2023,1,89,机械设计制造及其自动化(中外合作办学),A530,湘潭大学,3,47124
2023,1,2H,旅游管理,A531,吉首大学,2,180656
2023,1,2L,电子商务,A531,吉首大学,2,192592
2023,1,3B,电气工程及其自动化,A531,吉首大学,2,96533
2023,1,4D,网络与新媒体,A531,吉首大学,3,85920
2023,1,4S,英语(师范类),A531,吉首大学,5,96330
2023,1,6E,国际经济与贸易,A531,吉首大学,4,150890
2023,1,7A,数学与应用数学(师范类),A531,吉首大学,5,120426
2023,1,7G,环境工程,A531,吉首大学,4,161105
2023,1,7R,软件工程,A531,吉首大学,4,99499
2023,1,8D,化学工程与工艺,A531,吉首大学,4,125095
2023,1,9S,汉语言文学(师范类),A531,吉首大学,4,70369
2023,1,03,经济学类,A532,湖南大学,3,10099
2023,1,04,数字经济,A532,湖南大学,4,12748
2023,1,05,金融学,A532,湖南大学,13,12059
2023,1,06,保险学(风险管理实验班),A532,湖南大学,1,12765
2023,1,07,精算学,A532,湖南大学,1,6572
2023,1,08,国际经济与贸易(实验班),A532,湖南大学,6,14140
2023,1,09,法学,A532,湖南大学,6,8077
2023,1,13,英语(语言智能实验班),A532,湖南大学,2,16722
2023,1,14,日语,A532,湖南大学,5,23801
2023,1,15,新闻传播学类,A532,湖南大学,3,14419
2023,1,16,历史学,A532,湖南大学,2,11108
2023,1,17,数学类,A532,湖南大学,6,8492
2023,1,18,应用物理学,A532,湖南大学,5,10568
2023,1,19,化学类,A532,湖南大学,5,11794
2023,1,22,生物技术,A532,湖南大学,2,11263
2023,1,23,统计学类,A532,湖南大学,2,7512
2023,1,24,工程力学(力学实验班),A532,湖南大学,2,10834
2023,1,25,机械类,A532,湖南大学,18,12206
2023,1,26,工业设计,A532,湖南大学,5,12215
2023,1,27,智能制造工程,A532,湖南大学,2,9217
2023,1,29,测控技术与仪器,A532,湖南大学,1,9447
2023,1,2F,本科预科班（招收边防军人子女）,A532,湖南大学,2,44376
2023,1,31,能源与动力工程(未来能源与动力创新实验班),A532,湖南大学,2,10221
2023,1,33,电气工程及其自动化,A532,湖南大学,11,7823
2023,1,34,电子信息工程,A532,湖南大学,2,7098
2023,1,35,电子科学与技术,A532,湖南大学,5,8271
2023,1,37,人工智能,A532,湖南大学,3,8116
2023,1,39,机器人工程,A532,湖南大学,3,7996
2023,1,40,计算机科学与技术,A532,湖南大学,3,5428
2023,1,41,计算机科学与技术(智能班),A532,湖南大学,7,6956
2023,1,42,软件工程,A532,湖南大学,5,7343
2023,1,43,信息安全,A532,湖南大学,5,8120
2023,1,45,土木工程(智能土木实验班),A532,湖南大学,2,12651
2023,1,46,建筑环境与能源应用工程(低碳建筑实验班),A532,湖南大学,3,14097
2023,1,47,给排水科学与工程,A532,湖南大学,2,13808
2023,1,48,化学工程与工艺,A532,湖南大学,1,6489
2023,1,49,环境科学与工程类,A532,湖南大学,3,14711
2023,1,50,生物医学工程,A532,湖南大学,3,11795
2023,1,51,建筑学,A532,湖南大学,6,21289
2023,1,52,城乡规划,A532,湖南大学,2,16658
2023,1,53,工商管理,A532,湖南大学,7,15319
2023,1,54,会计学,A532,湖南大学,7,10751
2023,1,57,电子商务,A532,湖南大学,4,23234
2023,1,58,材料科学与工程,A532,湖南大学,5,14677
2023,1,5A,通信工程,A532,湖南大学,4,7985
2023,1,5C,自动化,A532,湖南大学,3,8057
2023,1,5E,土木类,A532,湖南大学,18,18089
2023,1,5G,行政管理,A532,湖南大学,3,14590
2023,1,81,软件工程,A533,中南大学,10,5429
2023,1,83,临床医学(八年制),A533,中南大学,3,779
2023,1,92,口腔医学(5+3一体化),A533,中南大学,2,1945
2023,1,A0,金融学类(经济管理类),A533,中南大学,11,9394
2023,1,A1,法学类,A533,中南大学,8,7364
2023,1,A2,中国语言文学类,A533,中南大学,11,10742
2023,1,A3,外国语言文学类,A533,中南大学,7,17306
2023,1,A4,建筑类(建筑城规类),A533,中南大学,4,13534
2023,1,A5,数学类,A533,中南大学,12,6306
2023,1,A6,化工与制药类(化学生物环境类),A533,中南大学,15,12299
2023,1,A8,材料类(冶金材料类),A533,中南大学,33,14369
2023,1,A9,土木类(土木安全类),A533,中南大学,34,18709
2023,1,B0,交通运输类,A533,中南大学,15,11287
2023,1,B1,机械类,A533,中南大学,29,9953
2023,1,B2,能源动力类(能源类),A533,中南大学,13,10525
2023,1,B3,电子信息类,A533,中南大学,10,5824
2023,1,B4,自动化类(自动化与电气类),A533,中南大学,32,6895
2023,1,B5,计算机类(计算机与通信类),A533,中南大学,23,5221
2023,1,B6,航空航天类,A533,中南大学,3,5437
2023,1,B7,临床医学类(临床及口腔五年制医学类),A533,中南大学,16,4111
2023,1,B8,公共卫生与预防医学类(非临床五年制医学类),A533,中南大学,8,13087
2023,1,B9,医学技术类(医学四年类),A533,中南大学,8,12910
2023,1,98,材料科学与工程(中外合作办学)(中南大学和蒙纳士大学中外合作办学项,A533,中南大学,8,20275
2023,1,99,土木工程(中外合作办学)(中南大学和蒙纳士大学中外合作办学项目),A533,中南大学,8,28516
2023,1,10,给排水科学与工程,A534,湖南科技大学,2,104601
2023,1,11,工程力学,A534,湖南科技大学,2,72271
2023,1,13,建筑环境与能源应用工程,A534,湖南科技大学,2,105144
2023,1,14,机械设计制造及其自动化,A534,湖南科技大学,3,48120
2023,1,16,车辆工程,A534,湖南科技大学,3,65782
2023,1,17,机械电子工程,A534,湖南科技大学,3,60883
2023,1,19,机械设计制造及其自动化(卓越工程师班),A534,湖南科技大学,1,42930
2023,1,20,工业工程,A534,湖南科技大学,3,92992
2023,1,21,电气工程及其自动化,A534,湖南科技大学,1,34024
2023,1,23,自动化,A534,湖南科技大学,1,35628
2023,1,24,电子信息工程,A534,湖南科技大学,1,35231
2023,1,25,通信工程,A534,湖南科技大学,2,49243
2023,1,26,机器人工程,A534,湖南科技大学,2,50200
2023,1,27,计算机科学与技术,A534,湖南科技大学,2,29748
2023,1,29,信息安全,A534,湖南科技大学,1,40206
2023,1,30,物联网工程,A534,湖南科技大学,2,44913
2023,1,31,软件工程,A534,湖南科技大学,1,31777
2023,1,32,化学(师范类),A534,湖南科技大学,2,60721
2023,1,33,应用化学,A534,湖南科技大学,5,85315
2023,1,34,化学工程与工艺,A534,湖南科技大学,4,78952
2023,1,35,环境工程,A534,湖南科技大学,3,82347
2023,1,36,制药工程,A534,湖南科技大学,2,70987
2023,1,37,能源化学工程,A534,湖南科技大学,2,69502
2023,1,38,数学与应用数学(师范类),A534,湖南科技大学,2,62001
2023,1,39,信息与计算科学,A534,湖南科技大学,4,57992
2023,1,40,应用统计学,A534,湖南科技大学,3,65158
2023,1,41,物理学(师范类),A534,湖南科技大学,2,73438
2023,1,42,电子信息科学与技术,A534,湖南科技大学,1,43430
2023,1,44,光电信息科学与工程,A534,湖南科技大学,3,61365
2023,1,47,生物工程,A534,湖南科技大学,3,65127
2023,1,48,建筑学,A534,湖南科技大学,2,76480
2023,1,49,城乡规划,A534,湖南科技大学,3,106520
2023,1,52,风景园林,A534,湖南科技大学,2,75841
2023,1,54,测绘工程,A534,湖南科技大学,2,72451
2023,1,55,土木工程,A534,湖南科技大学,9,97455
2023,1,57,汉语言文学(师范类),A534,湖南科技大学,1,43400
2023,1,59,历史学(师范类),A534,湖南科技大学,1,51458
2023,1,60,新闻学,A534,湖南科技大学,2,63744
2023,1,63,思想政治教育(师范类),A534,湖南科技大学,2,55798
2023,1,67,日语,A534,湖南科技大学,4,188393
2023,1,68,翻译,A534,湖南科技大学,2,89668
2023,1,69,教育学(师范类),A534,湖南科技大学,2,75521
2023,1,70,教育技术学(师范类),A534,湖南科技大学,2,92815
2023,1,72,小学教育(师范类),A534,湖南科技大学,4,77267
2023,1,73,经济学,A534,湖南科技大学,2,60821
2023,1,74,国际经济与贸易,A534,湖南科技大学,1,91728
2023,1,75,会计学,A534,湖南科技大学,2,55689
2023,1,81,人力资源管理,A534,湖南科技大学,2,79610
2023,1,82,电子商务,A534,湖南科技大学,2,93872
2023,1,83,金融工程,A534,湖南科技大学,1,68952
2023,1,84,采矿工程,A534,湖南科技大学,5,160113
2023,1,85,安全工程,A534,湖南科技大学,5,88619
2023,1,86,勘查技术与工程,A534,湖南科技大学,4,99337
2023,1,90,材料成型及控制工程,A534,湖南科技大学,2,89014
2023,1,95,法学,A534,湖南科技大学,2,36183
2023,1,96,公共事业管理,A534,湖南科技大学,2,88413
2023,1,97,化学工程与工艺(卓越工程师班),A534,湖南科技大学,2,61049
2023,1,AD,材料科学与工程,A534,湖南科技大学,8,107924
2023,1,AE,数据科学与大数据技术,A534,湖南科技大学,1,43505
2023,1,AQ,智能制造工程,A534,湖南科技大学,2,57836
2023,1,AR,集成电路设计与集成系统,A534,湖南科技大学,2,47157
2023,1,AS,应急技术与管理,A534,湖南科技大学,1,100356
2023,1,AT,智能材料与结构,A534,湖南科技大学,2,79184
2023,1,B5,应用心理学(师范类),A534,湖南科技大学,2,63580
2023,1,B7,数字经济,A534,湖南科技大学,2,78677
2023,1,B8,智能建造,A534,湖南科技大学,2,90173
2023,1,B9,汉语国际教育,A534,湖南科技大学,1,62536
2023,1,06,会计学,A536,长沙理工大学,2,29177
2023,1,09,法学,A536,长沙理工大学,2,29703
2023,1,10,汉语言文学,A536,长沙理工大学,2,41075
2023,1,11,新闻学,A536,长沙理工大学,2,52887
2023,1,12,英语,A536,长沙理工大学,2,53989
2023,1,13,翻译,A536,长沙理工大学,2,96034
2023,1,14,数学与应用数学,A536,长沙理工大学,2,34701
2023,1,15,信息与计算科学,A536,长沙理工大学,2,34414
2023,1,16,应用统计学,A536,长沙理工大学,2,35862
2023,1,17,物理学,A536,长沙理工大学,2,40735
2023,1,22,环境工程,A536,长沙理工大学,2,58620
2023,1,26,土木工程,A536,长沙理工大学,6,58573
2023,1,31,测控技术与仪器,A536,长沙理工大学,2,43604
2023,1,32,能源与动力工程,A536,长沙理工大学,4,35062
2023,1,33,新能源科学与工程,A536,长沙理工大学,2,34353
2023,1,34,自动化,A536,长沙理工大学,2,29385
2023,1,35,建筑环境与能源应用工程,A536,长沙理工大学,2,61970
2023,1,36,电气工程及其自动化,A536,长沙理工大学,2,21569
2023,1,37,电子信息工程,A536,长沙理工大学,2,26993
2023,1,38,轨道交通信号与控制,A536,长沙理工大学,2,39303
2023,1,39,通信工程,A536,长沙理工大学,2,29399
2023,1,40,计算机科学与技术,A536,长沙理工大学,2,24197
2023,1,43,道路桥梁与渡河工程,A536,长沙理工大学,4,59038
2023,1,44,交通运输类,A536,长沙理工大学,4,37206
2023,1,46,工程管理,A536,长沙理工大学,2,63854
2023,1,47,给排水科学与工程,A536,长沙理工大学,2,58032
2023,1,51,船舶与海洋工程,A536,长沙理工大学,4,58391
2023,1,53,金融学,A536,长沙理工大学,2,42802
2023,1,54,材料类,A536,长沙理工大学,6,52163
2023,1,57,机械类,A536,长沙理工大学,8,42651
2023,1,58,建筑类,A536,长沙理工大学,2,48361
2023,1,59,水利类,A536,长沙理工大学,4,44955
2023,1,64,电子信息类,A536,长沙理工大学,2,28054
2023,1,65,生物工程类,A536,长沙理工大学,3,53008
2023,1,66,数字经济,A536,长沙理工大学,2,48672
2023,1,68,网络与新媒体,A536,长沙理工大学,2,39003
2023,1,69,储能科学与工程,A536,长沙理工大学,2,35140
2023,1,70,智能电网信息工程,A536,长沙理工大学,2,25838
2023,1,71,机器人工程,A536,长沙理工大学,2,32536
2023,1,72,城市地下空间工程,A536,长沙理工大学,2,57735
2023,1,74,地理信息科学,A536,长沙理工大学,2,52454
2023,1,83,应用化学,A536,长沙理工大学,2,50564
2023,1,84,轻化工程,A536,长沙理工大学,2,67831
2023,1,85,化学工程与工艺,A536,长沙理工大学,2,51682
2023,1,88,艺术管理,A536,长沙理工大学,4,150106
2023,1,YC,新闻学(卓越班),A536,长沙理工大学,1,42874
2023,1,YD,会计学(卓越班),A536,长沙理工大学,1,27758
2023,1,YE,电气工程及其自动化(创新人才培养班),A536,长沙理工大学,2,20909
2023,1,YF,电气工程及其自动化(卓越班),A536,长沙理工大学,1,20616
2023,1,YJ,港口航道与海岸工程(卓越班),A536,长沙理工大学,2,49559
2023,1,YK,水利水电工程(卓越班),A536,长沙理工大学,1,31337
2023,1,YL,道路桥梁与渡河工程(智慧道路卓越班),A536,长沙理工大学,1,50993
2023,1,YN,土木工程(创新人才培养班),A536,长沙理工大学,2,51705
2023,1,27,土木工程(中外合作办学),A536,长沙理工大学,2,66537
2023,1,52,电气工程及其自动化(中外合作办学),A536,长沙理工大学,5,40144
2023,1,63,机械设计制造及其自动化(中外合作办学),A536,长沙理工大学,3,62013
2023,1,01,动物科学,A537,湖南农业大学,4,92715
2023,1,04,植物保护,A537,湖南农业大学,3,79900
2023,1,07,机械设计制造及其自动化,A537,湖南农业大学,2,87340
2023,1,08,农业机械化及其自动化,A537,湖南农业大学,2,97211
2023,1,09,水利水电工程,A537,湖南农业大学,2,107183
2023,1,10,工程管理,A537,湖南农业大学,3,137167
2023,1,13,土木工程,A537,湖南农业大学,4,139190
2023,1,15,农学,A537,湖南农业大学,3,53781
2023,1,29,生物工程,A537,湖南农业大学,2,82039
2023,1,30,生态学,A537,湖南农业大学,3,92830
2023,1,35,材料化学,A537,湖南农业大学,2,108094
2023,1,38,园艺,A537,湖南农业大学,2,79448
2023,1,39,中药资源与开发,A537,湖南农业大学,2,109475
2023,1,52,计算机科学与技术,A537,湖南农业大学,2,60670
2023,1,53,电子信息工程,A537,湖南农业大学,2,73256
2023,1,54,物联网工程,A537,湖南农业大学,2,74840
2023,1,55,工商管理,A537,湖南农业大学,4,93837
2023,1,58,市场营销,A537,湖南农业大学,2,114136
2023,1,63,英语,A537,湖南农业大学,5,89256
2023,1,64,日语,A537,湖南农业大学,2,108454
2023,1,76,公共管理类,A537,湖南农业大学,6,101135
2023,1,85,土地资源管理,A537,湖南农业大学,2,91070
2023,1,88,思想政治教育,A537,湖南农业大学,3,70418
2023,1,X1,酿酒工程,A537,湖南农业大学,2,99067
2023,1,X2,机器人工程,A537,湖南农业大学,3,81536
2023,1,Z9,动植物检疫,A537,湖南农业大学,2,99054
2023,1,ZE,食品科学与工程,A537,湖南农业大学,2,87922
2023,1,ZR,动物医学,A537,湖南农业大学,2,61008
2023,1,ZW,水生动物医学,A537,湖南农业大学,3,122723
2023,1,ZX,水产养殖学,A537,湖南农业大学,5,132068
2023,1,ZY,生物技术,A537,湖南农业大学,2,84747
2023,1,ZZ,生物科学,A537,湖南农业大学,2,83041
2023,1,08,园艺,A538,中南林业科技大学,2,80279
2023,1,10,林学类,A538,中南林业科技大学,2,75487
2023,1,11,土地资源管理,A538,中南林业科技大学,4,79467
2023,1,15,材料类,A538,中南林业科技大学,10,109219
2023,1,16,化学工程与工艺,A538,中南林业科技大学,3,95015
2023,1,17,森林工程,A538,中南林业科技大学,2,152191
2023,1,18,木材科学与工程,A538,中南林业科技大学,5,109848
2023,1,19,林产化工,A538,中南林业科技大学,10,129122
2023,1,21,能源动力类,A538,中南林业科技大学,1,64528
2023,1,22,机械设计制造及其自动化,A538,中南林业科技大学,1,61673
2023,1,23,智能制造工程,A538,中南林业科技大学,1,66584
2023,1,24,车辆工程,A538,中南林业科技大学,1,74934
2023,1,25,物流管理,A538,中南林业科技大学,2,97848
2023,1,26,物流工程,A538,中南林业科技大学,2,86642
2023,1,27,供应链管理,A538,中南林业科技大学,2,112031
2023,1,28,建筑类,A538,中南林业科技大学,2,70289
2023,1,31,工业设计,A538,中南林业科技大学,2,71484
2023,1,32,家具设计与工程,A538,中南林业科技大学,4,142050
2023,1,35,计算机科学与技术,A538,中南林业科技大学,1,44868
2023,1,38,人工智能,A538,中南林业科技大学,1,64036
2023,1,40,土木类,A538,中南林业科技大学,10,118599
2023,1,41,测绘工程,A538,中南林业科技大学,2,84861
2023,1,42,工程管理,A538,中南林业科技大学,2,116666
2023,1,43,食品科学与工程类,A538,中南林业科技大学,10,86194
2023,1,44,环境科学与工程类,A538,中南林业科技大学,8,106697
2023,1,46,应用物理学,A538,中南林业科技大学,2,93396
2023,1,47,地理信息科学,A538,中南林业科技大学,2,64953
2023,1,48,国际商务,A538,中南林业科技大学,2,135240
2023,1,50,市场营销,A538,中南林业科技大学,2,77039
2023,1,52,农林经济管理,A538,中南林业科技大学,2,78675
2023,1,53,金融学,A538,中南林业科技大学,2,64316
2023,1,55,国际经济与贸易,A538,中南林业科技大学,1,70081
2023,1,56,外国语言文学类,A538,中南林业科技大学,2,72513
2023,1,59,日语,A538,中南林业科技大学,2,108468
2023,1,61,旅游管理类,A538,中南林业科技大学,10,152281
2023,1,69,木材科学与工程(院士卓越班),A538,中南林业科技大学,2,108503
2023,1,71,生态学(陶铸实验班),A538,中南林业科技大学,3,74705
2023,1,01,中医学(5+3一体化，卓越1班),A541,湖南中医药大学,2,15503
2023,1,02,中医学,A541,湖南中医药大学,13,41344
2023,1,03,中西医临床医学,A541,湖南中医药大学,2,35113
2023,1,04,针灸推拿学,A541,湖南中医药大学,3,45518
2023,1,05,康复治疗学,A541,湖南中医药大学,2,63663
2023,1,06,临床医学,A541,湖南中医药大学,3,26482
2023,1,07,医学影像学,A541,湖南中医药大学,1,24371
2023,1,08,口腔医学,A541,湖南中医药大学,8,20306
2023,1,10,护理学,A541,湖南中医药大学,4,78518
2023,1,11,药学,A541,湖南中医药大学,4,56018
2023,1,15,制药工程,A541,湖南中医药大学,1,48899
2023,1,16,食品科学与工程,A541,湖南中医药大学,2,62424
2023,1,17,生物工程,A541,湖南中医药大学,3,64938
2023,1,19,运动康复,A541,湖南中医药大学,1,66068
2023,1,21,应用心理学,A541,湖南中医药大学,3,57081
2023,1,22,计算机科学与技术,A541,湖南中医药大学,5,41900
2023,1,23,信息管理与信息系统,A541,湖南中医药大学,1,68983
2023,1,24,市场营销,A541,湖南中医药大学,1,99717
2023,1,26,中医养生学,A541,湖南中医药大学,3,65618
2023,1,27,中医康复学,A541,湖南中医药大学,1,56753
2023,1,28,中医学(5+3一体化，卓越2班),A541,湖南中医药大学,1,16519
2023,1,29,中医学(5+3一体化，卓越3班),A541,湖南中医药大学,2,18581
2023,1,30,中医儿科学,A541,湖南中医药大学,2,49269
2023,1,31,中医骨伤科学,A541,湖南中医药大学,2,57605
2023,1,32,中医学(5+3一体化，中医儿科班),A541,湖南中医药大学,1,23870
2023,1,33,眼视光医学,A541,湖南中医药大学,4,43281
2023,1,34,医疗保险,A541,湖南中医药大学,1,80068
2023,1,B0,汉语国际教育(师范类),A542,湖南师范大学,4,22952
2023,1,B2,汉语言文学(师范类),A542,湖南师范大学,4,15240
2023,1,C2,文化产业管理,A542,湖南师范大学,4,32157
2023,1,E0,法学,A542,湖南师范大学,8,16800
2023,1,E2,知识产权,A542,湖南师范大学,2,17835
2023,1,E3,工商管理,A542,湖南师范大学,3,29540
2023,1,E5,会计学,A542,湖南师范大学,4,21870
2023,1,F0,行政管理,A542,湖南师范大学,4,31276
2023,1,F1,社会学,A542,湖南师范大学,4,25671
2023,1,F2,思想政治教育(师范类),A542,湖南师范大学,2,17267
2023,1,F4,哲学,A542,湖南师范大学,4,21037
2023,1,F6,政治学与行政学,A542,湖南师范大学,2,20951
2023,1,G4,经济学,A542,湖南师范大学,2,23614
2023,1,G6,金融学,A542,湖南师范大学,2,23984
2023,1,G8,国际经济与贸易,A542,湖南师范大学,2,28670
2023,1,H0,旅游管理类,A542,湖南师范大学,12,44629
2023,1,J3,外国语言文学类,A542,湖南师范大学,6,28231
2023,1,M2,数学与应用数学(师范类),A542,湖南师范大学,2,16242
2023,1,M3,统计学,A542,湖南师范大学,2,20284
2023,1,M4,数据科学与大数据技术,A542,湖南师范大学,2,20150
2023,1,M7,信息与计算科学,A542,湖南师范大学,2,17960
2023,1,N0,电子信息科学与技术,A542,湖南师范大学,2,20232
2023,1,N1,物理学类,A542,湖南师范大学,2,19741
2023,1,P0,化学(师范类),A542,湖南师范大学,2,15710
2023,1,P3,化工与制药类,A542,湖南师范大学,6,31148
2023,1,Q0,生物科学类,A542,湖南师范大学,2,19436
2023,1,R4,地理信息科学,A542,湖南师范大学,4,23549
2023,1,R5,人文地理与城乡规划,A542,湖南师范大学,4,31986
2023,1,R7,土地资源管理,A542,湖南师范大学,2,30033
2023,1,T9,机械设计制造及其自动化,A542,湖南师范大学,2,24029
2023,1,U2,临床医学,A542,湖南师范大学,8,20194
2023,1,U3,药学,A542,湖南师范大学,8,28509
2023,1,U4,医学检验技术,A542,湖南师范大学,6,29357
2023,1,U5,预防医学,A542,湖南师范大学,4,30276
2023,1,V1,计算机科学与技术,A542,湖南师范大学,2,18941
2023,1,V3,软件工程,A542,湖南师范大学,4,20274
2023,1,V4,通信工程,A542,湖南师范大学,4,21355
2023,1,V5,物联网工程,A542,湖南师范大学,2,21060
2023,1,V6,人工智能,A542,湖南师范大学,2,20993
2023,1,Y2,新闻传播学类,A542,湖南师范大学,8,25620
2023,1,02,法学,A543,湖南理工学院,8,83100
2023,1,09,朝鲜语,A543,湖南理工学院,3,201287
2023,1,0Z,机械设计制造及其自动化,A543,湖南理工学院,3,116843
2023,1,15,通信工程,A543,湖南理工学院,5,119068
2023,1,1B,土木工程,A543,湖南理工学院,2,154449
2023,1,0T,应用化学(中外合作办学),A543,湖南理工学院,2,213201
2023,1,11,金融工程,A545,湘南学院,2,180235
2023,1,12,数学与应用数学(师范类),A545,湘南学院,3,160936
2023,1,14,汉语言文学(师范类),A545,湘南学院,3,127553
2023,1,15,新闻学,A545,湘南学院,2,155231
2023,1,17,翻译,A545,湘南学院,2,189321
2023,1,18,商务英语,A545,湘南学院,2,172432
2023,1,19,财务管理,A545,湘南学院,2,136022
2023,1,21,国际经济与贸易,A545,湘南学院,2,178713
2023,1,23,电气工程及其自动化,A545,湘南学院,3,145550
2023,1,28,计算机科学与技术,A545,湘南学院,3,132108
2023,1,30,物联网工程,A545,湘南学院,2,148028
2023,1,34,预防医学,A545,湘南学院,2,130177
2023,1,35,卫生检验与检疫,A545,湘南学院,2,148904
2023,1,37,针灸推拿学,A545,湘南学院,2,107991
2023,1,38,康复治疗学,A545,湘南学院,2,152438
2023,1,39,药学,A545,湘南学院,2,151998
2023,1,40,旅游管理,A545,湘南学院,1,193088
2023,1,41,医学影像学,A545,湘南学院,2,76168
2023,1,42,医学检验技术,A545,湘南学院,2,131365
2023,1,43,医学影像技术,A545,湘南学院,2,134916
2023,1,46,物理学(师范类),A545,湘南学院,2,175108
2023,1,47,化学(师范类),A545,湘南学院,2,162244
2023,1,48,生物技术(师范类),A545,湘南学院,2,167418
2023,1,66,临床医学,A545,湘南学院,5,94171
2023,1,01,经济学,A546,衡阳师范学院,1,147206
2023,1,02,国际经济与贸易,A546,衡阳师范学院,2,149813
2023,1,04,电子商务,A546,衡阳师范学院,1,164288
2023,1,05,法学,A546,衡阳师范学院,1,101269
2023,1,06,知识产权,A546,衡阳师范学院,2,123399
2023,1,07,思想政治教育(师范类),A546,衡阳师范学院,1,97866
2023,1,09,历史学(师范类),A546,衡阳师范学院,1,99601
2023,1,11,汉语言文学(师范类),A546,衡阳师范学院,1,79265
2023,1,13,汉语国际教育(师范类),A546,衡阳师范学院,1,117441
2023,1,15,新闻学,A546,衡阳师范学院,2,121644
2023,1,16,广告学,A546,衡阳师范学院,1,126143
2023,1,17,网络与新媒体,A546,衡阳师范学院,1,84524
2023,1,18,英语(师范类),A546,衡阳师范学院,1,84983
2023,1,21,商务英语,A546,衡阳师范学院,1,208901
2023,1,35,地理科学(师范类),A546,衡阳师范学院,1,84155
2023,1,39,旅游管理,A546,衡阳师范学院,2,201679
2023,1,42,电子信息科学与技术,A546,衡阳师范学院,1,137529
2023,1,43,化学(师范类),A546,衡阳师范学院,2,135995
2023,1,45,应用化学,A546,衡阳师范学院,1,176459
2023,1,47,高分子材料与工程,A546,衡阳师范学院,1,177710
2023,1,50,软件工程,A546,衡阳师范学院,2,135667
2023,1,52,物联网工程,A546,衡阳师范学院,2,148846
2023,1,54,学前教育(师范类),A546,衡阳师范学院,2,151981
2023,1,56,应用心理学(师范类),A546,衡阳师范学院,1,115006
2023,1,58,生物科学(师范类),A546,衡阳师范学院,1,119379
2023,1,62,电子信息工程,A546,衡阳师范学院,1,139721
2023,1,63,计算机科学与技术,A546,衡阳师范学院,1,114665
2023,1,01,思想政治教育(师范类),A547,邵阳学院,3,153165
2023,1,02,金融工程,A547,邵阳学院,3,189363
2023,1,07,法学,A547,邵阳学院,2,127954
2023,1,13,英语(师范类),A547,邵阳学院,3,174943
2023,1,14,商务英语,A547,邵阳学院,3,192071
2023,1,28,机械设计制造及其自动化,A547,邵阳学院,3,173612
2023,1,30,能源与动力工程,A547,邵阳学院,3,176690
2023,1,35,食品质量与安全,A547,邵阳学院,3,187000
2023,1,38,自动化,A547,邵阳学院,3,181155
2023,1,39,电子信息工程,A547,邵阳学院,3,183878
2023,1,41,计算机科学与技术,A547,邵阳学院,3,152069
2023,1,43,物联网工程,A547,邵阳学院,3,188841
2023,1,46,城乡规划,A547,邵阳学院,3,195123
2023,1,48,临床医学,A547,邵阳学院,4,98427
2023,1,50,护理学,A547,邵阳学院,3,162403
2023,1,51,医学影像技术,A547,邵阳学院,2,149272
2023,1,47,通信工程(中外合作办学),A547,邵阳学院,6,222489
2023,1,10,法学,A548,怀化学院,2,113400
2023,1,13,学前教育(师范类),A548,怀化学院,2,182687
2023,1,16,汉语言文学(师范类),A548,怀化学院,2,141898
2023,1,18,英语(师范类),A548,怀化学院,2,170523
2023,1,21,信息与计算科学,A548,怀化学院,2,174635
2023,1,23,机械设计制造及其自动化,A548,怀化学院,2,165451
2023,1,24,材料化学,A548,怀化学院,2,200038
2023,1,26,通信工程,A548,怀化学院,2,175080
2023,1,28,电子信息科学与技术,A548,怀化学院,2,178499
2023,1,31,网络空间安全,A548,怀化学院,2,162970
2023,1,36,生物制药,A548,怀化学院,2,169137
2023,1,37,园林,A548,怀化学院,1,194530
2023,1,38,财务管理,A548,怀化学院,2,173266
2023,1,43,物理学(师范类),A548,怀化学院,2,198193
2023,1,45,机器人工程,A548,怀化学院,2,188401
2023,1,46,数据科学与大数据技术,A548,怀化学院,2,160604
2023,1,47,历史学(师范类),A548,怀化学院,2,147956
2023,1,49,国际经济与贸易,A548,怀化学院,2,194753
2023,1,02,新闻学,A549,湖南文理学院,2,146621
2023,1,08,商务英语,A549,湖南文理学院,2,194484
2023,1,39,水产养殖学,A549,湖南文理学院,2,188103
2023,1,47,自动化,A549,湖南文理学院,2,152277
2023,1,51,机械电子工程,A549,湖南文理学院,2,170039
2023,1,Z1,机械设计制造及其自动化(中外合作办学),A549,湖南文理学院,2,217410
2023,1,Z2,信息管理与信息系统(中外合作办学),A549,湖南文理学院,4,222105
2023,1,02,汉语言文学(师范类),A551,湖南科技学院,2,117860
2023,1,08,化学(师范类),A551,湖南科技学院,2,162520
2023,1,0M,土木工程,A551,湖南科技学院,2,187894
2023,1,0N,测绘工程,A551,湖南科技学院,2,188514
2023,1,15,社会工作,A553,湖南人文科技学院,4,198083
2023,1,20,思想政治教育(师范类),A553,湖南人文科技学院,4,155148
2023,1,25,食品科学与工程,A553,湖南人文科技学院,5,196215
2023,1,27,园艺,A553,湖南人文科技学院,4,209222
2023,1,33,电子商务,A553,湖南人文科技学院,4,210739
2023,1,41,商务英语,A553,湖南人文科技学院,5,204357
2023,1,47,电子信息工程,A553,湖南人文科技学院,4,191801
2023,1,49,计算机科学与技术,A553,湖南人文科技学院,4,177251
2023,1,9E,学前教育(中外合作办学)(师范类),A553,湖南人文科技学院,8,218349
2023,1,10,金融学类,A554,湖南工商大学,3,70438
2023,1,20,工商管理类,A554,湖南工商大学,10,97678
2023,1,31,财务管理,A554,湖南工商大学,12,68789
2023,1,43,健康服务与管理,A554,湖南工商大学,1,144289
2023,1,70,旅游管理类,A554,湖南工商大学,1,104220
2023,1,90,电子信息工程,A554,湖南工商大学,1,57865
2023,1,98,人工智能,A554,湖南工商大学,1,78363
2023,1,E1,智能制造工程,A554,湖南工商大学,4,85863
2023,1,E2,通信工程,A554,湖南工商大学,4,71120
2023,1,01,机械类,A555,南华大学,25,100192
2023,1,02,能源与动力工程,A555,南华大学,3,74119
2023,1,03,电气工程及其自动化,A555,南华大学,2,56142
2023,1,06,生物医学工程,A555,南华大学,2,84633
2023,1,07,核工程类,A555,南华大学,8,54801
2023,1,08,核物理,A555,南华大学,2,49530
2023,1,0B,资源勘查工程,A555,南华大学,3,132599
2023,1,0C,城市地下空间工程,A555,南华大学,4,120181
2023,1,0D,环境工程,A555,南华大学,4,118249
2023,1,0E,安全工程(含卓越工程师班),A555,南华大学,2,87917
2023,1,0H,人工智能,A555,南华大学,2,62854
2023,1,0J,土木类,A555,南华大学,20,143215
2023,1,0K,建筑类,A555,南华大学,5,105154
2023,1,0L,风景园林,A555,南华大学,6,115420
2023,1,0M,化工与制药类,A555,南华大学,10,102264
2023,1,0N,材料类,A555,南华大学,8,114937
2023,1,0P,信息与计算科学,A555,南华大学,4,70430
2023,1,0T,临床医学类,A555,南华大学,5,27364
2023,1,0W,生物技术,A555,南华大学,2,71587
2023,1,0Y,药学,A555,南华大学,4,80574
2023,1,0Z,预防医学,A555,南华大学,2,71136
2023,1,11,护理学,A555,南华大学,12,105017
2023,1,14,物流工程,A555,南华大学,4,110740
2023,1,15,电子商务,A555,南华大学,8,118403
2023,1,16,法学,A555,南华大学,2,49542
2023,1,18,经济学,A555,南华大学,2,70512
2023,1,19,外国语言文学类,A555,南华大学,8,138067
2023,1,1L,会计学,A555,南华大学,3,68487
2023,1,1Z,药物制剂,A555,南华大学,2,93025
2023,1,23,软件工程,A555,南华大学,2,58752
2023,1,24,物联网工程,A555,南华大学,2,62359
2023,1,25,数据科学与大数据技术,A555,南华大学,2,58588
2023,1,28,电子信息工程,A555,南华大学,2,62292
2023,1,29,通信工程,A555,南华大学,2,62742
2023,1,2A,自动化,A555,南华大学,3,63897
2023,1,2B,机器人工程,A555,南华大学,3,68406
2023,1,2C,日语,A555,南华大学,4,166266
2023,1,2D,矿物资源工程(含卓越工程师班),A555,南华大学,3,130658
2023,1,2E,工商管理,A555,南华大学,3,80018
2023,1,2F,矿物加工工程,A555,南华大学,3,138025
2023,1,01,汉语言文学(广州),A558,中山大学,4,3510
2023,1,03,历史学(广州),A558,中山大学,5,6052
2023,1,08,外国语言文学类(广州),A558,中山大学,2,6303
2023,1,0A,法学,A558,中山大学,5,3161
2023,1,0B,公共管理类,A558,中山大学,5,6358
2023,1,0D,工商管理类(广州),A558,中山大学,11,5539
2023,1,0E,心理学,A558,中山大学,4,7140
2023,1,0K,数学类(广州),A558,中山大学,6,2847
2023,1,0M,化学类,A558,中山大学,12,5473
2023,1,0U,材料类,A558,中山大学,5,5194
2023,1,0V,电子信息类(广州),A558,中山大学,20,3399
2023,1,0W,计算机类(广州),A558,中山大学,12,2901
2023,1,0Z,临床医学(八年制),A558,中山大学,2,543
2023,1,10,临床医学(广州),A558,中山大学,22,2841
2023,1,1E,物理学类(珠海),A558,中山大学,15,4738
2023,1,22,智能科学与技术,A558,中山大学,17,3955
2023,1,24,航空航天类,A558,中山大学,18,5132
2023,1,2A,网络空间安全,A558,中山大学,10,3950
2023,1,01,汉语言文学,A559,暨南大学,2,13392
2023,1,04,广告学,A559,暨南大学,2,16304
2023,1,06,网络与新媒体,A559,暨南大学,3,14178
2023,1,08,英语,A559,暨南大学,3,23464
2023,1,0C,西班牙语,A559,暨南大学,2,28044
2023,1,11,财政学,A559,暨南大学,2,16586
2023,1,13,税收学,A559,暨南大学,2,17012
2023,1,18,市场营销,A559,暨南大学,2,28361
2023,1,1E,法学,A559,暨南大学,2,11357
2023,1,1F,知识产权,A559,暨南大学,2,14730
2023,1,20,国际政治,A559,暨南大学,2,20981
2023,1,21,国际事务与国际关系,A559,暨南大学,2,19474
2023,1,2A,数学与应用数学,A559,暨南大学,2,14247
2023,1,2B,软件工程,A559,暨南大学,2,11745
2023,1,2D,信息管理与信息系统,A559,暨南大学,2,18140
2023,1,2E,电子信息工程,A559,暨南大学,2,12735
2023,1,32,网络空间安全,A559,暨南大学,2,12940
2023,1,37,生物科学,A559,暨南大学,3,18882
2023,1,3D,口腔医学,A559,暨南大学,2,7875
2023,1,41,中药学,A559,暨南大学,2,21110
2023,1,43,国际经济与贸易,A559,暨南大学,2,18166
2023,1,46,药学,A559,暨南大学,2,18383
2023,1,4A,临床医学,A559,暨南大学,2,10720
2023,1,52,文化产业管理,A559,暨南大学,2,23013
2023,1,55,国际商务,A559,暨南大学,2,20597
2023,1,56,工商管理,A559,暨南大学,2,19927
2023,1,59,翻译,A559,暨南大学,2,27717
2023,1,5A,电气工程及其自动化,A559,暨南大学,2,12229
2023,1,5C,包装工程,A559,暨南大学,2,30834
2023,1,5D,物联网工程,A559,暨南大学,2,12885
2023,1,5F,人工智能,A559,暨南大学,2,13281
2023,1,61,汉语国际教育,A559,暨南大学,2,20039
2023,1,62,旅游管理,A559,暨南大学,2,35570
2023,1,63,风景园林,A559,暨南大学,2,23237
2023,1,66,电子商务,A559,暨南大学,2,22317
2023,1,67,商务英语,A559,暨南大学,2,22449
2023,1,6F,经济学,A559,暨南大学,2,13985
2023,1,72,应急管理,A559,暨南大学,2,24745
2023,1,74,化学,A559,暨南大学,2,20211
2023,1,76,金融工程,A559,暨南大学,3,15653
2023,1,6B,数学与应用数学(中外合作办学),A559,暨南大学,4,27996
2023,1,6C,信息与计算科学(中外合作办学),A559,暨南大学,4,30339
2023,1,6D,经济统计学(中外合作办学),A559,暨南大学,4,27409
2023,1,6E,经济学(中外合作办学),A559,暨南大学,4,25158
2023,1,01,汉语言文学,A560,汕头大学,3,30659
2023,1,02,英语,A560,汕头大学,2,41476
2023,1,08,光电信息科学与工程,A560,汕头大学,3,35111
2023,1,09,生物技术,A560,汕头大学,4,45883
2023,1,11,应用化学,A560,汕头大学,4,50884
2023,1,14,机械设计制造及其自动化,A560,汕头大学,2,34132
2023,1,24,数据科学与大数据技术,A560,汕头大学,3,31889
2023,1,25,土木工程,A560,汕头大学,4,64441
2023,1,28,生物医学工程,A560,汕头大学,3,39761
2023,1,29,法学,A560,汕头大学,4,26426
2023,1,30,法学(涉外法务英语特色班),A560,汕头大学,2,27017
2023,1,31,行政管理,A560,汕头大学,2,50593
2023,1,35,工商管理(创业与创新管理),A560,汕头大学,3,46412
2023,1,51,临床医学(5+3一体化，全英预备班),A560,汕头大学,3,15961
2023,1,52,临床医学(5+3一体化),A560,汕头大学,1,9736
2023,1,54,临床医学,A560,汕头大学,1,16219
2023,1,63,网络与新媒体(视听传播),A560,汕头大学,3,44748
2023,1,02,工科试验班(智能装备与先进制造),A561,华南理工大学,5,5237
2023,1,03,建筑学,A561,华南理工大学,2,6373
2023,1,04,城乡规划,A561,华南理工大学,2,14899
2023,1,05,风景园林,A561,华南理工大学,1,6999
2023,1,06,工程力学(创新班),A561,华南理工大学,1,3858
2023,1,07,土木工程(卓越全英班),A561,华南理工大学,1,6839
2023,1,08,工科试验班(智慧土木与数字建造),A561,华南理工大学,3,6704
2023,1,11,交通运输类,A561,华南理工大学,3,6166
2023,1,12,电气工程及其自动化(卓越班),A561,华南理工大学,2,3454
2023,1,13,电气类,A561,华南理工大学,6,4571
2023,1,14,信息工程(创新班),A561,华南理工大学,1,2175
2023,1,15,信息工程,A561,华南理工大学,5,4107
2023,1,17,自动化类,A561,华南理工大学,4,4654
2023,1,19,材料类,A561,华南理工大学,3,6139
2023,1,23,化工与制药类,A561,华南理工大学,2,6203
2023,1,25,食品科学与工程类,A561,华南理工大学,2,9498
2023,1,28,数学类,A561,华南理工大学,2,4434
2023,1,31,物理学类,A561,华南理工大学,2,4769
2023,1,32,工商管理(全英班),A561,华南理工大学,1,7727
2023,1,34,工商管理类,A561,华南理工大学,3,11364
2023,1,35,会计学,A561,华南理工大学,1,4685
2023,1,42,计算机类,A561,华南理工大学,4,3217
2023,1,45,软件工程,A561,华南理工大学,4,3555
2023,1,48,环境科学与工程类,A561,华南理工大学,2,8352
2023,1,50,生物科学类,A561,华南理工大学,2,5561
2023,1,52,新闻传播学类,A561,华南理工大学,1,9594
2023,1,56,工业设计,A561,华南理工大学,1,7001
2023,1,60,经济学类,A561,华南理工大学,4,7919
2023,1,62,大数据管理与应用,A561,华南理工大学,3,5631
2023,1,65,临床医学,A561,华南理工大学,2,5497
2023,1,74,行政管理,A561,华南理工大学,1,13544
2023,1,10,电子信息工程,A564,华南农业大学,1,23301
2023,1,17,机械设计制造及其自动化,A564,华南农业大学,1,32225
2023,1,21,土木工程,A564,华南农业大学,5,54631
2023,1,51,材料科学与工程,A564,华南农业大学,1,41484
2023,1,60,生物工程,A564,华南农业大学,2,34140
2023,1,63,食品科学与工程,A564,华南农业大学,1,38465
2023,1,64,食品质量与安全,A564,华南农业大学,1,38721
2023,1,81,农学,A564,华南农业大学,3,37549
2023,1,82,园艺,A564,华南农业大学,3,41732
2023,1,83,植物保护,A564,华南农业大学,2,36784
2023,1,86,农业资源与环境,A564,华南农业大学,2,46669
2023,1,87,农业资源与环境(低碳农业),A564,华南农业大学,2,42464
2023,1,89,动物医学,A564,华南农业大学,2,31451
2023,1,94,动物科学,A564,华南农业大学,2,34617
2023,1,97,海洋科学,A564,华南农业大学,2,41605
2023,1,99,水产养殖学,A564,华南农业大学,4,46574
2023,1,NC,水产养殖学(智慧渔业),A564,华南农业大学,4,49070
2023,1,A1,生物科学(中外合作办学)(与爱尔兰都柏林大学合作办学),A564,华南农业大学,2,51670
2023,1,A2,园艺(中外合作办学)(与爱尔兰都柏林大学合作办学),A564,华南农业大学,2,59646
2023,1,A3,食品质量与安全(中外合作办学)(与爱尔兰都柏林大学合作办学),A564,华南农业大学,2,52432
2023,1,02,国际经济与贸易,A566,广东海洋大学,2,86816
2023,1,12,日语,A566,广东海洋大学,2,100912
2023,1,16,应用化学,A566,广东海洋大学,1,93906
2023,1,17,大气科学,A566,广东海洋大学,3,81412
2023,1,18,应用气象学,A566,广东海洋大学,3,88503
2023,1,19,海洋科学,A566,广东海洋大学,4,98311
2023,1,22,生物科学,A566,广东海洋大学,1,72205
2023,1,31,自动化,A566,广东海洋大学,2,71373
2023,1,36,港口航道与海岸工程,A566,广东海洋大学,1,106094
2023,1,37,制药工程,A566,广东海洋大学,1,89734
2023,1,43,食品科学与工程,A566,广东海洋大学,1,85163
2023,1,45,生物工程,A566,广东海洋大学,1,85780
2023,1,46,农学,A566,广东海洋大学,3,124315
2023,1,47,园艺,A566,广东海洋大学,2,127891
2023,1,51,动物医学,A566,广东海洋大学,2,61685
2023,1,53,园林,A566,广东海洋大学,1,117381
2023,1,54,水产养殖学,A566,广东海洋大学,6,131584
2023,1,55,海洋渔业科学与技术,A566,广东海洋大学,2,112524
2023,1,56,水生动物医学,A566,广东海洋大学,3,123792
2023,1,58,工程管理,A566,广东海洋大学,2,138343
2023,1,59,工商管理,A566,广东海洋大学,1,99912
2023,1,60,会计学,A566,广东海洋大学,1,59884
2023,1,64,土地资源管理,A566,广东海洋大学,2,95125
2023,1,65,工业工程,A566,广东海洋大学,2,110560
2023,1,Y3,计算机科学与技术,A566,广东海洋大学,1,43485
2023,1,Y5,工商管理,A566,广东海洋大学,2,119023
2023,1,Z1,电子信息工程(中外合作办学),A566,广东海洋大学,1,89909
2023,1,Z2,船舶与海洋工程(中外合作办学),A566,广东海洋大学,2,174850
2023,1,01,临床医学,A571,广东医科大学,5,22479
2023,1,03,麻醉学,A571,广东医科大学,4,25093
2023,1,04,医学影像学,A571,广东医科大学,4,28531
2023,1,08,口腔医学,A571,广东医科大学,3,17660
2023,1,11,法医学,A571,广东医科大学,2,39575
2023,1,13,医学检验技术,A571,广东医科大学,2,48106
2023,1,24,预防医学,A571,广东医科大学,3,41122
2023,1,02,中医学(5+3一体化),A572,广州中医药大学,2,9258
2023,1,04,中医学,A572,广州中医药大学,3,15972
2023,1,06,中医骨伤科学,A572,广州中医药大学,1,25889
2023,1,07,中西医临床医学,A572,广州中医药大学,1,17714
2023,1,08,临床医学,A572,广州中医药大学,2,20773
2023,1,09,医学影像学,A572,广州中医药大学,1,20442
2023,1,10,眼视光学,A572,广州中医药大学,2,35934
2023,1,11,针灸推拿学,A572,广州中医药大学,2,19986
2023,1,12,康复治疗学,A572,广州中医药大学,1,37684
2023,1,15,中医养生学,A572,广州中医药大学,1,28985
2023,1,16,中药学类,A572,广州中医药大学,4,41179
2023,1,17,药学类,A572,广州中医药大学,3,40391
2023,1,18,临床药学,A572,广州中医药大学,1,23780
2023,1,19,应用心理学,A572,广州中医药大学,2,33058
2023,1,21,健康服务与管理,A572,广州中医药大学,1,46303
2023,1,24,护理学,A572,广州中医药大学,2,44556
2023,1,25,助产学,A572,广州中医药大学,1,52206
2023,1,05,生物科学类,A573,广东药科大学,3,69209
2023,1,0H,生物工程类,A573,广东药科大学,3,72867
2023,1,0J,临床医学,A573,广东药科大学,3,38203
2023,1,0M,预防医学,A573,广东药科大学,3,64602
2023,1,0N,中医学,A573,广东药科大学,4,60548
2023,1,0T,临床药学,A573,广东药科大学,2,53670
2023,1,0V,海洋药学,A573,广东药科大学,3,73214
2023,1,0X,中药学类,A573,广东药科大学,3,65940
2023,1,1F,药学类,A573,广东药科大学,3,48823
2023,1,1H,制药工程,A573,广东药科大学,3,66123
2023,1,04,社会工作,A574,华南师范大学,4,30493
2023,1,06,学前教育(师范类),A574,华南师范大学,3,28840
2023,1,09,心理学(师范类),A574,华南师范大学,6,22324
2023,1,0R,历史学(师范类),A574,华南师范大学,7,20570
2023,1,0Y,人文地理与城乡规划,A574,华南师范大学,3,27568
2023,1,10,生物科学(师范类),A574,华南师范大学,5,22606
2023,1,13,计算机科学与技术(师范类),A574,华南师范大学,4,20026
2023,1,15,网络工程,A574,华南师范大学,4,20966
2023,1,18,旅游管理,A574,华南师范大学,4,32283
2023,1,1H,人力资源管理,A574,华南师范大学,4,31093
2023,1,1Q,法学,A574,华南师范大学,5,17843
2023,1,1U,汉语言文学(师范类),A574,华南师范大学,6,16284
2023,1,1Z,光电信息科学与工程,A574,华南师范大学,6,21826
2023,1,25,环境工程,A574,华南师范大学,5,36195
2023,1,08,新闻学,A576,韶关学院,10,216952
2023,1,16,英语(师范类),A576,韶关学院,10,185015
2023,1,2A,护理学,A576,韶关学院,10,170077
2023,1,10,园林,A577,惠州学院,2,184275
2023,1,20,电气工程及其自动化,A577,惠州学院,4,143053
2023,1,26,应用化学,A577,惠州学院,4,210934
2023,1,27,化学工程与工艺,A577,惠州学院,4,204968
2023,1,52,风景园林,A577,惠州学院,4,184859
2023,1,04,应用化学,A578,韩山师范学院,1,200744
2023,1,12,经济学,A578,韩山师范学院,1,181696
2023,1,44,统计学,A578,韩山师范学院,1,140291
2023,1,69,社会工作,A578,韩山师范学院,1,194262
2023,1,01,汉语言文学(师范类),A579,岭南师范学院,2,99488
2023,1,07,社会工作,A579,岭南师范学院,2,177665
2023,1,0C,英语(师范类),A579,岭南师范学院,2,128252
2023,1,15,学前教育(师范类),A579,岭南师范学院,2,185457
2023,1,17,数学与应用数学(师范类),A579,岭南师范学院,3,171439
2023,1,21,烹饪与营养教育(师范类),A579,岭南师范学院,2,215713
2023,1,22,海洋资源开发技术,A579,岭南师范学院,2,225086
2023,1,25,应用物理学,A579,岭南师范学院,2,205364
2023,1,2B,软件工程(软件服务外包),A579,岭南师范学院,3,186821
2023,1,2F,国际经济与贸易,A579,岭南师范学院,2,175625
2023,1,4C,汽车服务工程(师范类),A579,岭南师范学院,2,205305
2023,1,4H,机器人工程,A579,岭南师范学院,2,202968
2023,1,0F,日语,A580,肇庆学院,5,207173
2023,1,10,食品科学与工程类,A580,肇庆学院,5,194820
2023,1,M5,艺术管理,A587,星海音乐学院,2,90027
2023,1,0M,日语,A588,广东技术师范大学,5,159785
2023,1,24,软件工程,A588,广东技术师范大学,6,118252
2023,1,01,金融学,A589,海南大学,5,29764
2023,1,02,国际经济与贸易,A589,海南大学,6,29589
2023,1,03,法学,A589,海南大学,7,18326
2023,1,04,思想政治教育,A589,海南大学,3,24942
2023,1,05,汉语言文学,A589,海南大学,3,21174
2023,1,06,传播学,A589,海南大学,3,29906
2023,1,07,戏剧影视文学,A589,海南大学,6,45098
2023,1,08,英语,A589,海南大学,16,41576
2023,1,09,日语,A589,海南大学,5,45623
2023,1,0A,俄语,A589,海南大学,3,48692
2023,1,0B,数学与应用数学,A589,海南大学,6,27854
2023,1,0C,应用物理学,A589,海南大学,6,31857
2023,1,0D,应用化学,A589,海南大学,4,35588
2023,1,0E,化学,A589,海南大学,2,35694
2023,1,0F,生物科学,A589,海南大学,5,31277
2023,1,0G,生物技术,A589,海南大学,4,32005
2023,1,0H,生物医学工程,A589,海南大学,8,34819
2023,1,0J,生态学,A589,海南大学,5,43250
2023,1,0K,环境科学,A589,海南大学,5,41896
2023,1,0L,药学,A589,海南大学,5,32695
2023,1,0M,机械设计制造及其自动化,A589,海南大学,5,27716
2023,1,0N,车辆工程,A589,海南大学,4,30964
2023,1,0P,自动化,A589,海南大学,4,24918
2023,1,0Q,材料科学与工程,A589,海南大学,6,39967
2023,1,0R,高分子材料与工程,A589,海南大学,6,41586
2023,1,0S,电子信息类,A589,海南大学,18,26629
2023,1,0T,人工智能,A589,海南大学,2,23429
2023,1,0U,计算机科学与技术,A589,海南大学,6,22644
2023,1,0V,软件工程(NIIT),A589,海南大学,8,26912
2023,1,0W,信息安全,A589,海南大学,7,26050
2023,1,0X,密码科学与技术,A589,海南大学,7,29033
2023,1,0Y,数据科学与大数据技术,A589,海南大学,7,26507
2023,1,0Z,建筑学,A589,海南大学,6,39167
2023,1,10,土木工程,A589,海南大学,10,39905
2023,1,11,海洋工程与技术,A589,海南大学,4,34918
2023,1,12,化学工程与工艺,A589,海南大学,6,38890
2023,1,13,食品科学与工程类,A589,海南大学,8,40838
2023,1,14,农学,A589,海南大学,2,40825
2023,1,15,农业资源与环境,A589,海南大学,2,45993
2023,1,16,种子科学与工程,A589,海南大学,2,39858
2023,1,17,园艺,A589,海南大学,3,47437
2023,1,18,设施农业科学与工程,A589,海南大学,3,43803
2023,1,19,植物保护,A589,海南大学,4,45321
2023,1,1A,动物科学,A589,海南大学,2,43873
2023,1,1B,动物医学,A589,海南大学,4,37389
2023,1,1C,林学,A589,海南大学,5,47228
2023,1,1D,园林,A589,海南大学,4,45117
2023,1,1E,风景园林,A589,海南大学,2,41168
2023,1,1F,海洋科学,A589,海南大学,4,38262
2023,1,1G,水产养殖学,A589,海南大学,3,46770
2023,1,1H,会计学,A589,海南大学,7,26222
2023,1,1J,工商管理,A589,海南大学,6,33511
2023,1,1K,物流管理,A589,海南大学,2,39050
2023,1,1L,农林经济管理,A589,海南大学,4,40751
2023,1,1M,行政管理,A589,海南大学,3,35972
2023,1,1N,土地资源管理,A589,海南大学,5,46405
2023,1,1Q,旅游管理类,A589,海南大学,8,43421
2023,1,1P,会展经济与管理(中外合作办学),A589,海南大学,9,71877
2023,1,2B,人文地理与城乡规划(中外合作办学),A589,海南大学,8,58067
2023,1,2C,行政管理(中外合作办学),A589,海南大学,7,61170
2023,1,2D,酒店管理(中外合作办学),A589,海南大学,13,94611
2023,1,2J,智能科学与技术(中外合作办学),A589,海南大学,11,46880
2023,1,01,材料科学与工程,A590,深圳大学,2,23270
2023,1,04,新闻学,A590,深圳大学,2,20249
2023,1,09,电子信息工程,A590,深圳大学,2,12589
2023,1,11,通信工程,A590,深圳大学,5,15332
2023,1,13,法学,A590,深圳大学,2,14067
2023,1,23,工商管理,A590,深圳大学,3,21740
2023,1,27,电子商务,A590,深圳大学,2,21550
2023,1,38,自动化,A590,深圳大学,3,12914
2023,1,39,机器人工程,A590,深圳大学,1,13016
2023,1,41,计算机科学与技术,A590,深圳大学,4,12113
2023,1,48,建筑学,A590,深圳大学,2,22076
2023,1,56,金融学,A590,深圳大学,2,17729
2023,1,59,国际经济与贸易,A590,深圳大学,3,22010
2023,1,60,会计学,A590,深圳大学,2,16838
2023,1,62,哲学,A590,深圳大学,1,22972
2023,1,73,生物技术,A590,深圳大学,1,17210
2023,1,75,数学与应用数学,A590,深圳大学,2,14676
2023,1,94,德语(德英),A590,深圳大学,1,23440
2023,1,98,金融科技,A590,深圳大学,1,16383
2023,1,A3,光电信息科学与工程,A590,深圳大学,3,14441
2023,1,B3,临床医学,A590,深圳大学,1,8073
2023,1,B4,临床医学(卓越班),A590,深圳大学,2,8361
2023,1,B5,口腔医学,A590,深圳大学,2,10008
2023,1,B7,药学,A590,深圳大学,1,20293
2023,1,D2,金融科技(中外合作办学),A590,深圳大学,3,37267
2023,1,D3,电子商务(中外合作办学),A590,深圳大学,3,39080
2023,1,55,电子商务,A592,广东财经大学,1,73327
2023,1,A4,商务英语,A592,广东财经大学,1,59903
2023,1,D1,数学与应用数学,A592,广东财经大学,1,40379
2023,1,01,数学类,A593,广西大学,10,31779
2023,1,07,车辆工程,A593,广西大学,10,35218
2023,1,10,自动化,A593,广西大学,10,29433
2023,1,14,智能建造,A593,广西大学,5,39218
2023,1,15,化学类,A593,广西大学,10,44184
2023,1,16,化学工程与工艺,A593,广西大学,10,45910
2023,1,17,海洋科学,A593,广西大学,10,44887
2023,1,19,信息安全,A593,广西大学,10,26924
2023,1,20,电子信息类,A593,广西大学,10,28035
2023,1,26,轻工类,A593,广西大学,10,49215
2023,1,28,生物科学,A593,广西大学,10,42374
2023,1,29,生物技术,A593,广西大学,10,47132
2023,1,37,汉语言文学,A593,广西大学,10,26942
2023,1,39,外国语言文学类,A593,广西大学,5,44302
2023,1,40,日语,A593,广西大学,7,55970
2023,1,43,新闻传播学类,A593,广西大学,10,44539
2023,1,46,金融学,A593,广西大学,10,45670
2023,1,48,会计学,A593,广西大学,10,40364
2023,1,50,公共事业管理,A593,广西大学,10,47088
2023,1,51,法学,A593,广西大学,10,24913
2023,1,52,电子科学与技术,A593,广西大学,10,28940
2023,1,54,机械电子工程,A593,广西大学,10,34108
2023,1,56,电气工程及其自动化,A593,广西大学,10,27351
2023,1,58,土木工程,A593,广西大学,10,43835
2023,1,5A,材料科学与工程,A593,广西大学,10,45794
2023,1,46,测控技术与仪器,A594,广西科技大学,4,148200
2023,1,49,电气工程及其自动化,A594,广西科技大学,4,112774
2023,1,54,通信工程,A594,广西科技大学,3,130348
2023,1,67,数据科学与大数据技术,A594,广西科技大学,4,120793
2023,1,71,土木工程,A594,广西科技大学,7,165520
2023,1,78,纺织工程,A594,广西科技大学,3,180990
2023,1,85,食品科学与工程,A594,广西科技大学,4,167611
2023,1,C3,物流管理,A594,广西科技大学,5,170644
2023,1,C7,工业工程,A594,广西科技大学,4,159347
2023,1,G3,软件工程,A594,广西科技大学,4,124362
2023,1,HL,软件工程(中外合作办学),A594,广西科技大学,8,195816
2023,1,HM,机械工程(中外合作办学),A594,广西科技大学,8,224960
2023,1,01,机械设计制造及其自动化,A595,桂林电子科技大学,4,58412
2023,1,02,机械电子工程,A595,桂林电子科技大学,3,56782
2023,1,03,电子封装技术,A595,桂林电子科技大学,2,49865
2023,1,04,车辆工程,A595,桂林电子科技大学,3,70537
2023,1,05,电气工程及其自动化,A595,桂林电子科技大学,4,44660
2023,1,06,智能制造工程,A595,桂林电子科技大学,4,54826
2023,1,07,通信工程,A595,桂林电子科技大学,4,42650
2023,1,08,电子信息工程,A595,桂林电子科技大学,3,42788
2023,1,10,电子科学与技术,A595,桂林电子科技大学,2,41972
2023,1,11,导航工程,A595,桂林电子科技大学,2,60359
2023,1,12,计算机科学与技术,A595,桂林电子科技大学,2,31991
2023,1,13,软件工程,A595,桂林电子科技大学,2,36201
2023,1,14,信息安全,A595,桂林电子科技大学,2,39031
2023,1,15,物联网工程,A595,桂林电子科技大学,2,45229
2023,1,16,智能科学与技术,A595,桂林电子科技大学,2,47116
2023,1,17,网络空间安全,A595,桂林电子科技大学,2,35618
2023,1,25,会计学,A595,桂林电子科技大学,2,69357
2023,1,26,财务管理,A595,桂林电子科技大学,2,79437
2023,1,28,工业工程,A595,桂林电子科技大学,2,103975
2023,1,2F,本科预科班（招收边防军人子女）,A595,桂林电子科技大学,7,200212
2023,1,31,人力资源管理,A595,桂林电子科技大学,2,110223
2023,1,32,电子商务,A595,桂林电子科技大学,3,98680
2023,1,34,英语,A595,桂林电子科技大学,3,109723
2023,1,35,日语,A595,桂林电子科技大学,3,202223
2023,1,36,汉语国际教育,A595,桂林电子科技大学,3,106046
2023,1,38,应用统计学,A595,桂林电子科技大学,5,68136
2023,1,40,自动化,A595,桂林电子科技大学,3,51015
2023,1,42,测控技术与仪器,A595,桂林电子科技大学,3,55832
2023,1,44,法学,A595,桂林电子科技大学,2,70237
2023,1,45,知识产权,A595,桂林电子科技大学,2,74678
2023,1,47,材料类,A595,桂林电子科技大学,5,97262
2023,1,48,材料成型及控制工程,A595,桂林电子科技大学,3,96433
2023,1,50,环境工程,A595,桂林电子科技大学,4,121133
2023,1,51,生物医学工程,A595,桂林电子科技大学,2,72807
2023,1,52,土木工程,A595,桂林电子科技大学,2,118227
2023,1,53,建筑环境与能源应用工程,A595,桂林电子科技大学,2,91705
2023,1,54,建筑电气与智能化,A595,桂林电子科技大学,2,77808
2023,1,55,交通工程,A595,桂林电子科技大学,2,71386
2023,1,58,人工智能,A595,桂林电子科技大学,2,43287
2023,1,1K,地质工程,A596,桂林理工大学,2,152884
2023,1,1N,资源勘查工程,A596,桂林理工大学,4,149414
2023,1,1R,给排水科学与工程,A596,桂林理工大学,3,153659
2023,1,1S,环境工程,A596,桂林理工大学,2,134375
2023,1,1V,材料类,A596,桂林理工大学,6,155866
2023,1,1W,化工与制药类,A596,桂林理工大学,4,146018
2023,1,1Z,建筑类,A596,桂林理工大学,3,107815
2023,1,22,地理信息科学,A596,桂林理工大学,3,115543
2023,1,23,遥感科学与技术,A596,桂林理工大学,4,136408
2023,1,24,电子信息类,A596,桂林理工大学,4,98735
2023,1,25,计算机类,A596,桂林理工大学,6,87439
2023,1,26,机械类,A596,桂林理工大学,3,114819
2023,1,29,房地产开发与管理,A596,桂林理工大学,3,175160
2023,1,2B,国际经济与贸易,A596,桂林理工大学,4,149609
2023,1,2C,会计学,A596,桂林理工大学,3,106664
2023,1,2D,物流管理,A596,桂林理工大学,3,157725
2023,1,2G,新闻传播学类,A596,桂林理工大学,4,159378
2023,1,2H,行政管理,A596,桂林理工大学,2,133465
2023,1,2K,日语,A596,桂林理工大学,2,162251
2023,1,2L,英语,A596,桂林理工大学,2,121635
2023,1,2N,信息与计算科学,A596,桂林理工大学,3,119769
2023,1,43,水利类,A596,桂林理工大学,3,145824
2023,1,44,土木工程,A596,桂林理工大学,4,150538
2023,1,45,工程管理,A596,桂林理工大学,2,153852
2023,1,46,自动化类,A596,桂林理工大学,3,105692
2023,1,49,智能建造,A596,桂林理工大学,4,140811
2023,1,4B,机械设计制造及其自动化(中外合作办学),A596,桂林理工大学,6,202694
2023,1,02,临床医学(5+3一体化),A598,广西医科大学,2,15965
2023,1,03,临床医学,A598,广西医科大学,2,23981
2023,1,06,儿科学,A598,广西医科大学,2,43610
2023,1,09,口腔医学,A598,广西医科大学,2,28521
2023,1,10,预防医学,A598,广西医科大学,5,106777
2023,1,13,医学检验技术,A598,广西医科大学,2,59957
2023,1,16,药学,A598,广西医科大学,2,50910
2023,1,19,生物技术,A598,广西医科大学,2,60698
2023,1,23,信息管理与信息系统,A598,广西医科大学,2,143997
2023,1,26,运动康复,A598,广西医科大学,2,131622
2023,1,27,护理学,A598,广西医科大学,4,88933
2023,1,29,养老服务管理,A598,广西医科大学,2,133637
2023,1,03,针灸推拿学,A600,广西中医药大学,2,90911
2023,1,05,临床医学,A600,广西中医药大学,2,69368
2023,1,07,预防医学,A600,广西中医药大学,1,163044
2023,1,13,药学,A600,广西中医药大学,2,110146
2023,1,14,中药学,A600,广西中医药大学,1,83709
2023,1,2D,中医学,A600,广西中医药大学,3,60568
2023,1,2F,护理学,A600,广西中医药大学,2,139726
2023,1,5C,中医学(5+3一体化),A600,广西中医药大学,1,36579
2023,1,5E,中医康复学,A600,广西中医药大学,1,100922
2023,1,02,临床医学,A601,桂林医学院,6,70201
2023,1,03,口腔医学,A601,桂林医学院,2,54906
2023,1,04,儿科学,A601,桂林医学院,1,75343
2023,1,05,预防医学,A601,桂林医学院,2,106996
2023,1,07,医学影像学,A601,桂林医学院,1,68442
2023,1,08,医学检验技术,A601,桂林医学院,2,102786
2023,1,09,药学,A601,桂林医学院,2,115311
2023,1,12,康复治疗学,A601,桂林医学院,2,122277
2023,1,02,汉语言文学(师范类),A602,广西师范大学,6,46283
2023,1,07,历史学(师范类),A602,广西师范大学,4,66315
2023,1,08,文化产业管理,A602,广西师范大学,2,102964
2023,1,09,旅游管理,A602,广西师范大学,2,138751
2023,1,11,思想政治教育(师范类),A602,广西师范大学,2,51563
2023,1,13,法学,A602,广西师范大学,2,52968
2023,1,18,经济学,A602,广西师范大学,2,103318
2023,1,21,工商管理,A602,广西师范大学,2,123758
2023,1,22,会计学,A602,广西师范大学,3,77654
2023,1,23,人力资源管理,A602,广西师范大学,3,129484
2023,1,24,教育技术学(师范类),A602,广西师范大学,2,108641
2023,1,29,英语(师范类),A602,广西师范大学,5,75314
2023,1,30,日语,A602,广西师范大学,3,269288
2023,1,34,商务英语,A602,广西师范大学,2,94089
2023,1,56,数学与应用数学(师范类),A602,广西师范大学,5,80599
2023,1,57,信息与计算科学,A602,广西师范大学,1,79356
2023,1,58,统计学,A602,广西师范大学,1,71889
2023,1,59,科学教育(师范类),A602,广西师范大学,2,191873
2023,1,60,物理学(师范类),A602,广西师范大学,3,83651
2023,1,62,化学(师范类),A602,广西师范大学,4,77964
2023,1,63,应用化学,A602,广西师范大学,2,92359
2023,1,65,生物科学(师范类),A602,广西师范大学,3,74121
2023,1,66,生物技术,A602,广西师范大学,2,93646
2023,1,68,地理科学(师范类),A602,广西师范大学,3,87426
2023,1,72,计算机科学与技术,A602,广西师范大学,2,63129
2023,1,73,软件工程,A602,广西师范大学,2,61603
2023,1,84,电子科学与技术,A602,广西师范大学,2,94600
2023,1,85,通信工程,A602,广西师范大学,2,88868
2023,1,D1,小学教育(师范类，中外高水平大学学生交流计划),A602,广西师范大学,2,148374
2023,1,05,地理科学类,A603,南宁师范大学,6,131615
2023,1,20,应用化学,A603,南宁师范大学,3,160059
2023,1,29,软件工程,A603,南宁师范大学,2,116225
2023,1,33,计算机科学与技术(师范类),A603,南宁师范大学,3,134686
2023,1,45,公共事业管理,A603,南宁师范大学,2,155429
2023,1,51,思想政治教育(师范类),A603,南宁师范大学,4,99379
2023,1,62,数学与应用数学(师范类),A603,南宁师范大学,3,124006
2023,1,63,应用统计学,A603,南宁师范大学,2,130437
2023,1,72,英语(师范类),A603,南宁师范大学,2,111255
2023,1,74,汉语言文学(师范类),A603,南宁师范大学,3,85022
2023,1,87,物流工程,A603,南宁师范大学,3,179328
2023,1,89,信息管理与信息系统,A603,南宁师范大学,2,161241
2023,1,9R,文化产业管理,A603,南宁师范大学,2,164200
2023,1,80,电子信息工程(中外合作办学),A603,南宁师范大学,3,181845
2023,1,04,思想政治教育(师范类),A605,河池学院,4,176036
2023,1,05,学前教育(师范类),A605,河池学院,4,193899
2023,1,11,汉语言文学(师范类),A605,河池学院,4,166804
2023,1,21,历史学(师范类),A605,河池学院,3,183143
2023,1,26,应用化学,A605,河池学院,4,213552
2023,1,31,电气工程及其自动化,A605,河池学院,4,202493
2023,1,A1,汉语言文学(师范类),A606,玉林师范学院,5,170503
2023,1,D1,经济学,A606,玉林师范学院,3,196407
2023,1,D3,财务管理,A606,玉林师范学院,3,187616
2023,1,E2,日语,A606,玉林师范学院,2,199418
2023,1,E3,商务英语,A606,玉林师范学院,2,199589
2023,1,F2,信息与计算科学,A606,玉林师范学院,5,213344
2023,1,F4,系统科学与工程,A606,玉林师范学院,2,219616
2023,1,H2,机械电子工程,A606,玉林师范学院,5,212203
2023,1,H3,智能制造工程,A606,玉林师范学院,5,211363
2023,1,01,美术学,A607,广西艺术学院,2,226103
2023,1,02,艺术设计学,A607,广西艺术学院,1,207084
2023,1,03,艺术史论,A607,广西艺术学院,8,237803
2023,1,22,艺术与科技,A607,广西艺术学院,3,221021
2023,1,28,戏剧影视文学,A607,广西艺术学院,2,170497
2023,1,56,风景园林,A607,广西艺术学院,2,207245
2023,1,57,广播电视学,A607,广西艺术学院,2,191600
2023,1,58,广告学,A607,广西艺术学院,2,187441
2023,1,59,文化产业管理,A607,广西艺术学院,9,216299
2023,1,01,政治学与行政学,A608,广西民族大学,2,108194
2023,1,03,中国共产党历史,A608,广西民族大学,2,109961
2023,1,04,行政管理,A608,广西民族大学,2,150589
2023,1,07,税收学,A608,广西民族大学,2,134635
2023,1,09,金融学(中澳学分互认联合培养项目),A608,广西民族大学,8,173655
2023,1,10,国际经济与贸易,A608,广西民族大学,1,179395
2023,1,11,工商管理,A608,广西民族大学,2,152876
2023,1,12,会计学,A608,广西民族大学,1,90746
2023,1,17,旅游管理,A608,广西民族大学,2,175807
2023,1,18,法学,A608,广西民族大学,1,67285
2023,1,21,教育学(师范类),A608,广西民族大学,2,150088
2023,1,22,应用心理学(师范类),A608,广西民族大学,2,146277
2023,1,23,汉语言文学(师范类),A608,广西民族大学,1,67404
2023,1,27,社会学,A608,广西民族大学,2,121129
2023,1,31,英语,A608,广西民族大学,2,132368
2023,1,33,翻译,A608,广西民族大学,2,162158
2023,1,39,泰语(国家基地班),A608,广西民族大学,2,228602
2023,1,42,信息与计算科学,A608,广西民族大学,1,128712
2023,1,44,物理学(师范类),A608,广西民族大学,2,150912
2023,1,46,电子信息工程,A608,广西民族大学,1,131286
2023,1,51,人工智能(中澳学分互认联合培养项目),A608,广西民族大学,8,187105
2023,1,52,计算机科学与技术,A608,广西民族大学,1,76956
2023,1,56,化学(师范类),A608,广西民族大学,1,124119
2023,1,58,应用化学,A608,广西民族大学,1,151750
2023,1,59,化学工程与工艺,A608,广西民族大学,1,162700
2023,1,62,智能制造工程,A608,广西民族大学,1,150386
2023,1,63,金属材料工程,A608,广西民族大学,1,185714
2023,1,64,高分子材料与工程,A608,广西民族大学,2,178109
2023,1,65,新能源材料与器件,A608,广西民族大学,1,184404
2023,1,67,海洋科学,A608,广西民族大学,4,177308
2023,1,69,生物技术,A608,广西民族大学,2,168327
2023,1,73,工程管理,A608,广西民族大学,2,169685
2023,1,76,非物质文化遗产保护,A608,广西民族大学,2,158642
2023,1,82,新闻学,A608,广西民族大学,1,121866
2023,1,87,国际商务,A608,广西民族大学,2,185849
2023,1,88,会计学(中外合作办学),A608,广西民族大学,20,187293
2023,1,1C,物理学(师范类),A609,百色学院,2,208307
2023,1,1E,化学(师范类),A609,百色学院,2,184256
2023,1,1G,生物技术,A609,百色学院,2,187161
2023,1,1J,材料成型及控制工程,A609,百色学院,2,212622
2023,1,1P,通信工程,A609,百色学院,2,197537
2023,1,1X,食品科学与工程,A609,百色学院,2,207964
2023,1,1Z,设施农业科学与工程,A609,百色学院,2,213155
2023,1,2F,市场营销,A609,百色学院,2,207887
2023,1,2K,审计学,A609,百色学院,2,185013
2023,1,2P,电子商务,A609,百色学院,2,206294
2023,1,5T,英语(师范类，英语教育),A609,百色学院,2,185277
2023,1,7E,跨境电子商务,A609,百色学院,2,209596
2023,1,10,金融学类,A610,四川大学,4,5825
2023,1,11,经济学类,A610,四川大学,3,6676
2023,1,16,新闻传播学类,A610,四川大学,4,9298
2023,1,18,日语,A610,四川大学,2,16908
2023,1,23,历史学类,A610,四川大学,2,6811
2023,1,25,哲学,A610,四川大学,2,7359
2023,1,27,人文科学试验班(信息管理),A610,四川大学,2,11641
2023,1,30,管理科学与工程类,A610,四川大学,4,9505
2023,1,33,数学与应用数学(基地班),A610,四川大学,2,3374
2023,1,34,数学与应用数学(数学经济学双学士学位),A610,四川大学,2,3896
2023,1,35,数学类,A610,四川大学,2,3910
2023,1,37,物理学类,A610,四川大学,3,5247
2023,1,38,核工程与核技术,A610,四川大学,4,6272
2023,1,40,化学类,A610,四川大学,16,7989
2023,1,41,生物科学类,A610,四川大学,6,5931
2023,1,43,电子信息类,A610,四川大学,10,4786
2023,1,44,高分子材料与工程,A610,四川大学,9,8030
2023,1,45,材料类(新能源与纳米材料),A610,四川大学,11,8716
2023,1,46,生物医学工程,A610,四川大学,5,6201
2023,1,47,医学信息工程,A610,四川大学,2,5698
2023,1,48,工科试验班(智能制造),A610,四川大学,11,5999
2023,1,49,电气类,A610,四川大学,16,5669
2023,1,50,计算机类,A610,四川大学,10,4519
2023,1,51,计算机科学与技术(计算与金融双学士学位),A610,四川大学,3,3783
2023,1,53,建筑学,A610,四川大学,4,8922
2023,1,54,土木工程,A610,四川大学,5,11676
2023,1,55,工程力学,A610,四川大学,2,6411
2023,1,60,工科试验班(先进低碳材料),A610,四川大学,4,6851
2023,1,61,工科试验班(食品健康与安全),A610,四川大学,6,9405
2023,1,63,软件工程,A610,四川大学,8,4657
2023,1,64,网络空间安全,A610,四川大学,4,4624
2023,1,69,临床医学(五年制),A610,四川大学,3,2459
2023,1,70,临床医学(八年制),A610,四川大学,2,676
2023,1,71,临床医学(卓越检验医师试验班),A610,四川大学,2,1517
2023,1,74,医学技术类,A610,四川大学,6,7062
2023,1,76,口腔医学(五年制),A610,四川大学,3,1679
2023,1,78,口腔医学(八年制),A610,四川大学,2,478
2023,1,81,预防医学,A610,四川大学,4,9364
2023,1,85,药学,A610,四川大学,9,7615
2023,1,86,临床药学,A610,四川大学,4,6828
2023,1,Q9,法学,A610,四川大学,2,4755
2023,1,QB,英语,A610,四川大学,5,11729
2023,1,QD,公共管理类,A610,四川大学,3,13381
2023,1,89,电气工程及其自动化(中外合作办学),A610,四川大学,4,14420
2023,1,90,机械设计制造及其自动化(中外合作办学),A610,四川大学,4,16306
2023,1,91,材料科学与工程(中外合作办学),A610,四川大学,2,17818
2023,1,92,工业工程(中外合作办学),A610,四川大学,4,17758
2023,1,93,计算机科学与技术(中外合作办学),A610,四川大学,4,10996
2023,1,94,电子信息工程(中外合作办学),A610,四川大学,2,11251
2023,1,98,临床医学(五年制),A611,重庆大学,4,6169
2023,1,D1,理科试验班(数学物理类),A611,重庆大学,6,7733
2023,1,D3,工科试验班(新工科类),A611,重庆大学,20,10756
2023,1,D4,工科试验班(经济与管理类),A611,重庆大学,20,14682
2023,1,D6,工科试验班(电气信息类),A611,重庆大学,58,7707
2023,1,D9,人文科学试验班(法学新闻类),A611,重庆大学,4,8258
2023,1,DA,建筑类,A611,重庆大学,5,9318
2023,1,DD,人文科学试验班(博雅类),A611,重庆大学,3,9065
2023,1,DE,工科试验班(工程能源类),A611,重庆大学,48,12093
2023,1,G7,本科预科班（招收边防军人子女）,A611,重庆大学,2,28549
2023,1,22,电气工程及其自动化(中外合作办学),A611,重庆大学,2,13376
2023,1,23,机械设计制造及其自动化(中外合作办学),A611,重庆大学,3,18513
2023,1,07,车辆工程,A613,西南交通大学,5,16765
2023,1,08,能源动力类,A613,西南交通大学,3,18185
2023,1,10,电子信息工程,A613,西南交通大学,8,12978
2023,1,12,通信工程,A613,西南交通大学,3,12529
2023,1,13,自动化,A613,西南交通大学,2,13373
2023,1,14,轨道交通信号与控制,A613,西南交通大学,4,14961
2023,1,15,人工智能,A613,西南交通大学,5,12458
2023,1,18,安全工程,A613,西南交通大学,3,22612
2023,1,20,工程力学,A613,西南交通大学,5,21597
2023,1,21,飞行器设计与工程,A613,西南交通大学,3,16578
2023,1,22,汉语言文学,A613,西南交通大学,3,15107
2023,1,24,思想政治教育,A613,西南交通大学,2,19368
2023,1,26,制药工程,A613,西南交通大学,9,25784
2023,1,27,生物工程,A613,西南交通大学,5,24859
2023,1,29,数学与应用数学,A613,西南交通大学,2,13850
2023,1,30,统计学,A613,西南交通大学,4,16962
2023,1,31,数据科学与大数据技术,A613,西南交通大学,1,11158
2023,1,32,建筑类,A613,西南交通大学,6,35848
2023,1,33,建筑学,A613,西南交通大学,5,28187
2023,1,40,测绘类,A613,西南交通大学,8,25959
2023,1,41,地质工程,A613,西南交通大学,4,28418
2023,1,43,环境科学与工程类,A613,西南交通大学,6,28790
2023,1,48,应用物理学,A613,西南交通大学,14,22650
2023,1,49,电子信息科学与技术,A613,西南交通大学,3,13267
2023,1,50,材料类,A613,西南交通大学,10,25971
2023,1,51,汉语国际教育,A613,西南交通大学,2,22407
2023,1,58,经济与贸易类,A613,西南交通大学,4,21763
2023,1,60,法学,A613,西南交通大学,2,14936
2023,1,61,政治学与行政学,A613,西南交通大学,4,22130
2023,1,62,公共事业管理,A613,西南交通大学,4,24893
2023,1,66,智能制造工程,A613,西南交通大学,8,17509
2023,1,67,新能源科学与工程,A613,西南交通大学,8,18572
2023,1,68,智能建造,A613,西南交通大学,4,20939
2023,1,69,城市设计,A613,西南交通大学,2,34030
2023,1,70,智慧交通,A613,西南交通大学,3,16372
2023,1,71,高分子材料与工程,A613,西南交通大学,3,25928
2023,1,72,化学,A613,西南交通大学,2,25701
2023,1,73,生物医学工程,A613,西南交通大学,2,19004
2023,1,74,土木工程,A613,西南交通大学,15,27443
2023,1,76,机械类,A613,西南交通大学,10,18739
2023,1,78,电气工程及其自动化,A613,西南交通大学,15,12421
2023,1,7A,电子信息类,A613,西南交通大学,3,12646
2023,1,7C,计算机类,A613,西南交通大学,6,6402
2023,1,7E,交通运输类,A613,西南交通大学,8,14905
2023,1,7G,物流管理与工程类,A613,西南交通大学,2,24634
2023,1,7J,新闻传播学类,A613,西南交通大学,2,22077
2023,1,7L,外国语言文学类,A613,西南交通大学,10,39613
2023,1,7N,工商管理类,A613,西南交通大学,16,27813
2023,1,28,生物工程(中外合作办学),A613,西南交通大学,4,46570
2023,1,44,安全工程(中外合作办学),A613,西南交通大学,4,46168
2023,1,45,环境工程(中外合作办学),A613,西南交通大学,4,46817
2023,1,53,机械设计制造及其自动化(中外合作办学),A613,西南交通大学,6,32139
2023,1,54,电子信息工程(中外合作办学),A613,西南交通大学,6,28240
2023,1,55,计算机科学与技术(中外合作办学),A613,西南交通大学,5,25414
2023,1,56,土木工程(中外合作办学),A613,西南交通大学,5,45783
2023,1,57,材料科学与工程(中外合作办学),A613,西南交通大学,2,34436
2023,1,A2,电子信息类(成电英才计划拔尖创新人才实验班),A614,电子科技大学,3,1760
2023,1,A3,计算机科学与技术(智能金融与区块链金融双A联合学位实验班),A614,电子科技大学,2,1837
2023,1,B6,物联网工程(互联网交叉复合型精英人才双学位培养计划),A614,电子科技大学,3,2843
2023,1,B7,计算机科学与技术(互联网交叉复合型精英人才双学位培养计划),A614,电子科技大学,5,2244
2023,1,B8,数据科学与大数据技术(互联网交叉复合型精英人才双学位培养计划),A614,电子科技大学,4,2750
2023,1,DN,航空航天工程(智能无人机拔尖人才实验班),A614,电子科技大学,9,3171
2023,1,QK,电子信息类(信息与通信),A614,电子科技大学,12,2815
2023,1,QM,工科试验班(电子工程类),A614,电子科技大学,11,3038
2023,1,QP,计算机类,A614,电子科技大学,10,2597
2023,1,QR,微电子科学与工程,A614,电子科技大学,5,2456
2023,1,QT,工科试验班(机器人、电气信息、智能制造),A614,电子科技大学,16,4022
2023,1,QV,电子信息类(光电集成与光网络),A614,电子科技大学,10,3461
2023,1,QX,电子信息类(电子信息与物理科学复合培养),A614,电子科技大学,9,3103
2023,1,01,石油工程,A615,西南石油大学,9,35058
2023,1,02,油气储运工程,A615,西南石油大学,4,30827
2023,1,03,海洋油气工程,A615,西南石油大学,2,35520
2023,1,04,资源勘查工程,A615,西南石油大学,4,41027
2023,1,05,勘查技术与工程,A615,西南石油大学,4,48524
2023,1,06,地质学,A615,西南石油大学,4,44447
2023,1,07,地理信息科学,A615,西南石油大学,3,38499
2023,1,08,城市地下空间工程,A615,西南石油大学,3,48151
2023,1,09,机械工程,A615,西南石油大学,5,34601
2023,1,10,过程装备与控制工程,A615,西南石油大学,6,44052
2023,1,11,机械设计制造及其自动化,A615,西南石油大学,3,34038
2023,1,12,测控技术与仪器,A615,西南石油大学,4,35948
2023,1,13,工业设计,A615,西南石油大学,3,40073
2023,1,14,智能感知工程,A615,西南石油大学,4,37193
2023,1,15,应用化学,A615,西南石油大学,3,42059
2023,1,16,化学工程与工艺,A615,西南石油大学,4,42294
2023,1,17,环境工程,A615,西南石油大学,4,47649
2023,1,18,化学,A615,西南石油大学,4,42608
2023,1,19,安全工程,A615,西南石油大学,3,37648
2023,1,21,新能源材料与器件,A615,西南石油大学,6,37999
2023,1,22,材料科学与工程,A615,西南石油大学,5,44730
2023,1,23,高分子材料与工程,A615,西南石油大学,3,41755
2023,1,24,材料成型及控制工程,A615,西南石油大学,3,42657
2023,1,25,新能源科学与工程,A615,西南石油大学,3,32245
2023,1,26,储能科学与工程,A615,西南石油大学,4,39443
2023,1,27,计算机类,A615,西南石油大学,14,29384
2023,1,28,电气工程及其自动化,A615,西南石油大学,4,26815
2023,1,29,自动化,A615,西南石油大学,4,29441
2023,1,30,机器人工程,A615,西南石油大学,3,31525
2023,1,31,通信工程,A615,西南石油大学,4,30196
2023,1,32,土木工程,A615,西南石油大学,6,50408
2023,1,33,测绘工程,A615,西南石油大学,4,45251
2023,1,34,工程管理,A615,西南石油大学,4,52014
2023,1,35,信息与计算科学,A615,西南石油大学,4,32511
2023,1,36,数学与应用数学,A615,西南石油大学,4,31531
2023,1,37,人工智能,A615,西南石油大学,2,29512
2023,1,38,工商管理,A615,西南石油大学,2,41308
2023,1,40,经济学,A615,西南石油大学,2,35243
2023,1,42,国际经济与贸易,A615,西南石油大学,2,42436
2023,1,43,会计学,A615,西南石油大学,2,29798
2023,1,44,社会工作,A615,西南石油大学,2,48982
2023,1,45,法学,A615,西南石油大学,2,24333
2023,1,46,思想政治教育,A615,西南石油大学,2,31405
2023,1,48,俄语,A615,西南石油大学,3,59847
2023,1,01,地质学类,A616,成都理工大学,8,40409
2023,1,02,测绘工程,A616,成都理工大学,2,36866
2023,1,03,资源勘查工程,A616,成都理工大学,3,47852
2023,1,04,地理信息科学,A616,成都理工大学,4,34906
2023,1,05,石油工程,A616,成都理工大学,4,44932
2023,1,06,土木工程,A616,成都理工大学,6,47587
2023,1,08,地质工程,A616,成都理工大学,5,44370
2023,1,09,地下水科学与工程,A616,成都理工大学,4,52315
2023,1,0B,勘查技术与工程,A616,成都理工大学,5,49147
2023,1,0C,地球物理学,A616,成都理工大学,6,45113
2023,1,0E,核工程类,A616,成都理工大学,4,37157
2023,1,0F,测控技术与仪器,A616,成都理工大学,10,41165
2023,1,0G,电气工程及其自动化,A616,成都理工大学,4,24406
2023,1,0J,工业设计,A616,成都理工大学,2,36418
2023,1,0K,电子信息类,A616,成都理工大学,5,25368
2023,1,0L,应用物理学,A616,成都理工大学,4,35674
2023,1,0P,电子商务,A616,成都理工大学,4,42871
2023,1,0Q,工商管理,A616,成都理工大学,4,40627
2023,1,0S,建筑类,A616,成都理工大学,2,45334
2023,1,0U,人文地理与城乡规划,A616,成都理工大学,3,43822
2023,1,0V,材料科学与工程,A616,成都理工大学,4,45442
2023,1,0W,应用化学,A616,成都理工大学,6,41705
2023,1,0Y,计算机类,A616,成都理工大学,5,23833
2023,1,0Z,思想政治教育,A616,成都理工大学,4,35363
2023,1,12,公共事业管理,A616,成都理工大学,2,49543
2023,1,15,翻译,A616,成都理工大学,4,59880
2023,1,16,日语,A616,成都理工大学,4,60028
2023,1,17,会计学,A616,成都理工大学,5,34455
2023,1,19,投资学,A616,成都理工大学,3,41284
2023,1,1A,市场营销,A616,成都理工大学,3,50786
2023,1,1B,环境科学与工程类,A616,成都理工大学,5,49016
2023,1,1C,新闻传播学类,A616,成都理工大学,4,41585
2023,1,80,信息与计算科学,A616,成都理工大学,2,29714
2023,1,81,环境科学与工程,A616,成都理工大学,2,43458
2023,1,82,新能源科学与工程,A616,成都理工大学,2,31696
2023,1,83,新能源材料与器件,A616,成都理工大学,2,33466
2023,1,85,油气储运工程,A616,成都理工大学,2,43939
2023,1,86,电子信息工程,A616,成都理工大学,2,26663
2023,1,87,工商管理类,A616,成都理工大学,2,36855
2023,1,89,物流管理,A616,成都理工大学,2,49265
2023,1,8A,工程管理,A616,成都理工大学,2,49526
2023,1,90,行星科学,A616,成都理工大学,2,36675
2023,1,71,会计学(中外合作办学),A616,成都理工大学,2,47748
2023,1,72,计算机科学与技术(中外合作办学),A616,成都理工大学,2,41707
2023,1,01,电子信息类(通信与信息类),A617,重庆邮电大学,12,22834
2023,1,02,数字媒体技术,A617,重庆邮电大学,2,22416
2023,1,03,计算机类(计算机与智能科学类),A617,重庆邮电大学,12,21764
2023,1,04,自动化类(智能自动化),A617,重庆邮电大学,13,27254
2023,1,05,智能车辆工程,A617,重庆邮电大学,2,33900
2023,1,06,机械类(智能制造与机器人类),A617,重庆邮电大学,8,33630
2023,1,07,电子信息类(集成电路与电子工程类),A617,重庆邮电大学,16,25155
2023,1,08,生物医学工程,A617,重庆邮电大学,3,38954
2023,1,11,数学类(数学与信息科学类),A617,重庆邮电大学,2,32689
2023,1,12,智能科学与技术,A617,重庆邮电大学,2,23546
2023,1,14,通信工程,A617,重庆邮电大学,2,21596
2023,1,15,工商管理类,A617,重庆邮电大学,2,43019
2023,1,17,工程管理,A617,重庆邮电大学,2,48036
2023,1,18,信息管理与信息系统,A617,重庆邮电大学,2,34043
2023,1,19,大数据管理与应用,A617,重庆邮电大学,2,28383
2023,1,20,电子商务类,A617,重庆邮电大学,2,47334
2023,1,24,计算机类(网络安全类),A617,重庆邮电大学,5,22192
2023,1,25,信息安全,A617,重庆邮电大学,2,23967
2023,1,26,法学类,A617,重庆邮电大学,2,27730
2023,1,28,软件工程,A617,重庆邮电大学,15,25715
2023,1,30,电子信息工程(中外合作办学),A617,重庆邮电大学,15,52043
2023,1,31,软件工程(中外合作办学),A617,重庆邮电大学,15,50172
2023,1,01,土木类,A618,重庆交通大学,6,73631
2023,1,04,水利类,A618,重庆交通大学,6,55641
2023,1,05,地质工程,A618,重庆交通大学,3,69942
2023,1,06,给排水科学与工程,A618,重庆交通大学,3,64288
2023,1,08,交通运输类,A618,重庆交通大学,3,42541
2023,1,11,机械类,A618,重庆交通大学,6,47078
2023,1,12,电气工程及其自动化,A618,重庆交通大学,3,35557
2023,1,17,船舶与海洋工程,A618,重庆交通大学,3,58941
2023,1,18,建筑类,A618,重庆交通大学,3,59481
2023,1,19,电子信息类,A618,重庆交通大学,3,37210
2023,1,20,计算机类,A618,重庆交通大学,3,31915
2023,1,22,数据科学与大数据技术,A618,重庆交通大学,3,36021
2023,1,23,材料类,A618,重庆交通大学,3,61446
2023,1,24,应用化学,A618,重庆交通大学,3,61062
2023,1,25,飞行器设计与工程,A618,重庆交通大学,3,52283
2023,1,27,飞行器动力工程,A618,重庆交通大学,3,50923
2023,1,28,管理科学与工程类,A618,重庆交通大学,3,64338
2023,1,29,物流管理,A618,重庆交通大学,3,78661
2023,1,30,工商管理类,A618,重庆交通大学,3,53367
2023,1,33,数学类,A618,重庆交通大学,3,42852
2023,1,35,外国语言文学类,A618,重庆交通大学,3,86319
2023,1,37,旅游管理,A618,重庆交通大学,3,90573
2023,1,13,机械设计制造及其自动化(中外合作办学),A618,重庆交通大学,5,91907
2023,1,02,材料类,A619,西南科技大学,9,107908
2023,1,04,能源化学工程,A619,西南科技大学,5,94092
2023,1,05,电气工程及其自动化,A619,西南科技大学,4,57984
2023,1,06,电子信息类,A619,西南科技大学,5,53335
2023,1,10,测绘工程,A619,西南科技大学,5,102275
2023,1,12,矿业类,A619,西南科技大学,4,125035
2023,1,13,交通工程,A619,西南科技大学,6,87629
2023,1,16,机械类,A619,西南科技大学,6,70455
2023,1,17,工业工程,A619,西南科技大学,5,107685
2023,1,19,土木类,A619,西南科技大学,6,116173
2023,1,21,工程管理,A619,西南科技大学,4,158701
2023,1,29,计算机类,A619,西南科技大学,4,41827
2023,1,38,工商管理类,A619,西南科技大学,3,72991
2023,1,40,公共事业管理,A619,西南科技大学,3,90794
2023,1,43,法学类,A619,西南科技大学,3,58111
2023,1,48,中国语言文学类,A619,西南科技大学,3,58356
2023,1,49,广播电视学,A619,西南科技大学,3,88908
2023,1,50,西班牙语,A619,西南科技大学,3,114375
2023,1,52,外国语言文学类,A619,西南科技大学,3,111034
2023,1,53,思想政治教育,A619,西南科技大学,3,67270
2023,1,01,大气科学,A621,成都信息工程大学,6,41919
2023,1,02,应用气象学,A621,成都信息工程大学,1,38977
2023,1,03,电子信息工程,A621,成都信息工程大学,3,31301
2023,1,05,通信工程,A621,成都信息工程大学,2,36783
2023,1,07,集成电路设计与集成系统,A621,成都信息工程大学,2,38965
2023,1,0B,环境工程,A621,成都信息工程大学,2,70141
2023,1,0D,应用物理学,A621,成都信息工程大学,2,51135
2023,1,0F,光电信息科学与工程,A621,成都信息工程大学,2,40762
2023,1,0J,电气工程及其自动化,A621,成都信息工程大学,2,36045
2023,1,0L,机器人工程,A621,成都信息工程大学,2,40348
2023,1,0M,计算机科学与技术,A621,成都信息工程大学,3,30227
2023,1,0P,智能科学与技术,A621,成都信息工程大学,2,38119
2023,1,0R,空间信息与数字技术,A621,成都信息工程大学,2,43710
2023,1,0T,网络工程,A621,成都信息工程大学,2,39091
2023,1,0W,网络空间安全,A621,成都信息工程大学,3,39330
2023,1,0Z,翻译,A621,成都信息工程大学,2,98061
2023,1,11,人工智能,A621,成都信息工程大学,3,39933
2023,1,15,统计学,A621,成都信息工程大学,2,47014
2023,1,1E,电子商务,A621,成都信息工程大学,2,58133
2023,1,1F,社会工作,A621,成都信息工程大学,2,68626
2023,1,13,数学与应用数学(师范类),A622,四川轻化工大学,2,116215
2023,1,16,计算机科学与技术,A622,四川轻化工大学,2,76106
2023,1,26,工业设计,A622,四川轻化工大学,2,127805
2023,1,30,环境工程,A622,四川轻化工大学,2,136469
2023,1,31,安全工程,A622,四川轻化工大学,2,151094
2023,1,32,应用化学,A622,四川轻化工大学,2,141281
2023,1,35,生物制药,A622,四川轻化工大学,2,114398
2023,1,38,轻化工程,A622,四川轻化工大学,2,138849
2023,1,40,食品质量与安全,A622,四川轻化工大学,2,147767
2023,1,51,旅游管理,A622,四川轻化工大学,2,144518
2023,1,55,劳动与社会保障,A622,四川轻化工大学,2,156676
2023,1,59,日语,A622,四川轻化工大学,2,154728
2023,1,62,广播电视学,A622,四川轻化工大学,2,114014
2023,1,66,电子信息工程,A622,四川轻化工大学,1,95011
2023,1,70,应用心理学,A622,四川轻化工大学,2,133671
2023,1,07,电气工程及其自动化,A623,西华大学,4,56484
2023,1,17,法学,A623,西华大学,2,44879
2023,1,26,会计学,A623,西华大学,4,57475
2023,1,2F,本科预科班（招收边防军人子女）,A623,西华大学,7,247118
2023,1,39,土木工程,A623,西华大学,4,100362
2023,1,48,电子商务,A623,西华大学,3,83298
2023,1,50,工程造价,A623,西华大学,4,85188
2023,1,54,工商管理,A623,西华大学,4,89379
2023,1,57,网络与新媒体,A623,西华大学,4,61798
2023,1,66,交通工程,A623,西华大学,4,80564
2023,1,68,建筑类,A623,西华大学,4,98562
2023,1,78,物流管理,A623,西华大学,2,80559
2023,1,7W,机械设计制造及其自动化,A623,西华大学,4,68476
2023,1,7X,机械电子工程,A623,西华大学,4,73855
2023,1,7Y,汉语言文学,A623,西华大学,2,50754
2023,1,7Z,汉语国际教育,A623,西华大学,2,59572
2023,1,80,计算机科学与技术,A623,西华大学,2,52306
2023,1,81,软件工程,A623,西华大学,2,54382
2023,1,82,信息安全,A623,西华大学,2,57667
2023,1,01,思想政治教育,A624,中国民用航空飞行学院,2,130284
2023,1,03,英语,A624,中国民用航空飞行学院,4,89393
2023,1,05,信息与计算科学,A624,中国民用航空飞行学院,3,100172
2023,1,06,大气科学,A624,中国民用航空飞行学院,1,52860
2023,1,07,应用气象学(机场气象预报、航空公司气象分析),A624,中国民用航空飞行学院,1,42861
2023,1,08,应用心理学,A624,中国民用航空飞行学院,2,102181
2023,1,09,电气工程及其自动化(航空电气设备维修),A624,中国民用航空飞行学院,6,86745
2023,1,0A,电子信息工程(航空电子设备维修),A624,中国民用航空飞行学院,5,83304
2023,1,0B,计算机科学与技术,A624,中国民用航空飞行学院,5,88464
2023,1,0C,物联网工程,A624,中国民用航空飞行学院,4,100474
2023,1,0D,数据科学与大数据技术,A624,中国民用航空飞行学院,3,88257
2023,1,0E,网络空间安全,A624,中国民用航空飞行学院,4,101851
2023,1,0F,导航工程(导航应用与规划、空管保障设施),A624,中国民用航空飞行学院,2,60462
2023,1,0G,交通运输(空中交通管制、飞行签派、航行情报),A624,中国民用航空飞行学院,13,56322
2023,1,0H,交通工程(机场管理与工程),A624,中国民用航空飞行学院,4,59159
2023,1,0K,航空航天工程(直升机维修工程),A624,中国民用航空飞行学院,3,72188
2023,1,0L,飞行器制造工程(飞机结构维修),A624,中国民用航空飞行学院,3,82391
2023,1,0M,飞行器动力工程(飞机发动机维修),A624,中国民用航空飞行学院,4,71197
2023,1,0N,飞行器适航技术,A624,中国民用航空飞行学院,3,85118
2023,1,0P,无人驾驶航空器系统工程,A624,中国民用航空飞行学院,2,79747
2023,1,0Q,安全工程,A624,中国民用航空飞行学院,2,95664
2023,1,0R,消防工程,A624,中国民用航空飞行学院,2,116474
2023,1,0S,工商管理,A624,中国民用航空飞行学院,2,100950
2023,1,0T,市场营销,A624,中国民用航空飞行学院,2,107182
2023,1,0U,公共事业管理,A624,中国民用航空飞行学院,4,120162
2023,1,0V,交通管理(机场运行管理),A624,中国民用航空飞行学院,3,60555
2023,1,0W,物流工程(航空物流),A624,中国民用航空飞行学院,4,82597
2023,1,01,农学,A626,四川农业大学,3,33129
2023,1,05,智慧农业,A626,四川农业大学,3,35576
2023,1,06,动物科学,A626,四川农业大学,3,37921
2023,1,07,水产养殖学,A626,四川农业大学,3,43646
2023,1,08,动物医学,A626,四川农业大学,3,30735
2023,1,10,药物制剂,A626,四川农业大学,3,32544
2023,1,12,林学,A626,四川农业大学,3,39533
2023,1,16,园艺,A626,四川农业大学,4,41581
2023,1,18,农业资源与环境,A626,四川农业大学,4,39588
2023,1,19,环境工程,A626,四川农业大学,3,40948
2023,1,20,环境科学,A626,四川农业大学,3,38229
2023,1,23,金融学,A626,四川农业大学,3,30499
2023,1,27,农林经济管理,A626,四川农业大学,3,36844
2023,1,29,园林,A626,四川农业大学,3,39635
2023,1,31,草坪科学与工程,A626,四川农业大学,3,44145
2023,1,32,人力资源管理,A626,四川农业大学,3,33985
2023,1,34,土地资源管理,A626,四川农业大学,3,32135
2023,1,35,化学生物学,A626,四川农业大学,3,35949
2023,1,37,应用化学,A626,四川农业大学,3,39197
2023,1,38,生物工程,A626,四川农业大学,3,32335
2023,1,42,农业机械化及其自动化,A626,四川农业大学,4,38101
2023,1,44,食品科学与工程,A626,四川农业大学,3,36697
2023,1,45,食品质量与安全,A626,四川农业大学,4,40284
2023,1,46,食品营养与健康,A626,四川农业大学,3,43254
2023,1,48,物联网工程,A626,四川农业大学,4,27810
2023,1,52,水利水电工程,A626,四川农业大学,3,35397
2023,1,54,英语,A626,四川农业大学,3,38889
2023,1,55,法学,A626,四川农业大学,3,21716
2023,1,57,广告学,A626,四川农业大学,3,47450
2023,1,58,城乡规划,A626,四川农业大学,3,37307
2023,1,60,工程造价,A626,四川农业大学,3,43787
2023,1,62,土木工程,A626,四川农业大学,3,41373
2023,1,63,给排水科学与工程,A626,四川农业大学,3,41884
2023,1,64,道路桥梁与渡河工程,A626,四川农业大学,3,40216
2023,1,67,会计学,A626,四川农业大学,3,25631
2023,1,31,土木工程,A628,西昌学院,8,217820
2023,1,37,汉语言文学(师范类),A628,西昌学院,5,164176
2023,1,01,临床医学(5+3一体化),A631,重庆医科大学,3,5402
2023,1,02,临床医学(5+3一体化，硕士段培养方向儿科学),A631,重庆医科大学,1,7713
2023,1,03,临床医学,A631,重庆医科大学,5,7094
2023,1,04,儿科学,A631,重庆医科大学,2,16127
2023,1,05,口腔医学,A631,重庆医科大学,2,7392
2023,1,06,眼视光医学,A631,重庆医科大学,2,12058
2023,1,07,医学检验技术,A631,重庆医科大学,2,20530
2023,1,08,预防医学,A631,重庆医科大学,2,29804
2023,1,09,临床药学,A631,重庆医科大学,1,23994
2023,1,0A,药学,A631,重庆医科大学,1,25646
2023,1,0B,麻醉学,A631,重庆医科大学,2,10529
2023,1,0C,医学影像学,A631,重庆医科大学,2,14604
2023,1,0D,精神医学,A631,重庆医科大学,2,22796
2023,1,0H,法医学,A631,重庆医科大学,1,24009
2023,1,0J,卫生检验与检疫,A631,重庆医科大学,1,30961
2023,1,0K,生物医学工程,A631,重庆医科大学,1,27452
2023,1,0L,医学影像技术,A631,重庆医科大学,1,23222
2023,1,0M,口腔医学技术,A631,重庆医科大学,2,30145
2023,1,0N,康复治疗学,A631,重庆医科大学,2,40823
2023,1,0P,基础医学,A631,重庆医科大学,2,33339
2023,1,0Q,药物制剂,A631,重庆医科大学,1,35212
2023,1,0T,食品卫生与营养学,A631,重庆医科大学,1,48570
2023,1,0U,医学实验技术,A631,重庆医科大学,1,38905
2023,1,0V,听力与言语康复学,A631,重庆医科大学,1,46058
2023,1,0W,智能医学工程,A631,重庆医科大学,1,31647
2023,1,0X,医学信息工程,A631,重庆医科大学,1,40162
2023,1,0Y,信息管理与信息系统,A631,重庆医科大学,1,41926
2023,1,0Z,生物信息学,A631,重庆医科大学,1,31881
2023,1,10,护理学,A631,重庆医科大学,1,40618
2023,1,11,应用统计学,A631,重庆医科大学,1,30912
2023,1,12,公共事业管理,A631,重庆医科大学,1,61204
2023,1,13,英语,A631,重庆医科大学,1,41030
2023,1,17,临床医学(检验医师培养试验班),A631,重庆医科大学,1,9503
2023,1,14,临床医学(中外合作办学),A631,重庆医科大学,5,22439
2023,1,03,临床医学,A632,西南医科大学,10,34011
2023,1,05,麻醉学,A632,西南医科大学,2,26798
2023,1,07,儿科学,A632,西南医科大学,3,43521
2023,1,08,精神医学,A632,西南医科大学,3,49164
2023,1,09,中医学,A632,西南医科大学,2,42376
2023,1,12,基础医学,A632,西南医科大学,3,92670
2023,1,14,医学检验技术,A632,西南医科大学,2,55005
2023,1,15,生物医学工程,A632,西南医科大学,2,80507
2023,1,16,康复治疗学,A632,西南医科大学,3,102349
2023,1,17,中药学,A632,西南医科大学,2,72404
2023,1,18,药学,A632,西南医科大学,2,71457
2023,1,19,临床药学,A632,西南医科大学,2,72655
2023,1,30,公共事业管理,A632,西南医科大学,3,155165
2023,1,31,市场营销,A632,西南医科大学,3,180607
2023,1,32,劳动与社会保障,A632,西南医科大学,3,139735
2023,1,02,中医学(5+3一体化),A633,成都中医药大学,4,11872
2023,1,03,中医学,A633,成都中医药大学,7,18695
2023,1,04,中西医临床医学,A633,成都中医药大学,4,25306
2023,1,05,针灸推拿学,A633,成都中医药大学,4,23364
2023,1,07,中药学(基地班),A633,成都中医药大学,4,35009
2023,1,09,中药资源与开发,A633,成都中医药大学,2,49464
2023,1,11,药学,A633,成都中医药大学,2,39450
2023,1,14,中医康复学,A633,成都中医药大学,2,35164
2023,1,17,临床医学,A633,成都中医药大学,2,21734
2023,1,18,护理学,A633,成都中医药大学,6,61238
2023,1,21,生物技术,A633,成都中医药大学,2,41253
2023,1,29,英语,A633,成都中医药大学,3,47851
2023,1,36,中医儿科学,A633,成都中医药大学,4,34226
2023,1,7C,康复治疗学(中外合作办学),A633,成都中医药大学,5,91661
2023,1,7D,健康服务与管理(中外合作办学),A633,成都中医药大学,5,86286
2023,1,06,临床医学,A634,川北医学院,5,69426
2023,1,07,麻醉学,A634,川北医学院,5,73453
2023,1,08,医学影像学,A634,川北医学院,5,68338
2023,1,11,口腔医学,A634,川北医学院,5,60632
2023,1,22,英语,A635,西南大学,1,18412
2023,1,23,俄语,A635,西南大学,2,48315
2023,1,24,德语,A635,西南大学,2,22446
2023,1,25,日语,A635,西南大学,2,35276
2023,1,32,历史学,A635,西南大学,1,14065
2023,1,42,思想政治教育,A635,西南大学,1,13604
2023,1,51,工商管理类,A635,西南大学,2,18138
2023,1,52,经济学类,A635,西南大学,1,17439
2023,1,53,农林经济管理,A635,西南大学,1,23912
2023,1,71,法学,A635,西南大学,1,12648
2023,1,A2,应用心理学,A635,西南大学,1,7235
2023,1,B1,新闻学,A635,西南大学,1,17727
2023,1,C3,应用化学,A635,西南大学,2,19769
2023,1,D2,物理学,A635,西南大学,2,16319
2023,1,E1,材料类,A635,西南大学,3,25942
2023,1,F1,环境科学与工程,A635,西南大学,2,23659
2023,1,F3,土地资源管理,A635,西南大学,1,22352
2023,1,G2,地理信息科学,A635,西南大学,1,17766
2023,1,G3,人文地理与城乡规划,A635,西南大学,1,18579
2023,1,H1,电气工程及其自动化,A635,西南大学,2,14623
2023,1,H2,机械设计制造及其自动化,A635,西南大学,1,16726
2023,1,H3,智能车辆工程,A635,西南大学,2,21563
2023,1,H5,智能制造工程,A635,西南大学,2,19026
2023,1,H6,土木工程,A635,西南大学,2,38108
2023,1,J1,食品科学与工程类,A635,西南大学,2,19248
2023,1,J2,包装工程,A635,西南大学,1,28604
2023,1,K2,数学类,A635,西南大学,2,14365
2023,1,L2,计算机科学与技术,A635,西南大学,2,12078
2023,1,L3,网络工程,A635,西南大学,2,15324
2023,1,L4,软件工程,A635,西南大学,3,12683
2023,1,M1,电子信息类,A635,西南大学,2,14242
2023,1,M2,信息安全,A635,西南大学,1,13152
2023,1,N1,智能科学与技术,A635,西南大学,2,15326
2023,1,N2,人工智能,A635,西南大学,2,13729
2023,1,Q2,园林,A635,西南大学,1,29520
2023,1,R1,生物技术,A635,西南大学,2,20204
2023,1,R2,生物质科学与工程,A635,西南大学,1,20345
2023,1,R3,蚕学(双学士学位),A635,西南大学,2,34052
2023,1,W2,生物科学,A635,西南大学,2,17756
2023,1,W3,生物科学(拔尖创新班),A635,西南大学,2,17421
2023,1,X1,药学,A635,西南大学,3,20227
2023,1,X3,制药工程,A635,西南大学,2,21290
2023,1,ZE,植物生产类,A635,西南大学,3,30525
2023,1,ZG,汉语言文学,A635,西南大学,1,13378
2023,1,ZJ,风景园林,A635,西南大学,2,26614
2023,1,ZL,纺织工程,A635,西南大学,1,29337
2023,1,Z1,计算机科学与技术(中外合作办学),A635,西南大学,9,28574
2023,1,Z2,软件工程(中外合作办学),A635,西南大学,9,30129
2023,1,Z3,自动化(中外合作办学),A635,西南大学,7,33633
2023,1,Z4,心理学(中外合作办学),A635,西南大学,6,34489
2023,1,Z5,植物科学与技术(中外合作办学),A635,西南大学,7,46321
2023,1,Z6,动物科学(中外合作办学),A635,西南大学,7,50166
2023,1,ZA,电子信息工程(中外合作办学),A635,西南大学,3,31338
2023,1,ZB,经济学(中外合作办学),A635,西南大学,4,28750
2023,1,ZC,生物技术(中外合作办学),A635,西南大学,3,36115
2023,1,ZD,食品质量与安全(中外合作办学),A635,西南大学,2,39826
2023,1,01,经济学,A636,四川师范大学,2,43108
2023,1,02,金融工程,A636,四川师范大学,2,58919
2023,1,03,金融数学,A636,四川师范大学,2,69542
2023,1,04,法学,A636,四川师范大学,2,33254
2023,1,05,思想政治教育,A636,四川师范大学,2,37882
2023,1,07,科学教育,A636,四川师范大学,2,80405
2023,1,08,教育技术学,A636,四川师范大学,2,69102
2023,1,0A,小学教育,A636,四川师范大学,2,55839
2023,1,0B,特殊教育,A636,四川师范大学,2,61215
2023,1,0E,汉语言文学,A636,四川师范大学,6,32897
2023,1,0F,汉语国际教育,A636,四川师范大学,2,50583
2023,1,0G,秘书学,A636,四川师范大学,2,62280
2023,1,0H,英语,A636,四川师范大学,2,43078
2023,1,0M,广播电视学,A636,四川师范大学,2,61168
2023,1,0N,网络与新媒体,A636,四川师范大学,2,44469
2023,1,0P,历史学,A636,四川师范大学,2,42554
2023,1,0R,物理学,A636,四川师范大学,2,53746
2023,1,0S,化学,A636,四川师范大学,2,53672
2023,1,0U,地理信息科学,A636,四川师范大学,2,47164
2023,1,0W,心理学,A636,四川师范大学,2,47345
2023,1,0X,统计学,A636,四川师范大学,2,55508
2023,1,0Y,电气工程及其自动化,A636,四川师范大学,2,47461
2023,1,12,环境工程,A636,四川师范大学,2,71792
2023,1,13,食品质量与安全,A636,四川师范大学,2,72107
2023,1,14,安全工程,A636,四川师范大学,2,77174
2023,1,17,市场营销,A636,四川师范大学,2,86571
2023,1,18,会计学,A636,四川师范大学,2,46482
2023,1,19,财务管理,A636,四川师范大学,2,49606
2023,1,1A,审计学,A636,四川师范大学,2,47615
2023,1,1C,旅游管理,A636,四川师范大学,2,75116
2023,1,24,工程造价,A636,四川师范大学,2,79237
2023,1,2P,地理科学,A636,四川师范大学,2,48023
2023,1,2Q,数学与应用数学,A636,四川师范大学,2,39890
2023,1,2R,生物科学,A636,四川师范大学,2,50709
2023,1,7X,网络工程,A636,四川师范大学,2,46981
2023,1,EH,哲学,A636,四川师范大学,2,48514
2023,1,ZM,自然地理与资源环境,A636,四川师范大学,2,55439
2023,1,ZN,人文地理与城乡规划,A636,四川师范大学,2,51539
2023,1,ZP,生物技术,A636,四川师范大学,2,53843
2023,1,ZT,计算机科学与技术,A636,四川师范大学,2,42331
2023,1,ZU,软件工程,A636,四川师范大学,2,44854
2023,1,ZW,信息与计算科学,A636,四川师范大学,2,43575
2023,1,ZX,电子信息工程,A636,四川师范大学,2,51952
2023,1,ZY,通信工程,A636,四川师范大学,2,51451
2023,1,06,思想政治教育(师范类),A637,重庆师范大学,2,38629
2023,1,07,历史学(师范类),A637,重庆师范大学,3,37611
2023,1,09,社会工作,A637,重庆师范大学,2,63546
2023,1,10,教育学(师范类),A637,重庆师范大学,3,47488
2023,1,18,中国语言文学类,A637,重庆师范大学,5,42556
2023,1,19,英语(师范类),A637,重庆师范大学,4,38507
2023,1,1B,外国语言文学类,A637,重庆师范大学,3,76432
2023,1,1D,数学与应用数学(师范类),A637,重庆师范大学,3,39164
2023,1,1H,物理学(师范类),A637,重庆师范大学,5,51069
2023,1,1M,化学(师范类),A637,重庆师范大学,5,48669
2023,1,1R,生物科学(师范类),A637,重庆师范大学,2,34358
2023,1,1U,地理科学类,A637,重庆师范大学,3,51323
2023,1,1W,经济学,A637,重庆师范大学,2,50526
2023,1,1Z,计算机科学与技术,A637,重庆师范大学,5,49148
2023,1,20,软件工程,A637,重庆师范大学,3,48583
2023,1,22,电子商务,A637,重庆师范大学,2,67319
2023,1,1S,生物科学(中外合作办学)(师范类),A637,重庆师范大学,4,80250
2023,1,20,教育学(师范类),A638,西华师范大学,6,94929
2023,1,22,历史学(师范类),A638,西华师范大学,4,69086
2023,1,33,野生动物与自然保护区管理,A638,西华师范大学,4,184137
2023,1,41,商务英语,A638,西华师范大学,4,192023
2023,1,63,电子信息工程,A638,西华师范大学,6,108099
2023,1,02,汉语国际教育,A639,绵阳师范学院,2,161342
2023,1,05,旅游管理,A639,绵阳师范学院,1,192116
2023,1,06,英语(师范类),A639,绵阳师范学院,1,105590
2023,1,13,应用心理学,A639,绵阳师范学院,1,124440
2023,1,19,数学与应用数学(师范类),A639,绵阳师范学院,2,167050
2023,1,29,环境科学与工程,A639,绵阳师范学院,1,184841
2023,1,01,汉语言文学(师范类),A640,内江师范学院,3,135551
2023,1,05,思想政治教育(师范类),A640,内江师范学院,2,148756
2023,1,12,数学与应用数学(师范类),A640,内江师范学院,2,167925
2023,1,01,机械电子工程,A642,重庆文理学院,2,153386
2023,1,0T,数据科学与大数据技术,A642,重庆文理学院,2,118206
2023,1,0W,高分子材料与工程,A642,重庆文理学院,2,174072
2023,1,0Y,环境科学,A642,重庆文理学院,2,185068
2023,1,0Z,环境科学与工程,A642,重庆文理学院,3,172927
2023,1,11,制药工程,A642,重庆文理学院,2,149691
2023,1,12,机械工程,A642,重庆文理学院,2,156442
2023,1,13,机器人工程,A642,重庆文理学院,2,128088
2023,1,2F,生物技术,A642,重庆文理学院,3,155748
2023,1,2G,园艺,A642,重庆文理学院,3,163026
2023,1,2J,风景园林,A642,重庆文理学院,3,161276
2023,1,2L,电气工程及其自动化,A642,重庆文理学院,3,131095
2023,1,2X,土木工程,A642,重庆文理学院,4,177016
2023,1,2Y,会展经济与管理,A642,重庆文理学院,2,146335
2023,1,50,文化遗产,A642,重庆文理学院,2,137756
2023,1,51,材料科学与工程,A642,重庆文理学院,2,177571
2023,1,5H,智能制造工程,A642,重庆文理学院,2,151481
2023,1,5X,网络工程,A642,重庆文理学院,2,127552
2023,1,60,电子信息科学与技术,A642,重庆文理学院,2,133437
2023,1,5T,材料成型及控制工程(中外合作办学),A642,重庆文理学院,4,225134
2023,1,5U,数学与应用数学(中外合作办学),A642,重庆文理学院,7,225463
2023,1,01,汉语言文学(师范类),A643,重庆三峡学院,2,106452
2023,1,08,化学(师范类),A643,重庆三峡学院,2,149139
2023,1,10,广播电视学,A643,重庆三峡学院,4,157666
2023,1,16,文化产业管理,A643,重庆三峡学院,2,166007
2023,1,27,信息与计算科学,A643,重庆三峡学院,2,143640
2023,1,32,计算机科学与技术,A643,重庆三峡学院,2,124416
2023,1,33,物联网工程,A643,重庆三峡学院,3,133405
2023,1,38,通信工程,A643,重庆三峡学院,2,135010
2023,1,41,机械电子工程,A643,重庆三峡学院,3,146774
2023,1,50,食品质量与安全,A643,重庆三峡学院,3,158583
2023,1,62,工商管理,A643,重庆三峡学院,2,154385
2023,1,10,思想政治教育(师范类),A644,四川文理学院,4,159365
2023,1,11,历史学(师范类),A644,四川文理学院,4,159868
2023,1,19,数学与应用数学(师范类),A644,四川文理学院,4,193015
2023,1,33,化学工程与工艺,A644,四川文理学院,4,203856
2023,1,35,水质科学与技术,A644,四川文理学院,4,208947
2023,1,68,土木工程,A644,四川文理学院,4,199355
2023,1,70,工程造价,A644,四川文理学院,4,197574
2023,1,07,汉语言文学(师范类),A646,阿坝师范学院,2,152704
2023,1,09,思想政治教育(师范类),A646,阿坝师范学院,1,162913
2023,1,0B,英语(师范类),A646,阿坝师范学院,2,179922
2023,1,0C,学前教育(师范类),A646,阿坝师范学院,1,183083
2023,1,0D,小学教育(师范类),A646,阿坝师范学院,1,175978
2023,1,0G,数学与应用数学(师范类),A646,阿坝师范学院,2,188198
2023,1,0P,生物科学(师范类),A646,阿坝师范学院,1,144332
2023,1,0Q,化学(师范类),A646,阿坝师范学院,1,172461
2023,1,0R,地理科学(师范类),A646,阿坝师范学院,1,176528
2023,1,14,土木工程,A647,长江师范学院,2,173896
2023,1,15,物流工程,A647,长江师范学院,3,173032
2023,1,1B,机械类,A647,长江师范学院,4,156796
2023,1,1C,材料类,A647,长江师范学院,5,180641
2023,1,1D,计算机类,A647,长江师范学院,3,140465
2023,1,1H,电子信息类,A647,长江师范学院,2,135709
2023,1,1M,环境科学与工程类,A647,长江师范学院,4,183290
2023,1,31,生物工程,A647,长江师范学院,3,165840
2023,1,32,旅游管理,A647,长江师范学院,2,188274
2023,1,A2,政治学与行政学,A647,长江师范学院,8,164397
2023,1,A3,国际经济与贸易,A647,长江师范学院,5,155421
2023,1,A8,英语(师范类),A647,长江师范学院,3,118400
2023,1,9R,土木工程(中外合作办学),A647,长江师范学院,5,230749
2023,1,08,汉语国际教育,A649,乐山师范学院,2,166698
2023,1,13,法学,A649,乐山师范学院,2,139900
2023,1,27,国际经济与贸易,A649,乐山师范学院,2,189921
2023,1,45,人工智能,A649,乐山师范学院,2,192992
2023,1,26,英语,A650,四川外国语大学,12,56023
2023,1,27,翻译,A650,四川外国语大学,2,77283
2023,1,28,商务英语,A650,四川外国语大学,4,66580
2023,1,30,中国语言文学类,A650,四川外国语大学,3,34596
2023,1,31,新闻传播学类,A650,四川外国语大学,2,50471
2023,1,35,财务管理,A650,四川外国语大学,2,42056
2023,1,37,审计学,A650,四川外国语大学,2,46358
2023,1,39,物流管理,A650,四川外国语大学,1,51312
2023,1,41,大数据管理与应用,A650,四川外国语大学,2,60099
2023,1,43,国际经济与贸易,A650,四川外国语大学,2,56678
2023,1,44,金融学,A650,四川外国语大学,2,50782
2023,1,46,数字经济,A650,四川外国语大学,2,60917
2023,1,47,法学,A650,四川外国语大学,1,31645
2023,1,48,社会学类,A650,四川外国语大学,4,70683
2023,1,49,教育学,A650,四川外国语大学,2,49444
2023,1,50,学前教育(师范类),A650,四川外国语大学,2,70700
2023,1,52,商务英语(中外合作办学),A650,四川外国语大学,8,107505
2023,1,53,物流管理(中外合作办学),A650,四川外国语大学,4,110211
2023,1,01,金融学类,A651,西南财经大学,7,11198
2023,1,02,金融科技,A651,西南财经大学,1,7921
2023,1,03,金融学(双语实验班),A651,西南财经大学,2,9297
2023,1,05,金融学类(保险方向),A651,西南财经大学,3,12737
2023,1,06,精算学,A651,西南财经大学,2,11964
2023,1,07,经济学(国家经济学基础人才培养基地班),A651,西南财经大学,4,9823
2023,1,08,数字经济,A651,西南财经大学,1,12922
2023,1,09,工商管理类(会计学院),A651,西南财经大学,3,9680
2023,1,10,会计学(注册会计师专门化方向),A651,西南财经大学,2,7270
2023,1,11,会计学(双语实验班),A651,西南财经大学,2,8480
2023,1,12,统计学类,A651,西南财经大学,2,9331
2023,1,13,经济统计学,A651,西南财经大学,1,10888
2023,1,14,工商管理类,A651,西南财经大学,3,20054
2023,1,15,工商管理(双语实验班),A651,西南财经大学,1,12588
2023,1,16,财政学类,A651,西南财经大学,3,11793
2023,1,18,金融学(经管国际化创新实验班),A651,西南财经大学,1,7230
2023,1,21,计算机类,A651,西南财经大学,2,11643
2023,1,23,法学(法学与会计学双学位),A651,西南财经大学,2,8822
2023,1,24,法学(法学与金融学双学位),A651,西南财经大学,1,8583
2023,1,25,法学(法学与国商双学位),A651,西南财经大学,1,8902
2023,1,29,数学与应用数学(数学与经济学双学位),A651,西南财经大学,2,9824
2023,1,30,数学与应用数学,A651,西南财经大学,1,10497
2023,1,31,金融数学,A651,西南财经大学,1,8964
2023,1,32,计算金融,A651,西南财经大学,1,13223
2023,1,H7,经济与贸易类,A651,西南财经大学,3,13587
2023,1,H1,会计学(中外合作办学),A651,西南财经大学,5,22049
2023,1,H2,市场营销(中外合作办学)(金融服务与营销),A651,西南财经大学,6,39046
2023,1,H3,国际商务(中外合作办学),A651,西南财经大学,6,29013
2023,1,H4,信息管理与信息系统(中外合作办学)(信息系统与数据管理方向),A651,西南财经大学,5,35154
2023,1,H5,金融数学(中外合作办学)(金融服务与量化分析方向),A651,西南财经大学,4,19299
2023,1,H6,物流管理(中外合作办学)(运营管理与商务分析方向),A651,西南财经大学,3,39378
2023,1,06,法学,A652,西南政法大学,3,8897
2023,1,07,知识产权,A652,西南政法大学,4,12796
2023,1,0B,法学,A652,西南政法大学,2,9016
2023,1,0C,经济统计学,A652,西南政法大学,2,18429
2023,1,0F,法学,A652,西南政法大学,4,9219
2023,1,0H,国际经济与贸易,A652,西南政法大学,2,25577
2023,1,0L,法学,A652,西南政法大学,5,9457
2023,1,0M,德语,A652,西南政法大学,3,27743
2023,1,0P,行政管理,A652,西南政法大学,2,17962
2023,1,0R,公共事业管理,A652,西南政法大学,2,24704
2023,1,0S,法学,A652,西南政法大学,2,9609
2023,1,0U,国际事务与国际关系,A652,西南政法大学,2,23509
2023,1,0W,思想政治教育,A652,西南政法大学,2,17709
2023,1,0X,哲学,A652,西南政法大学,2,20041
2023,1,0Y,法学,A652,西南政法大学,47,11421
2023,1,10,新闻传播学类,A652,西南政法大学,4,22060
2023,1,03,法学(中外合作办学),A652,西南政法大学,10,14149
2023,1,07,中医学,A653,成都体育学院,4,104448
2023,1,0A,新闻学,A653,成都体育学院,3,122099
2023,1,0C,体育经济与管理,A653,成都体育学院,3,174536
2023,1,0F,英语,A653,成都体育学院,2,158459
2023,1,0J,文物与博物馆学,A653,成都体育学院,4,168714
2023,1,0N,中医骨伤科学,A653,成都体育学院,3,98422
2023,1,0R,康复治疗学,A653,成都体育学院,2,144199
2023,1,51,新媒体艺术,A654,四川音乐学院,2,103310
2023,1,62,广播电视编导,A654,四川音乐学院,7,162577
2023,1,63,戏剧影视文学,A654,四川音乐学院,3,110545
2023,1,65,摄影,A654,四川音乐学院,2,180804
2023,1,77,艺术管理,A654,四川音乐学院,3,148529
2023,1,GA,艺术史论(中外高水平大学学生交流计划),A654,四川音乐学院,3,164069
2023,1,GB,广播电视编导(中外高水平大学学生交流计划),A654,四川音乐学院,3,212055
2023,1,22,艺术教育,A655,四川美术学院,2,66341
2023,1,23,工业设计,A655,四川美术学院,2,58334
2023,1,24,建筑学,A655,四川美术学院,2,76055
2023,1,04,金融学类,A656,西南民族大学,5,65702
2023,1,06,法学,A656,西南民族大学,3,34249
2023,1,08,社会学类,A656,西南民族大学,3,61525
2023,1,11,汉语言文学,A656,西南民族大学,3,44545
2023,1,15,英语,A656,西南民族大学,3,78513
2023,1,19,新闻传播学类,A656,西南民族大学,3,63290
2023,1,21,工商管理类,A656,西南民族大学,3,64725
2023,1,23,旅游管理,A656,西南民族大学,4,110345
2023,1,25,数学类,A656,西南民族大学,3,72098
2023,1,28,化学类,A656,西南民族大学,3,91114
2023,1,30,环境科学与工程类,A656,西南民族大学,3,97515
2023,1,31,电子信息类,A656,西南民族大学,6,64089
2023,1,32,电气工程及其自动化,A656,西南民族大学,3,63519
2023,1,33,自动化,A656,西南民族大学,3,67006
2023,1,34,计算机类,A656,西南民族大学,8,60156
2023,1,35,建筑类,A656,西南民族大学,3,74772
2023,1,36,食品科学与工程类,A656,西南民族大学,3,89415
2023,1,38,动物科学,A656,西南民族大学,3,87638
2023,1,39,动物医学,A656,西南民族大学,3,65364
2023,1,1C,历史学,A657,贵州大学,3,29956
2023,1,1H,财政学类,A657,贵州大学,3,29595
2023,1,1K,工程管理,A657,贵州大学,3,41000
2023,1,1U,物理学,A657,贵州大学,3,28791
2023,1,1V,生物科学类,A657,贵州大学,3,34347
2023,1,1Y,电子信息类,A657,贵州大学,5,23099
2023,1,1Z,工业设计,A657,贵州大学,2,31670
2023,1,2C,材料成型及控制工程,A657,贵州大学,2,36103
2023,1,2D,电气类,A657,贵州大学,3,22766
2023,1,2E,土木类,A657,贵州大学,3,37501
2023,1,2F,水利水电工程,A657,贵州大学,2,33617
2023,1,2G,建筑类,A657,贵州大学,2,39880
2023,1,2H,材料类,A657,贵州大学,2,35211
2023,1,2J,新能源科学与工程,A657,贵州大学,3,28094
2023,1,2K,化学类,A657,贵州大学,4,37160
2023,1,2U,水文与水资源工程,A657,贵州大学,3,42925
2023,1,2W,食品科学与工程类,A657,贵州大学,4,39129
2023,1,3F,药学,A657,贵州大学,3,33643
2023,1,4K,冶金工程,A657,贵州大学,3,45927
2023,1,56,工商管理类,A657,贵州大学,3,31684
2023,1,9Y,经济与贸易类,A657,贵州大学,3,33829
2023,1,A0,数学类,A657,贵州大学,3,26368
2023,1,A2,机械设计制造及其自动化,A657,贵州大学,4,27177
2023,1,9U,旅游管理(中外合作办学),A657,贵州大学,20,98199
2023,1,9V,机械设计制造及其自动化(中外合作办学),A657,贵州大学,8,51922
2023,1,9W,化学工程与工艺(中外合作办学),A657,贵州大学,6,73726
2023,1,9X,环境科学(中外合作办学),A657,贵州大学,6,97066
2023,1,03,临床医学,A660,贵州医科大学,7,25536
2023,1,0P,药学(中外合作办学),A660,贵州医科大学,3,93541
2023,1,01,临床医学,A661,遵义医科大学,13,45693
2023,1,0G,预防医学,A661,遵义医科大学,3,91911
2023,1,11,临床医学,A661,遵义医科大学,2,39015
2023,1,14,护理学,A661,遵义医科大学,5,123803
2023,1,15,生物工程,A661,遵义医科大学,2,118321
2023,1,02,汉语国际教育,A663,贵州师范大学,5,118723
2023,1,12,经济学,A663,贵州师范大学,4,143347
2023,1,44,地理科学(师范类),A663,贵州师范大学,5,109927
2023,1,89,旅游管理(3加1培养模式),A663,贵州师范大学,23,208089
2023,1,90,计算机科学与技术(3加1培养模式),A663,贵州师范大学,33,180433
2023,1,01,汉语言文学(师范类),A664,遵义师范学院,2,124676
2023,1,04,思想政治教育(师范类),A664,遵义师范学院,2,144273
2023,1,08,历史学(师范类),A664,遵义师范学院,2,143094
2023,1,0A,英语(师范类),A664,遵义师范学院,2,150767
2023,1,0D,数学与应用数学(师范类),A664,遵义师范学院,3,187973
2023,1,17,学前教育(师范类),A664,遵义师范学院,3,185194
2023,1,18,小学教育(师范类),A664,遵义师范学院,3,171484
2023,1,04,思想政治教育(师范类),A666,兴义民族师范学院,2,173028
2023,1,14,历史学(师范类),A666,兴义民族师范学院,2,174998
2023,1,07,汉语言文学(师范类),A667,安顺学院,1,152911
2023,1,21,计算机类,A667,安顺学院,2,189690
2023,1,22,化学(师范类),A667,安顺学院,1,188861
2023,1,24,食品质量与安全,A667,安顺学院,1,190328
2023,1,27,电子信息工程,A667,安顺学院,2,200562
2023,1,34,植物生产类,A667,安顺学院,1,195668
2023,1,35,旅游管理,A667,安顺学院,1,206872
2023,1,3A,土地资源管理,A667,安顺学院,1,197391
2023,1,0D,计算机科学与技术(中外合作办学),A669,凯里学院,15,227817
2023,1,1H,汉语言文学(师范类),A670,黔南民族师范学院,1,148782
2023,1,1J,历史学(师范类),A670,黔南民族师范学院,1,168273
2023,1,1L,地理科学(师范类),A670,黔南民族师范学院,1,168508
2023,1,1N,外国语言文学类,A670,黔南民族师范学院,1,198687
2023,1,1Q,数学与应用数学(师范类),A670,黔南民族师范学院,1,201113
2023,1,1T,计算机类,A670,黔南民族师范学院,1,188565
2023,1,04,公共管理类,A671,贵州财经大学,4,150569
2023,1,05,管理科学与工程类,A671,贵州财经大学,5,247397
2023,1,08,中国语言文学类,A671,贵州财经大学,5,106171
2023,1,12,工商管理类,A671,贵州财经大学,5,135976
2023,1,20,统计学,A671,贵州财经大学,5,122135
2023,1,25,金融学类,A671,贵州财经大学,4,162509
2023,1,27,计算机类,A671,贵州财经大学,5,78477
2023,1,0B,制药工程,A672,贵州民族大学,4,152722
2023,1,0F,过程装备与控制工程,A672,贵州民族大学,5,182160
2023,1,0Z,历史学,A672,贵州民族大学,4,125638
2023,1,1B,日语,A672,贵州民族大学,3,176807
2023,1,0E,经济学类,A673,云南大学,6,31616
2023,1,0F,法学,A673,云南大学,4,18967
2023,1,0G,政治学与行政学,A673,云南大学,3,28283
2023,1,0J,社会工作,A673,云南大学,2,39717
2023,1,0N,汉语言文学,A673,云南大学,5,20638
2023,1,0P,英语,A673,云南大学,4,44496
2023,1,0Q,法语,A673,云南大学,2,49699
2023,1,0R,日语,A673,云南大学,1,67425
2023,1,0U,老挝语,A673,云南大学,2,63294
2023,1,0X,新闻学,A673,云南大学,3,30854
2023,1,0Y,广播电视学,A673,云南大学,4,91568
2023,1,0Z,历史学,A673,云南大学,4,23707
2023,1,11,数学与应用数学,A673,云南大学,3,22577
2023,1,12,信息与计算科学,A673,云南大学,4,24473
2023,1,14,物理学,A673,云南大学,5,25662
2023,1,15,化学类,A673,云南大学,8,33257
2023,1,17,地理科学,A673,云南大学,5,33976
2023,1,18,地理信息科学,A673,云南大学,2,26483
2023,1,19,大气科学,A673,云南大学,3,26781
2023,1,1B,地球物理学,A673,云南大学,4,35428
2023,1,1C,地质学,A673,云南大学,4,35045
2023,1,1D,生物科学,A673,云南大学,4,26186
2023,1,1E,生物技术,A673,云南大学,3,27515
2023,1,1F,生物科学类,A673,云南大学,4,30920
2023,1,1G,生态学,A673,云南大学,2,23875
2023,1,1H,统计学,A673,云南大学,4,26430
2023,1,1K,电子信息类,A673,云南大学,3,22632
2023,1,1L,计算机类,A673,云南大学,27,23306
2023,1,1M,数据科学与大数据技术,A673,云南大学,4,23346
2023,1,1N,土木工程,A673,云南大学,3,35852
2023,1,1Q,环境科学与工程类,A673,云南大学,3,36136
2023,1,1R,建筑学,A673,云南大学,2,31171
2023,1,1S,城乡规划,A673,云南大学,3,42354
2023,1,1T,临床医学,A673,云南大学,2,19215
2023,1,1U,工商管理类,A673,云南大学,19,39732
2023,1,1W,行政管理,A673,云南大学,2,36918
2023,1,1X,档案学,A673,云南大学,2,29169
2023,1,23,新能源科学与工程,A673,云南大学,1,24005
2023,1,29,经济学,A673,云南大学,1,26163
2023,1,2A,马克思主义理论,A673,云南大学,2,24720
2023,1,2B,光电信息科学与工程,A673,云南大学,3,25051
2023,1,2D,公共事业管理,A673,云南大学,2,31409
2023,1,2E,社会学,A673,云南大学,2,31398
2023,1,2G,材料科学与工程,A673,云南大学,4,33845
2023,1,02,测绘工程,A674,昆明理工大学,3,68126
2023,1,03,地质工程,A674,昆明理工大学,3,95254
2023,1,05,采矿工程,A674,昆明理工大学,3,92250
2023,1,09,冶金工程(菁英班),A674,昆明理工大学,3,61326
2023,1,12,能源与动力工程,A674,昆明理工大学,3,50958
2023,1,13,新能源科学与工程,A674,昆明理工大学,3,45465
2023,1,14,储能科学与工程,A674,昆明理工大学,2,49523
2023,1,15,机械工程,A674,昆明理工大学,3,51297
2023,1,16,工业工程,A674,昆明理工大学,2,69892
2023,1,17,机器人工程,A674,昆明理工大学,3,50694
2023,1,18,智能制造工程,A674,昆明理工大学,3,48726
2023,1,20,电子信息工程,A674,昆明理工大学,3,44839
2023,1,21,通信工程,A674,昆明理工大学,3,42006
2023,1,22,自动化,A674,昆明理工大学,3,42754
2023,1,30,电气工程及其自动化,A674,昆明理工大学,4,36684
2023,1,31,水利类,A674,昆明理工大学,3,60537
2023,1,32,车辆工程,A674,昆明理工大学,3,53174
2023,1,33,交通运输类,A674,昆明理工大学,3,63918
2023,1,34,物流工程,A674,昆明理工大学,3,80297
2023,1,36,环境科学与工程类,A674,昆明理工大学,4,65667
2023,1,37,资源环境科学,A674,昆明理工大学,3,91958
2023,1,39,化学工程与工艺,A674,昆明理工大学,3,67074
2023,1,40,轻化工程,A674,昆明理工大学,3,96895
2023,1,42,金融学,A674,昆明理工大学,3,63782
2023,1,43,国际经济与贸易,A674,昆明理工大学,3,78599
2023,1,44,信息管理与信息系统,A674,昆明理工大学,3,57146
2023,1,49,工程力学,A674,昆明理工大学,3,68349
2023,1,61,数据科学与大数据技术,A674,昆明理工大学,3,44088
2023,1,62,法学,A674,昆明理工大学,3,39512
2023,1,71,材料成型及控制工程,A674,昆明理工大学,3,67208
2023,1,72,材料科学与工程,A674,昆明理工大学,4,62904
2023,1,73,宝石及材料工艺学,A674,昆明理工大学,2,100267
2023,1,74,功能材料,A674,昆明理工大学,3,80906
2023,1,75,制药工程,A674,昆明理工大学,3,61488
2023,1,77,生物工程(创新班),A674,昆明理工大学,3,60809
2023,1,78,外国语言文学类,A674,昆明理工大学,3,93460
2023,1,80,临床医学,A674,昆明理工大学,4,35245
2023,1,81,护理学,A674,昆明理工大学,3,103849
2023,1,83,建筑学,A674,昆明理工大学,2,52668
2023,1,85,风景园林,A674,昆明理工大学,2,81825
2023,1,87,安全工程,A674,昆明理工大学,3,81080
2023,1,90,飞行器控制与信息工程,A674,昆明理工大学,2,48881
2023,1,96,人工智能,A674,昆明理工大学,3,44574
2023,1,97,计算机科学与技术,A674,昆明理工大学,3,36302
2023,1,Z1,土木工程(中外合作办学),A674,昆明理工大学,5,177341
2023,1,03,种子科学与工程,A676,云南农业大学,1,124711
2023,1,09,水产养殖学,A676,云南农业大学,1,144682
2023,1,0B,动物医学,A676,云南农业大学,2,98479
2023,1,0D,植物保护,A676,云南农业大学,1,117435
2023,1,0J,设施农业科学与工程,A676,云南农业大学,1,141542
2023,1,0K,园林,A676,云南农业大学,1,122443
2023,1,0R,食品科学与工程,A676,云南农业大学,1,128698
2023,1,0U,葡萄与葡萄酒工程,A676,云南农业大学,2,147923
2023,1,0X,烟草,A676,云南农业大学,2,106135
2023,1,0Z,水利水电工程,A676,云南农业大学,1,120038
2023,1,19,能源与动力工程,A676,云南农业大学,1,123416
2023,1,1A,电气工程及其自动化,A676,云南农业大学,1,102386
2023,1,1B,农业机械化及其自动化,A676,云南农业大学,1,132041
2023,1,1M,数据科学与大数据技术,A676,云南农业大学,1,118235
2023,1,1N,土木工程,A676,云南农业大学,1,125222
2023,1,1Q,建筑环境与能源应用工程,A676,云南农业大学,1,153313
2023,1,1U,城乡规划,A676,云南农业大学,1,117698
2023,1,1W,工程造价,A676,云南农业大学,2,141209
2023,1,1Y,经济学,A676,云南农业大学,1,105201
2023,1,23,电子商务,A676,云南农业大学,1,141364
2023,1,24,社会工作,A676,云南农业大学,1,148738
2023,1,25,秘书学,A676,云南农业大学,1,90840
2023,1,26,旅游管理,A676,云南农业大学,1,142873
2023,1,28,英语,A676,云南农业大学,1,121791
2023,1,3U,农业智能装备工程,A676,云南农业大学,1,161572
2023,1,3R,土木工程(中外合作办学)(土木与环境),A676,云南农业大学,2,213807
2023,1,3S,农林经济管理(中外合作办学),A676,云南农业大学,2,186393
2023,1,08,英语,A677,西南林业大学,3,243479
2023,1,0N,机械设计制造及其自动化,A677,西南林业大学,4,119108
2023,1,0P,机械电子工程,A677,西南林业大学,3,131203
2023,1,0S,车辆工程,A677,西南林业大学,3,133924
2023,1,0U,材料科学与工程,A677,西南林业大学,4,162785
2023,1,0V,高分子材料与工程,A677,西南林业大学,2,155652
2023,1,0W,电子信息工程,A677,西南林业大学,3,121656
2023,1,16,测绘工程,A677,西南林业大学,3,151615
2023,1,18,交通运输,A677,西南林业大学,3,143570
2023,1,19,森林工程,A677,西南林业大学,3,164624
2023,1,1A,木材科学与工程,A677,西南林业大学,6,168481
2023,1,1B,林产化工,A677,西南林业大学,3,167585
2023,1,1D,环境工程,A677,西南林业大学,4,149157
2023,1,1E,环境科学,A677,西南林业大学,3,143153
2023,1,1M,消防工程,A677,西南林业大学,3,152145
2023,1,1P,园艺,A677,西南林业大学,3,139195
2023,1,1X,林学,A677,西南林业大学,2,117443
2023,1,1Y,园林,A677,西南林业大学,3,125516
2023,1,21,工商管理,A677,西南林业大学,4,150265
2023,1,26,公共事业管理,A677,西南林业大学,4,154727
2023,1,29,旅游管理,A677,西南林业大学,4,166815
2023,1,2K,智慧林业,A677,西南林业大学,3,165581
2023,1,01,临床医学,A678,昆明医科大学,12,23891
2023,1,02,麻醉学,A678,昆明医科大学,1,24286
2023,1,03,医学影像学,A678,昆明医科大学,1,18498
2023,1,06,口腔医学,A678,昆明医科大学,1,16224
2023,1,07,法医学,A678,昆明医科大学,1,27003
2023,1,08,预防医学,A678,昆明医科大学,1,45167
2023,1,09,临床药学,A678,昆明医科大学,3,43166
2023,1,10,药学,A678,昆明医科大学,1,48920
2023,1,11,医学检验技术,A678,昆明医科大学,1,36450
2023,1,20,康复物理治疗,A678,昆明医科大学,1,64649
2023,1,21,康复作业治疗,A678,昆明医科大学,1,76898
2023,1,HZ,护理学(中外合作办学),A678,昆明医科大学,4,131262
2023,1,01,临床医学,A679,大理大学,4,87305
2023,1,04,医学影像学,A679,大理大学,4,77073
2023,1,07,护理学,A679,大理大学,4,143633
2023,1,09,预防医学,A679,大理大学,4,125348
2023,1,12,药学,A679,大理大学,5,133260
2023,1,13,临床药学,A679,大理大学,2,99962
2023,1,15,环境科学,A679,大理大学,2,156792
2023,1,16,园艺,A679,大理大学,2,154618
2023,1,17,动物科学,A679,大理大学,2,157284
2023,1,18,数学与应用数学,A679,大理大学,2,122190
2023,1,21,储能科学与工程,A679,大理大学,2,123240
2023,1,22,电气工程及其自动化,A679,大理大学,2,103006
2023,1,24,建筑学,A679,大理大学,2,123010
2023,1,25,电子信息工程,A679,大理大学,2,107062
2023,1,26,汉语言文学,A679,大理大学,4,96452
2023,1,28,汉语国际教育,A679,大理大学,2,108597
2023,1,30,英语,A679,大理大学,2,124772
2023,1,33,学前教育(师范类),A679,大理大学,4,146881
2023,1,34,小学教育(师范类),A679,大理大学,2,119940
2023,1,39,法学,A679,大理大学,2,83303
2023,1,46,生物科学,A679,大理大学,4,147670
2023,1,48,智能医学工程,A679,大理大学,2,141773
2023,1,0M,医学信息工程,A680,云南中医药大学,1,122137
2023,1,0N,制药工程,A680,云南中医药大学,1,118110
2023,1,0P,食品质量与安全,A680,云南中医药大学,1,134087
2023,1,0Q,生物制药,A680,云南中医药大学,1,111357
2023,1,0R,中医学,A680,云南中医药大学,1,56433
2023,1,0S,针灸推拿学,A680,云南中医药大学,1,63415
2023,1,0U,中医康复学,A680,云南中医药大学,1,101832
2023,1,0V,中医养生学,A680,云南中医药大学,1,107778
2023,1,0W,中医儿科学,A680,云南中医药大学,1,80883
2023,1,0X,中医骨伤科学,A680,云南中医药大学,1,89344
2023,1,0Y,中西医临床医学,A680,云南中医药大学,1,83919
2023,1,0Z,药学,A680,云南中医药大学,1,105967
2023,1,10,药物制剂,A680,云南中医药大学,1,108592
2023,1,11,中药学,A680,云南中医药大学,1,105714
2023,1,12,中药资源与开发,A680,云南中医药大学,1,139416
2023,1,14,康复治疗学,A680,云南中医药大学,1,121468
2023,1,15,护理学,A680,云南中医药大学,1,113148
2023,1,16,公共事业管理,A680,云南中医药大学,1,148973
2023,1,0D,汉语言文学(师范类),A681,云南师范大学,3,48627
2023,1,0E,秘书学,A681,云南师范大学,5,102639
2023,1,0K,思想政治教育(师范类),A681,云南师范大学,3,57629
2023,1,0L,历史学(师范类),A681,云南师范大学,3,59179
2023,1,19,化学(师范类),A681,云南师范大学,3,82110
2023,1,1G,财政学,A681,云南师范大学,3,98480
2023,1,1V,数学与应用数学(师范类),A681,云南师范大学,5,73685
2023,1,1X,物理学(师范类),A681,云南师范大学,4,83079
2023,1,1Y,电子信息类,A681,云南师范大学,3,80825
2023,1,72,空间信息与数字技术,A681,云南师范大学,2,87286
2023,1,95,新闻传播学类,A681,云南师范大学,3,84629
2023,1,9A,生物科学(师范类),A681,云南师范大学,3,75723
2023,1,9U,行政管理,A681,云南师范大学,3,175924
2023,1,9V,地理科学(师范类),A681,云南师范大学,3,59836
2023,1,AE,小学教育(师范类),A681,云南师范大学,4,88358
2023,1,0C,汉语国际教育(师范类),A684,曲靖师范学院,2,177366
2023,1,0G,历史学(师范类),A684,曲靖师范学院,2,162019
2023,1,0M,应用化学,A684,曲靖师范学院,2,206011
2023,1,0R,生物技术,A684,曲靖师范学院,2,186626
2023,1,11,工程管理,A684,曲靖师范学院,2,213767
2023,1,16,经济学,A684,曲靖师范学院,2,189792
2023,1,0V,烹饪与营养教育,A685,普洱学院,5,213673
2023,1,B1,汉语言文学(师范类),A687,红河学院,3,156477
2023,1,B2,汉语国际教育,A687,红河学院,2,187035
2023,1,F1,国际经济与贸易,A687,红河学院,3,208960
2023,1,F2,财务管理,A687,红河学院,2,186456
2023,1,F3,物流管理,A687,红河学院,2,207302
2023,1,F4,酒店管理,A687,红河学院,2,209094
2023,1,G1,计算机科学与技术,A687,红河学院,2,191742
2023,1,G2,电气工程及其自动化,A687,红河学院,2,196400
2023,1,K1,数学与应用数学,A687,红河学院,3,200011
2023,1,K2,应用统计学,A687,红河学院,4,205953
2023,1,01,金融学,A689,云南财经大学,8,77638
2023,1,05,金融工程,A689,云南财经大学,4,88635
2023,1,09,保险学,A689,云南财经大学,4,149655
2023,1,1B,数学与应用数学,A689,云南财经大学,4,88235
2023,1,1P,应用统计学,A689,云南财经大学,6,102369
2023,1,25,管理科学,A689,云南财经大学,4,179021
2023,1,29,工商管理,A689,云南财经大学,4,96957
2023,1,2K,房地产开发与管理,A689,云南财经大学,4,268570
2023,1,2P,资产评估,A689,云南财经大学,4,119554
2023,1,37,人力资源管理,A689,云南财经大学,4,99027
2023,1,3P,法学,A689,云南财经大学,6,67351
2023,1,3X,汉语言,A689,云南财经大学,4,90971
2023,1,45,会计学,A689,云南财经大学,4,57017
2023,1,49,财务管理,A689,云南财经大学,4,68746
2023,1,4B,新闻学,A689,云南财经大学,4,112201
2023,1,4T,供应链管理,A689,云南财经大学,4,173302
2023,1,6W,财政学,A689,云南财经大学,4,75395
2023,1,73,会展经济与管理,A689,云南财经大学,6,187310
2023,1,7N,公共事业管理,A689,云南财经大学,4,133743
2023,1,89,物联网工程,A689,云南财经大学,4,98524
2023,1,8A,经济学,A689,云南财经大学,4,84872
2023,1,9A,国际经贸规则,A689,云南财经大学,4,121220
2023,1,9E,金融科技,A689,云南财经大学,4,99394
2023,1,9J,智能科学与技术,A689,云南财经大学,4,97361
2023,1,G6,戏剧学,A690,云南艺术学院,1,215855
2023,1,G7,戏剧影视文学,A690,云南艺术学院,2,199182
2023,1,L1,艺术管理,A690,云南艺术学院,2,215321
2023,1,L2,非物质文化遗产保护,A690,云南艺术学院,2,209496
2023,1,02,政治学与行政学,A691,云南民族大学,4,106550
2023,1,04,行政管理,A691,云南民族大学,4,132072
2023,1,14,应用心理学,A691,云南民族大学,2,104729
2023,1,20,日语,A691,云南民族大学,3,157421
2023,1,45,数学与应用数学,A691,云南民族大学,5,136480
2023,1,47,计算机科学与技术,A691,云南民族大学,3,95968
2023,1,64,工商管理,A691,云南民族大学,2,125900
2023,1,80,药物分析,A691,云南民族大学,2,139730
2023,1,82,汉语言文学,A691,云南民族大学,5,75932
2023,1,12,植物保护,A693,西藏农牧学院,4,224667
2023,1,13,设施农业科学与工程,A693,西藏农牧学院,4,226137
2023,1,17,动物科学,A693,西藏农牧学院,4,221574
2023,1,18,动物医学,A693,西藏农牧学院,5,210816
2023,1,19,动植物检疫,A693,西藏农牧学院,3,227113
2023,1,1A,生物技术,A693,西藏农牧学院,8,224855
2023,1,1F,生态学,A693,西藏农牧学院,9,227285
2023,1,1G,环境科学,A693,西藏农牧学院,3,223313
2023,1,1H,水土保持与荒漠化防治,A693,西藏农牧学院,2,224588
2023,1,1J,林学,A693,西藏农牧学院,3,221484
2023,1,1K,园林,A693,西藏农牧学院,3,223167
2023,1,1M,土木工程,A693,西藏农牧学院,2,221352
2023,1,1N,水利水电工程,A693,西藏农牧学院,2,217958
2023,1,1P,水文与水资源工程,A693,西藏农牧学院,3,222748
2023,1,1S,电气工程及其自动化,A693,西藏农牧学院,3,207398
2023,1,1T,农业电气化,A693,西藏农牧学院,4,220101
2023,1,1U,应用化学,A693,西藏农牧学院,5,218029
2023,1,20,农林经济管理,A693,西藏农牧学院,3,213489
2023,1,21,农村区域发展,A693,西藏农牧学院,2,214160
2023,1,22,自然地理与资源环境,A693,西藏农牧学院,4,211987
2023,1,01,汉语言文学,A694,西藏大学,3,66565
2023,1,02,汉语言文学(师范类),A694,西藏大学,2,66934
2023,1,39,数学与应用数学(师范类),A694,西藏大学,5,87294
2023,1,40,物理学(师范类),A694,西藏大学,3,90499
2023,1,41,建筑学,A694,西藏大学,2,80265
2023,1,42,城乡规划,A694,西藏大学,1,71802
2023,1,43,交通运输,A694,西藏大学,4,81582
2023,1,44,土木工程,A694,西藏大学,2,90256
2023,1,45,资源勘查工程,A694,西藏大学,2,85758
2023,1,46,临床医学,A694,西藏大学,4,54231
2023,1,47,预防医学,A694,西藏大学,3,86181
2023,1,48,药学,A694,西藏大学,1,52528
2023,1,49,护理学,A694,西藏大学,3,102737
2023,1,50,口腔医学,A694,西藏大学,1,34821
2023,1,57,行政管理,A694,西藏大学,2,75211
2023,1,58,经济学,A694,西藏大学,3,72588
2023,1,59,工商管理,A694,西藏大学,2,79443
2023,1,60,财务管理,A694,西藏大学,2,78455
2023,1,62,旅游管理,A694,西藏大学,4,93558
2023,1,65,法学,A694,西藏大学,5,62533
2023,1,67,学前教育(师范类),A694,西藏大学,2,93222
2023,1,68,财政学,A694,西藏大学,3,78859
2023,1,70,会计学,A694,西藏大学,4,77183
2023,1,72,通信工程,A694,西藏大学,3,69150
2023,1,73,信息工程,A694,西藏大学,4,75497
2023,1,74,计算机科学与技术,A694,西藏大学,7,65926
2023,1,75,思想政治教育(师范类),A694,西藏大学,2,70007
2023,1,76,生态学,A694,西藏大学,2,75662
2023,1,77,生物科学(师范类),A694,西藏大学,2,84398
2023,1,78,化学(师范类),A694,西藏大学,3,84133
2023,1,79,地理科学(师范类),A694,西藏大学,2,69897
2023,1,80,地理信息科学,A694,西藏大学,2,72497
2023,1,01,汉语言文学,A695,西藏民族大学,6,105871
2023,1,02,汉语言文学(师范类),A695,西藏民族大学,7,99445
2023,1,04,会计学,A695,西藏民族大学,5,126319
2023,1,05,财务管理,A695,西藏民族大学,7,133229
2023,1,0C,法学,A695,西藏民族大学,5,106817
2023,1,0M,计算机科学与技术,A695,西藏民族大学,5,134155
2023,1,0Q,土木工程,A695,西藏民族大学,5,177634
2023,1,12,国际新闻与传播,A695,西藏民族大学,2,149222
2023,1,19,英语,A695,西藏民族大学,5,143366
2023,1,1D,英语(英藏复语方向),A695,西藏民族大学,3,179264
2023,1,1E,临床医学,A695,西藏民族大学,5,93865
2023,1,1F,临床医学(影像诊断方向),A695,西藏民族大学,5,101641
2023,1,1G,临床医学(预防方向),A695,西藏民族大学,5,111281
2023,1,1J,护理学,A695,西藏民族大学,5,162968
2023,1,2G,民族学(铸牢中华民族共同体意识方向),A695,西藏民族大学,5,134974
2023,1,01,经济学,A697,西北大学,2,15413
2023,1,04,哲学,A697,西北大学,2,26299
2023,1,08,法学,A697,西北大学,2,15048
2023,1,11,外国语言文学类,A697,西北大学,4,31421
2023,1,13,历史学类,A697,西北大学,3,16772
2023,1,14,考古学,A697,西北大学,2,14942
2023,1,16,工商管理类,A697,西北大学,3,23618
2023,1,18,图书情报与档案管理类,A697,西北大学,4,27268
2023,1,31,化学,A697,西北大学,3,21136
2023,1,32,化学,A697,西北大学,2,21228
2023,1,33,地质学,A697,西北大学,2,24828
2023,1,36,金融工程,A697,西北大学,3,21756
2023,1,37,信息管理与信息系统,A697,西北大学,3,22691
2023,1,38,管理科学与工程类,A697,西北大学,5,30732
2023,1,41,数学类,A697,西北大学,6,16906
2023,1,42,金融数学,A697,西北大学,3,23850
2023,1,43,物理学类,A697,西北大学,6,18725
2023,1,45,地质类,A697,西北大学,2,28524
2023,1,47,地理科学类,A697,西北大学,4,24438
2023,1,51,口腔医学,A697,西北大学,2,12075
2023,1,55,电子信息类,A697,西北大学,8,15609
2023,1,56,计算机类,A697,西北大学,6,14099
2023,1,57,过程装备与控制工程,A697,西北大学,4,25289
2023,1,58,化工与制药类,A697,西北大学,6,25661
2023,1,59,生物工程,A697,西北大学,3,23990
2023,1,60,食品科学与工程,A697,西北大学,3,26519
2023,1,61,电子信息科学与技术(中外合作办学),A697,西北大学,10,36340
2023,1,1C,自动化(钱学森班本研一体),A698,西安交通大学,3,907
2023,1,1E,临床医学(侯宗濂班本研一体),A698,西安交通大学,2,1081
2023,1,1F,数学与应用数学(国家拔尖计划),A698,西安交通大学,3,1458
2023,1,1L,人工智能(新工科卓越计划),A698,西安交通大学,2,1159
2023,1,2A,工科试验班(智能电气与信息类专业预选),A698,西安交通大学,6,1346
2023,1,2B,工科试验班(智慧能源与智能制造类专业预选),A698,西安交通大学,16,2203
2023,1,3D,会计学(ACCA),A698,西安交通大学,3,3224
2023,1,8A,临床医学(5+3一体化),A698,西安交通大学,5,2173
2023,1,9E,外国语言文学类,A698,西安交通大学,2,5520
2023,1,9G,文科试验班类,A698,西安交通大学,6,4995
2023,1,9J,工科试验班(智能电气与信息类),A698,西安交通大学,71,2293
2023,1,9L,工科试验班(智慧能源与智能制造类),A698,西安交通大学,53,3087
2023,1,9N,工科试验班(经管类),A698,西安交通大学,21,3592
2023,1,9Q,理科试验班,A698,西安交通大学,12,2374
2023,1,9C,建筑学(中外合作办学),A698,西安交通大学,12,25005
2023,1,9D,工业设计(中外合作办学),A698,西安交通大学,8,17986
2023,1,02,工程力学(力学拔尖基地班),A699,西北工业大学,2,3856
2023,1,03,航空航天类(智慧三航本研衔接班),A699,西北工业大学,7,2455
2023,1,06,柔性电子学(本研衔接班),A699,西北工业大学,5,4670
2023,1,07,航空航天类(黄玉珊航空班),A699,西北工业大学,2,2333
2023,1,08,航空航天类(陈士橹飞天班),A699,西北工业大学,2,2247
2023,1,09,海洋工程类(黄震中海洋班),A699,西北工业大学,2,4275
2023,1,11,海洋工程类(智慧海洋试验班),A699,西北工业大学,8,6207
2023,1,13,机械类(航宇智能制造试验班),A699,西北工业大学,8,4669
2023,1,15,能源动力类(航空动力与新能源试验班),A699,西北工业大学,10,5071
2023,1,19,数学类,A699,西北工业大学,4,5181
2023,1,20,物理学类,A699,西北工业大学,9,6039
2023,1,22,经济与贸易类(国贸、法学、行管),A699,西北工业大学,4,12964
2023,1,23,外国语言文学类,A699,西北工业大学,4,15602
2023,1,27,建筑学,A699,西北工业大学,3,9780
2023,1,29,航空航天类(民用航空),A699,西北工业大学,15,5031
2023,1,30,软件工程,A699,西北工业大学,15,4560
2023,1,31,计算机类(网络安全),A699,西北工业大学,8,3769
2023,1,32,工商管理类(管理试验班),A699,西北工业大学,2,9652
2023,1,33,电子信息类(集成电路),A699,西北工业大学,10,4469
2023,1,Q5,航空航天类,A699,西北工业大学,16,3882
2023,1,Q7,材料类(新材料与化工试验班),A699,西北工业大学,16,7008
2023,1,Q9,力学类(工程应用力学试验班),A699,西北工业大学,5,7204
2023,1,QB,电子信息类,A699,西北工业大学,12,4319
2023,1,QD,自动化类,A699,西北工业大学,12,4611
2023,1,QF,计算机类,A699,西北工业大学,8,3135
2023,1,51,材料科学与工程(中外合作办学),A699,西北工业大学,10,19482
2023,1,52,高分子材料与工程(中外合作办学),A699,西北工业大学,10,24700
2023,1,01,材料科学与工程,A700,西安理工大学,2,45470
2023,1,02,材料成型及控制工程,A700,西安理工大学,4,47767
2023,1,03,材料物理,A700,西安理工大学,2,47328
2023,1,04,材料化学,A700,西安理工大学,2,44423
2023,1,06,机械设计制造及其自动化,A700,西安理工大学,5,33185
2023,1,07,车辆工程,A700,西安理工大学,2,35624
2023,1,08,测控技术与仪器,A700,西安理工大学,2,35526
2023,1,10,智能制造工程,A700,西安理工大学,2,34735
2023,1,13,数字媒体技术,A700,西安理工大学,2,29462
2023,1,14,电子信息工程,A700,西安理工大学,3,26420
2023,1,15,电气工程与智能控制,A700,西安理工大学,2,28699
2023,1,16,电子科学与技术,A700,西安理工大学,3,26515
2023,1,18,微电子科学与工程,A700,西安理工大学,3,30629
2023,1,24,会计学,A700,西安理工大学,2,33267
2023,1,26,信息管理与信息系统,A700,西安理工大学,2,36235
2023,1,29,能源与动力工程,A700,西安理工大学,3,34748
2023,1,31,水文与水资源工程,A700,西安理工大学,2,46812
2023,1,35,信息与计算科学,A700,西安理工大学,2,34274
2023,1,37,应用化学,A700,西安理工大学,2,42027
2023,1,43,网络工程,A700,西安理工大学,2,29437
2023,1,47,土木工程,A700,西安理工大学,4,53602
2023,1,48,工程管理,A700,西安理工大学,4,54611
2023,1,51,城乡规划,A700,西安理工大学,2,51091
2023,1,52,城市地下空间工程,A700,西安理工大学,2,55540
2023,1,53,电气类,A700,西安理工大学,6,28141
2023,1,64,自动化,A700,西安理工大学,4,29571
2023,1,65,水利水电工程,A700,西安理工大学,2,32270
2023,1,66,计算机科学与技术,A700,西安理工大学,5,25808
2023,1,H1,机械设计制造及其自动化(中外合作办学),A700,西安理工大学,4,67151
2023,1,H2,电子科学与技术(中外合作办学),A700,西安理工大学,4,56175
2023,1,H3,土木工程(中外合作办学),A700,西安理工大学,2,87367
2023,1,H4,计算机科学与技术(中外合作办学),A700,西安理工大学,4,53230
2023,1,02,计算机类,A701,西安电子科技大学,66,8741
2023,1,1B,电子信息类(电子科学、信息物理、空天信息),A701,西安电子科技大学,45,9211
2023,1,66,自动化类(智能制造及智能测控),A701,西安电子科技大学,45,11022
2023,1,68,电子信息类(通信、电子信息、微电子),A701,西安电子科技大学,78,8621
2023,1,11,通信工程(中外合作办学),A701,西安电子科技大学,13,20547
2023,1,12,电子信息工程(中外合作办学),A701,西安电子科技大学,13,24504
2023,1,65,大数据管理与应用(中外合作办学),A701,西安电子科技大学,13,30529
2023,1,01,数学与应用数学,A702,西安工业大学,3,45125
2023,1,02,信息与计算科学,A702,西安工业大学,6,54973
2023,1,03,应用物理学,A702,西安工业大学,4,62619
2023,1,05,机械电子工程,A702,西安工业大学,2,54176
2023,1,06,工业设计,A702,西安工业大学,2,74543
2023,1,08,测控技术与仪器,A702,西安工业大学,2,58016
2023,1,09,电气工程及其自动化,A702,西安工业大学,5,43782
2023,1,11,电子科学与技术,A702,西安工业大学,2,48649
2023,1,13,光电信息科学与工程,A702,西安工业大学,4,48188
2023,1,15,自动化,A702,西安工业大学,6,47248
2023,1,19,物联网工程,A702,西安工业大学,4,48006
2023,1,20,智能科学与技术,A702,西安工业大学,2,46705
2023,1,22,土木工程,A702,西安工业大学,2,71949
2023,1,23,给排水科学与工程,A702,西安工业大学,2,77804
2023,1,24,城市地下空间工程,A702,西安工业大学,4,73212
2023,1,25,武器系统与工程,A702,西安工业大学,2,55460
2023,1,26,探测制导与控制技术,A702,西安工业大学,2,56538
2023,1,27,信息对抗技术,A702,西安工业大学,2,55054
2023,1,29,生物医学工程,A702,西安工业大学,2,64949
2023,1,31,工业工程,A702,西安工业大学,2,68492
2023,1,32,材料类,A702,西安工业大学,10,78981
2023,1,33,工商管理类,A702,西安工业大学,6,69925
2023,1,45,英语,A702,西安工业大学,2,64123
2023,1,46,网络与新媒体,A702,西安工业大学,2,46598
2023,1,Z1,机械设计制造及其自动化(中外合作办学),A702,西安工业大学,4,80866
2023,1,Z2,金属材料工程(中外合作办学),A702,西安工业大学,5,154702
2023,1,Z3,自动化(中外合作办学),A702,西安工业大学,4,75344
2023,1,01,建筑学,A703,西安建筑科技大学,3,26049
2023,1,02,城乡规划,A703,西安建筑科技大学,3,37816
2023,1,03,风景园林,A703,西安建筑科技大学,3,50161
2023,1,04,历史建筑保护工程,A703,西安建筑科技大学,2,36013
2023,1,05,城市设计,A703,西安建筑科技大学,2,47709
2023,1,06,土木工程,A703,西安建筑科技大学,6,47086
2023,1,07,城市地下空间工程,A703,西安建筑科技大学,4,64160
2023,1,08,交通运输,A703,西安建筑科技大学,3,45810
2023,1,09,交通工程,A703,西安建筑科技大学,3,50519
2023,1,10,智能建造,A703,西安建筑科技大学,3,60184
2023,1,11,给排水科学与工程,A703,西安建筑科技大学,6,55152
2023,1,12,环境工程,A703,西安建筑科技大学,3,55466
2023,1,13,环境科学,A703,西安建筑科技大学,3,58481
2023,1,14,建筑环境与能源应用工程,A703,西安建筑科技大学,3,60322
2023,1,15,建筑电气与智能化,A703,西安建筑科技大学,2,49477
2023,1,16,储能科学与工程,A703,西安建筑科技大学,2,58037
2023,1,18,工程管理,A703,西安建筑科技大学,2,63635
2023,1,19,工商管理,A703,西安建筑科技大学,2,56673
2023,1,20,会计学,A703,西安建筑科技大学,3,49004
2023,1,21,自动化,A703,西安建筑科技大学,3,38241
2023,1,22,计算机科学与技术,A703,西安建筑科技大学,2,32292
2023,1,23,通信工程,A703,西安建筑科技大学,3,38734
2023,1,24,人工智能,A703,西安建筑科技大学,3,36226
2023,1,25,机器人工程,A703,西安建筑科技大学,2,41105
2023,1,26,电气工程及其自动化,A703,西安建筑科技大学,3,33665
2023,1,27,机械类,A703,西安建筑科技大学,5,44253
2023,1,28,智能制造工程,A703,西安建筑科技大学,3,48127
2023,1,29,材料成型及控制工程,A703,西安建筑科技大学,3,58609
2023,1,30,冶金工程,A703,西安建筑科技大学,3,91087
2023,1,31,金属材料工程,A703,西安建筑科技大学,3,65711
2023,1,32,新能源材料与器件,A703,西安建筑科技大学,2,50821
2023,1,33,材料类,A703,西安建筑科技大学,9,64547
2023,1,34,化工与制药类,A703,西安建筑科技大学,3,62911
2023,1,35,矿业类,A703,西安建筑科技大学,3,81078
2023,1,36,安全工程,A703,西安建筑科技大学,2,59253
2023,1,37,大数据管理与应用,A703,西安建筑科技大学,3,46366
2023,1,38,公共管理类,A703,西安建筑科技大学,5,77332
2023,1,39,城市管理,A703,西安建筑科技大学,2,69924
2023,1,40,数学与应用数学,A703,西安建筑科技大学,3,44604
2023,1,41,工程力学,A703,西安建筑科技大学,2,54660
2023,1,42,光电信息科学与工程,A703,西安建筑科技大学,2,39328
2023,1,43,数据科学与大数据技术,A703,西安建筑科技大学,2,37316
2023,1,44,工业设计,A703,西安建筑科技大学,2,48000
2023,1,W1,法学,A703,西安建筑科技大学,2,33512
2023,1,W2,汉语言文学,A703,西安建筑科技大学,2,36950
2023,1,W3,汉语国际教育,A703,西安建筑科技大学,2,58739
2023,1,W4,英语,A703,西安建筑科技大学,2,65772
2023,1,H1,计算机科学与技术(中外合作办学),A703,西安建筑科技大学,2,63240
2023,1,H2,土木工程(中外合作办学),A703,西安建筑科技大学,2,73513
2023,1,H3,建筑电气与智能化(中外合作办学),A703,西安建筑科技大学,2,69839
2023,1,H4,工程管理(中外合作办学),A703,西安建筑科技大学,2,82086
2023,1,01,建筑环境与能源应用工程,A704,西安科技大学,2,61529
2023,1,02,采矿工程,A704,西安科技大学,4,82270
2023,1,04,消防工程,A704,西安科技大学,2,71530
2023,1,05,安全工程,A704,西安科技大学,2,40857
2023,1,06,应急技术与管理,A704,西安科技大学,2,63781
2023,1,07,土木工程,A704,西安科技大学,3,56751
2023,1,08,建筑学,A704,西安科技大学,2,49731
2023,1,09,给排水科学与工程,A704,西安科技大学,2,64339
2023,1,10,城乡规划,A704,西安科技大学,2,55401
2023,1,11,城市地下空间工程,A704,西安科技大学,2,65297
2023,1,12,机械设计制造及其自动化,A704,西安科技大学,4,42917
2023,1,13,机械电子工程,A704,西安科技大学,2,41388
2023,1,14,车辆工程,A704,西安科技大学,2,51206
2023,1,15,智能制造工程,A704,西安科技大学,2,40088
2023,1,16,自动化,A704,西安科技大学,2,31013
2023,1,18,电气工程及其自动化,A704,西安科技大学,2,29060
2023,1,19,测控技术与仪器,A704,西安科技大学,2,55522
2023,1,20,智能科学与技术,A704,西安科技大学,2,35700
2023,1,22,通信工程,A704,西安科技大学,4,30426
2023,1,23,电子信息工程,A704,西安科技大学,2,31551
2023,1,24,电子科学与技术,A704,西安科技大学,2,32549
2023,1,25,信息与计算科学,A704,西安科技大学,2,32481
2023,1,27,数据科学与大数据技术,A704,西安科技大学,2,33773
2023,1,28,软件工程,A704,西安科技大学,2,31144
2023,1,29,计算机科学与技术,A704,西安科技大学,2,27303
2023,1,30,环境工程,A704,西安科技大学,3,66032
2023,1,31,地质工程,A704,西安科技大学,4,61493
2023,1,32,资源勘查工程,A704,西安科技大学,3,74654
2023,1,33,地下水科学与工程,A704,西安科技大学,2,80363
2023,1,34,测绘工程,A704,西安科技大学,3,52940
2023,1,36,地理信息科学,A704,西安科技大学,3,58158
2023,1,37,自然地理与资源环境,A704,西安科技大学,4,63367
2023,1,38,材料科学与工程,A704,西安科技大学,2,60881
2023,1,39,无机非金属材料工程,A704,西安科技大学,3,62894
2023,1,40,高分子材料与工程,A704,西安科技大学,2,53758
2023,1,41,新能源材料与器件,A704,西安科技大学,2,54306
2023,1,44,矿物加工工程,A704,西安科技大学,4,87201
2023,1,45,化学工程与工艺,A704,西安科技大学,2,55385
2023,1,46,数学与应用数学,A704,西安科技大学,2,41720
2023,1,47,工程力学,A704,西安科技大学,2,62752
2023,1,50,工业工程,A704,西安科技大学,2,66966
2023,1,51,会计学,A704,西安科技大学,2,38516
2023,1,W2,电子商务,A704,西安科技大学,2,64506
2023,1,W3,英语,A704,西安科技大学,2,63902
2023,1,W4,汉语言文学,A704,西安科技大学,2,43065
2023,1,W5,法学,A704,西安科技大学,2,29198
2023,1,H1,土木工程(中外合作办学),A704,西安科技大学,2,109507
2023,1,11,国际经济与贸易,A705,西安石油大学,2,76395
2023,1,12,工商管理类,A705,西安石油大学,3,67605
2023,1,14,俄语,A705,西安石油大学,2,106607
2023,1,15,翻译,A705,西安石油大学,2,98685
2023,1,16,汉语言文学,A705,西安石油大学,2,48435
2023,1,17,新闻学,A705,西安石油大学,2,63778
2023,1,21,石油工程,A705,西安石油大学,2,46678
2023,1,22,油气储运工程,A705,西安石油大学,1,44048
2023,1,23,海洋油气工程,A705,西安石油大学,2,56339
2023,1,24,资源勘查工程,A705,西安石油大学,1,53106
2023,1,25,勘查技术与工程,A705,西安石油大学,3,77211
2023,1,26,地质工程,A705,西安石油大学,1,54876
2023,1,27,地质学,A705,西安石油大学,2,57824
2023,1,28,地球信息科学与技术,A705,西安石油大学,2,62355
2023,1,31,电子信息工程,A705,西安石油大学,2,47360
2023,1,32,人工智能,A705,西安石油大学,2,51230
2023,1,33,自动化,A705,西安石油大学,2,52075
2023,1,34,安全工程,A705,西安石油大学,2,82734
2023,1,36,机械电子工程,A705,西安石油大学,2,45749
2023,1,37,工业设计,A705,西安石油大学,2,57095
2023,1,38,过程装备与控制工程,A705,西安石油大学,2,63877
2023,1,39,材料成型及控制工程,A705,西安石油大学,2,89206
2023,1,40,材料类,A705,西安石油大学,5,101561
2023,1,41,能源与动力工程,A705,西安石油大学,2,62667
2023,1,42,新能源科学与工程,A705,西安石油大学,2,49169
2023,1,43,新能源材料与器件,A705,西安石油大学,2,65397
2023,1,44,储能科学与工程,A705,西安石油大学,2,63930
2023,1,45,计算机类,A705,西安石油大学,4,33885
2023,1,47,通信工程,A705,西安石油大学,1,42318
2023,1,49,应用化学,A705,西安石油大学,2,80337
2023,1,50,能源化学工程,A705,西安石油大学,2,69647
2023,1,51,环境工程,A705,西安石油大学,1,74076
2023,1,52,土木工程,A705,西安石油大学,2,91902
2023,1,53,工程管理,A705,西安石油大学,2,90032
2023,1,54,信息与计算科学,A705,西安石油大学,1,46789
2023,1,55,应用物理学,A705,西安石油大学,2,70789
2023,1,57,数据计算及应用,A705,西安石油大学,1,57192
2023,1,59,信息管理与信息系统,A705,西安石油大学,2,69204
2023,1,60,电子商务,A705,西安石油大学,2,125089
2023,1,61,金融学,A705,西安石油大学,2,65862
2023,1,Z0,石油工程,A705,西安石油大学,2,52198
2023,1,Z1,测控技术与仪器,A705,西安石油大学,1,64290
2023,1,Z2,机械设计制造及其自动化,A705,西安石油大学,2,49991
2023,1,Z3,化学工程与工艺,A705,西安石油大学,2,58610
2023,1,Z4,焊接技术与工程,A705,西安石油大学,2,78006
2023,1,02,市场营销,A708,陕西科技大学,3,99234
2023,1,03,会计学,A708,陕西科技大学,3,53126
2023,1,04,人力资源管理,A708,陕西科技大学,3,70635
2023,1,06,国际经济与贸易,A708,陕西科技大学,3,81523
2023,1,07,教育技术学,A708,陕西科技大学,4,154399
2023,1,08,数学类,A708,陕西科技大学,3,49792
2023,1,11,机械类,A708,陕西科技大学,3,54790
2023,1,14,材料科学与工程,A708,陕西科技大学,4,65441
2023,1,17,电气类,A708,陕西科技大学,3,42845
2023,1,21,计算机类,A708,陕西科技大学,3,40811
2023,1,22,化工与制药类,A708,陕西科技大学,5,64332
2023,1,27,环境科学与工程类,A708,陕西科技大学,4,76433
2023,1,B8,轻化工程,A708,陕西科技大学,3,66820
2023,1,H1,机械设计制造及其自动化(中外合作办学),A708,陕西科技大学,10,135064
2023,1,H2,工业设计(中外合作办学),A708,陕西科技大学,11,162734
2023,1,H3,计算机科学与技术(中外合作办学),A708,陕西科技大学,11,99204
2023,1,11,英语,A709,西安工程大学,2,97576
2023,1,17,数学类,A709,西安工程大学,2,60435
2023,1,18,应用物理学,A709,西安工程大学,2,82035
2023,1,19,应用化学,A709,西安工程大学,3,102131
2023,1,21,机械类,A709,西安工程大学,5,71050
2023,1,23,材料成型及控制工程,A709,西安工程大学,3,98297
2023,1,26,材料类,A709,西安工程大学,3,89798
2023,1,27,电气工程及其自动化,A709,西安工程大学,3,51242
2023,1,30,微电子科学与工程,A709,西安工程大学,3,61454
2023,1,33,计算机科学与技术,A709,西安工程大学,3,48391
2023,1,34,计算机类,A709,西安工程大学,6,55458
2023,1,35,土木类,A709,西安工程大学,5,111728
2023,1,38,纺织类,A709,西安工程大学,8,125458
2023,1,40,服装设计与工程,A709,西安工程大学,2,82408
2023,1,41,轻化工程,A709,西安工程大学,2,94899
2023,1,42,环境工程,A709,西安工程大学,8,108919
2023,1,43,风景园林,A709,西安工程大学,6,105065
2023,1,45,大数据管理与应用,A709,西安工程大学,3,66979
2023,1,46,工商管理,A709,西安工程大学,3,88243
2023,1,47,会计学,A709,西安工程大学,3,66313
2023,1,01,道路桥梁与渡河工程,A710,长安大学,12,25515
2023,1,02,道路桥梁与渡河工程(国际工程班),A710,长安大学,5,27536
2023,1,03,城市地下空间工程,A710,长安大学,2,28297
2023,1,04,智能车辆工程,A710,长安大学,1,22048
2023,1,05,车辆工程,A710,长安大学,10,22245
2023,1,10,工商管理类,A710,长安大学,6,26622
2023,1,11,管理科学与工程类,A710,长安大学,4,29003
2023,1,12,经济学类,A710,长安大学,5,25798
2023,1,13,自动化类,A710,长安大学,11,20887
2023,1,14,交通设备与控制工程,A710,长安大学,3,23541
2023,1,17,人工智能,A710,长安大学,4,19608
2023,1,27,环境科学与工程类,A710,长安大学,3,30366
2023,1,28,化学工程与工艺,A710,长安大学,3,27851
2023,1,29,建筑类,A710,长安大学,11,31514
2023,1,31,交通工程,A710,长安大学,8,22345
2023,1,32,交通工程(国际工程班),A710,长安大学,4,25150
2023,1,33,交通运输,A710,长安大学,4,21325
2023,1,34,大数据管理与应用,A710,长安大学,2,21703
2023,1,35,地理信息科学,A710,长安大学,2,24334
2023,1,38,新能源科学与工程,A710,长安大学,3,21904
2023,1,39,能源与动力工程,A710,长安大学,4,21995
2023,1,40,电气工程及其自动化,A710,长安大学,4,19003
2023,1,41,思想政治教育,A710,长安大学,4,22447
2023,1,42,法学,A710,长安大学,2,18971
2023,1,43,公共管理类,A710,长安大学,2,27358
2023,1,45,新闻传播学类,A710,长安大学,2,20860
2023,1,46,数学类,A710,长安大学,2,21092
2023,1,47,应用物理学,A710,长安大学,1,22727
2023,1,49,英语,A710,长安大学,2,25969
2023,1,50,日语,A710,长安大学,3,41977
2023,1,55,机械类,A710,长安大学,28,25133
2023,1,57,计算机类,A710,长安大学,10,19064
2023,1,59,电子信息类,A710,长安大学,8,19833
2023,1,5B,地质工程,A710,长安大学,5,31615
2023,1,5D,地球物理学类,A710,长安大学,4,31738
2023,1,5F,测绘类,A710,长安大学,6,28934
2023,1,5H,安全工程,A710,长安大学,7,30718
2023,1,5K,土木类,A710,长安大学,28,35458
2023,1,5M,水利类,A710,长安大学,7,30286
2023,1,5P,材料类,A710,长安大学,24,31509
2023,1,18,人工智能(中外合作办学),A710,长安大学,10,38873
2023,1,52,道路桥梁与渡河工程(中外合作办学),A710,长安大学,10,46196
2023,1,53,车辆工程(中外合作办学),A710,长安大学,10,41706
2023,1,54,交通运输(中外合作办学),A710,长安大学,10,41729
2023,1,01,法学,A712,西北农林科技大学,6,17141
2023,1,02,社会学类,A712,西北农林科技大学,4,23040
2023,1,03,公共管理类,A712,西北农林科技大学,6,25097
2023,1,04,英语,A712,西北农林科技大学,3,24066
2023,1,05,汉语国际教育,A712,西北农林科技大学,2,20072
2023,1,06,俄语,A712,西北农林科技大学,2,37914
2023,1,08,智慧农业,A712,西北农林科技大学,2,23470
2023,1,10,植物保护,A712,西北农林科技大学,7,27943
2023,1,11,制药工程,A712,西北农林科技大学,4,22791
2023,1,12,园艺(园艺类),A712,西北农林科技大学,14,34029
2023,1,13,设施农业科学与工程,A712,西北农林科技大学,2,26413
2023,1,15,水产养殖学,A712,西北农林科技大学,6,34925
2023,1,16,智慧牧业科学与工程,A712,西北农林科技大学,6,31038
2023,1,17,草业科学,A712,西北农林科技大学,9,34044
2023,1,18,动物医学类,A712,西北农林科技大学,16,29519
2023,1,19,林学类,A712,西北农林科技大学,6,29559
2023,1,21,智慧林业,A712,西北农林科技大学,4,28062
2023,1,23,园林,A712,西北农林科技大学,3,27761
2023,1,24,风景园林,A712,西北农林科技大学,3,27434
2023,1,25,城乡规划,A712,西北农林科技大学,4,23484
2023,1,27,资源环境科学,A712,西北农林科技大学,5,27887
2023,1,28,环境科学与工程类,A712,西北农林科技大学,3,23489
2023,1,30,水利类,A712,西北农林科技大学,18,26497
2023,1,31,电气工程及其自动化,A712,西北农林科技大学,3,15960
2023,1,33,智慧水利,A712,西北农林科技大学,4,24818
2023,1,34,机械类,A712,西北农林科技大学,20,23439
2023,1,35,农业机械化及其自动化,A712,西北农林科技大学,4,24600
2023,1,36,农业智能装备工程,A712,西北农林科技大学,3,25077
2023,1,37,电子信息工程,A712,西北农林科技大学,4,16618
2023,1,40,食品营养与健康(卓越班),A712,西北农林科技大学,6,25364
2023,1,41,葡萄与葡萄酒工程,A712,西北农林科技大学,11,33402
2023,1,42,葡萄与葡萄酒工程(卓越工程师班),A712,西北农林科技大学,5,30508
2023,1,43,生物科学类,A712,西北农林科技大学,28,24090
2023,1,44,信息与计算科学,A712,西北农林科技大学,4,19816
2023,1,45,光电信息科学与工程,A712,西北农林科技大学,4,19036
2023,1,46,数学与应用数学,A712,西北农林科技大学,5,20160
2023,1,48,工商管理类,A712,西北农林科技大学,10,22464
2023,1,49,经济学类,A712,西北农林科技大学,8,21485
2023,1,50,经济学(基础拔尖培养班),A712,西北农林科技大学,2,18927
2023,1,51,植物生产类(卓越班),A712,西北农林科技大学,12,28897
2023,1,53,环境科学与工程类(卓越班),A712,西北农林科技大学,4,25430
2023,1,54,水利类(卓越班),A712,西北农林科技大学,5,20403
2023,1,55,农林经济管理(卓越班),A712,西北农林科技大学,4,21135
2023,1,5A,农学(农学类),A712,西北农林科技大学,11,27408
2023,1,5C,动物科学,A712,西北农林科技大学,10,32921
2023,1,5E,林业工程类,A712,西北农林科技大学,5,30329
2023,1,5G,水土保持与荒漠化防治,A712,西北农林科技大学,3,29675
2023,1,5J,地理信息科学,A712,西北农林科技大学,3,20937
2023,1,5L,土木工程,A712,西北农林科技大学,2,26387
2023,1,5N,计算机类,A712,西北农林科技大学,29,18713
2023,1,5Q,食品科学与工程类,A712,西北农林科技大学,18,25967
2023,1,5S,化学类,A712,西北农林科技大学,6,23486
2023,1,56,植物保护(中外合作办学),A712,西北农林科技大学,4,44899
2023,1,57,环境科学(中外合作办学),A712,西北农林科技大学,8,40901
2023,1,58,食品科学与工程(中外合作办学),A712,西北农林科技大学,4,40101
2023,1,12,临床医学,A716,陕西中医药大学,2,41163
2023,1,13,医学影像学,A716,陕西中医药大学,2,48386
2023,1,16,中医学,A716,陕西中医药大学,2,54019
2023,1,21,中西医临床医学,A716,陕西中医药大学,2,48161
2023,1,24,中药学,A716,陕西中医药大学,2,64780
2023,1,01,哲学类,A718,陕西师范大学,4,21678
2023,1,02,经济学类,A718,陕西师范大学,5,24070
2023,1,03,社会学,A718,陕西师范大学,5,25418
2023,1,05,马克思主义理论,A718,陕西师范大学,2,20629
2023,1,06,教育学(创新实验班),A718,陕西师范大学,4,22600
2023,1,0E,中国语言文学类,A718,陕西师范大学,3,12359
2023,1,0G,外国语言文学类(英语),A718,陕西师范大学,3,15919
2023,1,0M,新闻传播学类,A718,陕西师范大学,3,23706
2023,1,0Y,生物科学类,A718,陕西师范大学,11,18782
2023,1,13,计算机类,A718,陕西师范大学,13,19699
2023,1,16,食品科学与工程类,A718,陕西师范大学,5,30249
2023,1,18,工商管理类,A718,陕西师范大学,3,28276
2023,1,19,公共管理类,A718,陕西师范大学,12,24247
2023,1,1E,历史学类,A718,陕西师范大学,9,17946
2023,1,1G,物理学类,A718,陕西师范大学,6,18847
2023,1,BC,社会工作,A719,延安大学,5,131770
2023,1,EC,日语,A719,延安大学,5,244439
2023,1,FA,数学与应用数学(师范类),A719,延安大学,2,105524
2023,1,FB,信息与计算科学,A719,延安大学,2,93999
2023,1,FC,计算机科学与技术,A719,延安大学,2,75006
2023,1,FD,软件工程,A719,延安大学,2,93578
2023,1,FE,物联网工程,A719,延安大学,4,111489
2023,1,GA,物理学(师范类),A719,延安大学,2,118492
2023,1,GB,电子信息工程,A719,延安大学,2,95349
2023,1,HA,化学(师范类),A719,延安大学,2,126427
2023,1,NB,运动康复,A719,延安大学,2,147701
2023,1,PA,临床医学,A719,延安大学,2,63726
2023,1,PB,麻醉学,A719,延安大学,2,54926
2023,1,PF,护理学,A719,延安大学,2,127853
2023,1,10,学前教育(师范类),A720,陕西理工大学,1,101330
2023,1,16,历史学(师范类),A720,陕西理工大学,1,71744
2023,1,19,财务管理,A720,陕西理工大学,2,101065
2023,1,21,物流管理,A720,陕西理工大学,1,109664
2023,1,25,数学与应用数学(师范类),A720,陕西理工大学,1,77520
2023,1,38,测控技术与仪器,A720,陕西理工大学,1,111747
2023,1,H1,电气工程及其自动化(中外合作办学),A720,陕西理工大学,2,133125
2023,1,H2,机械设计制造及其自动化(中外合作办学),A720,陕西理工大学,2,126226
2023,1,H3,网络工程(中外合作办学),A720,陕西理工大学,2,176225
2023,1,10,法学,A721,宝鸡文理学院,2,127573
2023,1,13,学前教育(师范类),A721,宝鸡文理学院,2,174176
2023,1,14,汉语言文学(师范类),A721,宝鸡文理学院,2,119526
2023,1,15,外国语言文学类,A721,宝鸡文理学院,2,170944
2023,1,17,历史学(师范类),A721,宝鸡文理学院,2,148659
2023,1,24,数学与应用数学(师范类),A721,宝鸡文理学院,2,178113
2023,1,25,信息与计算科学,A721,宝鸡文理学院,3,170240
2023,1,26,物理学(师范类),A721,宝鸡文理学院,2,189622
2023,1,27,化学(师范类),A721,宝鸡文理学院,4,184200
2023,1,29,地理科学(师范类),A721,宝鸡文理学院,3,140788
2023,1,30,人文地理与城乡规划,A721,宝鸡文理学院,2,176248
2023,1,33,机械设计制造及其自动化,A721,宝鸡文理学院,5,194696
2023,1,35,机械电子工程,A721,宝鸡文理学院,5,194277
2023,1,36,工业设计,A721,宝鸡文理学院,2,203035
2023,1,38,测控技术与仪器,A721,宝鸡文理学院,2,200705
2023,1,40,材料化学,A721,宝鸡文理学院,2,201045
2023,1,41,电气工程及其自动化,A721,宝鸡文理学院,5,180257
2023,1,42,电子信息类,A721,宝鸡文理学院,5,188320
2023,1,43,电子科学与技术,A721,宝鸡文理学院,2,182176
2023,1,44,人工智能,A721,宝鸡文理学院,2,183821
2023,1,45,自动化类,A721,宝鸡文理学院,2,195279
2023,1,46,计算机科学与技术,A721,宝鸡文理学院,2,169217
2023,1,47,软件工程,A721,宝鸡文理学院,2,173354
2023,1,48,物联网工程,A721,宝鸡文理学院,2,177355
2023,1,49,给排水科学与工程,A721,宝鸡文理学院,2,206486
2023,1,53,环境工程,A721,宝鸡文理学院,2,194862
2023,1,54,会计学,A721,宝鸡文理学院,2,157738
2023,1,23,思想政治教育(师范类),A722,咸阳师范学院,2,123614
2023,1,26,汉语言文学(师范类),A722,咸阳师范学院,2,112859
2023,1,34,文物与博物馆学,A722,咸阳师范学院,2,115027
2023,1,47,物理学(师范类),A722,咸阳师范学院,5,190907
2023,1,48,化学(师范类),A722,咸阳师范学院,2,152982
2023,1,68,数字经济,A722,咸阳师范学院,2,190269
2023,1,1H,学前教育(中外合作办学)(师范类),A722,咸阳师范学院,3,206929
2023,1,42,数学与应用数学(师范类),A723,渭南师范学院,3,173921
2023,1,50,汉语言文学(师范类),A723,渭南师范学院,2,132903
2023,1,X3,会计学,A723,渭南师范学院,2,150308
2023,1,Z1,思想政治教育(师范类),A723,渭南师范学院,2,146434
2023,1,36,学前教育(中外合作办学)(师范类),A723,渭南师范学院,5,218531
2023,1,A1,经济学,A724,西安外国语大学,2,37789
2023,1,A2,金融学,A724,西安外国语大学,5,40570
2023,1,A3,国际经济与贸易,A724,西安外国语大学,2,41422
2023,1,A7,汉语言文学,A724,西安外国语大学,3,32125
2023,1,A9,英语,A724,西安外国语大学,5,40635
2023,1,AB,德语,A724,西安外国语大学,1,36961
2023,1,AC,法语,A724,西安外国语大学,1,34519
2023,1,AD,西班牙语,A724,西安外国语大学,1,35387
2023,1,AW,翻译,A724,西安外国语大学,4,45452
2023,1,AX,商务英语,A724,西安外国语大学,1,35107
2023,1,AY,新闻学,A724,西安外国语大学,4,56217
2023,1,TU,汉语言文学(师范类),A724,西安外国语大学,2,34595
2023,1,00,哲学,A726,西北政法大学,3,28403
2023,1,04,经济学类,A726,西北政法大学,9,31841
2023,1,05,法学(民商法),A726,西北政法大学,8,13483
2023,1,06,法学(经济法),A726,西北政法大学,8,14175
2023,1,07,法学(刑事法),A726,西北政法大学,7,14451
2023,1,08,法学(行政法),A726,西北政法大学,6,14496
2023,1,10,法学(反恐怖主义法),A726,西北政法大学,3,15372
2023,1,11,法学(公共安全法),A726,西北政法大学,3,14944
2023,1,12,社会学,A726,西北政法大学,1,30444
2023,1,13,政治学与行政学,A726,西北政法大学,2,24769
2023,1,18,英语,A726,西北政法大学,1,30603
2023,1,19,电子商务及法律,A726,西北政法大学,2,20553
2023,1,20,新闻学,A726,西北政法大学,1,24342
2023,1,22,网络与新媒体,A726,西北政法大学,1,25885
2023,1,24,工商管理类,A726,西北政法大学,5,31431
2023,1,26,行政管理,A726,西北政法大学,1,28445
2023,1,27,国际政治,A726,西北政法大学,1,23382
2023,1,04,法学,A730,兰州大学,4,14015
2023,1,06,政治学类,A730,兰州大学,3,20061
2023,1,09,马克思主义理论类,A730,兰州大学,3,18391
2023,1,11,英语,A730,兰州大学,6,20602
2023,1,15,新闻传播学类,A730,兰州大学,5,19983
2023,1,17,历史学类,A730,兰州大学,6,16890
2023,1,23,经济学类,A730,兰州大学,8,18178
2023,1,28,数学类,A730,兰州大学,10,13400
2023,1,29,物理学类,A730,兰州大学,20,14290
2023,1,32,化学类,A730,兰州大学,12,19024
2023,1,36,大气科学类,A730,兰州大学,10,16907
2023,1,38,生物科学类,A730,兰州大学,6,15688
2023,1,41,理论与应用力学(基地班),A730,兰州大学,6,16491
2023,1,43,电子信息类,A730,兰州大学,8,12048
2023,1,44,计算机类,A730,兰州大学,6,11319
2023,1,48,化工与制药类,A730,兰州大学,4,19336
2023,1,61,口腔医学,A730,兰州大学,10,11245
2023,1,66,工商管理类,A730,兰州大学,10,21916
2023,1,72,临床医学,A730,兰州大学,18,12933
2023,1,Z6,汉语言文学,A730,兰州大学,4,14456
2023,1,71,计算机科学与技术(中外合作办学),A730,兰州大学,26,28309
2023,1,02,国际经济与贸易,A731,兰州理工大学,2,125150
2023,1,03,法学,A731,兰州理工大学,3,72889
2023,1,04,知识产权,A731,兰州理工大学,4,112074
2023,1,05,汉语言文学,A731,兰州理工大学,4,90965
2023,1,06,英语,A731,兰州理工大学,4,136284
2023,1,07,俄语,A731,兰州理工大学,4,171387
2023,1,08,日语,A731,兰州理工大学,4,188992
2023,1,0B,应用化学,A731,兰州理工大学,2,118517
2023,1,0E,机械设计制造及其自动化,A731,兰州理工大学,4,80613
2023,1,0F,材料成型及控制工程,A731,兰州理工大学,4,109876
2023,1,0J,过程装备与控制工程,A731,兰州理工大学,4,111187
2023,1,0K,智能制造工程,A731,兰州理工大学,6,101605
2023,1,0L,测控技术与仪器,A731,兰州理工大学,4,107851
2023,1,0N,冶金工程,A731,兰州理工大学,3,153615
2023,1,0P,金属材料工程,A731,兰州理工大学,2,131635
2023,1,0Q,无机非金属材料工程,A731,兰州理工大学,5,141862
2023,1,0S,焊接技术与工程,A731,兰州理工大学,4,148800
2023,1,0T,功能材料,A731,兰州理工大学,3,137044
2023,1,0U,能源与动力工程,A731,兰州理工大学,4,82729
2023,1,0W,电气工程及其自动化,A731,兰州理工大学,2,62078
2023,1,0X,通信工程,A731,兰州理工大学,2,74087
2023,1,0Y,微电子科学与工程,A731,兰州理工大学,2,75266
2023,1,0Z,电子信息科学与技术,A731,兰州理工大学,2,71883
2023,1,10,自动化,A731,兰州理工大学,2,69721
2023,1,11,机器人工程,A731,兰州理工大学,4,76558
2023,1,12,计算机科学与技术,A731,兰州理工大学,2,62057
2023,1,13,软件工程,A731,兰州理工大学,2,65361
2023,1,14,物联网工程,A731,兰州理工大学,2,73230
2023,1,15,数据科学与大数据技术,A731,兰州理工大学,2,75955
2023,1,16,网络空间安全,A731,兰州理工大学,2,80843
2023,1,17,土木工程,A731,兰州理工大学,3,114481
2023,1,18,建筑环境与能源应用工程,A731,兰州理工大学,2,113009
2023,1,19,给排水科学与工程,A731,兰州理工大学,4,138938
2023,1,1A,道路桥梁与渡河工程,A731,兰州理工大学,2,120660
2023,1,1B,水利水电工程,A731,兰州理工大学,4,106902
2023,1,1C,测绘工程,A731,兰州理工大学,3,111718
2023,1,1D,化学工程与工艺,A731,兰州理工大学,3,223135
2023,1,1F,油气储运工程,A731,兰州理工大学,3,137867
2023,1,1J,环境工程,A731,兰州理工大学,4,225332
2023,1,1N,安全工程,A731,兰州理工大学,2,109447
2023,1,1P,生物工程,A731,兰州理工大学,3,118538
2023,1,1R,工程管理,A731,兰州理工大学,3,142842
2023,1,1V,市场营销,A731,兰州理工大学,2,143412
2023,1,1W,会计学,A731,兰州理工大学,5,95514
2023,1,20,工业工程,A731,兰州理工大学,2,123122
2023,1,6H,智能建造,A731,兰州理工大学,2,145578
2023,1,01,交通运输,A732,兰州交通大学,8,54429
2023,1,02,交通工程,A732,兰州交通大学,3,64369
2023,1,03,信息管理与信息系统,A732,兰州交通大学,2,78156
2023,1,04,物流管理,A732,兰州交通大学,2,87155
2023,1,05,环境科学,A732,兰州交通大学,2,123537
2023,1,06,建筑环境与能源应用工程,A732,兰州交通大学,3,109541
2023,1,07,给排水科学与工程,A732,兰州交通大学,4,89371
2023,1,08,环境工程,A732,兰州交通大学,2,106618
2023,1,09,土木工程,A732,兰州交通大学,3,69183
2023,1,10,土木工程(卓越计划班),A732,兰州交通大学,2,56951
2023,1,12,水利水电工程,A732,兰州交通大学,2,74883
2023,1,13,工程力学,A732,兰州交通大学,2,90508
2023,1,15,铁道工程,A732,兰州交通大学,5,70625
2023,1,17,机械设计制造及其自动化,A732,兰州交通大学,4,65303
2023,1,18,机械电子工程,A732,兰州交通大学,3,70581
2023,1,19,车辆工程,A732,兰州交通大学,13,65273
2023,1,20,车辆工程(卓越计划班),A732,兰州交通大学,1,47379
2023,1,22,能源与动力工程,A732,兰州交通大学,2,79147
2023,1,23,信息与计算科学,A732,兰州交通大学,3,73427
2023,1,27,工商管理,A732,兰州交通大学,1,93637
2023,1,28,市场营销,A732,兰州交通大学,1,128682
2023,1,29,会计学,A732,兰州交通大学,1,64225
2023,1,31,英语,A732,兰州交通大学,1,78690
2023,1,32,法语,A732,兰州交通大学,1,95789
2023,1,33,西班牙语,A732,兰州交通大学,1,157445
2023,1,36,应用化学,A732,兰州交通大学,2,103494
2023,1,37,化学工程与工艺,A732,兰州交通大学,2,89242
2023,1,38,过程装备与控制工程,A732,兰州交通大学,2,93310
2023,1,39,生物工程,A732,兰州交通大学,2,98669
2023,1,40,建筑学,A732,兰州交通大学,4,108203
2023,1,47,电气工程及其自动化,A732,兰州交通大学,4,48910
2023,1,48,电气工程及其自动化(卓越计划班),A732,兰州交通大学,1,46274
2023,1,49,自动化,A732,兰州交通大学,3,58725
2023,1,50,轨道交通信号与控制,A732,兰州交通大学,4,56834
2023,1,52,通信工程,A732,兰州交通大学,6,60637
2023,1,53,计算机科学与技术,A732,兰州交通大学,3,58698
2023,1,54,电子科学与技术,A732,兰州交通大学,2,65326
2023,1,57,汉语言文学,A732,兰州交通大学,1,71916
2023,1,61,地理信息科学,A732,兰州交通大学,2,81487
2023,1,64,材料科学与工程,A732,兰州交通大学,2,120384
2023,1,65,材料成型及控制工程,A732,兰州交通大学,2,101594
2023,1,69,生物制药,A732,兰州交通大学,1,90421
2023,1,01,农学,A733,甘肃农业大学,10,170735
2023,1,03,种子科学与工程,A733,甘肃农业大学,5,172704
2023,1,07,草业科学,A733,甘肃农业大学,5,169773
2023,1,09,动物医学,A733,甘肃农业大学,5,145326
2023,1,0E,动物科学,A733,甘肃农业大学,5,168234
2023,1,0M,农林经济管理(基地班),A733,甘肃农业大学,5,166570
2023,1,0X,车辆工程,A733,甘肃农业大学,5,165724
2023,1,18,林学,A733,甘肃农业大学,7,175316
2023,1,19,园林,A733,甘肃农业大学,5,173030
2023,1,1A,水土保持与荒漠化防治,A733,甘肃农业大学,5,178848
2023,1,1B,风景园林,A733,甘肃农业大学,7,169856
2023,1,1E,生物工程,A733,甘肃农业大学,5,173138
2023,1,1Q,生物技术,A733,甘肃农业大学,7,172700
2023,1,1T,园艺,A733,甘肃农业大学,9,179558
2023,1,1U,设施农业科学与工程,A733,甘肃农业大学,10,178991
2023,1,1V,植物保护,A733,甘肃农业大学,10,177261
2023,1,24,汉语言文学,A733,甘肃农业大学,7,113919
2023,1,2B,电子信息工程,A733,甘肃农业大学,5,149138
2023,1,2F,应用统计学,A733,甘肃农业大学,7,161395
2023,1,01,中医学(5+3一体化),A735,甘肃中医药大学,3,37735
2023,1,02,中医学,A735,甘肃中医药大学,5,63961
2023,1,03,中医骨伤科学,A735,甘肃中医药大学,2,90805
2023,1,04,中西医临床医学,A735,甘肃中医药大学,4,84215
2023,1,05,针灸推拿学,A735,甘肃中医药大学,2,85776
2023,1,06,中医康复学,A735,甘肃中医药大学,2,104189
2023,1,07,康复治疗学,A735,甘肃中医药大学,1,85056
2023,1,08,临床医学,A735,甘肃中医药大学,3,55960
2023,1,09,医学影像学,A735,甘肃中医药大学,3,69907
2023,1,10,预防医学,A735,甘肃中医药大学,2,108238
2023,1,15,中药学,A735,甘肃中医药大学,4,126855
2023,1,16,中草药栽培与鉴定,A735,甘肃中医药大学,3,147373
2023,1,18,药学,A735,甘肃中医药大学,2,124129
2023,1,22,健康服务与管理,A735,甘肃中医药大学,4,175684
2023,1,24,医疗保险,A735,甘肃中医药大学,4,182531
2023,1,25,公共事业管理,A735,甘肃中医药大学,3,169053
2023,1,26,应用心理学,A735,甘肃中医药大学,3,151246
2023,1,29,运动康复,A735,甘肃中医药大学,1,136094
2023,1,D1,食品质量与安全,A735,甘肃中医药大学,2,166935
2023,1,D2,汉语言文学,A735,甘肃中医药大学,1,131774
2023,1,D3,护理学,A735,甘肃中医药大学,3,137474
2023,1,D5,卫生检验与检疫,A735,甘肃中医药大学,4,156116
2023,1,D8,软件工程,A735,甘肃中医药大学,4,132309
2023,1,02,地理科学(师范类),A736,西北师范大学,2,56149
2023,1,03,地理信息科学,A736,西北师范大学,2,58713
2023,1,04,环境工程,A736,西北师范大学,2,124019
2023,1,06,法学,A736,西北师范大学,3,52183
2023,1,07,汉语国际教育(师范类),A736,西北师范大学,2,67130
2023,1,12,软件工程,A736,西北师范大学,7,76041
2023,1,15,教育技术学(师范类),A736,西北师范大学,8,186960
2023,1,19,特殊教育(师范类),A736,西北师范大学,2,87706
2023,1,21,学前教育(师范类),A736,西北师范大学,1,85516
2023,1,22,国际经济与贸易,A736,西北师范大学,2,110401
2023,1,23,金融学,A736,西北师范大学,2,97668
2023,1,24,经济统计学,A736,西北师范大学,2,87256
2023,1,25,经济学,A736,西北师范大学,1,77141
2023,1,26,历史学(师范类),A736,西北师范大学,2,49656
2023,1,28,旅游管理,A736,西北师范大学,2,145387
2023,1,30,思想政治教育(师范类),A736,西北师范大学,2,55027
2023,1,32,会计学,A736,西北师范大学,2,64952
2023,1,33,物流管理,A736,西北师范大学,2,157388
2023,1,39,生物技术,A736,西北师范大学,1,68481
2023,1,40,生物科学(师范类),A736,西北师范大学,8,84715
2023,1,41,制药工程,A736,西北师范大学,2,80765
2023,1,42,数学与应用数学(师范类),A736,西北师范大学,6,60264
2023,1,44,信息与计算科学,A736,西北师范大学,2,74607
2023,1,47,俄语(师范类),A736,西北师范大学,1,77358
2023,1,50,英语(师范类),A736,西北师范大学,2,65259
2023,1,51,汉语言文学(师范类),A736,西北师范大学,3,39116
2023,1,54,电气工程及其自动化,A736,西北师范大学,6,70860
2023,1,55,电子信息工程,A736,西北师范大学,2,73326
2023,1,56,物理学(师范类),A736,西北师范大学,2,61427
2023,1,L1,计算机类,A736,西北师范大学,8,76811
2023,1,L3,工商管理类,A736,西北师范大学,2,136032
2023,1,L4,公共管理类,A736,西北师范大学,4,138185
2023,1,L5,社会学类,A736,西北师范大学,2,107810
2023,1,L6,心理学类(师范类),A736,西北师范大学,3,75819
2023,1,ZW,化学(中外合作办学),A736,西北师范大学,8,208669
2023,1,01,数学与应用数学(师范类),A737,兰州城市学院,2,196713
2023,1,03,城乡规划,A737,兰州城市学院,2,197272
2023,1,04,环境工程,A737,兰州城市学院,3,212045
2023,1,06,汉语言文学(师范类),A737,兰州城市学院,2,157628
2023,1,0F,化学工程与工艺,A737,兰州城市学院,1,218672
2023,1,0G,思想政治教育(师范类),A737,兰州城市学院,2,165732
2023,1,0H,经济学,A737,兰州城市学院,2,189770
2023,1,0L,审计学,A737,兰州城市学院,2,174249
2023,1,0X,油气储运工程,A737,兰州城市学院,2,191466
2023,1,0Y,石油工程,A737,兰州城市学院,3,223677
2023,1,10,新能源科学与工程,A737,兰州城市学院,2,217322
2023,1,11,机械设计制造及其自动化,A737,兰州城市学院,2,205098
2023,1,12,焊接技术与工程,A737,兰州城市学院,3,216199
2023,1,17,通信工程,A737,兰州城市学院,2,205180
2023,1,18,软件工程,A737,兰州城市学院,2,208152
2023,1,1H,英语(师范类),A737,兰州城市学院,3,175942
2023,1,1J,法语,A737,兰州城市学院,2,216757
2023,1,1K,汉语国际教育(师范类),A737,兰州城市学院,2,179995
2023,1,1M,学前教育(师范类),A737,兰州城市学院,2,197313
2023,1,2E,新闻学,A737,兰州城市学院,2,200222
2023,1,3B,土木工程,A737,兰州城市学院,2,220364
2023,1,3E,会计学(智能会计方向),A737,兰州城市学院,2,174506
2023,1,01,汉语言文学(师范类),A738,陇东学院,2,154100
2023,1,05,文物与博物馆学,A738,陇东学院,2,187829
2023,1,07,英语(师范类),A738,陇东学院,4,191336
2023,1,0E,思想政治教育(师范类),A738,陇东学院,2,176098
2023,1,0G,经济学,A738,陇东学院,2,190306
2023,1,0K,统计学,A738,陇东学院,2,199404
2023,1,0P,计算机科学与技术,A738,陇东学院,2,200395
2023,1,0Q,物联网工程,A738,陇东学院,2,208548
2023,1,0V,生物制药,A738,陇东学院,2,201060
2023,1,0W,食品科学与工程,A738,陇东学院,2,205783
2023,1,0Y,农学,A738,陇东学院,2,196790
2023,1,12,农业资源与环境,A738,陇东学院,2,212922
2023,1,1D,过程装备与控制工程,A738,陇东学院,2,212283
2023,1,1G,化学工程与工艺,A738,陇东学院,2,210174
2023,1,1K,石油工程,A738,陇东学院,2,210535
2023,1,1M,土木工程,A738,陇东学院,2,221521
2023,1,1N,工程管理,A738,陇东学院,2,220220
2023,1,1R,机械设计制造及其自动化,A738,陇东学院,2,209141
2023,1,1V,电子信息工程,A738,陇东学院,2,205892
2023,1,1X,自动化,A738,陇东学院,2,207292
2023,1,21,健康服务与管理,A738,陇东学院,4,212442
2023,1,23,人文地理与城乡规划,A738,陇东学院,2,200241
2023,1,29,安全工程,A738,陇东学院,2,214635
2023,1,08,汉语言文学(师范类),A739,天水师范学院,5,150860
2023,1,1R,商务英语,A739,天水师范学院,5,211055
2023,1,2C,法学(法律实务),A739,天水师范学院,5,146182
2023,1,3U,数学与应用数学(师范类),A739,天水师范学院,4,193518
2023,1,4D,材料成型及控制工程,A739,天水师范学院,4,227781
2023,1,4T,管理科学与工程类,A739,天水师范学院,4,225514
2023,1,58,地理科学(师范类),A739,天水师范学院,4,171422
2023,1,3Z,数据科学与大数据技术,A739,天水师范学院,4,217562
2023,1,02,法学,A740,河西学院,4,141694
2023,1,07,学前教育(师范类),A740,河西学院,4,198473
2023,1,10,经济学,A740,河西学院,4,189116
2023,1,22,农学,A740,河西学院,4,188971
2023,1,26,食品科学与工程,A740,河西学院,4,207828
2023,1,28,生物工程,A740,河西学院,4,203748
2023,1,37,农业水利工程,A740,河西学院,4,209077
2023,1,38,工程管理,A740,河西学院,4,215617
2023,1,39,英语(师范类),A740,河西学院,4,182325
2023,1,42,汉语言文学(师范类),A740,河西学院,4,161857
2023,1,46,能源与动力工程,A740,河西学院,4,211468
2023,1,52,网络与新媒体,A740,河西学院,4,185144
2023,1,55,网络工程,A740,河西学院,4,206402
2023,1,62,医学影像技术,A740,河西学院,2,162351
2023,1,73,医学检验技术,A740,河西学院,4,177122
2023,1,75,酿酒工程,A740,河西学院,2,210834
2023,1,35,会计学,A741,兰州财经大学,2,67116
2023,1,37,审计学,A741,兰州财经大学,3,71251
2023,1,38,资产评估,A741,兰州财经大学,3,123227
2023,1,39,金融学,A741,兰州财经大学,3,92318
2023,1,3A,金融工程,A741,兰州财经大学,3,125628
2023,1,3B,信用管理,A741,兰州财经大学,3,152909
2023,1,3C,保险学,A741,兰州财经大学,3,182666
2023,1,3D,互联网金融,A741,兰州财经大学,3,123640
2023,1,3E,统计学,A741,兰州财经大学,3,110575
2023,1,3G,应用统计学,A741,兰州财经大学,2,119151
2023,1,3H,投资学,A741,兰州财经大学,2,126789
2023,1,3J,数据科学与大数据技术,A741,兰州财经大学,2,112542
2023,1,3K,经济学,A741,兰州财经大学,3,87720
2023,1,3M,国际经济与贸易,A741,兰州财经大学,2,115966
2023,1,3N,贸易经济,A741,兰州财经大学,2,146465
2023,1,3P,国际商务,A741,兰州财经大学,3,150502
2023,1,3S,税收学,A741,兰州财经大学,2,87611
2023,1,3T,房地产开发与管理,A741,兰州财经大学,2,186873
2023,1,3U,公共事业管理,A741,兰州财经大学,2,140675
2023,1,3V,劳动与社会保障,A741,兰州财经大学,3,173295
2023,1,3W,工商管理,A741,兰州财经大学,3,117930
2023,1,3X,市场营销,A741,兰州财经大学,3,185509
2023,1,3Y,物流管理,A741,兰州财经大学,2,138866
2023,1,3Z,人力资源管理,A741,兰州财经大学,2,169339
2023,1,40,旅游管理,A741,兰州财经大学,2,177783
2023,1,41,英语,A741,兰州财经大学,2,242077
2023,1,42,商务英语,A741,兰州财经大学,2,231137
2023,1,44,广告学,A741,兰州财经大学,3,214340
2023,1,45,网络与新媒体,A741,兰州财经大学,2,95538
2023,1,46,汉语言文学,A741,兰州财经大学,3,89658
2023,1,47,会展经济与管理,A741,兰州财经大学,3,180027
2023,1,48,法学,A741,兰州财经大学,3,71444
2023,1,49,知识产权,A741,兰州财经大学,3,107693
2023,1,4A,社会工作,A741,兰州财经大学,2,152792
2023,1,4B,计算机科学与技术,A741,兰州财经大学,2,90343
2023,1,4D,信息与计算科学,A741,兰州财经大学,2,143002
2023,1,4E,信息管理与信息系统,A741,兰州财经大学,2,137527
2023,1,4F,电子信息工程,A741,兰州财经大学,3,112951
2023,1,4G,智能科学与技术,A741,兰州财经大学,2,122006
2023,1,4K,人文地理与城乡规划,A741,兰州财经大学,3,143295
2023,1,4L,地理信息科学,A741,兰州财经大学,2,118956
2023,1,4U,会计学(121中美实验班),A741,兰州财经大学,2,107372
2023,1,4V,金融学(121中俄实验班),A741,兰州财经大学,2,138147
2023,1,6F,广告学,A741,兰州财经大学,2,198051
2023,1,6G,经济统计学,A741,兰州财经大学,3,114297
2023,1,L1,电子信息类,A742,西北民族大学,6,138302
2023,1,L6,动物科学,A742,西北民族大学,3,172354
2023,1,L7,动物医学,A742,西北民族大学,5,150700
2023,1,L8,生物工程,A742,西北民族大学,2,167281
2023,1,LA,食品科学与工程,A742,西北民族大学,2,150093
2023,1,LB,计算机类,A742,西北民族大学,7,115390
2023,1,LD,土木工程,A742,西北民族大学,2,165316
2023,1,LE,无机非金属材料工程,A742,西北民族大学,4,172117
2023,1,LF,护理学,A742,西北民族大学,2,158067
2023,1,LP,道路桥梁与渡河工程,A742,西北民族大学,3,177537
2023,1,P1,财务管理,A742,西北民族大学,5,158468
2023,1,P7,金融学,A742,西北民族大学,5,169418
2023,1,P8,经济学,A742,西北民族大学,2,141564
2023,1,P9,法学,A742,西北民族大学,3,82253
2023,1,PA,公共事业管理,A742,西北民族大学,2,140289
2023,1,PC,历史学,A742,西北民族大学,2,93051
2023,1,PF,社会学,A742,西北民族大学,3,122980
2023,1,PJ,英语,A742,西北民族大学,2,150008
2023,1,PP,新闻传播学类,A742,西北民族大学,5,139575
2023,1,PT,汉语言文学,A742,西北民族大学,2,78370
2023,1,01,经济学,A743,青海大学,4,41365
2023,1,02,临床医学,A743,青海大学,7,29913
2023,1,03,国际经济与贸易,A743,青海大学,7,59644
2023,1,04,信息管理与信息系统,A743,青海大学,5,46908
2023,1,10,旅游管理,A743,青海大学,9,80389
2023,1,13,麻醉学,A743,青海大学,2,29127
2023,1,15,口腔医学,A743,青海大学,1,20142
2023,1,16,预防医学,A743,青海大学,1,39970
2023,1,17,中医学,A743,青海大学,3,39744
2023,1,19,药学,A743,青海大学,1,36978
2023,1,20,中药学,A743,青海大学,3,54204
2023,1,21,医学检验技术,A743,青海大学,1,43937
2023,1,23,护理学,A743,青海大学,6,75629
2023,1,26,食品科学与工程,A743,青海大学,6,58284
2023,1,29,动物科学,A743,青海大学,4,66187
2023,1,30,动物医学,A743,青海大学,6,55031
2023,1,32,林学,A743,青海大学,1,58402
2023,1,33,园林,A743,青海大学,1,60460
2023,1,34,草业科学,A743,青海大学,4,72584
2023,1,35,应用化学,A743,青海大学,8,60186
2023,1,36,化学工程与工艺(卓越工程师),A743,青海大学,2,51140
2023,1,38,能源化学工程,A743,青海大学,2,53484
2023,1,39,环境工程,A743,青海大学,5,70312
2023,1,40,过程装备与控制工程,A743,青海大学,7,61681
2023,1,41,自动化,A743,青海大学,6,38498
2023,1,44,电气工程及其自动化,A743,青海大学,9,36589
2023,1,46,土木工程,A743,青海大学,12,74910
2023,1,47,给排水科学与工程,A743,青海大学,5,62647
2023,1,48,城乡规划,A743,青海大学,2,52865
2023,1,49,工程管理,A743,青海大学,6,73757
2023,1,50,生物技术,A743,青海大学,4,53578
2023,1,51,环境科学,A743,青海大学,2,56128
2023,1,52,生物工程,A743,青海大学,4,57998
2023,1,53,环境生态工程,A743,青海大学,5,68759
2023,1,55,地质工程,A743,青海大学,2,66055
2023,1,56,资源勘查工程,A743,青海大学,2,69908
2023,1,57,测绘工程,A743,青海大学,6,70543
2023,1,58,新能源材料与器件,A743,青海大学,9,51021
2023,1,5A,金融学,A743,青海大学,2,43854
2023,1,5B,电子商务,A743,青海大学,6,92659
2023,1,5C,植物保护,A743,青海大学,2,65081
2023,1,5H,计算机科学与技术,A743,青海大学,9,33881
2023,1,5L,动物医学(卓越兽医师),A743,青海大学,3,49996
2023,1,5M,草业科学(卓越草业师),A743,青海大学,3,65912
2023,1,5P,生态学,A743,青海大学,2,53876
2023,1,5Q,冶金工程(卓越工程师),A743,青海大学,4,74142
2023,1,5R,材料成型及控制工程,A743,青海大学,6,68031
2023,1,68,机械设计制造及其自动化,A743,青海大学,13,46873
2023,1,69,材料科学与工程,A743,青海大学,9,65983
2023,1,6A,冶金工程,A743,青海大学,2,74632
2023,1,6G,水利水电工程,A743,青海大学,12,60153
2023,1,6M,植物生产类,A743,青海大学,3,64197
2023,1,6N,生物技术(高原生物菁英班),A743,青海大学,4,54224
2023,1,6P,生态学(高原生物菁英班),A743,青海大学,3,46433
2023,1,6W,临床医学(卓越医师),A743,青海大学,3,27508
2023,1,6Y,土木工程(创新实验班),A743,青海大学,3,66858
2023,1,01,经济学,A746,青海师范大学,4,143083
2023,1,03,金融学,A746,青海师范大学,2,142066
2023,1,07,社会学,A746,青海师范大学,2,150925
2023,1,12,教育技术学(师范类),A746,青海师范大学,3,155502
2023,1,13,学前教育(师范类),A746,青海师范大学,3,170978
2023,1,14,应急管理,A746,青海师范大学,3,190649
2023,1,18,小学教育(师范类，全科),A746,青海师范大学,3,119869
2023,1,23,汉语言文学(师范类),A746,青海师范大学,6,80214
2023,1,31,英语(师范类),A746,青海师范大学,5,111995
2023,1,38,新闻学,A746,青海师范大学,2,206533
2023,1,40,历史学(师范类),A746,青海师范大学,4,101936
2023,1,44,数学与应用数学(师范类),A746,青海师范大学,3,114567
2023,1,49,物理学(师范类),A746,青海师范大学,5,139217
2023,1,54,化学(师范类),A746,青海师范大学,4,145145
2023,1,60,地理科学(师范类),A746,青海师范大学,3,106596
2023,1,66,生物科学(师范类),A746,青海师范大学,5,130895
2023,1,69,生物技术,A746,青海师范大学,5,170501
2023,1,70,生态学,A746,青海师范大学,5,181225
2023,1,74,电子信息工程,A746,青海师范大学,2,137558
2023,1,79,计算机科学与技术,A746,青海师范大学,3,112358
2023,1,84,环境科学,A746,青海师范大学,2,181060
2023,1,88,酒店管理,A746,青海师范大学,2,200034
2023,1,J2,汉语言文学(师范类),A746,青海师范大学,1,67362
2023,1,T4,统计学,A746,青海师范大学,3,134212
2023,1,01,经济学,A748,青海民族大学,4,175186
2023,1,08,社会工作,A748,青海民族大学,4,175954
2023,1,09,思想政治教育(师范类),A748,青海民族大学,2,142361
2023,1,0J,汉语言文学,A748,青海民族大学,2,117437
2023,1,0M,秘书学,A748,青海民族大学,6,180198
2023,1,0Q,英语(师范类),A748,青海民族大学,4,178733
2023,1,0R,阿拉伯语,A748,青海民族大学,2,218445
2023,1,0U,数学与应用数学(师范类),A748,青海民族大学,2,166860
2023,1,0X,化学(师范类),A748,青海民族大学,2,164275
2023,1,0Y,应用化学,A748,青海民族大学,2,183833
2023,1,0Z,生物科学,A748,青海民族大学,2,177301
2023,1,10,应用心理学,A748,青海民族大学,2,180156
2023,1,11,统计学,A748,青海民族大学,2,172811
2023,1,13,能源与动力工程,A748,青海民族大学,2,171189
2023,1,14,通信工程,A748,青海民族大学,2,165052
2023,1,17,计算机科学与技术,A748,青海民族大学,2,150280
2023,1,18,网络工程,A748,青海民族大学,2,153914
2023,1,1B,水利水电工程,A748,青海民族大学,2,169250
2023,1,1C,化学工程与工艺,A748,青海民族大学,2,183717
2023,1,1D,旅游地学与规划工程,A748,青海民族大学,2,201024
2023,1,1E,交通运输,A748,青海民族大学,2,177254
2023,1,1J,药物制剂,A748,青海民族大学,2,176969
2023,1,1R,行政管理,A748,青海民族大学,2,185652
2023,1,1W,旅游管理,A748,青海民族大学,6,201833
2023,1,1U,土地资源管理(中外合作办学),A748,青海民族大学,6,232233
2023,1,01,汉语言文学(师范类),A749,宁夏大学,5,29942
2023,1,05,历史学(师范类),A749,宁夏大学,3,34568
2023,1,06,新闻学(卓越新闻人才计划),A749,宁夏大学,4,50248
2023,1,08,法学,A749,宁夏大学,5,26917
2023,1,09,行政管理,A749,宁夏大学,5,47473
2023,1,0A,思想政治教育(师范类),A749,宁夏大学,5,32623
2023,1,0B,日语,A749,宁夏大学,3,65921
2023,1,0E,英语(师范类，卓越教师培养班),A749,宁夏大学,4,38634
2023,1,0F,阿拉伯语,A749,宁夏大学,3,77401
2023,1,0G,工商管理,A749,宁夏大学,3,47652
2023,1,0K,金融学,A749,宁夏大学,5,46226
2023,1,0M,农林经济管理,A749,宁夏大学,3,48437
2023,1,0N,地理科学(师范类),A749,宁夏大学,3,43362
2023,1,0R,学前教育(师范类),A749,宁夏大学,4,159369
2023,1,0T,应用心理学(师范类),A749,宁夏大学,3,46703
2023,1,0Y,工商管理(英国高等教育文凭项目),A749,宁夏大学,6,76391
2023,1,0Z,会计学(英国高等教育文凭项目),A749,宁夏大学,6,50926
2023,1,39,数学与应用数学(师范类，卓越教师培养班),A749,宁夏大学,5,37365
2023,1,3A,信息与计算科学,A749,宁夏大学,4,35548
2023,1,3C,电气工程及其自动化,A749,宁夏大学,5,28052
2023,1,3D,电子信息工程(卓越工程师),A749,宁夏大学,5,30279
2023,1,3E,通信工程,A749,宁夏大学,3,30591
2023,1,3G,物理学(基础拔尖人才培养班),A749,宁夏大学,4,39295
2023,1,3H,材料科学与工程,A749,宁夏大学,3,44458
2023,1,3J,新能源材料与器件,A749,宁夏大学,5,40765
2023,1,3K,计算机科学与技术,A749,宁夏大学,10,30065
2023,1,3M,软件工程(与印度国家信息技术学院合作项目),A749,宁夏大学,6,35764
2023,1,3N,化学(基础拔尖人才培养班),A749,宁夏大学,5,42192
2023,1,3R,化学工程与工艺,A749,宁夏大学,7,48485
2023,1,3T,应用化学,A749,宁夏大学,4,45024
2023,1,3U,制药工程,A749,宁夏大学,3,46117
2023,1,3V,生物科学类,A749,宁夏大学,3,41182
2023,1,3W,生物科学(基础拔尖人才培养班),A749,宁夏大学,6,38823
2023,1,3Y,环境科学与工程,A749,宁夏大学,3,49387
2023,1,3Z,生态学,A749,宁夏大学,2,51006
2023,1,42,地理信息科学,A749,宁夏大学,4,38851
2023,1,43,人文地理与城乡规划,A749,宁夏大学,2,41951
2023,1,44,农业资源与环境,A749,宁夏大学,3,50297
2023,1,45,农学,A749,宁夏大学,5,50335
2023,1,46,植物保护,A749,宁夏大学,2,54015
2023,1,48,动物科学(卓越农林人才计划),A749,宁夏大学,6,51019
2023,1,49,动物医学,A749,宁夏大学,4,41009
2023,1,4A,草业科学,A749,宁夏大学,4,55710
2023,1,4C,林学,A749,宁夏大学,4,57116
2023,1,4D,园林,A749,宁夏大学,4,61223
2023,1,4E,园艺,A749,宁夏大学,8,61775
2023,1,4G,食品科学与工程,A749,宁夏大学,5,45060
2023,1,4H,机械工程,A749,宁夏大学,5,37380
2023,1,4L,过程装备与控制工程,A749,宁夏大学,4,42613
2023,1,4M,交通运输,A749,宁夏大学,3,42208
2023,1,4P,工程管理,A749,宁夏大学,3,47338
2023,1,4U,城乡规划,A749,宁夏大学,4,62209
2023,1,4V,教育技术学,A749,宁夏大学,4,61272
2023,1,Z0,葡萄与葡萄酒工程(中外合作办学),A749,宁夏大学,9,133644
2023,1,Z1,机械工程(中外合作办学),A749,宁夏大学,8,64081
2023,1,A1,临床医学,A752,宁夏医科大学,18,39394
2023,1,A3,麻醉学,A752,宁夏医科大学,1,37544
2023,1,A5,医学影像学,A752,宁夏医科大学,2,40356
2023,1,A7,眼视光医学,A752,宁夏医科大学,1,26265
2023,1,A9,儿科学,A752,宁夏医科大学,1,52393
2023,1,AB,临床医学,A752,宁夏医科大学,1,25629
2023,1,AC,康复治疗学,A752,宁夏医科大学,1,110668
2023,1,B1,基础医学,A752,宁夏医科大学,1,70779
2023,1,C1,口腔医学,A752,宁夏医科大学,1,33218
2023,1,CB,口腔医学,A752,宁夏医科大学,1,24424
2023,1,D1,预防医学,A752,宁夏医科大学,4,81457
2023,1,D3,卫生检验与检疫,A752,宁夏医科大学,1,122500
2023,1,E1,中医学,A752,宁夏医科大学,4,64086
2023,1,E3,针灸推拿学,A752,宁夏医科大学,4,85314
2023,1,E5,中西医临床医学,A752,宁夏医科大学,2,64880
2023,1,F1,护理学,A752,宁夏医科大学,6,101149
2023,1,G1,药学,A752,宁夏医科大学,2,75296
2023,1,G3,临床药学,A752,宁夏医科大学,2,66080
2023,1,G5,中药学,A752,宁夏医科大学,2,102834
2023,1,H3,医学信息工程,A752,宁夏医科大学,2,107558
2023,1,J1,公共事业管理,A752,宁夏医科大学,2,232716
2023,1,K1,医学检验技术,A752,宁夏医科大学,2,75603
2023,1,30,教育技术学(师范类),A753,宁夏师范学院,2,193197
2023,1,32,小学教育(师范类),A753,宁夏师范学院,2,171064
2023,1,39,历史学(师范类),A753,宁夏师范学院,2,162798
2023,1,40,数学与应用数学(师范类),A753,宁夏师范学院,3,193096
2023,1,42,化学(师范类),A753,宁夏师范学院,2,195619
2023,1,43,应用化学,A753,宁夏师范学院,2,208473
2023,1,45,统计学,A753,宁夏师范学院,3,203134
2023,1,46,电气工程及其自动化,A753,宁夏师范学院,4,207213
2023,1,50,化学工程与工艺,A753,宁夏师范学院,6,221438
2023,1,52,翻译,A753,宁夏师范学院,3,203153
2023,1,62,电子科学与技术,A753,宁夏师范学院,3,210552
2023,1,86,政治学与行政学,A753,宁夏师范学院,3,179499
2023,1,89,人工智能,A753,宁夏师范学院,3,215416
2023,1,01,思想政治教育,A755,新疆大学,3,33644
2023,1,06,政治学与行政学,A755,新疆大学,3,40400
2023,1,0A,国际政治,A755,新疆大学,3,41952
2023,1,0E,行政管理,A755,新疆大学,3,42576
2023,1,0P,劳动与社会保障,A755,新疆大学,4,52695
2023,1,0V,社会学,A755,新疆大学,4,49011
2023,1,11,工商管理类,A755,新疆大学,6,55245
2023,1,17,国际经济与贸易,A755,新疆大学,3,51090
2023,1,19,金融学,A755,新疆大学,2,40065
2023,1,21,经济学,A755,新疆大学,2,36280
2023,1,23,物流管理,A755,新疆大学,2,52010
2023,1,25,法学,A755,新疆大学,8,27797
2023,1,2P,汉语言文学,A755,新疆大学,4,32144
2023,1,34,历史学,A755,新疆大学,3,37901
2023,1,36,民族学,A755,新疆大学,3,63814
2023,1,38,新闻传播学类,A755,新疆大学,8,52511
2023,1,3J,俄语,A755,新疆大学,3,60933
2023,1,3M,俄语,A755,新疆大学,2,57506
2023,1,3P,英语,A755,新疆大学,4,50146
2023,1,3T,汉语国际教育,A755,新疆大学,3,46544
2023,1,3V,酒店管理,A755,新疆大学,1,66622
2023,1,3Z,旅游管理,A755,新疆大学,4,65027
2023,1,45,数据科学与大数据技术,A755,新疆大学,2,32975
2023,1,47,数学与应用数学,A755,新疆大学,6,34258
2023,1,49,统计学,A755,新疆大学,5,39395
2023,1,4B,信息与计算科学,A755,新疆大学,2,37171
2023,1,4D,材料科学与工程,A755,新疆大学,2,52573
2023,1,4H,物理学,A755,新疆大学,5,44206
2023,1,4M,化学,A755,新疆大学,6,50227
2023,1,4R,高分子材料与工程,A755,新疆大学,5,52221
2023,1,4T,过程装备与控制工程,A755,新疆大学,4,53054
2023,1,4V,化学工程与工艺,A755,新疆大学,6,52092
2023,1,4Z,能源化学工程,A755,新疆大学,1,49621
2023,1,51,生物工程,A755,新疆大学,4,50138
2023,1,53,生物科学,A755,新疆大学,7,46313
2023,1,57,食品科学与工程,A755,新疆大学,5,55332
2023,1,5A,环境工程,A755,新疆大学,4,65416
2023,1,5C,环境科学,A755,新疆大学,2,55305
2023,1,5E,生态学,A755,新疆大学,6,60006
2023,1,5G,地理信息科学,A755,新疆大学,4,46514
2023,1,5J,水文与水资源工程,A755,新疆大学,4,57465
2023,1,5L,遥感科学与技术,A755,新疆大学,2,49129
2023,1,5N,自然地理与资源环境,A755,新疆大学,2,47689
2023,1,5Q,电子信息工程,A755,新疆大学,2,30238
2023,1,5S,计算机科学与技术,A755,新疆大学,5,27458
2023,1,5W,通信工程,A755,新疆大学,4,32318
2023,1,5Y,网络空间安全,A755,新疆大学,1,32929
2023,1,61,信息安全,A755,新疆大学,4,31908
2023,1,65,工业工程,A755,新疆大学,2,52301
2023,1,67,机器人工程,A755,新疆大学,7,41145
2023,1,69,机械类,A755,新疆大学,1,34128
2023,1,6A,机械类,A755,新疆大学,11,46157
2023,1,6J,机械类(智能制造方向),A755,新疆大学,9,38092
2023,1,6M,交通工程,A755,新疆大学,4,51188
2023,1,6P,电气工程及其自动化,A755,新疆大学,6,29455
2023,1,6T,能源与动力工程,A755,新疆大学,2,36359
2023,1,6V,自动化,A755,新疆大学,8,35381
2023,1,6Z,测绘工程,A755,新疆大学,2,55366
2023,1,71,城乡规划,A755,新疆大学,2,53188
2023,1,75,给排水科学与工程,A755,新疆大学,4,58537
2023,1,77,工程管理,A755,新疆大学,2,51177
2023,1,79,建筑环境与能源应用工程,A755,新疆大学,2,56731
2023,1,7B,建筑学,A755,新疆大学,3,49675
2023,1,7D,土木工程,A755,新疆大学,12,63921
2023,1,7M,纺织工程,A755,新疆大学,7,65559
2023,1,7T,服装设计与工程,A755,新疆大学,2,67921
2023,1,7V,采矿工程,A755,新疆大学,5,70770
2023,1,7X,地质工程,A755,新疆大学,4,61700
2023,1,7Z,资源勘查工程,A755,新疆大学,7,60896
2023,1,83,软件工程,A755,新疆大学,63,45774
2023,1,01,农学,A757,塔里木大学,11,192325
2023,1,02,植物保护,A757,塔里木大学,10,214305
2023,1,03,农业资源与环境,A757,塔里木大学,20,215981
2023,1,04,种子科学与工程,A757,塔里木大学,8,203071
2023,1,05,农药化肥,A757,塔里木大学,5,212325
2023,1,06,园艺,A757,塔里木大学,10,212219
2023,1,07,园林,A757,塔里木大学,20,215995
2023,1,09,设施农业科学与工程,A757,塔里木大学,8,208085
2023,1,10,智慧农业,A757,塔里木大学,6,208723
2023,1,12,动物科学,A757,塔里木大学,12,207946
2023,1,13,动物医学,A757,塔里木大学,18,186160
2023,1,17,生物制药,A757,塔里木大学,5,187587
2023,1,18,水产养殖学,A757,塔里木大学,5,213924
2023,1,20,化学工程与工艺,A757,塔里木大学,19,215897
2023,1,22,应用化学,A757,塔里木大学,15,213209
2023,1,23,化学(师范类),A757,塔里木大学,7,214704
2023,1,24,材料科学与工程,A757,塔里木大学,8,214674
2023,1,25,食品质量与安全,A757,塔里木大学,13,209740
2023,1,26,食品科学与工程,A757,塔里木大学,8,208635
2023,1,29,农业水利工程,A757,塔里木大学,10,207686
2023,1,30,水利水电工程,A757,塔里木大学,5,193887
2023,1,31,土木工程,A757,塔里木大学,10,215417
2023,1,32,给排水科学与工程,A757,塔里木大学,5,213630
2023,1,33,测绘工程,A757,塔里木大学,10,214881
2023,1,35,建筑学,A757,塔里木大学,5,207775
2023,1,36,智慧水利,A757,塔里木大学,5,213146
2023,1,39,车辆工程,A757,塔里木大学,5,205956
2023,1,40,电气工程及其自动化,A757,塔里木大学,15,192824
2023,1,41,自动化,A757,塔里木大学,8,195603
2023,1,42,纺织工程,A757,塔里木大学,7,216958
2023,1,44,物理学(师范类),A757,塔里木大学,5,201223
2023,1,45,农业电气化,A757,塔里木大学,5,202278
2023,1,46,电机电器智能化,A757,塔里木大学,5,210104
2023,1,47,过程装备与控制工程,A757,塔里木大学,5,219779
2023,1,48,计算机科学与技术,A757,塔里木大学,8,187911
2023,1,49,物联网工程,A757,塔里木大学,5,193979
2023,1,51,通信工程,A757,塔里木大学,10,203171
2023,1,54,网络空间安全,A757,塔里木大学,4,200676
2023,1,56,数学与应用数学(师范类),A757,塔里木大学,5,200028
2023,1,59,工商管理类,A757,塔里木大学,34,205594
2023,1,61,农林经济管理,A757,塔里木大学,10,208973
2023,1,63,物流管理,A757,塔里木大学,5,208618
2023,1,65,英语(师范类),A757,塔里木大学,2,180791
2023,1,66,临床医学,A757,塔里木大学,29,141678
2023,1,67,预防医学,A757,塔里木大学,9,193774
2023,1,69,旅游管理,A757,塔里木大学,12,214574
2023,1,70,法学,A757,塔里木大学,5,150819
2023,1,71,马克思主义理论(师范类),A757,塔里木大学,5,177000
2023,1,72,汉语言文学(师范类),A757,塔里木大学,10,158366
2023,1,73,中国少数民族语言文学,A757,塔里木大学,10,216140
2023,1,75,网络与新媒体,A757,塔里木大学,6,194759
2023,1,76,学前教育(师范类),A757,塔里木大学,10,197273
2023,1,79,历史学,A757,塔里木大学,10,186597
2023,1,80,历史学(师范类),A757,塔里木大学,10,181292
2023,1,81,文物与博物馆学,A757,塔里木大学,7,194804
2023,1,01,经济学,A758,新疆农业大学,15,187543
2023,1,0B,经济与贸易类,A758,新疆农业大学,15,216931
2023,1,0M,国际经济与贸易,A758,新疆农业大学,20,202722
2023,1,0X,法学,A758,新疆农业大学,15,147170
2023,1,1S,英语,A758,新疆农业大学,19,197823
2023,1,22,数学与应用数学,A758,新疆农业大学,10,193232
2023,1,2C,应用化学,A758,新疆农业大学,5,185801
2023,1,2P,人文地理与城乡规划,A758,新疆农业大学,15,198219
2023,1,38,生物技术,A758,新疆农业大学,4,181679
2023,1,4E,电气工程及其自动化,A758,新疆农业大学,15,170892
2023,1,4Q,电子信息科学与技术,A758,新疆农业大学,5,176336
2023,1,5A,计算机科学与技术,A758,新疆农业大学,5,163863
2023,1,5L,物联网工程,A758,新疆农业大学,5,173887
2023,1,5W,土木工程,A758,新疆农业大学,15,199344
2023,1,6G,水利水电工程,A758,新疆农业大学,15,178531
2023,1,72,化学工程与工艺,A758,新疆农业大学,5,188009
2023,1,7C,交通运输,A758,新疆农业大学,5,188019
2023,1,7Y,交通工程,A758,新疆农业大学,5,191351
2023,1,8J,农业水利工程,A758,新疆农业大学,5,183961
2023,1,94,食品科学与工程,A758,新疆农业大学,5,182647
2023,1,9E,食品质量与安全,A758,新疆农业大学,5,188350
2023,1,9Q,葡萄与葡萄酒工程,A758,新疆农业大学,5,197495
2023,1,A0,农学,A758,新疆农业大学,5,167636
2023,1,AL,植物保护,A758,新疆农业大学,5,183464
2023,1,AW,种子科学与工程,A758,新疆农业大学,5,178719
2023,1,CC,动物科学,A758,新疆农业大学,10,187796
2023,1,CY,动物医学,A758,新疆农业大学,11,167981
2023,1,D8,动物药学,A758,新疆农业大学,10,195750
2023,1,FL,药学,A758,新疆农业大学,5,172212
2023,1,G6,工商管理类,A758,新疆农业大学,25,214396
2023,1,GH,市场营销,A758,新疆农业大学,15,208588
2023,1,GS,会计学,A758,新疆农业大学,15,168203
2023,1,H3,人力资源管理,A758,新疆农业大学,15,199192
2023,1,HC,农林经济管理,A758,新疆农业大学,24,198754
2023,1,HP,公共事业管理,A758,新疆农业大学,5,200189
2023,1,HZ,土地资源管理,A758,新疆农业大学,20,198537
2023,1,J8,城市管理,A758,新疆农业大学,15,204235
2023,1,JJ,物流工程,A758,新疆农业大学,1,180626
2023,1,JU,旅游管理,A758,新疆农业大学,5,206937
2023,1,66,土木工程(中外合作办学),A758,新疆农业大学,5,223390
2023,1,1Z,历史学(师范类),A759,石河子大学,4,46602
2023,1,24,英语,A759,石河子大学,8,61315
2023,1,26,波斯语,A759,石河子大学,2,81180
2023,1,27,俄语,A759,石河子大学,4,74390
2023,1,2V,会计学,A759,石河子大学,4,46431
2023,1,2W,审计学,A759,石河子大学,2,48547
2023,1,3G,汉语言文学(师范类),A759,石河子大学,4,39119
2023,1,3H,材料科学与工程,A759,石河子大学,6,58430
2023,1,3J,环境工程,A759,石河子大学,4,66497
2023,1,3K,化学工程与工艺,A759,石河子大学,4,54246
2023,1,3Q,电气工程及其自动化,A759,石河子大学,2,34528
2023,1,3R,工业工程,A759,石河子大学,6,63621
2023,1,3S,机械设计制造及其自动化,A759,石河子大学,4,50647
2023,1,3T,农业机械化及其自动化,A759,石河子大学,4,65620
2023,1,3U,电子信息工程,A759,石河子大学,6,41326
2023,1,3V,农业水利工程,A759,石河子大学,6,78085
2023,1,3W,水利水电工程,A759,石河子大学,6,65285
2023,1,3X,土木类,A759,石河子大学,12,77606
2023,1,3Y,建筑学,A759,石河子大学,4,68052
2023,1,3Z,食品科学与工程类,A759,石河子大学,12,72328
2023,1,40,葡萄与葡萄酒工程,A759,石河子大学,3,75359
2023,1,41,计算机类,A759,石河子大学,8,41212
2023,1,44,生物科学类,A759,石河子大学,12,64906
2023,1,45,物理学(师范类),A759,石河子大学,4,55634
2023,1,46,应用物理学,A759,石河子大学,6,56486
2023,1,47,数学与应用数学(师范类),A759,石河子大学,4,48904
2023,1,48,信息与计算科学,A759,石河子大学,6,49211
2023,1,4A,地理科学(师范类),A759,石河子大学,4,51747
2023,1,4B,人文地理与城乡规划,A759,石河子大学,4,73039
2023,1,4C,土地资源管理,A759,石河子大学,2,63772
2023,1,4E,植物生产类,A759,石河子大学,14,76078
2023,1,4F,农业资源与环境,A759,石河子大学,4,73623
2023,1,4G,林学,A759,石河子大学,4,74655
2023,1,4H,园林,A759,石河子大学,4,72557
2023,1,4L,动物科学,A759,石河子大学,8,85862
2023,1,4M,动物医学,A759,石河子大学,10,81953
2023,1,4Q,临床医学,A759,石河子大学,6,31452
2023,1,4R,口腔医学,A759,石河子大学,4,30478
2023,1,4S,预防医学,A759,石河子大学,6,57013
2023,1,4T,护理学,A759,石河子大学,10,78676
2023,1,4U,医学检验技术,A759,石河子大学,2,47291
2023,1,4V,医学影像学,A759,石河子大学,2,31859
2023,1,4X,健康服务与管理,A759,石河子大学,4,87051
2023,1,4Y,药学,A759,石河子大学,4,57154
2023,1,4Z,中药学,A759,石河子大学,6,67987
2023,1,50,临床药学,A759,石河子大学,4,55597
2023,1,52,工商管理类,A759,石河子大学,12,64200
2023,1,53,经济学类,A759,石河子大学,8,53997
2023,1,54,农林经济管理,A759,石河子大学,6,68697
2023,1,55,学前教育(师范类),A759,石河子大学,2,77978
2023,1,56,小学教育(师范类),A759,石河子大学,4,70925
2023,1,57,教育学(师范类),A759,石河子大学,4,54617
2023,1,58,应用心理学,A759,石河子大学,4,64371
2023,1,5A,广播电视学,A759,石河子大学,4,88136
2023,1,5B,法学,A759,石河子大学,4,31333
2023,1,5C,政治学与行政学,A759,石河子大学,6,57825
2023,1,5D,社会工作,A759,石河子大学,6,70356
2023,1,5E,应急管理,A759,石河子大学,4,67225
2023,1,5N,储能科学与工程,A759,石河子大学,2,55541
2023,1,5Q,新能源科学与工程,A759,石河子大学,6,52818
2023,1,01,临床医学(5+3一体化),A760,新疆医科大学,7,27946
2023,1,02,临床医学(5+3一体化，儿科学),A760,新疆医科大学,2,35049
2023,1,03,临床医学,A760,新疆医科大学,75,84278
2023,1,04,口腔医学,A760,新疆医科大学,8,58877
2023,1,05,中西医临床医学,A760,新疆医科大学,20,111002
2023,1,06,中医学,A760,新疆医科大学,17,100013
2023,1,07,针灸推拿学,A760,新疆医科大学,20,113922
2023,1,08,儿科学,A760,新疆医科大学,6,95124
2023,1,09,麻醉学,A760,新疆医科大学,10,85448
2023,1,10,医学影像学,A760,新疆医科大学,16,90038
2023,1,11,医学检验技术,A760,新疆医科大学,10,153748
2023,1,12,药学,A760,新疆医科大学,20,157414
2023,1,13,临床药学,A760,新疆医科大学,16,146479
2023,1,14,预防医学,A760,新疆医科大学,30,153497
2023,1,15,基础医学,A760,新疆医科大学,12,150716
2023,1,16,精神医学,A760,新疆医科大学,2,91362
2023,1,17,中医康复学,A760,新疆医科大学,10,118348
2023,1,18,医学影像技术,A760,新疆医科大学,18,154205
2023,1,19,康复治疗学,A760,新疆医科大学,16,172511
2023,1,20,健康服务与管理,A760,新疆医科大学,4,177345
2023,1,21,中药学,A760,新疆医科大学,13,163389
2023,1,22,法医学,A760,新疆医科大学,2,86843
2023,1,23,护理学,A760,新疆医科大学,15,159452
2023,1,24,信息管理与信息系统,A760,新疆医科大学,2,166697
2023,1,25,公共事业管理,A760,新疆医科大学,3,172594
2023,1,26,生物医学工程,A760,新疆医科大学,4,161486
2023,1,27,生物医药数据科学,A760,新疆医科大学,4,162743
2023,1,28,眼视光医学,A760,新疆医科大学,2,72240
2023,1,01,思想政治教育(师范类),A762,新疆师范大学,7,117726
2023,1,06,公共事业管理,A762,新疆师范大学,3,173450
2023,1,11,法学,A762,新疆师范大学,3,106345
2023,1,17,经济学,A762,新疆师范大学,14,177748
2023,1,20,国际经济与贸易,A762,新疆师范大学,15,195236
2023,1,22,人力资源管理,A762,新疆师范大学,7,178254
2023,1,24,国际商务,A762,新疆师范大学,8,195178
2023,1,26,教育技术学(师范类),A762,新疆师范大学,4,168575
2023,1,28,小学教育(师范类),A762,新疆师范大学,3,133348
2023,1,30,特殊教育(师范类),A762,新疆师范大学,2,166630
2023,1,32,学前教育(师范类),A762,新疆师范大学,5,165492
2023,1,36,汉语言文学(师范类),A762,新疆师范大学,9,113987
2023,1,38,中国少数民族语言文学(维吾尔语言),A762,新疆师范大学,3,168988
2023,1,40,历史学(师范类),A762,新疆师范大学,7,123275
2023,1,42,文物与博物馆学,A762,新疆师范大学,3,130953
2023,1,44,社会工作,A762,新疆师范大学,3,155060
2023,1,47,民族学,A762,新疆师范大学,2,185415
2023,1,49,英语(师范类),A762,新疆师范大学,4,130724
2023,1,51,俄语,A762,新疆师范大学,7,182945
2023,1,53,日语,A762,新疆师范大学,4,177864
2023,1,55,翻译,A762,新疆师范大学,2,181669
2023,1,57,乌尔都语,A762,新疆师范大学,2,190195
2023,1,59,汉语国际教育,A762,新疆师范大学,5,151548
2023,1,61,数学与应用数学(师范类),A762,新疆师范大学,11,151900
2023,1,63,信息与计算科学,A762,新疆师范大学,2,165571
2023,1,66,应用统计学,A762,新疆师范大学,7,181374
2023,1,68,物理学(师范类),A762,新疆师范大学,10,158176
2023,1,70,电子信息科学与技术,A762,新疆师范大学,14,174425
2023,1,73,计算机科学与技术(师范类),A762,新疆师范大学,8,153271
2023,1,75,软件工程,A762,新疆师范大学,13,163577
2023,1,82,地理科学(师范类),A762,新疆师范大学,8,129851
2023,1,84,地理信息科学,A762,新疆师范大学,9,156007
2023,1,86,旅游管理,A762,新疆师范大学,6,196990
2023,1,88,人文地理与城乡规划,A762,新疆师范大学,1,166053
2023,1,90,自然地理与资源环境,A762,新疆师范大学,1,160395
2023,1,93,化学(师范类),A762,新疆师范大学,7,146050
2023,1,95,化学工程与工艺,A762,新疆师范大学,2,174097
2023,1,A2,生物科学(师范类),A762,新疆师范大学,10,144552
2023,1,D3,心理学(师范类),A762,新疆师范大学,4,162087
2023,1,01,法学,A763,喀什大学,15,159523
2023,1,04,经济统计学,A763,喀什大学,15,209343
2023,1,07,思想政治教育(师范类),A763,喀什大学,30,186085
2023,1,0A,教育学(师范类),A763,喀什大学,2,183952
2023,1,0D,学前教育(师范类),A763,喀什大学,2,191785
2023,1,0X,汉语言文学(师范类),A763,喀什大学,24,175166
2023,1,13,汉语国际教育,A763,喀什大学,4,199556
2023,1,1A,英语(师范类),A763,喀什大学,10,189446
2023,1,1D,俄语,A763,喀什大学,12,214523
2023,1,1G,广播电视学,A763,喀什大学,15,213760
2023,1,1K,历史学(师范类),A763,喀什大学,15,184773
2023,1,1N,数学与应用数学(师范类),A763,喀什大学,16,211199
2023,1,1R,信息与计算科学(师范类),A763,喀什大学,6,214715
2023,1,1U,物理学(师范类),A763,喀什大学,8,210200
2023,1,1X,物理学(师范类),A763,喀什大学,4,215490
2023,1,23,化学(师范类),A763,喀什大学,15,199953
2023,1,26,应用化学,A763,喀什大学,10,216309
2023,1,29,生物科学(师范类),A763,喀什大学,12,192028
2023,1,2C,地理科学(师范类),A763,喀什大学,5,180076
2023,1,2F,生物技术,A763,喀什大学,6,202811
2023,1,2M,心理学,A763,喀什大学,10,197201
2023,1,2Q,应用统计学,A763,喀什大学,10,212805
2023,1,2U,电子信息科学与技术,A763,喀什大学,10,208323
2023,1,2X,网络工程,A763,喀什大学,16,213001
2023,1,30,环境科学与工程,A763,喀什大学,14,215295
2023,1,33,环境科学,A763,喀什大学,12,216644
2023,1,36,统计学,A763,喀什大学,16,212272
2023,1,39,计算机科学与技术(师范类),A763,喀什大学,16,209834
2023,1,3F,电气工程及其自动化,A763,喀什大学,18,205942
2023,1,3J,土木工程,A763,喀什大学,22,218273
2023,1,3Q,国际经济与贸易,A763,喀什大学,20,213030
2023,1,3W,社会工作,A763,喀什大学,10,209557
2023,1,3Z,食品科学与工程,A763,喀什大学,15,213514
2023,1,42,财务管理,A763,喀什大学,18,194053
2023,1,45,数字媒体技术,A763,喀什大学,14,212503
2023,1,4B,给排水科学与工程,A763,喀什大学,20,218424
2023,1,4E,食品质量与安全,A763,喀什大学,14,215327
2023,1,4H,广告学,A763,喀什大学,8,211649
2023,1,4L,翻译,A763,喀什大学,14,216571
2023,1,4P,通信工程,A763,喀什大学,14,210299
2023,1,4V,旅游管理,A763,喀什大学,14,216409
2023,1,4Y,小学教育(师范类),A763,喀什大学,2,180910
2023,1,54,护理学,A763,喀什大学,8,172735
2023,1,57,预防医学,A763,喀什大学,8,174916
2023,1,5A,酒店管理,A763,喀什大学,5,213389
2023,1,5G,交通工程,A763,喀什大学,8,207381
2023,1,5K,物流工程,A763,喀什大学,6,211256
2023,1,5N,道路桥梁与渡河工程,A763,喀什大学,5,219821
2023,1,5R,建筑学,A763,喀什大学,5,211551
2023,1,5U,设施农业科学与工程,A763,喀什大学,5,214075
2023,1,5X,卫生检验与检疫,A763,喀什大学,3,196199
2023,1,11,电气工程及其自动化,A764,伊犁师范大学,8,203189
2023,1,21,电子信息工程,A764,伊犁师范大学,6,208236
2023,1,31,电子信息科学与技术,A764,伊犁师范大学,7,210525
2023,1,41,法学,A764,伊犁师范大学,15,156729
2023,1,51,化学(师范类),A764,伊犁师范大学,7,186587
2023,1,61,应用化学,A764,伊犁师范大学,13,215437
2023,1,71,材料化学,A764,伊犁师范大学,6,214397
2023,1,81,环境工程,A764,伊犁师范大学,8,216030
2023,1,91,环境科学,A764,伊犁师范大学,8,210969
2023,1,A1,数字经济,A764,伊犁师范大学,5,208370
2023,1,AA,应用统计学,A764,伊犁师范大学,14,214284
2023,1,B1,贸易经济,A764,伊犁师范大学,6,214165
2023,1,BA,数据科学与大数据技术,A764,伊犁师范大学,8,213596
2023,1,C1,会计学,A764,伊犁师范大学,13,187845
2023,1,D1,跨境电子商务,A764,伊犁师范大学,9,216663
2023,1,EA,英语(师范类),A764,伊犁师范大学,12,187033
2023,1,F1,学前教育(师范类),A764,伊犁师范大学,5,189468
2023,1,G1,小学教育(师范类，理科方向),A764,伊犁师范大学,6,180620
2023,1,G7,小学教育(师范类，文科方向),A764,伊犁师范大学,4,173174
2023,1,GA,翻译,A764,伊犁师范大学,6,206759
2023,1,H1,应用心理学(师范类),A764,伊犁师范大学,4,191137
2023,1,HA,计算机科学与技术,A764,伊犁师范大学,14,207944
2023,1,J1,历史学(师范类),A764,伊犁师范大学,5,171777
2023,1,JA,物联网工程,A764,伊犁师范大学,16,213462
2023,1,K1,文物与博物馆学,A764,伊犁师范大学,5,198747
2023,1,KA,信息管理与信息系统,A764,伊犁师范大学,8,215399
2023,1,L1,旅游管理,A764,伊犁师范大学,6,214049
2023,1,LA,物理学(师范类),A764,伊犁师范大学,10,198058
2023,1,M1,会展经济与管理,A764,伊犁师范大学,8,214568
2023,1,MA,应用物理学,A764,伊犁师范大学,20,214912
2023,1,N1,思想政治教育(师范类),A764,伊犁师范大学,5,166276
2023,1,NA,土木工程,A764,伊犁师范大学,15,218005
2023,1,Q1,广播电视学,A764,伊犁师范大学,10,212883
2023,1,R1,网络与新媒体,A764,伊犁师范大学,4,200758
2023,1,S1,地理科学(师范类),A764,伊犁师范大学,6,176433
2023,1,T1,自然地理与资源环境,A764,伊犁师范大学,13,209013
2023,1,U1,地理信息科学,A764,伊犁师范大学,6,196933
2023,1,V1,生物科学(师范类),A764,伊犁师范大学,12,191173
2023,1,W1,食品质量与安全,A764,伊犁师范大学,10,216903
2023,1,WA,汉语言文学(师范类),A764,伊犁师范大学,13,161690
2023,1,X1,生物工程,A764,伊犁师范大学,10,208303
2023,1,Y1,植物保护,A764,伊犁师范大学,10,215515
2023,1,Z1,数学与应用数学(师范类),A764,伊犁师范大学,16,198412
2023,1,01,金融学,A766,新疆财经大学,8,159484
2023,1,02,金融科技,A766,新疆财经大学,5,191490
2023,1,03,金融工程,A766,新疆财经大学,2,175045
2023,1,04,保险学,A766,新疆财经大学,8,197118
2023,1,05,经济统计学,A766,新疆财经大学,9,173351
2023,1,06,统计学,A766,新疆财经大学,4,161363
2023,1,07,金融数学,A766,新疆财经大学,9,182729
2023,1,08,数据科学与大数据技术,A766,新疆财经大学,7,166967
2023,1,09,工商管理,A766,新疆财经大学,10,177739
2023,1,10,人力资源管理,A766,新疆财经大学,4,180109
2023,1,11,市场营销,A766,新疆财经大学,8,202356
2023,1,12,物流管理,A766,新疆财经大学,2,183571
2023,1,13,会计学,A766,新疆财经大学,12,129771
2023,1,14,财务管理,A766,新疆财经大学,12,147656
2023,1,15,审计学,A766,新疆财经大学,2,129803
2023,1,16,经济学,A766,新疆财经大学,9,168711
2023,1,17,数字经济,A766,新疆财经大学,3,190446
2023,1,18,财政学,A766,新疆财经大学,7,148955
2023,1,19,税收学,A766,新疆财经大学,8,159466
2023,1,20,行政管理,A766,新疆财经大学,9,188853
2023,1,21,旅游管理,A766,新疆财经大学,6,203341
2023,1,22,酒店管理,A766,新疆财经大学,2,201586
2023,1,23,会展经济与管理,A766,新疆财经大学,3,186858
2023,1,24,国际经济与贸易,A766,新疆财经大学,3,182704
2023,1,25,国际商务,A766,新疆财经大学,6,194932
2023,1,26,商务英语,A766,新疆财经大学,4,189111
2023,1,27,法学,A766,新疆财经大学,9,125929
2023,1,28,新闻学,A766,新疆财经大学,8,188597
2023,1,29,网络与新媒体,A766,新疆财经大学,1,168993
2023,1,30,信息管理与信息系统,A766,新疆财经大学,6,177268
2023,1,31,电子商务,A766,新疆财经大学,2,186449
2023,1,32,计算机科学与技术,A766,新疆财经大学,9,148936
2023,1,33,网络空间安全,A766,新疆财经大学,5,167700
2023,1,34,工程造价,A766,新疆财经大学,3,174800
2023,1,35,汉语言文学,A766,新疆财经大学,3,137907
2023,1,36,汉语国际教育,A766,新疆财经大学,2,168022
2023,1,30,文化产业管理,A768,新疆艺术学院,5,215535
2023,1,01,建筑学,A792,天津城建大学,2,82195
2023,1,02,城乡规划,A792,天津城建大学,2,98210
2023,1,03,风景园林,A792,天津城建大学,1,76370
2023,1,04,土木工程,A792,天津城建大学,3,112343
2023,1,05,城市地下空间工程,A792,天津城建大学,2,150222
2023,1,06,道路桥梁与渡河工程,A792,天津城建大学,2,100237
2023,1,07,智能建造,A792,天津城建大学,1,69478
2023,1,08,港口航道与海岸工程,A792,天津城建大学,2,101756
2023,1,09,交通工程,A792,天津城建大学,2,71560
2023,1,10,能源与动力工程,A792,天津城建大学,2,72383
2023,1,11,建筑环境与能源应用工程,A792,天津城建大学,2,92448
2023,1,12,安全工程,A792,天津城建大学,1,94523
2023,1,16,管理科学与工程类,A792,天津城建大学,3,115582
2023,1,17,公共管理类,A792,天津城建大学,1,93897
2023,1,21,给排水科学与工程,A792,天津城建大学,1,78067
2023,1,22,环境工程,A792,天津城建大学,1,88390
2023,1,23,电子信息类,A792,天津城建大学,1,60892
2023,1,24,计算机类,A792,天津城建大学,2,59945
2023,1,25,人工智能,A792,天津城建大学,2,63165
2023,1,28,外国语言文学类,A792,天津城建大学,2,88095
2023,1,29,地理信息科学,A792,天津城建大学,1,65047
2023,1,31,遥感科学与技术,A792,天津城建大学,1,79071
2023,1,32,地质工程,A792,天津城建大学,1,101141
2023,1,33,机械设计制造及其自动化,A792,天津城建大学,2,69311
2023,1,36,智能制造工程,A792,天津城建大学,1,66734
2023,1,37,电气工程及其自动化,A792,天津城建大学,1,59041
2023,1,38,自动化,A792,天津城建大学,1,52061
2023,1,39,建筑电气与智能化,A792,天津城建大学,1,72011
2023,1,40,数学与应用数学,A792,天津城建大学,1,67091
2023,1,41,应用物理学,A792,天津城建大学,1,85650
2023,1,47,风景园林(中外合作办学),A792,天津城建大学,1,162412
2023,1,21,化学(师范类),A798,河北科技师范学院,5,167222
2023,1,25,电气工程及其自动化,A798,河北科技师范学院,5,160671
2023,1,35,数学与应用数学(师范类),A798,河北科技师范学院,5,155861
2023,1,41,微电子科学与工程,A798,河北科技师范学院,5,170099
2023,1,42,物理学(师范类),A798,河北科技师范学院,5,170669
2023,1,45,英语(师范类),A798,河北科技师范学院,5,158102
2023,1,01,中医学,A809,山西中医药大学,27,75912
2023,1,03,中医学(5+3一体化),A809,山西中医药大学,4,40292
2023,1,06,针灸推拿学,A809,山西中医药大学,7,89474
2023,1,09,康复治疗学,A809,山西中医药大学,5,129175
2023,1,10,中医养生学,A809,山西中医药大学,3,108686
2023,1,11,中西医临床医学,A809,山西中医药大学,10,88601
2023,1,12,护理学,A809,山西中医药大学,12,142191
2023,1,15,中药学,A809,山西中医药大学,6,119393
2023,1,17,中药学(临床中药方向),A809,山西中医药大学,3,103553
2023,1,18,药学,A809,山西中医药大学,3,121689
2023,1,19,制药工程,A809,山西中医药大学,2,119839
2023,1,20,生物制药,A809,山西中医药大学,3,130392
2023,1,21,食品科学与工程,A809,山西中医药大学,2,147702
2023,1,24,健康服务与管理,A809,山西中医药大学,4,159942
2023,1,26,中药资源与开发,A809,山西中医药大学,2,144925
2023,1,27,信息管理与信息系统,A809,山西中医药大学,2,146771
2023,1,01,思想政治教育(师范类),A812,吕梁学院,5,159907
2023,1,02,学前教育(师范类),A812,吕梁学院,5,185027
2023,1,05,汉语言文学(师范类),A812,吕梁学院,5,143440
2023,1,06,英语(师范类),A812,吕梁学院,5,176031
2023,1,07,新闻学,A812,吕梁学院,5,187851
2023,1,08,历史学(师范类),A812,吕梁学院,5,164394
2023,1,09,数学与应用数学(师范类),A812,吕梁学院,5,193137
2023,1,0A,信息与计算科学,A812,吕梁学院,2,197552
2023,1,0B,物理学(师范类),A812,吕梁学院,5,198166
2023,1,0D,化学(师范类),A812,吕梁学院,5,184529
2023,1,0F,生物科学,A812,吕梁学院,5,189155
2023,1,0H,应用心理学,A812,吕梁学院,5,187247
2023,1,0J,机械设计制造及其自动化,A812,吕梁学院,5,205838
2023,1,0K,机械电子工程,A812,吕梁学院,5,208208
2023,1,0L,材料化学,A812,吕梁学院,5,210931
2023,1,0M,冶金工程,A812,吕梁学院,5,213138
2023,1,0N,电子信息工程,A812,吕梁学院,3,199940
2023,1,0P,人工智能,A812,吕梁学院,5,205088
2023,1,0Q,计算机科学与技术,A812,吕梁学院,5,186723
2023,1,0R,软件工程,A812,吕梁学院,5,193739
2023,1,0S,数据科学与大数据技术,A812,吕梁学院,5,201668
2023,1,0T,土木工程,A812,吕梁学院,5,214641
2023,1,0U,测绘工程,A812,吕梁学院,5,194275
2023,1,0V,化学工程与工艺,A812,吕梁学院,5,209235
2023,1,0W,制药工程,A812,吕梁学院,5,203036
2023,1,0X,采矿工程,A812,吕梁学院,5,212746
2023,1,0Z,食品科学与工程,A812,吕梁学院,5,205917
2023,1,10,食品质量与安全,A812,吕梁学院,5,204260
2023,1,11,建筑学,A812,吕梁学院,5,196030
2023,1,12,城乡规划,A812,吕梁学院,5,206674
2023,1,13,安全工程,A812,吕梁学院,5,212514
2023,1,14,园林,A812,吕梁学院,5,208295
2023,1,15,工程管理,A812,吕梁学院,5,213418
2023,1,16,会计学,A812,吕梁学院,4,168962
2023,1,17,财务管理,A812,吕梁学院,6,180643
2023,1,18,物业管理,A812,吕梁学院,5,210658
2023,1,19,文化产业管理,A812,吕梁学院,5,202206
2023,1,1E,采矿工程(煤层气方向),A812,吕梁学院,5,213672
2023,1,00,英语(师范类),A819,呼伦贝尔学院,4,187447
2023,1,08,汉语言文学(师范类),A819,呼伦贝尔学院,4,164516
2023,1,09,秘书学,A819,呼伦贝尔学院,4,197095
2023,1,13,会计学,A819,呼伦贝尔学院,4,184634
2023,1,17,经济与金融,A819,呼伦贝尔学院,4,202034
2023,1,19,心理学,A819,呼伦贝尔学院,5,202695
2023,1,21,小学教育(师范类，数学),A819,呼伦贝尔学院,4,184945
2023,1,28,数学与应用数学(师范类),A819,呼伦贝尔学院,6,204977
2023,1,37,生物科学(师范类),A819,呼伦贝尔学院,4,184395
2023,1,39,环境科学,A819,呼伦贝尔学院,4,213381
2023,1,45,土木工程,A819,呼伦贝尔学院,4,219597
2023,1,49,地理科学(师范类),A819,呼伦贝尔学院,4,182762
2023,1,01,临床医学,A823,长沙医学院,2,112581
2023,1,02,口腔医学,A823,长沙医学院,2,58657
2023,1,03,中医学,A823,长沙医学院,2,141841
2023,1,04,医学影像学,A823,长沙医学院,2,149331
2023,1,05,预防医学,A823,长沙医学院,2,159087
2023,1,08,应用心理学,A825,齐鲁医药学院,18,219854
2023,1,09,生物医学工程,A825,齐鲁医药学院,19,221474
2023,1,10,食品科学与工程,A825,齐鲁医药学院,10,221419
2023,1,11,生物制药,A825,齐鲁医药学院,36,218284
2023,1,12,临床医学,A825,齐鲁医药学院,110,174677
2023,1,13,医学影像学,A825,齐鲁医药学院,66,191135
2023,1,14,口腔医学,A825,齐鲁医药学院,59,137464
2023,1,15,预防医学,A825,齐鲁医药学院,26,211460
2023,1,16,药学,A825,齐鲁医药学院,47,212783
2023,1,17,药物制剂,A825,齐鲁医药学院,27,219944
2023,1,18,化妆品科学与技术,A825,齐鲁医药学院,29,223503
2023,1,19,中药学,A825,齐鲁医药学院,26,212157
2023,1,20,医学检验技术,A825,齐鲁医药学院,41,204247
2023,1,21,医学实验技术,A825,齐鲁医药学院,19,223004
2023,1,22,医学影像技术,A825,齐鲁医药学院,34,205357
2023,1,23,眼视光学,A825,齐鲁医药学院,23,210593
2023,1,24,康复治疗学,A825,齐鲁医药学院,14,204709
2023,1,25,口腔医学技术,A825,齐鲁医药学院,18,206996
2023,1,26,卫生检验与检疫,A825,齐鲁医药学院,15,216108
2023,1,27,智能医学工程,A825,齐鲁医药学院,22,221958
2023,1,28,护理学,A825,齐鲁医药学院,78,194732
2023,1,29,助产学,A825,齐鲁医药学院,30,215138
2023,1,30,市场营销,A825,齐鲁医药学院,38,231050
2023,1,31,财务管理,A825,齐鲁医药学院,22,217989
2023,1,32,健康服务与管理,A825,齐鲁医药学院,32,223757
2023,1,33,医疗保险,A825,齐鲁医药学院,33,226266
2023,1,34,养老服务管理,A825,齐鲁医药学院,32,226962
2023,1,01,国际经济与贸易,A841,辽宁对外经贸学院,1,233972
2023,1,02,金融学,A841,辽宁对外经贸学院,1,223447
2023,1,0B,会计学,A841,辽宁对外经贸学院,1,232008
2023,1,0F,人力资源管理,A841,辽宁对外经贸学院,1,243313
2023,1,0K,信息管理与信息系统,A841,辽宁对外经贸学院,1,240181
2023,1,19,软件工程,A846,江西科技学院,2,227722
2023,1,29,会计学,A846,江西科技学院,2,211069
2023,1,40,小学教育,A846,江西科技学院,2,222377
2023,1,02,机械设计制造及自动化,A850,南京工业职业技术大学,2,154443
2023,1,08,物联网工程技术,A850,南京工业职业技术大学,2,150763
2023,1,09,电气工程及自动化,A850,南京工业职业技术大学,1,148843
2023,1,14,城市轨道交通设备与控制技术,A850,南京工业职业技术大学,2,149306
2023,1,19,工业互联网技术,A850,南京工业职业技术大学,2,165783
2023,1,21,大数据与会计,A850,南京工业职业技术大学,1,86934
2023,1,23,企业数字化管理,A850,南京工业职业技术大学,1,125583
2023,1,26,电子商务,A850,南京工业职业技术大学,1,134158
2023,1,07,电子信息类,A856,上海工程技术大学,8,33271
2023,1,14,国际经济与贸易,A856,上海工程技术大学,1,55347
2023,1,15,旅游管理(邮轮经济),A856,上海工程技术大学,2,63749
2023,1,23,制药工程,A856,上海工程技术大学,1,43264
2023,1,24,环境工程,A856,上海工程技术大学,2,58282
2023,1,26,涂料工程,A856,上海工程技术大学,3,84094
2023,1,29,电子封装技术,A856,上海工程技术大学,4,53988
2023,1,38,工业设计,A856,上海工程技术大学,2,56734
2023,1,48,服装设计与工程,A856,上海工程技术大学,5,80898
2023,1,49,纺织工程,A856,上海工程技术大学,5,84972
2023,1,51,非织造材料与工程,A856,上海工程技术大学,3,97918
2023,1,53,车辆工程(城市轨道交通车辆),A856,上海工程技术大学,2,43808
2023,1,54,轨道交通信号与控制,A856,上海工程技术大学,1,34399
2023,1,55,交通运输,A856,上海工程技术大学,3,38073
2023,1,56,铁道工程,A856,上海工程技术大学,2,55614
2023,1,57,数据计算及应用,A856,上海工程技术大学,4,50196
2023,1,59,翻译,A856,上海工程技术大学,3,68934
2023,1,A1,金融学类,A859,天津天狮学院,2,229148
2023,1,A4,劳动与社会保障,A859,天津天狮学院,3,239449
2023,1,A6,英语,A859,天津天狮学院,2,228478
2023,1,B1,电子信息类,A859,天津天狮学院,2,234748
2023,1,01,经济学,A868,青岛滨海学院,26,244036
2023,1,02,国际经济与贸易,A868,青岛滨海学院,35,249120
2023,1,03,学前教育(师范类),A868,青岛滨海学院,13,228450
2023,1,04,融合教育,A868,青岛滨海学院,36,255643
2023,1,05,汉语国际教育,A868,青岛滨海学院,21,239258
2023,1,06,英语,A868,青岛滨海学院,55,250717
2023,1,07,俄语,A868,青岛滨海学院,31,261832
2023,1,08,日语,A868,青岛滨海学院,67,264000
2023,1,09,朝鲜语,A868,青岛滨海学院,79,267008
2023,1,10,翻译,A868,青岛滨海学院,64,261766
2023,1,11,广播电视学,A868,青岛滨海学院,70,253533
2023,1,12,广告学,A868,青岛滨海学院,23,246888
2023,1,13,护理学,A868,青岛滨海学院,171,235479
2023,1,15,市场营销,A868,青岛滨海学院,33,255581
2023,1,16,会计学,A868,青岛滨海学院,75,236969
2023,1,17,财务管理,A868,青岛滨海学院,53,242801
2023,1,18,物流管理,A868,青岛滨海学院,38,250969
2023,1,19,工业工程,A868,青岛滨海学院,52,252508
2023,1,20,电子商务,A868,青岛滨海学院,30,249203
2023,1,21,酒店管理,A868,青岛滨海学院,33,257754
2023,1,22,机械设计制造及其自动化,A868,青岛滨海学院,18,243080
2023,1,24,智能制造工程,A868,青岛滨海学院,31,254918
2023,1,25,金属材料工程,A868,青岛滨海学院,76,270913
2023,1,26,电气工程及其自动化,A868,青岛滨海学院,76,248542
2023,1,27,电子科学与技术,A868,青岛滨海学院,25,250362
2023,1,28,人工智能,A868,青岛滨海学院,26,250886
2023,1,29,计算机科学与技术,A868,青岛滨海学院,54,239833
2023,1,30,物联网工程,A868,青岛滨海学院,32,253342
2023,1,31,数据科学与大数据技术,A868,青岛滨海学院,26,245422
2023,1,32,土木工程,A868,青岛滨海学院,71,267600
2023,1,33,建筑环境与能源应用工程,A868,青岛滨海学院,49,271225
2023,1,34,给排水科学与工程,A868,青岛滨海学院,48,270386
2023,1,36,工程管理,A868,青岛滨海学院,39,267724
2023,1,37,工程造价,A868,青岛滨海学院,34,257583
2023,1,38,口腔医学,A868,青岛滨海学院,99,218710
2023,1,39,预防医学,A868,青岛滨海学院,84,244093
2023,1,41,食品营养与健康,A868,青岛滨海学院,50,250461
2023,1,42,医学检验技术,A868,青岛滨海学院,62,233175
2023,1,43,医学影像技术,A868,青岛滨海学院,60,234619
2023,1,44,康复治疗学,A868,青岛滨海学院,75,240919
2023,1,45,建筑学,A868,青岛滨海学院,39,249147
2023,1,01,土木工程,A878,安徽建筑大学,2,93760
2023,1,02,城市地下空间工程,A878,安徽建筑大学,2,139509
2023,1,03,道路桥梁与渡河工程,A878,安徽建筑大学,2,128147
2023,1,06,测绘工程,A878,安徽建筑大学,2,108447
2023,1,07,地质工程,A878,安徽建筑大学,2,141438
2023,1,08,勘查技术与工程,A878,安徽建筑大学,2,127096
2023,1,09,交通工程,A878,安徽建筑大学,2,100539
2023,1,0A,安全工程,A878,安徽建筑大学,2,120966
2023,1,0B,建筑学,A878,安徽建筑大学,1,108882
2023,1,0C,城乡规划,A878,安徽建筑大学,1,103701
2023,1,0D,风景园林,A878,安徽建筑大学,2,112406
2023,1,0E,地理信息科学,A878,安徽建筑大学,2,102599
2023,1,0F,能源与动力工程,A878,安徽建筑大学,2,96089
2023,1,0G,建筑环境与能源应用工程,A878,安徽建筑大学,2,131122
2023,1,0H,给排水科学与工程,A878,安徽建筑大学,2,149047
2023,1,0J,环境工程,A878,安徽建筑大学,2,126222
2023,1,0K,环境生态工程,A878,安徽建筑大学,2,147560
2023,1,0N,金融工程,A878,安徽建筑大学,2,132707
2023,1,0P,工程管理,A878,安徽建筑大学,3,131359
2023,1,0Q,房地产开发与管理,A878,安徽建筑大学,2,205682
2023,1,0S,会计学,A878,安徽建筑大学,2,74439
2023,1,0U,资产评估,A878,安徽建筑大学,2,116805
2023,1,0Y,计算机科学与技术,A878,安徽建筑大学,2,76365
2023,1,0Z,网络工程,A878,安徽建筑大学,2,77189
2023,1,11,建筑电气与智能化,A878,安徽建筑大学,2,100114
2023,1,12,应用化学,A878,安徽建筑大学,2,121332
2023,1,13,金属材料工程,A878,安徽建筑大学,2,159102
2023,1,17,化学工程与工艺,A878,安徽建筑大学,2,120798
2023,1,1B,声学,A878,安徽建筑大学,2,106451
2023,1,1C,统计学,A878,安徽建筑大学,2,107391
2023,1,1K,机械设计制造及其自动化,A878,安徽建筑大学,2,91010
2023,1,1L,机械电子工程,A878,安徽建筑大学,2,100281
2023,1,1M,工业设计,A878,安徽建筑大学,2,120924
2023,1,1N,过程装备与控制工程,A878,安徽建筑大学,2,116969
2023,1,1P,测控技术与仪器,A878,安徽建筑大学,2,111652
2023,1,1Q,电气工程及其自动化,A878,安徽建筑大学,2,81439
2023,1,1R,自动化,A878,安徽建筑大学,2,82378
2023,1,1S,法学,A878,安徽建筑大学,3,81817
2023,1,1T,人力资源管理,A878,安徽建筑大学,3,107861
2023,1,1U,劳动与社会保障,A878,安徽建筑大学,3,146275
2023,1,1W,城市管理,A878,安徽建筑大学,2,161678
2023,1,07,会计学,A879,安徽科技学院,1,139838
2023,1,09,电子信息工程,A879,安徽科技学院,1,118268
2023,1,0F,物流管理,A879,安徽科技学院,2,167509
2023,1,0H,市场营销,A879,安徽科技学院,2,183381
2023,1,0J,质量管理工程,A879,安徽科技学院,2,173323
2023,1,0M,材料科学与工程,A879,安徽科技学院,2,188419
2023,1,0N,新能源材料与器件,A879,安徽科技学院,2,171566
2023,1,0P,城乡规划,A879,安徽科技学院,1,157693
2023,1,0R,建筑学,A879,安徽科技学院,2,174028
2023,1,0S,土木工程,A879,安徽科技学院,2,178446
2023,1,0W,数据科学与大数据技术,A879,安徽科技学院,1,136932
2023,1,16,农业智能装备工程,A879,安徽科技学院,2,180979
2023,1,18,智慧农业,A879,安徽科技学院,2,166839
2023,1,1C,生物工程,A879,安徽科技学院,4,172527
2023,1,1D,中药学,A879,安徽科技学院,4,165355
2023,1,1E,药物制剂,A879,安徽科技学院,4,175169
2023,1,1G,生物制药,A879,安徽科技学院,3,154677
2023,1,1H,食品科学与工程,A879,安徽科技学院,3,182098
2023,1,1J,食品质量与安全,A879,安徽科技学院,3,181534
2023,1,1P,地理信息科学,A879,安徽科技学院,4,144248
2023,1,15,汉语言文学(师范类),A894,景德镇学院,2,136907
2023,1,21,财务管理,A894,景德镇学院,2,162750
2023,1,29,汽车服务工程,A894,景德镇学院,2,215485
2023,1,34,学前教育(师范类),A894,景德镇学院,2,182754
2023,1,08,汉语言文学(师范类),A895,萍乡学院,2,140145
2023,1,0S,环境生态工程,A895,萍乡学院,2,200533
2023,1,0V,工程管理,A895,萍乡学院,2,214017
2023,1,00,汉语言文学(师范类),A904,枣庄学院,90,124978
2023,1,01,汉语国际教育,A904,枣庄学院,30,171204
2023,1,03,行政管理,A904,枣庄学院,18,177858
2023,1,04,历史学(师范类),A904,枣庄学院,29,148650
2023,1,05,思想政治教育(师范类),A904,枣庄学院,36,143696
2023,1,06,日语,A904,枣庄学院,35,201704
2023,1,07,英语(师范类),A904,枣庄学院,80,156287
2023,1,0A,数学与应用数学(师范类),A904,枣庄学院,40,169119
2023,1,0B,应用统计学,A904,枣庄学院,50,191325
2023,1,0C,电气工程及其自动化,A904,枣庄学院,29,177585
2023,1,0H,电子信息工程,A904,枣庄学院,90,193558
2023,1,0J,光电信息科学与工程,A904,枣庄学院,50,200080
2023,1,0K,通信工程,A904,枣庄学院,24,185689
2023,1,0L,化学(师范类),A904,枣庄学院,35,177001
2023,1,0M,化学工程与工艺,A904,枣庄学院,65,202957
2023,1,0P,应用化学,A904,枣庄学院,40,196831
2023,1,0Q,生物科学(师范类),A904,枣庄学院,75,170415
2023,1,0R,生物技术,A904,枣庄学院,55,196959
2023,1,0S,制药工程,A904,枣庄学院,58,190701
2023,1,0T,食品科学与工程,A904,枣庄学院,44,194500
2023,1,0U,食品质量与安全,A904,枣庄学院,54,194297
2023,1,0V,地理科学(师范类),A904,枣庄学院,45,157256
2023,1,10,财务管理,A904,枣庄学院,28,159903
2023,1,12,心理学(师范类),A904,枣庄学院,30,173474
2023,1,13,学前教育(师范类),A904,枣庄学院,40,172250
2023,1,14,小学教育(师范类),A904,枣庄学院,40,159029
2023,1,18,金融数学,A904,枣庄学院,40,200221
2023,1,19,材料科学与工程,A904,枣庄学院,30,204254
2023,1,1A,植物科学与技术,A904,枣庄学院,35,199772
2023,1,1B,机器人工程,A904,枣庄学院,30,193040
2023,1,1D,经济统计学,A904,枣庄学院,40,187469
2023,1,1G,土木类,A904,枣庄学院,80,209935
2023,1,1J,生物信息学,A904,枣庄学院,40,198018
2023,1,1K,人工智能,A904,枣庄学院,35,193599
2023,1,1L,生物制药,A904,枣庄学院,70,197518
2023,1,1M,健康服务与管理,A904,枣庄学院,40,198682
2023,1,1P,智慧农业,A904,枣庄学院,40,206784
2023,1,1Q,智能装备与系统,A904,枣庄学院,45,203078
2023,1,1N,食品科学与工程(中外合作办学)(与韩国建国大学合作),A904,枣庄学院,80,232229
2023,1,20,金融工程(校企合作，与青岛英谷教育科技有限公司合作),A904,枣庄学院,50,208849
2023,1,21,数据科学与大数据技术(校企合作，与山东贝沃智能科技集团合作),A904,枣庄学院,40,207863
2023,1,24,工业设计(校企合作，与山东新视觉数码科技公司合作),A904,枣庄学院,40,216168
2023,1,25,机械设计制造及其自动化(校企合作，与北京华晟经世信息技术公司合作),A904,枣庄学院,100,215111
2023,1,27,光电信息科学与工程(校企合作，与北京中科特瑞科技有限公司合作),A904,枣庄学院,40,215530
2023,1,28,地理信息科学(校企合作，与北京中科特瑞科技有限公司合作),A904,枣庄学院,40,196231
2023,1,2B,财务管理(校企合作，与达内时代科技集团有限公司合作),A904,枣庄学院,40,182541
2023,1,2H,计算机科学与技术(校企合作，与山东贝沃智能科技集团合作),A904,枣庄学院,75,209801
2023,1,2J,计算机科学与技术(校企合作，与北京华晟经世信息技术股份有限公司合,A904,枣庄学院,100,212720
2023,1,2N,网络工程(校企合作，与北京华晟经世信息技术公司合作),A904,枣庄学院,100,215661
2023,1,2P,物联网工程(校企合作，与山东贝沃智能科技集团合作),A904,枣庄学院,40,209221
2023,1,20,艺术设计学,A908,山东工艺美术学院,15,198811
2023,1,21,美术学,A908,山东工艺美术学院,50,218453
2023,1,22,艺术史论,A908,山东工艺美术学院,15,211919
2023,1,A0,家具设计与工程,A908,山东工艺美术学院,26,226666
2023,1,A1,文化产业管理,A908,山东工艺美术学院,10,196492
2023,1,A3,工业设计,A908,山东工艺美术学院,70,214850
2023,1,A4,服装设计与工程,A908,山东工艺美术学院,10,209624
2023,1,A5,包装工程,A908,山东工艺美术学院,16,215169
2023,1,A6,风景园林,A908,山东工艺美术学院,11,204442
2023,1,A7,建筑学,A908,山东工艺美术学院,23,205400
2023,1,A8,城乡规划,A908,山东工艺美术学院,26,217154
2023,1,A9,智能交互设计,A908,山东工艺美术学院,26,215117
2023,1,15,汉语言文学(师范类),A918,黄淮学院,5,137530
2023,1,16,网络与新媒体,A918,黄淮学院,20,191408
2023,1,17,英语(师范类),A918,黄淮学院,10,173409
2023,1,21,新能源科学与工程,A918,黄淮学院,15,207184
2023,1,24,制药工程,A918,黄淮学院,20,198825
2023,1,25,市场营销,A918,黄淮学院,5,204477
2023,1,29,电子商务,A918,黄淮学院,20,207699
2023,1,30,数学与应用数学(师范类),A918,黄淮学院,10,185918
2023,1,34,通信工程,A918,黄淮学院,15,200001
2023,1,37,工程管理,A918,黄淮学院,5,217927
2023,1,38,土木工程,A918,黄淮学院,25,216602
2023,1,41,生物工程,A918,黄淮学院,20,205264
2023,1,42,园林,A918,黄淮学院,15,210578
2023,1,43,食品科学与工程,A918,黄淮学院,15,203860
2023,1,44,机械电子工程,A918,黄淮学院,20,208112
2023,1,46,物联网工程,A918,黄淮学院,15,197982
2023,1,55,新能源汽车工程,A918,黄淮学院,15,209770
2023,1,56,机器人工程,A918,黄淮学院,10,204162
2023,1,59,商务经济学,A918,黄淮学院,20,202341
2023,1,90,储能科学与工程,A918,黄淮学院,15,218498
2023,1,09,网络与新媒体,A919,平顶山学院,5,184303
2023,1,15,翻译,A919,平顶山学院,5,214542
2023,1,17,测控技术与仪器,A919,平顶山学院,5,212630
2023,1,18,电气工程及其自动化,A919,平顶山学院,5,195160
2023,1,19,机械电子工程,A919,平顶山学院,5,208698
2023,1,25,材料科学与工程,A919,平顶山学院,10,211154
2023,1,42,市场营销,A919,平顶山学院,8,212298
2023,1,50,旅游管理,A919,平顶山学院,10,213460
2023,1,57,护理学,A919,平顶山学院,10,167624
2023,1,8W,城乡规划,A919,平顶山学院,10,204547
2023,1,11,计算机类,A920,湖北理工学院,2,104983
2023,1,12,网络工程,A920,湖北理工学院,2,112529
2023,1,15,应用化学,A920,湖北理工学院,2,169205
2023,1,24,土木工程(荆楚卓越计划、房屋建筑方向、地下工程方向),A920,湖北理工学院,3,190564
2023,1,29,国际经济与贸易,A920,湖北理工学院,3,162547
2023,1,03,机械设计制造及其自动化(中外合作办学),A920,湖北理工学院,4,219665
2023,1,10,电子信息工程(中外合作办学),A920,湖北理工学院,4,213362
2023,1,0C,汉语言文学,A927,湖北科技学院,2,107535
2023,1,0Y,核工程与核技术,A927,湖北科技学院,2,126691
2023,1,04,临床医学,A929,湖北医药学院,2,59165
2023,1,06,麻醉学,A929,湖北医药学院,1,49917
2023,1,08,精神医学,A929,湖北医药学院,1,69871
2023,1,0A,口腔医学,A929,湖北医药学院,1,43739
2023,1,0E,医学检验技术,A929,湖北医药学院,1,77447
2023,1,0P,预防医学,A929,湖北医药学院,2,88218
2023,1,23,财务管理,A959,安徽三联学院,10,236877
2023,1,24,会计学,A959,安徽三联学院,10,231660
2023,1,25,国际经济与贸易,A959,安徽三联学院,10,244330
2023,1,08,汉语言文学,A964,吉林外国语大学,5,194506
2023,1,09,汉语国际教育,A964,吉林外国语大学,3,211585
2023,1,13,英语(英西班牙双语),A964,吉林外国语大学,3,200978
2023,1,15,英语(英韩双语),A964,吉林外国语大学,4,216266
2023,1,18,法语,A964,吉林外国语大学,4,228291
2023,1,19,西班牙语,A964,吉林外国语大学,3,221825
2023,1,21,日语,A964,吉林外国语大学,2,219480
2023,1,23,朝鲜语,A964,吉林外国语大学,2,248503
2023,1,33,商务英语,A964,吉林外国语大学,3,245201
2023,1,37,数据科学与大数据技术,A964,吉林外国语大学,4,222589
2023,1,47,俄语(中外合作办学),A964,吉林外国语大学,4,232601
2023,1,49,朝鲜语(中外合作办学),A964,吉林外国语大学,4,247058
2023,1,35,人工智能,A964,吉林外国语大学,6,233593
2023,1,14,法学,A976,贵阳学院,2,119161
2023,1,20,软件工程,A976,贵阳学院,4,182174
2023,1,26,电子信息工程,A976,贵阳学院,2,183771
2023,1,28,电子信息科学与技术,A976,贵阳学院,2,176313
2023,1,34,经济学,A976,贵阳学院,4,184434
2023,1,45,机械设计制造及其自动化,A976,贵阳学院,4,204336
2023,1,53,土木工程,A976,贵阳学院,2,203517
2023,1,04,学前教育(师范类),A977,六盘水师范学院,2,189506
2023,1,08,汉语言文学(师范类),A977,六盘水师范学院,2,143688
2023,1,0J,生物科学(师范类),A977,六盘水师范学院,2,171558
2023,1,0K,机械类,A977,六盘水师范学院,3,211756
2023,1,0L,能源与动力工程,A977,六盘水师范学院,2,210637
2023,1,0N,自动化,A977,六盘水师范学院,2,202544
2023,1,01,安全工程,A994,新疆工程学院,16,220958
2023,1,02,消防工程,A994,新疆工程学院,5,217623
2023,1,05,化学工程与工艺,A994,新疆工程学院,3,216027
2023,1,06,环境科学与工程,A994,新疆工程学院,3,219737
2023,1,07,材料科学与工程,A994,新疆工程学院,2,219695
2023,1,08,精细化工,A994,新疆工程学院,2,223808
2023,1,09,材料成型及控制工程,A994,新疆工程学院,5,218668
2023,1,12,焊接技术与工程,A994,新疆工程学院,4,219837
2023,1,13,机器人工程,A994,新疆工程学院,4,214002
2023,1,14,机械电子工程,A994,新疆工程学院,3,215818
2023,1,15,机械设计制造及其自动化,A994,新疆工程学院,4,216101
2023,1,16,测控技术与仪器,A994,新疆工程学院,6,219851
2023,1,18,自动化,A994,新疆工程学院,7,212247
2023,1,19,人工智能,A994,新疆工程学院,2,217191
2023,1,20,采矿工程,A994,新疆工程学院,8,222987
2023,1,21,地质工程,A994,新疆工程学院,5,221344
2023,1,22,勘查技术与工程,A994,新疆工程学院,3,220359
2023,1,23,矿物加工工程,A994,新疆工程学院,2,217529
2023,1,24,资源勘查工程,A994,新疆工程学院,2,212714
2023,1,25,电气工程及其自动化,A994,新疆工程学院,3,202697
2023,1,27,能源与动力工程,A994,新疆工程学院,4,217188
2023,1,28,新能源科学与工程,A994,新疆工程学院,4,217347
2023,1,29,土木工程,A994,新疆工程学院,12,221996
2023,1,30,测绘工程,A994,新疆工程学院,10,220842
2023,1,32,铁道工程,A994,新疆工程学院,6,217802
2023,1,36,物流工程,A994,新疆工程学院,12,216726
2023,1,38,能源经济,A994,新疆工程学院,6,214403
2023,1,40,数据科学与大数据技术,A994,新疆工程学院,2,209057
2023,1,41,通信工程,A994,新疆工程学院,5,217738
2023,1,42,物联网工程,A994,新疆工程学院,8,219757
2023,1,43,计算机科学与技术,A994,新疆工程学院,4,209868
2023,1,44,数学与应用数学,A994,新疆工程学院,4,217086
2023,1,U1,机械设计制造及其自动化,A994,新疆工程学院,2,218553
2023,1,V1,电气工程及其自动化,A994,新疆工程学院,2,210990
2023,1,W1,数据科学与大数据技术,A994,新疆工程学院,5,219682
2023,1,01,金融数学,A997,昌吉学院,30,224532
2023,1,20,教育技术学(师范类),A997,昌吉学院,10,221404
2023,1,43,小学教育(师范类),A997,昌吉学院,20,202592
2023,1,71,汉语言文学(师范类),A997,昌吉学院,30,189914
2023,1,87,秘书学,A997,昌吉学院,20,213597
2023,1,A7,网络与新媒体,A997,昌吉学院,20,214210
2023,1,AB,数学与应用数学(师范类),A997,昌吉学院,30,222268
2023,1,BQ,材料物理,A997,昌吉学院,30,223186
2023,1,BX,能源与动力工程,A997,昌吉学院,30,217659
2023,1,CR,计算机科学与技术,A997,昌吉学院,30,217921
2023,1,D8,网络工程,A997,昌吉学院,25,220093
2023,1,DL,化学工程与工艺,A997,昌吉学院,30,218212
2023,1,DZ,交通运输,A997,昌吉学院,20,218043
2023,1,EH,财务管理,A997,昌吉学院,15,205261
2023,1,FM,旅游管理,A997,昌吉学院,15,216971
2023,1,02,财务管理,B033,唐山学院,5,175399
2023,1,08,机械设计制造及其自动化,B033,唐山学院,5,193973
2023,1,0Y,电气工程及其自动化,B033,唐山学院,8,188020
2023,1,12,轨道交通信号与控制,B033,唐山学院,2,190828
2023,1,51,焊接技术与工程,B035,沈阳大学,4,141908
2023,1,61,土木工程,B035,沈阳大学,8,141887
2023,1,62,建筑环境与能源应用工程,B035,沈阳大学,4,142691
2023,1,73,旅游管理,B035,沈阳大学,4,168419
2023,1,76,日语,B035,沈阳大学,3,155412
2023,1,91,自动化(中外合作办学),B035,沈阳大学,4,183698
2023,1,92,工业工程(中外合作办学),B035,沈阳大学,5,187268
2023,1,01,会计学,B047,上海立信会计金融学院,6,31088
2023,1,02,财务管理,B047,上海立信会计金融学院,5,36901
2023,1,03,资产评估,B047,上海立信会计金融学院,2,42582
2023,1,04,审计学,B047,上海立信会计金融学院,6,34371
2023,1,06,金融工程,B047,上海立信会计金融学院,2,48436
2023,1,0C,行政管理,B047,上海立信会计金融学院,2,272657
2023,1,0D,劳动与社会保障,B047,上海立信会计金融学院,2,65837
2023,1,0F,应用统计学,B047,上海立信会计金融学院,4,51647
2023,1,0G,数学与应用数学,B047,上海立信会计金融学院,4,49122
2023,1,0H,金融数学,B047,上海立信会计金融学院,2,36360
2023,1,0K,计算机科学与技术,B047,上海立信会计金融学院,4,41888
2023,1,0L,电子商务,B047,上海立信会计金融学院,3,103110
2023,1,0M,数据科学与大数据技术,B047,上海立信会计金融学院,2,42684
2023,1,0N,商务英语,B047,上海立信会计金融学院,2,68899
2023,1,0R,保险学,B047,上海立信会计金融学院,3,69975
2023,1,0S,精算学,B047,上海立信会计金融学院,6,56010
2023,1,0T,法学,B047,上海立信会计金融学院,2,35311
2023,1,0V,金融科技,B047,上海立信会计金融学院,6,63326
2023,1,0X,汉语言文学,B047,上海立信会计金融学院,1,47053
2023,1,0Z,金融学,B047,上海立信会计金融学院,4,39408
2023,1,11,投资学,B047,上海立信会计金融学院,2,52712
2023,1,12,信用管理,B047,上海立信会计金融学院,2,57120
2023,1,13,财政学,B047,上海立信会计金融学院,1,37053
2023,1,14,税收学,B047,上海立信会计金融学院,4,43571
2023,1,15,工商管理,B047,上海立信会计金融学院,2,53537
2023,1,16,市场营销,B047,上海立信会计金融学院,2,68100
2023,1,17,人力资源管理,B047,上海立信会计金融学院,2,74251
2023,1,18,经济学,B047,上海立信会计金融学院,2,43608
2023,1,19,国际经济与贸易,B047,上海立信会计金融学院,4,56903
2023,1,1P,数字经济,B047,上海立信会计金融学院,1,49103
2023,1,02,国际经济与贸易,B048,金陵科技学院,1,110120
2023,1,04,市场营销,B048,金陵科技学院,1,120370
2023,1,14,会计学,B048,金陵科技学院,1,65648
2023,1,16,汉语国际教育,B048,金陵科技学院,1,86305
2023,1,17,古典文献学,B048,金陵科技学院,1,86372
2023,1,19,行政管理,B048,金陵科技学院,1,91275
2023,1,23,旅游管理,B048,金陵科技学院,1,102967
2023,1,25,机械设计制造及其自动化,B048,金陵科技学院,1,72216
2023,1,26,车辆工程,B048,金陵科技学院,1,100810
2023,1,28,建筑电气与智能化,B048,金陵科技学院,1,100518
2023,1,30,自动化,B048,金陵科技学院,1,67734
2023,1,33,土木工程,B048,金陵科技学院,1,119375
2023,1,36,工程管理,B048,金陵科技学院,1,112613
2023,1,42,数据科学与大数据技术,B048,金陵科技学院,1,73664
2023,1,43,电子信息工程,B048,金陵科技学院,1,61989
2023,1,46,通信工程,B048,金陵科技学院,1,71406
2023,1,48,光电信息科学与工程,B048,金陵科技学院,1,81006
2023,1,49,网络工程,B048,金陵科技学院,1,71438
2023,1,51,信息安全,B048,金陵科技学院,1,78255
2023,1,70,宝石及材料工艺学,B048,金陵科技学院,1,138898
2023,1,03,英语,B049,淮阴工学院,3,166337
2023,1,06,会计学,B049,淮阴工学院,2,129497
2023,1,10,经济与金融,B049,淮阴工学院,2,155753
2023,1,42,机械电子工程,B049,淮阴工学院,2,143993
2023,1,43,金属材料工程,B049,淮阴工学院,2,182032
2023,1,44,机器人工程,B049,淮阴工学院,2,145618
2023,1,45,工业设计,B049,淮阴工学院,3,175461
2023,1,46,车辆工程,B049,淮阴工学院,2,158779
2023,1,52,工程管理,B049,淮阴工学院,2,186435
2023,1,58,软件工程,B049,淮阴工学院,3,127894
2023,1,67,应用物理学,B049,淮阴工学院,4,174833
2023,1,71,俄语,B049,淮阴工学院,2,180701
2023,1,74,财务管理,B049,淮阴工学院,2,141163
2023,1,75,国际经济与贸易,B049,淮阴工学院,2,157613
2023,1,78,社会工作,B049,淮阴工学院,4,175275
2023,1,79,行政管理,B049,淮阴工学院,4,166477
2023,1,81,交通运输,B049,淮阴工学院,2,142949
2023,1,82,化学工程与工艺,B049,淮阴工学院,4,176305
2023,1,83,高分子材料与工程,B049,淮阴工学院,4,183627
2023,1,84,农学,B049,淮阴工学院,2,167689
2023,1,86,园林,B049,淮阴工学院,2,169608
2023,1,87,生物工程,B049,淮阴工学院,4,165956
2023,1,01,土木工程,B053,徐州工程学院,3,169542
2023,1,12,电子信息工程,B053,徐州工程学院,10,143837
2023,1,23,食品科学与工程,B053,徐州工程学院,10,166937
2023,1,24,生物工程,B053,徐州工程学院,10,172386
2023,1,48,物流工程,B053,徐州工程学院,1,144026
2023,1,65,英语,B053,徐州工程学院,6,141119
2023,1,66,朝鲜语,B053,徐州工程学院,4,220830
2023,1,67,汉语言文学,B053,徐州工程学院,6,109762
2023,1,74,会计学,B053,徐州工程学院,2,108661
2023,1,76,国际经济与贸易,B053,徐州工程学院,5,150698
2023,1,77,市场营销,B053,徐州工程学院,2,166883
2023,1,80,旅游管理,B053,徐州工程学院,1,148386
2023,1,W1,电气工程及其自动化(中外合作办学),B053,徐州工程学院,3,200032
2023,1,W2,机械电子工程(中外合作办学),B053,徐州工程学院,2,207348
2023,1,13,智能制造工程,B057,浙江科技学院,3,93703
2023,1,21,土木工程,B057,浙江科技学院,4,138597
2023,1,31,材料科学与工程,B057,浙江科技学院,5,127688
2023,1,36,信息管理与信息系统,B057,浙江科技学院,3,100134
2023,1,50,机械类(中德联合培养),B057,浙江科技学院,5,133546
2023,1,56,土木工程(中外合作办学)(中德合作办学),B057,浙江科技学院,5,230252
2023,1,04,电子科学与技术,B058,宁波工程学院,3,109785
2023,1,05,电气工程及其自动化,B058,宁波工程学院,4,101645
2023,1,08,工程管理,B058,宁波工程学院,2,149170
2023,1,12,机械设计制造及其自动化,B058,宁波工程学院,4,124938
2023,1,15,车辆工程,B058,宁波工程学院,2,127439
2023,1,17,油气储运工程,B058,宁波工程学院,4,156272
2023,1,18,应用化学,B058,宁波工程学院,3,150305
2023,1,20,材料科学与工程,B058,宁波工程学院,2,155588
2023,1,23,信息与计算科学,B058,宁波工程学院,2,116906
2023,1,26,会计学,B058,宁波工程学院,2,96879
2023,1,32,物流工程,B058,宁波工程学院,2,131678
2023,1,35,日语,B058,宁波工程学院,2,150954
2023,1,36,德语,B058,宁波工程学院,2,143119
2023,1,44,信息与计算科学(中外合作办学),B058,宁波工程学院,4,199139
2023,1,45,机械设计制造及其自动化(中外合作办学),B058,宁波工程学院,2,209250
2023,1,01,机械设计制造及其自动化,B059,合肥学院,2,125237
2023,1,21,食品科学与工程,B059,合肥学院,2,149189
2023,1,33,工商管理,B059,合肥学院,2,135981
2023,1,34,会计学,B059,合肥学院,2,121400
2023,1,35,财务管理,B059,合肥学院,2,121737
2023,1,37,供应链管理,B059,合肥学院,2,158962
2023,1,42,小学教育(师范类),B059,合肥学院,2,129891
2023,1,47,旅游管理,B059,合肥学院,2,183380
2023,1,51,物流管理(中外合作办学),B059,合肥学院,4,219389
2023,1,01,机械设计制造及其自动化,B062,厦门理工学院,3,82375
2023,1,02,车辆工程,B062,厦门理工学院,4,93663
2023,1,0D,自动化,B062,厦门理工学院,3,77753
2023,1,0G,通信工程,B062,厦门理工学院,3,90804
2023,1,0P,软件工程,B062,厦门理工学院,3,70395
2023,1,0S,土木工程,B062,厦门理工学院,3,121259
2023,1,1B,网络与新媒体,B062,厦门理工学院,3,78039
2023,1,26,电子信息工程(中外合作办学),B062,厦门理工学院,5,110854
2023,1,03,新能源科学与工程,B065,青岛大学,70,46153
2023,1,05,金融学,B065,青岛大学,101,62976
2023,1,06,法学,B065,青岛大学,125,32325
2023,1,0C,应用心理学,B065,青岛大学,25,51533
2023,1,0E,汉语言文学,B065,青岛大学,80,35788
2023,1,0G,英语,B065,青岛大学,20,42147
2023,1,0H,德语,B065,青岛大学,26,84768
2023,1,0J,日语,B065,青岛大学,19,65089
2023,1,0K,朝鲜语,B065,青岛大学,17,89531
2023,1,0L,法语,B065,青岛大学,13,81543
2023,1,0M,西班牙语,B065,青岛大学,13,78878
2023,1,0P,新闻学,B065,青岛大学,22,47669
2023,1,0R,电气工程及其自动化,B065,青岛大学,197,38983
2023,1,0X,应用化学,B065,青岛大学,61,60643
2023,1,1D,临床医学(5+3一体化),B065,青岛大学,150,14387
2023,1,1E,临床医学,B065,青岛大学,272,23399
2023,1,1F,医学影像学,B065,青岛大学,51,26987
2023,1,1G,医学检验技术,B065,青岛大学,40,39282
2023,1,1H,口腔医学,B065,青岛大学,35,18833
2023,1,1J,预防医学,B065,青岛大学,19,46282
2023,1,1L,药学,B065,青岛大学,66,46591
2023,1,1P,软件工程,B065,青岛大学,118,35161
2023,1,1Q,临床医学(5+3一体化，儿科),B065,青岛大学,20,17917
2023,1,1R,物流管理,B065,青岛大学,15,63107
2023,1,1S,工商管理,B065,青岛大学,53,56827
2023,1,1T,会计学,B065,青岛大学,121,47459
2023,1,1X,自动化,B065,青岛大学,153,42176
2023,1,2C,生物技术,B065,青岛大学,53,52838
2023,1,5K,微电子科学与工程,B065,青岛大学,122,45769
2023,1,5M,工业设计,B065,青岛大学,23,54244
2023,1,6Q,机器人工程,B065,青岛大学,64,46948
2023,1,6R,智能制造工程,B065,青岛大学,82,49859
2023,1,71,电子信息工程,B065,青岛大学,83,39852
2023,1,72,通信工程,B065,青岛大学,84,42868
2023,1,75,计算机科学与技术,B065,青岛大学,116,31751
2023,1,78,智能科学与技术,B065,青岛大学,69,41834
2023,1,7B,食品科学与工程,B065,青岛大学,26,53756
2023,1,81,经济学,B065,青岛大学,65,63907
2023,1,82,财政学,B065,青岛大学,31,55486
2023,1,84,数学与应用数学,B065,青岛大学,92,50989
2023,1,8B,数学与应用数学(拔尖人才创新班),B065,青岛大学,30,44401
2023,1,8C,应用物理学(拔尖人才创新班),B065,青岛大学,60,55388
2023,1,8D,应用化学(拔尖人才创新班),B065,青岛大学,30,55993
2023,1,8F,机械工程(卓越创新班),B065,青岛大学,60,50708
2023,1,8H,预防医学(卓越创新班),B065,青岛大学,30,46133
2023,1,8N,环境科学与工程,B065,青岛大学,58,69857
2023,1,8Q,国际政治,B065,青岛大学,17,54363
2023,1,8S,化学工程与工艺,B065,青岛大学,40,57027
2023,1,8U,轻化工程,B065,青岛大学,27,63905
2023,1,8W,护理学,B065,青岛大学,27,60607
2023,1,8Y,标准化工程,B065,青岛大学,21,52396
2023,1,90,材料类,B065,青岛大学,10,55444
2023,1,92,能源与动力工程,B065,青岛大学,67,49321
2023,1,94,行政管理,B065,青岛大学,19,51692
2023,1,96,信息管理与信息系统,B065,青岛大学,26,51136
2023,1,98,旅游管理,B065,青岛大学,18,71271
2023,1,9A,应用物理学,B065,青岛大学,7,50175
2023,1,9C,光电信息科学与工程,B065,青岛大学,31,45436
2023,1,9E,信息安全,B065,青岛大学,73,38567
2023,1,9G,测控技术与仪器,B065,青岛大学,39,54317
2023,1,9J,机械工程,B065,青岛大学,27,50041
2023,1,9L,应用统计学,B065,青岛大学,65,54567
2023,1,2H,国际经济与贸易(地方专项计划),B065,青岛大学,10,98098
2023,1,74,服装设计与工程(地方专项计划),B065,青岛大学,20,134579
2023,1,8P,环境科学与工程(地方专项计划),B065,青岛大学,10,84555
2023,1,8R,国际政治(地方专项计划),B065,青岛大学,5,72947
2023,1,8T,化学工程与工艺(地方专项计划),B065,青岛大学,10,65941
2023,1,8V,轻化工程(地方专项计划),B065,青岛大学,20,79545
2023,1,8X,护理学(地方专项计划),B065,青岛大学,15,76633
2023,1,8Z,标准化工程(地方专项计划),B065,青岛大学,5,59640
2023,1,91,材料类(地方专项计划),B065,青岛大学,20,69779
2023,1,93,能源与动力工程(地方专项计划),B065,青岛大学,10,51449
2023,1,95,行政管理(地方专项计划),B065,青岛大学,10,71349
2023,1,97,信息管理与信息系统(地方专项计划),B065,青岛大学,5,53160
2023,1,99,旅游管理(地方专项计划),B065,青岛大学,10,97704
2023,1,9B,应用物理学(地方专项计划),B065,青岛大学,10,57652
2023,1,9D,光电信息科学与工程(地方专项计划),B065,青岛大学,5,47356
2023,1,9F,信息安全(地方专项计划),B065,青岛大学,5,40310
2023,1,9H,测控技术与仪器(地方专项计划),B065,青岛大学,10,59252
2023,1,9K,机械工程(地方专项计划),B065,青岛大学,15,54964
2023,1,9M,应用统计学(地方专项计划),B065,青岛大学,5,56520
2023,1,9P,纺织工程(卓越创新班，地方专项计划),B065,青岛大学,20,108607
2023,1,1M,软件工程(校企合作，与NIIT合作，软件外包方向),B065,青岛大学,60,53151
2023,1,01,汉语言文学,B066,烟台大学,214,71713
2023,1,02,新闻学,B066,烟台大学,64,101385
2023,1,03,汉语国际教育,B066,烟台大学,40,96249
2023,1,04,法学,B066,烟台大学,158,40855
2023,1,05,知识产权,B066,烟台大学,30,51044
2023,1,06,英语,B066,烟台大学,120,102910
2023,1,07,朝鲜语,B066,烟台大学,23,142344
2023,1,08,日语,B066,烟台大学,23,162253
2023,1,09,国际经济与贸易,B066,烟台大学,44,106291
2023,1,10,工商管理,B066,烟台大学,67,100809
2023,1,11,会计学,B066,烟台大学,64,72301
2023,1,12,投资学,B066,烟台大学,59,119843
2023,1,13,人力资源管理,B066,烟台大学,44,105569
2023,1,14,数学与应用数学,B066,烟台大学,138,108705
2023,1,15,信息与计算科学,B066,烟台大学,80,101563
2023,1,16,统计学,B066,烟台大学,76,99080
2023,1,17,应用物理学,B066,烟台大学,95,126343
2023,1,18,电子信息科学与技术,B066,烟台大学,124,82185
2023,1,19,通信工程,B066,烟台大学,72,85199
2023,1,20,物联网工程,B066,烟台大学,73,90106
2023,1,21,集成电路设计与集成系统,B066,烟台大学,88,102262
2023,1,22,计算机科学与技术,B066,烟台大学,123,70676
2023,1,23,自动化,B066,烟台大学,76,86848
2023,1,24,软件工程,B066,烟台大学,84,75177
2023,1,25,人工智能,B066,烟台大学,68,90811
2023,1,26,机械设计制造及其自动化,B066,烟台大学,197,110749
2023,1,27,车辆工程,B066,烟台大学,90,116418
2023,1,28,机器人工程,B066,烟台大学,88,100027
2023,1,29,建筑学,B066,烟台大学,80,114582
2023,1,30,城乡规划,B066,烟台大学,31,110358
2023,1,31,土木工程,B066,烟台大学,95,135254
2023,1,32,给排水科学与工程,B066,烟台大学,41,135221
2023,1,33,工程管理,B066,烟台大学,40,135500
2023,1,34,应用化学,B066,烟台大学,124,131631
2023,1,35,化学工程与工艺,B066,烟台大学,92,134390
2023,1,36,高分子材料与工程,B066,烟台大学,74,133065
2023,1,37,生物科学,B066,烟台大学,58,106317
2023,1,38,生物工程,B066,烟台大学,77,123243
2023,1,39,生物制药,B066,烟台大学,75,117639
2023,1,40,食品科学与工程,B066,烟台大学,47,121679
2023,1,41,食品质量与安全,B066,烟台大学,70,120259
2023,1,42,药学,B066,烟台大学,154,106628
2023,1,43,制药工程,B066,烟台大学,73,114831
2023,1,44,水产养殖学,B066,烟台大学,17,136361
2023,1,45,海洋科学,B066,烟台大学,51,122840
2023,1,46,能源与动力工程,B066,烟台大学,63,105317
2023,1,49,环境科学与工程,B066,烟台大学,31,124694
2023,1,50,材料科学与工程,B066,烟台大学,35,134096
2023,1,51,环保设备工程,B066,烟台大学,22,134285
2023,1,52,核工程与核技术,B066,烟台大学,35,118280
2023,1,53,金属材料工程,B066,烟台大学,17,134959
2023,1,92,本科预科班（招收边防军人子女）,B066,烟台大学,8,229998
2023,1,Z1,法学(中外合作办学),B066,烟台大学,96,74424
2023,1,Z2,材料科学与工程(中外合作办学),B066,烟台大学,100,218819
2023,1,Z3,车辆工程(中外合作办学),B066,烟台大学,90,226102
2023,1,Z4,环境科学与工程(中外合作办学),B066,烟台大学,90,228524
2023,1,Z5,环保设备工程(中外合作办学),B066,烟台大学,90,235559
2023,1,01,数学与应用数学(师范类),B067,潍坊学院,40,137097
2023,1,02,信息与计算科学,B067,潍坊学院,32,167108
2023,1,03,应用统计学,B067,潍坊学院,36,162553
2023,1,04,物理学(师范类),B067,潍坊学院,49,154200
2023,1,05,电子科学与技术,B067,潍坊学院,49,162478
2023,1,06,光电信息科学与工程,B067,潍坊学院,24,166865
2023,1,09,通信工程,B067,潍坊学院,34,160900
2023,1,10,化学(师范类),B067,潍坊学院,39,149622
2023,1,11,化学工程与工艺,B067,潍坊学院,35,177779
2023,1,13,环境工程,B067,潍坊学院,25,183020
2023,1,14,制药工程,B067,潍坊学院,25,171313
2023,1,15,生物科学(师范类),B067,潍坊学院,36,146073
2023,1,16,海洋渔业科学与技术,B067,潍坊学院,36,199216
2023,1,17,设施农业科学与工程,B067,潍坊学院,48,195125
2023,1,18,园林,B067,潍坊学院,49,196336
2023,1,19,种子科学与工程,B067,潍坊学院,51,190562
2023,1,20,机械设计制造及其自动化,B067,潍坊学院,44,165095
2023,1,21,农业机械化及其自动化,B067,潍坊学院,24,178606
2023,1,23,工业设计,B067,潍坊学院,25,182016
2023,1,24,自动化,B067,潍坊学院,45,165039
2023,1,25,机器人工程,B067,潍坊学院,64,173387
2023,1,26,计算机科学与技术,B067,潍坊学院,36,132641
2023,1,27,网络工程,B067,潍坊学院,24,148014
2023,1,30,土木工程,B067,潍坊学院,48,188047
2023,1,31,建筑学,B067,潍坊学院,34,172595
2023,1,32,工程管理,B067,潍坊学院,22,188197
2023,1,33,英语(师范类),B067,潍坊学院,61,133486
2023,1,34,日语,B067,潍坊学院,35,180485
2023,1,35,朝鲜语,B067,潍坊学院,25,204223
2023,1,36,法语,B067,潍坊学院,20,185000
2023,1,38,会计学,B067,潍坊学院,54,133724
2023,1,39,市场营销,B067,潍坊学院,28,181540
2023,1,40,国际经济与贸易,B067,潍坊学院,36,171316
2023,1,41,经济与金融,B067,潍坊学院,21,155234
2023,1,42,供应链管理,B067,潍坊学院,35,192365
2023,1,43,思想政治教育(师范类),B067,潍坊学院,37,119933
2023,1,45,法学,B067,潍坊学院,111,123718
2023,1,46,行政管理,B067,潍坊学院,52,171406
2023,1,47,历史学(师范类),B067,潍坊学院,44,127929
2023,1,48,旅游管理,B067,潍坊学院,26,185363
2023,1,49,文物与博物馆学,B067,潍坊学院,19,161817
2023,1,50,汉语言文学(师范类),B067,潍坊学院,102,108399
2023,1,52,小学教育(师范类),B067,潍坊学院,24,131911
2023,1,54,应用心理学,B067,潍坊学院,25,164508
2023,1,55,学前教育(师范类),B067,潍坊学院,90,168910
2023,1,56,特殊教育(师范类),B067,潍坊学院,50,166489
2023,1,58,广播电视学,B067,潍坊学院,36,173200
2023,1,90,智能制造工程,B067,潍坊学院,49,180925
2023,1,61,应用统计学(校企合作，与青岛英谷教育科技股份有限公司合作),B067,潍坊学院,70,197316
2023,1,62,电子科学与技术(校企合作，与青岛英谷教育科技股份有限公司合作),B067,潍坊学院,60,204107
2023,1,63,机械设计制造及其自动化(校企合作，与青岛英谷教育科技股份有限公司,B067,潍坊学院,60,207376
2023,1,64,自动化(校企合作，与青岛英谷教育科技股份有限公司合作),B067,潍坊学院,60,207399
2023,1,65,计算机科学与技术(校企合作，与青岛英谷教育科技股份有限公司合作),B067,潍坊学院,80,181379
2023,1,67,数字媒体技术(校企合作，与杭州时光坐标影视传媒股份有限公司合作),B067,潍坊学院,40,195261
2023,1,68,会计学(校企合作，与青岛英谷教育科技股份有限公司合作),B067,潍坊学院,70,171483
2023,1,70,机械设计制造及其自动化(校企合作，与潍柴控股集团有限公司合作，共,B067,潍坊学院,50,208586
2023,1,71,自动化(校企合作，与潍柴控股集团有限公司合作，共建产业学院),B067,潍坊学院,50,209142
2023,1,73,电子科学与技术(校企合作，与歌尔股份有限公司合作，共建产业学院),B067,潍坊学院,80,210826
2023,1,93,数据科学与大数据技术(校企合作，与北京华晟经世信息技术股份有限公,B067,潍坊学院,80,191007
2023,1,94,数字媒体技术(校企合作，与北京华晟经世信息技术股份有限公司合作),B067,潍坊学院,80,198596
2023,1,95,软件工程(校企合作，与上海智翔信息科技发展有限公司合作),B067,潍坊学院,80,173347
2023,1,96,通信工程(校企合作，与上海智翔信息科技发展有限公司合作),B067,潍坊学院,80,205533
2023,1,03,电子信息工程,B068,郑州工程技术学院,1,167169
2023,1,07,机械设计制造及其自动化,B068,郑州工程技术学院,1,160252
2023,1,20,酒店管理,B068,郑州工程技术学院,4,212019
2023,1,55,物联网工程,B068,郑州工程技术学院,1,165910
2023,1,59,商务英语,B068,郑州工程技术学院,6,208712
2023,1,72,物流工程,B068,郑州工程技术学院,4,204632
2023,1,73,高分子材料与工程,B068,郑州工程技术学院,5,190462
2023,1,76,车辆工程,B068,郑州工程技术学院,1,194257
2023,1,78,广告学,B068,郑州工程技术学院,4,186848
2023,1,7D,软件工程,B068,郑州工程技术学院,1,158407
2023,1,7E,智能建造,B068,郑州工程技术学院,1,191317
2023,1,7F,投资学,B068,郑州工程技术学院,6,204691
2023,1,02,无机非金属材料工程,B070,洛阳理工学院,8,188686
2023,1,09,机械设计制造及其自动化,B070,洛阳理工学院,4,153505
2023,1,16,电气工程及其自动化,B070,洛阳理工学院,4,138554
2023,1,17,自动化,B070,洛阳理工学院,4,156069
2023,1,22,计算机科学与技术,B070,洛阳理工学院,4,130550
2023,1,25,软件工程,B070,洛阳理工学院,4,137852
2023,1,26,数据科学与大数据技术,B070,洛阳理工学院,4,146938
2023,1,29,土木工程,B070,洛阳理工学院,4,181152
2023,1,31,建筑环境与能源应用工程,B070,洛阳理工学院,4,195152
2023,1,35,工程造价,B070,洛阳理工学院,4,181196
2023,1,45,工商管理,B070,洛阳理工学院,4,166734
2023,1,53,会计学,B070,洛阳理工学院,4,135692
2023,1,57,学前教育(师范类),B070,洛阳理工学院,4,180276
2023,1,58,英语,B070,洛阳理工学院,2,168361
2023,1,60,商务英语,B070,洛阳理工学院,4,177146
2023,1,64,新闻学,B070,洛阳理工学院,4,158998
2023,1,10,机械设计制造及其自动化(中外合作办学),B070,洛阳理工学院,4,216745
2023,1,06,外国语言文学类,B071,新乡学院,4,180000
2023,1,07,俄语,B071,新乡学院,4,206804
2023,1,08,新闻传播学类,B071,新乡学院,4,177332
2023,1,09,数学类,B071,新乡学院,6,193621
2023,1,0D,生物技术,B071,新乡学院,5,201722
2023,1,0G,机械类,B071,新乡学院,6,206301
2023,1,0J,材料类,B071,新乡学院,7,212809
2023,1,0M,电气工程及其自动化,B071,新乡学院,6,193853
2023,1,0N,电子信息类,B071,新乡学院,6,200096
2023,1,0S,计算机类,B071,新乡学院,10,192994
2023,1,0T,土木类,B071,新乡学院,6,213888
2023,1,0V,化学工程与工艺,B071,新乡学院,7,206806
2023,1,10,建筑类,B071,新乡学院,6,200829
2023,1,17,物业管理(物业智能化管理方向),B071,新乡学院,4,208350
2023,1,1C,酒店管理(旅居新业态方向),B071,新乡学院,4,212067
2023,1,1L,机械设计制造及其自动化(中外合作办学),B071,新乡学院,10,223324
2023,1,2D,智能制造工程,B072,江汉大学,3,72009
2023,1,3C,金融学(CFA特许分析师),B072,江汉大学,4,82121
2023,1,3D,会计学(ACCA国际注册会计师),B072,江汉大学,4,77009
2023,1,11,水利水电工程,B075,三峡大学,9,42090
2023,1,13,港口航道与海岸工程,B075,三峡大学,2,56402
2023,1,14,工程管理(含造价方向),B075,三峡大学,5,124635
2023,1,21,土木工程,B075,三峡大学,8,105268
2023,1,22,建筑类,B075,三峡大学,6,78476
2023,1,23,地质工程,B075,三峡大学,2,66641
2023,1,31,机械设计制造及其自动化,B075,三峡大学,3,48230
2023,1,32,智能制造工程,B075,三峡大学,3,62652
2023,1,33,能源与动力工程,B075,三峡大学,3,55272
2023,1,41,材料类(含无损检测、光电低碳材料、储能材料方向),B075,三峡大学,6,90659
2023,1,42,化学工程与工艺(现代智能化工方向、化工新材料方向),B075,三峡大学,8,81121
2023,1,43,储能科学与工程(电力储能方向),B075,三峡大学,6,55965
2023,1,51,电气工程及其自动化,B075,三峡大学,12,23302
2023,1,52,电气工程及其自动化(输电线路工程方向),B075,三峡大学,6,26531
2023,1,54,智能电网信息工程,B075,三峡大学,4,27371
2023,1,62,通信工程,B075,三峡大学,2,38270
2023,1,63,数据科学与大数据技术(智能数据分析方向),B075,三峡大学,3,35314
2023,1,71,人力资源管理,B075,三峡大学,2,84764
2023,1,72,投资学,B075,三峡大学,4,107960
2023,1,73,旅游管理(数字文旅),B075,三峡大学,2,137222
2023,1,74,供应链管理,B075,三峡大学,2,101421
2023,1,81,临床医学,B075,三峡大学,4,38255
2023,1,82,医学影像学,B075,三峡大学,2,34988
2023,1,83,中医学,B075,三峡大学,7,60845
2023,1,84,药学,B075,三峡大学,4,71433
2023,1,85,护理学,B075,三峡大学,2,80128
2023,1,86,预防医学,B075,三峡大学,2,83746
2023,1,B1,物理学(设物理学、物理师范教育、光电信息3个方向),B075,三峡大学,5,68510
2023,1,B2,数学类(设数学师范教育、大数据与科学计算2个方向),B075,三峡大学,5,63056
2023,1,C1,化学(能源、环境化学两个方向),B075,三峡大学,4,84354
2023,1,C2,制药工程,B075,三峡大学,6,68945
2023,1,C3,生物工程(制药、食品发酵方向),B075,三峡大学,6,68810
2023,1,C4,生物科学(生科、生态学方向),B075,三峡大学,6,67788
2023,1,F1,外国语言文学类(英语含教师教育、翻译、国际传播三个方向),B075,三峡大学,4,78725
2023,1,G2,电气工程及其自动化(中外合作办学),B075,三峡大学,2,41976
2023,1,01,土木工程,B077,长沙学院,2,162967
2023,1,04,机械设计制造及其自动化,B077,长沙学院,2,132112
2023,1,07,智能制造工程,B077,长沙学院,2,134458
2023,1,10,软件工程,B077,长沙学院,2,110825
2023,1,11,网络空间安全,B077,长沙学院,2,120108
2023,1,17,电气工程及其自动化,B077,长沙学院,2,120036
2023,1,18,电子信息工程,B077,长沙学院,2,120494
2023,1,22,法学,B077,长沙学院,2,87978
2023,1,23,汉语言文学,B077,长沙学院,2,96311
2023,1,25,英语,B077,长沙学院,2,129460
2023,1,29,财务管理,B077,长沙学院,2,115484
2023,1,30,物业管理,B077,长沙学院,2,168390
2023,1,33,旅游管理,B077,长沙学院,2,152849
2023,1,34,应用化学,B077,长沙学院,2,158765
2023,1,38,生物制药,B077,长沙学院,2,140370
2023,1,03,国际经济与贸易,B078,广州大学,3,46250
2023,1,04,统计学,B078,广州大学,3,34652
2023,1,06,法学,B078,广州大学,3,24327
2023,1,14,应用心理学,B078,广州大学,3,43550
2023,1,24,广播电视学,B078,广州大学,3,55392
2023,1,31,会计学,B078,广州大学,3,33677
2023,1,38,行政管理,B078,广州大学,4,55714
2023,1,55,化学工程与工艺,B078,广州大学,3,49251
2023,1,68,电子信息工程,B078,广州大学,2,30631
2023,1,70,物联网工程,B078,广州大学,3,33165
2023,1,79,土木类,B078,广州大学,3,51328
2023,1,87,集成电路设计与集成系统,B078,广州大学,2,29134
2023,1,1K,工程造价,B079,成都大学,2,76110
2023,1,1L,工商管理,B079,成都大学,2,73339
2023,1,1R,旅游管理,B079,成都大学,2,82163
2023,1,1T,会展经济与管理,B079,成都大学,2,89389
2023,1,27,化学,B079,成都大学,2,88843
2023,1,2D,数据科学与大数据技术(中外合作办学),B079,成都大学,2,86788
2023,1,01,汉语言文学(师范类),B080,西安文理学院,2,107665
2023,1,08,英语(师范类),B080,西安文理学院,2,144426
2023,1,19,软件工程,B080,西安文理学院,2,111952
2023,1,25,光电信息科学与工程,B080,西安文理学院,2,126479
2023,1,29,化学(师范类),B080,西安文理学院,2,124899
2023,1,41,经济与金融,B080,西安文理学院,2,143236
2023,1,55,电子商务,B080,西安文理学院,2,132335
2023,1,56,市场营销,B080,西安文理学院,2,142636
2023,1,01,国际事务与国际关系,B100,海南热带海洋学院,2,148205
2023,1,06,汉语言文学,B100,海南热带海洋学院,3,154464
2023,1,07,汉语国际教育,B100,海南热带海洋学院,3,194618
2023,1,08,秘书学,B100,海南热带海洋学院,2,171066
2023,1,10,俄语,B100,海南热带海洋学院,2,219509
2023,1,12,新闻学,B100,海南热带海洋学院,3,186359
2023,1,15,市场营销,B100,海南热带海洋学院,2,199812
2023,1,16,财务管理,B100,海南热带海洋学院,2,165196
2023,1,17,物流管理,B100,海南热带海洋学院,2,168835
2023,1,18,电子商务,B100,海南热带海洋学院,2,183067
2023,1,21,会展经济与管理,B100,海南热带海洋学院,2,195028
2023,1,53,海洋科学,B100,海南热带海洋学院,2,183200
2023,1,54,海洋技术,B100,海南热带海洋学院,2,184792
2023,1,57,生物技术,B100,海南热带海洋学院,3,189013
2023,1,60,通信工程,B100,海南热带海洋学院,2,175194
2023,1,61,电子信息科学与技术,B100,海南热带海洋学院,2,186440
2023,1,62,计算机科学与技术,B100,海南热带海洋学院,3,157291
2023,1,63,软件工程,B100,海南热带海洋学院,2,160811
2023,1,64,网络工程,B100,海南热带海洋学院,2,176629
2023,1,67,环境工程,B100,海南热带海洋学院,2,198055
2023,1,68,食品科学与工程,B100,海南热带海洋学院,4,205587
2023,1,69,食品质量与安全,B100,海南热带海洋学院,2,206660
2023,1,71,水产养殖学,B100,海南热带海洋学院,3,187047
2023,1,72,海洋渔业科学与技术,B100,海南热带海洋学院,3,190122
2023,1,73,海事管理,B100,海南热带海洋学院,2,179338
2023,1,23,市场营销(中外合作办学),B100,海南热带海洋学院,5,230486
2023,1,24,旅游管理(中外合作办学),B100,海南热带海洋学院,11,220895
2023,1,01,应急技术与管理,B104,华北科技学院,8,135274
2023,1,02,防灾减灾科学与工程,B104,华北科技学院,8,143173
2023,1,04,采矿工程,B104,华北科技学院,21,187106
2023,1,05,矿物加工工程,B104,华北科技学院,6,187516
2023,1,06,消防工程,B104,华北科技学院,6,145286
2023,1,07,安全工程,B104,华北科技学院,4,129951
2023,1,08,安全生产监管,B104,华北科技学院,6,142940
2023,1,0D,化工安全工程,B104,华北科技学院,12,176904
2023,1,0F,环境工程,B104,华北科技学院,8,181755
2023,1,0G,材料科学与工程,B104,华北科技学院,10,183225
2023,1,0H,应用化学,B104,华北科技学院,14,181068
2023,1,0K,应急装备技术与工程,B104,华北科技学院,5,144868
2023,1,0L,机械设计制造及其自动化,B104,华北科技学院,4,140319
2023,1,0M,电气工程及其自动化,B104,华北科技学院,3,116465
2023,1,0R,自动化,B104,华北科技学院,4,122480
2023,1,0S,通信工程,B104,华北科技学院,6,141113
2023,1,0U,建筑电气与智能化,B104,华北科技学院,10,168479
2023,1,0V,计算机科学与技术,B104,华北科技学院,3,109277
2023,1,0Y,网络工程,B104,华北科技学院,8,139196
2023,1,0Z,物联网工程,B104,华北科技学院,8,136115
2023,1,10,网络空间安全,B104,华北科技学院,8,137221
2023,1,11,会计学,B104,华北科技学院,6,114054
2023,1,12,国际经济与贸易,B104,华北科技学院,6,157594
2023,1,14,市场营销,B104,华北科技学院,6,180147
2023,1,16,公共事业管理,B104,华北科技学院,8,156904
2023,1,17,供应链管理,B104,华北科技学院,6,168903
2023,1,18,土木工程,B104,华北科技学院,6,171867
2023,1,1E,汉语言文学,B104,华北科技学院,9,117891
2023,1,1F,法学,B104,华北科技学院,2,95798
2023,1,1L,英语,B104,华北科技学院,8,145068
2023,1,1P,应用统计学,B104,华北科技学院,10,151559
2023,1,0C,安全工程(中外合作办学)(职业安全与公共健康),B104,华北科技学院,10,199969
2023,1,1F,消防工程,B105,中国人民警察大学,3,68576
2023,1,2F,火灾勘查,B105,中国人民警察大学,2,70006
2023,1,4F,消防指挥,B105,中国人民警察大学,2,77274
2023,1,5F,抢险救援指挥与技术,B105,中国人民警察大学,2,92081
2023,1,6F,核生化消防,B105,中国人民警察大学,3,101803
2023,1,7F,海外安全管理,B105,中国人民警察大学,8,77353
2023,1,05,智能制造工程,B116,成都工业学院,2,124013
2023,1,08,环境科学与工程,B116,成都工业学院,2,162282
2023,1,11,计算机类,B116,成都工业学院,2,92836
2023,1,14,电子信息类,B116,成都工业学院,2,107742
2023,1,17,自动化,B116,成都工业学院,2,93434
2023,1,21,网络工程,B116,成都工业学院,2,122562
2023,1,22,金融科技,B116,成都工业学院,2,144222
2023,1,29,车辆工程,B116,成都工业学院,2,153635
2023,1,0G,英语(师范类),B117,扬州大学,1,24943
2023,1,0M,日语,B117,扬州大学,2,71796
2023,1,0X,高分子材料与工程,B117,扬州大学,1,26828
2023,1,1H,工程管理,B117,扬州大学,1,54909
2023,1,1M,电气工程及其自动化,B117,扬州大学,1,23998
2023,1,1Q,建筑环境与能源应用工程,B117,扬州大学,3,47800
2023,1,1T,环境工程,B117,扬州大学,1,41377
2023,1,1U,给排水科学与工程,B117,扬州大学,2,45788
2023,1,1W,农学,B117,扬州大学,3,40860
2023,1,1Z,植物保护,B117,扬州大学,2,44905
2023,1,23,动物科学,B117,扬州大学,1,42477
2023,1,26,动物医学,B117,扬州大学,3,32230
2023,1,2A,生物技术,B117,扬州大学,1,30907
2023,1,2M,经济学,B117,扬州大学,2,32641
2023,1,2T,工商管理,B117,扬州大学,2,35806
2023,1,3Y,汉语言文学(师范类),B117,扬州大学,1,20634
2023,1,4C,法学,B117,扬州大学,1,20520
2023,1,53,土木工程,B117,扬州大学,2,42621
2023,1,B0,烹饪与营养教育,B117,扬州大学,2,55393
2023,1,0B,英语,B122,三江学院,3,221410
2023,1,0K,知识产权,B122,三江学院,2,219555
2023,1,0N,财务管理,B122,三江学院,12,224956
2023,1,0P,国际经济与贸易,B122,三江学院,3,233833
2023,1,0R,投资学,B122,三江学院,2,228584
2023,1,1R,计算机科学与技术,B122,三江学院,2,226190
2023,1,1S,软件工程,B122,三江学院,15,235640
2023,1,1V,智能车辆工程,B122,三江学院,3,236371
2023,1,1Y,电气工程及其自动化,B122,三江学院,3,227746
2023,1,20,机械设计制造及其自动化,B122,三江学院,3,240096
2023,1,22,土木工程,B122,三江学院,10,255405
2023,1,25,集成电路设计与集成系统,B122,三江学院,3,226267
2023,1,11,女性学,B149,中华女子学院,4,68625
2023,1,12,社会工作,B149,中华女子学院,4,94508
2023,1,13,社会学,B149,中华女子学院,3,82524
2023,1,14,法学,B149,中华女子学院,4,59939
2023,1,15,会计学,B149,中华女子学院,4,80124
2023,1,16,人力资源管理,B149,中华女子学院,4,102852
2023,1,17,养老服务管理,B149,中华女子学院,2,107457
2023,1,18,金融学,B149,中华女子学院,3,96880
2023,1,19,学前教育(师范类),B149,中华女子学院,2,94148
2023,1,20,应用心理学(师范类),B149,中华女子学院,3,89640
2023,1,21,家庭教育,B149,中华女子学院,2,99303
2023,1,22,数字媒体技术,B149,中华女子学院,4,98391
2023,1,23,汉语国际教育(师范类),B149,中华女子学院,3,85409
2023,1,24,网络与新媒体,B149,中华女子学院,2,89597
2023,1,04,临床医学,B230,齐齐哈尔医学院,11,96835
2023,1,07,精神医学,B230,齐齐哈尔医学院,2,106642
2023,1,0G,预防医学,B230,齐齐哈尔医学院,4,134791
2023,1,0H,临床药学,B230,齐齐哈尔医学院,1,134267
2023,1,0J,药学类,B230,齐齐哈尔医学院,1,136407
2023,1,0M,医学检验技术,B230,齐齐哈尔医学院,2,123007
2023,1,0N,医学影像技术,B230,齐齐哈尔医学院,5,134588
2023,1,0Q,康复治疗学,B230,齐齐哈尔医学院,1,145695
2023,1,01,机械设计制造及其自动化,B232,北京信息科技大学,7,35464
2023,1,06,机器人工程(勤信实验班),B232,北京信息科技大学,2,29181
2023,1,09,智能感知工程(勤信实验班),B232,北京信息科技大学,2,32133
2023,1,0A,自动化,B232,北京信息科技大学,2,28008
2023,1,0B,电气工程及其自动化,B232,北京信息科技大学,2,25013
2023,1,0D,人工智能(勤信实验班),B232,北京信息科技大学,2,25690
2023,1,0G,物联网工程,B232,北京信息科技大学,2,29446
2023,1,0H,电子信息类(勤信实验班),B232,北京信息科技大学,2,24584
2023,1,0K,软件工程,B232,北京信息科技大学,2,25923
2023,1,0M,数据科学与大数据技术,B232,北京信息科技大学,4,27488
2023,1,0N,计算机类(勤信实验班),B232,北京信息科技大学,4,23542
2023,1,0Q,会计学(智能会计勤信实验班),B232,北京信息科技大学,2,29694
2023,1,0W,国际经济与贸易(数字贸易),B232,北京信息科技大学,3,43313
2023,1,13,传播学,B232,北京信息科技大学,2,44466
2023,1,15,翻译,B232,北京信息科技大学,2,61572
2023,1,17,电子信息科学与技术,B232,北京信息科技大学,4,28391
2023,1,01,计算机科学与技术,B242,太原学院,5,169553
2023,1,02,网络工程,B242,太原学院,5,188090
2023,1,05,机械工程,B242,太原学院,6,200153
2023,1,06,汽车服务工程,B242,太原学院,4,210753
2023,1,08,新能源材料与器件,B242,太原学院,3,205348
2023,1,10,建筑环境与能源应用工程,B242,太原学院,4,213511
2023,1,11,土木工程,B242,太原学院,6,210595
2023,1,19,酒店管理,B242,太原学院,2,204444
2023,1,20,会展经济与管理,B242,太原学院,2,201495
2023,1,22,财务管理,B242,太原学院,3,173106
2023,1,01,金融学,B258,大连大学,2,66204
2023,1,03,国际经济与贸易,B258,大连大学,2,72630
2023,1,04,法学,B258,大连大学,3,40074
2023,1,05,小学教育(师范类),B258,大连大学,2,61842
2023,1,08,运动康复,B258,大连大学,4,100831
2023,1,10,汉语国际教育,B258,大连大学,3,64770
2023,1,12,日语,B258,大连大学,3,89582
2023,1,13,翻译,B258,大连大学,3,104494
2023,1,16,化学,B258,大连大学,6,88953
2023,1,17,生物技术,B258,大连大学,3,83485
2023,1,18,机械设计制造及其自动化,B258,大连大学,3,60374
2023,1,19,材料成型及控制工程,B258,大连大学,5,108971
2023,1,24,电子信息工程,B258,大连大学,3,54833
2023,1,27,自动化,B258,大连大学,3,55598
2023,1,29,软件工程,B258,大连大学,2,36157
2023,1,31,土木工程,B258,大连大学,4,97369
2023,1,32,建筑环境与能源应用工程,B258,大连大学,5,115190
2023,1,33,化学工程与工艺,B258,大连大学,3,69664
2023,1,34,制药工程,B258,大连大学,4,79366
2023,1,35,环境工程,B258,大连大学,4,105609
2023,1,36,建筑学,B258,大连大学,3,94998
2023,1,37,生物工程,B258,大连大学,4,76822
2023,1,38,临床医学,B258,大连大学,3,24176
2023,1,39,口腔医学,B258,大连大学,4,19734
2023,1,41,医学检验技术,B258,大连大学,5,63203
2023,1,42,护理学,B258,大连大学,5,82603
2023,1,43,工程管理,B258,大连大学,5,118532
2023,1,50,旅游管理,B258,大连大学,4,129687
2023,1,51,酒店管理,B258,大连大学,5,184041
2023,1,64,工商管理,B258,大连大学,2,78342
2023,1,66,会计学,B258,大连大学,3,65262
2023,1,69,数学与应用数学,B258,大连大学,3,65493
2023,1,L5,数据科学与大数据技术,B258,大连大学,3,49529
2023,1,Z7,园艺,B258,大连大学,5,118063
2023,1,ZH,会计学(中外合作办学),B258,大连大学,4,96222
2023,1,02,财政学,B261,吉林工商学院,3,157356
2023,1,03,税收学,B261,吉林工商学院,2,152793
2023,1,04,金融学,B261,吉林工商学院,3,165589
2023,1,08,国际经济与贸易,B261,吉林工商学院,3,195580
2023,1,09,英语,B261,吉林工商学院,4,177951
2023,1,10,日语,B261,吉林工商学院,2,195738
2023,1,13,机械设计制造及其自动化,B261,吉林工商学院,3,179972
2023,1,14,机械电子工程,B261,吉林工商学院,2,203947
2023,1,15,电子信息工程,B261,吉林工商学院,3,185517
2023,1,17,计算机科学与技术,B261,吉林工商学院,6,172534
2023,1,22,食品质量与安全,B261,吉林工商学院,4,190827
2023,1,23,粮食工程,B261,吉林工商学院,2,188826
2023,1,24,烹饪与营养教育,B261,吉林工商学院,2,203283
2023,1,29,市场营销,B261,吉林工商学院,3,203232
2023,1,30,会计学,B261,吉林工商学院,4,145761
2023,1,33,审计学,B261,吉林工商学院,2,131108
2023,1,36,电子商务,B261,吉林工商学院,2,195161
2023,1,01,机械类,B276,南京工程学院,6,61154
2023,1,02,工业工程,B276,南京工程学院,3,70022
2023,1,03,材料类,B276,南京工程学院,5,98810
2023,1,04,材料成型及控制工程,B276,南京工程学院,2,87548
2023,1,05,能源动力类,B276,南京工程学院,5,62743
2023,1,06,核工程与核技术,B276,南京工程学院,3,60499
2023,1,07,建筑环境与能源应用工程,B276,南京工程学院,2,64724
2023,1,08,环境科学与工程类,B276,南京工程学院,3,100738
2023,1,12,交通设备与控制工程,B276,南京工程学院,2,66716
2023,1,15,机器人工程,B276,南京工程学院,2,55792
2023,1,19,计算机科学与技术,B276,南京工程学院,2,36752
2023,1,25,电气工程及其自动化(电力系统及其自动化),B276,南京工程学院,3,25395
2023,1,27,电气工程及其自动化(输配电工程),B276,南京工程学院,3,27292
2023,1,30,电气工程与智能控制,B276,南京工程学院,2,28380
2023,1,33,通信工程,B276,南京工程学院,2,45824
2023,1,38,建筑学,B276,南京工程学院,3,72054
2023,1,40,城市地下空间工程,B276,南京工程学院,2,96396
2023,1,44,会计学,B276,南京工程学院,3,54203
2023,1,46,财务管理,B276,南京工程学院,3,60817
2023,1,48,国际经济与贸易,B276,南京工程学院,3,90545
2023,1,49,社会工作,B276,南京工程学院,2,91091
2023,1,52,工程造价,B276,南京工程学院,2,67709
2023,1,32,电气工程及其自动化(中外合作办学),B276,南京工程学院,5,44980
2023,1,A1,软件工程(中外合作办学),B276,南京工程学院,5,85644
2023,1,A2,土木工程(中外合作办学),B276,南京工程学院,2,99282
2023,1,A3,环境工程(中外合作办学),B276,南京工程学院,2,192089
2023,1,01,经济学,B287,南京审计大学,2,27876
2023,1,03,财政学,B287,南京审计大学,2,22647
2023,1,04,税收学,B287,南京审计大学,2,25600
2023,1,05,金融学,B287,南京审计大学,3,27484
2023,1,08,投资学,B287,南京审计大学,2,33601
2023,1,0E,法学(法务会计),B287,南京审计大学,3,24233
2023,1,0N,计算机科学与技术,B287,南京审计大学,2,23244
2023,1,0V,工程审计,B287,南京审计大学,1,28918
2023,1,0W,工商管理,B287,南京审计大学,3,34831
2023,1,0Y,金融审计,B287,南京审计大学,2,19345
2023,1,11,审计学,B287,南京审计大学,3,15682
2023,1,1A,会计学,B287,南京审计大学,3,21993
2023,1,1B,财务管理,B287,南京审计大学,2,25507
2023,1,16,金融工程(中外合作办学),B287,南京审计大学,2,43950
2023,1,17,信息管理与信息系统(中外合作办学),B287,南京审计大学,2,50601
2023,1,18,工程管理(中外合作办学),B287,南京审计大学,2,62853
2023,1,19,审计学(中外合作办学),B287,南京审计大学,4,35470
2023,1,15,生物制药,B305,蚌埠学院,5,190445
2023,1,06,数学与应用数学(师范类),B306,池州学院,3,193250
2023,1,08,计算机科学与技术,B306,池州学院,3,181846
2023,1,36,材料化学,B306,池州学院,3,202517
2023,1,37,高分子材料与工程,B306,池州学院,2,202733
2023,1,39,环境工程,B306,池州学院,3,207419
2023,1,41,市场营销,B306,池州学院,2,199187
2023,1,20,电子商务,B311,三明学院,2,195060
2023,1,23,数字经济,B311,三明学院,1,209659
2023,1,24,数字媒体技术,B311,三明学院,3,186496
2023,1,26,网络工程,B311,三明学院,2,193909
2023,1,27,物联网工程,B311,三明学院,2,190809
2023,1,33,机械设计制造及其自动化,B311,三明学院,6,200670
2023,1,43,土木工程,B311,三明学院,4,212902
2023,1,46,智能建造与智慧交通,B311,三明学院,1,191572
2023,1,50,汉语言文学(非师范类),B311,三明学院,2,153558
2023,1,51,传播学,B311,三明学院,2,189745
2023,1,54,商务英语,B311,三明学院,2,199810
2023,1,0A,投资学,B312,龙岩学院,2,199588
2023,1,0B,国际经济与贸易,B312,龙岩学院,4,202079
2023,1,0G,计算机科学与技术,B312,龙岩学院,2,171769
2023,1,0M,机械设计制造及其自动化,B312,龙岩学院,2,182274
2023,1,16,运动康复,B312,龙岩学院,2,192293
2023,1,09,工商管理,B313,福建商学院,1,171300
2023,1,0B,人力资源管理,B313,福建商学院,1,156223
2023,1,0D,零售业管理,B313,福建商学院,1,196744
2023,1,0F,供应链管理,B313,福建商学院,1,182958
2023,1,0H,财务管理,B313,福建商学院,1,141079
2023,1,0M,烹饪与营养教育,B313,福建商学院,1,179584
2023,1,0P,会展经济与管理,B313,福建商学院,2,192281
2023,1,0S,通信工程,B313,福建商学院,2,158168
2023,1,0V,日语,B313,福建商学院,1,206949
2023,1,18,日语,B318,江西科技师范大学,2,164409
2023,1,1D,财务管理(大数据财管),B318,江西科技师范大学,2,117701
2023,1,1H,国际经济与贸易,B318,江西科技师范大学,2,139773
2023,1,1L,法学,B318,江西科技师范大学,3,77968
2023,1,26,计算机科学与技术,B318,江西科技师范大学,2,96382
2023,1,2W,药物制剂,B318,江西科技师范大学,3,152244
2023,1,30,金属材料工程,B318,江西科技师范大学,3,173433
2023,1,38,数字经济,B318,江西科技师范大学,1,137535
2023,1,39,生物制药,B318,江西科技师范大学,1,149463
2023,1,40,汉语言文学(师范类),B318,江西科技师范大学,3,80142
2023,1,44,历史学(师范类),B318,江西科技师范大学,2,86160
2023,1,46,英语(师范类),B318,江西科技师范大学,2,101915
2023,1,4C,会计学(国际会计),B318,江西科技师范大学,2,116800
2023,1,4F,旅游管理(含职教师范),B318,江西科技师范大学,3,171964
2023,1,4G,酒店管理(国际酒店),B318,江西科技师范大学,2,173355
2023,1,4J,物流管理(含职教师范),B318,江西科技师范大学,3,157575
2023,1,4R,教育技术学(师范类),B318,江西科技师范大学,2,122435
2023,1,4S,学前教育(师范类),B318,江西科技师范大学,2,127768
2023,1,4T,思想政治教育(师范类),B318,江西科技师范大学,2,89598
2023,1,55,数学与应用数学(师范类),B318,江西科技师范大学,2,112423
2023,1,5G,化学(师范类),B318,江西科技师范大学,2,118727
2023,1,5L,土木工程(含职教师范),B318,江西科技师范大学,2,164530
2023,1,5R,食品科学与工程(含职教师范),B318,江西科技师范大学,2,156423
2023,1,5X,机械设计制造及其自动化(含职教师范),B318,江西科技师范大学,2,139406
2023,1,04,水利水电工程,B319,南昌工程学院,5,143574
2023,1,05,水文与水资源工程,B319,南昌工程学院,2,154779
2023,1,07,智慧水利,B319,南昌工程学院,4,167264
2023,1,0E,土木工程,B319,南昌工程学院,4,186411
2023,1,0G,工程造价,B319,南昌工程学院,2,165381
2023,1,0J,智能建造,B319,南昌工程学院,2,168220
2023,1,0K,机械设计制造及其自动化,B319,南昌工程学院,2,138057
2023,1,0L,机器人工程,B319,南昌工程学院,2,137300
2023,1,0M,工业工程,B319,南昌工程学院,2,160796
2023,1,0N,电气工程及其自动化,B319,南昌工程学院,2,109048
2023,1,0P,自动化,B319,南昌工程学院,2,138320
2023,1,0U,计算机科学与技术,B319,南昌工程学院,4,121769
2023,1,0V,数据科学与大数据技术,B319,南昌工程学院,2,130874
2023,1,0W,应用统计学,B319,南昌工程学院,2,151195
2023,1,0X,香料香精技术与工程,B319,南昌工程学院,2,183212
2023,1,0Y,市场营销,B319,南昌工程学院,2,172940
2023,1,0Z,物流管理,B319,南昌工程学院,2,168267
2023,1,12,应急管理,B319,南昌工程学院,2,174725
2023,1,14,国际经济与贸易,B319,南昌工程学院,2,161441
2023,1,15,审计学,B319,南昌工程学院,2,129703
2023,1,17,新闻传播学类,B319,南昌工程学院,2,150210
2023,1,18,英语,B319,南昌工程学院,2,170976
2023,1,05,网络工程,B326,信阳农林学院,8,200279
2023,1,09,制药工程,B326,信阳农林学院,8,207270
2023,1,10,食品科学与工程,B326,信阳农林学院,8,214708
2023,1,18,园艺,B326,信阳农林学院,8,199483
2023,1,28,水产养殖学,B326,信阳农林学院,8,211904
2023,1,41,工业工程,B329,河南工学院,10,204610
2023,1,43,财务管理,B329,河南工学院,5,175100
2023,1,57,材料成型及控制工程,B329,河南工学院,10,211746
2023,1,63,电缆工程,B329,河南工学院,10,208733
2023,1,15,网络工程,B330,安阳工学院,2,186830
2023,1,26,飞行器制造工程,B330,安阳工学院,2,196654
2023,1,37,物流管理,B330,安阳工学院,2,208482
2023,1,40,食品科学与工程,B330,安阳工学院,2,189016
2023,1,42,电子商务,B330,安阳工学院,2,199366
2023,1,46,飞行器适航技术,B330,安阳工学院,2,202415
2023,1,48,商务英语(民航服务英语方向),B330,安阳工学院,2,196929
2023,1,51,动物医学,B330,安阳工学院,2,155315
2023,1,71,土木工程(中外合作办学),B330,安阳工学院,2,222758
2023,1,72,城乡规划(中外合作办学),B330,安阳工学院,2,227510
2023,1,77,信息管理与信息系统(中外合作办学),B330,安阳工学院,3,222249
2023,1,09,法学,B332,湖北警官学院,9,102006
2023,1,0A,计算机科学与技术,B332,湖北警官学院,3,120911
2023,1,0B,信息安全,B332,湖北警官学院,3,126555
2023,1,03,外国语言文学类,B336,荆楚理工学院,6,196673
2023,1,04,网络与新媒体,B336,荆楚理工学院,3,187064
2023,1,0D,印刷工程,B336,荆楚理工学院,2,200813
2023,1,0H,植物科学与技术,B336,荆楚理工学院,2,185308
2023,1,0U,化学工程与工艺,B336,荆楚理工学院,2,190594
2023,1,2P,工商管理类,B336,荆楚理工学院,3,182884
2023,1,2R,应用物理学(师范类),B336,荆楚理工学院,2,196869
2023,1,05,商务英语,B342,湖南工程学院,4,210444
2023,1,18,材料化学,B342,湖南工程学院,2,188143
2023,1,25,电子信息工程,B342,湖南工程学院,2,143085
2023,1,29,自动化,B342,湖南工程学院,2,143598
2023,1,36,纺织工程,B342,湖南工程学院,4,200448
2023,1,39,建筑学,B342,湖南工程学院,4,179506
2023,1,43,工商管理,B342,湖南工程学院,2,178275
2023,1,45,会计学,B342,湖南工程学院,2,151007
2023,1,60,机器人工程,B342,湖南工程学院,2,145197
2023,1,69,电气工程及其自动化(中外合作办学),B342,湖南工程学院,2,185889
2023,1,6A,机械设计制造及其自动化(中外合作办学),B342,湖南工程学院,2,215357
2023,1,6B,软件工程(中外合作办学),B342,湖南工程学院,2,215250
2023,1,27,汉语言文学,B349,五邑大学,2,83640
2023,1,93,通信工程,B349,五邑大学,1,88777
2023,1,20,机械设计制造及其自动化,B354,梧州学院,4,201589
2023,1,25,制药工程,B354,梧州学院,3,199827
2023,1,41,汉语言文学,B354,梧州学院,2,158636
2023,1,42,汉语国际教育,B354,梧州学院,2,189971
2023,1,13,生物工程,B360,攀枝花学院,3,189242
2023,1,35,土木工程,B360,攀枝花学院,3,212476
2023,1,03,思想政治教育(师范类),B390,玉溪师范学院,2,152926
2023,1,04,汉语言文学(师范类),B390,玉溪师范学院,2,137944
2023,1,08,泰语,B390,玉溪师范学院,2,221092
2023,1,0A,小学教育(师范类),B390,玉溪师范学院,2,168580
2023,1,0J,经济与金融,B390,玉溪师范学院,2,202117
2023,1,0P,化学(师范类),B390,玉溪师范学院,2,176811
2023,1,0V,数学与应用数学(师范类),B390,玉溪师范学院,2,188871
2023,1,0Y,物理学(师范类),B390,玉溪师范学院,2,194043
2023,1,0C,思想政治教育(师范类),B391,楚雄师范学院,2,175653
2023,1,0G,学前教育(师范类),B391,楚雄师范学院,3,206963
2023,1,0W,化学(师范类),B391,楚雄师范学院,2,222601
2023,1,0X,地理科学(师范类),B391,楚雄师范学院,3,178701
2023,1,10,生物技术,B391,楚雄师范学院,3,203758
2023,1,15,电气工程及其自动化,B391,楚雄师范学院,3,203604
2023,1,16,电子信息科学与技术,B391,楚雄师范学院,2,219605
2023,1,1H,会计学,B391,楚雄师范学院,2,179314
2023,1,01,法学,B392,云南警官学院,3,118259
2023,1,03,网络空间安全,B392,云南警官学院,2,140639
2023,1,02,国际经济与贸易,B393,昆明学院,2,186870
2023,1,03,工商管理,B393,昆明学院,2,164495
2023,1,07,学前教育(师范类),B393,昆明学院,2,180221
2023,1,08,特殊教育(师范类),B393,昆明学院,2,175106
2023,1,15,英语(师范类),B393,昆明学院,2,162122
2023,1,16,泰语,B393,昆明学院,2,205162
2023,1,19,软件工程,B393,昆明学院,2,142262
2023,1,1D,智能制造工程,B393,昆明学院,2,163083
2023,1,1E,土木工程,B393,昆明学院,2,178708
2023,1,1H,建筑学,B393,昆明学院,2,176714
2023,1,1K,动物医学,B393,昆明学院,2,162075
2023,1,1L,植物保护,B393,昆明学院,2,173951
2023,1,1P,临床医学,B393,昆明学院,2,94833
2023,1,1S,药学,B393,昆明学院,2,172143
2023,1,1U,烹饪与营养教育,B393,昆明学院,2,200185
2023,1,1W,数学与应用数学(师范类),B393,昆明学院,2,157801
2023,1,1Z,物理学(师范类),B393,昆明学院,2,181078
2023,1,04,数学与应用数学(师范类),B395,榆林学院,3,190632
2023,1,05,物理学(师范类),B395,榆林学院,2,191521
2023,1,06,化学(师范类),B395,榆林学院,3,182372
2023,1,0A,过程装备与控制工程,B395,榆林学院,2,205660
2023,1,0G,土木工程,B395,榆林学院,3,210883
2023,1,0H,给排水科学与工程,B395,榆林学院,3,212986
2023,1,0J,化学工程与工艺,B395,榆林学院,3,205124
2023,1,0V,安全工程,B395,榆林学院,3,210851
2023,1,0X,动物科学,B395,榆林学院,2,199640
2023,1,1E,英语(师范类),B395,榆林学院,2,175302
2023,1,1F,新能源科学与工程,B395,榆林学院,2,192148
2023,1,1H,建筑环境与能源应用工程,B395,榆林学院,3,212504
2023,1,1K,设施农业科学与工程,B395,榆林学院,3,206374
2023,1,2J,动物科学,B395,榆林学院,2,216587
2023,1,2M,新闻学,B395,榆林学院,2,210952
2023,1,1D,机械设计制造及其自动化(中外合作办学),B395,榆林学院,3,226428
2023,1,03,思想政治教育(师范类),B396,商洛学院,2,152734
2023,1,05,应用心理学(师范类),B396,商洛学院,2,173082
2023,1,13,网络与新媒体,B396,商洛学院,2,182509
2023,1,19,化学(师范类),B396,商洛学院,2,182631
2023,1,20,应用化学,B396,商洛学院,2,206714
2023,1,30,土木工程,B396,商洛学院,2,213534
2023,1,37,城乡规划,B396,商洛学院,2,199305
2023,1,45,会计学,B396,商洛学院,2,183135
2023,1,Z1,电气工程及其自动化(中外合作办学),B396,商洛学院,2,221001
2023,1,01,思想政治教育(师范类),B397,安康学院,2,155005
2023,1,02,学前教育(师范类),B397,安康学院,2,185175
2023,1,03,小学教育(师范类),B397,安康学院,2,168284
2023,1,05,秘书学,B397,安康学院,2,182598
2023,1,08,网络与新媒体,B397,安康学院,2,191648
2023,1,15,应用化学,B397,安康学院,2,208432
2023,1,16,生物技术,B397,安康学院,2,201536
2023,1,17,统计学,B397,安康学院,2,186012
2023,1,21,物联网工程,B397,安康学院,2,188306
2023,1,25,环境生态工程,B397,安康学院,2,194049
2023,1,27,农学,B397,安康学院,2,193998
2023,1,29,园林,B397,安康学院,2,197771
2023,1,33,工程造价,B397,安康学院,2,210638
2023,1,34,会计学,B397,安康学院,2,169040
2023,1,35,财务管理,B397,安康学院,2,175823
2023,1,08,新闻学,B400,西安培华学院,2,214857
2023,1,09,网络与新媒体,B400,西安培华学院,2,218878
2023,1,10,金融工程,B400,西安培华学院,5,229104
2023,1,11,市场营销,B400,西安培华学院,2,235389
2023,1,12,会计学,B400,西安培华学院,2,215294
2023,1,13,财务管理,B400,西安培华学院,1,210306
2023,1,14,人力资源管理,B400,西安培华学院,2,222057
2023,1,17,建筑学,B400,西安培华学院,3,240151
2023,1,19,法学,B400,西安培华学院,5,192475
2023,1,21,汉语言文学,B400,西安培华学院,2,191297
2023,1,22,汉语国际教育,B400,西安培华学院,4,226569
2023,1,23,英语,B400,西安培华学院,3,227413
2023,1,24,日语,B400,西安培华学院,2,224311
2023,1,27,医学检验技术,B400,西安培华学院,1,202025
2023,1,28,护理学,B400,西安培华学院,1,189201
2023,1,34,康复治疗学,B400,西安培华学院,1,214831
2023,1,35,口腔医学技术,B400,西安培华学院,1,212268
2023,1,01,金融学,B406,甘肃政法大学,1,92740
2023,1,02,国际经济与贸易,B406,甘肃政法大学,1,123448
2023,1,04,知识产权,B406,甘肃政法大学,3,68321
2023,1,06,政治学与行政学,B406,甘肃政法大学,2,68199
2023,1,08,思想政治教育,B406,甘肃政法大学,2,75820
2023,1,13,汉语言文学,B406,甘肃政法大学,2,71555
2023,1,16,新闻学,B406,甘肃政法大学,2,86536
2023,1,18,人工智能,B406,甘肃政法大学,3,109666
2023,1,19,计算机科学与技术,B406,甘肃政法大学,3,100319
2023,1,20,信息安全,B406,甘肃政法大学,3,97614
2023,1,21,网络空间安全,B406,甘肃政法大学,3,108286
2023,1,27,工商管理,B406,甘肃政法大学,2,116235
2023,1,28,市场营销,B406,甘肃政法大学,1,159190
2023,1,29,会计学,B406,甘肃政法大学,2,106123
2023,1,30,财务管理,B406,甘肃政法大学,1,107593
2023,1,31,人力资源管理,B406,甘肃政法大学,2,121797
2023,1,33,行政管理,B406,甘肃政法大学,2,105070
2023,1,3A,法学,B406,甘肃政法大学,30,65006
2023,1,FL,英语(法律英语方向),B406,甘肃政法大学,2,90265
2023,1,FW,法学(卓越法治基地实验班政府法治方向),B406,甘肃政法大学,3,46554
2023,1,FZ,法学(卓越法治基地实验班生态环境法治方向),B406,甘肃政法大学,3,53636
2023,1,JT,经济统计学,B406,甘肃政法大学,2,122874
2023,1,KP,刑事科学技术,B406,甘肃政法大学,1,66927
2023,1,RG,法学(卓越法治基地实验班智慧法治方向),B406,甘肃政法大学,3,51211
2023,1,SD,数据科学与大数据技术,B406,甘肃政法大学,1,102202
2023,1,SY,法学(涉外法治方向),B406,甘肃政法大学,3,54006
2023,1,WM,网络与新媒体,B406,甘肃政法大学,2,92540
2023,1,01,材料类,B407,北方民族大学,5,170046
2023,1,03,电子信息类,B407,北方民族大学,2,130160
2023,1,04,医学影像技术,B407,北方民族大学,1,130481
2023,1,05,机械类,B407,北方民族大学,2,152087
2023,1,08,旅游管理,B407,北方民族大学,2,179587
2023,1,09,公共管理类,B407,北方民族大学,2,145325
2023,1,10,化工与制药类,B407,北方民族大学,2,150540
2023,1,11,制药工程(与合肥工业大学联合培养),B407,北方民族大学,2,149014
2023,1,12,计算机类,B407,北方民族大学,2,123929
2023,1,13,工商管理类(人力资源工商方向),B407,北方民族大学,1,117658
2023,1,14,工商管理类(财务会计方向),B407,北方民族大学,1,107482
2023,1,15,法学,B407,北方民族大学,2,94207
2023,1,16,生物科学类,B407,北方民族大学,1,122401
2023,1,18,食品科学与工程,B407,北方民族大学,1,138061
2023,1,19,食品科学与工程(与合肥工业大学联合培养),B407,北方民族大学,1,137580
2023,1,20,土木类,B407,北方民族大学,1,170339
2023,1,21,水利水电工程,B407,北方民族大学,1,138470
2023,1,22,英语,B407,北方民族大学,1,144303
2023,1,23,日语,B407,北方民族大学,1,146393
2023,1,24,阿拉伯语,B407,北方民族大学,1,143395
2023,1,25,汉语言文学,B407,北方民族大学,1,87796
2023,1,26,新闻传播学类,B407,北方民族大学,1,117542
2023,1,27,民族学,B407,北方民族大学,1,127840
2023,1,28,历史学,B407,北方民族大学,1,91226
2023,1,29,数学类,B407,北方民族大学,1,118013
2023,1,30,统计学类,B407,北方民族大学,1,125133
2023,1,31,数据科学与大数据技术,B407,北方民族大学,1,118413
2023,1,32,金融数学,B407,北方民族大学,1,138420
2023,1,43,经济学类,B407,北方民族大学,2,127538
2023,1,44,电子商务,B407,北方民族大学,1,145331
2023,1,45,物流管理,B407,北方民族大学,1,142626
2023,1,95,电气工程及其自动化,B407,北方民族大学,2,130334
2023,1,96,自动化,B407,北方民族大学,2,136249
2023,1,A8,软件工程(中外合作办学),B407,北方民族大学,4,182138
2023,1,11,采矿工程,B413,中国矿业大学(北京),2,30063
2023,1,12,工业工程,B413,中国矿业大学(北京),2,22566
2023,1,13,新能源科学与工程,B413,中国矿业大学(北京),3,18697
2023,1,14,智能采矿工程,B413,中国矿业大学(北京),4,29219
2023,1,21,安全科学与工程类,B413,中国矿业大学(北京),9,27441
2023,1,33,地球物理学,B413,中国矿业大学(北京),4,29524
2023,1,41,矿物加工工程,B413,中国矿业大学(北京),5,31767
2023,1,42,环境工程,B413,中国矿业大学(北京),8,33103
2023,1,43,化学工程与工艺,B413,中国矿业大学(北京),7,28709
2023,1,44,碳储科学与工程,B413,中国矿业大学(北京),2,20754
2023,1,51,计算机科学与技术,B413,中国矿业大学(北京),8,13008
2023,1,52,电气工程及其自动化,B413,中国矿业大学(北京),8,13857
2023,1,56,人工智能,B413,中国矿业大学(北京),4,15530
2023,1,57,机械类,B413,中国矿业大学(北京),8,20844
2023,1,58,智能制造工程,B413,中国矿业大学(北京),2,18065
2023,1,61,工商管理类,B413,中国矿业大学(北京),12,26027
2023,1,71,工程力学,B413,中国矿业大学(北京),5,24339
2023,1,73,建筑学,B413,中国矿业大学(北京),2,25588
2023,1,74,城市地下空间工程,B413,中国矿业大学(北京),3,27001
2023,1,75,智能建造,B413,中国矿业大学(北京),2,24407
2023,1,81,数学类,B413,中国矿业大学(北京),8,19254
2023,1,92,英语,B413,中国矿业大学(北京),5,27994
2023,1,93,行政管理,B413,中国矿业大学(北京),5,25537
2023,1,94,地质类,B413,中国矿业大学(北京),9,31812
2023,1,96,测绘类,B413,中国矿业大学(北京),6,26439
2023,1,98,土木工程,B413,中国矿业大学(北京),10,31050
2023,1,01,安全工程,B414,中国石油大学(北京),4,23143
2023,1,03,储能科学与工程,B414,中国石油大学(北京),2,18707
2023,1,04,地球物理学类,B414,中国石油大学(北京),9,24870
2023,1,05,地质类,B414,中国石油大学(北京),9,29298
2023,1,06,电子信息工程,B414,中国石油大学(北京),4,14130
2023,1,07,工商管理类,B414,中国石油大学(北京),6,19249
2023,1,08,海洋油气工程,B414,中国石油大学(北京),5,22884
2023,1,09,化工与制药类,B414,中国石油大学(北京),11,22497
2023,1,10,环境科学与工程类,B414,中国石油大学(北京),3,23724
2023,1,11,机械类,B414,中国石油大学(北京),6,21044
2023,1,12,计算机科学与技术,B414,中国石油大学(北京),5,13275
2023,1,13,经济学类,B414,中国石油大学(北京),4,18944
2023,1,14,能源与动力工程,B414,中国石油大学(北京),4,19456
2023,1,15,人工智能,B414,中国石油大学(北京),2,14663
2023,1,16,石油工程,B414,中国石油大学(北京),10,23831
2023,1,17,数学类,B414,中国石油大学(北京),4,16080
2023,1,18,碳储科学与工程,B414,中国石油大学(北京),2,20313
2023,1,19,新能源科学与工程,B414,中国石油大学(北京),3,17440
2023,1,20,信息管理与信息系统,B414,中国石油大学(北京),4,18134
2023,1,21,应用化学,B414,中国石油大学(北京),4,20340
2023,1,23,自动化,B414,中国石油大学(北京),4,14647
2023,1,24,过程装备与控制工程,B414,中国石油大学(北京),5,23935
2023,1,25,思想政治教育,B414,中国石油大学(北京),4,20102
2023,1,26,英语,B414,中国石油大学(北京),4,24801
2023,1,27,材料科学与工程,B414,中国石油大学(北京),5,24227
2023,1,29,油气储运工程,B414,中国石油大学(北京),5,21267
2023,1,01,地质学(理科基地班),B415,中国地质大学(北京),2,22342
2023,1,03,地质工程(工科基地班),B415,中国地质大学(北京),2,24744
2023,1,44,地质学类(地质地矿类),B415,中国地质大学(北京),10,29635
2023,1,46,地质工程,B415,中国地质大学(北京),2,29662
2023,1,48,土木工程,B415,中国地质大学(北京),3,28869
2023,1,4A,机械设计制造及其自动化,B415,中国地质大学(北京),2,17522
2023,1,4C,安全工程,B415,中国地质大学(北京),2,22135
2023,1,4E,城市地下空间工程,B415,中国地质大学(北京),2,29310
2023,1,4G,材料类,B415,中国地质大学(北京),6,25099
2023,1,4K,计算机科学与技术,B415,中国地质大学(北京),3,12294
2023,1,4M,电气工程及其自动化,B415,中国地质大学(北京),2,15144
2023,1,4P,电子信息工程,B415,中国地质大学(北京),3,15095
2023,1,4R,地理信息科学,B415,中国地质大学(北京),3,21931
2023,1,4T,软件工程,B415,中国地质大学(北京),3,12820
2023,1,4V,数据科学与大数据技术,B415,中国地质大学(北京),2,13815
2023,1,4X,人工智能,B415,中国地质大学(北京),2,15486
2023,1,4Z,水文与水资源工程,B415,中国地质大学(北京),2,25881
2023,1,51,环境工程,B415,中国地质大学(北京),1,21513
2023,1,53,地下水科学与工程,B415,中国地质大学(北京),2,31519
2023,1,55,环境生态工程,B415,中国地质大学(北京),2,30687
2023,1,57,地质类(能源类),B415,中国地质大学(北京),8,30383
2023,1,5A,工商管理类,B415,中国地质大学(北京),4,22868
2023,1,5D,信息管理与信息系统,B415,中国地质大学(北京),2,21428
2023,1,5F,经济学,B415,中国地质大学(北京),2,22124
2023,1,5H,法学,B415,中国地质大学(北京),1,14527
2023,1,5K,英语,B415,中国地质大学(北京),1,22301
2023,1,5M,翻译,B415,中国地质大学(北京),2,27679
2023,1,5P,宝石及材料工艺学,B415,中国地质大学(北京),2,28969
2023,1,5R,地球物理学,B415,中国地质大学(北京),4,25703
2023,1,5T,勘查技术与工程,B415,中国地质大学(北京),2,29259
2023,1,5W,智能地球探测,B415,中国地质大学(北京),1,19155
2023,1,5Y,海洋科学,B415,中国地质大学(北京),3,28984
2023,1,60,海洋资源与环境,B415,中国地质大学(北京),2,27189
2023,1,62,土地资源管理,B415,中国地质大学(北京),1,20362
2023,1,64,测绘工程,B415,中国地质大学(北京),2,24624
2023,1,67,土地整治工程,B415,中国地质大学(北京),2,27608
2023,1,6A,遥感科学与技术,B415,中国地质大学(北京),1,19343
2023,1,6C,自然资源登记与管理,B415,中国地质大学(北京),2,24294
2023,1,6E,数学与应用数学,B415,中国地质大学(北京),2,15075
2023,1,0A,法学,B417,北京联合大学,5,40854
2023,1,0C,新闻学,B417,北京联合大学,6,60771
2023,1,0D,网络与新媒体,B417,北京联合大学,3,45762
2023,1,0G,考古学,B417,北京联合大学,4,74492
2023,1,0W,金融学(实验班),B417,北京联合大学,2,65104
2023,1,0Y,会计学,B417,北京联合大学,8,52518
2023,1,11,生物工程,B417,北京联合大学,2,62497
2023,1,12,制药工程,B417,北京联合大学,2,60820
2023,1,13,人力资源管理,B417,北京联合大学,2,65482
2023,1,14,工程管理,B417,北京联合大学,2,117075
2023,1,15,食品科学与工程,B417,北京联合大学,2,68181
2023,1,18,酒店管理,B417,北京联合大学,2,95408
2023,1,19,会展经济与管理,B417,北京联合大学,2,82344
2023,1,1A,烹饪与营养教育,B417,北京联合大学,3,118817
2023,1,1B,英语,B417,北京联合大学,4,57579
2023,1,1D,西班牙语,B417,北京联合大学,3,89969
2023,1,1E,计算机科学与技术,B417,北京联合大学,6,41089
2023,1,1H,数据科学与大数据技术,B417,北京联合大学,3,47154
2023,1,1K,电气工程及其自动化,B417,北京联合大学,4,44961
2023,1,1S,工商管理,B417,北京联合大学,4,81483
2023,1,1T,财务管理,B417,北京联合大学,6,49431
2023,1,1W,软件工程(实验班),B417,北京联合大学,8,47998
2023,1,1Z,自动化,B417,北京联合大学,3,50470
2023,1,20,电子信息工程,B417,北京联合大学,3,45352
2023,1,21,人工智能,B417,北京联合大学,2,49305
2023,1,25,文物与博物馆学,B418,北京城市学院,1,182399
2023,1,26,小学教育,B418,北京城市学院,2,208126
2023,1,27,学前教育,B418,北京城市学院,2,219529
2023,1,30,传播学,B418,北京城市学院,1,204588
2023,1,31,外国语言文学类,B418,北京城市学院,2,229178
2023,1,33,金融学(国际课程班),B418,北京城市学院,1,190104
2023,1,39,康复治疗学,B418,北京城市学院,1,195892
2023,1,41,机械类,B418,北京城市学院,1,182803
2023,1,42,计算机科学与技术,B418,北京城市学院,1,109751
2023,1,47,建筑学,B418,北京城市学院,1,226990
2023,1,48,建筑学(中国传统建筑文化与技艺),B418,北京城市学院,1,184403
2023,1,49,城乡规划,B418,北京城市学院,1,216198
2023,1,51,土木工程(智能设计与建造),B418,北京城市学院,1,224215
2023,1,52,工程造价,B418,北京城市学院,1,188210
2023,1,56,国际经济与贸易,B418,北京城市学院,1,179840
2023,1,57,跨境电子商务,B418,北京城市学院,1,195930
2023,1,58,工商管理类,B418,北京城市学院,4,159310
2023,1,60,会展经济与管理,B418,北京城市学院,1,206118
2023,1,44,软件工程(校企合作，具体培养模式详询学校),B418,北京城市学院,1,148863
2023,1,45,数据科学与大数据技术(校企合作，具体培养模式详询学校),B418,北京城市学院,2,163454
2023,1,46,人工智能(校企合作，具体培养模式详询学校),B418,北京城市学院,1,179146
2023,1,01,金融学,B420,河北金融学院,5,125548
2023,1,04,会计学,B420,河北金融学院,5,103217
2023,1,07,保险学,B420,河北金融学院,5,164045
2023,1,0A,税收学,B420,河北金融学院,5,120742
2023,1,0C,经济学,B420,河北金融学院,5,135810
2023,1,0G,供应链管理,B420,河北金融学院,5,202044
2023,1,0K,智能科学与技术,B420,河北金融学院,5,172777
2023,1,0L,英语,B420,河北金融学院,5,160401
2023,1,0M,商务英语,B420,河北金融学院,5,238584
2023,1,0S,人工智能,B420,河北金融学院,5,140504
2023,1,0X,数据科学与大数据技术,B420,河北金融学院,5,129321
2023,1,1A,财务管理(中外合作办学),B420,河北金融学院,5,161962
2023,1,11,汉语言文学(师范类),B427,集宁师范学院,5,164491
2023,1,26,英语(师范类),B427,集宁师范学院,5,192160
2023,1,37,数学与应用数学(师范类),B427,集宁师范学院,5,203069
2023,1,05,自动化,B430,辽宁科技学院,2,137069
2023,1,13,工程造价,B430,辽宁科技学院,2,181881
2023,1,15,冶金工程,B430,辽宁科技学院,2,188433
2023,1,20,制药工程,B430,辽宁科技学院,2,165482
2023,1,23,计算机科学与技术,B430,辽宁科技学院,2,124338
2023,1,01,电气工程及其自动化,B437,长春工程学院,2,68377
2023,1,03,智能电网信息工程,B437,长春工程学院,2,102457
2023,1,04,自动化,B437,长春工程学院,3,162457
2023,1,06,道路桥梁与渡河工程,B437,长春工程学院,3,198671
2023,1,07,土木工程,B437,长春工程学院,2,181168
2023,1,10,测绘工程,B437,长春工程学院,3,186395
2023,1,12,资源勘查工程,B437,长春工程学院,2,188723
2023,1,15,机械设计制造及其自动化,B437,长春工程学院,3,151398
2023,1,16,机器人工程,B437,长春工程学院,2,160030
2023,1,18,智能车辆工程,B437,长春工程学院,2,183299
2023,1,20,应急技术与管理,B437,长春工程学院,3,191858
2023,1,24,水利水电工程,B437,长春工程学院,2,160386
2023,1,25,农业水利工程,B437,长春工程学院,2,191440
2023,1,28,建筑环境与能源应用工程,B437,长春工程学院,2,169427
2023,1,29,能源与动力工程,B437,长春工程学院,3,155494
2023,1,30,新能源科学与工程,B437,长春工程学院,2,149633
2023,1,33,工程管理,B437,长春工程学院,2,199962
2023,1,34,工程造价,B437,长春工程学院,2,185207
2023,1,37,建筑学,B437,长春工程学院,2,167484
2023,1,39,应用化学,B437,长春工程学院,2,182343
2023,1,41,计算机科学与技术,B437,长春工程学院,4,146788
2023,1,42,软件工程,B437,长春工程学院,2,124109
2023,1,44,数据科学与大数据技术,B437,长春工程学院,2,152604
2023,1,6A,本科预科班（招收边防军人子女）,B437,长春工程学院,7,297041
2023,1,84,功能材料,B437,长春工程学院,3,218667
2023,1,85,智能运输工程,B437,长春工程学院,2,183830
2023,1,80,机械设计制造及其自动化(中外合作办学),B437,长春工程学院,18,227011
2023,1,81,能源与动力工程(中外合作办学),B437,长春工程学院,7,218038
2023,1,82,电气工程及其自动化(中外合作办学),B437,长春工程学院,10,193418
2023,1,83,土木工程(中外合作办学),B437,长春工程学院,15,232930
2023,1,06,机械设计制造及其自动化,B439,吉林农业科技学院,2,197766
2023,1,08,智能制造工程,B439,吉林农业科技学院,2,204403
2023,1,10,电子信息科学与技术,B439,吉林农业科技学院,2,202487
2023,1,12,数据科学与大数据技术,B439,吉林农业科技学院,2,199008
2023,1,13,土木工程,B439,吉林农业科技学院,2,211423
2023,1,17,食品科学与工程类,B439,吉林农业科技学院,3,190922
2023,1,20,生物制药,B439,吉林农业科技学院,2,182261
2023,1,23,植物保护,B439,吉林农业科技学院,2,191734
2023,1,29,动物医学,B439,吉林农业科技学院,2,149428
2023,1,33,中药学类,B439,吉林农业科技学院,4,172946
2023,1,35,工商管理类,B439,吉林农业科技学院,3,192653
2023,1,37,机械设计制造及其自动化(中外合作办学),B439,吉林农业科技学院,6,222955
2023,1,38,动物医学(中外合作办学),B439,吉林农业科技学院,8,209976
2023,1,0B,法学,B441,吉林警察学院,20,117859
2023,1,0D,财务管理,B441,吉林警察学院,20,173641
2023,1,0G,计算机科学与技术,B441,吉林警察学院,20,171485
2023,1,01,商务英语,B445,黑龙江工业学院,1,192932
2023,1,02,智能制造工程,B445,黑龙江工业学院,2,208639
2023,1,03,电气工程及其自动化,B445,黑龙江工业学院,5,195568
2023,1,04,数据科学与大数据技术,B445,黑龙江工业学院,3,201286
2023,1,05,俄语,B445,黑龙江工业学院,3,209439
2023,1,06,土木工程,B445,黑龙江工业学院,10,216523
2023,1,07,测绘工程,B445,黑龙江工业学院,4,212649
2023,1,10,商务经济学,B445,黑龙江工业学院,3,202539
2023,1,11,市场营销,B445,黑龙江工业学院,3,208949
2023,1,12,财务管理,B445,黑龙江工业学院,2,180464
2023,1,13,中国共产党历史,B445,黑龙江工业学院,1,174681
2023,1,14,学前教育(师范类),B445,黑龙江工业学院,1,180697
2023,1,15,秘书学,B445,黑龙江工业学院,2,187536
2023,1,16,网络与新媒体,B445,黑龙江工业学院,2,176523
2023,1,17,机械设计制造及其自动化,B445,黑龙江工业学院,4,204066
2023,1,18,材料科学与工程,B445,黑龙江工业学院,2,206712
2023,1,19,采矿工程,B445,黑龙江工业学院,2,215961
2023,1,20,矿物加工工程,B445,黑龙江工业学院,2,212169
2023,1,30,国际经贸规则,B445,黑龙江工业学院,2,204578
2023,1,31,工程造价,B445,黑龙江工业学院,1,210151
2023,1,11,生物工程,B446,黑龙江东方学院,5,234925
2023,1,12,土木工程,B446,黑龙江东方学院,5,255408
2023,1,16,机械设计制造及其自动化,B446,黑龙江东方学院,10,261201
2023,1,17,机械电子工程,B446,黑龙江东方学院,10,262660
2023,1,31,新闻学,B446,黑龙江东方学院,5,242996
2023,1,34,朝鲜语,B446,黑龙江东方学院,5,259264
2023,1,05,电气类,B458,上海电机学院,2,73197
2023,1,0A,机械类(汽车类),B458,上海电机学院,2,80685
2023,1,0B,计算机类,B458,上海电机学院,3,67315
2023,1,0C,电子信息工程,B458,上海电机学院,2,77594
2023,1,0F,智能制造工程,B458,上海电机学院,2,81229
2023,1,0G,材料成型及控制工程,B458,上海电机学院,2,104543
2023,1,0J,电子封装技术,B458,上海电机学院,2,85982
2023,1,0L,德语,B458,上海电机学院,2,169912
2023,1,0M,英语,B458,上海电机学院,3,105021
2023,1,0S,经济学类,B458,上海电机学院,3,85886
2023,1,0Z,国际经济与贸易(中外合作办学)(中美合作),B458,上海电机学院,3,123691
2023,1,11,电气工程及其自动化(中外合作办学)(中德合作),B458,上海电机学院,2,100556
2023,1,12,机械电子工程(中外合作办学)(中德合作),B458,上海电机学院,2,112723
2023,1,14,物流管理(中外合作办学)(中德合作),B458,上海电机学院,4,148310
2023,1,15,日语,B460,南京晓庄学院,2,122935
2023,1,19,国际经济与贸易,B460,南京晓庄学院,2,109712
2023,1,1C,物流管理,B460,南京晓庄学院,2,152325
2023,1,1P,应用化学,B460,南京晓庄学院,2,134590
2023,1,1T,食品科学与工程,B460,南京晓庄学院,2,120144
2023,1,S9,化学(师范类),B460,南京晓庄学院,2,92677
2023,1,SB,数学与应用数学(师范类),B460,南京晓庄学院,2,76419
2023,1,SC,英语(师范类),B460,南京晓庄学院,2,75109
2023,1,02,机械电子工程,B463,江苏理工学院,3,103015
2023,1,20,化学工程与工艺,B463,江苏理工学院,2,122653
2023,1,22,功能材料,B463,江苏理工学院,2,155689
2023,1,24,环境科学,B463,江苏理工学院,2,139326
2023,1,28,交通运输,B463,江苏理工学院,2,115469
2023,1,33,会计学,B463,江苏理工学院,4,104888
2023,1,42,英语(师范类),B463,江苏理工学院,2,102442
2023,1,44,德语,B463,江苏理工学院,3,157524
2023,1,63,机械设计制造及其自动化(中外合作办学),B463,江苏理工学院,3,204285
2023,1,64,环境工程(中外合作办学),B463,江苏理工学院,3,217338
2023,1,01,财政学类,B482,浙江财经大学,4,30952
2023,1,02,公共管理类,B482,浙江财经大学,4,50023
2023,1,03,管理科学与工程类,B482,浙江财经大学,4,56814
2023,1,05,工商管理类(财会类),B482,浙江财经大学,6,29949
2023,1,07,金融学类,B482,浙江财经大学,3,26479
2023,1,09,工商管理类,B482,浙江财经大学,5,45091
2023,1,11,计算机类,B482,浙江财经大学,11,31725
2023,1,12,电子商务类,B482,浙江财经大学,2,48009
2023,1,13,经济与贸易类,B482,浙江财经大学,10,42428
2023,1,15,外国语言文学类,B482,浙江财经大学,4,60029
2023,1,16,统计学类,B482,浙江财经大学,7,32470
2023,1,17,计算机类(大数据),B482,浙江财经大学,3,29970
2023,1,19,新闻传播学类,B482,浙江财经大学,4,41218
2023,1,79,法学,B482,浙江财经大学,4,25972
2023,1,80,社会工作,B482,浙江财经大学,1,64096
2023,1,88,汉语言文学,B482,浙江财经大学,5,36486
2023,1,06,会计学(中外合作办学),B482,浙江财经大学,2,38559
2023,1,08,金融学(中外合作办学),B482,浙江财经大学,2,36717
2023,1,10,市场营销(中外合作办学),B482,浙江财经大学,7,87865
2023,1,01,化学工程与工艺,B488,衢州学院,6,184778
2023,1,06,机械设计制造及其自动化,B488,衢州学院,4,170772
2023,1,07,材料成型及控制工程,B488,衢州学院,5,191529
2023,1,24,数学与应用数学(师范类),B488,衢州学院,10,185783
2023,1,28,商务英语,B488,衢州学院,5,188160
2023,1,62,机器人工程,B498,莆田学院,2,181931
2023,1,63,软件工程,B498,莆田学院,4,171315
2023,1,64,物联网工程,B498,莆田学院,2,182232
2023,1,65,数据科学与大数据技术,B498,莆田学院,2,183959
2023,1,66,智能科学与技术,B498,莆田学院,2,187965
2023,1,77,临床医学,B498,莆田学院,12,106755
2023,1,61,公共事业管理(中外合作办学)(以培养医疗健康产业管理人才为主),B498,莆田学院,2,216403
2023,1,1A,新能源材料与器件,B508,新余学院,2,191052
2023,1,1B,新能源科学与工程,B508,新余学院,2,177963
2023,1,1C,材料科学与工程,B508,新余学院,2,197210
2023,1,1D,机械设计制造及其自动化,B508,新余学院,2,188177
2023,1,1E,材料成型及控制工程,B508,新余学院,1,200438
2023,1,1F,电气工程及其自动化,B508,新余学院,1,128663
2023,1,1G,机器人工程,B508,新余学院,1,186895
2023,1,1J,计算机科学与技术(智能科学方向),B508,新余学院,2,180142
2023,1,1K,数据科学与大数据技术,B508,新余学院,4,195405
2023,1,1L,信息与计算科学,B508,新余学院,2,195067
2023,1,1M,数学与应用数学(师范类),B508,新余学院,2,188696
2023,1,1N,软件工程,B508,新余学院,3,140635
2023,1,1P,土木工程,B508,新余学院,1,197937
2023,1,1Q,工程造价,B508,新余学院,2,200156
2023,1,1R,智能建造,B508,新余学院,2,201110
2023,1,1S,电子信息工程,B508,新余学院,2,174595
2023,1,1U,通信工程,B508,新余学院,1,183407
2023,1,2A,汉语言文学(师范类),B508,新余学院,1,134802
2023,1,3A,网络与新媒体,B508,新余学院,1,141344
2023,1,3B,英语(师范类),B508,新余学院,1,156562
2023,1,3C,商务英语,B508,新余学院,2,214129
2023,1,3D,市场营销,B508,新余学院,1,200478
2023,1,3E,财务管理,B508,新余学院,2,172411
2023,1,3F,电子商务,B508,新余学院,1,190318
2023,1,3G,护理学,B508,新余学院,1,164461
2023,1,3H,康复治疗学,B508,新余学院,1,152786
2023,1,3J,健康服务与管理,B508,新余学院,2,202168
2023,1,3K,学前教育(师范类),B508,新余学院,2,187904
2023,1,01,机械类(车辆),B510,山东交通学院,83,171589
2023,1,02,交通运输,B510,山东交通学院,49,149871
2023,1,04,能源与动力工程,B510,山东交通学院,35,156488
2023,1,10,城市地下空间工程,B510,山东交通学院,36,187012
2023,1,11,材料科学与工程,B510,山东交通学院,50,177792
2023,1,12,测绘工程,B510,山东交通学院,42,182078
2023,1,14,港口航道与海岸工程,B510,山东交通学院,55,181592
2023,1,15,工程管理,B510,山东交通学院,63,185567
2023,1,16,土木工程,B510,山东交通学院,115,184848
2023,1,17,遥感科学与技术,B510,山东交通学院,44,170817
2023,1,21,材料成型及控制工程,B510,山东交通学院,35,177255
2023,1,22,机械工程,B510,山东交通学院,40,159268
2023,1,23,机械设计制造及其自动化,B510,山东交通学院,76,153822
2023,1,24,智能制造工程,B510,山东交通学院,42,163420
2023,1,32,安全工程,B510,山东交通学院,56,183331
2023,1,33,交通工程,B510,山东交通学院,54,155239
2023,1,34,物流工程,B510,山东交通学院,96,180297
2023,1,35,智慧交通,B510,山东交通学院,64,164643
2023,1,37,电气工程及其自动化,B510,山东交通学院,41,129690
2023,1,38,电子信息工程,B510,山东交通学院,79,144125
2023,1,39,机器人工程,B510,山东交通学院,40,161171
2023,1,40,计算机科学与技术,B510,山东交通学院,40,129110
2023,1,41,数据科学与大数据技术,B510,山东交通学院,38,139441
2023,1,45,测控技术与仪器,B510,山东交通学院,35,174735
2023,1,46,飞行器制造工程,B510,山东交通学院,55,176917
2023,1,47,轨道交通电气与控制,B510,山东交通学院,44,159414
2023,1,48,轨道交通信号与控制,B510,山东交通学院,46,152628
2023,1,49,交通运输(轨道交通运营与管理方向),B510,山东交通学院,43,156073
2023,1,50,自动化,B510,山东交通学院,40,145195
2023,1,54,财务管理,B510,山东交通学院,60,136572
2023,1,55,数字经济,B510,山东交通学院,80,172912
2023,1,56,人力资源管理,B510,山东交通学院,56,161688
2023,1,57,审计学,B510,山东交通学院,39,130638
2023,1,58,市场营销,B510,山东交通学院,28,178456
2023,1,59,金融学,B510,山东交通学院,134,178909
2023,1,63,俄语,B510,山东交通学院,21,183116
2023,1,64,英语,B510,山东交通学院,66,168503
2023,1,71,法学,B510,山东交通学院,86,115992
2023,1,87,船舶与海洋工程,B510,山东交通学院,40,183873
2023,1,88,海洋机器人,B510,山东交通学院,20,180845
2023,1,89,智慧海洋技术,B510,山东交通学院,22,186386
2023,1,90,机械电子工程,B510,山东交通学院,38,164958
2023,1,92,金融工程,B510,山东交通学院,50,177873
2023,1,94,交通管理,B510,山东交通学院,42,157048
2023,1,73,电气工程及其自动化(中外合作办学),B510,山东交通学院,90,215842
2023,1,74,计算机科学与技术(中外合作办学)(双证),B510,山东交通学院,78,217487
2023,1,75,交通运输(中外合作办学)(双证),B510,山东交通学院,51,217148
2023,1,76,土木工程(中外合作办学)(双证),B510,山东交通学院,81,232103
2023,1,53,应用物理学(校企合作，与北京学佳澳公司合作),B510,山东交通学院,160,215550
2023,1,65,俄语(校企合作，与山东网商科技集团有限公司合作),B510,山东交通学院,35,210320
2023,1,66,日语(校企合作，与山东网商科技集团有限公司合作),B510,山东交通学院,35,206284
2023,1,81,船舶电子电气工程(校企合作，与山东东弘国际船员有限公司合作),B510,山东交通学院,40,207021
2023,1,82,航海技术(校企合作，与山东东弘国际船员有限公司合作),B510,山东交通学院,40,210020
2023,1,83,轮机工程(校企合作，与山东东弘国际船员有限公司合作),B510,山东交通学院,40,211314
2023,1,95,电子商务(校企合作，与山东网商科技集团有限公司合作),B510,山东交通学院,80,201602
2023,1,02,国际经济与贸易,B517,河南工程学院,4,180569
2023,1,04,翻译,B517,河南工程学院,2,184537
2023,1,0A,车辆工程,B517,河南工程学院,2,170468
2023,1,0B,电气工程及其自动化,B517,河南工程学院,2,138676
2023,1,0D,通信工程,B517,河南工程学院,2,152031
2023,1,0H,建筑环境与能源应用工程,B517,河南工程学院,3,205707
2023,1,0R,纺织工程,B517,河南工程学院,10,213709
2023,1,0S,服装设计与工程,B517,河南工程学院,2,203410
2023,1,0T,非织造材料与工程,B517,河南工程学院,7,211467
2023,1,0V,印刷工程(图像新媒体印刷方向),B517,河南工程学院,4,210958
2023,1,10,会计学,B517,河南工程学院,4,148358
2023,1,18,物流管理,B517,河南工程学院,2,180777
2023,1,1Q,知识产权,B517,河南工程学院,2,150287
2023,1,11,建筑学,B527,湖南城市学院,2,179991
2023,1,13,风景园林,B527,湖南城市学院,2,175310
2023,1,21,给排水科学与工程,B527,湖南城市学院,3,204897
2023,1,22,建筑环境与能源应用工程,B527,湖南城市学院,2,208158
2023,1,23,测绘工程,B527,湖南城市学院,2,198180
2023,1,31,土木工程,B527,湖南城市学院,2,195769
2023,1,33,水利水电工程,B527,湖南城市学院,2,195601
2023,1,37,智能建造,B527,湖南城市学院,2,191319
2023,1,53,网络与新媒体,B527,湖南城市学院,2,135943
2023,1,61,电子信息工程,B527,湖南城市学院,2,166427
2023,1,62,计算机科学与技术,B527,湖南城市学院,2,148642
2023,1,67,人工智能,B527,湖南城市学院,2,172641
2023,1,82,环境工程,B527,湖南城市学院,2,184713
2023,1,92,信息与计算科学,B527,湖南城市学院,3,188022
2023,1,B2,机械电子工程,B527,湖南城市学院,3,186274
2023,1,D1,思想政治教育(师范类),B527,湖南城市学院,2,150397
2023,1,A0,智能车辆工程,B528,湖南工学院,2,170551
2023,1,A1,机械设计制造及其自动化,B528,湖南工学院,3,153320
2023,1,A3,自动化,B528,湖南工学院,2,150798
2023,1,B0,新能源材料与器件,B528,湖南工学院,2,174621
2023,1,B1,无机非金属材料工程,B528,湖南工学院,2,183482
2023,1,C3,物流工程,B528,湖南工学院,2,172571
2023,1,D2,电气工程及其自动化,B528,湖南工学院,2,144549
2023,1,E2,化学工程与工艺,B528,湖南工学院,2,177652
2023,1,F2,计算机科学与技术,B528,湖南工学院,2,134373
2023,1,F3,网络工程,B528,湖南工学院,2,143326
2023,1,G1,信息与计算科学,B528,湖南工学院,2,148866
2023,1,J3,工业设计,B528,湖南工学院,2,174780
2023,1,J4,工程管理,B528,湖南工学院,2,179402
2023,1,13,会计学,B532,湖南财政经济学院,10,104518
2023,1,15,财务管理,B532,湖南财政经济学院,4,110134
2023,1,19,审计学,B532,湖南财政经济学院,2,93717
2023,1,1L,财政学类,B532,湖南财政经济学院,6,109960
2023,1,1M,计算机类,B532,湖南财政经济学院,8,101646
2023,1,01,包装设计,B535,湖南工业大学,6,180687
2023,1,06,数字媒体艺术,B535,湖南工业大学,6,113972
2023,1,23,包装工程,B535,湖南工业大学,5,221342
2023,1,24,印刷工程,B535,湖南工业大学,2,141107
2023,1,28,新能源材料与器件,B535,湖南工业大学,2,90237
2023,1,34,法学,B535,湖南工业大学,4,58336
2023,1,45,建筑学,B535,湖南工业大学,2,85558
2023,1,46,城乡规划,B535,湖南工业大学,2,99552
2023,1,51,国际经济与贸易,B535,湖南工业大学,2,95263
2023,1,52,财务管理,B535,湖南工业大学,2,73134
2023,1,53,会计学,B535,湖南工业大学,2,65383
2023,1,56,应用物理学,B535,湖南工业大学,3,95803
2023,1,60,信息管理与信息系统,B535,湖南工业大学,2,92792
2023,1,64,电子商务,B535,湖南工业大学,4,120093
2023,1,66,生物技术,B535,湖南工业大学,3,97074
2023,1,67,化学工程与工艺,B535,湖南工业大学,2,118071
2023,1,76,工程造价,B535,湖南工业大学,2,120005
2023,1,78,英语,B535,湖南工业大学,2,89648
2023,1,80,翻译,B535,湖南工业大学,2,103154
2023,1,82,新闻学,B535,湖南工业大学,3,102942
2023,1,83,广告学,B535,湖南工业大学,3,96105
2023,1,84,仪器类,B535,湖南工业大学,2,120254
2023,1,86,自动化类,B535,湖南工业大学,2,65261
2023,1,87,计算机类,B535,湖南工业大学,6,58998
2023,1,88,土木类,B535,湖南工业大学,6,142680
2023,1,90,电子信息类,B535,湖南工业大学,6,69807
2023,1,92,机械类,B535,湖南工业大学,3,76501
2023,1,93,工商管理类,B535,湖南工业大学,2,92319
2023,1,94,材料类,B535,湖南工业大学,6,129503
2023,1,S4,英语(师范类),B535,湖南工业大学,2,76162
2023,1,S5,应用化学(师范类),B535,湖南工业大学,4,104759
2023,1,37,家政学,B538,湖南女子学院,4,206608
2023,1,44,汉语言文学(师范类),B538,湖南女子学院,3,132008
2023,1,67,数据科学与大数据技术,B538,湖南女子学院,1,153473
2023,1,69,市场营销,B538,湖南女子学院,2,204276
2023,1,73,财务管理,B538,湖南女子学院,2,156704
2023,1,79,电子商务,B538,湖南女子学院,2,187296
2023,1,01,金融学,B540,广东金融学院,1,54129
2023,1,05,会计学,B540,广东金融学院,1,67023
2023,1,21,计算机科学与技术,B540,广东金融学院,1,57653
2023,1,25,电子商务,B540,广东金融学院,1,86678
2023,1,35,金融数学,B540,广东金融学院,1,57275
2023,1,03,小学教育(师范类),B546,广西科技师范学院,2,175352
2023,1,06,汉语言文学(师范类),B546,广西科技师范学院,4,161424
2023,1,07,秘书学,B546,广西科技师范学院,2,192203
2023,1,16,汽车服务工程(师范类，职教师资),B546,广西科技师范学院,2,223312
2023,1,18,电气工程及其自动化,B546,广西科技师范学院,2,198170
2023,1,19,电子信息工程,B546,广西科技师范学院,2,205033
2023,1,24,软件工程,B546,广西科技师范学院,4,200255
2023,1,25,物联网工程,B546,广西科技师范学院,2,201192
2023,1,26,数据科学与大数据技术,B546,广西科技师范学院,2,203368
2023,1,27,食品科学与工程,B546,广西科技师范学院,2,204469
2023,1,28,食品质量与安全,B546,广西科技师范学院,2,208903
2023,1,01,国际经济与贸易,B548,广西财经学院,4,187284
2023,1,05,商务经济学,B548,广西财经学院,4,194715
2023,1,11,金融学,B548,广西财经学院,4,179801
2023,1,41,会计学,B548,广西财经学院,5,157415
2023,1,01,智能制造工程,B549,南宁学院,2,258989
2023,1,02,电气工程及其自动化,B549,南宁学院,2,252644
2023,1,07,汽车服务工程,B549,南宁学院,2,274915
2023,1,08,物流工程,B549,南宁学院,2,248336
2023,1,0A,工程造价,B549,南宁学院,2,261003
2023,1,0C,土木工程,B549,南宁学院,2,266077
2023,1,0F,食品营养与健康,B549,南宁学院,2,247871
2023,1,0G,计算机科学与技术,B549,南宁学院,2,241321
2023,1,0H,通信工程,B549,南宁学院,2,243797
2023,1,0K,智能科学与技术,B549,南宁学院,2,253547
2023,1,0N,软件工程,B549,南宁学院,3,253351
2023,1,0Q,金融科技,B549,南宁学院,3,248442
2023,1,0V,财务管理,B549,南宁学院,2,231696
2023,1,0X,会计学,B549,南宁学院,5,230777
2023,1,02,国际经济与贸易,B551,重庆科技学院,2,132200
2023,1,04,汉语言文学,B551,重庆科技学院,3,110380
2023,1,09,化学类,B551,重庆科技学院,5,163030
2023,1,14,机械类,B551,重庆科技学院,5,136149
2023,1,20,材料类,B551,重庆科技学院,5,174823
2023,1,22,冶金工程,B551,重庆科技学院,5,180861
2023,1,28,自动化,B551,重庆科技学院,3,115556
2023,1,29,计算机类,B551,重庆科技学院,5,104423
2023,1,35,化工与制药类,B551,重庆科技学院,5,156760
2023,1,39,石油工程,B551,重庆科技学院,5,135040
2023,1,42,海洋油气工程,B551,重庆科技学院,5,147897
2023,1,47,消防工程,B551,重庆科技学院,5,153468
2023,1,48,管理科学与工程类,B551,重庆科技学院,5,163913
2023,1,49,工商管理类,B551,重庆科技学院,5,124238
2023,1,53,物流管理(中外合作办学),B551,重庆科技学院,5,217299
2023,1,01,烹饪与营养教育,B552,四川旅游学院,8,212242
2023,1,02,旅游管理,B552,四川旅游学院,6,199134
2023,1,06,酒店管理,B552,四川旅游学院,4,204782
2023,1,18,会计学,B552,四川旅游学院,10,178000
2023,1,33,建筑电气与智能化(中外合作办学),B552,四川旅游学院,2,218598
2023,1,E1,冶金工程,B556,文山学院,5,213700
2023,1,E3,安全工程,B556,文山学院,5,218781
2023,1,01,经济学,B560,西安财经大学,4,58299
2023,1,04,金融学,B560,西安财经大学,2,41611
2023,1,05,保险学,B560,西安财经大学,2,68021
2023,1,07,国际经济与贸易,B560,西安财经大学,2,68713
2023,1,10,工程管理,B560,西安财经大学,4,88007
2023,1,12,物流管理,B560,西安财经大学,2,87205
2023,1,15,市场营销,B560,西安财经大学,2,83486
2023,1,16,会计学,B560,西安财经大学,2,48079
2023,1,18,人力资源管理,B560,西安财经大学,2,66255
2023,1,19,审计学,B560,西安财经大学,4,50746
2023,1,20,经济统计学,B560,西安财经大学,2,62782
2023,1,23,应用统计学,B560,西安财经大学,4,61675
2023,1,26,软件工程,B560,西安财经大学,4,60482
2023,1,29,法学,B560,西安财经大学,4,49252
2023,1,38,商务英语,B560,西安财经大学,4,85877
2023,1,39,金融学(中外合作办学),B560,西安财经大学,6,89587
2023,1,01,汉语言文学(师范类),B561,甘肃民族师范学院,2,156127
2023,1,09,数学与应用数学(师范类),B561,甘肃民族师范学院,2,193779
2023,1,0R,地理科学(师范类),B561,甘肃民族师范学院,2,187964
2023,1,17,化学(师范类),B561,甘肃民族师范学院,2,188045
2023,1,1A,生物科学(师范类),B561,甘肃民族师范学院,2,186064
2023,1,2D,物理学(师范类),B561,甘肃民族师范学院,2,203809
2023,1,2K,电气工程及其自动化,B561,甘肃民族师范学院,2,205944
2023,1,2N,英语(师范类),B561,甘肃民族师范学院,2,185774
2023,1,3Y,网络工程,B561,甘肃民族师范学院,2,191733
2023,1,05,数学与应用数学(师范类),B562,兰州文理学院,4,198115
2023,1,0F,财务管理,B562,兰州文理学院,3,183579
2023,1,0T,应用化学,B562,兰州文理学院,2,210956
2023,1,17,汉语言文学(师范类),B562,兰州文理学院,2,126469
2023,1,1K,数字媒体技术,B562,兰州文理学院,4,202730
2023,1,2E,旅游管理,B562,兰州文理学院,3,213592
2023,1,2X,新闻学,B562,兰州文理学院,4,211075
2023,1,32,广播电视学,B562,兰州文理学院,1,152462
2023,1,3D,电子信息工程,B562,兰州文理学院,4,202949
2023,1,3P,广播电视工程,B562,兰州文理学院,3,217380
2023,1,05,金融工程,B600,湖北经济学院,2,100266
2023,1,27,法学,B600,湖北经济学院,2,78649
2023,1,37,资源与环境经济学(低碳经济与管理),B600,湖北经济学院,2,102406
2023,1,42,金融学,B600,湖北经济学院,3,79753
2023,1,59,财政学,B600,湖北经济学院,2,75962
2023,1,0B,船舶与海洋工程,B607,北部湾大学,2,149694
2023,1,0D,机械工程,B607,北部湾大学,2,154811
2023,1,0F,车辆工程,B607,北部湾大学,2,155309
2023,1,0G,自动化,B607,北部湾大学,2,132153
2023,1,0H,海洋科学,B607,北部湾大学,3,153209
2023,1,0J,水产养殖学,B607,北部湾大学,2,172556
2023,1,0K,生物制药,B607,北部湾大学,2,162873
2023,1,0N,金融工程,B607,北部湾大学,3,158898
2023,1,0T,能源化学工程,B607,北部湾大学,2,152501
2023,1,0V,油气储运工程,B607,北部湾大学,2,169981
2023,1,0W,化学工程与工艺,B607,北部湾大学,2,172937
2023,1,19,港口航道与海岸工程,B607,北部湾大学,2,172199
2023,1,1A,地理科学(师范类),B607,北部湾大学,1,108176
2023,1,1B,地理信息科学,B607,北部湾大学,2,138841
2023,1,1D,电子信息工程,B607,北部湾大学,2,131114
2023,1,1H,数学与应用数学(师范类),B607,北部湾大学,5,160609
2023,1,2T,机械工程(中外合作办学),B607,北部湾大学,4,237335
2023,1,2U,车辆工程(中外合作办学),B607,北部湾大学,4,238075
2023,1,2V,机械设计制造及其自动化(中外合作办学),B607,北部湾大学,4,236854
2023,1,2W,物联网工程(中外合作办学),B607,北部湾大学,5,227990
2023,1,2X,工程造价(中外合作办学),B607,北部湾大学,4,235671
2023,1,2Y,电子信息工程(中外合作办学),B607,北部湾大学,8,220761
2023,1,01,经济学,B629,北华航天工业学院,2,146485
2023,1,02,国际经济与贸易,B629,北华航天工业学院,2,162037
2023,1,03,社会工作,B629,北华航天工业学院,2,165785
2023,1,04,英语,B629,北华航天工业学院,2,153121
2023,1,06,机械设计制造及其自动化,B629,北华航天工业学院,2,55686
2023,1,07,材料成型及控制工程,B629,北华航天工业学院,2,155930
2023,1,08,机械电子工程,B629,北华航天工业学院,2,139139
2023,1,09,工业设计,B629,北华航天工业学院,2,161529
2023,1,16,电子信息工程,B629,北华航天工业学院,3,120163
2023,1,18,微电子科学与工程,B629,北华航天工业学院,3,132256
2023,1,20,自动化,B629,北华航天工业学院,2,121213
2023,1,21,计算机科学与技术,B629,北华航天工业学院,2,100723
2023,1,26,土木工程,B629,北华航天工业学院,2,168700
2023,1,27,建筑环境与能源应用工程,B629,北华航天工业学院,2,169423
2023,1,32,飞行器制造工程,B629,北华航天工业学院,3,108059
2023,1,36,会计学,B629,北华航天工业学院,2,107432
2023,1,37,财务管理,B629,北华航天工业学院,2,135782
2023,1,38,人力资源管理,B629,北华航天工业学院,3,166844
2023,1,39,物流管理,B629,北华航天工业学院,2,171297
2023,1,40,电子商务,B629,北华航天工业学院,3,181756
2023,1,41,机械设计制造及其自动化(中外合作办学),B629,北华航天工业学院,5,200948
2023,1,42,通信工程(中外合作办学),B629,北华航天工业学院,5,197857
2023,1,01,电气工程及其自动化,B632,沈阳工程学院,4,41004
2023,1,21,能源与动力工程,B632,沈阳工程学院,2,85264
2023,1,23,核工程与核技术,B632,沈阳工程学院,2,89358
2023,1,31,自动化,B632,沈阳工程学院,2,85688
2023,1,01,海洋科学,B641,江苏海洋大学,6,82998
2023,1,04,水产养殖学,B641,江苏海洋大学,4,96886
2023,1,34,药物制剂,B641,江苏海洋大学,6,88535
2023,1,35,制药工程,B641,江苏海洋大学,5,80881
2023,1,52,英语,B641,江苏海洋大学,5,94283
2023,1,23,经济学类,B646,宁波大学,1,27069
2023,1,24,工商管理类,B646,宁波大学,1,25362
2023,1,25,信息管理与信息系统,B646,宁波大学,2,27982
2023,1,27,法学类,B646,宁波大学,2,17231
2023,1,31,英语,B646,宁波大学,3,28455
2023,1,33,日语,B646,宁波大学,3,44473
2023,1,36,微电子科学与工程,B646,宁波大学,2,21321
2023,1,37,物理学,B646,宁波大学,2,24502
2023,1,38,数学类,B646,宁波大学,3,26102
2023,1,40,材料科学与工程,B646,宁波大学,3,30960
2023,1,41,化学,B646,宁波大学,5,34184
2023,1,42,化学工程与工艺,B646,宁波大学,4,34753
2023,1,45,机械设计制造及其自动化(国际贸易班),B646,宁波大学,3,27322
2023,1,46,电子信息类,B646,宁波大学,4,21363
2023,1,47,计算机科学与技术,B646,宁波大学,2,18899
2023,1,48,土木工程,B646,宁波大学,5,37214
2023,1,52,物流管理,B646,宁波大学,2,38560
2023,1,53,生物科学类,B646,宁波大学,7,38654
2023,1,54,食品科学与工程,B646,宁波大学,3,31886
2023,1,55,临床医学,B646,宁波大学,2,14763
2023,1,83,水产养殖学(拔尖人才创新班),B646,宁波大学,2,43140
2023,1,90,机械类,B646,宁波大学,5,26754
2023,1,91,环境工程,B646,宁波大学,2,36708
2023,1,Z1,人文地理与城乡规划(中外合作办学)(中法合作),B646,宁波大学,6,54057
2023,1,Z2,旅游管理(中外合作办学)(中法合作),B646,宁波大学,8,78903
2023,1,30,广播电视学,B647,浙江传媒学院,4,46150
2023,1,31,新闻学,B647,浙江传媒学院,3,45130
2023,1,32,编辑出版学,B647,浙江传媒学院,2,57996
2023,1,33,传播学,B647,浙江传媒学院,2,40634
2023,1,34,汉语言文学(网络文学与创意写作),B647,浙江传媒学院,2,48469
2023,1,35,汉语言文学,B647,浙江传媒学院,5,53818
2023,1,36,文化产业管理,B647,浙江传媒学院,4,85382
2023,1,37,网络与新媒体,B647,浙江传媒学院,4,48647
2023,1,38,广告学,B647,浙江传媒学院,2,51838
2023,1,39,会展经济与管理,B647,浙江传媒学院,1,75737
2023,1,40,公共关系学,B647,浙江传媒学院,1,87204
2023,1,41,数字媒体技术,B647,浙江传媒学院,7,40641
2023,1,42,广播电视工程,B647,浙江传媒学院,6,85476
2023,1,43,软件工程(传媒大数据),B647,浙江传媒学院,3,50486
2023,1,44,电子科学与技术(演艺工程与舞台技术),B647,浙江传媒学院,3,83065
2023,1,45,网络工程,B647,浙江传媒学院,4,58350
2023,1,46,人工智能,B647,浙江传媒学院,5,64753
2023,1,47,电影制作,B647,浙江传媒学院,3,134571
2023,1,48,英语,B647,浙江传媒学院,1,50832
2023,1,49,传播学(中外合作办学),B647,浙江传媒学院,6,81828
2023,1,01,财政学,B652,河南财政金融学院,2,137839
2023,1,02,税收学,B652,河南财政金融学院,2,145838
2023,1,04,投资学,B652,河南财政金融学院,2,182747
2023,1,06,金融学,B652,河南财政金融学院,2,139305
2023,1,07,会计学,B652,河南财政金融学院,2,121704
2023,1,09,审计学,B652,河南财政金融学院,2,135809
2023,1,10,国际经济与贸易,B652,河南财政金融学院,2,173713
2023,1,14,电子商务,B652,河南财政金融学院,2,179619
2023,1,15,人力资源管理,B652,河南财政金融学院,2,180778
2023,1,16,会展经济与管理,B652,河南财政金融学院,2,196625
2023,1,18,工程造价,B652,河南财政金融学院,2,189285
2023,1,22,信用风险管理与法律防控,B652,河南财政金融学院,4,150986
2023,1,23,计算机科学与技术,B652,河南财政金融学院,2,153222
2023,1,25,智能科学与技术,B652,河南财政金融学院,2,181575
2023,1,27,汉语言文学,B652,河南财政金融学院,8,144177
2023,1,29,商务英语,B652,河南财政金融学院,6,204543
2023,1,31,数学与应用数学,B652,河南财政金融学院,2,169323
2023,1,32,学前教育(师范类),B652,河南财政金融学院,4,184080
2023,1,01,机械设计制造及其自动化,B653,南阳理工学院,3,172258
2023,1,05,自动化,B653,南阳理工学院,4,167165
2023,1,07,电子信息工程,B653,南阳理工学院,4,157080
2023,1,08,通信工程,B653,南阳理工学院,5,174323
2023,1,09,光电信息科学与工程,B653,南阳理工学院,4,186010
2023,1,12,计算机科学与技术,B653,南阳理工学院,2,134378
2023,1,13,数据科学与大数据技术,B653,南阳理工学院,2,157797
2023,1,14,网络空间安全,B653,南阳理工学院,4,167097
2023,1,15,数字媒体技术,B653,南阳理工学院,6,159073
2023,1,18,城乡规划,B653,南阳理工学院,2,186641
2023,1,19,历史建筑保护工程,B653,南阳理工学院,3,175536
2023,1,20,土木工程(房屋建筑方向),B653,南阳理工学院,8,210154
2023,1,21,土木工程(地下工程方向),B653,南阳理工学院,5,214623
2023,1,23,道路桥梁与渡河工程,B653,南阳理工学院,5,207222
2023,1,24,工程管理,B653,南阳理工学院,4,200490
2023,1,25,应用化学,B653,南阳理工学院,5,187207
2023,1,27,生物工程,B653,南阳理工学院,4,186111
2023,1,28,食品科学与工程,B653,南阳理工学院,5,186936
2023,1,32,中药学,B653,南阳理工学院,2,157969
2023,1,33,护理学,B653,南阳理工学院,2,157560
2023,1,35,数学与应用数学(经济数学方向),B653,南阳理工学院,4,192694
2023,1,37,新能源材料与器件,B653,南阳理工学院,4,193226
2023,1,39,工商管理,B653,南阳理工学院,3,184659
2023,1,41,财务管理,B653,南阳理工学院,3,160095
2023,1,42,财务管理(智能财务方向),B653,南阳理工学院,4,170783
2023,1,45,小学教育(师范类),B653,南阳理工学院,6,162910
2023,1,47,网络与新媒体,B653,南阳理工学院,2,163144
2023,1,48,英语,B653,南阳理工学院,2,164297
2023,1,50,商务英语,B653,南阳理工学院,3,179030
2023,1,57,软件工程(移动设备应用开发方向),B653,南阳理工学院,5,179231
2023,1,62,电气工程及其自动化(中外合作办学),B653,南阳理工学院,2,202879
2023,1,63,应用化学(中外合作办学),B653,南阳理工学院,2,214923
2023,1,05,电子商务,B654,武汉商学院,2,115382
2023,1,01,化学工程与工艺(卓越班),B656,广东石油化工学院,2,173868
2023,1,03,能源化学工程,B656,广东石油化工学院,2,177283
2023,1,05,精细化工,B656,广东石油化工学院,2,197874
2023,1,07,计算机科学与技术,B656,广东石油化工学院,2,154852
2023,1,12,石油工程,B656,广东石油化工学院,3,164675
2023,1,13,海洋油气工程,B656,广东石油化工学院,2,193730
2023,1,14,资源勘查工程,B656,广东石油化工学院,2,190362
2023,1,17,环境工程,B656,广东石油化工学院,2,189988
2023,1,41,数学与应用数学(师范类),B656,广东石油化工学院,2,186002
2023,1,45,新能源科学与工程,B656,广东石油化工学院,2,166316
2023,1,59,生物技术,B656,广东石油化工学院,2,180400
2023,1,05,教育学类(师范类),B658,海南师范大学,3,91325
2023,1,08,汉语言文学(师范类),B658,海南师范大学,8,68550
2023,1,09,数学与应用数学(师范类),B658,海南师范大学,3,66957
2023,1,11,数据科学与大数据技术,B658,海南师范大学,2,71934
2023,1,13,英语(师范类),B658,海南师范大学,5,78745
2023,1,14,翻译,B658,海南师范大学,3,117796
2023,1,16,历史学(师范类),B658,海南师范大学,2,72638
2023,1,18,地理科学类,B658,海南师范大学,3,75695
2023,1,19,物理学(师范类),B658,海南师范大学,2,84696
2023,1,21,电子信息科学与技术,B658,海南师范大学,4,101083
2023,1,22,光电信息科学与工程,B658,海南师范大学,2,105001
2023,1,23,化学(师范类),B658,海南师范大学,4,86100
2023,1,24,制药工程,B658,海南师范大学,3,121593
2023,1,25,应用化学,B658,海南师范大学,2,103387
2023,1,26,生物科学(师范类),B658,海南师范大学,2,94560
2023,1,28,生物技术,B658,海南师范大学,2,83842
2023,1,31,法学,B658,海南师范大学,3,60004
2023,1,33,经济学类,B658,海南师范大学,3,97901
2023,1,34,电子商务,B658,海南师范大学,2,97951
2023,1,36,网络空间安全,B658,海南师范大学,2,86294
2023,1,38,旅游管理类,B658,海南师范大学,2,101100
2023,1,39,汉语国际教育(师范类),B658,海南师范大学,2,78685
2023,1,40,应用心理学(师范类),B658,海南师范大学,2,81114
2023,1,07,学前教育(中外合作办学)(师范类),B658,海南师范大学,5,175649
2023,1,37,软件工程(NIIT班),B658,海南师范大学,8,133445
2023,1,01,车辆工程,B660,重庆理工大学,3,55479
2023,1,04,能源与动力工程,B660,重庆理工大学,3,50191
2023,1,07,测控技术与仪器,B660,重庆理工大学,2,59635
2023,1,09,机械电子工程,B660,重庆理工大学,3,55049
2023,1,10,材料科学与工程,B660,重庆理工大学,4,67614
2023,1,13,材料成型及控制工程,B660,重庆理工大学,3,67838
2023,1,16,计算机科学与技术,B660,重庆理工大学,4,37957
2023,1,17,物联网工程,B660,重庆理工大学,3,40996
2023,1,18,电气工程及其自动化,B660,重庆理工大学,5,42801
2023,1,19,自动化,B660,重庆理工大学,2,43404
2023,1,20,电子信息工程,B660,重庆理工大学,3,41058
2023,1,21,通信工程,B660,重庆理工大学,3,42282
2023,1,23,药学,B660,重庆理工大学,3,58275
2023,1,27,金融数学,B660,重庆理工大学,3,70388
2023,1,29,会计学,B660,重庆理工大学,4,51812
2023,1,31,财务管理,B660,重庆理工大学,3,57502
2023,1,32,金融学,B660,重庆理工大学,3,61047
2023,1,35,国际经济与贸易,B660,重庆理工大学,2,74130
2023,1,38,工商管理,B660,重庆理工大学,3,65065
2023,1,39,市场营销,B660,重庆理工大学,3,137039
2023,1,42,土地资源管理,B660,重庆理工大学,2,83433
2023,1,43,行政管理,B660,重庆理工大学,2,83432
2023,1,47,商务英语,B660,重庆理工大学,3,77289
2023,1,48,知识产权,B660,重庆理工大学,2,49995
2023,1,54,智能车辆工程,B660,重庆理工大学,5,59237
2023,1,55,软件工程,B660,重庆理工大学,3,37796
2023,1,56,智能科学与技术,B660,重庆理工大学,3,46242
2023,1,57,人工智能,B660,重庆理工大学,2,40829
2023,1,5G,化工与制药类,B660,重庆理工大学,4,71785
2023,1,60,智能制造工程,B660,重庆理工大学,3,56274
2023,1,61,光电信息材料与器件,B660,重庆理工大学,3,60976
2023,1,62,储能科学与工程,B660,重庆理工大学,3,57005
2023,1,G7,本科预科班（招收边防军人子女）,B664,西安邮电大学,6,107979
2023,1,KA,信息对抗技术,B664,西安邮电大学,3,32432
2023,1,KG,会计学,B664,西安邮电大学,4,37974
2023,1,KH,财务管理,B664,西安邮电大学,4,44210
2023,1,KQ,信息与计算科学,B664,西安邮电大学,2,31134
2023,1,KW,英语,B664,西安邮电大学,4,62573
2023,1,XA,通信工程,B664,西安邮电大学,7,27466
2023,1,XF,物联网工程,B664,西安邮电大学,6,29924
2023,1,XJ,微电子科学与工程,B664,西安邮电大学,2,29109
2023,1,XK,光电信息科学与工程,B664,西安邮电大学,3,30881
2023,1,XL,集成电路设计与集成系统,B664,西安邮电大学,3,26658
2023,1,XM,电磁场与无线技术,B664,西安邮电大学,4,35132
2023,1,XN,计算机科学与技术,B664,西安邮电大学,3,22409
2023,1,XP,软件工程,B664,西安邮电大学,3,25309
2023,1,XQ,网络工程,B664,西安邮电大学,3,28758
2023,1,XS,测控技术与仪器,B664,西安邮电大学,3,39272
2023,1,XT,电气工程及其自动化,B664,西安邮电大学,2,28607
2023,1,XU,自动化,B664,西安邮电大学,4,30645
2023,1,XW,智能科学与技术,B664,西安邮电大学,3,30742
2023,1,XX,信息安全,B664,西安邮电大学,5,26588
2023,1,99,电子信息工程(中外合作办学),B664,西安邮电大学,5,52889
2023,1,06,人工智能,B688,山东工商学院,42,156794
2023,1,08,国际经济与贸易,B688,山东工商学院,94,179588
2023,1,09,财政学,B688,山东工商学院,31,132964
2023,1,10,金融学,B688,山东工商学院,44,154054
2023,1,11,金融工程,B688,山东工商学院,15,163556
2023,1,12,投资学,B688,山东工商学院,34,179896
2023,1,13,法学,B688,山东工商学院,79,109463
2023,1,15,会计学,B688,山东工商学院,51,111975
2023,1,16,财务管理,B688,山东工商学院,33,117941
2023,1,17,审计学,B688,山东工商学院,71,125287
2023,1,18,社会工作,B688,山东工商学院,35,172990
2023,1,20,政治学与行政学,B688,山东工商学院,31,142200
2023,1,21,汉语言文学,B688,山东工商学院,83,124790
2023,1,27,数学与应用数学,B688,山东工商学院,35,159156
2023,1,28,应用统计学,B688,山东工商学院,36,149939
2023,1,29,自动化,B688,山东工商学院,34,154012
2023,1,30,经济统计学,B688,山东工商学院,29,153385
2023,1,31,保险学,B688,山东工商学院,31,183040
2023,1,32,电气工程及其自动化,B688,山东工商学院,31,136216
2023,1,34,电子信息工程,B688,山东工商学院,35,149194
2023,1,35,通信工程,B688,山东工商学院,24,149172
2023,1,36,软件工程,B688,山东工商学院,28,132392
2023,1,37,计算机科学与技术,B688,山东工商学院,51,127163
2023,1,38,数字媒体技术,B688,山东工商学院,41,148996
2023,1,39,网络工程,B688,山东工商学院,32,141499
2023,1,40,工业工程,B688,山东工商学院,21,178800
2023,1,41,信息管理与信息系统,B688,山东工商学院,42,169745
2023,1,42,安全工程,B688,山东工商学院,27,179326
2023,1,43,工程管理,B688,山东工商学院,37,185961
2023,1,44,应急技术与管理,B688,山东工商学院,34,188579
2023,1,45,工程造价,B688,山东工商学院,40,174219
2023,1,46,工商管理,B688,山东工商学院,72,161036
2023,1,47,市场营销,B688,山东工商学院,36,184566
2023,1,48,人力资源管理,B688,山东工商学院,78,171198
2023,1,49,物流管理,B688,山东工商学院,38,176728
2023,1,50,资产评估,B688,山东工商学院,31,163280
2023,1,54,电子商务,B688,山东工商学院,86,172075
2023,1,55,金融科技,B688,山东工商学院,45,179638
2023,1,A8,旅游管理,B688,山东工商学院,34,190468
2023,1,AB,信用风险管理与法律防控,B688,山东工商学院,1,119943
2023,1,AD,集成电路设计与集成系统,B688,山东工商学院,37,165987
2023,1,D1,公共管理类,B688,山东工商学院,249,191409
2023,1,D2,经济学类,B688,山东工商学院,154,175096
2023,1,D3,外国语言文学类,B688,山东工商学院,119,202055
2023,1,D4,新闻传播学类,B688,山东工商学院,73,166119
2023,1,B0,金融学(中外合作办学),B688,山东工商学院,72,221125
2023,1,B1,国际经济与贸易(中外合作办学),B688,山东工商学院,63,224897
2023,1,B2,会计学(中外合作办学),B688,山东工商学院,139,209263
2023,1,B3,财务管理(中外合作办学),B688,山东工商学院,56,206524
2023,1,B4,市场营销(中外合作办学),B688,山东工商学院,36,229796
2023,1,X1,电子科学与技术(校企合作，与青软创新科技集团股份有限公司合作),B688,山东工商学院,80,200839
2023,1,X3,软件工程(校企合作，与山东浪潮优派科技教育有限公司合作),B688,山东工商学院,70,181421
2023,1,X4,数字媒体技术(校企合作，与山东捷瑞数字科技股份有限公司合作),B688,山东工商学院,60,197214
2023,1,X5,信息与计算科学(校企合作，与山东全通网融科技有限公司合作),B688,山东工商学院,80,207500
2023,1,X6,英语(校企合作，与山东智博教育科技有限公司合作),B688,山东工商学院,70,194200
2023,1,X8,数据科学与大数据技术(校企合作，与青岛英谷教育科技股份有限公司合,B688,山东工商学院,80,192865
2023,1,X9,统计学(校企合作，与青岛英谷教育科技股份有限公司合作),B688,山东工商学院,70,191612
2023,1,XC,信息管理与信息系统(校企合作，与山东双元智能科技有限公司合作),B688,山东工商学院,70,209951
2023,1,XD,自动化(校企合作，与青岛英谷教育科技股份有限公司合作),B688,山东工商学院,60,202630
2023,1,XE,自动化(校企合作，与青岛英谷教育科技股份有限公司合作),B688,山东工商学院,60,203599
2023,1,HL,小学教育(师范类),B709,呼和浩特民族学院,1,173230
2023,1,HT,思想政治教育(师范类),B709,呼和浩特民族学院,1,149469
2023,1,HV,数学与应用数学(师范类),B709,呼和浩特民族学院,1,193923
2023,1,HZ,英语(师范类),B709,呼和浩特民族学院,1,160474
2023,1,Y2,汉语言文学(师范类),B709,呼和浩特民族学院,2,148783
2023,1,08,汉语言文学,B726,长春大学,2,86012
2023,1,0A,汉语国际教育,B726,长春大学,2,117211
2023,1,0B,英语,B726,长春大学,2,104878
2023,1,0C,俄语,B726,长春大学,2,152961
2023,1,0D,日语,B726,长春大学,2,159683
2023,1,0E,西班牙语,B726,长春大学,2,150774
2023,1,0F,网络与新媒体,B726,长春大学,2,112002
2023,1,0G,数学与应用数学,B726,长春大学,2,109806
2023,1,0H,信息与计算科学,B726,长春大学,2,122015
2023,1,0M,工业工程,B726,长春大学,1,136504
2023,1,10,财务管理,B726,长春大学,2,104145
2023,1,11,工商管理,B726,长春大学,2,129001
2023,1,12,会计学,B726,长春大学,2,101064
2023,1,13,旅游管理,B726,长春大学,2,154051
2023,1,22,园林,B726,长春大学,2,150562
2023,1,26,风景园林,B726,长春大学,2,146546
2023,1,29,特殊教育(师范类),B726,长春大学,2,102750
2023,1,2A,机械工程,B726,长春大学,2,115667
2023,1,2B,车辆工程,B726,长春大学,1,100535
2023,1,2C,经济学,B726,长春大学,2,104087
2023,1,2D,金融学,B726,长春大学,2,123263
2023,1,2F,国际经济与贸易,B726,长春大学,1,133641
2023,1,2G,计算机科学与技术,B726,长春大学,2,82899
2023,1,2H,网络工程,B726,长春大学,2,114241
2023,1,2K,电气工程及其自动化,B726,长春大学,2,94893
2023,1,2N,通信工程,B726,长春大学,2,113003
2023,1,2P,自动化,B726,长春大学,2,111174
2023,1,2R,食品科学与工程,B726,长春大学,2,136268
2023,1,2S,食品质量与安全,B726,长春大学,2,141497
2023,1,2T,软件工程,B726,长春大学,2,103592
2023,1,33,数据科学与大数据技术,B726,长春大学,2,109860
2023,1,36,计算机科学与技术,B726,长春大学,4,104317
2023,1,37,会计学,B726,长春大学,3,114743
2023,1,38,市场营销,B726,长春大学,3,156593
2023,1,39,金融工程,B726,长春大学,3,143605
2023,1,44,智能制造工程,B726,长春大学,2,119980
2023,1,48,学前教育,B726,长春大学,2,143298
2023,1,49,网络空间安全,B726,长春大学,2,101873
2023,1,17,机械工程(中外合作办学),B726,长春大学,2,178552
2023,1,18,自动化(中外合作办学),B726,长春大学,2,157403
2023,1,1U,俄语(中外合作办学),B726,长春大学,2,191613
2023,1,4A,电子信息工程(中外合作办学),B726,长春大学,2,168778
2023,1,4D,材料科学与工程(中外合作办学),B726,长春大学,2,208524
2023,1,4H,车辆工程(中外合作办学),B726,长春大学,2,208369
2023,1,4J,电气工程及其自动化(中外合作办学),B726,长春大学,2,171695
2023,1,4K,食品科学与工程(中外合作办学),B726,长春大学,2,191691
2023,1,20,酒店管理,B731,贵州商学院,4,214288
2023,1,21,会展经济与管理,B731,贵州商学院,4,206718
2023,1,26,电子商务,B731,贵州商学院,4,203409
2023,1,30,会展经济与管理(中外合作办学),B731,贵州商学院,4,218922
2023,1,04,商务英语,B736,西安航空学院,3,229631
2023,1,08,飞行器动力工程,B736,西安航空学院,3,104682
2023,1,13,材料成型及控制工程,B736,西安航空学院,3,145119
2023,1,15,复合材料与工程,B736,西安航空学院,3,131333
2023,1,32,财务管理,B736,西安航空学院,3,133505
2023,1,04,城乡规划,B765,河南城建学院,5,204404
2023,1,05,电气工程及其自动化(智能输配电方向),B765,河南城建学院,8,188653
2023,1,07,给排水科学与工程,B765,河南城建学院,5,208828
2023,1,17,城市管理,B765,河南城建学院,5,205993
2023,1,23,能源与动力工程,B765,河南城建学院,5,193437
2023,1,26,城市地下空间工程,B765,河南城建学院,5,219704
2023,1,30,生物工程,B765,河南城建学院,5,200810
2023,1,31,市场营销,B765,河南城建学院,5,206645
2023,1,34,自动化,B765,河南城建学院,6,196189
2023,1,36,高分子材料与工程,B765,河南城建学院,5,205330
2023,1,40,应用物理学(光伏工程方向),B765,河南城建学院,5,217261
2023,1,42,建筑电气与智能化,B765,河南城建学院,6,214907
2023,1,43,风景园林,B765,河南城建学院,5,196583
2023,1,01,地球物理学,B775,防灾科技学院,2,101807
2023,1,02,地质学,B775,防灾科技学院,2,103296
2023,1,04,资源勘查工程,B775,防灾科技学院,2,145048
2023,1,06,地理科学,B775,防灾科技学院,2,94926
2023,1,07,测绘工程,B775,防灾科技学院,3,148842
2023,1,08,地下水科学与工程,B775,防灾科技学院,2,163882
2023,1,09,土木工程,B775,防灾科技学院,3,162315
2023,1,0A,工程管理,B775,防灾科技学院,3,165120
2023,1,0B,水利水电工程,B775,防灾科技学院,2,140509
2023,1,0C,地质工程,B775,防灾科技学院,3,158203
2023,1,0D,城市地下空间工程,B775,防灾科技学院,3,158264
2023,1,0E,防灾减灾科学与工程,B775,防灾科技学院,3,112472
2023,1,0F,电气工程及其自动化,B775,防灾科技学院,4,107625
2023,1,0G,测控技术与仪器,B775,防灾科技学院,4,146794
2023,1,0H,通信工程,B775,防灾科技学院,4,132506
2023,1,0J,计算机类,B775,防灾科技学院,4,116121
2023,1,0L,物联网工程,B775,防灾科技学院,2,120880
2023,1,0M,数据科学与大数据技术,B775,防灾科技学院,2,114160
2023,1,0N,金融学,B775,防灾科技学院,2,143946
2023,1,0P,投资学,B775,防灾科技学院,3,161331
2023,1,0Q,会计学,B775,防灾科技学院,2,109546
2023,1,0S,应急管理,B775,防灾科技学院,2,111408
2023,1,0U,应急技术与管理,B775,防灾科技学院,2,104061
2023,1,0V,广告学,B775,防灾科技学院,3,159441
2023,1,0X,网络与新媒体,B775,防灾科技学院,6,134030
2023,1,11,经济学,B784,仰恩大学,5,237033
2023,1,22,新闻学,B784,仰恩大学,5,238830
2023,1,01,电气工程及其自动化,B798,武汉东湖学院,2,222622
2023,1,03,机械设计制造及其自动化,B798,武汉东湖学院,2,235820
2023,1,05,电子信息类,B798,武汉东湖学院,3,230959
2023,1,08,计算机类,B798,武汉东湖学院,3,231275
2023,1,09,软件工程,B798,武汉东湖学院,3,236740
2023,1,0B,护理学,B798,武汉东湖学院,3,205717
2023,1,0D,财务管理,B798,武汉东湖学院,3,222711
2023,1,0L,金融学,B798,武汉东湖学院,3,228113
2023,1,0V,法学,B798,武汉东湖学院,3,189057
2023,1,0Z,学前教育(师范类),B798,武汉东湖学院,3,230344
2023,1,1R,英语,B798,武汉东湖学院,2,224219
2023,1,01,经济学,B799,重庆工商大学,1,38911
2023,1,02,经济与贸易类,B799,重庆工商大学,2,62818
2023,1,03,财政学类,B799,重庆工商大学,2,45365
2023,1,04,金融学类,B799,重庆工商大学,3,54857
2023,1,05,工商管理类,B799,重庆工商大学,12,76718
2023,1,06,旅游管理类,B799,重庆工商大学,2,97817
2023,1,07,工商管理类(财会),B799,重庆工商大学,6,50720
2023,1,09,物流管理,B799,重庆工商大学,3,80611
2023,1,10,工程管理,B799,重庆工商大学,3,90013
2023,1,12,大数据管理与应用,B799,重庆工商大学,1,46533
2023,1,16,新闻传播学类,B799,重庆工商大学,1,58764
2023,1,17,法学类,B799,重庆工商大学,3,33394
2023,1,19,计算机类,B799,重庆工商大学,3,43656
2023,1,20,人工智能,B799,重庆工商大学,1,47230
2023,1,22,电子信息工程,B799,重庆工商大学,3,48834
2023,1,25,机械类,B799,重庆工商大学,2,61729
2023,1,26,智能制造工程,B799,重庆工商大学,2,67911
2023,1,27,智能车辆工程,B799,重庆工商大学,4,69658
2023,1,28,包装工程,B799,重庆工商大学,2,100300
2023,1,31,材料科学与工程,B799,重庆工商大学,2,78249
2023,1,33,化工与制药类,B799,重庆工商大学,2,63074
2023,1,37,数据科学与大数据技术,B799,重庆工商大学,2,47170
2023,1,38,数据计算及应用,B799,重庆工商大学,2,64119
2023,1,40,商务英语,B799,重庆工商大学,2,67663
2023,1,04,法学,B800,汉口学院,10,215788
2023,1,06,汉语言文学,B800,汉口学院,12,223079
2023,1,07,英语,B800,汉口学院,18,256185
2023,1,08,网络与新媒体,B800,汉口学院,10,241363
2023,1,09,机械电子工程,B800,汉口学院,11,258842
2023,1,0C,电子信息工程,B800,汉口学院,10,235497
2023,1,0E,计算机科学与技术,B800,汉口学院,18,242465
2023,1,0G,电子商务,B800,汉口学院,28,257163
2023,1,0H,数字媒体技术,B800,汉口学院,7,238622
2023,1,04,计算机类,B802,黑龙江工程学院,2,169806
2023,1,06,机械设计制造及其自动化,B802,黑龙江工程学院,2,180044
2023,1,07,测绘工程,B802,黑龙江工程学院,3,194477
2023,1,0A,机械类,B802,黑龙江工程学院,2,187736
2023,1,0B,车辆工程,B802,黑龙江工程学院,2,180307
2023,1,0F,土木类,B802,黑龙江工程学院,3,199919
2023,1,0H,建筑环境与能源应用工程,B802,黑龙江工程学院,2,200751
2023,1,0J,给排水科学与工程,B802,黑龙江工程学院,2,203108
2023,1,0K,城乡规划,B802,黑龙江工程学院,2,183012
2023,1,0L,市场营销,B802,黑龙江工程学院,6,204872
2023,1,0M,材料类,B802,黑龙江工程学院,3,199405
2023,1,0Q,工程造价,B802,黑龙江工程学院,2,193341
2023,1,0R,人工智能,B802,黑龙江工程学院,2,174057
2023,1,0S,数据科学与大数据技术,B802,黑龙江工程学院,2,168303
2023,1,0V,智能科学与技术,B802,黑龙江工程学院,2,177976
2023,1,0W,英语,B802,黑龙江工程学院,2,194898
2023,1,0X,机器人工程,B802,黑龙江工程学院,2,176275
2023,1,0Y,金融工程,B802,黑龙江工程学院,2,193345
2023,1,10,汽车服务工程,B802,黑龙江工程学院,2,201363
2023,1,11,社会工作,B802,黑龙江工程学院,1,170562
2023,1,12,高分子材料与工程,B802,黑龙江工程学院,2,193286
2023,1,06,材料成型及控制工程,B807,兰州工业学院,2,214201
2023,1,07,机械电子工程,B807,兰州工业学院,3,200115
2023,1,09,汽车服务工程,B807,兰州工业学院,3,214979
2023,1,0F,电气工程及其自动化,B807,兰州工业学院,3,158401
2023,1,0G,电子信息工程,B807,兰州工业学院,3,195887
2023,1,0H,通信工程,B807,兰州工业学院,3,198136
2023,1,0J,自动化,B807,兰州工业学院,3,196360
2023,1,0K,轨道交通信号与控制,B807,兰州工业学院,3,198002
2023,1,0L,软件工程,B807,兰州工业学院,4,189392
2023,1,0P,数字媒体技术,B807,兰州工业学院,3,194279
2023,1,0T,建筑环境与能源应用工程,B807,兰州工业学院,3,219852
2023,1,0U,给排水科学与工程,B807,兰州工业学院,3,217813
2023,1,0V,工程造价,B807,兰州工业学院,3,207701
2023,1,0X,物流管理,B807,兰州工业学院,3,207014
2023,1,0Y,电子商务,B807,兰州工业学院,3,209467
2023,1,01,临床医学,B810,海南医学院,9,66921
2023,1,05,眼视光医学,B810,海南医学院,2,68387
2023,1,06,医学影像学,B810,海南医学院,2,71111
2023,1,07,口腔医学,B810,海南医学院,3,54913
2023,1,12,药学,B810,海南医学院,3,121042
2023,1,14,海洋药学,B810,海南医学院,3,159361
2023,1,16,医学检验技术,B810,海南医学院,3,118326
2023,1,17,医学影像技术,B810,海南医学院,3,118448
2023,1,18,卫生检验与检疫,B810,海南医学院,2,125620
2023,1,20,护理学,B810,海南医学院,2,133219
2023,1,32,医学影像技术(中外合作办学),B810,海南医学院,3,194849
2023,1,33,康复治疗学(中外合作办学),B810,海南医学院,2,208579
2023,1,34,护理学(中外合作办学),B810,海南医学院,3,215805
2023,1,17,食品质量与安全,B819,东莞理工学院,2,139400
2023,1,26,应用化学(含教育部卓越计划班),B819,东莞理工学院,4,140767
2023,1,28,能源化学工程,B819,东莞理工学院,2,115648
2023,1,29,能源与动力工程,B819,东莞理工学院,2,112891
2023,1,33,国际经济与贸易,B819,东莞理工学院,2,121157
2023,1,39,英语,B819,东莞理工学院,3,158822
2023,1,07,财务管理,B825,桂林航天工业学院,3,164192
2023,1,08,物流管理,B825,桂林航天工业学院,2,201464
2023,1,09,物流工程,B825,桂林航天工业学院,2,195552
2023,1,13,机械设计制造及其自动化,B825,桂林航天工业学院,4,177030
2023,1,14,机械电子工程,B825,桂林航天工业学院,4,183500
2023,1,15,材料成型及控制工程,B825,桂林航天工业学院,2,196334
2023,1,16,智能制造工程,B825,桂林航天工业学院,2,180087
2023,1,17,通信工程,B825,桂林航天工业学院,4,172276
2023,1,18,电子信息工程,B825,桂林航天工业学院,4,168728
2023,1,19,测控技术与仪器,B825,桂林航天工业学院,4,184723
2023,1,20,自动化,B825,桂林航天工业学院,4,172884
2023,1,22,汽车服务工程,B825,桂林航天工业学院,6,205946
2023,1,23,车辆工程,B825,桂林航天工业学院,4,194551
2023,1,24,新能源汽车工程,B825,桂林航天工业学院,2,183165
2023,1,26,建筑环境与能源应用工程,B825,桂林航天工业学院,2,196012
2023,1,29,软件工程,B825,桂林航天工业学院,2,149854
2023,1,30,物联网工程,B825,桂林航天工业学院,2,169213
2023,1,31,计算机科学与技术,B825,桂林航天工业学院,2,142794
2023,1,32,商务英语,B825,桂林航天工业学院,4,210732
2023,1,33,国际商务,B825,桂林航天工业学院,4,207836
2023,1,34,数字媒体技术,B825,桂林航天工业学院,3,172503
2023,1,35,数据科学与大数据技术,B825,桂林航天工业学院,3,173080
2023,1,36,飞行器制造工程,B825,桂林航天工业学院,2,158916
2023,1,37,飞行器动力工程,B825,桂林航天工业学院,2,171722
2023,1,38,飞行器质量与可靠性,B825,桂林航天工业学院,2,167432
2023,1,21,电子信息工程(中外合作办学),B825,桂林航天工业学院,4,216022
2023,1,01,经济学,B832,河北经贸大学,4,71909
2023,1,02,国际经济与贸易,B832,河北经贸大学,5,92657
2023,1,04,贸易经济,B832,河北经贸大学,4,100770
2023,1,05,金融学,B832,河北经贸大学,5,75405
2023,1,08,金融科技,B832,河北经贸大学,5,83836
2023,1,19,大数据管理与应用,B832,河北经贸大学,2,75493
2023,1,22,法学,B832,河北经贸大学,12,53952
2023,1,25,新闻学,B832,河北经贸大学,7,98942
2023,1,28,日语,B832,河北经贸大学,2,120622
2023,1,29,商务英语,B832,河北经贸大学,6,187361
2023,1,34,数学与应用数学,B832,河北经贸大学,3,88249
2023,1,36,应用统计学,B832,河北经贸大学,6,86819
2023,1,37,人工智能,B832,河北经贸大学,3,69936
2023,1,39,网络工程,B832,河北经贸大学,4,68804
2023,1,41,数据科学与大数据技术,B832,河北经贸大学,4,69239
2023,1,44,会展经济与管理,B832,河北经贸大学,12,175854
2023,1,46,会计学,B832,河北经贸大学,10,71701
2023,1,49,工商管理,B832,河北经贸大学,8,108650
2023,1,50,市场营销,B832,河北经贸大学,8,193467
2023,1,0A,法学,B833,上海杉达学院,1,131736
2023,1,0E,旅游管理,B833,上海杉达学院,2,223872
2023,1,0L,数据科学与大数据技术,B833,上海杉达学院,1,164697
2023,1,04,国际经济与贸易(中外合作办学),B833,上海杉达学院,2,201583
2023,1,06,学前教育(师范类),B834,黄河科技学院,4,215466
2023,1,1A,财务管理,B834,黄河科技学院,3,208904
2023,1,01,法学(卓越法律人才培养创新班),B835,上海政法学院,2,16653
2023,1,02,法学(涉外卓越法律人才培养创新班),B835,上海政法学院,3,19746
2023,1,03,法学(涉外卓越律师人才培养试点班),B835,上海政法学院,2,20749
2023,1,04,法学(刑事司法方向),B835,上海政法学院,3,22343
2023,1,05,法学(民商法方向),B835,上海政法学院,3,21296
2023,1,07,法学(体育法方向),B835,上海政法学院,3,24941
2023,1,08,法学(经济法方向),B835,上海政法学院,3,22366
2023,1,09,法学(国际经济法方向),B835,上海政法学院,3,22755
2023,1,0A,法学(人工智能法学方向),B835,上海政法学院,3,23038
2023,1,0C,监狱学,B835,上海政法学院,2,27627
2023,1,0E,知识产权,B835,上海政法学院,3,24750
2023,1,0M,审计学,B835,上海政法学院,3,35055
2023,1,0N,电子商务及法律,B835,上海政法学院,2,37651
2023,1,0R,应用心理学,B835,上海政法学院,2,32184
2023,1,0W,英语,B835,上海政法学院,3,36891
2023,1,0X,俄语,B835,上海政法学院,3,54761
2023,1,0Y,翻译,B835,上海政法学院,3,48270
2023,1,10,汉语国际教育,B835,上海政法学院,2,42832
2023,1,12,网络与新媒体,B835,上海政法学院,2,37888
2023,1,13,广播电视学(卓越新闻传播人才培养试点班),B835,上海政法学院,3,50674
2023,1,14,思想政治教育,B835,上海政法学院,2,30267
2023,1,02,会展经济与管理,B837,桂林旅游学院,2,211871
2023,1,04,旅游管理,B837,桂林旅游学院,2,207121
2023,1,05,旅游管理与服务教育,B837,桂林旅游学院,2,210692
2023,1,06,风景园林,B837,桂林旅游学院,2,210981
2023,1,07,数据科学与大数据技术,B837,桂林旅游学院,3,207785
2023,1,08,人工智能,B837,桂林旅游学院,2,203002
2023,1,09,经济与金融,B837,桂林旅游学院,2,201129
2023,1,10,财务管理,B837,桂林旅游学院,2,185480
2023,1,11,电子商务,B837,桂林旅游学院,2,214193
2023,1,12,会计学,B837,桂林旅游学院,2,175252
2023,1,13,市场营销,B837,桂林旅游学院,2,208056
2023,1,14,英语,B837,桂林旅游学院,7,206132
2023,1,20,汉语国际教育,B837,桂林旅游学院,2,180119
2023,1,21,传播学,B837,桂林旅游学院,4,205589
2023,1,22,烹饪与营养教育,B837,桂林旅游学院,2,214109
2023,1,23,食品质量与安全,B837,桂林旅游学院,2,193813
2023,1,32,汉语言文学,B837,桂林旅游学院,2,170899
2023,1,30,酒店管理(中外合作办学),B837,桂林旅游学院,14,235777
2023,1,0E,思想政治教育(师范类),B838,贺州学院,3,178088
2023,1,0L,汉语言文学(师范类),B838,贺州学院,3,168610
2023,1,0R,历史学,B838,贺州学院,3,182152
2023,1,0Z,电气工程及其自动化,B838,贺州学院,3,205362
2023,1,11,通信工程,B838,贺州学院,3,205345
2023,1,13,人工智能,B838,贺州学院,3,208865
2023,1,1K,旅游管理,B838,贺州学院,3,212558
2023,1,01,临床医学,B840,西安医学院,2,41084
2023,1,10,药学,B840,西安医学院,5,118441
2023,1,19,护理学,B840,西安医学院,5,139734
2023,1,21,市场营销,B840,西安医学院,3,183502
2023,1,23,公共事业管理,B840,西安医学院,3,163726
2023,1,0H,国际经济与贸易,B843,九江学院,3,191592
2023,1,0M,法学,B843,九江学院,4,126999
2023,1,0Y,英语(师范类),B843,九江学院,5,177450
2023,1,11,数学与应用数学(师范类),B843,九江学院,4,191306
2023,1,15,应用化学,B843,九江学院,4,198339
2023,1,19,机械设计制造及其自动化,B843,九江学院,4,181619
2023,1,1D,金属材料工程,B843,九江学院,3,208555
2023,1,1F,电子信息工程,B843,九江学院,4,170418
2023,1,1J,计算机科学与技术,B843,九江学院,4,165114
2023,1,1M,软件工程,B843,九江学院,4,157927
2023,1,1P,物联网工程,B843,九江学院,5,178463
2023,1,1R,土木工程,B843,九江学院,3,200568
2023,1,1V,城乡规划,B843,九江学院,3,182111
2023,1,1W,临床医学,B843,九江学院,5,97922
2023,1,26,护理学,B843,九江学院,4,164609
2023,1,28,会计学,B843,九江学院,4,140249
2023,1,29,审计学,B843,九江学院,5,148411
2023,1,02,机械设计制造及其自动化,B845,广东工业大学,3,33794
2023,1,15,能源化学工程,B845,广东工业大学,3,53441
2023,1,32,计算机类,B845,广东工业大学,2,26226
2023,1,38,材料类,B845,广东工业大学,3,45929
2023,1,43,能源动力类,B845,广东工业大学,3,35944
2023,1,46,环境工程,B845,广东工业大学,2,59046
2023,1,58,制药工程,B845,广东工业大学,3,59843
2023,1,63,工商管理类,B845,广东工业大学,3,59140
2023,1,79,社会工作,B845,广东工业大学,3,85398
2023,1,80,国际经济与贸易,B845,广东工业大学,3,48072
2023,1,84,工业设计,B845,广东工业大学,3,42161
2023,1,J1,机械电子工程,B845,广东工业大学,3,35054
2023,1,J2,电气工程及其自动化,B845,广东工业大学,2,30373
2023,1,J3,计算机科学与技术,B845,广东工业大学,3,28530
2023,1,J5,化学工程与工艺,B845,广东工业大学,3,48783
2023,1,02,经济统计学,B846,广东外语外贸大学,1,33182
2023,1,04,财政学类,B846,广东外语外贸大学,3,32193
2023,1,05,金融学类,B846,广东外语外贸大学,1,24183
2023,1,06,国际经济与贸易,B846,广东外语外贸大学,1,28237
2023,1,07,法学,B846,广东外语外贸大学,1,19462
2023,1,09,社会工作,B846,广东外语外贸大学,3,63607
2023,1,14,英语,B846,广东外语外贸大学,3,30264
2023,1,17,德语,B846,广东外语外贸大学,1,52316
2023,1,21,日语,B846,广东外语外贸大学,2,59677
2023,1,22,波斯语,B846,广东外语外贸大学,1,97644
2023,1,24,印度尼西亚语,B846,广东外语外贸大学,1,146639
2023,1,25,印地语,B846,广东外语外贸大学,1,73229
2023,1,28,乌尔都语,B846,广东外语外贸大学,2,81484
2023,1,30,波兰语,B846,广东外语外贸大学,1,90996
2023,1,31,葡萄牙语,B846,广东外语外贸大学,1,50495
2023,1,33,意大利语,B846,广东外语外贸大学,1,46249
2023,1,36,商务英语,B846,广东外语外贸大学,1,32664
2023,1,39,应用心理学,B846,广东外语外贸大学,1,36122
2023,1,40,计算机类,B846,广东外语外贸大学,7,39246
2023,1,41,工商管理类,B846,广东外语外贸大学,4,47925
2023,1,M2,药学,B847,佛山科学技术学院,3,161040
2023,1,P1,工商管理,B847,佛山科学技术学院,4,161332
2023,1,P3,会计学,B847,佛山科学技术学院,5,139373
2023,1,P6,人力资源管理,B847,佛山科学技术学院,5,170191
2023,1,P8,市场营销,B847,佛山科学技术学院,3,187309
2023,1,02,学前教育(师范类),B963,亳州学院,5,182606
2023,1,0C,网络与新媒体,B963,亳州学院,5,183493
2023,1,0E,酿酒工程,B963,亳州学院,5,197822
2023,1,0L,酒店管理,B963,亳州学院,5,209106
2023,1,0P,电子商务,B963,亳州学院,4,193114
2023,1,01,汉语言文学(师范类),B969,郑州师范学院,3,87792
2023,1,21,计算机科学与技术,B969,郑州师范学院,3,133399
2023,1,01,市场营销,C026,大连民族大学,2,208105
2023,1,03,工商管理,C026,大连民族大学,2,117727
2023,1,04,行政管理,C026,大连民族大学,2,104763
2023,1,05,人力资源管理,C026,大连民族大学,2,107427
2023,1,06,机械设计制造及其自动化,C026,大连民族大学,3,100060
2023,1,07,自动化,C026,大连民族大学,4,101727
2023,1,11,机器人工程,C026,大连民族大学,3,105824
2023,1,12,智能制造工程,C026,大连民族大学,2,107072
2023,1,14,食品科学与工程,C026,大连民族大学,2,110725
2023,1,19,英语,C026,大连民族大学,2,106443
2023,1,21,朝鲜语,C026,大连民族大学,2,256599
2023,1,22,计算机科学与技术,C026,大连民族大学,2,63080
2023,1,25,人工智能,C026,大连民族大学,2,90100
2023,1,26,工业设计,C026,大连民族大学,2,101627
2023,1,30,汉语言文学,C026,大连民族大学,2,61165
2023,1,31,法学,C026,大连民族大学,3,60061
2023,1,32,新闻学,C026,大连民族大学,2,78713
2023,1,36,统计学,C026,大连民族大学,2,95724
2023,1,37,区块链工程,C026,大连民族大学,3,110619
2023,1,39,会计学,C026,大连民族大学,2,74262
2023,1,40,财务管理,C026,大连民族大学,2,79337
2023,1,41,国际商务,C026,大连民族大学,2,192567
2023,1,42,电子信息工程,C026,大连民族大学,2,76349
2023,1,44,物联网工程,C026,大连民族大学,2,93516
2023,1,45,生物技术,C026,大连民族大学,2,109901
2023,1,48,经济林,C026,大连民族大学,3,179207
2023,1,51,建筑学,C026,大连民族大学,2,115364
2023,1,02,小学教育(师范类),C034,湖南第一师范学院,2,88093
2023,1,08,汉语言文学(师范类),C034,湖南第一师范学院,2,71717
2023,1,13,数学与应用数学(师范类),C034,湖南第一师范学院,2,105151
2023,1,17,科学教育(师范类),C034,湖南第一师范学院,2,127239
2023,1,19,物理学(师范类),C034,湖南第一师范学院,2,126459
2023,1,21,英语(师范类),C034,湖南第一师范学院,2,97656
2023,1,24,电子信息工程,C034,湖南第一师范学院,3,133436
2023,1,26,通信工程,C034,湖南第一师范学院,3,122003
2023,1,27,人工智能,C034,湖南第一师范学院,2,136921
2023,1,29,教育技术学(师范类),C034,湖南第一师范学院,2,122344
2023,1,30,计算机科学与技术,C034,湖南第一师范学院,4,103348
2023,1,31,国际经济与贸易,C034,湖南第一师范学院,2,135663
2023,1,32,市场营销,C034,湖南第一师范学院,2,141875
2023,1,33,会计学,C034,湖南第一师范学院,2,111731
2023,1,51,思想政治教育(师范类),C034,湖南第一师范学院,2,81915
2023,1,55,数据科学与大数据技术,C034,湖南第一师范学院,4,124365
2023,1,56,智能制造工程,C034,湖南第一师范学院,3,143573
2023,1,57,工业智能,C034,湖南第一师范学院,3,153962
2023,1,02,材料成型及控制工程,C044,上海第二工业大学,2,66780
2023,1,16,工业设计,C044,上海第二工业大学,2,57286
2023,1,20,新能源科学与工程,C044,上海第二工业大学,1,58450
2023,1,24,环保设备工程,C044,上海第二工业大学,2,76701
2023,1,40,酒店管理,C044,上海第二工业大学,3,101236
2023,1,01,特殊教育(师范类),C048,南京特殊教育师范学院,3,84116
2023,1,02,小学教育(师范类),C048,南京特殊教育师范学院,2,101746
2023,1,05,学前教育(师范类),C048,南京特殊教育师范学院,5,142328
2023,1,08,英语(师范类),C048,南京特殊教育师范学院,5,125285
2023,1,10,公共事业管理,C048,南京特殊教育师范学院,2,148513
2023,1,11,劳动与社会保障,C048,南京特殊教育师范学院,5,187233
2023,1,19,康复治疗学,C048,南京特殊教育师范学院,2,88822
2023,1,23,教育技术学(师范类),C048,南京特殊教育师范学院,2,149540
2023,1,24,计算机科学与技术,C048,南京特殊教育师范学院,3,153200
2023,1,25,数学与应用数学(师范类),C048,南京特殊教育师范学院,8,153255
2023,1,09,会计学,C050,上海商学院,4,56593
2023,1,0C,国际经济与贸易,C050,上海商学院,3,61762
2023,1,0T,计算机科学与技术,C050,上海商学院,4,62746
2023,1,0Y,酒店管理(中外合作办学),C050,上海商学院,5,185173
2023,1,0Z,电子商务(中外合作办学),C050,上海商学院,5,172151
2023,1,01,机械设计制造及其自动化,C056,南通理工学院,4,234721
2023,1,05,智能制造工程,C056,南通理工学院,3,238317
2023,1,07,车辆工程,C056,南通理工学院,3,243915
2023,1,11,工程管理,C056,南通理工学院,3,242233
2023,1,12,土木工程,C056,南通理工学院,3,249940
2023,1,13,工程造价,C056,南通理工学院,3,238329
2023,1,14,安全工程,C056,南通理工学院,5,257615
2023,1,21,数据科学与大数据技术,C056,南通理工学院,3,239940
2023,1,22,人工智能,C056,南通理工学院,3,237741
2023,1,26,船舶与海洋工程,C056,南通理工学院,3,239865
2023,1,30,物流管理,C056,南通理工学院,3,233728
2023,1,32,电子商务,C056,南通理工学院,2,235869
2023,1,33,金融工程,C056,南通理工学院,3,231901
2023,1,34,酒店管理,C056,南通理工学院,3,248574
2023,1,38,护理学,C056,南通理工学院,4,236476
2023,1,39,康复治疗学,C056,南通理工学院,3,227171
2023,1,04,商务英语,C059,广东培正学院,5,261146
2023,1,25,会计学,C059,广东培正学院,5,238540
2023,1,28,法学,C059,广东培正学院,5,220636
2023,1,36,计算机科学与技术,C059,广东培正学院,5,255892
2023,1,02,机械电子工程,C105,天津中德应用技术大学,6,151334
2023,1,03,金属材料工程,C105,天津中德应用技术大学,4,170388
2023,1,04,飞行器制造工程,C105,天津中德应用技术大学,4,156398
2023,1,0J,车辆工程,C105,天津中德应用技术大学,10,165403
2023,1,0L,质量管理工程,C105,天津中德应用技术大学,5,169054
2023,1,0M,财务管理,C105,天津中德应用技术大学,5,131762
2023,1,0N,德语,C105,天津中德应用技术大学,14,196438
2023,1,02,信息安全,C107,贵州警察学院,2,149188
2023,1,18,法学,C107,贵州警察学院,6,129405
2023,1,19,监狱学,C107,贵州警察学院,2,115946
2023,1,01,临床医学(本硕博连读),C121,南方医科大学,3,2180
2023,1,03,临床医学,C121,南方医科大学,4,5790
2023,1,05,儿科学,C121,南方医科大学,2,15939
2023,1,08,法医学,C121,南方医科大学,3,23152
2023,1,A1,医学影像学,C121,南方医科大学,2,9802
2023,1,B1,药学,C121,南方医科大学,4,24270
2023,1,B4,中药学,C121,南方医科大学,4,38031
2023,1,B5,医学检验技术,C121,南方医科大学,7,31944
2023,1,B6,康复治疗学,C121,南方医科大学,6,45136
2023,1,C2,生物医学工程,C121,南方医科大学,8,33065
2023,1,D4,生物医学工程(智能医学),C121,南方医科大学,2,30458
2023,1,01,临床医学,C214,湖南医药学院,2,69588
2023,1,05,针灸推拿学,C214,湖南医药学院,1,91359
2023,1,06,医学影像技术,C214,湖南医药学院,1,91138
2023,1,07,医学检验技术,C214,湖南医药学院,1,121081
2023,1,09,药学,C214,湖南医药学院,1,121284
2023,1,10,中药学,C214,湖南医药学院,1,112672
2023,1,12,护理学,C214,湖南医药学院,1,115638
2023,1,14,康复治疗学,C214,湖南医药学院,1,121905
2023,1,33,物流管理,C216,安徽新华学院,15,249253
2023,1,34,电子商务(校企合作，与上海剧星教育科技有限公司合作),C216,安徽新华学院,15,258632
2023,1,0C,金融学,C303,湖南涉外经济学院,2,243972
2023,1,0E,国际经济与贸易,C303,湖南涉外经济学院,2,256440
2023,1,0J,汉语言文学,C303,湖南涉外经济学院,1,226585
2023,1,0K,英语,C303,湖南涉外经济学院,2,250207
2023,1,0M,日语,C303,湖南涉外经济学院,2,253145
2023,1,0P,机械设计制造及其自动化,C303,湖南涉外经济学院,2,263933
2023,1,0U,电子信息工程,C303,湖南涉外经济学院,1,250638
2023,1,0V,通信工程,C303,湖南涉外经济学院,2,266468
2023,1,0W,电子信息科学与技术,C303,湖南涉外经济学院,2,270577
2023,1,0Y,计算机科学与技术,C303,湖南涉外经济学院,3,260573
2023,1,0Z,软件工程,C303,湖南涉外经济学院,3,268544
2023,1,11,工商管理,C303,湖南涉外经济学院,2,259152
2023,1,13,会计学,C303,湖南涉外经济学院,2,240311
2023,1,14,财务管理,C303,湖南涉外经济学院,2,241822
2023,1,16,人力资源管理,C303,湖南涉外经济学院,2,258248
2023,1,1A,电子商务,C303,湖南涉外经济学院,2,262309
2023,1,1C,酒店管理,C303,湖南涉外经济学院,2,261624
2023,1,1Y,网络与新媒体,C303,湖南涉外经济学院,8,257328
2023,1,1Z,物联网工程,C303,湖南涉外经济学院,2,262631
2023,1,2C,学前教育(师范类),C303,湖南涉外经济学院,4,256442
2023,1,2E,商务英语,C303,湖南涉外经济学院,2,263840
2023,1,1A,新闻学(网络新媒体),C308,海口经济学院,8,261361
2023,1,1B,建筑类,C308,海口经济学院,4,247327
2023,1,1D,土木工程,C308,海口经济学院,4,266101
2023,1,1K,财务管理,C308,海口经济学院,3,249146
2023,1,1L,会计学,C308,海口经济学院,8,246940
2023,1,1M,市场营销(新媒体营销),C308,海口经济学院,2,257476
2023,1,1N,物流管理(智慧物流),C308,海口经济学院,3,255940
2023,1,1R,人力资源管理(薪酬绩效设计师),C308,海口经济学院,3,255781
2023,1,1T,数据科学与大数据技术(数字平台运维),C308,海口经济学院,2,250488
2023,1,1W,外国语言文学类,C308,海口经济学院,2,256792
2023,1,1X,交通运输(民航运输),C308,海口经济学院,3,253195
2023,1,1Y,旅游管理类,C308,海口经济学院,3,260660
2023,1,2A,计算机科学与技术,C308,海口经济学院,2,258438
2023,1,2B,金融工程,C308,海口经济学院,4,260443
2023,1,2C,电气工程及其自动化,C308,海口经济学院,3,265281
2023,1,4A,人力资源管理,C308,海口经济学院,3,259272
2023,1,4B,市场营销,C308,海口经济学院,3,261462
2023,1,4C,电子商务,C308,海口经济学院,2,261777
2023,1,4D,市场营销(创意产业管理),C308,海口经济学院,4,260277
2023,1,4F,会展经济与管理(数字会展),C308,海口经济学院,4,262988
2023,1,9C,英语(教育、翻译、商务方向),C308,海口经济学院,4,255574
2023,1,9E,旅游管理(智慧旅游),C308,海口经济学院,6,263624
2023,1,9K,数字媒体技术,C308,海口经济学院,2,267057
2023,1,9M,电子商务(创业与商业管理),C308,海口经济学院,3,261961
2023,1,9W,工程造价,C308,海口经济学院,3,275824
2023,1,A3,通信工程,C308,海口经济学院,2,268425
2023,1,AA,经济学类,C308,海口经济学院,4,249952
2023,1,01,计算机科学与技术,C309,武昌首义学院,2,212687
2023,1,02,计算机科学与技术(华为云特色班),C309,武昌首义学院,2,222543
2023,1,03,软件工程,C309,武昌首义学院,1,188299
2023,1,04,软件工程(华为云特色班),C309,武昌首义学院,1,222162
2023,1,05,物联网工程,C309,武昌首义学院,2,227512
2023,1,06,物联网工程(腾讯云精英班),C309,武昌首义学院,1,227787
2023,1,11,电气工程及其自动化,C309,武昌首义学院,2,223519
2023,1,12,机械电子工程,C309,武昌首义学院,2,227606
2023,1,14,机械设计制造及其自动化(智能制造方向),C309,武昌首义学院,2,235933
2023,1,15,机器人工程,C309,武昌首义学院,2,228737
2023,1,16,土木工程,C309,武昌首义学院,2,241306
2023,1,18,工程造价,C309,武昌首义学院,2,235108
2023,1,19,环境工程,C309,武昌首义学院,2,237192
2023,1,21,智能建造(城铁优才班),C309,武昌首义学院,2,233077
2023,1,22,外国语言文学类,C309,武昌首义学院,2,223215
2023,1,23,金融学,C309,武昌首义学院,2,223514
2023,1,25,会计学,C309,武昌首义学院,2,211448
2023,1,27,金融科技,C309,武昌首义学院,2,234503
2023,1,30,法学,C309,武昌首义学院,2,187336
2023,1,31,新闻学(智能新闻传播方向),C309,武昌首义学院,2,236425
2023,1,34,网络与新媒体,C309,武昌首义学院,3,207502
2023,1,03,工商管理(精英班),C310,武昌理工学院,28,253239
2023,1,04,电子商务(腾讯云精英班),C310,武昌理工学院,5,249144
2023,1,08,智能科学与技术(科大讯飞精英班),C310,武昌理工学院,10,251484
2023,1,09,数据科学与大数据技术(科大讯飞精英班),C310,武昌理工学院,12,249960
2023,1,10,软件工程(科大讯飞精英班),C310,武昌理工学院,18,247952
2023,1,01,学前教育(师范类),C331,山东女子学院,120,180554
2023,1,02,小学教育(师范类),C331,山东女子学院,80,157563
2023,1,03,应用心理学,C331,山东女子学院,24,180020
2023,1,04,社会工作,C331,山东女子学院,59,194700
2023,1,05,知识产权,C331,山东女子学院,23,150825
2023,1,06,养老服务管理,C331,山东女子学院,108,202756
2023,1,07,女性学,C331,山东女子学院,26,192605
2023,1,09,日语,C331,山东女子学院,16,201452
2023,1,10,俄语,C331,山东女子学院,15,203045
2023,1,11,商务英语(仅招收英语语种考生),C331,山东女子学院,91,202108
2023,1,12,会计学,C331,山东女子学院,153,165860
2023,1,13,财务管理,C331,山东女子学院,24,166442
2023,1,14,审计学,C331,山东女子学院,21,161184
2023,1,16,旅游管理,C331,山东女子学院,61,206708
2023,1,17,工商管理,C331,山东女子学院,57,187017
2023,1,18,人力资源管理,C331,山东女子学院,65,189207
2023,1,19,市场营销,C331,山东女子学院,60,205401
2023,1,21,计算机科学与技术,C331,山东女子学院,117,182669
2023,1,22,数据科学与大数据技术,C331,山东女子学院,37,188978
2023,1,23,软件工程,C331,山东女子学院,35,185428
2023,1,25,数字媒体技术,C331,山东女子学院,80,192765
2023,1,26,数据计算及应用,C331,山东女子学院,40,197738
2023,1,27,国际经济与贸易,C331,山东女子学院,58,198216
2023,1,30,金融工程,C331,山东女子学院,102,196737
2023,1,34,健康服务与管理,C331,山东女子学院,80,200940
2023,1,XA,健康服务与管理(校企合作，与山东绿地泉美好生活服务集团合作),C331,山东女子学院,30,206534
2023,1,XB,会计学(校企合作，与北京思汇知行数智科技有限公司合作),C331,山东女子学院,40,177684
2023,1,XC,广播电视学(校企合作，与浙江时光坐标科技股份有限公司合作),C331,山东女子学院,45,206246
2023,1,XE,酒店管理(校企合作，与山东华仁教育发展有限公司合作),C331,山东女子学院,40,213193
2023,1,XF,会展经济与管理(校企合作，与山东华仁教育发展有限公司合作),C331,山东女子学院,40,211005
2023,1,XG,人力资源管理(校企合作，与人才有价山东有限公司合作),C331,山东女子学院,30,199785
2023,1,XH,计算机科学与技术(校企合作，与浪潮集团有限公司合作),C331,山东女子学院,35,194785
2023,1,XK,数字媒体技术(校企合作，与山东新视觉数码科技有限公司合作),C331,山东女子学院,50,205509
2023,1,XL,人工智能(校企合作，与鼎利山东产业发展有限公司合作),C331,山东女子学院,40,209635
2023,1,XM,投资学(校企合作，与山东华仁教育发展有限公司合作),C331,山东女子学院,45,209315
2023,1,XN,金融工程(校企合作，与山东华仁教育发展有限公司合作),C331,山东女子学院,50,204319
2023,1,XR,跨境电子商务(校企合作，与鼎利山东产业发展有限公司合作),C331,山东女子学院,30,210123
2023,1,01,材料成型及控制工程,C332,烟台南山学院,50,237911
2023,1,03,金属材料工程,C332,烟台南山学院,29,240261
2023,1,05,复合材料与工程,C332,烟台南山学院,20,227806
2023,1,06,纺织工程,C332,烟台南山学院,14,230929
2023,1,08,服装设计与工程,C332,烟台南山学院,17,238322
2023,1,10,电气工程及其自动化,C332,烟台南山学院,28,224603
2023,1,11,电子信息工程,C332,烟台南山学院,26,228071
2023,1,14,自动化,C332,烟台南山学院,21,226322
2023,1,15,人工智能,C332,烟台南山学院,21,229941
2023,1,16,车辆工程,C332,烟台南山学院,21,232506
2023,1,17,工业设计,C332,烟台南山学院,17,233841
2023,1,18,机械设计制造及其自动化,C332,烟台南山学院,32,229908
2023,1,19,计算机科学与技术,C332,烟台南山学院,40,223887
2023,1,20,软件工程,C332,烟台南山学院,24,224822
2023,1,21,数据科学与大数据技术,C332,烟台南山学院,15,229695
2023,1,22,物联网工程,C332,烟台南山学院,17,227849
2023,1,23,工程管理,C332,烟台南山学院,19,237854
2023,1,24,工商管理,C332,烟台南山学院,1,217361
2023,1,25,大数据管理与应用,C332,烟台南山学院,10,230583
2023,1,26,信息管理与信息系统,C332,烟台南山学院,30,232190
2023,1,27,旅游管理,C332,烟台南山学院,18,231430
2023,1,31,国际商务,C332,烟台南山学院,15,229304
2023,1,32,市场营销,C332,烟台南山学院,3,220553
2023,1,33,物流管理,C332,烟台南山学院,5,217902
2023,1,34,金融工程,C332,烟台南山学院,14,226015
2023,1,35,会计学,C332,烟台南山学院,15,211390
2023,1,36,日语,C332,烟台南山学院,16,229385
2023,1,37,英语,C332,烟台南山学院,17,219362
2023,1,42,汉语国际教育,C332,烟台南山学院,27,221971
2023,1,43,食品科学与工程,C332,烟台南山学院,16,219664
2023,1,44,食品质量与安全,C332,烟台南山学院,21,222227
2023,1,45,食品营养与健康,C332,烟台南山学院,8,223920
2023,1,46,康复治疗学,C332,烟台南山学院,26,218709
2023,1,47,护理学,C332,烟台南山学院,10,192576
2023,1,48,化学工程与工艺,C332,烟台南山学院,11,219521
2023,1,50,过程装备与控制工程,C332,烟台南山学院,9,236502
2023,1,51,高分子材料与工程,C332,烟台南山学院,9,235130
2023,1,52,测控技术与仪器,C332,烟台南山学院,9,232441
2023,1,54,飞行器动力工程,C332,烟台南山学院,11,232139
2023,1,55,交通运输,C332,烟台南山学院,13,221391
2023,1,A3,数字经济,C332,烟台南山学院,20,229240
2023,1,A4,数据计算及应用,C332,烟台南山学院,20,237113
2023,1,02,材料成型及控制工程(校企合作，与山东南山铝业股份有限公司合作),C332,烟台南山学院,8,235247
2023,1,04,金属材料工程(校企合作，与山东南山铝业股份有限公司合作),C332,烟台南山学院,6,235378
2023,1,07,纺织工程(校企合作，与南山智尚科技股份有限公司合作),C332,烟台南山学院,17,236026
2023,1,09,服装设计与工程(校企合作，与南山智尚科技股份有限公司合作),C332,烟台南山学院,8,237541
2023,1,28,旅游管理(校企合作，与南山旅游集团有限公司合作),C332,烟台南山学院,21,235987
2023,1,30,酒店管理(校企合作，与南山旅游集团有限公司合作),C332,烟台南山学院,22,234577
2023,1,49,化学工程与工艺(校企合作，与南山裕龙石化有限公司合作),C332,烟台南山学院,20,226514
2023,1,A5,复合材料与工程(校企合作，与航鑫材料科技有限公司合作),C332,烟台南山学院,40,238156
2023,1,01,生物工程,C362,武汉生物工程学院,2,211693
2023,1,02,生物技术,C362,武汉生物工程学院,2,208523
2023,1,03,医学检验技术,C362,武汉生物工程学院,2,197400
2023,1,09,制药工程,C362,武汉生物工程学院,2,211179
2023,1,11,药学,C362,武汉生物工程学院,2,207271
2023,1,16,计算机科学与技术,C362,武汉生物工程学院,2,219973
2023,1,19,财务管理,C362,武汉生物工程学院,2,216473
2023,1,25,汉语言文学,C362,武汉生物工程学院,2,206734
2023,1,26,英语,C362,武汉生物工程学院,2,217374
2023,1,36,土木工程,C362,武汉生物工程学院,2,225599
2023,1,05,人力资源管理,C453,中国劳动关系学院,5,80505
2023,1,06,工商管理,C453,中国劳动关系学院,4,78788
2023,1,07,法学,C453,中国劳动关系学院,6,43134
2023,1,08,经济学,C453,中国劳动关系学院,2,77333
2023,1,09,财务管理,C453,中国劳动关系学院,8,84193
2023,1,11,应用统计学,C453,中国劳动关系学院,3,90709
2023,1,12,劳动与社会保障,C453,中国劳动关系学院,4,80789
2023,1,14,政治学与行政学,C453,中国劳动关系学院,8,84486
2023,1,15,安全工程,C453,中国劳动关系学院,2,105359
2023,1,17,应急技术与管理,C453,中国劳动关系学院,2,106176
2023,1,18,社会工作,C453,中国劳动关系学院,9,97900
2023,1,19,社会学,C453,中国劳动关系学院,3,85973
2023,1,21,汉语言文学,C453,中国劳动关系学院,7,59974
2023,1,25,计算机科学与技术,C453,中国劳动关系学院,8,88852
2023,1,01,会计学,C544,宁夏理工学院,3,229231
2023,1,02,财务管理,C544,宁夏理工学院,2,234848
2023,1,03,电子商务,C544,宁夏理工学院,2,245320
2023,1,04,国际经济与贸易,C544,宁夏理工学院,3,236318
2023,1,05,金融学,C544,宁夏理工学院,2,239441
2023,1,06,农村区域发展,C544,宁夏理工学院,2,237042
2023,1,07,电气工程及其自动化,C544,宁夏理工学院,3,232468
2023,1,08,电子信息工程,C544,宁夏理工学院,3,230372
2023,1,10,物联网工程,C544,宁夏理工学院,2,229655
2023,1,12,计算机类,C544,宁夏理工学院,4,234253
2023,1,13,机械工程,C544,宁夏理工学院,3,235673
2023,1,15,能源与动力工程,C544,宁夏理工学院,4,239712
2023,1,16,材料成型及控制工程,C544,宁夏理工学院,2,239723
2023,1,18,土木工程,C544,宁夏理工学院,4,244716
2023,1,19,安全工程,C544,宁夏理工学院,2,234851
2023,1,20,工程管理,C544,宁夏理工学院,1,240343
2023,1,21,给排水科学与工程,C544,宁夏理工学院,4,240564
2023,1,22,智能建造,C544,宁夏理工学院,4,262470
2023,1,24,制药工程,C544,宁夏理工学院,4,223081
2023,1,27,英语,C544,宁夏理工学院,2,226937
2023,1,28,日语,C544,宁夏理工学院,1,231507
2023,1,30,交通运输(机场运行),C544,宁夏理工学院,6,234947
2023,1,31,交通运输(航空物流),C544,宁夏理工学院,6,239569
2023,1,32,汉语言文学,C544,宁夏理工学院,2,211748
2023,1,33,学前教育,C544,宁夏理工学院,2,231816
2023,1,02,会计学,C560,云南经济管理学院,2,233217
2023,1,09,物联网工程,C560,云南经济管理学院,2,243741
2023,1,13,建筑学,C560,云南经济管理学院,2,241987
2023,1,17,数学与应用数学,C560,云南经济管理学院,2,239915
2023,1,27,护理学,C560,云南经济管理学院,2,227900
2023,1,01,软件工程,C574,广东东软学院,7,244674
2023,1,02,网络工程,C574,广东东软学院,7,257763
2023,1,0B,大数据管理与应用,C574,广东东软学院,7,257361
2023,1,01,英语,C599,湘潭大学兴湘学院,2,213336
2023,1,05,法学,C599,湘潭大学兴湘学院,2,147295
2023,1,19,机械设计制造及其自动化,C599,湘潭大学兴湘学院,1,215681
2023,1,20,高分子材料与工程,C599,湘潭大学兴湘学院,1,221444
2023,1,21,化学工程与工艺,C599,湘潭大学兴湘学院,1,221319
2023,1,22,制药工程,C599,湘潭大学兴湘学院,1,213070
2023,1,24,新能源材料与器件,C599,湘潭大学兴湘学院,2,227595
2023,1,03,软件工程,C618,广州软件学院,1,237765
2023,1,07,网络工程(云计算创新实验班),C618,广州软件学院,1,235785
2023,1,41,行政管理,C618,广州软件学院,1,239923
2023,1,01,人力资源管理,C619,广州南方学院,1,223512
2023,1,05,会计学,C619,广州南方学院,1,214290
2023,1,10,经济学,C619,广州南方学院,3,243916
2023,1,12,金融学,C619,广州南方学院,1,225858
2023,1,15,国际经济与贸易,C619,广州南方学院,1,226591
2023,1,20,电子商务,C619,广州南方学院,1,178180
2023,1,22,英语,C619,广州南方学院,3,245773
2023,1,28,电气工程及其自动化,C619,广州南方学院,5,248064
2023,1,31,计算机科学与技术,C619,广州南方学院,1,209049
2023,1,32,软件工程,C619,广州南方学院,4,241299
2023,1,33,智能科学与技术,C619,广州南方学院,2,251495
2023,1,38,中药学,C619,广州南方学院,4,246850
2023,1,41,数据科学与大数据技术(中外合作办学)(与爱尔兰格里菲斯学院国际合作,C619,广州南方学院,3,251482
2023,1,01,计算机类,C636,成都东软学院,10,230376
2023,1,02,人工智能,C636,成都东软学院,5,233311
2023,1,03,软件工程,C636,成都东软学院,5,227139
2023,1,04,信息工程,C636,成都东软学院,5,231965
2023,1,05,数据科学与大数据技术,C636,成都东软学院,5,230119
2023,1,06,信息管理与信息系统,C636,成都东软学院,5,232049
2023,1,07,电子商务,C636,成都东软学院,6,237496
2023,1,09,大数据管理与应用,C636,成都东软学院,5,239832
2023,1,0A,财务管理,C636,成都东软学院,6,225201
2023,1,0B,人力资源管理,C636,成都东软学院,6,232810
2023,1,0E,数字媒体技术,C636,成都东软学院,5,225577
2023,1,0G,虚拟现实技术,C636,成都东软学院,5,242501
2023,1,0H,商务英语,C636,成都东软学院,6,237034
2023,1,0J,英语,C636,成都东软学院,5,238398
2023,1,0K,日语,C636,成都东软学院,5,238735
2023,1,0L,医学信息工程,C636,成都东软学院,5,232264
2023,1,0N,智能医学工程,C636,成都东软学院,5,229138
2023,1,0P,医学影像技术,C636,成都东软学院,5,218396
2023,1,01,土木工程,C649,湖南科技大学潇湘学院,2,227972
2023,1,03,电气工程及其自动化,C649,湖南科技大学潇湘学院,1,213126
2023,1,04,电子信息工程,C649,湖南科技大学潇湘学院,1,185791
2023,1,07,建筑学,C649,湖南科技大学潇湘学院,2,222413
2023,1,09,新闻学,C649,湖南科技大学潇湘学院,1,211652
2023,1,28,法学,C649,湖南科技大学潇湘学院,1,150939
2023,1,07,土木工程,C650,南华大学船山学院,3,232101
2023,1,15,会计学,C650,南华大学船山学院,2,207937
2023,1,03,计算机科学与技术,C658,湖南理工学院南湖学院,3,220215
2023,1,0C,广告学,C658,湖南理工学院南湖学院,3,224154
2023,1,06,电气工程及其自动化,C689,东南大学成贤学院,2,199265
2023,1,07,机械设计制造及其自动化,C689,东南大学成贤学院,4,212869
2023,1,08,机械工程,C689,东南大学成贤学院,2,208420
2023,1,09,土木工程,C689,东南大学成贤学院,2,219978
2023,1,15,化工与制药类,C689,东南大学成贤学院,3,213679
2023,1,16,功能材料,C689,东南大学成贤学院,3,222759
2023,1,18,药事管理,C689,东南大学成贤学院,4,210232
2023,1,01,金融学,C709,厦门华厦学院,1,237865
2023,1,05,商务英语,C709,厦门华厦学院,1,233274
2023,1,06,网络与新媒体,C709,厦门华厦学院,2,219121
2023,1,07,机械设计制造及其自动化,C709,厦门华厦学院,3,231500
2023,1,08,通信工程,C709,厦门华厦学院,1,220634
2023,1,10,物联网工程,C709,厦门华厦学院,1,196022
2023,1,12,制药工程,C709,厦门华厦学院,2,224953
2023,1,14,食品质量与安全,C709,厦门华厦学院,2,214772
2023,1,18,财务管理,C709,厦门华厦学院,1,216127
2023,1,20,物流工程,C709,厦门华厦学院,1,238947
2023,1,21,供应链管理,C709,厦门华厦学院,2,230276
2023,1,23,会展经济与管理,C709,厦门华厦学院,1,235146
2023,1,16,数据科学与大数据技术,C712,西安欧亚学院,2,240145
2023,1,24,会计学,C712,西安欧亚学院,2,226844
2023,1,26,国际商务,C712,西安欧亚学院,4,241905
2023,1,30,供应链管理,C712,西安欧亚学院,2,229147
2023,1,55,软件工程(中外合作办学),C712,西安欧亚学院,2,255959
2023,1,09,财务管理,C713,西安外事学院,2,221928
2023,1,10,会计学,C713,西安外事学院,6,224417
2023,1,11,物流管理,C713,西安外事学院,14,242570
2023,1,13,电子商务,C713,西安外事学院,4,236503
2023,1,14,经济与金融,C713,西安外事学院,4,237366
2023,1,15,国际经济与贸易,C713,西安外事学院,6,234927
2023,1,18,人力资源管理,C713,西安外事学院,6,232793
2023,1,19,会展经济与管理,C713,西安外事学院,2,228352
2023,1,23,物联网工程,C713,西安外事学院,3,237516
2023,1,33,俄语,C713,西安外事学院,5,242115
2023,1,34,法语,C713,西安外事学院,7,249304
2023,1,36,朝鲜语,C713,西安外事学院,7,251745
2023,1,37,西班牙语,C713,西安外事学院,10,261824
2023,1,38,英语,C713,西安外事学院,8,236429
2023,1,39,德语,C713,西安外事学院,10,254506
2023,1,40,翻译,C713,西安外事学院,3,232860
2023,1,43,网络与新媒体,C713,西安外事学院,3,230785
2023,1,09,俄语,C714,西安翻译学院,18,264562
2023,1,10,德语,C714,西安翻译学院,17,271028
2023,1,11,法语,C714,西安翻译学院,17,270233
2023,1,12,西班牙语,C714,西安翻译学院,17,271468
2023,1,14,朝鲜语,C714,西安翻译学院,18,270271
2023,1,27,人力资源管理,C714,西安翻译学院,18,251415
2023,1,36,旅游管理,C714,西安翻译学院,18,257750
2023,1,07,国际经济与贸易,C715,西京学院,2,234537
2023,1,08,汉语国际教育,C715,西京学院,3,222003
2023,1,11,网络与新媒体,C715,西京学院,3,238985
2023,1,33,会计学,C715,西京学院,5,211371
2023,1,36,城市管理,C715,西京学院,5,246361
2023,1,37,电子商务,C715,西京学院,2,237011
2023,1,02,电气工程及其自动化,C729,齐齐哈尔工程学院,10,260297
2023,1,03,车辆工程,C729,齐齐哈尔工程学院,6,263605
2023,1,07,计算机科学与技术,C729,齐齐哈尔工程学院,6,253122
2023,1,0E,工程管理,C729,齐齐哈尔工程学院,6,274582
2023,1,0F,电子商务,C729,齐齐哈尔工程学院,12,256372
2023,1,70,法学,C734,新疆警察学院,7,156193
2023,1,30,会计学,C747,郑州工业应用技术学院,5,218869
2023,1,44,学前教育,C747,郑州工业应用技术学院,5,224398
2023,1,02,工程管理,C779,山西应用科技学院,5,239148
2023,1,06,风景园林,C779,山西应用科技学院,10,235552
2023,1,08,新能源科学与工程,C779,山西应用科技学院,10,225475
2023,1,10,交通工程,C779,山西应用科技学院,5,228541
2023,1,15,大数据管理与应用,C779,山西应用科技学院,5,232844
2023,1,16,机器人工程,C779,山西应用科技学院,5,237110
2023,1,19,财务管理,C779,山西应用科技学院,5,222127
2023,1,21,审计学,C779,山西应用科技学院,10,224145
2023,1,22,物流管理,C779,山西应用科技学院,10,231747
2023,1,25,市场营销,C779,山西应用科技学院,10,236591
2023,1,41,外国语言文学类,C784,河北传媒学院,3,224458
2023,1,42,新闻传播学类,C784,河北传媒学院,3,209078
2023,1,43,智能工程与创意设计,C784,河北传媒学院,2,235815
2023,1,44,计算机类,C784,河北传媒学院,3,230084
2023,1,03,法学,C795,南昌理工学院,3,187137
2023,1,05,小学教育,C795,南昌理工学院,4,223608
2023,1,08,英语,C795,南昌理工学院,3,239587
2023,1,10,网络与新媒体,C795,南昌理工学院,6,241696
2023,1,16,电气工程及其自动化,C795,南昌理工学院,3,234349
2023,1,28,飞行器制造工程,C795,南昌理工学院,4,240935
2023,1,34,工商管理,C795,南昌理工学院,3,246612
2023,1,02,智能科学与技术,C796,河北工程技术学院,9,245656
2023,1,03,人工智能,C796,河北工程技术学院,9,244907
2023,1,06,区块链工程,C796,河北工程技术学院,10,260148
2023,1,08,电子信息工程,C796,河北工程技术学院,8,242523
2023,1,15,网络空间安全,C796,河北工程技术学院,8,259218
2023,1,35,金融工程,C796,河北工程技术学院,8,239093
2023,1,36,电子商务,C796,河北工程技术学院,8,238069
2023,1,18,会计学,C799,上海建桥学院,2,174267
2023,1,25,日语,C799,上海建桥学院,2,214543
2023,1,73,计算机科学与技术,C799,上海建桥学院,2,154309
2023,1,75,机械设计制造及其自动化(中外合作办学),C799,上海建桥学院,2,230301
2023,1,00,车辆工程,C802,吉利学院,8,259693
2023,1,01,智能车辆工程,C802,吉利学院,8,260689
2023,1,02,新能源汽车工程,C802,吉利学院,8,252236
2023,1,03,机器人工程,C802,吉利学院,4,254794
2023,1,04,计算机类,C802,吉利学院,18,247859
2023,1,05,物联网工程,C802,吉利学院,6,255651
2023,1,06,电子信息类,C802,吉利学院,10,257717
2023,1,07,飞行器制造工程,C802,吉利学院,3,253883
2023,1,08,飞行器控制与信息工程,C802,吉利学院,4,253300
2023,1,09,管理科学,C802,吉利学院,3,274947
2023,1,10,大数据管理与应用,C802,吉利学院,4,258935
2023,1,11,工商管理类,C802,吉利学院,6,239626
2023,1,12,国际经济与贸易,C802,吉利学院,2,241160
2023,1,13,物流管理,C802,吉利学院,4,253023
2023,1,15,金融学类,C802,吉利学院,6,251962
2023,1,16,网络与新媒体,C802,吉利学院,2,239166
2023,1,18,英语,C802,吉利学院,4,251176
2023,1,19,学前教育,C802,吉利学院,6,246718
2023,1,20,小学教育,C802,吉利学院,6,238371
2023,1,21,市场营销,C802,吉利学院,4,254468
2023,1,22,机械设计制造及其自动化,C802,吉利学院,2,242754
2023,1,23,汽车服务工程,C802,吉利学院,3,270711
2023,1,03,物联网工程,C810,安徽文达信息工程学院,3,238742
2023,1,14,机械设计制造及其自动化,C810,安徽文达信息工程学院,2,234647
2023,1,04,材料成型及控制工程,C843,潍坊科技学院,45,234827
2023,1,05,财务管理,C843,潍坊科技学院,91,219269
2023,1,06,车辆工程,C843,潍坊科技学院,38,227929
2023,1,07,电气工程及其自动化,C843,潍坊科技学院,51,224579
2023,1,08,电子信息科学与技术,C843,潍坊科技学院,39,224785
2023,1,09,高分子材料与工程,C843,潍坊科技学院,30,235417
2023,1,10,工程管理,C843,潍坊科技学院,45,236217
2023,1,11,工程造价,C843,潍坊科技学院,60,237539
2023,1,12,公共事业管理,C843,潍坊科技学院,45,226603
2023,1,13,国际商务,C843,潍坊科技学院,59,233880
2023,1,14,护理学,C843,潍坊科技学院,55,216002
2023,1,15,化学工程与工艺,C843,潍坊科技学院,33,223288
2023,1,16,环境工程,C843,潍坊科技学院,51,228966
2023,1,17,机器人工程,C843,潍坊科技学院,64,230750
2023,1,18,机械电子工程,C843,潍坊科技学院,62,228781
2023,1,19,机械设计制造及其自动化,C843,潍坊科技学院,20,225352
2023,1,20,计算机科学与技术,C843,潍坊科技学院,46,220353
2023,1,21,建筑学,C843,潍坊科技学院,45,224463
2023,1,22,金融工程,C843,潍坊科技学院,64,239926
2023,1,23,康复治疗学,C843,潍坊科技学院,70,224882
2023,1,24,农林经济管理,C843,潍坊科技学院,63,238700
2023,1,25,人力资源管理,C843,潍坊科技学院,55,221798
2023,1,26,日语,C843,潍坊科技学院,37,229068
2023,1,27,软件工程,C843,潍坊科技学院,80,225825
2023,1,28,设施农业科学与工程,C843,潍坊科技学院,32,228759
2023,1,29,社会工作,C843,潍坊科技学院,70,227796
2023,1,30,审计学,C843,潍坊科技学院,38,214757
2023,1,31,生物技术,C843,潍坊科技学院,58,224642
2023,1,32,食品质量与安全,C843,潍坊科技学院,61,223821
2023,1,33,市场营销,C843,潍坊科技学院,70,231761
2023,1,34,通信工程,C843,潍坊科技学院,70,227110
2023,1,35,土木工程,C843,潍坊科技学院,66,238194
2023,1,36,物联网工程,C843,潍坊科技学院,39,223800
2023,1,37,学前教育(师范类),C843,潍坊科技学院,55,218383
2023,1,38,艺术教育,C843,潍坊科技学院,45,236646
2023,1,39,英语,C843,潍坊科技学院,93,226154
2023,1,40,园林,C843,潍坊科技学院,66,231412
2023,1,41,园艺,C843,潍坊科技学院,26,226430
2023,1,42,种子科学与工程,C843,潍坊科技学院,70,228851
2023,1,43,智能制造工程,C843,潍坊科技学院,70,232069
2023,1,44,思想政治教育,C843,潍坊科技学院,65,219370
2023,1,45,汉语言文学,C843,潍坊科技学院,90,214197
2023,1,46,网络与新媒体,C843,潍坊科技学院,90,228604
2023,1,47,植物保护,C843,潍坊科技学院,45,238352
2023,1,49,应用化学,C843,潍坊科技学院,45,231495
2023,1,A1,建筑工程,C915,上海中侨职业技术大学,1,238936
2023,1,A2,工程造价,C915,上海中侨职业技术大学,1,245570
2023,1,A3,金融科技应用,C915,上海中侨职业技术大学,2,230305
2023,1,A4,大数据与会计,C915,上海中侨职业技术大学,3,220839
2023,1,A5,现代物流管理,C915,上海中侨职业技术大学,2,236886
2023,1,A6,企业数字化管理,C915,上海中侨职业技术大学,1,241091
2023,1,A7,全媒体电商运营,C915,上海中侨职业技术大学,1,239634
2023,1,A8,数字媒体技术,C915,上海中侨职业技术大学,1,235285
2023,1,A9,物联网工程技术,C915,上海中侨职业技术大学,3,249030
2023,1,B1,大数据工程技术,C915,上海中侨职业技术大学,1,232431
2023,1,B3,机器人技术,C915,上海中侨职业技术大学,1,244296
2023,1,B4,智能制造工程技术,C915,上海中侨职业技术大学,1,225937
2023,1,B5,汽车服务工程技术,C915,上海中侨职业技术大学,3,242506
2023,1,B6,食品质量与安全,C915,上海中侨职业技术大学,3,240812
2023,1,B7,食品营养与健康,C915,上海中侨职业技术大学,2,241180
2023,1,B9,护理,C915,上海中侨职业技术大学,3,238312
2023,1,06,油气储运工程,C928,泉州职业技术大学,5,253452
2023,1,09,机械设计制造及自动化,C928,泉州职业技术大学,5,250720
2023,1,10,新能源汽车工程技术,C928,泉州职业技术大学,10,258176
2023,1,11,应用化工技术,C928,泉州职业技术大学,10,243001
2023,1,14,软件工程技术,C928,泉州职业技术大学,5,254782
2023,1,17,大数据与会计,C928,泉州职业技术大学,10,236554
2023,1,19,现代物流管理,C928,泉州职业技术大学,5,250608
2023,1,01,物联网工程,C938,江西应用科技学院,6,247292
2023,1,03,软件工程,C938,江西应用科技学院,6,252781
2023,1,04,区块链工程,C938,江西应用科技学院,3,275066
2023,1,09,土木工程,C938,江西应用科技学院,4,253715
2023,1,10,工程造价,C938,江西应用科技学院,4,263891
2023,1,17,财务管理,C938,江西应用科技学院,6,241914
2023,1,23,健康服务与管理,C938,江西应用科技学院,4,247556
2023,1,25,学前教育,C938,江西应用科技学院,6,252665
2023,1,26,小学教育,C938,江西应用科技学院,6,236449
2023,1,28,宝石及材料工艺学,C938,江西应用科技学院,6,264944
2023,1,02,学前教育(师范类),D006,山东英才学院,85,255382
2023,1,03,机械设计制造及其自动化,D006,山东英才学院,21,259962
2023,1,04,网络与新媒体,D006,山东英才学院,10,242134
2023,1,05,电气工程及其自动化,D006,山东英才学院,20,262757
2023,1,06,智能制造工程,D006,山东英才学院,15,262290
2023,1,07,电子信息工程,D006,山东英才学院,15,263859
2023,1,17,工商管理,D006,山东英才学院,15,241410
2023,1,18,财务管理,D006,山东英才学院,10,242874
2023,1,19,审计学,D006,山东英才学院,15,231133
2023,1,21,市场营销,D006,山东英才学院,10,257064
2023,1,22,物流管理,D006,山东英才学院,13,254329
2023,1,23,国际商务,D006,山东英才学院,20,259526
2023,1,24,金融工程,D006,山东英才学院,10,251206
2023,1,25,土木工程,D006,山东英才学院,10,262338
2023,1,31,护理学,D006,山东英才学院,21,237044
2023,1,32,康复治疗学,D006,山东英才学院,10,237932
2023,1,33,汽车服务工程,D006,山东英才学院,16,273027
2023,1,36,金融工程(国家留学基金委AISEC项目详见我校招生简章),D006,山东英才学院,45,269518
2023,1,39,数据科学与大数据技术,D006,山东英才学院,15,262575
2023,1,41,电子商务,D006,山东英才学院,20,257716
2023,1,42,工程造价,D006,山东英才学院,10,260955
2023,1,45,英语(外语语种为英语),D006,山东英才学院,7,247619
2023,1,46,商务英语(外语语种为英语),D006,山东英才学院,18,250987
2023,1,57,智能车辆工程,D006,山东英才学院,14,259259
2023,1,08,计算机科学与技术(校企合作，与北京华晟经世信息技术股份有限公司合,D006,山东英才学院,7,248174
2023,1,56,通信工程(校企合作，与北京华晟经世信息技术股份有限公司合作),D006,山东英才学院,17,269732
2023,1,1A,电气工程及其自动化,D015,青岛恒星科技学院,30,262802
2023,1,1E,机器人工程,D015,青岛恒星科技学院,27,270360
2023,1,1F,智能制造工程,D015,青岛恒星科技学院,15,269913
2023,1,1G,软件工程,D015,青岛恒星科技学院,80,265593
2023,1,1H,网络工程,D015,青岛恒星科技学院,60,269914
2023,1,1J,人工智能,D015,青岛恒星科技学院,50,270234
2023,1,1K,土木工程,D015,青岛恒星科技学院,75,274546
2023,1,1L,工程造价,D015,青岛恒星科技学院,70,273346
2023,1,1M,房地产开发与管理,D015,青岛恒星科技学院,22,273369
2023,1,1N,金融工程,D015,青岛恒星科技学院,65,260642
2023,1,1P,人力资源管理,D015,青岛恒星科技学院,65,257501
2023,1,1Q,工商管理,D015,青岛恒星科技学院,60,259003
2023,1,1R,国际商务,D015,青岛恒星科技学院,45,263403
2023,1,1S,物流工程,D015,青岛恒星科技学院,10,255083
2023,1,1T,酒店管理,D015,青岛恒星科技学院,45,263514
2023,1,1U,会展经济与管理,D015,青岛恒星科技学院,30,262061
2023,1,1V,旅游管理与服务教育,D015,青岛恒星科技学院,40,263566
2023,1,1W,汉语言文学,D015,青岛恒星科技学院,110,236209
2023,1,1X,社会工作,D015,青岛恒星科技学院,35,259075
2023,1,1Y,汉语国际教育,D015,青岛恒星科技学院,45,251359
2023,1,1Z,英语,D015,青岛恒星科技学院,60,261998
2023,1,20,教育技术学,D015,青岛恒星科技学院,45,259198
2023,1,21,学前教育(师范类),D015,青岛恒星科技学院,95,254052
2023,1,23,种子科学与工程,D015,青岛恒星科技学院,40,251772
2023,1,24,智慧农业,D015,青岛恒星科技学院,60,254954
2023,1,25,康复治疗学,D015,青岛恒星科技学院,20,242121
2023,1,26,健康服务与管理,D015,青岛恒星科技学院,55,258309
2023,1,27,护理学,D015,青岛恒星科技学院,70,240146
2023,1,28,网络与新媒体,D015,青岛恒星科技学院,45,254234
2023,1,29,旅游管理,D015,青岛恒星科技学院,50,261541
2023,1,2A,中国语言与文化,D015,青岛恒星科技学院,40,250085
2023,1,2B,印刷工程,D015,青岛恒星科技学院,40,262020
2023,1,2E,学前教育(师范类，校企合作，与北京罗兰盛世音乐教育科技有限公司合,D015,青岛恒星科技学院,15,254188
2023,1,2F,学前教育(师范类，校企合作，与贝芽智能科技（苏州）有限公司合作),D015,青岛恒星科技学院,15,254864
2023,1,02,软件工程,D021,浙大城市学院,10,68305
2023,1,06,自动化,D021,浙大城市学院,10,81765
2023,1,08,土木工程,D021,浙大城市学院,6,123653
2023,1,11,智能制造工程,D021,浙大城市学院,12,95443
2023,1,15,药学,D021,浙大城市学院,12,98767
2023,1,18,日语,D021,浙大城市学院,10,182853
2023,1,19,德语,D021,浙大城市学院,10,146045
2023,1,22,财务管理,D021,浙大城市学院,10,78327
2023,1,23,旅游管理,D021,浙大城市学院,10,131961
2023,1,05,电气工程及其自动化,D115,厦门工学院,3,237265
2023,1,06,电子信息工程,D115,厦门工学院,2,229733
2023,1,08,教育学(师范类),D121,西安思源学院,2,216840
2023,1,11,中国语言文学类,D121,西安思源学院,2,201691
2023,1,22,建筑学,D121,西安思源学院,4,239855
2023,1,28,财务管理,D121,西安思源学院,2,220118
2023,1,29,电子商务,D121,西安思源学院,4,241874
2023,1,19,护理学,D123,陕西国际商贸学院,5,224391
2023,1,27,汉语言文学,D123,陕西国际商贸学院,5,218534
2023,1,30,学前教育(师范类),D123,陕西国际商贸学院,5,234659
2023,1,02,学前教育,D125,陕西服装工程学院,3,243803
2023,1,03,小学教育,D125,陕西服装工程学院,3,234831
2023,1,07,计算机科学与技术,D125,陕西服装工程学院,5,257907
2023,1,17,会计学,D125,陕西服装工程学院,5,241998
2023,1,14,商务英语,D188,武汉晴川学院,1,219911
2023,1,18,电子商务,D188,武汉晴川学院,1,228240
2023,1,26,新闻学,D188,武汉晴川学院,1,219441
2023,1,1B,软件工程,D198,大连理工大学城市学院,3,225363
2023,1,1E,数据科学与大数据技术,D198,大连理工大学城市学院,2,224404
2023,1,2D,自动化,D198,大连理工大学城市学院,3,233226
2023,1,2E,物联网工程,D198,大连理工大学城市学院,2,232429
2023,1,3B,大数据管理与应用,D198,大连理工大学城市学院,2,233357
2023,1,5A,英语,D198,大连理工大学城市学院,2,238721
2023,1,6C,网络与新媒体,D198,大连理工大学城市学院,1,229186
2023,1,A6,智能制造工程,D201,沈阳工学院,4,262905
2023,1,B1,会计学,D201,沈阳工学院,4,240627
2023,1,C4,计算机类,D201,沈阳工学院,8,262486
2023,1,E2,水利水电工程,D201,沈阳工学院,2,245395
2023,1,X1,学前教育,D201,沈阳工学院,2,242056
2023,1,01,法学,D215,辽宁师范大学海华学院,3,211072
2023,1,02,思想政治教育,D215,辽宁师范大学海华学院,1,214525
2023,1,04,汉语言文学,D215,辽宁师范大学海华学院,4,217567
2023,1,05,汉语国际教育,D215,辽宁师范大学海华学院,1,219493
2023,1,06,英语,D215,辽宁师范大学海华学院,3,229415
2023,1,07,日语,D215,辽宁师范大学海华学院,3,233699
2023,1,08,新闻学,D215,辽宁师范大学海华学院,1,225570
2023,1,10,网络与新媒体,D215,辽宁师范大学海华学院,1,230564
2023,1,11,计算机科学与技术,D215,辽宁师范大学海华学院,1,223603
2023,1,13,数据科学与大数据技术,D215,辽宁师范大学海华学院,1,232568
2023,1,14,会计学,D215,辽宁师范大学海华学院,1,223217
2023,1,1A,会计学,D218,大连财经学院,2,146705
2023,1,2C,金融学,D218,大连财经学院,2,211296
2023,1,3D,跨境电子商务,D218,大连财经学院,2,226976
2023,1,6B,数字经济,D218,大连财经学院,2,234725
2023,1,6C,互联网金融,D218,大连财经学院,2,229093
2023,1,06,国际经济与贸易,D234,湖北大学知行学院,1,231138
2023,1,07,工程造价,D234,湖北大学知行学院,1,232501
2023,1,08,英语,D234,湖北大学知行学院,1,229233
2023,1,09,商务英语,D234,湖北大学知行学院,1,228111
2023,1,0B,食品科学与工程类,D234,湖北大学知行学院,1,213284
2023,1,0C,汉语言文学,D234,湖北大学知行学院,2,204685
2023,1,0E,旅游管理,D234,湖北大学知行学院,1,228058
2023,1,0H,机械设计制造及其自动化,D234,湖北大学知行学院,1,221491
2023,1,0R,应用化学,D234,湖北大学知行学院,1,223891
2023,1,0D,电气工程及其自动化,D235,武汉城市学院,1,217622
2023,1,0J,土木工程,D235,武汉城市学院,1,241522
2023,1,0X,会计学,D235,武汉城市学院,1,206327
2023,1,04,电气工程及其自动化(含电力系统、输电线路工程方向),D236,三峡大学科技学院,6,220343
2023,1,10,新能源材料与器件,D236,三峡大学科技学院,2,222205
2023,1,12,临床医学,D236,三峡大学科技学院,5,158836
2023,1,18,金融学,D236,三峡大学科技学院,2,222251
2023,1,19,财务管理,D236,三峡大学科技学院,2,211999
2023,1,01,机械设计制造及其自动化,D238,湖北工业大学工程技术学院,10,232116
2023,1,06,电气工程及其自动化,D238,湖北工业大学工程技术学院,10,228012
2023,1,14,土木工程,D238,湖北工业大学工程技术学院,10,240429
2023,1,18,金融学,D238,湖北工业大学工程技术学院,3,229044
2023,1,22,财务管理,D238,湖北工业大学工程技术学院,3,221329
2023,1,25,英语,D238,湖北工业大学工程技术学院,3,229462
2023,1,02,过程装备与控制工程(数字化制造方向),D239,武汉工程大学邮电与信息工程学院,2,223439
2023,1,12,通信工程,D239,武汉工程大学邮电与信息工程学院,13,233156
2023,1,13,通信工程(移动通信方向),D239,武汉工程大学邮电与信息工程学院,6,229799
2023,1,23,制药工程(生物医药方向),D239,武汉工程大学邮电与信息工程学院,2,216730
2023,1,34,土木工程(道路与桥梁工程方向),D239,武汉工程大学邮电与信息工程学院,7,238318
2023,1,03,会计学(注册会计师),D240,武汉纺织大学外经贸学院,2,222005
2023,1,06,国际经济与贸易,D240,武汉纺织大学外经贸学院,2,235689
2023,1,07,跨境电子商务,D240,武汉纺织大学外经贸学院,1,237425
2023,1,08,英语,D240,武汉纺织大学外经贸学院,2,234458
2023,1,15,日语,D240,武汉纺织大学外经贸学院,2,242253
2023,1,03,学前教育,D241,武昌工学院,5,243785
2023,1,12,机械设计制造及其自动化,D241,武昌工学院,3,237885
2023,1,18,通信工程(5G移动通信技术),D241,武昌工学院,3,239003
2023,1,25,土木工程,D241,武昌工学院,4,250250
2023,1,30,会计学(管理会计师),D241,武昌工学院,4,230858
2023,1,35,电子商务,D241,武昌工学院,4,248680
2023,1,03,人力资源管理(数智化管理精英班),D242,武汉工商学院,2,229391
2023,1,05,会计学(注册会计师实验班),D242,武汉工商学院,7,223956
2023,1,08,金融学,D242,武汉工商学院,2,223271
2023,1,10,英语,D242,武汉工商学院,2,241842
2023,1,14,广告学,D242,武汉工商学院,3,237079
2023,1,16,电子商务,D242,武汉工商学院,2,244026
2023,1,19,物流管理(智慧物流),D242,武汉工商学院,7,246016
2023,1,21,物流工程(数字供应链),D242,武汉工商学院,3,243448
2023,1,24,计算机科学与技术(技能精英班),D242,武汉工商学院,3,233917
2023,1,28,通信工程(ICT实验班),D242,武汉工商学院,3,238346
2023,1,31,微电子科学与工程,D242,武汉工商学院,2,244770
2023,1,44,大数据管理与应用,D242,武汉工商学院,2,237171
2023,1,59,数据科学与大数据技术,D242,武汉工商学院,2,245308
2023,1,02,工程管理,D245,荆州学院,5,253675
2023,1,03,工程造价,D245,荆州学院,5,245819
2023,1,04,土木工程,D245,荆州学院,5,249785
2023,1,06,电子商务,D245,荆州学院,5,235204
2023,1,07,工商管理,D245,荆州学院,5,231777
2023,1,09,财务管理,D245,荆州学院,5,228059
2023,1,11,机械设计制造及其自动化,D245,荆州学院,5,239788
2023,1,15,应用化学,D245,荆州学院,2,237699
2023,1,16,护理学,D245,荆州学院,2,203792
2023,1,17,口腔医学技术,D245,荆州学院,3,227244
2023,1,18,康复治疗学,D245,荆州学院,2,228271
2023,1,22,小学教育,D245,荆州学院,3,224314
2023,1,25,计算机科学与技术,D245,荆州学院,5,235515
2023,1,29,石油工程,D245,荆州学院,3,230440
2023,1,30,新能源科学与工程,D245,荆州学院,3,232298
2023,1,31,数学与应用数学,D245,荆州学院,2,235210
2023,1,01,临床医学,D249,湖北医药学院药护学院,2,148697
2023,1,02,麻醉学,D249,湖北医药学院药护学院,2,158077
2023,1,0C,制药工程,D249,湖北医药学院药护学院,4,217523
2023,1,0X,财务管理,D250,湖北恩施学院,10,233183
2023,1,05,会计学(注册会计师),D251,湖北经济学院法商学院,14,218669
2023,1,0A,经济学,D253,武汉体育学院体育科技学院,2,232329
2023,1,0D,新闻学,D253,武汉体育学院体育科技学院,2,223534
2023,1,1A,学前教育(师范类),D256,湖北师范大学文理学院,2,203940
2023,1,1C,汉语言文学(师范类),D256,湖北师范大学文理学院,2,182091
2023,1,1D,英语(师范类),D256,湖北师范大学文理学院,1,208421
2023,1,1J,商务英语,D256,湖北师范大学文理学院,1,219512
2023,1,1K,电气工程及其自动化,D256,湖北师范大学文理学院,1,231076
2023,1,1R,数据科学与大数据技术,D256,湖北师范大学文理学院,1,225262
2023,1,02,国际经济与贸易,D257,湖北文理学院理工学院,1,225897
2023,1,06,汉语言文学,D257,湖北文理学院理工学院,2,192545
2023,1,11,学前教育,D257,湖北文理学院理工学院,1,206980
2023,1,19,计算机科学与技术,D257,湖北文理学院理工学院,1,196722
2023,1,21,土木工程(道路桥梁、智慧建造方向),D257,湖北文理学院理工学院,1,228364
2023,1,02,电气工程及其自动化,D262,文华学院,2,223018
2023,1,05,机械设计制造及其自动化,D262,文华学院,2,230041
2023,1,06,机器人工程,D262,文华学院,2,233043
2023,1,08,建筑学,D262,文华学院,2,277354
2023,1,09,城乡规划,D262,文华学院,2,238993
2023,1,10,土木工程,D262,文华学院,2,236328
2023,1,11,给排水科学与工程,D262,文华学院,2,242334
2023,1,18,通信工程,D262,文华学院,2,228279
2023,1,20,光电信息科学与工程,D262,文华学院,2,232539
2023,1,21,计算机科学与技术,D262,文华学院,2,221380
2023,1,22,软件工程,D262,文华学院,2,221089
2023,1,25,工商管理,D262,文华学院,2,218523
2023,1,27,会计学,D262,文华学院,2,203910
2023,1,29,国际经济与贸易,D262,文华学院,2,226544
2023,1,36,日语,D262,文华学院,2,238929
2023,1,01,机械设计制造及其自动化,D283,浙江农林大学暨阳学院,3,230056
2023,1,02,计算机科学与技术,D283,浙江农林大学暨阳学院,2,225974
2023,1,01,英语,D284,温州医科大学仁济学院,3,220632
2023,1,02,日语,D284,温州医科大学仁济学院,2,216929
2023,1,04,临床医学,D284,温州医科大学仁济学院,4,124024
2023,1,05,麻醉学,D284,温州医科大学仁济学院,1,106051
2023,1,06,口腔医学,D284,温州医科大学仁济学院,1,26108
2023,1,08,药学,D284,温州医科大学仁济学院,2,169107
2023,1,10,法医学,D284,温州医科大学仁济学院,1,129827
2023,1,11,医学检验技术,D284,温州医科大学仁济学院,3,186224
2023,1,15,护理学,D284,温州医科大学仁济学院,3,187179
2023,1,20,国际经济与贸易,D287,湖州学院,2,157897
2023,1,25,英语,D287,湖州学院,3,172003
2023,1,02,市场营销,D290,浙江工商大学杭州商学院,2,212731
2023,1,03,人力资源管理,D290,浙江工商大学杭州商学院,2,209957
2023,1,04,会计学,D290,浙江工商大学杭州商学院,3,177317
2023,1,05,会计学(智能会计方向),D290,浙江工商大学杭州商学院,5,203026
2023,1,06,财务管理,D290,浙江工商大学杭州商学院,5,209446
2023,1,07,旅游管理,D290,浙江工商大学杭州商学院,2,224084
2023,1,10,应用统计学,D290,浙江工商大学杭州商学院,3,206052
2023,1,11,金融学,D290,浙江工商大学杭州商学院,4,205428
2023,1,12,互联网金融,D290,浙江工商大学杭州商学院,3,218449
2023,1,15,法学,D290,浙江工商大学杭州商学院,2,162264
2023,1,16,英语,D290,浙江工商大学杭州商学院,4,217829
2023,1,22,计算机科学与技术,D290,浙江工商大学杭州商学院,4,218944
2023,1,24,电子商务,D290,浙江工商大学杭州商学院,5,221730
2023,1,25,跨境电子商务,D290,浙江工商大学杭州商学院,6,227275
2023,1,24,智能制造工程,D291,嘉兴南湖学院,1,158964
2023,1,25,电气工程及其自动化,D291,嘉兴南湖学院,1,140502
2023,1,26,机械设计制造及其自动化,D291,嘉兴南湖学院,1,153571
2023,1,30,电子信息工程,D291,嘉兴南湖学院,2,151170
2023,1,32,工业设计,D291,嘉兴南湖学院,1,163286
2023,1,36,土木工程,D291,嘉兴南湖学院,1,158596
2023,1,37,工程管理,D291,嘉兴南湖学院,1,180047
2023,1,38,工程造价,D291,嘉兴南湖学院,1,180331
2023,1,39,化学工程与工艺,D291,嘉兴南湖学院,1,172694
2023,1,01,自动化,D292,中国计量大学现代科技学院,1,195688
2023,1,08,测控技术与仪器,D292,中国计量大学现代科技学院,1,201344
2023,1,01,小学教育,D296,黑龙江外国语学院,10,239757
2023,1,07,葡萄牙语,D296,黑龙江外国语学院,3,264337
2023,1,08,意大利语,D296,黑龙江外国语学院,2,261328
2023,1,09,翻译,D296,黑龙江外国语学院,4,258585
2023,1,10,商务英语,D296,黑龙江外国语学院,6,254517
2023,1,11,会计学,D300,黑龙江工商学院,7,238330
2023,1,24,交通运输,D300,黑龙江工商学院,5,261365
2023,1,08,工商管理类,D303,哈尔滨剑桥学院,6,246342
2023,1,0C,工程造价,D303,哈尔滨剑桥学院,2,257768
2023,1,0D,工程管理,D303,哈尔滨剑桥学院,2,259936
2023,1,01,英语,D304,黑龙江工程学院昆仑旅游学院,60,262965
2023,1,02,商务英语,D304,黑龙江工程学院昆仑旅游学院,20,263457
2023,1,03,计算机科学与技术,D304,黑龙江工程学院昆仑旅游学院,25,259733
2023,1,04,市场营销,D304,黑龙江工程学院昆仑旅游学院,60,263434
2023,1,05,财务管理,D304,黑龙江工程学院昆仑旅游学院,10,241399
2023,1,06,文化产业管理,D304,黑龙江工程学院昆仑旅游学院,10,249500
2023,1,07,跨境电子商务,D304,黑龙江工程学院昆仑旅游学院,30,263573
2023,1,08,旅游管理,D304,黑龙江工程学院昆仑旅游学院,35,262509
2023,1,09,酒店管理,D304,黑龙江工程学院昆仑旅游学院,30,261560
2023,1,0A,会展经济与管理,D304,黑龙江工程学院昆仑旅游学院,20,259656
2023,1,04,机械设计制造及其自动化(英才班),D307,哈尔滨华德学院,10,264043
2023,1,05,焊接技术与工程(英才班),D307,哈尔滨华德学院,10,253517
2023,1,08,土木工程(英才班),D307,哈尔滨华德学院,10,270214
2023,1,0G,电子信息工程,D307,哈尔滨华德学院,10,260793
2023,1,50,经济统计学,D320,青岛黄海学院,50,246497
2023,1,51,金融科技,D320,青岛黄海学院,54,253366
2023,1,52,国际经济与贸易,D320,青岛黄海学院,16,244275
2023,1,53,学前教育(师范类),D320,青岛黄海学院,149,249329
2023,1,54,日语,D320,青岛黄海学院,59,259566
2023,1,55,商务英语,D320,青岛黄海学院,75,254103
2023,1,56,机械设计制造及其自动化,D320,青岛黄海学院,48,260402
2023,1,57,车辆工程,D320,青岛黄海学院,22,265295
2023,1,58,智能制造工程,D320,青岛黄海学院,32,263185
2023,1,59,智能交互设计,D320,青岛黄海学院,22,260208
2023,1,60,电气工程及其自动化,D320,青岛黄海学院,97,260083
2023,1,61,电子信息工程,D320,青岛黄海学院,59,255717
2023,1,62,人工智能,D320,青岛黄海学院,42,262227
2023,1,63,机器人工程,D320,青岛黄海学院,30,264088
2023,1,64,计算机科学与技术,D320,青岛黄海学院,83,248249
2023,1,65,物联网工程,D320,青岛黄海学院,19,253904
2023,1,66,数据科学与大数据技术,D320,青岛黄海学院,43,254947
2023,1,67,土木工程,D320,青岛黄海学院,80,272845
2023,1,68,智能建造,D320,青岛黄海学院,50,265365
2023,1,69,船舶与海洋工程,D320,青岛黄海学院,107,272182
2023,1,70,康复治疗学,D320,青岛黄海学院,49,246348
2023,1,71,口腔医学技术,D320,青岛黄海学院,34,250404
2023,1,72,护理学,D320,青岛黄海学院,71,228286
2023,1,73,工程管理,D320,青岛黄海学院,69,272779
2023,1,74,工程造价,D320,青岛黄海学院,82,271046
2023,1,75,市场营销,D320,青岛黄海学院,32,256361
2023,1,76,会计学,D320,青岛黄海学院,47,235826
2023,1,77,财务管理,D320,青岛黄海学院,70,239692
2023,1,78,国际商务,D320,青岛黄海学院,26,254001
2023,1,79,物流管理,D320,青岛黄海学院,75,256510
2023,1,80,电子商务,D320,青岛黄海学院,31,243611
2023,1,Y3,影视摄影与制作,D320,青岛黄海学院,60,258070
2023,1,82,日语(校企合作，与青岛国合对外经济技术合作有限公司合作),D320,青岛黄海学院,35,262002
2023,1,83,机械设计制造及其自动化(校企合作，与青岛国合对外经济技术合作有限,D320,青岛黄海学院,30,267564
2023,1,84,机器人工程(校企合作，与青岛国合对外经济技术合作有限公司合作),D320,青岛黄海学院,30,271106
2023,1,85,计算机科学与技术(校企合作，与青岛国合对外经济技术合作有限公司合,D320,青岛黄海学院,40,265320
2023,1,02,康复治疗学,D322,山东现代学院,10,229493
2023,1,03,药学,D322,山东现代学院,12,227344
2023,1,04,中药制药,D322,山东现代学院,22,234786
2023,1,06,护理学,D322,山东现代学院,18,219160
2023,1,07,助产学,D322,山东现代学院,11,235960
2023,1,08,学前教育(师范类),D322,山东现代学院,10,226748
2023,1,09,汉语国际教育,D322,山东现代学院,20,233048
2023,1,10,市场营销,D322,山东现代学院,46,250692
2023,1,11,财务管理,D322,山东现代学院,12,228928
2023,1,15,计算机科学与技术,D322,山东现代学院,11,236001
2023,1,16,人工智能,D322,山东现代学院,18,252387
2023,1,18,电子信息工程,D322,山东现代学院,20,250136
2023,1,19,数字媒体技术,D322,山东现代学院,19,250740
2023,1,20,汽车服务工程,D322,山东现代学院,17,265268
2023,1,21,交通运输,D322,山东现代学院,11,239878
2023,1,22,土木工程,D322,山东现代学院,16,261474
2023,1,26,计算机科学与技术(校企合作，与山东开创集团股份有限公司合作),D322,山东现代学院,19,245000
2023,1,27,数据科学与大数据技术(校企合作，与山东开创集团股份有限公司合作),D322,山东现代学院,13,252280
2023,1,01,机械设计制造及其自动化,D324,山东协和学院,46,238521
2023,1,02,机械电子工程,D324,山东协和学院,51,247412
2023,1,03,汽车服务工程,D324,山东协和学院,12,253133
2023,1,04,工程造价,D324,山东协和学院,36,252309
2023,1,05,工程管理,D324,山东协和学院,30,255562
2023,1,06,自动化,D324,山东协和学院,48,245883
2023,1,07,土木工程,D324,山东协和学院,20,248827
2023,1,08,电气工程及其自动化,D324,山东协和学院,33,238491
2023,1,10,智能制造工程,D324,山东协和学院,44,248954
2023,1,11,护理学,D324,山东协和学院,123,221091
2023,1,12,助产学,D324,山东协和学院,60,234934
2023,1,13,计算机科学与技术,D324,山东协和学院,27,227710
2023,1,15,物联网工程,D324,山东协和学院,37,249610
2023,1,16,软件工程,D324,山东协和学院,29,234951
2023,1,17,数字媒体技术,D324,山东协和学院,33,237537
2023,1,18,人工智能,D324,山东协和学院,42,244837
2023,1,20,电子信息工程,D324,山东协和学院,45,244747
2023,1,22,数据科学与大数据技术,D324,山东协和学院,33,240172
2023,1,23,学前教育(师范类),D324,山东协和学院,50,234127
2023,1,24,英语,D324,山东协和学院,62,237487
2023,1,26,旅游管理,D324,山东协和学院,65,245827
2023,1,27,酒店管理,D324,山东协和学院,39,248388
2023,1,28,会计学,D324,山东协和学院,36,221781
2023,1,29,市场营销,D324,山东协和学院,42,246426
2023,1,30,财务管理,D324,山东协和学院,25,223175
2023,1,31,电子商务,D324,山东协和学院,42,243503
2023,1,32,审计学,D324,山东协和学院,21,223953
2023,1,33,康复治疗学,D324,山东协和学院,105,235279
2023,1,34,医学影像技术,D324,山东协和学院,134,237948
2023,1,35,医学检验技术,D324,山东协和学院,128,233822
2023,1,36,中药学,D324,山东协和学院,50,238181
2023,1,37,口腔医学,D324,山东协和学院,15,159885
2023,1,38,金融科技,D324,山东协和学院,25,243130
2023,1,76,自动化(校企合作，与山东栋梁科技设备有限公司合作),D324,山东协和学院,40,262787
2023,1,78,计算机科学与技术(校企合作，与济南博赛网络科技有限公司合作),D324,山东协和学院,40,250487
2023,1,82,数字媒体技术(校企合作，与北京高科云教育科技公司合作),D324,山东协和学院,50,261782
2023,1,83,人工智能(校企合作，与济南博赛网络科技有限公司合作),D324,山东协和学院,60,265840
2023,1,87,数据科学与大数据技术(校企合作，与北京高科云教育科技公司合作),D324,山东协和学院,100,267351
2023,1,88,会计学(校企合作，与中科启智（山东）信息有限公司合作),D324,山东协和学院,40,235412
2023,1,89,市场营销(校企合作，与中科启智（山东）信息有限公司合作),D324,山东协和学院,40,253264
2023,1,90,财务管理(校企合作，与中科启智（山东）信息有限公司合作),D324,山东协和学院,40,238975
2023,1,5G,财务管理,D325,宁夏大学新华学院,1,216949
2023,1,5H,电子商务,D325,宁夏大学新华学院,1,228679
2023,1,01,经济学,D326,云南大学滇池学院,2,228904
2023,1,0D,汉语言文学,D326,云南大学滇池学院,2,205447
2023,1,0H,日语,D326,云南大学滇池学院,2,232625
2023,1,0K,数学与应用数学,D326,云南大学滇池学院,2,235032
2023,1,0M,通信工程,D326,云南大学滇池学院,2,233579
2023,1,0N,人工智能,D326,云南大学滇池学院,2,235374
2023,1,0W,工程造价,D326,云南大学滇池学院,2,235377
2023,1,0X,建筑学,D326,云南大学滇池学院,1,241323
2023,1,0Y,城乡规划,D326,云南大学滇池学院,1,237979
2023,1,0Z,会计学,D326,云南大学滇池学院,2,223520
2023,1,12,创业管理,D326,云南大学滇池学院,2,238734
2023,1,25,电子信息工程,D328,丽江文化旅游学院,2,252969
2023,1,26,计算机科学与技术,D328,丽江文化旅游学院,2,252478
2023,1,28,软件工程,D328,丽江文化旅游学院,2,250570
2023,1,29,数据科学与大数据技术,D328,丽江文化旅游学院,2,250548
2023,1,30,人工智能,D328,丽江文化旅游学院,2,255352
2023,1,1D,数据科学与大数据技术,D330,昆明城市学院,2,252167
2023,1,1E,小学教育,D330,昆明城市学院,5,231392
2023,1,1F,汉语言文学,D330,昆明城市学院,5,221602
2023,1,1G,英语,D330,昆明城市学院,5,246220
2023,1,1H,学前教育,D330,昆明城市学院,5,237870
2023,1,1J,应用心理学,D330,昆明城市学院,5,235898
2023,1,1N,网络与新媒体,D330,昆明城市学院,5,240188
2023,1,1P,法学,D330,昆明城市学院,5,215236
2023,1,22,财务管理,D330,昆明城市学院,5,233817
2023,1,23,会计学,D330,昆明城市学院,5,231514
2023,1,24,经济学,D330,昆明城市学院,5,239796
2023,1,25,金融学,D330,昆明城市学院,5,248850
2023,1,26,工商管理,D330,昆明城市学院,5,243309
2023,1,27,电子商务,D330,昆明城市学院,2,252365
2023,1,28,计算机科学与技术,D330,昆明城市学院,5,252209
2023,1,01,临床医学,D332,昆明医科大学海源学院,3,143656
2023,1,02,口腔医学,D332,昆明医科大学海源学院,2,88938
2023,1,77,学前教育,D333,云南艺术学院文华学院,10,248367
2023,1,79,小学教育,D333,云南艺术学院文华学院,10,235759
2023,1,81,汉语言文学,D333,云南艺术学院文华学院,10,225998
2023,1,83,文化产业管理,D333,云南艺术学院文华学院,10,254035
2023,1,85,网络与新媒体,D333,云南艺术学院文华学院,5,241815
2023,1,1A,建筑设计,D356,山东工程职业技术大学,56,272699
2023,1,1B,建筑工程,D356,山东工程职业技术大学,53,273808
2023,1,1C,工程造价,D356,山东工程职业技术大学,56,270583
2023,1,1D,建设工程管理,D356,山东工程职业技术大学,60,274633
2023,1,1E,机械设计制造及自动化,D356,山东工程职业技术大学,51,262858
2023,1,1F,智能制造工程技术,D356,山东工程职业技术大学,53,267575
2023,1,1G,机械电子工程技术,D356,山东工程职业技术大学,56,267986
2023,1,1H,机器人技术,D356,山东工程职业技术大学,60,270170
2023,1,1J,新能源汽车工程技术,D356,山东工程职业技术大学,51,265112
2023,1,1K,智能网联汽车工程技术,D356,山东工程职业技术大学,60,272290
2023,1,1L,汽车服务工程技术,D356,山东工程职业技术大学,55,256169
2023,1,1M,电子信息工程技术,D356,山东工程职业技术大学,56,263090
2023,1,1P,软件工程技术,D356,山东工程职业技术大学,47,252732
2023,1,1Q,大数据工程技术,D356,山东工程职业技术大学,49,265137
2023,1,1R,云计算技术,D356,山东工程职业技术大学,54,260132
2023,1,1S,现代通信工程,D356,山东工程职业技术大学,50,261224
2023,1,1T,婴幼儿发展与健康管理,D356,山东工程职业技术大学,60,257625
2023,1,1U,大数据与财务管理,D356,山东工程职业技术大学,52,242798
2023,1,1V,大数据与会计,D356,山东工程职业技术大学,51,243108
2023,1,1W,企业数字化管理,D356,山东工程职业技术大学,60,254132
2023,1,1X,市场营销,D356,山东工程职业技术大学,56,258821
2023,1,1Y,电子商务,D356,山东工程职业技术大学,52,255456
2023,1,2E,物联网工程技术(校企合作，与济南博赛合作),D356,山东工程职业技术大学,60,270092
2023,1,01,国际经济与贸易,D359,烟台理工学院,45,239739
2023,1,02,工商管理,D359,烟台理工学院,45,235805
2023,1,03,市场营销,D359,烟台理工学院,43,243408
2023,1,04,人力资源管理,D359,烟台理工学院,45,236146
2023,1,05,跨境电子商务,D359,烟台理工学院,40,246388
2023,1,06,酒店管理,D359,烟台理工学院,28,245293
2023,1,07,经济与金融,D359,烟台理工学院,50,236655
2023,1,08,投资学,D359,烟台理工学院,45,244224
2023,1,09,会计学,D359,烟台理工学院,103,224230
2023,1,10,财务管理,D359,烟台理工学院,50,226245
2023,1,11,审计学,D359,烟台理工学院,55,226450
2023,1,12,法学,D359,烟台理工学院,90,208726
2023,1,13,汉语言文学,D359,烟台理工学院,83,216488
2023,1,14,新闻学,D359,烟台理工学院,49,231674
2023,1,15,网络与新媒体,D359,烟台理工学院,66,231375
2023,1,16,英语,D359,烟台理工学院,93,241476
2023,1,17,商务英语,D359,烟台理工学院,40,244494
2023,1,18,日语,D359,烟台理工学院,25,240141
2023,1,20,机械设计制造及其自动化,D359,烟台理工学院,55,239694
2023,1,21,机械电子工程,D359,烟台理工学院,45,243444
2023,1,22,车辆工程,D359,烟台理工学院,45,245057
2023,1,23,智能制造工程,D359,烟台理工学院,100,254749
2023,1,24,通信工程,D359,烟台理工学院,46,240590
2023,1,25,电子信息科学与技术,D359,烟台理工学院,44,240048
2023,1,26,计算机科学与技术,D359,烟台理工学院,86,232280
2023,1,27,物联网工程,D359,烟台理工学院,43,242336
2023,1,28,软件工程,D359,烟台理工学院,73,239988
2023,1,29,数据科学与大数据技术,D359,烟台理工学院,100,247561
2023,1,30,人工智能,D359,烟台理工学院,37,242352
2023,1,31,自动化,D359,烟台理工学院,41,237573
2023,1,32,机器人工程,D359,烟台理工学院,45,244051
2023,1,33,食品科学与工程,D359,烟台理工学院,48,236061
2023,1,34,食品质量与安全,D359,烟台理工学院,47,236545
2023,1,35,生物工程,D359,烟台理工学院,51,237324
2023,1,36,药学,D359,烟台理工学院,43,228068
2023,1,37,建筑学,D359,烟台理工学院,40,239953
2023,1,38,工程管理,D359,烟台理工学院,45,250030
2023,1,39,机械设计制造及其自动化(中外合作办学),D359,烟台理工学院,55,266054
2023,1,01,土木工程,D378,青岛城市学院,118,274676
2023,1,02,智能建造,D378,青岛城市学院,87,270481
2023,1,03,工程造价,D378,青岛城市学院,110,270000
2023,1,04,工程管理,D378,青岛城市学院,100,272759
2023,1,05,机械设计制造及其自动化,D378,青岛城市学院,110,267055
2023,1,06,电气工程及其自动化,D378,青岛城市学院,104,260562
2023,1,07,机器人工程,D378,青岛城市学院,70,267810
2023,1,08,建筑学,D378,青岛城市学院,91,253862
2023,1,09,城乡规划,D378,青岛城市学院,23,245965
2023,1,10,计算机科学与技术,D378,青岛城市学院,64,238096
2023,1,11,软件工程,D378,青岛城市学院,110,251992
2023,1,12,网络工程,D378,青岛城市学院,50,258289
2023,1,13,物联网工程,D378,青岛城市学院,74,262474
2023,1,14,数据科学与大数据技术,D378,青岛城市学院,84,255658
2023,1,15,国际经济与贸易,D378,青岛城市学院,172,262101
2023,1,16,市场营销,D378,青岛城市学院,56,260335
2023,1,17,物流管理,D378,青岛城市学院,43,253218
2023,1,18,跨境电子商务,D378,青岛城市学院,35,259189
2023,1,19,英语,D378,青岛城市学院,160,259364
2023,1,20,德语,D378,青岛城市学院,30,264319
2023,1,21,法语,D378,青岛城市学院,30,264201
2023,1,22,俄语,D378,青岛城市学院,30,264519
2023,1,23,商务英语,D378,青岛城市学院,45,261161
2023,1,24,汉语国际教育,D378,青岛城市学院,40,243441
2023,1,25,互联网金融,D378,青岛城市学院,153,261448
2023,1,26,会计学,D378,青岛城市学院,160,241235
2023,1,27,财务管理,D378,青岛城市学院,56,241163
2023,1,28,审计学,D378,青岛城市学院,56,238516
2023,1,01,金融学,D383,山东财经大学燕山学院,35,221411
2023,1,03,互联网金融,D383,山东财经大学燕山学院,35,228748
2023,1,05,会计学,D383,山东财经大学燕山学院,35,205367
2023,1,06,财务管理,D383,山东财经大学燕山学院,33,211042
2023,1,08,工商管理,D383,山东财经大学燕山学院,35,220628
2023,1,0A,人力资源管理,D383,山东财经大学燕山学院,33,219976
2023,1,0G,国际经济与贸易,D383,山东财经大学燕山学院,33,223899
2023,1,0J,国际商务,D383,山东财经大学燕山学院,33,227286
2023,1,0K,跨境电子商务,D383,山东财经大学燕山学院,33,230676
2023,1,0L,人工智能,D383,山东财经大学燕山学院,35,224560
2023,1,10,机械设计制造及其自动化,D386,山东石油化工学院,61,196610
2023,1,11,石油工程,D386,山东石油化工学院,102,207000
2023,1,12,油气储运工程,D386,山东石油化工学院,78,209729
2023,1,13,资源勘查工程,D386,山东石油化工学院,48,210772
2023,1,14,建筑环境与能源应用工程,D386,山东石油化工学院,42,210069
2023,1,15,新能源科学与工程,D386,山东石油化工学院,60,193616
2023,1,16,海洋油气工程,D386,山东石油化工学院,60,205937
2023,1,17,应用化学,D386,山东石油化工学院,100,206758
2023,1,18,化学工程与工艺,D386,山东石油化工学院,120,209726
2023,1,19,化工安全工程,D386,山东石油化工学院,40,210837
2023,1,20,环境工程,D386,山东石油化工学院,108,207720
2023,1,21,储能科学与工程,D386,山东石油化工学院,60,205202
2023,1,22,电气工程及其自动化,D386,山东石油化工学院,77,188803
2023,1,24,材料成型及控制工程,D386,山东石油化工学院,35,206656
2023,1,25,自动化,D386,山东石油化工学院,35,193435
2023,1,26,智能制造工程,D386,山东石油化工学院,90,202959
2023,1,27,汉语言文学,D386,山东石油化工学院,77,150907
2023,1,28,财务管理,D386,山东石油化工学院,57,172552
2023,1,29,数字经济,D386,山东石油化工学院,60,193974
2023,1,30,法学,D386,山东石油化工学院,52,136814
2023,1,33,学前教育(师范类),D386,山东石油化工学院,16,175603
2023,1,34,信息与计算科学,D386,山东石油化工学院,60,200297
2023,1,35,计算机科学与技术,D386,山东石油化工学院,54,185217
2023,1,36,物联网工程,D386,山东石油化工学院,55,198655
2023,1,37,数据科学与大数据技术,D386,山东石油化工学院,30,196219
2023,1,38,英语,D386,山东石油化工学院,60,190253
2023,1,39,护理学,D386,山东石油化工学院,50,164689
2023,1,40,药学,D386,山东石油化工学院,60,187238
2023,1,3A,应用英语,D387,山东外国语职业技术大学,210,256634
2023,1,3C,应用日语,D387,山东外国语职业技术大学,65,258196
2023,1,3D,应用韩语,D387,山东外国语职业技术大学,35,262016
2023,1,3E,应用俄语,D387,山东外国语职业技术大学,45,263417
2023,1,3F,学前教育(师范类),D387,山东外国语职业技术大学,50,240561
2023,1,3G,现代物流管理,D387,山东外国语职业技术大学,50,256439
2023,1,3K,市场营销,D387,山东外国语职业技术大学,30,251005
2023,1,3N,企业数字化管理,D387,山东外国语职业技术大学,50,255170
2023,1,3P,跨境电子商务,D387,山东外国语职业技术大学,50,258770
2023,1,3T,金融管理,D387,山东外国语职业技术大学,90,258402
2023,1,3U,国际经济与贸易,D387,山东外国语职业技术大学,90,253010
2023,1,51,电子商务,D387,山东外国语职业技术大学,70,258073
2023,1,53,大数据与会计,D387,山东外国语职业技术大学,90,240905
2023,1,54,大数据与财务管理,D387,山东外国语职业技术大学,80,243907
2023,1,3H,数字媒体技术(校企合作，与北京中软国际教育公司合作),D387,山东外国语职业技术大学,50,269536
2023,1,3L,软件工程技术(校企合作，与北京中软国际教育公司合作),D387,山东外国语职业技术大学,45,270044
2023,1,52,大数据与会计(校企合作，与成都楷柏职业技能培训公司合作),D387,山东外国语职业技术大学,50,246610
2023,1,03,经济学,D391,河北科技学院,3,232323
2023,1,05,土木工程,D391,河北科技学院,3,245116
2023,1,06,工程管理,D391,河北科技学院,3,255223
2023,1,09,电子商务,D391,河北科技学院,4,246895
2023,1,0B,计算机科学与技术,D391,河北科技学院,3,234855
2023,1,0Q,智能车辆工程,D391,河北科技学院,4,249603
2023,1,0R,小学教育,D391,河北科技学院,3,214271
2023,1,0T,护理学,D391,河北科技学院,4,220482
2023,1,0U,助产学,D391,河北科技学院,3,226461
2023,1,03,葡萄牙语,D402,河北外国语学院,2,258083
2023,1,04,意大利语,D402,河北外国语学院,2,256990
2023,1,06,翻译,D402,河北外国语学院,2,231897
2023,1,07,朝鲜语,D402,河北外国语学院,2,249490
2023,1,09,法语,D402,河北外国语学院,2,244142
2023,1,15,商务英语,D402,河北外国语学院,3,237404
2023,1,33,教育学(师范类),D402,河北外国语学院,2,211287
2023,1,08,英语,D408,华北理工大学轻工学院,3,222844
2023,1,0C,工商管理,D408,华北理工大学轻工学院,2,227350
2023,1,0D,财务管理,D408,华北理工大学轻工学院,5,220108
2023,1,0J,土木工程,D408,华北理工大学轻工学院,5,243591
2023,1,15,计算机科学与技术,D411,河北师范大学汇华学院,2,209952
2023,1,16,网络工程,D411,河北师范大学汇华学院,2,218253
2023,1,19,会计学,D411,河北师范大学汇华学院,2,187170
2023,1,20,人力资源管理,D411,河北师范大学汇华学院,1,206520
2023,1,22,数学与应用数学(师范类),D411,河北师范大学汇华学院,3,204806
2023,1,24,化学(师范类),D411,河北师范大学汇华学院,2,216126
2023,1,25,生物科学(师范类),D411,河北师范大学汇华学院,3,198995
2023,1,26,地理科学(师范类),D411,河北师范大学汇华学院,2,181695
2023,1,27,英语(师范类),D411,河北师范大学汇华学院,5,196796
2023,1,32,汉语言文学(师范类),D411,河北师范大学汇华学院,5,177214
2023,1,35,思想政治教育(师范类),D411,河北师范大学汇华学院,5,187787
2023,1,36,学前教育(师范类),D411,河北师范大学汇华学院,3,204462
2023,1,02,金融学类,D414,河北经贸大学经济管理学院,30,218974
2023,1,01,临床医学,D415,河北医科大学临床学院,8,120061
2023,1,03,口腔医学,D415,河北医科大学临床学院,1,93249
2023,1,07,护理学,D415,河北医科大学临床学院,1,161305
2023,1,A3,服装设计与工程,D418,江西服装学院,1,227834
2023,1,A4,服装设计与工艺教育,D418,江西服装学院,1,248627
2023,1,A5,纺织工程,D418,江西服装学院,2,247274
2023,1,B6,国际经济与贸易,D418,江西服装学院,2,255192
2023,1,B7,市场营销,D418,江西服装学院,2,258156
2023,1,B8,财务管理,D418,江西服装学院,2,243755
2023,1,B9,物流管理,D418,江西服装学院,2,248498
2023,1,C1,电子商务,D418,江西服装学院,2,251928
2023,1,C2,数据科学与大数据技术,D418,江西服装学院,2,257412
2023,1,C4,软件工程,D418,江西服装学院,2,255189
2023,1,C5,区块链工程,D418,江西服装学院,2,267262
2023,1,C6,广告学,D418,江西服装学院,2,245545
2023,1,C7,网络与新媒体,D418,江西服装学院,2,246531
2023,1,C8,商务英语,D418,江西服装学院,2,253898
2023,1,02,国际经济与贸易,D421,南昌工学院,1,238455
2023,1,05,思想政治教育,D421,南昌工学院,2,206831
2023,1,07,小学教育,D421,南昌工学院,3,218745
2023,1,12,英语(教师教育方向),D421,南昌工学院,2,237102
2023,1,14,数学与应用数学(教师教育方向),D421,南昌工学院,2,227194
2023,1,15,机械设计制造及其自动化,D421,南昌工学院,5,250593
2023,1,16,材料成型及控制工程,D421,南昌工学院,2,250293
2023,1,17,机械电子工程,D421,南昌工学院,2,253941
2023,1,22,电子信息工程,D421,南昌工学院,2,247616
2023,1,23,机器人工程,D421,南昌工学院,2,249711
2023,1,24,软件工程,D421,南昌工学院,4,247985
2023,1,25,网络工程,D421,南昌工学院,3,254742
2023,1,26,物联网工程,D421,南昌工学院,2,248222
2023,1,27,数字媒体技术,D421,南昌工学院,2,247332
2023,1,29,数据科学与大数据技术,D421,南昌工学院,3,240750
2023,1,30,土木工程,D421,南昌工学院,4,254769
2023,1,34,护理学,D421,南昌工学院,2,223518
2023,1,35,工程管理,D421,南昌工学院,2,252941
2023,1,36,工程造价,D421,南昌工学院,5,252381
2023,1,39,会计学,D421,南昌工学院,2,228967
2023,1,40,财务管理,D421,南昌工学院,2,234589
2023,1,41,审计学,D421,南昌工学院,2,231701
2023,1,04,汉语言文学,D429,南昌大学科学技术学院,2,196017
2023,1,06,新闻学,D429,南昌大学科学技术学院,2,216177
2023,1,10,国际经济与贸易,D429,南昌大学科学技术学院,2,222218
2023,1,13,旅游管理,D429,南昌大学科学技术学院,4,222035
2023,1,15,市场营销,D429,南昌大学科学技术学院,2,223254
2023,1,01,电气工程及其自动化,D431,南昌交通学院,5,233938
2023,1,04,交通运输,D431,南昌交通学院,3,220525
2023,1,06,通信工程,D431,南昌交通学院,3,237214
2023,1,07,轨道交通信号与控制,D431,南昌交通学院,4,232343
2023,1,08,土木工程,D431,南昌交通学院,5,244066
2023,1,09,铁道工程,D431,南昌交通学院,3,236542
2023,1,11,建筑学,D431,南昌交通学院,3,236214
2023,1,16,软件工程,D431,南昌交通学院,4,241048
2023,1,17,智能科学与技术,D431,南昌交通学院,3,239029
2023,1,19,机械设计制造及其自动化,D431,南昌交通学院,4,239974
2023,1,22,车辆工程,D431,南昌交通学院,3,242676
2023,1,23,机器人工程,D431,南昌交通学院,3,243072
2023,1,24,金融学,D431,南昌交通学院,3,231092
2023,1,26,市场营销,D431,南昌交通学院,3,237818
2023,1,27,会计学,D431,南昌交通学院,4,225622
2023,1,28,人力资源管理,D431,南昌交通学院,3,233134
2023,1,32,法学,D431,南昌交通学院,3,202118
2023,1,33,英语,D431,南昌交通学院,3,230198
2023,1,11,土木工程,D432,赣东学院,1,213659
2023,1,13,测绘工程,D432,赣东学院,2,207627
2023,1,23,软件工程,D432,赣东学院,2,183850
2023,1,52,法学,D432,赣东学院,2,139745
2023,1,55,日语,D432,赣东学院,2,205955
2023,1,01,飞行器制造工程,D433,南昌航空大学科技学院,4,218099
2023,1,03,材料成型及控制工程,D433,南昌航空大学科技学院,2,228275
2023,1,04,焊接技术与工程(智能焊接技术),D433,南昌航空大学科技学院,2,226209
2023,1,05,金属材料工程,D433,南昌航空大学科技学院,2,225056
2023,1,07,测控技术与仪器,D433,南昌航空大学科技学院,3,225467
2023,1,10,计算机科学与技术,D433,南昌航空大学科技学院,3,218113
2023,1,11,软件工程,D433,南昌航空大学科技学院,3,222376
2023,1,12,网络空间安全,D433,南昌航空大学科技学院,3,222712
2023,1,15,工商管理,D433,南昌航空大学科技学院,2,215864
2023,1,16,市场营销(数字营销),D433,南昌航空大学科技学院,2,219543
2023,1,24,英语,D433,南昌航空大学科技学院,2,217785
2023,1,26,智能制造工程,D433,南昌航空大学科技学院,6,224949
2023,1,30,光电信息材料与器件,D433,南昌航空大学科技学院,3,227402
2023,1,31,智能测控工程,D433,南昌航空大学科技学院,3,229567
2023,1,11,电子信息工程,D434,赣南科技学院,2,193691
2023,1,13,计算机科学与技术,D434,赣南科技学院,2,181788
2023,1,22,国际经济与贸易,D434,赣南科技学院,2,200419
2023,1,25,电子商务,D434,赣南科技学院,2,198253
2023,1,44,葡萄牙语,D434,赣南科技学院,2,210580
2023,1,51,材料成型及控制工程,D434,赣南科技学院,2,212535
2023,1,61,机械工程,D434,赣南科技学院,2,202627
2023,1,71,土木工程,D434,赣南科技学院,2,204889
2023,1,75,工程造价,D434,赣南科技学院,2,210824
2023,1,02,数字经济,D436,江西农业大学南昌商学院,1,216233
2023,1,04,国际经济与贸易,D436,江西农业大学南昌商学院,1,220186
2023,1,25,物流管理,D436,江西农业大学南昌商学院,2,219111
2023,1,26,电子商务,D436,江西农业大学南昌商学院,1,216195
2023,1,01,临床医学,D437,南昌医学院,2,75340
2023,1,02,预防医学,D437,南昌医学院,1,146980
2023,1,03,中医学,D437,南昌医学院,2,96676
2023,1,04,中西医临床医学,D437,南昌医学院,2,107568
2023,1,05,针灸推拿学,D437,南昌医学院,2,107502
2023,1,08,护理学,D437,南昌医学院,2,127907
2023,1,09,助产学,D437,南昌医学院,2,159592
2023,1,0A,医学检验技术,D437,南昌医学院,1,123743
2023,1,0B,医学影像技术,D437,南昌医学院,1,109237
2023,1,26,翻译,D438,江西师范大学科学技术学院,5,226880
2023,1,28,英语(师范类),D438,江西师范大学科学技术学院,5,215814
2023,1,2A,网络与新媒体,D438,江西师范大学科学技术学院,3,216115
2023,1,02,汉语言文学(师范类),D439,赣南师范大学科技学院,5,194066
2023,1,03,历史学(师范类),D439,赣南师范大学科技学院,3,200871
2023,1,04,英语(师范类),D439,赣南师范大学科技学院,8,214694
2023,1,06,国际经济与贸易,D439,赣南师范大学科技学院,5,224210
2023,1,08,数学与应用数学(师范类),D439,赣南师范大学科技学院,5,225492
2023,1,09,电子信息工程,D439,赣南师范大学科技学院,3,220772
2023,1,0A,计算机科学与技术(师范类),D439,赣南师范大学科技学院,4,222415
2023,1,10,英语(师范类),D440,南昌应用技术师范学院,1,209555
2023,1,11,数学与应用数学(师范类),D440,南昌应用技术师范学院,1,230332
2023,1,12,汉语言文学(师范类),D440,南昌应用技术师范学院,1,184857
2023,1,22,财务管理,D440,南昌应用技术师范学院,1,220372
2023,1,31,计算机科学与技术,D440,南昌应用技术师范学院,1,223905
2023,1,32,软件工程,D440,南昌应用技术师范学院,1,223246
2023,1,01,会计学,D441,江西财经大学现代经济管理学院,2,202753
2023,1,02,会计学(注册会计师),D441,江西财经大学现代经济管理学院,2,199363
2023,1,03,财务管理,D441,江西财经大学现代经济管理学院,1,184417
2023,1,04,工程审计,D441,江西财经大学现代经济管理学院,2,224637
2023,1,05,金融学,D441,江西财经大学现代经济管理学院,3,222021
2023,1,06,国际经济与贸易,D441,江西财经大学现代经济管理学院,3,223548
2023,1,07,电子商务,D441,江西财经大学现代经济管理学院,3,223082
2023,1,08,金融科技,D441,江西财经大学现代经济管理学院,3,221264
2023,1,0A,工程管理,D441,江西财经大学现代经济管理学院,2,225926
2023,1,0B,工程造价,D441,江西财经大学现代经济管理学院,3,227174
2023,1,0C,市场营销(数字营销),D441,江西财经大学现代经济管理学院,2,221686
2023,1,0D,人力资源管理(数字人力),D441,江西财经大学现代经济管理学院,2,217665
2023,1,0G,新闻学(新媒体方向),D441,江西财经大学现代经济管理学院,1,216467
2023,1,0K,商务英语,D441,江西财经大学现代经济管理学院,3,224437
2023,1,0L,计算机科学与技术(数智化方向),D441,江西财经大学现代经济管理学院,1,220570
2023,1,0N,大数据管理与应用,D441,江西财经大学现代经济管理学院,1,221094
2023,1,0P,经济统计学,D441,江西财经大学现代经济管理学院,2,216107
2023,1,0Q,数字经济,D441,江西财经大学现代经济管理学院,1,223581
2023,1,0R,资产评估,D441,江西财经大学现代经济管理学院,1,219807
2023,1,F1,会计学(智能会计方向),D441,江西财经大学现代经济管理学院,1,207037
2023,1,F2,财务管理(智能财务方向),D441,江西财经大学现代经济管理学院,1,199824
2023,1,F4,新闻学(影视制作方向),D441,江西财经大学现代经济管理学院,1,218876
2023,1,01,计算机科学与技术,D468,阳光学院,3,250314
2023,1,02,电子信息工程,D468,阳光学院,4,262591
2023,1,05,人工智能,D468,阳光学院,4,264946
2023,1,13,电子商务,D468,阳光学院,5,259706
2023,1,16,商务英语,D468,阳光学院,2,261418
2023,1,41,工程造价,D468,阳光学院,2,263329
2023,1,25,电子商务(中外合作办学),D468,阳光学院,10,263067
2023,1,03,金融学,D469,厦门大学嘉庚学院,4,175729
2023,1,04,国际经济与贸易,D469,厦门大学嘉庚学院,4,204441
2023,1,05,法学,D469,厦门大学嘉庚学院,3,111945
2023,1,06,汉语言文学,D469,厦门大学嘉庚学院,4,149997
2023,1,07,英语,D469,厦门大学嘉庚学院,4,219266
2023,1,10,广播电视学,D469,厦门大学嘉庚学院,2,173325
2023,1,12,机械设计制造及其自动化,D469,厦门大学嘉庚学院,5,220288
2023,1,15,电气工程及其自动化,D469,厦门大学嘉庚学院,3,215314
2023,1,19,自动化,D469,厦门大学嘉庚学院,4,219190
2023,1,21,计算机科学与技术,D469,厦门大学嘉庚学院,3,196232
2023,1,26,土木工程,D469,厦门大学嘉庚学院,3,230002
2023,1,28,环境科学与工程,D469,厦门大学嘉庚学院,7,221930
2023,1,30,建筑学,D469,厦门大学嘉庚学院,6,220420
2023,1,31,城乡规划,D469,厦门大学嘉庚学院,6,225826
2023,1,33,信息管理与信息系统,D469,厦门大学嘉庚学院,4,228301
2023,1,37,大数据管理与应用,D469,厦门大学嘉庚学院,2,200027
2023,1,39,市场营销,D469,厦门大学嘉庚学院,4,225225
2023,1,40,会计学,D469,厦门大学嘉庚学院,4,185525
2023,1,41,财务管理,D469,厦门大学嘉庚学院,3,191024
2023,1,43,文化产业管理,D469,厦门大学嘉庚学院,3,212998
2023,1,44,行政管理,D469,厦门大学嘉庚学院,2,197206
2023,1,46,电子商务,D469,厦门大学嘉庚学院,2,212723
2023,1,01,财政学,D471,集美大学诚毅学院,2,209420
2023,1,02,金融学,D471,集美大学诚毅学院,2,188591
2023,1,04,国际经济与贸易,D471,集美大学诚毅学院,2,218837
2023,1,05,法学,D471,集美大学诚毅学院,2,146201
2023,1,09,汉语言文学,D471,集美大学诚毅学院,2,140266
2023,1,0B,英语,D471,集美大学诚毅学院,3,219003
2023,1,0C,机械工程,D471,集美大学诚毅学院,2,221240
2023,1,0E,智能制造工程,D471,集美大学诚毅学院,3,225966
2023,1,0F,电子信息工程,D471,集美大学诚毅学院,2,221010
2023,1,0J,计算机科学与技术,D471,集美大学诚毅学院,2,218463
2023,1,0N,数字媒体技术,D471,集美大学诚毅学院,1,213506
2023,1,0P,数据科学与大数据技术,D471,集美大学诚毅学院,2,223226
2023,1,0T,工商管理,D471,集美大学诚毅学院,2,216014
2023,1,0U,会计学,D471,集美大学诚毅学院,3,196940
2023,1,04,工商管理,D497,郑州财经学院,6,223794
2023,1,10,会计学,D497,郑州财经学院,8,205411
2023,1,14,小学教育(师范类),D497,郑州财经学院,6,196347
2023,1,17,金融学,D497,郑州财经学院,4,213869
2023,1,19,电子商务,D497,郑州财经学院,6,222686
2023,1,23,大数据管理与应用,D497,郑州财经学院,6,231533
2023,1,25,工程造价,D497,郑州财经学院,6,230696
2023,1,26,英语,D497,郑州财经学院,6,218927
2023,1,29,网络与新媒体,D497,郑州财经学院,6,221824
2023,1,30,数据科学与大数据技术,D497,郑州财经学院,8,222973
2023,1,37,车辆工程,D497,郑州财经学院,6,229911
2023,1,07,机械设计制造及其自动化,D500,商丘工学院,20,235974
2023,1,0J,物联网工程,D500,商丘工学院,10,234751
2023,1,0M,城市地下空间工程,D500,商丘工学院,20,243976
2023,1,08,汉语言文学(师范类),D501,河南开封科技传媒学院,10,201839
2023,1,0N,网络工程,D501,河南开封科技传媒学院,10,234803
2023,1,04,汉语言文学(师范类),D503,信阳学院,3,201670
2023,1,0K,数学与应用数学(师范类),D503,信阳学院,2,219804
2023,1,09,临床医学,D505,新乡医学院三全学院,5,141352
2023,1,09,计算机科学与技术,D507,郑州工商学院,5,220321
2023,1,13,数据科学与大数据技术,D507,郑州工商学院,5,225292
2023,1,23,财务管理,D507,郑州工商学院,4,214424
2023,1,24,会计学,D507,郑州工商学院,4,208567
2023,1,27,法学,D507,郑州工商学院,4,199800
2023,1,29,英语,D507,郑州工商学院,4,220857
2023,1,04,金融学,D511,兰州工商学院,6,251193
2023,1,09,法学,D511,兰州工商学院,3,212932
2023,1,0B,法学(法检业务方向),D511,兰州工商学院,3,214852
2023,1,0C,法学(行政法务方向),D511,兰州工商学院,3,217043
2023,1,0F,土木工程,D511,兰州工商学院,2,244895
2023,1,0H,工程管理,D511,兰州工商学院,3,252400
2023,1,0M,网络工程,D511,兰州工商学院,3,240435
2023,1,0N,电子商务,D511,兰州工商学院,2,242875
2023,1,0R,人力资源管理,D511,兰州工商学院,3,235520
2023,1,0U,会计学,D511,兰州工商学院,2,212786
2023,1,0V,会计学(管理会计方向),D511,兰州工商学院,2,223868
2023,1,0W,会计学(注册会计师方向),D511,兰州工商学院,3,227393
2023,1,07,机械设计制造及其自动化,D514,兰州博文科技学院,2,238401
2023,1,10,车辆工程,D514,兰州博文科技学院,2,245041
2023,1,13,电气工程及其自动化,D514,兰州博文科技学院,3,240194
2023,1,20,土木工程,D514,兰州博文科技学院,3,250454
2023,1,23,道路桥梁与渡河工程,D514,兰州博文科技学院,2,258223
2023,1,26,交通运输,D514,兰州博文科技学院,3,234343
2023,1,30,工程管理,D514,兰州博文科技学院,2,254884
2023,1,36,数字媒体技术,D514,兰州博文科技学院,2,234491
2023,1,37,轨道交通信号与控制,D514,兰州博文科技学院,2,240599
2023,1,40,物流工程,D514,兰州博文科技学院,2,251187
2023,1,41,大数据管理与应用,D514,兰州博文科技学院,2,245208
2023,1,42,智慧交通,D514,兰州博文科技学院,2,248576
2023,1,W2,英语,D514,兰州博文科技学院,2,241119
2023,1,W3,广告学,D514,兰州博文科技学院,2,243006
2023,1,W6,会计学,D514,兰州博文科技学院,3,230381
2023,1,W7,财务管理,D514,兰州博文科技学院,2,235840
2023,1,W8,电子商务,D514,兰州博文科技学院,2,244377
2023,1,W9,酒店管理,D514,兰州博文科技学院,2,249363
2023,1,11,采矿工程,D534,山西工学院,2,209703
2023,1,13,化学工程与工艺,D534,山西工学院,4,205768
2023,1,21,电气工程及其自动化,D534,山西工学院,2,189441
2023,1,23,自动化,D534,山西工学院,5,200801
2023,1,24,能源互联网工程,D534,山西工学院,5,207209
2023,1,25,机械电子工程,D534,山西工学院,5,206388
2023,1,31,无机非金属材料工程,D534,山西工学院,6,212562
2023,1,33,环境工程,D534,山西工学院,6,208250
2023,1,35,应用化学,D534,山西工学院,6,204551
2023,1,41,粉体材料科学与工程,D534,山西工学院,3,212826
2023,1,51,车辆工程,D534,山西工学院,5,204903
2023,1,53,机械设计制造及其自动化,D534,山西工学院,3,203609
2023,1,54,工业设计,D534,山西工学院,5,212411
2023,1,55,智能制造工程,D534,山西工学院,6,203075
2023,1,61,计算机科学与技术,D534,山西工学院,1,167921
2023,1,62,物联网工程,D534,山西工学院,6,193528
2023,1,63,软件工程,D534,山西工学院,6,196925
2023,1,64,电子信息工程,D534,山西工学院,4,197734
2023,1,65,通信工程,D534,山西工学院,5,203437
2023,1,81,国际经济与贸易,D534,山西工学院,2,200392
2023,1,82,财务管理,D534,山西工学院,1,175176
2023,1,84,物流管理,D534,山西工学院,1,185379
2023,1,92,土木工程,D534,山西工学院,5,202428
2023,1,93,建筑学,D534,山西工学院,6,181944
2023,1,01,计算机科学与技术,D535,晋中信息学院,1,224876
2023,1,02,网络工程,D535,晋中信息学院,1,225753
2023,1,05,软件工程,D535,晋中信息学院,1,226024
2023,1,09,机械设计制造及其自动化,D535,晋中信息学院,1,228090
2023,1,10,电气工程及其自动化,D535,晋中信息学院,1,224879
2023,1,17,国际经济与贸易,D535,晋中信息学院,1,231568
2023,1,20,互联网金融,D535,晋中信息学院,1,228721
2023,1,24,财务管理,D535,晋中信息学院,1,209198
2023,1,26,审计学,D535,晋中信息学院,1,215795
2023,1,36,英语,D535,晋中信息学院,1,231625
2023,1,08,机械设计制造及其自动化,D538,山西晋中理工学院,18,229991
2023,1,11,市场营销,D538,山西晋中理工学院,2,222479
2023,1,1A,信息与计算科学,D558,新疆理工学院,10,219899
2023,1,1B,金融学,D558,新疆理工学院,6,222173
2023,1,1C,国际经济与贸易,D558,新疆理工学院,4,214262
2023,1,1E,工商管理,D558,新疆理工学院,6,213179
2023,1,1G,市场营销,D558,新疆理工学院,5,216379
2023,1,1J,旅游管理,D558,新疆理工学院,4,216085
2023,1,1L,物流管理,D558,新疆理工学院,5,215174
2023,1,1N,法学,D558,新疆理工学院,4,178903
2023,1,1Q,社会工作,D558,新疆理工学院,4,211901
2023,1,1S,英语,D558,新疆理工学院,2,211339
2023,1,1U,商务英语,D558,新疆理工学院,2,213024
2023,1,A1,机械设计制造及其自动化,D558,新疆理工学院,12,218138
2023,1,B1,机械电子工程,D558,新疆理工学院,3,217110
2023,1,C1,机器人工程,D558,新疆理工学院,7,220136
2023,1,D1,土木工程,D558,新疆理工学院,7,219785
2023,1,E1,电气工程及其自动化,D558,新疆理工学院,16,215807
2023,1,F1,测控技术与仪器,D558,新疆理工学院,2,217402
2023,1,G1,物流工程,D558,新疆理工学院,6,221396
2023,1,H1,工程管理,D558,新疆理工学院,2,219730
2023,1,J1,材料成型及控制工程,D558,新疆理工学院,2,220373
2023,1,K1,通信工程,D558,新疆理工学院,6,217284
2023,1,L1,计算机科学与技术,D558,新疆理工学院,5,214922
2023,1,M1,软件工程,D558,新疆理工学院,3,213656
2023,1,N1,智能科学与技术,D558,新疆理工学院,5,218525
2023,1,P1,数字媒体技术,D558,新疆理工学院,3,216490
2023,1,Q1,信息管理与信息系统,D558,新疆理工学院,4,220285
2023,1,S1,过程装备与控制工程,D558,新疆理工学院,15,222704
2023,1,T1,能源化学工程,D558,新疆理工学院,12,217129
2023,1,U1,能源服务工程,D558,新疆理工学院,8,220814
2023,1,V1,材料化学,D558,新疆理工学院,3,223206
2023,1,W1,储能科学与工程,D558,新疆理工学院,2,220575
2023,1,X1,食品营养与检验教育,D558,新疆理工学院,3,214021
2023,1,Y1,食品安全与检测,D558,新疆理工学院,3,213602
2023,1,Z1,食品卫生与营养学,D558,新疆理工学院,4,227411
2023,1,H1,临床医学,D560,新疆第二医学院,21,114225
2023,1,H2,口腔医学,D560,新疆第二医学院,10,90172
2023,1,H3,中西医临床医学,D560,新疆第二医学院,3,116370
2023,1,H4,药学,D560,新疆第二医学院,1,142605
2023,1,H7,护理学,D560,新疆第二医学院,4,170411
2023,1,H8,信息管理与信息系统,D560,新疆第二医学院,2,207882
2023,1,H9,公共事业管理,D560,新疆第二医学院,2,210534
2023,1,HW,卫生检验与检疫,D560,新疆第二医学院,1,172891
2023,1,HY,预防医学,D560,新疆第二医学院,4,170034
2023,1,HZ,麻醉学,D560,新疆第二医学院,9,115395
2023,1,01,会计学,D561,新疆科技学院,9,198110
2023,1,02,财务管理,D561,新疆科技学院,8,201787
2023,1,03,工程审计,D561,新疆科技学院,5,222520
2023,1,04,税收学,D561,新疆科技学院,7,209028
2023,1,05,金融学,D561,新疆科技学院,9,213954
2023,1,06,国际经济与贸易,D561,新疆科技学院,4,214625
2023,1,07,人力资源管理,D561,新疆科技学院,5,213856
2023,1,08,市场营销,D561,新疆科技学院,5,216697
2023,1,09,法学,D561,新疆科技学院,5,180754
2023,1,10,新闻学,D561,新疆科技学院,6,213607
2023,1,11,旅游管理,D561,新疆科技学院,7,217161
2023,1,12,计算机科学与技术,D561,新疆科技学院,5,211556
2023,1,13,信息安全,D561,新疆科技学院,5,217220
2023,1,14,电子商务,D561,新疆科技学院,2,213884
2023,1,17,化学工程与工艺,D561,新疆科技学院,3,219849
2023,1,18,纺织工程,D561,新疆科技学院,3,222863
2023,1,19,轻化工程,D561,新疆科技学院,3,221398
2023,1,20,药学,D561,新疆科技学院,4,219815
2023,1,21,康复治疗学,D561,新疆科技学院,3,208256
2023,1,22,护理学,D561,新疆科技学院,5,186710
2023,1,23,医疗保险,D561,新疆科技学院,2,204183
2023,1,01,交通运输,D569,西安交通工程学院,3,232787
2023,1,04,电气工程及其自动化,D569,西安交通工程学院,4,232778
2023,1,15,工程造价,D569,西安交通工程学院,4,238229
2023,1,16,财务管理,D569,西安交通工程学院,2,218915
2023,1,19,学前教育(师范类),D569,西安交通工程学院,4,228885
2023,1,01,金融学,D571,无锡太湖学院,5,228354
2023,1,02,国际经济与贸易,D571,无锡太湖学院,5,234052
2023,1,03,工商管理,D571,无锡太湖学院,5,229274
2023,1,07,跨境电子商务,D571,无锡太湖学院,5,241639
2023,1,09,会计学,D571,无锡太湖学院,5,215282
2023,1,10,财务管理,D571,无锡太湖学院,5,223861
2023,1,13,通信工程,D571,无锡太湖学院,5,231886
2023,1,14,计算机科学与技术,D571,无锡太湖学院,5,233573
2023,1,15,软件工程,D571,无锡太湖学院,5,239934
2023,1,18,机械工程,D571,无锡太湖学院,10,242653
2023,1,26,英语,D571,无锡太湖学院,5,241850
2023,1,01,国际经济与贸易,D578,河北工程大学科信学院,2,214044
2023,1,03,机械设计制造及其自动化,D578,河北工程大学科信学院,2,213464
2023,1,04,材料成型及控制工程,D578,河北工程大学科信学院,2,220330
2023,1,05,车辆工程,D578,河北工程大学科信学院,2,219914
2023,1,06,能源与动力工程,D578,河北工程大学科信学院,3,215565
2023,1,07,电气工程及其自动化,D578,河北工程大学科信学院,2,214629
2023,1,08,电子信息工程,D578,河北工程大学科信学院,2,217132
2023,1,09,通信工程,D578,河北工程大学科信学院,2,215560
2023,1,0A,自动化,D578,河北工程大学科信学院,2,218291
2023,1,0B,计算机科学与技术,D578,河北工程大学科信学院,2,217304
2023,1,0C,土木工程,D578,河北工程大学科信学院,2,220252
2023,1,0D,建筑环境与能源应用工程,D578,河北工程大学科信学院,2,222372
2023,1,0E,给排水科学与工程,D578,河北工程大学科信学院,3,218662
2023,1,0F,水利水电工程,D578,河北工程大学科信学院,2,216583
2023,1,0H,交通工程,D578,河北工程大学科信学院,2,210829
2023,1,0J,食品科学与工程,D578,河北工程大学科信学院,2,210752
2023,1,0L,工程管理,D578,河北工程大学科信学院,3,220464
2023,1,0N,会计学,D578,河北工程大学科信学院,3,192447
2023,1,01,金融学,D579,中国矿业大学徐海学院,4,217067
2023,1,03,汉语言文学,D579,中国矿业大学徐海学院,4,190266
2023,1,05,会计学,D579,中国矿业大学徐海学院,4,191798
2023,1,08,机械工程,D579,中国矿业大学徐海学院,10,225209
2023,1,0A,智能制造工程,D579,中国矿业大学徐海学院,6,221736
2023,1,0D,电气工程及其自动化,D579,中国矿业大学徐海学院,8,220460
2023,1,0F,电子科学与技术,D579,中国矿业大学徐海学院,6,220058
2023,1,0M,土木工程,D579,中国矿业大学徐海学院,8,227864
2023,1,01,英语,D588,重庆外语外事学院,2,218719
2023,1,03,翻译,D588,重庆外语外事学院,2,240269
2023,1,05,俄语,D588,重庆外语外事学院,2,224130
2023,1,09,德语,D588,重庆外语外事学院,3,234740
2023,1,17,日语,D588,重庆外语外事学院,4,230343
2023,1,21,阿拉伯语,D588,重庆外语外事学院,2,237594
2023,1,07,汉语言文学(师范类),D589,重庆对外经贸学院,3,203494
2023,1,16,计算机科学与技术,D589,重庆对外经贸学院,2,225754
2023,1,01,会计学,D590,重庆财经学院,2,208509
2023,1,30,计算机类,D590,重庆财经学院,3,222737
2023,1,05,机械设计制造及其自动化,D593,石家庄铁道大学四方学院,1,103578
2023,1,06,无机非金属材料工程,D593,石家庄铁道大学四方学院,3,222148
2023,1,07,电气工程及其自动化,D593,石家庄铁道大学四方学院,15,215204
2023,1,10,轨道交通信号与控制,D593,石家庄铁道大学四方学院,8,204004
2023,1,11,计算机科学与技术,D593,石家庄铁道大学四方学院,2,194521
2023,1,12,土木工程,D593,石家庄铁道大学四方学院,13,223265
2023,1,14,测绘工程,D593,石家庄铁道大学四方学院,5,221085
2023,1,15,交通工程,D593,石家庄铁道大学四方学院,2,157182
2023,1,17,工程管理,D593,石家庄铁道大学四方学院,6,220520
2023,1,18,工程造价,D593,石家庄铁道大学四方学院,2,222506
2023,1,20,会计学,D593,石家庄铁道大学四方学院,3,191969
2023,1,21,财务管理,D593,石家庄铁道大学四方学院,6,198406
2023,1,01,金融学类,D594,河北地质大学华信学院,2,227843
2023,1,04,英语,D594,河北地质大学华信学院,2,229041
2023,1,06,计算机类,D594,河北地质大学华信学院,2,226693
2023,1,07,地质类,D594,河北地质大学华信学院,2,222103
2023,1,08,环境工程,D594,河北地质大学华信学院,2,227117
2023,1,09,护理学,D594,河北地质大学华信学院,2,194835
2023,1,11,工商管理类,D594,河北地质大学华信学院,2,215115
2023,1,14,电子商务,D594,河北地质大学华信学院,2,229162
2023,1,15,工商管理类,D594,河北地质大学华信学院,2,228449
2023,1,16,土木工程,D594,河北地质大学华信学院,2,248049
2023,1,01,临床医学,D596,华北理工大学冀唐学院,5,123624
2023,1,04,护理学,D596,华北理工大学冀唐学院,5,183146
2023,1,01,电子信息工程,D597,山西科技学院,4,182312
2023,1,02,通信工程,D597,山西科技学院,4,182766
2023,1,03,光电信息科学与工程,D597,山西科技学院,2,193352
2023,1,04,安全工程,D597,山西科技学院,2,205928
2023,1,05,机械设计制造及其自动化,D597,山西科技学院,2,176918
2023,1,06,材料成型及控制工程,D597,山西科技学院,2,208181
2023,1,07,过程装备与控制工程,D597,山西科技学院,2,207510
2023,1,08,电气工程及其自动化,D597,山西科技学院,4,188705
2023,1,09,自动化,D597,山西科技学院,2,191176
2023,1,0A,无机非金属材料工程,D597,山西科技学院,2,205539
2023,1,0B,焊接技术与工程,D597,山西科技学院,2,215175
2023,1,0C,计算机科学与技术,D597,山西科技学院,2,164926
2023,1,T1,艺术教育,D599,大连艺术学院,14,263778
2023,1,T2,日语,D599,大连艺术学院,20,266152
2023,1,T3,园艺,D599,大连艺术学院,10,259183
2023,1,T4,文化产业管理,D599,大连艺术学院,21,260211
2023,1,T5,电子商务,D599,大连艺术学院,15,263673
2023,1,T6,跨境电子商务,D599,大连艺术学院,14,264208
2023,1,T7,旅游管理,D599,大连艺术学院,4,256835
2023,1,06,电子商务,D600,长春光华学院,6,250933
2023,1,07,工商管理,D600,长春光华学院,4,247008
2023,1,10,广告学,D600,长春光华学院,3,248716
2023,1,11,汉语言文学,D600,长春光华学院,11,225541
2023,1,12,秘书学,D600,长春光华学院,3,241908
2023,1,13,新闻学,D600,长春光华学院,4,241679
2023,1,14,朝鲜语,D600,长春光华学院,4,260908
2023,1,17,商务英语,D600,长春光华学院,5,249279
2023,1,20,英语,D600,长春光华学院,5,249368
2023,1,21,机械电子工程,D600,长春光华学院,12,264249
2023,1,22,机械工程,D600,长春光华学院,5,264675
2023,1,23,机械设计制造及其自动化,D600,长春光华学院,3,245095
2023,1,27,电气工程及其自动化,D600,长春光华学院,5,248941
2023,1,29,计算机科学与技术,D600,长春光华学院,8,245705
2023,1,31,物联网工程,D600,长春光华学院,5,255555
2023,1,33,财务管理,D600,长春光华学院,8,243784
2023,1,34,国际经济与贸易,D600,长春光华学院,8,253420
2023,1,35,会计学,D600,长春光华学院,10,233729
2023,1,36,金融学,D600,长春光华学院,10,253355
2023,1,37,经济学,D600,长春光华学院,5,250477
2023,1,40,学前教育,D600,长春光华学院,12,249527
2023,1,43,应用心理学,D600,长春光华学院,6,242696
2023,1,45,播音与主持艺术,D600,长春光华学院,2,251019
2023,1,46,广播电视编导,D600,长春光华学院,2,251312
2023,1,49,小学教育,D600,长春光华学院,4,234159
2023,1,52,智能制造工程,D600,长春光华学院,3,255673
2023,1,02,机械设计制造及其自动化,D601,长春工业大学人文信息学院,1,232980
2023,1,03,智能制造工程,D601,长春工业大学人文信息学院,1,243327
2023,1,04,车辆工程,D601,长春工业大学人文信息学院,1,240659
2023,1,05,新能源汽车工程,D601,长春工业大学人文信息学院,1,219903
2023,1,06,智能车辆工程,D601,长春工业大学人文信息学院,1,232185
2023,1,07,电气工程及其自动化,D601,长春工业大学人文信息学院,1,229973
2023,1,08,轨道交通信号与控制,D601,长春工业大学人文信息学院,2,245128
2023,1,09,机器人工程,D601,长春工业大学人文信息学院,1,245342
2023,1,12,数据科学与大数据技术,D601,长春工业大学人文信息学院,1,230227
2023,1,13,软件工程,D601,长春工业大学人文信息学院,1,83975
2023,1,14,电子信息工程,D601,长春工业大学人文信息学院,1,232159
2023,1,16,制药工程,D601,长春工业大学人文信息学院,2,224039
2023,1,17,英语,D601,长春工业大学人文信息学院,2,241951
2023,1,20,电子商务,D601,长春工业大学人文信息学院,2,236643
2023,1,21,国际经济与贸易,D601,长春工业大学人文信息学院,2,248413
2023,1,23,人力资源管理,D601,长春工业大学人文信息学院,3,239007
2023,1,25,物流管理,D601,长春工业大学人文信息学院,2,234143
2023,1,27,工程造价,D601,长春工业大学人文信息学院,2,245268
2023,1,28,土木工程,D601,长春工业大学人文信息学院,1,240270
2023,1,31,会计学,D601,长春工业大学人文信息学院,4,234060
2023,1,33,金融学,D601,长春工业大学人文信息学院,2,237130
2023,1,34,法学,D601,长春工业大学人文信息学院,4,214511
2023,1,16,机械设计制造及其自动化,D602,长春电子科技学院,9,261067
2023,1,17,机械电子工程,D602,长春电子科技学院,6,257824
2023,1,01,会计学,D603,长春财经学院,4,217790
2023,1,04,金融学,D603,长春财经学院,3,238104
2023,1,03,土木工程,D604,吉林建筑科技学院,2,256085
2023,1,15,自动化,D604,吉林建筑科技学院,2,245554
2023,1,01,电气工程及其自动化,D605,长春建筑学院,4,235213
2023,1,02,电子信息工程,D605,长春建筑学院,2,235436
2023,1,03,通信工程,D605,长春建筑学院,2,242554
2023,1,05,自动化,D605,长春建筑学院,2,238678
2023,1,07,计算机科学与技术,D605,长春建筑学院,2,235361
2023,1,10,数字媒体技术,D605,长春建筑学院,4,254061
2023,1,13,土木工程,D605,长春建筑学院,5,262612
2023,1,14,建筑环境与能源应用工程,D605,长春建筑学院,4,255924
2023,1,17,城市地下空间工程,D605,长春建筑学院,3,257620
2023,1,18,道路桥梁与渡河工程,D605,长春建筑学院,4,260490
2023,1,20,交通工程,D605,长春建筑学院,5,238465
2023,1,21,建筑学,D605,长春建筑学院,3,229520
2023,1,22,城乡规划,D605,长春建筑学院,2,234617
2023,1,23,风景园林,D605,长春建筑学院,2,229943
2023,1,29,工程管理,D605,长春建筑学院,3,264649
2023,1,31,工程造价,D605,长春建筑学院,3,244031
2023,1,34,财务管理,D605,长春建筑学院,5,244500
2023,1,36,电子商务,D605,长春建筑学院,2,254301
2023,1,37,广告学,D605,长春建筑学院,4,244184
2023,1,54,智慧交通,D605,长春建筑学院,4,250418
2023,1,11,计算机类,D606,长春科技学院,2,247129
2023,1,16,工商管理,D606,长春科技学院,2,240860
2023,1,21,中医学,D606,长春科技学院,2,152772
2023,1,22,护理学,D606,长春科技学院,2,213210
2023,1,25,广告学,D607,吉林动画学院,6,255537
2023,1,26,市场营销,D607,吉林动画学院,5,251589
2023,1,28,互联网金融,D607,吉林动画学院,3,245403
2023,1,29,软件工程,D607,吉林动画学院,7,253827
2023,1,30,数字媒体技术,D607,吉林动画学院,16,254652
2023,1,32,虚拟现实技术,D607,吉林动画学院,7,255984
2023,1,33,飞行器制造工程,D607,吉林动画学院,3,248394
2023,1,34,飞行器控制与信息工程,D607,吉林动画学院,3,250032
2023,1,35,飞行器动力工程,D607,吉林动画学院,3,247623
2023,1,36,新媒体技术,D607,吉林动画学院,7,258561
2023,1,01,会计学,D611,蚌埠工商学院,4,216664
2023,1,02,金融学,D611,蚌埠工商学院,4,231722
2023,1,0A,财务管理,D611,蚌埠工商学院,4,221967
2023,1,0D,国际经济与贸易,D611,蚌埠工商学院,4,235010
2023,1,01,计算机科学与技术,D613,安徽信息工程学院,4,228385
2023,1,02,软件工程,D613,安徽信息工程学院,4,232026
2023,1,06,电气工程及其自动化,D613,安徽信息工程学院,4,232350
2023,1,0B,机械设计制造及其自动化,D613,安徽信息工程学院,4,238169
2023,1,0F,智能制造工程,D613,安徽信息工程学院,4,239069
2023,1,07,机械设计制造及其自动化,D614,马鞍山学院,5,234729
2023,1,08,电气工程及其自动化,D614,马鞍山学院,5,230176
2023,1,0D,计算机科学与技术,D614,马鞍山学院,5,232549
2023,1,0U,财务管理,D614,马鞍山学院,5,225447
2023,1,11,土木工程,D615,合肥城市学院,2,231102
2023,1,12,建筑环境与能源应用工程,D615,合肥城市学院,2,242752
2023,1,17,安全工程,D615,合肥城市学院,2,230405
2023,1,41,工程管理,D615,合肥城市学院,2,244279
2023,1,4D,资产评估,D615,合肥城市学院,2,229006
2023,1,01,临床医学,D618,安徽医科大学临床医学院,8,139368
2023,1,1A,旅游管理,D623,长春大学旅游学院,5,249686
2023,1,1B,酒店管理,D623,长春大学旅游学院,5,257961
2023,1,2C,会计学,D623,长春大学旅游学院,5,235524
2023,1,2D,财务管理,D623,长春大学旅游学院,5,241145
2023,1,01,计算机科学与技术,D624,泰山科技学院,40,245600
2023,1,02,数据科学与大数据技术,D624,泰山科技学院,30,260156
2023,1,03,信息管理与信息系统,D624,泰山科技学院,33,267133
2023,1,04,大数据管理与应用,D624,泰山科技学院,33,260525
2023,1,05,虚拟现实技术,D624,泰山科技学院,25,269790
2023,1,06,区块链工程,D624,泰山科技学院,25,269776
2023,1,07,信息安全,D624,泰山科技学院,25,264933
2023,1,08,电气工程及其自动化,D624,泰山科技学院,53,262734
2023,1,09,机械设计制造及其自动化,D624,泰山科技学院,25,249734
2023,1,11,智能制造工程,D624,泰山科技学院,31,267721
2023,1,12,智能车辆工程,D624,泰山科技学院,33,270452
2023,1,13,土木工程,D624,泰山科技学院,63,274257
2023,1,14,工程管理,D624,泰山科技学院,29,273043
2023,1,15,智能建造,D624,泰山科技学院,29,272319
2023,1,16,通信工程,D624,泰山科技学院,29,265475
2023,1,17,电子信息工程,D624,泰山科技学院,33,264652
2023,1,18,物联网工程,D624,泰山科技学院,31,264630
2023,1,19,电信工程及管理,D624,泰山科技学院,35,264927
2023,1,20,人工智能,D624,泰山科技学院,29,266149
2023,1,21,电子商务,D624,泰山科技学院,29,254251
2023,1,22,会计学,D624,泰山科技学院,38,228365
2023,1,23,金融学,D624,泰山科技学院,28,245790
2023,1,24,工商管理,D624,泰山科技学院,29,249575
2023,1,25,人力资源管理,D624,泰山科技学院,24,247809
2023,1,26,财务管理,D624,泰山科技学院,9,233451
2023,1,27,市场营销,D624,泰山科技学院,35,258232
2023,1,29,行政管理,D624,泰山科技学院,29,242178
2023,1,30,法学,D624,泰山科技学院,54,223422
2023,1,31,秘书学,D624,泰山科技学院,35,249774
2023,1,32,电子商务及法律,D624,泰山科技学院,28,251715
2023,1,33,网络与新媒体,D624,泰山科技学院,28,251079
2023,1,01,计算机科学与技术,D626,昆明理工大学津桥学院,3,235931
2023,1,09,建筑学,D626,昆明理工大学津桥学院,2,229740
2023,1,0B,土木工程,D626,昆明理工大学津桥学院,5,247958
2023,1,0F,工程管理,D626,昆明理工大学津桥学院,5,247720
2023,1,0Q,会计学,D626,昆明理工大学津桥学院,4,233634
2023,1,0V,英语,D626,昆明理工大学津桥学院,6,243345
2023,1,0Z,法学,D626,昆明理工大学津桥学院,5,214206
2023,1,B0,法学,D628,新疆政法学院,38,176010
2023,1,C0,汉语言文学,D628,新疆政法学院,14,187297
2023,1,D0,工商管理,D628,新疆政法学院,4,210701
2023,1,E0,公共事业管理,D628,新疆政法学院,5,211625
2023,1,F0,国际经济与贸易,D628,新疆政法学院,10,214195
2023,1,G0,计算机科学与技术,D628,新疆政法学院,20,217543
2023,1,H0,英语,D628,新疆政法学院,9,208879
2023,1,J0,监狱学,D628,新疆政法学院,16,187856
2023,1,K0,社区矫正,D628,新疆政法学院,12,202181
2023,1,L0,财务管理,D628,新疆政法学院,11,205814
2023,1,M0,学前教育,D628,新疆政法学院,6,208215
2023,1,N0,司法警察学,D628,新疆政法学院,8,185220
2023,1,P0,网络空间安全,D628,新疆政法学院,8,218782
2023,1,Q0,经济学,D628,新疆政法学院,7,211915
2023,1,R0,历史学,D628,新疆政法学院,7,202123
2023,1,S0,政治学与行政学,D628,新疆政法学院,11,203629
2023,1,01,计算机科学与技术,D631,大连东软信息学院,5,222670
2023,1,13,电子信息工程,D631,大连东软信息学院,5,234711
2023,1,22,文化产业管理,D632,上海视觉艺术学院,5,161890
2023,1,0B,金融学类,D634,武汉学院,4,224216
2023,1,0C,财政学类,D634,武汉学院,7,214047
2023,1,0D,国际经济与贸易,D634,武汉学院,4,226162
2023,1,0F,会计学,D634,武汉学院,4,202261
2023,1,15,法学,D634,武汉学院,6,180408
2023,1,04,市场营销,D635,长沙理工大学城南学院,2,217070
2023,1,05,会计学,D635,长沙理工大学城南学院,2,201699
2023,1,12,电气工程及其自动化,D635,长沙理工大学城南学院,4,218779
2023,1,16,计算机科学与技术,D635,长沙理工大学城南学院,2,206636
2023,1,17,土木工程,D635,长沙理工大学城南学院,2,224030
2023,1,10,英语,D636,上海外国语大学贤达经济人文学院,2,221752
2023,1,11,日语,D636,上海外国语大学贤达经济人文学院,2,221679
2023,1,18,翻译,D636,上海外国语大学贤达经济人文学院,2,247056
2023,1,20,国际经济与贸易,D636,上海外国语大学贤达经济人文学院,2,182841
2023,1,23,金融学,D636,上海外国语大学贤达经济人文学院,2,209486
2023,1,41,学前教育(双语班),D636,上海外国语大学贤达经济人文学院,2,241812
2023,1,55,会计学(全英语教学班),D636,上海外国语大学贤达经济人文学院,2,210071
2023,1,60,大数据管理与应用,D636,上海外国语大学贤达经济人文学院,2,247582
2023,1,72,金融学,D637,温州商学院,1,224971
2023,1,73,金融科技,D637,温州商学院,1,239648
2023,1,76,工商管理类,D637,温州商学院,1,234924
2023,1,77,会计学,D637,温州商学院,1,209544
2023,1,79,外国语言文学类,D637,温州商学院,1,216781
2023,1,80,新闻传播学类,D637,温州商学院,1,197432
2023,1,06,汉语言文学(师范类),D641,桂林学院,2,196874
2023,1,08,英语(师范类),D641,桂林学院,2,211967
2023,1,12,新闻传播学类,D641,桂林学院,2,225811
2023,1,13,数字媒体技术,D641,桂林学院,3,245499
2023,1,14,金融学类,D641,桂林学院,4,229418
2023,1,16,国际经济与贸易,D641,桂林学院,3,236573
2023,1,17,法学,D641,桂林学院,2,191811
2023,1,18,旅游管理类,D641,桂林学院,3,233236
2023,1,19,工商管理类,D641,桂林学院,3,228156
2023,1,20,会计学,D641,桂林学院,3,224072
2023,1,26,工程造价,D641,桂林学院,4,248936
2023,1,27,城乡规划,D641,桂林学院,3,250002
2023,1,31,健康服务与管理,D641,桂林学院,3,227087
2023,1,32,数学与应用数学(师范类),D641,桂林学院,3,225873
2023,1,33,计算机科学与技术,D641,桂林学院,4,235203
2023,1,34,软件工程,D641,桂林学院,3,242498
2023,1,35,数据科学与大数据技术,D641,桂林学院,4,242742
2023,1,36,电子信息工程,D641,桂林学院,4,242750
2023,1,37,物联网工程,D641,桂林学院,4,242791
2023,1,38,智能测控工程,D641,桂林学院,3,248081
2023,1,39,医学信息工程,D641,桂林学院,3,242977
2023,1,02,中医学,D643,广西中医药大学赛恩斯新医药学院,6,138912
2023,1,03,针灸推拿学,D643,广西中医药大学赛恩斯新医药学院,6,151003
2023,1,08,医学检验技术,D643,广西中医药大学赛恩斯新医药学院,4,205155
2023,1,0C,护理学,D643,广西中医药大学赛恩斯新医药学院,4,197423
2023,1,05,工程造价,D650,贵阳信息科技学院,2,240277
2023,1,07,工商管理,D650,贵阳信息科技学院,3,236824
2023,1,09,会计学,D650,贵阳信息科技学院,3,221677
2023,1,0D,人力资源管理,D650,贵阳信息科技学院,3,235956
2023,1,0F,电子信息工程,D650,贵阳信息科技学院,3,235118
2023,1,0W,土木工程,D650,贵阳信息科技学院,3,247325
2023,1,01,临床医学,D653,遵义医科大学医学与科技学院,8,176574
2023,1,02,麻醉学,D653,遵义医科大学医学与科技学院,7,189344
2023,1,03,会计学,D654,南京理工大学紫金学院,1,146567
2023,1,04,人力资源管理,D654,南京理工大学紫金学院,1,192521
2023,1,0A,电气工程及其自动化,D654,南京理工大学紫金学院,2,198966
2023,1,0D,光电信息科学与工程,D654,南京理工大学紫金学院,1,182265
2023,1,0F,通信工程,D654,南京理工大学紫金学院,1,24283
2023,1,0P,工业工程,D654,南京理工大学紫金学院,2,212361
2023,1,01,英语,D658,天津外国语大学滨海外事学院,1,213855
2023,1,03,德语,D658,天津外国语大学滨海外事学院,1,224489
2023,1,06,日语,D658,天津外国语大学滨海外事学院,1,204572
2023,1,12,国际经济与贸易,D658,天津外国语大学滨海外事学院,1,211121
2023,1,18,护理学,D658,天津外国语大学滨海外事学院,2,203213
2023,1,20,行政管理,D658,天津外国语大学滨海外事学院,1,195789
2023,1,22,酒店管理,D658,天津外国语大学滨海外事学院,1,221360
2023,1,01,英语,D660,天津商业大学宝德学院,2,221665
2023,1,03,日语,D660,天津商业大学宝德学院,2,221888
2023,1,06,工商管理类,D660,天津商业大学宝德学院,4,210588
2023,1,01,临床医学,D661,天津医科大学临床医学院,4,108709
2023,1,05,口腔医学,D661,天津医科大学临床医学院,4,81615
2023,1,08,护理学,D661,天津医科大学临床医学院,9,184986
2023,1,17,俄语,D662,长春人文学院,2,234472
2023,1,01,土木工程,D664,武汉工程科技学院,2,260474
2023,1,02,工程造价,D664,武汉工程科技学院,2,249977
2023,1,07,软件工程,D664,武汉工程科技学院,2,232624
2023,1,08,数据科学与大数据技术,D664,武汉工程科技学院,2,242690
2023,1,12,会计学,D664,武汉工程科技学院,2,228372
2023,1,13,财务管理,D664,武汉工程科技学院,2,229400
2023,1,0R,计算机科学与技术,D665,电子科技大学成都学院,15,211000
2023,1,0S,软件工程,D665,电子科技大学成都学院,12,211155
2023,1,13,财务管理,D665,电子科技大学成都学院,4,214052
2023,1,15,审计学,D665,电子科技大学成都学院,5,208415
2023,1,12,英语(英语教育方向),D666,武汉华夏理工学院,4,246944
2023,1,24,机械类,D666,武汉华夏理工学院,7,247900
2023,1,01,核工程与核技术,D668,成都理工大学工程技术学院,4,223383
2023,1,12,智能建造,D668,成都理工大学工程技术学院,4,234717
2023,1,16,电气工程及其自动化,D668,成都理工大学工程技术学院,4,221310
2023,1,21,计算机科学与技术,D668,成都理工大学工程技术学院,4,222397
2023,1,29,会计学,D668,成都理工大学工程技术学院,4,217360
2023,1,35,网络与新媒体,D668,成都理工大学工程技术学院,4,226506
2023,1,LJ,网络工程,D669,四川传媒学院,10,235122
2023,1,W1,网络与新媒体,D669,四川传媒学院,10,225722
2023,1,W9,秘书学,D669,四川传媒学院,10,233404
2023,1,WB,国际经济与贸易,D669,四川传媒学院,10,239136
2023,1,WC,市场营销,D669,四川传媒学院,10,240770
2023,1,WD,电子商务,D669,四川传媒学院,10,238816
2023,1,01,酒店管理,D670,成都银杏酒店管理学院,11,250082
2023,1,03,烹饪与营养教育,D670,成都银杏酒店管理学院,11,257037
2023,1,A1,旅游管理类,D670,成都银杏酒店管理学院,11,245009
2023,1,A2,工商管理类,D670,成都银杏酒店管理学院,11,233670
2023,1,A3,外国语言文学类,D670,成都银杏酒店管理学院,11,248698
2023,1,23,思想政治教育(师范类),D671,成都文理学院,8,211923
2023,1,24,科学教育(师范类),D671,成都文理学院,5,221977
2023,1,27,小学教育(师范类),D671,成都文理学院,10,215796
2023,1,37,计算机科学与技术,D671,成都文理学院,5,227598
2023,1,39,物联网工程,D671,成都文理学院,5,234601
2023,1,44,大数据管理与应用,D671,成都文理学院,8,239893
2023,1,49,财务会计教育,D671,成都文理学院,5,226481
2023,1,01,国际经济与贸易,D673,四川外国语大学成都学院,2,218465
2023,1,02,学前教育,D673,四川外国语大学成都学院,2,211149
2023,1,05,汉语言文学,D673,四川外国语大学成都学院,6,199737
2023,1,06,汉语国际教育,D673,四川外国语大学成都学院,3,213410
2023,1,07,英语,D673,四川外国语大学成都学院,2,145492
2023,1,08,俄语,D673,四川外国语大学成都学院,2,223072
2023,1,09,德语,D673,四川外国语大学成都学院,2,240924
2023,1,0A,法语,D673,四川外国语大学成都学院,2,239822
2023,1,0B,西班牙语,D673,四川外国语大学成都学院,2,236192
2023,1,0C,阿拉伯语,D673,四川外国语大学成都学院,1,253531
2023,1,0D,日语,D673,四川外国语大学成都学院,2,197104
2023,1,0E,朝鲜语,D673,四川外国语大学成都学院,1,231797
2023,1,0F,马来语,D673,四川外国语大学成都学院,1,225942
2023,1,0G,泰语,D673,四川外国语大学成都学院,2,248883
2023,1,0H,越南语,D673,四川外国语大学成都学院,1,248153
2023,1,0J,波兰语,D673,四川外国语大学成都学院,1,239328
2023,1,0K,捷克语,D673,四川外国语大学成都学院,1,224339
2023,1,0L,葡萄牙语,D673,四川外国语大学成都学院,1,224482
2023,1,0M,匈牙利语,D673,四川外国语大学成都学院,1,257187
2023,1,0N,意大利语,D673,四川外国语大学成都学院,1,239317
2023,1,0P,翻译,D673,四川外国语大学成都学院,3,229332
2023,1,0Q,商务英语,D673,四川外国语大学成都学院,4,224438
2023,1,0S,网络与新媒体,D673,四川外国语大学成都学院,4,222624
2023,1,0T,国际新闻与传播,D673,四川外国语大学成都学院,1,224040
2023,1,0U,财务管理,D673,四川外国语大学成都学院,4,216760
2023,1,0W,物流管理,D673,四川外国语大学成都学院,2,219100
2023,1,0Y,跨境电子商务,D673,四川外国语大学成都学院,3,223238
2023,1,0Z,会展经济与管理,D673,四川外国语大学成都学院,1,225245
2023,1,05,集成电路设计与集成系统,D675,北京理工大学珠海学院,3,225311
2023,1,08,人工智能,D675,北京理工大学珠海学院,2,203412
2023,1,23,应用统计学,D675,北京理工大学珠海学院,3,219364
2023,1,34,工商管理类,D675,北京理工大学珠海学院,2,191916
2023,1,48,会计学(国际班),D675,北京理工大学珠海学院,2,226595
2023,1,49,金融数学(国际班),D675,北京理工大学珠海学院,1,218666
2023,1,50,应用统计学(国际班),D675,北京理工大学珠海学院,1,231113
2023,1,51,计算机科学与技术(国际班),D675,北京理工大学珠海学院,2,227529
2023,1,52,财务管理(国际班),D675,北京理工大学珠海学院,1,225795
2023,1,53,国际商务(国际班),D675,北京理工大学珠海学院,1,225188
2023,1,47,会计学(中外合作办学),D675,北京理工大学珠海学院,2,219099
2023,1,13,机械设计制造及其自动化,D677,西安交通大学城市学院,5,225214
2023,1,18,电气工程及其自动化,D677,西安交通大学城市学院,5,227811
2023,1,22,计算机科学与技术,D677,西安交通大学城市学院,5,227430
2023,1,31,会计学,D677,西安交通大学城市学院,4,217518
2023,1,0G,财务管理,D678,西北大学现代学院,2,226334
2023,1,10,建筑学,D679,西安建筑科技大学华清学院,2,240926
2023,1,13,土木工程,D679,西安建筑科技大学华清学院,2,236056
2023,1,14,给排水科学与工程,D679,西安建筑科技大学华清学院,2,232750
2023,1,15,建筑环境与能源应用工程,D679,西安建筑科技大学华清学院,3,237542
2023,1,17,工程管理,D679,西安建筑科技大学华清学院,2,234621
2023,1,19,自动化,D679,西安建筑科技大学华清学院,4,232021
2023,1,21,机械类,D679,西安建筑科技大学华清学院,2,232878
2023,1,23,计算机科学与技术,D679,西安建筑科技大学华清学院,2,228073
2023,1,28,会计学,D679,西安建筑科技大学华清学院,3,221031
2023,1,29,经济学,D679,西安建筑科技大学华清学院,2,226373
2023,1,30,汉语言文学,D679,西安建筑科技大学华清学院,2,207049
2023,1,11,会计学,D681,陕西科技大学镐京学院,2,228823
2023,1,12,财务管理,D681,陕西科技大学镐京学院,2,229276
2023,1,15,税收学,D681,陕西科技大学镐京学院,2,233118
2023,1,31,计算机科学与技术,D681,陕西科技大学镐京学院,2,234191
2023,1,41,电气工程及其自动化,D681,陕西科技大学镐京学院,2,230838
2023,1,02,软件工程,D682,西安工商学院,3,245450
2023,1,09,会计学,D682,西安工商学院,3,229309
2023,1,10,金融科技,D682,西安工商学院,2,233926
2023,1,12,大数据管理与应用,D682,西安工商学院,2,252312
2023,1,16,网络与新媒体,D682,西安工商学院,3,237715
2023,1,17,数字媒体技术,D682,西安工商学院,2,249762
2023,1,17,工商管理,D684,珠海科技学院,3,233935
2023,1,18,市场营销,D684,珠海科技学院,3,238717
2023,1,20,会计学,D684,珠海科技学院,3,212674
2023,1,23,金融学,D684,珠海科技学院,2,221687
2023,1,33,日语,D684,珠海科技学院,3,239186
2023,1,44,通信工程,D684,珠海科技学院,3,225936
2023,1,45,计算机科学与技术,D684,珠海科技学院,2,193607
2023,1,63,飞行器设计与工程,D684,珠海科技学院,2,230404
2023,1,01,汉语言文学,D686,武汉传媒学院,2,208332
2023,1,06,网络与新媒体,D686,武汉传媒学院,2,201783
2023,1,08,广播电视工程,D686,武汉传媒学院,3,254230
2023,1,11,文化产业管理,D686,武汉传媒学院,3,229177
2023,1,A1,新闻传播学类,D687,南京传媒学院,2,106119
2023,1,A2,国际新闻与传播,D687,南京传媒学院,1,148063
2023,1,A3,时尚传播,D687,南京传媒学院,2,169365
2023,1,04,财务管理,D691,山西工商学院,8,219376
2023,1,11,工商管理,D691,山西工商学院,10,226932
2023,1,20,软件工程,D691,山西工商学院,4,222322
2023,1,30,学前教育,D691,山西工商学院,8,226198
2023,1,01,临床医学,D705,成都医学院,10,42219
2023,1,02,临床医学,D706,吉林医药学院,8,94827
2023,1,03,医学影像学,D706,吉林医药学院,2,92117
2023,1,04,预防医学,D706,吉林医药学院,2,134469
2023,1,06,药学,D706,吉林医药学院,2,154888
2023,1,07,药物制剂,D706,吉林医药学院,2,178687
2023,1,08,中药学,D706,吉林医药学院,2,163012
2023,1,09,医学检验技术,D706,吉林医药学院,2,128960
2023,1,10,医学影像技术,D706,吉林医药学院,2,118161
2023,1,11,康复治疗学,D706,吉林医药学院,2,138281
2023,1,12,口腔医学技术,D706,吉林医药学院,2,138389
2023,1,14,护理学,D706,吉林医药学院,4,165757
2023,1,15,生物技术,D706,吉林医药学院,2,160585
2023,1,16,应用心理学,D706,吉林医药学院,2,159213
2023,1,18,生物医学工程,D706,吉林医药学院,2,156098
2023,1,19,食品质量与安全,D706,吉林医药学院,2,183018
2023,1,20,生物制药,D706,吉林医药学院,2,169541
2023,1,22,信息管理与信息系统,D706,吉林医药学院,2,187173
2023,1,23,市场营销,D706,吉林医药学院,2,207993
2023,1,24,公共事业管理,D706,吉林医药学院,2,192182
2023,1,21,生物制药(中外合作办学),D706,吉林医药学院,4,241263
2023,1,53,学前教育,D714,广州工商学院,3,259630
2023,1,54,工商管理,D714,广州工商学院,5,241868
2023,1,56,会计学,D714,广州工商学院,3,234411
2023,1,81,数据科学与大数据技术(中外合作办学),D714,广州工商学院,8,267678
2023,1,82,软件工程(中外合作办学),D714,广州工商学院,8,268769
2023,1,83,通信工程(中外合作办学),D714,广州工商学院,8,270863
2023,1,01,金融工程,D720,广东理工学院,4,255356
2023,1,03,国际经济与贸易,D720,广东理工学院,4,253469
2023,1,04,物流管理,D720,广东理工学院,4,254000
2023,1,06,电子商务,D720,广东理工学院,4,260043
2023,1,09,工程管理,D720,广东理工学院,4,273480
2023,1,13,会计学,D720,广东理工学院,4,239357
2023,1,15,商务英语,D720,广东理工学院,4,258735
2023,1,25,人工智能,D720,广东理工学院,5,270332
2023,1,26,机械设计制造及其自动化,D720,广东理工学院,5,250146
2023,1,27,机械电子工程,D720,广东理工学院,5,260830
2023,1,28,机器人工程,D720,广东理工学院,5,262185
2023,1,7M,智能建造工程,D727,新疆天山职业技术大学,7,250900
2023,1,7N,智能制造工程技术,D727,新疆天山职业技术大学,7,240689
2023,1,7P,电梯工程技术,D727,新疆天山职业技术大学,11,255308
2023,1,7Q,无人机系统应用技术,D727,新疆天山职业技术大学,12,249763
2023,1,7R,新能源汽车工程技术,D727,新疆天山职业技术大学,9,244932
2023,1,7S,民航运输服务与管理,D727,新疆天山职业技术大学,8,237732
2023,1,7V,数字媒体技术,D727,新疆天山职业技术大学,12,246595
2023,1,7X,大数据工程技术,D727,新疆天山职业技术大学,9,244936
2023,1,7Z,云计算技术,D727,新疆天山职业技术大学,9,257672
2023,1,80,现代通信工程,D727,新疆天山职业技术大学,10,248355
2023,1,81,财税大数据应用,D727,新疆天山职业技术大学,7,234467
2023,1,83,大数据与会计,D727,新疆天山职业技术大学,9,227898
2023,1,85,国际经济与贸易,D727,新疆天山职业技术大学,10,238921
2023,1,87,电子商务,D727,新疆天山职业技术大学,12,235647
2023,1,89,旅游管理,D727,新疆天山职业技术大学,13,241005
2023,1,8B,全媒体新闻采编与制作,D727,新疆天山职业技术大学,8,241527
2023,1,8D,学前教育,D727,新疆天山职业技术大学,11,232914
2023,1,8F,应用俄语,D727,新疆天山职业技术大学,5,246886
2023,1,04,新能源汽车工程技术,D738,西安汽车职业大学,2,247726
2023,1,08,城市轨道交通信号与控制技术,D738,西安汽车职业大学,2,234704
2023,1,10,城市轨道交通智能运营,D738,西安汽车职业大学,2,242603
2023,1,11,电子信息工程技术,D738,西安汽车职业大学,2,249939
2023,1,12,物联网工程技术,D738,西安汽车职业大学,2,247378
2023,1,13,数字媒体技术,D738,西安汽车职业大学,2,253141
2023,1,14,大数据工程技术,D738,西安汽车职业大学,2,252894
2023,1,15,人工智能工程技术,D738,西安汽车职业大学,2,251003
2023,1,17,大数据与财务管理,D738,西安汽车职业大学,2,238040
2023,1,22,网络与新媒体,D738,西安汽车职业大学,2,240597
2023,1,01,俄语,D744,黑河学院,4,209563
2023,1,04,俄语(师范类),D744,黑河学院,4,206882
2023,1,05,商务英语,D744,黑河学院,4,210945
2023,1,07,英语(师范类),D744,黑河学院,3,183115
2023,1,08,翻译(英语方向),D744,黑河学院,3,201708
2023,1,09,翻译(俄语方向),D744,黑河学院,3,211833
2023,1,27,旅游管理,D744,黑河学院,3,208442
2023,1,29,法学,D744,黑河学院,3,141856
2023,1,31,历史学(师范类),D744,黑河学院,3,171375
2023,1,33,生物技术,D744,黑河学院,3,202059
2023,1,34,数据科学与大数据技术,D744,黑河学院,3,204208
2023,1,35,电子信息科学与技术,D744,黑河学院,3,202820
2023,1,36,光电信息科学与工程,D744,黑河学院,3,209712
2023,1,38,化学(师范类),D744,黑河学院,3,187408
2023,1,40,数学与应用数学(师范类),D744,黑河学院,3,196296
2023,1,41,应用化学,D744,黑河学院,3,208959
2023,1,42,材料科学与工程,D744,黑河学院,3,215637
2023,1,44,学前教育(师范类),D744,黑河学院,3,190100
2023,1,48,小学教育(师范类),D744,黑河学院,4,174957
2023,1,49,汉语言文学,D744,黑河学院,3,162174
2023,1,51,汉语言文学(师范类),D744,黑河学院,3,161916
2023,1,53,汉语国际教育,D744,黑河学院,3,186777
2023,1,54,广播电视学,D744,黑河学院,3,204202
2023,1,64,通信工程,D744,黑河学院,4,207312
2023,1,65,物联网工程,D744,黑河学院,4,209620
2023,1,66,计算机科学与技术,D744,黑河学院,4,204064
2023,1,70,网络工程,D744,黑河学院,4,207769
2023,1,71,国际经济与贸易,D744,黑河学院,4,204218
2023,1,72,会计学,D744,黑河学院,3,184174
2023,1,73,物流管理,D744,黑河学院,3,204529
2023,1,74,跨境电子商务,D744,黑河学院,4,211584
2023,1,02,数字经济,D762,福州外语外贸学院,2,250693
2023,1,07,艺术教育(师范类),D762,福州外语外贸学院,2,247811
2023,1,08,学前教育(师范类),D762,福州外语外贸学院,2,239173
2023,1,09,小学教育(师范类),D762,福州外语外贸学院,2,222429
2023,1,0A,英语,D762,福州外语外贸学院,2,244626
2023,1,0F,网络与新媒体,D762,福州外语外贸学院,2,239133
2023,1,0G,人工智能,D762,福州外语外贸学院,2,275397
2023,1,0H,数据科学与大数据技术,D762,福州外语外贸学院,3,273537
2023,1,0J,土木工程,D762,福州外语外贸学院,2,280835
2023,1,0K,智能建造,D762,福州外语外贸学院,2,282083
2023,1,0P,大数据管理与应用,D762,福州外语外贸学院,2,282293
2023,1,0S,财务管理,D762,福州外语外贸学院,2,226470
2023,1,17,法语,D763,福建江夏学院,5,214328
2023,1,18,商务英语,D763,福建江夏学院,5,187375
2023,1,1E,金融学,D763,福建江夏学院,7,215371
2023,1,1F,国际经济与贸易,D763,福建江夏学院,3,199837
2023,1,09,机器人工程,D766,泉州信息工程学院,3,253621
2023,1,12,物联网工程,D766,泉州信息工程学院,3,260513
2023,1,15,土木工程,D766,泉州信息工程学院,3,262882
2023,1,17,工程造价,D766,泉州信息工程学院,3,249872
2023,1,29,软件工程(中外合作办学),D766,泉州信息工程学院,12,271800
2023,1,01,物联网工程,D773,福州理工学院,5,250287
2023,1,06,计算机科学与技术,D773,福州理工学院,5,247981
2023,1,09,土木工程,D773,福州理工学院,5,262710
2023,1,0A,工程造价,D773,福州理工学院,5,259940
2023,1,0Q,物流管理,D773,福州理工学院,5,253202
2023,1,0R,电子商务,D773,福州理工学院,5,249267
2023,1,0S,财务管理,D773,福州理工学院,5,243266
2023,1,41,学前教育(师范类),D806,长沙师范学院,2,142386
2023,1,07,教育技术学(师范类),D811,琼台师范学院,2,175896
2023,1,08,特殊教育(师范类),D811,琼台师范学院,2,186531
2023,1,13,数学与应用数学(师范类),D811,琼台师范学院,2,163288
2023,1,14,英语(师范类),D811,琼台师范学院,3,174329
2023,1,15,汉语言文学(师范类),D811,琼台师范学院,2,138175
2023,1,18,学前教育(师范类),D811,琼台师范学院,1,180530
2023,1,01,机械类,D816,四川工业科技学院,4,237145
2023,1,07,电子信息类,D816,四川工业科技学院,8,237328
2023,1,10,计算机类,D816,四川工业科技学院,8,233862
2023,1,15,土木类,D816,四川工业科技学院,5,242850
2023,1,18,工程造价,D816,四川工业科技学院,5,243771
2023,1,20,物流管理,D816,四川工业科技学院,5,238484
2023,1,22,旅游管理类,D816,四川工业科技学院,5,232004
2023,1,26,财务管理,D816,四川工业科技学院,5,224246
2023,1,28,学前教育,D816,四川工业科技学院,5,228813
2023,1,29,小学教育,D816,四川工业科技学院,5,224660
2023,1,30,护理学,D816,四川工业科技学院,5,214992
2023,1,02,化学工程与工艺,D820,银川能源学院,3,240510
2023,1,08,电气工程及其自动化,D820,银川能源学院,3,242353
2023,1,0A,机械设计制造及其自动化,D820,银川能源学院,4,257285
2023,1,0J,信息管理与信息系统,D820,银川能源学院,3,260918
2023,1,01,英语,D830,广西外国语学院,3,238701
2023,1,02,法语,D830,广西外国语学院,1,251062
2023,1,03,西班牙语,D830,广西外国语学院,2,263826
2023,1,07,泰语,D830,广西外国语学院,1,244283
2023,1,08,越南语,D830,广西外国语学院,1,261831
2023,1,09,柬埔寨语,D830,广西外国语学院,1,263521
2023,1,0A,印度尼西亚语,D830,广西外国语学院,1,261348
2023,1,0D,汉语国际教育,D830,广西外国语学院,1,235414
2023,1,0E,汉语言文学,D830,广西外国语学院,1,224817
2023,1,0H,国际经济与贸易,D830,广西外国语学院,1,243994
2023,1,0J,金融工程,D830,广西外国语学院,1,238728
2023,1,0K,经济与金融,D830,广西外国语学院,1,243204
2023,1,0L,跨境电子商务,D830,广西外国语学院,1,248232
2023,1,0P,市场营销,D830,广西外国语学院,1,252029
2023,1,0R,公共事业管理,D830,广西外国语学院,1,244644
2023,1,0T,财务管理,D830,广西外国语学院,1,235794
2023,1,0W,软件工程,D830,广西外国语学院,1,238494
2023,1,0Z,人工智能,D830,广西外国语学院,1,238269
2023,1,10,学前教育,D830,广西外国语学院,2,246378
2023,1,04,机器人工程,D842,南京理工大学泰州科技学院,7,222685
2023,1,15,化学工程与工艺,D842,南京理工大学泰州科技学院,5,220019
2023,1,16,制药工程,D842,南京理工大学泰州科技学院,5,217531
2023,1,17,环境工程,D842,南京理工大学泰州科技学院,5,221028
2023,1,01,国际经济与贸易,D843,南京师范大学泰州学院,12,221861
2023,1,02,工商管理,D843,南京师范大学泰州学院,10,219507
2023,1,03,财务管理,D843,南京师范大学泰州学院,12,205321
2023,1,05,法学,D843,南京师范大学泰州学院,10,178345
2023,1,06,行政管理,D843,南京师范大学泰州学院,10,216600
2023,1,07,学前教育(师范类),D843,南京师范大学泰州学院,9,206883
2023,1,08,小学教育(师范类),D843,南京师范大学泰州学院,8,193900
2023,1,09,汉语言文学(师范类),D843,南京师范大学泰州学院,8,179256
2023,1,10,汉语言文学,D843,南京师范大学泰州学院,10,189033
2023,1,12,英语(师范类),D843,南京师范大学泰州学院,6,198989
2023,1,13,英语,D843,南京师范大学泰州学院,10,219301
2023,1,23,制药工程,D843,南京师范大学泰州学院,10,215101
2023,1,07,机器人工程,D844,东莞城市学院,3,263793
2023,1,08,计算机科学与技术,D844,东莞城市学院,2,253521
2023,1,0B,数据科学与大数据技术,D844,东莞城市学院,3,272527
2023,1,0P,法学,D844,东莞城市学院,2,221717
2023,1,0S,汉语言文学,D844,东莞城市学院,2,238980
2023,1,0T,英语,D844,东莞城市学院,3,254584
2023,1,01,商务英语,D857,山东华宇工学院,45,244225
2023,1,02,机械设计制造及其自动化,D857,山东华宇工学院,45,246013
2023,1,03,材料成型及控制工程,D857,山东华宇工学院,45,263448
2023,1,04,机械电子工程,D857,山东华宇工学院,45,255780
2023,1,05,车辆工程,D857,山东华宇工学院,45,260292
2023,1,06,汽车服务工程,D857,山东华宇工学院,45,265273
2023,1,07,智能制造工程,D857,山东华宇工学院,45,255390
2023,1,08,测控技术与仪器,D857,山东华宇工学院,45,262188
2023,1,09,能源与动力工程,D857,山东华宇工学院,120,242246
2023,1,10,新能源科学与工程,D857,山东华宇工学院,95,257467
2023,1,11,电气工程及其自动化,D857,山东华宇工学院,45,240591
2023,1,12,电子信息工程,D857,山东华宇工学院,90,250627
2023,1,13,自动化,D857,山东华宇工学院,45,250431
2023,1,14,机器人工程,D857,山东华宇工学院,45,256435
2023,1,15,软件工程,D857,山东华宇工学院,135,244112
2023,1,16,网络工程,D857,山东华宇工学院,45,250469
2023,1,17,物联网工程,D857,山东华宇工学院,90,252634
2023,1,18,数字媒体技术,D857,山东华宇工学院,100,250057
2023,1,19,建筑环境与能源应用工程,D857,山东华宇工学院,95,270076
2023,1,20,道路桥梁与渡河工程,D857,山东华宇工学院,90,270083
2023,1,21,信息管理与信息系统,D857,山东华宇工学院,90,260040
2023,1,22,工程管理,D857,山东华宇工学院,90,267963
2023,1,23,房地产开发与管理,D857,山东华宇工学院,90,273140
2023,1,24,工程造价,D857,山东华宇工学院,45,256181
2023,1,25,财务管理,D857,山东华宇工学院,50,227916
2023,1,26,物流工程,D857,山东华宇工学院,55,242972
2023,1,27,工业工程,D857,山东华宇工学院,95,245442
2023,1,39,数字经济,D857,山东华宇工学院,75,243694
2023,1,40,新能源汽车工程,D857,山东华宇工学院,45,257770
2023,1,41,电气工程与智能控制,D857,山东华宇工学院,45,250388
2023,1,42,数据科学与大数据技术,D857,山东华宇工学院,90,252406
2023,1,43,智能建造,D857,山东华宇工学院,50,262831
2023,1,0A,建筑装饰工程,D874,山东外事职业大学,45,272427
2023,1,0B,工程造价,D874,山东外事职业大学,90,272413
2023,1,0C,计算机应用工程,D874,山东外事职业大学,45,260005
2023,1,0D,软件工程技术,D874,山东外事职业大学,45,261182
2023,1,0E,大数据工程技术,D874,山东外事职业大学,45,262867
2023,1,0F,金融管理,D874,山东外事职业大学,45,252595
2023,1,0G,大数据与会计,D874,山东外事职业大学,45,242531
2023,1,0H,国际经济与贸易,D874,山东外事职业大学,45,257873
2023,1,0J,市场营销,D874,山东外事职业大学,45,258619
2023,1,0K,电子商务,D874,山东外事职业大学,45,258132
2023,1,0L,现代物流管理,D874,山东外事职业大学,45,255025
2023,1,0M,学前教育(师范类),D874,山东外事职业大学,40,240823
2023,1,0N,应用英语,D874,山东外事职业大学,120,261839
2023,1,0P,应用日语,D874,山东外事职业大学,70,264292
2023,1,0Q,应用韩语,D874,山东外事职业大学,70,265528
2023,1,0R,应用外语,D874,山东外事职业大学,70,262048
2023,1,0S,中文国际教育,D874,山东外事职业大学,80,250854
2023,1,0T,外事实务,D874,山东外事职业大学,80,259923
2023,1,0U,应用法语,D874,山东外事职业大学,70,266718
2023,1,1A,建筑装饰工程(校企合作，与鼎利产业发展有限公司合作),D874,山东外事职业大学,90,275660
2023,1,1J,市场营销(校企合作，与中科启智信息有限公司合作),D874,山东外事职业大学,90,263391
2023,1,05,机械设计制造及其自动化,D891,保定理工学院,3,242666
2023,1,06,电气工程及其自动化,D891,保定理工学院,2,235832
2023,1,10,工商管理,D891,保定理工学院,3,236669
2023,1,12,会计学,D891,保定理工学院,3,216829
2023,1,13,财务管理,D891,保定理工学院,3,228882
2023,1,15,电子信息工程,D891,保定理工学院,3,239787
2023,1,20,计算机科学与技术,D891,保定理工学院,3,237380
2023,1,24,小学教育,D891,保定理工学院,3,217835
2023,1,26,数据科学与大数据技术,D891,保定理工学院,2,248967
2023,1,27,土木工程(中外合作办学),D891,保定理工学院,33,275751
2023,1,24,法学(自贸港法律),D892,三亚学院,2,182768
2023,1,S2,金融科技,D892,三亚学院,3,246968
2023,1,S3,投资学,D892,三亚学院,3,261223
2023,1,S4,区块链工程,D892,三亚学院,3,258420
2023,1,S1,国际经济与贸易(中外合作办学),D892,三亚学院,2,245644
2023,1,09,英语(英语教育),D893,上海师范大学天华学院,3,233893
2023,1,28,国际商务(双语教学),D893,上海师范大学天华学院,2,237922
2023,1,11,计算机科学与技术,D894,西安明德理工学院,4,240198
2023,1,12,软件工程,D894,西安明德理工学院,3,246158
2023,1,13,数据科学与大数据技术,D894,西安明德理工学院,3,249850
2023,1,15,通信工程,D894,西安明德理工学院,3,243024
2023,1,17,人工智能,D894,西安明德理工学院,2,242462
2023,1,18,机械设计制造及其自动化,D894,西安明德理工学院,3,242381
2023,1,19,智能制造工程,D894,西安明德理工学院,2,244913
2023,1,20,飞行器制造工程,D894,西安明德理工学院,2,240121
2023,1,21,无人驾驶航空器系统工程,D894,西安明德理工学院,2,253969
2023,1,22,电气工程及其自动化,D894,西安明德理工学院,2,237182
2023,1,23,机器人工程,D894,西安明德理工学院,3,247406
2023,1,24,智能装备与系统,D894,西安明德理工学院,2,245157
2023,1,25,工业设计,D894,西安明德理工学院,4,257732
2023,1,26,英语,D894,西安明德理工学院,3,242522
2023,1,27,翻译,D894,西安明德理工学院,2,250046
2023,1,28,德语,D894,西安明德理工学院,2,249972
2023,1,29,日语,D894,西安明德理工学院,2,244239
2023,1,31,金融学,D894,西安明德理工学院,4,245283
2023,1,32,国际经济与贸易,D894,西安明德理工学院,2,240583
2023,1,33,金融科技,D894,西安明德理工学院,2,246780
2023,1,34,市场营销,D894,西安明德理工学院,3,245329
2023,1,35,财务管理,D894,西安明德理工学院,2,232179
2023,1,36,会计学,D894,西安明德理工学院,4,241150
2023,1,01,自动化,D897,天津理工大学中环信息学院,1,224691
2023,1,02,电气工程及其自动化,D897,天津理工大学中环信息学院,2,128060
2023,1,04,电气工程与智能控制,D897,天津理工大学中环信息学院,1,220163
2023,1,05,智能电网信息工程,D897,天津理工大学中环信息学院,1,220475
2023,1,06,机械设计制造及其自动化,D897,天津理工大学中环信息学院,2,223375
2023,1,07,机械电子工程,D897,天津理工大学中环信息学院,1,223316
2023,1,08,机器人工程,D897,天津理工大学中环信息学院,1,224878
2023,1,09,电子信息科学与技术,D897,天津理工大学中环信息学院,1,218313
2023,1,0A,电子信息工程,D897,天津理工大学中环信息学院,1,219917
2023,1,0B,通信工程,D897,天津理工大学中环信息学院,1,220791
2023,1,0C,物联网工程,D897,天津理工大学中环信息学院,1,187260
2023,1,0D,人工智能,D897,天津理工大学中环信息学院,1,217591
2023,1,0E,计算机科学与技术,D897,天津理工大学中环信息学院,1,213206
2023,1,0F,软件工程,D897,天津理工大学中环信息学院,1,102008
2023,1,0G,数字媒体技术,D897,天津理工大学中环信息学院,1,89539
2023,1,0H,数据科学与大数据技术,D897,天津理工大学中环信息学院,1,100261
2023,1,0J,工程管理,D897,天津理工大学中环信息学院,1,220780
2023,1,0K,财务管理,D897,天津理工大学中环信息学院,1,205603
2023,1,0L,物流管理,D897,天津理工大学中环信息学院,1,211914
2023,1,0M,人力资源管理,D897,天津理工大学中环信息学院,1,215157
2023,1,01,土木工程,D898,北京科技大学天津学院,2,226433
2023,1,05,材料科学与工程,D898,北京科技大学天津学院,4,221704
2023,1,09,环境工程,D898,北京科技大学天津学院,2,218920
2023,1,0H,智能制造工程,D898,北京科技大学天津学院,3,207295
2023,1,0M,无人驾驶航空器系统工程,D898,北京科技大学天津学院,2,219673
2023,1,0Q,国际经济与贸易,D898,北京科技大学天津学院,2,213002
2023,1,0Z,护理学,D898,北京科技大学天津学院,2,191688
2023,1,11,法学,D898,北京科技大学天津学院,2,141814
2023,1,14,英语,D898,北京科技大学天津学院,2,210640
2023,1,18,朝鲜语,D898,北京科技大学天津学院,2,233772
2023,1,05,中医学,D899,北京中医药大学东方学院,4,124412
2023,1,07,针灸推拿学,D899,北京中医药大学东方学院,4,152224
2023,1,09,中西医临床医学,D899,北京中医药大学东方学院,4,154887
2023,1,11,药学,D899,北京中医药大学东方学院,3,202073
2023,1,13,药事管理,D899,北京中医药大学东方学院,3,221293
2023,1,15,中药学,D899,北京中医药大学东方学院,3,192524
2023,1,17,中药制药,D899,北京中医药大学东方学院,3,209649
2023,1,21,医学检验技术,D899,北京中医药大学东方学院,4,188602
2023,1,23,医学影像技术,D899,北京中医药大学东方学院,4,208802
2023,1,25,眼视光学,D899,北京中医药大学东方学院,4,206829
2023,1,27,康复治疗学,D899,北京中医药大学东方学院,4,213350
2023,1,29,口腔医学技术,D899,北京中医药大学东方学院,4,219774
2023,1,31,护理学,D899,北京中医药大学东方学院,4,187584
2023,1,33,工商管理,D899,北京中医药大学东方学院,3,226311
2023,1,35,市场营销,D899,北京中医药大学东方学院,3,228476
2023,1,37,公共事业管理,D899,北京中医药大学东方学院,3,224327
2023,1,39,健康服务与管理,D899,北京中医药大学东方学院,3,223822
2023,1,01,汉语言文学,D902,广州新华学院,2,193934
2023,1,02,法学,D902,广州新华学院,2,209489
2023,1,03,英语,D902,广州新华学院,2,225847
2023,1,09,物流管理,D902,广州新华学院,2,239050
2023,1,11,会计学,D902,广州新华学院,2,213008
2023,1,13,审计学,D902,广州新华学院,3,229863
2023,1,14,行政管理,D902,广州新华学院,2,231993
2023,1,16,人力资源管理,D902,广州新华学院,2,236658
2023,1,24,金融工程,D902,广州新华学院,2,252962
2023,1,34,护理学,D902,广州新华学院,2,218952
2023,1,38,康复治疗学,D902,广州新华学院,3,217823
2023,1,39,听力与言语康复学,D902,广州新华学院,2,224800
2023,1,42,信息资源管理,D902,广州新华学院,2,236208
2023,1,A1,汉语言文学,D903,成都锦城学院,2,180800
2023,1,A3,新闻学,D903,成都锦城学院,2,214480
2023,1,B8,人工智能,D903,成都锦城学院,4,224586
2023,1,B9,数字媒体技术,D903,成都锦城学院,3,220569
2023,1,C1,建筑学,D903,成都锦城学院,2,220723
2023,1,C2,城乡规划,D903,成都锦城学院,2,229469
2023,1,C3,工程管理,D903,成都锦城学院,2,244006
2023,1,C4,工程造价,D903,成都锦城学院,3,223628
2023,1,C5,土木工程,D903,成都锦城学院,10,237816
2023,1,C6,给排水科学与工程,D903,成都锦城学院,2,232723
2023,1,C8,市场营销,D903,成都锦城学院,4,224602
2023,1,C9,供应链管理,D903,成都锦城学院,4,239362
2023,1,D1,人力资源管理,D903,成都锦城学院,2,228124
2023,1,D2,物流管理,D903,成都锦城学院,4,224435
2023,1,D3,旅游管理,D903,成都锦城学院,4,229681
2023,1,D4,电子商务,D903,成都锦城学院,6,229080
2023,1,D5,审计学,D903,成都锦城学院,4,206941
2023,1,D6,会计学,D903,成都锦城学院,4,201816
2023,1,D7,财务管理,D903,成都锦城学院,4,215663
2023,1,D8,经济统计学,D903,成都锦城学院,4,217388
2023,1,D9,英语,D903,成都锦城学院,2,221369
2023,1,E1,商务英语,D903,成都锦城学院,2,232366
2023,1,E2,日语,D903,成都锦城学院,4,229134
2023,1,E3,法语,D903,成都锦城学院,4,244086
2023,1,E4,电子信息类,D903,成都锦城学院,3,220262
2023,1,E6,物联网工程,D903,成都锦城学院,4,227521
2023,1,E7,智能科学与技术,D903,成都锦城学院,2,215433
2023,1,E8,机械设计制造及其自动化,D903,成都锦城学院,2,229800
2023,1,E9,机械电子工程,D903,成都锦城学院,2,231104
2023,1,F1,机器人工程,D903,成都锦城学院,2,227176
2023,1,F2,智能工程与创意设计,D903,成都锦城学院,2,232673
2023,1,F3,新媒体技术,D903,成都锦城学院,2,228636
2023,1,F4,汽车服务工程,D903,成都锦城学院,2,234794
2023,1,F5,金融学类,D903,成都锦城学院,13,236698
2023,1,F6,国际经济与贸易,D903,成都锦城学院,2,223903
2023,1,F7,国际商务,D903,成都锦城学院,9,238898
2023,1,01,国际经济与贸易,D904,北京工业大学耿丹学院,1,170078
2023,1,02,财务管理,D904,北京工业大学耿丹学院,1,214278
2023,1,04,金融工程,D904,北京工业大学耿丹学院,1,198400
2023,1,12,计算机类,D904,北京工业大学耿丹学院,1,75216
2023,1,03,人力资源管理,D905,南京工业大学浦江学院,2,199629
2023,1,07,慈善管理,D905,南京工业大学浦江学院,2,222531
2023,1,15,计算机科学与技术,D905,南京工业大学浦江学院,2,64875
2023,1,19,建筑学,D905,南京工业大学浦江学院,2,223339
2023,1,21,机械工程,D905,南京工业大学浦江学院,2,217093
2023,1,22,土木工程,D905,南京工业大学浦江学院,3,223549
2023,1,28,建筑环境与能源应用工程,D905,南京工业大学浦江学院,2,219632
2023,1,39,食品科学与工程,D905,南京工业大学浦江学院,2,210245
2023,1,3A,会计学,D906,南京师范大学中北学院,4,194361
2023,1,4A,行政管理,D906,南京师范大学中北学院,2,202126
2023,1,5B,电子信息工程,D906,南京师范大学中北学院,3,216383
2023,1,6C,电气工程及其自动化,D906,南京师范大学中北学院,3,217354
2023,1,10,电气工程及其自动化,D924,湖南交通工程学院,2,253047
2023,1,14,软件工程,D924,湖南交通工程学院,2,241192
2023,1,18,铁道工程,D924,湖南交通工程学院,2,247779
2023,1,27,物流工程,D924,湖南交通工程学院,2,250061
2023,1,01,汉语言文学,D957,辽宁传媒学院,10,230610
2023,1,02,新闻学,D957,辽宁传媒学院,5,241993
2023,1,03,广播电视学,D957,辽宁传媒学院,10,253924
2023,1,04,广告学,D957,辽宁传媒学院,5,251906
2023,1,07,网络与新媒体,D957,辽宁传媒学院,20,250705
2023,1,09,数字媒体技术,D957,辽宁传媒学院,5,252351
2023,1,11,工程造价,D957,辽宁传媒学院,5,268130
2023,1,12,大数据管理与应用,D957,辽宁传媒学院,5,262672
2023,1,13,文化产业管理,D957,辽宁传媒学院,5,252669
2023,1,14,电子商务及法律,D957,辽宁传媒学院,5,246949
2023,1,15,信息资源管理,D957,辽宁传媒学院,5,255143
2023,1,01,临床医学,D980,南京医科大学康达学院,2,113035
2023,1,02,临床医学(全科医学),D980,南京医科大学康达学院,5,146863
2023,1,03,临床医学(急诊医学),D980,南京医科大学康达学院,2,154585
2023,1,04,预防医学,D980,南京医科大学康达学院,4,177105
2023,1,06,药学,D980,南京医科大学康达学院,3,194421
2023,1,09,医学检验技术,D980,南京医科大学康达学院,2,174877
2023,1,10,医学影像技术,D980,南京医科大学康达学院,2,165503
2023,1,11,康复治疗学,D980,南京医科大学康达学院,3,184123
2023,1,12,医学信息工程,D980,南京医科大学康达学院,2,224576
2023,1,13,护理学,D980,南京医科大学康达学院,5,172417
2023,1,15,公共事业管理(卫生事业管理),D980,南京医科大学康达学院,2,208094
2023,1,16,健康服务与管理,D980,南京医科大学康达学院,1,205911
2023,1,17,医疗保险,D980,南京医科大学康达学院,2,218169
2023,1,19,英语,D980,南京医科大学康达学院,5,220687
2023,1,01,物联网工程,D982,无锡学院,2,88903
2023,1,02,计算机科学与技术,D982,无锡学院,3,80803
2023,1,03,数据科学与大数据技术,D982,无锡学院,2,93501
2023,1,06,网络工程,D982,无锡学院,2,95672
2023,1,07,电子信息工程,D982,无锡学院,2,90606
2023,1,08,电子科学与技术,D982,无锡学院,3,107172
2023,1,14,集成电路设计与集成系统,D982,无锡学院,2,98910
2023,1,15,自动化,D982,无锡学院,2,104428
2023,1,16,电气工程及其自动化,D982,无锡学院,2,102413
2023,1,20,轨道交通信号与控制,D982,无锡学院,2,118574
2023,1,25,大气科学,D982,无锡学院,3,87401
2023,1,33,会计学,D982,无锡学院,2,110336
2023,1,10,电子信息工程,D985,苏州科技大学天平学院,2,197845
2023,1,14,市场营销,D985,苏州科技大学天平学院,2,212311
2023,1,16,酒店管理,D985,苏州科技大学天平学院,2,219462
2023,1,21,日语,D985,苏州科技大学天平学院,4,214258
2023,1,02,公共事业管理,D986,江苏大学京江学院,2,214143
2023,1,04,护理学,D986,江苏大学京江学院,1,168404
2023,1,06,能源经济,D986,江苏大学京江学院,1,214192
2023,1,07,人力资源管理,D986,江苏大学京江学院,2,206007
2023,1,08,市场营销,D986,江苏大学京江学院,3,216039
2023,1,11,英语,D986,江苏大学京江学院,3,213915
2023,1,13,材料成型及控制工程,D986,江苏大学京江学院,4,223987
2023,1,14,车辆工程,D986,江苏大学京江学院,1,206967
2023,1,15,电气工程及其自动化,D986,江苏大学京江学院,2,212274
2023,1,18,工业工程,D986,江苏大学京江学院,1,210491
2023,1,20,机械电子工程,D986,江苏大学京江学院,5,222273
2023,1,21,机械设计制造及其自动化,D986,江苏大学京江学院,4,217946
2023,1,22,计算机科学与技术,D986,江苏大学京江学院,4,204481
2023,1,30,软件工程,D986,江苏大学京江学院,4,207908
2023,1,33,通信工程,D986,江苏大学京江学院,2,207186
2023,1,35,土木工程,D986,江苏大学京江学院,2,219123
2023,1,37,医学检验技术,D986,江苏大学京江学院,3,196577
2023,1,53,电子商务,D986,江苏大学京江学院,2,216023
2023,1,59,能源与动力工程,D986,江苏大学京江学院,4,216244
2023,1,08,市场营销,D987,扬州大学广陵学院,3,219298
2023,1,12,国际经济与贸易,D987,扬州大学广陵学院,2,206842
2023,1,13,机械设计制造及其自动化,D987,扬州大学广陵学院,2,215381
2023,1,20,电气工程及其自动化,D987,扬州大学广陵学院,3,217477
2023,1,1E,互联网金融,D988,江苏师范大学科文学院,3,217970
2023,1,1F,金融科技,D988,江苏师范大学科文学院,3,220983
2023,1,1J,汉语言文学,D988,江苏师范大学科文学院,3,129858
2023,1,1M,日语,D988,江苏师范大学科文学院,2,216605
2023,1,1N,商务英语,D988,江苏师范大学科文学院,3,211615
2023,1,60,机器人工程,D988,江苏师范大学科文学院,6,222869
2023,1,02,广告学,D989,南京邮电大学通达学院,2,202082
2023,1,03,金融工程,D989,南京邮电大学通达学院,2,212947
2023,1,04,财务管理,D989,南京邮电大学通达学院,2,186623
2023,1,15,通信工程,D989,南京邮电大学通达学院,4,215022
2023,1,16,计算机科学与技术,D989,南京邮电大学通达学院,3,204800
2023,1,17,软件工程,D989,南京邮电大学通达学院,2,207655
2023,1,19,数字媒体技术,D989,南京邮电大学通达学院,2,195404
2023,1,21,物联网工程,D989,南京邮电大学通达学院,3,213872
2023,1,22,电气工程及其自动化,D989,南京邮电大学通达学院,2,210384
2023,1,03,法学,D990,南京财经大学红山学院,4,166615
2023,1,04,英语,D990,南京财经大学红山学院,4,219412
2023,1,05,市场营销,D990,南京财经大学红山学院,4,221826
2023,1,06,会计学,D990,南京财经大学红山学院,6,193157
2023,1,07,审计学,D990,南京财经大学红山学院,5,195699
2023,1,08,人力资源管理,D990,南京财经大学红山学院,4,216649
2023,1,09,金融学,D990,南京财经大学红山学院,5,211522
2023,1,11,税收学,D990,南京财经大学红山学院,4,211019
2023,1,12,工商管理,D990,南京财经大学红山学院,4,215264
2023,1,13,财务管理,D990,南京财经大学红山学院,4,196083
2023,1,14,电子商务,D990,南京财经大学红山学院,4,218240
2023,1,15,物流管理,D990,南京财经大学红山学院,4,219175
2023,1,01,船舶与海洋工程,D991,江苏科技大学苏州理工学院,3,224889
2023,1,04,机械设计制造及其自动化,D991,江苏科技大学苏州理工学院,2,187908
2023,1,06,能源与动力工程,D991,江苏科技大学苏州理工学院,2,88828
2023,1,08,计算机科学与技术,D991,江苏科技大学苏州理工学院,2,85658
2023,1,0J,财务管理,D991,江苏科技大学苏州理工学院,2,183537
2023,1,01,国际经济与贸易,D992,常州大学怀德学院,2,217875
2023,1,02,会计学,D992,常州大学怀德学院,2,199832
2023,1,03,市场营销,D992,常州大学怀德学院,2,222747
2023,1,0C,机械设计制造及其自动化,D992,常州大学怀德学院,3,222807
2023,1,0G,计算机科学与技术,D992,常州大学怀德学院,3,217498
2023,1,0J,高分子材料与工程,D992,常州大学怀德学院,3,228162
2023,1,16,海洋技术,D993,南通大学杏林学院,20,226697
2023,1,1C,机械工程,D993,南通大学杏林学院,15,231109
2023,1,13,审计学,D994,南京审计大学金审学院,4,179786
2023,1,14,会计学,D994,南京审计大学金审学院,3,167977
2023,1,15,财务管理,D994,南京审计大学金审学院,3,180375
2023,1,16,金融学,D994,南京审计大学金审学院,2,186431
2023,1,17,保险学,D994,南京审计大学金审学院,2,213123
2023,1,20,工商管理,D994,南京审计大学金审学院,2,195587
2023,1,24,计算机科学与技术,D994,南京审计大学金审学院,1,174106
2023,1,25,信息管理与信息系统,D994,南京审计大学金审学院,1,200234
2023,1,26,学前教育(师范类),D994,南京审计大学金审学院,2,204556
2023,1,01,机械设计制造及其自动化,D995,青岛工学院,51,252992
2023,1,02,自动化,D995,青岛工学院,24,252539
2023,1,03,工业设计,D995,青岛工学院,25,262428
2023,1,04,能源与动力工程,D995,青岛工学院,26,243196
2023,1,05,电气工程及其自动化,D995,青岛工学院,51,253221
2023,1,07,计算机科学与技术,D995,青岛工学院,27,237682
2023,1,08,电子信息工程,D995,青岛工学院,14,247329
2023,1,09,通信工程,D995,青岛工学院,21,255099
2023,1,10,软件工程,D995,青岛工学院,6,246184
2023,1,11,数字媒体技术,D995,青岛工学院,16,243813
2023,1,12,物联网工程,D995,青岛工学院,27,255346
2023,1,13,网络工程,D995,青岛工学院,26,255159
2023,1,14,信息安全,D995,青岛工学院,10,250876
2023,1,16,土木工程,D995,青岛工学院,44,267134
2023,1,17,工程管理,D995,青岛工学院,78,267275
2023,1,19,建筑学,D995,青岛工学院,22,245945
2023,1,20,食品科学与工程,D995,青岛工学院,45,243488
2023,1,21,食品营养与检验教育,D995,青岛工学院,23,245756
2023,1,22,食品质量与安全,D995,青岛工学院,13,237749
2023,1,23,化学工程与工业生物工程,D995,青岛工学院,57,246967
2023,1,24,英语,D995,青岛工学院,28,238475
2023,1,25,日语,D995,青岛工学院,12,238127
2023,1,26,德语,D995,青岛工学院,12,252791
2023,1,27,电子商务,D995,青岛工学院,9,240941
2023,1,28,物流管理,D995,青岛工学院,20,242118
2023,1,29,国际商务,D995,青岛工学院,27,248334
2023,1,30,金融工程,D995,青岛工学院,6,231814
2023,1,31,工商管理,D995,青岛工学院,8,238202
2023,1,32,市场营销,D995,青岛工学院,17,247581
2023,1,33,人力资源管理,D995,青岛工学院,7,236426
2023,1,34,审计学,D995,青岛工学院,10,220587
2023,1,35,汉语言文学,D995,青岛工学院,13,216646
2023,1,47,知识产权,D995,青岛工学院,29,228001
2023,1,48,人工智能,D995,青岛工学院,58,261788
2023,1,64,财务管理,D995,青岛工学院,19,230730
2023,1,65,数据科学与大数据技术,D995,青岛工学院,38,254750
2023,1,66,应用心理学,D995,青岛工学院,13,238598
2023,1,68,俄语,D995,青岛工学院,10,246832
2023,1,01,财务管理,D997,青岛农业大学海都学院,30,211956
2023,1,02,大数据管理与应用,D997,青岛农业大学海都学院,12,230239
2023,1,03,电气工程及其自动化,D997,青岛农业大学海都学院,45,223091
2023,1,07,动物医学,D997,青岛农业大学海都学院,43,215060
2023,1,09,国际经济与贸易,D997,青岛农业大学海都学院,12,216052
2023,1,10,机械设计制造及其自动化,D997,青岛农业大学海都学院,45,224819
2023,1,11,集成电路设计与集成系统,D997,青岛农业大学海都学院,11,225755
2023,1,14,食品科学与工程,D997,青岛农业大学海都学院,6,214498
2023,1,15,食品质量与安全,D997,青岛农业大学海都学院,9,214432
2023,1,21,数据科学与大数据技术,D997,青岛农业大学海都学院,17,220182
2023,1,22,土木工程,D997,青岛农业大学海都学院,17,227538
2023,1,23,虚拟现实技术,D997,青岛农业大学海都学院,20,227870
2023,1,24,应用心理学,D997,青岛农业大学海都学院,20,220539
2023,1,25,园林,D997,青岛农业大学海都学院,5,216238
2023,1,26,园艺,D997,青岛农业大学海都学院,9,217571
2023,1,27,智慧农业,D997,青岛农业大学海都学院,15,218967
2023,1,28,智能科学与技术,D997,青岛农业大学海都学院,9,222474
2023,1,29,智能制造工程,D997,青岛农业大学海都学院,36,230481
2023,1,13,计算机科学与技术(校企合作，与济南博赛网络技术有限公司合作),D997,青岛农业大学海都学院,25,223582
2023,1,01,计算机科学与技术,D998,齐鲁理工学院,38,235009
2023,1,02,电子信息工程,D998,齐鲁理工学院,50,250981
2023,1,03,数据科学与大数据技术,D998,齐鲁理工学院,45,249857
2023,1,04,通信工程,D998,齐鲁理工学院,50,254953
2023,1,05,人工智能,D998,齐鲁理工学院,47,255846
2023,1,06,软件工程,D998,齐鲁理工学院,49,246289
2023,1,07,自动化,D998,齐鲁理工学院,47,248295
2023,1,08,智能制造工程,D998,齐鲁理工学院,44,260892
2023,1,09,电气工程及其自动化,D998,齐鲁理工学院,41,240922
2023,1,10,机器人工程,D998,齐鲁理工学院,46,260950
2023,1,11,机械设计制造及其自动化,D998,齐鲁理工学院,44,248955
2023,1,12,生物工程,D998,齐鲁理工学院,45,244728
2023,1,13,生物制药,D998,齐鲁理工学院,50,240552
2023,1,14,生物医学工程,D998,齐鲁理工学院,47,244723
2023,1,15,化学工程与工艺,D998,齐鲁理工学院,37,236923
2023,1,16,制药工程,D998,齐鲁理工学院,44,246134
2023,1,17,护理学,D998,齐鲁理工学院,57,231199
2023,1,18,医学影像技术,D998,齐鲁理工学院,41,230820
2023,1,19,医学检验技术,D998,齐鲁理工学院,47,237300
2023,1,20,中药学,D998,齐鲁理工学院,45,237287
2023,1,21,康复治疗学,D998,齐鲁理工学院,45,235541
2023,1,22,智能影像工程,D998,齐鲁理工学院,45,248070
2023,1,23,土木工程,D998,齐鲁理工学院,39,261066
2023,1,24,智能建造,D998,齐鲁理工学院,46,262362
2023,1,25,测绘工程,D998,齐鲁理工学院,45,247507
2023,1,26,工程造价,D998,齐鲁理工学院,41,261107
2023,1,27,工程管理,D998,齐鲁理工学院,47,270680
2023,1,28,贸易经济,D998,齐鲁理工学院,39,252790
2023,1,29,金融学,D998,齐鲁理工学院,38,245143
2023,1,30,会计学,D998,齐鲁理工学院,47,228947
2023,1,31,跨境电子商务,D998,齐鲁理工学院,50,256120
2023,1,32,投资学,D998,齐鲁理工学院,50,255722
2023,1,33,旅游管理,D998,齐鲁理工学院,40,253484
2023,1,34,工商管理,D998,齐鲁理工学院,40,246730
2023,1,35,新闻学,D998,齐鲁理工学院,47,244153
2023,1,36,新媒体技术,D998,齐鲁理工学院,48,257832
2023,1,38,网络与新媒体,D998,齐鲁理工学院,50,250208
2023,1,39,学前教育(师范类),D998,齐鲁理工学院,7,223585
2023,1,41,汉语言文学,D998,齐鲁理工学院,52,219435
2023,1,42,秘书学,D998,齐鲁理工学院,50,245825
2023,1,43,英语,D998,齐鲁理工学院,45,243167
2023,1,44,日语,D998,齐鲁理工学院,44,257534
2023,1,01,会计学,D999,山东财经大学东方学院,22,197534
2023,1,03,审计学,D999,山东财经大学东方学院,10,198618
2023,1,04,税收学,D999,山东财经大学东方学院,10,211063
2023,1,05,金融学,D999,山东财经大学东方学院,12,215971
2023,1,08,金融科技,D999,山东财经大学东方学院,20,224092
2023,1,10,国际商务,D999,山东财经大学东方学院,10,223933
2023,1,12,商务英语,D999,山东财经大学东方学院,10,219263
2023,1,13,电子商务,D999,山东财经大学东方学院,10,219938
2023,1,14,数据科学与大数据技术,D999,山东财经大学东方学院,10,220734
2023,1,16,工商管理,D999,山东财经大学东方学院,10,213867
2023,1,18,市场营销,D999,山东财经大学东方学院,10,220203
2023,1,19,新闻学,D999,山东财经大学东方学院,10,214375
2023,1,06,金融学(校企合作，与山东中启创优公司合作),D999,山东财经大学东方学院,35,225428
2023,1,02,国际经济与贸易,E000,潍坊理工学院,40,237862
2023,1,03,思想政治教育,E000,潍坊理工学院,100,226601
2023,1,04,学前教育(师范类),E000,潍坊理工学院,47,223769
2023,1,06,汉语言文学,E000,潍坊理工学院,147,219727
2023,1,07,英语,E000,潍坊理工学院,36,229282
2023,1,10,商务英语,E000,潍坊理工学院,60,243878
2023,1,11,新闻学,E000,潍坊理工学院,50,235347
2023,1,14,化学,E000,潍坊理工学院,39,238018
2023,1,15,生物科学,E000,潍坊理工学院,59,232519
2023,1,17,应用心理学,E000,潍坊理工学院,50,234451
2023,1,18,能源与动力工程,E000,潍坊理工学院,80,242379
2023,1,19,新能源科学与工程,E000,潍坊理工学院,40,238297
2023,1,30,电子信息工程,E000,潍坊理工学院,45,234741
2023,1,31,自动化,E000,潍坊理工学院,30,234789
2023,1,33,计算机科学与技术,E000,潍坊理工学院,50,229846
2023,1,34,物联网工程,E000,潍坊理工学院,45,237120
2023,1,36,广播电视编导,E000,潍坊理工学院,50,246474
2023,1,46,风景园林,E000,潍坊理工学院,80,241107
2023,1,48,工商管理,E000,潍坊理工学院,38,234011
2023,1,50,人力资源管理,E000,潍坊理工学院,40,232349
2023,1,51,审计学,E000,潍坊理工学院,60,225711
2023,1,52,跨境电子商务,E000,潍坊理工学院,60,245266
2023,1,56,园艺,E000,潍坊理工学院,40,248519
2023,1,59,无人驾驶航空器系统工程,E000,潍坊理工学院,50,260169
2023,1,01,金融工程(校企合作，与中科启智山东信息有限公司合作),E000,潍坊理工学院,30,246327
2023,1,32,机器人工程(校企合作，与沈阳新松机器人自动化股份有限公司合作),E000,潍坊理工学院,50,250382
2023,1,44,数据科学与大数据技术(校企合作，与北京青苔数据科技有限公司合作),E000,潍坊理工学院,60,247243
2023,1,49,财务管理(校企合作，与山东百练创业服务有限公司合作),E000,潍坊理工学院,60,234551
2023,1,02,金融工程,E001,聊城大学东昌学院,15,214455
2023,1,03,学前教育(师范类),E001,聊城大学东昌学院,12,197349
2023,1,04,汉语言文学,E001,聊城大学东昌学院,10,179711
2023,1,05,汉语国际教育,E001,聊城大学东昌学院,14,206512
2023,1,06,英语,E001,聊城大学东昌学院,14,209152
2023,1,08,网络与新媒体,E001,聊城大学东昌学院,31,213472
2023,1,09,数学与应用数学,E001,聊城大学东昌学院,16,219579
2023,1,11,应用化学,E001,聊城大学东昌学院,26,217817
2023,1,13,机械设计制造及其自动化,E001,聊城大学东昌学院,35,218885
2023,1,14,电气工程及其自动化,E001,聊城大学东昌学院,22,217320
2023,1,15,数据科学与大数据技术,E001,聊城大学东昌学院,22,218309
2023,1,16,食品质量与安全,E001,聊城大学东昌学院,38,216136
2023,1,17,生物工程,E001,聊城大学东昌学院,43,218343
2023,1,19,工程造价,E001,聊城大学东昌学院,34,222695
2023,1,23,计算机科学与技术,E001,聊城大学东昌学院,30,217948
2023,1,25,智能制造工程,E001,聊城大学东昌学院,24,221288
2023,1,21,电子信息工程(校企合作，与青软创新科技集团股份有限公司合作),E001,聊城大学东昌学院,55,223417
2023,1,D1,经济学,E002,烟台科技学院,30,227824
2023,1,D2,金融工程,E002,烟台科技学院,40,243163
2023,1,D3,国际经济与贸易,E002,烟台科技学院,30,231282
2023,1,D4,汉语言文学,E002,烟台科技学院,80,213626
2023,1,D5,英语,E002,烟台科技学院,25,226647
2023,1,D6,商务英语,E002,烟台科技学院,45,248347
2023,1,D7,新闻学,E002,烟台科技学院,35,226314
2023,1,D9,广告学,E002,烟台科技学院,40,231844
2023,1,E2,机械设计制造及其自动化,E002,烟台科技学院,20,228043
2023,1,E3,智能制造工程,E002,烟台科技学院,20,237383
2023,1,E4,电气工程及其自动化,E002,烟台科技学院,30,225061
2023,1,E5,人工智能,E002,烟台科技学院,30,234065
2023,1,E7,机器人工程,E002,烟台科技学院,30,237135
2023,1,E8,计算机科学与技术,E002,烟台科技学院,20,227878
2023,1,E9,软件工程,E002,烟台科技学院,20,221381
2023,1,F1,网络工程,E002,烟台科技学院,30,233684
2023,1,F2,物联网工程,E002,烟台科技学院,30,230763
2023,1,F3,数据科学与大数据技术,E002,烟台科技学院,30,228722
2023,1,F4,市场营销,E002,烟台科技学院,25,233993
2023,1,F5,会计学,E002,烟台科技学院,70,226064
2023,1,F6,财务管理,E002,烟台科技学院,20,218980
2023,1,F9,电子商务,E002,烟台科技学院,40,236709
2023,1,G1,酒店管理,E002,烟台科技学院,50,254925
2023,1,U1,智能制造工程技术,E030,西安信息职业大学,1,236743
2023,1,U2,城市轨道交通信号与控制技术,E030,西安信息职业大学,1,217229
2023,1,U4,电子信息工程技术,E030,西安信息职业大学,1,237122
2023,1,U5,物联网工程技术,E030,西安信息职业大学,1,238335
2023,1,U6,光电信息工程技术,E030,西安信息职业大学,1,240815
2023,1,U7,计算机应用工程,E030,西安信息职业大学,1,242226
2023,1,U8,网络工程技术,E030,西安信息职业大学,1,244782
2023,1,U9,软件工程技术,E030,西安信息职业大学,1,207486
2023,1,UB,大数据工程技术,E030,西安信息职业大学,1,238908
2023,1,UD,信息安全与管理,E030,西安信息职业大学,1,240809
2023,1,UE,人工智能工程技术,E030,西安信息职业大学,1,227111
2023,1,UF,区块链技术,E030,西安信息职业大学,1,242302
2023,1,UH,集成电路工程技术,E030,西安信息职业大学,1,238037
2023,1,UL,工业互联网技术,E030,西安信息职业大学,1,259784
2023,1,UM,通信软件工程,E030,西安信息职业大学,1,240377
2023,1,01,会计学,E037,西南财经大学天府学院,28,222074
2023,1,04,金融学,E037,西南财经大学天府学院,12,228525
2023,1,09,计算机科学与技术,E037,西南财经大学天府学院,9,232796
2023,1,22,工程造价,E037,西南财经大学天府学院,1,222938
2023,1,02,机械设计制造及其自动化,E038,天津仁爱学院,2,228342
2023,1,03,智能制造工程,E038,天津仁爱学院,1,235507
2023,1,05,自动化,E038,天津仁爱学院,1,235305
2023,1,07,通信工程,E038,天津仁爱学院,1,243002
2023,1,08,电气工程及其自动化,E038,天津仁爱学院,2,238493
2023,1,09,物联网工程,E038,天津仁爱学院,1,227242
2023,1,11,物联网工程(智能物联方向),E038,天津仁爱学院,1,238153
2023,1,13,人工智能(智能机器人方向),E038,天津仁爱学院,1,234676
2023,1,15,软件工程,E038,天津仁爱学院,2,238421
2023,1,16,数据科学与大数据技术,E038,天津仁爱学院,1,203540
2023,1,19,计算机科学与技术,E038,天津仁爱学院,2,232231
2023,1,23,数据科学与大数据技术(数据分析应用方向),E038,天津仁爱学院,1,245868
2023,1,26,建筑学,E038,天津仁爱学院,1,246011
2023,1,27,土木工程,E038,天津仁爱学院,2,247333
2023,1,29,给排水科学与工程,E038,天津仁爱学院,1,232401
2023,1,30,水利水电工程,E038,天津仁爱学院,1,224515
2023,1,31,港口航道与海岸工程,E038,天津仁爱学院,1,231515
2023,1,32,物流工程,E038,天津仁爱学院,1,219805
2023,1,34,信息管理与信息系统,E038,天津仁爱学院,1,240623
2023,1,36,工程管理,E038,天津仁爱学院,1,254303
2023,1,37,财务管理,E038,天津仁爱学院,1,200333
2023,1,38,金融工程,E038,天津仁爱学院,1,229196
2023,1,39,化学工程与工艺,E038,天津仁爱学院,1,236159
2023,1,40,制药工程,E038,天津仁爱学院,1,220673
2023,1,41,新能源科学与工程,E038,天津仁爱学院,1,227528
2023,1,46,法学,E038,天津仁爱学院,3,185866
2023,1,47,英语,E038,天津仁爱学院,1,221040
2023,1,48,商务英语,E038,天津仁爱学院,1,236194
2023,1,50,传播学,E038,天津仁爱学院,1,236255
2023,1,01,工商管理,E040,郑州商学院,5,221866
2023,1,03,财务管理,E040,郑州商学院,10,216376
2023,1,04,市场营销,E040,郑州商学院,10,226329
2023,1,05,国际商务,E040,郑州商学院,10,229999
2023,1,08,会计学,E040,郑州商学院,20,214034
2023,1,0E,国际经济与贸易,E040,郑州商学院,10,226656
2023,1,0F,投资学,E040,郑州商学院,10,229061
2023,1,0M,商务英语,E040,郑州商学院,13,228691
2023,1,0Y,计算机科学与技术,E040,郑州商学院,20,232331
2023,1,17,工程造价,E040,郑州商学院,12,238720
2023,1,16,金融工程,E042,西安科技大学高新学院,3,231256
2023,1,25,财务管理,E042,西安科技大学高新学院,2,213572
2023,1,36,网络与新媒体,E042,西安科技大学高新学院,2,226465
2023,1,39,电气工程及其自动化,E042,西安科技大学高新学院,2,221141
2023,1,45,物联网工程,E042,西安科技大学高新学院,2,230336
2023,1,43,计算机科学与技术(中外合作办学),E042,西安科技大学高新学院,2,240320
2023,1,09,广播电视工程,E043,四川文化艺术学院,2,238552
2023,1,13,公共事业管理,E043,四川文化艺术学院,2,226293
2023,1,58,历史建筑保护工程,E043,四川文化艺术学院,5,233411
2023,1,59,数据科学与大数据技术,E043,四川文化艺术学院,20,253413
2023,1,04,金融工程,E045,绵阳城市学院,5,235763
2023,1,07,财务管理,E045,绵阳城市学院,1,219559
2023,1,09,电子商务,E045,绵阳城市学院,3,239560
2023,1,12,英语,E045,绵阳城市学院,4,234445
2023,1,13,学前教育,E045,绵阳城市学院,6,238470
2023,1,17,电气工程及其自动化,E045,绵阳城市学院,2,242795
2023,1,23,工程造价,E045,绵阳城市学院,5,245141
2023,1,27,地理信息科学,E045,绵阳城市学院,1,223182
2023,1,28,风景园林,E045,绵阳城市学院,1,222045
2023,1,29,计算机科学与技术,E045,绵阳城市学院,3,235003
2023,1,31,数字媒体技术,E045,绵阳城市学院,2,240217
2023,1,33,智能工程与创意设计,E045,绵阳城市学院,2,248125
2023,1,W1,旅游管理(中外合作办学),E046,福建农林大学金山学院,5,249470
2023,1,01,会计学,E087,天津财经大学珠江学院,6,198555
2023,1,12,酒店管理,E087,天津财经大学珠江学院,6,223646
2023,1,17,金融科技,E087,天津财经大学珠江学院,6,225631
2023,1,23,经济统计学,E087,天津财经大学珠江学院,14,220683
2023,1,33,传播学,E087,天津财经大学珠江学院,6,217808
2023,1,05,数字媒体技术,E092,滇西科技师范学院,2,208106
2023,1,16,网络与新媒体,E092,滇西科技师范学院,2,205127
2023,1,28,轨道交通信号与控制,E092,滇西科技师范学院,2,213426
2023,1,11,西班牙语,E098,合肥师范学院,10,197303
2023,1,12,商务英语,E098,合肥师范学院,10,184845
2023,1,06,中国语言文学类(师范类),E099,湖北第二师范学院,6,103279
2023,1,14,教育学类(师范类),E099,湖北第二师范学院,4,121428
2023,1,1D,电子信息科学与技术(中外合作办学),E099,湖北第二师范学院,2,199963
2023,1,01,法学,E100,山东政法学院,1027,99477
2023,1,02,知识产权,E100,山东政法学院,31,102535
2023,1,03,国际经贸规则,E100,山东政法学院,24,115033
2023,1,04,政治学与行政学(法治政务方向),E100,山东政法学院,31,114008
2023,1,05,行政管理,E100,山东政法学院,60,138422
2023,1,06,财务管理,E100,山东政法学院,70,131528
2023,1,07,审计学,E100,山东政法学院,60,124831
2023,1,08,国际经济与贸易,E100,山东政法学院,30,143147
2023,1,09,经济学,E100,山东政法学院,30,136309
2023,1,10,大数据管理与应用,E100,山东政法学院,20,143121
2023,1,11,新闻学(法治新闻方向),E100,山东政法学院,55,142385
2023,1,12,编辑出版学,E100,山东政法学院,15,142199
2023,1,13,网络与新媒体,E100,山东政法学院,32,131705
2023,1,14,数字出版,E100,山东政法学院,15,148586
2023,1,15,英语,E100,山东政法学院,83,152633
2023,1,16,日语,E100,山东政法学院,12,159201
2023,1,17,网络空间安全,E100,山东政法学院,30,136683
2023,1,18,社区矫正,E100,山东政法学院,30,117461
2023,1,21,人力资源管理(校企合作，与青岛英谷教育科技股份有限公司合作),E100,山东政法学院,50,178467
2023,1,22,商务英语(校企合作，与青岛英谷教育科技股份有限公司合作),E100,山东政法学院,60,190008
2023,1,23,计算机科学与技术(校企合作，与济南博赛网络技术有限公司合作),E100,山东政法学院,120,178911
2023,1,01,经济学,E101,太原工业学院,4,180725
2023,1,02,国际经济与贸易,E101,太原工业学院,4,193507
2023,1,05,应用化学,E101,太原工业学院,2,192773
2023,1,06,机械设计制造及其自动化,E101,太原工业学院,3,175210
2023,1,07,材料成型及控制工程,E101,太原工业学院,3,209196
2023,1,08,机械电子工程,E101,太原工业学院,3,188807
2023,1,09,汽车服务工程,E101,太原工业学院,3,208552
2023,1,0A,智能制造工程,E101,太原工业学院,2,188548
2023,1,0B,智能车辆工程,E101,太原工业学院,3,194037
2023,1,0C,测控技术与仪器,E101,太原工业学院,3,190543
2023,1,0D,无机非金属材料工程,E101,太原工业学院,2,202143
2023,1,0F,功能材料,E101,太原工业学院,3,216278
2023,1,0H,电气工程及其自动化,E101,太原工业学院,2,165068
2023,1,0J,电子信息工程,E101,太原工业学院,3,180904
2023,1,0S,通信工程,E101,太原工业学院,3,184230
2023,1,0T,微电子科学与工程,E101,太原工业学院,3,188731
2023,1,0V,自动化,E101,太原工业学院,3,178509
2023,1,0W,机器人工程,E101,太原工业学院,3,188379
2023,1,0Y,计算机科学与技术,E101,太原工业学院,4,143408
2023,1,0Z,软件工程,E101,太原工业学院,3,166969
2023,1,11,物联网工程,E101,太原工业学院,3,170252
2023,1,12,数字媒体技术,E101,太原工业学院,3,176365
2023,1,13,数据科学与大数据技术,E101,太原工业学院,3,171819
2023,1,16,化学工程与工艺,E101,太原工业学院,3,209899
2023,1,17,制药工程,E101,太原工业学院,3,204092
2023,1,18,能源化学工程,E101,太原工业学院,3,197690
2023,1,19,化工安全工程,E101,太原工业学院,3,224604
2023,1,1B,环境工程,E101,太原工业学院,3,222504
2023,1,1D,食品质量与安全,E101,太原工业学院,3,217923
2023,1,1E,安全工程,E101,太原工业学院,3,207671
2023,1,1F,应急技术与管理,E101,太原工业学院,3,215843
2023,1,1G,生物工程,E101,太原工业学院,3,200273
2023,1,1N,跨境电子商务,E101,太原工业学院,3,204658
2023,1,3G,新能源汽车工程技术,E172,海南科技职业大学,3,264929
2023,1,3K,汽车服务工程技术,E172,海南科技职业大学,2,258536
2023,1,3M,水路运输与海事管理,E172,海南科技职业大学,3,254759
2023,1,3N,物联网工程技术,E172,海南科技职业大学,4,268197
2023,1,3Q,大数据工程技术,E172,海南科技职业大学,3,265208
2023,1,3R,人工智能工程技术,E172,海南科技职业大学,2,272992
2023,1,3S,护理,E172,海南科技职业大学,4,241506
2023,1,3T,药学,E172,海南科技职业大学,3,243474
2023,1,40,企业数字化管理,E172,海南科技职业大学,4,262766
2023,1,44,学前教育,E172,海南科技职业大学,3,258753
2023,1,08,新闻学,E199,内蒙古大学创业学院,1,223654
2023,1,09,汉语言文学,E199,内蒙古大学创业学院,2,206783
2023,1,05,能源与动力工程,E200,银川科技学院,3,248787
2023,1,07,计算机科学与技术,E200,银川科技学院,2,256885
2023,1,10,智能制造工程,E200,银川科技学院,2,259688
2023,1,11,新能源科学与工程,E200,银川科技学院,2,247078
2023,1,13,会计学,E200,银川科技学院,2,236965
2023,1,16,工程造价,E200,银川科技学院,2,270751
2023,1,17,汉语言文学,E200,银川科技学院,3,231714
2023,1,20,学前教育,E200,银川科技学院,2,239507
2023,1,26,网络与新媒体,E200,银川科技学院,2,236552
2023,1,11,工商管理,E202,沧州交通学院,8,223873
2023,1,12,财务管理,E202,沧州交通学院,6,215925
2023,1,13,物流管理,E202,沧州交通学院,4,224389
2023,1,16,工程管理,E202,沧州交通学院,4,231677
2023,1,17,金融工程,E202,沧州交通学院,10,228490
2023,1,21,计算机科学与技术,E202,沧州交通学院,6,222773
2023,1,22,软件工程,E202,沧州交通学院,5,225545
2023,1,25,数据科学与大数据技术,E202,沧州交通学院,4,228329
2023,1,31,轨道交通信号与控制,E202,沧州交通学院,8,231962
2023,1,32,交通运输,E202,沧州交通学院,10,222709
2023,1,41,自动化,E202,沧州交通学院,3,226483
2023,1,42,人工智能,E202,沧州交通学院,4,230173
2023,1,43,电气工程及其自动化,E202,沧州交通学院,5,225546
2023,1,51,土木工程,E202,沧州交通学院,3,233036
2023,1,52,工程造价,E202,沧州交通学院,6,233465
2023,1,62,车辆工程,E202,沧州交通学院,3,232098
2023,1,63,能源与动力工程,E202,沧州交通学院,6,222363
2023,1,81,英语,E202,沧州交通学院,5,231773
2023,1,01,水利水电工程,E203,皖江工学院,3,225552
2023,1,03,港口航道与海岸工程,E203,皖江工学院,3,227833
2023,1,06,土木工程,E203,皖江工学院,3,245133
2023,1,12,地理空间信息工程,E203,皖江工学院,3,243352
2023,1,15,自动化,E203,皖江工学院,3,240039
2023,1,16,计算机科学与技术,E203,皖江工学院,5,233228
2023,1,17,人工智能,E203,皖江工学院,5,239798
2023,1,25,财务管理,E203,皖江工学院,2,211985
2023,1,27,工程管理,E203,皖江工学院,3,245172
2023,1,01,会计学,E207,上海财经大学浙江学院,2,198765
2023,1,03,会计学(注册会计),E207,上海财经大学浙江学院,2,195297
2023,1,05,金融学,E207,上海财经大学浙江学院,2,189698
2023,1,12,经济统计学,E207,上海财经大学浙江学院,2,195399
2023,1,27,英语,E207,上海财经大学浙江学院,1,220762
2023,1,28,商务英语,E207,上海财经大学浙江学院,1,214434
2023,1,02,金融科技,E223,贵州师范学院,2,193532
2023,1,0L,统计学,E223,贵州师范学院,3,181717
2023,1,0M,物联网工程,E223,贵州师范学院,3,188740
2023,1,0R,电子信息类,E223,贵州师范学院,2,186744
2023,1,0W,农业资源与环境,E223,贵州师范学院,3,183223
2023,1,10,旅游管理类,E223,贵州师范学院,2,194022
2023,1,01,金融工程,E225,河北东方学院,4,231840
2023,1,02,经济与金融,E225,河北东方学院,4,229835
2023,1,03,国际经济与贸易,E225,河北东方学院,4,236586
2023,1,06,英语,E225,河北东方学院,3,229444
2023,1,07,网络与新媒体,E225,河北东方学院,2,215135
2023,1,08,文物与博物馆学,E225,河北东方学院,4,219157
2023,1,09,文化遗产,E225,河北东方学院,2,225818
2023,1,11,电子信息科学与技术,E225,河北东方学院,2,234624
2023,1,12,人工智能,E225,河北东方学院,3,238905
2023,1,13,软件工程,E225,河北东方学院,2,233230
2023,1,14,物联网工程,E225,河北东方学院,2,237234
2023,1,15,数据科学与大数据技术,E225,河北东方学院,2,234932
2023,1,18,医学影像技术,E225,河北东方学院,3,206993
2023,1,19,护理学,E225,河北东方学院,2,210341
2023,1,20,财务管理,E225,河北东方学院,4,222355
2023,1,21,审计学,E225,河北东方学院,4,215684
2023,1,22,资产评估,E225,河北东方学院,3,233221
2023,1,0H,智能采矿技术,E226,运城职业技术大学,2,234595
2023,1,0J,建筑装饰工程,E226,运城职业技术大学,5,237009
2023,1,0K,建筑工程,E226,运城职业技术大学,4,242172
2023,1,0L,机械设计制造及自动化,E226,运城职业技术大学,3,224608
2023,1,0M,智能制造工程技术,E226,运城职业技术大学,4,234869
2023,1,0N,物联网工程技术,E226,运城职业技术大学,4,231365
2023,1,0P,网络工程技术,E226,运城职业技术大学,4,229896
2023,1,0Q,护理,E226,运城职业技术大学,5,219962
2023,1,0R,大数据与财务管理,E226,运城职业技术大学,5,227480
2023,1,0S,现代物流管理,E226,运城职业技术大学,2,231549
2023,1,0T,旅游管理,E226,运城职业技术大学,2,231983
2023,1,01,建筑电气与智能化,E262,西南交通大学希望学院,2,235217
2023,1,03,工程管理,E262,西南交通大学希望学院,3,242184
2023,1,05,土木工程,E262,西南交通大学希望学院,3,236834
2023,1,07,机械设计制造及其自动化,E262,西南交通大学希望学院,3,230710
2023,1,08,电气工程及其自动化,E262,西南交通大学希望学院,3,227189
2023,1,10,交通运输,E262,西南交通大学希望学院,3,225589
2023,1,11,物流工程,E262,西南交通大学希望学院,5,231952
2023,1,12,轨道交通信号与控制,E262,西南交通大学希望学院,3,232619
2023,1,18,审计学,E262,西南交通大学希望学院,5,223991
2023,1,22,财务管理,E262,西南交通大学希望学院,5,222787
2023,1,01,英语(师范类),E275,浙江外国语学院,2,42535
2023,1,02,英语,E275,浙江外国语学院,2,51853
2023,1,05,日语,E275,浙江外国语学院,2,101820
2023,1,06,阿拉伯语,E275,浙江外国语学院,2,101246
2023,1,07,朝鲜语,E275,浙江外国语学院,2,103808
2023,1,15,俄语,E275,浙江外国语学院,2,69037
2023,1,17,汉语言文学(师范类),E275,浙江外国语学院,2,43364
2023,1,19,网络与新媒体,E275,浙江外国语学院,2,58451
2023,1,20,旅游管理(全英教学),E275,浙江外国语学院,4,162185
2023,1,21,旅游管理,E275,浙江外国语学院,2,104235
2023,1,22,会展经济与管理,E275,浙江外国语学院,2,89507
2023,1,27,金融工程,E275,浙江外国语学院,2,66895
2023,1,28,计算机科学与技术,E275,浙江外国语学院,4,57178
2023,1,29,电子商务,E275,浙江外国语学院,2,76483
2023,1,32,国际经济与贸易,E275,浙江外国语学院,2,58500
2023,1,33,国际经济与贸易(全英教学),E275,浙江外国语学院,2,77330
2023,1,40,捷克语,E275,浙江外国语学院,2,109698
2023,1,13,意大利语(中外合作办学),E275,浙江外国语学院,2,112308
2023,1,20,马克思主义理论,E276,齐鲁师范学院,35,137443
2023,1,21,思想政治教育(师范类),E276,齐鲁师范学院,75,117770
2023,1,22,学前教育(师范类),E276,齐鲁师范学院,41,147374
2023,1,23,小学教育(师范类),E276,齐鲁师范学院,77,129298
2023,1,24,心理学(师范类),E276,齐鲁师范学院,40,148356
2023,1,27,中国语言文学类(师范类),E276,齐鲁师范学院,111,111843
2023,1,28,英语(师范类),E276,齐鲁师范学院,105,128847
2023,1,29,翻译,E276,齐鲁师范学院,30,173547
2023,1,31,天文学,E276,齐鲁师范学院,30,207651
2023,1,32,历史学(师范类),E276,齐鲁师范学院,80,128972
2023,1,33,地理科学(师范类),E276,齐鲁师范学院,75,127470
2023,1,36,财务管理,E276,齐鲁师范学院,30,137931
2023,1,37,经济与金融,E276,齐鲁师范学院,30,168869
2023,1,38,数学与应用数学(师范类),E276,齐鲁师范学院,107,136300
2023,1,40,物理学(师范类),E276,齐鲁师范学院,112,150048
2023,1,41,电子信息工程,E276,齐鲁师范学院,105,164973
2023,1,42,化学(师范类),E276,齐鲁师范学院,107,145560
2023,1,44,制药工程,E276,齐鲁师范学院,75,169985
2023,1,45,化妆品技术与工程,E276,齐鲁师范学院,75,203560
2023,1,46,生物科学(师范类),E276,齐鲁师范学院,110,138859
2023,1,47,食品质量与安全,E276,齐鲁师范学院,45,173073
2023,1,48,园林,E276,齐鲁师范学院,40,182537
2023,1,49,计算机科学与技术(师范类),E276,齐鲁师范学院,42,136626
2023,1,50,物联网工程,E276,齐鲁师范学院,35,152542
2023,1,51,生物信息学,E276,齐鲁师范学院,40,176754
2023,1,53,应急管理,E276,齐鲁师范学院,35,196441
2023,1,54,社会工作,E276,齐鲁师范学院,30,178329
2023,1,58,网络空间安全,E276,齐鲁师范学院,35,160556
2023,1,80,文化遗产,E276,齐鲁师范学院,30,179836
2023,1,X1,计算机科学与技术(校企合作，与青岛英谷教育科技股份有限公司合作),E276,齐鲁师范学院,80,184861
2023,1,X7,金融工程(校企合作，与山东开创集团股份有限公司合作),E276,齐鲁师范学院,40,199332
2023,1,X8,经济与金融(校企合作，与山东开创集团股份有限公司合作),E276,齐鲁师范学院,40,194833
2023,1,XB,商务英语(校企合作，与中科启智（山东）信息有限公司合作),E276,齐鲁师范学院,40,201701
2023,1,XC,财务管理(校企合作，与中科启智（山东）信息有限公司合作),E276,齐鲁师范学院,40,178361
2023,1,XT,旅游管理与服务教育(校企合作，与山东文旅投资集团有限公司合作),E276,齐鲁师范学院,80,213677
2023,1,XU,学前教育(师范类，校企合作，与山东财金知远教育科技股份有限公司合,E276,齐鲁师范学院,40,185076
2023,1,XV,数据科学与大数据技术(校企合作，与网易有道信息技术（北京）有限公,E276,齐鲁师范学院,80,199681
2023,1,XW,人工智能(校企合作，与网易有道信息技术（北京）有限公司合作),E276,齐鲁师范学院,80,207253
2023,1,XX,数据计算及应用(校企合作，与网易有道信息技术（北京）有限公司合作),E276,齐鲁师范学院,80,211329
2023,1,01,社会工作,E277,山东青年政治学院,140,188690
2023,1,02,政治学与行政学,E277,山东青年政治学院,142,163082
2023,1,03,公共事业管理,E277,山东青年政治学院,65,187728
2023,1,04,人力资源管理,E277,山东青年政治学院,60,176566
2023,1,06,经济学,E277,山东青年政治学院,30,174481
2023,1,07,计算机科学与技术,E277,山东青年政治学院,65,166915
2023,1,09,电子信息工程,E277,山东青年政治学院,80,182642
2023,1,10,财务管理,E277,山东青年政治学院,60,155696
2023,1,11,审计学,E277,山东青年政治学院,60,152857
2023,1,12,资产评估,E277,山东青年政治学院,70,185238
2023,1,13,会计学,E277,山东青年政治学院,65,148760
2023,1,14,广播电视学,E277,山东青年政治学院,20,172846
2023,1,15,汉语言文学,E277,山东青年政治学院,30,127900
2023,1,18,西班牙语,E277,山东青年政治学院,70,216565
2023,1,19,英语,E277,山东青年政治学院,25,163753
2023,1,20,法语,E277,山东青年政治学院,70,213842
2023,1,21,德语,E277,山东青年政治学院,80,216092
2023,1,22,日语,E277,山东青年政治学院,80,199831
2023,1,23,朝鲜语,E277,山东青年政治学院,40,214299
2023,1,24,阿拉伯语,E277,山东青年政治学院,35,214467
2023,1,25,酒店管理,E277,山东青年政治学院,80,208561
2023,1,27,健康服务与管理,E277,山东青年政治学院,80,194736
2023,1,28,物业管理,E277,山东青年政治学院,80,203422
2023,1,34,思想政治教育,E277,山东青年政治学院,65,147850
2023,1,71,党务工作,E277,山东青年政治学院,40,175934
2023,1,37,人力资源管理(校企合作，与人才有价山东有限公司合作),E277,山东青年政治学院,80,197413
2023,1,38,市场营销(校企合作，与中兴协力山东数字科技集团合作),E277,山东青年政治学院,80,210628
2023,1,39,数据科学与大数据技术(校企合作，与浪潮软件股份有限公司合作),E277,山东青年政治学院,80,199992
2023,1,40,审计学(校企合作，与北京兴华会计师事务所合作),E277,山东青年政治学院,80,182055
2023,1,41,广播电视学(校企合作，与山东智媒文化产业有限公司合作),E277,山东青年政治学院,240,211210
2023,1,42,汉语言文学(校企合作，与山东智媒文化产业有限公司合作),E277,山东青年政治学院,160,170068
2023,1,43,英语(校企合作，与青岛英谷教育科技公司合作),E277,山东青年政治学院,80,199484
2023,1,0J,网络与新媒体,E327,青岛电影学院,55,263075
2023,1,0K,知识产权,E327,青岛电影学院,58,254758
2023,1,0L,新闻学,E327,青岛电影学院,48,261915
2023,1,0M,广告学,E327,青岛电影学院,48,264261
2023,1,01,金融学,E333,郑州升达经贸管理学院,3,222865
2023,1,05,会计学,E333,郑州升达经贸管理学院,3,204692
2023,1,09,工商管理(数字化管理),E333,郑州升达经贸管理学院,3,222867
2023,1,13,市场营销,E333,郑州升达经贸管理学院,3,232077
2023,1,15,电子商务类,E333,郑州升达经贸管理学院,3,226467
2023,1,17,英语,E333,郑州升达经贸管理学院,3,229234
2023,1,22,计算机科学与技术,E333,郑州升达经贸管理学院,4,229867
2023,1,24,数据科学与大数据技术,E333,郑州升达经贸管理学院,3,230038
2023,1,27,学前教育(师范类),E333,郑州升达经贸管理学院,3,221017
2023,1,28,法学,E333,郑州升达经贸管理学院,3,187652
2023,1,02,小学教育(师范类),E388,重庆第二师范学院,4,131846
2023,1,12,外国语言文学类,E388,重庆第二师范学院,3,141631
2023,1,14,计算机科学与技术,E388,重庆第二师范学院,3,130863
2023,1,20,应用化学,E388,重庆第二师范学院,4,183686
2023,1,21,食品质量与安全,E388,重庆第二师范学院,4,183126
2023,1,28,经济与金融,E388,重庆第二师范学院,3,151302
2023,1,32,房地产开发与管理,E388,重庆第二师范学院,4,224891
2023,1,33,旅游管理类,E388,重庆第二师范学院,3,178957
2023,1,06,学前教育(中外合作办学)(师范类),E388,重庆第二师范学院,4,192006
2023,1,03,贸易经济,E389,成都师范学院,5,134699
2023,1,11,英语,E389,成都师范学院,5,114687
2023,1,17,化学,E389,成都师范学院,5,151344
2023,1,22,汽车服务工程,E389,成都师范学院,5,196427
2023,1,11,生物科学(师范类),E390,陕西学前师范学院,2,165044
2023,1,12,食品科学与工程,E390,陕西学前师范学院,3,189482
2023,1,17,小学教育(师范类),E390,陕西学前师范学院,4,152328
2023,1,23,文化产业管理,E390,陕西学前师范学院,2,184614
2023,1,27,应用统计学,E390,陕西学前师范学院,2,179598
2023,1,28,化学(师范类),E390,陕西学前师范学院,2,181637
2023,1,29,应用化学,E390,陕西学前师范学院,2,207624
2023,1,A1,艺术教育,E410,四川电影电视学院,5,240658
2023,1,A2,电子竞技运动与管理,E410,四川电影电视学院,5,239326
2023,1,A5,文化产业管理,E410,四川电影电视学院,5,226175
2023,1,0F,环境科学,E430,中国科学院大学,1,354
2023,1,0G,数学与应用数学,E430,中国科学院大学,2,280
2023,1,0J,物理学,E430,中国科学院大学,4,309
2023,1,0L,化学,E430,中国科学院大学,3,349
2023,1,0N,天文学,E430,中国科学院大学,1,328
2023,1,0Q,生物科学,E430,中国科学院大学,3,339
2023,1,0S,理论与应用力学,E430,中国科学院大学,1,319
2023,1,0U,材料科学与工程,E430,中国科学院大学,2,330
2023,1,0W,电气工程及其自动化,E430,中国科学院大学,1,240
2023,1,0Y,电子信息工程,E430,中国科学院大学,2,292
2023,1,10,人工智能,E430,中国科学院大学,1,231
2023,1,12,计算机科学与技术,E430,中国科学院大学,3,282
2023,1,14,网络空间安全,E430,中国科学院大学,1,293
2023,1,01,中医学(5+3一体化),E432,河北中医药大学,4,36884
2023,1,02,中医学,E432,河北中医药大学,2,50912
2023,1,03,中西医临床医学,E432,河北中医药大学,3,82322
2023,1,07,中医骨伤科学,E432,河北中医药大学,2,73254
2023,1,09,中药学,E432,河北中医药大学,3,119899
2023,1,0A,医学检验技术,E432,河北中医药大学,3,112091
2023,1,0B,医学影像技术,E432,河北中医药大学,3,113447
2023,1,0C,口腔医学技术,E432,河北中医药大学,3,108050
2023,1,0F,中药资源与开发,E432,河北中医药大学,2,151451
2023,1,0H,中药制药,E432,河北中医药大学,3,149648
2023,1,0J,生物工程,E432,河北中医药大学,3,148322
2023,1,0N,护理学,E432,河北中医药大学,2,135447
2023,1,0P,助产学,E432,河北中医药大学,2,139677
2023,1,21,广告学,E434,山西传媒学院,5,170154
2023,1,22,影视摄影与制作,E434,山西传媒学院,3,173716
2023,1,23,广播电视学,E434,山西传媒学院,3,152990
2023,1,24,文化产业管理,E434,山西传媒学院,6,196443
2023,1,25,广播电视工程,E434,山西传媒学院,5,206535
2023,1,26,数字媒体技术,E434,山西传媒学院,5,156934
2023,1,27,网络与新媒体,E434,山西传媒学院,3,136838
2023,1,28,新闻学,E434,山西传媒学院,3,152354
2023,1,29,戏剧影视文学,E434,山西传媒学院,5,205736
2023,1,30,数字出版,E434,山西传媒学院,3,187825
2023,1,01,金融工程,E435,营口理工学院,2,200171
2023,1,02,应用化学,E435,营口理工学院,2,203904
2023,1,03,机械设计制造及其自动化,E435,营口理工学院,3,184385
2023,1,08,材料科学与工程,E435,营口理工学院,2,200213
2023,1,09,无机非金属材料工程,E435,营口理工学院,2,207471
2023,1,0E,新能源科学与工程,E435,营口理工学院,2,185437
2023,1,0F,电气工程及其自动化,E435,营口理工学院,3,188625
2023,1,0G,自动化,E435,营口理工学院,3,191881
2023,1,0K,化学工程与工艺,E435,营口理工学院,2,204540
2023,1,0N,环境科学与工程,E435,营口理工学院,2,200713
2023,1,0Q,物流管理,E435,营口理工学院,2,200961
2023,1,03,生物科学(师范类),E436,江苏第二师范学院,5,99433
2023,1,07,汉语言文学(师范类),E436,江苏第二师范学院,5,67160
2023,1,12,英语(师范类),E436,江苏第二师范学院,5,84172
2023,1,19,应用统计学,E436,江苏第二师范学院,5,116506
2023,1,20,应用化学,E436,江苏第二师范学院,5,144298
2023,1,23,物联网工程,E436,江苏第二师范学院,5,126135
2023,1,30,商务英语,E436,江苏第二师范学院,5,112262
2023,1,13,学前教育(师范类),E437,南昌师范学院,2,147197
2023,1,15,旅游管理,E437,南昌师范学院,2,192614
2023,1,17,会展经济与管理,E437,南昌师范学院,2,186911
2023,1,19,秘书学,E437,南昌师范学院,2,131863
2023,1,20,英语(师范类),E437,南昌师范学院,2,109939
2023,1,22,思想政治教育(师范类),E437,南昌师范学院,2,104450
2023,1,23,数学与应用数学(师范类),E437,南昌师范学院,2,142460
2023,1,25,统计学,E437,南昌师范学院,2,139365
2023,1,27,物理学(师范类),E437,南昌师范学院,2,144876
2023,1,28,电子信息工程,E437,南昌师范学院,2,151478
2023,1,29,化学(师范类),E437,南昌师范学院,2,128800
2023,1,31,生物科学(师范类),E437,南昌师范学院,2,131433
2023,1,01,劳动关系,E438,山东管理学院,70,195567
2023,1,03,社会工作,E438,山东管理学院,70,192315
2023,1,04,工商管理,E438,山东管理学院,72,181239
2023,1,05,物流管理,E438,山东管理学院,69,191970
2023,1,06,市场营销,E438,山东管理学院,80,201667
2023,1,07,审计学,E438,山东管理学院,66,150667
2023,1,08,资产评估,E438,山东管理学院,70,186728
2023,1,09,财务管理,E438,山东管理学院,72,150666
2023,1,10,会计学,E438,山东管理学院,94,141775
2023,1,11,计算机科学与技术,E438,山东管理学院,35,151049
2023,1,12,大数据管理与应用,E438,山东管理学院,66,183480
2023,1,13,软件工程,E438,山东管理学院,63,165836
2023,1,15,电子商务,E438,山东管理学院,64,187749
2023,1,16,国际经济与贸易,E438,山东管理学院,62,186905
2023,1,17,经济学,E438,山东管理学院,71,178036
2023,1,19,金融工程,E438,山东管理学院,54,187580
2023,1,20,电子信息工程,E438,山东管理学院,60,173813
2023,1,21,机器人工程,E438,山东管理学院,55,184606
2023,1,22,安全工程,E438,山东管理学院,57,196676
2023,1,23,公共关系学,E438,山东管理学院,55,194647
2023,1,24,商务英语,E438,山东管理学院,64,193280
2023,1,25,秘书学,E438,山东管理学院,55,178175
2023,1,26,网络与新媒体,E438,山东管理学院,63,167517
2023,1,28,工业智能,E438,山东管理学院,62,195503
2023,1,29,旅游管理与服务教育,E438,山东管理学院,28,204250
2023,1,30,人力资源管理(校企合作，与山东人才发展集团有限公司合作),E438,山东管理学院,80,198616
2023,1,31,财务管理(校企合作，与济南达森互联网科技公司合作),E438,山东管理学院,80,180254
2023,1,32,审计学(校企合作，与北京兴华会计师事务所合作),E438,山东管理学院,80,180175
2023,1,33,信息管理与信息系统(校企合作，与山东贝森医疗信息咨询公司合作),E438,山东管理学院,40,208064
2023,1,34,投资学(校企合作，与山东中启创优科技股份公司合作),E438,山东管理学院,100,208794
2023,1,35,文化产业管理(校企合作，与山东文旅投资集团有限公司合作),E438,山东管理学院,80,206925
2023,1,01,食品质量与安全,E439,山东农业工程学院,105,202682
2023,1,02,食品科学与工程,E439,山东农业工程学院,100,205714
2023,1,04,机械电子工程,E439,山东农业工程学院,70,200366
2023,1,05,机械工程,E439,山东农业工程学院,70,202922
2023,1,07,信息安全,E439,山东农业工程学院,87,196576
2023,1,08,测绘工程,E439,山东农业工程学院,70,210703
2023,1,09,土地资源管理,E439,山东农业工程学院,53,196290
2023,1,10,工程造价,E439,山东农业工程学院,65,206253
2023,1,11,遥感科学与技术,E439,山东农业工程学院,70,206298
2023,1,12,资源循环科学与工程,E439,山东农业工程学院,110,210634
2023,1,14,设施农业科学与工程,E439,山东农业工程学院,70,209792
2023,1,15,园艺,E439,山东农业工程学院,70,209134
2023,1,17,森林保护,E439,山东农业工程学院,70,212008
2023,1,19,物流工程,E439,山东农业工程学院,70,202291
2023,1,20,农林经济管理,E439,山东农业工程学院,70,201957
2023,1,21,金融工程,E439,山东农业工程学院,70,199146
2023,1,22,财务管理,E439,山东农业工程学院,60,175033
2023,1,23,审计学,E439,山东农业工程学院,50,170916
2023,1,24,秘书学,E439,山东农业工程学院,80,191652
2023,1,25,商务英语,E439,山东农业工程学院,100,207144
2023,1,51,电气工程及其自动化,E439,山东农业工程学院,80,192935
2023,1,59,人工智能,E439,山东农业工程学院,80,200622
2023,1,60,中药资源与开发,E439,山东农业工程学院,70,202212
2023,1,62,土地整治工程,E439,山东农业工程学院,70,212676
2023,1,63,植物保护,E439,山东农业工程学院,70,212890
2023,1,64,生物质科学与工程,E439,山东农业工程学院,70,213217
2023,1,65,园林,E439,山东农业工程学院,70,213191
2023,1,66,会计学,E439,山东农业工程学院,62,172225
2023,1,67,环境生态工程(中外合作办学),E439,山东农业工程学院,120,237763
2023,1,06,物联网工程(校企合作，与济南博赛网络技术有限公司),E439,山东农业工程学院,80,210621
2023,1,16,动物医学(校企合作，与山东和康源生物育种有限公司),E439,山东农业工程学院,80,192387
2023,1,18,风景园林(校企合作，与山东兴润园林生态股份有限公司),E439,山东农业工程学院,80,211835
2023,1,03,英语,E440,贵州理工学院,2,180688
2023,1,04,人文地理与城乡规划,E440,贵州理工学院,2,210170
2023,1,06,机械设计制造及其自动化,E440,贵州理工学院,4,200679
2023,1,09,材料类,E440,贵州理工学院,6,222733
2023,1,14,计算机类,E440,贵州理工学院,4,192857
2023,1,20,化学工程与工艺,E440,贵州理工学院,5,205798
2023,1,22,地质工程,E440,贵州理工学院,3,208452
2023,1,23,资源勘查工程,E440,贵州理工学院,2,193010
2023,1,24,采矿工程,E440,贵州理工学院,3,217195
2023,1,31,安全工程,E440,贵州理工学院,3,204520
2023,1,1C,小学教育(师范类),E458,张家口学院,2,135985
2023,1,2C,财务管理,E458,张家口学院,3,171036
2023,1,4B,医学影像技术,E458,张家口学院,3,132039
2023,1,5A,思想政治教育(师范类),E458,张家口学院,1,144377
2023,1,5B,汉语言文学(师范类),E458,张家口学院,1,129820
2023,1,01,材料成型及控制工程,E527,山西工程技术学院,1,207712
2023,1,02,材料科学与工程,E527,山西工程技术学院,1,187065
2023,1,04,计算机科学与技术,E527,山西工程技术学院,2,173986
2023,1,05,数据科学与大数据技术,E527,山西工程技术学院,2,185572
2023,1,06,物联网工程,E527,山西工程技术学院,1,198231
2023,1,07,智能科学与技术,E527,山西工程技术学院,1,200748
2023,1,08,测绘工程,E527,山西工程技术学院,2,187457
2023,1,09,地理信息科学,E527,山西工程技术学院,1,145733
2023,1,0A,地质工程,E527,山西工程技术学院,2,200592
2023,1,0B,勘查技术与工程,E527,山西工程技术学院,2,210864
2023,1,0C,遥感科学与技术,E527,山西工程技术学院,1,182222
2023,1,0D,电气工程及其自动化,E527,山西工程技术学院,1,192243
2023,1,0E,自动化,E527,山西工程技术学院,1,190440
2023,1,0F,工程管理,E527,山西工程技术学院,2,211336
2023,1,0G,工程造价,E527,山西工程技术学院,2,205263
2023,1,0H,机械电子工程,E527,山西工程技术学院,2,203447
2023,1,0J,机械工程,E527,山西工程技术学院,2,206913
2023,1,0K,机械设计制造及其自动化,E527,山西工程技术学院,1,161269
2023,1,0L,智能制造工程,E527,山西工程技术学院,1,186442
2023,1,0W,土木工程,E527,山西工程技术学院,2,188203
2023,1,51,文化产业管理,E531,内蒙古艺术学院,3,212071
2023,1,52,艺术史论,E531,内蒙古艺术学院,4,216933
2023,1,02,马克思主义理论,E596,中国社会科学院大学,2,10650
2023,1,03,汉语言文学,E596,中国社会科学院大学,2,5884
2023,1,04,哲学,E596,中国社会科学院大学,3,12349
2023,1,05,历史学,E596,中国社会科学院大学,4,8283
2023,1,06,经济学,E596,中国社会科学院大学,2,8199
2023,1,08,国际经济与贸易,E596,中国社会科学院大学,2,12686
2023,1,09,法学,E596,中国社会科学院大学,3,5287
2023,1,10,社会学,E596,中国社会科学院大学,3,11788
2023,1,12,法语,E596,中国社会科学院大学,2,13126
2023,1,13,国际事务与国际关系,E596,中国社会科学院大学,2,8973
2023,1,14,政治学与行政学,E596,中国社会科学院大学,4,10953
2023,1,15,新闻传播学类,E596,中国社会科学院大学,3,14339
2023,1,08,健康服务与管理,E623,滇西应用技术大学,2,195773
2023,1,14,计算机科学与技术,E623,滇西应用技术大学,2,141818
2023,1,18,土木工程,E623,滇西应用技术大学,2,192757
2023,1,01,白酒酿造工程,E625,茅台学院,2,202111
2023,1,02,酿酒工程,E625,茅台学院,2,205852
2023,1,03,葡萄与葡萄酒工程,E625,茅台学院,2,213325
2023,1,04,食品科学与工程,E625,茅台学院,3,217159
2023,1,05,食品质量与安全,E625,茅台学院,2,214150
2023,1,06,资源循环科学与工程,E625,茅台学院,2,216132
2023,1,07,环境科学与工程,E625,茅台学院,2,216134
2023,1,08,自动化,E625,茅台学院,4,222541
2023,1,09,包装工程,E625,茅台学院,2,222610
2023,1,10,市场营销,E625,茅台学院,2,214464
2023,1,11,电子商务,E625,茅台学院,2,216295
2023,1,12,物流管理,E625,茅台学院,2,213061
2023,1,15,种子科学与工程,E625,茅台学院,3,227226
2023,1,03,金融学,E654,郑州西亚斯学院,10,216438
2023,1,05,国际经济与贸易,E654,郑州西亚斯学院,10,216589
2023,1,12,英语,E654,郑州西亚斯学院,10,217283
2023,1,15,新闻学,E654,郑州西亚斯学院,5,213917
2023,1,16,广告学,E654,郑州西亚斯学院,5,218742
2023,1,44,会计学,E654,郑州西亚斯学院,10,203955
2023,1,01,机械设计制造及其自动化,E655,深圳技术大学,3,38028
2023,1,03,自动化,E655,深圳技术大学,3,34276
2023,1,05,物联网工程,E655,深圳技术大学,3,31605
2023,1,09,光源与照明,E655,深圳技术大学,3,49227
2023,1,10,新能源科学与工程,E655,深圳技术大学,3,41466
2023,1,12,交通运输,E655,深圳技术大学,3,44532
2023,1,13,车辆工程,E655,深圳技术大学,2,44792
2023,1,15,生物医学工程,E655,深圳技术大学,3,49524
2023,1,16,智能医学工程,E655,深圳技术大学,3,49090
2023,1,17,应用物理学,E655,深圳技术大学,3,47180
2023,1,19,智能感知工程,E655,深圳技术大学,3,46977
2023,1,20,药学,E655,深圳技术大学,3,53180
2023,1,23,生物制药,E655,深圳技术大学,3,52242
2023,1,24,口腔医学技术,E655,深圳技术大学,3,53837
2023,1,26,集成电路设计与集成系统,E655,深圳技术大学,2,32508
2023,1,27,工业设计,E655,深圳技术大学,2,49922
2023,1,31,国际商务,E655,深圳技术大学,4,54746
2023,1,32,财务管理,E655,深圳技术大学,3,45294
2023,1,34,德语,E655,深圳技术大学,4,65450
2023,1,35,商务英语,E655,深圳技术大学,4,59631
2023,1,0A,新闻学,E682,安徽艺术学院,4,178290
2023,1,01,电子信息科学与技术,E829,海南比勒费尔德应用科学大学,5,213858
2023,1,02,计算机科学与技术,E829,海南比勒费尔德应用科学大学,5,196353
2023,1,70,建筑设计,F201,山西工程科技职业大学,5,220159
2023,1,74,智能建造工程,F201,山西工程科技职业大学,4,212607
2023,1,79,工程造价,F201,山西工程科技职业大学,8,217917
2023,1,81,电梯工程技术,F201,山西工程科技职业大学,4,219939
2023,1,84,测绘工程技术,F201,山西工程科技职业大学,6,215536
2023,1,85,市政工程,F201,山西工程科技职业大学,4,220231
2023,1,86,汽车服务工程技术,F201,山西工程科技职业大学,4,217804
2023,1,88,电子信息工程技术,F201,山西工程科技职业大学,4,209997
2023,1,89,软件工程技术,F201,山西工程科技职业大学,4,210296
2023,1,91,计算机应用工程,F201,山西工程科技职业大学,5,210560
2023,1,94,大数据与会计,F201,山西工程科技职业大学,8,189664
2023,1,96,国际经济与贸易,F201,山西工程科技职业大学,4,207678
2023,1,97,金融科技应用,F201,山西工程科技职业大学,3,207383
2023,1,99,物流工程技术,F201,山西工程科技职业大学,5,208666
2023,1,B5,应用英语,F201,山西工程科技职业大学,4,204718
2023,1,B7,法律,F201,山西工程科技职业大学,5,173631
2023,1,B9,人力资源管理,F201,山西工程科技职业大学,3,200557
2023,1,4F,石油工程技术,F202,河北石油职业技术大学,8,208776
2023,1,4G,生态环境工程技术,F202,河北石油职业技术大学,4,215656
2023,1,4H,建筑环境与能源工程,F202,河北石油职业技术大学,5,212557
2023,1,4J,建设工程管理,F202,河北石油职业技术大学,6,215777
2023,1,4K,机械设计制造及自动化,F202,河北石油职业技术大学,5,195947
2023,1,4L,工业设计,F202,河北石油职业技术大学,4,213786
2023,1,4M,电气工程及自动化,F202,河北石油职业技术大学,4,197514
2023,1,4N,汽车工程技术,F202,河北石油职业技术大学,4,212138
2023,1,4P,新能源汽车工程技术,F202,河北石油职业技术大学,6,209739
2023,1,4Q,应用化工技术,F202,河北石油职业技术大学,4,212553
2023,1,4R,化工智能制造工程技术,F202,河北石油职业技术大学,6,217170
2023,1,4S,现代精细化工技术,F202,河北石油职业技术大学,4,214839
2023,1,4T,电子信息工程技术,F202,河北石油职业技术大学,4,203831
2023,1,4U,网络工程技术,F202,河北石油职业技术大学,4,208071
2023,1,4V,软件工程技术,F202,河北石油职业技术大学,4,201115
2023,1,4W,大数据与会计,F202,河北石油职业技术大学,4,179757
2023,1,4X,市场营销,F202,河北石油职业技术大学,5,210310
2023,1,4Y,酒店管理,F202,河北石油职业技术大学,5,211486
2023,1,44,大数据与财务管理,F203,河北科技工程职业技术大学,3,187422
2023,1,45,现代通信工程,F203,河北科技工程职业技术大学,3,201325
2023,1,46,软件工程技术,F203,河北科技工程职业技术大学,3,203506
2023,1,47,网络工程技术,F203,河北科技工程职业技术大学,4,205044
2023,1,48,汽车服务工程技术,F203,河北科技工程职业技术大学,3,203601
2023,1,49,服装工程技术,F203,河北科技工程职业技术大学,3,213369
2023,1,50,新能源汽车工程技术,F203,河北科技工程职业技术大学,3,210188
2023,1,51,汽车工程技术,F203,河北科技工程职业技术大学,3,210336
2023,1,52,机器人技术,F203,河北科技工程职业技术大学,3,210507
2023,1,53,电气工程及自动化,F203,河北科技工程职业技术大学,3,174164
2023,1,54,机械电子工程技术,F203,河北科技工程职业技术大学,3,207370
2023,1,55,智能制造工程技术,F203,河北科技工程职业技术大学,3,207853
2023,1,56,建筑工程,F203,河北科技工程职业技术大学,4,212183
2023,1,57,机械设计制造及自动化,F203,河北科技工程职业技术大学,3,200204
2023,1,58,生态环境工程技术,F203,河北科技工程职业技术大学,3,191830
2023,1,01,钢铁智能冶金技术,F204,河北工业职业技术大学,5,216036
2023,1,04,生态环境工程技术,F204,河北工业职业技术大学,5,214592
2023,1,07,电子信息工程技术,F204,河北工业职业技术大学,5,203305
2023,1,08,自动化技术与应用,F204,河北工业职业技术大学,5,207975
2023,1,09,机械设计制造及自动化,F204,河北工业职业技术大学,5,207236
2023,1,26,国际经济与贸易,F204,河北工业职业技术大学,6,205559
2023,1,27,现代物流管理,F204,河北工业职业技术大学,4,203441
2023,1,67,智能控制技术,F205,广西农业职业技术大学,5,217692
2023,1,68,食品工程技术,F205,广西农业职业技术大学,5,214441
2023,1,72,计算机应用工程,F205,广西农业职业技术大学,5,217125
2023,1,94,中文国际教育,F205,广西农业职业技术大学,5,211867
2023,1,03,护理,F206,贵阳康养职业大学,6,189634
2023,1,08,医学检验技术,F206,贵阳康养职业大学,4,179602
2023,1,0A,康复治疗,F206,贵阳康养职业大学,4,200955
2023,1,0B,儿童康复治疗,F206,贵阳康养职业大学,4,211347
2023,1,0E,现代家政管理,F206,贵阳康养职业大学,2,213183
2023,1,B1,智能采矿技术,F208,兰州资源环境职业技术大学,4,220149
2023,1,B2,安全工程技术,F208,兰州资源环境职业技术大学,4,219889
2023,1,B6,智慧气象技术,F208,兰州资源环境职业技术大学,3,207560
2023,1,BH,储能材料工程技术,F208,兰州资源环境职业技术大学,4,217511
2023,1,BN,现代精细化工技术,F208,兰州资源环境职业技术大学,5,217836
2023,1,BR,跨境电子商务,F208,兰州资源环境职业技术大学,5,214347
2023,1,60,电子商务,F209,兰州石化职业技术大学,2,208265
2023,1,64,应用化工技术(石油化工),F209,兰州石化职业技术大学,2,216287
2023,1,65,应用化工技术(石油炼制),F209,兰州石化职业技术大学,1,213914
2023,1,66,现代分析测试技术,F209,兰州石化职业技术大学,2,217667
2023,1,67,高分子材料工程技术,F209,兰州石化职业技术大学,2,217415
2023,1,6B,煤炭清洁利用工程,F209,兰州石化职业技术大学,2,220711
2023,1,6C,安全工程技术,F209,兰州石化职业技术大学,2,218006
2023,1,6D,现代精细化工技术,F209,兰州石化职业技术大学,2,220164
2023,1,6E,油气储运工程,F209,兰州石化职业技术大学,2,213196
2023,1,6F,智能制造工程技术,F209,兰州石化职业技术大学,2,214028
2023,1,6J,测绘工程技术,F209,兰州石化职业技术大学,2,217296
2023,1,6N,电气工程及自动化,F209,兰州石化职业技术大学,2,200907
2023,1,6P,现代测控工程技术,F209,兰州石化职业技术大学,2,215620
2023,1,01,国际商务(中外合作办学),F301,宁波诺丁汉大学,12,50700
2023,1,02,财务管理(中外合作办学),F301,宁波诺丁汉大学,13,46777
2023,1,03,传播学(中外合作办学),F301,宁波诺丁汉大学,10,52080
2023,1,04,国际事务与国际关系(中外合作办学),F301,宁波诺丁汉大学,5,50742
2023,1,05,经济学(中外合作办学),F301,宁波诺丁汉大学,17,45908
2023,1,07,英语(中外合作办学)(2加2),F301,宁波诺丁汉大学,3,51796
2023,1,08,英语(中外合作办学),F301,宁波诺丁汉大学,4,51032
2023,1,09,计算机科学与技术(中外合作办学)(2加2),F301,宁波诺丁汉大学,5,29422
2023,1,10,计算机科学与技术(中外合作办学),F301,宁波诺丁汉大学,9,37477
2023,1,11,数学与应用数学(中外合作办学)(2加2),F301,宁波诺丁汉大学,3,37856
2023,1,12,数学与应用数学(中外合作办学),F301,宁波诺丁汉大学,6,43336
2023,1,13,环境科学(中外合作办学)(2加2),F301,宁波诺丁汉大学,2,49276
2023,1,14,统计学(中外合作办学)(2加2),F301,宁波诺丁汉大学,4,38901
2023,1,15,化学(中外合作办学)(2加2),F301,宁波诺丁汉大学,1,34972
2023,1,16,建筑学(中外合作办学),F301,宁波诺丁汉大学,3,48572
2023,1,17,化工与制药类(中外合作办学)(2加2),F301,宁波诺丁汉大学,2,48580
2023,1,18,化工与制药类(中外合作办学),F301,宁波诺丁汉大学,2,48655
2023,1,19,电气类(中外合作办学)(2加2),F301,宁波诺丁汉大学,7,39985
2023,1,20,电气类(中外合作办学),F301,宁波诺丁汉大学,12,48031
2023,1,31,数学类(中外合作办学),F302,西交利物浦大学,18,45078
2023,1,32,电子信息类(中外合作办学),F302,西交利物浦大学,39,45942
2023,1,33,生物科学类(中外合作办学),F302,西交利物浦大学,11,41670
2023,1,34,化学类(中外合作办学),F302,西交利物浦大学,2,42620
2023,1,35,工商管理类(中外合作办学),F302,西交利物浦大学,22,44690
2023,1,36,金融学类(中外合作办学),F302,西交利物浦大学,36,43366
2023,1,37,建筑类(中外合作办学),F302,西交利物浦大学,8,46539
2023,1,39,外国语言文学类(中外合作办学),F302,西交利物浦大学,10,46424
2023,1,01,工商管理类(中外合作办学),F401,北京师范大学-香港浸会大学联合国际学院,10,60419
2023,1,02,新闻传播学类(中外合作办学),F401,北京师范大学-香港浸会大学联合国际学院,15,61716
2023,1,03,外国语言文学类(中外合作办学),F401,北京师范大学-香港浸会大学联合国际学院,3,61304
2023,1,04,计算机类(中外合作办学),F401,北京师范大学-香港浸会大学联合国际学院,10,54266
2023,1,05,会计学(中外合作办学),F401,北京师范大学-香港浸会大学联合国际学院,14,57520
2023,1,06,经济学(中外合作办学),F401,北京师范大学-香港浸会大学联合国际学院,6,56124
2023,1,07,社会学(中外合作办学),F401,北京师范大学-香港浸会大学联合国际学院,2,56029
2023,1,08,应用心理学(中外合作办学),F401,北京师范大学-香港浸会大学联合国际学院,4,53970
2023,1,09,食品科学与工程(中外合作办学),F401,北京师范大学-香港浸会大学联合国际学院,2,58087
2023,1,0A,环境科学(中外合作办学),F401,北京师范大学-香港浸会大学联合国际学院,2,60395
2023,1,0B,统计学(中外合作办学),F401,北京师范大学-香港浸会大学联合国际学院,4,56165
2023,1,0C,金融数学(中外合作办学),F401,北京师范大学-香港浸会大学联合国际学院,3,55154
2023,1,0D,数学与应用数学(中外合作办学),F401,北京师范大学-香港浸会大学联合国际学院,2,51339
2023,1,0E,人工智能(中外合作办学),F401,北京师范大学-香港浸会大学联合国际学院,2,51011
2023,1,22,金融学(中外合作办学)(国际金融方向),F405,温州肯恩大学,4,67018
2023,1,23,国际商务(中外合作办学),F405,温州肯恩大学,4,71782
2023,1,24,会计学(中外合作办学)(国际会计方向),F405,温州肯恩大学,4,67309
2023,1,25,市场营销(中外合作办学)(国际方向),F405,温州肯恩大学,4,76943
2023,1,26,英语(中外合作办学),F405,温州肯恩大学,6,77715
2023,1,27,心理学(中外合作办学),F405,温州肯恩大学,3,75448
2023,1,28,传播学(中外合作办学),F405,温州肯恩大学,3,75538
2023,1,29,生物科学(中外合作办学)(细胞与分子方向),F405,温州肯恩大学,3,61257
2023,1,30,建筑学(中外合作办学),F405,温州肯恩大学,3,75673
2023,1,32,数学与应用数学(中外合作办学)(数据分析方向),F405,温州肯恩大学,4,74981
2023,1,33,计算机科学与技术(中外合作办学),F405,温州肯恩大学,8,69898
2023,1,34,化学(中外合作办学),F405,温州肯恩大学,2,76046
2023,1,35,环境科学(中外合作办学),F405,温州肯恩大学,2,74400
2023,1,0C,生物科学(中外合作办学)(英语授课),F409,深圳北理莫斯科大学,2,74939
2023,1,0E,电子与计算机工程(中外合作办学),F409,深圳北理莫斯科大学,5,64333
2023,1,0G,智能感知工程(中外合作办学),F409,深圳北理莫斯科大学,2,67264
2023,1,0J,国际经济与贸易(中外合作办学),F409,深圳北理莫斯科大学,4,72529
2023,1,0L,金融科技(中外合作办学),F409,深圳北理莫斯科大学,2,69492
2023,1,01,数学与应用数学(中外合作办学),F410,广东以色列理工学院,4,39844
2023,1,02,生物技术(中外合作办学),F410,广东以色列理工学院,6,73956
2023,1,03,机械工程(中外合作办学),F410,广东以色列理工学院,4,35262
2023,1,04,材料科学与工程(中外合作办学),F410,广东以色列理工学院,7,74807
2023,1,05,化学工程与工艺(中外合作办学),F410,广东以色列理工学院,4,78071
2023,1,00,法学,G127,内蒙古科技大学包头师范学院,1,107242
2023,1,01,政治学与行政学,G127,内蒙古科技大学包头师范学院,2,176095
2023,1,03,思想政治教育(师范类),G127,内蒙古科技大学包头师范学院,1,147119
2023,1,05,小学教育(师范类，语文),G127,内蒙古科技大学包头师范学院,2,168521
2023,1,06,汉语言文学(师范类),G127,内蒙古科技大学包头师范学院,2,132570
2023,1,09,历史学(师范类),G127,内蒙古科技大学包头师范学院,2,166382
2023,1,12,人力资源管理,G127,内蒙古科技大学包头师范学院,2,194929
2023,1,14,图书馆学,G127,内蒙古科技大学包头师范学院,2,183376
2023,1,18,电子信息科学与技术,G127,内蒙古科技大学包头师范学院,2,189349
2023,1,30,新闻学,G127,内蒙古科技大学包头师范学院,2,203900
2023,1,31,数学与应用数学(师范类),G127,内蒙古科技大学包头师范学院,1,167402
2023,1,33,物理学(师范类),G127,内蒙古科技大学包头师范学院,2,193916
2023,1,36,化学(师范类),G127,内蒙古科技大学包头师范学院,2,186246
2023,1,39,地理科学(师范类),G127,内蒙古科技大学包头师范学院,1,147844
2023,1,42,生物科学(师范类),G127,内蒙古科技大学包头师范学院,2,180384
2023,1,45,应用心理学(师范类),G127,内蒙古科技大学包头师范学院,2,179936
2023,1,53,金融学,G127,内蒙古科技大学包头师范学院,2,194534
2023,1,57,英语(师范类),G127,内蒙古科技大学包头师范学院,2,184355
2023,1,01,工科试验班(自动化与电气工程),G213,哈尔滨工业大学(深圳),2,1481
2023,1,02,工科试验班(计算机与电子通信),G213,哈尔滨工业大学(深圳),6,1409
2023,1,01,基础医学(本博连读),H001,北京大学医学部,1,221
2023,1,02,临床医学(本博连读),H001,北京大学医学部,8,171
2023,1,03,临床医学,H001,北京大学医学部,2,214
2023,1,04,口腔医学(本博连读),H001,北京大学医学部,1,22
2023,1,05,口腔医学,H001,北京大学医学部,1,205
2023,1,06,预防医学(本硕连读),H001,北京大学医学部,3,307
2023,1,07,药学(本硕连读),H001,北京大学医学部,5,312
2023,1,08,英语(医学英语),H001,北京大学医学部,5,504
2023,1,02,国民经济管理(中外合作办学),H002,中国人民大学(苏州校区),2,7425
2023,1,03,金融学(中外合作办学),H002,中国人民大学(苏州校区),9,6681
2023,1,04,数学与应用数学(中外合作办学),H002,中国人民大学(苏州校区),2,4177
2023,1,06,传播学(中外合作办学)(国际新闻传播方向),H002,中国人民大学(苏州校区),1,8108
2023,1,20,信息管理与信息系统(中外合作办学),H004,北京交通大学(威海校区),13,35409
2023,1,21,通信工程(中外合作办学),H004,北京交通大学(威海校区),7,29761
2023,1,22,计算机科学与技术(中外合作办学),H004,北京交通大学(威海校区),11,28512
2023,1,23,环境工程(中外合作办学),H004,北京交通大学(威海校区),10,42369
2023,1,24,工商管理(中外合作办学),H004,北京交通大学(威海校区),9,37048
2023,1,25,会计学(中外合作办学),H004,北京交通大学(威海校区),8,29725
2023,1,11,电信工程及管理(中外合作办学),H013,北京邮电大学(宏福校区),15,15730
2023,1,12,物联网工程(中外合作办学),H013,北京邮电大学(宏福校区),8,12711
2023,1,13,电子信息工程(中外合作办学),H013,北京邮电大学(宏福校区),3,12154
2023,1,14,智能科学与技术(中外合作办学),H013,北京邮电大学(宏福校区),4,12447
2023,1,15,信息与计算科学(中外合作办学),H013,北京邮电大学(宏福校区),4,24767
2023,1,16,数字媒体技术(中外合作办学),H013,北京邮电大学(宏福校区),4,22165
2023,1,0N,社会科学试验班,H027,北京师范大学(珠海校区),8,11471
2023,1,0P,理科试验班,H027,北京师范大学(珠海校区),13,12405
2023,1,0Q,数学类,H027,北京师范大学(珠海校区),16,11688
2023,1,0R,人文科学试验班,H027,北京师范大学(珠海校区),8,8985
2023,1,05,临床医学,H127,内蒙古科技大学包头医学院,3,98449
2023,1,0B,预防医学,H127,内蒙古科技大学包头医学院,2,143403
2023,1,0E,法医学,H127,内蒙古科技大学包头医学院,3,120101
2023,1,0G,卫生检验与检疫,H127,内蒙古科技大学包头医学院,2,178645
2023,1,01,能源化学工程(能源、资源与生物化工新工科实验班),H141,大连理工大学(盘锦校区),10,18832
2023,1,05,海洋技术,H141,大连理工大学(盘锦校区),9,21391
2023,1,06,环境生态工程(生态与食品工科实验班),H141,大连理工大学(盘锦校区),5,20214
2023,1,08,生物科学类,H141,大连理工大学(盘锦校区),5,17763
2023,1,10,药学,H141,大连理工大学(盘锦校区),5,19112
2023,1,12,商务英语,H141,大连理工大学(盘锦校区),6,31282
2023,1,21,经济学类(经济与商务实验班),H141,大连理工大学(盘锦校区),5,18265
2023,1,17,过程装备与控制工程(中外合作办学),H141,大连理工大学(盘锦校区),11,37137
2023,1,18,应用化学(中外合作办学)(理学),H141,大连理工大学(盘锦校区),12,40096
2023,1,20,数理基础科学(中外合作办学),H141,大连理工大学(盘锦校区),12,33917
2023,1,01,经济学类,H145,东北大学秦皇岛分校,13,20245
2023,1,02,外国语言文学类,H145,东北大学秦皇岛分校,11,29191
2023,1,03,数学类,H145,东北大学秦皇岛分校,6,15308
2023,1,04,机械类,H145,东北大学秦皇岛分校,11,18055
2023,1,05,材料类,H145,东北大学秦皇岛分校,16,23161
2023,1,06,自动化类,H145,东北大学秦皇岛分校,11,14722
2023,1,07,仪器类(智能光电感知),H145,东北大学秦皇岛分校,7,19041
2023,1,08,工商管理类,H145,东北大学秦皇岛分校,25,23135
2023,1,09,计算机科学与技术,H145,东北大学秦皇岛分校,10,12949
2023,1,0A,物联网工程,H145,东北大学秦皇岛分校,3,14458
2023,1,0B,电子信息工程,H145,东北大学秦皇岛分校,8,14766
2023,1,0C,通信工程,H145,东北大学秦皇岛分校,7,14836
2023,1,0E,计算机科学与技术(中外合作办学),H145,东北大学秦皇岛分校,10,21579
2023,1,0F,通信工程(中外合作办学),H145,东北大学秦皇岛分校,10,27642
2023,1,0G,应用统计学(中外合作办学),H145,东北大学秦皇岛分校,5,29355
2023,1,0H,数学与应用数学(中外合作办学),H145,东北大学秦皇岛分校,12,32669
2023,1,01,工科试验班(电气与自动化),H213,哈尔滨工业大学(威海),80,9309
2023,1,02,工科试验班(计算机与电子通信),H213,哈尔滨工业大学(威海),210,8855
2023,1,03,工科试验班(机器人与智能装备),H213,哈尔滨工业大学(威海),102,10464
2023,1,18,数学类,H213,哈尔滨工业大学(威海),31,10496
2023,1,22,英语,H213,哈尔滨工业大学(威海),10,16634
2023,1,25,工科试验班(先进材料与智能制造类拔尖班),H213,哈尔滨工业大学(威海),7,5673
2023,1,26,工科试验班(智能土木类拔尖班),H213,哈尔滨工业大学(威海),3,7030
2023,1,29,软件工程,H213,哈尔滨工业大学(威海),70,9708
2023,1,2B,经济管理试验班,H213,哈尔滨工业大学(威海),10,12387
2023,1,24,船舶与海洋工程(中外合作办学),H213,哈尔滨工业大学(威海),10,27839
2023,1,61,临床医学(8年制本博连读，卓越医生计划),H246,复旦大学医学院,3,297
2023,1,65,口腔医学,H246,复旦大学医学院,2,538
2023,1,74,医学试验班(拔尖学生培养基地),H246,复旦大学医学院,14,1054
2023,1,75,临床医学(5年制，卓越医生计划),H246,复旦大学医学院,6,373
2023,1,01,临床医学(八年制本博连读),H248,上海交通大学医学院,4,287
2023,1,06,口腔医学(5+3一体化),H248,上海交通大学医学院,5,507
2023,1,15,医学试验班(临床方向),H248,上海交通大学医学院,8,424
2023,1,9A,临床医学(5+3一体化培养),H335,浙江大学医学院,7,678
2023,1,9B,口腔医学(5+3一体化培养),H335,浙江大学医学院,8,896
2023,1,9C,临床医学(5+3一体化培养，儿科方向),H335,浙江大学医学院,3,916
2023,1,02,新能源材料与器件,H359,合肥工业大学(宣城校区),6,26082
2023,1,09,计算机科学与技术,H359,合肥工业大学(宣城校区),5,15146
2023,1,0B,智能科学与技术,H359,合肥工业大学(宣城校区),4,19742
2023,1,0C,信息安全,H359,合肥工业大学(宣城校区),2,15527
2023,1,0D,经济学,H359,合肥工业大学(宣城校区),3,26150
2023,1,0H,英语,H359,合肥工业大学(宣城校区),2,31818
2023,1,0J,网络与新媒体,H359,合肥工业大学(宣城校区),2,25238
2023,1,0R,法学,H359,合肥工业大学(宣城校区),2,19520
2023,1,0S,电气工程与智能控制,H359,合肥工业大学(宣城校区),7,20035
2023,1,0U,物流管理,H359,合肥工业大学(宣城校区),7,36688
2023,1,0W,机械工程,H359,合肥工业大学(宣城校区),9,25214
2023,1,0Y,电子信息科学与技术,H359,合肥工业大学(宣城校区),2,18663
2023,1,10,城市地下空间工程,H359,合肥工业大学(宣城校区),23,37404
2023,1,A3,石油工程,H414,中国石油大学(北京)克拉玛依校区,16,47003
2023,1,A4,计算机类,H414,中国石油大学(北京)克拉玛依校区,20,37806
2023,1,B4,油气储运工程,H414,中国石油大学(北京)克拉玛依校区,7,48249
2023,1,B6,自动化,H414,中国石油大学(北京)克拉玛依校区,8,39079
2023,1,B7,安全工程,H414,中国石油大学(北京)克拉玛依校区,3,49200
2023,1,B8,新能源科学与工程,H414,中国石油大学(北京)克拉玛依校区,5,44606
2023,1,C1,数学与应用数学,H414,中国石油大学(北京)克拉玛依校区,7,42442
2023,1,C2,统计学,H414,中国石油大学(北京)克拉玛依校区,6,45965
2023,1,C3,英语,H414,中国石油大学(北京)克拉玛依校区,6,47173
2023,1,C4,俄语,H414,中国石油大学(北京)克拉玛依校区,3,52955
2023,1,C5,汉语言文学,H414,中国石油大学(北京)克拉玛依校区,6,38085
2023,1,D1,经济学,H414,中国石油大学(北京)克拉玛依校区,5,46186
2023,1,D2,金融学,H414,中国石油大学(北京)克拉玛依校区,6,48543
2023,1,D3,会计学,H414,中国石油大学(北京)克拉玛依校区,9,42360
2023,1,D4,思想政治教育,H414,中国石油大学(北京)克拉玛依校区,5,43788
2023,1,D5,资源勘查工程,H414,中国石油大学(北京)克拉玛依校区,9,53673
2023,1,D7,勘查技术与工程,H414,中国石油大学(北京)克拉玛依校区,9,54605
2023,1,D9,化学工程与工艺,H414,中国石油大学(北京)克拉玛依校区,12,50381
2023,1,DB,能源化学工程,H414,中国石油大学(北京)克拉玛依校区,9,47008
2023,1,DD,机械类,H414,中国石油大学(北京)克拉玛依校区,17,47829
2023,1,DF,环境工程,H414,中国石油大学(北京)克拉玛依校区,4,52699
2023,1,01,国际政治,H422,山东大学威海分校,4,16253
2023,1,02,经济学类,H422,山东大学威海分校,85,16651
2023,1,03,工商管理类,H422,山东大学威海分校,68,18122
2023,1,04,法学类,H422,山东大学威海分校,78,13078
2023,1,05,汉语言文学,H422,山东大学威海分校,52,14040
2023,1,06,新闻学,H422,山东大学威海分校,20,18678
2023,1,07,外国语言文学类,H422,山东大学威海分校,50,21219
2023,1,08,海洋科学,H422,山东大学威海分校,8,15016
2023,1,09,海洋资源开发技术,H422,山东大学威海分校,8,15703
2023,1,0A,智能制造工程,H422,山东大学威海分校,45,13467
2023,1,0B,自动化类,H422,山东大学威海分校,67,12150
2023,1,0C,电子信息类,H422,山东大学威海分校,57,11493
2023,1,0D,计算机类,H422,山东大学威海分校,46,10603
2023,1,0E,物理学,H422,山东大学威海分校,33,13970
2023,1,0F,数学类,H422,山东大学威海分校,78,12775
2023,1,16,计算机科学与技术(中外合作办学),H422,山东大学威海分校,66,16842
2023,1,17,数学与应用数学(中外合作办学),H422,山东大学威海分校,55,19172
2023,1,18,应用物理学(中外合作办学),H422,山东大学威海分校,50,24484
2023,1,19,应用化学(中外合作办学),H422,山东大学威海分校,35,28603
2023,1,1A,生物科学(中外合作办学),H422,山东大学威海分校,40,25294
2023,1,S1,软件工程(国家示范性软件学院),H614,电子科技大学(沙河校区),15,4359
2023,1,S2,软件工程(互联网交叉培养实验班),H614,电子科技大学(沙河校区),3,3685
2023,1,S4,集成电路设计与集成系统(国家示范性微电子学院),H614,电子科技大学(沙河校区),10,3704
2023,1,Y1,临床医学,H614,电子科技大学(沙河校区),12,9929
2023,1,Y2,护理学,H614,电子科技大学(沙河校区),5,29552
2023,1,G1,电子信息类(中外合作办学)(电子信息),H614,电子科技大学(沙河校区),6,8415
2023,1,G2,电子信息类(中外合作办学)(通信、微电子),H614,电子科技大学(沙河校区),9,9575
2023,1,GH,电子信息类(中外合作办学),H614,电子科技大学(沙河校区),3,13525
2023,1,81,信息管理与信息系统,H635,西南大学(荣昌校区),5,29128
2023,1,82,市场营销,H635,西南大学(荣昌校区),6,37482
2023,1,83,国际经济与贸易,H635,西南大学(荣昌校区),2,31131
2023,1,84,物流管理,H635,西南大学(荣昌校区),5,38719
2023,1,85,大数据管理与应用,H635,西南大学(荣昌校区),5,27783
2023,1,S1,动物科学,H635,西南大学(荣昌校区),10,41056
2023,1,U1,动物医学,H635,西南大学(荣昌校区),8,35597
2023,1,U2,动物药学,H635,西南大学(荣昌校区),2,39069
2023,1,U3,中兽医学,H635,西南大学(荣昌校区),2,38293
2023,1,V1,水产养殖学,H635,西南大学(荣昌校区),8,41637
2023,1,V2,水族科学与技术,H635,西南大学(荣昌校区),2,42486
2023,1,05,机械电子工程,M189,山西能源学院,3,206475
2023,1,10,化学工程与工艺,M189,山西能源学院,4,208249
2023,1,11,能源与动力工程,M189,山西能源学院,3,185732
2023,1,14,能源与环境系统工程,M189,山西能源学院,3,208403
2023,1,21,采矿工程,M189,山西能源学院,4,215018
2023,1,22,油气储运工程,M189,山西能源学院,3,207681
2023,1,24,资源勘查工程,M189,山西能源学院,4,215618
2023,1,26,测绘工程,M189,山西能源学院,3,213012
2023,1,27,安全工程,M189,山西能源学院,3,210202
2023,1,04,环境工程,M721,河北环境工程学院,3,195111
2023,1,15,软件工程,M721,河北环境工程学院,3,153764
2023,1,17,物流管理,M721,河北环境工程学院,2,197123
2023,1,23,新闻学,M721,河北环境工程学院,2,180178
2023,1,02,文学与社会科学院(学费每年95000港元),N012,香港珠海学院,3,187625
2023,1,03,商学院(学费每年95000港元),N012,香港珠海学院,5,196242
2023,1,05,理工学院(学费每年95000港元),N012,香港珠海学院,2,198734
2023,1,01,计算机类,P002,国防科技大学,12,2310
2023,1,02,电子信息类,P002,国防科技大学,14,2928
2023,1,03,航空航天类,P002,国防科技大学,9,3758
2023,1,04,自动化类,P002,国防科技大学,13,3629
2023,1,05,大气科学类,P002,国防科技大学,10,6301
2023,1,08,计算机科学与技术(天河拔尖班),P002,国防科技大学,4,1157
2023,1,09,理论与应用力学(航天力学拔尖班),P002,国防科技大学,3,2437
2023,1,D1,建筑环境与能源应用工程(全国人防通风空调与给排水工程师),P004,陆军工程大学,1,32281
2023,1,D2,土木工程(全国人防工程建筑结构设计与施工工程师),P004,陆军工程大学,1,47318
2023,1,D3,工程管理(全国人防建筑施工组织管理与监理工程师),P004,陆军工程大学,1,32448
2023,1,D4,建筑学(全国人防工程建筑设计工程师),P004,陆军工程大学,1,38474
2023,1,D5,电气工程及其自动化(全国人防电力工程及自动化技术工程师),P004,陆军工程大学,1,16917
2023,1,D6,网络工程(全国人防指挥自动化技术工程师),P004,陆军工程大学,1,21085
2023,1,01,临床医学(高级临床医师),P020,海军军医大学,6,4068
2023,1,02,临床医学(临床医师),P020,海军军医大学,13,8643
2023,1,03,麻醉学(临床麻醉医师),P020,海军军医大学,2,9535
2023,1,04,医学影像学(临床影像医师),P020,海军军医大学,1,7010
2023,1,05,中医学(中医临床医师),P020,海军军医大学,1,14098
2023,1,06,药学(药剂师),P020,海军军医大学,2,17663
2023,1,07,中药学(药剂师),P020,海军军医大学,1,22357
2023,1,08,生物技术,P020,海军军医大学,1,15559
2023,1,09,护理学(护师),P020,海军军医大学,1,30651
2023,1,01,基础医学(本硕博连读),P030,空军军医大学,2,10485
2023,1,02,临床医学(本硕博连读),P030,空军军医大学,4,4425
2023,1,03,临床医学,P030,空军军医大学,12,9828
2023,1,04,口腔医学(本硕博连读),P030,空军军医大学,1,1033
2023,1,05,口腔医学,P030,空军军医大学,4,7217
2023,1,06,生物医学工程,P030,空军军医大学,2,18589
2023,1,07,生物技术,P030,空军军医大学,2,20462
2023,1,08,药学,P030,空军军医大学,2,19841
2023,1,09,护理学,P030,空军军医大学,3,35082
2023,1,70,财务管理,Y000,哈尔滨理工大学,15,114600
2023,1,71,国际经济与贸易,Y000,哈尔滨理工大学,25,156361
2023,1,73,商务英语,Y000,哈尔滨理工大学,11,146377
2023,1,74,日语,Y000,哈尔滨理工大学,8,148219
2023,1,75,材料成型及控制工程,Y000,哈尔滨理工大学,15,140905
2023,1,76,机械设计制造及其自动化,Y000,哈尔滨理工大学,20,94121
2023,1,77,电气工程及其自动化,Y000,哈尔滨理工大学,30,69282
2023,1,78,软件工程,Y000,哈尔滨理工大学,36,100151
2023,1,79,朝鲜语,Y000,哈尔滨理工大学,9,187781
2023,1,80,俄语,Y000,哈尔滨理工大学,4,125474
2023,1,81,机械电子工程,Y000,哈尔滨理工大学,30,115418
2023,1,84,土木工程,Y000,哈尔滨理工大学,25,147347
2023,1,86,工商管理,Y000,哈尔滨理工大学,5,130688
2023,1,87,旅游管理,Y000,哈尔滨理工大学,5,150242
2023,1,88,食品科学与工程,Y000,哈尔滨理工大学,30,146027
2023,1,89,智能制造工程,Y000,哈尔滨理工大学,30,93254
2023,1,90,电气工程与智能控制,Y000,哈尔滨理工大学,40,73290
2023,1,94,电子信息科学与技术,Y000,哈尔滨理工大学,20,55143
2023,1,95,跨境电子商务,Y000,哈尔滨理工大学,15,159617
2023,1,X1,临床医学(五年制，非西藏生源定向西藏就业),Y001,山东大学,4,28880
2023,1,X2,计算机类(计算机与智能方向，非西藏生源定向西藏就业),Y001,山东大学,4,26666
2023,1,X3,预防医学(五年制，非西藏生源定向西藏就业),Y001,山东大学,4,33996
2023,1,X4,土木类(非西藏生源定向西藏就业),Y001,山东大学,3,39098
2023,1,20,化学工程与工艺(高密校区),Y003,青岛科技大学,120,149251
2023,1,21,国际经济与贸易(高密校区),Y003,青岛科技大学,120,143106
2023,1,22,计算机科学与技术(高密校区),Y003,青岛科技大学,156,79189
2023,1,23,英语(高密校区),Y003,青岛科技大学,120,129941
2023,1,24,高分子材料与工程(高密校区),Y003,青岛科技大学,120,152186
2023,1,25,机械工程(高密校区),Y003,青岛科技大学,126,120776
2023,1,26,电气工程及其自动化(高密校区),Y003,青岛科技大学,67,82342
2023,1,27,财务管理(高密校区),Y003,青岛科技大学,121,101954
2023,1,28,自动化(高密校区),Y003,青岛科技大学,67,94897
2023,1,3U,法学(高密校区),Y003,青岛科技大学,91,78463
2023,1,3V,社会工作(高密校区),Y003,青岛科技大学,60,142791
2023,1,A1,会计学(临沂校区),Y004,青岛理工大学,105,119783
2023,1,A2,机械设计制造及其自动化(临沂校区),Y004,青岛理工大学,140,143459
2023,1,A4,电子商务(临沂校区),Y004,青岛理工大学,105,166457
2023,1,A5,物流管理(临沂校区),Y004,青岛理工大学,105,171996
2023,1,A6,土木工程(临沂校区),Y004,青岛理工大学,280,185543
2023,1,A7,交通运输(临沂校区),Y004,青岛理工大学,70,132286
2023,1,A8,交通工程(临沂校区),Y004,青岛理工大学,104,156300
2023,1,B1,电气工程及其自动化(临沂校区),Y004,青岛理工大学,70,106087
2023,1,B3,工程管理(临沂校区),Y004,青岛理工大学,105,178465
2023,1,B5,房地产开发与管理(临沂校区),Y004,青岛理工大学,70,267050
2023,1,B7,机械工程(临沂校区),Y004,青岛理工大学,140,150801
2023,1,B8,工程审计(临沂校区),Y004,青岛理工大学,105,179184
2023,1,2Z,高分子材料与工程(菏泽校区),Y005,齐鲁工业大学,164,171515
2023,1,30,市场营销(菏泽校区),Y005,齐鲁工业大学,132,178551
2023,1,31,化学工程与工艺(菏泽校区),Y005,齐鲁工业大学,132,169864
2023,1,32,制药工程(菏泽校区),Y005,齐鲁工业大学,163,164656
2023,1,33,食品科学与工程(菏泽校区),Y005,齐鲁工业大学,163,165566
2023,1,34,行政管理(菏泽校区),Y005,齐鲁工业大学,132,161518
2023,1,35,化学(菏泽校区),Y005,齐鲁工业大学,132,176707
2023,1,36,人力资源管理(菏泽校区),Y005,齐鲁工业大学,132,167642
2023,1,37,市场营销(菏泽校区，校企合作，与鼎利产业发展有限公司),Y005,齐鲁工业大学,150,195021
2023,1,AU,思想政治教育(师范类，非西藏生源定向西藏就业),Y006,山东师范大学,2,85689
2023,1,FU,汉语言文学(师范类，非西藏生源定向西藏就业),Y006,山东师范大学,5,61282
2023,1,HU,英语(师范类，非西藏生源定向西藏就业),Y006,山东师范大学,5,84874
2023,1,PU,数学与应用数学(师范类，非西藏生源定向西藏就业),Y006,山东师范大学,1,82048
2023,1,VU,计算机科学与技术(师范类，非西藏生源定向西藏就业),Y006,山东师范大学,4,102935
2023,1,11,经济学类(济南走读),Y014,山东财经大学,10,63000
2023,1,13,金融学类(济南走读),Y014,山东财经大学,25,63528
2023,1,14,保险学(济南走读),Y014,山东财经大学,10,74441
2023,1,17,管理科学与工程类(济南走读),Y014,山东财经大学,90,124671
2023,1,18,电子商务类(济南走读),Y014,山东财经大学,50,155252
2023,1,19,工商管理类(济南走读),Y014,山东财经大学,50,94945
2023,1,1B,公共管理类(济南走读),Y014,山东财经大学,50,119005
2023,1,1H,新闻学(济南走读),Y014,山东财经大学,10,86232
2023,1,1J,外国语言文学类(济南走读),Y014,山东财经大学,15,111928
2023,1,1Q,计算机类(济南走读),Y014,山东财经大学,20,60270
2023,1,1R,汉语国际教育(济南走读),Y014,山东财经大学,20,92968
2023,1,75,能源与动力工程(济南走读),Y015,山东建筑大学,15,138513
2023,1,76,材料成型及控制工程(济南走读),Y015,山东建筑大学,10,165165
2023,1,77,计算机科学与技术(济南走读),Y015,山东建筑大学,15,109531
2023,1,78,软件工程(济南走读),Y015,山东建筑大学,10,116284
2023,1,79,土木工程(济南走读),Y015,山东建筑大学,20,143385
2023,1,80,城市地下空间工程(济南走读),Y015,山东建筑大学,10,153421
2023,1,81,工程管理(济南走读),Y015,山东建筑大学,10,154885
2023,1,82,建筑环境与能源应用工程(济南走读),Y015,山东建筑大学,15,152408
2023,1,83,给排水科学与工程(济南走读),Y015,山东建筑大学,15,158889
2023,1,84,机械工程(济南走读),Y015,山东建筑大学,20,143732
2023,1,85,建筑电气与智能化(济南走读),Y015,山东建筑大学,10,135374
2023,1,86,通信工程(济南走读),Y015,山东建筑大学,10,117018
2023,1,87,道路桥梁与渡河工程(济南走读),Y015,山东建筑大学,20,166162
2023,1,88,信息管理与信息系统(济南走读),Y015,山东建筑大学,10,139265
2023,1,89,测绘工程(济南走读),Y015,山东建筑大学,15,160191
2023,1,90,物联网工程(济南走读),Y015,山东建筑大学,10,118796
2023,1,91,材料科学与工程(济南走读),Y015,山东建筑大学,15,163469
2023,1,92,应用物理学(济南走读),Y015,山东建筑大学,10,152956
2023,1,93,光电信息科学与工程(济南走读),Y015,山东建筑大学,10,131604
2023,1,94,应用统计学(济南走读),Y015,山东建筑大学,10,137835
2023,1,95,无机非金属材料工程(济南走读),Y015,山东建筑大学,15,176787
2023,1,96,焊接技术与工程(济南走读),Y015,山东建筑大学,10,176766
2023,1,97,房地产开发与管理(济南走读),Y015,山东建筑大学,15,222591
2023,1,42,金融数学(济南走读),Y016,济南大学,15,120004
2023,1,43,数据科学与大数据技术(济南走读),Y016,济南大学,15,64242
2023,1,44,物理学(师范兼非师范，济南走读),Y016,济南大学,15,92910
2023,1,45,光电信息科学与工程(济南走读),Y016,济南大学,10,86200
2023,1,46,新能源科学与工程(济南走读),Y016,济南大学,10,88603
2023,1,4B,大数据管理与应用(济南走读),Y016,济南大学,15,99448
2023,1,4C,信息管理与信息系统(济南走读),Y016,济南大学,10,106881
2023,1,4D,日语(济南走读),Y016,济南大学,5,161600
2023,1,4E,法语(济南走读),Y016,济南大学,5,168795
2023,1,4F,法学(济南走读),Y016,济南大学,30,68708
2023,1,4G,社会工作(济南走读),Y016,济南大学,10,125329
2023,1,59,环境工程(济南走读),Y016,济南大学,15,134557
2023,1,5A,地理科学(师范兼非师范，济南走读),Y016,济南大学,10,80370
2023,1,5B,应急管理(济南走读),Y016,济南大学,5,128028
2023,1,5D,工业设计(济南走读),Y016,济南大学,10,120421
2023,1,5G,生物技术(济南走读),Y016,济南大学,15,122236
2023,1,5H,药学(济南走读),Y016,济南大学,10,106298
2023,1,5J,生物制药(济南走读),Y016,济南大学,15,122353
2023,1,5K,标准化工程(济南走读),Y016,济南大学,5,122019
2023,1,5L,汉语言文学(师范类，济南走读),Y016,济南大学,20,63691
2023,1,5M,数学与应用数学(师范类，济南走读),Y016,济南大学,15,86622
2023,1,5N,英语(师范兼非师范，济南走读),Y016,济南大学,30,90809
2023,1,5P,思想政治教育(师范类，济南走读),Y016,济南大学,15,75488
2023,1,5R,应用心理学(师范类，济南走读),Y016,济南大学,15,112409
2023,1,5T,新闻传播学类(济南走读),Y016,济南大学,20,117766
2023,1,5U,工商管理类(济南走读),Y016,济南大学,30,104934
2023,1,5V,经济学类(济南走读),Y016,济南大学,30,108327
2023,1,5W,公共管理类(济南走读),Y016,济南大学,15,125738
2023,1,5X,材料类(济南走读),Y016,济南大学,40,146734
2023,1,5Y,化学类(济南走读),Y016,济南大学,25,119507
2023,1,5Z,化工与制药类(济南走读),Y016,济南大学,25,138373
2023,1,60,机械类(济南走读),Y016,济南大学,30,110862
2023,1,61,土木类(济南走读),Y016,济南大学,30,148505
2023,1,62,建筑类(济南走读),Y016,济南大学,10,116112
2023,1,63,自动化类(济南走读),Y016,济南大学,30,77269
2023,1,64,计算机类(济南走读),Y016,济南大学,20,55675
2023,1,65,电子信息类(济南走读),Y016,济南大学,15,70471
2023,1,66,水利类(济南走读),Y016,济南大学,15,124068
2023,1,67,旅游管理类(济南走读),Y016,济南大学,40,157222
2023,1,68,历史学(师范类，济南走读),Y016,济南大学,5,71816
2023,1,02,历史学(师范类),Y017,青岛大学,40,66372
2023,1,07,思想政治教育(师范类),Y017,青岛大学,30,56336
2023,1,0A,物理学(师范类),Y017,青岛大学,35,88111
2023,1,0B,化学(师范类),Y017,青岛大学,35,80131
2023,1,0F,汉语言文学(师范类),Y017,青岛大学,35,45417
2023,1,0S,数学与应用数学(师范类),Y017,青岛大学,61,77877
2023,1,61,地理科学(师范类),Y017,青岛大学,40,75813
2023,1,6Y,英语(师范类),Y017,青岛大学,20,63659
2023,1,8J,材料类,Y017,青岛大学,10,71986
2023,1,8L,护理学,Y017,青岛大学,10,69419
2023,1,8M,旅游管理,Y017,青岛大学,10,93019
2023,1,9N,纺织工程(卓越创新班),Y017,青岛大学,10,83505
2023,1,TC,朝鲜语(外语语种须为英语，地方专项计划),Y018,山东科技大学,15,246141
2023,1,TF,海洋技术(地方专项计划),Y018,山东科技大学,15,105580
2023,1,TJ,金属材料工程(地方专项计划),Y018,山东科技大学,15,120148
2023,1,TM,建筑环境与能源应用工程(地方专项计划),Y018,山东科技大学,15,132588
2023,1,TP,城市地下空间工程(地方专项计划),Y018,山东科技大学,15,174994
2023,1,TR,水文与水资源工程(地方专项计划),Y018,山东科技大学,15,100941
2023,1,TV,地质工程(地方专项计划),Y018,山东科技大学,15,116516
2023,1,TY,资源勘查工程(地方专项计划),Y018,山东科技大学,35,147909
2023,1,U0,智能采矿工程(地方专项计划),Y018,山东科技大学,30,235894
2023,1,U2,交通运输(地方专项计划),Y018,山东科技大学,15,77248
2023,1,U5,环境工程(地方专项计划),Y018,山东科技大学,15,119089
2023,1,U7,安全工程(地方专项计划),Y018,山东科技大学,15,95109
2023,1,U9,生物制药(地方专项计划),Y018,山东科技大学,15,94128
