year,round,major_code,major_name,school_code,school_name,plan_count,min_rank
2024,1,17,文科试验班类(文科基础类专业),A001,北京大学,22,157
2024,1,58,理科试验班类(理科基础类专业),A001,北京大学,44,125
2024,1,01,人文科学试验班,A002,中国人民大学,2,781
2024,1,07,新闻传播学类,A002,中国人民大学,3,1348
2024,1,08,法学,A002,中国人民大学,8,733
2024,1,10,国际政治,A002,中国人民大学,2,1649
2024,1,11,人力资源管理(经管交叉试验班，含法学与劳动治理实验班),A002,中国人民大学,2,1056
2024,1,12,理科试验班(化学与生命资源拔尖班),A002,中国人民大学,1,997
2024,1,13,理科试验班类(物理学拔尖班，含严济慈物理学英才班),A002,中国人民大学,2,970
2024,1,14,人工智能(拔尖班),A002,中国人民大学,2,455
2024,1,16,统计学类,A002,中国人民大学,8,801
2024,1,17,计算机类(英才班),A002,中国人民大学,9,763
2024,1,18,数学类(英才班),A002,中国人民大学,5,889
2024,1,G1,社会科学试验班(管理学科类),A002,中国人民大学,2,1646
2024,1,G2,经济学类,A002,中国人民大学,9,1288
2024,1,G3,工商管理类(数智化方向，含双学位项目),A002,中国人民大学,8,1498
2024,1,G4,金融学类,A002,中国人民大学,6,954
2024,1,S1,计算机类(图灵实验班),A002,中国人民大学,2,526
2024,1,S2,财政学(财政学与数学双主学位项目),A002,中国人民大学,2,1039
2024,1,S3,金融学(金融学与数学双主学位项目),A002,中国人民大学,2,576
2024,1,S4,金融学(金融学与大数据技术双主学位项目),A002,中国人民大学,1,640
2024,1,S9,工商管理类(数科与营销管理双主学位项目),A002,中国人民大学,2,1280
2024,1,T5,社会科学试验班(统计学与公共管理学双主学位项目),A002,中国人民大学,2,1428
2024,1,1A,理科试验班类(物理基础类),A003,清华大学,69,124
2024,1,1B,文科试验班类(通用基础类),A003,清华大学,2,
2024,1,1C,临床医学类,A003,清华大学,5,83
2024,1,01,理科试验班类(詹天佑试点班信息类),A004,北京交通大学,3,5075
2024,1,02,理科试验班类(詹天佑试点班智能类),A004,北京交通大学,4,5725
2024,1,03,自动化类,A004,北京交通大学,7,8747
2024,1,04,电子信息类,A004,北京交通大学,15,8116
2024,1,05,计算机类,A004,北京交通大学,7,5832
2024,1,09,电气类,A004,北京交通大学,14,8596
2024,1,10,理科试验班(数学与统计),A004,北京交通大学,4,8942
2024,1,11,理科试验班(智能光电与纳米技术),A004,北京交通大学,7,9678
2024,1,12,软件工程,A004,北京交通大学,7,7068
2024,1,14,系统科学与工程(智能交通系统),A004,北京交通大学,3,12169
2024,1,15,建筑类(建筑与规划),A004,北京交通大学,3,23420
2024,1,16,经济管理试验班(经济类、管科类),A004,北京交通大学,10,17935
2024,1,17,文科试验班类(经管学院工商类),A004,北京交通大学,4,13419
2024,1,18,外国语言文学类,A004,北京交通大学,5,21657
2024,1,19,新闻传播学类,A004,北京交通大学,4,18358
2024,1,20,法学,A004,北京交通大学,5,11294
2024,1,33,交通运输类,A004,北京交通大学,14,11927
2024,1,35,土木类(智慧建造与智能工程),A004,北京交通大学,3,21228
2024,1,37,机械类(智能制造与智能装备),A004,北京交通大学,14,12634
2024,1,31,纳米材料与技术(中外合作办学),A004,北京交通大学,6,34527
2024,1,32,机械电子工程(中外合作办学),A004,北京交通大学,6,26002
2024,1,05,能源动力类,A005,北京工业大学,3,15345
2024,1,26,机械类,A005,北京工业大学,4,14947
2024,1,28,土木类,A005,北京工业大学,7,36700
2024,1,32,建筑学,A005,北京工业大学,5,35751
2024,1,35,经济统计学,A005,北京工业大学,2,23443
2024,1,52,软件工程(中外合作办学),A005,北京工业大学,2,26240
2024,1,53,物联网工程(中外合作办学),A005,北京工业大学,5,30767
2024,1,54,电子信息工程(中外合作办学),A005,北京工业大学,4,26903
2024,1,55,金融学(中外合作办学),A005,北京工业大学,4,36192
2024,1,01,计算机科学与技术(拔尖学生培养计划),A006,北京航空航天大学,2,442
2024,1,02,数学与应用数学(拔尖学生培养计划),A006,北京航空航天大学,1,648
2024,1,03,工程力学(拔尖学生培养计划),A006,北京航空航天大学,2,729
2024,1,04,物理学(拔尖学生培养计划),A006,北京航空航天大学,2,856
2024,1,06,工科试验班类(未来空天领军计划),A006,北京航空航天大学,3,511
2024,1,07,理科试验班类(中法工程师学院),A006,北京航空航天大学,3,1222
2024,1,08,工科试验班类(医工交叉试验班),A006,北京航空航天大学,5,1307
2024,1,10,网络空间安全(卓越人才培养试验班),A006,北京航空航天大学,2,719
2024,1,11,微电子科学与工程(卓越人才培养试验班),A006,北京航空航天大学,2,622
2024,1,12,人工智能(卓越人才培养试验班),A006,北京航空航天大学,1,524
2024,1,14,工科试验班类(信息类),A006,北京航空航天大学,68,1135
2024,1,16,社会科学试验班,A006,北京航空航天大学,13,5011
2024,1,5J,工科试验班类(航空H航天类),A006,北京航空航天大学,45,1411
2024,1,5L,理科试验班类,A006,北京航空航天大学,10,1349
2024,1,2B,工科试验班类(中外合作办学，中法航空试验班),A006,北京航空航天大学,7,5003
2024,1,01,工科试验班(未来精工技术),A007,北京理工大学,10,834
2024,1,02,工科试验班(徐特立英才班),A007,北京理工大学,35,1175
2024,1,03,工科试验班(拔尖计划),A007,北京理工大学,4,1205
2024,1,06,工科试验班(信息科学技术),A007,北京理工大学,35,1644
2024,1,07,工科试验班(电子信息实验班),A007,北京理工大学,30,1785
2024,1,Q6,工科试验班(宇航与机电类),A007,北京理工大学,20,1824
2024,1,Q8,理科试验班(理学与材料菁英班),A007,北京理工大学,6,1520
2024,1,H1,会计学(中外合作办学),A007,北京理工大学,2,10574
2024,1,01,理科试验班,A008,北京科技大学,6,7757
2024,1,02,工科试验班类,A008,北京科技大学,10,9448
2024,1,03,理科试验班(纳米科学与工程试验班),A008,北京科技大学,2,6177
2024,1,04,材料科学与工程(高精尖班),A008,北京科技大学,3,7142
2024,1,05,人工智能,A008,北京科技大学,6,9751
2024,1,06,材料科学与工程,A008,北京科技大学,21,16027
2024,1,08,大数据管理与应用(大数据与金融试验班),A008,北京科技大学,8,15524
2024,1,11,自动化类,A008,北京科技大学,12,10856
2024,1,12,计算机类,A008,北京科技大学,8,8022
2024,1,13,通信工程,A008,北京科技大学,7,10502
2024,1,14,冶金工程,A008,北京科技大学,7,18376
2024,1,15,储能科学与工程,A008,北京科技大学,6,15096
2024,1,17,安全工程,A008,北京科技大学,4,15679
2024,1,19,数学类,A008,北京科技大学,5,11673
2024,1,20,应用物理学,A008,北京科技大学,3,11577
2024,1,21,应用化学,A008,北京科技大学,2,15454
2024,1,22,生物技术,A008,北京科技大学,3,15085
2024,1,23,工商管理类(数智管理与经济试验班),A008,北京科技大学,8,18147
2024,1,24,社会科学试验班,A008,北京科技大学,10,18544
2024,1,25,外国语言文学类,A008,北京科技大学,6,22494
2024,1,29,材料智能技术,A008,北京科技大学,2,12487
2024,1,2A,机械类,A008,北京科技大学,23,14825
2024,1,2C,能源动力类(能源、环境专业),A008,北京科技大学,14,14923
2024,1,01,经济与金融,A009,北方工业大学,3,37740
2024,1,03,法学,A009,北方工业大学,2,23162
2024,1,04,知识产权,A009,北方工业大学,2,27412
2024,1,05,英语,A009,北方工业大学,2,42994
2024,1,07,信息与计算科学,A009,北方工业大学,2,31705
2024,1,0A,机械设计制造及其自动化(创新实验班),A009,北方工业大学,2,28561
2024,1,0B,材料成型及控制工程,A009,北方工业大学,2,40967
2024,1,0C,机械电子工程(智能制造与新能源汽车),A009,北方工业大学,1,31138
2024,1,0D,工业设计,A009,北方工业大学,2,41417
2024,1,0G,电气工程及其自动化,A009,北方工业大学,4,26992
2024,1,0H,电子信息工程,A009,北方工业大学,3,26265
2024,1,0J,电子信息工程(创新实验班),A009,北方工业大学,2,23256
2024,1,0K,通信工程,A009,北方工业大学,3,27990
2024,1,0M,人工智能,A009,北方工业大学,3,27765
2024,1,0P,自动化(创新实验班),A009,北方工业大学,1,26249
2024,1,0Q,自动化(智能无人机),A009,北方工业大学,3,27737
2024,1,0R,计算机科学与技术,A009,北方工业大学,2,24141
2024,1,0S,计算机科学与技术(创新实验班),A009,北方工业大学,1,20684
2024,1,0T,信息安全,A009,北方工业大学,2,29719
2024,1,0Y,智能建造,A009,北方工业大学,2,48659
2024,1,10,智慧交通,A009,北方工业大学,2,53154
2024,1,11,建筑学,A009,北方工业大学,1,46267
2024,1,12,建筑学(海外交换),A009,北方工业大学,2,64548
2024,1,13,城乡规划,A009,北方工业大学,1,48046
2024,1,1B,储能科学与工程,A009,北方工业大学,2,37275
2024,1,1P,数据科学与大数据技术(中外合作办学),A009,北方工业大学,3,59318
2024,1,1Q,土木工程(中外合作办学),A009,北方工业大学,2,186381
2024,1,01,工科试验班(宏德书院),A010,北京化工大学,5,15935
2024,1,02,化学(基础拔尖),A010,北京化工大学,3,18778
2024,1,03,法学(卓越实验班),A010,北京化工大学,2,14530
2024,1,07,计算机类,A010,北京化工大学,15,15082
2024,1,08,理科试验班(数学、物理电子与管理),A010,北京化工大学,15,18753
2024,1,17,化学工程与工艺(化工、大数据双学士学位),A010,北京化工大学,4,17255
2024,1,18,生物工程(生工、大数据双学士学位),A010,北京化工大学,4,18390
2024,1,19,化学(化学、生工双学士学位),A010,北京化工大学,2,20045
2024,1,20,材料科学与工程(材料、大数据双学士学位),A010,北京化工大学,2,18914
2024,1,23,化学工程与工艺(化工、法语联合学士学位),A010,北京化工大学,2,20303
2024,1,24,工科试验班(绿色化工与生物医药),A010,北京化工大学,26,24119
2024,1,26,自动化类(高端装备与智能制造),A010,北京化工大学,26,18379
2024,1,28,工商管理类(新文科经管法),A010,北京化工大学,15,23845
2024,1,2A,工科试验班(先进材料),A010,北京化工大学,29,24243
2024,1,2C,理科试验班(绿色化学),A010,北京化工大学,9,22368
2024,1,13,化工与制药类(中外合作办学)(中法精英工程教育试验班),A010,北京化工大学,9,38424
2024,1,14,生物工程(中外合作办学)(中美双学位、生物过程工程),A010,北京化工大学,5,45467
2024,1,15,机械设计制造及其自动化(中外合作办学)(中美双学位、机器人方向),A010,北京化工大学,6,37452
2024,1,16,工业设计(中外合作办学)(中意设计双学位),A010,北京化工大学,3,38505
2024,1,05,会计学(大数据实验班),A011,北京工商大学,5,27065
2024,1,09,物流管理与工程类,A011,北京工商大学,7,49343
2024,1,0A,法学,A011,北京工商大学,5,24995
2024,1,0M,香料香精技术与工程(交叉学科特色实验班),A011,北京工商大学,5,66487
2024,1,0N,材料类(新材料智造方向),A011,北京工商大学,5,60021
2024,1,0Q,应用化学(日化创新实验班),A011,北京工商大学,5,65332
2024,1,0S,化妆品技术与工程,A011,北京工商大学,5,61635
2024,1,0T,酿酒工程(酿造领军人才实验班),A011,北京工商大学,6,80114
2024,1,0U,生物工程(生物智造方向),A011,北京工商大学,5,63841
2024,1,0Y,食品质量与安全(数智化创新实验班),A011,北京工商大学,5,58185
2024,1,10,数字经济,A011,北京工商大学,5,45245
2024,1,11,经济学(实验班),A011,北京工商大学,6,34795
2024,1,0X,食品科学与工程(中外合作办学),A011,北京工商大学,5,145139
2024,1,21,服装设计与工程,A012,北京服装学院,3,90232
2024,1,22,工业设计,A012,北京服装学院,2,109812
2024,1,23,高分子材料与工程,A012,北京服装学院,7,168386
2024,1,24,轻化工程,A012,北京服装学院,5,155151
2024,1,25,传播学,A012,北京服装学院,1,68650
2024,1,26,广告学,A012,北京服装学院,2,67333
2024,1,27,国际经济与贸易,A012,北京服装学院,1,82306
2024,1,28,工商管理类,A012,北京服装学院,6,94416
2024,1,29,信息管理与信息系统,A012,北京服装学院,2,118504
2024,1,01,计算机类(元班),A013,北京邮电大学,5,2225
2024,1,02,电子信息类(元班),A013,北京邮电大学,7,2584
2024,1,03,通信工程(大类招生),A013,北京邮电大学,22,3886
2024,1,05,计算机类,A013,北京邮电大学,17,3301
2024,1,06,软件工程,A013,北京邮电大学,10,4098
2024,1,07,网络空间安全(大类招生),A013,北京邮电大学,15,4467
2024,1,08,人工智能(大类招生),A013,北京邮电大学,18,4780
2024,1,0D,工商管理类,A013,北京邮电大学,5,19463
2024,1,0F,英语(语言智能实验班),A013,北京邮电大学,4,19802
2024,1,0G,法学,A013,北京邮电大学,2,10200
2024,1,0K,网络与新媒体,A013,北京邮电大学,2,14522
2024,1,0L,电子信息类,A013,北京邮电大学,15,4345
2024,1,11,印刷工程,A015,北京印刷学院,2,105296
2024,1,13,印刷工程(毕昇卓越班),A015,北京印刷学院,1,103181
2024,1,14,包装工程,A015,北京印刷学院,1,111993
2024,1,22,机械工程,A015,北京印刷学院,2,107691
2024,1,23,自动化,A015,北京印刷学院,2,97454
2024,1,41,计算机科学与技术,A015,北京印刷学院,2,84598
2024,1,43,智能科学与技术,A015,北京印刷学院,2,103804
2024,1,44,信息安全(数字版权保护),A015,北京印刷学院,2,88279
2024,1,61,编辑出版学,A015,北京印刷学院,1,40668
2024,1,62,编辑出版学(韬奋实验班),A015,北京印刷学院,1,46457
2024,1,64,数字出版,A015,北京印刷学院,1,65911
2024,1,65,传播学(国际出版实验班),A015,北京印刷学院,1,64319
2024,1,72,广告学,A015,北京印刷学院,1,75610
2024,1,73,传播学,A015,北京印刷学院,1,57492
2024,1,21,建筑学(实验班),A016,北京建筑大学,1,32220
2024,1,22,建筑学,A016,北京建筑大学,1,36939
2024,1,24,风景园林,A016,北京建筑大学,1,48865
2024,1,31,智能建造,A016,北京建筑大学,2,55752
2024,1,32,土木工程(实验班),A016,北京建筑大学,3,87322
2024,1,33,土木工程,A016,北京建筑大学,3,75562
2024,1,34,交通工程(智能交通),A016,北京建筑大学,1,35660
2024,1,41,建筑环境与能源应用工程(实验班),A016,北京建筑大学,1,48516
2024,1,42,建筑环境与能源应用工程,A016,北京建筑大学,1,67812
2024,1,43,给排水科学与工程,A016,北京建筑大学,3,59494
2024,1,45,环境科学(碳减排碳中和),A016,北京建筑大学,1,41883
2024,1,46,环境工程(海绵城市建设),A016,北京建筑大学,1,46607
2024,1,47,环境生态工程(城市生态环境修复),A016,北京建筑大学,1,47401
2024,1,51,自动化(建筑智能控制与机器人),A016,北京建筑大学,1,29431
2024,1,53,电气工程及其自动化(城市电网),A016,北京建筑大学,1,24465
2024,1,55,建筑电气与智能化,A016,北京建筑大学,1,41181
2024,1,61,工程管理(实验班),A016,北京建筑大学,1,49819
2024,1,62,工程管理,A016,北京建筑大学,1,45521
2024,1,63,工程造价,A016,北京建筑大学,1,45352
2024,1,66,法学,A016,北京建筑大学,2,26924
2024,1,72,导航工程,A016,北京建筑大学,1,33040
2024,1,73,测绘类(智慧城市类),A016,北京建筑大学,1,43230
2024,1,01,材料科学与工程,A017,北京石油化工学院,5,129435
2024,1,02,高分子材料与工程,A017,北京石油化工学院,2,117114
2024,1,03,化学工程与工艺,A017,北京石油化工学院,4,109396
2024,1,05,生物制药,A017,北京石油化工学院,4,114873
2024,1,06,药物分析,A017,北京石油化工学院,2,107356
2024,1,07,机械工程,A017,北京石油化工学院,5,97599
2024,1,08,环境工程,A017,北京石油化工学院,5,154134
2024,1,09,机器人工程,A017,北京石油化工学院,3,82081
2024,1,10,能源与动力工程,A017,北京石油化工学院,8,112630
2024,1,11,新能源科学与工程,A017,北京石油化工学院,2,77709
2024,1,12,智能制造工程,A017,北京石油化工学院,2,90091
2024,1,13,电气工程及其自动化,A017,北京石油化工学院,2,73904
2024,1,14,计算机科学与技术,A017,北京石油化工学院,2,59681
2024,1,16,物联网工程,A017,北京石油化工学院,2,73498
2024,1,17,自动化,A017,北京石油化工学院,3,80172
2024,1,18,大数据管理与应用,A017,北京石油化工学院,2,78477
2024,1,24,旅游管理,A017,北京石油化工学院,2,109929
2024,1,27,安全工程,A017,北京石油化工学院,4,135987
2024,1,28,安全生产监管,A017,北京石油化工学院,2,155051
2024,1,01,理科试验班类(生命科学),A019,中国农业大学,2,3491
2024,1,02,理科试验班(信息科学),A019,中国农业大学,2,4286
2024,1,03,理科试验班(智能装备),A019,中国农业大学,2,6110
2024,1,04,农学,A019,中国农业大学,4,7101
2024,1,06,园林,A019,中国农业大学,2,12425
2024,1,08,生物科学类,A019,中国农业大学,4,5310
2024,1,11,动物科学,A019,中国农业大学,3,13065
2024,1,13,食品科学与工程类,A019,中国农业大学,8,10366
2024,1,14,农业工程类,A019,中国农业大学,4,11663
2024,1,15,机械类,A019,中国农业大学,4,10475
2024,1,16,电子信息类,A019,中国农业大学,5,6070
2024,1,17,计算机类,A019,中国农业大学,3,5861
2024,1,20,数学与应用数学,A019,中国农业大学,3,8628
2024,1,21,工程力学,A019,中国农业大学,2,12140
2024,1,22,经济学类,A019,中国农业大学,4,11682
2024,1,24,法学,A019,中国农业大学,2,6909
2024,1,25,社会学类,A019,中国农业大学,2,11386
2024,1,28,农村区域发展,A019,中国农业大学,2,8895
2024,1,33,水产养殖学,A019,中国农业大学,70,44373
2024,1,34,设施农业科学与工程,A019,中国农业大学,71,36394
2024,1,35,市场营销,A019,中国农业大学,99,35026
2024,1,36,公共事业管理,A019,中国农业大学,72,27306
2024,1,37,电子商务,A019,中国农业大学,90,36495
2024,1,38,葡萄与葡萄酒工程,A019,中国农业大学,50,40066
2024,1,39,草坪科学与工程,A019,中国农业大学,30,45121
2024,1,43,工商管理类,A019,中国农业大学,6,11351
2024,1,44,园艺,A019,中国农业大学,2,13360
2024,1,46,植物保护,A019,中国农业大学,3,12573
2024,1,48,环境科学与工程类,A019,中国农业大学,5,12099
2024,1,4A,动物医学类,A019,中国农业大学,4,11997
2024,1,4C,水利类,A019,中国农业大学,2,11999
2024,1,4E,化学类,A019,中国农业大学,3,11770
2024,1,4G,地理科学类,A019,中国农业大学,4,14287
2024,1,30,国际经济与贸易(中外合作办学),A019,中国农业大学,5,23390
2024,1,31,传播学(中外合作办学),A019,中国农业大学,4,27340
2024,1,32,农林经济管理(中外合作办学),A019,中国农业大学,6,32246
2024,1,01,生物工程,A020,北京农学院,3,95165
2024,1,02,应用化学,A020,北京农学院,2,123919
2024,1,04,农业资源与环境,A020,北京农学院,2,117610
2024,1,07,园艺,A020,北京农学院,2,90415
2024,1,10,动物医学,A020,北京农学院,2,55669
2024,1,20,食品科学与工程,A020,北京农学院,2,119338
2024,1,21,食品质量与安全,A020,北京农学院,2,121012
2024,1,22,酿酒工程,A020,北京农学院,2,134520
2024,1,26,法学,A020,北京农学院,2,49090
2024,1,27,社会工作,A020,北京农学院,2,89546
2024,1,28,农村区域发展(规划),A020,北京农学院,2,84042
2024,1,29,会展经济与管理(策划与设计),A020,北京农学院,2,104206
2024,1,45,工商管理(品牌管理),A020,北京农学院,2,86098
2024,1,31,国际经济与贸易(中外合作办学),A020,北京农学院,4,122570
2024,1,32,食品科学与工程(中外合作办学),A020,北京农学院,4,168697
2024,1,33,农业资源与环境(中外合作办学),A020,北京农学院,4,229314
2024,1,12,地理信息科学,A022,北京林业大学,3,22113
2024,1,13,水土保持与荒漠化防治,A022,北京林业大学,3,36870
2024,1,14,自然地理与资源环境,A022,北京林业大学,3,22836
2024,1,15,土木工程,A022,北京林业大学,2,44371
2024,1,16,生物科学类,A022,北京林业大学,3,21276
2024,1,19,风景园林,A022,北京林业大学,9,24575
2024,1,21,城乡规划,A022,北京林业大学,2,28282
2024,1,24,国际经济与贸易,A022,北京林业大学,3,23986
2024,1,25,金融学,A022,北京林业大学,3,22289
2024,1,26,统计学,A022,北京林业大学,2,18213
2024,1,27,信息管理与信息系统(管理信息方向),A022,北京林业大学,2,21877
2024,1,31,机械设计制造及其自动化,A022,北京林业大学,5,20736
2024,1,32,车辆工程,A022,北京林业大学,4,24376
2024,1,33,自动化,A022,北京林业大学,4,18078
2024,1,34,电气工程及其自动化,A022,北京林业大学,5,16525
2024,1,38,法学,A022,北京林业大学,2,16472
2024,1,39,应用心理学,A022,北京林业大学,2,20367
2024,1,40,英语,A022,北京林业大学,3,24469
2024,1,41,商务英语,A022,北京林业大学,1,27851
2024,1,42,日语(日英复语),A022,北京林业大学,3,29754
2024,1,43,信息管理与信息系统,A022,北京林业大学,2,24345
2024,1,44,计算机类,A022,北京林业大学,10,15877
2024,1,45,数学与应用数学,A022,北京林业大学,4,20169
2024,1,46,电子信息科学与技术,A022,北京林业大学,4,16386
2024,1,50,环境科学,A022,北京林业大学,2,29429
2024,1,51,环境工程,A022,北京林业大学,3,31944
2024,1,52,给排水科学与工程,A022,北京林业大学,2,33311
2024,1,53,草业科学(梁希实验班),A022,北京林业大学,3,37821
2024,1,54,草坪科学与工程,A022,北京林业大学,2,44108
2024,1,55,生物科学(拔尖班),A022,北京林业大学,2,16079
2024,1,56,林学类(梁希实验班),A022,北京林业大学,2,26492
2024,1,57,水土保持与荒漠化防治(梁希实验班),A022,北京林业大学,2,32397
2024,1,58,风景园林(梁希实验班),A022,北京林业大学,2,17842
2024,1,59,林业工程类(梁希实验班),A022,北京林业大学,2,31564
2024,1,63,数字经济,A022,北京林业大学,2,26629
2024,1,64,法学(卓越法治人才实验班),A022,北京林业大学,2,15184
2024,1,65,生物技术(与园艺专业双学士学位项目),A022,北京林业大学,2,27113
2024,1,66,木材科学与工程(德语复合人才实验班),A022,北京林业大学,1,29932
2024,1,67,园艺,A022,北京林业大学,2,39416
2024,1,6A,林学类,A022,北京林业大学,7,32421
2024,1,6C,食品科学与工程,A022,北京林业大学,5,28398
2024,1,6E,园林,A022,北京林业大学,4,24637
2024,1,6G,工商管理类,A022,北京林业大学,8,23609
2024,1,6J,林业工程类,A022,北京林业大学,9,39770
2024,1,68,生物技术(中外合作办学),A022,北京林业大学,2,50694
2024,1,69,木材科学与工程(中外合作办学),A022,北京林业大学,3,59378
2024,1,02,药学,A023,北京协和医学院,3,2620
2024,1,03,护理学,A023,北京协和医学院,8,28392
2024,1,01,临床医学(阶平班),A025,首都医科大学,3,955
2024,1,02,临床医学(5+3一体化),A025,首都医科大学,5,1788
2024,1,03,儿科学(5+3一体化),A025,首都医科大学,2,5104
2024,1,04,口腔医学(5+3一体化),A025,首都医科大学,1,1566
2024,1,05,临床医学,A025,首都医科大学,5,3836
2024,1,07,口腔医学,A025,首都医科大学,1,3026
2024,1,08,精神医学,A025,首都医科大学,2,8724
2024,1,10,基础医学,A025,首都医科大学,2,12747
2024,1,11,预防医学,A025,首都医科大学,3,16344
2024,1,13,临床药学,A025,首都医科大学,1,15154
2024,1,16,生物医学工程,A025,首都医科大学,1,14858
2024,1,17,假肢矫形工程,A025,首都医科大学,1,15819
2024,1,18,智能医学工程,A025,首都医科大学,2,20055
2024,1,19,康复物理治疗,A025,首都医科大学,1,19142
2024,1,20,康复作业治疗,A025,首都医科大学,1,29684
2024,1,21,公共事业管理(卫生管理),A025,首都医科大学,1,26476
2024,1,23,护理学,A025,首都医科大学,2,23146
2024,1,24,助产学,A025,首都医科大学,2,40202
2024,1,01,中医学(领军人才培养计划),A026,北京中医药大学,1,1350
2024,1,02,中西医临床医学(华佗班),A026,北京中医药大学,1,1573
2024,1,03,中药学(时珍国药班),A026,北京中医药大学,1,6791
2024,1,05,中医学(卓越中医儿科班5+3一体化),A026,北京中医药大学,1,7222
2024,1,07,中医学(实验班),A026,北京中医药大学,5,8344
2024,1,08,中医骨伤科学,A026,北京中医药大学,2,12178
2024,1,19,英语(医学),A026,北京中医药大学,2,26444
2024,1,20,英语(中医药国际传播),A026,北京中医药大学,1,23816
2024,1,21,护理学,A026,北京中医药大学,7,39913
2024,1,22,中医学(卓越5+3一体化),A026,北京中医药大学,14,6578
2024,1,24,中医学,A026,北京中医药大学,8,10955
2024,1,26,针灸推拿学,A026,北京中医药大学,8,14414
2024,1,28,中药学,A026,北京中医药大学,9,22951
2024,1,2A,中药制药,A026,北京中医药大学,2,24096
2024,1,2C,药学,A026,北京中医药大学,2,15140
2024,1,2E,生物工程,A026,北京中医药大学,2,23494
2024,1,2G,康复治疗学,A026,北京中医药大学,2,25445
2024,1,2J,公共管理类,A026,北京中医药大学,5,29665
2024,1,2L,药事管理,A026,北京中医药大学,1,22248
2024,1,2N,大数据管理与应用,A026,北京中医药大学,7,26072
2024,1,2Q,法学(医药卫生),A026,北京中医药大学,1,16588
2024,1,1G,戏剧影视文学,A027,北京师范大学,3,12230
2024,1,1N,人文科学试验班,A027,北京师范大学,28,3831
2024,1,1P,历史学类,A027,北京师范大学,2,2715
2024,1,1Q,社会科学试验班,A027,北京师范大学,28,5040
2024,1,1R,数学类,A027,北京师范大学,11,2672
2024,1,1S,物理学类,A027,北京师范大学,22,4335
2024,1,1T,理科试验班,A027,北京师范大学,33,5924
2024,1,G1,教育学类,A027,北京师范大学,6,5981
2024,1,03,中国语言文学类,A028,首都师范大学,4,17576
2024,1,10,世界史(外语双学士学位项目),A028,首都师范大学,2,20721
2024,1,20,教育学,A028,首都师范大学,4,23467
2024,1,22,数学与应用数学(教育部拔尖计划实验班),A028,首都师范大学,2,11695
2024,1,23,数学类(数理实验班),A028,首都师范大学,2,15124
2024,1,25,光电信息科学与工程,A028,首都师范大学,4,26114
2024,1,29,生物科学类,A028,首都师范大学,2,27319
2024,1,30,生物科学类(实验班),A028,首都师范大学,2,26589
2024,1,35,地理信息科学(考古学双学士学位项目),A028,首都师范大学,2,28610
2024,1,37,电子信息工程,A028,首都师范大学,4,21001
2024,1,38,计算机科学与技术,A028,首都师范大学,3,17115
2024,1,42,英语,A028,首都师范大学,3,21163
2024,1,43,俄语,A028,首都师范大学,2,30070
2024,1,45,德语,A028,首都师范大学,2,33781
2024,1,47,西班牙语,A028,首都师范大学,2,35043
2024,1,04,外交学,A030,北京外国语大学,2,9583
2024,1,05,国际组织与全球治理,A030,北京外国语大学,1,11069
2024,1,08,英语,A030,北京外国语大学,2,8557
2024,1,09,英语(中央财经大学金融学专业联合培养),A030,北京外国语大学,2,6408
2024,1,10,英语(中国政法大学联合培养涉外法治人才),A030,北京外国语大学,2,6451
2024,1,12,英语(国别与区域研究),A030,北京外国语大学,1,9698
2024,1,13,英语(外语教育),A030,北京外国语大学,2,9500
2024,1,20,西班牙语(中国人民大学国际新闻传播专业联合培养),A030,北京外国语大学,1,4898
2024,1,21,西班牙语(葡语),A030,北京外国语大学,2,12306
2024,1,45,翻译(外交外事高级翻译),A030,北京外国语大学,3,3923
2024,1,49,国际新闻与传播(英语),A030,北京外国语大学,2,11961
2024,1,50,外国语言与外国历史,A030,北京外国语大学,2,16748
2024,1,54,法学,A030,北京外国语大学,1,7729
2024,1,56,俄语,A030,北京外国语大学,2,19436
2024,1,58,德语,A030,北京外国语大学,2,11459
2024,1,5A,法语,A030,北京外国语大学,1,7603
2024,1,5C,法语(国际关系),A030,北京外国语大学,2,11468
2024,1,5E,西班牙语,A030,北京外国语大学,1,9913
2024,1,5G,西班牙语(商务),A030,北京外国语大学,2,10181
2024,1,5J,日语(日本研究),A030,北京外国语大学,2,14059
2024,1,5L,传播学,A030,北京外国语大学,1,15776
2024,1,02,英语(人文交流),A031,北京第二外国语学院,2,30380
2024,1,05,日语(人文交流),A031,北京第二外国语学院,2,44872
2024,1,08,朝鲜语(人文交流),A031,北京第二外国语学院,1,58053
2024,1,0A,俄语,A031,北京第二外国语学院,2,41739
2024,1,0B,德语,A031,北京第二外国语学院,2,37335
2024,1,0C,法语,A031,北京第二外国语学院,2,36779
2024,1,0D,西班牙语,A031,北京第二外国语学院,1,36278
2024,1,0E,葡萄牙语(国别与区域),A031,北京第二外国语学院,1,43144
2024,1,0H,匈牙利语,A031,北京第二外国语学院,1,52638
2024,1,0L,阿拉伯语,A031,北京第二外国语学院,2,44689
2024,1,0N,翻译(中英法复语实验班),A031,北京第二外国语学院,1,32008
2024,1,0P,翻译(涉外法律服务实验班),A031,北京第二外国语学院,1,30359
2024,1,0Q,旅游管理,A031,北京第二外国语学院,1,43798
2024,1,0R,酒店管理,A031,北京第二外国语学院,1,61210
2024,1,0S,会展经济与管理(国际会展活动策划与运营),A031,北京第二外国语学院,1,41523
2024,1,0U,市场营销(一带一路营销),A031,北京第二外国语学院,1,41247
2024,1,0X,财务管理(智能财务),A031,北京第二外国语学院,1,30399
2024,1,10,国际经济与贸易(国际服务贸易),A031,北京第二外国语学院,1,37692
2024,1,11,金融学(跨境金融),A031,北京第二外国语学院,2,41627
2024,1,13,贸易经济(国际文化贸易),A031,北京第二外国语学院,1,36962
2024,1,1A,国际事务与国际关系(国际组织),A031,北京第二外国语学院,1,44710
2024,1,1C,汉语言文学(多语复合),A031,北京第二外国语学院,1,21837
2024,1,1E,新闻学(融媒体国际新闻),A031,北京第二外国语学院,2,34532
2024,1,01,经济学(经济金融统计与分析),A032,北京语言大学,2,32874
2024,1,02,金融学,A032,北京语言大学,3,34903
2024,1,03,国际经济与贸易,A032,北京语言大学,2,33984
2024,1,04,国际政治,A032,北京语言大学,2,29498
2024,1,05,国际事务与国际关系,A032,北京语言大学,2,33987
2024,1,07,汉语言文学,A032,北京语言大学,6,21553
2024,1,08,汉语国际教育,A032,北京语言大学,6,26766
2024,1,10,外国语言文学类,A032,北京语言大学,4,29458
2024,1,20,语言学,A032,北京语言大学,4,42438
2024,1,25,翻译(本地化),A032,北京语言大学,1,31406
2024,1,26,翻译(英语),A032,北京语言大学,1,27477
2024,1,27,翻译(汉英法),A032,北京语言大学,1,23884
2024,1,30,心理学,A032,北京语言大学,5,85263
2024,1,32,会计学,A032,北京语言大学,1,23403
2024,1,3E,传播学(梧桐计划人才实验班),A032,北京语言大学,3,29775
2024,1,3F,国际组织与全球治理,A032,北京语言大学,2,34067
2024,1,3L,新闻学(国际新闻),A032,北京语言大学,3,29124
2024,1,3M,网络与新媒体(智能媒体),A032,北京语言大学,3,27349
2024,1,3N,新闻学(国际出版),A032,北京语言大学,3,39674
2024,1,3P,人力资源管理(大数据应用),A032,北京语言大学,1,31890
2024,1,3Q,古典文献学,A032,北京语言大学,2,26575
2024,1,3S,计算机类,A032,北京语言大学,18,33832
2024,1,25,广播电视编导(电视编辑方向),A033,中国传媒大学,2,19798
2024,1,26,广播电视编导(文艺编导方向),A033,中国传媒大学,3,20372
2024,1,27,戏剧影视文学(影视编剧方向),A033,中国传媒大学,2,15081
2024,1,30,数字媒体技术(智能交互与游戏技术方向),A033,中国传媒大学,3,8959
2024,1,32,广告学,A033,中国传媒大学,3,17597
2024,1,34,网络与新媒体(智能融媒体运营方向),A033,中国传媒大学,3,12466
2024,1,35,国际新闻与传播,A033,中国传媒大学,3,9565
2024,1,41,新闻学(数据新闻方向),A033,中国传媒大学,3,11462
2024,1,42,传播学,A033,中国传媒大学,3,12626
2024,1,43,传播学(舆情分析方向),A033,中国传媒大学,3,13129
2024,1,44,传播学(智能与计算传播方向),A033,中国传媒大学,3,15977
2024,1,45,英语,A033,中国传媒大学,2,17751
2024,1,46,翻译,A033,中国传媒大学,3,18025
2024,1,48,汉语言,A033,中国传媒大学,2,13452
2024,1,50,通信工程,A033,中国传媒大学,4,13861
2024,1,51,广播电视工程(智能视听技术方向),A033,中国传媒大学,2,18575
2024,1,52,电子信息工程,A033,中国传媒大学,3,13582
2024,1,53,智能装备与系统(演艺工程与智能技术方向),A033,中国传媒大学,2,17666
2024,1,54,数字媒体技术,A033,中国传媒大学,3,10625
2024,1,55,物联网工程,A033,中国传媒大学,3,16507
2024,1,56,人工智能,A033,中国传媒大学,3,15389
2024,1,57,智能科学与技术,A033,中国传媒大学,3,15298
2024,1,58,数据科学与大数据技术,A033,中国传媒大学,3,14869
2024,1,59,计算机科学与技术,A033,中国传媒大学,4,11901
2024,1,60,网络空间安全,A033,中国传媒大学,3,15312
2024,1,61,文化产业管理,A033,中国传媒大学,3,18674
2024,1,63,大数据管理与应用,A033,中国传媒大学,2,16301
2024,1,69,政治学与行政学(国家治理与政治传播方向),A033,中国传媒大学,3,17972
2024,1,H2,数字媒体技术(中外合作办学),A033,中国传媒大学,6,44978
2024,1,H3,智能科学与技术(中外合作办学),A033,中国传媒大学,5,43348
2024,1,H4,广告学(中外合作办学),A033,中国传媒大学,3,25978
2024,1,H5,传播学(中外合作办学),A033,中国传媒大学,4,23070
2024,1,01,财政学类,A034,中央财经大学,7,6205
2024,1,02,税收学(北理工智能、税收联培项目),A034,中央财经大学,2,4872
2024,1,03,金融学(金融学、金融学北京外国语大学英语专业联培),A034,中央财经大学,2,3586
2024,1,04,金融学类,A034,中央财经大学,6,4252
2024,1,05,金融科技(北航计算机联培项目),A034,中央财经大学,2,3349
2024,1,06,工商管理类(会计学院),A034,中央财经大学,7,4916
2024,1,08,保险学(北理工智能、保险联培项目),A034,中央财经大学,2,8615
2024,1,09,精算学,A034,中央财经大学,6,7148
2024,1,11,统计学类,A034,中央财经大学,8,5920
2024,1,12,数学类,A034,中央财经大学,4,6876
2024,1,15,经济学类,A034,中央财经大学,4,5475
2024,1,16,工商管理类(商学院),A034,中央财经大学,4,9674
2024,1,17,管理科学与工程类,A034,中央财经大学,3,8912
2024,1,18,大数据管理与应用(许国志大数据英才班),A034,中央财经大学,4,6306
2024,1,19,投资学,A034,中央财经大学,5,11140
2024,1,33,计算机类,A034,中央财经大学,4,6257
2024,1,35,经济学(数理经济与数理金融),A034,中央财经大学,3,4575
2024,1,36,金融学(国际金融与公司理财),A034,中央财经大学,3,5992
2024,1,37,财政学(财政理论与政策),A034,中央财经大学,3,5372
2024,1,38,法学(卓越法治人才教育培养计划),A034,中央财经大学,6,6101
2024,1,14,国际经济与贸易(中外合作办学)(国际贸易、金融风险管理),A034,中央财经大学,8,17022
2024,1,01,金融学类,A036,对外经济贸易大学,15,10269
2024,1,02,经济学类,A036,对外经济贸易大学,6,7414
2024,1,04,国际经济与贸易(国际组织人才基地班),A036,对外经济贸易大学,3,6178
2024,1,06,数字经济,A036,对外经济贸易大学,3,11287
2024,1,08,金融工程(大类招生),A036,对外经济贸易大学,3,9764
2024,1,09,金融工程(量化金融实验班),A036,对外经济贸易大学,4,7983
2024,1,10,工商管理类,A036,对外经济贸易大学,13,8583
2024,1,24,数据科学与大数据技术(可参加与法学、保险学双学士学位项目选拔),A036,对外经济贸易大学,5,8540
2024,1,28,精算学,A036,对外经济贸易大学,4,12674
2024,1,33,金融数学,A036,对外经济贸易大学,3,8993
2024,1,34,经济统计学,A036,对外经济贸易大学,3,7851
2024,1,35,法学类,A036,对外经济贸易大学,8,5176
2024,1,01,经济学(实验班),A037,北京物资学院,1,50183
2024,1,02,经济学,A037,北京物资学院,1,58950
2024,1,04,金融学(期货与证券实验班),A037,北京物资学院,4,65813
2024,1,05,金融学,A037,北京物资学院,3,67129
2024,1,06,金融科技,A037,北京物资学院,2,82096
2024,1,07,物流管理,A037,北京物资学院,1,76900
2024,1,09,采购管理,A037,北京物资学院,1,71598
2024,1,12,计算机科学与技术(实验班),A037,北京物资学院,2,50881
2024,1,14,物联网工程,A037,北京物资学院,1,50723
2024,1,17,人工智能,A037,北京物资学院,1,66286
2024,1,21,电子商务,A037,北京物资学院,1,61000
2024,1,23,商务英语(实验班),A037,北京物资学院,2,95099
2024,1,24,会计学(注册会计师),A037,北京物资学院,3,45676
2024,1,25,会计学(智能会计),A037,北京物资学院,2,50254
2024,1,26,财务管理,A037,北京物资学院,1,49092
2024,1,27,数据科学与大数据技术,A037,北京物资学院,1,56731
2024,1,28,应用统计学,A037,北京物资学院,1,55882
2024,1,29,物流工程(京东科技实验班),A037,北京物资学院,1,74217
2024,1,30,大数据管理与应用(中外合作办学),A037,北京物资学院,6,147186
2024,1,01,公共管理类,A038,首都经济贸易大学,4,36452
2024,1,12,计算机科学与技术,A038,首都经济贸易大学,4,28414
2024,1,15,工业工程,A038,首都经济贸易大学,3,46200
2024,1,19,金融学(国际金融英文班),A038,首都经济贸易大学,3,27465
2024,1,28,工商管理(国际会计),A038,首都经济贸易大学,3,25147
2024,1,53,会计学(数智化国际会计卓越班),A038,首都经济贸易大学,4,21593
2024,1,32,统计学(中外合作办学),A038,首都经济贸易大学,5,59053
2024,1,00,法学,A041,中国人民公安大学,4,11404
2024,1,10,马克思主义理论,A043,北京体育大学,1,22357
2024,1,12,运动人体科学,A043,北京体育大学,2,32415
2024,1,13,运动康复,A043,北京体育大学,2,28951
2024,1,14,智能体育工程,A043,北京体育大学,1,26655
2024,1,15,汉语国际教育,A043,北京体育大学,1,25318
2024,1,16,英语,A043,北京体育大学,2,28911
2024,1,27,新闻学,A043,北京体育大学,1,25998
2024,1,29,网络与新媒体,A043,北京体育大学,1,26515
2024,1,30,应用心理学,A043,北京体育大学,1,33947
2024,1,31,数据科学与大数据技术,A043,北京体育大学,4,26869
2024,1,33,体育经济与管理,A043,北京体育大学,2,30632
2024,1,35,公共事业管理,A043,北京体育大学,1,27845
2024,1,36,旅游管理,A043,北京体育大学,1,34107
2024,1,49,康复物理治疗,A043,北京体育大学,3,47039
2024,1,H1,休闲体育(中外合作办学),A043,北京体育大学,5,100574
2024,1,H2,旅游管理(中外合作办学),A043,北京体育大学,5,114176
2024,1,12,艺术史论,A047,中央美术学院,3,29675
2024,1,13,艺术管理,A047,中央美术学院,2,41237
2024,1,14,文化产业管理,A047,中央美术学院,1,39601
2024,1,15,艺术教育,A047,中央美术学院,1,41877
2024,1,16,工业设计,A047,中央美术学院,2,37341
2024,1,17,城市设计,A047,中央美术学院,2,29883
2024,1,19,艺术管理(中外合作办学),A047,中央美术学院,3,63742
2024,1,20,艺术史论(中外合作办学),A047,中央美术学院,3,54948
2024,1,0D,戏剧影视文学(戏剧创作),A048,中央戏剧学院,3,24869
2024,1,0E,戏剧影视文学(电视剧创作),A048,中央戏剧学院,2,24983
2024,1,0F,戏剧学(戏剧史论与批评),A048,中央戏剧学院,2,29699
2024,1,0M,戏剧教育,A048,中央戏剧学院,3,33097
2024,1,0N,戏剧影视文学(戏曲文学),A049,中国戏曲学院,3,71245
2024,1,0W,艺术管理(国际文化交流),A049,中国戏曲学院,1,65927
2024,1,31,戏剧影视文学(剧作),A050,北京电影学院,3,25075
2024,1,32,电影学(制片与市场),A050,北京电影学院,5,53989
2024,1,34,电影学,A050,北京电影学院,2,38739
2024,1,35,戏剧影视文学(动漫策划),A050,北京电影学院,2,30832
2024,1,37,数字媒体技术,A050,北京电影学院,2,21801
2024,1,38,广播电视编导,A050,北京电影学院,4,37261
2024,1,39,网络与新媒体,A050,北京电影学院,3,49950
2024,1,13,艺术管理,A051,北京舞蹈学院,1,57870
2024,1,20,数字经济,A052,中央民族大学,2,18808
2024,1,21,哲学类,A052,中央民族大学,3,15463
2024,1,22,经济学类,A052,中央民族大学,15,17967
2024,1,23,法学类,A052,中央民族大学,15,12406
2024,1,25,社会学类,A052,中央民族大学,4,16364
2024,1,26,民族学,A052,中央民族大学,3,16011
2024,1,27,历史学类,A052,中央民族大学,4,15317
2024,1,29,历史学,A052,中央民族大学,4,14992
2024,1,30,教育学,A052,中央民族大学,3,18777
2024,1,32,汉语言文学,A052,中央民族大学,6,10640
2024,1,33,汉语国际教育,A052,中央民族大学,4,15806
2024,1,34,新闻传播学类,A052,中央民族大学,8,18750
2024,1,35,工商管理类,A052,中央民族大学,12,17502
2024,1,36,公共管理类,A052,中央民族大学,6,18524
2024,1,37,外国语言文学类,A052,中央民族大学,5,18712
2024,1,39,日语,A052,中央民族大学,2,19887
2024,1,51,信息与计算科学,A052,中央民族大学,8,16502
2024,1,52,统计学类,A052,中央民族大学,8,17068
2024,1,53,纳米材料与技术,A052,中央民族大学,8,20611
2024,1,54,光电信息科学与工程,A052,中央民族大学,8,15760
2024,1,55,电子信息类,A052,中央民族大学,15,14574
2024,1,56,计算机类,A052,中央民族大学,19,14045
2024,1,58,生物科学类,A052,中央民族大学,14,19700
2024,1,59,环境科学与工程类,A052,中央民族大学,8,24711
2024,1,60,环境科学(中外合作办学),A052,中央民族大学,5,43286
2024,1,61,数据科学与大数据技术(中外合作办学),A052,中央民族大学,5,31666
2024,1,01,哲学(拔尖创新人才培养实验班),A053,中国政法大学,3,11838
2024,1,02,法学,A053,中国政法大学,28,3810
2024,1,03,法学(法学人才培养模式改革实验班),A053,中国政法大学,10,2259
2024,1,04,法学(涉外法治人才培养实验班),A053,中国政法大学,7,2475
2024,1,09,社会工作,A053,中国政法大学,1,9220
2024,1,11,汉语言文学,A053,中国政法大学,2,8601
2024,1,12,英语(法律英语实验班),A053,中国政法大学,4,10468
2024,1,13,翻译(法律翻译实验班),A053,中国政法大学,2,9780
2024,1,14,德语(法律德语实验班),A053,中国政法大学,3,13144
2024,1,16,网络与新媒体,A053,中国政法大学,1,8816
2024,1,17,应用心理学,A053,中国政法大学,1,10872
2024,1,18,工商管理,A053,中国政法大学,4,14899
2024,1,19,国际商务(涉外法商人才培养实验班),A053,中国政法大学,3,8649
2024,1,20,行政管理,A053,中国政法大学,3,13216
2024,1,21,公共事业管理,A053,中国政法大学,1,14380
2024,1,23,国际政治,A053,中国政法大学,3,10993
2024,1,24,政治学与行政学,A053,中国政法大学,3,7920
2024,1,25,经济学,A053,中国政法大学,1,9346
2024,1,26,金融工程(成思危现代金融菁英班),A053,中国政法大学,6,15678
2024,1,27,信息管理与信息系统(数据法学实验班),A053,中国政法大学,2,9732
2024,1,28,法学(北京外国语大学联合培养涉外法治人才),A053,中国政法大学,4,1711
2024,1,83,法学(纪检、监察实验班),A053,中国政法大学,3,2707
2024,1,01,电气工程及其自动化,A054,华北电力大学(北京),14,6084
2024,1,02,智能电网信息工程,A054,华北电力大学(北京),3,6160
2024,1,04,电子科学与技术,A054,华北电力大学(北京),1,8501
2024,1,05,通信工程,A054,华北电力大学(北京),2,10389
2024,1,06,机械工程,A054,华北电力大学(北京),1,11388
2024,1,07,材料科学与工程,A054,华北电力大学(北京),1,15403
2024,1,09,储能科学与工程,A054,华北电力大学(北京),2,12623
2024,1,0A,氢能科学与工程,A054,华北电力大学(北京),2,10177
2024,1,0B,测控技术与仪器,A054,华北电力大学(北京),2,13671
2024,1,0C,人工智能,A054,华北电力大学(北京),1,10487
2024,1,0E,机器人工程,A054,华北电力大学(北京),1,11677
2024,1,0F,计算机科学与技术,A054,华北电力大学(北京),4,11671
2024,1,0G,软件工程,A054,华北电力大学(北京),3,11689
2024,1,0H,网络空间安全,A054,华北电力大学(北京),3,12341
2024,1,0J,金融学,A054,华北电力大学(北京),2,26104
2024,1,0K,工程管理,A054,华北电力大学(北京),2,20769
2024,1,0L,工商管理,A054,华北电力大学(北京),3,26165
2024,1,0M,会计学,A054,华北电力大学(北京),3,18991
2024,1,0N,供应链管理,A054,华北电力大学(北京),1,17933
2024,1,0R,法学,A054,华北电力大学(北京),3,16866
2024,1,0S,网络与新媒体,A054,华北电力大学(北京),2,19659
2024,1,0T,公共管理类,A054,华北电力大学(北京),3,25948
2024,1,0U,信息与计算科学,A054,华北电力大学(北京),2,15150
2024,1,0V,应用物理学,A054,华北电力大学(北京),1,15663
2024,1,0W,数据科学与大数据技术,A054,华北电力大学(北京),2,12335
2024,1,0X,外国语言文学类,A054,华北电力大学(北京),1,22397
2024,1,0Z,碳储科学与工程,A054,华北电力大学(北京),1,15146
2024,1,12,水利类,A054,华北电力大学(北京),3,20274
2024,1,13,电子信息工程,A054,华北电力大学(北京),2,10394
2024,1,15,能源与动力工程,A054,华北电力大学(北京),9,13691
2024,1,17,自动化,A054,华北电力大学(北京),4,11827
2024,1,19,能源动力类(新能源),A054,华北电力大学(北京),5,12938
2024,1,1B,核工程类,A054,华北电力大学(北京),6,16491
2024,1,1D,应用化学,A054,华北电力大学(北京),3,20409
2024,1,1F,环境科学,A054,华北电力大学(北京),1,20301
2024,1,07,法学,A055,南开大学,3,2725
2024,1,10,经济学类,A055,南开大学,11,3458
2024,1,11,金融学类,A055,南开大学,9,2789
2024,1,12,临床医学(5+3一体化),A055,南开大学,9,2884
2024,1,15,中国语言文学类,A055,南开大学,5,3895
2024,1,17,工商管理类(未来商业领导者计划),A055,南开大学,10,3863
2024,1,18,理科试验班(数学与大数据),A055,南开大学,12,1898
2024,1,21,工科试验班(信息科学与技术),A055,南开大学,45,2810
2024,1,3S,理科试验班(物理与光电信息技术工程),A055,南开大学,27,2891
2024,1,3T,理科试验班(物质科学与可持续发展),A055,南开大学,16,3126
2024,1,03,建筑类,A056,天津大学,5,7444
2024,1,06,工科试验班(智能制造与建造),A056,天津大学,44,7175
2024,1,07,工科试验班(高新舰船与海洋装备智能设计与管理),A056,天津大学,15,6877
2024,1,09,工科试验班(精仪与光电信息类),A056,天津大学,46,4135
2024,1,11,工科试验班(电气信息类),A056,天津大学,42,3567
2024,1,12,工科试验班(智能与计算类),A056,天津大学,40,3346
2024,1,13,工科试验班(化工能源与生命健康类),A056,天津大学,32,6981
2024,1,16,医学试验班(新医科),A056,天津大学,24,6688
2024,1,01,机械设计制造及其自动化,A057,天津科技大学,4,42396
2024,1,03,工业设计,A057,天津科技大学,4,55569
2024,1,04,过程装备与控制工程,A057,天津科技大学,4,59831
2024,1,05,车辆工程,A057,天津科技大学,4,46422
2024,1,06,智能制造工程,A057,天津科技大学,2,37696
2024,1,07,测控技术与仪器,A057,天津科技大学,3,46317
2024,1,08,通信工程,A057,天津科技大学,2,36451
2024,1,09,微电子科学与工程,A057,天津科技大学,4,37342
2024,1,10,自动化,A057,天津科技大学,4,35214
2024,1,11,机器人工程,A057,天津科技大学,3,38332
2024,1,12,电气工程及其自动化,A057,天津科技大学,3,32533
2024,1,13,人工智能,A057,天津科技大学,4,30991
2024,1,14,计算机科学与技术,A057,天津科技大学,4,30312
2024,1,15,软件工程,A057,天津科技大学,4,32083
2024,1,17,数据科学与大数据技术,A057,天津科技大学,3,34190
2024,1,19,数字媒体技术,A057,天津科技大学,3,40776
2024,1,20,食品科学与工程,A057,天津科技大学,4,56175
2024,1,21,食品质量与安全,A057,天津科技大学,4,72886
2024,1,22,食品营养与健康,A057,天津科技大学,4,81688
2024,1,23,制药工程,A057,天津科技大学,5,54452
2024,1,24,生物工程,A057,天津科技大学,4,58574
2024,1,25,应用化学,A057,天津科技大学,6,83423
2024,1,26,材料化学,A057,天津科技大学,6,75844
2024,1,27,高分子材料与工程,A057,天津科技大学,4,52619
2024,1,28,化学工程与工艺,A057,天津科技大学,5,60951
2024,1,29,海洋科学,A057,天津科技大学,3,70093
2024,1,30,海洋技术,A057,天津科技大学,3,79774
2024,1,32,环境工程,A057,天津科技大学,3,78626
2024,1,33,环境科学,A057,天津科技大学,3,82316
2024,1,34,轻化工程,A057,天津科技大学,4,68468
2024,1,35,包装工程,A057,天津科技大学,3,92680
2024,1,37,金融工程,A057,天津科技大学,3,61474
2024,1,39,国际经济与贸易,A057,天津科技大学,3,56585
2024,1,41,财务管理,A057,天津科技大学,3,44776
2024,1,43,公共事业管理,A057,天津科技大学,3,66984
2024,1,44,物流管理,A057,天津科技大学,3,76075
2024,1,45,工业工程,A057,天津科技大学,4,64652
2024,1,46,法学类,A057,天津科技大学,3,35267
2024,1,47,汉语国际教育,A057,天津科技大学,3,56383
2024,1,49,日语,A057,天津科技大学,5,89793
2024,1,50,翻译,A057,天津科技大学,3,72891
2024,1,W1,计算机科学与技术(中外合作办学)(信息处理),A057,天津科技大学,5,67079
2024,1,W2,财务管理(中外合作办学),A057,天津科技大学,3,69392
2024,1,01,纺织工程,A058,天津工业大学,6,47649
2024,1,02,非织造材料与工程,A058,天津工业大学,2,39841
2024,1,03,轻化工程,A058,天津工业大学,4,44157
2024,1,04,服装设计与工程,A058,天津工业大学,2,49592
2024,1,05,材料科学与工程,A058,天津工业大学,4,35147
2024,1,06,复合材料与工程,A058,天津工业大学,4,41209
2024,1,07,无机非金属材料工程,A058,天津工业大学,4,37134
2024,1,08,高分子材料与工程,A058,天津工业大学,4,33803
2024,1,09,化学工程与工艺,A058,天津工业大学,4,33986
2024,1,10,应用化学,A058,天津工业大学,2,31310
2024,1,11,制药工程,A058,天津工业大学,6,33250
2024,1,12,环境工程,A058,天津工业大学,4,45953
2024,1,13,土地资源管理,A058,天津工业大学,2,38000
2024,1,14,机械工程,A058,天津工业大学,4,28877
2024,1,15,工业设计,A058,天津工业大学,2,30174
2024,1,16,机械电子工程,A058,天津工业大学,4,27074
2024,1,17,智能制造工程,A058,天津工业大学,2,27458
2024,1,18,飞行器制造工程,A058,天津工业大学,6,29759
2024,1,19,电气工程及其自动化,A058,天津工业大学,6,23693
2024,1,21,电子信息工程,A058,天津工业大学,6,23002
2024,1,22,通信工程,A058,天津工业大学,6,24842
2024,1,24,电子科学与技术,A058,天津工业大学,4,25817
2024,1,25,自动化,A058,天津工业大学,6,24731
2024,1,26,计算机科学与技术,A058,天津工业大学,4,21922
2024,1,27,物联网工程,A058,天津工业大学,3,23274
2024,1,28,网络空间安全,A058,天津工业大学,4,25590
2024,1,29,软件工程,A058,天津工业大学,15,24958
2024,1,30,人工智能,A058,天津工业大学,2,23217
2024,1,31,生物医学工程,A058,天津工业大学,2,30035
2024,1,32,智能医学工程,A058,天津工业大学,2,33457
2024,1,33,数学类,A058,天津工业大学,6,28661
2024,1,34,数据科学与大数据技术,A058,天津工业大学,4,23536
2024,1,35,光电信息科学与工程,A058,天津工业大学,6,26889
2024,1,36,应用物理学,A058,天津工业大学,4,30925
2024,1,37,化学生物学,A058,天津工业大学,3,41513
2024,1,38,网络与新媒体,A058,天津工业大学,2,32254
2024,1,39,英语,A058,天津工业大学,4,38692
2024,1,41,汉语言文学,A058,天津工业大学,4,27168
2024,1,42,金融学,A058,天津工业大学,2,34083
2024,1,43,国际经济与贸易,A058,天津工业大学,2,32773
2024,1,44,工商管理,A058,天津工业大学,2,33203
2024,1,45,会计学,A058,天津工业大学,2,24443
2024,1,46,工业工程,A058,天津工业大学,2,35484
2024,1,47,信息管理与信息系统,A058,天津工业大学,2,33476
2024,1,49,法学,A058,天津工业大学,2,21643
2024,1,A8,广播电视编导,A058,天津工业大学,13,96470
2024,1,20,电气工程及其自动化(中外合作办学),A058,天津工业大学,10,40113
2024,1,23,通信工程(中外合作办学),A058,天津工业大学,12,41534
2024,1,48,信息管理与信息系统(中外合作办学),A058,天津工业大学,12,60686
2024,1,01,工科试验班(中外合作办学，中欧航空工程师),A059,中国民航大学,10,26372
2024,1,03,英语(民航外语),A059,中国民航大学,2,41219
2024,1,04,信息与计算科学,A059,中国民航大学,4,40248
2024,1,05,应用气象学(航空气象),A059,中国民航大学,6,39488
2024,1,07,统计学(民航大数据),A059,中国民航大学,4,37340
2024,1,0A,工科试验班(航空航天),A059,中国民航大学,47,46880
2024,1,0G,信息安全,A059,中国民航大学,8,37017
2024,1,0K,交通工程,A059,中国民航大学,5,42378
2024,1,0M,交通管理(飞行运行管理),A059,中国民航大学,12,46782
2024,1,0P,无人驾驶航空器系统工程,A059,中国民航大学,6,38340
2024,1,0R,工商管理类(航空运输管理),A059,中国民航大学,9,45111
2024,1,10,飞行器适航技术,A059,中国民航大学,3,40990
2024,1,12,工科试验班(民航安全与应急类),A059,中国民航大学,10,49429
2024,1,13,飞行器运维工程,A059,中国民航大学,1,34031
2024,1,1Q,工科试验班(智能与计算机),A059,中国民航大学,17,35903
2024,1,1R,工科试验班(电子信息与电气自动化),A059,中国民航大学,46,44133
2024,1,20,工科试验班(智慧空中交通管制),A059,中国民航大学,15,37680
2024,1,21,航空安防管理,A059,中国民航大学,3,38709
2024,1,A0,计算机科学与技术,A060,天津理工大学,2,21571
2024,1,A1,信息安全,A060,天津理工大学,2,24202
2024,1,A2,物联网工程,A060,天津理工大学,5,29223
2024,1,A3,数据科学与大数据技术,A060,天津理工大学,4,27401
2024,1,B1,电气工程及其自动化,A060,天津理工大学,5,26049
2024,1,B2,人工智能,A060,天津理工大学,4,29156
2024,1,B3,自动化,A060,天津理工大学,5,29003
2024,1,C3,功能材料,A060,天津理工大学,2,59621
2024,1,C4,新能源材料与器件,A060,天津理工大学,5,47172
2024,1,D3,大数据管理与应用,A060,天津理工大学,3,33010
2024,1,F2,制药工程,A060,天津理工大学,5,51122
2024,1,G1,机械电子工程,A060,天津理工大学,6,37152
2024,1,G3,智能制造工程,A060,天津理工大学,4,35294
2024,1,G4,能源与动力工程,A060,天津理工大学,2,33725
2024,1,K0,汉语言文学,A060,天津理工大学,9,39875
2024,1,K1,英语,A060,天津理工大学,7,52941
2024,1,M0,社会学,A060,天津理工大学,5,61142
2024,1,M1,社会工作,A060,天津理工大学,5,69897
2024,1,T0,电子信息工程,A060,天津理工大学,7,30348
2024,1,T2,通信工程,A060,天津理工大学,7,31572
2024,1,T5,集成电路设计与集成系统,A060,天津理工大学,7,33570
2024,1,U0,土木、水利与海洋工程,A060,天津理工大学,2,79459
2024,1,A4,计算机科学与技术(中外合作办学),A060,天津理工大学,15,58794
2024,1,D9,工商管理(中外合作办学),A060,天津理工大学,6,90868
2024,1,DA,工业工程(中外合作办学),A060,天津理工大学,4,95766
2024,1,A5,菌物科学与工程,A061,天津农学院,2,202903
2024,1,B3,植物保护,A061,天津农学院,2,172246
2024,1,B4,设施农业科学与工程,A061,天津农学院,2,197102
2024,1,C1,动物科学,A061,天津农学院,1,171259
2024,1,C3,动物医学(小动医方向),A061,天津农学院,2,105500
2024,1,C4,动物药学,A061,天津农学院,2,186440
2024,1,D1,水产养殖学,A061,天津农学院,3,246765
2024,1,D2,海洋渔业科学与技术,A061,天津农学院,5,223775
2024,1,E3,会计学,A061,天津农学院,1,59944
2024,1,E5,公共事业管理,A061,天津农学院,2,111507
2024,1,E6,物流管理,A061,天津农学院,1,128014
2024,1,F1,食品科学与工程,A061,天津农学院,2,164635
2024,1,F2,食品质量与安全,A061,天津农学院,1,126087
2024,1,G1,测控技术与仪器,A061,天津农学院,1,166225
2024,1,H2,软件工程,A061,天津农学院,2,114576
2024,1,J1,水利水电工程,A061,天津农学院,1,138503
2024,1,J3,工程管理,A061,天津农学院,1,136439
2024,1,J4,智慧水利,A061,天津农学院,1,185194
2024,1,K2,功能材料,A061,天津农学院,1,180302
2024,1,K3,生物制药,A061,天津农学院,1,113204
2024,1,N3,文化产业管理,A061,天津农学院,1,118285
2024,1,N6,网络与新媒体,A061,天津农学院,2,119746
2024,1,2A,临床医学(5+3一体化),A062,天津医科大学,5,4370
2024,1,2B,临床医学(5+3一体化，儿科学),A062,天津医科大学,1,6041
2024,1,2C,口腔医学(5+3一体化),A062,天津医科大学,3,4724
2024,1,2D,临床医学,A062,天津医科大学,3,6045
2024,1,2E,基础医学(朱宪彝班),A062,天津医科大学,1,8256
2024,1,2F,麻醉学,A062,天津医科大学,1,7353
2024,1,2G,医学影像学,A062,天津医科大学,2,7712
2024,1,2H,眼视光医学,A062,天津医科大学,2,7144
2024,1,2J,预防医学,A062,天津医科大学,1,16648
2024,1,2K,智能医学工程,A062,天津医科大学,1,17092
2024,1,2L,医学技术类,A062,天津医科大学,2,25521
2024,1,2M,药学类,A062,天津医科大学,2,18670
2024,1,2N,生物医学工程,A062,天津医科大学,2,15565
2024,1,2R,护理学,A062,天津医科大学,2,30602
2024,1,2T,临床医学(5+3一体化，朱宪彝班),A062,天津医科大学,2,2000
2024,1,2U,公共事业管理,A062,天津医科大学,2,28674
2024,1,2V,预防医学(培优班),A062,天津医科大学,2,16599
2024,1,2W,临床药学(培优班),A062,天津医科大学,2,16671
2024,1,2X,医学技术类(培优班),A062,天津医科大学,2,23541
2024,1,04,中国语言文学类,A063,天津中医药大学,2,34562
2024,1,11,中医学(拔尖创新人才培养模式改革9年制),A063,天津中医药大学,2,4831
2024,1,12,中医学(5+3一体化),A063,天津中医药大学,4,9686
2024,1,13,中医学(5+3一体化中医儿科学),A063,天津中医药大学,2,13866
2024,1,14,中医学类,A063,天津中医药大学,8,21248
2024,1,15,中西医临床医学,A063,天津中医药大学,4,26428
2024,1,16,医学技术类,A063,天津中医药大学,3,38934
2024,1,17,医学信息工程,A063,天津中医药大学,3,40900
2024,1,18,食品卫生与营养学,A063,天津中医药大学,8,61302
2024,1,19,康复治疗学,A063,天津中医药大学,2,45940
2024,1,21,临床药学,A063,天津中医药大学,3,33934
2024,1,23,药学类,A063,天津中医药大学,7,40775
2024,1,24,中药学类,A063,天津中医药大学,6,41141
2024,1,25,制药工程,A063,天津中医药大学,4,40935
2024,1,26,应用心理学,A063,天津中医药大学,1,34075
2024,1,27,工商管理类,A063,天津中医药大学,2,39699
2024,1,28,公共管理类,A063,天津中医药大学,2,41328
2024,1,29,传播学,A063,天津中医药大学,3,46065
2024,1,31,临床医学,A063,天津中医药大学,4,20660
2024,1,32,中药学(拔尖学生培养基地班),A063,天津中医药大学,2,25916
2024,1,33,应用统计学,A063,天津中医药大学,3,46464
2024,1,34,预防医学,A063,天津中医药大学,2,44483
2024,1,38,临床药学(中外合作办学),A063,天津中医药大学,5,101096
2024,1,01,汉语言文学(师范类),A065,天津师范大学,11,26625
2024,1,05,广告学,A065,天津师范大学,2,47929
2024,1,08,历史学(师范类),A065,天津师范大学,2,22981
2024,1,12,应用心理学(师范类),A065,天津师范大学,2,37170
2024,1,14,教育技术学(师范类),A065,天津师范大学,1,48346
2024,1,15,学前教育(师范类),A065,天津师范大学,4,59024
2024,1,17,教育学类(师范类),A065,天津师范大学,18,50498
2024,1,20,政治学与行政学,A065,天津师范大学,2,31190
2024,1,23,思想政治教育(师范类),A065,天津师范大学,2,28497
2024,1,25,法学,A065,天津师范大学,3,22365
2024,1,26,英语,A065,天津师范大学,1,37649
2024,1,27,英语(师范类),A065,天津师范大学,4,31633
2024,1,33,计算机科学与技术(师范类),A065,天津师范大学,4,33622
2024,1,36,数据科学与大数据技术,A065,天津师范大学,2,35919
2024,1,37,软件工程,A065,天津师范大学,20,49980
2024,1,39,数学与应用数学(师范类),A065,天津师范大学,2,32562
2024,1,41,数据计算及应用,A065,天津师范大学,2,43058
2024,1,43,地理科学(师范类),A065,天津师范大学,1,28305
2024,1,48,化学(师范类),A065,天津师范大学,6,38165
2024,1,51,生物科学(师范类),A065,天津师范大学,8,49768
2024,1,54,物理学(师范类),A065,天津师范大学,6,43576
2024,1,56,电子信息科学与技术,A065,天津师范大学,2,34186
2024,1,61,人工智能(师范类),A065,天津师范大学,2,39918
2024,1,62,工商管理,A065,天津师范大学,3,46961
2024,1,64,物流管理,A065,天津师范大学,3,56487
2024,1,68,大数据管理与应用,A065,天津师范大学,2,39666
2024,1,69,国际经济与贸易,A065,天津师范大学,9,60605
2024,1,70,经济学,A065,天津师范大学,2,40032
2024,1,93,戏剧影视文学,A065,天津师范大学,8,118075
2024,1,95,广播电视编导,A065,天津师范大学,10,128464
2024,1,W9,应用心理学(创新班),A065,天津师范大学,2,53418
2024,1,10,机械设计制造及其自动化,A066,天津职业技术师范大学,1,72147
2024,1,12,材料成型及控制工程,A066,天津职业技术师范大学,2,156775
2024,1,20,测控技术与仪器,A066,天津职业技术师范大学,2,133445
2024,1,21,人工智能(师范类),A066,天津职业技术师范大学,2,95650
2024,1,22,电气工程及其自动化(师范类),A066,天津职业技术师范大学,1,62436
2024,1,24,自动化(师范类),A066,天津职业技术师范大学,2,92461
2024,1,30,教育技术学(师范类),A066,天津职业技术师范大学,1,104537
2024,1,33,软件工程,A066,天津职业技术师范大学,3,95439
2024,1,34,网络工程,A066,天津职业技术师范大学,3,101262
2024,1,36,数据科学与大数据技术,A066,天津职业技术师范大学,2,105346
2024,1,41,教育学(师范类),A066,天津职业技术师范大学,2,71706
2024,1,48,劳动教育(师范类),A066,天津职业技术师范大学,3,95122
2024,1,50,车辆工程,A066,天津职业技术师范大学,3,123656
2024,1,51,汽车服务工程(师范类),A066,天津职业技术师范大学,2,177051
2024,1,52,新能源汽车工程(师范类),A066,天津职业技术师范大学,3,103276
2024,1,54,交通运输(师范类),A066,天津职业技术师范大学,6,128250
2024,1,60,应用物理学(师范类),A066,天津职业技术师范大学,2,164362
2024,1,61,数学与应用数学(师范类),A066,天津职业技术师范大学,3,114633
2024,1,64,信息与计算科学,A066,天津职业技术师范大学,2,111072
2024,1,73,英语(师范类),A066,天津职业技术师范大学,2,59071
2024,1,75,日语,A066,天津职业技术师范大学,2,134948
2024,1,81,电子科学与技术,A066,天津职业技术师范大学,2,113568
2024,1,83,微电子科学与工程(师范类),A066,天津职业技术师范大学,2,112495
2024,1,84,光电信息科学与工程(师范类),A066,天津职业技术师范大学,2,110322
2024,1,91,金融学,A066,天津职业技术师范大学,2,91451
2024,1,93,信用管理,A066,天津职业技术师范大学,2,128973
2024,1,01,外国语言文学类,A068,天津外国语大学,6,41549
2024,1,02,日语,A068,天津外国语大学,4,57698
2024,1,03,俄语,A068,天津外国语大学,1,38292
2024,1,04,德语,A068,天津外国语大学,2,44929
2024,1,05,法语,A068,天津外国语大学,1,35464
2024,1,06,西班牙语,A068,天津外国语大学,1,36248
2024,1,07,意大利语,A068,天津外国语大学,1,55339
2024,1,08,葡萄牙语,A068,天津外国语大学,1,45157
2024,1,10,匈牙利语,A068,天津外国语大学,1,74872
2024,1,11,罗马尼亚语,A068,天津外国语大学,1,84642
2024,1,12,塞尔维亚语,A068,天津外国语大学,1,83701
2024,1,13,朝鲜语,A068,天津外国语大学,2,79278
2024,1,14,阿拉伯语,A068,天津外国语大学,1,62792
2024,1,15,印度尼西亚语,A068,天津外国语大学,1,51630
2024,1,17,泰语,A068,天津外国语大学,1,63192
2024,1,20,斯瓦希里语,A068,天津外国语大学,1,77361
2024,1,21,国际经济与贸易,A068,天津外国语大学,1,38618
2024,1,22,金融学,A068,天津外国语大学,2,46871
2024,1,24,工商管理类,A068,天津外国语大学,4,46943
2024,1,25,大数据管理与应用,A068,天津外国语大学,2,51229
2024,1,26,汉语言文学,A068,天津外国语大学,1,25805
2024,1,27,新闻传播学类,A068,天津外国语大学,2,36780
2024,1,29,数字媒体技术,A068,天津外国语大学,2,45212
2024,1,30,法学,A068,天津外国语大学,2,25358
2024,1,31,国际政治,A068,天津外国语大学,1,41281
2024,1,32,外交学,A068,天津外国语大学,2,36715
2024,1,33,国际组织与全球治理,A068,天津外国语大学,1,51449
2024,1,34,汉语国际教育,A068,天津外国语大学,2,36431
2024,1,35,经济学(中外合作办学),A068,天津外国语大学,4,84795
2024,1,01,经济学类,A069,天津商业大学,9,55937
2024,1,02,工商管理类,A069,天津商业大学,5,67512
2024,1,04,会计学,A069,天津商业大学,3,40579
2024,1,06,法学,A069,天津商业大学,7,39409
2024,1,12,翻译,A069,天津商业大学,4,94902
2024,1,17,机械设计制造及其自动化,A069,天津商业大学,5,71052
2024,1,19,能源与动力工程,A069,天津商业大学,10,95683
2024,1,20,新能源科学与工程,A069,天津商业大学,8,75680
2024,1,21,建筑环境与能源应用工程,A069,天津商业大学,10,161720
2024,1,22,包装工程,A069,天津商业大学,4,156753
2024,1,27,智能科学与技术,A069,天津商业大学,4,67629
2024,1,32,宝石及材料工艺学,A069,天津商业大学,4,139119
2024,1,33,食品科学与工程,A069,天津商业大学,5,116594
2024,1,H2,财务管理(中外合作办学),A069,天津商业大学,11,89150
2024,1,21,经济学,A070,天津财经大学,4,34683
2024,1,24,财政学类,A070,天津财经大学,3,27427
2024,1,25,金融学类,A070,天津财经大学,5,38428
2024,1,28,法学,A070,天津财经大学,3,23856
2024,1,2E,数学与应用数学,A070,天津财经大学,3,38879
2024,1,2F,信息与计算科学,A070,天津财经大学,6,47567
2024,1,2K,软件工程,A070,天津财经大学,3,30468
2024,1,2L,数据科学与大数据技术,A070,天津财经大学,3,32474
2024,1,2M,管理科学与工程类,A070,天津财经大学,3,51516
2024,1,2N,工商管理类,A070,天津财经大学,5,44650
2024,1,2P,会计学(注册会计师),A070,天津财经大学,4,22970
2024,1,2Q,会计学,A070,天津财经大学,3,24593
2024,1,2R,财务管理,A070,天津财经大学,2,25884
2024,1,2S,国际商务,A070,天津财经大学,3,41386
2024,1,2T,审计学,A070,天津财经大学,2,24552
2024,1,2W,物流管理,A070,天津财经大学,4,57532
2024,1,2Z,金融数学,A070,天津财经大学,3,49231
2024,1,50,数字经济,A070,天津财经大学,4,52088
2024,1,51,大数据管理与应用,A070,天津财经大学,2,44386
2024,1,52,金融工程,A070,天津财经大学,2,50631
2024,1,26,金融学(中外合作办学),A070,天津财经大学,10,72244
2024,1,05,公共事业管理,A071,天津体育学院,3,138186
2024,1,06,英语,A071,天津体育学院,2,117812
2024,1,10,市场营销,A071,天津体育学院,2,153559
2024,1,12,运动康复,A071,天津体育学院,9,124234
2024,1,13,应用心理学,A071,天津体育学院,2,101822
2024,1,19,康复治疗学,A071,天津体育学院,3,161123
2024,1,24,体育经济与管理,A071,天津体育学院,5,153814
2024,1,26,新闻学,A071,天津体育学院,5,128554
2024,1,06,美术学,A073,天津美术学院,1,57920
2024,1,07,艺术设计学,A073,天津美术学院,1,103625
2024,1,08,艺术管理,A073,天津美术学院,1,117815
2024,1,09,历史建筑保护工程,A073,天津美术学院,3,99065
2024,1,17,保险学,A075,河北大学,2,62956
2024,1,18,国际经济与贸易,A075,河北大学,3,52781
2024,1,40,法学,A075,河北大学,2,25037
2024,1,66,物理学类,A075,河北大学,4,46122
2024,1,69,新能源材料与器件,A075,河北大学,4,49963
2024,1,70,光电信息科学与工程,A075,河北大学,3,34337
2024,1,72,化学,A075,河北大学,4,56847
2024,1,74,材料化学,A075,河北大学,3,59463
2024,1,78,环境科学与工程类,A075,河北大学,3,115834
2024,1,82,生物科学类,A075,河北大学,2,51118
2024,1,87,通信工程,A075,河北大学,2,31591
2024,1,89,自动化,A075,河北大学,3,35571
2024,1,91,土木工程,A075,河北大学,2,119017
2024,1,H1,广播电视学(中外合作办学),A075,河北大学,3,133219
2024,1,H2,广告学(中外合作办学),A075,河北大学,3,134308
2024,1,01,经济学,A076,河北工程大学,2,74334
2024,1,02,金融工程,A076,河北工程大学,2,99541
2024,1,04,法学,A076,河北工程大学,2,50185
2024,1,0A,文物与博物馆学,A076,河北工程大学,2,86350
2024,1,0B,信息与计算科学,A076,河北工程大学,2,82439
2024,1,0D,应用化学,A076,河北工程大学,2,141212
2024,1,0F,地理信息科学,A076,河北工程大学,2,99513
2024,1,0G,应用统计学,A076,河北工程大学,2,91679
2024,1,0L,能源与动力工程,A076,河北工程大学,4,85774
2024,1,0M,电气工程及其自动化,A076,河北工程大学,2,64782
2024,1,0N,电子信息工程,A076,河北工程大学,2,69366
2024,1,0P,通信工程,A076,河北工程大学,2,73478
2024,1,0Q,光电信息科学与工程,A076,河北工程大学,3,68899
2024,1,0R,自动化,A076,河北工程大学,2,75065
2024,1,0T,数据科学与大数据技术,A076,河北工程大学,2,70479
2024,1,0W,给排水科学与工程,A076,河北工程大学,2,151577
2024,1,0Z,水利水电工程,A076,河北工程大学,2,85880
2024,1,10,水文与水资源工程,A076,河北工程大学,3,113566
2024,1,12,测绘工程,A076,河北工程大学,2,134454
2024,1,13,遥感科学与技术,A076,河北工程大学,4,124223
2024,1,14,化学工程与工艺,A076,河北工程大学,2,134499
2024,1,15,地质工程,A076,河北工程大学,2,152506
2024,1,16,勘查技术与工程,A076,河北工程大学,1,145807
2024,1,17,资源勘查工程,A076,河北工程大学,2,161640
2024,1,18,采矿工程,A076,河北工程大学,2,167035
2024,1,1B,农业水利工程,A076,河北工程大学,2,151699
2024,1,1D,食品科学与工程,A076,河北工程大学,2,151935
2024,1,1E,建筑学,A076,河北工程大学,3,119894
2024,1,1F,城乡规划,A076,河北工程大学,4,126451
2024,1,1G,风景园林,A076,河北工程大学,3,125956
2024,1,1H,安全工程,A076,河北工程大学,2,152540
2024,1,1M,园林,A076,河北工程大学,3,122632
2024,1,1N,临床医学,A076,河北工程大学,5,83325
2024,1,1P,医学检验技术,A076,河北工程大学,4,138169
2024,1,1Q,医学影像技术,A076,河北工程大学,3,124997
2024,1,1S,护理学,A076,河北工程大学,5,85841
2024,1,1Y,测控技术与仪器,A076,河北工程大学,2,104831
2024,1,25,新能源科学与工程,A076,河北工程大学,2,91286
2024,1,27,土木工程,A076,河北工程大学,3,176196
2024,1,28,工程力学,A076,河北工程大学,2,132041
2024,1,2A,交通工程,A076,河北工程大学,2,109246
2024,1,2D,机器人工程,A076,河北工程大学,2,81935
2024,1,2E,汉语国际教育,A076,河北工程大学,3,102377
2024,1,2J,农学,A076,河北工程大学,2,138495
2024,1,2K,园艺,A076,河北工程大学,2,161776
2024,1,2L,设施农业科学与工程,A076,河北工程大学,2,159008
2024,1,2Q,计算机科学与技术,A076,河北工程大学,2,62277
2024,1,2T,复合材料与工程,A076,河北工程大学,2,155543
2024,1,2U,工商管理,A076,河北工程大学,2,101363
2024,1,33,智慧水利,A076,河北工程大学,2,131346
2024,1,3B,软件工程,A076,河北工程大学,4,77300
2024,1,31,土木工程(中外合作办学),A076,河北工程大学,10,242258
2024,1,04,地质类,A077,河北地质大学,6,133590
2024,1,06,资源环境大数据工程,A077,河北地质大学,2,129614
2024,1,07,水利类,A077,河北地质大学,2,114463
2024,1,08,环境工程,A077,河北地质大学,3,166491
2024,1,0A,土木类,A077,河北地质大学,3,253765
2024,1,0B,工程管理,A077,河北地质大学,2,129474
2024,1,0D,土地资源管理,A077,河北地质大学,6,93023
2024,1,0F,地理信息科学,A077,河北地质大学,4,122682
2024,1,0G,测绘类,A077,河北地质大学,2,135797
2024,1,0J,材料类,A077,河北地质大学,2,152748
2024,1,0K,经济学类,A077,河北地质大学,8,102322
2024,1,0L,经济统计学,A077,河北地质大学,4,104691
2024,1,0M,工商管理类,A077,河北地质大学,4,94596
2024,1,0P,物流管理与工程类,A077,河北地质大学,4,118197
2024,1,0S,旅游地学与规划工程,A077,河北地质大学,3,223930
2024,1,0T,计算机类,A077,河北地质大学,4,82518
2024,1,0U,计算机科学与技术,A077,河北地质大学,6,97161
2024,1,0W,英语,A077,河北地质大学,4,102178
2024,1,0Y,汉语国际教育,A077,河北地质大学,4,106049
2024,1,10,公共管理类,A077,河北地质大学,6,115308
2024,1,15,金融学(中外合作办学),A077,河北地质大学,4,139904
2024,1,01,水利水电工程,A078,华北水利水电大学,6,52652
2024,1,07,水文与水资源工程,A078,华北水利水电大学,5,74210
2024,1,11,地质工程,A078,华北水利水电大学,5,131824
2024,1,16,材料成型及控制工程,A078,华北水利水电大学,10,135793
2024,1,19,土木工程,A078,华北水利水电大学,9,161714
2024,1,23,电气工程及其自动化,A078,华北水利水电大学,4,52596
2024,1,25,智慧能源工程,A078,华北水利水电大学,5,78487
2024,1,28,核工程与核技术,A078,华北水利水电大学,5,76934
2024,1,32,应用化学,A078,华北水利水电大学,5,126326
2024,1,38,国际经济与贸易,A078,华北水利水电大学,5,106243
2024,1,39,市场营销,A078,华北水利水电大学,5,131107
2024,1,41,物流管理,A078,华北水利水电大学,5,111927
2024,1,49,计算机科学与技术,A078,华北水利水电大学,5,62104
2024,1,50,软件工程,A078,华北水利水电大学,5,67578
2024,1,52,网络工程,A078,华北水利水电大学,5,75087
2024,1,53,电子信息工程,A078,华北水利水电大学,5,66765
2024,1,66,地质工程(中外合作办学),A078,华北水利水电大学,5,223329
2024,1,67,机械设计制造及其自动化(中外合作办学),A078,华北水利水电大学,5,150011
2024,1,68,物流管理(中外合作办学),A078,华北水利水电大学,5,157772
2024,1,69,土木工程(中外合作办学),A078,华北水利水电大学,5,237476
2024,1,70,测绘工程(中外合作办学),A078,华北水利水电大学,5,190500
2024,1,71,能源与动力工程(中外合作办学),A078,华北水利水电大学,5,142088
2024,1,72,给排水科学与工程(中外合作办学),A078,华北水利水电大学,5,201602
2024,1,73,建筑学(中外合作办学),A078,华北水利水电大学,5,144545
2024,1,01,电气工程及其自动化,A079,华北电力大学(保定),26,10056
2024,1,02,通信工程,A079,华北电力大学(保定),5,14803
2024,1,03,电子信息科学与技术,A079,华北电力大学(保定),3,14937
2024,1,06,储能科学与工程,A079,华北电力大学(保定),4,16935
2024,1,07,氢能科学与工程,A079,华北电力大学(保定),3,17775
2024,1,08,建筑环境与能源应用工程,A079,华北电力大学(保定),2,31651
2024,1,0A,智能制造工程,A079,华北电力大学(保定),4,22554
2024,1,0B,工业工程,A079,华北电力大学(保定),1,24636
2024,1,0E,经济学,A079,华北电力大学(保定),4,29594
2024,1,0F,信息管理与信息系统,A079,华北电力大学(保定),4,25808
2024,1,0G,工程造价,A079,华北电力大学(保定),4,35260
2024,1,0H,会计学,A079,华北电力大学(保定),3,22262
2024,1,0J,外国语言文学类,A079,华北电力大学(保定),4,31413
2024,1,0K,法学,A079,华北电力大学(保定),3,19839
2024,1,0L,行政管理,A079,华北电力大学(保定),3,30660
2024,1,0M,社会工作,A079,华北电力大学(保定),3,33661
2024,1,0N,信息与计算科学,A079,华北电力大学(保定),5,22026
2024,1,0P,数据科学与大数据技术,A079,华北电力大学(保定),5,18035
2024,1,0Q,应用物理学,A079,华北电力大学(保定),4,24052
2024,1,0T,机器人工程,A079,华北电力大学(保定),2,15978
2024,1,0X,智能科学与技术,A079,华北电力大学(保定),4,17168
2024,1,0Y,集成电路设计与集成系统,A079,华北电力大学(保定),3,15075
2024,1,10,能源与动力工程,A079,华北电力大学(保定),10,18032
2024,1,12,机械工程,A079,华北电力大学(保定),17,22976
2024,1,14,环境科学与工程类,A079,华北电力大学(保定),10,33342
2024,1,16,测控技术与仪器,A079,华北电力大学(保定),4,20526
2024,1,18,自动化,A079,华北电力大学(保定),6,15439
2024,1,1A,计算机科学与技术,A079,华北电力大学(保定),3,15633
2024,1,1C,网络空间安全,A079,华北电力大学(保定),3,16777
2024,1,1E,软件工程,A079,华北电力大学(保定),3,16053
2024,1,01,数学类,A080,河北工业大学,2,21380
2024,1,03,应用统计学,A080,河北工业大学,2,21474
2024,1,04,机械设计制造及其自动化,A080,河北工业大学,2,17865
2024,1,05,测控技术与仪器,A080,河北工业大学,2,22799
2024,1,0C,能源与动力工程,A080,河北工业大学,3,20465
2024,1,0D,建筑环境与能源应用工程,A080,河北工业大学,2,32878
2024,1,0F,电气工程及其自动化,A080,河北工业大学,2,12503
2024,1,0K,生物工程,A080,河北工业大学,3,28313
2024,1,0L,制药工程,A080,河北工业大学,2,27046
2024,1,0M,过程装备与控制工程,A080,河北工业大学,3,24218
2024,1,0N,应用化学,A080,河北工业大学,3,27023
2024,1,0P,安全工程,A080,河北工业大学,3,31552
2024,1,0Q,海洋技术,A080,河北工业大学,3,32025
2024,1,0R,土木工程,A080,河北工业大学,2,44436
2024,1,0T,道路桥梁与渡河工程,A080,河北工业大学,2,34358
2024,1,0U,给排水科学与工程,A080,河北工业大学,2,32100
2024,1,0X,工程管理,A080,河北工业大学,2,35669
2024,1,10,会计学,A080,河北工业大学,2,23061
2024,1,12,材料成型及控制工程,A080,河北工业大学,2,25678
2024,1,17,法学,A080,河北工业大学,2,18597
2024,1,18,公共管理类,A080,河北工业大学,2,29006
2024,1,19,汉语国际教育,A080,河北工业大学,3,26721
2024,1,1A,英语,A080,河北工业大学,2,28255
2024,1,1B,日语,A080,河北工业大学,3,37792
2024,1,1D,建筑学,A080,河北工业大学,2,37923
2024,1,1F,城乡规划,A080,河北工业大学,2,46343
2024,1,1J,能源与动力工程,A080,河北工业大学,2,39279
2024,1,1K,电气工程及其自动化,A080,河北工业大学,2,30883
2024,1,1L,计算机科学与技术,A080,河北工业大学,2,36072
2024,1,1T,自动化,A080,河北工业大学,2,16260
2024,1,1U,生物医学工程,A080,河北工业大学,3,22631
2024,1,1X,金属材料工程,A080,河北工业大学,2,28995
2024,1,0B,环境工程(中外合作办学),A080,河北工业大学,2,44681
2024,1,2A,应用物理学(中外合作办学),A080,河北工业大学,3,43691
2024,1,2B,材料物理(中外合作办学),A080,河北工业大学,3,44234
2024,1,2C,机械设计制造及其自动化(中外合作办学),A080,河北工业大学,3,38022
2024,1,2D,物联网工程(中外合作办学),A080,河北工业大学,2,34653
2024,1,01,矿业类,A081,华北理工大学,15,191750
2024,1,02,碳储科学与工程,A081,华北理工大学,4,111549
2024,1,03,测绘工程,A081,华北理工大学,7,128598
2024,1,04,环境工程,A081,华北理工大学,2,140420
2024,1,05,材料类,A081,华北理工大学,20,175521
2024,1,06,材料成型及控制工程,A081,华北理工大学,6,127553
2024,1,07,能源动力类,A081,华北理工大学,9,75968
2024,1,08,机械设计制造及其自动化,A081,华北理工大学,5,72300
2024,1,09,工业设计,A081,华北理工大学,3,106696
2024,1,10,车辆工程,A081,华北理工大学,3,81083
2024,1,11,工业工程,A081,华北理工大学,3,97131
2024,1,12,智能制造工程,A081,华北理工大学,7,88434
2024,1,13,化学工程与工艺,A081,华北理工大学,7,105703
2024,1,14,化学,A081,华北理工大学,4,89174
2024,1,15,应用化学,A081,华北理工大学,8,101629
2024,1,16,能源化学工程,A081,华北理工大学,7,116614
2024,1,17,工程管理,A081,华北理工大学,6,128411
2024,1,18,工程管理,A081,华北理工大学,2,200704
2024,1,19,建筑学,A081,华北理工大学,4,102190
2024,1,20,建筑环境与能源应用工程,A081,华北理工大学,5,194630
2024,1,22,土木工程,A081,华北理工大学,4,188392
2024,1,23,临床医学,A081,华北理工大学,5,32525
2024,1,24,医学影像学,A081,华北理工大学,3,42582
2024,1,25,麻醉学,A081,华北理工大学,5,47995
2024,1,26,医学检验技术,A081,华北理工大学,6,97016
2024,1,27,预防医学,A081,华北理工大学,9,156215
2024,1,28,卫生检验与检疫,A081,华北理工大学,8,133619
2024,1,29,医学实验技术,A081,华北理工大学,8,261392
2024,1,30,生物科学类,A081,华北理工大学,20,161024
2024,1,31,无机非金属材料工程,A081,华北理工大学,10,151759
2024,1,32,高分子材料与工程,A081,华北理工大学,7,84204
2024,1,33,材料化学,A081,华北理工大学,5,109835
2024,1,34,复合材料与工程,A081,华北理工大学,8,129408
2024,1,35,自动化,A081,华北理工大学,3,52567
2024,1,36,测控技术与仪器,A081,华北理工大学,4,74182
2024,1,37,电子科学与技术,A081,华北理工大学,3,66863
2024,1,38,电气工程及其自动化,A081,华北理工大学,3,53043
2024,1,39,集成电路设计与集成系统,A081,华北理工大学,3,66635
2024,1,40,信息管理与信息系统,A081,华北理工大学,5,87264
2024,1,41,会计学,A081,华北理工大学,3,45717
2024,1,42,公共事业管理,A081,华北理工大学,3,103797
2024,1,43,金融学,A081,华北理工大学,4,70452
2024,1,44,金融学,A081,华北理工大学,2,106398
2024,1,45,经济统计学,A081,华北理工大学,9,94750
2024,1,46,国际经济与贸易,A081,华北理工大学,6,101415
2024,1,47,护理学,A081,华北理工大学,4,89554
2024,1,48,康复治疗学,A081,华北理工大学,3,115214
2024,1,49,助产学,A081,华北理工大学,3,132470
2024,1,50,口腔医学,A081,华北理工大学,2,24159
2024,1,51,中医学,A081,华北理工大学,7,68325
2024,1,52,针灸推拿学,A081,华北理工大学,4,105588
2024,1,53,中西医临床医学,A081,华北理工大学,7,53694
2024,1,54,药学,A081,华北理工大学,15,109339
2024,1,55,药物制剂,A081,华北理工大学,14,300216
2024,1,56,中药学,A081,华北理工大学,7,156766
2024,1,57,计算机科学与技术,A081,华北理工大学,3,53728
2024,1,58,电子信息工程,A081,华北理工大学,3,61139
2024,1,59,人工智能,A081,华北理工大学,3,63463
2024,1,60,智能医学工程,A081,华北理工大学,4,109373
2024,1,61,数学与应用数学,A081,华北理工大学,4,74336
2024,1,62,信息与计算科学,A081,华北理工大学,3,71914
2024,1,63,应用物理学,A081,华北理工大学,2,90852
2024,1,64,数据科学与大数据技术,A081,华北理工大学,2,58384
2024,1,65,智能科学与技术,A081,华北理工大学,3,68594
2024,1,66,英语,A081,华北理工大学,4,87970
2024,1,67,英语,A081,华北理工大学,2,157018
2024,1,68,日语,A081,华北理工大学,3,104450
2024,1,70,汉语国际教育,A081,华北理工大学,3,95117
2024,1,71,匈牙利语,A081,华北理工大学,2,135395
2024,1,72,法学,A081,华北理工大学,3,47989
2024,1,77,应用心理学,A081,华北理工大学,6,80829
2024,1,78,精神医学,A081,华北理工大学,8,97256
2024,1,79,安全工程,A081,华北理工大学,5,130884
2024,1,80,地质工程,A081,华北理工大学,7,154351
2024,1,81,交通运输,A081,华北理工大学,3,87035
2024,1,82,物流工程,A081,华北理工大学,5,119777
2024,1,83,医疗保险,A081,华北理工大学,2,120071
2024,1,84,机械设计制造及其自动化(中外合作办学),A081,华北理工大学,7,169405
2024,1,85,化学(中外合作办学),A081,华北理工大学,6,242209
2024,1,86,电气工程及其自动化(中外合作办学),A081,华北理工大学,8,144775
2024,1,C2,电气工程及其自动化,A082,河北科技大学,5,63749
2024,1,C5,人工智能,A082,河北科技大学,5,78712
2024,1,D3,机械设计制造及其自动化,A082,河北科技大学,5,74914
2024,1,E2,电子信息工程,A082,河北科技大学,5,72148
2024,1,E3,通信工程,A082,河北科技大学,5,77795
2024,1,E4,电子科学与技术,A082,河北科技大学,5,79155
2024,1,E7,网络空间安全,A082,河北科技大学,5,77410
2024,1,E8,计算机科学与技术,A082,河北科技大学,5,67251
2024,1,E9,软件工程,A082,河北科技大学,5,70485
2024,1,J1,化学工程与工艺,A082,河北科技大学,5,136044
2024,1,J2,制药工程,A082,河北科技大学,5,115358
2024,1,J4,能源化学工程,A082,河北科技大学,5,140137
2024,1,K2,给排水科学与工程,A082,河北科技大学,5,224088
2024,1,KA,环境科学与工程类,A082,河北科技大学,6,208347
2024,1,M1,土木工程,A082,河北科技大学,5,226759
2024,1,M2,建筑环境与能源应用工程,A082,河北科技大学,5,222201
2024,1,M3,工程管理,A082,河北科技大学,5,176547
2024,1,N1,外国语言文学类,A082,河北科技大学,5,123823
2024,1,P3,生物科学类,A082,河北科技大学,5,105504
2024,1,PA,食品科学与工程类,A082,河北科技大学,5,145121
2024,1,Q1,纺织工程,A082,河北科技大学,4,186439
2024,1,Q2,轻化工程,A082,河北科技大学,5,205440
2024,1,A1,计算机科学与技术(中外合作办学),A082,河北科技大学,4,174337
2024,1,A4,信息管理与信息系统(中外合作办学),A082,河北科技大学,4,185277
2024,1,B4,金属材料工程(中外合作办学),A082,河北科技大学,8,274514
2024,1,K4,环境科学(中外合作办学),A082,河北科技大学,9,266360
2024,1,01,土木工程,A084,河北建筑工程学院,2,267261
2024,1,03,道路桥梁与渡河工程,A084,河北建筑工程学院,2,246581
2024,1,09,电子信息工程,A084,河北建筑工程学院,2,152439
2024,1,10,建筑电气与智能化,A084,河北建筑工程学院,6,254244
2024,1,12,建筑学,A084,河北建筑工程学院,1,142957
2024,1,13,城乡规划,A084,河北建筑工程学院,2,169644
2024,1,16,工程管理,A084,河北建筑工程学院,3,185649
2024,1,17,工程造价,A084,河北建筑工程学院,2,156705
2024,1,19,财务管理,A084,河北建筑工程学院,2,141027
2024,1,23,能源动力类,A084,河北建筑工程学院,6,218667
2024,1,27,给排水科学与工程,A084,河北建筑工程学院,2,243565
2024,1,28,环境工程,A084,河北建筑工程学院,2,264737
2024,1,29,消防工程,A084,河北建筑工程学院,2,223568
2024,1,30,信息与计算科学,A084,河北建筑工程学院,2,218128
2024,1,32,理论与应用力学,A084,河北建筑工程学院,2,251089
2024,1,34,德语,A084,河北建筑工程学院,2,175019
2024,1,35,信息管理与信息系统,A084,河北建筑工程学院,2,165886
2024,1,36,信息资源管理,A084,河北建筑工程学院,2,170335
2024,1,37,机械设计制造及其自动化,A084,河北建筑工程学院,3,164234
2024,1,38,机械电子工程,A084,河北建筑工程学院,3,180959
2024,1,40,车辆工程,A084,河北建筑工程学院,3,191102
2024,1,03,交通运输,A085,河北水利电力学院,5,228369
2024,1,11,农业水利工程,A085,河北水利电力学院,5,235604
2024,1,12,测绘工程,A085,河北水利电力学院,2,261190
2024,1,13,勘查技术与工程,A085,河北水利电力学院,2,273866
2024,1,14,建筑学,A085,河北水利电力学院,2,187138
2024,1,25,电气工程及其自动化,A085,河北水利电力学院,4,159385
2024,1,26,智能电网信息工程,A085,河北水利电力学院,2,168198
2024,1,2F,土木工程,A085,河北水利电力学院,2,242137
2024,1,2H,给排水科学与工程,A085,河北水利电力学院,2,224034
2024,1,2J,建筑电气与智能化,A085,河北水利电力学院,5,244566
2024,1,2K,城市地下空间工程,A085,河北水利电力学院,2,246595
2024,1,2L,道路桥梁与渡河工程,A085,河北水利电力学院,2,223206
2024,1,2M,水利水电工程,A085,河北水利电力学院,2,161997
2024,1,2N,水文与水资源工程,A085,河北水利电力学院,3,186163
2024,1,0Q,土木工程,A086,河北农业大学,5,224033
2024,1,0T,农业水利工程,A086,河北农业大学,5,184161
2024,1,0U,电气工程及其自动化,A086,河北农业大学,10,117412
2024,1,0V,电子信息工程,A086,河北农业大学,10,121242
2024,1,0W,机械设计制造及其自动化,A086,河北农业大学,5,133490
2024,1,0Z,车辆工程,A086,河北农业大学,10,149701
2024,1,10,计算机科学与技术,A086,河北农业大学,10,111728
2024,1,13,人工智能,A086,河北农业大学,5,113415
2024,1,1G,植物保护,A086,河北农业大学,5,183703
2024,1,1H,动植物检疫,A086,河北农业大学,5,195205
2024,1,1N,动物科学,A086,河北农业大学,15,207981
2024,1,1Q,动物医学,A086,河北农业大学,15,145981
2024,1,1T,园林,A086,河北农业大学,5,120372
2024,1,2Z,机械设计制造及其自动化(中外合作办学),A086,河北农业大学,5,175735
2024,1,01,临床医学(5+3一体化),A089,河北医科大学,6,13580
2024,1,05,临床医学,A089,河北医科大学,8,17299
2024,1,07,医学影像学,A089,河北医科大学,3,29220
2024,1,08,眼视光医学,A089,河北医科大学,2,26956
2024,1,0C,公共卫生与预防医学类,A089,河北医科大学,5,99385
2024,1,0D,食品卫生与营养学,A089,河北医科大学,2,213946
2024,1,0G,临床药学,A089,河北医科大学,3,50160
2024,1,0M,康复治疗学,A089,河北医科大学,3,94501
2024,1,0Q,护理学类,A089,河北医科大学,3,63204
2024,1,01,临床医学,A092,河北北方学院,5,83582
2024,1,04,医学影像学,A092,河北北方学院,2,86571
2024,1,07,医学检验技术,A092,河北北方学院,3,164975
2024,1,01,临床医学,A093,承德医学院,4,68509
2024,1,09,中西医临床医学,A093,承德医学院,4,108451
2024,1,12,护理学,A093,承德医学院,3,99856
2024,1,18,生物医学工程,A093,承德医学院,3,205622
2024,1,03,人文地理与城乡规划,A094,河北师范大学,3,82225
2024,1,04,法学,A094,河北师范大学,3,36359
2024,1,07,行政管理,A094,河北师范大学,5,71249
2024,1,12,数据科学与大数据技术,A094,河北师范大学,2,54161
2024,1,14,智能科学与技术,A094,河北师范大学,2,53757
2024,1,16,家政学,A094,河北师范大学,4,105475
2024,1,18,考古学,A094,河北师范大学,3,42667
2024,1,23,金融工程,A094,河北师范大学,3,88516
2024,1,24,国际经济与贸易,A094,河北师范大学,5,98744
2024,1,27,生物技术,A094,河北师范大学,3,75695
2024,1,39,软件工程,A094,河北师范大学,5,69305
2024,1,40,汉语言,A094,河北师范大学,3,36783
2024,1,44,广播电视编导,A094,河北师范大学,5,117730
2024,1,45,广告学,A094,河北师范大学,4,109716
2024,1,46,新闻学,A094,河北师范大学,2,58407
2024,1,54,电气工程及其自动化,A094,河北师范大学,5,60572
2024,1,55,电子信息工程,A094,河北师范大学,3,60990
2024,1,56,人工智能,A094,河北师范大学,3,66118
2024,1,SB,汉语言文学(师范类),A094,河北师范大学,5,36697
2024,1,SC,英语(师范类),A094,河北师范大学,5,45988
2024,1,SE,历史学(师范类),A094,河北师范大学,3,43756
2024,1,SF,数学与应用数学(师范类),A094,河北师范大学,8,58468
2024,1,SG,物理学(师范类),A094,河北师范大学,5,65733
2024,1,SH,化学(师范类),A094,河北师范大学,5,72512
2024,1,SK,生物科学(师范类),A094,河北师范大学,3,67524
2024,1,SQ,学前教育(师范类),A094,河北师范大学,4,79281
2024,1,11,汉语言文学(师范类),A096,保定学院,1,88703
2024,1,12,秘书学,A096,保定学院,1,134786
2024,1,23,投资学,A096,保定学院,1,153297
2024,1,31,历史学(师范类),A096,保定学院,1,96349
2024,1,33,文物与博物馆学,A096,保定学院,1,120915
2024,1,41,英语(师范类),A096,保定学院,1,130857
2024,1,42,日语,A096,保定学院,1,153934
2024,1,51,数学与应用数学(师范类),A096,保定学院,1,174113
2024,1,52,软件工程,A096,保定学院,1,145377
2024,1,53,计算机科学与技术,A096,保定学院,1,119962
2024,1,61,物理学(师范类),A096,保定学院,1,269011
2024,1,62,汽车服务工程,A096,保定学院,1,224391
2024,1,71,化学,A096,保定学院,1,211939
2024,1,72,生物科学,A096,保定学院,1,229434
2024,1,74,环境生态工程,A096,保定学院,1,283771
2024,1,92,人文地理与城乡规划,A096,保定学院,1,143856
2024,1,93,旅游管理与服务教育,A096,保定学院,1,167685
2024,1,A4,特殊教育(师范类),A096,保定学院,1,121931
2024,1,B3,网络与新媒体,A096,保定学院,1,105922
2024,1,B5,物流工程,A096,保定学院,1,159741
2024,1,F1,思想政治教育(师范类),A096,保定学院,1,97851
2024,1,0B,汉语言文学(师范类),A098,河北民族师范学院,7,115675
2024,1,0D,英语(师范类),A098,河北民族师范学院,5,141752
2024,1,0H,历史学(师范类),A098,河北民族师范学院,5,139600
2024,1,12,财务管理,A098,河北民族师范学院,4,163000
2024,1,13,英语(师范类),A099,唐山师范学院,10,155576
2024,1,68,数学与应用数学(师范类),A099,唐山师范学院,10,291025
2024,1,75,电子信息科学与技术,A099,唐山师范学院,6,236800
2024,1,84,园艺,A099,唐山师范学院,5,275930
2024,1,85,地理科学(师范类),A099,唐山师范学院,7,142084
2024,1,14,汉语言文学(师范类),A100,廊坊师范学院,3,91230
2024,1,15,英语(师范类),A100,廊坊师范学院,4,124625
2024,1,19,新闻学,A100,廊坊师范学院,3,144640
2024,1,21,数学与应用数学(师范类),A100,廊坊师范学院,4,286781
2024,1,23,物理学(师范类),A100,廊坊师范学院,4,290947
2024,1,26,生物科学类,A100,廊坊师范学院,5,273788
2024,1,30,材料化学,A100,廊坊师范学院,4,276541
2024,1,1C,国际经济与贸易,A101,衡水学院,2,165113
2024,1,22,经济与金融,A101,衡水学院,4,152152
2024,1,24,政治学与行政学,A101,衡水学院,2,136870
2024,1,25,社会工作,A101,衡水学院,3,169623
2024,1,26,思想政治教育(师范类),A101,衡水学院,2,132273
2024,1,34,英语(师范类),A101,衡水学院,3,153079
2024,1,41,数学与应用数学(师范类),A101,衡水学院,2,229110
2024,1,44,应用化学,A101,衡水学院,2,223196
2024,1,45,生物科学(师范类),A101,衡水学院,2,248507
2024,1,46,生物技术,A101,衡水学院,2,255879
2024,1,49,机械电子工程,A101,衡水学院,3,237066
2024,1,50,高分子材料与工程,A101,衡水学院,2,236354
2024,1,51,电子信息工程,A101,衡水学院,3,242895
2024,1,52,计算机科学与技术,A101,衡水学院,2,197765
2024,1,53,网络工程,A101,衡水学院,2,215510
2024,1,55,数字媒体技术,A101,衡水学院,3,229195
2024,1,56,智能科学与技术,A101,衡水学院,3,250642
2024,1,58,化学工程与工艺,A101,衡水学院,2,248538
2024,1,59,环境生态工程,A101,衡水学院,3,258636
2024,1,66,财务管理,A101,衡水学院,3,142006
2024,1,78,数学与应用数学(中外合作办学),A101,衡水学院,2,261032
2024,1,01,思想政治教育(师范类),A102,石家庄学院,5,128481
2024,1,32,历史学(师范类),A102,石家庄学院,10,139593
2024,1,33,数学与应用数学(师范类),A102,石家庄学院,8,256946
2024,1,35,物理学(师范类),A102,石家庄学院,5,295161
2024,1,45,环境生态工程,A102,石家庄学院,5,271034
2024,1,10,智能制造工程,A103,邯郸学院,8,249184
2024,1,11,电气工程及其自动化,A103,邯郸学院,8,191355
2024,1,13,机械设计制造及其自动化,A103,邯郸学院,8,223854
2024,1,14,软件工程,A103,邯郸学院,8,215597
2024,1,20,网络工程,A103,邯郸学院,7,245633
2024,1,42,财务管理,A103,邯郸学院,7,145950
2024,1,57,人工智能,A103,邯郸学院,7,236437
2024,1,05,思想政治教育(师范类),A104,邢台学院,5,135525
2024,1,0F,数学与应用数学(师范类),A104,邢台学院,5,284984
2024,1,14,财务管理,A104,邢台学院,5,146790
2024,1,02,思想政治教育(师范类),A105,沧州师范学院,4,117994
2024,1,30,数学与应用数学(师范类),A105,沧州师范学院,3,286394
2024,1,36,小学教育(师范类),A105,沧州师范学院,3,139475
2024,1,44,数据科学与大数据技术,A105,沧州师范学院,3,188012
2024,1,51,电气工程及其自动化,A105,沧州师范学院,3,149338
2024,1,55,财务管理,A105,沧州师范学院,2,126314
2024,1,66,法学,A105,沧州师范学院,2,103389
2024,1,01,土木类,A107,石家庄铁道大学,26,147404
2024,1,03,建筑环境与能源应用工程,A107,石家庄铁道大学,3,104815
2024,1,09,工商管理类,A107,石家庄铁道大学,10,81137
2024,1,0B,法学,A107,石家庄铁道大学,3,52658
2024,1,0C,汉语言文学,A107,石家庄铁道大学,2,52562
2024,1,0F,建筑学,A107,石家庄铁道大学,4,96804
2024,1,0G,材料类,A107,石家庄铁道大学,10,118652
2024,1,0L,计算机类,A107,石家庄铁道大学,10,55526
2024,1,0N,安全科学与工程类,A107,石家庄铁道大学,7,102238
2024,1,0P,工程力学,A107,石家庄铁道大学,5,86505
2024,1,0Q,数学与应用数学,A107,石家庄铁道大学,6,88248
2024,1,0R,应用物理学,A107,石家庄铁道大学,5,98001
2024,1,0S,英语,A107,石家庄铁道大学,2,76484
2024,1,2A,土木工程,A107,石家庄铁道大学,3,85334
2024,1,2B,机械设计制造及其自动化,A107,石家庄铁道大学,2,42372
2024,1,2D,电气工程及其自动化,A107,石家庄铁道大学,2,31356
2024,1,2E,物流管理,A107,石家庄铁道大学,9,84762
2024,1,2F,自动化,A107,石家庄铁道大学,3,45492
2024,1,2G,轨道交通信号与控制,A107,石家庄铁道大学,1,25366
2024,1,2H,电气工程及其自动化,A107,石家庄铁道大学,6,37434
2024,1,2M,铁道工程,A107,石家庄铁道大学,10,80582
2024,1,2N,机械设计制造及其自动化,A107,石家庄铁道大学,16,54811
2024,1,2P,机械电子工程,A107,石家庄铁道大学,9,66399
2024,1,2Q,车辆工程,A107,石家庄铁道大学,9,65051
2024,1,2R,智能制造工程,A107,石家庄铁道大学,5,66685
2024,1,2S,信息管理与信息系统,A107,石家庄铁道大学,4,78921
2024,1,2T,工程管理,A107,石家庄铁道大学,6,100196
2024,1,2U,交通工程,A107,石家庄铁道大学,3,52917
2024,1,2V,交通运输,A107,石家庄铁道大学,5,51175
2024,1,2W,智慧交通,A107,石家庄铁道大学,2,53427
2024,1,2X,电子信息工程,A107,石家庄铁道大学,2,49357
2024,1,2Y,通信工程,A107,石家庄铁道大学,1,50005
2024,1,2Z,信息工程,A107,石家庄铁道大学,4,56967
2024,1,3A,人工智能,A107,石家庄铁道大学,2,54581
2024,1,3C,碳储科学与工程,A107,石家庄铁道大学,3,100050
2024,1,01,汉语言文学,A108,山西大学,9,28270
2024,1,02,戏剧影视文学,A108,山西大学,6,78027
2024,1,03,新闻传播学类,A108,山西大学,13,43678
2024,1,04,历史学,A108,山西大学,9,34565
2024,1,06,哲学类,A108,山西大学,3,31842
2024,1,07,政治学类,A108,山西大学,3,36600
2024,1,08,行政管理,A108,山西大学,3,41283
2024,1,09,英语,A108,山西大学,3,38032
2024,1,15,教育学,A108,山西大学,5,41644
2024,1,17,法学,A108,山西大学,6,23417
2024,1,24,数学与应用数学,A108,山西大学,4,30881
2024,1,25,信息与计算科学,A108,山西大学,4,32780
2024,1,26,统计学,A108,山西大学,8,37447
2024,1,27,计算机科学与技术,A108,山西大学,3,22769
2024,1,29,数据科学与大数据技术,A108,山西大学,2,27026
2024,1,30,人工智能,A108,山西大学,5,30751
2024,1,31,物理学(国家基地),A108,山西大学,1,21505
2024,1,32,光电信息科学与工程,A108,山西大学,3,30141
2024,1,33,电子信息类,A108,山西大学,9,30371
2024,1,35,生物科学类,A108,山西大学,13,53777
2024,1,39,自然地理与资源环境,A108,山西大学,8,62065
2024,1,80,中国语言文学类(文科初民试验班),A108,山西大学,2,26328
2024,1,83,电气工程及其自动化,A108,山西大学,8,29353
2024,1,85,智慧建筑与建造,A108,山西大学,9,75715
2024,1,87,机械电子工程,A108,山西大学,9,33608
2024,1,88,测控技术与仪器,A108,山西大学,9,41194
2024,1,89,自动化,A108,山西大学,5,28466
2024,1,91,考古学,A108,山西大学,1,30916
2024,1,01,机械设计制造及其自动化,A109,太原科技大学,12,99033
2024,1,02,机械电子工程,A109,太原科技大学,4,90413
2024,1,06,车辆工程(新能源汽车方向),A109,太原科技大学,4,96315
2024,1,07,材料成型及控制工程,A109,太原科技大学,8,153139
2024,1,08,焊接技术与工程,A109,太原科技大学,2,144802
2024,1,09,材料科学与工程,A109,太原科技大学,2,132660
2024,1,0A,冶金工程,A109,太原科技大学,2,172583
2024,1,0B,功能材料,A109,太原科技大学,2,166135
2024,1,0C,自动化,A109,太原科技大学,2,74287
2024,1,0D,电气工程及其自动化,A109,太原科技大学,4,74400
2024,1,0E,电子信息工程,A109,太原科技大学,2,76784
2024,1,0F,工程力学,A109,太原科技大学,2,119766
2024,1,0G,光电信息科学与工程,A109,太原科技大学,2,85032
2024,1,0H,数据计算及应用,A109,太原科技大学,2,114420
2024,1,0J,应用统计学,A109,太原科技大学,2,111874
2024,1,0K,环境工程,A109,太原科技大学,2,171318
2024,1,0L,环境科学,A109,太原科技大学,2,178619
2024,1,0M,环保设备工程,A109,太原科技大学,2,165805
2024,1,0P,交通运输,A109,太原科技大学,2,114583
2024,1,0Q,交通工程,A109,太原科技大学,2,115309
2024,1,0S,化学工程与工艺,A109,太原科技大学,2,135896
2024,1,0T,过程装备与控制工程,A109,太原科技大学,2,125650
2024,1,0V,油气储运工程,A109,太原科技大学,2,120813
2024,1,0W,能源化学工程,A109,太原科技大学,2,128227
2024,1,0Y,计算机科学与技术,A109,太原科技大学,2,50229
2024,1,0Z,软件工程,A109,太原科技大学,2,65171
2024,1,10,物联网工程,A109,太原科技大学,2,72299
2024,1,11,智能科学与技术,A109,太原科技大学,2,85338
2024,1,13,经济学,A109,太原科技大学,2,87453
2024,1,14,会计学,A109,太原科技大学,2,67049
2024,1,16,信息管理与信息系统,A109,太原科技大学,2,92867
2024,1,17,工业工程(标准化方向),A109,太原科技大学,2,117022
2024,1,27,应急技术与管理,A109,太原科技大学,4,176352
2024,1,28,智能装备与系统,A109,太原科技大学,4,111648
2024,1,29,安全工程,A109,太原科技大学,4,172087
2024,1,01,武器系统与工程,A110,中北大学,3,38237
2024,1,02,武器发射工程,A110,中北大学,6,48571
2024,1,03,探测制导与控制技术,A110,中北大学,3,40002
2024,1,04,弹药工程与爆炸技术,A110,中北大学,7,54388
2024,1,05,装甲车辆工程,A110,中北大学,3,53835
2024,1,06,智能无人系统技术,A110,中北大学,2,49535
2024,1,07,机械设计制造及其自动化,A110,中北大学,6,57810
2024,1,08,机械电子工程,A110,中北大学,5,63128
2024,1,09,过程装备与控制工程,A110,中北大学,5,71160
2024,1,10,智能制造工程,A110,中北大学,5,64583
2024,1,11,机器人工程,A110,中北大学,5,62680
2024,1,12,包装工程,A110,中北大学,7,169061
2024,1,13,材料成型及控制工程,A110,中北大学,4,73894
2024,1,14,金属材料工程,A110,中北大学,6,122821
2024,1,15,无机非金属材料工程,A110,中北大学,6,122885
2024,1,16,高分子材料与工程,A110,中北大学,7,93140
2024,1,17,复合材料与工程,A110,中北大学,6,101371
2024,1,18,应用化学,A110,中北大学,9,114690
2024,1,19,化学工程与工艺,A110,中北大学,6,115141
2024,1,20,制药工程,A110,中北大学,4,101624
2024,1,21,能源化学工程,A110,中北大学,5,95281
2024,1,22,生物工程,A110,中北大学,8,120508
2024,1,23,电子信息工程,A110,中北大学,9,47852
2024,1,24,通信工程,A110,中北大学,6,51243
2024,1,25,光电信息科学与工程,A110,中北大学,8,60413
2024,1,26,人工智能,A110,中北大学,6,56080
2024,1,27,信息对抗技术,A110,中北大学,5,53216
2024,1,28,生物医学工程,A110,中北大学,2,61354
2024,1,29,测控技术与仪器,A110,中北大学,8,45701
2024,1,30,智能感知工程,A110,中北大学,3,60956
2024,1,31,电子科学与技术,A110,中北大学,7,52977
2024,1,32,计算机科学与技术,A110,中北大学,7,47364
2024,1,33,物联网工程,A110,中北大学,5,54507
2024,1,34,数据科学与大数据技术,A110,中北大学,5,55723
2024,1,35,数学与应用数学,A110,中北大学,6,72656
2024,1,36,信息与计算科学,A110,中北大学,6,68941
2024,1,37,统计学,A110,中北大学,4,75535
2024,1,38,经济统计学,A110,中北大学,5,83112
2024,1,39,国际经济与贸易,A110,中北大学,3,91609
2024,1,40,市场营销,A110,中北大学,3,159702
2024,1,41,财务管理,A110,中北大学,6,87173
2024,1,42,工业工程,A110,中北大学,2,77896
2024,1,43,英语,A110,中北大学,6,87498
2024,1,44,广播电视学,A110,中北大学,7,105891
2024,1,51,土木工程,A110,中北大学,4,152665
2024,1,52,城市地下空间工程,A110,中北大学,5,144994
2024,1,53,特种能源技术与工程,A110,中北大学,8,67579
2024,1,54,环境工程,A110,中北大学,8,173070
2024,1,55,安全工程,A110,中北大学,10,91928
2024,1,56,电气工程及其自动化,A110,中北大学,8,54564
2024,1,57,电气工程与智能控制,A110,中北大学,7,58908
2024,1,58,自动化,A110,中北大学,5,55861
2024,1,59,轨道交通信号与控制,A110,中北大学,6,67434
2024,1,60,车辆工程,A110,中北大学,2,56478
2024,1,61,新能源汽车工程,A110,中北大学,2,56956
2024,1,63,能源与动力工程,A110,中北大学,3,61747
2024,1,64,新能源科学与工程,A110,中北大学,2,58761
2024,1,65,工程力学,A110,中北大学,4,75945
2024,1,66,飞行器设计与工程,A110,中北大学,5,51812
2024,1,67,飞行器制造工程,A110,中北大学,5,55426
2024,1,68,应用物理学,A110,中北大学,8,88359
2024,1,69,微电子科学与工程,A110,中北大学,7,55547
2024,1,70,集成电路设计与集成系统,A110,中北大学,4,56171
2024,1,01,机械设计制造及其自动化,A112,太原理工大学,8,23713
2024,1,02,车辆工程,A112,太原理工大学,4,24716
2024,1,03,工业设计,A112,太原理工大学,2,26276
2024,1,04,材料成型及控制工程,A112,太原理工大学,8,30525
2024,1,06,材料科学与工程,A112,太原理工大学,6,29991
2024,1,0B,能源与动力工程,A112,太原理工大学,6,23773
2024,1,0C,自动化,A112,太原理工大学,6,21306
2024,1,0D,通信工程,A112,太原理工大学,4,20853
2024,1,0E,电子信息工程,A112,太原理工大学,4,19983
2024,1,0G,电子科学与技术,A112,太原理工大学,3,19401
2024,1,0M,建筑学,A112,太原理工大学,4,43399
2024,1,0N,城乡规划,A112,太原理工大学,5,44823
2024,1,0R,化学工程与工艺,A112,太原理工大学,8,31639
2024,1,0S,制药工程,A112,太原理工大学,4,31255
2024,1,0W,环境工程,A112,太原理工大学,8,41043
2024,1,0Y,建筑环境与能源应用工程,A112,太原理工大学,2,37332
2024,1,10,安全工程,A112,太原理工大学,6,34478
2024,1,11,城市地下空间工程,A112,太原理工大学,4,43903
2024,1,13,测绘工程,A112,太原理工大学,4,35512
2024,1,16,地质工程,A112,太原理工大学,4,37917
2024,1,18,数学与应用数学,A112,太原理工大学,2,23493
2024,1,19,信息与计算科学,A112,太原理工大学,4,22855
2024,1,1A,统计学,A112,太原理工大学,4,25518
2024,1,1B,光电信息科学与工程,A112,太原理工大学,5,21696
2024,1,1C,应用物理学,A112,太原理工大学,4,25753
2024,1,1E,工程力学,A112,太原理工大学,4,26728
2024,1,1F,生物医学工程,A112,太原理工大学,4,25341
2024,1,1G,法学,A112,太原理工大学,5,21094
2024,1,1H,行政管理,A112,太原理工大学,3,30476
2024,1,1J,英语,A112,太原理工大学,4,32340
2024,1,1K,英语(英俄双语方向),A112,太原理工大学,2,33693
2024,1,1L,英语(英日双语方向),A112,太原理工大学,4,32815
2024,1,1N,工程管理,A112,太原理工大学,2,38166
2024,1,1P,会计学,A112,太原理工大学,2,22231
2024,1,1Q,国际经济与贸易,A112,太原理工大学,3,30649
2024,1,1R,计算机科学与技术,A112,太原理工大学,4,17769
2024,1,24,机械电子工程,A112,太原理工大学,8,24414
2024,1,26,道路桥梁与渡河工程,A112,太原理工大学,3,45874
2024,1,2E,思想政治教育,A112,太原理工大学,4,24572
2024,1,2F,电气工程及其自动化,A112,太原理工大学,8,18792
2024,1,2G,物流管理,A112,太原理工大学,4,34936
2024,1,2H,土木工程,A112,太原理工大学,6,54461
2024,1,2M,数据科学与大数据技术,A112,太原理工大学,2,19481
2024,1,2Q,过程装备与控制工程,A112,太原理工大学,2,26973
2024,1,2W,机器人工程,A112,太原理工大学,2,22244
2024,1,3A,飞行器设计与工程,A112,太原理工大学,4,24151
2024,1,3B,人工智能,A112,太原理工大学,4,21378
2024,1,3F,水利水电工程,A112,太原理工大学,5,33099
2024,1,3G,给排水科学与工程,A112,太原理工大学,4,40587
2024,1,3J,机器人工程(试验班),A112,太原理工大学,2,22147
2024,1,3M,数学与应用数学(试验班),A112,太原理工大学,2,21881
2024,1,3N,应用化学,A112,太原理工大学,6,33672
2024,1,3P,工程力学(试验班),A112,太原理工大学,2,25670
2024,1,3T,高分子材料与工程,A112,太原理工大学,3,29596
2024,1,3U,计算机科学与技术(试验班),A112,太原理工大学,2,16059
2024,1,5B,化学,A112,太原理工大学,2,31970
2024,1,5D,集成电路设计与集成系统,A112,太原理工大学,4,21235
2024,1,5E,物联网工程,A112,太原理工大学,2,20289
2024,1,5F,网络空间安全,A112,太原理工大学,6,21128
2024,1,5G,智能测控工程,A112,太原理工大学,2,23048
2024,1,5N,能源互联网工程,A112,太原理工大学,4,24057
2024,1,5Q,物理学,A112,太原理工大学,2,25197
2024,1,5R,物理学(试验班),A112,太原理工大学,2,23302
2024,1,5S,生物医学工程(试验班),A112,太原理工大学,2,22567
2024,1,5T,生态学,A112,太原理工大学,4,42895
2024,1,5U,量子信息科学,A112,太原理工大学,4,28389
2024,1,3D,机械设计制造及其自动化(中外合作办学),A112,太原理工大学,10,39817
2024,1,01,农学(卓越人才培养实验班),A113,山西农业大学,2,143747
2024,1,02,农学,A113,山西农业大学,8,176450
2024,1,03,智慧农业,A113,山西农业大学,3,155008
2024,1,05,植物保护(卓越人才培养实验班),A113,山西农业大学,2,145438
2024,1,06,植物保护,A113,山西农业大学,3,188477
2024,1,07,动植物检疫(植物检疫方向),A113,山西农业大学,2,191092
2024,1,08,生物农药科学与工程,A113,山西农业大学,3,185986
2024,1,09,动物科学(卓越人才培养实验班),A113,山西农业大学,2,187982
2024,1,10,动物科学,A113,山西农业大学,5,206706
2024,1,11,经济动物学,A113,山西农业大学,2,238712
2024,1,12,动物医学,A113,山西农业大学,5,122959
2024,1,13,动植物检疫,A113,山西农业大学,3,195654
2024,1,14,兽医公共卫生,A113,山西农业大学,1,195418
2024,1,15,草业科学(卓越人才培养实验班),A113,山西农业大学,3,205781
2024,1,16,草业科学,A113,山西农业大学,3,233815
2024,1,17,林学(卓越人才培养实验班),A113,山西农业大学,3,184546
2024,1,18,林学类,A113,山西农业大学,3,209620
2024,1,19,水土保持与荒漠化防治,A113,山西农业大学,5,225703
2024,1,20,生态学,A113,山西农业大学,3,221020
2024,1,21,园林,A113,山西农业大学,2,134945
2024,1,22,土地资源管理(卓越人才培养实验班),A113,山西农业大学,2,113548
2024,1,23,土地资源管理,A113,山西农业大学,2,118752
2024,1,24,环境科学,A113,山西农业大学,5,230846
2024,1,25,土地整治工程,A113,山西农业大学,4,233684
2024,1,26,地理信息科学,A113,山西农业大学,5,158959
2024,1,27,农业资源与环境,A113,山西农业大学,3,185616
2024,1,28,园艺(花卉与景观设计方向，卓越人才培养实验班),A113,山西农业大学,2,196194
2024,1,29,园艺,A113,山西农业大学,15,234101
2024,1,32,农业机械化及其自动化(卓越人才培养实验班),A113,山西农业大学,2,137958
2024,1,33,农业机械化及其自动化,A113,山西农业大学,2,147411
2024,1,34,机械设计制造及其自动化,A113,山西农业大学,2,137082
2024,1,35,电气工程及其自动化,A113,山西农业大学,3,107705
2024,1,36,农业电气化,A113,山西农业大学,2,165065
2024,1,37,农业智能装备工程,A113,山西农业大学,2,165968
2024,1,38,食品科学与工程(卓越人才培养实验班),A113,山西农业大学,2,164347
2024,1,39,食品质量与安全(卓越人才培养实验班),A113,山西农业大学,2,171271
2024,1,40,食品科学与工程,A113,山西农业大学,5,188489
2024,1,41,食品质量与安全,A113,山西农业大学,3,196719
2024,1,42,葡萄与葡萄酒工程,A113,山西农业大学,3,218009
2024,1,43,食用菌科学与工程,A113,山西农业大学,3,208057
2024,1,44,农林经济管理(卓越人才培养实验班),A113,山西农业大学,2,111167
2024,1,45,农林经济管理,A113,山西农业大学,2,119442
2024,1,46,国际经济与贸易,A113,山西农业大学,3,120807
2024,1,47,农村区域发展,A113,山西农业大学,3,124748
2024,1,48,物流管理,A113,山西农业大学,3,135446
2024,1,49,市场营销,A113,山西农业大学,2,138492
2024,1,50,电子信息科学与技术,A113,山西农业大学,3,121301
2024,1,51,计算机科学与技术,A113,山西农业大学,2,116512
2024,1,52,网络工程,A113,山西农业大学,3,129824
2024,1,53,物联网工程,A113,山西农业大学,2,125779
2024,1,54,机器人工程,A113,山西农业大学,2,130552
2024,1,55,法学,A113,山西农业大学,3,73311
2024,1,56,行政管理,A113,山西农业大学,2,120160
2024,1,57,公共事业管理,A113,山西农业大学,2,127317
2024,1,58,生物科学(卓越人才培养实验班),A113,山西农业大学,2,164168
2024,1,59,生物科学类,A113,山西农业大学,8,204311
2024,1,60,中药资源与开发,A113,山西农业大学,4,187686
2024,1,61,数据科学与大数据技术,A113,山西农业大学,2,121546
2024,1,62,智能科学与技术,A113,山西农业大学,2,124038
2024,1,65,土木工程,A113,山西农业大学,7,255858
2024,1,66,城乡规划,A113,山西农业大学,6,132869
2024,1,67,风景园林,A113,山西农业大学,5,130071
2024,1,68,农业水利工程,A113,山西农业大学,5,195751
2024,1,69,应用化学,A113,山西农业大学,5,192654
2024,1,70,信息与计算科学,A113,山西农业大学,2,133987
2024,1,71,英语,A113,山西农业大学,5,118099
2024,1,73,乡村治理,A113,山西农业大学,2,125836
2024,1,74,车辆工程,A113,山西农业大学,3,146431
2024,1,75,食品营养与健康,A113,山西农业大学,3,221910
2024,1,01,临床医学(5+3一体化),A114,山西医科大学,2,14689
2024,1,02,临床医学(5+3一体化儿科学),A114,山西医科大学,2,19458
2024,1,03,临床医学,A114,山西医科大学,3,21337
2024,1,05,基础医学,A114,山西医科大学,2,86569
2024,1,06,麻醉学,A114,山西医科大学,2,25700
2024,1,07,医学影像学,A114,山西医科大学,2,31495
2024,1,08,眼视光医学,A114,山西医科大学,1,27087
2024,1,09,精神医学,A114,山西医科大学,1,45524
2024,1,10,儿科学,A114,山西医科大学,1,26619
2024,1,11,口腔医学,A114,山西医科大学,2,23716
2024,1,12,预防医学,A114,山西医科大学,4,84001
2024,1,13,药学,A114,山西医科大学,3,54322
2024,1,14,临床药学,A114,山西医科大学,2,62724
2024,1,15,中药学,A114,山西医科大学,3,84565
2024,1,16,法医学,A114,山西医科大学,2,43966
2024,1,17,医学检验技术,A114,山西医科大学,2,84056
2024,1,18,医学影像技术,A114,山西医科大学,3,95614
2024,1,19,康复治疗学,A114,山西医科大学,3,95324
2024,1,20,卫生检验与检疫,A114,山西医科大学,2,142801
2024,1,21,护理学,A114,山西医科大学,5,71306
2024,1,22,智能医学工程,A114,山西医科大学,2,114523
2024,1,23,生物医学工程(临床工程),A114,山西医科大学,2,75515
2024,1,24,信息管理与信息系统(医学信息学方向),A114,山西医科大学,3,99903
2024,1,25,社会工作,A114,山西医科大学,3,128967
2024,1,26,公共事业管理(卫生事业管理方向),A114,山西医科大学,3,114328
2024,1,27,生物制药,A114,山西医科大学,3,67726
2024,1,29,眼视光学,A114,山西医科大学,2,89990
2024,1,30,医学实验技术,A114,山西医科大学,2,171193
2024,1,31,助产学,A114,山西医科大学,3,96277
2024,1,32,健康服务与管理,A114,山西医科大学,2,99318
2024,1,50,临床医学,A114,山西医科大学,2,32388
2024,1,51,口腔医学,A114,山西医科大学,1,36428
2024,1,52,医学影像学,A114,山西医科大学,1,38449
2024,1,53,麻醉学,A114,山西医科大学,1,43942
2024,1,54,眼视光医学,A114,山西医科大学,1,44028
2024,1,55,预防医学,A114,山西医科大学,1,174187
2024,1,56,医学检验技术,A114,山西医科大学,1,100744
2024,1,58,眼视光学,A114,山西医科大学,1,74411
2024,1,59,康复治疗学,A114,山西医科大学,1,111546
2024,1,60,助产学,A114,山西医科大学,2,110914
2024,1,61,护理学,A114,山西医科大学,2,78187
2024,1,63,药学,A114,山西医科大学,1,65029
2024,1,64,运动康复,A114,山西医科大学,3,96638
2024,1,01,临床医学,A117,长治医学院,15,96015
2024,1,02,口腔医学,A117,长治医学院,3,54573
2024,1,03,医学影像学,A117,长治医学院,1,78039
2024,1,04,麻醉学,A117,长治医学院,1,80854
2024,1,05,预防医学,A117,长治医学院,1,159574
2024,1,06,精神医学,A117,长治医学院,1,105869
2024,1,07,中医学,A117,长治医学院,1,94950
2024,1,09,护理学,A117,长治医学院,3,118173
2024,1,10,生物医学工程,A117,长治医学院,3,216191
2024,1,11,医学检验技术,A117,长治医学院,1,137851
2024,1,12,药学,A117,长治医学院,2,174036
2024,1,13,信息管理与信息系统,A117,长治医学院,1,121373
2024,1,14,康复治疗学,A117,长治医学院,1,165704
2024,1,15,应用心理学,A117,长治医学院,1,95298
2024,1,17,传播学,A117,长治医学院,2,167821
2024,1,18,医学影像技术,A117,长治医学院,1,132893
2024,1,19,中药学,A117,长治医学院,1,187844
2024,1,20,助产学,A117,长治医学院,1,127382
2024,1,01,经济学,A118,山西师范大学,2,74265
2024,1,02,法学,A118,山西师范大学,1,36792
2024,1,03,社会学,A118,山西师范大学,1,74884
2024,1,04,思想政治教育(师范类),A118,山西师范大学,1,47816
2024,1,06,教育学(师范类),A118,山西师范大学,2,63019
2024,1,07,教育技术学(师范类),A118,山西师范大学,1,95827
2024,1,0K,日语(师范类),A118,山西师范大学,1,84512
2024,1,0L,历史学(师范类),A118,山西师范大学,2,51259
2024,1,0N,编辑出版学,A118,山西师范大学,1,66343
2024,1,0V,物理学(师范类),A118,山西师范大学,2,81899
2024,1,11,自然地理与资源环境,A118,山西师范大学,1,75041
2024,1,12,人文地理与城乡规划,A118,山西师范大学,1,76390
2024,1,13,地理信息科学,A118,山西师范大学,3,68152
2024,1,16,生物技术,A118,山西师范大学,1,92711
2024,1,17,生态学,A118,山西师范大学,2,155170
2024,1,18,心理学(师范类),A118,山西师范大学,2,72862
2024,1,19,材料化学,A118,山西师范大学,2,261185
2024,1,1B,计算机科学与技术,A118,山西师范大学,1,65449
2024,1,1D,环境生态工程,A118,山西师范大学,2,183966
2024,1,1E,食品科学与工程,A118,山西师范大学,1,88898
2024,1,1F,食品质量与安全,A118,山西师范大学,2,170714
2024,1,1G,园艺,A118,山西师范大学,2,183501
2024,1,1J,旅游管理,A118,山西师范大学,2,130163
2024,1,1Z,地理科学(师范类),A118,山西师范大学,3,57775
2024,1,22,生物科学(师范类),A118,山西师范大学,1,94429
2024,1,2P,应急管理,A118,山西师范大学,1,144921
2024,1,4F,网络与新媒体,A118,山西师范大学,2,86083
2024,1,4J,大气科学,A118,山西师范大学,1,101049
2024,1,97,能源化学,A118,山西师范大学,2,170554
2024,1,98,食品营养与健康,A118,山西师范大学,1,188441
2024,1,06,思想政治教育(师范类),A119,太原师范学院,4,106384
2024,1,09,政治学与行政学,A119,太原师范学院,5,128854
2024,1,0A,教育学(师范类),A119,太原师范学院,5,132105
2024,1,0B,学前教育(师范类),A119,太原师范学院,5,151262
2024,1,0C,小学教育(师范类),A119,太原师范学院,5,123423
2024,1,0G,汉语言文学(师范类),A119,太原师范学院,4,93587
2024,1,0Z,历史学(师范类),A119,太原师范学院,5,110641
2024,1,10,文物与博物馆学,A119,太原师范学院,4,124077
2024,1,11,数学与应用数学(师范类),A119,太原师范学院,6,207901
2024,1,12,信息与计算科学,A119,太原师范学院,5,238501
2024,1,13,物理学(师范类),A119,太原师范学院,10,302716
2024,1,14,科学教育(师范类),A119,太原师范学院,4,159625
2024,1,16,化学(师范类),A119,太原师范学院,2,282108
2024,1,17,应用化学,A119,太原师范学院,5,230283
2024,1,19,生物科学(师范类),A119,太原师范学院,3,310636
2024,1,1A,生物技术,A119,太原师范学院,3,313260
2024,1,1B,地理科学(师范类),A119,太原师范学院,5,111555
2024,1,1C,自然地理与资源环境,A119,太原师范学院,4,137040
2024,1,1F,计算机科学与技术(师范类),A119,太原师范学院,4,175884
2024,1,1H,数据科学与大数据技术,A119,太原师范学院,4,161995
2024,1,01,法学,A120,山西大同大学,10,88065
2024,1,36,数学与应用数学(师范类),A120,山西大同大学,15,190195
2024,1,62,临床医学,A120,山西大同大学,20,110547
2024,1,65,中医学,A120,山西大同大学,10,109960
2024,1,01,汉语言文学(师范类),A121,晋中学院,6,127279
2024,1,05,英语(师范类),A121,晋中学院,7,162859
2024,1,06,翻译,A121,晋中学院,7,179237
2024,1,11,数学与应用数学(师范类),A121,晋中学院,10,290418
2024,1,13,物理学(师范类),A121,晋中学院,7,293093
2024,1,16,应用化学,A121,晋中学院,7,283773
2024,1,17,环境科学与工程,A121,晋中学院,6,273796
2024,1,19,生物技术,A121,晋中学院,9,272008
2024,1,20,食品科学与工程,A121,晋中学院,8,267185
2024,1,28,机械设计制造及其自动化,A121,晋中学院,8,246823
2024,1,29,复合材料与工程,A121,晋中学院,10,272503
2024,1,30,材料成型及控制工程,A121,晋中学院,10,266140
2024,1,31,功能材料,A121,晋中学院,6,274233
2024,1,35,旅游管理,A121,晋中学院,6,182547
2024,1,36,酒店管理,A121,晋中学院,6,182617
2024,1,37,会展经济与管理,A121,晋中学院,10,181600
2024,1,38,文化产业管理,A121,晋中学院,10,174532
2024,1,01,汉语言文学(师范类),A122,长治学院,4,126906
2024,1,02,新闻学,A122,长治学院,1,153364
2024,1,03,网络与新媒体,A122,长治学院,2,146681
2024,1,04,历史学(师范类),A122,长治学院,2,135485
2024,1,05,旅游管理,A122,长治学院,2,179802
2024,1,06,文化遗产,A122,长治学院,2,160204
2024,1,07,酒店管理,A122,长治学院,2,180221
2024,1,08,法学,A122,长治学院,2,113885
2024,1,09,经济学,A122,长治学院,2,152794
2024,1,10,财务管理,A122,长治学院,2,146382
2024,1,11,思想政治教育(师范类),A122,长治学院,4,137500
2024,1,15,英语(师范类),A122,长治学院,1,139142
2024,1,16,商务英语,A122,长治学院,2,172317
2024,1,17,翻译,A122,长治学院,2,171511
2024,1,18,学前教育(师范类),A122,长治学院,2,162394
2024,1,19,数学与应用数学(师范类),A122,长治学院,2,279091
2024,1,20,应用统计学,A122,长治学院,1,258591
2024,1,21,物理学(师范类),A122,长治学院,1,288873
2024,1,22,光电信息科学与工程,A122,长治学院,1,233570
2024,1,23,电子信息科学与技术,A122,长治学院,2,230771
2024,1,24,科学教育(师范类),A122,长治学院,1,152467
2024,1,25,生物科学(师范类),A122,长治学院,1,284387
2024,1,26,生物技术,A122,长治学院,1,201125
2024,1,27,环境生态工程,A122,长治学院,1,251538
2024,1,28,化学(师范类),A122,长治学院,1,271932
2024,1,29,化学生物学,A122,长治学院,1,245243
2024,1,30,药物化学,A122,长治学院,1,223162
2024,1,31,计算机科学与技术,A122,长治学院,2,211479
2024,1,32,网络工程,A122,长治学院,2,226442
2024,1,33,数据科学与大数据技术,A122,长治学院,1,228417
2024,1,21,机械设计制造及其自动化,A123,运城学院,10,246493
2024,1,22,机械电子工程,A123,运城学院,20,256237
2024,1,27,网络工程,A123,运城学院,10,254789
2024,1,30,食品科学与工程,A123,运城学院,10,275955
2024,1,32,园林,A123,运城学院,5,176081
2024,1,46,电子科学与技术(印制电路技术与工艺),A123,运城学院,10,260816
2024,1,4A,材料科学与工程,A123,运城学院,10,271746
2024,1,4C,新能源科学与工程,A123,运城学院,13,258300
2024,1,01,地理科学(师范类),A124,忻州师范学院,5,138739
2024,1,02,通信工程,A124,忻州师范学院,4,254091
2024,1,03,电子信息科学与技术,A124,忻州师范学院,2,229653
2024,1,04,法学,A124,忻州师范学院,3,109252
2024,1,06,应用化学,A124,忻州师范学院,4,269822
2024,1,07,计算机科学与技术(师范类),A124,忻州师范学院,2,238531
2024,1,08,数字媒体技术,A124,忻州师范学院,2,229968
2024,1,09,数据科学与大数据技术,A124,忻州师范学院,3,240903
2024,1,12,心理学(师范类),A124,忻州师范学院,1,135366
2024,1,13,人文地理与城乡规划,A124,忻州师范学院,1,135430
2024,1,14,旅游管理,A124,忻州师范学院,1,169737
2024,1,19,数学与应用数学(师范类),A124,忻州师范学院,6,305823
2024,1,23,英语(师范类),A124,忻州师范学院,3,153017
2024,1,24,翻译,A124,忻州师范学院,1,158957
2024,1,26,科学教育(师范类),A124,忻州师范学院,2,312568
2024,1,30,审计学,A124,忻州师范学院,2,132827
2024,1,31,工商管理,A124,忻州师范学院,5,163224
2024,1,33,财务管理,A124,忻州师范学院,4,142041
2024,1,34,历史学(师范类),A124,忻州师范学院,3,130811
2024,1,35,思想政治教育(师范类),A124,忻州师范学院,3,131088
2024,1,36,汉语言文学(师范类),A124,忻州师范学院,3,121839
2024,1,38,网络与新媒体,A124,忻州师范学院,2,149770
2024,1,01,经济学,A125,山西财经大学,3,66257
2024,1,02,能源经济,A125,山西财经大学,3,94549
2024,1,03,统计学,A125,山西财经大学,4,72061
2024,1,04,经济统计学,A125,山西财经大学,3,74106
2024,1,05,应用统计学,A125,山西财经大学,2,66131
2024,1,06,国际经济与贸易,A125,山西财经大学,4,81630
2024,1,07,贸易经济,A125,山西财经大学,3,78424
2024,1,08,农林经济管理,A125,山西财经大学,2,92475
2024,1,09,国际商务,A125,山西财经大学,3,99530
2024,1,10,财政学,A125,山西财经大学,2,51584
2024,1,11,金融学,A125,山西财经大学,6,65189
2024,1,12,金融工程,A125,山西财经大学,2,83858
2024,1,13,保险学,A125,山西财经大学,2,80275
2024,1,14,税收学,A125,山西财经大学,2,53944
2024,1,15,法学,A125,山西财经大学,4,44914
2024,1,16,商务英语,A125,山西财经大学,4,134984
2024,1,17,管理科学,A125,山西财经大学,2,116862
2024,1,18,工程管理,A125,山西财经大学,2,108920
2024,1,20,工程造价,A125,山西财经大学,2,97717
2024,1,21,信息管理与信息系统,A125,山西财经大学,2,83562
2024,1,22,计算机科学与技术,A125,山西财经大学,2,63017
2024,1,23,电子商务,A125,山西财经大学,2,114661
2024,1,24,工商管理,A125,山西财经大学,2,59934
2024,1,25,市场营销,A125,山西财经大学,3,114683
2024,1,26,物流管理,A125,山西财经大学,3,104264
2024,1,27,会计学,A125,山西财经大学,3,38759
2024,1,28,财务管理,A125,山西财经大学,2,45141
2024,1,29,审计学,A125,山西财经大学,3,45375
2024,1,30,资产评估,A125,山西财经大学,1,75739
2024,1,31,劳动与社会保障,A125,山西财经大学,2,92471
2024,1,32,人力资源管理,A125,山西财经大学,3,77660
2024,1,33,行政管理,A125,山西财经大学,2,60810
2024,1,34,国民经济管理,A125,山西财经大学,2,89127
2024,1,35,土地资源管理,A125,山西财经大学,3,86984
2024,1,36,新闻学,A125,山西财经大学,2,71699
2024,1,38,文化产业管理,A125,山西财经大学,3,89242
2024,1,39,旅游管理,A125,山西财经大学,4,133879
2024,1,40,网络与新媒体,A125,山西财经大学,1,59161
2024,1,41,信息与计算科学,A125,山西财经大学,2,81428
2024,1,42,金融数学,A125,山西财经大学,2,73752
2024,1,43,自然地理与资源环境,A125,山西财经大学,1,68222
2024,1,44,人文地理与城乡规划,A125,山西财经大学,2,81289
2024,1,45,资源与环境经济学,A125,山西财经大学,3,108109
2024,1,47,数据科学与大数据技术,A125,山西财经大学,2,71664
2024,1,51,金融科技,A125,山西财经大学,3,94440
2024,1,52,应急管理,A125,山西财经大学,2,140741
2024,1,53,地理信息科学,A125,山西财经大学,3,71572
2024,1,54,数字经济,A125,山西财经大学,1,101784
2024,1,55,数据科学,A125,山西财经大学,2,143235
2024,1,49,金融学(中外合作办学),A125,山西财经大学,8,118621
2024,1,50,会计学(中外合作办学),A125,山西财经大学,8,100460
2024,1,11,哲学,A126,内蒙古大学,2,30719
2024,1,12,哲学,A126,内蒙古大学,2,36231
2024,1,13,法学,A126,内蒙古大学,2,21070
2024,1,14,纪检监察,A126,内蒙古大学,1,21539
2024,1,15,政治学与行政学,A126,内蒙古大学,1,31947
2024,1,16,社会学,A126,内蒙古大学,2,36463
2024,1,17,社会工作,A126,内蒙古大学,2,42498
2024,1,18,政治学、经济学与哲学,A126,内蒙古大学,1,32282
2024,1,19,马克思主义理论,A126,内蒙古大学,1,27348
2024,1,1A,汉语言文学,A126,内蒙古大学,2,21953
2024,1,1B,汉语言文学,A126,内蒙古大学,4,22897
2024,1,1C,汉语国际教育,A126,内蒙古大学,2,29071
2024,1,1D,英语,A126,内蒙古大学,3,39742
2024,1,1E,俄语,A126,内蒙古大学,2,46184
2024,1,1F,日语,A126,内蒙古大学,1,51493
2024,1,1G,新闻学,A126,内蒙古大学,2,34783
2024,1,1H,网络与新媒体,A126,内蒙古大学,1,37560
2024,1,1J,历史学,A126,内蒙古大学,2,26337
2024,1,1K,历史学,A126,内蒙古大学,2,28567
2024,1,1N,考古学,A126,内蒙古大学,1,29416
2024,1,1Q,行政管理,A126,内蒙古大学,2,38582
2024,1,1R,劳动与社会保障,A126,内蒙古大学,2,39538
2024,1,1T,旅游管理,A126,内蒙古大学,2,47750
2024,1,31,经济学,A126,内蒙古大学,3,29924
2024,1,32,经济学,A126,内蒙古大学,3,33940
2024,1,33,金融学,A126,内蒙古大学,3,36511
2024,1,35,数学类,A126,内蒙古大学,6,32425
2024,1,36,数理基础科学,A126,内蒙古大学,2,31167
2024,1,37,物理学,A126,内蒙古大学,2,31728
2024,1,38,物理学类,A126,内蒙古大学,4,35044
2024,1,3A,化学,A126,内蒙古大学,2,40158
2024,1,3B,应用化学,A126,内蒙古大学,3,47295
2024,1,3C,大气科学,A126,内蒙古大学,2,40184
2024,1,3D,生物科学,A126,内蒙古大学,1,26546
2024,1,3E,生物科学,A126,内蒙古大学,2,38110
2024,1,3F,生物科学,A126,内蒙古大学,3,42135
2024,1,3G,生物技术,A126,内蒙古大学,1,40094
2024,1,3H,生物技术,A126,内蒙古大学,2,44982
2024,1,3J,生态学,A126,内蒙古大学,2,44165
2024,1,3K,生态学,A126,内蒙古大学,2,58807
2024,1,3M,机械工程,A126,内蒙古大学,8,36183
2024,1,3N,车辆工程,A126,内蒙古大学,6,38272
2024,1,3P,材料化学,A126,内蒙古大学,3,42041
2024,1,3Q,电子信息类,A126,内蒙古大学,5,28421
2024,1,3R,电子科学与技术,A126,内蒙古大学,4,30866
2024,1,3W,通信工程,A126,内蒙古大学,2,31568
2024,1,3X,电子信息科学与技术,A126,内蒙古大学,2,30749
2024,1,3Y,自动化,A126,内蒙古大学,2,30762
2024,1,41,计算机科学与技术,A126,内蒙古大学,2,22053
2024,1,42,软件工程,A126,内蒙古大学,6,27950
2024,1,43,智能科学与技术,A126,内蒙古大学,3,29733
2024,1,44,数据科学与大数据技术,A126,内蒙古大学,2,29654
2024,1,4A,土木工程,A126,内蒙古大学,8,69682
2024,1,4B,智能建造,A126,内蒙古大学,2,54579
2024,1,4C,化学工程与工艺,A126,内蒙古大学,3,47873
2024,1,4D,交通运输,A126,内蒙古大学,6,42592
2024,1,4E,环境工程,A126,内蒙古大学,2,57000
2024,1,4F,环境科学,A126,内蒙古大学,2,55631
2024,1,4H,生物医学工程,A126,内蒙古大学,2,38395
2024,1,4K,工程管理,A126,内蒙古大学,6,60880
2024,1,4L,工商管理,A126,内蒙古大学,2,39551
2024,1,4M,会计学,A126,内蒙古大学,3,25861
2024,1,4N,物流管理,A126,内蒙古大学,6,61215
2024,1,01,金融学,A127,内蒙古科技大学,5,126598
2024,1,02,国际经济与贸易,A127,内蒙古科技大学,1,109493
2024,1,03,法学,A127,内蒙古科技大学,2,90537
2024,1,04,社会工作,A127,内蒙古科技大学,4,151136
2024,1,05,思想政治教育,A127,内蒙古科技大学,3,108264
2024,1,06,汉语言文学,A127,内蒙古科技大学,3,86259
2024,1,09,市场营销,A127,内蒙古科技大学,5,158585
2024,1,10,会计学,A127,内蒙古科技大学,2,96649
2024,1,25,应用物理学,A127,内蒙古科技大学,3,187008
2024,1,26,材料成型及控制工程,A127,内蒙古科技大学,2,175572
2024,1,27,工业设计,A127,内蒙古科技大学,3,205920
2024,1,28,冶金工程,A127,内蒙古科技大学,20,207912
2024,1,29,能源与动力工程,A127,内蒙古科技大学,3,150905
2024,1,30,建筑环境与能源应用工程,A127,内蒙古科技大学,3,220106
2024,1,31,给排水科学与工程,A127,内蒙古科技大学,4,228234
2024,1,32,智能建造,A127,内蒙古科技大学,2,177056
2024,1,33,环境工程,A127,内蒙古科技大学,2,281227
2024,1,34,环境生态工程,A127,内蒙古科技大学,3,231739
2024,1,38,建筑学,A127,内蒙古科技大学,5,141678
2024,1,40,应急管理,A127,内蒙古科技大学,2,160269
2024,1,41,应用化学,A127,内蒙古科技大学,2,219585
2024,1,42,测绘工程,A127,内蒙古科技大学,3,218732
2024,1,43,地质工程,A127,内蒙古科技大学,2,207887
2024,1,44,安全工程,A127,内蒙古科技大学,2,211826
2024,1,45,食品科学与工程,A127,内蒙古科技大学,4,226063
2024,1,46,新能源材料与器件,A127,内蒙古科技大学,2,174260
2024,1,47,新能源科学与工程,A127,内蒙古科技大学,3,153944
2024,1,48,应急技术与管理,A127,内蒙古科技大学,3,218560
2024,1,49,智能采矿工程,A127,内蒙古科技大学,2,225695
2024,1,53,应用统计学,A127,内蒙古科技大学,3,181643
2024,1,54,材料化学,A127,内蒙古科技大学,2,208693
2024,1,55,金属材料工程,A127,内蒙古科技大学,4,240191
2024,1,56,无机非金属材料工程,A127,内蒙古科技大学,3,254240
2024,1,57,复合材料与工程,A127,内蒙古科技大学,3,214075
2024,1,58,测控技术与仪器,A127,内蒙古科技大学,3,163385
2024,1,60,电子信息工程,A127,内蒙古科技大学,5,143093
2024,1,61,通信工程,A127,内蒙古科技大学,5,147126
2024,1,67,工程管理,A127,内蒙古科技大学,5,166094
2024,1,76,矿物加工工程,A127,内蒙古科技大学,2,209192
2024,1,77,生物技术,A127,内蒙古科技大学,6,229742
2024,1,78,生物信息学,A127,内蒙古科技大学,1,189357
2024,1,79,生物工程,A127,内蒙古科技大学,5,246281
2024,1,L1,机械类,A127,内蒙古科技大学,30,172036
2024,1,L4,化工与制药类,A127,内蒙古科技大学,10,201723
2024,1,L6,土木类,A127,内蒙古科技大学,17,247118
2024,1,05,机械设计制造及其自动化,A128,内蒙古工业大学,4,136591
2024,1,07,电子信息工程,A128,内蒙古工业大学,4,133706
2024,1,09,材料成型及控制工程,A128,内蒙古工业大学,4,172540
2024,1,0A,化学工程与工艺,A128,内蒙古工业大学,4,168158
2024,1,0C,建筑学,A128,内蒙古工业大学,4,144774
2024,1,0D,土木工程,A128,内蒙古工业大学,4,271547
2024,1,0E,道路桥梁与渡河工程,A128,内蒙古工业大学,4,220882
2024,1,0J,计算机科学与技术,A128,内蒙古工业大学,4,116752
2024,1,11,冶金工程,A128,内蒙古工业大学,4,201034
2024,1,13,过程装备与控制工程,A128,内蒙古工业大学,4,170708
2024,1,18,应用化学,A128,内蒙古工业大学,4,199804
2024,1,19,安全工程,A128,内蒙古工业大学,4,197029
2024,1,1A,信息与计算科学,A128,内蒙古工业大学,4,145123
2024,1,1E,车辆工程,A128,内蒙古工业大学,4,154088
2024,1,1J,建筑环境与能源应用工程,A128,内蒙古工业大学,4,258477
2024,1,1P,资源与环境经济学,A128,内蒙古工业大学,4,152980
2024,1,1Q,工程力学,A128,内蒙古工业大学,4,184032
2024,1,1U,纺织工程,A128,内蒙古工业大学,4,238480
2024,1,1Z,采矿工程,A128,内蒙古工业大学,3,198038
2024,1,2E,交通运输,A128,内蒙古工业大学,4,170673
2024,1,2S,交通工程,A128,内蒙古工业大学,4,176002
2024,1,3K,电气类,A128,内蒙古工业大学,20,123285
2024,1,57,智能制造工程,A128,内蒙古工业大学,4,154018
2024,1,58,能源化学工程,A128,内蒙古工业大学,4,180697
2024,1,59,储能科学与工程,A128,内蒙古工业大学,4,152279
2024,1,5B,智能建造,A128,内蒙古工业大学,4,200779
2024,1,5C,飞行器设计与工程,A128,内蒙古工业大学,4,145616
2024,1,5W,电子信息科学与技术,A128,内蒙古工业大学,4,135961
2024,1,5X,新能源材料与器件,A128,内蒙古工业大学,4,162273
2024,1,01,动物科学,A129,内蒙古农业大学,2,178536
2024,1,13,动植物检疫,A129,内蒙古农业大学,4,206795
2024,1,14,动物药学,A129,内蒙古农业大学,3,190575
2024,1,20,农学,A129,内蒙古农业大学,3,159388
2024,1,21,植物保护,A129,内蒙古农业大学,4,230493
2024,1,23,植物科学与技术,A129,内蒙古农业大学,3,234140
2024,1,24,种子科学与工程,A129,内蒙古农业大学,5,211072
2024,1,30,林学,A129,内蒙古农业大学,4,284004
2024,1,31,风景园林,A129,内蒙古农业大学,4,146476
2024,1,34,园林,A129,内蒙古农业大学,4,144404
2024,1,36,消防工程,A129,内蒙古农业大学,4,232218
2024,1,40,草业科学,A129,内蒙古农业大学,4,278313
2024,1,42,农业资源与环境,A129,内蒙古农业大学,5,271881
2024,1,46,中草药栽培与鉴定,A129,内蒙古农业大学,2,239261
2024,1,51,土地资源管理,A129,内蒙古农业大学,5,137156
2024,1,60,机械设计制造及其自动化,A129,内蒙古农业大学,4,151685
2024,1,62,电气工程及其自动化,A129,内蒙古农业大学,3,132902
2024,1,63,农业机械化及其自动化,A129,内蒙古农业大学,3,168534
2024,1,66,农业电气化,A129,内蒙古农业大学,4,171492
2024,1,70,农业水利工程,A129,内蒙古农业大学,4,191561
2024,1,71,水文与水资源工程,A129,内蒙古农业大学,3,193267
2024,1,74,水利水电工程,A129,内蒙古农业大学,2,158980
2024,1,7E,智慧水利,A129,内蒙古农业大学,2,200614
2024,1,A1,食品科学与工程,A129,内蒙古农业大学,4,204252
2024,1,A2,食品质量与安全,A129,内蒙古农业大学,3,203640
2024,1,B1,计算机科学与技术,A129,内蒙古农业大学,4,132524
2024,1,B4,数据科学与大数据技术,A129,内蒙古农业大学,2,142599
2024,1,C2,制药工程,A129,内蒙古农业大学,4,207942
2024,1,C3,生物技术,A129,内蒙古农业大学,4,224845
2024,1,E0,英语,A129,内蒙古农业大学,4,146758
2024,1,F0,电子科学与技术,A129,内蒙古农业大学,4,152915
2024,1,FB,应用统计学,A129,内蒙古农业大学,5,163772
2024,1,FC,应用化学,A129,内蒙古农业大学,5,210493
2024,1,G0,新能源科学与工程,A129,内蒙古农业大学,3,140959
2024,1,G4,道路桥梁与渡河工程,A129,内蒙古农业大学,6,231780
2024,1,04,医学影像学,A132,内蒙古医科大学,1,61980
2024,1,05,临床医学,A132,内蒙古医科大学,3,55722
2024,1,08,中医学,A132,内蒙古医科大学,4,93118
2024,1,12,针灸推拿学,A132,内蒙古医科大学,4,105735
2024,1,C1,护理学,A132,内蒙古医科大学,4,168775
2024,1,HG,中医康复学,A132,内蒙古医科大学,2,110473
2024,1,41,汉语言文学(师范类),A135,内蒙古师范大学,8,68068
2024,1,D1,物理学(师范类),A135,内蒙古师范大学,8,225820
2024,1,E1,化学(师范类),A135,内蒙古师范大学,8,185788
2024,1,F1,生物科学(师范类),A135,内蒙古师范大学,5,209855
2024,1,G1,地理科学(师范类),A135,内蒙古师范大学,5,86375
2024,1,0A,临床医学,A136,内蒙古民族大学,3,98845
2024,1,0D,电气工程及其自动化,A136,内蒙古民族大学,4,152308
2024,1,0G,智慧农业,A136,内蒙古民族大学,3,211426
2024,1,0J,助产学,A136,内蒙古民族大学,2,145905
2024,1,3A,农学,A136,内蒙古民族大学,2,223849
2024,1,65,经济学,A136,内蒙古民族大学,1,123131
2024,1,69,法学,A136,内蒙古民族大学,1,89047
2024,1,70,思想政治教育(师范类),A136,内蒙古民族大学,4,108322
2024,1,74,汉语国际教育,A136,内蒙古民族大学,4,146861
2024,1,80,数学与应用数学(师范类),A136,内蒙古民族大学,2,175371
2024,1,82,物理学(师范类),A136,内蒙古民族大学,2,307444
2024,1,84,化学(师范类),A136,内蒙古民族大学,6,281825
2024,1,86,生物科学,A136,内蒙古民族大学,4,246272
2024,1,88,机械设计制造及其自动化,A136,内蒙古民族大学,6,173747
2024,1,90,药物制剂,A136,内蒙古民族大学,2,228781
2024,1,94,计算机科学与技术,A136,内蒙古民族大学,2,147101
2024,1,97,数字媒体技术,A136,内蒙古民族大学,2,149631
2024,1,99,化学工程与工艺,A136,内蒙古民族大学,3,211204
2024,1,9A,草业科学,A136,内蒙古民族大学,3,255920
2024,1,A6,护理学,A136,内蒙古民族大学,2,128009
2024,1,A8,财务管理,A136,内蒙古民族大学,3,118406
2024,1,26,数学与应用数学(师范类),A138,赤峰学院,3,263309
2024,1,28,物理学(师范类),A138,赤峰学院,4,270786
2024,1,30,化学(师范类),A138,赤峰学院,6,303583
2024,1,49,英语(师范类),A138,赤峰学院,6,170771
2024,1,8N,机械设计制造及其自动化,A138,赤峰学院,5,238638
2024,1,01,经济学,A139,内蒙古财经大学,6,127214
2024,1,09,金融工程,A139,内蒙古财经大学,6,152874
2024,1,17,税收学,A139,内蒙古财经大学,6,111341
2024,1,19,资产评估,A139,内蒙古财经大学,6,132860
2024,1,27,工商管理,A139,内蒙古财经大学,6,131446
2024,1,31,会计学,A139,内蒙古财经大学,6,84535
2024,1,33,财务管理,A139,内蒙古财经大学,6,98132
2024,1,39,秘书学,A139,内蒙古财经大学,6,122631
2024,1,48,经济统计学,A139,内蒙古财经大学,6,199645
2024,1,54,法学,A139,内蒙古财经大学,6,88262
2024,1,01,汉语言文学,A140,辽宁大学,3,19631
2024,1,08,劳动与社会保障,A140,辽宁大学,3,33044
2024,1,09,新闻学,A140,辽宁大学,6,29874
2024,1,11,编辑出版学,A140,辽宁大学,2,32272
2024,1,12,经济学类,A140,辽宁大学,12,27853
2024,1,14,经济统计学,A140,辽宁大学,9,32536
2024,1,17,金融学类,A140,辽宁大学,5,26020
2024,1,20,国际经济与贸易,A140,辽宁大学,2,30537
2024,1,21,国际政治,A140,辽宁大学,3,31250
2024,1,22,朝鲜语,A140,辽宁大学,2,38926
2024,1,28,法学,A140,辽宁大学,2,17680
2024,1,29,英语,A140,辽宁大学,3,28307
2024,1,32,法语,A140,辽宁大学,3,34893
2024,1,33,日语,A140,辽宁大学,2,33858
2024,1,34,广播电视编导,A140,辽宁大学,5,48251
2024,1,47,戏剧影视文学,A140,辽宁大学,2,50790
2024,1,48,汉语国际教育,A140,辽宁大学,3,27276
2024,1,49,数学与应用数学,A140,辽宁大学,3,24059
2024,1,50,物理学,A140,辽宁大学,3,26256
2024,1,52,微电子科学与工程,A140,辽宁大学,2,21835
2024,1,53,化学类,A140,辽宁大学,4,31193
2024,1,56,制药工程,A140,辽宁大学,2,29972
2024,1,57,生物技术,A140,辽宁大学,4,34378
2024,1,59,环境工程,A140,辽宁大学,5,51101
2024,1,60,环境生态工程,A140,辽宁大学,4,53003
2024,1,62,网络空间安全,A140,辽宁大学,3,23602
2024,1,63,通信工程,A140,辽宁大学,2,21803
2024,1,64,电子信息科学与技术,A140,辽宁大学,2,22236
2024,1,70,数字经济,A140,辽宁大学,2,31945
2024,1,72,纪检监察,A140,辽宁大学,4,20033
2024,1,89,英语(中外高水平大学学生交流计划),A140,辽宁大学,2,57682
2024,1,82,市场营销(中外合作办学)(新华国际商学院),A140,辽宁大学,5,62254
2024,1,83,工商管理(中外合作办学)(新华国际商学院),A140,辽宁大学,4,41637
2024,1,84,会计学(中外合作办学)(亚澳商学院),A140,辽宁大学,4,31247
2024,1,85,金融学(中外合作办学)(亚澳商学院),A140,辽宁大学,3,35615
2024,1,86,国际商务(中外合作办学)(亚澳商学院),A140,辽宁大学,4,51462
2024,1,08,电子信息类,A141,大连理工大学,60,5948
2024,1,09,大数据管理与应用(新工科拔尖班),A141,大连理工大学,3,4666
2024,1,11,储能科学与工程(新工科拔尖班),A141,大连理工大学,3,5765
2024,1,14,电子信息类(创新班),A141,大连理工大学,3,3816
2024,1,18,能源与动力工程(创新班),A141,大连理工大学,8,6554
2024,1,37,工程力学(钱令希力学创新班),A141,大连理工大学,7,6326
2024,1,43,智能制造工程(创新班),A141,大连理工大学,4,4836
2024,1,48,软件工程,A141,大连理工大学,29,8086
2024,1,49,数学类(数学类及华罗庚拔尖计划班),A141,大连理工大学,9,6790
2024,1,51,电子科学与技术,A141,大连理工大学,14,6194
2024,1,67,人工智能(未来技术班),A141,大连理工大学,13,4393
2024,1,93,智能制造工程,A141,大连理工大学,20,7977
2024,1,28,计算机类(中外合作办学),A141,大连理工大学,27,21206
2024,1,29,应用物理学(中外合作办学),A141,大连理工大学,10,24177
2024,1,30,工程力学(中外合作办学),A141,大连理工大学,4,22771
2024,1,31,机械设计制造及其自动化(中外合作办学),A141,大连理工大学,5,17395
2024,1,A1,机械设计制造及其自动化,A142,沈阳工业大学,2,51985
2024,1,A4,工业设计,A142,沈阳工业大学,4,91225
2024,1,A5,机器人工程,A142,沈阳工业大学,2,64892
2024,1,B1,材料成型及控制工程,A142,沈阳工业大学,4,107194
2024,1,C1,电气工程及其自动化,A142,沈阳工业大学,4,27858
2024,1,C2,自动化,A142,沈阳工业大学,2,53459
2024,1,D1,测控技术与仪器,A142,沈阳工业大学,5,64249
2024,1,D2,电子信息工程,A142,沈阳工业大学,4,59448
2024,1,D3,电子科学与技术,A142,沈阳工业大学,3,61424
2024,1,D4,通信工程,A142,沈阳工业大学,3,62206
2024,1,D5,计算机科学与技术,A142,沈阳工业大学,3,45313
2024,1,DA,智能科学与技术,A142,沈阳工业大学,2,49630
2024,1,E2,应用物理学,A142,沈阳工业大学,5,85522
2024,1,E3,信息与计算科学,A142,沈阳工业大学,3,73814
2024,1,EA,环境工程,A142,沈阳工业大学,5,171018
2024,1,EB,能源化学工程,A142,沈阳工业大学,2,83298
2024,1,F2,土木工程,A142,沈阳工业大学,4,210927
2024,1,G1,国际经济与贸易,A142,沈阳工业大学,3,105191
2024,1,G2,金融学,A142,沈阳工业大学,3,79494
2024,1,H1,工程管理,A142,沈阳工业大学,3,125522
2024,1,H4,会计学,A142,沈阳工业大学,5,69703
2024,1,H5,物流管理,A142,沈阳工业大学,3,108473
2024,1,J2,日语,A142,沈阳工业大学,9,142223
2024,1,L1,法学,A142,沈阳工业大学,6,57871
2024,1,LA,通信工程(中外合作办学),A142,沈阳工业大学,10,186899
2024,1,01,计算机科学与技术,A143,沈阳航空航天大学,1,25698
2024,1,03,网络工程,A143,沈阳航空航天大学,1,38652
2024,1,04,电子信息工程,A143,沈阳航空航天大学,1,23924
2024,1,06,航空航天工程,A143,沈阳航空航天大学,1,26584
2024,1,07,飞行器设计与工程,A143,沈阳航空航天大学,1,20701
2024,1,08,飞行器制造工程,A143,沈阳航空航天大学,5,27273
2024,1,09,能源与动力工程,A143,沈阳航空航天大学,1,28374
2024,1,0A,飞行器动力工程,A143,沈阳航空航天大学,3,26864
2024,1,0C,安全工程,A143,沈阳航空航天大学,2,59914
2024,1,0D,消防工程,A143,沈阳航空航天大学,6,113158
2024,1,0E,机械电子工程,A143,沈阳航空航天大学,1,36971
2024,1,0G,机械设计制造及其自动化,A143,沈阳航空航天大学,1,33136
2024,1,0H,测控技术与仪器,A143,沈阳航空航天大学,1,35304
2024,1,0K,自动化,A143,沈阳航空航天大学,1,35981
2024,1,0L,金融学,A143,沈阳航空航天大学,1,56005
2024,1,0M,人力资源管理,A143,沈阳航空航天大学,1,64426
2024,1,0N,国际经济与贸易,A143,沈阳航空航天大学,1,74890
2024,1,0P,物流管理,A143,沈阳航空航天大学,1,58871
2024,1,0Q,工业设计,A143,沈阳航空航天大学,1,40029
2024,1,0R,材料成型及控制工程,A143,沈阳航空航天大学,11,67626
2024,1,0S,金属材料工程,A143,沈阳航空航天大学,1,93620
2024,1,0U,能源与环境系统工程,A143,沈阳航空航天大学,4,55936
2024,1,0V,新能源科学与工程,A143,沈阳航空航天大学,3,45767
2024,1,0W,环境工程,A143,沈阳航空航天大学,8,162049
2024,1,0X,交通运输,A143,沈阳航空航天大学,1,61795
2024,1,0Z,人工智能,A143,沈阳航空航天大学,1,34145
2024,1,10,机器人工程,A143,沈阳航空航天大学,1,34588
2024,1,16,自动化(中外合作办学),A143,沈阳航空航天大学,2,92843
2024,1,17,飞行器设计与工程(中外合作办学),A143,沈阳航空航天大学,2,76561
2024,1,18,飞行器制造工程(中外合作办学),A143,沈阳航空航天大学,2,82150
2024,1,19,飞行器动力工程(中外合作办学),A143,沈阳航空航天大学,8,90864
2024,1,01,金融学,A144,沈阳理工大学,2,81006
2024,1,02,英语,A144,沈阳理工大学,2,90102
2024,1,03,俄语,A144,沈阳理工大学,2,98486
2024,1,04,信息与计算科学,A144,沈阳理工大学,1,65276
2024,1,05,应用化学,A144,沈阳理工大学,1,71488
2024,1,06,机械设计制造及其自动化,A144,沈阳理工大学,5,72630
2024,1,07,材料成型及控制工程,A144,沈阳理工大学,1,97696
2024,1,08,机械电子工程,A144,沈阳理工大学,2,72634
2024,1,09,工业设计,A144,沈阳理工大学,1,77103
2024,1,10,车辆工程,A144,沈阳理工大学,5,83787
2024,1,11,智能制造工程,A144,沈阳理工大学,1,56199
2024,1,12,智能车辆工程,A144,沈阳理工大学,1,69656
2024,1,13,测控技术与仪器,A144,沈阳理工大学,1,65274
2024,1,14,金属材料工程,A144,沈阳理工大学,1,114913
2024,1,15,无机非金属材料工程,A144,沈阳理工大学,1,118987
2024,1,16,粉体材料科学与工程,A144,沈阳理工大学,1,121898
2024,1,17,电气工程及其自动化,A144,沈阳理工大学,1,31077
2024,1,18,电子信息工程,A144,沈阳理工大学,1,33868
2024,1,20,通信工程,A144,沈阳理工大学,1,39990
2024,1,21,光电信息科学与工程,A144,沈阳理工大学,1,59342
2024,1,22,自动化,A144,沈阳理工大学,1,53877
2024,1,23,机器人工程,A144,沈阳理工大学,1,60656
2024,1,24,计算机科学与技术,A144,沈阳理工大学,1,38498
2024,1,25,网络工程,A144,沈阳理工大学,1,54058
2024,1,26,智能科学与技术,A144,沈阳理工大学,1,52279
2024,1,28,化学工程与工艺,A144,沈阳理工大学,1,92249
2024,1,29,武器发射工程,A144,沈阳理工大学,1,60877
2024,1,30,探测制导与控制技术,A144,沈阳理工大学,1,62287
2024,1,31,弹药工程与爆炸技术,A144,沈阳理工大学,1,65295
2024,1,32,特种能源技术与工程,A144,沈阳理工大学,1,70936
2024,1,33,装甲车辆工程,A144,沈阳理工大学,1,43962
2024,1,34,信息对抗技术,A144,沈阳理工大学,1,59663
2024,1,35,智能无人系统技术,A144,沈阳理工大学,1,62023
2024,1,36,环境工程,A144,沈阳理工大学,1,99007
2024,1,37,安全工程,A144,沈阳理工大学,1,97124
2024,1,38,信息管理与信息系统,A144,沈阳理工大学,1,72412
2024,1,39,工商管理,A144,沈阳理工大学,2,93644
2024,1,40,会计学,A144,沈阳理工大学,2,64010
2024,1,44,化学工程与工艺(中外合作办学),A144,沈阳理工大学,13,291317
2024,1,45,机械设计制造及其自动化(中外合作办学),A144,沈阳理工大学,8,206199
2024,1,46,计算机科学与技术(中外合作办学),A144,沈阳理工大学,5,153357
2024,1,47,测控技术与仪器(中外合作办学),A144,沈阳理工大学,5,221073
2024,1,48,金属材料工程(中外合作办学),A144,沈阳理工大学,5,268287
2024,1,0A,公共管理类,A145,东北大学,10,19124
2024,1,0B,人文科学试验班,A145,东北大学,9,18559
2024,1,0C,外国语言文学类,A145,东北大学,24,24433
2024,1,1A,经济管理试验班,A145,东北大学,15,21894
2024,1,1B,数学类,A145,东北大学,5,13293
2024,1,1C,应用物理学,A145,东北大学,8,14885
2024,1,1F,化学类,A145,东北大学,6,19050
2024,1,1H,智能采矿工程,A145,东北大学,3,21427
2024,1,1J,工科试验班(1),A145,东北大学,22,17433
2024,1,1K,材料类,A145,东北大学,12,18253
2024,1,1M,机械类,A145,东北大学,18,14272
2024,1,1N,智能制造工程,A145,东北大学,10,12973
2024,1,1P,自动化类,A145,东北大学,13,10594
2024,1,1Q,计算机科学与技术,A145,东北大学,4,8625
2024,1,1R,电子信息类,A145,东北大学,4,9886
2024,1,1S,人工智能,A145,东北大学,2,9332
2024,1,1T,计算机类,A145,东北大学,20,10702
2024,1,1V,智能医学工程,A145,东北大学,4,14172
2024,1,1W,生物工程类,A145,东北大学,2,15396
2024,1,1X,建筑类,A145,东北大学,6,24982
2024,1,1Y,机器人工程,A145,东北大学,2,9850
2024,1,F3,物联网工程,A145,东北大学,2,9266
2024,1,F6,人工智能(未来技术学院),A145,东北大学,2,8414
2024,1,1L,材料科学与工程(中外合作办学),A145,东北大学,8,29274
2024,1,01,金融学,A146,辽宁科技大学,1,94916
2024,1,05,英语,A146,辽宁科技大学,3,130410
2024,1,07,应用物理学,A146,辽宁科技大学,3,127128
2024,1,08,应用化学,A146,辽宁科技大学,4,153907
2024,1,09,机械工程,A146,辽宁科技大学,3,88904
2024,1,10,机械设计制造及其自动化,A146,辽宁科技大学,2,65629
2024,1,11,材料成型及控制工程,A146,辽宁科技大学,4,144040
2024,1,12,机械电子工程,A146,辽宁科技大学,4,70802
2024,1,14,智能制造工程,A146,辽宁科技大学,6,105563
2024,1,15,测控技术与仪器,A146,辽宁科技大学,2,99190
2024,1,16,材料科学与工程,A146,辽宁科技大学,6,169107
2024,1,17,冶金工程,A146,辽宁科技大学,4,188616
2024,1,18,无机非金属材料工程,A146,辽宁科技大学,7,183936
2024,1,19,能源与动力工程,A146,辽宁科技大学,4,86739
2024,1,20,储能科学与工程,A146,辽宁科技大学,4,108420
2024,1,21,电气工程及其自动化,A146,辽宁科技大学,4,65450
2024,1,22,电子信息工程,A146,辽宁科技大学,2,71381
2024,1,23,通信工程,A146,辽宁科技大学,1,57634
2024,1,24,光电信息科学与工程,A146,辽宁科技大学,2,76792
2024,1,25,自动化,A146,辽宁科技大学,2,76091
2024,1,26,机器人工程,A146,辽宁科技大学,2,87385
2024,1,27,计算机科学与技术,A146,辽宁科技大学,3,78254
2024,1,28,软件工程,A146,辽宁科技大学,4,86504
2024,1,29,网络工程,A146,辽宁科技大学,3,110069
2024,1,31,数据科学与大数据技术,A146,辽宁科技大学,4,107066
2024,1,34,智能建造,A146,辽宁科技大学,1,213562
2024,1,36,化学工程与工艺,A146,辽宁科技大学,2,123782
2024,1,37,采矿工程,A146,辽宁科技大学,4,202059
2024,1,38,矿物加工工程,A146,辽宁科技大学,4,219120
2024,1,39,环境工程,A146,辽宁科技大学,5,200348
2024,1,40,建筑学,A146,辽宁科技大学,2,135273
2024,1,41,生物工程,A146,辽宁科技大学,2,65418
2024,1,42,工商管理,A146,辽宁科技大学,2,107199
2024,1,43,市场营销,A146,辽宁科技大学,2,149002
2024,1,H1,冶金工程(中外合作办学),A146,辽宁科技大学,4,283826
2024,1,01,采矿工程,A147,辽宁工程技术大学,2,187223
2024,1,06,安全工程,A147,辽宁工程技术大学,3,122207
2024,1,07,应急技术与管理,A147,辽宁工程技术大学,2,168322
2024,1,13,工程力学,A147,辽宁工程技术大学,4,138199
2024,1,15,机械设计制造及其自动化,A147,辽宁工程技术大学,3,87383
2024,1,27,土木工程,A147,辽宁工程技术大学,3,215039
2024,1,44,金属材料工程,A147,辽宁工程技术大学,2,156833
2024,1,54,数据科学与大数据技术,A147,辽宁工程技术大学,4,102106
2024,1,02,材料成型及控制工程,A148,辽宁石油化工大学,2,165829
2024,1,03,材料化学,A148,辽宁石油化工大学,2,171308
2024,1,05,测控技术与仪器,A148,辽宁石油化工大学,4,154158
2024,1,07,城市地下空间工程,A148,辽宁石油化工大学,2,204835
2024,1,12,复合材料与工程,A148,辽宁石油化工大学,2,171812
2024,1,14,高分子材料与工程(卓越计划班),A148,辽宁石油化工大学,5,139691
2024,1,16,工程管理,A148,辽宁石油化工大学,5,155635
2024,1,18,过程装备与控制工程,A148,辽宁石油化工大学,7,145644
2024,1,19,过程装备与控制工程(卓越计划班),A148,辽宁石油化工大学,6,112873
2024,1,20,海洋油气工程,A148,辽宁石油化工大学,2,132859
2024,1,22,化工安全工程,A148,辽宁石油化工大学,4,173542
2024,1,23,化学工程与工艺,A148,辽宁石油化工大学,1,81020
2024,1,26,环境工程,A148,辽宁石油化工大学,7,219878
2024,1,29,机器人工程,A148,辽宁石油化工大学,3,132016
2024,1,30,机械设计制造及其自动化,A148,辽宁石油化工大学,3,111277
2024,1,34,金属材料工程,A148,辽宁石油化工大学,1,166488
2024,1,36,能源与动力工程,A148,辽宁石油化工大学,3,113675
2024,1,39,石油工程,A148,辽宁石油化工大学,2,112918
2024,1,41,数学与应用数学,A148,辽宁石油化工大学,3,147785
2024,1,43,通信工程,A148,辽宁石油化工大学,4,129777
2024,1,46,应用化学,A148,辽宁石油化工大学,6,159642
2024,1,47,应用物理学,A148,辽宁石油化工大学,4,158063
2024,1,49,油气储运工程,A148,辽宁石油化工大学,5,106133
2024,1,50,油气储运工程(卓越计划班),A148,辽宁石油化工大学,2,99194
2024,1,52,智能制造工程,A148,辽宁石油化工大学,2,135674
2024,1,55,人工智能,A148,辽宁石油化工大学,2,121616
2024,1,56,环境生态工程,A148,辽宁石油化工大学,2,181112
2024,1,58,精细化工,A148,辽宁石油化工大学,2,181733
2024,1,59,质量管理工程,A148,辽宁石油化工大学,3,159825
2024,1,57,电气工程及其自动化(中外合作办学),A148,辽宁石油化工大学,2,174293
2024,1,60,石油工程(中外合作办学),A148,辽宁石油化工大学,2,195431
2024,1,A1,化学工程与工艺,A149,沈阳化工大学,5,144953
2024,1,A2,化学工程与工艺(卓越工程师班),A149,沈阳化工大学,3,138570
2024,1,A3,化学工程与工艺(菱镁产业学院),A149,沈阳化工大学,3,159148
2024,1,A4,应用化学,A149,沈阳化工大学,3,147105
2024,1,A5,能源化学工程,A149,沈阳化工大学,3,142621
2024,1,A6,制药工程,A149,沈阳化工大学,3,146981
2024,1,B1,材料化学,A149,沈阳化工大学,6,166134
2024,1,B2,无机非金属材料工程,A149,沈阳化工大学,3,173916
2024,1,B3,高分子材料与工程,A149,沈阳化工大学,4,152772
2024,1,B4,高分子材料与工程(卓越工程师班),A149,沈阳化工大学,3,141957
2024,1,B5,新能源材料与器件,A149,沈阳化工大学,2,129815
2024,1,C1,过程装备与控制工程,A149,沈阳化工大学,3,136580
2024,1,C2,过程装备与控制工程(菱镁产业学院),A149,沈阳化工大学,3,143836
2024,1,C3,机械设计制造及其自动化,A149,沈阳化工大学,3,105656
2024,1,C4,能源与动力工程,A149,沈阳化工大学,1,102134
2024,1,C5,油气储运工程,A149,沈阳化工大学,2,138543
2024,1,C6,金属材料工程,A149,沈阳化工大学,9,198565
2024,1,D1,电气工程及其自动化,A149,沈阳化工大学,2,91643
2024,1,D2,电子信息工程,A149,沈阳化工大学,2,101087
2024,1,D3,电子科学与技术,A149,沈阳化工大学,2,94883
2024,1,D4,测控技术与仪器,A149,沈阳化工大学,2,130104
2024,1,D5,自动化,A149,沈阳化工大学,2,100328
2024,1,D6,人工智能,A149,沈阳化工大学,3,110531
2024,1,E1,计算机科学与技术,A149,沈阳化工大学,1,70617
2024,1,E2,软件工程,A149,沈阳化工大学,2,95376
2024,1,E3,网络工程,A149,沈阳化工大学,2,109037
2024,1,E4,数据科学与大数据技术,A149,沈阳化工大学,2,105356
2024,1,F1,环境工程,A149,沈阳化工大学,7,218979
2024,1,F2,安全工程,A149,沈阳化工大学,6,170687
2024,1,F3,生物工程,A149,沈阳化工大学,4,166394
2024,1,H1,化学,A149,沈阳化工大学,3,149555
2024,1,J1,金融学,A149,沈阳化工大学,4,119649
2024,1,J2,国际经济与贸易,A149,沈阳化工大学,1,122103
2024,1,J3,工程管理,A149,沈阳化工大学,3,158304
2024,1,J4,应急管理,A149,沈阳化工大学,3,153160
2024,1,J5,会计学,A149,沈阳化工大学,3,89606
2024,1,K2,社会工作,A149,沈阳化工大学,2,132622
2024,1,W1,英语,A149,沈阳化工大学,2,121755
2024,1,C7,能源与动力工程(中外合作办学),A149,沈阳化工大学,3,191400
2024,1,05,物流管理,A150,大连交通大学,2,70362
2024,1,07,机械工程,A150,大连交通大学,3,38467
2024,1,12,材料成型及控制工程,A150,大连交通大学,2,63362
2024,1,14,焊接技术与工程,A150,大连交通大学,2,83203
2024,1,15,电子科学与技术,A150,大连交通大学,2,41038
2024,1,16,车辆工程,A150,大连交通大学,4,44678
2024,1,19,交通运输,A150,大连交通大学,2,37509
2024,1,20,交通工程,A150,大连交通大学,2,46108
2024,1,21,安全工程,A150,大连交通大学,2,62143
2024,1,22,电气工程及其自动化,A150,大连交通大学,3,36054
2024,1,24,轨道交通信号与控制,A150,大连交通大学,2,35989
2024,1,25,通信工程,A150,大连交通大学,2,38442
2024,1,26,电子信息工程,A150,大连交通大学,2,37704
2024,1,27,计算机科学与技术,A150,大连交通大学,2,34648
2024,1,28,土木工程,A150,大连交通大学,3,75178
2024,1,30,环境工程,A150,大连交通大学,3,95635
2024,1,06,会计学(中外合作办学),A150,大连交通大学,4,96600
2024,1,48,机械工程(中外合作办学),A150,大连交通大学,5,123844
2024,1,49,土木工程(中外合作办学),A150,大连交通大学,3,174289
2024,1,50,机械工程(中外合作办学),A150,大连交通大学,4,139022
2024,1,51,车辆工程(中外合作办学),A150,大连交通大学,5,134450
2024,1,52,土木工程(中外合作办学),A150,大连交通大学,4,180613
2024,1,07,经济学类,A151,大连海事大学,4,25156
2024,1,12,海事管理,A151,大连海事大学,4,23043
2024,1,14,安全工程,A151,大连海事大学,4,31628
2024,1,15,物流管理,A151,大连海事大学,4,36925
2024,1,16,供应链管理,A151,大连海事大学,4,37829
2024,1,18,金融工程,A151,大连海事大学,4,32671
2024,1,19,法学,A151,大连海事大学,10,15866
2024,1,20,英语,A151,大连海事大学,7,27494
2024,1,24,物联网工程,A151,大连海事大学,4,20595
2024,1,25,人工智能,A151,大连海事大学,5,20974
2024,1,H5,自动化类,A151,大连海事大学,30,22213
2024,1,H7,电子信息类,A151,大连海事大学,29,21274
2024,1,H9,计算机类,A151,大连海事大学,34,20815
2024,1,HB,交通运输类,A151,大连海事大学,28,31906
2024,1,HD,管理科学与工程类,A151,大连海事大学,9,31577
2024,1,HF,机械类,A151,大连海事大学,29,26941
2024,1,HH,环境科学与工程类,A151,大连海事大学,5,33017
2024,1,HK,数学类,A151,大连海事大学,6,23246
2024,1,HM,轮机工程(陆上专业),A151,大连海事大学,8,28819
2024,1,HP,交通管理,A151,大连海事大学,9,26723
2024,1,H1,电子信息工程(中外合作办学),A151,大连海事大学,11,36175
2024,1,H2,机械设计制造及其自动化(中外合作办学),A151,大连海事大学,8,40963
2024,1,H3,土木工程(中外合作办学),A151,大连海事大学,5,69300
2024,1,H4,法学(中外合作办学),A151,大连海事大学,3,23734
2024,1,04,工商管理(本科学术互认课程项目),A152,大连工业大学,5,126855
2024,1,09,应用化学,A152,大连工业大学,2,119335
2024,1,13,生物质能源与材料,A152,大连工业大学,3,121327
2024,1,17,计算机科学与技术,A152,大连工业大学,2,54847
2024,1,18,计算机科学与技术(本科学术互认课程项目),A152,大连工业大学,4,75508
2024,1,21,通信工程,A152,大连工业大学,2,63364
2024,1,24,生物工程,A152,大连工业大学,3,105464
2024,1,26,生物制药,A152,大连工业大学,4,115592
2024,1,27,食品科学与工程,A152,大连工业大学,8,96456
2024,1,28,食品质量与安全,A152,大连工业大学,4,97174
2024,1,29,食品营养与健康,A152,大连工业大学,6,128325
2024,1,32,服装设计与工程,A152,大连工业大学,1,85180
2024,1,33,机械工程,A152,大连工业大学,2,76936
2024,1,37,机械电子工程(中外合作办学),A152,大连工业大学,4,163882
2024,1,2L,英语,A153,沈阳建筑大学,2,109171
2024,1,2M,信息与计算科学,A153,沈阳建筑大学,1,90032
2024,1,2N,机械工程,A153,沈阳建筑大学,1,70571
2024,1,2Q,机械电子工程,A153,沈阳建筑大学,1,72894
2024,1,2R,智能制造工程,A153,沈阳建筑大学,1,53339
2024,1,2T,高分子材料与工程,A153,沈阳建筑大学,1,92631
2024,1,2V,新能源材料与器件,A153,沈阳建筑大学,1,82349
2024,1,2W,电气工程及其自动化,A153,沈阳建筑大学,1,48409
2024,1,2X,通信工程,A153,沈阳建筑大学,1,70839
2024,1,2Y,人工智能,A153,沈阳建筑大学,1,56083
2024,1,2Z,自动化,A153,沈阳建筑大学,1,70145
2024,1,31,数据科学与大数据技术,A153,沈阳建筑大学,1,66388
2024,1,32,土木工程,A153,沈阳建筑大学,2,160122
2024,1,33,建筑环境与能源应用工程,A153,沈阳建筑大学,2,172096
2024,1,34,给排水科学与工程,A153,沈阳建筑大学,1,148414
2024,1,35,建筑电气与智能化,A153,沈阳建筑大学,1,132170
2024,1,36,道路桥梁与渡河工程,A153,沈阳建筑大学,1,92927
2024,1,37,智能建造,A153,沈阳建筑大学,1,262378
2024,1,38,测绘工程,A153,沈阳建筑大学,1,162105
2024,1,39,交通工程,A153,沈阳建筑大学,2,94156
2024,1,3B,环境工程,A153,沈阳建筑大学,1,141697
2024,1,3C,建筑学,A153,沈阳建筑大学,2,81942
2024,1,3D,城乡规划,A153,沈阳建筑大学,2,132474
2024,1,3E,风景园林,A153,沈阳建筑大学,1,68944
2024,1,3F,安全工程,A153,沈阳建筑大学,1,166372
2024,1,3G,工程管理,A153,沈阳建筑大学,2,91484
2024,1,3J,工程造价,A153,沈阳建筑大学,1,81583
2024,1,3L,会计学,A153,沈阳建筑大学,1,69841
2024,1,3S,电气工程及其自动化(国际本科学术互认课程),A153,沈阳建筑大学,2,71146
2024,1,3T,工程管理(国际本科学术互认课程),A153,沈阳建筑大学,2,167285
2024,1,3U,道路桥梁与渡河工程(国际本科学术互认课程),A153,沈阳建筑大学,2,172928
2024,1,3W,计算机科学与技术(中外合作办学),A153,沈阳建筑大学,4,152278
2024,1,3X,数据科学与大数据技术(中外合作办学),A153,沈阳建筑大学,3,168708
2024,1,3Y,工程造价(中外合作办学),A153,沈阳建筑大学,4,189551
2024,1,02,机械设计制造及其自动化,A154,辽宁工业大学,2,96713
2024,1,03,过程装备与控制工程,A154,辽宁工业大学,2,145770
2024,1,07,车辆工程,A154,辽宁工业大学,2,102885
2024,1,11,材料科学与工程,A154,辽宁工业大学,3,159645
2024,1,12,材料成型及控制工程,A154,辽宁工业大学,2,155059
2024,1,13,焊接技术与工程,A154,辽宁工业大学,2,147865
2024,1,15,智能材料与结构,A154,辽宁工业大学,2,170088
2024,1,20,储能科学与工程,A154,辽宁工业大学,2,117904
2024,1,23,自动化,A154,辽宁工业大学,3,97624
2024,1,24,电气工程及其自动化,A154,辽宁工业大学,4,70032
2024,1,26,电子信息工程,A154,辽宁工业大学,2,98954
2024,1,33,工程管理,A154,辽宁工业大学,2,132461
2024,1,38,建筑学,A154,辽宁工业大学,2,118929
2024,1,42,土木工程,A154,辽宁工业大学,2,224046
2024,1,43,建筑环境与能源应用工程,A154,辽宁工业大学,2,154517
2024,1,45,信息与计算科学,A154,辽宁工业大学,1,78453
2024,1,21,化学工程与工艺(中外合作办学),A154,辽宁工业大学,6,290568
2024,1,30,软件工程(中外合作办学),A154,辽宁工业大学,6,186786
2024,1,02,应用化学,A157,沈阳农业大学,2,159072
2024,1,04,应用气象学,A157,沈阳农业大学,3,94930
2024,1,06,生物技术,A157,沈阳农业大学,3,151168
2024,1,08,机械设计制造及其自动化,A157,沈阳农业大学,2,95900
2024,1,09,电气工程及其自动化,A157,沈阳农业大学,2,76899
2024,1,0A,电子信息工程,A157,沈阳农业大学,2,103806
2024,1,0E,测绘工程,A157,沈阳农业大学,2,150638
2024,1,0F,包装工程,A157,沈阳农业大学,3,190637
2024,1,0G,农业机械化及其自动化,A157,沈阳农业大学,2,125511
2024,1,0L,环境科学,A157,沈阳农业大学,4,172670
2024,1,0M,食品科学与工程,A157,沈阳农业大学,2,123779
2024,1,0N,食品质量与安全,A157,沈阳农业大学,2,141086
2024,1,0Q,农学,A157,沈阳农业大学,2,103031
2024,1,0R,农学(卓越计划实验班),A157,沈阳农业大学,3,94478
2024,1,0S,园艺,A157,沈阳农业大学,2,148321
2024,1,0T,园艺(卓越计划实验班),A157,沈阳农业大学,3,131979
2024,1,0U,植物保护,A157,沈阳农业大学,2,145211
2024,1,0V,种子科学与工程,A157,沈阳农业大学,2,112624
2024,1,0Z,动物科学,A157,沈阳农业大学,4,169352
2024,1,10,动物医学,A157,沈阳农业大学,2,99995
2024,1,11,动物药学,A157,沈阳农业大学,2,123018
2024,1,12,林学,A157,沈阳农业大学,2,158969
2024,1,13,园林,A157,沈阳农业大学,2,105737
2024,1,18,会计学,A157,沈阳农业大学,2,70970
2024,1,19,农林经济管理,A157,沈阳农业大学,2,91144
2024,1,1C,电气工程及其自动化(中外合作办学),A157,沈阳农业大学,2,144754
2024,1,B6,海洋渔业科学与技术,A158,大连海洋大学,2,114349
2024,1,B7,水产养殖学,A158,大连海洋大学,2,93078
2024,1,B9,船舶与海洋工程,A158,大连海洋大学,2,96825
2024,1,C1,港口航道与海岸工程,A158,大连海洋大学,2,105107
2024,1,C2,信息与计算科学,A158,大连海洋大学,2,79988
2024,1,C3,应用物理学,A158,大连海洋大学,2,114809
2024,1,C7,建筑环境与能源应用工程,A158,大连海洋大学,2,131268
2024,1,D5,土木工程,A158,大连海洋大学,2,151675
2024,1,D8,能源与动力工程,A158,大连海洋大学,2,85060
2024,1,D9,食品科学与工程,A158,大连海洋大学,2,103902
2024,1,F3,生物科学,A158,大连海洋大学,2,113002
2024,1,F4,电子信息工程,A158,大连海洋大学,2,71119
2024,1,K1,海洋科学,A158,大连海洋大学,4,117284
2024,1,K2,海洋技术,A158,大连海洋大学,3,121997
2024,1,K3,生物育种技术,A158,大连海洋大学,2,111199
2024,1,K5,机械设计制造及其自动化(中外合作办学),A158,大连海洋大学,15,221961
2024,1,06,临床医学,A159,中国医科大学,2,4868
2024,1,07,临床医学(5+3一体化),A159,中国医科大学,2,5204
2024,1,09,临床医学,A159,中国医科大学,16,12446
2024,1,10,临床医学(检验医师培养试验班),A159,中国医科大学,1,8805
2024,1,12,医学影像学,A159,中国医科大学,2,13888
2024,1,16,口腔医学,A159,中国医科大学,2,8748
2024,1,20,法医学,A159,中国医科大学,2,25123
2024,1,27,生物技术(中外合作办学),A159,中国医科大学,4,74974
2024,1,28,药物制剂(中外合作办学),A159,中国医科大学,5,92185
2024,1,31,临床医学,A160,锦州医科大学,6,36643
2024,1,32,麻醉学,A160,锦州医科大学,1,31161
2024,1,33,医学影像学,A160,锦州医科大学,2,43126
2024,1,34,口腔医学,A160,锦州医科大学,1,23961
2024,1,35,预防医学,A160,锦州医科大学,1,231890
2024,1,38,药学,A160,锦州医科大学,2,76779
2024,1,39,护理学,A160,锦州医科大学,2,88635
2024,1,43,医学检验技术,A160,锦州医科大学,2,104769
2024,1,40,运动康复(中外合作办学),A160,锦州医科大学,3,200840
2024,1,02,基础医学(其震班),A161,大连医科大学,2,33473
2024,1,03,临床医学(5+3一体化),A161,大连医科大学,2,7620
2024,1,04,临床医学(5+3一体化，儿科学),A161,大连医科大学,2,11641
2024,1,05,临床医学,A161,大连医科大学,4,14473
2024,1,06,麻醉学,A161,大连医科大学,2,17454
2024,1,09,精神医学,A161,大连医科大学,2,29582
2024,1,10,基础医学,A161,大连医科大学,2,56137
2024,1,11,口腔医学,A161,大连医科大学,1,10172
2024,1,13,中西医临床医学,A161,大连医科大学,2,33826
2024,1,17,临床药学,A161,大连医科大学,2,33270
2024,1,18,医学检验技术,A161,大连医科大学,2,41393
2024,1,19,医学影像技术,A161,大连医科大学,2,36207
2024,1,22,生物技术,A161,大连医科大学,2,51418
2024,1,24,生物制药,A161,大连医科大学,2,42284
2024,1,25,应用心理学,A161,大连医科大学,2,66887
2024,1,26,法学,A161,大连医科大学,2,30290
2024,1,28,护理学,A161,大连医科大学,2,65708
2024,1,04,中医学,A162,辽宁中医药大学,4,64960
2024,1,06,中西医临床医学,A162,辽宁中医药大学,4,100703
2024,1,07,针灸推拿学,A162,辽宁中医药大学,6,101511
2024,1,17,中草药栽培与鉴定,A162,辽宁中医药大学,3,191430
2024,1,19,中药资源与开发,A162,辽宁中医药大学,3,182177
2024,1,20,医学检验技术,A162,辽宁中医药大学,2,111361
2024,1,21,市场营销,A162,辽宁中医药大学,2,142174
2024,1,22,健康服务与管理,A162,辽宁中医药大学,2,129572
2024,1,23,公共事业管理,A162,辽宁中医药大学,3,137281
2024,1,24,医学信息工程,A162,辽宁中医药大学,5,161489
2024,1,25,信息管理与信息系统,A162,辽宁中医药大学,4,144906
2024,1,26,数据科学与大数据技术,A162,辽宁中医药大学,3,149504
2024,1,27,英语,A162,辽宁中医药大学,5,132849
2024,1,13,护理学(中外合作办学),A162,辽宁中医药大学,10,190801
2024,1,01,药学,A163,沈阳药科大学,8,37140
2024,1,02,药物制剂,A163,沈阳药科大学,8,46313
2024,1,04,药学(英语强化班),A163,沈阳药科大学,5,34896
2024,1,05,药学(日语强化班),A163,沈阳药科大学,5,41911
2024,1,06,制药工程,A163,沈阳药科大学,3,44734
2024,1,07,环境科学,A163,沈阳药科大学,3,147490
2024,1,09,药物化学,A163,沈阳药科大学,6,52448
2024,1,10,中药学类,A163,沈阳药科大学,7,63660
2024,1,12,生物工程,A163,沈阳药科大学,4,47548
2024,1,14,临床药学,A163,沈阳药科大学,4,44604
2024,1,15,生物制药(生命基地班),A163,沈阳药科大学,2,34552
2024,1,16,工商管理类,A163,沈阳药科大学,2,94646
2024,1,17,药事管理,A163,沈阳药科大学,9,65334
2024,1,18,生物医学工程,A163,沈阳药科大学,3,48539
2024,1,19,医疗产品管理,A163,沈阳药科大学,3,87083
2024,1,20,食品科学与工程类,A163,沈阳药科大学,7,91673
2024,1,21,药学(理科基地班),A163,沈阳药科大学,5,24508
2024,1,04,医学信息工程,A164,沈阳医学院,1,154704
2024,1,06,临床医学,A164,沈阳医学院,5,66235
2024,1,07,麻醉学,A164,沈阳医学院,1,49711
2024,1,08,医学影像学,A164,沈阳医学院,1,41359
2024,1,09,精神医学,A164,沈阳医学院,1,80931
2024,1,0A,口腔医学,A164,沈阳医学院,1,29091
2024,1,0B,预防医学,A164,沈阳医学院,1,152312
2024,1,0C,药学,A164,沈阳医学院,1,88319
2024,1,0D,中药学,A164,沈阳医学院,1,133872
2024,1,0E,医学检验技术,A164,沈阳医学院,1,111031
2024,1,0F,康复治疗学,A164,沈阳医学院,1,118972
2024,1,0G,卫生检验与检疫,A164,沈阳医学院,1,159548
2024,1,0K,护理学,A164,沈阳医学院,1,73826
2024,1,0L,助产学,A164,沈阳医学院,1,107183
2024,1,D1,化学(师范类),A165,辽宁师范大学,2,78234
2024,1,E1,人工智能,A165,辽宁师范大学,2,68096
2024,1,E2,计算机科学与技术(师范类),A165,辽宁师范大学,3,69127
2024,1,L1,数学与应用数学(师范类),A165,辽宁师范大学,4,78346
2024,1,Q1,物理学(师范类),A165,辽宁师范大学,2,74132
2024,1,Q3,电子科学与技术,A165,辽宁师范大学,2,71818
2024,1,C1,国际商务(中外合作办学),A165,辽宁师范大学,3,135149
2024,1,01,教育学(师范类),A166,沈阳师范大学,2,69936
2024,1,02,应用心理学(师范类),A166,沈阳师范大学,2,82976
2024,1,14,物理学(师范类),A166,沈阳师范大学,4,115955
2024,1,16,电子信息工程,A166,沈阳师范大学,5,121138
2024,1,17,化学(师范类),A166,沈阳师范大学,5,137650
2024,1,18,计算机科学与技术(师范类),A166,沈阳师范大学,4,97340
2024,1,19,生物科学(师范类),A166,沈阳师范大学,5,167425
2024,1,21,环境生态工程,A166,沈阳师范大学,3,247245
2024,1,22,教育技术学(师范类),A166,沈阳师范大学,10,152315
2024,1,23,网络与新媒体,A166,沈阳师范大学,6,98841
2024,1,24,思想政治教育(师范类),A166,沈阳师范大学,2,57617
2024,1,28,旅游管理,A166,沈阳师范大学,2,132979
2024,1,29,历史学(师范类),A166,沈阳师范大学,2,59646
2024,1,30,酒店管理,A166,沈阳师范大学,6,150833
2024,1,38,物流管理,A166,沈阳师范大学,2,148410
2024,1,39,计算机科学与技术,A166,沈阳师范大学,4,119778
2024,1,40,软件工程,A166,沈阳师范大学,2,127668
2024,1,41,网络工程,A166,沈阳师范大学,2,128333
2024,1,44,社会学,A166,沈阳师范大学,5,112349
2024,1,45,社会工作,A166,沈阳师范大学,4,124157
2024,1,49,学前教育(师范类),A166,沈阳师范大学,5,120317
2024,1,79,粮食工程,A166,沈阳师范大学,8,221966
2024,1,81,食品科学与工程,A166,沈阳师范大学,5,188109
2024,1,82,古生物学,A166,沈阳师范大学,6,208205
2024,1,86,数据科学与大数据技术,A166,沈阳师范大学,3,115138
2024,1,90,市场营销,A166,沈阳师范大学,2,139767
2024,1,92,翻译(中外高水平大学学生交流计划),A166,沈阳师范大学,2,145960
2024,1,04,自动化,A167,渤海大学,2,109408
2024,1,05,会计学,A167,渤海大学,1,70326
2024,1,08,市场营销,A167,渤海大学,1,125118
2024,1,11,应用化学,A167,渤海大学,3,163595
2024,1,12,化学(师范类),A167,渤海大学,5,200124
2024,1,14,食品科学与工程,A167,渤海大学,4,157389
2024,1,16,食品质量与安全,A167,渤海大学,2,170968
2024,1,21,金融学,A167,渤海大学,1,89072
2024,1,26,信息与计算科学,A167,渤海大学,1,116589
2024,1,28,日语,A167,渤海大学,2,125525
2024,1,29,法语,A167,渤海大学,2,128859
2024,1,30,英语(师范类),A167,渤海大学,2,98221
2024,1,31,新闻学,A167,渤海大学,2,103174
2024,1,35,物联网工程,A167,渤海大学,1,102738
2024,1,36,软件工程,A167,渤海大学,3,130562
2024,1,40,思想政治教育(师范类),A167,渤海大学,1,84390
2024,1,54,学前教育(师范类),A167,渤海大学,2,117475
2024,1,60,小学教育(师范类),A167,渤海大学,2,103534
2024,1,61,教育技术学(师范类),A167,渤海大学,1,138200
2024,1,84,船舶与海洋工程,A167,渤海大学,5,147531
2024,1,85,食品营养与健康,A167,渤海大学,2,168691
2024,1,87,环境工程,A167,渤海大学,3,237210
2024,1,90,电气工程及其自动化(国际本科学术互认课程),A167,渤海大学,2,153339
2024,1,81,食品科学与工程(中外合作办学),A167,渤海大学,5,248498
2024,1,17,英语(师范类),A169,鞍山师范学院,1,122958
2024,1,1C,酒店管理,A169,鞍山师范学院,1,165976
2024,1,0A,日语,A172,大连外国语大学,10,74613
2024,1,0B,英语,A172,大连外国语大学,12,56085
2024,1,0C,翻译,A172,大连外国语大学,6,68049
2024,1,0E,俄语,A172,大连外国语大学,3,56525
2024,1,0G,阿拉伯语,A172,大连外国语大学,4,96788
2024,1,0H,法语,A172,大连外国语大学,3,63897
2024,1,0J,德语,A172,大连外国语大学,8,89537
2024,1,0K,西班牙语,A172,大连外国语大学,1,36734
2024,1,0L,葡萄牙语,A172,大连外国语大学,1,99674
2024,1,0M,朝鲜语,A172,大连外国语大学,11,113811
2024,1,1A,国际事务与国际关系,A172,大连外国语大学,3,62900
2024,1,1Q,数字经济,A172,大连外国语大学,4,111390
2024,1,0S,西班牙语(中外合作办学),A172,大连外国语大学,2,84457
2024,1,02,经济学(拔尖学生培养基地班),A173,东北财经大学,2,22532
2024,1,03,经济统计学,A173,东北财经大学,2,28650
2024,1,04,数字经济,A173,东北财经大学,2,36521
2024,1,05,财政学类,A173,东北财经大学,2,21891
2024,1,08,金融学类,A173,东北财经大学,2,23778
2024,1,10,金融工程,A173,东北财经大学,2,27690
2024,1,11,保险学,A173,东北财经大学,2,32135
2024,1,13,金融数学,A173,东北财经大学,3,36523
2024,1,14,金融科技,A173,东北财经大学,2,36080
2024,1,16,法学,A173,东北财经大学,2,22653
2024,1,18,商务英语,A173,东北财经大学,2,41752
2024,1,23,应用统计学,A173,东北财经大学,2,28146
2024,1,24,人工智能,A173,东北财经大学,2,31580
2024,1,31,大数据管理与应用,A173,东北财经大学,2,32192
2024,1,32,管理科学与工程类,A173,东北财经大学,4,68354
2024,1,36,工商管理,A173,东北财经大学,2,27474
2024,1,37,市场营销,A173,东北财经大学,2,38904
2024,1,41,会计学(注册会计师方向),A173,东北财经大学,2,15224
2024,1,42,会计学(国际会计方向),A173,东北财经大学,3,20167
2024,1,44,财务管理,A173,东北财经大学,2,21119
2024,1,45,审计学,A173,东北财经大学,2,19264
2024,1,46,资产评估,A173,东北财经大学,2,25697
2024,1,61,工商管理(中外合作办学)(与英国萨里大学合作办学),A173,东北财经大学,12,71453
2024,1,62,财务管理(中外合作办学)(与英国萨里大学合作办学),A173,东北财经大学,10,46434
2024,1,63,旅游管理(中外合作办学)(与英国萨里大学合作办学),A173,东北财经大学,8,116231
2024,1,65,金融学(中外合作办学)(与英国奥斯特大学合作办学),A173,东北财经大学,7,54057
2024,1,66,会计学(中外合作办学)(与英国奥斯特大学合作办学),A173,东北财经大学,6,33484
2024,1,07,运动人体科学,A176,沈阳体育学院,4,162677
2024,1,08,体育经济与管理,A176,沈阳体育学院,3,169535
2024,1,09,运动康复,A176,沈阳体育学院,4,141640
2024,1,0A,应用心理学,A176,沈阳体育学院,4,158150
2024,1,0B,新闻学,A176,沈阳体育学院,5,149227
2024,1,0C,网络与新媒体,A176,沈阳体育学院,3,156025
2024,1,01,艺术史论(三好校区音乐学系),A177,沈阳音乐学院,3,191407
2024,1,65,戏剧影视文学(长青校区戏剧影视学院),A177,沈阳音乐学院,4,176871
2024,1,66,广播电视编导(长青校区戏剧影视学院),A177,沈阳音乐学院,3,163169
2024,1,25,艺术管理,A178,鲁迅美术学院,1,84603
2024,1,01,哲学(匡亚明班，拔尖学生培养基地),A183,吉林大学,1,10969
2024,1,02,哲学,A183,吉林大学,3,14702
2024,1,03,社会学类,A183,吉林大学,5,16508
2024,1,04,人文科学试验班(匡亚明班，双学士学位),A183,吉林大学,2,7921
2024,1,05,汉语言文学(匡亚明班，拔尖学生培养基地),A183,吉林大学,2,8706
2024,1,06,汉语言文学,A183,吉林大学,2,9553
2024,1,08,考古学(匡亚明班，拔尖学生培养基地),A183,吉林大学,1,7057
2024,1,09,考古学,A183,吉林大学,3,11600
2024,1,11,新闻传播学类,A183,吉林大学,6,16479
2024,1,13,英语,A183,吉林大学,6,17179
2024,1,14,俄语,A183,吉林大学,1,19943
2024,1,15,西班牙语,A183,吉林大学,2,19225
2024,1,17,朝鲜语,A183,吉林大学,3,21587
2024,1,43,经济学(匡亚明班，拔尖学生培养基地),A183,吉林大学,2,11242
2024,1,44,经济学类,A183,吉林大学,6,13979
2024,1,45,法学(涉外法治人才试验班),A183,吉林大学,2,3905
2024,1,46,法学,A183,吉林大学,7,5873
2024,1,47,政治学与行政学,A183,吉林大学,6,15107
2024,1,48,外交学,A183,吉林大学,2,14112
2024,1,53,经济学(国别与区域经济),A183,吉林大学,5,15173
2024,1,54,会计学,A183,吉林大学,12,15892
2024,1,55,经济学(数量经济),A183,吉林大学,4,14690
2024,1,56,工商管理(双学士学位),A183,吉林大学,3,18591
2024,1,57,工商管理类,A183,吉林大学,4,19876
2024,1,58,物流管理(双学士学位),A183,吉林大学,2,12422
2024,1,59,管理科学与工程类,A183,吉林大学,6,16238
2024,1,60,档案学,A183,吉林大学,6,20831
2024,1,61,理科试验班(唐敖庆班),A183,吉林大学,2,6136
2024,1,62,理科试验班(唐敖庆班),A183,吉林大学,2,4796
2024,1,63,数学类,A183,吉林大学,10,8627
2024,1,65,物理学类,A183,吉林大学,7,9445
2024,1,68,化学类,A183,吉林大学,16,13256
2024,1,70,生物科学类,A183,吉林大学,12,13058
2024,1,71,机械工程(饶斌班),A183,吉林大学,1,7476
2024,1,72,机械工程,A183,吉林大学,8,11341
2024,1,73,工业工程,A183,吉林大学,6,16545
2024,1,74,工程力学,A183,吉林大学,3,13208
2024,1,75,智能制造工程,A183,吉林大学,2,10235
2024,1,76,车辆工程(饶斌班),A183,吉林大学,1,6133
2024,1,77,车辆工程,A183,吉林大学,7,10699
2024,1,78,工业设计,A183,吉林大学,6,16081
2024,1,79,能源与动力工程,A183,吉林大学,15,13352
2024,1,80,材料类,A183,吉林大学,23,16621
2024,1,82,交通运输类,A183,吉林大学,13,16760
2024,1,85,仿生科学与工程,A183,吉林大学,7,13880
2024,1,86,电子信息类,A183,吉林大学,14,9517
2024,1,87,集成电路设计与集成系统,A183,吉林大学,4,9552
2024,1,88,通信工程,A183,吉林大学,12,10664
2024,1,89,信息工程,A183,吉林大学,7,10773
2024,1,90,空间信息与数字技术,A183,吉林大学,4,10833
2024,1,91,自动化,A183,吉林大学,6,10207
2024,1,92,机器人工程,A183,吉林大学,2,10244
2024,1,93,计算机科学与技术,A183,吉林大学,14,8151
2024,1,94,物联网工程,A183,吉林大学,4,9399
2024,1,95,网络空间安全,A183,吉林大学,4,8731
2024,1,96,网络空间安全(王湘浩班),A183,吉林大学,1,7770
2024,1,97,软件工程,A183,吉林大学,24,10462
2024,1,98,数据科学与大数据技术,A183,吉林大学,6,9842
2024,1,99,地质学(李四光班),A183,吉林大学,2,15832
2024,1,9B,勘查技术与工程(黄大年班),A183,吉林大学,5,20295
2024,1,9D,地球物理学(李四光班),A183,吉林大学,3,16391
2024,1,9E,地质工程(黄大年班),A183,吉林大学,2,18718
2024,1,9F,土木类,A183,吉林大学,19,24294
2024,1,9G,地下水科学与工程(黄大年班),A183,吉林大学,2,21227
2024,1,9J,环境科学与工程类,A183,吉林大学,8,19529
2024,1,9K,新能源科学与工程,A183,吉林大学,2,10738
2024,1,9L,测控技术与仪器(黄大年班),A183,吉林大学,2,8196
2024,1,9M,仪器类,A183,吉林大学,10,12231
2024,1,9N,电气工程及其自动化,A183,吉林大学,6,10020
2024,1,9Q,预防医学,A183,吉林大学,10,20413
2024,1,9R,临床医学(5+3一体化),A183,吉林大学,2,4030
2024,1,9S,临床医学(白求恩班),A183,吉林大学,2,5513
2024,1,9T,临床医学(5+3一体化，儿科学),A183,吉林大学,5,7389
2024,1,9U,临床医学,A183,吉林大学,2,5894
2024,1,9V,临床医学(5+3一体化),A183,吉林大学,6,4937
2024,1,9W,临床医学(白求恩班),A183,吉林大学,1,5512
2024,1,9X,临床医学(眼科学),A183,吉林大学,1,6027
2024,1,9Z,临床医学(5+3一体化),A183,吉林大学,3,5205
2024,1,AA,临床医学(白求恩班),A183,吉林大学,2,5728
2024,1,AB,临床医学,A183,吉林大学,6,6293
2024,1,AD,口腔医学,A183,吉林大学,2,5982
2024,1,AE,药学,A183,吉林大学,10,16069
2024,1,AF,临床药学,A183,吉林大学,3,15323
2024,1,AG,康复治疗学,A183,吉林大学,4,20620
2024,1,AJ,生物医学科学(白求恩班),A183,吉林大学,2,10457
2024,1,AK,生物医学科学,A183,吉林大学,4,13674
2024,1,AL,动物医学(徐华清班),A183,吉林大学,2,15864
2024,1,AM,动物医学,A183,吉林大学,7,22119
2024,1,AS,食品科学与工程类,A183,吉林大学,7,19319
2024,1,AT,人工智能(王湘浩班),A183,吉林大学,1,6751
2024,1,AU,人工智能,A183,吉林大学,3,8688
2024,1,AV,农业机械化及其自动化,A183,吉林大学,5,16269
2024,1,AX,地质类,A183,吉林大学,17,23741
2024,1,AZ,勘查技术与工程,A183,吉林大学,9,21667
2024,1,B1,护理学,A183,吉林大学,10,29239
2024,1,B3,植物生产类,A183,吉林大学,14,25027
2024,1,67,物理学(中外合作办学),A183,吉林大学,7,27684
2024,1,24,中国语言文学类,A184,延边大学,5,27478
2024,1,25,法学,A184,延边大学,3,24327
2024,1,26,电子信息工程,A184,延边大学,2,23698
2024,1,27,通信工程,A184,延边大学,3,27286
2024,1,28,计算机科学与技术,A184,延边大学,4,26836
2024,1,29,人工智能,A184,延边大学,5,28700
2024,1,30,机械设计制造及其自动化,A184,延边大学,4,31643
2024,1,31,高分子材料与工程,A184,延边大学,4,46899
2024,1,32,土木工程,A184,延边大学,4,61167
2024,1,33,护理学,A184,延边大学,8,51014
2024,1,34,工商管理,A184,延边大学,4,43528
2024,1,36,经济学类,A184,延边大学,6,39106
2024,1,38,旅游管理,A184,延边大学,3,48838
2024,1,39,地理科学类,A184,延边大学,8,42192
2024,1,41,化学类,A184,延边大学,5,46538
2024,1,43,物理学,A184,延边大学,4,38961
2024,1,47,食品科学与工程,A184,延边大学,4,50912
2024,1,59,朝鲜语,A184,延边大学,2,40664
2024,1,61,俄语,A184,延边大学,2,44898
2024,1,62,药学类,A184,延边大学,3,41434
2024,1,64,临床医学,A184,延边大学,3,25871
2024,1,65,麻醉学,A184,延边大学,3,31141
2024,1,66,预防医学,A184,延边大学,3,49202
2024,1,67,中医学,A184,延边大学,3,38598
2024,1,G2,英语,A184,延边大学,2,32660
2024,1,L1,日语,A184,延边大学,2,46521
2024,1,68,经济学(中外合作办学),A184,延边大学,6,59060
2024,1,69,通信工程(中外合作办学),A184,延边大学,4,49030
2024,1,70,食品科学与工程(中外合作办学),A184,延边大学,6,83266
2024,1,A1,应用物理学,A186,长春理工大学,4,65333
2024,1,A2,电子科学与技术,A186,长春理工大学,2,40193
2024,1,A3,微电子科学与工程,A186,长春理工大学,4,48321
2024,1,A4,光电信息科学与工程,A186,长春理工大学,5,35626
2024,1,B1,测控技术与仪器,A186,长春理工大学,4,52263
2024,1,B2,智能感知工程,A186,长春理工大学,3,61578
2024,1,B3,光电信息科学与工程,A186,长春理工大学,10,31359
2024,1,B4,探测制导与控制技术,A186,长春理工大学,2,55477
2024,1,B5,信息对抗技术,A186,长春理工大学,4,55932
2024,1,C1,机械设计制造及其自动化,A186,长春理工大学,5,49110
2024,1,C2,机械电子工程,A186,长春理工大学,5,62050
2024,1,C3,过程装备与控制工程,A186,长春理工大学,7,93733
2024,1,D1,电气工程及其自动化,A186,长春理工大学,5,51984
2024,1,D2,电子信息工程,A186,长春理工大学,2,37573
2024,1,D3,通信工程,A186,长春理工大学,2,40847
2024,1,D4,电子信息科学与技术,A186,长春理工大学,2,42034
2024,1,D5,自动化,A186,长春理工大学,3,52046
2024,1,E1,计算机科学与技术,A186,长春理工大学,4,31869
2024,1,E2,软件工程,A186,长春理工大学,2,33286
2024,1,E3,信息安全,A186,长春理工大学,3,38473
2024,1,E4,数据科学与大数据技术,A186,长春理工大学,5,50958
2024,1,F1,机器人工程,A186,长春理工大学,2,52902
2024,1,G2,材料化学,A186,长春理工大学,9,127348
2024,1,G4,功能材料,A186,长春理工大学,3,122015
2024,1,G5,新能源材料与器件,A186,长春理工大学,6,84285
2024,1,H1,应用化学,A186,长春理工大学,4,95639
2024,1,H2,化学工程与工艺,A186,长春理工大学,3,101860
2024,1,J1,应用统计学,A186,长春理工大学,5,85464
2024,1,K1,生物技术,A186,长春理工大学,2,115734
2024,1,K2,生物医学工程,A186,长春理工大学,5,75445
2024,1,K3,生物工程,A186,长春理工大学,2,94199
2024,1,L1,金融工程,A186,长春理工大学,9,114792
2024,1,L2,国际经济与贸易,A186,长春理工大学,1,97009
2024,1,L3,信息管理与信息系统,A186,长春理工大学,1,54732
2024,1,M2,俄语,A186,长春理工大学,5,112254
2024,1,M3,日语,A186,长春理工大学,3,120324
2024,1,M4,朝鲜语,A186,长春理工大学,3,139966
2024,1,M5,翻译,A186,长春理工大学,2,94684
2024,1,N1,汉语言文学,A186,长春理工大学,3,53448
2024,1,N2,汉语国际教育,A186,长春理工大学,2,92584
2024,1,N3,广告学,A186,长春理工大学,2,100636
2024,1,N5,法学,A186,长春理工大学,2,45586
2024,1,N6,社会工作,A186,长春理工大学,3,108736
2024,1,T1,数学类,A186,长春理工大学,3,74347
2024,1,T2,工商管理类,A186,长春理工大学,8,87682
2024,1,A5,光电信息科学与工程(中外合作办学),A186,长春理工大学,18,96581
2024,1,B6,光电信息科学与工程(中外合作办学),A186,长春理工大学,19,81709
2024,1,K4,生物工程(中外合作办学),A186,长春理工大学,11,225621
2024,1,P1,应用物理学(中外合作办学),A186,长春理工大学,5,168269
2024,1,P2,电子科学与技术(中外合作办学),A186,长春理工大学,8,106715
2024,1,P3,测控技术与仪器(中外合作办学),A186,长春理工大学,9,128712
2024,1,01,电气工程及其自动化,A188,东北电力大学,20,21972
2024,1,08,电子信息工程,A188,东北电力大学,4,30734
2024,1,10,智能电网信息工程,A188,东北电力大学,10,25665
2024,1,14,通信工程,A188,东北电力大学,4,37523
2024,1,19,能源与动力工程,A188,东北电力大学,20,49032
2024,1,24,储能科学与工程,A188,东北电力大学,4,45798
2024,1,27,建筑环境与能源应用工程,A188,东北电力大学,4,113308
2024,1,30,核工程与核技术,A188,东北电力大学,7,47580
2024,1,32,新能源科学与工程,A188,东北电力大学,4,37887
2024,1,35,自动化,A188,东北电力大学,20,36578
2024,1,38,机器人工程,A188,东北电力大学,4,49777
2024,1,40,测控技术与仪器,A188,东北电力大学,4,60998
2024,1,44,应用化学,A188,东北电力大学,6,107259
2024,1,47,能源化学工程,A188,东北电力大学,4,80679
2024,1,49,环境工程,A188,东北电力大学,4,137069
2024,1,51,化学工程与工业生物工程,A188,东北电力大学,4,82104
2024,1,52,会计学,A188,东北电力大学,8,53303
2024,1,67,土木工程,A188,东北电力大学,20,166543
2024,1,73,工程管理,A188,东北电力大学,4,98970
2024,1,76,给排水科学与工程,A188,东北电力大学,4,98960
2024,1,79,计算机科学与技术,A188,东北电力大学,5,30977
2024,1,82,智能科学与技术,A188,东北电力大学,4,45507
2024,1,84,软件工程,A188,东北电力大学,4,36242
2024,1,86,机械设计制造及其自动化,A188,东北电力大学,4,53023
2024,1,91,机械电子工程,A188,东北电力大学,4,61502
2024,1,92,数学与应用数学,A188,东北电力大学,4,58627
2024,1,93,信息与计算科学,A188,东北电力大学,4,55544
2024,1,95,新能源材料与器件,A188,东北电力大学,4,49794
2024,1,98,日语,A188,东北电力大学,11,135378
2024,1,A4,英语,A188,东北电力大学,8,100682
2024,1,A5,思想政治教育,A188,东北电力大学,3,61613
2024,1,C4,广播电视编导,A188,东北电力大学,9,134670
2024,1,07,电气工程及其自动化(中外合作办学),A188,东北电力大学,30,36342
2024,1,72,土木工程(中外合作办学),A188,东北电力大学,5,190351
2024,1,01,机械工程,A190,长春工业大学,8,92647
2024,1,02,机械电子工程,A190,长春工业大学,3,79897
2024,1,03,车辆工程,A190,长春工业大学,5,103030
2024,1,04,工业设计,A190,长春工业大学,1,119228
2024,1,05,工业工程,A190,长春工业大学,1,101062
2024,1,06,智能制造工程,A190,长春工业大学,3,70871
2024,1,11,材料成型及控制工程,A190,长春工业大学,5,156503
2024,1,12,金属材料工程,A190,长春工业大学,8,188663
2024,1,13,材料物理,A190,长春工业大学,4,176899
2024,1,14,智能材料与结构,A190,长春工业大学,2,163441
2024,1,21,电气工程及其自动化,A190,长春工业大学,4,69794
2024,1,22,自动化,A190,长春工业大学,5,82356
2024,1,23,测控技术与仪器,A190,长春工业大学,3,125422
2024,1,24,机器人工程,A190,长春工业大学,5,92864
2024,1,31,计算机科学与技术,A190,长春工业大学,5,74912
2024,1,32,软件工程,A190,长春工业大学,5,77037
2024,1,33,人工智能,A190,长春工业大学,2,86659
2024,1,34,电子信息工程,A190,长春工业大学,5,95469
2024,1,35,信息安全,A190,长春工业大学,5,86609
2024,1,42,工商管理,A190,长春工业大学,1,91961
2024,1,44,会计学,A190,长春工业大学,9,94482
2024,1,45,信息管理与信息系统,A190,长春工业大学,1,118509
2024,1,46,金融学,A190,长春工业大学,10,116011
2024,1,47,国际经济与贸易,A190,长春工业大学,2,118939
2024,1,51,高分子材料与工程,A190,长春工业大学,1,155234
2024,1,52,化学工程与工艺,A190,长春工业大学,3,158529
2024,1,53,环境工程,A190,长春工业大学,3,188624
2024,1,54,制药工程,A190,长春工业大学,1,135672
2024,1,55,涂料工程,A190,长春工业大学,1,184625
2024,1,61,材料化学,A190,长春工业大学,4,188202
2024,1,62,化学,A190,长春工业大学,3,147989
2024,1,63,生物工程,A190,长春工业大学,1,123495
2024,1,65,食品科学与工程,A190,长春工业大学,1,133550
2024,1,66,化妆品技术与工程,A190,长春工业大学,1,129134
2024,1,81,数字媒体技术,A190,长春工业大学,8,118653
2024,1,82,广播电视编导,A190,长春工业大学,6,149230
2024,1,84,网络与新媒体,A190,长春工业大学,6,88098
2024,1,92,公共事业管理,A190,长春工业大学,1,127467
2024,1,93,社会工作,A190,长春工业大学,2,128987
2024,1,94,行政管理,A190,长春工业大学,1,100664
2024,1,A1,信息与计算科学,A190,长春工业大学,5,121881
2024,1,A2,统计学,A190,长春工业大学,4,128031
2024,1,A3,数据科学与大数据技术,A190,长春工业大学,5,100145
2024,1,A4,经济统计学,A190,长春工业大学,2,120367
2024,1,B1,英语,A190,长春工业大学,5,108261
2024,1,B2,俄语,A190,长春工业大学,1,113921
2024,1,B3,日语,A190,长春工业大学,1,141876
2024,1,D1,电气工程及其自动化(中外合作办学),A190,长春工业大学,5,142483
2024,1,D2,计算机科学与技术(中外合作办学),A190,长春工业大学,10,155357
2024,1,D3,工业工程(中外合作办学),A190,长春工业大学,2,171462
2024,1,D4,机械工程(中外合作办学),A190,长春工业大学,15,192645
2024,1,01,建筑学,A191,吉林建筑大学,2,97948
2024,1,02,城乡规划,A191,吉林建筑大学,2,141896
2024,1,03,土木工程,A191,吉林建筑大学,6,223769
2024,1,04,工程力学,A191,吉林建筑大学,2,185094
2024,1,05,机械工程,A191,吉林建筑大学,2,149330
2024,1,06,城市地下空间工程,A191,吉林建筑大学,2,210771
2024,1,07,给排水科学与工程,A191,吉林建筑大学,8,218760
2024,1,08,建筑环境与能源应用工程,A191,吉林建筑大学,6,213853
2024,1,09,环境工程,A191,吉林建筑大学,4,225904
2024,1,10,环境科学,A191,吉林建筑大学,4,208467
2024,1,11,无机非金属材料工程,A191,吉林建筑大学,6,204741
2024,1,12,高分子材料与工程,A191,吉林建筑大学,4,195471
2024,1,14,材料化学,A191,吉林建筑大学,2,185418
2024,1,15,工程管理,A191,吉林建筑大学,2,154463
2024,1,16,工程造价,A191,吉林建筑大学,2,150424
2024,1,17,物流管理,A191,吉林建筑大学,2,135218
2024,1,18,财务管理,A191,吉林建筑大学,2,98498
2024,1,20,城市管理,A191,吉林建筑大学,2,135416
2024,1,21,社会工作,A191,吉林建筑大学,2,137264
2024,1,23,道路桥梁与渡河工程,A191,吉林建筑大学,8,218454
2024,1,24,交通工程,A191,吉林建筑大学,2,173403
2024,1,25,电气工程及其自动化,A191,吉林建筑大学,4,120927
2024,1,26,电子信息工程,A191,吉林建筑大学,2,137219
2024,1,27,自动化,A191,吉林建筑大学,2,123728
2024,1,28,计算机科学与技术,A191,吉林建筑大学,2,122780
2024,1,30,建筑电气与智能化,A191,吉林建筑大学,4,180524
2024,1,31,测绘工程,A191,吉林建筑大学,4,206757
2024,1,32,勘查技术与工程,A191,吉林建筑大学,2,233738
2024,1,33,地理空间信息工程,A191,吉林建筑大学,2,170860
2024,1,34,地质工程,A191,吉林建筑大学,4,233922
2024,1,35,地理信息科学,A191,吉林建筑大学,2,166828
2024,1,36,安全工程,A191,吉林建筑大学,8,200503
2024,1,37,消防工程,A191,吉林建筑大学,2,199135
2024,1,41,风景园林,A191,吉林建筑大学,2,139548
2024,1,50,建筑学(中外合作办学),A191,吉林建筑大学,4,163536
2024,1,51,土木工程(中外合作办学),A191,吉林建筑大学,4,263628
2024,1,52,电气工程及其自动化(中外合作办学),A191,吉林建筑大学,2,161878
2024,1,53,工程管理(中外合作办学),A191,吉林建筑大学,4,193478
2024,1,01,化学工程与工艺,A192,吉林化工学院,2,130036
2024,1,02,轻化工程,A192,吉林化工学院,1,268452
2024,1,03,油气储运工程,A192,吉林化工学院,1,195900
2024,1,04,材料成型及控制工程,A192,吉林化工学院,1,245118
2024,1,05,能源与动力工程,A192,吉林化工学院,1,193110
2024,1,07,工业工程,A192,吉林化工学院,1,147420
2024,1,09,过程装备与控制工程,A192,吉林化工学院,1,206728
2024,1,10,电气工程及其自动化,A192,吉林化工学院,1,122189
2024,1,11,测控技术与仪器,A192,吉林化工学院,1,202008
2024,1,12,电子信息工程,A192,吉林化工学院,1,160881
2024,1,13,自动化,A192,吉林化工学院,1,159713
2024,1,14,计算机科学与技术,A192,吉林化工学院,1,147335
2024,1,15,智能装备与系统,A192,吉林化工学院,1,198773
2024,1,16,化学,A192,吉林化工学院,3,243780
2024,1,17,应用化学,A192,吉林化工学院,3,244646
2024,1,18,制药工程,A192,吉林化工学院,1,164980
2024,1,20,化学测量学与技术,A192,吉林化工学院,3,248446
2024,1,22,安全工程,A192,吉林化工学院,1,241195
2024,1,23,给排水科学与工程,A192,吉林化工学院,1,236710
2024,1,25,环境工程,A192,吉林化工学院,1,251802
2024,1,26,国际经济与贸易,A192,吉林化工学院,1,171397
2024,1,27,金融工程,A192,吉林化工学院,1,176673
2024,1,29,市场营销,A192,吉林化工学院,1,173066
2024,1,30,工程管理,A192,吉林化工学院,1,188773
2024,1,31,信息管理与信息系统,A192,吉林化工学院,1,173996
2024,1,32,物流工程,A192,吉林化工学院,1,179002
2024,1,33,信息资源管理,A192,吉林化工学院,1,162607
2024,1,34,英语,A192,吉林化工学院,1,163009
2024,1,35,日语,A192,吉林化工学院,1,167985
2024,1,37,应用物理学,A192,吉林化工学院,1,225683
2024,1,38,数据科学与大数据技术,A192,吉林化工学院,1,152299
2024,1,39,高分子材料与工程,A192,吉林化工学院,2,215819
2024,1,41,材料化学,A192,吉林化工学院,1,207513
2024,1,42,材料科学与工程,A192,吉林化工学院,1,216734
2024,1,43,能源化学,A192,吉林化工学院,2,216554
2024,1,44,生物技术,A192,吉林化工学院,2,250997
2024,1,46,生物工程,A192,吉林化工学院,1,203188
2024,1,47,车辆工程,A192,吉林化工学院,1,205874
2024,1,48,飞行器制造工程,A192,吉林化工学院,1,213006
2024,1,49,飞行器动力工程,A192,吉林化工学院,1,199214
2024,1,51,化学工程与工艺(中外合作办学),A192,吉林化工学院,15,291650
2024,1,52,电气工程及其自动化(中外合作办学),A192,吉林化工学院,10,249746
2024,1,53,电子信息工程(中外合作办学),A192,吉林化工学院,15,273872
2024,1,01,植物生产类,A193,吉林农业大学,2,172275
2024,1,02,工商管理类,A193,吉林农业大学,6,113599
2024,1,03,自然保护与环境生态类,A193,吉林农业大学,4,203268
2024,1,04,环境科学与工程类,A193,吉林农业大学,8,219431
2024,1,05,机械类,A193,吉林农业大学,8,145179
2024,1,06,动物生产类,A193,吉林农业大学,4,249955
2024,1,07,中药学类,A193,吉林农业大学,7,200728
2024,1,08,食品科学与工程类,A193,吉林农业大学,15,190660
2024,1,0A,生物科学类,A193,吉林农业大学,5,171399
2024,1,0B,生物工程类,A193,吉林农业大学,3,181664
2024,1,0C,计算机类,A193,吉林农业大学,3,116484
2024,1,0D,植物生产类,A193,吉林农业大学,9,251407
2024,1,0E,植物生产类,A193,吉林农业大学,8,215802
2024,1,0F,智慧农业,A193,吉林农业大学,2,181615
2024,1,0G,动物药学,A193,吉林农业大学,5,204068
2024,1,0J,电子信息科学与技术,A193,吉林农业大学,2,124481
2024,1,0P,英语,A193,吉林农业大学,3,109825
2024,1,0S,动物医学,A193,吉林农业大学,2,89782
2024,1,0U,农药化肥,A193,吉林农业大学,10,238614
2024,1,0W,思想政治教育,A193,吉林农业大学,2,88718
2024,1,0X,生物信息学,A193,吉林农业大学,4,186789
2024,1,47,兽医公共卫生,A193,吉林农业大学,4,251217
2024,1,49,生物育种科学,A193,吉林农业大学,2,177004
2024,1,4B,应用化学,A193,吉林农业大学,6,190571
2024,1,3X,生物技术(中外合作办学),A193,吉林农业大学,8,243543
2024,1,3Y,动物科学(中外合作办学),A193,吉林农业大学,12,283284
2024,1,02,制药工程,A199,长春中医药大学,1,64628
2024,1,04,临床医学,A199,长春中医药大学,10,59679
2024,1,05,中医学,A199,长春中医药大学,3,60711
2024,1,06,中医学(5+3一体化),A199,长春中医药大学,6,39122
2024,1,07,针灸推拿学,A199,长春中医药大学,12,108983
2024,1,08,中医康复学,A199,长春中医药大学,3,112074
2024,1,09,中医儿科学,A199,长春中医药大学,2,77137
2024,1,0A,中医骨伤科学,A199,长春中医药大学,2,75563
2024,1,0B,中西医临床医学,A199,长春中医药大学,10,106106
2024,1,0C,药学,A199,长春中医药大学,1,97770
2024,1,0D,药物制剂,A199,长春中医药大学,1,72196
2024,1,0E,药事管理,A199,长春中医药大学,2,83274
2024,1,0F,中药学,A199,长春中医药大学,11,152722
2024,1,0J,康复治疗学,A199,长春中医药大学,11,137834
2024,1,0K,护理学,A199,长春中医药大学,13,113862
2024,1,0N,健康服务与管理,A199,长春中医药大学,2,115423
2024,1,X1,中医养生学,A199,长春中医药大学,3,131498
2024,1,03,生物制药(中外合作办学),A199,长春中医药大学,5,222048
2024,1,B2,汉语言文学(师范类),A200,东北师范大学,2,13163
2024,1,B5,日语(师范类),A200,东北师范大学,2,29382
2024,1,B6,俄语(师范类),A200,东北师范大学,3,31154
2024,1,B7,商务英语,A200,东北师范大学,2,25255
2024,1,B8,化学(师范类),A200,东北师范大学,2,22597
2024,1,BA,德语(师范类),A200,东北师范大学,3,33218
2024,1,C4,马克思主义理论类,A200,东北师范大学,2,17474
2024,1,C5,数学类,A200,东北师范大学,2,16659
2024,1,C6,计算机类,A200,东北师范大学,3,21600
2024,1,C8,生物科学类,A200,东北师范大学,2,19478
2024,1,CA,环境科学与工程类,A200,东北师范大学,5,45286
2024,1,CB,新闻传播学类,A200,东北师范大学,2,25751
2024,1,CC,法学,A200,东北师范大学,3,18127
2024,1,CE,物理学(师范类，陆家羲试验班),A200,东北师范大学,3,20464
2024,1,CG,历史学(师范类，日知试验班),A200,东北师范大学,3,15926
2024,1,G6,心理学(师范类),A200,东北师范大学,2,26015
2024,1,G8,教育学类(师范类),A200,东北师范大学,2,21779
2024,1,GA,政治学类,A200,东北师范大学,3,20934
2024,1,GC,经济学类,A200,东北师范大学,2,24804
2024,1,G1,会计学(中外合作办学),A200,东北师范大学,5,31437
2024,1,G3,计算机科学与技术(中外合作办学),A200,东北师范大学,6,31933
2024,1,G4,金融学(中外合作办学),A200,东北师范大学,6,42269
2024,1,G5,物流管理(中外合作办学),A200,东北师范大学,6,61485
2024,1,A1,法学,A201,北华大学,5,63224
2024,1,B1,思想政治教育(师范类),A201,北华大学,2,71698
2024,1,C1,小学教育(师范类),A201,北华大学,6,111833
2024,1,E2,汉语言文学(师范类),A201,北华大学,2,64439
2024,1,E5,网络与新媒体,A201,北华大学,2,100307
2024,1,F1,历史学(师范类),A201,北华大学,2,68350
2024,1,G0,英语,A201,北华大学,11,127699
2024,1,G4,西班牙语,A201,北华大学,2,144426
2024,1,G6,日语,A201,北华大学,4,143654
2024,1,GC,法语,A201,北华大学,6,147432
2024,1,GF,俄语,A201,北华大学,4,116274
2024,1,H1,数学与应用数学(师范类),A201,北华大学,3,128318
2024,1,H5,统计学,A201,北华大学,9,156511
2024,1,L1,物理学(师范类),A201,北华大学,3,147056
2024,1,L2,化学(师范类),A201,北华大学,4,166673
2024,1,M1,机械设计制造及其自动化,A201,北华大学,3,127143
2024,1,M2,工业设计,A201,北华大学,2,152137
2024,1,M4,材料成型及控制工程,A201,北华大学,2,145751
2024,1,N4,应用化学,A201,北华大学,5,175485
2024,1,N7,家具设计与工程,A201,北华大学,2,210846
2024,1,P3,电子信息工程,A201,北华大学,7,126034
2024,1,P4,通信工程,A201,北华大学,3,123000
2024,1,P8,机器人工程,A201,北华大学,6,136030
2024,1,Q2,软件工程,A201,北华大学,5,111026
2024,1,Q4,数字媒体技术,A201,北华大学,2,97894
2024,1,R3,车辆工程,A201,北华大学,6,149841
2024,1,R4,土木工程,A201,北华大学,4,251652
2024,1,R5,工程管理,A201,北华大学,4,150556
2024,1,S1,林学,A201,北华大学,15,246873
2024,1,S3,风景园林,A201,北华大学,7,127477
2024,1,T1,临床医学,A201,北华大学,4,70193
2024,1,T4,医学影像学,A201,北华大学,2,79856
2024,1,T5,预防医学,A201,北华大学,2,136807
2024,1,U1,医学检验技术,A201,北华大学,11,151967
2024,1,V1,护理学,A201,北华大学,6,154464
2024,1,W1,药学,A201,北华大学,3,154205
2024,1,X0,工商管理,A201,北华大学,4,116518
2024,1,X2,国际经济与贸易,A201,北华大学,2,118208
2024,1,X4,会计学,A201,北华大学,4,84223
2024,1,XA,物流管理,A201,北华大学,2,120091
2024,1,XC,行政管理,A201,北华大学,3,117927
2024,1,M3,机械设计制造及其自动化(中外合作办学),A201,北华大学,18,221727
2024,1,P6,通信工程(中外合作办学),A201,北华大学,10,209282
2024,1,V3,护理学(中外合作办学),A201,北华大学,11,211802
2024,1,01,法学,A202,通化师范学院,5,120194
2024,1,02,思想政治教育(师范类),A202,通化师范学院,4,143536
2024,1,05,学前教育(师范类),A202,通化师范学院,4,167477
2024,1,09,汉语言文学(师范类),A202,通化师范学院,4,130673
2024,1,10,汉语国际教育(师范类),A202,通化师范学院,2,130900
2024,1,11,英语(师范类),A202,通化师范学院,5,158106
2024,1,16,数学与应用数学(师范类),A202,通化师范学院,2,278486
2024,1,1A,广播电视编导,A202,通化师范学院,2,155119
2024,1,27,计算机科学与技术,A202,通化师范学院,8,239586
2024,1,29,食品科学与工程,A202,通化师范学院,2,256059
2024,1,30,食品质量与安全,A202,通化师范学院,2,241394
2024,1,31,药物制剂,A202,通化师范学院,4,251625
2024,1,37,财务管理,A202,通化师范学院,2,148210
2024,1,51,生物科学(中外合作办学),A202,通化师范学院,5,289788
2024,1,52,食品科学与工程(中外合作办学),A202,通化师范学院,8,305318
2024,1,11,汉语言文学(师范类),A203,吉林师范大学,4,49406
2024,1,12,汉语国际教育,A203,吉林师范大学,1,74405
2024,1,21,思想政治教育(师范类),A203,吉林师范大学,2,51254
2024,1,31,历史学(师范类),A203,吉林师范大学,2,56358
2024,1,41,英语(师范类),A203,吉林师范大学,3,66930
2024,1,42,俄语,A203,吉林师范大学,3,111895
2024,1,43,日语,A203,吉林师范大学,3,153432
2024,1,44,朝鲜语,A203,吉林师范大学,3,155905
2024,1,45,德语,A203,吉林师范大学,5,149838
2024,1,46,西班牙语,A203,吉林师范大学,3,130684
2024,1,52,心理学(师范类),A203,吉林师范大学,2,77419
2024,1,71,数学与应用数学(师范类),A203,吉林师范大学,2,78423
2024,1,72,计算机科学与技术(师范类),A203,吉林师范大学,1,84000
2024,1,74,数据科学与大数据技术,A203,吉林师范大学,2,78593
2024,1,7Z,软件工程,A203,吉林师范大学,2,132499
2024,1,82,应用物理学,A203,吉林师范大学,2,129897
2024,1,92,应用化学,A203,吉林师范大学,1,218391
2024,1,A1,生物科学(师范类),A203,吉林师范大学,4,98062
2024,1,B3,地理信息科学,A203,吉林师范大学,2,75759
2024,1,BY,旅游管理,A203,吉林师范大学,2,155871
2024,1,D3,光电信息科学与工程,A203,吉林师范大学,2,121331
2024,1,D4,微电子科学与工程,A203,吉林师范大学,3,133696
2024,1,E1,新闻学,A203,吉林师范大学,2,98336
2024,1,E2,编辑出版学,A203,吉林师范大学,2,107645
2024,1,E3,广播电视编导,A203,吉林师范大学,8,152465
2024,1,F6,社会工作,A203,吉林师范大学,1,90372
2024,1,F7,法学,A203,吉林师范大学,1,42341
2024,1,FX,金融学,A203,吉林师范大学,4,128931
2024,1,FY,人力资源管理,A203,吉林师范大学,4,139831
2024,1,FZ,财务管理,A203,吉林师范大学,3,117911
2024,1,H2,环境科学,A203,吉林师范大学,2,244535
2024,1,H3,给排水科学与工程,A203,吉林师范大学,2,254917
2024,1,HZ,环境工程,A203,吉林师范大学,2,226800
2024,1,5Z,学前教育(中外合作办学)(师范类),A203,吉林师范大学,3,167780
2024,1,DZ,电子信息工程(中外合作办学),A203,吉林师范大学,4,192786
2024,1,H1,数据科学与大数据技术,A204,吉林工程技术师范学院,18,253359
2024,1,H2,人工智能,A204,吉林工程技术师范学院,10,247957
2024,1,K3,教育学(师范类),A204,吉林工程技术师范学院,10,171979
2024,1,S1,化学工程与工业生物工程,A204,吉林工程技术师范学院,10,261901
2024,1,W1,英语(师范类),A204,吉林工程技术师范学院,10,171158
2024,1,D1,电气工程及其自动化(中外合作办学),A204,吉林工程技术师范学院,15,261872
2024,1,J1,机械设计制造及其自动化(中外合作办学),A204,吉林工程技术师范学院,15,279324
2024,1,02,思想政治教育(师范类),A205,长春师范大学,2,68752
2024,1,06,图书馆学,A205,长春师范大学,2,121499
2024,1,0B,化学(师范类),A205,长春师范大学,3,147975
2024,1,0D,物理学(师范类),A205,长春师范大学,2,130792
2024,1,0F,历史学(师范类),A205,长春师范大学,2,67356
2024,1,0L,数学与应用数学(师范类),A205,长春师范大学,5,124926
2024,1,0R,地理科学(师范类),A205,长春师范大学,2,73805
2024,1,0U,生物科学(师范类),A205,长春师范大学,3,216799
2024,1,0X,汉语言文学(师范类),A205,长春师范大学,5,60259
2024,1,12,会计学,A205,长春师范大学,4,107425
2024,1,1A,人工智能,A205,长春师范大学,5,157525
2024,1,1B,朝鲜语(师范类),A205,长春师范大学,3,154552
2024,1,1E,法语,A205,长春师范大学,3,150696
2024,1,1G,西班牙语,A205,长春师范大学,3,151399
2024,1,1H,英语(师范类),A205,长春师范大学,2,71786
2024,1,1N,广播电视编导,A205,长春师范大学,3,133068
2024,1,1Q,戏剧影视文学,A205,长春师范大学,5,152564
2024,1,2B,学前教育(中外合作办学)(师范类),A205,长春师范大学,5,178215
2024,1,2C,计算机科学与技术(中外合作办学),A205,长春师范大学,5,183050
2024,1,01,思想政治教育(师范类),A206,白城师范学院,5,143953
2024,1,02,小学教育(师范类),A206,白城师范学院,3,160475
2024,1,05,汉语言文学(师范类),A206,白城师范学院,8,134907
2024,1,10,教育技术学(师范类),A206,白城师范学院,6,198480
2024,1,11,数学与应用数学(师范类),A206,白城师范学院,3,257052
2024,1,15,地理科学(师范类),A206,白城师范学院,3,149112
2024,1,A1,法学,A206,白城师范学院,2,118392
2024,1,A4,人文教育(师范类),A206,白城师范学院,3,163109
2024,1,A6,商务英语,A206,白城师范学院,3,174981
2024,1,B3,网络与新媒体,A206,白城师范学院,4,174370
2024,1,B4,统计学,A206,白城师范学院,3,272388
2024,1,B5,电子信息工程,A206,白城师范学院,2,240217
2024,1,B8,生物技术,A206,白城师范学院,7,284424
2024,1,B9,园艺,A206,白城师范学院,2,276266
2024,1,C2,旅游管理,A206,白城师范学院,4,181756
2024,1,C3,机械设计制造及其自动化,A206,白城师范学院,2,238555
2024,1,C6,计算机科学与技术,A206,白城师范学院,2,180581
2024,1,D2,道路桥梁与渡河工程,A206,白城师范学院,5,264289
2024,1,D5,财务管理,A206,白城师范学院,2,148781
2024,1,F4,机器人工程,A206,白城师范学院,4,256688
2024,1,F5,地理信息科学,A206,白城师范学院,3,162016
2024,1,F6,数据科学与大数据技术,A206,白城师范学院,2,251997
2024,1,G2,软件工程,A206,白城师范学院,7,251485
2024,1,26,学前教育(中外合作办学)(师范类),A206,白城师范学院,2,188050
2024,1,01,会计学,A207,吉林财经大学,3,48332
2024,1,02,审计学,A207,吉林财经大学,3,48998
2024,1,04,英语,A207,吉林财经大学,2,79548
2024,1,05,日语,A207,吉林财经大学,3,144563
2024,1,06,朝鲜语,A207,吉林财经大学,2,151451
2024,1,07,计算机科学与技术,A207,吉林财经大学,2,70508
2024,1,08,电子商务,A207,吉林财经大学,1,103476
2024,1,0A,国际经济与贸易,A207,吉林财经大学,4,85481
2024,1,0B,法学,A207,吉林财经大学,3,50014
2024,1,0C,经济统计学,A207,吉林财经大学,2,75224
2024,1,0F,保险学,A207,吉林财经大学,4,92713
2024,1,0G,税收学,A207,吉林财经大学,4,55281
2024,1,0H,财政学,A207,吉林财经大学,2,55911
2024,1,0J,经济学,A207,吉林财经大学,3,65313
2024,1,0K,金融学,A207,吉林财经大学,3,62891
2024,1,0L,金融工程,A207,吉林财经大学,4,103000
2024,1,0M,信息管理与信息系统,A207,吉林财经大学,2,93570
2024,1,0N,数据科学与大数据技术,A207,吉林财经大学,3,74082
2024,1,0R,旅游管理,A207,吉林财经大学,1,131198
2024,1,0S,物流管理,A207,吉林财经大学,2,107074
2024,1,0T,财务管理,A207,吉林财经大学,2,51661
2024,1,0W,劳动与社会保障,A207,吉林财经大学,1,87819
2024,1,0X,公共事业管理,A207,吉林财经大学,1,105878
2024,1,0Y,数学与应用数学,A207,吉林财经大学,1,90293
2024,1,10,资产评估,A207,吉林财经大学,2,63798
2024,1,1B,市场营销,A207,吉林财经大学,3,103545
2024,1,1T,跨境电子商务,A207,吉林财经大学,2,104107
2024,1,1U,养老服务管理,A207,吉林财经大学,1,102136
2024,1,1V,国际税收,A207,吉林财经大学,1,67061
2024,1,22,金融数学,A207,吉林财经大学,2,90761
2024,1,23,数据科学,A207,吉林财经大学,2,135859
2024,1,24,会计学(中外合作办学),A207,吉林财经大学,4,73762
2024,1,25,金融学(中外合作办学),A207,吉林财经大学,4,103405
2024,1,26,电子商务(中外合作办学),A207,吉林财经大学,4,152902
2024,1,78,广播电视编导,A209,吉林艺术学院,2,192034
2024,1,79,戏剧影视文学,A209,吉林艺术学院,1,179691
2024,1,80,艺术管理,A209,吉林艺术学院,7,204826
2024,1,01,哲学,A212,黑龙江大学,3,44873
2024,1,02,经济学,A212,黑龙江大学,2,49379
2024,1,04,国际经济与贸易,A212,黑龙江大学,5,77014
2024,1,05,法学,A212,黑龙江大学,2,26453
2024,1,09,教育学,A212,黑龙江大学,7,67976
2024,1,10,汉语言文学,A212,黑龙江大学,2,34976
2024,1,13,英语,A212,黑龙江大学,2,44310
2024,1,16,德语,A212,黑龙江大学,2,79010
2024,1,17,法语,A212,黑龙江大学,5,68658
2024,1,18,西班牙语,A212,黑龙江大学,4,79684
2024,1,19,阿拉伯语,A212,黑龙江大学,8,109982
2024,1,20,日语,A212,黑龙江大学,5,92512
2024,1,21,朝鲜语,A212,黑龙江大学,2,107942
2024,1,22,翻译(俄语),A212,黑龙江大学,5,79683
2024,1,23,翻译(英语),A212,黑龙江大学,2,74523
2024,1,30,考古学,A212,黑龙江大学,3,55244
2024,1,31,数学与应用数学,A212,黑龙江大学,5,64611
2024,1,32,信息与计算科学,A212,黑龙江大学,7,76818
2024,1,33,物理学,A212,黑龙江大学,10,110888
2024,1,35,化学,A212,黑龙江大学,9,81626
2024,1,38,应用心理学,A212,黑龙江大学,5,65207
2024,1,39,统计学,A212,黑龙江大学,3,72011
2024,1,41,材料化学,A212,黑龙江大学,8,89464
2024,1,43,电气工程及其自动化,A212,黑龙江大学,3,46830
2024,1,49,自动化,A212,黑龙江大学,2,51086
2024,1,50,计算机科学与技术,A212,黑龙江大学,3,41849
2024,1,51,软件工程,A212,黑龙江大学,2,50226
2024,1,54,物联网工程,A212,黑龙江大学,2,44431
2024,1,55,土木工程,A212,黑龙江大学,7,187813
2024,1,56,给排水科学与工程,A212,黑龙江大学,5,163345
2024,1,57,水利水电工程,A212,黑龙江大学,2,72526
2024,1,59,化学工程与工艺,A212,黑龙江大学,10,89175
2024,1,61,农业水利工程,A212,黑龙江大学,4,126526
2024,1,66,植物保护,A212,黑龙江大学,3,123245
2024,1,67,种子科学与工程,A212,黑龙江大学,3,105147
2024,1,68,农业资源与环境,A212,黑龙江大学,4,237074
2024,1,69,信息管理与信息系统,A212,黑龙江大学,2,65415
2024,1,74,行政管理,A212,黑龙江大学,3,57932
2024,1,86,数学与应用数学,A212,黑龙江大学,5,112643
2024,1,87,物理学,A212,黑龙江大学,10,162512
2024,1,88,化学工程与工艺,A212,黑龙江大学,10,158516
2024,1,89,生物技术,A212,黑龙江大学,8,172286
2024,1,90,金融学,A212,黑龙江大学,2,65699
2024,1,91,法学,A212,黑龙江大学,4,32076
2024,1,93,金融学,A212,黑龙江大学,5,84686
2024,1,EB,俄语,A212,黑龙江大学,4,47006
2024,1,EG,电子信息类,A212,黑龙江大学,2,44574
2024,1,11,工科试验班(院士特色班、未来技术拔尖班),A213,哈尔滨工业大学,17,836
2024,1,12,工科试验班(航天与自动化),A213,哈尔滨工业大学,7,912
2024,1,14,工科试验班(AI先进技术领军班),A213,哈尔滨工业大学,18,1021
2024,1,39,工科试验班(院士特色班),A213,哈尔滨工业大学,7,687
2024,1,33,数学与应用数学(中外合作办学),A213,哈尔滨工业大学,3,11650
2024,1,34,应用物理学(中外合作办学),A213,哈尔滨工业大学,3,11006
2024,1,36,大数据管理与应用(中外合作办学),A213,哈尔滨工业大学,3,12208
2024,1,40,智慧建筑与建造(中外合作办学),A213,哈尔滨工业大学,5,22036
2024,1,03,工业设计,A214,哈尔滨理工大学,4,133391
2024,1,04,机械电子工程,A214,哈尔滨理工大学,4,57228
2024,1,05,车辆工程,A214,哈尔滨理工大学,4,52874
2024,1,06,金属材料工程,A214,哈尔滨理工大学,8,109274
2024,1,07,无机非金属材料工程,A214,哈尔滨理工大学,8,105030
2024,1,08,高分子材料与工程,A214,哈尔滨理工大学,10,70760
2024,1,12,新能源材料与器件,A214,哈尔滨理工大学,2,61480
2024,1,13,计算机科学与技术,A214,哈尔滨理工大学,6,31332
2024,1,14,网络工程,A214,哈尔滨理工大学,2,38100
2024,1,15,测控技术与仪器,A214,哈尔滨理工大学,2,61002
2024,1,16,安全工程,A214,哈尔滨理工大学,4,76679
2024,1,18,信息管理与信息系统,A214,哈尔滨理工大学,3,62658
2024,1,21,人力资源管理,A214,哈尔滨理工大学,2,90311
2024,1,24,人工智能,A214,哈尔滨理工大学,2,36776
2024,1,25,储能科学与工程,A214,哈尔滨理工大学,2,65241
2024,1,28,应用物理学,A214,哈尔滨理工大学,8,82397
2024,1,31,信息与计算科学,A214,哈尔滨理工大学,4,47304
2024,1,32,应用统计学,A214,哈尔滨理工大学,6,59280
2024,1,39,材料化学,A214,哈尔滨理工大学,8,87180
2024,1,40,环境工程,A214,哈尔滨理工大学,2,119082
2024,1,57,电子科学与技术,A214,哈尔滨理工大学,2,39574
2024,1,59,建筑学,A214,哈尔滨理工大学,2,84836
2024,1,61,工程力学,A214,哈尔滨理工大学,2,83316
2024,1,62,化学工程与工艺,A214,哈尔滨理工大学,10,86546
2024,1,64,金融学,A214,哈尔滨理工大学,3,90832
2024,1,68,自动化,A214,哈尔滨理工大学,4,48892
2024,1,69,机器人工程,A214,哈尔滨理工大学,6,52582
2024,1,71,国际经济与贸易,A214,哈尔滨理工大学,15,142832
2024,1,01,经济与金融,A216,燕山大学,2,39498
2024,1,02,法学,A216,燕山大学,4,30176
2024,1,04,汉语言文学,A216,燕山大学,2,29495
2024,1,05,汉语国际教育,A216,燕山大学,2,43630
2024,1,06,外国语言文学类,A216,燕山大学,6,66401
2024,1,07,俄语,A216,燕山大学,2,76738
2024,1,08,德语,A216,燕山大学,2,69440
2024,1,09,法语,A216,燕山大学,2,73302
2024,1,11,信息与计算科学,A216,燕山大学,2,35273
2024,1,12,应用物理学,A216,燕山大学,4,45276
2024,1,13,应用化学,A216,燕山大学,2,47183
2024,1,14,统计学,A216,燕山大学,2,38108
2024,1,15,机械类,A216,燕山大学,8,30764
2024,1,16,材料成型及控制工程,A216,燕山大学,2,35964
2024,1,18,过程装备与控制工程,A216,燕山大学,6,45120
2024,1,19,车辆工程,A216,燕山大学,2,31133
2024,1,21,测控技术与仪器,A216,燕山大学,2,35161
2024,1,22,智能感知工程,A216,燕山大学,2,38038
2024,1,23,材料类,A216,燕山大学,6,52003
2024,1,24,能源动力类,A216,燕山大学,6,36977
2024,1,25,电气类,A216,燕山大学,4,26161
2024,1,26,电子信息类,A216,燕山大学,6,27592
2024,1,27,计算机科学与技术,A216,燕山大学,2,23097
2024,1,28,软件工程,A216,燕山大学,5,29330
2024,1,29,土木类,A216,燕山大学,8,99896
2024,1,31,环境工程,A216,燕山大学,4,75915
2024,1,32,建筑学,A216,燕山大学,2,49891
2024,1,34,智能医学工程,A216,燕山大学,2,46648
2024,1,35,工商管理类,A216,燕山大学,6,48352
2024,1,36,公共管理类,A216,燕山大学,4,55321
2024,1,37,工业工程,A216,燕山大学,2,46531
2024,1,B1,机械设计制造及其自动化,A216,燕山大学,4,110564
2024,1,B2,电气工程及其自动化,A216,燕山大学,4,113517
2024,1,B3,自动化,A216,燕山大学,4,118976
2024,1,B4,电子科学与技术,A216,燕山大学,4,101846
2024,1,B5,化学工程与工艺,A216,燕山大学,4,226895
2024,1,H1,机械设计制造及其自动化,A216,燕山大学,2,24879
2024,1,H2,车辆工程,A216,燕山大学,4,30988
2024,1,H3,电子信息工程,A216,燕山大学,2,24295
2024,1,H4,自动化,A216,燕山大学,4,24732
2024,1,H5,生物工程,A216,燕山大学,2,44257
2024,1,41,工业工程(中外合作办学),A216,燕山大学,15,135972
2024,1,42,机械设计制造及其自动化(中外合作办学),A216,燕山大学,10,86129
2024,1,43,电子科学与技术(中外合作办学),A216,燕山大学,10,85735
2024,1,44,自动化(中外合作办学),A216,燕山大学,10,89586
2024,1,45,软件工程(中外合作办学),A216,燕山大学,10,88456
2024,1,05,海洋工程类,A217,哈尔滨工程大学,29,17683
2024,1,08,自动化类,A217,哈尔滨工程大学,18,14644
2024,1,09,水声工程(含水声、电子水声、海洋信息3个专业),A217,哈尔滨工程大学,20,13962
2024,1,0B,计算机科学与技术(基础拔尖),A217,哈尔滨工程大学,2,8441
2024,1,0C,软件工程(国家特色化示范性软件学院),A217,哈尔滨工程大学,17,14916
2024,1,0E,智能制造工程,A217,哈尔滨工程大学,13,19768
2024,1,0F,电子信息类,A217,哈尔滨工程大学,25,14934
2024,1,0M,核工程与核技术,A217,哈尔滨工程大学,25,16606
2024,1,0X,能源与动力工程(未来领军),A217,哈尔滨工程大学,2,10924
2024,1,0Y,核工程与核技术(未来领军),A217,哈尔滨工程大学,2,9140
2024,1,0Z,航空航天类,A217,哈尔滨工程大学,29,19077
2024,1,11,能源动力类,A217,哈尔滨工程大学,21,19426
2024,1,13,机械类,A217,哈尔滨工程大学,23,20918
2024,1,15,大数据管理与应用,A217,哈尔滨工程大学,8,21533
2024,1,17,材料类,A217,哈尔滨工程大学,9,22308
2024,1,19,新能源材料与器件,A217,哈尔滨工程大学,11,21308
2024,1,1B,数学与应用数学,A217,哈尔滨工程大学,15,20839
2024,1,1D,应用物理学,A217,哈尔滨工程大学,4,20255
2024,1,0Q,土木工程(中外合作办学),A217,哈尔滨工程大学,2,57514
2024,1,0R,机械设计制造及其自动化(中外合作办学),A217,哈尔滨工程大学,2,32738
2024,1,0S,材料物理(中外合作办学),A217,哈尔滨工程大学,2,36885
2024,1,0T,船舶与海洋工程(中外合作办学),A217,哈尔滨工程大学,5,27616
2024,1,0U,轮机工程(中外合作办学),A217,哈尔滨工程大学,3,35640
2024,1,0V,自动化(中外合作办学),A217,哈尔滨工程大学,3,21739
2024,1,0W,水声工程(中外合作办学),A217,哈尔滨工程大学,4,21624
2024,1,01,电气工程及其自动化,A219,黑龙江科技大学,4,77594
2024,1,02,自动化,A219,黑龙江科技大学,3,102881
2024,1,03,测控技术与仪器,A219,黑龙江科技大学,3,145469
2024,1,04,电气工程与智能控制,A219,黑龙江科技大学,3,87191
2024,1,05,机械设计制造及其自动化,A219,黑龙江科技大学,3,108608
2024,1,06,机械电子工程,A219,黑龙江科技大学,3,115807
2024,1,07,机械工艺技术,A219,黑龙江科技大学,4,155981
2024,1,10,通信工程,A219,黑龙江科技大学,2,113987
2024,1,11,电子信息工程,A219,黑龙江科技大学,2,109388
2024,1,12,电子信息科学与技术,A219,黑龙江科技大学,2,117146
2024,1,13,材料成型及控制工程,A219,黑龙江科技大学,3,162955
2024,1,18,工程管理,A219,黑龙江科技大学,3,139212
2024,1,19,建筑学,A219,黑龙江科技大学,1,107739
2024,1,20,城乡规划,A219,黑龙江科技大学,1,124442
2024,1,21,风景园林,A219,黑龙江科技大学,2,130853
2024,1,23,计算机科学与技术,A219,黑龙江科技大学,4,93105
2024,1,24,软件工程,A219,黑龙江科技大学,3,105060
2024,1,25,物联网工程,A219,黑龙江科技大学,3,120854
2024,1,26,数据科学与大数据技术,A219,黑龙江科技大学,3,118865
2024,1,27,数学与应用数学,A219,黑龙江科技大学,3,119166
2024,1,36,化学工程与工艺,A219,黑龙江科技大学,3,171963
2024,1,37,应用化学,A219,黑龙江科技大学,2,161270
2024,1,38,安全工程,A219,黑龙江科技大学,2,169054
2024,1,40,国际经济与贸易,A219,黑龙江科技大学,2,128596
2024,1,41,金融学,A219,黑龙江科技大学,2,115893
2024,1,42,经济学,A219,黑龙江科技大学,2,110930
2024,1,43,会计学,A219,黑龙江科技大学,3,87754
2024,1,44,财务管理,A219,黑龙江科技大学,4,96782
2024,1,45,工商管理,A219,黑龙江科技大学,2,108458
2024,1,46,市场营销,A219,黑龙江科技大学,3,141194
2024,1,48,英语,A219,黑龙江科技大学,2,123903
2024,1,50,俄语,A219,黑龙江科技大学,2,111775
2024,1,53,思想政治教育,A219,黑龙江科技大学,3,101642
2024,1,54,汉语言文学,A219,黑龙江科技大学,3,93018
2024,1,01,建筑学,A220,东北石油大学,4,107587
2024,1,02,安全工程,A220,东北石油大学,3,125695
2024,1,04,测控技术与仪器,A220,东北石油大学,3,121552
2024,1,09,电气工程及其自动化,A220,东北石油大学,4,63426
2024,1,10,电子科学与技术,A220,东北石油大学,5,80166
2024,1,11,电子信息工程,A220,东北石油大学,2,64788
2024,1,13,俄语,A220,东北石油大学,3,107743
2024,1,14,高分子材料与工程,A220,东北石油大学,2,103153
2024,1,15,给排水科学与工程,A220,东北石油大学,3,162038
2024,1,16,工程管理,A220,东北石油大学,2,114516
2024,1,18,工商管理,A220,东北石油大学,1,95604
2024,1,20,人工智能,A220,东北石油大学,2,91865
2024,1,23,过程装备与控制工程,A220,东北石油大学,6,113436
2024,1,24,海洋油气工程,A220,东北石油大学,6,95699
2024,1,25,汉语言文学,A220,东北石油大学,2,66822
2024,1,26,行政管理,A220,东北石油大学,2,96832
2024,1,27,化学,A220,东北石油大学,2,129831
2024,1,28,化学工程与工艺,A220,东北石油大学,3,90581
2024,1,29,环境工程,A220,东北石油大学,5,159203
2024,1,31,会计学,A220,东北石油大学,2,78058
2024,1,32,机械设计制造及其自动化,A220,东北石油大学,2,64013
2024,1,36,金属材料工程,A220,东北石油大学,2,124380
2024,1,38,勘查技术与工程,A220,东北石油大学,7,136929
2024,1,39,旅游管理,A220,东北石油大学,4,134415
2024,1,41,能源与动力工程,A220,东北石油大学,2,84920
2024,1,44,社会工作,A220,东北石油大学,2,91598
2024,1,45,石油工程,A220,东北石油大学,17,88859
2024,1,47,网络空间安全,A220,东北石油大学,3,90391
2024,1,48,通信工程,A220,东北石油大学,3,88452
2024,1,51,物联网工程,A220,东北石油大学,6,93406
2024,1,53,信息与计算科学,A220,东北石油大学,3,108568
2024,1,55,英语,A220,东北石油大学,4,106034
2024,1,56,应用化学,A220,东北石油大学,4,135638
2024,1,58,应用物理学,A220,东北石油大学,4,125865
2024,1,59,油气储运工程,A220,东北石油大学,7,103132
2024,1,60,资源勘查工程,A220,东北石油大学,7,121578
2024,1,61,自动化,A220,东北石油大学,3,67974
2024,1,65,资源勘查工程(实验班),A220,东北石油大学,2,65667
2024,1,67,计算机类,A220,东北石油大学,8,87019
2024,1,9K,数据科学与大数据技术,A220,东北石油大学,4,98983
2024,1,9L,地质学类,A220,东北石油大学,6,134693
2024,1,9M,机械设计制造及其自动化(实验班),A220,东北石油大学,2,57663
2024,1,9N,化学工程与工艺(实验班),A220,东北石油大学,2,67908
2024,1,9P,石油工程(实验班),A220,东北石油大学,3,61043
2024,1,F1,过程装备与控制工程(融创班),A220,东北石油大学,3,106549
2024,1,F2,机械设计制造及其自动化(融创班),A220,东北石油大学,2,71949
2024,1,F3,自动化(融创班),A220,东北石油大学,3,82128
2024,1,F4,化学工程与工艺(融创班),A220,东北石油大学,1,73681
2024,1,F5,应用化学(融创班),A220,东北石油大学,1,93415
2024,1,F7,资源勘查工程(中俄能源特色班),A220,东北石油大学,3,141217
2024,1,G1,碳储科学与工程,A220,东北石油大学,5,120657
2024,1,G2,机器人工程,A220,东北石油大学,7,100988
2024,1,G3,工程造价,A220,东北石油大学,6,127327
2024,1,G4,地球信息科学与技术,A220,东北石油大学,3,139356
2024,1,G5,储能科学与工程,A220,东北石油大学,2,94051
2024,1,G7,土木工程(智能土木),A220,东北石油大学,3,151800
2024,1,G9,土木工程(新一代智慧建筑工程),A220,东北石油大学,2,140635
2024,1,H1,土木工程(智慧道桥工程),A220,东北石油大学,3,170583
2024,1,H2,建筑环境与能源应用工程(清洁能源技术),A220,东北石油大学,2,158978
2024,1,H3,建筑环境与能源应用工程(低碳科学与技术),A220,东北石油大学,3,162067
2024,1,02,临床医学,A222,佳木斯大学,38,111340
2024,1,03,医学检验技术,A222,佳木斯大学,9,190621
2024,1,04,康复治疗学,A222,佳木斯大学,12,199154
2024,1,05,护理学,A222,佳木斯大学,17,134900
2024,1,07,预防医学,A222,佳木斯大学,24,240050
2024,1,09,药学,A222,佳木斯大学,14,214133
2024,1,0E,数学与应用数学(师范类),A222,佳木斯大学,19,223698
2024,1,0J,汉语言文学(师范类),A222,佳木斯大学,14,106721
2024,1,0W,机器人工程,A222,佳木斯大学,9,174782
2024,1,16,材料成型及控制工程,A222,佳木斯大学,12,204355
2024,1,17,焊接技术与工程,A222,佳木斯大学,24,235895
2024,1,A1,农学,A223,黑龙江八一农垦大学,2,178178
2024,1,A2,植物保护,A223,黑龙江八一农垦大学,3,223140
2024,1,A3,农业资源与环境,A223,黑龙江八一农垦大学,2,238794
2024,1,A4,种子科学与工程,A223,黑龙江八一农垦大学,2,189717
2024,1,B1,农业机械化及其自动化,A223,黑龙江八一农垦大学,5,188491
2024,1,B2,农业电气化,A223,黑龙江八一农垦大学,4,190188
2024,1,B3,机械设计制造及其自动化,A223,黑龙江八一农垦大学,3,151393
2024,1,B4,交通运输,A223,黑龙江八一农垦大学,3,188986
2024,1,B5,工业设计,A223,黑龙江八一农垦大学,5,207956
2024,1,C1,动物科学,A223,黑龙江八一农垦大学,2,190347
2024,1,C2,动物医学,A223,黑龙江八一农垦大学,10,178050
2024,1,C3,草业科学,A223,黑龙江八一农垦大学,5,235867
2024,1,C4,动物药学,A223,黑龙江八一农垦大学,5,216646
2024,1,D1,会计学,A223,黑龙江八一农垦大学,2,98821
2024,1,D4,国际经济与贸易,A223,黑龙江八一农垦大学,2,128695
2024,1,D5,人力资源管理,A223,黑龙江八一农垦大学,3,134627
2024,1,D6,审计学,A223,黑龙江八一农垦大学,2,105261
2024,1,D7,供应链管理,A223,黑龙江八一农垦大学,2,143947
2024,1,E1,食品科学与工程,A223,黑龙江八一农垦大学,3,205418
2024,1,E3,食品质量与安全,A223,黑龙江八一农垦大学,4,223080
2024,1,E4,粮食工程,A223,黑龙江八一农垦大学,2,237508
2024,1,E5,食品营养与健康,A223,黑龙江八一农垦大学,7,225886
2024,1,F2,社会工作,A223,黑龙江八一农垦大学,3,141604
2024,1,F3,英语,A223,黑龙江八一农垦大学,2,136950
2024,1,F4,汉语言文学,A223,黑龙江八一农垦大学,3,98123
2024,1,G1,计算机科学与技术,A223,黑龙江八一农垦大学,4,150941
2024,1,G2,电气工程及其自动化,A223,黑龙江八一农垦大学,6,144167
2024,1,G3,电子信息工程,A223,黑龙江八一农垦大学,2,149881
2024,1,G4,通信工程,A223,黑龙江八一农垦大学,2,163350
2024,1,G5,数据科学与大数据技术,A223,黑龙江八一农垦大学,2,161617
2024,1,H1,生物技术,A223,黑龙江八一农垦大学,4,211210
2024,1,H2,生物科学,A223,黑龙江八一农垦大学,2,206236
2024,1,H3,制药工程,A223,黑龙江八一农垦大学,3,201366
2024,1,H4,动植物检疫,A223,黑龙江八一农垦大学,2,223299
2024,1,J1,信息与计算科学,A223,黑龙江八一农垦大学,2,168889
2024,1,J2,应用化学,A223,黑龙江八一农垦大学,2,150908
2024,1,K1,园艺,A223,黑龙江八一农垦大学,2,217298
2024,1,K2,园林,A223,黑龙江八一农垦大学,2,143885
2024,1,K3,设施农业科学与工程,A223,黑龙江八一农垦大学,3,251545
2024,1,K4,风景园林,A223,黑龙江八一农垦大学,2,230300
2024,1,L1,土木工程,A223,黑龙江八一农垦大学,3,221496
2024,1,L2,建筑环境与能源应用工程,A223,黑龙江八一农垦大学,2,208006
2024,1,L3,水利水电工程,A223,黑龙江八一农垦大学,4,187322
2024,1,L4,建筑电气与智能化,A223,黑龙江八一农垦大学,2,209322
2024,1,01,植物生产类(1),A224,东北农业大学,15,50438
2024,1,02,农学(拔尖人才培养班),A224,东北农业大学,2,24117
2024,1,03,智慧农业,A224,东北农业大学,4,42499
2024,1,04,植物保护,A224,东北农业大学,6,52946
2024,1,05,植物生产类(2),A224,东北农业大学,7,57560
2024,1,07,园艺(中新实验班),A224,东北农业大学,10,101255
2024,1,08,园林,A224,东北农业大学,3,40939
2024,1,09,风景园林,A224,东北农业大学,3,40865
2024,1,10,环境科学与工程类,A224,东北农业大学,5,47474
2024,1,11,自然保护与环境生态类,A224,东北农业大学,6,60514
2024,1,13,生态学,A224,东北农业大学,4,54664
2024,1,15,动物生产类,A224,东北农业大学,6,55702
2024,1,17,动物医学,A224,东北农业大学,4,39433
2024,1,20,机械类,A224,东北农业大学,4,29032
2024,1,21,农业机械化及其自动化(拔尖人才培养班),A224,东北农业大学,2,26567
2024,1,22,能源动力类,A224,东北农业大学,3,30550
2024,1,23,工业工程类,A224,东北农业大学,5,45061
2024,1,24,农业智能装备工程,A224,东北农业大学,2,32206
2024,1,25,金融学类,A224,东北农业大学,3,32067
2024,1,26,工商管理类,A224,东北农业大学,6,29434
2024,1,27,农林经济管理,A224,东北农业大学,3,30565
2024,1,29,生物科学类,A224,东北农业大学,5,38187
2024,1,30,生物科学(国家理科基地拔尖人才培养班),A224,东北农业大学,2,25458
2024,1,31,制药工程,A224,东北农业大学,3,35500
2024,1,32,食品科学与工程类,A224,东北农业大学,15,46405
2024,1,33,食品科学与工程(拔尖人才培养班),A224,东北农业大学,2,28229
2024,1,35,土地资源管理,A224,东北农业大学,3,37052
2024,1,37,行政管理,A224,东北农业大学,3,35655
2024,1,39,水利类,A224,东北农业大学,15,48570
2024,1,40,电气类,A224,东北农业大学,4,25970
2024,1,41,计算机类,A224,东北农业大学,6,25530
2024,1,42,应用化学,A224,东北农业大学,4,40908
2024,1,43,化学生物学,A224,东北农业大学,4,44324
2024,1,44,英语,A224,东北农业大学,4,35541
2024,1,45,俄语,A224,东北农业大学,5,41339
2024,1,47,数据科学与大数据技术,A224,东北农业大学,3,26626
2024,1,48,广播电视编导,A224,东北农业大学,15,60841
2024,1,67,汉语国际教育,A224,东北农业大学,5,34088
2024,1,68,生物科学(中美121双学位项目),A224,东北农业大学,3,79545
2024,1,69,动物科学(中美121双学位项目),A224,东北农业大学,3,104612
2024,1,70,食品科学与工程(中美121双学位项目),A224,东北农业大学,3,83636
2024,1,71,计算机科学与技术(中美121双学位项目),A224,东北农业大学,2,49534
2024,1,72,工商管理(中美121双学位项目),A224,东北农业大学,3,71720
2024,1,02,环境科学,A225,东北林业大学,7,53226
2024,1,03,地理信息科学,A225,东北林业大学,5,39161
2024,1,04,生态学,A225,东北林业大学,3,44942
2024,1,06,林产化工,A225,东北林业大学,2,47771
2024,1,07,轻化工程,A225,东北林业大学,2,46981
2024,1,09,野生动物与自然保护区管理,A225,东北林业大学,3,50094
2024,1,10,动物科学,A225,东北林业大学,2,44560
2024,1,11,动物医学,A225,东北林业大学,5,41238
2024,1,12,国家公园建设与管理,A225,东北林业大学,2,60218
2024,1,14,机械电子工程,A225,东北林业大学,9,28880
2024,1,15,机器人工程,A225,东北林业大学,6,27619
2024,1,16,车辆工程,A225,东北林业大学,6,29478
2024,1,19,数据科学与大数据技术,A225,东北林业大学,4,26356
2024,1,20,人工智能,A225,东北林业大学,5,26454
2024,1,23,生物科学类,A225,东北林业大学,16,35879
2024,1,24,食品科学与工程,A225,东北林业大学,3,38291
2024,1,25,园林,A225,东北林业大学,9,50144
2024,1,26,风景园林,A225,东北林业大学,4,37653
2024,1,27,城乡规划,A225,东北林业大学,6,53351
2024,1,29,建筑环境与能源应用工程,A225,东北林业大学,4,56729
2024,1,30,工程管理,A225,东北林业大学,4,50624
2024,1,31,交通运输类,A225,东北林业大学,12,37644
2024,1,33,数学与应用数学,A225,东北林业大学,8,28767
2024,1,34,信息与计算科学,A225,东北林业大学,7,29984
2024,1,35,物理学,A225,东北林业大学,9,35048
2024,1,36,化学类,A225,东北林业大学,12,44287
2024,1,37,化学工程与工艺,A225,东北林业大学,7,41004
2024,1,38,工商管理类,A225,东北林业大学,21,34084
2024,1,39,经济学类,A225,东北林业大学,13,40293
2024,1,40,法学,A225,东北林业大学,4,21731
2024,1,41,政治学与行政学,A225,东北林业大学,6,33134
2024,1,43,广告学,A225,东北林业大学,3,39272
2024,1,44,英语,A225,东北林业大学,3,30181
2024,1,45,俄语,A225,东北林业大学,3,37306
2024,1,47,马克思主义理论,A225,东北林业大学,2,29676
2024,1,49,工业设计,A225,东北林业大学,5,40153
2024,1,50,林学类(成栋实验班),A225,东北林业大学,4,35268
2024,1,51,林业工程类(成栋班),A225,东北林业大学,4,36411
2024,1,52,生物科学(拔尖人才成栋班),A225,东北林业大学,3,26926
2024,1,H5,林学类,A225,东北林业大学,8,49226
2024,1,H7,木材科学与工程,A225,东北林业大学,5,55522
2024,1,H9,材料类,A225,东北林业大学,8,38621
2024,1,HB,机械设计制造及其自动化,A225,东北林业大学,10,28004
2024,1,HD,农林智能装备工程,A225,东北林业大学,3,37878
2024,1,HF,计算机类,A225,东北林业大学,16,24973
2024,1,HH,电子信息类,A225,东北林业大学,13,25605
2024,1,HK,电气类,A225,东北林业大学,17,26870
2024,1,HM,土木工程,A225,东北林业大学,15,60997
2024,1,HP,智能建造与智慧交通,A225,东北林业大学,3,45806
2024,1,H1,计算机科学与技术(中外合作办学),A225,东北林业大学,14,43449
2024,1,H2,生物技术(中外合作办学),A225,东北林业大学,15,66699
2024,1,H3,化学(中外合作办学),A225,东北林业大学,15,69270
2024,1,H4,工程管理(中外合作办学),A225,东北林业大学,20,117599
2024,1,01,护理学,A226,哈尔滨医科大学,3,53846
2024,1,03,临床医学(5+3一体化),A226,哈尔滨医科大学,3,6959
2024,1,04,临床医学(5+3一体化，儿科学硕士),A226,哈尔滨医科大学,1,9116
2024,1,05,基础医学(伍连德班),A226,哈尔滨医科大学,2,29050
2024,1,06,基础医学,A226,哈尔滨医科大学,2,28514
2024,1,07,临床医学,A226,哈尔滨医科大学,7,13534
2024,1,09,麻醉学,A226,哈尔滨医科大学,1,15204
2024,1,0A,医学影像学,A226,哈尔滨医科大学,1,17184
2024,1,0B,儿科学,A226,哈尔滨医科大学,2,29270
2024,1,0C,口腔医学,A226,哈尔滨医科大学,1,10918
2024,1,0D,预防医学,A226,哈尔滨医科大学,7,63827
2024,1,0E,药学,A226,哈尔滨医科大学,4,41872
2024,1,0F,临床药学,A226,哈尔滨医科大学,3,43005
2024,1,0G,智能医学工程,A226,哈尔滨医科大学,2,41182
2024,1,0H,生物信息学,A226,哈尔滨医科大学,4,53571
2024,1,0J,生物医学工程,A226,哈尔滨医科大学,1,33752
2024,1,0K,法学,A226,哈尔滨医科大学,2,42788
2024,1,0L,公共事业管理,A226,哈尔滨医科大学,2,68774
2024,1,0M,眼视光医学,A226,哈尔滨医科大学,2,16984
2024,1,0N,精神医学,A226,哈尔滨医科大学,3,45348
2024,1,0P,运动康复,A226,哈尔滨医科大学,4,110796
2024,1,0R,药物制剂,A226,哈尔滨医科大学,2,66968
2024,1,0S,药物分析,A226,哈尔滨医科大学,2,93056
2024,1,0U,医学检验技术,A226,哈尔滨医科大学,5,64034
2024,1,0V,医学实验技术,A226,哈尔滨医科大学,3,116629
2024,1,0X,康复治疗学,A226,哈尔滨医科大学,5,101854
2024,1,0Y,护理学,A226,哈尔滨医科大学,8,67191
2024,1,10,信息管理与信息系统,A226,哈尔滨医科大学,8,131522
2024,1,11,健康服务与管理,A226,哈尔滨医科大学,3,128792
2024,1,01,中医学(5+3一体化),A228,黑龙江中医药大学,9,35092
2024,1,02,中医学(5+3一体化，专业硕士儿科学),A228,黑龙江中医药大学,2,42211
2024,1,03,中医学,A228,黑龙江中医药大学,23,64863
2024,1,04,中西医临床医学,A228,黑龙江中医药大学,12,85258
2024,1,05,中医骨伤科学,A228,黑龙江中医药大学,15,97513
2024,1,06,护理学,A228,黑龙江中医药大学,6,101450
2024,1,07,针灸推拿学,A228,黑龙江中医药大学,6,73725
2024,1,08,康复治疗学,A228,黑龙江中医药大学,6,145300
2024,1,09,运动康复,A228,黑龙江中医药大学,2,111145
2024,1,10,中医康复学,A228,黑龙江中医药大学,13,108492
2024,1,11,医学影像技术,A228,黑龙江中医药大学,3,127843
2024,1,12,中药学,A228,黑龙江中医药大学,5,86116
2024,1,13,药物制剂,A228,黑龙江中医药大学,10,177838
2024,1,14,制药工程,A228,黑龙江中医药大学,4,150602
2024,1,15,生物技术,A228,黑龙江中医药大学,2,152248
2024,1,16,中药资源与开发,A228,黑龙江中医药大学,2,154132
2024,1,17,药学,A228,黑龙江中医药大学,8,128071
2024,1,19,中药制药,A228,黑龙江中医药大学,2,103378
2024,1,23,应用心理学,A228,黑龙江中医药大学,2,86277
2024,1,26,智能医学工程,A228,黑龙江中医药大学,2,141625
2024,1,02,制药工程,A229,牡丹江医科大学,2,190190
2024,1,03,生物医学工程,A229,牡丹江医科大学,2,187326
2024,1,05,临床医学,A229,牡丹江医科大学,8,95691
2024,1,06,麻醉学,A229,牡丹江医科大学,3,95866
2024,1,07,医学影像学,A229,牡丹江医科大学,4,90298
2024,1,12,医学检验技术,A229,牡丹江医科大学,2,160210
2024,1,13,医学影像技术,A229,牡丹江医科大学,2,154662
2024,1,16,护理学,A229,牡丹江医科大学,2,152541
2024,1,78,心理学(师范类),A231,哈尔滨师范大学,3,73226
2024,1,79,学前教育(师范类),A231,哈尔滨师范大学,2,82582
2024,1,7B,生物科学(师范类),A231,哈尔滨师范大学,3,91828
2024,1,7D,数学与应用数学(师范类),A231,哈尔滨师范大学,3,73546
2024,1,7H,物理学(师范类),A231,哈尔滨师范大学,3,86573
2024,1,7J,英语(师范类),A231,哈尔滨师范大学,3,56128
2024,1,7L,小学教育(师范类),A231,哈尔滨师范大学,3,65422
2024,1,7N,历史学(师范类),A231,哈尔滨师范大学,3,54506
2024,1,7V,广播电视编导,A231,哈尔滨师范大学,9,163978
2024,1,7Z,人力资源管理(实验班),A231,哈尔滨师范大学,5,164009
2024,1,81,行政管理,A231,哈尔滨师范大学,2,71678
2024,1,8C,法语,A231,哈尔滨师范大学,7,171525
2024,1,8D,西班牙语,A231,哈尔滨师范大学,6,175146
2024,1,8G,俄语(非师范),A231,哈尔滨师范大学,3,93363
2024,1,8W,地理信息科学,A231,哈尔滨师范大学,3,72180
2024,1,8Z,计算机科学与技术,A231,哈尔滨师范大学,3,56746
2024,1,XA,计算机科学与技术(实验班),A231,哈尔滨师范大学,5,300945
2024,1,04,学前教育(师范类),A232,齐齐哈尔大学,2,158757
2024,1,09,英语,A232,齐齐哈尔大学,2,119512
2024,1,10,俄语(师范类),A232,齐齐哈尔大学,3,136788
2024,1,12,日语,A232,齐齐哈尔大学,2,146895
2024,1,13,朝鲜语,A232,齐齐哈尔大学,2,153601
2024,1,17,工商管理类,A232,齐齐哈尔大学,3,114292
2024,1,21,汉语国际教育,A232,齐齐哈尔大学,2,105857
2024,1,22,戏剧影视文学,A232,齐齐哈尔大学,2,165609
2024,1,23,广播电视学,A232,齐齐哈尔大学,2,142243
2024,1,28,化学(师范类),A232,齐齐哈尔大学,2,173439
2024,1,32,机械电子工程,A232,齐齐哈尔大学,5,156778
2024,1,34,自动化,A232,齐齐哈尔大学,2,136474
2024,1,35,电气工程及其自动化,A232,齐齐哈尔大学,3,130554
2024,1,36,电子信息类,A232,齐齐哈尔大学,3,149379
2024,1,37,人工智能,A232,齐齐哈尔大学,2,124116
2024,1,38,计算机类,A232,齐齐哈尔大学,2,123314
2024,1,40,物联网工程,A232,齐齐哈尔大学,2,147668
2024,1,41,数据科学与大数据技术,A232,齐齐哈尔大学,2,147011
2024,1,44,化工与制药类,A232,齐齐哈尔大学,10,193316
2024,1,45,材料类,A232,齐齐哈尔大学,10,207408
2024,1,47,纺织工程,A232,齐齐哈尔大学,2,218485
2024,1,48,轻工类,A232,齐齐哈尔大学,8,228588
2024,1,49,生物技术,A232,齐齐哈尔大学,5,230754
2024,1,50,食品科学与工程,A232,齐齐哈尔大学,5,213288
2024,1,55,林学,A232,齐齐哈尔大学,2,200776
2024,1,58,城乡规划,A232,齐齐哈尔大学,2,146336
2024,1,26,汉语言文学(师范类),A233,牡丹江师范学院,3,125084
2024,1,27,汉语言,A233,牡丹江师范学院,2,130647
2024,1,39,商务英语,A233,牡丹江师范学院,2,172722
2024,1,41,历史学(师范类),A233,牡丹江师范学院,3,141531
2024,1,42,数学与应用数学(师范类),A233,牡丹江师范学院,3,291587
2024,1,45,化学(师范类),A233,牡丹江师范学院,3,282229
2024,1,50,生物技术,A233,牡丹江师范学院,4,275988
2024,1,53,电气工程及其自动化,A233,牡丹江师范学院,2,201961
2024,1,54,电子信息科学与技术,A233,牡丹江师范学院,3,251775
2024,1,62,工商管理,A233,牡丹江师范学院,5,167292
2024,1,70,英语(师范类),A233,牡丹江师范学院,3,157171
2024,1,1A,学前教育(师范类),A234,哈尔滨学院,2,161681
2024,1,1B,小学教育(师范类),A234,哈尔滨学院,2,132933
2024,1,1C,网络与新媒体,A234,哈尔滨学院,1,153811
2024,1,1D,社会工作,A234,哈尔滨学院,1,149288
2024,1,1E,汉语言文学(师范类),A234,哈尔滨学院,1,112181
2024,1,1G,汉语国际教育,A234,哈尔滨学院,2,128984
2024,1,1H,英语(师范类),A234,哈尔滨学院,2,137122
2024,1,1J,商务英语,A234,哈尔滨学院,1,156086
2024,1,1K,俄语,A234,哈尔滨学院,2,158468
2024,1,1L,财务管理,A234,哈尔滨学院,2,128314
2024,1,1M,金融学,A234,哈尔滨学院,2,137602
2024,1,1N,商务经济学,A234,哈尔滨学院,2,154717
2024,1,1P,会计学,A234,哈尔滨学院,2,123242
2024,1,1Q,地理信息科学,A234,哈尔滨学院,2,135030
2024,1,1R,旅游管理,A234,哈尔滨学院,2,168030
2024,1,1U,建筑电气与智能化,A234,哈尔滨学院,1,210737
2024,1,1V,电子信息工程,A234,哈尔滨学院,1,176943
2024,1,1W,智能建造,A234,哈尔滨学院,1,246309
2024,1,1X,土木工程,A234,哈尔滨学院,1,231554
2024,1,1Y,城市地下空间工程,A234,哈尔滨学院,1,241495
2024,1,2A,数学与应用数学(师范类),A234,哈尔滨学院,1,195772
2024,1,2B,软件工程,A234,哈尔滨学院,1,171034
2024,1,2C,计算机科学与技术,A234,哈尔滨学院,2,159639
2024,1,2D,化学(师范类),A234,哈尔滨学院,1,261285
2024,1,2G,精细化工,A234,哈尔滨学院,1,218915
2024,1,2K,思想政治教育(师范类),A234,哈尔滨学院,1,109963
2024,1,01,市场营销,A235,大庆师范学院,5,179394
2024,1,02,财务管理,A235,大庆师范学院,5,152318
2024,1,03,旅游管理,A235,大庆师范学院,4,179520
2024,1,05,法学,A235,大庆师范学院,4,118805
2024,1,07,化学(师范类),A235,大庆师范学院,5,283159
2024,1,08,应用化学,A235,大庆师范学院,2,254779
2024,1,09,化学工程与工艺,A235,大庆师范学院,2,268530
2024,1,0A,油气储运工程,A235,大庆师范学院,2,245914
2024,1,0G,学前教育(师范类),A235,大庆师范学院,4,170478
2024,1,0J,数学与应用数学(师范类),A235,大庆师范学院,8,288876
2024,1,0W,日语,A235,大庆师范学院,5,177610
2024,1,0X,汉语言文学(师范类),A235,大庆师范学院,7,136426
2024,1,0Y,汉语国际教育(师范类),A235,大庆师范学院,3,155416
2024,1,0Z,秘书学,A235,大庆师范学院,7,164141
2024,1,13,汽车服务工程,A235,大庆师范学院,5,267323
2024,1,03,特殊教育(师范类),A236,绥化学院,4,162336
2024,1,07,汉语言文学(师范类),A236,绥化学院,2,133160
2024,1,08,英语(师范类),A236,绥化学院,4,162487
2024,1,09,英语,A236,绥化学院,4,171608
2024,1,0E,数学与应用数学(师范类),A236,绥化学院,2,267639
2024,1,0F,化学,A236,绥化学院,5,274602
2024,1,0K,电气工程及其自动化,A236,绥化学院,6,220695
2024,1,0L,电子信息工程,A236,绥化学院,7,247491
2024,1,0M,自动化,A236,绥化学院,7,245887
2024,1,0N,计算机科学与技术,A236,绥化学院,5,242630
2024,1,0Q,软件工程,A236,绥化学院,4,247006
2024,1,0T,化学工程与工艺,A236,绥化学院,6,276115
2024,1,0U,制药工程,A236,绥化学院,6,270865
2024,1,0Y,工程造价,A236,绥化学院,3,193116
2024,1,10,财务管理,A236,绥化学院,4,152821
2024,1,01,经济学,A240,哈尔滨商业大学,6,80914
2024,1,02,经济统计学,A240,哈尔滨商业大学,8,128310
2024,1,04,国际经济与贸易,A240,哈尔滨商业大学,13,133113
2024,1,06,统计学,A240,哈尔滨商业大学,6,147096
2024,1,07,金融学,A240,哈尔滨商业大学,10,115951
2024,1,08,金融工程,A240,哈尔滨商业大学,8,140380
2024,1,10,投资学,A240,哈尔滨商业大学,9,127341
2024,1,11,财政学,A240,哈尔滨商业大学,9,107063
2024,1,12,税收学,A240,哈尔滨商业大学,6,104071
2024,1,13,行政管理,A240,哈尔滨商业大学,6,137175
2024,1,14,劳动与社会保障,A240,哈尔滨商业大学,8,146766
2024,1,16,工商管理,A240,哈尔滨商业大学,6,122332
2024,1,17,市场营销,A240,哈尔滨商业大学,10,148810
2024,1,18,人力资源管理,A240,哈尔滨商业大学,9,135315
2024,1,19,物流管理,A240,哈尔滨商业大学,10,144329
2024,1,20,物流工程,A240,哈尔滨商业大学,6,157456
2024,1,24,会计学,A240,哈尔滨商业大学,6,61597
2024,1,25,财务管理,A240,哈尔滨商业大学,4,65742
2024,1,26,审计学,A240,哈尔滨商业大学,2,63564
2024,1,28,食品科学与工程,A240,哈尔滨商业大学,8,200640
2024,1,29,食品质量与安全,A240,哈尔滨商业大学,4,203032
2024,1,30,生物工程,A240,哈尔滨商业大学,4,196316
2024,1,31,制药工程,A240,哈尔滨商业大学,5,176526
2024,1,32,药学,A240,哈尔滨商业大学,6,161139
2024,1,33,中药学,A240,哈尔滨商业大学,4,190823
2024,1,35,包装工程,A240,哈尔滨商业大学,5,215052
2024,1,39,电子信息工程,A240,哈尔滨商业大学,3,104551
2024,1,40,计算机科学与技术,A240,哈尔滨商业大学,10,110063
2024,1,42,大数据管理与应用,A240,哈尔滨商业大学,6,123413
2024,1,43,电子商务,A240,哈尔滨商业大学,6,161207
2024,1,44,能源与动力工程,A240,哈尔滨商业大学,5,149521
2024,1,49,烹饪与营养教育,A240,哈尔滨商业大学,6,242156
2024,1,50,旅游管理,A240,哈尔滨商业大学,5,152418
2024,1,52,法学,A240,哈尔滨商业大学,8,63565
2024,1,54,英语,A240,哈尔滨商业大学,8,137651
2024,1,56,商务英语,A240,哈尔滨商业大学,14,149221
2024,1,61,新闻学,A240,哈尔滨商业大学,7,124054
2024,1,62,数学与应用数学,A240,哈尔滨商业大学,5,149946
2024,1,76,数据科学与大数据技术,A240,哈尔滨商业大学,3,115924
2024,1,91,数字经济,A240,哈尔滨商业大学,6,130368
2024,1,A1,经济学(英才学院，4加3),A240,哈尔滨商业大学,2,62872
2024,1,A5,食品科学与工程(英才学院，4加3),A240,哈尔滨商业大学,2,112987
2024,1,A6,中药学(英才学院，4加3),A240,哈尔滨商业大学,4,125249
2024,1,05,运动人体科学,A242,哈尔滨体育学院,4,180206
2024,1,06,运动康复,A242,哈尔滨体育学院,18,178202
2024,1,09,英语,A242,哈尔滨体育学院,4,172997
2024,1,12,新闻学,A242,哈尔滨体育学院,5,172358
2024,1,13,体育经济与管理,A242,哈尔滨体育学院,4,181640
2024,1,01,金融学,A245,哈尔滨金融学院,4,128810
2024,1,02,国际经济与贸易,A245,哈尔滨金融学院,2,149574
2024,1,06,会计学,A245,哈尔滨金融学院,4,101075
2024,1,08,电子商务,A245,哈尔滨金融学院,2,171684
2024,1,12,财务管理,A245,哈尔滨金融学院,5,120090
2024,1,13,市场营销,A245,哈尔滨金融学院,4,170220
2024,1,17,投资学,A245,哈尔滨金融学院,6,186326
2024,1,18,商务英语,A245,哈尔滨金融学院,4,166503
2024,1,20,知识产权,A245,哈尔滨金融学院,4,128846
2024,1,11,人文科学试验班(拔尖学生培养基地),A246,复旦大学,5,1074
2024,1,16,法学(涉外法治拔尖人才班),A246,复旦大学,2,847
2024,1,20,金融学(FinTech全英文课程班),A246,复旦大学,2,459
2024,1,22,数学类(拔尖学生培养基地),A246,复旦大学,2,218
2024,1,24,理科试验班(相辉学堂相辉计划),A246,复旦大学,2,210
2024,1,25,自然科学试验班(拔尖学生培养基地),A246,复旦大学,8,460
2024,1,26,工科试验班(相辉学堂香农计划),A246,复旦大学,2,186
2024,1,28,工科试验班(集成电路领军人才班),A246,复旦大学,2,199
2024,1,29,工科试验班(计算与智能领军人才班),A246,复旦大学,2,211
2024,1,34,工科试验班(新工科电子信息班),A246,复旦大学,6,363
2024,1,37,技术科学试验班(交叉科学类),A246,复旦大学,24,674
2024,1,61,新闻传播学类(卓越新闻人才计划),A246,复旦大学,2,1022
2024,1,63,社会科学试验班,A246,复旦大学,4,924
2024,1,65,经济学类(拔尖学生培养基地),A246,复旦大学,6,745
2024,1,67,经济管理试验班,A246,复旦大学,3,505
2024,1,01,工科试验班(国豪精英班),A247,同济大学,12,1023
2024,1,03,经济管理试验班,A247,同济大学,5,2818
2024,1,04,工科试验班(城市、建筑与创意设计类),A247,同济大学,6,3971
2024,1,05,工科试验班(智慧建造与低碳环境类),A247,同济大学,9,3751
2024,1,06,工科试验班(智能化制造与新能源类),A247,同济大学,15,2289
2024,1,09,工科试验班(信息与智能网联类),A247,同济大学,55,1908
2024,1,10,理科试验班,A247,同济大学,19,2373
2024,1,12,医学试验班,A247,同济大学,4,1888
2024,1,13,临床医学(5+3一体化),A247,同济大学,6,1823
2024,1,34,人文科学试验班,A247,同济大学,7,4009
2024,1,39,政治学与行政学,A247,同济大学,4,4914
2024,1,36,机械类(中外合作办学),A247,同济大学,3,4149
2024,1,00,人工智能(拔尖英才试点班),A248,上海交通大学,1,129
2024,1,01,人工智能(卓越人才试点班),A248,上海交通大学,4,181
2024,1,02,电子信息类(IEEE试点班，含双学士学位项目),A248,上海交通大学,4,170
2024,1,05,核工程与核技术,A248,上海交通大学,10,1049
2024,1,06,机械类(钱学森工程科学试点班，含双学士学位项目),A248,上海交通大学,2,266
2024,1,19,自然保护与环境生态类(含双学士学位项目),A248,上海交通大学,45,2501
2024,1,21,经济管理试验班(含双学士学位项目),A248,上海交通大学,3,528
2024,1,22,金融学(含金融学、计算机双学士学位项目),A248,上海交通大学,3,367
2024,1,23,法学试验班(含双学士学位项目),A248,上海交通大学,1,501
2024,1,G2,工科试验班类,A248,上海交通大学,63,730
2024,1,GA,工科试验班类(信息类),A248,上海交通大学,20,333
2024,1,H1,自然科学试验班,A248,上海交通大学,30,1085
2024,1,L1,理科试验班类(含致远，吴文俊、李政道班，双学士学位项目),A248,上海交通大学,5,349
2024,1,01,工科试验班(智能与机器人),A251,华东理工大学,11,12133
2024,1,02,工科试验班(生物医药),A251,华东理工大学,9,15062
2024,1,03,工科试验班(智慧化工),A251,华东理工大学,24,21140
2024,1,04,工科试验班(能源与环境),A251,华东理工大学,6,14657
2024,1,05,生物工程类,A251,华东理工大学,18,22002
2024,1,06,化学类,A251,华东理工大学,20,20725
2024,1,07,药学,A251,华东理工大学,7,20107
2024,1,08,材料类(新材料实验班),A251,华东理工大学,12,18964
2024,1,09,机械类(机械智能化实验班),A251,华东理工大学,32,16460
2024,1,10,电子信息类,A251,华东理工大学,11,11647
2024,1,11,计算机类,A251,华东理工大学,4,9306
2024,1,12,数学类,A251,华东理工大学,4,11155
2024,1,13,物理学类,A251,华东理工大学,7,15618
2024,1,14,经济学类,A251,华东理工大学,2,15091
2024,1,15,管理科学与工程类,A251,华东理工大学,4,17867
2024,1,16,工商管理类,A251,华东理工大学,5,18474
2024,1,18,公共管理类,A251,华东理工大学,3,22390
2024,1,19,工业设计,A251,华东理工大学,4,18729
2024,1,21,外国语言文学类,A251,华东理工大学,3,23079
2024,1,22,法学,A251,华东理工大学,2,13749
2024,1,25,化学工程与工艺(双学士学位项目),A251,华东理工大学,6,12088
2024,1,26,计算机科学与技术(双学士学位项目),A251,华东理工大学,4,8916
2024,1,27,应用化学(双学士学位项目),A251,华东理工大学,2,13819
2024,1,29,能源与动力工程(双学士学位项目),A251,华东理工大学,5,13639
2024,1,01,工科试验班(智能化制造类),A252,上海理工大学,22,32654
2024,1,02,工科试验班(电子与信息类),A252,上海理工大学,10,22551
2024,1,04,理科试验班,A252,上海理工大学,4,28783
2024,1,05,经济管理试验班,A252,上海理工大学,4,31471
2024,1,06,新闻传播学类,A252,上海理工大学,6,44192
2024,1,0L,光电信息科学与工程(中外合作办学)(中德合作),A252,上海理工大学,1,35420
2024,1,0M,工商管理(中外合作办学)(中美合作),A252,上海理工大学,4,57018
2024,1,0N,机械设计制造及其自动化(中外合作办学)(合作高校为德国富特旺根应用,A252,上海理工大学,4,44340
2024,1,0Q,机械设计制造及其自动化(中外合作办学)(中英合作),A252,上海理工大学,4,43393
2024,1,0R,电子信息科学与技术(中外合作办学)(中英合作),A252,上海理工大学,3,35976
2024,1,0S,工商管理(中外合作办学)(中英合作),A252,上海理工大学,1,34911
2024,1,0T,会展经济与管理(中外合作办学)(中英合作),A252,上海理工大学,3,58563
2024,1,05,交通运输,A254,上海海事大学,4,41296
2024,1,06,交通工程,A254,上海海事大学,2,41892
2024,1,07,物流管理,A254,上海海事大学,2,34927
2024,1,08,交通管理(国航),A254,上海海事大学,2,28143
2024,1,0J,机械设计制造及其自动化,A254,上海海事大学,2,30006
2024,1,0L,电气工程及其自动化,A254,上海海事大学,2,25906
2024,1,11,思想政治教育,A254,上海海事大学,3,31982
2024,1,17,船舶与海洋工程,A254,上海海事大学,4,36023
2024,1,18,港口航道与海岸工程,A254,上海海事大学,4,44427
2024,1,1A,法学(海商法),A254,上海海事大学,2,21043
2024,1,12,管理科学与工程类,A255,东华大学,2,22498
2024,1,14,环境工程(双学士学位),A255,东华大学,2,23484
2024,1,16,服装设计与工程,A255,东华大学,2,26797
2024,1,17,纺织工程(双学士学位),A255,东华大学,3,24817
2024,1,23,计算机类,A255,东华大学,7,13023
2024,1,24,人工智能,A255,东华大学,3,14358
2024,1,25,电子信息类,A255,东华大学,14,14591
2024,1,27,功能材料,A255,东华大学,2,21271
2024,1,29,智能制造工程,A255,东华大学,2,15366
2024,1,30,工业设计,A255,东华大学,2,18205
2024,1,34,数学类(金融与统计),A255,东华大学,4,16232
2024,1,36,新闻传播学类,A255,东华大学,7,23615
2024,1,38,英语,A255,东华大学,4,22526
2024,1,39,经济与贸易类,A255,东华大学,4,20452
2024,1,41,理科试验班类,A255,东华大学,4,14406
2024,1,42,经济管理试验班,A255,东华大学,8,20310
2024,1,43,社会科学试验班,A255,东华大学,2,16991
2024,1,44,生物工程(生物医药方向),A255,东华大学,3,24039
2024,1,46,纺织类,A255,东华大学,2,22701
2024,1,48,材料类,A255,东华大学,9,22775
2024,1,4A,机械工程,A255,东华大学,4,17281
2024,1,4C,化学类,A255,东华大学,3,20574
2024,1,4E,物理学类(集成电路与新能源),A255,东华大学,3,17504
2024,1,11,能源与动力工程,A256,上海电力大学,5,30469
2024,1,13,新能源科学与工程,A256,上海电力大学,3,29611
2024,1,14,核工程与核技术,A256,上海电力大学,4,31661
2024,1,21,环境工程,A256,上海电力大学,2,44274
2024,1,31,电气工程及其自动化,A256,上海电力大学,17,20092
2024,1,41,自动化,A256,上海电力大学,3,23504
2024,1,43,核电技术与控制工程,A256,上海电力大学,3,30827
2024,1,52,软件工程,A256,上海电力大学,3,24390
2024,1,62,电子信息工程,A256,上海电力大学,4,24205
2024,1,65,集成电路设计与集成系统,A256,上海电力大学,3,28346
2024,1,73,信息管理与信息系统,A256,上海电力大学,3,40924
2024,1,76,能源服务工程,A256,上海电力大学,3,40096
2024,1,81,信息与计算科学,A256,上海电力大学,2,30066
2024,1,82,应用物理学,A256,上海电力大学,3,34196
2024,1,33,电气工程及其自动化(中外合作办学),A256,上海电力大学,8,24072
2024,1,03,复合材料与工程,A259,上海应用技术大学,2,66564
2024,1,05,机械设计制造及其自动化(卓越工程师计划试点班),A259,上海应用技术大学,3,49607
2024,1,07,机械类,A259,上海应用技术大学,2,49737
2024,1,08,电气工程及其自动化(卓越工程师计划试点班),A259,上海应用技术大学,3,39896
2024,1,13,软件工程(卓越工程师计划试点班),A259,上海应用技术大学,3,39336
2024,1,15,人工智能,A259,上海应用技术大学,3,46498
2024,1,38,工商管理类,A259,上海应用技术大学,2,59526
2024,1,39,大数据管理与应用,A259,上海应用技术大学,1,51107
2024,1,69,机械设计制造及其自动化(中外合作办学)(中美合作),A259,上海应用技术大学,3,89751
2024,1,70,电气工程及其自动化(中外合作办学)(中美合作),A259,上海应用技术大学,3,74438
2024,1,01,临床医学,A262,上海健康医学院,7,83789
2024,1,02,护理学,A262,上海健康医学院,10,99128
2024,1,04,健康服务与管理,A262,上海健康医学院,5,127686
2024,1,05,康复物理治疗,A262,上海健康医学院,5,136493
2024,1,09,数据科学与大数据技术,A262,上海健康医学院,5,121520
2024,1,10,医疗产品管理,A262,上海健康医学院,5,118170
2024,1,11,医学检验技术,A262,上海健康医学院,5,113761
2024,1,13,口腔医学技术,A262,上海健康医学院,5,116524
2024,1,15,智能影像工程,A262,上海健康医学院,5,127545
2024,1,16,药学,A262,上海健康医学院,13,148886
2024,1,20,公共事业管理,A262,上海健康医学院,5,126374
2024,1,01,水产类,A264,上海海洋大学,7,51847
2024,1,02,生物科学类,A264,上海海洋大学,7,45790
2024,1,04,海洋资源与环境,A264,上海海洋大学,7,49136
2024,1,09,食品科学与工程类,A264,上海海洋大学,7,42823
2024,1,16,会计学,A264,上海海洋大学,7,28566
2024,1,21,机械设计制造及其自动化,A264,上海海洋大学,7,34172
2024,1,26,计算机类,A264,上海海洋大学,8,27530
2024,1,31,市场营销(中外合作办学),A264,上海海洋大学,10,65851
2024,1,32,信息管理与信息系统(中外合作办学),A264,上海海洋大学,10,59568
2024,1,01,中医学(屠呦呦班),A268,上海中医药大学,4,2948
2024,1,02,中医学(5+3一体化),A268,上海中医药大学,3,7349
2024,1,03,中医学(5+3一体化针灸推拿英语方向),A268,上海中医药大学,1,4988
2024,1,04,中医学(5+3一体化汇聚创新班),A268,上海中医药大学,1,2989
2024,1,05,中药学(创新班),A268,上海中医药大学,1,9232
2024,1,11,药学(中外合作办学),A268,上海中医药大学,1,46529
2024,1,21,汉语言文学,A269,华东师范大学,3,4293
2024,1,22,汉语国际教育,A269,华东师范大学,3,8397
2024,1,25,翻译(双学位),A269,华东师范大学,2,6618
2024,1,31,金融学类,A269,华东师范大学,2,6582
2024,1,33,工商管理(智能商业实验班),A269,华东师范大学,2,8365
2024,1,36,新闻传播学类,A269,华东师范大学,2,6628
2024,1,37,历史学,A269,华东师范大学,2,4697
2024,1,40,政治学与行政学(双学位),A269,华东师范大学,2,6399
2024,1,43,法学,A269,华东师范大学,2,4743
2024,1,44,法学(双学位),A269,华东师范大学,2,4298
2024,1,47,人文地理与城乡规划,A269,华东师范大学,2,7599
2024,1,51,金融学(双学位),A269,华东师范大学,3,4678
2024,1,53,心理学类,A269,华东师范大学,2,6780
2024,1,54,心理学(双学位),A269,华东师范大学,2,3774
2024,1,55,数学与应用数学,A269,华东师范大学,4,3634
2024,1,56,统计学类,A269,华东师范大学,2,3607
2024,1,57,统计学(双学位),A269,华东师范大学,4,2951
2024,1,58,物理学,A269,华东师范大学,4,4797
2024,1,59,电子信息科学与技术,A269,华东师范大学,2,3599
2024,1,60,通信工程,A269,华东师范大学,4,4532
2024,1,61,通信工程(双学位),A269,华东师范大学,2,4438
2024,1,62,微电子科学与工程,A269,华东师范大学,7,4256
2024,1,63,计算机科学与技术,A269,华东师范大学,5,3460
2024,1,64,软件工程,A269,华东师范大学,10,3263
2024,1,65,数据科学与大数据技术,A269,华东师范大学,6,3823
2024,1,69,化学,A269,华东师范大学,2,6514
2024,1,Q6,马克思主义理论,A269,华东师范大学,2,6368
2024,1,Q8,教育学类(师范类),A269,华东师范大学,2,7015
2024,1,QA,生物科学类,A269,华东师范大学,2,3969
2024,1,21,戏剧影视文学,A270,上海师范大学,5,64743
2024,1,22,广播电视编导,A270,上海师范大学,12,74742
2024,1,23,艺术管理,A270,上海师范大学,5,65975
2024,1,32,汉语言文学(师范类),A270,上海师范大学,5,22486
2024,1,40,行政管理,A270,上海师范大学,5,50352
2024,1,43,法语,A270,上海师范大学,5,48272
2024,1,44,日语,A270,上海师范大学,6,56567
2024,1,4A,应用心理学(师范类),A270,上海师范大学,5,45847
2024,1,4E,数学与应用数学(师范类),A270,上海师范大学,6,35095
2024,1,50,数学与应用数学(数学金融AI实验班),A270,上海师范大学,4,30864
2024,1,52,物理学,A270,上海师范大学,5,49643
2024,1,53,生物科学(师范类),A270,上海师范大学,5,48821
2024,1,54,生物科学,A270,上海师范大学,10,57467
2024,1,57,园艺,A270,上海师范大学,10,115762
2024,1,59,化学类,A270,上海师范大学,7,58145
2024,1,5B,地理科学类,A270,上海师范大学,7,41679
2024,1,5E,旅游管理类,A270,上海师范大学,8,63693
2024,1,61,电子信息类,A270,上海师范大学,7,34159
2024,1,6C,财务管理,A270,上海师范大学,8,47324
2024,1,89,金融学类,A270,上海师范大学,7,50743
2024,1,63,汽车服务工程(中外合作办学)(中德合作),A270,上海师范大学,10,141018
2024,1,64,电子信息工程(中外合作办学)(中美合作),A270,上海师范大学,8,57241
2024,1,68,土木工程(中外合作办学)(中英合作),A270,上海师范大学,10,161371
2024,1,70,经济学(中外合作办学)(中美合作),A270,上海师范大学,6,54501
2024,1,72,经济学(中外合作办学)(中法合作),A270,上海师范大学,6,58494
2024,1,73,计算机科学与技术(中外合作办学)(中法合作),A270,上海师范大学,5,52516
2024,1,01,英语(多元方向),A271,上海外国语大学,3,10380
2024,1,07,德语(多元方向),A271,上海外国语大学,3,14064
2024,1,08,法语,A271,上海外国语大学,3,11619
2024,1,A1,金融学,A271,上海外国语大学,4,14433
2024,1,A5,会计学,A271,上海外国语大学,2,12114
2024,1,C2,国际政治,A271,上海外国语大学,2,18128
2024,1,C4,外交学(双学位),A271,上海外国语大学,3,14483
2024,1,D1,教育技术学,A271,上海外国语大学,3,37659
2024,1,D2,汉语国际教育,A271,上海外国语大学,2,15409
2024,1,E1,新闻传播学类(卓越国际新闻传播人才计划),A271,上海外国语大学,2,16989
2024,1,F2,工商管理类(卓越管理人才计划),A271,上海外国语大学,3,17584
2024,1,01,会计学,A272,上海财经大学,2,3153
2024,1,04,金融学,A272,上海财经大学,6,4106
2024,1,06,金融学(双学士学位、统计学和金融学),A272,上海财经大学,5,3387
2024,1,08,数字经济,A272,上海财经大学,2,5338
2024,1,09,工商管理类,A272,上海财经大学,5,9912
2024,1,0A,国际经济与贸易,A272,上海财经大学,2,6980
2024,1,0C,经济学,A272,上海财经大学,2,4313
2024,1,0D,经济学(双学士学位、经济学院和数学学院培养),A272,上海财经大学,2,4374
2024,1,0F,财政学类,A272,上海财经大学,2,4319
2024,1,0G,投资学,A272,上海财经大学,3,6768
2024,1,0N,计算机科学与技术,A272,上海财经大学,3,5183
2024,1,0P,数据科学与大数据技术(工学),A272,上海财经大学,4,6860
2024,1,0Q,商务英语,A272,上海财经大学,4,11465
2024,1,0T,统计学(双学士学位、商学院和统计与管理学院培养),A272,上海财经大学,5,5516
2024,1,0X,投资学(双学士学位、公管学院和数学学院培养),A272,上海财经大学,4,7330
2024,1,0Y,保险学(精算与大数据),A272,上海财经大学,3,8435
2024,1,10,数学类,A272,上海财经大学,5,6458
2024,1,01,国际经济与贸易(全英语),A273,上海对外经贸大学,2,21373
2024,1,14,金融学,A273,上海对外经贸大学,2,22484
2024,1,22,法学(国际经济法方向),A273,上海对外经贸大学,2,18332
2024,1,29,会计学(国际会计方向),A273,上海对外经贸大学,2,19348
2024,1,37,数据科学与大数据技术,A273,上海对外经贸大学,2,24624
2024,1,38,人工智能,A273,上海对外经贸大学,2,25702
2024,1,40,国际政治,A273,上海对外经贸大学,2,38777
2024,1,41,汉语国际教育(商务汉语方向),A273,上海对外经贸大学,2,45871
2024,1,05,物流管理(中外合作办学)(中澳合作),A273,上海对外经贸大学,3,54103
2024,1,15,金融学(中外合作办学)(中加合作),A273,上海对外经贸大学,3,30637
2024,1,02,物流管理,A274,上海海关学院,2,38488
2024,1,03,税收学,A274,上海海关学院,3,26775
2024,1,05,国际商务,A274,上海海关学院,2,36351
2024,1,06,法学,A274,上海海关学院,2,25193
2024,1,0L,经济统计学,A274,上海海关学院,2,33775
2024,1,0P,数据科学与大数据技术,A274,上海海关学院,2,28469
2024,1,01,法学(民商法律),A276,华东政法大学,10,7188
2024,1,02,法学(卓越民商法治人才实验班),A276,华东政法大学,2,4206
2024,1,03,法学(经济法),A276,华东政法大学,6,7758
2024,1,04,法学(卓越经济法律人才实验班),A276,华东政法大学,2,4496
2024,1,05,法学(国际经济法),A276,华东政法大学,6,8357
2024,1,06,法学(沪港交流涉外卓越法律人才实验班),A276,华东政法大学,2,4947
2024,1,07,法学(刑事法律),A276,华东政法大学,2,7828
2024,1,08,法学(刑事司法),A276,华东政法大学,4,8228
2024,1,09,法学(网络与信息法),A276,华东政法大学,2,8382
2024,1,0A,法学(卓越刑事法律人才实验班),A276,华东政法大学,2,5670
2024,1,0C,法学(涉外卓越国际金融法律人才实验班),A276,华东政法大学,3,6358
2024,1,0G,知识产权(卓越人才实验班),A276,华东政法大学,2,7566
2024,1,0J,政治学与行政学,A276,华东政法大学,2,20439
2024,1,0P,新闻学(卓越人才实验班),A276,华东政法大学,1,16072
2024,1,0T,英语(涉外法商),A276,华东政法大学,3,20081
2024,1,17,经济学类,A276,华东政法大学,4,20193
2024,1,1C,司法鉴定学,A276,华东政法大学,3,9201
2024,1,01,新闻学,A277,上海体育大学,4,35780
2024,1,04,工商管理类,A277,上海体育大学,2,45400
2024,1,05,医学技术类(运动健康),A277,上海体育大学,2,47737
2024,1,06,数据科学与大数据技术,A277,上海体育大学,2,47410
2024,1,20,艺术管理,A278,上海音乐学院,2,39524
2024,1,18,戏剧影视文学,A279,上海戏剧学院,2,34226
2024,1,19,戏剧学,A279,上海戏剧学院,1,40257
2024,1,20,戏剧教育,A279,上海戏剧学院,2,39772
2024,1,21,艺术管理,A279,上海戏剧学院,2,42510
2024,1,22,广播电视编导,A279,上海戏剧学院,2,42063
2024,1,23,影视摄影与制作,A279,上海戏剧学院,3,55214
2024,1,02,社会学类,A280,上海大学,4,15967
2024,1,51,理科试验班,A280,上海大学,10,15393
2024,1,53,经济学类,A280,上海大学,3,16381
2024,1,54,电气类,A280,上海大学,8,12656
2024,1,91,电子信息类,A280,上海大学,6,12062
2024,1,B1,广播电视编导,A280,上海大学,4,26573
2024,1,B2,戏剧影视文学,A280,上海大学,3,29726
2024,1,16,国际经济与贸易(中外合作办学),A280,上海大学,5,23817
2024,1,68,信息管理与信息系统(中外合作办学),A280,上海大学,2,21992
2024,1,70,机械工程(中外合作办学),A280,上海大学,5,24775
2024,1,71,材料科学与工程(中外合作办学),A280,上海大学,5,29240
2024,1,72,信息工程(中外合作办学),A280,上海大学,5,22253
2024,1,88,电气工程及其自动化(中外合作办学),A280,上海大学,2,19292
2024,1,89,土木工程(中外合作办学),A280,上海大学,2,39859
2024,1,90,环境工程(中外合作办学),A280,上海大学,2,40961
2024,1,04,社会科学试验班,A284,南京大学,2,1548
2024,1,05,经济管理试验班(数智经济与管理),A284,南京大学,3,1406
2024,1,07,理科试验班类(数理科学类),A284,南京大学,16,871
2024,1,08,电子信息类,A284,南京大学,9,616
2024,1,09,工科试验班,A284,南京大学,8,993
2024,1,10,软件工程(国家特色化软件学院实验班),A284,南京大学,4,659
2024,1,12,计算机科学与技术,A284,南京大学,5,493
2024,1,13,人工智能,A284,南京大学,3,391
2024,1,15,理科试验班(匡亚明学院大理科班),A284,南京大学,3,507
2024,1,80,金融工程(计算机金融实验班),A284,南京大学,3,739
2024,1,82,工业工程(智能系统集成实验班),A284,南京大学,2,778
2024,1,S3,理科试验班类(化学与生命科学类),A284,南京大学,4,1093
2024,1,S5,理科试验班类(地球科学与资源环境类),A284,南京大学,4,1154
2024,1,S7,技术科学试验班,A284,南京大学,18,776
2024,1,S2,大气科学(中外合作办学),A284,南京大学,5,6181
2024,1,01,汉语言文学(师范类),A285,苏州大学,2,11846
2024,1,09,法学,A285,苏州大学,3,10582
2024,1,0A,知识产权,A285,苏州大学,1,10848
2024,1,0C,英语(师范类),A285,苏州大学,1,11875
2024,1,0D,数学类,A285,苏州大学,2,11122
2024,1,0G,光电信息科学与工程,A285,苏州大学,2,10390
2024,1,0J,计算机科学与技术,A285,苏州大学,3,9371
2024,1,0K,软件工程,A285,苏州大学,3,9516
2024,1,0L,电子信息工程,A285,苏州大学,1,10401
2024,1,0P,临床医学,A285,苏州大学,1,5368
2024,1,0Q,临床医学(5+3一体化),A285,苏州大学,2,4832
2024,1,0S,人工智能,A285,苏州大学,1,9019
2024,1,0V,汉语国际教育,A285,苏州大学,1,18676
2024,1,0Z,网络与新媒体,A285,苏州大学,1,14567
2024,1,13,图书情报与档案管理类,A285,苏州大学,1,19256
2024,1,1D,教育学(师范类),A285,苏州大学,1,17515
2024,1,1E,应用心理学,A285,苏州大学,1,14703
2024,1,1G,财政学,A285,苏州大学,1,13565
2024,1,1P,法语,A285,苏州大学,1,22929
2024,1,1U,建筑学,A285,苏州大学,3,25184
2024,1,1W,风景园林,A285,苏州大学,2,26574
2024,1,1Y,金融数学,A285,苏州大学,1,15601
2024,1,21,物理学,A285,苏州大学,2,13720
2024,1,23,智能测控工程,A285,苏州大学,2,12655
2024,1,26,能源与动力工程,A285,苏州大学,1,12240
2024,1,27,化学,A285,苏州大学,2,15574
2024,1,2F,纳米材料与技术,A285,苏州大学,5,13108
2024,1,2G,通信工程,A285,苏州大学,1,11246
2024,1,2H,机械工程,A285,苏州大学,1,12852
2024,1,2J,智能制造工程,A285,苏州大学,1,13267
2024,1,2T,电气工程与智能控制,A285,苏州大学,1,11714
2024,1,3B,生物技术,A285,苏州大学,2,14493
2024,1,3F,医学影像学,A285,苏州大学,2,12830
2024,1,3G,放射医学,A285,苏州大学,2,10477
2024,1,3J,预防医学,A285,苏州大学,2,25490
2024,1,3M,法医学,A285,苏州大学,1,17201
2024,1,3Q,机械电子工程,A285,苏州大学,1,13356
2024,1,4J,药学,A285,苏州大学,2,12876
2024,1,04,工科试验班(吴健雄班),A286,东南大学,8,1190
2024,1,05,电子信息类,A286,东南大学,27,2139
2024,1,06,计算机类,A286,东南大学,20,2243
2024,1,08,理科试验班,A286,东南大学,12,3037
2024,1,11,文科试验班类(数智经济与智能管理),A286,东南大学,10,5625
2024,1,15,集成电路设计与集成系统(后两年在无锡培养),A286,东南大学,21,2257
2024,1,23,临床医学(5+3一体化培养),A286,东南大学,7,3501
2024,1,J3,工科试验班(碳中和与智能制造实验班),A286,东南大学,45,3369
2024,1,J5,文科试验班类(郭秉文班),A286,东南大学,4,4317
2024,1,01,法学,A287,南京航空航天大学,4,13564
2024,1,04,英语(民航业务、国际贸易),A287,南京航空航天大学,6,21069
2024,1,07,会计学,A287,南京航空航天大学,3,14513
2024,1,08,金融学,A287,南京航空航天大学,3,16499
2024,1,0A,航空航天类,A287,南京航空航天大学,40,10643
2024,1,0B,工程力学(钱伟长班),A287,南京航空航天大学,3,11044
2024,1,0D,车辆工程,A287,南京航空航天大学,3,11808
2024,1,0E,能源与动力工程,A287,南京航空航天大学,3,11737
2024,1,0F,储能科学与工程,A287,南京航空航天大学,2,12020
2024,1,0G,自动化,A287,南京航空航天大学,7,9893
2024,1,0H,电气工程及其自动化,A287,南京航空航天大学,10,9054
2024,1,0J,测控技术与仪器,A287,南京航空航天大学,5,12003
2024,1,0K,生物医学工程,A287,南京航空航天大学,3,13041
2024,1,0L,探测制导与控制技术,A287,南京航空航天大学,3,11461
2024,1,0M,电子信息类,A287,南京航空航天大学,14,9992
2024,1,0N,微电子科学与工程(集成电路设计),A287,南京航空航天大学,4,9195
2024,1,0P,机械工程,A287,南京航空航天大学,8,12337
2024,1,0Q,工业设计,A287,南京航空航天大学,2,13841
2024,1,0R,机器人工程,A287,南京航空航天大学,7,11083
2024,1,0S,智能制造工程,A287,南京航空航天大学,5,12188
2024,1,0T,材料科学与工程,A287,南京航空航天大学,4,14130
2024,1,0U,核工程类,A287,南京航空航天大学,4,13001
2024,1,0V,新能源材料与器件,A287,南京航空航天大学,3,13509
2024,1,0X,飞行器适航技术,A287,南京航空航天大学,5,12759
2024,1,1A,交通运输(民航电子电气工程),A287,南京航空航天大学,2,12515
2024,1,1F,应用统计学,A287,南京航空航天大学,3,12455
2024,1,1G,信息管理与信息系统,A287,南京航空航天大学,2,13109
2024,1,1H,工业工程,A287,南京航空航天大学,2,15531
2024,1,1J,大数据管理与应用,A287,南京航空航天大学,4,12767
2024,1,1K,光电信息科学与工程,A287,南京航空航天大学,5,11190
2024,1,1L,计算机科学与技术,A287,南京航空航天大学,3,7439
2024,1,1M,人工智能,A287,南京航空航天大学,2,7827
2024,1,1N,软件工程,A287,南京航空航天大学,4,8374
2024,1,1P,物联网工程,A287,南京航空航天大学,3,10084
2024,1,1Q,信息安全,A287,南京航空航天大学,4,9785
2024,1,1R,交通运输(民航机务工程),A287,南京航空航天大学,3,13843
2024,1,1S,无人驾驶航空器系统工程,A287,南京航空航天大学,3,11443
2024,1,1T,应用物理学,A287,南京航空航天大学,6,13707
2024,1,1U,光电信息材料与器件,A287,南京航空航天大学,2,11576
2024,1,5E,信息与计算科学(信计加人工智能双学士学位项目),A287,南京航空航天大学,2,9330
2024,1,01,兵器类,A288,南京理工大学,15,12442
2024,1,08,工商管理类,A288,南京理工大学,4,20336
2024,1,16,经济学类,A288,南京理工大学,9,25151
2024,1,17,能源动力类,A288,南京理工大学,14,15704
2024,1,19,探测制导与控制技术,A288,南京理工大学,8,12925
2024,1,23,应用物理学,A288,南京理工大学,2,14541
2024,1,25,法学,A288,南京理工大学,2,14094
2024,1,31,马克思主义理论,A288,南京理工大学,2,21268
2024,1,32,智能制造工程,A288,南京理工大学,10,13912
2024,1,33,新能源科学与工程,A288,南京理工大学,2,14274
2024,1,34,数据科学与大数据技术,A288,南京理工大学,3,11919
2024,1,35,网络空间安全,A288,南京理工大学,3,12287
2024,1,38,兵器类(鼎新创新人才班),A288,南京理工大学,1,6852
2024,1,48,微电子科学与工程,A288,南京理工大学,6,10984
2024,1,53,材料类,A288,南京理工大学,16,17280
2024,1,55,电子信息类,A288,南京理工大学,22,10716
2024,1,57,化工与制药类,A288,南京理工大学,10,18014
2024,1,59,机械类,A288,南京理工大学,18,13988
2024,1,5B,计算机类,A288,南京理工大学,13,9641
2024,1,5D,自动化类,A288,南京理工大学,24,11736
2024,1,51,材料科学与工程(中外合作办学),A288,南京理工大学,4,27861
2024,1,52,机械工程(中外合作办学),A288,南京理工大学,4,22883
2024,1,02,外国语言文学类,A289,江苏科技大学,7,75825
2024,1,06,电子信息类,A289,江苏科技大学,10,37109
2024,1,07,机械类,A289,江苏科技大学,8,46197
2024,1,08,海洋工程类,A289,江苏科技大学,6,57515
2024,1,09,食品科学与工程类,A289,江苏科技大学,10,75629
2024,1,14,应用化学,A289,江苏科技大学,2,54875
2024,1,15,轮机工程,A289,江苏科技大学,3,60667
2024,1,17,蚕学,A289,江苏科技大学,2,98858
2024,1,18,生物工程,A289,江苏科技大学,1,46420
2024,1,19,环境工程,A289,江苏科技大学,2,67632
2024,1,20,自动化,A289,江苏科技大学,2,32481
2024,1,21,应用统计学,A289,江苏科技大学,2,46461
2024,1,22,工业工程,A289,江苏科技大学,3,53841
2024,1,25,港口航道与海岸工程,A289,江苏科技大学,2,72226
2024,1,27,应用物理学,A289,江苏科技大学,3,45449
2024,1,29,测控技术与仪器,A289,江苏科技大学,6,55574
2024,1,30,给排水科学与工程,A289,江苏科技大学,2,72540
2024,1,31,土木工程,A289,江苏科技大学,3,104529
2024,1,32,建筑环境与能源应用工程,A289,江苏科技大学,2,84474
2024,1,33,工程力学,A289,江苏科技大学,5,69074
2024,1,39,电气工程及其自动化,A289,江苏科技大学,5,33297
2024,1,44,俄语,A289,江苏科技大学,2,70284
2024,1,61,智能感知工程,A289,江苏科技大学,5,53460
2024,1,64,材料成型及控制工程,A289,江苏科技大学,2,60850
2024,1,5W,船舶与海洋工程(中外合作办学),A289,江苏科技大学,5,108859
2024,1,01,机器人工程,A290,中国矿业大学,8,20768
2024,1,02,人工智能,A290,中国矿业大学,18,20251
2024,1,03,电子信息类,A290,中国矿业大学,52,20573
2024,1,04,遥感科学与技术,A290,中国矿业大学,10,24743
2024,1,05,电气工程及其自动化,A290,中国矿业大学,50,18196
2024,1,06,大数据管理与应用,A290,中国矿业大学,5,22328
2024,1,07,计算机类,A290,中国矿业大学,52,19081
2024,1,08,新能源材料与器件,A290,中国矿业大学,8,23814
2024,1,13,机械类,A290,中国矿业大学,30,24041
2024,1,14,集成电路设计与集成系统,A290,中国矿业大学,4,20706
2024,1,15,地球信息科学与技术,A290,中国矿业大学,4,28713
2024,1,16,地球物理学,A290,中国矿业大学,4,29628
2024,1,1A,过程装备与控制工程,A290,中国矿业大学,4,26403
2024,1,1B,测绘类,A290,中国矿业大学,5,28408
2024,1,1C,经济与贸易类,A290,中国矿业大学,5,23322
2024,1,1D,法学,A290,中国矿业大学,6,19202
2024,1,1E,能源动力类,A290,中国矿业大学,20,23704
2024,1,1G,环境科学与工程类,A290,中国矿业大学,8,34708
2024,1,1H,土地资源管理,A290,中国矿业大学,2,25055
2024,1,1L,工业设计,A290,中国矿业大学,4,27003
2024,1,1M,物理学类,A290,中国矿业大学,16,25675
2024,1,1N,数学类,A290,中国矿业大学,32,23632
2024,1,1P,工商管理类,A290,中国矿业大学,28,25620
2024,1,1Q,行政管理,A290,中国矿业大学,10,28248
2024,1,1R,汉语言文学,A290,中国矿业大学,6,19994
2024,1,1S,网络与新媒体,A290,中国矿业大学,6,25243
2024,1,1T,建筑类,A290,中国矿业大学,10,41356
2024,1,20,英语,A290,中国矿业大学,13,28573
2024,1,24,矿业类,A290,中国矿业大学,16,31031
2024,1,26,安全科学与工程类,A290,中国矿业大学,26,30784
2024,1,28,土木类,A290,中国矿业大学,14,39179
2024,1,2A,工程力学,A290,中国矿业大学,8,27764
2024,1,2C,地质类,A290,中国矿业大学,3,28659
2024,1,2E,化工与制药类,A290,中国矿业大学,6,28130
2024,1,2G,材料科学与工程,A290,中国矿业大学,5,26080
2024,1,22,土木工程(中外合作办学),A290,中国矿业大学,9,72602
2024,1,23,建筑环境与能源应用工程(中外合作办学),A290,中国矿业大学,9,54592
2024,1,01,安全工程,A291,南京工业大学,5,40374
2024,1,05,环境科学,A291,南京工业大学,4,57119
2024,1,09,应急管理,A291,南京工业大学,4,60561
2024,1,0B,无机非金属材料工程,A291,南京工业大学,4,43114
2024,1,0G,化学工程与工艺,A291,南京工业大学,6,34365
2024,1,0P,智能制造工程,A291,南京工业大学,3,31220
2024,1,0Q,机器人工程,A291,南京工业大学,3,25704
2024,1,0V,电气工程及其自动化,A291,南京工业大学,3,24348
2024,1,0X,过程装备与控制工程,A291,南京工业大学,5,38542
2024,1,0Y,机械工程,A291,南京工业大学,3,32441
2024,1,14,能源与动力工程,A291,南京工业大学,4,30513
2024,1,17,储能科学与工程,A291,南京工业大学,2,31450
2024,1,1H,工业设计,A291,南京工业大学,5,50070
2024,1,1K,工程管理,A291,南京工业大学,4,54453
2024,1,1M,市场营销,A291,南京工业大学,4,52871
2024,1,1N,工商管理,A291,南京工业大学,3,48294
2024,1,1P,会计学,A291,南京工业大学,3,32252
2024,1,1S,工业工程,A291,南京工业大学,3,44662
2024,1,1T,知识产权,A291,南京工业大学,3,27435
2024,1,1W,德语,A291,南京工业大学,3,48236
2024,1,23,制药工程,A291,南京工业大学,4,38465
2024,1,28,轻化工程,A291,南京工业大学,2,47500
2024,1,2B,计算机科学与技术,A291,南京工业大学,7,25962
2024,1,2V,城市地下空间工程,A291,南京工业大学,4,66053
2024,1,2W,土木工程,A291,南京工业大学,6,69219
2024,1,39,化学,A291,南京工业大学,4,39269
2024,1,3B,电子信息工程(中外合作办学),A291,南京工业大学,4,42984
2024,1,3C,土木工程(中外合作办学),A291,南京工业大学,3,111191
2024,1,3E,机械工程(中外合作办学),A291,南京工业大学,4,59434
2024,1,3F,国际经济与贸易,A292,常州大学,1,54631
2024,1,6F,法学,A292,常州大学,3,38278
2024,1,7E,会计学,A292,常州大学,1,43732
2024,1,7F,社会工作,A292,常州大学,4,77538
2024,1,8E,市场营销,A292,常州大学,3,80443
2024,1,9F,政治学与行政学,A292,常州大学,4,61813
2024,1,9H,西班牙语,A292,常州大学,3,74557
2024,1,A0,化学工程与工艺,A292,常州大学,3,61012
2024,1,B1,电气工程及其自动化,A292,常州大学,2,46632
2024,1,B3,过程装备与控制工程,A292,常州大学,2,63417
2024,1,B5,智能制造工程,A292,常州大学,2,58144
2024,1,B6,油气储运工程,A292,常州大学,2,81974
2024,1,B7,石油工程,A292,常州大学,2,71870
2024,1,B9,储能科学与工程,A292,常州大学,2,55439
2024,1,C1,高分子材料与工程,A292,常州大学,2,67580
2024,1,C3,材料科学与工程,A292,常州大学,2,74572
2024,1,C9,消防工程,A292,常州大学,2,96547
2024,1,D5,建筑环境与能源应用工程,A292,常州大学,1,99375
2024,1,D8,集成电路设计与集成系统,A292,常州大学,2,53481
2024,1,E2,计算机科学与技术,A292,常州大学,2,36344
2024,1,E9,信息管理与信息系统,A292,常州大学,2,59507
2024,1,01,通信工程,A293,南京邮电大学,9,14974
2024,1,02,电子信息工程,A293,南京邮电大学,5,14839
2024,1,04,电子科学与技术,A293,南京邮电大学,5,14471
2024,1,08,微电子科学与工程,A293,南京邮电大学,7,16702
2024,1,09,集成电路设计与集成系统,A293,南京邮电大学,5,17654
2024,1,0A,计算机科学与技术,A293,南京邮电大学,5,13315
2024,1,0B,软件工程,A293,南京邮电大学,5,15837
2024,1,0C,信息安全,A293,南京邮电大学,5,16974
2024,1,0D,数据科学与大数据技术,A293,南京邮电大学,5,18338
2024,1,0F,电气工程及其自动化,A293,南京邮电大学,4,17210
2024,1,0G,智能电网信息工程,A293,南京邮电大学,4,19245
2024,1,0H,人工智能,A293,南京邮电大学,5,16184
2024,1,0J,自动化,A293,南京邮电大学,4,18053
2024,1,0S,网络工程,A293,南京邮电大学,5,17437
2024,1,0T,物联网工程,A293,南京邮电大学,5,17671
2024,1,0V,信息与计算科学,A293,南京邮电大学,6,23216
2024,1,14,大数据管理与应用,A293,南京邮电大学,8,26674
2024,1,1A,经济统计学,A293,南京邮电大学,5,30952
2024,1,1B,金融工程,A293,南京邮电大学,3,34697
2024,1,1A,人工智能,A294,河海大学,2,13086
2024,1,1B,自动化,A294,河海大学,3,13333
2024,1,1C,智能科学与技术,A294,河海大学,2,13113
2024,1,1D,新能源科学与工程,A294,河海大学,2,13952
2024,1,1E,材料科学与工程,A294,河海大学,5,24040
2024,1,1K,金融工程,A294,河海大学,3,22436
2024,1,1M,智能制造工程(未来技术班),A294,河海大学,3,17061
2024,1,A1,水文与水资源工程,A294,河海大学,7,19363
2024,1,A2,水务工程,A294,河海大学,6,21878
2024,1,B1,水利水电工程,A294,河海大学,8,15508
2024,1,B2,智慧水利,A294,河海大学,4,17807
2024,1,B3,安全工程,A294,河海大学,2,27867
2024,1,C1,港口航道与海岸工程,A294,河海大学,10,25416
2024,1,C2,船舶与海洋工程,A294,河海大学,2,20983
2024,1,D1,土木工程,A294,河海大学,10,42087
2024,1,D2,智能建造,A294,河海大学,2,20845
2024,1,D3,交通工程,A294,河海大学,2,18882
2024,1,E1,给排水科学与工程,A294,河海大学,2,25625
2024,1,E2,环境工程,A294,河海大学,3,25280
2024,1,E3,环境科学,A294,河海大学,2,23306
2024,1,E4,环境生态工程,A294,河海大学,2,28252
2024,1,F1,能源与动力工程,A294,河海大学,5,17131
2024,1,F2,电气工程及其自动化,A294,河海大学,7,12053
2024,1,G1,计算机科学与技术,A294,河海大学,6,11254
2024,1,H1,应用物理学,A294,河海大学,4,19405
2024,1,H2,工程力学,A294,河海大学,3,19044
2024,1,J1,测绘工程,A294,河海大学,4,26467
2024,1,J2,地质工程,A294,河海大学,3,29191
2024,1,K2,土地整治工程,A294,河海大学,2,30249
2024,1,L1,海洋科学,A294,河海大学,8,26299
2024,1,L2,海洋技术,A294,河海大学,3,23646
2024,1,M1,自然地理与资源环境,A294,河海大学,2,28764
2024,1,M2,地理信息科学,A294,河海大学,3,21087
2024,1,M3,遥感科学与技术,A294,河海大学,2,18915
2024,1,N1,数学类,A294,河海大学,5,17783
2024,1,P1,社会学,A294,河海大学,3,21645
2024,1,P2,广播电视学,A294,河海大学,3,23995
2024,1,P3,劳动与社会保障,A294,河海大学,3,25592
2024,1,P4,土地资源管理,A294,河海大学,3,25492
2024,1,Q2,工程管理,A294,河海大学,2,27062
2024,1,Q4,会计学,A294,河海大学,4,16650
2024,1,Q5,财务管理,A294,河海大学,2,17438
2024,1,Q6,人力资源管理,A294,河海大学,2,23013
2024,1,Q7,大数据管理与应用,A294,河海大学,2,16697
2024,1,Q8,工商管理,A294,河海大学,3,22471
2024,1,S1,思想政治教育,A294,河海大学,2,17960
2024,1,S2,马克思主义理论,A294,河海大学,2,18054
2024,1,T1,英语,A294,河海大学,4,23733
2024,1,T2,法语,A294,河海大学,3,27522
2024,1,V1,工程力学(大禹徐芝纶班),A294,河海大学,2,17239
2024,1,V2,计算机类(大禹强化班),A294,河海大学,2,9630
2024,1,V4,水利类(大禹强化班),A294,河海大学,3,11795
2024,1,X1,机械工程,A294,河海大学,6,19144
2024,1,X3,智能制造工程,A294,河海大学,2,17640
2024,1,X4,机器人工程,A294,河海大学,2,15453
2024,1,Y2,通信工程,A294,河海大学,2,13292
2024,1,Y3,物联网工程,A294,河海大学,3,14581
2024,1,Y4,国际经济与贸易,A294,河海大学,2,21797
2024,1,Y6,海洋资源开发技术,A294,河海大学,2,23578
2024,1,Y8,软件工程,A294,河海大学,2,12155
2024,1,YA,农业水利工程,A294,河海大学,7,26219
2024,1,YC,信息管理与信息系统,A294,河海大学,2,18784
2024,1,YE,市场营销,A294,河海大学,2,26401
2024,1,YG,法学,A294,河海大学,2,14206
2024,1,W1,机械工程(中外合作办学)(河海里尔学院),A294,河海大学,6,36074
2024,1,W2,土木工程(中外合作办学)(河海里尔学院),A294,河海大学,6,53300
2024,1,01,食品科学与工程(食品AI卓越创新班),A295,江南大学,3,11135
2024,1,03,食品质量与安全,A295,江南大学,5,23304
2024,1,04,食品营养与健康,A295,江南大学,2,25505
2024,1,05,生物工程,A295,江南大学,4,24810
2024,1,06,生物工程(国家生命科学与技术人才培养基地班),A295,江南大学,4,20261
2024,1,07,生物技术,A295,江南大学,9,25372
2024,1,08,酿酒工程,A295,江南大学,4,30650
2024,1,09,合成生物学,A295,江南大学,5,30433
2024,1,10,纺织工程(先进纺织卓越创新班),A295,江南大学,2,34819
2024,1,12,轻化工程,A295,江南大学,7,31723
2024,1,13,化学工程与工艺,A295,江南大学,7,27576
2024,1,14,高分子材料与工程,A295,江南大学,9,26893
2024,1,15,应用化学,A295,江南大学,8,27633
2024,1,17,环境工程,A295,江南大学,6,33616
2024,1,18,包装工程,A295,江南大学,3,35915
2024,1,19,制药工程,A295,江南大学,13,28502
2024,1,21,临床医学,A295,江南大学,13,15658
2024,1,22,物联网工程,A295,江南大学,13,16939
2024,1,23,自动化,A295,江南大学,17,17814
2024,1,24,电气工程及其自动化,A295,江南大学,4,14860
2024,1,25,微电子科学与工程,A295,江南大学,4,18146
2024,1,26,电子封装技术,A295,江南大学,6,21936
2024,1,27,信息与计算科学,A295,江南大学,8,20638
2024,1,28,光电信息科学与工程,A295,江南大学,7,18954
2024,1,30,机器人工程,A295,江南大学,5,18563
2024,1,31,智能制造工程,A295,江南大学,9,21944
2024,1,32,工业设计,A295,江南大学,2,18052
2024,1,34,计算机科学与技术(申威卓越创新班),A295,江南大学,10,13350
2024,1,35,人工智能,A295,江南大学,5,16799
2024,1,36,计算机科学与技术,A295,江南大学,3,13354
2024,1,38,国际经济与贸易,A295,江南大学,11,25179
2024,1,39,金融学,A295,江南大学,8,22319
2024,1,40,大数据管理与应用,A295,江南大学,6,20869
2024,1,41,工商管理,A295,江南大学,5,24799
2024,1,42,会计学,A295,江南大学,10,19172
2024,1,44,汉语言文学(师范类),A295,江南大学,10,19052
2024,1,45,小学教育(师范类),A295,江南大学,3,27371
2024,1,46,英语(涉外法治人才卓越创新班),A295,江南大学,6,23159
2024,1,47,日语(涉外法治人才卓越创新班),A295,江南大学,3,29344
2024,1,48,英语,A295,江南大学,2,25262
2024,1,49,日语,A295,江南大学,3,29877
2024,1,50,法学,A295,江南大学,5,16948
2024,1,51,社会工作,A295,江南大学,6,29067
2024,1,52,思想政治教育,A295,江南大学,4,20560
2024,1,H3,食品科学与工程,A295,江南大学,2,17910
2024,1,H5,纺织工程,A295,江南大学,4,35937
2024,1,H7,环境科学,A295,江南大学,2,31707
2024,1,H9,药学,A295,江南大学,10,25750
2024,1,HB,机械工程,A295,江南大学,18,23456
2024,1,H1,食品科学与工程(中外合作办学),A295,江南大学,10,42654
2024,1,H2,工商管理(中外合作办学),A295,江南大学,12,40699
2024,1,03,会计学,A298,南京林业大学,2,27649
2024,1,08,工程管理,A298,南京林业大学,4,46257
2024,1,09,林学类,A298,南京林业大学,6,45181
2024,1,11,水土保持与荒漠化防治,A298,南京林业大学,4,63826
2024,1,12,生态修复学,A298,南京林业大学,4,60723
2024,1,15,生物工程类,A298,南京林业大学,4,38253
2024,1,18,机械设计制造及其自动化,A298,南京林业大学,4,29638
2024,1,21,机器人工程,A298,南京林业大学,4,29743
2024,1,22,自动化,A298,南京林业大学,4,26717
2024,1,23,能源与动力工程,A298,南京林业大学,3,30407
2024,1,24,木材科学与工程,A298,南京林业大学,4,58350
2024,1,28,土木类,A298,南京林业大学,4,68263
2024,1,31,计算机科学与技术,A298,南京林业大学,2,25444
2024,1,33,人工智能,A298,南京林业大学,2,24477
2024,1,34,电子信息工程,A298,南京林业大学,2,22589
2024,1,40,家具设计与工程,A298,南京林业大学,4,72249
2024,1,41,食品科学与工程类,A298,南京林业大学,4,44095
2024,1,42,轻化工程,A298,南京林业大学,9,57432
2024,1,43,交通运输类,A298,南京林业大学,4,38368
2024,1,44,智能车辆工程,A298,南京林业大学,8,33261
2024,1,45,环境工程,A298,南京林业大学,4,50853
2024,1,47,生态学,A298,南京林业大学,4,47881
2024,1,48,生物科学,A298,南京林业大学,4,36387
2024,1,B3,新闻传播学类,A298,南京林业大学,2,33610
2024,1,B5,风景园林,A298,南京林业大学,2,34364
2024,1,B6,城乡规划,A298,南京林业大学,2,36823
2024,1,B7,英语,A298,南京林业大学,3,34247
2024,1,B9,法学,A298,南京林业大学,3,21813
2024,1,SN,园林,A298,南京林业大学,2,36928
2024,1,W1,林学(中外合作办学),A298,南京林业大学,8,79098
2024,1,W2,木材科学与工程(中外合作办学),A298,南京林业大学,8,93391
2024,1,02,法学,A299,江苏大学,2,21844
2024,1,04,公共事业管理,A299,江苏大学,2,41878
2024,1,05,国际经济与贸易,A299,江苏大学,3,37642
2024,1,09,会计学,A299,江苏大学,2,26767
2024,1,11,人力资源管理,A299,江苏大学,3,36859
2024,1,15,物流管理,A299,江苏大学,3,45983
2024,1,18,知识产权,A299,江苏大学,2,28315
2024,1,20,材料成型及控制工程,A299,江苏大学,2,46237
2024,1,24,车辆工程,A299,江苏大学,2,30278
2024,1,25,储能科学与工程,A299,江苏大学,3,34503
2024,1,26,电气工程及其自动化,A299,江苏大学,3,23807
2024,1,27,电子信息工程,A299,江苏大学,2,25996
2024,1,33,工业工程,A299,江苏大学,3,43039
2024,1,34,工业设计,A299,江苏大学,2,36061
2024,1,35,光电信息科学与工程,A299,江苏大学,2,26215
2024,1,39,化学类,A299,江苏大学,3,39126
2024,1,44,机械电子工程,A299,江苏大学,2,28041
2024,1,45,机械设计制造及其自动化,A299,江苏大学,4,27416
2024,1,46,计算机科学与技术,A299,江苏大学,2,20397
2024,1,48,交通工程,A299,江苏大学,3,37903
2024,1,49,交通运输,A299,江苏大学,2,35628
2024,1,52,金属材料工程,A299,江苏大学,4,49912
2024,1,53,口腔医学,A299,江苏大学,2,26835
2024,1,54,临床医学,A299,江苏大学,4,25609
2024,1,55,能源与动力工程,A299,江苏大学,5,31917
2024,1,57,农业电气化,A299,江苏大学,2,41395
2024,1,58,农业机械化及其自动化,A299,江苏大学,4,44357
2024,1,59,农业智能装备工程,A299,江苏大学,2,46481
2024,1,61,软件工程,A299,江苏大学,2,22717
2024,1,62,生物技术,A299,江苏大学,2,42105
2024,1,63,生物科学,A299,江苏大学,2,41427
2024,1,64,食品科学与工程类,A299,江苏大学,3,41016
2024,1,69,通信工程,A299,江苏大学,2,27841
2024,1,71,土木工程,A299,江苏大学,2,54569
2024,1,74,物联网工程,A299,江苏大学,2,25668
2024,1,76,新能源科学与工程,A299,江苏大学,2,28162
2024,1,77,新能源汽车工程,A299,江苏大学,2,29316
2024,1,79,信息管理与信息系统,A299,江苏大学,2,37385
2024,1,80,药学类,A299,江苏大学,6,46103
2024,1,81,医学检验技术,A299,江苏大学,3,38387
2024,1,82,医学影像学,A299,江苏大学,4,30059
2024,1,83,应急技术与管理,A299,江苏大学,2,55022
2024,1,88,制药工程,A299,江苏大学,5,46459
2024,1,90,智能科学与技术,A299,江苏大学,2,22746
2024,1,92,自动化,A299,江苏大学,2,26081
2024,1,01,大气科学类,A300,南京信息工程大学,35,24671
2024,1,03,应用气象学,A300,南京信息工程大学,4,24549
2024,1,06,气象技术与工程,A300,南京信息工程大学,2,24896
2024,1,07,海洋科学类,A300,南京信息工程大学,2,37270
2024,1,08,海洋科学,A300,南京信息工程大学,4,31431
2024,1,11,地理科学类,A300,南京信息工程大学,3,34253
2024,1,12,遥感科学与技术,A300,南京信息工程大学,3,27918
2024,1,19,数学与应用数学,A300,南京信息工程大学,2,24208
2024,1,20,信息与计算科学,A300,南京信息工程大学,2,24543
2024,1,22,光电信息科学与工程,A300,南京信息工程大学,2,22133
2024,1,24,电子信息类,A300,南京信息工程大学,4,20244
2024,1,26,微电子科学与工程,A300,南京信息工程大学,2,21019
2024,1,27,计算机类,A300,南京信息工程大学,2,16147
2024,1,30,软件工程,A300,南京信息工程大学,3,16553
2024,1,32,软件工程,A300,南京信息工程大学,2,16182
2024,1,34,电气工程及其自动化,A300,南京信息工程大学,3,22351
2024,1,36,机器人工程,A300,南京信息工程大学,2,23542
2024,1,37,数据科学与大数据技术,A300,南京信息工程大学,2,21132
2024,1,38,自动化,A300,南京信息工程大学,3,23391
2024,1,39,机械电子工程,A300,南京信息工程大学,2,25431
2024,1,40,人工智能,A300,南京信息工程大学,2,22139
2024,1,43,医学信息工程,A300,南京信息工程大学,2,26884
2024,1,45,材料物理,A300,南京信息工程大学,2,34713
2024,1,48,金融工程,A300,南京信息工程大学,2,33657
2024,1,53,大数据管理与应用,A300,南京信息工程大学,2,27124
2024,1,56,工商管理类,A300,南京信息工程大学,3,27350
2024,1,62,法学,A300,南京信息工程大学,3,21025
2024,1,67,汉语言文学,A300,南京信息工程大学,2,22405
2024,1,77,汉语言文学(师范类),A300,南京信息工程大学,2,21939
2024,1,79,数学与应用数学(师范类),A300,南京信息工程大学,3,28260
2024,1,81,英语(师范类),A300,南京信息工程大学,2,30686
2024,1,87,思想政治教育(师范类),A300,南京信息工程大学,2,23782
2024,1,88,电子科学与技术,A300,南京信息工程大学,3,20417
2024,1,89,电子信息工程,A300,南京信息工程大学,2,20095
2024,1,90,通信工程,A300,南京信息工程大学,2,20137
2024,1,91,环境工程,A300,南京信息工程大学,2,33113
2024,1,95,地理信息科学,A300,南京信息工程大学,3,27185
2024,1,98,遥感科学与技术,A300,南京信息工程大学,3,27157
2024,1,9C,国际经济与贸易(中外合作办学),A300,南京信息工程大学,3,47870
2024,1,9D,应用化学(中外合作办学),A300,南京信息工程大学,2,47820
2024,1,9F,大气科学(中外合作办学),A300,南京信息工程大学,3,33377
2024,1,9G,数学与应用数学(中外合作办学),A300,南京信息工程大学,3,37387
2024,1,9H,地理信息科学(中外合作办学),A300,南京信息工程大学,2,43009
2024,1,9J,数据科学与大数据技术(中外合作办学),A300,南京信息工程大学,2,36085
2024,1,9K,软件工程(中外合作办学),A300,南京信息工程大学,2,33699
2024,1,9M,电气工程及其自动化(中外合作办学),A300,南京信息工程大学,2,35254
2024,1,01,汉语言文学(师范类),A304,南通大学,2,30928
2024,1,08,应用统计学,A304,南通大学,2,43932
2024,1,09,光电信息科学与工程,A304,南通大学,2,43656
2024,1,10,思想政治教育(师范类),A304,南通大学,2,35844
2024,1,11,法学,A304,南通大学,4,34501
2024,1,12,行政管理,A304,南通大学,2,56205
2024,1,15,国际经济与贸易,A304,南通大学,2,56157
2024,1,21,经济与金融,A304,南通大学,3,45891
2024,1,22,会计学,A304,南通大学,2,42370
2024,1,25,小学教育(师范类),A304,南通大学,3,59267
2024,1,29,应用心理学,A304,南通大学,4,56648
2024,1,31,英语(师范类),A304,南通大学,2,42719
2024,1,33,商务英语,A304,南通大学,5,61248
2024,1,35,翻译,A304,南通大学,2,76049
2024,1,37,日语,A304,南通大学,4,68278
2024,1,39,化学(师范类),A304,南通大学,2,67874
2024,1,41,机器人工程,A304,南通大学,3,47258
2024,1,42,应用化学,A304,南通大学,4,81843
2024,1,43,高分子材料与工程,A304,南通大学,3,66350
2024,1,44,生物科学(师范类),A304,南通大学,2,75619
2024,1,46,儿科学,A304,南通大学,2,43236
2024,1,47,机械电子工程,A304,南通大学,3,42586
2024,1,50,测控技术与仪器,A304,南通大学,2,57103
2024,1,53,集成电路设计与集成系统,A304,南通大学,5,47549
2024,1,55,计算机科学与技术,A304,南通大学,2,34132
2024,1,58,物联网工程,A304,南通大学,2,36929
2024,1,63,纺织工程,A304,南通大学,3,115702
2024,1,64,非织造材料与工程,A304,南通大学,3,88209
2024,1,71,康复治疗学,A304,南通大学,4,81537
2024,1,72,口腔医学,A304,南通大学,2,20601
2024,1,73,医学影像学,A304,南通大学,2,38355
2024,1,74,智能制造工程,A304,南通大学,2,48126
2024,1,79,医学检验技术,A304,南通大学,3,55017
2024,1,86,工业设计,A304,南通大学,2,56134
2024,1,91,建筑学,A304,南通大学,2,66506
2024,1,97,土木工程,A304,南通大学,3,245000
2024,1,98,工程管理,A304,南通大学,3,80819
2024,1,99,交通工程,A304,南通大学,3,67476
2024,1,B5,教育技术学(师范类),A304,南通大学,2,85322
2024,1,01,农学,A307,南京农业大学,10,27644
2024,1,02,种子科学与工程,A307,南京农业大学,4,28820
2024,1,04,植物保护,A307,南京农业大学,10,34637
2024,1,05,环境科学与工程类,A307,南京农业大学,14,39386
2024,1,06,中药学,A307,南京农业大学,4,34448
2024,1,07,风景园林,A307,南京农业大学,5,32966
2024,1,08,园艺,A307,南京农业大学,4,40233
2024,1,09,园林,A307,南京农业大学,3,35293
2024,1,14,国际经济与贸易,A307,南京农业大学,7,27806
2024,1,15,农林经济管理,A307,南京农业大学,3,22142
2024,1,16,工商管理类,A307,南京农业大学,2,25115
2024,1,17,数字经济,A307,南京农业大学,2,26786
2024,1,18,动物医学类,A307,南京农业大学,17,35905
2024,1,19,食品科学与工程类,A307,南京农业大学,18,31570
2024,1,20,公共管理类,A307,南京农业大学,10,29861
2024,1,21,人文地理与城乡规划,A307,南京农业大学,4,28183
2024,1,24,社会学类,A307,南京农业大学,6,24426
2024,1,26,信息与计算科学,A307,南京农业大学,4,23499
2024,1,27,应用化学,A307,南京农业大学,5,30730
2024,1,28,统计学,A307,南京农业大学,4,22915
2024,1,29,生物科学类,A307,南京农业大学,17,28347
2024,1,30,生物科学(生物学基地班),A307,南京农业大学,2,21932
2024,1,31,生物技术(生命科学与技术基地班),A307,南京农业大学,7,25313
2024,1,32,金融学,A307,南京农业大学,9,25969
2024,1,33,会计学,A307,南京农业大学,6,21442
2024,1,34,投资学,A307,南京农业大学,6,31380
2024,1,35,金融科技,A307,南京农业大学,2,33453
2024,1,38,机械类,A307,南京农业大学,12,25487
2024,1,40,农业电气化,A307,南京农业大学,3,28903
2024,1,41,农业智能装备工程,A307,南京农业大学,5,26438
2024,1,42,新能源科学与工程,A307,南京农业大学,3,23126
2024,1,43,电子信息类,A307,南京农业大学,8,21576
2024,1,44,人工智能,A307,南京农业大学,2,21217
2024,1,45,计算机科学与技术,A307,南京农业大学,2,18311
2024,1,46,数据科学与大数据技术,A307,南京农业大学,3,21293
2024,1,47,信息管理与信息系统,A307,南京农业大学,6,26727
2024,1,48,信息资源管理,A307,南京农业大学,4,37189
2024,1,50,工程管理,A307,南京农业大学,2,37552
2024,1,52,英语,A307,南京农业大学,5,28301
2024,1,01,临床医学(5+3一体化),A312,南京医科大学,3,4130
2024,1,02,临床医学(5+3一体化，儿科学),A312,南京医科大学,2,7966
2024,1,03,口腔医学(5+3一体化),A312,南京医科大学,2,4432
2024,1,04,临床医学,A312,南京医科大学,7,6593
2024,1,05,医学影像学,A312,南京医科大学,2,9929
2024,1,06,儿科学,A312,南京医科大学,4,18207
2024,1,10,口腔医学,A312,南京医科大学,2,7355
2024,1,11,预防医学,A312,南京医科大学,2,15721
2024,1,14,临床药学,A312,南京医科大学,2,18926
2024,1,17,康复治疗学,A312,南京医科大学,2,38315
2024,1,20,智能医学工程,A312,南京医科大学,2,27854
2024,1,21,生物医学工程,A312,南京医科大学,6,27776
2024,1,23,生物统计学,A312,南京医科大学,2,30072
2024,1,25,护理学,A312,南京医科大学,5,49932
2024,1,02,麻醉学,A313,徐州医科大学,5,23513
2024,1,03,临床医学,A313,徐州医科大学,6,24845
2024,1,07,医学影像学,A313,徐州医科大学,2,27104
2024,1,16,护理学类,A313,徐州医科大学,2,60260
2024,1,21,智能医学工程,A313,徐州医科大学,3,54420
2024,1,30,预防医学,A313,徐州医科大学,2,64990
2024,1,01,中医学(拔尖创新人才培养模式改革),A315,南京中医药大学,2,3270
2024,1,02,中医学(5+3一体化，拔尖创新人才培养模式改革),A315,南京中医药大学,8,8664
2024,1,03,中医学,A315,南京中医药大学,8,17228
2024,1,09,临床医学,A315,南京中医药大学,7,20083
2024,1,0A,护理学,A315,南京中医药大学,14,65118
2024,1,0K,医学信息工程,A315,南京中医药大学,8,39258
2024,1,0L,人工智能,A315,南京中医药大学,6,35005
2024,1,01,药学(杰出药学家实验班),A316,中国药科大学,2,2585
2024,1,02,药学(拔尖创新班),A316,中国药科大学,3,7421
2024,1,03,药学类,A316,中国药科大学,43,19709
2024,1,04,中药学(拔尖创新班),A316,中国药科大学,2,13463
2024,1,06,生物制药(拔尖创新班),A316,中国药科大学,3,8989
2024,1,07,生物制药,A316,中国药科大学,10,19707
2024,1,09,海洋药学,A316,中国药科大学,4,22659
2024,1,13,化工与制药类,A316,中国药科大学,11,25191
2024,1,15,临床药学,A316,中国药科大学,2,14853
2024,1,17,药事管理,A316,中国药科大学,3,23064
2024,1,19,中药学类,A316,中国药科大学,13,25344
2024,1,10,药学(中外合作办学),A316,中国药科大学,9,39253
2024,1,16,临床药学(中外合作办学),A316,中国药科大学,3,28630
2024,1,01,汉语国际教育(师范类),A319,南京师范大学,2,16586
2024,1,07,哲学,A319,南京师范大学,2,16683
2024,1,0E,法学,A319,南京师范大学,3,11249
2024,1,0H,小学教育(师范类),A319,南京师范大学,4,22228
2024,1,0J,学前教育(师范类),A319,南京师范大学,2,21154
2024,1,0K,教育学,A319,南京师范大学,3,20354
2024,1,0L,教育技术学(师范类),A319,南京师范大学,4,30269
2024,1,0M,应用心理学(师范、非师范、创新实验班),A319,南京师范大学,5,21162
2024,1,0Q,中国语言文学类,A319,南京师范大学,4,13531
2024,1,0X,外国语言文学类(师范、非师范),A319,南京师范大学,4,20342
2024,1,0Y,新闻传播学类,A319,南京师范大学,3,19093
2024,1,10,历史学类,A319,南京师范大学,3,15973
2024,1,19,化学类,A319,南京师范大学,2,18904
2024,1,1C,旅游管理,A319,南京师范大学,2,25652
2024,1,1D,地理科学类,A319,南京师范大学,3,16285
2024,1,1F,生物科学类,A319,南京师范大学,3,17198
2024,1,1G,能源动力类,A319,南京师范大学,10,24779
2024,1,1K,自动化,A319,南京师范大学,4,16531
2024,1,1L,计算机科学与技术,A319,南京师范大学,3,15027
2024,1,1N,人工智能,A319,南京师范大学,3,16223
2024,1,1P,电子信息工程,A319,南京师范大学,4,15654
2024,1,1Q,环境科学与工程类,A319,南京师范大学,5,34295
2024,1,1R,海洋资源与环境,A319,南京师范大学,6,38119
2024,1,1S,食品科学与工程,A319,南京师范大学,2,25687
2024,1,1T,生物工程,A319,南京师范大学,5,27288
2024,1,1U,物理学(师范、非师范),A319,南京师范大学,3,17128
2024,1,1W,电气工程及其自动化,A319,南京师范大学,4,14970
2024,1,01,汉语言文学(师范类),A320,江苏师范大学,3,27377
2024,1,03,汉语国际教育(师范类),A320,江苏师范大学,4,49031
2024,1,06,历史学(师范类),A320,江苏师范大学,3,34982
2024,1,08,英语(师范类),A320,江苏师范大学,4,37791
2024,1,0A,日语,A320,江苏师范大学,2,77987
2024,1,0G,行政管理,A320,江苏师范大学,2,56098
2024,1,0H,法学,A320,江苏师范大学,3,30540
2024,1,0K,思想政治教育(师范类),A320,江苏师范大学,2,36670
2024,1,0L,金融工程,A320,江苏师范大学,3,56824
2024,1,0T,数学与应用数学(师范类),A320,江苏师范大学,5,46927
2024,1,0W,物理学(师范类),A320,江苏师范大学,4,58900
2024,1,0Y,电子信息工程,A320,江苏师范大学,2,44052
2024,1,0Z,人工智能,A320,江苏师范大学,4,45153
2024,1,11,化学(师范类),A320,江苏师范大学,4,64810
2024,1,15,生物科学(师范类),A320,江苏师范大学,5,59682
2024,1,18,地理科学(师范类),A320,江苏师范大学,4,40980
2024,1,19,测绘工程,A320,江苏师范大学,3,125341
2024,1,1B,遥感科学与技术,A320,江苏师范大学,4,83511
2024,1,1C,地理信息科学,A320,江苏师范大学,4,47155
2024,1,1D,教育技术学(师范类),A320,江苏师范大学,4,80617
2024,1,1F,智能科学与技术,A320,江苏师范大学,2,57872
2024,1,1H,机械设计制造及其自动化,A320,江苏师范大学,5,59937
2024,1,1K,电气工程及其自动化,A320,江苏师范大学,4,48614
2024,1,1N,广播电视学,A320,江苏师范大学,2,59426
2024,1,1Q,广播电视编导,A320,江苏师范大学,6,91272
2024,1,26,金融工程(中外合作办学),A320,江苏师范大学,3,109474
2024,1,27,机械设计制造及其自动化(中外合作办学),A320,江苏师范大学,2,143389
2024,1,28,工业设计(中外合作办学),A320,江苏师范大学,2,163818
2024,1,29,电子科学与技术(中外合作办学),A320,江苏师范大学,3,141447
2024,1,2A,轨道交通信号与控制(中外合作办学),A320,江苏师范大学,3,156898
2024,1,2B,电子信息工程(中外合作办学),A320,江苏师范大学,2,94405
2024,1,A1,法学,A323,淮阴师范学院,3,104471
2024,1,B0,汉语言文学,A323,淮阴师范学院,5,111740
2024,1,B7,日语,A323,淮阴师范学院,4,158057
2024,1,C9,审计学,A323,淮阴师范学院,5,123179
2024,1,D2,旅游管理,A323,淮阴师范学院,4,165126
2024,1,D9,广播电视编导,A323,淮阴师范学院,15,180387
2024,1,J6,生物技术,A323,淮阴师范学院,4,268991
2024,1,J9,电气工程及其自动化,A323,淮阴师范学院,5,163459
2024,1,L2,工程造价,A323,淮阴师范学院,5,181345
2024,1,R1,历史学,A323,淮阴师范学院,4,128673
2024,1,17,俄语,A324,盐城师范学院,5,167432
2024,1,57,海洋资源开发技术,A324,盐城师范学院,5,241902
2024,1,61,计算机科学与技术,A324,盐城师范学院,3,171686
2024,1,77,物流管理,A324,盐城师范学院,5,154468
2024,1,H9,湿地保护与恢复,A324,盐城师范学院,5,247509
2024,1,HX,数字经济,A324,盐城师范学院,3,166546
2024,1,J7,电子商务,A324,盐城师范学院,3,146225
2024,1,01,经济学,A327,南京财经大学,3,29888
2024,1,02,财政学类,A327,南京财经大学,6,25552
2024,1,03,金融学类,A327,南京财经大学,2,32904
2024,1,04,国际经济与贸易,A327,南京财经大学,3,33889
2024,1,06,法学,A327,南京财经大学,3,21765
2024,1,08,汉语言文学,A327,南京财经大学,3,30557
2024,1,0F,工商管理类,A327,南京财经大学,3,26296
2024,1,10,工商管理,A327,南京财经大学,3,36457
2024,1,11,市场营销,A327,南京财经大学,4,48189
2024,1,13,行政管理,A327,南京财经大学,4,42362
2024,1,15,物流管理,A327,南京财经大学,3,49381
2024,1,16,电子商务,A327,南京财经大学,4,46611
2024,1,21,经济学类,A327,南京财经大学,3,32733
2024,1,22,金融工程,A327,南京财经大学,4,47905
2024,1,23,金融数学,A327,南京财经大学,4,47078
2024,1,24,管理科学,A327,南京财经大学,2,53396
2024,1,26,大数据管理与应用,A327,南京财经大学,2,36041
2024,1,27,工业工程,A327,南京财经大学,3,48355
2024,1,31,数学与应用数学,A327,南京财经大学,4,37346
2024,1,33,软件工程,A327,南京财经大学,3,33504
2024,1,35,食品科学与工程类,A327,南京财经大学,6,58510
2024,1,41,经济统计学(中外合作办学),A327,南京财经大学,2,63999
2024,1,0E,运动康复,A330,南京体育学院,8,156741
2024,1,0J,体育经济与管理,A330,南京体育学院,8,154266
2024,1,05,美术学,A331,南京艺术学院,1,94231
2024,1,14,智能交互设计,A331,南京艺术学院,1,104605
2024,1,29,戏剧影视文学,A331,南京艺术学院,1,46800
2024,1,36,影视摄影与制作,A331,南京艺术学院,1,62879
2024,1,43,文物保护与修复,A331,南京艺术学院,1,53233
2024,1,47,艺术管理,A331,南京艺术学院,1,72776
2024,1,01,建筑学,A332,苏州科技大学,2,50235
2024,1,04,环境科学与工程类,A332,苏州科技大学,4,71887
2024,1,08,土木工程,A332,苏州科技大学,4,76625
2024,1,13,智能建造,A332,苏州科技大学,2,59876
2024,1,29,广播电视学,A332,苏州科技大学,2,65231
2024,1,34,思想政治教育(师范类),A332,苏州科技大学,2,42220
2024,1,45,生物技术,A332,苏州科技大学,2,54153
2024,1,46,生物工程,A332,苏州科技大学,2,54537
2024,1,64,机械设计制造及其自动化,A332,苏州科技大学,2,39098
2024,1,72,土木工程(中外合作办学),A332,苏州科技大学,4,201323
2024,1,73,工程管理(中外合作办学),A332,苏州科技大学,2,123679
2024,1,74,物流管理(中外合作办学),A332,苏州科技大学,2,84627
2024,1,75,机械设计制造及其自动化(中外合作办学),A332,苏州科技大学,2,84088
2024,1,B5,纺织工程,A333,常熟理工学院,5,192766
2024,1,B6,服装设计与工程,A333,常熟理工学院,5,174682
2024,1,E2,英语(师范类),A333,常熟理工学院,4,109628
2024,1,F1,数学与应用数学(师范类),A333,常熟理工学院,3,139014
2024,1,K1,计算机科学与技术,A333,常熟理工学院,1,95818
2024,1,G2,电子信息工程(中外合作办学),A333,常熟理工学院,2,195777
2024,1,H3,机械电子工程(中外合作办学),A333,常熟理工学院,2,219721
2024,1,M4,电气工程及其自动化(中外合作办学),A333,常熟理工学院,2,179500
2024,1,1A,人文科学试验班,A335,浙江大学,5,1359
2024,1,1B,新闻传播学类,A335,浙江大学,3,2232
2024,1,2B,社会科学试验班(竺可桢学院人文社科实验班),A335,浙江大学,3,973
2024,1,4J,机器人工程(荣誉项目班),A335,浙江大学,2,297
2024,1,4T,工科试验班(竺可桢学院图灵班),A335,浙江大学,3,195
2024,1,4Y,医学试验班(竺可桢学院巴德年医学班),A335,浙江大学,6,454
2024,1,5A,工科试验班(海洋，含智慧海洋卓越班本研衔接培养项目),A335,浙江大学,20,2580
2024,1,5B,应用生物科学(农学，含新农科实验班本研衔接培养项目),A335,浙江大学,23,3475
2024,1,62,园林,A335,浙江大学,5,3708
2024,1,W7,社会科学试验班(含数字金融双学士学位项目),A335,浙江大学,17,1800
2024,1,W9,理科试验班类(含商务大数据分析双学士学位项目),A335,浙江大学,3,440
2024,1,WB,工科试验班,A335,浙江大学,10,560
2024,1,WD,工科试验班(信息),A335,浙江大学,25,452
2024,1,04,计算机类,A336,杭州电子科技大学,4,16340
2024,1,05,电子信息类(电子信息学院),A336,杭州电子科技大学,10,19702
2024,1,09,网络工程,A336,杭州电子科技大学,2,18726
2024,1,10,电子信息类(通信学院),A336,杭州电子科技大学,8,20271
2024,1,12,自动化,A336,杭州电子科技大学,4,20977
2024,1,13,机械设计制造及其自动化,A336,杭州电子科技大学,3,24709
2024,1,14,车辆工程,A336,杭州电子科技大学,4,27986
2024,1,15,材料科学与工程,A336,杭州电子科技大学,5,32810
2024,1,16,管理科学与工程类,A336,杭州电子科技大学,6,33639
2024,1,17,数学类,A336,杭州电子科技大学,4,24606
2024,1,18,光电信息科学与工程,A336,杭州电子科技大学,2,20288
2024,1,21,统计学,A336,杭州电子科技大学,4,28424
2024,1,27,经济学类,A336,杭州电子科技大学,2,34483
2024,1,28,金融学,A336,杭州电子科技大学,6,39401
2024,1,31,英语,A336,杭州电子科技大学,10,46641
2024,1,39,人工智能,A336,杭州电子科技大学,2,19609
2024,1,43,测控技术与仪器,A336,杭州电子科技大学,2,23939
2024,1,45,自动化(中外合作办学),A336,杭州电子科技大学,6,32238
2024,1,46,计算机科学与技术(中外合作办学),A336,杭州电子科技大学,2,23771
2024,1,06,化工与制药类(化学工程类),A337,浙江工业大学,5,36876
2024,1,09,生物工程类,A337,浙江工业大学,5,39650
2024,1,11,环境科学与工程类,A337,浙江工业大学,4,53475
2024,1,12,材料类,A337,浙江工业大学,5,38885
2024,1,13,食品科学与工程类,A337,浙江工业大学,4,48460
2024,1,14,机械类,A337,浙江工业大学,5,28817
2024,1,16,机器人工程,A337,浙江工业大学,5,25337
2024,1,17,电气类,A337,浙江工业大学,3,26091
2024,1,19,计算机类,A337,浙江工业大学,6,22754
2024,1,22,土木类,A337,浙江工业大学,5,66301
2024,1,24,物理学类(物理与光电信息类),A337,浙江工业大学,5,30835
2024,1,28,金融学,A337,浙江工业大学,6,39614
2024,1,29,国际经济与贸易,A337,浙江工业大学,6,38753
2024,1,32,日语,A337,浙江工业大学,5,57434
2024,1,35,建筑类,A337,浙江工业大学,5,49977
2024,1,99,药学类(2011计划创新实验区),A337,浙江工业大学,10,38346
2024,1,40,土木工程(中外合作办学),A337,浙江工业大学,4,138005
2024,1,04,纺织类,A338,浙江理工大学,5,63390
2024,1,06,轻化工程,A338,浙江理工大学,3,52991
2024,1,08,服装设计与工程,A338,浙江理工大学,3,59712
2024,1,09,机械类,A338,浙江理工大学,7,32186
2024,1,11,土木类,A338,浙江理工大学,6,93508
2024,1,13,生物科学类,A338,浙江理工大学,4,58269
2024,1,15,经济与贸易类,A338,浙江理工大学,2,38535
2024,1,21,外国语言文学类,A338,浙江理工大学,5,60355
2024,1,26,计算机类,A338,浙江理工大学,3,23800
2024,1,31,工商管理(英文授课班),A338,浙江理工大学,4,55623
2024,1,37,材料类(启新材料拔尖人才创新班),A338,浙江理工大学,7,42940
2024,1,35,服装设计与工程(中外合作办学)(中美合作),A338,浙江理工大学,9,132744
2024,1,02,海洋科学,A340,浙江海洋大学,6,83560
2024,1,03,智慧海洋技术,A340,浙江海洋大学,2,78186
2024,1,05,水产养殖学,A340,浙江海洋大学,5,96100
2024,1,06,海洋资源与环境,A340,浙江海洋大学,4,92747
2024,1,07,海洋渔业科学与技术,A340,浙江海洋大学,4,94276
2024,1,08,水族科学与技术,A340,浙江海洋大学,2,166275
2024,1,13,船舶与海洋工程,A340,浙江海洋大学,2,71688
2024,1,16,轮机工程(船机修造方向),A340,浙江海洋大学,2,91137
2024,1,18,交通管理,A340,浙江海洋大学,2,57115
2024,1,21,机械设计制造及其自动化,A340,浙江海洋大学,2,64435
2024,1,25,港口航道与海岸工程,A340,浙江海洋大学,4,101533
2024,1,26,油气储运工程,A340,浙江海洋大学,3,90835
2024,1,28,化学工程与工艺,A340,浙江海洋大学,4,109359
2024,1,30,安全工程,A340,浙江海洋大学,2,86512
2024,1,35,数学与应用数学(师范类),A340,浙江海洋大学,4,88739
2024,1,50,俄语,A340,浙江海洋大学,2,88126
2024,1,14,船舶与海洋工程(中外合作办学),A340,浙江海洋大学,3,163721
2024,1,4C,农学,A341,浙江农林大学,1,53347
2024,1,4D,植物保护,A341,浙江农林大学,2,60556
2024,1,4E,智慧农业,A341,浙江农林大学,2,71595
2024,1,4F,林学,A341,浙江农林大学,4,72528
2024,1,4G,生物技术,A341,浙江农林大学,2,76665
2024,1,4H,生态学,A341,浙江农林大学,4,102105
2024,1,4J,农业资源与环境,A341,浙江农林大学,2,127576
2024,1,4K,环境科学与工程,A341,浙江农林大学,5,102737
2024,1,4L,地理信息科学,A341,浙江农林大学,3,44666
2024,1,4M,测绘工程,A341,浙江农林大学,3,90628
2024,1,4N,木材科学与工程,A341,浙江农林大学,6,121817
2024,1,4P,家具设计与工程,A341,浙江农林大学,2,97928
2024,1,4Q,应用化学,A341,浙江农林大学,4,76145
2024,1,4R,高分子材料与工程,A341,浙江农林大学,6,86966
2024,1,4S,园林,A341,浙江农林大学,3,55268
2024,1,4T,风景园林,A341,浙江农林大学,4,55252
2024,1,4V,城乡规划,A341,浙江农林大学,2,56987
2024,1,4X,土木工程,A341,浙江农林大学,4,207971
2024,1,51,工商管理,A341,浙江农林大学,2,53965
2024,1,53,金融工程,A341,浙江农林大学,3,91982
2024,1,54,法学,A341,浙江农林大学,2,32173
2024,1,55,城市管理,A341,浙江农林大学,1,60198
2024,1,56,英语,A341,浙江农林大学,4,63226
2024,1,58,汉语言文学,A341,浙江农林大学,1,36388
2024,1,59,动物科学,A341,浙江农林大学,3,81760
2024,1,5A,动物医学,A341,浙江农林大学,5,58212
2024,1,5E,工业设计,A341,浙江农林大学,2,75876
2024,1,5F,应用统计学,A341,浙江农林大学,1,51309
2024,1,5G,数据科学与大数据技术,A341,浙江农林大学,2,47656
2024,1,5H,计算机科学与技术,A341,浙江农林大学,3,37823
2024,1,5J,智能科学与技术,A341,浙江农林大学,2,52166
2024,1,5K,物联网工程,A341,浙江农林大学,1,45696
2024,1,5L,机械设计制造及其自动化,A341,浙江农林大学,5,61432
2024,1,5M,电子信息工程,A341,浙江农林大学,4,46989
2024,1,5N,智能装备与系统,A341,浙江农林大学,1,70797
2024,1,5Q,食品质量与安全,A341,浙江农林大学,1,66127
2024,1,5S,生物制药,A341,浙江农林大学,2,63437
2024,1,5T,园艺,A341,浙江农林大学,4,90962
2024,1,5U,设施农业科学与工程,A341,浙江农林大学,4,98171
2024,1,5V,茶学,A341,浙江农林大学,3,76967
2024,1,5W,文化产业管理(茶文化),A341,浙江农林大学,2,68218
2024,1,5Y,林学(中外合作办学),A341,浙江农林大学,5,188849
2024,1,20,眼视光医学(5+3一体化),A343,温州医科大学,3,8028
2024,1,21,临床医学(5+3一体化),A343,温州医科大学,2,7136
2024,1,22,临床医学(5+3一体化，儿科学方向),A343,温州医科大学,2,15056
2024,1,30,临床医学(检验医师培养试验班),A343,温州医科大学,1,14007
2024,1,31,眼视光医学,A343,温州医科大学,2,16528
2024,1,32,临床医学,A343,温州医科大学,3,14484
2024,1,37,基础医学(周健创新班),A343,温州医科大学,2,54284
2024,1,46,医学影像技术,A343,温州医科大学,2,45282
2024,1,47,康复治疗学,A343,温州医科大学,2,63336
2024,1,54,信息管理与信息系统,A343,温州医科大学,2,72809
2024,1,58,护理学,A343,温州医科大学,2,64884
2024,1,59,助产学,A343,温州医科大学,2,77822
2024,1,62,中药学,A343,温州医科大学,3,80186
2024,1,64,公共事业管理,A343,温州医科大学,2,69867
2024,1,67,健康服务与管理,A343,温州医科大学,1,62682
2024,1,38,临床医学(中外合作办学),A343,温州医科大学,1,22335
2024,1,01,中医学(5+3一体化),A344,浙江中医药大学,1,11196
2024,1,03,中医学,A344,浙江中医药大学,3,27778
2024,1,04,中医骨伤科学,A344,浙江中医药大学,1,43738
2024,1,07,中西医临床医学,A344,浙江中医药大学,2,33533
2024,1,09,临床医学,A344,浙江中医药大学,5,28580
2024,1,11,针灸推拿学,A344,浙江中医药大学,3,36047
2024,1,13,康复治疗学,A344,浙江中医药大学,1,66434
2024,1,14,儿科学,A344,浙江中医药大学,1,40492
2024,1,15,预防医学,A344,浙江中医药大学,1,38099
2024,1,16,口腔医学,A344,浙江中医药大学,1,17571
2024,1,18,中药学,A344,浙江中医药大学,2,44986
2024,1,19,药学,A344,浙江中医药大学,3,45402
2024,1,21,食品卫生与营养学,A344,浙江中医药大学,3,89191
2024,1,22,临床药学,A344,浙江中医药大学,1,37076
2024,1,23,护理学,A344,浙江中医药大学,7,69423
2024,1,24,助产学,A344,浙江中医药大学,2,80495
2024,1,25,听力与言语康复学,A344,浙江中医药大学,3,107001
2024,1,26,医学检验技术,A344,浙江中医药大学,3,52943
2024,1,27,卫生检验与检疫,A344,浙江中医药大学,2,66392
2024,1,28,医学信息工程,A344,浙江中医药大学,1,41117
2024,1,29,计算机科学与技术,A344,浙江中医药大学,2,45397
2024,1,30,数据科学与大数据技术,A344,浙江中医药大学,2,48188
2024,1,31,生物科学,A344,浙江中医药大学,5,61344
2024,1,32,医学实验技术,A344,浙江中医药大学,4,130234
2024,1,33,生物技术,A344,浙江中医药大学,4,63404
2024,1,35,健康服务与管理,A344,浙江中医药大学,2,56273
2024,1,36,英语,A344,浙江中医药大学,3,76246
2024,1,37,国际商务,A344,浙江中医药大学,1,70175
2024,1,08,工商管理类,A345,浙江师范大学,4,35832
2024,1,10,法学,A345,浙江师范大学,2,25864
2024,1,12,思想政治教育(师范类),A345,浙江师范大学,3,29132
2024,1,14,教育技术学(师范类),A345,浙江师范大学,2,54949
2024,1,17,学前教育(师范类),A345,浙江师范大学,4,55871
2024,1,22,历史学(师范类),A345,浙江师范大学,2,31397
2024,1,23,英语(师范类),A345,浙江师范大学,2,30956
2024,1,24,翻译,A345,浙江师范大学,2,37789
2024,1,31,戏剧影视文学,A345,浙江师范大学,9,101934
2024,1,35,工业设计,A345,浙江师范大学,3,50587
2024,1,38,计算机类,A345,浙江师范大学,7,34855
2024,1,41,智能医学工程,A345,浙江师范大学,3,73976
2024,1,43,材料科学与工程,A345,浙江师范大学,2,74012
2024,1,44,光电信息科学与工程,A345,浙江师范大学,2,39757
2024,1,45,电子信息工程,A345,浙江师范大学,3,36361
2024,1,50,生物科学(师范类),A345,浙江师范大学,4,41704
2024,1,54,环境科学与工程,A345,浙江师范大学,2,75092
2024,1,58,智能制造工程,A345,浙江师范大学,3,55431
2024,1,59,机器人工程,A345,浙江师范大学,3,45620
2024,1,60,交通运输,A345,浙江师范大学,4,60049
2024,1,15,小学教育(中外合作办学)(师范类),A345,浙江师范大学,6,115892
2024,1,07,经济学,A346,杭州师范大学,4,41487
2024,1,0A,行政管理,A346,杭州师范大学,2,53000
2024,1,0B,社会学,A346,杭州师范大学,2,49157
2024,1,0C,社会工作,A346,杭州师范大学,2,56069
2024,1,0F,国际商务,A346,杭州师范大学,4,55152
2024,1,0H,会计学,A346,杭州师范大学,2,38005
2024,1,11,日语,A346,杭州师范大学,5,67281
2024,1,12,朝鲜语,A346,杭州师范大学,5,79663
2024,1,13,翻译,A346,杭州师范大学,4,54892
2024,1,16,统计学,A346,杭州师范大学,3,45015
2024,1,19,化学(师范类),A346,杭州师范大学,2,48364
2024,1,1A,应用化学,A346,杭州师范大学,3,68600
2024,1,1B,制药工程,A346,杭州师范大学,2,73945
2024,1,1C,高分子材料与工程,A346,杭州师范大学,3,68654
2024,1,1E,生物技术,A346,杭州师范大学,3,55435
2024,1,1F,生态学,A346,杭州师范大学,3,77502
2024,1,1K,软件工程,A346,杭州师范大学,3,34499
2024,1,1L,电子信息工程,A346,杭州师范大学,3,38216
2024,1,1M,地理信息科学,A346,杭州师范大学,3,50564
2024,1,1N,机械设计制造及其自动化,A346,杭州师范大学,3,48361
2024,1,1Q,环境工程,A346,杭州师范大学,3,100805
2024,1,1R,临床医学,A346,杭州师范大学,4,46986
2024,1,1T,基础医学,A346,杭州师范大学,4,118533
2024,1,1U,预防医学,A346,杭州师范大学,4,79803
2024,1,1V,公共事业管理(卫生事业管理方向),A346,杭州师范大学,2,54610
2024,1,1W,健康服务与管理,A346,杭州师范大学,2,58707
2024,1,1X,药学,A346,杭州师范大学,2,56105
2024,1,2A,文化产业管理,A346,杭州师范大学,4,63045
2024,1,24,财务管理,A347,湖州师范学院,3,100675
2024,1,31,知识产权,A347,湖州师范学院,3,105628
2024,1,37,汉语言文学(师范类),A347,湖州师范学院,3,90717
2024,1,46,计算机科学与技术,A347,湖州师范学院,3,127592
2024,1,48,电子信息工程,A347,湖州师范学院,4,134854
2024,1,49,材料科学与工程,A347,湖州师范学院,3,239324
2024,1,50,电气工程及其自动化,A347,湖州师范学院,3,127243
2024,1,53,制药工程,A347,湖州师范学院,4,199183
2024,1,59,护理学,A347,湖州师范学院,5,151370
2024,1,39,微电子科学与工程,A349,绍兴文理学院,6,136369
2024,1,40,光电信息科学与工程,A349,绍兴文理学院,5,142352
2024,1,12,学前教育(中外合作办学)(师范类),A349,绍兴文理学院,6,184819
2024,1,10,汉语言文学(师范类),A350,台州学院,6,90897
2024,1,13,工商管理,A350,台州学院,2,126048
2024,1,23,俄语,A350,台州学院,4,149174
2024,1,26,电子信息工程,A350,台州学院,4,138978
2024,1,28,网络空间安全,A350,台州学院,3,160233
2024,1,29,生物科学,A350,台州学院,4,198871
2024,1,31,环境工程,A350,台州学院,3,213650
2024,1,33,化学工程与工艺,A350,台州学院,3,201955
2024,1,41,机械电子工程,A350,台州学院,3,152159
2024,1,57,材料科学与工程,A350,台州学院,3,198307
2024,1,50,土木工程(中外合作办学),A350,台州学院,5,276707
2024,1,03,国际经济与贸易,A351,温州大学,2,63129
2024,1,05,法学,A351,温州大学,2,27378
2024,1,10,学前教育(师范类),A351,温州大学,2,77750
2024,1,20,英语(师范类),A351,温州大学,2,48198
2024,1,21,日语,A351,温州大学,2,64489
2024,1,34,材料科学与工程,A351,温州大学,3,73313
2024,1,36,应用化学,A351,温州大学,3,67852
2024,1,37,能源化学,A351,温州大学,3,56195
2024,1,38,环境工程,A351,温州大学,2,133193
2024,1,39,生物技术,A351,温州大学,2,67673
2024,1,42,车辆工程,A351,温州大学,2,54703
2024,1,48,土木工程,A351,温州大学,8,276649
2024,1,49,城市地下空间工程,A351,温州大学,3,103813
2024,1,52,电子信息科学与技术,A351,温州大学,2,44990
2024,1,56,网络工程(卓工超豪示范班),A351,温州大学,2,46179
2024,1,45,机械工程(中外合作办学),A351,温州大学,5,140521
2024,1,25,机械设计制造及其自动化,A352,丽水学院,2,151781
2024,1,29,计算机科学与技术,A352,丽水学院,3,124984
2024,1,33,口腔医学,A352,丽水学院,3,52258
2024,1,35,护理学,A352,丽水学院,5,165017
2024,1,A2,微电子科学与工程,A352,丽水学院,4,153078
2024,1,32,经济学类,A353,浙江工商大学,4,35896
2024,1,33,法学类,A353,浙江工商大学,4,22547
2024,1,34,外国语言文学类,A353,浙江工商大学,8,49748
2024,1,35,新闻传播学类,A353,浙江工商大学,4,39443
2024,1,36,电子信息类,A353,浙江工商大学,5,33061
2024,1,37,计算机类,A353,浙江工商大学,10,29037
2024,1,38,环境科学与工程类,A353,浙江工商大学,8,106521
2024,1,40,工商管理类(含市场营销、人工智能双学士学位项目),A353,浙江工商大学,7,36793
2024,1,41,会计学,A353,浙江工商大学,4,23760
2024,1,42,公共管理类,A353,浙江工商大学,16,59023
2024,1,44,旅游管理类,A353,浙江工商大学,9,71153
2024,1,45,哲学,A353,浙江工商大学,2,41597
2024,1,46,经济统计学,A353,浙江工商大学,4,35608
2024,1,48,金融学,A353,浙江工商大学,9,31916
2024,1,49,金融工程,A353,浙江工商大学,2,44966
2024,1,59,数据科学与大数据技术,A353,浙江工商大学,5,31587
2024,1,60,给排水科学与工程,A353,浙江工商大学,3,80411
2024,1,61,城乡规划,A353,浙江工商大学,2,50114
2024,1,62,生物工程,A353,浙江工商大学,4,58652
2024,1,10,市场营销,A354,嘉兴大学,4,95112
2024,1,17,建筑学,A354,嘉兴大学,5,103913
2024,1,18,服装设计与工程,A354,嘉兴大学,6,114102
2024,1,19,护理学,A354,嘉兴大学,8,93255
2024,1,20,数字经济,A354,嘉兴大学,6,90505
2024,1,22,金融数学,A354,嘉兴大学,5,103352
2024,1,24,应用统计学,A354,嘉兴大学,5,102069
2024,1,25,数学与应用数学,A354,嘉兴大学,8,116662
2024,1,27,临床医学,A354,嘉兴大学,5,67778
2024,1,31,电子信息工程,A354,嘉兴大学,4,83370
2024,1,33,机械设计制造及其自动化,A354,嘉兴大学,3,91998
2024,1,40,生物工程,A354,嘉兴大学,4,120949
2024,1,45,高分子材料与工程,A354,嘉兴大学,4,118720
2024,1,48,纺织工程,A354,嘉兴大学,4,147075
2024,1,50,建筑环境与能源应用工程,A354,嘉兴大学,5,138418
2024,1,07,艺术学理论类,A355,中国美术学院,2,32928
2024,1,08,风景园林,A355,中国美术学院,1,42451
2024,1,09,工业设计,A355,中国美术学院,2,30969
2024,1,10,艺术设计学,A355,中国美术学院,1,30707
2024,1,11,广播电视编导,A355,中国美术学院,1,54141
2024,1,01,自动化,A356,中国计量大学,5,33938
2024,1,02,电气工程及其自动化,A356,中国计量大学,6,32938
2024,1,03,机械设计制造及其自动化,A356,中国计量大学,4,37914
2024,1,04,机械电子工程,A356,中国计量大学,4,37984
2024,1,05,测控技术与仪器,A356,中国计量大学,6,33770
2024,1,06,智能感知工程,A356,中国计量大学,5,36240
2024,1,07,电子信息工程,A356,中国计量大学,4,31725
2024,1,08,通信工程,A356,中国计量大学,2,32516
2024,1,09,计算机科学与技术,A356,中国计量大学,1,31186
2024,1,10,人工智能,A356,中国计量大学,3,29879
2024,1,11,光电信息科学与工程,A356,中国计量大学,5,33956
2024,1,12,电子科学与技术,A356,中国计量大学,2,31700
2024,1,15,材料科学与工程,A356,中国计量大学,4,47693
2024,1,16,应用化学,A356,中国计量大学,2,42616
2024,1,17,能源与动力工程,A356,中国计量大学,5,38693
2024,1,18,环境工程,A356,中国计量大学,2,56082
2024,1,19,安全工程,A356,中国计量大学,2,49042
2024,1,20,信息管理与信息系统,A356,中国计量大学,3,40469
2024,1,25,数学与应用数学,A356,中国计量大学,2,34564
2024,1,28,数据科学与大数据技术,A356,中国计量大学,3,33258
2024,1,29,食品质量与安全,A356,中国计量大学,2,47309
2024,1,30,生物工程,A356,中国计量大学,2,44460
2024,1,31,药学,A356,中国计量大学,1,43583
2024,1,32,卫生检验与检疫,A356,中国计量大学,2,40249
2024,1,42,质量管理工程,A356,中国计量大学,2,36514
2024,1,44,标准化工程,A356,中国计量大学,4,43228
2024,1,01,数学类,A357,安徽大学,5,21995
2024,1,04,量子信息科学,A357,安徽大学,5,24712
2024,1,09,信息安全,A357,安徽大学,7,19885
2024,1,0A,计算机科学与技术,A357,安徽大学,10,17424
2024,1,0D,网络空间安全,A357,安徽大学,5,20700
2024,1,0G,智能科学与技术,A357,安徽大学,8,21065
2024,1,0H,电子信息工程,A357,安徽大学,5,17647
2024,1,0J,电子科学与技术,A357,安徽大学,10,20160
2024,1,0M,电气工程及其自动化,A357,安徽大学,8,19300
2024,1,0P,机械设计制造及其自动化,A357,安徽大学,3,22310
2024,1,0R,机器人工程,A357,安徽大学,7,22331
2024,1,0T,集成电路设计与集成系统,A357,安徽大学,7,20386
2024,1,0V,经济统计学,A357,安徽大学,4,26888
2024,1,17,汉语言文学,A357,安徽大学,5,19774
2024,1,19,历史学类,A357,安徽大学,3,23119
2024,1,1C,新闻传播学类,A357,安徽大学,7,27501
2024,1,1E,金融学,A357,安徽大学,7,26989
2024,1,1H,数字经济,A357,安徽大学,3,28686
2024,1,1J,工商管理类,A357,安徽大学,6,26022
2024,1,1N,英语,A357,安徽大学,3,24571
2024,1,1T,法学类,A357,安徽大学,4,16860
2024,1,2E,应用物理学(中外合作办学),A357,安徽大学,8,46125
2024,1,2F,应用统计学(中外合作办学),A357,安徽大学,8,39857
2024,1,2G,数字媒体技术(中外合作办学),A357,安徽大学,9,39441
2024,1,B1,理科试验班类,A358,中国科学技术大学,22,598
2024,1,C1,工科试验班,A358,中国科学技术大学,23,566
2024,1,06,电气工程及其自动化,A359,合肥工业大学,16,15011
2024,1,07,自动化,A359,合肥工业大学,16,16961
2024,1,08,机器人工程,A359,合肥工业大学,4,17501
2024,1,09,电子科学与技术,A359,合肥工业大学,8,16038
2024,1,0A,微电子科学与工程,A359,合肥工业大学,6,16304
2024,1,0B,集成电路设计与集成系统,A359,合肥工业大学,6,16076
2024,1,0C,应用物理学,A359,合肥工业大学,6,23552
2024,1,0E,信息管理与信息系统,A359,合肥工业大学,8,23605
2024,1,0F,大数据管理与应用,A359,合肥工业大学,4,18356
2024,1,0Q,机械设计制造及其自动化,A359,合肥工业大学,24,22574
2024,1,0R,飞行器制造工程,A359,合肥工业大学,10,22129
2024,1,0S,智能制造工程,A359,合肥工业大学,10,22619
2024,1,0T,工业工程,A359,合肥工业大学,8,26844
2024,1,0U,计算机科学与技术,A359,合肥工业大学,14,13263
2024,1,0V,电子信息工程,A359,合肥工业大学,14,15680
2024,1,0W,通信工程,A359,合肥工业大学,10,16115
2024,1,0X,信息安全,A359,合肥工业大学,4,15527
2024,1,0Y,建筑学,A359,合肥工业大学,8,44555
2024,1,12,数字经济,A359,合肥工业大学,5,30146
2024,1,13,金融工程,A359,合肥工业大学,10,34206
2024,1,16,车辆工程,A359,合肥工业大学,8,19672
2024,1,18,能源与动力工程,A359,合肥工业大学,5,21490
2024,1,19,新能源科学与工程,A359,合肥工业大学,4,21703
2024,1,1B,软件工程,A359,合肥工业大学,13,15247
2024,1,1J,信息与计算科学,A359,合肥工业大学,12,22876
2024,1,1K,数学与应用数学,A359,合肥工业大学,6,20691
2024,1,1L,统计学,A359,合肥工业大学,6,22684
2024,1,1W,法学,A359,合肥工业大学,6,20337
2024,1,1Y,测控技术与仪器,A359,合肥工业大学,9,21706
2024,1,1Z,光电信息科学与工程,A359,合肥工业大学,8,17879
2024,1,20,智能感知工程,A359,合肥工业大学,4,22559
2024,1,27,集成电路设计与集成系统(创新实验班),A359,合肥工业大学,5,13046
2024,1,28,电气工程及其自动化(创新实验班),A359,合肥工业大学,6,13266
2024,1,29,智能车辆工程(创新实验班),A359,合肥工业大学,4,16562
2024,1,26,国际经济与贸易(中外合作办学),A359,合肥工业大学,6,42779
2024,1,01,经济学,A360,安徽工业大学,2,84054
2024,1,02,经济统计学,A360,安徽工业大学,2,82401
2024,1,04,材料成型及控制工程,A360,安徽工业大学,4,120176
2024,1,05,材料科学与工程,A360,安徽工业大学,6,141950
2024,1,07,测控技术与仪器,A360,安徽工业大学,2,77677
2024,1,08,车辆工程,A360,安徽工业大学,2,83400
2024,1,09,大数据管理与应用,A360,安徽工业大学,2,83447
2024,1,0A,电气工程及其自动化,A360,安徽工业大学,3,49649
2024,1,0B,电子信息工程,A360,安徽工业大学,2,60927
2024,1,0C,法学,A360,安徽工业大学,2,55947
2024,1,0D,高分子材料与工程,A360,安徽工业大学,2,101658
2024,1,0E,给排水科学与工程,A360,安徽工业大学,3,151851
2024,1,0G,工程造价,A360,安徽工业大学,2,109358
2024,1,0J,工业工程,A360,安徽工业大学,3,90429
2024,1,0K,工业设计,A360,安徽工业大学,2,105367
2024,1,0L,光电信息科学与工程,A360,安徽工业大学,2,73683
2024,1,0M,国际经济与贸易,A360,安徽工业大学,2,100222
2024,1,0N,焊接技术与工程,A360,安徽工业大学,3,106261
2024,1,0P,行政管理,A360,安徽工业大学,1,88565
2024,1,0R,化学工程与工艺,A360,安徽工业大学,3,103904
2024,1,0S,化学生物学,A360,安徽工业大学,3,135766
2024,1,0T,环境工程,A360,安徽工业大学,5,197174
2024,1,0U,会计学,A360,安徽工业大学,2,56536
2024,1,0V,机器人工程,A360,安徽工业大学,2,73806
2024,1,0W,机械工程,A360,安徽工业大学,2,77646
2024,1,0X,机械设计制造及其自动化,A360,安徽工业大学,2,72034
2024,1,0Y,集成电路设计与集成系统,A360,安徽工业大学,2,67763
2024,1,0Z,计算机科学与技术,A360,安徽工业大学,2,56906
2024,1,10,建筑环境与能源应用工程,A360,安徽工业大学,3,283124
2024,1,12,金融学,A360,安徽工业大学,2,73300
2024,1,13,金属材料工程,A360,安徽工业大学,4,149924
2024,1,15,能源与动力工程,A360,安徽工业大学,3,78999
2024,1,16,氢能科学与工程,A360,安徽工业大学,2,83243
2024,1,17,人工智能,A360,安徽工业大学,2,69687
2024,1,19,软件工程,A360,安徽工业大学,2,65437
2024,1,1A,数据科学与大数据技术,A360,安徽工业大学,2,66478
2024,1,1B,数学与应用数学,A360,安徽工业大学,2,82465
2024,1,1C,通信工程,A360,安徽工业大学,2,68258
2024,1,1D,土木工程,A360,安徽工业大学,5,233747
2024,1,1F,英语,A360,安徽工业大学,4,120329
2024,1,1J,微电子科学与工程,A360,安徽工业大学,2,66047
2024,1,1K,无机非金属材料工程,A360,安徽工业大学,3,128417
2024,1,1L,物联网工程,A360,安徽工业大学,2,67588
2024,1,1N,新能源科学与工程,A360,安徽工业大学,2,83183
2024,1,1P,冶金工程,A360,安徽工业大学,6,173390
2024,1,1Q,应用化学,A360,安徽工业大学,2,122985
2024,1,1S,资源循环科学与工程,A360,安徽工业大学,3,271164
2024,1,1T,自动化,A360,安徽工业大学,2,61500
2024,1,24,智能建造,A360,安徽工业大学,4,138660
2024,1,25,新能源汽车工程,A360,安徽工业大学,2,80177
2024,1,26,新能源材料与器件,A360,安徽工业大学,2,88618
2024,1,27,储能科学与工程,A360,安徽工业大学,2,85603
2024,1,01,金融学,A361,安徽理工大学,5,79375
2024,1,02,英语,A361,安徽理工大学,6,97608
2024,1,03,网络与新媒体,A361,安徽理工大学,6,68188
2024,1,04,数学与应用数学,A361,安徽理工大学,4,79931
2024,1,05,信息与计算科学,A361,安徽理工大学,2,67651
2024,1,06,应用物理学,A361,安徽理工大学,8,109148
2024,1,07,应用化学,A361,安徽理工大学,6,133497
2024,1,08,应用统计学,A361,安徽理工大学,8,86971
2024,1,09,工程力学,A361,安徽理工大学,8,130361
2024,1,0A,机械设计制造及其自动化,A361,安徽理工大学,8,72361
2024,1,0C,工业设计,A361,安徽理工大学,6,96175
2024,1,0D,过程装备与控制工程,A361,安徽理工大学,6,125414
2024,1,0E,车辆工程,A361,安徽理工大学,8,85527
2024,1,0F,智能制造工程,A361,安徽理工大学,8,84294
2024,1,0H,测控技术与仪器,A361,安徽理工大学,6,95258
2024,1,0J,无机非金属材料工程,A361,安徽理工大学,8,154169
2024,1,0K,高分子材料与工程,A361,安徽理工大学,8,126177
2024,1,0L,智能材料与结构,A361,安徽理工大学,8,143388
2024,1,0M,新能源科学与工程,A361,安徽理工大学,4,88885
2024,1,0N,储能科学与工程,A361,安徽理工大学,3,85413
2024,1,0P,电气工程及其自动化,A361,安徽理工大学,2,49945
2024,1,0S,光电信息科学与工程,A361,安徽理工大学,8,78360
2024,1,0U,自动化,A361,安徽理工大学,2,52538
2024,1,0V,机器人工程,A361,安徽理工大学,8,70072
2024,1,0W,计算机科学与技术,A361,安徽理工大学,2,42515
2024,1,0X,软件工程,A361,安徽理工大学,2,45189
2024,1,0Z,物联网工程,A361,安徽理工大学,2,53575
2024,1,10,数字媒体技术,A361,安徽理工大学,2,48545
2024,1,11,智能科学与技术,A361,安徽理工大学,8,69798
2024,1,12,数据科学与大数据技术,A361,安徽理工大学,4,63706
2024,1,13,区块链工程,A361,安徽理工大学,2,71957
2024,1,14,土木工程,A361,安徽理工大学,10,238417
2024,1,15,建筑环境与能源应用工程,A361,安徽理工大学,6,162001
2024,1,16,智能建造,A361,安徽理工大学,8,150879
2024,1,17,水文与水资源工程,A361,安徽理工大学,6,151556
2024,1,18,测绘工程,A361,安徽理工大学,6,137103
2024,1,19,遥感科学与技术,A361,安徽理工大学,8,107153
2024,1,1A,导航工程,A361,安徽理工大学,8,126500
2024,1,1B,化学工程与工艺,A361,安徽理工大学,6,124219
2024,1,1C,制药工程,A361,安徽理工大学,6,116013
2024,1,1D,地质工程,A361,安徽理工大学,8,164632
2024,1,1F,矿物加工工程,A361,安徽理工大学,8,190517
2024,1,1G,智能采矿工程,A361,安徽理工大学,8,165961
2024,1,1H,交通工程,A361,安徽理工大学,6,114470
2024,1,1J,弹药工程与爆炸技术,A361,安徽理工大学,8,75276
2024,1,1K,环境工程,A361,安徽理工大学,6,176229
2024,1,1L,建筑学,A361,安徽理工大学,8,138823
2024,1,1M,安全工程,A361,安徽理工大学,10,128051
2024,1,1N,应急技术与管理,A361,安徽理工大学,8,152558
2024,1,1P,职业卫生工程,A361,安徽理工大学,4,159387
2024,1,1Q,消防工程,A361,安徽理工大学,4,149726
2024,1,1R,临床医学,A361,安徽理工大学,4,44506
2024,1,1S,预防医学,A361,安徽理工大学,5,132392
2024,1,1T,药学,A361,安徽理工大学,2,93769
2024,1,1U,医学检验技术,A361,安徽理工大学,2,108958
2024,1,1V,工程造价,A361,安徽理工大学,6,105501
2024,1,1X,人力资源管理,A361,安徽理工大学,8,104407
2024,1,1Y,电子商务,A361,安徽理工大学,6,129667
2024,1,20,人工智能,A361,安徽理工大学,6,65104
2024,1,22,机械电子工程(中外合作办学),A361,安徽理工大学,6,154184
2024,1,0D,高分子材料与工程,A363,安徽工程大学,5,170512
2024,1,0E,材料科学与工程,A363,安徽工程大学,5,173559
2024,1,0G,材料成型及控制工程,A363,安徽工程大学,5,145039
2024,1,0H,纺织工程,A363,安徽工程大学,9,209733
2024,1,0R,生物工程,A363,安徽工程大学,5,185111
2024,1,0S,应用化学,A363,安徽工程大学,5,166500
2024,1,0U,生物制药,A363,安徽工程大学,3,147550
2024,1,0V,食品科学与工程,A363,安徽工程大学,5,163551
2024,1,0W,土木工程,A363,安徽工程大学,6,236870
2024,1,01,农学,A364,安徽农业大学,5,99632
2024,1,02,生物育种科学,A364,安徽农业大学,4,135094
2024,1,03,植物保护,A364,安徽农业大学,4,124236
2024,1,04,智慧农业,A364,安徽农业大学,2,107208
2024,1,05,园艺,A364,安徽农业大学,5,172225
2024,1,07,木材科学与工程,A364,安徽农业大学,3,213864
2024,1,08,城乡规划,A364,安徽农业大学,3,106306
2024,1,09,林学,A364,安徽农业大学,4,150005
2024,1,0A,园林,A364,安徽农业大学,5,114231
2024,1,0B,动物科学,A364,安徽农业大学,5,145273
2024,1,0F,食品科学与工程,A364,安徽农业大学,4,106887
2024,1,0G,茶学,A364,安徽农业大学,2,114952
2024,1,0H,食品卫生与营养学,A364,安徽农业大学,3,202976
2024,1,0J,数据科学与大数据技术,A364,安徽农业大学,2,73760
2024,1,0K,应用化学,A364,安徽农业大学,3,127930
2024,1,0L,应用统计学,A364,安徽农业大学,2,84990
2024,1,0M,生物科学类,A364,安徽农业大学,6,102773
2024,1,0N,生物制药,A364,安徽农业大学,4,107817
2024,1,0R,环境科学与工程类,A364,安徽农业大学,5,183252
2024,1,0S,农业资源与环境,A364,安徽农业大学,5,188163
2024,1,0T,机械设计制造及其自动化,A364,安徽农业大学,2,85190
2024,1,0U,车辆工程,A364,安徽农业大学,3,107465
2024,1,0X,农业机械化及其自动化,A364,安徽农业大学,3,111286
2024,1,0Z,智能制造工程,A364,安徽农业大学,2,92188
2024,1,14,电子信息类,A364,安徽农业大学,2,72501
2024,1,15,计算机科学与技术,A364,安徽农业大学,2,65181
2024,1,16,智能科学与技术,A364,安徽农业大学,2,77528
2024,1,18,网络空间安全,A364,安徽农业大学,3,77225
2024,1,1A,会计学,A364,安徽农业大学,3,61461
2024,1,1C,经济学,A364,安徽农业大学,2,74207
2024,1,1D,金融学,A364,安徽农业大学,2,69653
2024,1,1G,农林经济管理,A364,安徽农业大学,2,86314
2024,1,1J,电子商务,A364,安徽农业大学,2,100701
2024,1,1K,法学,A364,安徽农业大学,2,45709
2024,1,1N,应用心理学,A364,安徽农业大学,2,85855
2024,1,1P,英语,A364,安徽农业大学,2,76783
2024,1,1T,国际经济与贸易,A364,安徽农业大学,2,82837
2024,1,01,法学,A366,安徽医科大学,1,41575
2024,1,02,知识产权,A366,安徽医科大学,1,42243
2024,1,03,运动康复,A366,安徽医科大学,1,32723
2024,1,0A,生物医学工程,A366,安徽医科大学,2,32205
2024,1,0D,临床医学,A366,安徽医科大学,4,17877
2024,1,0F,医学影像学,A366,安徽医科大学,1,26446
2024,1,0L,口腔医学,A366,安徽医科大学,2,15851
2024,1,12,助产学,A366,安徽医科大学,2,77585
2024,1,1E,健康服务与管理(中外合作办学),A366,安徽医科大学,2,118882
2024,1,05,制药工程,A367,蚌埠医科大学,5,180760
2024,1,0G,药学,A367,蚌埠医科大学,5,175721
2024,1,0U,临床医学,A367,蚌埠医科大学,5,53635
2024,1,05,中医学,A369,安徽中医药大学,7,63504
2024,1,06,针灸推拿学,A369,安徽中医药大学,2,82060
2024,1,09,中医康复学,A369,安徽中医药大学,2,104875
2024,1,10,中西医临床医学,A369,安徽中医药大学,6,97730
2024,1,11,医学检验技术,A369,安徽中医药大学,2,106457
2024,1,13,中药学,A369,安徽中医药大学,3,104613
2024,1,16,生物制药,A369,安徽中医药大学,2,119157
2024,1,18,医学信息工程,A369,安徽中医药大学,2,130130
2024,1,21,数据科学与大数据技术,A369,安徽中医药大学,3,126420
2024,1,28,医疗保险,A369,安徽中医药大学,1,125339
2024,1,31,护理学,A369,安徽中医药大学,5,117945
2024,1,32,汉语国际教育,A369,安徽中医药大学,2,107198
2024,1,01,汉语言文学(师范类),A370,安徽师范大学,4,34960
2024,1,02,汉语国际教育,A370,安徽师范大学,2,48454
2024,1,03,秘书学,A370,安徽师范大学,2,63032
2024,1,04,思想政治教育(师范类),A370,安徽师范大学,2,40724
2024,1,06,法学,A370,安徽师范大学,2,34822
2024,1,07,社会工作,A370,安徽师范大学,2,73282
2024,1,09,经济学,A370,安徽师范大学,2,56620
2024,1,10,数字经济,A370,安徽师范大学,3,109692
2024,1,11,金融工程,A370,安徽师范大学,2,91482
2024,1,12,会计学,A370,安徽师范大学,2,49855
2024,1,13,财务管理,A370,安徽师范大学,2,52508
2024,1,14,人力资源管理,A370,安徽师范大学,3,69025
2024,1,15,供应链管理,A370,安徽师范大学,2,82180
2024,1,16,历史学(师范类),A370,安徽师范大学,2,44531
2024,1,17,世界史,A370,安徽师范大学,2,52893
2024,1,18,教育学(师范类),A370,安徽师范大学,2,50212
2024,1,19,教育技术学(师范类),A370,安徽师范大学,3,100726
2024,1,20,学前教育(师范类),A370,安徽师范大学,2,70107
2024,1,22,心理学(师范类),A370,安徽师范大学,2,57127
2024,1,24,俄语,A370,安徽师范大学,2,79340
2024,1,25,法语,A370,安徽师范大学,2,89706
2024,1,26,日语,A370,安徽师范大学,2,98823
2024,1,27,葡萄牙语,A370,安徽师范大学,2,95124
2024,1,28,数学与应用数学(师范类),A370,安徽师范大学,2,51666
2024,1,29,统计学,A370,安徽师范大学,2,66917
2024,1,30,人工智能,A370,安徽师范大学,2,56367
2024,1,31,计算机科学与技术,A370,安徽师范大学,2,48770
2024,1,32,软件工程,A370,安徽师范大学,2,49111
2024,1,33,物联网工程,A370,安徽师范大学,2,66613
2024,1,34,数据科学与大数据技术,A370,安徽师范大学,2,57254
2024,1,35,网络空间安全,A370,安徽师范大学,2,54407
2024,1,36,物理学(师范类),A370,安徽师范大学,2,56210
2024,1,37,电子信息工程,A370,安徽师范大学,2,53245
2024,1,38,通信工程,A370,安徽师范大学,2,56756
2024,1,39,光电信息科学与工程,A370,安徽师范大学,2,54932
2024,1,40,自动化,A370,安徽师范大学,2,58312
2024,1,41,化学(师范类),A370,安徽师范大学,2,70527
2024,1,42,应用化学,A370,安徽师范大学,2,75738
2024,1,43,新能源材料与器件,A370,安徽师范大学,3,116813
2024,1,44,化学工程与工艺,A370,安徽师范大学,3,78804
2024,1,45,地理科学(师范类),A370,安徽师范大学,2,47127
2024,1,46,地理信息科学,A370,安徽师范大学,2,55959
2024,1,48,土地资源管理,A370,安徽师范大学,2,78612
2024,1,49,旅游管理,A370,安徽师范大学,3,101802
2024,1,50,生物科学(师范类),A370,安徽师范大学,2,62353
2024,1,51,生物技术,A370,安徽师范大学,3,84064
2024,1,52,食品科学与工程,A370,安徽师范大学,2,135716
2024,1,53,生物制药,A370,安徽师范大学,3,133469
2024,1,54,生态学,A370,安徽师范大学,3,169018
2024,1,55,环境工程,A370,安徽师范大学,3,164544
2024,1,56,环境科学,A370,安徽师范大学,3,163954
2024,1,57,新闻学,A370,安徽师范大学,2,63896
2024,1,58,广告学,A370,安徽师范大学,2,60394
2024,1,59,网络与新媒体,A370,安徽师范大学,2,56423
2024,1,09,电子信息科学与技术,A371,阜阳师范大学,3,150723
2024,1,32,地理科学(师范类),A371,阜阳师范大学,2,104542
2024,1,39,应用化学,A371,阜阳师范大学,3,192633
2024,1,56,思想政治教育(师范类),A371,阜阳师范大学,2,85437
2024,1,0A,外国语言文学类,A372,安庆师范大学,9,115749
2024,1,0H,物流管理,A372,安庆师范大学,5,146518
2024,1,0U,数学类,A372,安庆师范大学,5,158629
2024,1,10,电子信息类,A372,安庆师范大学,10,149693
2024,1,1P,法学,A372,安庆师范大学,5,80630
2024,1,04,经济学,A373,淮北师范大学,1,67967
2024,1,05,会计学,A373,淮北师范大学,1,63050
2024,1,06,人力资源管理,A373,淮北师范大学,1,81213
2024,1,07,旅游管理,A373,淮北师范大学,1,113296
2024,1,08,英语(师范类),A373,淮北师范大学,1,73317
2024,1,09,日语,A373,淮北师范大学,1,112258
2024,1,11,商务英语,A373,淮北师范大学,1,105809
2024,1,13,文化遗产,A373,淮北师范大学,1,91922
2024,1,15,物流管理,A373,淮北师范大学,1,108977
2024,1,17,电子商务,A373,淮北师范大学,1,106626
2024,1,18,法学,A373,淮北师范大学,1,52439
2024,1,19,思想政治教育(师范类),A373,淮北师范大学,1,46091
2024,1,20,汉语言文学(师范类),A373,淮北师范大学,2,47785
2024,1,21,汉语国际教育(师范类),A373,淮北师范大学,1,60243
2024,1,22,新闻学,A373,淮北师范大学,1,71748
2024,1,25,数学与应用数学(师范类),A373,淮北师范大学,2,104771
2024,1,26,统计学,A373,淮北师范大学,1,88595
2024,1,32,物理学(师范类),A373,淮北师范大学,1,123224
2024,1,38,化学(师范类),A373,淮北师范大学,1,125136
2024,1,39,应用化学,A373,淮北师范大学,1,141365
2024,1,41,生物科学(师范类),A373,淮北师范大学,1,71723
2024,1,43,环境科学,A373,淮北师范大学,1,230207
2024,1,46,应用心理学(师范类),A373,淮北师范大学,1,101770
2024,1,01,国际经济与贸易,A375,黄山学院,10,174872
2024,1,09,日语,A375,黄山学院,10,177402
2024,1,0V,土木工程,A375,黄山学院,5,266159
2024,1,10,烹饪与营养教育,A375,黄山学院,5,271711
2024,1,12,城乡规划,A375,黄山学院,4,178556
2024,1,19,旅游管理,A375,黄山学院,6,181169
2024,1,02,新闻学,A377,滁州学院,1,128875
2024,1,03,网络与新媒体,A377,滁州学院,1,138563
2024,1,29,旅游管理,A377,滁州学院,1,155822
2024,1,41,工商管理,A377,滁州学院,1,121958
2024,1,43,国际经济与贸易,A377,滁州学院,1,132615
2024,1,44,财务管理,A377,滁州学院,1,105603
2024,1,45,审计学,A377,滁州学院,1,103890
2024,1,47,英语,A377,滁州学院,1,131082
2024,1,49,商务英语,A377,滁州学院,1,142432
2024,1,51,学前教育(师范类),A377,滁州学院,1,146687
2024,1,01,经济学类,A378,安徽财经大学,3,65610
2024,1,02,数字经济,A378,安徽财经大学,5,102078
2024,1,03,金融学类,A378,安徽财经大学,6,71821
2024,1,05,金融学,A378,安徽财经大学,7,62573
2024,1,06,经济与贸易类,A378,安徽财经大学,6,77275
2024,1,07,国际商务,A378,安徽财经大学,3,96688
2024,1,08,工商管理类,A378,安徽财经大学,4,81328
2024,1,09,物流管理,A378,安徽财经大学,3,88877
2024,1,10,电子商务,A378,安徽财经大学,3,95156
2024,1,11,旅游管理,A378,安徽财经大学,4,122194
2024,1,12,供应链管理,A378,安徽财经大学,2,93202
2024,1,13,计算机类,A378,安徽财经大学,4,67106
2024,1,14,管理科学与工程类,A378,安徽财经大学,5,105422
2024,1,15,电子信息类,A378,安徽财经大学,5,75713
2024,1,16,会计学,A378,安徽财经大学,2,40634
2024,1,17,财务管理,A378,安徽财经大学,2,45878
2024,1,18,审计学,A378,安徽财经大学,3,44913
2024,1,19,资产评估,A378,安徽财经大学,3,61356
2024,1,20,财政学类,A378,安徽财经大学,4,53942
2024,1,21,公共管理类,A378,安徽财经大学,6,98188
2024,1,22,法学,A378,安徽财经大学,6,44893
2024,1,23,经济统计学,A378,安徽财经大学,2,72048
2024,1,25,数学与应用数学,A378,安徽财经大学,2,76571
2024,1,26,数据科学与大数据技术,A378,安徽财经大学,7,75541
2024,1,27,商务英语,A378,安徽财经大学,2,75549
2024,1,28,日语,A378,安徽财经大学,6,128362
2024,1,30,应用统计学(中外合作办学),A378,安徽财经大学,2,132048
2024,1,08,化学工程与工艺,A379,宿州学院,6,256626
2024,1,09,过程装备与控制工程,A379,宿州学院,6,240170
2024,1,11,地理科学(师范类),A379,宿州学院,5,144667
2024,1,14,环境工程,A379,宿州学院,5,261120
2024,1,33,食品科学与工程,A379,宿州学院,5,260826
2024,1,45,汉语言文学(师范类),A379,宿州学院,4,124856
2024,1,48,计算机科学与技术,A379,宿州学院,4,196266
2024,1,59,地质工程,A379,宿州学院,5,268579
2024,1,01,金融工程,A380,巢湖学院,5,187824
2024,1,0G,电子商务,A380,巢湖学院,5,169230
2024,1,0N,旅游管理,A380,巢湖学院,5,182678
2024,1,1B,化学工程与工艺,A380,巢湖学院,10,244408
2024,1,1D,应用化学,A380,巢湖学院,10,261928
2024,1,1E,生物工程,A380,巢湖学院,5,244699
2024,1,1F,生物制药,A380,巢湖学院,5,241303
2024,1,02,金融工程,A381,淮南师范学院,3,183030
2024,1,04,法学,A381,淮南师范学院,5,119933
2024,1,06,思想政治教育(师范类),A381,淮南师范学院,5,133073
2024,1,07,学前教育(师范类),A381,淮南师范学院,3,163665
2024,1,11,汉语言文学(师范类),A381,淮南师范学院,5,115111
2024,1,12,英语(师范类),A381,淮南师范学院,6,149070
2024,1,13,商务英语,A381,淮南师范学院,5,167706
2024,1,14,新闻学,A381,淮南师范学院,5,158307
2024,1,15,广告学,A381,淮南师范学院,5,166438
2024,1,16,数学与应用数学(师范类),A381,淮南师范学院,3,269454
2024,1,17,物理学(师范类),A381,淮南师范学院,2,220888
2024,1,18,化学(师范类),A381,淮南师范学院,3,233426
2024,1,19,生物科学(师范类),A381,淮南师范学院,3,259200
2024,1,22,高分子材料与工程,A381,淮南师范学院,3,223905
2024,1,23,新能源材料与器件,A381,淮南师范学院,5,243774
2024,1,37,化学工程与工艺,A381,淮南师范学院,3,234385
2024,1,38,食品质量与安全,A381,淮南师范学院,3,181869
2024,1,42,大数据管理与应用,A381,淮南师范学院,3,150577
2024,1,43,会计学,A383,铜陵学院,5,128691
2024,1,56,土木工程,A383,铜陵学院,5,255340
2024,1,01,人文科学试验班,A384,厦门大学,3,6630
2024,1,02,新闻传播学类,A384,厦门大学,2,6354
2024,1,05,法学类,A384,厦门大学,4,4024
2024,1,06,公共管理类,A384,厦门大学,2,8837
2024,1,08,金融工程,A384,厦门大学,3,6125
2024,1,09,经济学类,A384,厦门大学,17,6444
2024,1,10,统计学类,A384,厦门大学,4,2933
2024,1,11,数据科学与大数据技术,A384,厦门大学,2,3398
2024,1,12,会计学(会计、财务、审计),A384,厦门大学,7,4502
2024,1,13,工商管理类,A384,厦门大学,4,8422
2024,1,14,管理科学与工程类,A384,厦门大学,4,11549
2024,1,15,数学类,A384,厦门大学,5,4019
2024,1,16,物理学类,A384,厦门大学,5,5398
2024,1,17,化学类,A384,厦门大学,6,5603
2024,1,18,工科试验班(化工与材料类),A384,厦门大学,10,6824
2024,1,23,能源动力类,A384,厦门大学,3,4770
2024,1,24,计算机类,A384,厦门大学,20,4373
2024,1,26,电子信息类,A384,厦门大学,14,4415
2024,1,27,工科试验班(航空航天),A384,厦门大学,19,5383
2024,1,28,建筑类,A384,厦门大学,2,8603
2024,1,31,理科试验班(海洋与生态环境类),A384,厦门大学,12,7598
2024,1,32,理科试验班(生命科学与药学类),A384,厦门大学,13,6191
2024,1,33,理科试验班(应用医学类),A384,厦门大学,8,6866
2024,1,M0,汉语言文学(厦门大学马来西亚分校招生专业),A384,厦门大学,2,23802
2024,1,M1,新闻学(厦门大学马来西亚分校招生专业),A384,厦门大学,3,24030
2024,1,M2,金融学(厦门大学马来西亚分校招生专业),A384,厦门大学,2,22329
2024,1,M3,会计学(厦门大学马来西亚分校招生专业),A384,厦门大学,2,19092
2024,1,M5,化学工程与工艺(厦门大学马来西亚分校招生专业),A384,厦门大学,2,31984
2024,1,M6,海洋技术(厦门大学马来西亚分校招生专业),A384,厦门大学,2,34587
2024,1,M9,计算机科学与技术(厦门大学马来西亚分校招生专业),A384,厦门大学,4,19029
2024,1,MA,软件工程(厦门大学马来西亚分校招生专业),A384,厦门大学,4,29410
2024,1,MB,电子信息工程(厦门大学马来西亚分校招生专业),A384,厦门大学,5,27887
2024,1,MD,数学与应用数学(厦门大学马来西亚分校招生专业),A384,厦门大学,2,30300
2024,1,ME,广告学(厦门大学马来西亚分校招生专业),A384,厦门大学,2,25719
2024,1,MF,海洋科学(厦门大学马来西亚分校招生专业),A384,厦门大学,1,28087
2024,1,MG,英语(厦门大学马来西亚分校招生专业),A384,厦门大学,2,26577
2024,1,MH,物理学(厦门大学马来西亚分校招生专业),A384,厦门大学,2,31967
2024,1,MJ,人工智能(厦门大学马来西亚分校招生专业),A384,厦门大学,4,29513
2024,1,ML,数据科学与大数据技术(厦门大学马来西亚分校招生专业),A384,厦门大学,4,30995
2024,1,MM,网络空间安全(厦门大学马来西亚分校招生专业),A384,厦门大学,4,31271
2024,1,01,哲学(含中西人文综合试验班、中华文化学试验班),A385,华侨大学,3,52245
2024,1,02,国际事务与国际关系,A385,华侨大学,2,43081
2024,1,04,汉语国际教育,A385,华侨大学,5,53786
2024,1,07,广播电视学(含新媒体视听传播、数字营销2个方向),A385,华侨大学,2,52741
2024,1,09,机械工程,A385,华侨大学,3,41860
2024,1,10,工业设计,A385,华侨大学,2,55007
2024,1,11,车辆工程,A385,华侨大学,2,47522
2024,1,12,智能制造工程,A385,华侨大学,5,47991
2024,1,15,高分子材料与工程,A385,华侨大学,2,59493
2024,1,16,应用物理学(拔尖人才试点班),A385,华侨大学,3,53930
2024,1,17,电气工程及其自动化,A385,华侨大学,6,34231
2024,1,18,电子科学与技术,A385,华侨大学,3,37700
2024,1,19,通信工程,A385,华侨大学,3,37198
2024,1,20,集成电路设计与集成系统,A385,华侨大学,2,37661
2024,1,21,计算机科学与技术,A385,华侨大学,4,32169
2024,1,22,软件工程,A385,华侨大学,2,33783
2024,1,23,信息安全,A385,华侨大学,2,35083
2024,1,24,人工智能,A385,华侨大学,2,37201
2024,1,25,土木工程(智能结构与城市更新方向),A385,华侨大学,5,116889
2024,1,26,城市地下空间工程(智慧建造与城市运维方向),A385,华侨大学,2,100390
2024,1,27,工程管理,A385,华侨大学,3,82489
2024,1,28,给排水科学与工程(城镇智能水系统方向),A385,华侨大学,3,118098
2024,1,29,化学工程与工艺(含碳核算方向),A385,华侨大学,5,64857
2024,1,30,制药工程,A385,华侨大学,3,66409
2024,1,31,环境工程,A385,华侨大学,2,90599
2024,1,32,生物工程,A385,华侨大学,2,69755
2024,1,33,建筑学,A385,华侨大学,2,64854
2024,1,34,城乡规划,A385,华侨大学,3,66749
2024,1,35,风景园林,A385,华侨大学,5,78163
2024,1,36,经济学,A385,华侨大学,2,45810
2024,1,37,国际经济与贸易,A385,华侨大学,5,60245
2024,1,38,电子商务,A385,华侨大学,2,62512
2024,1,39,金融学,A385,华侨大学,4,43615
2024,1,40,法学,A385,华侨大学,6,29021
2024,1,41,汉语言文学,A385,华侨大学,3,34670
2024,1,42,应用语言学,A385,华侨大学,2,60079
2024,1,43,英语,A385,华侨大学,3,58496
2024,1,45,翻译,A385,华侨大学,2,62958
2024,1,46,数学与应用数学(金融统计方向和数据分析方向),A385,华侨大学,6,54706
2024,1,47,光电信息科学与工程,A385,华侨大学,3,40640
2024,1,48,物联网工程,A385,华侨大学,3,38720
2024,1,49,数据科学与大数据技术,A385,华侨大学,3,38407
2024,1,50,药学(生物与医药方向),A385,华侨大学,2,54072
2024,1,51,临床医学,A385,华侨大学,5,37174
2024,1,52,信息管理与信息系统,A385,华侨大学,3,62177
2024,1,53,财务管理,A385,华侨大学,2,39456
2024,1,57,行政管理(数字政府治理、社会福利、公共危机管理方向),A385,华侨大学,2,57806
2024,1,59,酒店管理(数智酒店与运营管理方向),A385,华侨大学,4,92572
2024,1,60,会展经济与管理(数智会展与策划管理方向),A385,华侨大学,2,75129
2024,1,61,经济学类(中美121双学位班，可接轨CFA金融分析师),A385,华侨大学,5,69555
2024,1,62,工商管理类(中美121双学位班，可接轨ACCA国际注会),A385,华侨大学,5,64191
2024,1,63,国际商务(全英文教学),A385,华侨大学,4,73379
2024,1,01,电气工程及其自动化,A386,福州大学,3,15148
2024,1,05,机械设计制造及其自动化,A386,福州大学,3,21009
2024,1,10,经济统计学,A386,福州大学,4,26274
2024,1,14,土木工程,A386,福州大学,4,46858
2024,1,30,会计学,A386,福州大学,4,20369
2024,1,38,生物工程,A386,福州大学,4,30183
2024,1,40,英语,A386,福州大学,3,29297
2024,1,46,人工智能,A386,福州大学,3,19057
2024,1,47,软件工程,A386,福州大学,3,16923
2024,1,49,电子信息类,A386,福州大学,4,17539
2024,1,57,化学,A386,福州大学,3,25931
2024,1,69,法学,A386,福州大学,4,17165
2024,1,91,自动化(中外合作办学),A386,福州大学,5,33638
2024,1,92,软件工程(中外合作办学),A386,福州大学,3,31403
2024,1,93,数字媒体技术(中外合作办学),A386,福州大学,4,34382
2024,1,94,电子信息工程(中外合作办学),A386,福州大学,4,29672
2024,1,03,材料成型及控制工程,A388,福建理工大学,4,166486
2024,1,12,软件工程,A388,福建理工大学,3,113208
2024,1,16,土木工程,A388,福建理工大学,8,228632
2024,1,20,建筑学,A388,福建理工大学,3,133671
2024,1,24,给排水科学与工程,A388,福建理工大学,4,188325
2024,1,25,环境工程,A388,福建理工大学,10,224956
2024,1,26,建筑环境与能源应用工程,A388,福建理工大学,9,221579
2024,1,28,工程管理,A388,福建理工大学,5,152345
2024,1,29,工程造价,A388,福建理工大学,2,131235
2024,1,43,工业工程,A388,福建理工大学,3,136554
2024,1,67,智慧海洋技术,A388,福建理工大学,4,161725
2024,1,68,海洋机器人,A388,福建理工大学,2,123842
2024,1,11,种子科学与工程,A389,福建农林大学,2,129252
2024,1,12,农学,A389,福建农林大学,10,101579
2024,1,13,植物科学与技术,A389,福建农林大学,7,176845
2024,1,14,智慧林业,A389,福建农林大学,4,174400
2024,1,15,植物保护,A389,福建农林大学,10,159303
2024,1,16,制药工程,A389,福建农林大学,4,129103
2024,1,17,生物制药,A389,福建农林大学,4,143820
2024,1,18,生物育种科学,A389,福建农林大学,4,146286
2024,1,19,园艺,A389,福建农林大学,11,273533
2024,1,20,智慧农业,A389,福建农林大学,13,147561
2024,1,31,生物信息学,A389,福建农林大学,7,92000
2024,1,34,水产养殖学,A389,福建农林大学,3,176383
2024,1,35,动物医学,A389,福建农林大学,14,88206
2024,1,36,动物科学,A389,福建农林大学,5,184436
2024,1,38,蜂学,A389,福建农林大学,3,232412
2024,1,41,农业资源与环境,A389,福建农林大学,6,191135
2024,1,44,环境工程,A389,福建农林大学,5,255984
2024,1,47,食品质量与安全,A389,福建农林大学,6,145763
2024,1,48,食品科学与工程,A389,福建农林大学,13,129437
2024,1,50,新能源科学与工程,A389,福建农林大学,3,88577
2024,1,52,轻化工程,A389,福建农林大学,5,185755
2024,1,53,木材科学与工程,A389,福建农林大学,2,183013
2024,1,65,车辆工程,A389,福建农林大学,4,112497
2024,1,95,风景园林,A389,福建农林大学,2,88094
2024,1,A1,智能建造,A389,福建农林大学,2,163924
2024,1,A3,食品营养与健康,A389,福建农林大学,3,159454
2024,1,A4,海洋科学,A389,福建农林大学,8,225935
2024,1,A7,海洋资源与环境,A389,福建农林大学,3,212213
2024,1,A9,中药资源与开发,A389,福建农林大学,4,184314
2024,1,C2,财务管理,A389,福建农林大学,6,85717
2024,1,C4,茶学,A389,福建农林大学,5,153021
2024,1,C5,数字经济,A389,福建农林大学,6,113443
2024,1,C7,网络工程,A389,福建农林大学,2,106474
2024,1,D2,林学类,A389,福建农林大学,14,318180
2024,1,D3,生物科学类,A389,福建农林大学,12,99838
2024,1,QM,风景园林(中外合作办学),A389,福建农林大学,9,188841
2024,1,QQ,农林经济管理(中外合作办学),A389,福建农林大学,9,146791
2024,1,01,交通运输,A390,集美大学,2,62435
2024,1,03,智慧交通,A390,集美大学,2,63403
2024,1,04,物流管理,A390,集美大学,3,74482
2024,1,07,轮机工程(陆上方向),A390,集美大学,2,66134
2024,1,09,船舶与海洋工程,A390,集美大学,3,67244
2024,1,10,动物科学,A390,集美大学,2,91944
2024,1,11,水产养殖学,A390,集美大学,3,145387
2024,1,12,海洋渔业科学与技术,A390,集美大学,3,114754
2024,1,13,水生动物医学,A390,集美大学,3,117053
2024,1,14,食品科学与工程,A390,集美大学,3,65115
2024,1,16,生物工程,A390,集美大学,2,64354
2024,1,21,经济学,A390,集美大学,2,41660
2024,1,22,数字经济,A390,集美大学,2,54563
2024,1,25,国际经济与贸易,A390,集美大学,2,44744
2024,1,28,学前教育(师范类),A390,集美大学,2,63658
2024,1,32,工商管理,A390,集美大学,2,49001
2024,1,36,旅游管理,A390,集美大学,2,68784
2024,1,48,电子信息工程,A390,集美大学,2,37324
2024,1,53,软件工程,A390,集美大学,2,38372
2024,1,56,机械设计制造及其自动化,A390,集美大学,2,49957
2024,1,57,机械电子工程,A390,集美大学,4,52157
2024,1,63,应用物理学,A390,集美大学,2,58051
2024,1,69,日语,A390,集美大学,3,69735
2024,1,70,翻译,A390,集美大学,3,74791
2024,1,75,戏剧影视文学,A390,集美大学,2,84588
2024,1,78,港口航道与海岸工程,A390,集美大学,3,85846
2024,1,01,临床医学(5+3一体化),A392,福建医科大学,2,14435
2024,1,03,临床医学,A392,福建医科大学,8,26591
2024,1,04,麻醉学,A392,福建医科大学,2,29304
2024,1,07,预防医学,A392,福建医科大学,2,53136
2024,1,08,口腔医学,A392,福建医科大学,2,17780
2024,1,09,基础医学,A392,福建医科大学,1,89336
2024,1,0A,药学,A392,福建医科大学,2,56047
2024,1,0B,临床药学,A392,福建医科大学,2,48617
2024,1,0E,卫生检验与检疫,A392,福建医科大学,1,79221
2024,1,0F,医学检验技术,A392,福建医科大学,1,63618
2024,1,0G,医学影像技术,A392,福建医科大学,1,61399
2024,1,0J,智能医学工程,A392,福建医科大学,2,79083
2024,1,02,中医学,A393,福建中医药大学,2,48717
2024,1,03,中医骨伤科学,A393,福建中医药大学,2,66535
2024,1,04,临床医学,A393,福建中医药大学,2,36048
2024,1,05,中西医临床医学,A393,福建中医药大学,1,54557
2024,1,07,针灸推拿学,A393,福建中医药大学,1,54286
2024,1,08,药学,A393,福建中医药大学,1,63973
2024,1,09,中药学,A393,福建中医药大学,1,78503
2024,1,0N,护理学(中外合作办学),A393,福建中医药大学,6,137924
2024,1,05,法学,A394,福建师范大学,5,33963
2024,1,07,广播电视编导,A394,福建师范大学,6,89133
2024,1,19,网络空间安全,A394,福建师范大学,5,54220
2024,1,31,地理科学类,A394,福建师范大学,5,50290
2024,1,SM,汉语言文学(师范类),A394,福建师范大学,6,35405
2024,1,H3,通信工程(中外合作办学)(中英合作办学),A394,福建师范大学,6,103091
2024,1,H4,学前教育(中外合作办学)(中美合作办学，师范类),A394,福建师范大学,7,139909
2024,1,H5,电子信息工程(中外合作办学)(中英合作办学),A394,福建师范大学,6,99621
2024,1,H6,计算机科学与技术(中外合作办学)(中英合作办学),A394,福建师范大学,6,85561
2024,1,01,会计学,A395,闽江学院,5,106312
2024,1,02,金融学,A395,闽江学院,5,144180
2024,1,03,工商管理,A395,闽江学院,2,121815
2024,1,05,财务管理,A395,闽江学院,2,110475
2024,1,09,旅游管理,A395,闽江学院,2,153573
2024,1,0F,网络与新媒体,A395,闽江学院,1,89756
2024,1,0S,法学,A395,闽江学院,2,82833
2024,1,0U,计算机科学与技术,A395,闽江学院,2,127944
2024,1,0V,信息安全(国家网络安全人才与创新基地实验班),A395,闽江学院,2,129304
2024,1,0X,数据科学与大数据技术,A395,闽江学院,2,143021
2024,1,02,食品质量与安全,A397,武夷学院,1,264962
2024,1,16,机械设计制造及其自动化,A397,武夷学院,1,183754
2024,1,21,化学工程与工艺,A397,武夷学院,1,174876
2024,1,25,土木工程,A397,武夷学院,1,257000
2024,1,26,建筑学,A397,武夷学院,1,144350
2024,1,27,工程造价,A397,武夷学院,1,183843
2024,1,32,人工智能,A397,武夷学院,1,164450
2024,1,35,汉语言文学,A397,武夷学院,1,104238
2024,1,36,网络与新媒体,A397,武夷学院,1,147128
2024,1,38,广播电视编导,A397,武夷学院,2,182189
2024,1,40,国际经济与贸易,A397,武夷学院,1,154544
2024,1,41,物流管理,A397,武夷学院,1,158815
2024,1,07,汉语言文学(师范类),A398,宁德师范学院,3,135549
2024,1,08,英语(师范类),A398,宁德师范学院,2,160270
2024,1,0A,网络与新媒体,A398,宁德师范学院,2,158429
2024,1,0B,数学与应用数学(师范类),A398,宁德师范学院,2,288017
2024,1,0C,物理学(师范类),A398,宁德师范学院,2,256737
2024,1,0D,化学(师范类),A398,宁德师范学院,2,273787
2024,1,0H,计算机科学与技术,A398,宁德师范学院,2,213321
2024,1,0J,车辆工程,A398,宁德师范学院,2,251234
2024,1,0K,材料化学,A398,宁德师范学院,3,265832
2024,1,0P,电子信息工程,A398,宁德师范学院,2,253801
2024,1,0Q,数据科学与大数据技术,A398,宁德师范学院,3,254325
2024,1,0U,食品科学与工程,A398,宁德师范学院,2,261427
2024,1,11,财务会计教育,A398,宁德师范学院,3,156037
2024,1,07,历史学(师范类),A399,泉州师范学院,2,120282
2024,1,08,数学与应用数学(师范类),A399,泉州师范学院,3,269023
2024,1,09,物理学(师范类),A399,泉州师范学院,4,317130
2024,1,10,化学(师范类),A399,泉州师范学院,2,261381
2024,1,11,地理科学(师范类),A399,泉州师范学院,4,127937
2024,1,14,金融工程,A399,泉州师范学院,3,163956
2024,1,15,国际经济与贸易,A399,泉州师范学院,1,135785
2024,1,18,英语,A399,泉州师范学院,2,150293
2024,1,21,广告学,A399,泉州师范学院,3,171041
2024,1,22,人文地理与城乡规划,A399,泉州师范学院,2,141221
2024,1,23,海洋技术,A399,泉州师范学院,2,228249
2024,1,26,机械设计制造及其自动化,A399,泉州师范学院,2,173014
2024,1,30,高分子材料与工程,A399,泉州师范学院,2,254377
2024,1,39,化学工程与工艺,A399,泉州师范学院,3,257256
2024,1,40,制药工程,A399,泉州师范学院,3,233810
2024,1,41,纺织工程,A399,泉州师范学院,5,257487
2024,1,45,环境科学,A399,泉州师范学院,2,282796
2024,1,46,食品科学与工程,A399,泉州师范学院,3,262664
2024,1,50,体育经济与管理,A399,泉州师范学院,1,171818
2024,1,52,电子商务,A399,泉州师范学院,2,165546
2024,1,05,商务英语,A402,闽南师范大学,5,146829
2024,1,08,日语,A402,闽南师范大学,2,142984
2024,1,0D,心理学(中美人才培养计划实验班),A402,闽南师范大学,3,200182
2024,1,0M,风景园林,A402,闽南师范大学,3,148301
2024,1,0N,广播电视编导,A402,闽南师范大学,2,144358
2024,1,10,旅游管理,A402,闽南师范大学,4,149660
2024,1,13,人力资源管理,A402,闽南师范大学,2,129583
2024,1,14,财务管理,A402,闽南师范大学,3,105440
2024,1,1F,数据计算及应用(中美人才培养计划实验班),A402,闽南师范大学,3,270870
2024,1,1J,电气工程及其自动化,A402,闽南师范大学,2,113888
2024,1,1Q,环境科学与工程,A402,闽南师范大学,5,223092
2024,1,1R,计算机科学与技术,A402,闽南师范大学,4,126330
2024,1,1S,计算机科学与技术(中外高水平大学学生交流计划),A402,闽南师范大学,3,232679
2024,1,1T,软件工程,A402,闽南师范大学,3,145892
2024,1,1U,网络工程,A402,闽南师范大学,3,143489
2024,1,2J,数学与应用数学(师范类),A402,闽南师范大学,2,117138
2024,1,2V,生物科学(师范类),A402,闽南师范大学,4,313014
2024,1,32,汉语言文学,A403,南昌大学,3,18015
2024,1,34,哲学,A403,南昌大学,3,29657
2024,1,36,广播电视学,A403,南昌大学,5,36295
2024,1,37,广告学,A403,南昌大学,3,31547
2024,1,39,英语(英日),A403,南昌大学,2,29871
2024,1,3B,日语,A403,南昌大学,3,37141
2024,1,3C,德语,A403,南昌大学,3,38784
2024,1,3E,俄语,A403,南昌大学,3,35575
2024,1,3F,法学,A403,南昌大学,4,18652
2024,1,41,行政管理,A403,南昌大学,2,30634
2024,1,46,信息管理与信息系统,A403,南昌大学,4,29412
2024,1,49,金融学,A403,南昌大学,3,22963
2024,1,4A,工商管理,A403,南昌大学,3,26601
2024,1,4D,会计学(国际会计师),A403,南昌大学,3,22064
2024,1,4E,工商管理(中法实验班),A403,南昌大学,2,32002
2024,1,50,会展经济与管理,A403,南昌大学,2,37571
2024,1,56,计算机科学与技术,A403,南昌大学,4,17090
2024,1,5A,材料科学与工程,A403,南昌大学,6,28668
2024,1,5D,应用化学,A403,南昌大学,2,29662
2024,1,5E,化学工程与工艺,A403,南昌大学,5,32080
2024,1,5F,制药工程,A403,南昌大学,4,30983
2024,1,60,生物科学,A403,南昌大学,5,29483
2024,1,62,生态学,A403,南昌大学,3,40609
2024,1,63,水产养殖学,A403,南昌大学,5,62082
2024,1,64,食品科学与工程,A403,南昌大学,7,34264
2024,1,65,食品质量与安全,A403,南昌大学,3,34284
2024,1,66,生物工程,A403,南昌大学,3,29831
2024,1,67,环境工程,A403,南昌大学,3,40019
2024,1,68,给排水科学与工程,A403,南昌大学,2,49670
2024,1,69,过程装备与控制工程,A403,南昌大学,3,28431
2024,1,6B,机械设计制造及其自动化,A403,南昌大学,5,23244
2024,1,6C,材料成型及控制工程,A403,南昌大学,2,27188
2024,1,6F,建筑学,A403,南昌大学,6,44811
2024,1,70,城乡规划,A403,南昌大学,2,34109
2024,1,72,土木工程,A403,南昌大学,3,53156
2024,1,73,建筑环境与能源应用工程,A403,南昌大学,2,47696
2024,1,75,工程力学,A403,南昌大学,5,29248
2024,1,76,电子信息工程,A403,南昌大学,3,19406
2024,1,78,电气工程及其自动化,A403,南昌大学,4,18319
2024,1,79,自动化,A403,南昌大学,3,20534
2024,1,7B,软件工程,A403,南昌大学,6,19646
2024,1,7D,基础医学,A403,南昌大学,3,37296
2024,1,7E,临床医学,A403,南昌大学,13,15241
2024,1,80,麻醉学,A403,南昌大学,5,16651
2024,1,82,眼视光医学,A403,南昌大学,6,19254
2024,1,83,口腔医学,A403,南昌大学,3,12937
2024,1,85,药学,A403,南昌大学,5,29584
2024,1,88,康复治疗学,A403,南昌大学,4,46691
2024,1,89,护理学,A403,南昌大学,5,35641
2024,1,8A,智能医学工程,A403,南昌大学,3,26525
2024,1,7F,临床医学(中外合作办学)(中英双学位合作办学),A403,南昌大学,56,41186
2024,1,01,土木工程,A404,华东交通大学,11,146325
2024,1,02,建筑环境与能源应用工程,A404,华东交通大学,2,107075
2024,1,03,给排水科学与工程,A404,华东交通大学,2,89948
2024,1,04,环境工程,A404,华东交通大学,2,138077
2024,1,05,建筑学,A404,华东交通大学,5,93014
2024,1,06,智能建造,A404,华东交通大学,3,109422
2024,1,08,机械设计制造及其自动化,A404,华东交通大学,4,52160
2024,1,09,机械电子工程,A404,华东交通大学,5,66405
2024,1,0A,车辆工程,A404,华东交通大学,8,66742
2024,1,0B,测控技术与仪器,A404,华东交通大学,5,79105
2024,1,0C,智能制造工程,A404,华东交通大学,5,69298
2024,1,0D,新能源汽车工程,A404,华东交通大学,2,63646
2024,1,0E,电气工程及其自动化,A404,华东交通大学,7,41224
2024,1,0F,自动化,A404,华东交通大学,4,46238
2024,1,0G,轨道交通信号与控制,A404,华东交通大学,4,51840
2024,1,0H,电子信息工程,A404,华东交通大学,4,47802
2024,1,0J,建筑电气与智能化,A404,华东交通大学,2,69719
2024,1,0K,交通运输,A404,华东交通大学,8,62098
2024,1,0L,交通工程,A404,华东交通大学,4,62883
2024,1,0M,铁道工程,A404,华东交通大学,4,70543
2024,1,0N,测绘工程,A404,华东交通大学,4,97622
2024,1,0P,物流管理,A404,华东交通大学,4,89863
2024,1,0Q,物流工程,A404,华东交通大学,4,97798
2024,1,0R,金融学,A404,华东交通大学,2,55326
2024,1,0S,国际经济与贸易,A404,华东交通大学,2,69497
2024,1,0T,会计学,A404,华东交通大学,2,43139
2024,1,0U,人力资源管理,A404,华东交通大学,2,58757
2024,1,0V,经济统计学,A404,华东交通大学,2,81715
2024,1,0W,数字经济,A404,华东交通大学,2,93897
2024,1,0X,信息与计算科学,A404,华东交通大学,4,72107
2024,1,0Y,光电信息科学与工程,A404,华东交通大学,4,56501
2024,1,0Z,英语,A404,华东交通大学,2,74558
2024,1,10,翻译,A404,华东交通大学,3,90566
2024,1,12,法学,A404,华东交通大学,2,39520
2024,1,13,公共事业管理,A404,华东交通大学,3,87531
2024,1,14,汉语言文学,A404,华东交通大学,2,44479
2024,1,15,知识产权,A404,华东交通大学,1,44518
2024,1,16,通信工程,A404,华东交通大学,5,47803
2024,1,17,人工智能,A404,华东交通大学,4,50707
2024,1,18,计算机科学与技术,A404,华东交通大学,4,44508
2024,1,19,物联网工程,A404,华东交通大学,2,48860
2024,1,1A,数据科学与大数据技术,A404,华东交通大学,3,49997
2024,1,1B,软件工程,A404,华东交通大学,2,47292
2024,1,1C,软件工程(道铁工程),A404,华东交通大学,1,49139
2024,1,1D,软件工程(桥梁工程),A404,华东交通大学,1,51950
2024,1,1E,软件工程(轨道信号),A404,华东交通大学,1,52546
2024,1,1F,软件工程(铁道运输工程),A404,华东交通大学,1,49418
2024,1,1G,材料成型及控制工程,A404,华东交通大学,4,104583
2024,1,1H,高分子材料与工程,A404,华东交通大学,7,114847
2024,1,1J,智能材料与结构,A404,华东交通大学,2,85726
2024,1,1K,会计学(国际会计),A404,华东交通大学,1,45905
2024,1,1L,会计学(ACCA),A404,华东交通大学,1,46398
2024,1,1M,会计学(CMA),A404,华东交通大学,1,50092
2024,1,1N,会计学(CIMA),A404,华东交通大学,1,48864
2024,1,1P,虚拟现实技术,A404,华东交通大学,2,56848
2024,1,B1,会计学(中外高水平大学学生交流计划),A404,华东交通大学,4,103847
2024,1,B2,计算机科学与技术(中外高水平大学学生交流计划),A404,华东交通大学,4,117140
2024,1,07,工程管理(中外合作办学),A404,华东交通大学,4,128297
2024,1,06,旅游地学与规划工程,A405,东华理工大学,5,228315
2024,1,07,地球化学(拔尖学生培养基地),A405,东华理工大学,4,160152
2024,1,08,地球信息科学与技术,A405,东华理工大学,8,165282
2024,1,09,城乡规划,A405,东华理工大学,6,129907
2024,1,0A,自然地理与资源环境(旅游地学方向),A405,东华理工大学,8,117023
2024,1,0B,资源勘查工程(中外高水平大学学生交流计划),A405,东华理工大学,3,277153
2024,1,0C,勘查技术与工程,A405,东华理工大学,8,182762
2024,1,0D,地球物理学(拔尖学生培养基地),A405,东华理工大学,4,144893
2024,1,0E,防灾减灾科学与工程,A405,东华理工大学,6,186999
2024,1,0F,测控技术与仪器,A405,东华理工大学,10,116927
2024,1,0G,智能地球探测,A405,东华理工大学,4,205694
2024,1,0H,水文与水资源工程,A405,东华理工大学,8,152228
2024,1,0J,环境工程,A405,东华理工大学,8,204920
2024,1,0K,给排水科学与工程,A405,东华理工大学,8,208007
2024,1,0L,地下水科学与工程,A405,东华理工大学,6,259235
2024,1,0M,测绘工程,A405,东华理工大学,5,173476
2024,1,0N,遥感科学与技术,A405,东华理工大学,6,156461
2024,1,0P,地理空间信息工程,A405,东华理工大学,5,190249
2024,1,0Q,土地资源管理,A405,东华理工大学,10,117015
2024,1,0R,应用化学,A405,东华理工大学,10,169399
2024,1,0T,材料科学与工程,A405,东华理工大学,10,169811
2024,1,0U,化学工程与工艺(中外高水平大学学生交流计划),A405,东华理工大学,3,244014
2024,1,0V,复合材料与工程,A405,东华理工大学,4,187837
2024,1,0W,核工程类,A405,东华理工大学,12,66212
2024,1,0X,核化工与核燃料工程,A405,东华理工大学,10,86602
2024,1,14,计算机科学与技术,A405,东华理工大学,7,62855
2024,1,19,网络工程,A405,东华理工大学,8,105554
2024,1,1A,软件工程(Web系统开发、大数据分析、移动软件开发),A405,东华理工大学,8,76600
2024,1,1B,数学与应用数学(含金融、软件设计方向),A405,东华理工大学,9,105112
2024,1,1D,物理学,A405,东华理工大学,8,155436
2024,1,1F,土木类,A405,东华理工大学,15,254333
2024,1,1L,统计学,A405,东华理工大学,8,123217
2024,1,1M,会计学(中外高水平大学学生交流计划),A405,东华理工大学,3,139515
2024,1,1N,汉语言文学(对外文化交流方向),A405,东华理工大学,5,81260
2024,1,1Q,法学,A405,东华理工大学,5,65655
2024,1,1R,广告学,A405,东华理工大学,6,114049
2024,1,1V,生物技术,A405,东华理工大学,6,161387
2024,1,24,机械工程(中外合作办学),A405,东华理工大学,6,160962
2024,1,25,软件工程(中外合作办学),A405,东华理工大学,5,120955
2024,1,11,金属材料工程,A406,南昌航空大学,8,118871
2024,1,12,复合材料与工程,A406,南昌航空大学,2,91888
2024,1,13,高分子材料与工程,A406,南昌航空大学,4,74177
2024,1,14,新能源科学与工程,A406,南昌航空大学,3,55851
2024,1,21,应用化学,A406,南昌航空大学,4,92688
2024,1,22,材料化学,A406,南昌航空大学,4,87340
2024,1,23,给排水科学与工程,A406,南昌航空大学,2,180944
2024,1,24,环境工程,A406,南昌航空大学,4,127854
2024,1,31,机械设计制造及其自动化,A406,南昌航空大学,4,49572
2024,1,32,飞行器制造工程,A406,南昌航空大学,3,42747
2024,1,33,材料成型及控制工程,A406,南昌航空大学,4,86903
2024,1,34,焊接技术与工程,A406,南昌航空大学,2,60770
2024,1,37,增材制造工程,A406,南昌航空大学,3,110651
2024,1,41,通信工程,A406,南昌航空大学,2,42356
2024,1,42,电气工程及其自动化,A406,南昌航空大学,2,44032
2024,1,43,电子信息工程,A406,南昌航空大学,6,46263
2024,1,44,自动化,A406,南昌航空大学,2,47512
2024,1,45,计算机科学与技术,A406,南昌航空大学,2,34652
2024,1,53,英语,A406,南昌航空大学,4,110047
2024,1,61,飞行器动力工程,A406,南昌航空大学,4,47865
2024,1,62,飞行器设计与工程,A406,南昌航空大学,2,39838
2024,1,7A,数学与应用数学,A406,南昌航空大学,2,59780
2024,1,81,测控技术与仪器,A406,南昌航空大学,5,53509
2024,1,82,电子科学与技术,A406,南昌航空大学,2,39274
2024,1,91,电子商务,A406,南昌航空大学,2,73784
2024,1,95,工业工程,A406,南昌航空大学,2,66176
2024,1,97,经济学,A406,南昌航空大学,2,61693
2024,1,A3,工程管理,A406,南昌航空大学,2,81517
2024,1,A5,智慧建筑与建造,A406,南昌航空大学,2,121226
2024,1,B5,新闻学,A406,南昌航空大学,2,62198
2024,1,C1,飞行器制造工程(航空维修工程与技术),A406,南昌航空大学,4,55402
2024,1,E7,无人驾驶航空器系统工程,A406,南昌航空大学,2,49169
2024,1,A1,材料科学与工程,A407,江西理工大学,3,110075
2024,1,B1,电气工程及其自动化,A407,江西理工大学,2,55805
2024,1,B2,电子科学与技术,A407,江西理工大学,2,72334
2024,1,B4,智能科学与技术,A407,江西理工大学,2,74226
2024,1,B5,自动化,A407,江西理工大学,2,65314
2024,1,C1,法学,A407,江西理工大学,2,55245
2024,1,D1,化学工程与工艺,A407,江西理工大学,2,139568
2024,1,E1,车辆工程,A407,江西理工大学,2,94166
2024,1,E2,机械电子工程,A407,江西理工大学,2,75771
2024,1,E3,机械工程,A407,江西理工大学,2,87364
2024,1,G1,工程造价,A407,江西理工大学,2,116649
2024,1,G2,工商管理,A407,江西理工大学,2,96398
2024,1,G4,会计学,A407,江西理工大学,2,64406
2024,1,G5,金融学,A407,江西理工大学,2,74694
2024,1,H1,电子信息科学与技术,A407,江西理工大学,2,68053
2024,1,H2,信息与计算科学,A407,江西理工大学,2,89009
2024,1,J1,材料成型及控制工程,A407,江西理工大学,2,133514
2024,1,J3,机器人工程,A407,江西理工大学,2,86203
2024,1,K1,软件工程(软件开发方向),A407,江西理工大学,2,66290
2024,1,K2,虚拟现实技术,A407,江西理工大学,2,79650
2024,1,K3,智能建造,A407,江西理工大学,2,164589
2024,1,L1,财务管理,A407,江西理工大学,2,66268
2024,1,L2,人力资源管理,A407,江西理工大学,2,94893
2024,1,L3,数字经济,A407,江西理工大学,2,100758
2024,1,N1,测绘工程,A407,江西理工大学,2,144101
2024,1,N2,地理信息科学,A407,江西理工大学,2,68904
2024,1,N3,给排水科学与工程,A407,江西理工大学,2,187848
2024,1,N4,建筑环境与能源应用工程,A407,江西理工大学,2,171490
2024,1,N5,土木工程,A407,江西理工大学,2,195834
2024,1,P1,汉语国际教育,A407,江西理工大学,2,93303
2024,1,P2,英语,A407,江西理工大学,2,103732
2024,1,P3,日语,A407,江西理工大学,3,137289
2024,1,S1,电子信息工程,A407,江西理工大学,2,67567
2024,1,S3,计算机科学与技术,A407,江西理工大学,2,49815
2024,1,T2,冶金工程,A407,江西理工大学,3,152480
2024,1,T3,新能源科学与工程,A407,江西理工大学,2,82906
2024,1,U1,安全工程,A407,江西理工大学,2,140598
2024,1,U2,应急管理,A407,江西理工大学,2,129372
2024,1,U3,行政管理,A407,江西理工大学,3,104218
2024,1,V1,地质工程,A407,江西理工大学,3,169436
2024,1,V2,采矿工程,A407,江西理工大学,2,164919
2024,1,V3,矿物加工工程,A407,江西理工大学,2,192924
2024,1,V4,环境工程,A407,江西理工大学,2,171720
2024,1,V5,生物工程,A407,江西理工大学,2,125973
2024,1,B3,电子科学与技术(中外合作办学),A407,江西理工大学,2,113628
2024,1,01,材料物理,A408,景德镇陶瓷大学,1,178034
2024,1,02,材料化学,A408,景德镇陶瓷大学,2,185629
2024,1,03,无机非金属材料工程,A408,景德镇陶瓷大学,2,176302
2024,1,04,粉体材料科学与工程,A408,景德镇陶瓷大学,1,186335
2024,1,05,新能源材料与器件,A408,景德镇陶瓷大学,1,152607
2024,1,06,能源与动力工程,A408,景德镇陶瓷大学,1,137164
2024,1,26,机械设计制造及其自动化,A408,景德镇陶瓷大学,2,121523
2024,1,27,材料成型及控制工程,A408,景德镇陶瓷大学,2,166816
2024,1,28,机器人工程,A408,景德镇陶瓷大学,2,138160
2024,1,29,电子科学与技术,A408,景德镇陶瓷大学,2,128536
2024,1,30,智能制造工程,A408,景德镇陶瓷大学,1,132969
2024,1,32,国际经济与贸易,A408,景德镇陶瓷大学,1,96604
2024,1,33,工商管理,A408,景德镇陶瓷大学,1,118210
2024,1,35,会计学,A408,景德镇陶瓷大学,1,90798
2024,1,36,财务管理,A408,景德镇陶瓷大学,1,101399
2024,1,37,文化产业管理,A408,景德镇陶瓷大学,1,92331
2024,1,39,信息与计算科学,A408,景德镇陶瓷大学,1,130341
2024,1,41,计算机科学与技术,A408,景德镇陶瓷大学,1,97276
2024,1,43,人工智能,A408,景德镇陶瓷大学,1,129855
2024,1,44,英语,A408,景德镇陶瓷大学,1,93054
2024,1,46,考古学,A408,景德镇陶瓷大学,1,60411
2024,1,47,文物保护技术,A408,景德镇陶瓷大学,1,76548
2024,1,48,文化遗产,A408,景德镇陶瓷大学,1,80937
2024,1,49,文物与博物馆学,A408,景德镇陶瓷大学,1,68365
2024,1,50,法学,A408,景德镇陶瓷大学,1,72953
2024,1,51,知识产权,A408,景德镇陶瓷大学,1,91582
2024,1,A2,园艺,A410,江西农业大学,3,198784
2024,1,A4,动植物检疫,A410,江西农业大学,4,204718
2024,1,A5,种子科学与工程,A410,江西农业大学,3,145908
2024,1,A6,茶学,A410,江西农业大学,3,199020
2024,1,B1,林学,A410,江西农业大学,1,162013
2024,1,B2,智慧林业,A410,江西农业大学,1,224204
2024,1,B3,林产化工,A410,江西农业大学,2,237102
2024,1,B6,风景园林,A410,江西农业大学,2,117294
2024,1,C1,动物科学,A410,江西农业大学,2,142983
2024,1,C2,动物药学,A410,江西农业大学,3,139361
2024,1,C3,动物医学,A410,江西农业大学,2,134369
2024,1,C4,水产养殖学,A410,江西农业大学,3,248426
2024,1,D0,农业机械化及其自动化(惟义实验班),A410,江西农业大学,3,143144
2024,1,D1,农业机械化及其自动化,A410,江西农业大学,2,127126
2024,1,D2,电子信息工程,A410,江西农业大学,3,115668
2024,1,D3,机械设计制造及其自动化,A410,江西农业大学,3,118567
2024,1,D4,农业水利工程,A410,江西农业大学,1,145187
2024,1,E4,会计学,A410,江西农业大学,3,84090
2024,1,E6,金融学,A410,江西农业大学,2,90154
2024,1,E7,经济学,A410,江西农业大学,1,79624
2024,1,E8,经济学(数字化方向),A410,江西农业大学,1,96503
2024,1,F1,农业资源与环境,A410,江西农业大学,3,202938
2024,1,F2,环境科学与工程,A410,江西农业大学,2,201321
2024,1,F4,地理信息科学,A410,江西农业大学,4,93252
2024,1,F5,土地资源管理,A410,江西农业大学,2,101497
2024,1,F6,土地资源管理(土地整治方向),A410,江西农业大学,5,122017
2024,1,F7,旅游管理,A410,江西农业大学,4,139675
2024,1,G1,电子商务,A410,江西农业大学,2,145054
2024,1,G3,数据科学与大数据技术,A410,江西农业大学,2,95538
2024,1,H3,汉语言文学,A410,江西农业大学,4,94371
2024,1,J1,应用化学,A410,江西农业大学,2,159605
2024,1,J2,材料化学,A410,江西农业大学,2,180557
2024,1,K0,生物工程(惟义实验班),A410,江西农业大学,2,181479
2024,1,K2,制药工程,A410,江西农业大学,4,178432
2024,1,K5,生物技术(食用菌),A410,江西农业大学,2,181343
2024,1,L1,食品质量与安全,A410,江西农业大学,2,164330
2024,1,L2,食品科学与工程,A410,江西农业大学,4,167281
2024,1,M1,日语,A410,江西农业大学,2,126662
2024,1,M2,英语(商务方向),A410,江西农业大学,2,117683
2024,1,N1,教育技术学,A410,江西农业大学,4,141114
2024,1,T2,软件工程(软件开发与项目管理方向),A410,江西农业大学,2,108695
2024,1,T4,软件工程(嵌入式软件技术方向),A410,江西农业大学,3,120932
2024,1,T6,软件工程(英语方向),A410,江西农业大学,2,116763
2024,1,04,中医养生学,A412,江西中医药大学,6,108645
2024,1,05,中西医临床医学,A412,江西中医药大学,7,83389
2024,1,06,中医骨伤科学,A412,江西中医药大学,7,98675
2024,1,09,针灸推拿学,A412,江西中医药大学,6,88597
2024,1,10,中医康复学,A412,江西中医药大学,6,101713
2024,1,12,药学,A412,江西中医药大学,4,119397
2024,1,13,中药学,A412,江西中医药大学,4,123369
2024,1,14,药物制剂,A412,江西中医药大学,4,161592
2024,1,15,中药资源与开发,A412,江西中医药大学,4,186685
2024,1,16,中药制药,A412,江西中医药大学,3,181168
2024,1,17,食品质量与安全,A412,江西中医药大学,4,193716
2024,1,19,英语,A412,江西中医药大学,2,109668
2024,1,20,应用心理学,A412,江西中医药大学,2,91779
2024,1,23,医学影像技术,A412,江西中医药大学,2,94120
2024,1,24,计算机科学与技术,A412,江西中医药大学,2,105175
2024,1,25,医学信息工程,A412,江西中医药大学,2,121825
2024,1,26,生物医学工程,A412,江西中医药大学,2,136924
2024,1,27,护理学,A412,江西中医药大学,8,105688
2024,1,28,市场营销,A412,江西中医药大学,2,140012
2024,1,29,公共事业管理,A412,江西中医药大学,2,125833
2024,1,30,健康服务与管理,A412,江西中医药大学,2,131160
2024,1,31,保险学,A412,江西中医药大学,2,129927
2024,1,32,医疗保险,A412,江西中医药大学,5,144177
2024,1,3K,中医学,A412,江西中医药大学,8,66256
2024,1,3M,中医学(5+3一体化),A412,江西中医药大学,2,38915
2024,1,00,临床医学,A413,赣南医科大学,2,67714
2024,1,0A,预防医学,A413,赣南医科大学,2,194164
2024,1,0B,法医学,A413,赣南医科大学,2,93762
2024,1,0K,制药工程,A413,赣南医科大学,2,166672
2024,1,0V,生物医学科学,A413,赣南医科大学,2,173925
2024,1,0V,广播电视编导,A414,江西师范大学,3,105462
2024,1,8Z,会计学,A414,江西师范大学,1,44693
2024,1,9A,金融学,A414,江西师范大学,2,65323
2024,1,9B,经济学,A414,江西师范大学,1,53314
2024,1,9C,城乡规划,A414,江西师范大学,1,63135
2024,1,9D,工程管理,A414,江西师范大学,1,137950
2024,1,9F,建筑学,A414,江西师范大学,2,82606
2024,1,9H,地理科学类,A414,江西师范大学,5,57361
2024,1,9K,朝鲜语(朝英双语),A414,江西师范大学,2,100448
2024,1,9M,化学工程与工艺(智能化工),A414,江西师范大学,2,105103
2024,1,9N,化学类,A414,江西师范大学,12,283321
2024,1,9P,计算机科学与技术(非师范),A414,江西师范大学,6,60593
2024,1,9Q,计算机科学与技术(师范类),A414,江西师范大学,2,63952
2024,1,9S,人工智能,A414,江西师范大学,3,69161
2024,1,9T,数据科学与大数据技术,A414,江西师范大学,4,66328
2024,1,9U,生物制药,A414,江西师范大学,2,120139
2024,1,9V,食品营养与健康,A414,江西师范大学,1,173694
2024,1,9W,公共事业管理(师范类),A414,江西师范大学,1,78161
2024,1,9Y,小学教育(师范类),A414,江西师范大学,5,62806
2024,1,9Z,学前教育(师范类),A414,江西师范大学,1,72087
2024,1,AA,历史学类,A414,江西师范大学,11,54855
2024,1,AC,文化产业管理(文化策划与管理),A414,江西师范大学,1,72849
2024,1,AD,思想政治教育(师范类),A414,江西师范大学,10,43661
2024,1,AE,大数据管理与应用,A414,江西师范大学,1,72169
2024,1,AG,工商管理(财税管理),A414,江西师范大学,1,61866
2024,1,AL,国际经济与贸易(数字贸易),A414,江西师范大学,2,89750
2024,1,AM,生物工程,A414,江西师范大学,5,218382
2024,1,AP,生物科学(师范类),A414,江西师范大学,17,317033
2024,1,AQ,数学与应用数学(师范类),A414,江西师范大学,10,70517
2024,1,AR,统计学,A414,江西师范大学,1,69136
2024,1,AW,俄语(俄英双语),A414,江西师范大学,1,67387
2024,1,AY,日语(日英双语),A414,江西师范大学,1,64879
2024,1,AZ,英语(师范类),A414,江西师范大学,8,54546
2024,1,BA,汉语国际教育(师范类),A414,江西师范大学,8,70325
2024,1,BB,汉语言文学(师范类),A414,江西师范大学,19,43702
2024,1,BE,电子信息类,A414,江西师范大学,8,76626
2024,1,BH,物理学(师范类),A414,江西师范大学,15,151954
2024,1,BJ,心理学类,A414,江西师范大学,5,61438
2024,1,BK,教育技术学(师范类),A414,江西师范大学,2,75139
2024,1,BL,新闻传播学类,A414,江西师范大学,8,75116
2024,1,BM,法学,A414,江西师范大学,11,42209
2024,1,BQ,行政管理(数字治理),A414,江西师范大学,2,69334
2024,1,C1,数据科学与大数据技术,A416,上饶师范学院,2,188775
2024,1,D2,物理学(师范类),A416,上饶师范学院,2,225914
2024,1,E1,英语(师范类),A416,上饶师范学院,2,146617
2024,1,E2,翻译,A416,上饶师范学院,2,174481
2024,1,F1,法学,A416,上饶师范学院,2,102408
2024,1,F2,行政管理,A416,上饶师范学院,2,156004
2024,1,F4,工商管理,A416,上饶师范学院,2,162490
2024,1,H1,化学(师范类),A416,上饶师范学院,2,315130
2024,1,H2,应用化学,A416,上饶师范学院,2,276738
2024,1,S1,数学与应用数学(师范类),A416,上饶师范学院,2,208790
2024,1,W2,新闻学,A416,上饶师范学院,2,150734
2024,1,W3,广播电视编导,A416,上饶师范学院,3,178486
2024,1,A5,地理科学(师范类),A417,宜春学院,2,141316
2024,1,B1,法学,A417,宜春学院,2,121246
2024,1,B2,知识产权,A417,宜春学院,2,121118
2024,1,C1,数字经济,A417,宜春学院,2,171381
2024,1,E1,学前教育(师范类),A417,宜春学院,2,162390
2024,1,J2,机械设计制造及其自动化,A417,宜春学院,1,198885
2024,1,J3,材料物理,A417,宜春学院,2,256053
2024,1,J6,自动化,A417,宜春学院,1,205504
2024,1,J7,土木工程,A417,宜春学院,3,259030
2024,1,K1,化学(师范类),A417,宜春学院,1,286950
2024,1,K2,应用化学,A417,宜春学院,2,263684
2024,1,K3,生物制药,A417,宜春学院,2,227542
2024,1,M1,临床医学,A417,宜春学院,2,102065
2024,1,M4,护理学,A417,宜春学院,2,123899
2024,1,N1,临床医学,A417,宜春学院,2,103391
2024,1,S1,计算机科学与技术,A417,宜春学院,1,169489
2024,1,S2,软件工程,A417,宜春学院,1,203172
2024,1,01,思想政治教育(师范类),A418,赣南师范大学,4,82882
2024,1,10,历史学(师范类),A418,赣南师范大学,4,83731
2024,1,11,汉语言文学(师范类),A418,赣南师范大学,4,66728
2024,1,12,汉语国际教育(师范类),A418,赣南师范大学,2,92135
2024,1,16,小学教育(师范类),A418,赣南师范大学,2,98354
2024,1,17,应用心理学(师范类),A418,赣南师范大学,2,104576
2024,1,1F,教育技术学(师范类),A418,赣南师范大学,2,150122
2024,1,20,法学,A418,赣南师范大学,2,70248
2024,1,21,社会学,A418,赣南师范大学,2,108122
2024,1,23,日语,A418,赣南师范大学,2,139746
2024,1,25,商务英语,A418,赣南师范大学,2,128511
2024,1,26,新闻学,A418,赣南师范大学,2,110924
2024,1,31,人文地理与城乡规划,A418,赣南师范大学,2,120291
2024,1,32,地理信息科学,A418,赣南师范大学,1,89866
2024,1,40,旅游管理,A418,赣南师范大学,2,149087
2024,1,41,国际经济与贸易,A418,赣南师范大学,2,129040
2024,1,42,市场营销,A418,赣南师范大学,2,145203
2024,1,43,会计学,A418,赣南师范大学,2,90822
2024,1,44,金融学,A418,赣南师范大学,2,114289
2024,1,45,人力资源管理,A418,赣南师范大学,2,128154
2024,1,50,数学与应用数学(师范类),A418,赣南师范大学,2,137842
2024,1,51,物理学(师范类),A418,赣南师范大学,2,179152
2024,1,52,化学(师范类),A418,赣南师范大学,4,198680
2024,1,53,生物科学(师范类),A418,赣南师范大学,2,288574
2024,1,62,数据科学与大数据技术,A418,赣南师范大学,2,121407
2024,1,63,电子信息工程,A418,赣南师范大学,2,124381
2024,1,64,电子科学与技术,A418,赣南师范大学,4,139370
2024,1,70,应用化学,A418,赣南师范大学,2,202895
2024,1,72,环境科学,A418,赣南师范大学,2,262039
2024,1,73,园艺,A418,赣南师范大学,2,219974
2024,1,80,广播电视编导,A418,赣南师范大学,4,165492
2024,1,04,广播电视编导,A419,井冈山大学,4,164164
2024,1,15,临床医学,A419,井冈山大学,6,88700
2024,1,20,小学教育(师范类),A419,井冈山大学,4,124404
2024,1,23,计算机科学与技术,A419,井冈山大学,6,135637
2024,1,25,环境工程,A419,井冈山大学,5,224635
2024,1,29,化学(师范类),A419,井冈山大学,2,298091
2024,1,31,智慧建筑与建造,A419,井冈山大学,4,146884
2024,1,32,土木工程,A419,井冈山大学,4,263998
2024,1,35,机械设计制造及其自动化,A419,井冈山大学,4,151929
2024,1,36,物理学(师范类),A419,井冈山大学,4,188269
2024,1,37,数学与应用数学(师范类),A419,井冈山大学,4,164807
2024,1,39,会计学,A419,井冈山大学,4,101891
2024,1,41,西班牙语,A419,井冈山大学,2,147854
2024,1,42,日语,A419,井冈山大学,2,146883
2024,1,43,德语,A419,井冈山大学,4,146939
2024,1,46,新闻学,A419,井冈山大学,2,122552
2024,1,47,汉语国际教育,A419,井冈山大学,2,116099
2024,1,48,汉语言文学(师范类),A419,井冈山大学,7,88957
2024,1,51,行政管理,A419,井冈山大学,3,128147
2024,1,52,社会工作,A419,井冈山大学,2,127490
2024,1,53,法学,A419,井冈山大学,3,96069
2024,1,5F,英语,A419,井冈山大学,2,123238
2024,1,5G,生物科学,A419,井冈山大学,4,248523
2024,1,11,会计学(国际会计),A421,江西财经大学,5,29048
2024,1,12,金融学(国际投资与金融),A421,江西财经大学,6,45935
2024,1,13,金融学(CFA方向),A421,江西财经大学,5,34691
2024,1,14,国际经济与贸易(BA方向),A421,江西财经大学,2,44617
2024,1,15,工商管理(智能商务),A421,江西财经大学,2,42235
2024,1,16,人力资源管理(数智人力),A421,江西财经大学,2,54797
2024,1,17,市场营销(数字营销),A421,江西财经大学,1,61158
2024,1,18,物流管理(智慧供应链),A421,江西财经大学,2,62313
2024,1,19,市场营销(国际营销),A421,江西财经大学,2,81066
2024,1,20,旅游管理(数字文旅),A421,江西财经大学,2,82559
2024,1,21,财政学,A421,江西财经大学,1,26748
2024,1,22,财政学(智慧财税),A421,江西财经大学,2,29470
2024,1,23,税收学,A421,江西财经大学,4,30431
2024,1,24,劳动与社会保障(康养金融),A421,江西财经大学,1,55769
2024,1,25,行政管理(数字政务),A421,江西财经大学,1,47825
2024,1,26,土地资源管理(评估与规划),A421,江西财经大学,1,60284
2024,1,27,会计学,A421,江西财经大学,1,23830
2024,1,28,财务管理,A421,江西财经大学,2,28309
2024,1,29,会计学(注册会计师),A421,江西财经大学,3,23791
2024,1,30,会计学(智能会计),A421,江西财经大学,4,26571
2024,1,31,会计学(CIMA方向),A421,江西财经大学,4,28831
2024,1,32,会计学(ACCA方向),A421,江西财经大学,3,26644
2024,1,33,国际经济与贸易,A421,江西财经大学,3,41208
2024,1,34,国际商务,A421,江西财经大学,1,51019
2024,1,36,电子商务,A421,江西财经大学,1,62020
2024,1,37,经济学(数理经济),A421,江西财经大学,3,37047
2024,1,39,国民经济管理(数字化治理和投资管理),A421,江西财经大学,1,42774
2024,1,40,金融学,A421,江西财经大学,2,32819
2024,1,41,保险学(精算方向),A421,江西财经大学,2,42410
2024,1,42,金融工程,A421,江西财经大学,1,39035
2024,1,43,金融科技,A421,江西财经大学,3,52213
2024,1,44,金融学(FRM方向),A421,江西财经大学,5,44345
2024,1,45,经济统计学,A421,江西财经大学,3,34717
2024,1,46,精算学,A421,江西财经大学,1,35496
2024,1,47,应用统计学,A421,江西财经大学,3,31648
2024,1,48,计算机科学与技术,A421,江西财经大学,4,35049
2024,1,49,数据科学与大数据技术,A421,江西财经大学,3,41173
2024,1,50,信息与计算科学,A421,江西财经大学,3,47483
2024,1,51,信息管理与信息系统(金融智能),A421,江西财经大学,2,46784
2024,1,52,网络空间安全,A421,江西财经大学,1,38616
2024,1,54,数据科学,A421,江西财经大学,2,60576
2024,1,55,法学,A421,江西财经大学,1,21956
2024,1,56,法学(法务会计),A421,江西财经大学,1,22955
2024,1,57,法学(数据法学),A421,江西财经大学,1,24340
2024,1,58,法学(涉外法治),A421,江西财经大学,3,25252
2024,1,59,物联网工程,A421,江西财经大学,3,53622
2024,1,61,软件工程,A421,江西财经大学,21,76659
2024,1,62,商务英语,A421,江西财经大学,2,55317
2024,1,63,国际经济发展合作,A421,江西财经大学,1,54905
2024,1,64,社会工作,A421,江西财经大学,2,65777
2024,1,65,新闻学,A421,江西财经大学,2,47105
2024,1,66,汉语国际教育,A421,江西财经大学,1,62895
2024,1,67,虚拟现实技术,A421,江西财经大学,3,70438
2024,1,68,软件工程(VR软件开发),A421,江西财经大学,11,71434
2024,1,69,数字经济,A421,江西财经大学,4,45308
2024,1,72,软件工程(中外合作办学),A421,江西财经大学,3,83190
2024,1,73,数字经济(中外合作办学),A421,江西财经大学,3,101280
2024,1,03,经济学类,A422,山东大学,80,11657
2024,1,07,考古学,A422,山东大学,10,13199
2024,1,11,数学类,A422,山东大学,70,4338
2024,1,12,物理学类,A422,山东大学,80,9160
2024,1,13,化学类,A422,山东大学,50,11659
2024,1,23,智能医学工程,A422,山东大学,20,9613
2024,1,27,工程软件,A422,山东大学,20,10505
2024,1,31,计算机类(软件数媒与大数据方向),A422,山东大学,160,7346
2024,1,33,人工智能,A422,山东大学,30,5476
2024,1,51,生物医药数据科学,A422,山东大学,8,9304
2024,1,52,临床医学(5+3一体化),A422,山东大学,90,3691
2024,1,54,临床医学(齐鲁医学堂创新实验班),A422,山东大学,30,1702
2024,1,55,临床医学(5+3一体化，儿科方向),A422,山东大学,15,5913
2024,1,56,口腔医学(5+3一体化),A422,山东大学,30,4102
2024,1,57,口腔医学(五年制),A422,山东大学,20,5596
2024,1,64,生物科学类,A422,山东大学,50,10791
2024,1,65,电子信息类(通信电子与光电方向),A422,山东大学,150,7423
2024,1,Y2,哲学类,A422,山东大学,10,13116
2024,1,Y4,社会学类,A422,山东大学,10,13541
2024,1,Y7,中国语言文学类,A422,山东大学,50,8183
2024,1,Y9,历史学类,A422,山东大学,10,11825
2024,1,YC,工商管理类,A422,山东大学,50,13112
2024,1,YF,新闻传播学类,A422,山东大学,10,13177
2024,1,YJ,管理科学与工程类,A422,山东大学,10,13879
2024,1,YM,材料类,A422,山东大学,20,11422
2024,1,YQ,机械类,A422,山东大学,60,9653
2024,1,YT,自动化类,A422,山东大学,100,7686
2024,1,YV,能源动力类,A422,山东大学,60,10195
2024,1,YY,电气工程及其自动化,A422,山东大学,120,5640
2024,1,Z0,土木类,A422,山东大学,10,14653
2024,1,Z3,智能建造与智慧交通,A422,山东大学,45,14346
2024,1,Z6,电子信息类(微电子与电路集成方向),A422,山东大学,100,7562
2024,1,Z8,预防医学(五年制),A422,山东大学,20,14289
2024,1,ZA,临床医学(五年制),A422,山东大学,60,5719
2024,1,ZC,药学类,A422,山东大学,25,11892
2024,1,ZF,政治学类,A422,山东大学,20,11434
2024,1,ZH,公共管理类,A422,山东大学,10,14010
2024,1,ZL,法学类,A422,山东大学,60,6721
2024,1,ZN,计算机科学与技术,A422,山东大学,120,5400
2024,1,ZQ,环境科学与工程类,A422,山东大学,10,13341
2024,1,ZT,网络空间安全,A422,山东大学,95,8041
2024,1,06,光电信息科学与工程,A423,中国海洋大学,14,12374
2024,1,08,物理学,A423,中国海洋大学,17,15016
2024,1,09,声学,A423,中国海洋大学,18,15815
2024,1,12,地球信息科学与技术,A423,中国海洋大学,13,18238
2024,1,13,地质学,A423,中国海洋大学,14,21191
2024,1,15,生物科学类,A423,中国海洋大学,28,15733
2024,1,17,海洋渔业科学与技术,A423,中国海洋大学,7,18942
2024,1,18,海洋资源与环境,A423,中国海洋大学,10,15128
2024,1,20,食品科学与工程类,A423,中国海洋大学,21,18938
2024,1,21,海洋资源开发技术,A423,中国海洋大学,6,15822
2024,1,22,药学,A423,中国海洋大学,28,17827
2024,1,25,工业设计,A423,中国海洋大学,6,15240
2024,1,26,机械设计制造及其自动化,A423,中国海洋大学,19,13625
2024,1,27,自动化,A423,中国海洋大学,21,12210
2024,1,31,环境工程,A423,中国海洋大学,14,18966
2024,1,32,环境科学,A423,中国海洋大学,14,19763
2024,1,34,工商管理(数字化创新管理),A423,中国海洋大学,20,18079
2024,1,37,市场营销(数智营销管理),A423,中国海洋大学,4,19250
2024,1,38,国际经济与贸易,A423,中国海洋大学,14,19161
2024,1,40,经济学,A423,中国海洋大学,11,15424
2024,1,41,物流管理,A423,中国海洋大学,4,19723
2024,1,46,英语,A423,中国海洋大学,17,18112
2024,1,49,法学,A423,中国海洋大学,16,9571
2024,1,51,行政管理,A423,中国海洋大学,6,17985
2024,1,55,材料类,A423,中国海洋大学,30,17657
2024,1,65,海洋科学,A423,中国海洋大学,12,12820
2024,1,68,大气科学,A423,中国海洋大学,25,16687
2024,1,6A,电子信息类,A423,中国海洋大学,42,11900
2024,1,6C,计算机类,A423,中国海洋大学,37,10986
2024,1,6E,海洋技术,A423,中国海洋大学,24,15895
2024,1,6G,化学,A423,中国海洋大学,18,17963
2024,1,6J,化学工程与工艺,A423,中国海洋大学,15,18533
2024,1,6L,勘查技术与工程,A423,中国海洋大学,8,19817
2024,1,6N,水产养殖学,A423,中国海洋大学,7,20641
2024,1,6R,船舶与海洋工程,A423,中国海洋大学,16,16311
2024,1,6T,港口航道与海岸工程,A423,中国海洋大学,15,17954
2024,1,6V,土木工程,A423,中国海洋大学,10,20365
2024,1,6X,轮机工程,A423,中国海洋大学,6,18723
2024,1,6Z,财务管理,A423,中国海洋大学,15,14410
2024,1,71,会计学,A423,中国海洋大学,22,13385
2024,1,73,旅游管理,A423,中国海洋大学,2,19492
2024,1,75,金融学,A423,中国海洋大学,12,15795
2024,1,77,汉语言文学,A423,中国海洋大学,16,13972
2024,1,79,新闻传播学类,A423,中国海洋大学,14,18469
2024,1,7B,政治学与行政学,A423,中国海洋大学,7,15988
2024,1,7D,公共事业管理,A423,中国海洋大学,7,18499
2024,1,7F,数学类,A423,中国海洋大学,24,13762
2024,1,02,海洋科学(中外合作办学),A423,中国海洋大学,46,34804
2024,1,05,计算机科学与技术(中外合作办学),A423,中国海洋大学,44,27919
2024,1,50,法学(中外合作办学),A423,中国海洋大学,58,22811
2024,1,58,数学与应用数学(中外合作办学),A423,中国海洋大学,47,28480
2024,1,59,生物技术(中外合作办学),A423,中国海洋大学,36,33374
2024,1,60,食品科学与工程(中外合作办学),A423,中国海洋大学,36,37767
2024,1,01,金融学,A424,山东科技大学,47,83246
2024,1,02,国际经济与贸易,A424,山东科技大学,53,99287
2024,1,03,法学,A424,山东科技大学,142,44857
2024,1,04,汉语言文学,A424,山东科技大学,28,42375
2024,1,05,英语(外语语种须为英语),A424,山东科技大学,135,76435
2024,1,08,数学与应用数学,A424,山东科技大学,57,55422
2024,1,09,数学与应用数学(吴方班),A424,山东科技大学,30,43014
2024,1,10,应用物理学,A424,山东科技大学,31,64059
2024,1,12,地理信息科学,A424,山东科技大学,78,70255
2024,1,14,统计学,A424,山东科技大学,53,62740
2024,1,15,工程力学,A424,山东科技大学,42,78624
2024,1,16,机械设计制造及其自动化,A424,山东科技大学,114,53669
2024,1,17,机械电子工程,A424,山东科技大学,148,59020
2024,1,20,高分子材料与工程,A424,山东科技大学,80,82572
2024,1,21,新能源材料与器件,A424,山东科技大学,52,63250
2024,1,23,储能科学与工程,A424,山东科技大学,40,61362
2024,1,24,电气工程及其自动化,A424,山东科技大学,98,32396
2024,1,25,电子信息工程,A424,山东科技大学,100,39785
2024,1,26,通信工程,A424,山东科技大学,62,45298
2024,1,27,集成电路设计与集成系统,A424,山东科技大学,58,48350
2024,1,28,自动化,A424,山东科技大学,106,40844
2024,1,29,机器人工程,A424,山东科技大学,44,48397
2024,1,30,计算机科学与技术,A424,山东科技大学,71,29267
2024,1,31,计算机科学与技术(图灵班),A424,山东科技大学,30,25361
2024,1,32,软件工程,A424,山东科技大学,67,33356
2024,1,33,信息安全,A424,山东科技大学,48,37562
2024,1,34,物联网工程,A424,山东科技大学,52,45134
2024,1,35,智能科学与技术,A424,山东科技大学,42,46149
2024,1,36,数据科学与大数据技术,A424,山东科技大学,144,51788
2024,1,37,土木工程,A424,山东科技大学,54,127683
2024,1,40,水文与水资源工程,A424,山东科技大学,46,95263
2024,1,42,遥感科学与技术,A424,山东科技大学,65,66178
2024,1,43,化学工程与工艺,A424,山东科技大学,82,88676
2024,1,46,采矿工程,A424,山东科技大学,19,108535
2024,1,50,智慧交通,A424,山东科技大学,50,78610
2024,1,51,船舶与海洋工程,A424,山东科技大学,34,78474
2024,1,53,建筑学,A424,山东科技大学,55,91122
2024,1,56,生物工程,A424,山东科技大学,50,78155
2024,1,58,大数据管理与应用,A424,山东科技大学,54,54696
2024,1,59,工商管理,A424,山东科技大学,44,90824
2024,1,60,会计学,A424,山东科技大学,46,53609
2024,1,61,供应链管理,A424,山东科技大学,56,103185
2024,1,62,新能源科学与工程,A424,山东科技大学,42,57433
2024,1,63,工业工程,A424,山东科技大学,40,71415
2024,1,T1,金融科技(就读地点泰安),A424,山东科技大学,114,134035
2024,1,T2,应急装备技术与工程(就读地点泰安),A424,山东科技大学,156,159433
2024,1,T4,信息工程(就读地点泰安),A424,山东科技大学,152,103756
2024,1,T6,工程管理(就读地点泰安),A424,山东科技大学,92,143346
2024,1,T8,防灾减灾科学与工程(就读地点泰安),A424,山东科技大学,86,168820
2024,1,T9,审计学(就读地点泰安),A424,山东科技大学,112,73968
2024,1,TA,日语(外语语种须为英语),A424,山东科技大学,5,85409
2024,1,TD,应用化学,A424,山东科技大学,31,76655
2024,1,TF,海洋技术,A424,山东科技大学,16,86861
2024,1,TJ,智能制造工程,A424,山东科技大学,61,54435
2024,1,TL,金属材料工程,A424,山东科技大学,27,93538
2024,1,TP,能源与动力工程,A424,山东科技大学,24,53838
2024,1,TR,建筑环境与能源应用工程,A424,山东科技大学,25,107368
2024,1,TT,城市地下空间工程,A424,山东科技大学,23,112767
2024,1,TV,测绘工程,A424,山东科技大学,87,82061
2024,1,TX,地质工程,A424,山东科技大学,60,103784
2024,1,TZ,资源勘查工程,A424,山东科技大学,43,120984
2024,1,U2,智能采矿工程,A424,山东科技大学,9,90718
2024,1,U5,交通运输,A424,山东科技大学,37,75126
2024,1,U8,环境工程,A424,山东科技大学,76,127410
2024,1,UA,安全工程,A424,山东科技大学,58,82469
2024,1,UC,职业卫生工程,A424,山东科技大学,6,111958
2024,1,UF,生物制药,A424,山东科技大学,33,80374
2024,1,UH,网络工程(就读地点泰安),A424,山东科技大学,129,95370
2024,1,UK,国际商务(就读地点泰安),A424,山东科技大学,92,118144
2024,1,TB,日语(地方专项计划，外语语种须为英语),A424,山东科技大学,15,136881
2024,1,TE,应用化学(地方专项计划),A424,山东科技大学,15,97485
2024,1,TG,海洋技术(地方专项计划),A424,山东科技大学,15,110665
2024,1,TK,智能制造工程(地方专项计划),A424,山东科技大学,15,60030
2024,1,TM,金属材料工程(地方专项计划),A424,山东科技大学,15,120796
2024,1,TQ,能源与动力工程(地方专项计划),A424,山东科技大学,15,59353
2024,1,TS,建筑环境与能源应用工程(地方专项计划),A424,山东科技大学,15,151743
2024,1,TU,城市地下空间工程(地方专项计划),A424,山东科技大学,15,163960
2024,1,U0,资源勘查工程(地方专项计划),A424,山东科技大学,15,152054
2024,1,U3,智能采矿工程(地方专项计划),A424,山东科技大学,20,158127
2024,1,U6,交通运输(地方专项计划),A424,山东科技大学,15,81482
2024,1,U9,环境工程(地方专项计划),A424,山东科技大学,15,127375
2024,1,UB,安全工程(地方专项计划),A424,山东科技大学,15,104200
2024,1,UD,职业卫生工程(地方专项计划),A424,山东科技大学,15,170731
2024,1,UG,生物制药(地方专项计划),A424,山东科技大学,15,93597
2024,1,07,石油工程(双学士学位项目),A425,中国石油大学(华东),14,22092
2024,1,08,碳储科学与工程,A425,中国石油大学(华东),14,23952
2024,1,10,化学,A425,中国石油大学(华东),10,24478
2024,1,12,应用化学,A425,中国石油大学(华东),18,25503
2024,1,13,安全工程,A425,中国石油大学(华东),12,27142
2024,1,15,工业设计,A425,中国石油大学(华东),12,24307
2024,1,17,工程力学,A425,中国石油大学(华东),8,24419
2024,1,18,建筑学,A425,中国石油大学(华东),12,27159
2024,1,22,材料类(本研一体班),A425,中国石油大学(华东),5,19440
2024,1,23,储能科学与工程,A425,中国石油大学(华东),20,21809
2024,1,24,电气工程及其自动化,A425,中国石油大学(华东),49,17075
2024,1,27,能源与动力工程,A425,中国石油大学(华东),12,19351
2024,1,28,新能源科学与工程,A425,中国石油大学(华东),6,18438
2024,1,31,电子信息工程,A425,中国石油大学(华东),25,16517
2024,1,32,通信工程,A425,中国石油大学(华东),34,19005
2024,1,34,智能感知工程,A425,中国石油大学(华东),21,21464
2024,1,35,自动化,A425,中国石油大学(华东),26,17909
2024,1,37,人工智能,A425,中国石油大学(华东),16,18286
2024,1,38,软件工程,A425,中国石油大学(华东),72,18497
2024,1,40,光电信息科学与工程,A425,中国石油大学(华东),8,18667
2024,1,41,数据科学与大数据技术,A425,中国石油大学(华东),17,17686
2024,1,43,应用物理学,A425,中国石油大学(华东),13,21534
2024,1,46,经济学,A425,中国石油大学(华东),30,21860
2024,1,48,英语,A425,中国石油大学(华东),9,22827
2024,1,51,地球物理学,A425,中国石油大学(华东),6,26224
2024,1,54,地质学,A425,中国石油大学(华东),7,27954
2024,1,57,勘查技术与工程,A425,中国石油大学(华东),11,27585
2024,1,59,资源勘查工程,A425,中国石油大学(华东),17,29351
2024,1,5C,海洋油气工程,A425,中国石油大学(华东),10,24719
2024,1,5F,石油工程,A425,中国石油大学(华东),44,26251
2024,1,5J,化工与制药类,A425,中国石油大学(华东),64,29663
2024,1,5M,环境工程,A425,中国石油大学(华东),7,30499
2024,1,5Q,船舶与海洋工程,A425,中国石油大学(华东),10,24805
2024,1,5T,机械类(智能装备工程),A425,中国石油大学(华东),58,23049
2024,1,5V,土木类(绿色能源建设工程),A425,中国石油大学(华东),11,31135
2024,1,5Y,油气储运工程,A425,中国石油大学(华东),22,25786
2024,1,61,材料类,A425,中国石油大学(华东),60,27928
2024,1,64,过程装备与控制工程,A425,中国石油大学(华东),15,23249
2024,1,67,环保设备工程,A425,中国石油大学(华东),6,28884
2024,1,6A,测绘工程,A425,中国石油大学(华东),9,27561
2024,1,6C,地理信息科学,A425,中国石油大学(华东),10,23618
2024,1,6F,测控技术与仪器,A425,中国石油大学(华东),10,20525
2024,1,6J,计算机科学与技术,A425,中国石油大学(华东),49,15583
2024,1,6L,智能科学与技术,A425,中国石油大学(华东),14,18913
2024,1,6N,数学类,A425,中国石油大学(华东),30,20782
2024,1,6Q,工商管理类,A425,中国石油大学(华东),20,20182
2024,1,6S,管理科学与工程类,A425,中国石油大学(华东),44,30055
2024,1,6U,俄语,A425,中国石油大学(华东),2,23088
2024,1,6W,法学,A425,中国石油大学(华东),28,16982
2024,1,6Y,汉语言文学,A425,中国石油大学(华东),28,19024
2024,1,04,应用化学,A426,青岛科技大学,64,86440
2024,1,06,能源化学,A426,青岛科技大学,46,110499
2024,1,08,应用统计学,A426,青岛科技大学,40,75200
2024,1,09,机械工程,A426,青岛科技大学,64,67776
2024,1,0B,工业设计,A426,青岛科技大学,20,81480
2024,1,0D,智能制造工程,A426,青岛科技大学,60,68159
2024,1,0E,测控技术与仪器,A426,青岛科技大学,25,69207
2024,1,0F,材料物理,A426,青岛科技大学,27,90110
2024,1,0G,材料化学,A426,青岛科技大学,22,91813
2024,1,0J,无机非金属材料工程,A426,青岛科技大学,8,105414
2024,1,0L,复合材料与工程,A426,青岛科技大学,23,94448
2024,1,0N,新能源材料与器件,A426,青岛科技大学,30,71328
2024,1,0P,能源与动力工程,A426,青岛科技大学,38,68251
2024,1,0R,储能科学与工程(碳中和方向),A426,青岛科技大学,60,72885
2024,1,0S,电气工程及其自动化,A426,青岛科技大学,96,51279
2024,1,0U,通信工程,A426,青岛科技大学,71,54538
2024,1,0V,微电子科学与工程,A426,青岛科技大学,20,60975
2024,1,0W,信息工程,A426,青岛科技大学,101,63412
2024,1,0X,集成电路设计与集成系统,A426,青岛科技大学,40,57155
2024,1,0Y,电子信息科学与技术,A426,青岛科技大学,19,51860
2024,1,0Z,人工智能,A426,青岛科技大学,76,62534
2024,1,10,自动化,A426,青岛科技大学,82,55502
2024,1,11,机器人工程,A426,青岛科技大学,25,59963
2024,1,13,软件工程,A426,青岛科技大学,90,57087
2024,1,14,物联网工程,A426,青岛科技大学,60,62224
2024,1,15,数据科学与大数据技术,A426,青岛科技大学,60,62034
2024,1,17,制药工程,A426,青岛科技大学,68,95264
2024,1,1C,环境工程,A426,青岛科技大学,45,131427
2024,1,1F,安全工程,A426,青岛科技大学,61,103948
2024,1,1G,生物工程,A426,青岛科技大学,70,103266
2024,1,1H,合成生物学,A426,青岛科技大学,20,120067
2024,1,1J,药物制剂,A426,青岛科技大学,30,93443
2024,1,20,新能源材料与器件(国科大青能所菁英班),A426,青岛科技大学,30,65027
2024,1,31,社会工作,A426,青岛科技大学,12,80700
2024,1,33,德语,A426,青岛科技大学,9,102418
2024,1,34,日语,A426,青岛科技大学,6,96484
2024,1,35,俄语,A426,青岛科技大学,5,89776
2024,1,36,广告学,A426,青岛科技大学,36,88004
2024,1,39,工商管理(数智企业管理方向),A426,青岛科技大学,35,81192
2024,1,3A,市场营销(大数据营销方向),A426,青岛科技大学,14,88756
2024,1,3B,财务管理,A426,青岛科技大学,42,55040
2024,1,3C,物流管理(供应链方向),A426,青岛科技大学,10,76302
2024,1,3G,金融科技,A426,青岛科技大学,25,97310
2024,1,3W,高分子材料与工程(塑料工程方向),A426,青岛科技大学,19,89079
2024,1,3X,高分子材料与工程(合成方向),A426,青岛科技大学,42,88398
2024,1,HA,数学与应用数学,A426,青岛科技大学,20,66133
2024,1,HC,应用物理学,A426,青岛科技大学,26,74142
2024,1,HE,化学,A426,青岛科技大学,57,102023
2024,1,HG,海洋科学,A426,青岛科技大学,25,102862
2024,1,HJ,过程装备与控制工程,A426,青岛科技大学,46,81162
2024,1,HL,金属材料工程,A426,青岛科技大学,7,99696
2024,1,HN,高分子材料与工程(橡胶工程方向),A426,青岛科技大学,81,86319
2024,1,HQ,功能材料,A426,青岛科技大学,20,99688
2024,1,HS,新能源科学与工程,A426,青岛科技大学,54,65709
2024,1,HU,计算机科学与技术,A426,青岛科技大学,42,43899
2024,1,HW,化学工程与工艺,A426,青岛科技大学,122,99096
2024,1,HY,环境科学,A426,青岛科技大学,49,126419
2024,1,J0,法学,A426,青岛科技大学,47,47723
2024,1,J2,英语,A426,青岛科技大学,66,81182
2024,1,J4,编辑出版学,A426,青岛科技大学,24,88076
2024,1,J6,国际经济与贸易,A426,青岛科技大学,28,80435
2024,1,H0,应用化学(中外合作办学)(中德合作办学),A426,青岛科技大学,31,224512
2024,1,H1,机械工程(中外合作办学)(中德合作办学),A426,青岛科技大学,80,202329
2024,1,H2,自动化(中外合作办学)(中德合作办学),A426,青岛科技大学,100,177818
2024,1,H3,机械工程(中外合作办学)(中韩合作办学),A426,青岛科技大学,120,223312
2024,1,H4,材料成型及控制工程(中外合作办学)(中韩合作办学),A426,青岛科技大学,120,266094
2024,1,H5,高分子材料与工程(中外合作办学)(中韩合作办学),A426,青岛科技大学,90,238474
2024,1,H6,应用化学(中外合作办学)(中美合作办学),A426,青岛科技大学,60,236175
2024,1,H7,自动化(中外合作办学)(中法合作办学),A426,青岛科技大学,100,189016
2024,1,H8,复合材料与工程(中外合作办学)(中德合作办学、就读地点中德生态园区),A426,青岛科技大学,180,298835
2024,1,H9,化学工程与工艺(中外合作办学)(中德合作办学、就读地点中德生态园区),A426,青岛科技大学,120,292821
2024,1,D0,社会工作(地方专项计划),A426,青岛科技大学,10,99528
2024,1,D1,德语(地方专项计划),A426,青岛科技大学,10,137635
2024,1,D2,编辑出版学(地方专项计划),A426,青岛科技大学,10,97156
2024,1,D3,国际经济与贸易(地方专项计划),A426,青岛科技大学,10,93234
2024,1,D4,应用统计学(地方专项计划),A426,青岛科技大学,10,83739
2024,1,D5,材料成型及控制工程(地方专项计划),A426,青岛科技大学,13,99313
2024,1,D6,测控技术与仪器(地方专项计划),A426,青岛科技大学,10,77351
2024,1,D7,微电子科学与工程(地方专项计划),A426,青岛科技大学,10,66480
2024,1,D8,能源化学(地方专项计划),A426,青岛科技大学,10,121323
2024,1,D9,无机非金属材料工程(地方专项计划),A426,青岛科技大学,10,140159
2024,1,DA,功能材料(地方专项计划),A426,青岛科技大学,10,119063
2024,1,DB,环境工程(地方专项计划),A426,青岛科技大学,10,137110
2024,1,DC,化学工程与工艺(地方专项计划),A426,青岛科技大学,25,107216
2024,1,DD,合成生物学(地方专项计划),A426,青岛科技大学,10,152549
2024,1,DE,高分子材料与工程(塑料工程方向，地方专项计划),A426,青岛科技大学,22,111351
2024,1,01,汉语言文学(师范类),A427,济南大学,125,51492
2024,1,02,历史学(师范类),A427,济南大学,18,53324
2024,1,03,新闻传播学类,A427,济南大学,47,82722
2024,1,04,数学与应用数学(师范类),A427,济南大学,96,89975
2024,1,05,金融数学,A427,济南大学,22,93601
2024,1,06,数据科学与大数据技术,A427,济南大学,49,64622
2024,1,07,物理学(师范兼非师范),A427,济南大学,73,113493
2024,1,08,光电信息科学与工程,A427,济南大学,85,81873
2024,1,09,新能源科学与工程,A427,济南大学,74,82870
2024,1,0A,经济学,A427,济南大学,23,73101
2024,1,0B,金融学,A427,济南大学,106,86463
2024,1,0C,工商管理,A427,济南大学,47,82899
2024,1,0D,会计学,A427,济南大学,99,62394
2024,1,0E,英语(师范兼非师范),A427,济南大学,121,72535
2024,1,0F,日语,A427,济南大学,5,93340
2024,1,0G,法语,A427,济南大学,5,92952
2024,1,0H,法学,A427,济南大学,116,51585
2024,1,0J,社会工作,A427,济南大学,16,87817
2024,1,0K,公共管理类,A427,济南大学,18,83017
2024,1,0L,思想政治教育(师范类),A427,济南大学,32,55258
2024,1,0M,材料类,A427,济南大学,219,143011
2024,1,0N,材料物理(新能源材料拔尖创新实验班),A427,济南大学,8,69758
2024,1,0P,化学类,A427,济南大学,24,104835
2024,1,0Q,化工与制药类,A427,济南大学,92,121152
2024,1,0R,机械工程,A427,济南大学,171,99626
2024,1,0S,车辆工程,A427,济南大学,18,95919
2024,1,0T,智能制造工程,A427,济南大学,30,94069
2024,1,0U,土木类,A427,济南大学,103,193406
2024,1,0V,建筑学,A427,济南大学,18,95135
2024,1,0W,城乡规划,A427,济南大学,10,95120
2024,1,0X,自动化,A427,济南大学,83,72254
2024,1,0Y,机器人工程,A427,济南大学,32,75257
2024,1,0Z,电气工程及其自动化,A427,济南大学,103,65582
2024,1,10,通信工程,A427,济南大学,50,66680
2024,1,11,集成电路设计与集成系统,A427,济南大学,34,68004
2024,1,12,计算机科学与技术,A427,济南大学,76,49502
2024,1,13,计算机科学与技术(图灵班),A427,济南大学,9,36515
2024,1,14,网络工程,A427,济南大学,16,52404
2024,1,15,网络空间安全,A427,济南大学,17,52670
2024,1,16,人工智能,A427,济南大学,64,65413
2024,1,17,水利类,A427,济南大学,52,115836
2024,1,18,环境工程,A427,济南大学,34,134371
2024,1,19,地理科学(师范兼非师范),A427,济南大学,39,76424
2024,1,1F,工业设计,A427,济南大学,48,109142
2024,1,1J,旅游管理,A427,济南大学,9,110880
2024,1,1K,文化产业管理,A427,济南大学,21,94786
2024,1,1M,应用心理学(师范类),A427,济南大学,37,89329
2024,1,1N,特殊教育(师范类),A427,济南大学,2,53437
2024,1,1P,生物技术,A427,济南大学,50,121274
2024,1,1Q,药学,A427,济南大学,58,103320
2024,1,1S,标准化工程,A427,济南大学,12,95517
2024,1,1T,大数据管理与应用,A427,济南大学,36,78852
2024,1,1U,信息管理与信息系统,A427,济南大学,24,83177
2024,1,1V,应急管理,A427,济南大学,12,95393
2024,1,74,生物制药,A427,济南大学,49,109770
2024,1,6C,金融学(中外合作办学),A427,济南大学,100,136550
2024,1,6D,机械工程(中外合作办学),A427,济南大学,100,188657
2024,1,6E,环境工程(中外合作办学),A427,济南大学,100,234325
2024,1,6F,网络工程(中外合作办学),A427,济南大学,100,159176
2024,1,50,化学类(地方专项计划),A427,济南大学,30,133867
2024,1,51,材料类(地方专项计划),A427,济南大学,30,151892
2024,1,52,土木类(地方专项计划),A427,济南大学,10,168699
2024,1,53,水利类(地方专项计划),A427,济南大学,10,123480
2024,1,54,公共管理类(地方专项计划),A427,济南大学,5,87648
2024,1,55,法学(地方专项计划),A427,济南大学,10,52687
2024,1,56,思想政治教育(师范类，地方专项计划),A427,济南大学,5,55934
2024,1,57,特殊教育(师范类，地方专项计划),A427,济南大学,5,83069
2024,1,58,英语(师范兼非师范，地方专项计划),A427,济南大学,5,65127
2024,1,59,数学与应用数学(师范类，地方专项计划),A427,济南大学,10,89937
2024,1,5A,物理学(师范兼非师范，地方专项计划),A427,济南大学,10,105564
2024,1,5B,应用心理学(师范类，地方专项计划),A427,济南大学,5,89355
2024,1,5C,机械工程(地方专项计划),A427,济南大学,10,93560
2024,1,5D,集成电路设计与集成系统(地方专项计划),A427,济南大学,10,70844
2024,1,5E,自动化(地方专项计划),A427,济南大学,10,75531
2024,1,5H,应急管理(地方专项计划),A427,济南大学,5,105231
2024,1,75,生物制药(地方专项计划),A427,济南大学,10,112378
2024,1,01,会计学,A429,青岛理工大学,63,55134
2024,1,02,财务管理,A429,青岛理工大学,37,56772
2024,1,03,市场营销,A429,青岛理工大学,25,104255
2024,1,04,国际商务,A429,青岛理工大学,33,99298
2024,1,05,国际经济与贸易,A429,青岛理工大学,51,91207
2024,1,06,新能源汽车工程,A429,青岛理工大学,28,83411
2024,1,07,日语,A429,青岛理工大学,10,104032
2024,1,08,英语,A429,青岛理工大学,65,90377
2024,1,0B,社会工作,A429,青岛理工大学,37,102315
2024,1,0C,建筑学,A429,青岛理工大学,60,118736
2024,1,0D,城乡规划,A429,青岛理工大学,34,97443
2024,1,0E,风景园林,A429,青岛理工大学,35,94305
2024,1,0F,土木工程,A429,青岛理工大学,49,143072
2024,1,0G,材料科学与工程,A429,青岛理工大学,72,118664
2024,1,0H,机械设计制造及其自动化,A429,青岛理工大学,137,80536
2024,1,0J,测控技术与仪器,A429,青岛理工大学,59,81501
2024,1,0K,材料成型及控制工程,A429,青岛理工大学,60,110575
2024,1,0L,给排水科学与工程,A429,青岛理工大学,26,126466
2024,1,0M,建筑环境与能源应用工程,A429,青岛理工大学,21,123606
2024,1,0P,环境工程,A429,青岛理工大学,64,147624
2024,1,0Q,环境科学,A429,青岛理工大学,30,137049
2024,1,0R,车辆工程,A429,青岛理工大学,54,90478
2024,1,0S,安全工程,A429,青岛理工大学,34,105137
2024,1,0U,交通工程,A429,青岛理工大学,20,88500
2024,1,0W,计算机科学与技术,A429,青岛理工大学,99,56761
2024,1,0X,软件工程,A429,青岛理工大学,99,64559
2024,1,0Z,电子信息工程,A429,青岛理工大学,74,63976
2024,1,10,通信工程,A429,青岛理工大学,74,69554
2024,1,11,自动化,A429,青岛理工大学,98,67683
2024,1,12,电气工程及其自动化,A429,青岛理工大学,99,60720
2024,1,13,建筑电气与智能化,A429,青岛理工大学,38,94348
2024,1,14,工程管理,A429,青岛理工大学,15,115033
2024,1,15,工程造价,A429,青岛理工大学,47,119600
2024,1,16,工业工程,A429,青岛理工大学,36,87456
2024,1,18,信息管理与信息系统,A429,青岛理工大学,31,86592
2024,1,19,应用物理学,A429,青岛理工大学,65,108448
2024,1,1A,数学与应用数学,A429,青岛理工大学,60,79914
2024,1,1C,经济学,A429,青岛理工大学,36,66589
2024,1,1D,统计学,A429,青岛理工大学,66,80761
2024,1,1R,城市地下空间工程,A429,青岛理工大学,24,139678
2024,1,2S,智能建造,A429,青岛理工大学,50,123294
2024,1,2T,智能制造工程,A429,青岛理工大学,75,73965
2024,1,2U,机器人工程,A429,青岛理工大学,75,73666
2024,1,X1,工程力学,A429,青岛理工大学,22,99201
2024,1,X2,网络与新媒体,A429,青岛理工大学,77,79532
2024,1,X3,网络空间安全,A429,青岛理工大学,70,69231
2024,1,X4,供应链管理,A429,青岛理工大学,21,113932
2024,1,X5,环保设备工程,A429,青岛理工大学,20,138211
2024,1,H1,土木工程(中外合作办学)(与美国堪萨斯大学合作),A429,青岛理工大学,88,316064
2024,1,H2,给排水科学与工程(中外合作办学)(与挪威生命科学大学合作),A429,青岛理工大学,62,302743
2024,1,H3,建筑学(中外合作办学)(与韩国光云大学合作),A429,青岛理工大学,75,213407
2024,1,H4,财务管理(中外合作办学)(与瑞士西北应用科学与艺术大学合作),A429,青岛理工大学,79,126237
2024,1,D0,工程管理(地方专项计划),A429,青岛理工大学,15,128498
2024,1,D1,交通工程(地方专项计划),A429,青岛理工大学,10,98038
2024,1,D2,机械设计制造及其自动化(地方专项计划),A429,青岛理工大学,10,82765
2024,1,D3,安全工程(地方专项计划),A429,青岛理工大学,10,132535
2024,1,D4,工程力学(地方专项计划),A429,青岛理工大学,15,129245
2024,1,D5,给排水科学与工程(地方专项计划),A429,青岛理工大学,15,142408
2024,1,D6,环境工程(地方专项计划),A429,青岛理工大学,10,153135
2024,1,D7,材料科学与工程(地方专项计划),A429,青岛理工大学,15,131958
2024,1,D8,材料成型及控制工程(地方专项计划),A429,青岛理工大学,15,129827
2024,1,D9,建筑环境与能源应用工程(地方专项计划),A429,青岛理工大学,20,163898
2024,1,DA,土木工程(地方专项计划),A429,青岛理工大学,25,192930
2024,1,DB,环保设备工程(地方专项计划),A429,青岛理工大学,10,180274
2024,1,DC,日语(地方专项计划),A429,青岛理工大学,10,133017
2024,1,01,法学,A430,山东建筑大学,84,71317
2024,1,02,社会工作,A430,山东建筑大学,50,126569
2024,1,03,英语,A430,山东建筑大学,80,113591
2024,1,04,德语,A430,山东建筑大学,27,135448
2024,1,06,信息与计算科学,A430,山东建筑大学,78,129577
2024,1,07,应用物理学,A430,山东建筑大学,38,161064
2024,1,08,地理信息科学,A430,山东建筑大学,41,93725
2024,1,09,应用统计学,A430,山东建筑大学,40,129755
2024,1,0B,材料成型及控制工程,A430,山东建筑大学,48,162021
2024,1,0C,机械电子工程,A430,山东建筑大学,107,131287
2024,1,0D,工业设计,A430,山东建筑大学,39,149788
2024,1,0E,车辆工程,A430,山东建筑大学,116,140220
2024,1,0F,智能制造工程,A430,山东建筑大学,65,132592
2024,1,0L,能源与动力工程,A430,山东建筑大学,112,131295
2024,1,0M,新能源科学与工程,A430,山东建筑大学,63,127181
2024,1,0N,电气工程及其自动化,A430,山东建筑大学,117,90068
2024,1,0P,电子信息工程,A430,山东建筑大学,56,108589
2024,1,0Q,通信工程,A430,山东建筑大学,46,106965
2024,1,0R,光电信息科学与工程,A430,山东建筑大学,75,121097
2024,1,0S,人工智能,A430,山东建筑大学,59,117124
2024,1,0T,计算机科学与技术,A430,山东建筑大学,105,102120
2024,1,0U,软件工程,A430,山东建筑大学,127,110774
2024,1,0W,物联网工程,A430,山东建筑大学,46,114910
2024,1,0X,数据科学与大数据技术,A430,山东建筑大学,53,113662
2024,1,11,建筑电气与智能化,A430,山东建筑大学,46,136704
2024,1,12,城市地下空间工程,A430,山东建筑大学,50,198731
2024,1,16,遥感科学与技术,A430,山东建筑大学,53,148276
2024,1,17,交通工程,A430,山东建筑大学,58,145405
2024,1,18,智慧交通,A430,山东建筑大学,60,159162
2024,1,19,环境工程,A430,山东建筑大学,73,214024
2024,1,1A,环境科学,A430,山东建筑大学,55,225702
2024,1,1B,建筑学,A430,山东建筑大学,46,84416
2024,1,1C,城乡规划,A430,山东建筑大学,53,107829
2024,1,1E,生物工程,A430,山东建筑大学,61,183336
2024,1,1F,信息管理与信息系统,A430,山东建筑大学,74,117627
2024,1,1G,工程管理,A430,山东建筑大学,78,145002
2024,1,1J,工程造价,A430,山东建筑大学,97,126034
2024,1,1K,工商管理,A430,山东建筑大学,55,114239
2024,1,1L,市场营销,A430,山东建筑大学,48,134801
2024,1,1M,会计学,A430,山东建筑大学,127,82573
2024,1,1N,财务管理,A430,山东建筑大学,29,84382
2024,1,1P,土地资源管理,A430,山东建筑大学,55,120495
2024,1,1Q,工业工程,A430,山东建筑大学,61,133557
2024,1,1R,电子商务,A430,山东建筑大学,58,129005
2024,1,1V,风景园林(景观规划设计方向),A430,山东建筑大学,29,104423
2024,1,1W,风景园林(园林规划设计方向),A430,山东建筑大学,60,118333
2024,1,21,广告学,A430,山东建筑大学,11,109336
2024,1,2R,机械工程,A430,山东建筑大学,147,142381
2024,1,2T,增材制造工程,A430,山东建筑大学,16,165789
2024,1,2V,材料科学与工程,A430,山东建筑大学,56,173165
2024,1,2X,无机非金属材料工程,A430,山东建筑大学,25,177378
2024,1,2Z,土木工程,A430,山东建筑大学,217,250171
2024,1,31,建筑环境与能源应用工程,A430,山东建筑大学,63,198109
2024,1,33,给排水科学与工程,A430,山东建筑大学,87,225990
2024,1,35,道路桥梁与渡河工程,A430,山东建筑大学,64,221304
2024,1,37,智能建造,A430,山东建筑大学,84,200420
2024,1,39,测绘工程,A430,山东建筑大学,54,177895
2024,1,2P,建筑学(中外合作办学),A430,山东建筑大学,69,185868
2024,1,2Q,土木工程(中外合作办学),A430,山东建筑大学,79,303221
2024,1,0K,焊接技术与工程(地方专项计划),A430,山东建筑大学,20,197800
2024,1,2S,机械工程(地方专项计划),A430,山东建筑大学,10,136711
2024,1,2U,增材制造工程(地方专项计划),A430,山东建筑大学,15,175080
2024,1,2W,材料科学与工程(地方专项计划),A430,山东建筑大学,20,175414
2024,1,2Y,无机非金属材料工程(地方专项计划),A430,山东建筑大学,20,188437
2024,1,30,土木工程(地方专项计划),A430,山东建筑大学,10,191609
2024,1,32,建筑环境与能源应用工程(地方专项计划),A430,山东建筑大学,15,186738
2024,1,34,给排水科学与工程(地方专项计划),A430,山东建筑大学,15,199218
2024,1,36,道路桥梁与渡河工程(地方专项计划),A430,山东建筑大学,20,203907
2024,1,38,智能建造(地方专项计划),A430,山东建筑大学,10,168885
2024,1,3A,测绘工程(地方专项计划),A430,山东建筑大学,15,185300
2024,1,05,计算机科学与技术,A431,齐鲁工业大学,130,60248
2024,1,06,计算机科学与技术(拔尖人才班),A431,齐鲁工业大学,40,51736
2024,1,07,网络空间安全,A431,齐鲁工业大学,72,71120
2024,1,08,软件工程,A431,齐鲁工业大学,151,68295
2024,1,09,保密技术,A431,齐鲁工业大学,40,83320
2024,1,0A,保密管理,A431,齐鲁工业大学,40,99172
2024,1,0B,物联网工程,A431,齐鲁工业大学,65,72215
2024,1,0D,轻工类,A431,齐鲁工业大学,5,126985
2024,1,0E,新媒体技术,A431,齐鲁工业大学,35,93621
2024,1,0F,轻化工程,A431,齐鲁工业大学,5,112521
2024,1,0G,机械设计制造及其自动化,A431,齐鲁工业大学,105,93250
2024,1,0H,工业设计,A431,齐鲁工业大学,45,114968
2024,1,0J,材料成型及控制工程,A431,齐鲁工业大学,20,111370
2024,1,0K,机器人工程,A431,齐鲁工业大学,60,79859
2024,1,0L,智能制造工程,A431,齐鲁工业大学,60,84984
2024,1,0M,电子信息工程,A431,齐鲁工业大学,100,74245
2024,1,0N,电气工程及其自动化,A431,齐鲁工业大学,100,69062
2024,1,0P,通信工程,A431,齐鲁工业大学,99,79007
2024,1,0Q,自动化,A431,齐鲁工业大学,110,80153
2024,1,0R,生物工程,A431,齐鲁工业大学,30,123138
2024,1,0T,酿酒工程,A431,齐鲁工业大学,12,119611
2024,1,0U,食品科学与工程类,A431,齐鲁工业大学,20,125093
2024,1,0V,环境科学与工程类,A431,齐鲁工业大学,10,135322
2024,1,0W,化学类,A431,齐鲁工业大学,15,121694
2024,1,0X,化工与制药类,A431,齐鲁工业大学,15,123251
2024,1,0Y,药学类,A431,齐鲁工业大学,30,127296
2024,1,0Z,材料类,A431,齐鲁工业大学,7,117180
2024,1,10,信息与计算科学,A431,齐鲁工业大学,68,95549
2024,1,11,应用统计学,A431,齐鲁工业大学,55,103880
2024,1,12,人工智能,A431,齐鲁工业大学,105,76928
2024,1,13,数据计算及应用,A431,齐鲁工业大学,50,94461
2024,1,14,智能科学与技术,A431,齐鲁工业大学,20,79517
2024,1,15,光电信息科学与工程,A431,齐鲁工业大学,65,89346
2024,1,16,微电子科学与工程,A431,齐鲁工业大学,70,83149
2024,1,17,能源与动力工程,A431,齐鲁工业大学,115,99412
2024,1,18,海洋信息工程,A431,齐鲁工业大学,15,111409
2024,1,19,海洋技术,A431,齐鲁工业大学,20,129229
2024,1,1A,测控技术与仪器(海洋测控方向),A431,齐鲁工业大学,15,107010
2024,1,1B,工商管理类,A431,齐鲁工业大学,290,106125
2024,1,1C,金融学,A431,齐鲁工业大学,145,111854
2024,1,1D,国际经济与贸易,A431,齐鲁工业大学,20,111658
2024,1,1E,金融科技,A431,齐鲁工业大学,30,120114
2024,1,1F,行政管理,A431,齐鲁工业大学,40,108130
2024,1,1G,法学,A431,齐鲁工业大学,135,62980
2024,1,1H,英语,A431,齐鲁工业大学,64,106290
2024,1,1J,汉语国际教育,A431,齐鲁工业大学,45,106113
2024,1,2K,机械设计制造及其自动化(中外合作办学),A431,齐鲁工业大学,90,218023
2024,1,2L,酿酒工程(中外合作办学),A431,齐鲁工业大学,100,315406
2024,1,2M,应用化学(中外合作办学),A431,齐鲁工业大学,80,317165
2024,1,2N,生物技术(中外合作办学),A431,齐鲁工业大学,80,312803
2024,1,2P,轻化工程(中外合作办学),A431,齐鲁工业大学,80,312402
2024,1,1X,法学(地方专项计划),A431,齐鲁工业大学,5,59549
2024,1,1Y,酿酒工程(地方专项计划),A431,齐鲁工业大学,5,142240
2024,1,1Z,智能制造工程(地方专项计划),A431,齐鲁工业大学,5,87853
2024,1,20,自动化(地方专项计划),A431,齐鲁工业大学,5,80532
2024,1,21,机器人工程(地方专项计划),A431,齐鲁工业大学,5,81460
2024,1,22,电气工程及其自动化(地方专项计划),A431,齐鲁工业大学,5,69208
2024,1,23,药学类(地方专项计划),A431,齐鲁工业大学,5,127853
2024,1,24,轻化工程(地方专项计划),A431,齐鲁工业大学,25,163836
2024,1,25,轻工类(地方专项计划),A431,齐鲁工业大学,25,173676
2024,1,26,食品科学与工程类(地方专项计划),A431,齐鲁工业大学,20,152077
2024,1,27,环境科学与工程类(地方专项计划),A431,齐鲁工业大学,20,186856
2024,1,28,材料类(地方专项计划),A431,齐鲁工业大学,20,145999
2024,1,29,国际经济与贸易(地方专项计划),A431,齐鲁工业大学,20,118705
2024,1,2A,化工与制药类(地方专项计划),A431,齐鲁工业大学,15,152113
2024,1,2B,金融学(地方专项计划),A431,齐鲁工业大学,10,110937
2024,1,2C,金融科技(地方专项计划),A431,齐鲁工业大学,10,131786
2024,1,2D,海洋技术(地方专项计划),A431,齐鲁工业大学,10,150329
2024,1,2E,日语(地方专项计划),A431,齐鲁工业大学,10,138771
2024,1,2F,人工智能(地方专项计划),A431,齐鲁工业大学,10,81587
2024,1,2G,化学类(地方专项计划),A431,齐鲁工业大学,10,152057
2024,1,2H,行政管理(地方专项计划),A431,齐鲁工业大学,5,106030
2024,1,2J,生物技术(地方专项计划),A431,齐鲁工业大学,5,145690
2024,1,10,农业机械化及其自动化,A433,山东理工大学,70,129784
2024,1,11,工业设计,A433,山东理工大学,43,134574
2024,1,13,自动化,A433,山东理工大学,114,83211
2024,1,15,电子信息工程,A433,山东理工大学,102,87129
2024,1,16,智能电网信息工程,A433,山东理工大学,60,59594
2024,1,17,电气工程及其自动化,A433,山东理工大学,180,48601
2024,1,19,计算机科学与技术,A433,山东理工大学,70,68423
2024,1,20,通信工程,A433,山东理工大学,61,90752
2024,1,21,软件工程,A433,山东理工大学,60,74392
2024,1,23,机械电子工程(师范类),A433,山东理工大学,40,124881
2024,1,25,化学,A433,山东理工大学,37,140960
2024,1,26,化学(师范类),A433,山东理工大学,80,144732
2024,1,27,应用化学,A433,山东理工大学,90,159867
2024,1,32,工程管理,A433,山东理工大学,35,136730
2024,1,35,地理空间信息工程,A433,山东理工大学,60,149386
2024,1,39,新能源科学与工程,A433,山东理工大学,80,109706
2024,1,43,高分子材料与工程,A433,山东理工大学,37,144735
2024,1,44,生物工程,A433,山东理工大学,45,138615
2024,1,45,生物科学(师范类),A433,山东理工大学,90,241240
2024,1,46,生物科学,A433,山东理工大学,86,166187
2024,1,47,制药工程,A433,山东理工大学,83,146134
2024,1,48,数学与应用数学,A433,山东理工大学,73,107534
2024,1,49,数学与应用数学(师范类),A433,山东理工大学,80,115953
2024,1,50,微电子科学与工程,A433,山东理工大学,66,99295
2024,1,51,统计学,A433,山东理工大学,65,113376
2024,1,52,能源化学工程,A433,山东理工大学,25,138910
2024,1,53,物理学(师范类),A433,山东理工大学,80,140191
2024,1,54,光电信息科学与工程,A433,山东理工大学,100,105034
2024,1,55,化学工程与工艺(师范类),A433,山东理工大学,40,154751
2024,1,57,经济学,A433,山东理工大学,120,105309
2024,1,58,金融学,A433,山东理工大学,125,113342
2024,1,59,工商管理,A433,山东理工大学,140,114108
2024,1,60,会计学,A433,山东理工大学,170,79429
2024,1,64,工业工程,A433,山东理工大学,77,126283
2024,1,66,汉语言文学,A433,山东理工大学,62,74360
2024,1,67,汉语言文学(师范类),A433,山东理工大学,160,76446
2024,1,69,英语,A433,山东理工大学,79,107622
2024,1,70,英语(师范类),A433,山东理工大学,120,98642
2024,1,71,日语,A433,山东理工大学,12,124556
2024,1,73,机械设计制造及其自动化(卓越工程师班),A433,山东理工大学,40,79124
2024,1,74,法学,A433,山东理工大学,68,60486
2024,1,76,社会工作,A433,山东理工大学,68,123951
2024,1,78,测控技术与仪器,A433,山东理工大学,38,119563
2024,1,79,机械设计制造及其自动化,A433,山东理工大学,95,97066
2024,1,80,机械电子工程,A433,山东理工大学,98,110043
2024,1,81,交通工程,A433,山东理工大学,45,134831
2024,1,82,交通运输,A433,山东理工大学,67,132177
2024,1,83,车辆工程,A433,山东理工大学,90,108455
2024,1,87,能源与动力工程,A433,山东理工大学,88,114593
2024,1,90,数据科学与大数据技术,A433,山东理工大学,80,93048
2024,1,91,信息与计算科学,A433,山东理工大学,95,115432
2024,1,92,测控技术与仪器(新工科创新实验班),A433,山东理工大学,33,115626
2024,1,93,智能制造工程(新工科创新实验班),A433,山东理工大学,65,102818
2024,1,94,新能源汽车工程,A433,山东理工大学,66,113275
2024,1,95,人工智能,A433,山东理工大学,72,97893
2024,1,96,信息管理与信息系统(档案信息化管理方向),A433,山东理工大学,40,116138
2024,1,97,法学(国际商法),A433,山东理工大学,66,76415
2024,1,99,法学(经济法学),A433,山东理工大学,36,70118
2024,1,9A,大数据管理与应用,A433,山东理工大学,88,106901
2024,1,9B,电子信息工程(师范类),A433,山东理工大学,40,108739
2024,1,9C,新能源汽车工程(师范类),A433,山东理工大学,40,129374
2024,1,9D,网络与新媒体,A433,山东理工大学,68,107910
2024,1,9G,土木工程(卓越工程师班),A433,山东理工大学,40,176876
2024,1,9H,金融学(数字金融方向),A433,山东理工大学,66,113765
2024,1,9J,国际经济与贸易(数字贸易方向),A433,山东理工大学,60,118365
2024,1,9K,国际经济与贸易(国际投融资方向),A433,山东理工大学,64,122179
2024,1,9L,社会工作(新文科实验班),A433,山东理工大学,70,122021
2024,1,9Q,食品科学与工程,A433,山东理工大学,56,156280
2024,1,9S,化学工程与工艺,A433,山东理工大学,66,156619
2024,1,9U,农业智能装备工程,A433,山东理工大学,56,151870
2024,1,9W,测绘工程,A433,山东理工大学,41,158704
2024,1,9Y,环境工程,A433,山东理工大学,51,176215
2024,1,A0,采矿工程,A433,山东理工大学,7,162275
2024,1,A2,矿物加工工程,A433,山东理工大学,6,157013
2024,1,A4,资源勘查工程,A433,山东理工大学,8,156902
2024,1,A6,材料科学与工程,A433,山东理工大学,40,152291
2024,1,A8,材料成型及控制工程,A433,山东理工大学,40,145455
2024,1,AA,新能源材料与器件,A433,山东理工大学,20,117867
2024,1,AC,土木工程(交通基础设施工程方向),A433,山东理工大学,32,192665
2024,1,AE,土木工程(建筑工程方向),A433,山东理工大学,38,218860
2024,1,9N,机械设计制造及其自动化(中外合作办学),A433,山东理工大学,100,182725
2024,1,9P,计算机科学与技术(中外合作办学),A433,山东理工大学,100,153925
2024,1,88,纺织工程(地方专项计划),A433,山东理工大学,10,198705
2024,1,9R,食品科学与工程(地方专项计划),A433,山东理工大学,10,158984
2024,1,9T,化学工程与工艺(地方专项计划),A433,山东理工大学,10,156688
2024,1,9V,农业智能装备工程(地方专项计划),A433,山东理工大学,10,154908
2024,1,9X,测绘工程(地方专项计划),A433,山东理工大学,10,169693
2024,1,9Z,环境工程(地方专项计划),A433,山东理工大学,20,191961
2024,1,A1,采矿工程(地方专项计划),A433,山东理工大学,10,195295
2024,1,A3,矿物加工工程(地方专项计划),A433,山东理工大学,15,195645
2024,1,A5,资源勘查工程(地方专项计划),A433,山东理工大学,15,199791
2024,1,A7,材料科学与工程(地方专项计划),A433,山东理工大学,20,164787
2024,1,A9,材料成型及控制工程(地方专项计划),A433,山东理工大学,10,156746
2024,1,AB,新能源材料与器件(地方专项计划),A433,山东理工大学,10,123663
2024,1,AD,土木工程(交通基础设施工程方向，地方专项计划),A433,山东理工大学,10,191339
2024,1,AF,土木工程(建筑工程方向，地方专项计划),A433,山东理工大学,10,213217
2024,1,01,生物育种科学(拔尖创新班),A434,山东农业大学,45,72008
2024,1,02,智慧农业(拔尖创新班),A434,山东农业大学,40,73507
2024,1,03,智慧牧业科学与工程(拔尖创新班),A434,山东农业大学,26,79989
2024,1,04,农学(新农科实验班),A434,山东农业大学,140,94365
2024,1,06,植物科学与技术,A434,山东农业大学,45,116473
2024,1,07,植物保护,A434,山东农业大学,92,136964
2024,1,08,森林保护,A434,山东农业大学,10,142823
2024,1,09,制药工程,A434,山东农业大学,35,131363
2024,1,10,烟草,A434,山东农业大学,68,123774
2024,1,11,土地资源管理,A434,山东农业大学,65,96432
2024,1,12,地理信息科学,A434,山东农业大学,97,80862
2024,1,14,环境科学与工程类,A434,山东农业大学,15,138578
2024,1,15,农业资源与环境,A434,山东农业大学,40,138219
2024,1,16,林学(新农科实验班),A434,山东农业大学,45,129283
2024,1,17,园林,A434,山东农业大学,20,98679
2024,1,19,生态学,A434,山东农业大学,6,138159
2024,1,21,风景园林,A434,山东农业大学,40,103860
2024,1,22,植物生产类,A434,山东农业大学,85,142825
2024,1,23,动物科学,A434,山东农业大学,65,133710
2024,1,24,动物医学类,A434,山东农业大学,175,116587
2024,1,25,电气工程及其自动化,A434,山东农业大学,125,93667
2024,1,26,自动化,A434,山东农业大学,75,101326
2024,1,27,机械电子工程,A434,山东农业大学,40,108917
2024,1,28,车辆工程,A434,山东农业大学,20,111671
2024,1,29,农业机械化及其自动化,A434,山东农业大学,22,107082
2024,1,30,会计学,A434,山东农业大学,210,70292
2024,1,31,财务管理,A434,山东农业大学,176,79371
2024,1,32,工商管理,A434,山东农业大学,50,91624
2024,1,33,金融学,A434,山东农业大学,118,97942
2024,1,34,国际经济与贸易,A434,山东农业大学,38,98077
2024,1,35,数字经济,A434,山东农业大学,110,113927
2024,1,36,农林经济管理,A434,山东农业大学,60,89082
2024,1,37,食品科学与工程,A434,山东农业大学,55,127788
2024,1,38,食品质量与安全,A434,山东农业大学,20,129728
2024,1,40,食品营养与健康,A434,山东农业大学,20,136305
2024,1,41,生物科学类(拔尖基地班),A434,山东农业大学,30,59428
2024,1,42,生物科学类,A434,山东农业大学,145,145380
2024,1,43,应用生物科学,A434,山东农业大学,8,125552
2024,1,44,生物工程,A434,山东农业大学,28,136768
2024,1,45,英语,A434,山东农业大学,78,98071
2024,1,49,行政管理,A434,山东农业大学,75,100718
2024,1,50,文化产业管理,A434,山东农业大学,35,100494
2024,1,51,法学,A434,山东农业大学,125,56659
2024,1,52,网络与新媒体,A434,山东农业大学,37,95042
2024,1,53,水利类,A434,山东农业大学,50,123716
2024,1,54,土木类,A434,山东农业大学,5,131701
2024,1,55,建筑学,A434,山东农业大学,20,124169
2024,1,56,数学类,A434,山东农业大学,70,118359
2024,1,57,计算机科学与技术,A434,山东农业大学,160,91745
2024,1,58,数据科学与大数据技术,A434,山东农业大学,70,102071
2024,1,59,物联网工程,A434,山东农业大学,50,104528
2024,1,60,测绘工程,A434,山东农业大学,10,121547
2024,1,61,遥感科学与技术,A434,山东农业大学,12,115430
2024,1,62,电子信息科学与技术,A434,山东农业大学,44,99192
2024,1,63,人工智能,A434,山东农业大学,75,108107
2024,1,64,通信工程,A434,山东农业大学,70,98957
2024,1,65,材料化学,A434,山东农业大学,8,128802
2024,1,66,制药工程(医药方向),A434,山东农业大学,55,129475
2024,1,67,应用化学,A434,山东农业大学,25,129326
2024,1,70,马克思主义理论,A434,山东农业大学,45,73158
2024,1,H1,土地资源管理(中外合作办学)(与英国皇家农业大学合作),A434,山东农业大学,140,172194
2024,1,H2,食品质量与安全(中外合作办学)(与英国皇家农业大学合作),A434,山东农业大学,120,208013
2024,1,H3,会计学(中外合作办学)(与德国埃森经济管理应用技术大学合作),A434,山东农业大学,140,141842
2024,1,H4,工商管理(中外合作办学)(与德国埃森经济管理应用技术大学合作),A434,山东农业大学,50,155141
2024,1,H5,国际经济与贸易(中外合作办学)(与德国埃森经济管理应用技术大学合作),A434,山东农业大学,60,157549
2024,1,D1,智慧农业(地方专项计划，拔尖创新班),A434,山东农业大学,10,97519
2024,1,D2,植物保护(地方专项计划),A434,山东农业大学,10,137955
2024,1,D3,植物生产类(地方专项计划),A434,山东农业大学,15,154570
2024,1,D4,农业资源与环境(地方专项计划),A434,山东农业大学,10,154845
2024,1,D5,环境科学与工程类(地方专项计划),A434,山东农业大学,10,154965
2024,1,D6,园林(地方专项计划),A434,山东农业大学,10,102561
2024,1,D7,水土保持与荒漠化防治(地方专项计划),A434,山东农业大学,5,170989
2024,1,D8,木材科学与工程(地方专项计划),A434,山东农业大学,5,160876
2024,1,D9,风景园林(地方专项计划),A434,山东农业大学,5,103325
2024,1,DA,动物科学(地方专项计划),A434,山东农业大学,15,157433
2024,1,DB,机械电子工程(地方专项计划),A434,山东农业大学,15,115590
2024,1,DC,数字经济(地方专项计划),A434,山东农业大学,10,114827
2024,1,DD,食品科学与工程(地方专项计划),A434,山东农业大学,10,138594
2024,1,DE,食品质量与安全(地方专项计划),A434,山东农业大学,10,150808
2024,1,DF,生物科学类(地方专项计划),A434,山东农业大学,10,149340
2024,1,DG,商务英语(地方专项计划),A434,山东农业大学,10,106578
2024,1,DH,行政管理(地方专项计划),A434,山东农业大学,10,100044
2024,1,DJ,测绘工程(地方专项计划),A434,山东农业大学,10,156848
2024,1,DK,水利类(地方专项计划),A434,山东农业大学,10,138456
2024,1,DL,土木类(地方专项计划),A434,山东农业大学,10,164740
2024,1,01,农学(含创新实验班),A435,青岛农业大学,110,168284
2024,1,02,园艺(含创新实验班),A435,青岛农业大学,96,220998
2024,1,03,烟草(含创新实验班),A435,青岛农业大学,60,148089
2024,1,04,草业科学(含创新实验班),A435,青岛农业大学,39,226485
2024,1,05,生物科学(创新实验班),A435,青岛农业大学,140,205933
2024,1,06,植物保护(含创新实验班),A435,青岛农业大学,177,219752
2024,1,07,动物医学(含创新实验班),A435,青岛农业大学,204,161178
2024,1,08,动物科学(含创新实验班),A435,青岛农业大学,235,235849
2024,1,09,食品质量与安全(含创新实验班),A435,青岛农业大学,102,177425
2024,1,10,食品科学与工程(含创新实验班),A435,青岛农业大学,103,163621
2024,1,11,农业资源与环境(含创新实验班),A435,青岛农业大学,108,218537
2024,1,12,农林经济管理(含创新实验班),A435,青岛农业大学,120,124598
2024,1,13,园林(含创新实验班),A435,青岛农业大学,120,133099
2024,1,14,风景园林,A435,青岛农业大学,120,155316
2024,1,15,建筑学,A435,青岛农业大学,70,152089
2024,1,16,工程造价,A435,青岛农业大学,70,149261
2024,1,17,生物育种科学,A435,青岛农业大学,15,157482
2024,1,18,材料化学,A435,青岛农业大学,56,185395
2024,1,19,功能材料,A435,青岛农业大学,60,186040
2024,1,20,土木工程,A435,青岛农业大学,84,218378
2024,1,21,电子信息工程,A435,青岛农业大学,220,119450
2024,1,22,计算机科学与技术,A435,青岛农业大学,199,104919
2024,1,23,测控技术与仪器,A435,青岛农业大学,70,147062
2024,1,24,电气工程及其自动化,A435,青岛农业大学,70,107173
2024,1,25,建筑环境与能源应用工程,A435,青岛农业大学,55,204018
2024,1,26,数据科学与大数据技术,A435,青岛农业大学,62,114994
2024,1,27,应用化学,A435,青岛农业大学,87,181660
2024,1,28,茶学,A435,青岛农业大学,11,182771
2024,1,29,林学,A435,青岛农业大学,46,201355
2024,1,30,药学,A435,青岛农业大学,70,154580
2024,1,31,制药工程,A435,青岛农业大学,83,169351
2024,1,32,智慧农业,A435,青岛农业大学,30,167063
2024,1,33,动物药学,A435,青岛农业大学,50,181344
2024,1,34,粮食工程,A435,青岛农业大学,37,198486
2024,1,35,马业科学,A435,青岛农业大学,10,184015
2024,1,36,环境科学,A435,青岛农业大学,47,208474
2024,1,37,环境工程,A435,青岛农业大学,48,207051
2024,1,38,环境生态工程,A435,青岛农业大学,44,213424
2024,1,39,海洋资源与环境,A435,青岛农业大学,64,201478
2024,1,40,化学工程与工艺,A435,青岛农业大学,62,177864
2024,1,41,水产养殖学,A435,青岛农业大学,15,184030
2024,1,42,水生动物医学,A435,青岛农业大学,16,191610
2024,1,43,水族科学与技术,A435,青岛农业大学,14,205407
2024,1,44,草坪科学与工程,A435,青岛农业大学,35,218547
2024,1,45,设施农业科学与工程,A435,青岛农业大学,17,184273
2024,1,46,智能科学与技术,A435,青岛农业大学,60,124908
2024,1,47,农业智能装备工程,A435,青岛农业大学,60,170889
2024,1,48,土地科学与技术,A435,青岛农业大学,14,183896
2024,1,49,机械设计制造及其自动化,A435,青岛农业大学,70,128094
2024,1,50,农业机械化及其自动化(含创新实验班),A435,青岛农业大学,54,148747
2024,1,51,英语,A435,青岛农业大学,111,114284
2024,1,52,日语,A435,青岛农业大学,60,136417
2024,1,53,会计学,A435,青岛农业大学,105,85778
2024,1,54,朝鲜语,A435,青岛农业大学,45,146443
2024,1,55,传播学,A435,青岛农业大学,56,115735
2024,1,56,财务管理,A435,青岛农业大学,105,90207
2024,1,57,电子商务,A435,青岛农业大学,103,132232
2024,1,58,物流管理,A435,青岛农业大学,98,134268
2024,1,59,知识产权,A435,青岛农业大学,90,93151
2024,1,61,汉语言文学,A435,青岛农业大学,133,83983
2024,1,62,经济与金融,A435,青岛农业大学,105,117507
2024,1,63,公共事业管理,A435,青岛农业大学,148,128820
2024,1,Y0,广播电视编导,A435,青岛农业大学,60,148381
2024,1,H1,农学(中外合作办学)(英国皇家农业大学),A435,青岛农业大学,57,299164
2024,1,H2,农业资源与环境(中外合作办学)(英国皇家农业大学),A435,青岛农业大学,59,318092
2024,1,H3,食品科学与工程(中外合作办学)(英国皇家农业大学),A435,青岛农业大学,88,318242
2024,1,H4,物流管理(中外合作办学)(英国皇家农业大学),A435,青岛农业大学,88,189961
2024,1,N1,水生动物医学(地方专项计划),A435,青岛农业大学,20,210637
2024,1,N2,建筑环境与能源应用工程(地方专项计划),A435,青岛农业大学,5,181032
2024,1,N3,马业科学(地方专项计划),A435,青岛农业大学,15,209360
2024,1,N4,设施农业科学与工程(地方专项计划),A435,青岛农业大学,10,180935
2024,1,N5,水产养殖学(地方专项计划),A435,青岛农业大学,20,222269
2024,1,N6,草业科学(含创新实验班，地方专项计划),A435,青岛农业大学,20,224099
2024,1,N7,农业资源与环境(含创新实验班，地方专项计划),A435,青岛农业大学,10,194484
2024,1,N8,土木工程(地方专项计划),A435,青岛农业大学,10,209484
2024,1,N9,草坪科学与工程(地方专项计划),A435,青岛农业大学,20,217317
2024,1,NA,土地科学与技术(地方专项计划),A435,青岛农业大学,10,192779
2024,1,NB,朝鲜语(地方专项计划),A435,青岛农业大学,10,148982
2024,1,NC,水族科学与技术(地方专项计划),A435,青岛农业大学,20,218140
2024,1,ND,林学(地方专项计划),A435,青岛农业大学,5,190274
2024,1,NE,粮食工程(地方专项计划),A435,青岛农业大学,5,185560
2024,1,01,临床医学,A438,山东第二医科大学,481,58901
2024,1,02,麻醉学,A438,山东第二医科大学,123,67902
2024,1,03,口腔医学,A438,山东第二医科大学,76,50175
2024,1,04,预防医学,A438,山东第二医科大学,143,166529
2024,1,05,医学影像学,A438,山东第二医科大学,68,64645
2024,1,06,眼视光医学,A438,山东第二医科大学,41,73764
2024,1,07,中医学,A438,山东第二医科大学,50,95476
2024,1,08,临床药学,A438,山东第二医科大学,60,145305
2024,1,09,法医学,A438,山东第二医科大学,23,112717
2024,1,10,医学检验技术,A438,山东第二医科大学,143,148489
2024,1,11,药学,A438,山东第二医科大学,158,185402
2024,1,12,中药学,A438,山东第二医科大学,50,182787
2024,1,13,医学影像技术,A438,山东第二医科大学,19,117336
2024,1,14,生物技术,A438,山东第二医科大学,41,199846
2024,1,15,生物医学工程,A438,山东第二医科大学,46,180990
2024,1,16,生物制药,A438,山东第二医科大学,86,194291
2024,1,17,康复治疗学,A438,山东第二医科大学,21,153270
2024,1,18,康复物理治疗,A438,山东第二医科大学,30,174808
2024,1,19,康复作业治疗,A438,山东第二医科大学,31,183434
2024,1,20,食品质量与安全,A438,山东第二医科大学,42,198357
2024,1,21,卫生检验与检疫,A438,山东第二医科大学,67,190397
2024,1,22,智能医学工程,A438,山东第二医科大学,31,170742
2024,1,23,眼视光学,A438,山东第二医科大学,55,149508
2024,1,24,生物统计学,A438,山东第二医科大学,25,185904
2024,1,25,护理学,A438,山东第二医科大学,222,143074
2024,1,26,运动康复,A438,山东第二医科大学,50,152431
2024,1,27,大数据管理与应用,A438,山东第二医科大学,12,136758
2024,1,28,公共事业管理,A438,山东第二医科大学,60,144932
2024,1,29,应用心理学,A438,山东第二医科大学,84,143404
2024,1,30,劳动与社会保障,A438,山东第二医科大学,12,142641
2024,1,31,法学,A438,山东第二医科大学,43,94961
2024,1,32,英语,A438,山东第二医科大学,24,134671
2024,1,01,临床医学,A439,山东第一医科大学,672,39835
2024,1,02,麻醉学,A439,山东第一医科大学,60,43965
2024,1,03,医学实验技术,A439,山东第一医科大学,74,138215
2024,1,2J,眼视光医学,A439,山东第一医科大学,55,45183
2024,1,2K,眼视光学,A439,山东第一医科大学,55,95742
2024,1,2L,放射医学,A439,山东第一医科大学,60,57191
2024,1,2M,口腔医学,A439,山东第一医科大学,129,40972
2024,1,2N,口腔医学技术,A439,山东第一医科大学,25,77851
2024,1,2P,预防医学,A439,山东第一医科大学,114,92503
2024,1,2Q,医学检验技术,A439,山东第一医科大学,129,95665
2024,1,2R,生物医学科学,A439,山东第一医科大学,70,143155
2024,1,2S,生物技术,A439,山东第一医科大学,85,157175
2024,1,2T,医学实验技术(医学实验动物方向),A439,山东第一医科大学,50,163992
2024,1,2U,医学影像学,A439,山东第一医科大学,97,47619
2024,1,2V,医学影像技术,A439,山东第一医科大学,182,121593
2024,1,2Z,康复治疗学,A439,山东第一医科大学,150,150197
2024,1,34,智能医学工程,A439,山东第一医科大学,60,141197
2024,1,35,医学信息工程,A439,山东第一医科大学,36,140570
2024,1,3R,精神医学,A439,山东第一医科大学,44,62457
2024,1,3S,药学,A439,山东第一医科大学,445,126983
2024,1,3U,临床药学,A439,山东第一医科大学,130,103826
2024,1,3W,中药学,A439,山东第一医科大学,45,120937
2024,1,3X,卫生检验与检疫,A439,山东第一医科大学,52,127252
2024,1,65,智能影像工程,A439,山东第一医科大学,12,116704
2024,1,66,康复物理治疗,A439,山东第一医科大学,10,129494
2024,1,68,预防医学(卫生事业管理方向),A439,山东第一医科大学,25,116657
2024,1,69,预防医学(医疗保障方向),A439,山东第一医科大学,25,97706
2024,1,6B,护理学,A439,山东第一医科大学,213,145850
2024,1,6D,生物制药,A439,山东第一医科大学,23,140304
2024,1,6F,计算机科学与技术,A439,山东第一医科大学,125,127145
2024,1,6H,制药工程,A439,山东第一医科大学,22,141769
2024,1,6A,护理学(中外合作办学),A439,山东第一医科大学,70,203308
2024,1,30,运动康复(地方专项计划),A439,山东第一医科大学,10,136705
2024,1,3B,英语(地方专项计划),A439,山东第一医科大学,55,141367
2024,1,42,公共事业管理(地方专项计划),A439,山东第一医科大学,55,141872
2024,1,44,医疗保险(地方专项计划),A439,山东第一医科大学,55,141253
2024,1,6C,护理学(地方专项计划),A439,山东第一医科大学,30,150218
2024,1,6E,生物制药(地方专项计划),A439,山东第一医科大学,30,164537
2024,1,6G,计算机科学与技术(地方专项计划),A439,山东第一医科大学,10,121875
2024,1,6J,制药工程(地方专项计划),A439,山东第一医科大学,25,162333
2024,1,11,特殊教育,A440,滨州医学院,6,124705
2024,1,12,公共事业管理,A440,滨州医学院,121,167686
2024,1,15,康复作业治疗,A440,滨州医学院,20,185607
2024,1,17,信息资源管理,A440,滨州医学院,25,155879
2024,1,1A,临床医学,A440,滨州医学院,527,74902
2024,1,1B,麻醉学,A440,滨州医学院,73,78192
2024,1,1C,医学影像学,A440,滨州医学院,76,79870
2024,1,1D,儿科学,A440,滨州医学院,30,93852
2024,1,1E,口腔医学,A440,滨州医学院,76,48705
2024,1,1F,预防医学,A440,滨州医学院,29,129847
2024,1,1G,生物技术,A440,滨州医学院,24,213749
2024,1,1H,统计学,A440,滨州医学院,22,173392
2024,1,1J,药学,A440,滨州医学院,156,193677
2024,1,1K,中药学,A440,滨州医学院,37,193685
2024,1,1L,医学检验技术,A440,滨州医学院,6,112876
2024,1,1N,眼视光学,A440,滨州医学院,19,130265
2024,1,1Q,口腔医学技术,A440,滨州医学院,14,131918
2024,1,1R,听力与言语康复学,A440,滨州医学院,7,192957
2024,1,1S,护理学,A440,滨州医学院,236,158988
2024,1,1T,信息管理与信息系统,A440,滨州医学院,102,182359
2024,1,1U,假肢矫形工程,A440,滨州医学院,6,185507
2024,1,1V,生物制药,A440,滨州医学院,62,211119
2024,1,1W,康复物理治疗,A440,滨州医学院,20,184259
2024,1,1X,健康服务与管理,A440,滨州医学院,47,155016
2024,1,1Y,中医学,A440,滨州医学院,97,110553
2024,1,1Z,应用心理学,A440,滨州医学院,18,146545
2024,1,7A,康复治疗学(中外合作办学),A440,滨州医学院,80,249000
2024,1,00,中医学(5+3一体化),A441,山东中医药大学,120,35056
2024,1,01,中医学(5+3一体化，儿科方向),A441,山东中医药大学,30,42637
2024,1,02,中医学(5+3一体化，针推方向),A441,山东中医药大学,30,37867
2024,1,03,中药学(拔尖学生基地班),A441,山东中医药大学,20,97073
2024,1,04,中医学,A441,山东中医药大学,210,61955
2024,1,05,中西医临床医学,A441,山东中医药大学,140,92525
2024,1,06,中药学,A441,山东中医药大学,112,143141
2024,1,07,中药资源与开发,A441,山东中医药大学,31,175469
2024,1,08,中草药栽培与鉴定,A441,山东中医药大学,31,180243
2024,1,09,药学,A441,山东中医药大学,75,135754
2024,1,10,药物制剂,A441,山东中医药大学,50,153967
2024,1,11,制药工程,A441,山东中医药大学,126,165945
2024,1,12,针灸推拿学,A441,山东中医药大学,229,98069
2024,1,13,护理学,A441,山东中医药大学,225,130383
2024,1,14,市场营销,A441,山东中医药大学,60,142165
2024,1,15,信息管理与信息系统,A441,山东中医药大学,31,131671
2024,1,16,法学,A441,山东中医药大学,89,86234
2024,1,17,公共事业管理,A441,山东中医药大学,28,126645
2024,1,18,英语,A441,山东中医药大学,100,128121
2024,1,19,生物医学工程,A441,山东中医药大学,90,158502
2024,1,20,计算机科学与技术,A441,山东中医药大学,110,132761
2024,1,21,数据科学与大数据技术,A441,山东中医药大学,110,148071
2024,1,22,智能医学工程,A441,山东中医药大学,60,157636
2024,1,23,中医康复学,A441,山东中医药大学,100,110711
2024,1,24,康复治疗学,A441,山东中医药大学,45,138463
2024,1,25,康复物理治疗,A441,山东中医药大学,26,160054
2024,1,26,康复作业治疗,A441,山东中医药大学,34,164711
2024,1,27,运动康复,A441,山东中医药大学,55,118043
2024,1,28,中医养生学,A441,山东中医药大学,73,129795
2024,1,29,食品卫生与营养学,A441,山东中医药大学,57,188235
2024,1,30,应用心理学,A441,山东中医药大学,55,120353
2024,1,31,健康服务与管理,A441,山东中医药大学,32,126838
2024,1,32,眼视光学,A441,山东中医药大学,80,136748
2024,1,33,眼视光医学,A441,山东中医药大学,71,71897
2024,1,34,临床医学,A441,山东中医药大学,95,65665
2024,1,35,中医骨伤科学,A441,山东中医药大学,24,69418
2024,1,N1,中医学(地方专项计划),A441,山东中医药大学,10,64658
2024,1,N2,中西医临床医学(地方专项计划),A441,山东中医药大学,15,95804
2024,1,N4,康复治疗学(地方专项计划),A441,山东中医药大学,10,153879
2024,1,N5,针灸推拿学(地方专项计划),A441,山东中医药大学,10,95874
2024,1,N6,护理学(地方专项计划),A441,山东中医药大学,15,125701
2024,1,N7,眼视光医学(地方专项计划),A441,山东中医药大学,5,74511
2024,1,N8,制药工程(地方专项计划),A441,山东中医药大学,10,154698
2024,1,N9,应用心理学(地方专项计划),A441,山东中医药大学,5,114053
2024,1,NA,临床医学(地方专项计划),A441,山东中医药大学,5,66980
2024,1,NB,药学(地方专项计划),A441,山东中医药大学,5,125784
2024,1,NC,生物医学工程(地方专项计划),A441,山东中医药大学,10,154458
2024,1,ND,中药资源与开发(地方专项计划),A441,山东中医药大学,10,180843
2024,1,NE,中草药栽培与鉴定(地方专项计划),A441,山东中医药大学,10,188018
2024,1,NF,信息管理与信息系统(地方专项计划),A441,山东中医药大学,10,137047
2024,1,NG,市场营销(地方专项计划),A441,山东中医药大学,5,142132
2024,1,NH,公共事业管理(地方专项计划),A441,山东中医药大学,5,126682
2024,1,NJ,运动康复(地方专项计划),A441,山东中医药大学,5,108735
2024,1,NK,中医养生学(地方专项计划),A441,山东中医药大学,10,142859
2024,1,NL,健康服务与管理(地方专项计划),A441,山东中医药大学,5,128844
2024,1,01,临床医学,A443,济宁医学院,386,92378
2024,1,02,医学影像学,A443,济宁医学院,75,90549
2024,1,03,精神医学,A443,济宁医学院,110,120750
2024,1,04,儿科学,A443,济宁医学院,35,99770
2024,1,05,口腔医学,A443,济宁医学院,75,62318
2024,1,06,预防医学,A443,济宁医学院,100,193279
2024,1,07,针灸推拿学,A443,济宁医学院,60,123239
2024,1,08,中西医临床医学,A443,济宁医学院,100,125566
2024,1,09,法医学,A443,济宁医学院,35,133724
2024,1,10,应用心理学,A443,济宁医学院,32,153790
2024,1,11,制药工程,A443,济宁医学院,35,213787
2024,1,13,生物制药,A443,济宁医学院,70,220861
2024,1,14,医学检验技术,A443,济宁医学院,40,157304
2024,1,15,康复治疗学,A443,济宁医学院,65,183225
2024,1,16,康复工程,A443,济宁医学院,30,210676
2024,1,17,卫生检验与检疫,A443,济宁医学院,22,203236
2024,1,18,护理学,A443,济宁医学院,215,165016
2024,1,20,临床药学,A443,济宁医学院,55,166276
2024,1,21,英语,A443,济宁医学院,110,162071
2024,1,22,生物技术,A443,济宁医学院,50,246550
2024,1,23,医学信息工程,A443,济宁医学院,38,223710
2024,1,24,计算机科学与技术,A443,济宁医学院,130,193034
2024,1,25,生物医学工程,A443,济宁医学院,38,212001
2024,1,26,生物工程,A443,济宁医学院,62,249242
2024,1,27,生物信息学,A443,济宁医学院,38,249116
2024,1,28,药学,A443,济宁医学院,148,212982
2024,1,29,药物制剂,A443,济宁医学院,68,238556
2024,1,30,中药学,A443,济宁医学院,40,202136
2024,1,31,信息管理与信息系统,A443,济宁医学院,40,175528
2024,1,32,市场营销,A443,济宁医学院,70,175063
2024,1,33,公共事业管理,A443,济宁医学院,70,166912
2024,1,89,医学影像技术,A443,济宁医学院,35,163947
2024,1,A1,思想政治教育(师范类),A445,山东师范大学,116,36596
2024,1,A3,中国共产党历史,A445,山东师范大学,12,37331
2024,1,BL,金融学类,A445,山东师范大学,50,54997
2024,1,C1,法学,A445,山东师范大学,143,34525
2024,1,D1,教育学(师范类),A445,山东师范大学,34,42570
2024,1,D2,教育技术学(师范类),A445,山东师范大学,10,58537
2024,1,D4,小学教育(师范类),A445,山东师范大学,40,46970
2024,1,FL,中国语言文学类,A445,山东师范大学,240,33156
2024,1,G1,汉语国际教育(师范类),A445,山东师范大学,60,48973
2024,1,H1,英语(师范类),A445,山东师范大学,90,46696
2024,1,ML,新闻传播学类,A445,山东师范大学,60,53927
2024,1,N1,历史学(师范类),A445,山东师范大学,143,41726
2024,1,P1,数学与应用数学(师范类),A445,山东师范大学,155,45579
2024,1,P3,统计学,A445,山东师范大学,20,44035
2024,1,P4,数据科学与大数据技术,A445,山东师范大学,25,42039
2024,1,Q1,物理学(师范类),A445,山东师范大学,140,56428
2024,1,QL,电子信息类,A445,山东师范大学,30,43767
2024,1,R1,化学(师范类),A445,山东师范大学,185,63802
2024,1,R2,化学工程与工艺,A445,山东师范大学,10,51080
2024,1,S3,食品科学与工程,A445,山东师范大学,6,53472
2024,1,SL,生物科学类,A445,山东师范大学,135,75434
2024,1,TL,地理科学类,A445,山东师范大学,115,49441
2024,1,UL,心理学类,A445,山东师范大学,30,67725
2024,1,V1,通信工程,A445,山东师范大学,25,41251
2024,1,V6,人工智能,A445,山东师范大学,15,43538
2024,1,VL,计算机类,A445,山东师范大学,155,43248
2024,1,X4,信息管理与信息系统,A445,山东师范大学,10,41250
2024,1,XL,工商管理类,A445,山东师范大学,30,44562
2024,1,Y4,哲学,A445,山东师范大学,20,45809
2024,1,YL,公共管理类,A445,山东师范大学,25,53990
2024,1,XV,物流管理(中外合作办学),A445,山东师范大学,90,132731
2024,1,XX,财务管理(中外合作办学),A445,山东师范大学,85,87818
2024,1,1A,思想政治教育(师范类，地方专项计划),A445,山东师范大学,5,36932
2024,1,1C,法学(地方专项计划),A445,山东师范大学,5,34972
2024,1,1G,汉语国际教育(师范类，地方专项计划),A445,山东师范大学,5,48935
2024,1,1H,英语(师范类，地方专项计划),A445,山东师范大学,10,48159
2024,1,1N,历史学(师范类，地方专项计划),A445,山东师范大学,5,39310
2024,1,1P,数学与应用数学(师范类，地方专项计划),A445,山东师范大学,5,43725
2024,1,1Q,物理学(师范类，地方专项计划),A445,山东师范大学,5,53478
2024,1,1R,化学(师范类，地方专项计划),A445,山东师范大学,5,51197
2024,1,1V,通信工程(地方专项计划),A445,山东师范大学,5,48484
2024,1,2D,教育技术学(师范类，地方专项计划),A445,山东师范大学,5,73141
2024,1,2M,戏剧影视文学(地方专项计划),A445,山东师范大学,5,134961
2024,1,2R,化学工程与工艺(地方专项计划),A445,山东师范大学,5,67913
2024,1,3M,广播电视编导(地方专项计划),A445,山东师范大学,10,134424
2024,1,3S,食品科学与工程(地方专项计划),A445,山东师范大学,5,74056
2024,1,4P,数据科学与大数据技术(地方专项计划),A445,山东师范大学,5,47594
2024,1,4T,环境科学(地方专项计划),A445,山东师范大学,5,78968
2024,1,4Y,哲学(地方专项计划),A445,山东师范大学,5,55306
2024,1,5H,日语(师范类，地方专项计划),A445,山东师范大学,5,73383
2024,1,6V,人工智能(地方专项计划),A445,山东师范大学,5,48841
2024,1,LB,金融学类(地方专项计划),A445,山东师范大学,15,58923
2024,1,LF,中国语言文学类(地方专项计划),A445,山东师范大学,5,33185
2024,1,LM,新闻传播学类(地方专项计划),A445,山东师范大学,5,53653
2024,1,LQ,电子信息类(地方专项计划),A445,山东师范大学,5,47173
2024,1,LS,生物科学类(地方专项计划),A445,山东师范大学,10,75005
2024,1,LT,地理科学类(地方专项计划),A445,山东师范大学,15,53744
2024,1,LU,心理学类(地方专项计划),A445,山东师范大学,10,86054
2024,1,LV,计算机类(地方专项计划),A445,山东师范大学,5,45117
2024,1,LX,工商管理类(地方专项计划),A445,山东师范大学,10,49345
2024,1,LY,公共管理类(地方专项计划),A445,山东师范大学,15,64317
2024,1,1S,教育技术学(师范类),A446,曲阜师范大学,83,137123
2024,1,1T,新闻学,A446,曲阜师范大学,73,94799
2024,1,1U,广播电视学,A446,曲阜师范大学,27,104285
2024,1,2S,地理科学(师范类),A446,曲阜师范大学,234,73233
2024,1,2T,旅游管理,A446,曲阜师范大学,14,111883
2024,1,2U,土地资源管理,A446,曲阜师范大学,19,99474
2024,1,2V,法学,A446,曲阜师范大学,98,52723
2024,1,2W,日语(师范类),A446,曲阜师范大学,36,104410
2024,1,2X,翻译,A446,曲阜师范大学,20,100482
2024,1,2Y,英语,A446,曲阜师范大学,39,65607
2024,1,3A,电气工程及其自动化,A446,曲阜师范大学,157,86517
2024,1,3B,自动化,A446,曲阜师范大学,162,102745
2024,1,3C,智能感知工程,A446,曲阜师范大学,40,118571
2024,1,3D,物流管理,A446,曲阜师范大学,22,104437
2024,1,3E,工商管理,A446,曲阜师范大学,52,99666
2024,1,3F,财务管理,A446,曲阜师范大学,96,73909
2024,1,3Y,化学(师范类),A446,曲阜师范大学,324,129217
2024,1,3Z,材料化学,A446,曲阜师范大学,26,127324
2024,1,4S,小学教育(师范类),A446,曲阜师范大学,66,70809
2024,1,4T,教育学(师范类),A446,曲阜师范大学,47,68374
2024,1,5N,心理学(师范类),A446,曲阜师范大学,70,84538
2024,1,5P,金融工程,A446,曲阜师范大学,43,121435
2024,1,5Q,经济学,A446,曲阜师范大学,122,88692
2024,1,5R,国际经济与贸易,A446,曲阜师范大学,43,104321
2024,1,5S,化学工程与工艺,A446,曲阜师范大学,21,123367
2024,1,6S,历史学(师范类),A446,曲阜师范大学,232,63187
2024,1,6T,文化产业管理,A446,曲阜师范大学,12,93656
2024,1,6U,文物与博物馆学,A446,曲阜师范大学,32,81169
2024,1,7A,哲学,A446,曲阜师范大学,46,88041
2024,1,7B,政治学与行政学,A446,曲阜师范大学,55,76301
2024,1,8S,思想政治教育(师范类),A446,曲阜师范大学,130,54102
2024,1,9S,生物科学(师范类),A446,曲阜师范大学,233,136917
2024,1,9T,生物工程,A446,曲阜师范大学,26,119336
2024,1,9U,生态学,A446,曲阜师范大学,20,143704
2024,1,B7,数学与应用数学(师范类),A446,曲阜师范大学,272,82730
2024,1,B8,数学与应用数学,A446,曲阜师范大学,86,87226
2024,1,E5,统计学,A446,曲阜师范大学,101,100852
2024,1,E6,数据科学,A446,曲阜师范大学,24,109326
2024,1,H2,英语(师范类),A446,曲阜师范大学,153,60341
2024,1,H3,法语,A446,曲阜师范大学,18,115683
2024,1,H4,俄语,A446,曲阜师范大学,16,100544
2024,1,K5,汉语言文学(师范类),A446,曲阜师范大学,223,47153
2024,1,K6,汉语国际教育(师范类),A446,曲阜师范大学,40,65623
2024,1,K7,戏剧影视文学,A446,曲阜师范大学,65,139573
2024,1,L2,物理学(师范类),A446,曲阜师范大学,223,110621
2024,1,N3,光电信息科学与工程,A446,曲阜师范大学,21,98636
2024,1,N4,新能源材料与器件,A446,曲阜师范大学,8,104695
2024,1,Q6,电子信息工程,A446,曲阜师范大学,36,85798
2024,1,Q7,通信工程,A446,曲阜师范大学,28,90525
2024,1,Q8,软件工程,A446,曲阜师范大学,212,103522
2024,1,Q9,网络空间安全,A446,曲阜师范大学,35,95468
2024,1,T2,计算机科学与技术(师范类),A446,曲阜师范大学,108,90250
2024,1,T3,网络工程,A446,曲阜师范大学,26,96416
2024,1,T4,数据科学与大数据技术,A446,曲阜师范大学,64,89925
2024,1,T5,人工智能,A446,曲阜师范大学,60,101206
2024,1,U2,汉语言文学(师范类，地方专项计划),A446,曲阜师范大学,5,44303
2024,1,U3,教育学(师范类，地方专项计划),A446,曲阜师范大学,5,70223
2024,1,U4,教育技术学(师范类，地方专项计划),A446,曲阜师范大学,10,126332
2024,1,U5,计算机科学与技术(师范类，地方专项计划),A446,曲阜师范大学,5,91694
2024,1,U6,新能源材料与器件(地方专项计划),A446,曲阜师范大学,10,123113
2024,1,U7,生物工程(地方专项计划),A446,曲阜师范大学,10,126287
2024,1,U8,通信工程(地方专项计划),A446,曲阜师范大学,5,91954
2024,1,U9,旅游管理(地方专项计划),A446,曲阜师范大学,10,126772
2024,1,V2,土地资源管理(地方专项计划),A446,曲阜师范大学,10,108173
2024,1,V3,物流管理(地方专项计划),A446,曲阜师范大学,10,116159
2024,1,V4,网络工程(地方专项计划),A446,曲阜师范大学,5,99601
2024,1,V5,政治学与行政学(地方专项计划),A446,曲阜师范大学,5,75938
2024,1,V6,国际经济与贸易(地方专项计划),A446,曲阜师范大学,10,110136
2024,1,V7,生态学(地方专项计划),A446,曲阜师范大学,10,186498
2024,1,V8,英语(地方专项计划),A446,曲阜师范大学,10,70791
2024,1,V9,俄语(地方专项计划),A446,曲阜师范大学,10,109204
2024,1,W2,化学工程与工艺(地方专项计划),A446,曲阜师范大学,10,139993
2024,1,W3,心理学(师范类，地方专项计划),A446,曲阜师范大学,10,90997
2024,1,W4,金融工程(地方专项计划),A446,曲阜师范大学,10,131277
2024,1,W5,日语(师范类，地方专项计划),A446,曲阜师范大学,10,118440
2024,1,W6,翻译(地方专项计划),A446,曲阜师范大学,5,106201
2024,1,W7,自动化(地方专项计划),A446,曲阜师范大学,5,95119
2024,1,10,哲学,A447,聊城大学,40,118049
2024,1,11,经济学,A447,聊城大学,138,142011
2024,1,12,金融工程,A447,聊城大学,80,149101
2024,1,13,法学,A447,聊城大学,124,85668
2024,1,14,知识产权,A447,聊城大学,70,98058
2024,1,15,政治学、经济学与哲学,A447,聊城大学,65,119662
2024,1,16,思想政治教育(师范类),A447,聊城大学,113,87765
2024,1,17,教育学(师范类),A447,聊城大学,37,100791
2024,1,18,教育技术学(师范类),A447,聊城大学,80,154549
2024,1,1A,小学教育(师范类),A447,聊城大学,57,94009
2024,1,1D,汉语言文学(师范类),A447,聊城大学,188,79752
2024,1,1E,汉语国际教育,A447,聊城大学,60,112534
2024,1,1F,英语(师范类),A447,聊城大学,108,98622
2024,1,1G,西班牙语,A447,聊城大学,20,148649
2024,1,1H,日语,A447,聊城大学,57,142572
2024,1,1K,历史学(师范类),A447,聊城大学,107,94063
2024,1,1L,外国语言与外国历史,A447,聊城大学,40,131104
2024,1,1M,数学与应用数学(师范类),A447,聊城大学,178,151623
2024,1,1N,物理学(师范类),A447,聊城大学,128,185286
2024,1,1P,化学(师范类),A447,聊城大学,186,228136
2024,1,1Q,应用化学,A447,聊城大学,60,189585
2024,1,1R,地理科学(师范类),A447,聊城大学,134,100542
2024,1,1S,地理信息科学,A447,聊城大学,112,118288
2024,1,1T,生物科学(师范类),A447,聊城大学,187,316823
2024,1,1U,应用心理学,A447,聊城大学,34,121631
2024,1,1V,机械设计制造及其自动化,A447,聊城大学,36,134265
2024,1,1W,机械电子工程,A447,聊城大学,11,136496
2024,1,1X,车辆工程,A447,聊城大学,44,148102
2024,1,1Y,材料科学与工程,A447,聊城大学,27,187889
2024,1,1Z,金属材料工程,A447,聊城大学,31,201685
2024,1,20,高分子材料与工程,A447,聊城大学,38,186881
2024,1,21,新能源材料与器件,A447,聊城大学,28,161775
2024,1,22,电子信息工程,A447,聊城大学,106,129971
2024,1,23,通信工程,A447,聊城大学,117,136749
2024,1,24,光电信息科学与工程,A447,聊城大学,115,147912
2024,1,25,人工智能,A447,聊城大学,78,143125
2024,1,26,计算机科学与技术,A447,聊城大学,74,115841
2024,1,27,软件工程,A447,聊城大学,134,123864
2024,1,28,网络工程,A447,聊城大学,80,136693
2024,1,29,数据科学与大数据技术,A447,聊城大学,80,135620
2024,1,2A,土木工程,A447,聊城大学,10,205508
2024,1,2B,智能建造,A447,聊城大学,65,203309
2024,1,2C,化学工程与工艺,A447,聊城大学,120,199120
2024,1,2D,环境科学,A447,聊城大学,33,208552
2024,1,2E,食品科学与工程,A447,聊城大学,45,188375
2024,1,2F,建筑学,A447,聊城大学,38,156547
2024,1,2G,生物工程,A447,聊城大学,25,188016
2024,1,2H,生物制药,A447,聊城大学,157,208652
2024,1,2J,智慧农业,A447,聊城大学,51,196230
2024,1,2K,智慧牧业科学与工程,A447,聊城大学,70,221805
2024,1,2L,动物医学,A447,聊城大学,47,171425
2024,1,2M,园林,A447,聊城大学,43,141967
2024,1,2N,药学,A447,聊城大学,77,193357
2024,1,2P,口腔医学技术,A447,聊城大学,75,164431
2024,1,2Q,智能影像工程,A447,聊城大学,78,186390
2024,1,2R,护理学,A447,聊城大学,120,150727
2024,1,2S,会计学,A447,聊城大学,87,106164
2024,1,2T,工商管理,A447,聊城大学,76,118394
2024,1,2U,行政管理,A447,聊城大学,79,123881
2024,1,2V,质量管理工程,A447,聊城大学,78,155287
2024,1,2W,旅游管理,A447,聊城大学,71,147778
2024,1,2X,广播电视编导,A447,聊城大学,50,157901
2024,1,2Y,广播电视编导(中外合作办学)(与韩国清州大学合作),A447,聊城大学,40,189738
2024,1,38,机械电子工程(地方专项计划),A447,聊城大学,5,142767
2024,1,39,车辆工程(地方专项计划),A447,聊城大学,15,156395
2024,1,3A,材料科学与工程(地方专项计划),A447,聊城大学,15,190144
2024,1,3B,金属材料工程(地方专项计划),A447,聊城大学,20,196348
2024,1,3C,高分子材料与工程(地方专项计划),A447,聊城大学,15,186601
2024,1,3D,新能源材料与器件(地方专项计划),A447,聊城大学,15,168876
2024,1,3E,土木工程(地方专项计划),A447,聊城大学,20,217564
2024,1,3F,环境科学(地方专项计划),A447,聊城大学,15,199283
2024,1,3G,食品科学与工程(地方专项计划),A447,聊城大学,10,185500
2024,1,3H,生物工程(地方专项计划),A447,聊城大学,10,190806
2024,1,3J,智慧农业(地方专项计划),A447,聊城大学,10,188628
2024,1,3K,动物医学(地方专项计划),A447,聊城大学,5,166148
2024,1,3L,园林(地方专项计划),A447,聊城大学,15,146501
2024,1,3M,智慧牧业科学与工程(地方专项计划),A447,聊城大学,10,200393
2024,1,0B,英语(师范类),A448,德州学院,44,141355
2024,1,0E,生物科学(师范类),A448,德州学院,69,307710
2024,1,0H,学前教育(师范类),A448,德州学院,35,151193
2024,1,0J,地理科学(师范类),A448,德州学院,110,145351
2024,1,0L,人文地理与城乡规划,A448,德州学院,13,153391
2024,1,0M,护理学,A448,德州学院,31,133155
2024,1,0N,俄语,A448,德州学院,68,176824
2024,1,0P,汉语国际教育(师范类),A448,德州学院,40,146851
2024,1,0Q,法学,A448,德州学院,19,106377
2024,1,0R,思想政治教育(师范类),A448,德州学院,33,126243
2024,1,0T,生物制药,A448,德州学院,40,233709
2024,1,0U,智能制造工程,A448,德州学院,80,243348
2024,1,0V,汉语言文学(师范类),A448,德州学院,99,119864
2024,1,0W,新闻学,A448,德州学院,50,152481
2024,1,0X,数学与应用数学(师范类),A448,德州学院,80,285782
2024,1,18,网络工程,A448,德州学院,115,230856
2024,1,1A,化学工程与工艺,A448,德州学院,60,249237
2024,1,1B,化学(师范类),A448,德州学院,80,294371
2024,1,1C,环境工程,A448,德州学院,70,281077
2024,1,1D,人工智能,A448,德州学院,120,240916
2024,1,1G,纺织工程,A448,德州学院,79,269765
2024,1,1H,生物信息学,A448,德州学院,80,295196
2024,1,1J,能源与动力工程,A448,德州学院,20,197334
2024,1,1L,制药工程,A448,德州学院,55,240351
2024,1,1M,材料化学,A448,德州学院,40,256633
2024,1,1R,风景园林,A448,德州学院,15,154772
2024,1,1S,食品质量与安全,A448,德州学院,85,259470
2024,1,1U,应用统计学,A448,德州学院,74,250986
2024,1,1Y,国际经济与贸易,A448,德州学院,40,165337
2024,1,1Z,会计学,A448,德州学院,120,132386
2024,1,25,物理学(师范类),A448,德州学院,120,318396
2024,1,26,环境生态工程,A448,德州学院,40,268266
2024,1,29,计算机科学与技术,A448,德州学院,149,218777
2024,1,2D,物联网工程,A448,德州学院,148,242147
2024,1,2E,数字经济,A448,德州学院,40,185460
2024,1,2F,知识产权,A448,德州学院,40,120678
2024,1,2H,电子信息工程,A448,德州学院,152,232207
2024,1,34,服装设计与工程,A448,德州学院,40,176285
2024,1,36,小学教育(师范类),A448,德州学院,40,133197
2024,1,38,机械设计制造及其自动化,A448,德州学院,120,221825
2024,1,39,软件工程,A448,德州学院,120,229692
2024,1,3A,商务英语,A448,德州学院,115,171373
2024,1,3C,非织造材料与工程,A448,德州学院,40,251926
2024,1,3E,电气工程及其自动化,A448,德州学院,35,180579
2024,1,68,数据科学与大数据技术,A448,德州学院,80,231574
2024,1,6X,国际经济与贸易(数字贸易),A448,德州学院,80,171606
2024,1,72,工商管理,A448,德州学院,74,160386
2024,1,0Z,生物技术(中外合作办学),A448,德州学院,80,317384
2024,1,1X,能源与动力工程(中外合作办学),A448,德州学院,120,283619
2024,1,6Y,化学(中外合作办学),A448,德州学院,100,311003
2024,1,6Z,生物科学(中外合作办学),A448,德州学院,40,310082
2024,1,70,食品质量与安全(中外合作办学),A448,德州学院,80,318069
2024,1,13,汉语言文学(师范类),A449,山东航空学院,79,106692
2024,1,14,历史学(师范类),A449,山东航空学院,47,126697
2024,1,15,英语(师范类),A449,山东航空学院,68,132360
2024,1,16,商务英语,A449,山东航空学院,34,157956
2024,1,17,经济统计学,A449,山东航空学院,56,169105
2024,1,18,数字经济,A449,山东航空学院,28,174357
2024,1,19,财务管理,A449,山东航空学院,82,133089
2024,1,20,市场营销,A449,山东航空学院,40,170010
2024,1,21,思想政治教育(师范类),A449,山东航空学院,68,124809
2024,1,22,数学与应用数学(师范类),A449,山东航空学院,111,263788
2024,1,23,应用化学,A449,山东航空学院,72,259625
2024,1,24,高分子材料与工程,A449,山东航空学院,65,242467
2024,1,25,化学工程与工艺,A449,山东航空学院,69,243195
2024,1,26,安全工程,A449,山东航空学院,50,248845
2024,1,27,建筑学,A449,山东航空学院,35,180889
2024,1,28,智能建造,A449,山东航空学院,55,249632
2024,1,29,土木工程,A449,山东航空学院,53,264388
2024,1,30,机械设计制造及其自动化,A449,山东航空学院,85,200328
2024,1,31,航空航天工程,A449,山东航空学院,28,164391
2024,1,32,飞行器制造工程,A449,山东航空学院,105,203446
2024,1,33,飞行器设计与工程,A449,山东航空学院,71,211496
2024,1,34,自动化,A449,山东航空学院,77,191643
2024,1,35,电气工程及其自动化,A449,山东航空学院,130,170180
2024,1,36,机器人工程,A449,山东航空学院,30,206083
2024,1,37,人工智能,A449,山东航空学院,25,196232
2024,1,38,食品质量与安全,A449,山东航空学院,68,256018
2024,1,39,生物制药,A449,山东航空学院,33,231172
2024,1,40,环境工程,A449,山东航空学院,57,268403
2024,1,41,电子信息工程,A449,山东航空学院,77,190830
2024,1,42,光电信息科学与工程,A449,山东航空学院,32,211996
2024,1,43,飞行器动力工程,A449,山东航空学院,57,208896
2024,1,44,无人驾驶航空器系统工程,A449,山东航空学院,72,218533
2024,1,45,交通运输(空管与签派方向，男生),A449,山东航空学院,30,193054
2024,1,46,交通运输(民航机务工程方向，男生),A449,山东航空学院,100,204481
2024,1,48,交通工程,A449,山东航空学院,63,225655
2024,1,49,物流工程(航空物流方向),A449,山东航空学院,79,178882
2024,1,50,物联网工程,A449,山东航空学院,25,188492
2024,1,51,数据科学与大数据技术,A449,山东航空学院,25,183011
2024,1,52,学前教育(师范类),A449,山东航空学院,90,160701
2024,1,53,小学教育(师范类),A449,山东航空学院,79,137405
2024,1,55,通信工程,A449,山东航空学院,26,196411
2024,1,56,计算机科学与技术,A449,山东航空学院,115,177458
2024,1,57,生物技术,A449,山东航空学院,93,281635
2024,1,58,生态学,A449,山东航空学院,35,265760
2024,1,66,空间信息与数字技术,A449,山东航空学院,40,209023
2024,1,59,飞行器制造工程(中外合作办学),A449,山东航空学院,120,271522
2024,1,02,广播电视编导,A451,鲁东大学,42,147751
2024,1,05,汉语言文学(师范类),A451,鲁东大学,122,60229
2024,1,06,汉语言,A451,鲁东大学,70,76406
2024,1,07,传播学,A451,鲁东大学,64,114402
2024,1,08,汉语国际教育,A451,鲁东大学,73,104303
2024,1,09,历史学(师范类),A451,鲁东大学,140,84803
2024,1,10,思想政治教育(师范类),A451,鲁东大学,131,81228
2024,1,11,法学,A451,鲁东大学,156,70134
2024,1,12,社会工作,A451,鲁东大学,65,122587
2024,1,13,英语(师范类),A451,鲁东大学,182,91529
2024,1,14,日语,A451,鲁东大学,34,137755
2024,1,15,朝鲜语,A451,鲁东大学,32,150532
2024,1,16,小学教育(师范类),A451,鲁东大学,83,87951
2024,1,17,学前教育(师范类),A451,鲁东大学,54,126306
2024,1,18,心理学(师范类),A451,鲁东大学,63,110263
2024,1,19,经济学,A451,鲁东大学,124,103992
2024,1,20,国际经济与贸易,A451,鲁东大学,93,115756
2024,1,21,旅游管理,A451,鲁东大学,55,137639
2024,1,22,数学与应用数学(师范类),A451,鲁东大学,109,118797
2024,1,23,统计学,A451,鲁东大学,57,127732
2024,1,24,物理学(师范类),A451,鲁东大学,114,158800
2024,1,25,新能源材料与器件,A451,鲁东大学,70,143809
2024,1,26,集成电路设计与集成系统,A451,鲁东大学,69,128385
2024,1,27,化学(师范类),A451,鲁东大学,135,172173
2024,1,28,高分子材料与工程,A451,鲁东大学,63,168265
2024,1,29,化学工程与工艺,A451,鲁东大学,64,170828
2024,1,30,生物科学(师范类),A451,鲁东大学,128,302699
2024,1,31,生物工程,A451,鲁东大学,60,187004
2024,1,32,生物制药,A451,鲁东大学,55,166938
2024,1,33,地理科学(师范类),A451,鲁东大学,112,201340
2024,1,34,地理信息科学,A451,鲁东大学,58,146099
2024,1,35,环境工程,A451,鲁东大学,30,195097
2024,1,36,机械设计制造及其自动化,A451,鲁东大学,69,123830
2024,1,37,车辆工程,A451,鲁东大学,56,136809
2024,1,38,智能制造工程,A451,鲁东大学,74,135667
2024,1,39,土木工程,A451,鲁东大学,160,242299
2024,1,40,港口航道与海岸工程,A451,鲁东大学,51,181577
2024,1,41,应急技术与管理,A451,鲁东大学,48,185652
2024,1,42,食品科学与工程,A451,鲁东大学,128,183526
2024,1,44,电气工程及其自动化,A451,鲁东大学,67,98393
2024,1,45,通信工程,A451,鲁东大学,65,115010
2024,1,46,软件工程,A451,鲁东大学,71,100247
2024,1,47,计算机科学与技术,A451,鲁东大学,75,90451
2024,1,48,人工智能,A451,鲁东大学,75,115708
2024,1,50,菌物科学与工程,A451,鲁东大学,48,214514
2024,1,51,园艺,A451,鲁东大学,51,222102
2024,1,52,水产养殖学,A451,鲁东大学,66,249501
2024,1,53,国际经济与贸易(中美学分互认联合培养项目),A451,鲁东大学,20,182356
2024,1,54,环境工程(中美学分互认联合培养项目),A451,鲁东大学,20,283410
2024,1,57,葡萄与葡萄酒工程(中外合作办学)(与意大利萨萨里大学合作办学),A451,鲁东大学,80,317751
2024,1,58,机械设计制造及其自动化(中外合作办学)(与韩国蔚山大学合作办学),A451,鲁东大学,72,255893
2024,1,59,电气工程及其自动化(中外合作办学)(与韩国蔚山大学合作办学),A451,鲁东大学,72,218472
2024,1,60,船舶与海洋工程(中外合作办学)(与韩国蔚山大学合作办学),A451,鲁东大学,126,317604
2024,1,3C,土木工程(非西藏生源定向西藏就业),A452,临沂大学,2,195595
2024,1,3Q,计算机科学与技术(非西藏生源定向西藏就业),A452,临沂大学,2,147698
2024,1,3U,动物科学(非西藏生源定向西藏就业),A452,临沂大学,2,211970
2024,1,3V,环境工程(非西藏生源定向西藏就业),A452,临沂大学,2,178065
2024,1,56,生物科学(师范类),A452,临沂大学,39,180651
2024,1,61,数学与应用数学(师范类),A452,临沂大学,106,152372
2024,1,76,物理学(师范类),A452,临沂大学,66,179803
2024,1,E8,历史学(师范类),A452,临沂大学,98,96288
2024,1,EA,旅游管理,A452,临沂大学,26,142273
2024,1,EB,法学,A452,临沂大学,34,76066
2024,1,ED,社会工作,A452,临沂大学,40,128790
2024,1,EE,小学教育(师范类),A452,临沂大学,216,111913
2024,1,EG,应用心理学(师范类),A452,临沂大学,60,122315
2024,1,EJ,会计学,A452,临沂大学,131,94426
2024,1,EK,工商管理,A452,临沂大学,50,119164
2024,1,EM,测绘工程,A452,临沂大学,51,192833
2024,1,EN,地理科学(师范类),A452,临沂大学,70,100413
2024,1,EP,环境工程,A452,临沂大学,92,218121
2024,1,ES,电子信息工程,A452,临沂大学,111,135846
2024,1,ET,微电子科学与工程,A452,临沂大学,80,141410
2024,1,EU,思想政治教育(师范类),A452,临沂大学,37,86143
2024,1,EW,生物技术,A452,临沂大学,50,196977
2024,1,EX,食品科学与工程,A452,临沂大学,40,185256
2024,1,F3,通信工程,A452,临沂大学,24,136237
2024,1,F7,化学(师范类),A452,临沂大学,94,198414
2024,1,F8,应用化学,A452,临沂大学,66,190339
2024,1,F9,医学检验技术,A452,临沂大学,60,166771
2024,1,FA,广播电视编导,A452,临沂大学,70,153628
2024,1,FD,新闻学,A452,临沂大学,106,120514
2024,1,FE,电气工程及其自动化,A452,临沂大学,79,119518
2024,1,FG,自动化,A452,临沂大学,111,140925
2024,1,FH,机器人工程,A452,临沂大学,37,144677
2024,1,FJ,人工智能,A452,临沂大学,24,133465
2024,1,FK,英语(师范类),A452,临沂大学,151,104520
2024,1,FN,药学,A452,临沂大学,71,168952
2024,1,FP,中药学,A452,临沂大学,73,191353
2024,1,FQ,制药工程,A452,临沂大学,102,183964
2024,1,FR,物流管理,A452,临沂大学,162,144421
2024,1,FT,电子商务,A452,临沂大学,139,143359
2024,1,FU,土木工程,A452,临沂大学,89,221361
2024,1,FV,建筑学,A452,临沂大学,80,137631
2024,1,FY,汉语言文学(师范类),A452,临沂大学,65,74424
2024,1,FZ,汉语国际教育(师范类),A452,临沂大学,44,107810
2024,1,G1,统计学,A452,临沂大学,30,138608
2024,1,G2,数据科学与大数据技术,A452,临沂大学,44,129110
2024,1,G4,新能源材料与器件,A452,临沂大学,100,163670
2024,1,G7,计算机科学与技术,A452,临沂大学,100,121856
2024,1,G8,软件工程,A452,临沂大学,108,130379
2024,1,GK,动物医学,A452,临沂大学,120,179020
2024,1,GN,园艺,A452,临沂大学,48,229031
2024,1,H9,医学影像技术,A452,临沂大学,48,158631
2024,1,HA,卫生检验与检疫,A452,临沂大学,56,205446
2024,1,J6,俄语,A452,临沂大学,38,135699
2024,1,J7,西班牙语,A452,临沂大学,24,146853
2024,1,K6,动物科学,A452,临沂大学,90,217561
2024,1,KQ,机械设计制造及其自动化,A452,临沂大学,102,146535
2024,1,L3,护理学,A452,临沂大学,49,117484
2024,1,L4,化妆品科学与技术,A452,临沂大学,44,195850
2024,1,L5,中草药栽培与鉴定,A452,临沂大学,42,205962
2024,1,L6,眼视光学,A452,临沂大学,38,166526
2024,1,L7,生物医学工程,A452,临沂大学,50,170900
2024,1,L8,智能医学工程,A452,临沂大学,45,173881
2024,1,L9,文物与博物馆学,A452,临沂大学,34,118206
2024,1,MA,金融科技,A452,临沂大学,28,141083
2024,1,MB,家庭教育,A452,临沂大学,24,131758
2024,1,MC,化学测量学与技术,A452,临沂大学,32,210996
2024,1,MD,储能科学与工程,A452,临沂大学,26,154023
2024,1,ME,氢能科学与工程,A452,临沂大学,23,162297
2024,1,MF,精细化工,A452,临沂大学,23,198475
2024,1,MG,生物质能源与材料,A452,临沂大学,67,210756
2024,1,MH,农业智能装备工程,A452,临沂大学,24,173284
2024,1,MJ,生物医学科学,A452,临沂大学,24,192870
2024,1,MK,食品卫生与营养学,A452,临沂大学,24,203942
2024,1,ML,电子信息工程(非西藏生源定向西藏就业),A452,临沂大学,2,145186
2024,1,NN,化学工程与工艺,A452,临沂大学,77,189657
2024,1,NP,智能制造工程,A452,临沂大学,40,152225
2024,1,NQ,学前教育(师范类),A452,临沂大学,37,124552
2024,1,NH,社会工作(中外合作办学)(招收银发产业经营与管理方向),A452,临沂大学,80,182578
2024,1,NJ,生物技术(中外合作办学),A452,临沂大学,80,317230
2024,1,NK,机械设计制造及其自动化(中外合作办学),A452,临沂大学,100,263642
2024,1,NL,食品科学与工程(中外合作办学),A452,临沂大学,80,317460
2024,1,NM,动物科学(中外合作办学),A452,临沂大学,80,314860
2024,1,0B,广播电视编导,A453,泰山学院,40,179816
2024,1,0N,汉语言文学(含师范),A453,泰山学院,169,121833
2024,1,0P,网络与新媒体,A453,泰山学院,45,157712
2024,1,0Q,思想政治教育(师范类),A453,泰山学院,100,129253
2024,1,0R,历史学类,A453,泰山学院,145,146228
2024,1,0V,英语(师范类),A453,泰山学院,81,137699
2024,1,0X,日语,A453,泰山学院,40,176977
2024,1,0Y,小学教育(师范类),A453,泰山学院,120,142317
2024,1,0Z,学前教育(师范类),A453,泰山学院,90,166383
2024,1,11,地理科学(师范类),A453,泰山学院,80,135396
2024,1,12,旅游管理,A453,泰山学院,30,172915
2024,1,13,旅游管理(景区运营与管理方向),A453,泰山学院,25,176020
2024,1,14,工商管理类,A453,泰山学院,151,148686
2024,1,15,国际经济与贸易,A453,泰山学院,97,169789
2024,1,17,旅游管理(智慧文旅方向),A453,泰山学院,40,177049
2024,1,18,物流管理,A453,泰山学院,75,169826
2024,1,1B,人力资源管理,A453,泰山学院,35,157714
2024,1,1D,市场营销,A453,泰山学院,45,171970
2024,1,1F,数学与应用数学(师范类),A453,泰山学院,120,292883
2024,1,1H,信息与计算科学,A453,泰山学院,66,234994
2024,1,1K,数据科学与大数据技术,A453,泰山学院,55,221276
2024,1,1L,物理学(师范类),A453,泰山学院,50,311553
2024,1,1M,电子信息类,A453,泰山学院,260,236615
2024,1,1P,化学(师范类),A453,泰山学院,80,315391
2024,1,1Q,化工与制药类,A453,泰山学院,179,264208
2024,1,1R,高分子材料与工程,A453,泰山学院,65,251661
2024,1,1U,机械类,A453,泰山学院,60,215781
2024,1,1V,土木工程,A453,泰山学院,50,272272
2024,1,1W,智能建造,A453,泰山学院,51,252180
2024,1,1X,计算机类,A453,泰山学院,223,211559
2024,1,21,人工智能,A453,泰山学院,65,226668
2024,1,27,生物科学类,A453,泰山学院,155,301086
2024,1,28,葡萄与葡萄酒工程,A453,泰山学院,25,269766
2024,1,8Y,应用心理学(师范类),A453,泰山学院,30,153524
2024,1,8X,机械设计制造及其自动化(中外合作办学),A453,泰山学院,120,281616
2024,1,01,思想政治教育(师范类),A454,济宁学院,80,134419
2024,1,02,汉语言文学,A454,济宁学院,36,123237
2024,1,03,汉语言文学(师范类),A454,济宁学院,80,122601
2024,1,05,网络与新媒体,A454,济宁学院,35,156126
2024,1,06,历史学(师范类),A454,济宁学院,40,131164
2024,1,07,行政管理,A454,济宁学院,15,154550
2024,1,08,经济学,A454,济宁学院,30,156866
2024,1,09,互联网金融,A454,济宁学院,30,185177
2024,1,10,电子商务及法律,A454,济宁学院,36,168914
2024,1,11,旅游管理与服务教育,A454,济宁学院,10,170422
2024,1,12,金融工程,A454,济宁学院,60,190731
2024,1,16,英语(师范类),A454,济宁学院,120,151240
2024,1,17,商务英语,A454,济宁学院,15,162371
2024,1,18,心理学,A454,济宁学院,90,165311
2024,1,19,小学教育(师范类),A454,济宁学院,80,148546
2024,1,21,计算机科学与技术,A454,济宁学院,160,220705
2024,1,22,软件工程,A454,济宁学院,95,209348
2024,1,23,数学与应用数学,A454,济宁学院,40,235941
2024,1,24,数学与应用数学(师范类),A454,济宁学院,100,280966
2024,1,25,应用统计学,A454,济宁学院,90,260947
2024,1,26,数据科学与大数据技术,A454,济宁学院,85,218168
2024,1,27,物理学(师范类),A454,济宁学院,120,312418
2024,1,28,材料科学与工程,A454,济宁学院,90,268777
2024,1,29,电子信息工程,A454,济宁学院,95,238745
2024,1,30,光电信息材料与器件,A454,济宁学院,80,249549
2024,1,31,化学(师范类),A454,济宁学院,120,315049
2024,1,32,应用化学,A454,济宁学院,95,276506
2024,1,33,化学工程与工艺,A454,济宁学院,85,271356
2024,1,34,高分子材料与工程,A454,济宁学院,90,264824
2024,1,35,生物工程,A454,济宁学院,100,278592
2024,1,37,生物制药,A454,济宁学院,75,249034
2024,1,38,酿酒工程,A454,济宁学院,70,279449
2024,1,39,测绘工程,A454,济宁学院,90,261377
2024,1,40,安全工程,A454,济宁学院,90,267378
2024,1,41,新能源科学与工程,A454,济宁学院,100,240256
2024,1,42,机械设计制造及其自动化,A454,济宁学院,80,227769
2024,1,43,电气工程及其自动化,A454,济宁学院,95,204514
2024,1,44,智能制造工程,A454,济宁学院,90,247832
2024,1,H1,食品科学与工程(中外合作办学)(与意大利福贾大学合作),A454,济宁学院,120,317689
2024,1,1B,思想政治教育(师范类),A455,菏泽学院,38,135132
2024,1,1P,劳动与社会保障,A455,菏泽学院,50,172033
2024,1,1Q,知识产权,A455,菏泽学院,60,138028
2024,1,1R,信用风险管理与法律防控,A455,菏泽学院,60,156121
2024,1,2C,学前教育(师范类),A455,菏泽学院,38,167356
2024,1,2E,小学教育(师范类),A455,菏泽学院,68,150912
2024,1,2G,心理学(师范类),A455,菏泽学院,18,152741
2024,1,2H,特殊教育(师范类),A455,菏泽学院,40,157226
2024,1,2P,健康服务与管理,A455,菏泽学院,27,170291
2024,1,3D,汉语言文学(师范类),A455,菏泽学院,83,124427
2024,1,3E,历史学(师范类),A455,菏泽学院,6,127493
2024,1,3F,广告学,A455,菏泽学院,85,172009
2024,1,3G,文物与博物馆学,A455,菏泽学院,40,150637
2024,1,3Q,日语,A455,菏泽学院,30,177469
2024,1,3R,英语(师范类),A455,菏泽学院,88,149535
2024,1,3S,跨境电子商务,A455,菏泽学院,100,180714
2024,1,4B,数据科学与大数据技术,A455,菏泽学院,80,238992
2024,1,4D,统计学,A455,菏泽学院,60,251204
2024,1,4F,数学与应用数学(师范类),A455,菏泽学院,87,300660
2024,1,4R,电子信息科学与技术,A455,菏泽学院,100,248821
2024,1,4S,电气工程及其自动化,A455,菏泽学院,59,200469
2024,1,5B,能源化学工程,A455,菏泽学院,60,258367
2024,1,5C,环境科学与工程,A455,菏泽学院,60,276792
2024,1,5F,化学工程与工艺,A455,菏泽学院,88,269308
2024,1,5G,化学(师范类),A455,菏泽学院,23,243394
2024,1,5N,设施农业科学与工程,A455,菏泽学院,70,278404
2024,1,5Q,生物工程,A455,菏泽学院,49,280948
2024,1,5S,园艺,A455,菏泽学院,50,283138
2024,1,5U,食品科学与工程,A455,菏泽学院,20,249093
2024,1,5W,生物科学(师范类),A455,菏泽学院,72,292929
2024,1,6B,材料成型及控制工程,A455,菏泽学院,50,256141
2024,1,6D,自动化,A455,菏泽学院,70,228982
2024,1,6G,机械电子工程,A455,菏泽学院,70,240615
2024,1,6H,机器人工程,A455,菏泽学院,50,248652
2024,1,6J,智能制造工程,A455,菏泽学院,50,251237
2024,1,6P,物联网工程,A455,菏泽学院,50,242646
2024,1,6V,计算机科学与技术,A455,菏泽学院,100,224546
2024,1,6X,网络工程,A455,菏泽学院,60,245985
2024,1,7B,建筑学,A455,菏泽学院,43,168398
2024,1,7C,土木工程,A455,菏泽学院,80,272303
2024,1,7E,地理信息科学,A455,菏泽学院,80,156623
2024,1,7P,药学,A455,菏泽学院,50,238928
2024,1,7R,制药工程,A455,菏泽学院,60,273339
2024,1,7U,生物制药,A455,菏泽学院,50,266249
2024,1,8B,金融工程,A455,菏泽学院,50,190860
2024,1,8E,物流管理,A455,菏泽学院,40,172149
2024,1,8H,财务管理,A455,菏泽学院,58,140429
2024,1,8J,经济学,A455,菏泽学院,27,155798
2024,1,4U,物理学(中外合作办学)(师范类),A455,菏泽学院,100,296612
2024,1,01,经济学类,A456,山东财经大学,227,62165
2024,1,02,财政学,A456,山东财经大学,201,52534
2024,1,03,税收学,A456,山东财经大学,150,54887
2024,1,04,金融学,A456,山东财经大学,163,54459
2024,1,05,金融工程,A456,山东财经大学,112,92402
2024,1,06,金融科技,A456,山东财经大学,75,96491
2024,1,07,投资学,A456,山东财经大学,20,58237
2024,1,08,保险学,A456,山东财经大学,20,61556
2024,1,09,精算学,A456,山东财经大学,87,86810
2024,1,0A,经济与贸易类,A456,山东财经大学,194,75728
2024,1,0C,财务管理,A456,山东财经大学,112,44535
2024,1,0D,会计学,A456,山东财经大学,262,37755
2024,1,0E,审计学,A456,山东财经大学,155,42139
2024,1,0F,资产评估,A456,山东财经大学,62,59086
2024,1,0G,公共管理类,A456,山东财经大学,55,80998
2024,1,0H,法学,A456,山东财经大学,176,45434
2024,1,0J,汉语言文学,A456,山东财经大学,65,47692
2024,1,0L,外国语言文学类,A456,山东财经大学,35,83063
2024,1,0M,数学与应用数学,A456,山东财经大学,116,73238
2024,1,0N,金融数学,A456,山东财经大学,80,88351
2024,1,0P,统计学,A456,山东财经大学,112,66112
2024,1,0Q,经济统计学,A456,山东财经大学,87,71863
2024,1,0R,数据科学与大数据技术,A456,山东财经大学,122,62653
2024,1,0S,计算机科学与技术,A456,山东财经大学,240,64044
2024,1,0T,人工智能,A456,山东财经大学,55,66482
2024,1,0U,数字媒体技术,A456,山东财经大学,82,73833
2024,1,0V,国际经济发展合作,A456,山东财经大学,13,65388
2024,1,0Y,信息管理与信息系统,A456,山东财经大学,50,83288
2024,1,10,大数据管理与应用,A456,山东财经大学,120,81936
2024,1,17,工商管理类,A456,山东财经大学,225,80713
2024,1,W1,经济学(中外合作办学),A456,山东财经大学,100,98767
2024,1,W2,统计学(中外合作办学),A456,山东财经大学,100,133531
2024,1,J3,工商管理类(地方专项计划),A456,山东财经大学,20,81683
2024,1,N1,经济学类(地方专项计划),A456,山东财经大学,5,57035
2024,1,N2,金融数学(地方专项计划),A456,山东财经大学,5,83222
2024,1,N3,公共管理类(地方专项计划),A456,山东财经大学,20,88069
2024,1,N4,文化产业管理(地方专项计划),A456,山东财经大学,10,97395
2024,1,N5,外国语言文学类(地方专项计划),A456,山东财经大学,20,99340
2024,1,N6,新闻学(地方专项计划),A456,山东财经大学,5,67775
2024,1,N7,保险学(地方专项计划),A456,山东财经大学,20,89682
2024,1,N8,经济统计学(地方专项计划),A456,山东财经大学,5,70663
2024,1,NA,物流管理(地方专项计划),A456,山东财经大学,10,96524
2024,1,NB,信息管理与信息系统(地方专项计划),A456,山东财经大学,10,92363
2024,1,NC,大数据管理与应用(地方专项计划),A456,山东财经大学,10,83910
2024,1,ND,工程管理(地方专项计划),A456,山东财经大学,10,111437
2024,1,NE,计算机科学与技术(地方专项计划),A456,山东财经大学,10,66010
2024,1,NF,人工智能(地方专项计划),A456,山东财经大学,10,71880
2024,1,NG,数字媒体技术(地方专项计划),A456,山东财经大学,10,79485
2024,1,NH,统计学(地方专项计划),A456,山东财经大学,10,68885
2024,1,NJ,投资学(地方专项计划),A456,山东财经大学,10,71467
2024,1,02,特殊教育(师范类),A457,山东体育学院,10,157422
2024,1,03,运动人体科学,A457,山东体育学院,30,176797
2024,1,04,运动康复,A457,山东体育学院,40,165427
2024,1,05,电子竞技运动与管理,A457,山东体育学院,40,182589
2024,1,06,数据科学与大数据技术,A457,山东体育学院,20,227011
2024,1,07,智能体育工程,A457,山东体育学院,30,183484
2024,1,08,体育经济与管理,A457,山东体育学院,30,178087
2024,1,09,健康服务与管理,A457,山东体育学院,25,175002
2024,1,14,戏剧影视文学,A458,山东艺术学院,10,174997
2024,1,15,戏剧学,A458,山东艺术学院,10,197364
2024,1,24,艺术史论,A458,山东艺术学院,40,191398
2024,1,25,艺术管理,A458,山东艺术学院,45,192053
2024,1,26,非物质文化遗产保护,A458,山东艺术学院,30,175278
2024,1,32,戏剧影视文学(戏曲文化传播方向),A458,山东艺术学院,52,197052
2024,1,33,广播电视编导,A458,山东艺术学院,68,186613
2024,1,46,文化产业管理,A458,山东艺术学院,45,174617
2024,1,A7,电影学,A458,山东艺术学院,20,192905
2024,1,01,经济学类,A459,郑州大学,12,30994
2024,1,02,工商管理类,A459,郑州大学,5,22781
2024,1,03,公共管理类,A459,郑州大学,7,29029
2024,1,04,法学,A459,郑州大学,6,16000
2024,1,05,中国语言文学类,A459,郑州大学,10,20373
2024,1,06,新闻传播学类,A459,郑州大学,6,27714
2024,1,07,英语,A459,郑州大学,6,28333
2024,1,10,马克思主义理论类,A459,郑州大学,2,19840
2024,1,11,教育学,A459,郑州大学,2,24388
2024,1,13,历史学类,A459,郑州大学,2,21979
2024,1,14,考古学,A459,郑州大学,2,22313
2024,1,16,图书情报与档案管理类,A459,郑州大学,4,33727
2024,1,24,数学类,A459,郑州大学,10,22753
2024,1,25,化学类,A459,郑州大学,3,24312
2024,1,26,物理学类,A459,郑州大学,8,22738
2024,1,29,自动化类,A459,郑州大学,20,20688
2024,1,30,电子信息类,A459,郑州大学,14,18668
2024,1,32,机械类,A459,郑州大学,16,25204
2024,1,34,土木类,A459,郑州大学,10,46089
2024,1,38,管理科学与工程类,A459,郑州大学,5,36268
2024,1,41,生物科学类,A459,郑州大学,9,30405
2024,1,42,环境科学与工程类,A459,郑州大学,4,34746
2024,1,44,信息安全,A459,郑州大学,6,18756
2024,1,45,物联网工程,A459,郑州大学,7,20077
2024,1,46,密码科学与技术,A459,郑州大学,4,22528
2024,1,47,计算机类,A459,郑州大学,12,16676
2024,1,49,基础医学,A459,郑州大学,5,31863
2024,1,52,医学影像学,A459,郑州大学,4,16576
2024,1,54,儿科学,A459,郑州大学,4,25317
2024,1,55,口腔医学,A459,郑州大学,4,12907
2024,1,56,预防医学,A459,郑州大学,10,38486
2024,1,57,医学检验技术,A459,郑州大学,5,32809
2024,1,59,药学,A459,郑州大学,5,27132
2024,1,60,药物制剂,A459,郑州大学,2,28504
2024,1,66,临床医学(省医临床学院),A459,郑州大学,12,12816
2024,1,02,自动化,A460,河南理工大学,3,63142
2024,1,08,通信工程,A460,河南理工大学,2,68303
2024,1,09,应用物理学,A460,河南理工大学,3,124231
2024,1,10,机械设计制造及其自动化,A460,河南理工大学,4,86585
2024,1,12,能源与动力工程,A460,河南理工大学,3,88783
2024,1,14,测控技术与仪器,A460,河南理工大学,2,89201
2024,1,15,土木工程,A460,河南理工大学,2,205766
2024,1,16,智能建造,A460,河南理工大学,2,139676
2024,1,17,城市地下空间工程,A460,河南理工大学,2,177935
2024,1,18,工程管理,A460,河南理工大学,3,104005
2024,1,19,工程力学,A460,河南理工大学,2,138489
2024,1,20,地质工程,A460,河南理工大学,2,155410
2024,1,24,地球信息科学与技术(地学大数据方向),A460,河南理工大学,2,118930
2024,1,25,环境工程,A460,河南理工大学,2,143400
2024,1,27,水文与水资源工程(智慧水文方向),A460,河南理工大学,2,150538
2024,1,29,测绘工程(导航方向),A460,河南理工大学,2,106552
2024,1,30,遥感科学与技术,A460,河南理工大学,2,76667
2024,1,31,土地资源管理,A460,河南理工大学,2,106994
2024,1,32,地理信息科学,A460,河南理工大学,2,77123
2024,1,34,人文地理与城乡规划,A460,河南理工大学,2,115703
2024,1,35,智能采矿工程,A460,河南理工大学,2,145658
2024,1,37,新能源科学与工程,A460,河南理工大学,2,89940
2024,1,39,安全工程(卓越计划班),A460,河南理工大学,2,113873
2024,1,40,消防工程,A460,河南理工大学,2,135888
2024,1,41,材料科学与工程,A460,河南理工大学,2,125393
2024,1,43,新能源材料与器件,A460,河南理工大学,2,101179
2024,1,44,材料成型及控制工程(智能制造方向),A460,河南理工大学,2,123942
2024,1,46,矿物加工工程(卓越计划班),A460,河南理工大学,2,178684
2024,1,48,化学工程与工艺,A460,河南理工大学,2,120879
2024,1,49,储能科学与工程,A460,河南理工大学,2,90506
2024,1,50,计算机科学与技术,A460,河南理工大学,3,52832
2024,1,52,物联网工程,A460,河南理工大学,2,69958
2024,1,56,数学类,A460,河南理工大学,2,83348
2024,1,57,工商管理类,A460,河南理工大学,4,102394
2024,1,58,工业工程,A460,河南理工大学,2,99704
2024,1,60,会计学,A460,河南理工大学,2,59907
2024,1,61,财务管理,A460,河南理工大学,2,65317
2024,1,63,金融学,A460,河南理工大学,1,73170
2024,1,66,建筑类,A460,河南理工大学,2,102070
2024,1,69,汉语言文学,A460,河南理工大学,2,56542
2024,1,70,法学,A460,河南理工大学,2,52742
2024,1,72,管理科学,A460,河南理工大学,2,136521
2024,1,76,护理学,A460,河南理工大学,2,100618
2024,1,77,药学,A460,河南理工大学,2,95884
2024,1,78,临床医学,A460,河南理工大学,3,64891
2024,1,97,电气工程及其自动化(中外合作办学),A460,河南理工大学,4,105347
2024,1,98,电子信息工程(中外合作办学),A460,河南理工大学,4,138969
2024,1,99,自动化(中外合作办学),A460,河南理工大学,3,131838
2024,1,9A,计算机科学与技术(中外合作办学),A460,河南理工大学,3,120715
2024,1,01,电气工程及其自动化,A462,郑州轻工业大学,4,71017
2024,1,02,自动化,A462,郑州轻工业大学,4,88966
2024,1,03,轨道交通信号与控制,A462,郑州轻工业大学,4,121192
2024,1,05,智能电网信息工程,A462,郑州轻工业大学,5,87220
2024,1,08,机械设计制造及其自动化,A462,郑州轻工业大学,10,111101
2024,1,17,食品科学与工程,A462,郑州轻工业大学,4,110507
2024,1,18,食品质量与安全,A462,郑州轻工业大学,2,134136
2024,1,20,生物工程,A462,郑州轻工业大学,4,170817
2024,1,21,生物技术,A462,郑州轻工业大学,4,173443
2024,1,23,烟草,A462,郑州轻工业大学,2,62412
2024,1,27,高分子材料与工程,A462,郑州轻工业大学,5,134931
2024,1,29,应用化学,A462,郑州轻工业大学,4,158787
2024,1,31,化学,A462,郑州轻工业大学,4,175710
2024,1,35,计算机科学与技术,A462,郑州轻工业大学,3,68084
2024,1,36,物联网工程,A462,郑州轻工业大学,3,90275
2024,1,38,人工智能,A462,郑州轻工业大学,4,91834
2024,1,39,网络空间安全,A462,郑州轻工业大学,3,100737
2024,1,44,数字媒体技术,A462,郑州轻工业大学,5,76890
2024,1,51,信息与计算科学,A462,郑州轻工业大学,3,122797
2024,1,52,数学与应用数学,A462,郑州轻工业大学,3,114427
2024,1,55,电子科学与技术,A462,郑州轻工业大学,4,98005
2024,1,56,微电子科学与工程,A462,郑州轻工业大学,4,95456
2024,1,58,电子信息工程,A462,郑州轻工业大学,4,81766
2024,1,59,通信工程,A462,郑州轻工业大学,4,85807
2024,1,62,能源与动力工程,A462,郑州轻工业大学,6,111712
2024,1,68,安全工程,A462,郑州轻工业大学,4,161486
2024,1,71,新能源材料与器件,A462,郑州轻工业大学,4,136424
2024,1,72,氢能科学与工程,A462,郑州轻工业大学,2,101246
2024,1,73,新能源科学与工程,A462,郑州轻工业大学,6,105064
2024,1,76,会计学,A462,郑州轻工业大学,2,69845
2024,1,77,物流管理,A462,郑州轻工业大学,3,119725
2024,1,78,工商管理,A462,郑州轻工业大学,2,100254
2024,1,80,电子商务,A462,郑州轻工业大学,2,132137
2024,1,84,社会工作,A462,郑州轻工业大学,2,123912
2024,1,85,法学,A462,郑州轻工业大学,2,65032
2024,1,86,公共事业管理,A462,郑州轻工业大学,3,120048
2024,1,02,材料科学与工程,A463,河南工业大学,10,150480
2024,1,04,财政学,A463,河南工业大学,1,57227
2024,1,05,测控技术与仪器,A463,河南工业大学,4,87309
2024,1,06,道路桥梁与渡河工程,A463,河南工业大学,2,172290
2024,1,07,电气工程及其自动化,A463,河南工业大学,8,69661
2024,1,08,电子商务,A463,河南工业大学,2,96587
2024,1,11,法学,A463,河南工业大学,6,51082
2024,1,12,翻译,A463,河南工业大学,2,102466
2024,1,15,工程管理,A463,河南工业大学,2,116765
2024,1,16,工商管理,A463,河南工业大学,4,80720
2024,1,18,国际经济与贸易,A463,河南工业大学,4,93125
2024,1,19,化学,A463,河南工业大学,8,156684
2024,1,20,化学工程与工艺,A463,河南工业大学,6,128432
2024,1,21,环境工程,A463,河南工业大学,6,195870
2024,1,22,会计学,A463,河南工业大学,2,63901
2024,1,24,机械设计制造及其自动化,A463,河南工业大学,8,97291
2024,1,26,建筑环境与能源应用工程,A463,河南工业大学,2,213501
2024,1,27,建筑学,A463,河南工业大学,3,140921
2024,1,29,金融学,A463,河南工业大学,1,65123
2024,1,31,经济学,A463,河南工业大学,1,61561
2024,1,32,空间信息与数字技术,A463,河南工业大学,4,76864
2024,1,39,生物工程,A463,河南工业大学,4,125405
2024,1,40,生物技术,A463,河南工业大学,3,130850
2024,1,47,数学与应用数学,A463,河南工业大学,2,84964
2024,1,48,通信工程,A463,河南工业大学,4,69501
2024,1,49,土木工程,A463,河南工业大学,4,219483
2024,1,50,网络与新媒体,A463,河南工业大学,1,66090
2024,1,51,无机非金属材料工程,A463,河南工业大学,4,164804
2024,1,53,物流管理,A463,河南工业大学,1,87924
2024,1,54,新闻学,A463,河南工业大学,1,71691
2024,1,55,英语,A463,河南工业大学,5,93772
2024,1,56,应用化学,A463,河南工业大学,8,145274
2024,1,57,应用统计学,A463,河南工业大学,1,82300
2024,1,58,应用物理学,A463,河南工业大学,1,94735
2024,1,59,制药工程,A463,河南工业大学,4,100124
2024,1,63,材料类,A463,河南工业大学,6,165721
2024,1,64,食品科学与工程类,A463,河南工业大学,12,150476
2024,1,65,机器人工程,A463,河南工业大学,5,83593
2024,1,67,饲料工程,A463,河南工业大学,4,193778
2024,1,69,智能建造,A463,河南工业大学,2,127520
2024,1,70,食品科学与工程(智慧储运),A463,河南工业大学,2,106595
2024,1,71,食品科学与工程(油脂科学与技术),A463,河南工业大学,2,121231
2024,1,78,工业设计,A463,河南工业大学,1,102112
2024,1,79,过程装备与控制工程,A463,河南工业大学,2,122873
2024,1,80,材料成型及控制工程,A463,河南工业大学,3,125189
2024,1,81,车辆工程,A463,河南工业大学,4,105079
2024,1,83,水质科学与技术,A463,河南工业大学,2,180272
2024,1,41,生物技术(中外合作办学),A463,河南工业大学,4,197535
2024,1,43,食品科学与工程(中外合作办学),A463,河南工业大学,4,180577
2024,1,52,物联网工程(中外合作办学),A463,河南工业大学,4,136766
2024,1,01,经济学,A464,河南科技大学,2,64356
2024,1,04,法学,A464,河南科技大学,2,52793
2024,1,10,英语,A464,河南科技大学,4,94484
2024,1,15,生物科学类,A464,河南科技大学,8,187759
2024,1,16,统计学,A464,河南科技大学,5,90398
2024,1,18,机械类,A464,河南科技大学,14,85834
2024,1,1F,商务英语,A464,河南科技大学,4,132677
2024,1,22,材料成型及控制工程,A464,河南科技大学,6,132498
2024,1,24,工业设计,A464,河南科技大学,6,129745
2024,1,25,车辆工程,A464,河南科技大学,6,98463
2024,1,27,测控技术与仪器,A464,河南科技大学,6,114933
2024,1,28,材料类,A464,河南科技大学,12,158940
2024,1,33,电气工程及其自动化,A464,河南科技大学,6,64434
2024,1,36,电子信息类,A464,河南科技大学,4,66151
2024,1,39,自动化,A464,河南科技大学,5,66508
2024,1,42,计算机科学与技术,A464,河南科技大学,5,54430
2024,1,52,化学工程与工艺,A464,河南科技大学,5,138485
2024,1,53,制药工程,A464,河南科技大学,5,120873
2024,1,55,交通运输,A464,河南科技大学,5,122160
2024,1,56,农业工程类,A464,河南科技大学,10,150468
2024,1,57,环境工程,A464,河南科技大学,5,168840
2024,1,59,生物医学工程,A464,河南科技大学,5,93915
2024,1,60,食品科学与工程,A464,河南科技大学,6,140657
2024,1,61,食品质量与安全,A464,河南科技大学,4,140492
2024,1,66,生物工程类,A464,河南科技大学,4,137146
2024,1,75,临床医学,A464,河南科技大学,8,53845
2024,1,81,护理学,A464,河南科技大学,8,124413
2024,1,19,数据计算及应用,A465,中原工学院,8,192646
2024,1,24,工业设计,A465,中原工学院,6,242885
2024,1,25,工业工程,A465,中原工学院,3,152375
2024,1,29,建筑环境与能源应用工程,A465,中原工学院,10,256685
2024,1,30,能源与动力工程,A465,中原工学院,5,174421
2024,1,31,安全工程,A465,中原工学院,4,246819
2024,1,35,材料类,A465,中原工学院,3,226318
2024,1,36,应用化学,A465,中原工学院,5,226194
2024,1,43,非织造材料与工程,A465,中原工学院,5,234430
2024,1,45,土木类,A465,中原工学院,10,266169
2024,1,46,建筑学,A465,中原工学院,5,177808
2024,1,49,市场营销,A465,中原工学院,4,164676
2024,1,50,会计学,A465,中原工学院,3,103508
2024,1,52,会展经济与管理,A465,中原工学院,3,162717
2024,1,53,工程造价,A465,中原工学院,14,182790
2024,1,69,测控技术与仪器,A465,中原工学院,7,206891
2024,1,01,植物生产类(农学类),A466,河南农业大学,9,158734
2024,1,04,林学类,A466,河南农业大学,10,178827
2024,1,06,旅游管理,A466,河南农业大学,3,133298
2024,1,08,建筑类,A466,河南农业大学,10,138555
2024,1,10,动物医学类,A466,河南农业大学,10,140748
2024,1,13,机械设计制造及其自动化,A466,河南农业大学,1,98560
2024,1,18,经济学,A466,河南农业大学,7,100037
2024,1,19,工商管理类,A466,河南农业大学,11,100565
2024,1,20,轻工类(烟工类),A466,河南农业大学,7,133519
2024,1,21,烟草,A466,河南农业大学,8,75690
2024,1,23,植物保护,A466,河南农业大学,8,152655
2024,1,24,植物生产类(园艺类),A466,河南农业大学,11,179368
2024,1,26,计算机科学与技术,A466,河南农业大学,10,82111
2024,1,27,管理科学,A466,河南农业大学,8,144268
2024,1,31,生物科学类,A466,河南农业大学,12,190356
2024,1,32,食品科学与工程类,A466,河南农业大学,12,164769
2024,1,35,环境生态工程,A466,河南农业大学,9,203366
2024,1,37,土地资源管理,A466,河南农业大学,7,112060
2024,1,38,法学,A466,河南农业大学,8,59184
2024,1,43,电子信息科学与技术,A466,河南农业大学,2,104456
2024,1,44,英语,A466,河南农业大学,3,108004
2024,1,49,翻译,A466,河南农业大学,4,129015
2024,1,70,经济与金融,A466,河南农业大学,4,107539
2024,1,80,环境科学(中外合作办学),A466,河南农业大学,20,235985
2024,1,81,动物科学(中外合作办学),A466,河南农业大学,10,228737
2024,1,21,生物技术,A467,河南科技学院,7,278807
2024,1,25,信息管理与信息系统,A467,河南科技学院,3,162080
2024,1,28,人力资源管理,A467,河南科技学院,3,157915
2024,1,29,物流管理,A467,河南科技学院,2,155681
2024,1,2D,汉语言文学(师范类),A467,河南科技学院,6,112843
2024,1,2H,数学与应用数学(师范类),A467,河南科技学院,6,285887
2024,1,2J,信息与计算科学(师范类),A467,河南科技学院,7,267148
2024,1,2K,英语(师范类),A467,河南科技学院,3,141774
2024,1,34,食品质量与安全,A467,河南科技学院,6,233799
2024,1,37,动物医学,A467,河南科技学院,6,193476
2024,1,38,动物药学,A467,河南科技学院,15,278496
2024,1,43,园林,A467,河南科技学院,9,178478
2024,1,44,环境科学,A467,河南科技学院,3,277026
2024,1,52,应用化学,A467,河南科技学院,7,270039
2024,1,55,制药工程,A467,河南科技学院,4,224595
2024,1,60,动植物检疫,A467,河南科技学院,6,256271
2024,1,61,应用电子技术教育,A467,河南科技学院,7,256338
2024,1,06,审计学,A469,河南牧业经济学院,4,142126
2024,1,17,网络与新媒体,A469,河南牧业经济学院,4,161795
2024,1,20,物流管理,A469,河南牧业经济学院,4,174809
2024,1,21,电子商务,A469,河南牧业经济学院,5,177611
2024,1,23,市场营销,A469,河南牧业经济学院,5,177943
2024,1,24,国际商务,A469,河南牧业经济学院,5,177720
2024,1,25,工商管理,A469,河南牧业经济学院,5,160801
2024,1,28,酒店管理,A469,河南牧业经济学院,4,184236
2024,1,29,旅游管理,A469,河南牧业经济学院,4,181927
2024,1,31,商务英语,A469,河南牧业经济学院,5,177754
2024,1,03,预防医学,A471,河南中医药大学,3,126950
2024,1,0G,护理学,A471,河南中医药大学,4,82123
2024,1,0N,外国语言文学类,A471,河南中医药大学,3,122475
2024,1,01,临床医学,A472,新乡医学院,12,64330
2024,1,07,儿科学,A472,新乡医学院,4,101721
2024,1,09,预防医学,A472,新乡医学院,10,206368
2024,1,0H,中国语言文学类(师范类),A475,河南大学,4,23210
2024,1,0J,戏剧影视文学,A475,河南大学,7,70525
2024,1,0M,英语(师范类),A475,河南大学,3,33308
2024,1,0Q,日语,A475,河南大学,3,53882
2024,1,0R,德语,A475,河南大学,3,48172
2024,1,0T,历史学类,A475,河南大学,10,30591
2024,1,0U,旅游管理类,A475,河南大学,8,57686
2024,1,0W,社会工作,A475,河南大学,5,41046
2024,1,0X,公共管理类,A475,河南大学,5,40531
2024,1,0Y,思想政治教育(师范类),A475,河南大学,6,31348
2024,1,0Z,经济学类,A475,河南大学,5,32037
2024,1,10,经济统计学,A475,河南大学,5,39417
2024,1,11,会计学,A475,河南大学,5,29469
2024,1,14,法学,A475,河南大学,5,20904
2024,1,15,教育学,A475,河南大学,3,36708
2024,1,17,数学类,A475,河南大学,4,32422
2024,1,18,电子信息科学与技术,A475,河南大学,3,30347
2024,1,1A,量子信息科学,A475,河南大学,2,41396
2024,1,1B,化学类,A475,河南大学,5,42316
2024,1,1C,材料化学,A475,河南大学,4,51562
2024,1,1D,化学工程与工艺,A475,河南大学,8,47397
2024,1,1H,生物工程,A475,河南大学,4,48555
2024,1,1K,生物育种科学,A475,河南大学,4,56202
2024,1,1L,地理科学类,A475,河南大学,5,33786
2024,1,1M,环境科学,A475,河南大学,4,59935
2024,1,1P,计算机类,A475,河南大学,4,26425
2024,1,1Q,密码科学与技术,A475,河南大学,4,39605
2024,1,1R,人工智能,A475,河南大学,2,31698
2024,1,1T,土木工程,A475,河南大学,9,73839
2024,1,1U,建筑学,A475,河南大学,6,57706
2024,1,1W,临床医学类,A475,河南大学,4,26527
2024,1,1X,药学,A475,河南大学,5,43275
2024,1,22,网络工程,A475,河南大学,20,45012
2024,1,23,网络工程(智能网络方向),A475,河南大学,15,47412
2024,1,24,网络工程(网络安全方向),A475,河南大学,15,48255
2024,1,25,软件工程,A475,河南大学,20,34627
2024,1,26,软件工程(领域软件与智能服务方向),A475,河南大学,10,35901
2024,1,27,软件工程(大数据与智能计算方向),A475,河南大学,10,36145
2024,1,2S,国际经济与贸易(中外合作办学)(与德国安哈尔特应用技术大学合作办学),A475,河南大学,5,63946
2024,1,01,数学与应用数学(师范类),A476,河南师范大学,10,80784
2024,1,06,物理学(师范类),A476,河南师范大学,10,85125
2024,1,0C,化学(师范类),A476,河南师范大学,10,80325
2024,1,0G,生物科学(师范类),A476,河南师范大学,10,174607
2024,1,0N,英语(师范类),A476,河南师范大学,10,56568
2024,1,13,会计学,A476,河南师范大学,10,64022
2024,1,1B,戏剧影视文学,A476,河南师范大学,5,141469
2024,1,24,水产类,A476,河南师范大学,10,290662
2024,1,27,地理科学(师范类),A476,河南师范大学,10,66703
2024,1,2K,汉语国际教育(师范类),A476,河南师范大学,10,71365
2024,1,27,应用化学,A477,信阳师范大学,5,203490
2024,1,42,自然地理与资源环境,A477,信阳师范大学,5,135831
2024,1,46,道路桥梁与渡河工程,A477,信阳师范大学,5,218225
2024,1,71,土木工程(中外合作办学),A477,信阳师范大学,10,273625
2024,1,72,生物技术(中外合作办学),A477,信阳师范大学,10,266265
2024,1,01,材料化学,A478,周口师范学院,4,276643
2024,1,02,电气工程及其自动化,A478,周口师范学院,2,205570
2024,1,03,电子信息工程,A478,周口师范学院,4,237174
2024,1,04,光电信息科学与工程,A478,周口师范学院,2,252415
2024,1,05,化学(师范类),A478,周口师范学院,4,288430
2024,1,06,化学工程与工艺,A478,周口师范学院,4,268690
2024,1,07,环境工程,A478,周口师范学院,4,273397
2024,1,08,机器人工程,A478,周口师范学院,2,239595
2024,1,09,机械电子工程,A478,周口师范学院,2,231131
2024,1,10,机械设计制造及其自动化,A478,周口师范学院,2,231728
2024,1,12,计算机科学与技术(师范类),A478,周口师范学院,4,218256
2024,1,13,生物工程,A478,周口师范学院,4,298181
2024,1,14,生物技术,A478,周口师范学院,4,290996
2024,1,16,生物制药,A478,周口师范学院,4,259227
2024,1,17,食品质量与安全,A478,周口师范学院,4,167735
2024,1,18,数据科学与大数据技术,A478,周口师范学院,2,223425
2024,1,19,数学与应用数学(师范类),A478,周口师范学院,2,238674
2024,1,20,网络工程,A478,周口师范学院,2,228962
2024,1,23,物理学(师范类),A478,周口师范学院,2,286122
2024,1,24,物联网工程,A478,周口师范学院,4,247374
2024,1,25,信息与计算科学,A478,周口师范学院,2,269034
2024,1,26,应用化学,A478,周口师范学院,4,298217
2024,1,27,应用统计学,A478,周口师范学院,2,257411
2024,1,28,智能科学与技术,A478,周口师范学院,2,248453
2024,1,29,自动化,A478,周口师范学院,2,210494
2024,1,41,历史学(师范类),A478,周口师范学院,2,124713
2024,1,42,思想政治教育(师范类),A478,周口师范学院,2,130102
2024,1,43,网络与新媒体,A478,周口师范学院,7,153705
2024,1,44,财务管理,A478,周口师范学院,4,145364
2024,1,45,数字经济,A478,周口师范学院,4,185144
2024,1,46,法学,A478,周口师范学院,3,108187
2024,1,47,翻译,A478,周口师范学院,6,171483
2024,1,48,国际经济与贸易,A478,周口师范学院,2,166898
2024,1,50,人力资源管理,A478,周口师范学院,4,162111
2024,1,51,日语(师范类),A478,周口师范学院,6,169965
2024,1,53,物流管理,A478,周口师范学院,4,168374
2024,1,54,小学教育(师范类),A478,周口师范学院,2,142990
2024,1,55,心理学(师范类),A478,周口师范学院,2,148995
2024,1,56,学前教育(师范类),A478,周口师范学院,2,151566
2024,1,57,英语(师范类),A478,周口师范学院,6,134480
2024,1,01,汉语言文学(师范类),A479,安阳师范学院,4,108503
2024,1,02,汉语国际教育(师范类),A479,安阳师范学院,3,126872
2024,1,03,历史学(师范类),A479,安阳师范学院,4,120460
2024,1,06,软件工程,A479,安阳师范学院,4,187948
2024,1,08,人工智能,A479,安阳师范学院,4,206020
2024,1,09,化学(师范类),A479,安阳师范学院,4,211743
2024,1,11,制药工程,A479,安阳师范学院,4,261366
2024,1,12,应用化学,A479,安阳师范学院,3,234439
2024,1,14,电气工程及其自动化,A479,安阳师范学院,4,180653
2024,1,15,电子信息工程,A479,安阳师范学院,4,215876
2024,1,20,思想政治教育(师范类),A479,安阳师范学院,4,119069
2024,1,21,法学,A479,安阳师范学院,3,109989
2024,1,23,社会工作,A479,安阳师范学院,3,158280
2024,1,24,英语(师范类),A479,安阳师范学院,3,123869
2024,1,38,地理科学(师范类),A479,安阳师范学院,3,121768
2024,1,53,土木工程,A479,安阳师范学院,3,268930
2024,1,56,国际经济与贸易,A479,安阳师范学院,3,151149
2024,1,A1,汉语言文学(师范类),A480,许昌学院,5,123044
2024,1,B1,法学,A480,许昌学院,5,111909
2024,1,B2,知识产权,A480,许昌学院,5,122533
2024,1,C1,英语(师范类),A480,许昌学院,5,151329
2024,1,D1,电子商务,A480,许昌学院,5,169581
2024,1,E1,应用心理学,A480,许昌学院,5,155687
2024,1,E2,学前教育(师范类),A480,许昌学院,5,165278
2024,1,E3,小学教育(师范类),A480,许昌学院,5,146899
2024,1,G1,数学与应用数学(师范类),A480,许昌学院,6,258579
2024,1,H2,电子信息工程,A480,许昌学院,5,206462
2024,1,H6,机械设计制造及其自动化,A480,许昌学院,10,218460
2024,1,J4,纳米材料与技术,A480,许昌学院,5,261709
2024,1,J5,新能源材料与器件,A480,许昌学院,5,251346
2024,1,K1,地理科学(师范类),A480,许昌学院,5,143598
2024,1,K4,风景园林,A480,许昌学院,5,162891
2024,1,L2,数字媒体技术,A480,许昌学院,5,208110
2024,1,L3,物联网工程,A480,许昌学院,5,230968
2024,1,L5,数据科学与大数据技术,A480,许昌学院,5,234270
2024,1,M1,食品科学与工程,A480,许昌学院,5,254027
2024,1,N2,工程造价,A480,许昌学院,5,187227
2024,1,15,广播电视编导,A481,南阳师范学院,10,188421
2024,1,21,法学,A481,南阳师范学院,6,111689
2024,1,22,政治学与行政学,A481,南阳师范学院,5,147153
2024,1,28,制药工程,A481,南阳师范学院,6,264822
2024,1,29,机械电子工程,A481,南阳师范学院,10,247728
2024,1,32,自动化,A481,南阳师范学院,6,232067
2024,1,35,软件工程(软件开发方向),A481,南阳师范学院,10,243550
2024,1,38,软件工程(智能设备方向),A481,南阳师范学院,10,249592
2024,1,39,计算机类,A481,南阳师范学院,12,224375
2024,1,40,教育学(师范类),A481,南阳师范学院,5,153815
2024,1,43,金融工程,A481,南阳师范学院,5,192089
2024,1,44,国际经济与贸易,A481,南阳师范学院,5,167476
2024,1,47,数字经济,A481,南阳师范学院,7,189091
2024,1,51,生物工程,A481,南阳师范学院,6,307344
2024,1,52,农学,A481,南阳师范学院,8,273580
2024,1,54,统计学,A481,南阳师范学院,5,240863
2024,1,56,环境科学与工程,A481,南阳师范学院,6,263423
2024,1,57,土木工程,A481,南阳师范学院,5,273979
2024,1,59,智能建造,A481,南阳师范学院,5,256447
2024,1,64,汉语言文学(师范类),A481,南阳师范学院,8,107852
2024,1,67,电子信息类,A481,南阳师范学院,10,235914
2024,1,68,智能感知工程,A481,南阳师范学院,5,239077
2024,1,69,新闻学,A481,南阳师范学院,8,157843
2024,1,24,化学(中外合作办学),A481,南阳师范学院,6,268304
2024,1,01,思想政治教育(师范类),A482,洛阳师范学院,6,100394
2024,1,02,汉语言文学(师范类),A482,洛阳师范学院,6,86169
2024,1,04,戏剧影视文学,A482,洛阳师范学院,10,182610
2024,1,05,历史学(师范类),A482,洛阳师范学院,6,102294
2024,1,10,英语(师范类),A482,洛阳师范学院,6,113489
2024,1,12,日语,A482,洛阳师范学院,6,155448
2024,1,13,数学与应用数学(师范类),A482,洛阳师范学院,7,169702
2024,1,16,物理学(师范类),A482,洛阳师范学院,7,261067
2024,1,19,化学(师范类),A482,洛阳师范学院,7,297811
2024,1,39,教育学(师范类),A482,洛阳师范学院,6,126262
2024,1,40,生物科学(师范类),A482,洛阳师范学院,7,309506
2024,1,44,会计学,A482,洛阳师范学院,6,108303
2024,1,48,广播电视编导,A482,洛阳师范学院,10,181998
2024,1,51,地理科学(师范类),A482,洛阳师范学院,7,116403
2024,1,55,制药工程,A482,洛阳师范学院,7,218221
2024,1,01,汉语言文学(师范类),A483,商丘师范学院,2,93318
2024,1,02,文化产业管理,A483,商丘师范学院,2,146384
2024,1,03,历史学(师范类),A483,商丘师范学院,2,121453
2024,1,04,金融数学,A483,商丘师范学院,2,163815
2024,1,05,统计学,A483,商丘师范学院,2,238396
2024,1,06,数学与应用数学(师范类),A483,商丘师范学院,2,195167
2024,1,07,物理学(师范类),A483,商丘师范学院,2,307219
2024,1,08,通信工程,A483,商丘师范学院,2,207617
2024,1,09,汽车服务工程,A483,商丘师范学院,2,260838
2024,1,10,电气工程及其自动化,A483,商丘师范学院,2,172982
2024,1,11,电子信息工程,A483,商丘师范学院,2,189557
2024,1,12,自动化,A483,商丘师范学院,2,188684
2024,1,13,新能源科学与工程,A483,商丘师范学院,2,204275
2024,1,14,制药工程,A483,商丘师范学院,2,236344
2024,1,15,化学(师范类),A483,商丘师范学院,3,291235
2024,1,16,材料科学与工程,A483,商丘师范学院,3,276522
2024,1,17,英语(师范类),A483,商丘师范学院,2,128306
2024,1,18,翻译,A483,商丘师范学院,2,158477
2024,1,19,日语(师范类),A483,商丘师范学院,2,142193
2024,1,20,法学,A483,商丘师范学院,2,92327
2024,1,21,社会工作,A483,商丘师范学院,3,158859
2024,1,25,生物科学(师范类),A483,商丘师范学院,2,309692
2024,1,26,生物工程,A483,商丘师范学院,3,275946
2024,1,27,食品科学与工程,A483,商丘师范学院,2,229562
2024,1,28,动物科学,A483,商丘师范学院,1,223224
2024,1,32,电子商务,A483,商丘师范学院,1,185943
2024,1,33,物联网工程,A483,商丘师范学院,2,200717
2024,1,34,人工智能,A483,商丘师范学院,2,209897
2024,1,38,学前教育(师范类),A483,商丘师范学院,2,151424
2024,1,39,小学教育(师范类),A483,商丘师范学院,2,131263
2024,1,40,教育学(师范类),A483,商丘师范学院,2,135338
2024,1,41,城乡规划,A483,商丘师范学院,2,157765
2024,1,42,园林,A483,商丘师范学院,1,162530
2024,1,43,测绘工程,A483,商丘师范学院,2,216504
2024,1,44,地理科学(师范类),A483,商丘师范学院,3,123213
2024,1,45,地理信息科学,A483,商丘师范学院,2,124228
2024,1,46,广播电视编导,A483,商丘师范学院,3,185055
2024,1,48,广播电视学,A483,商丘师范学院,2,159110
2024,1,49,网络与新媒体,A483,商丘师范学院,2,137771
2024,1,50,物流管理,A483,商丘师范学院,1,159757
2024,1,51,经济学,A483,商丘师范学院,2,137007
2024,1,52,财务管理,A483,商丘师范学院,2,121913
2024,1,53,国际经济与贸易,A483,商丘师范学院,2,160193
2024,1,54,建筑电气与智能化,A483,商丘师范学院,3,264078
2024,1,55,建筑学,A483,商丘师范学院,3,165600
2024,1,56,土木工程,A483,商丘师范学院,2,272362
2024,1,06,管理科学与工程类,A484,河南财经政法大学,2,117380
2024,1,09,金融学类,A484,河南财经政法大学,2,59807
2024,1,18,软件工程(金融信息化方向),A484,河南财经政法大学,10,103955
2024,1,19,法学,A484,河南财经政法大学,8,40962
2024,1,22,财务管理,A484,河南财经政法大学,2,45876
2024,1,23,会计学,A484,河南财经政法大学,2,40070
2024,1,29,人力资源管理,A484,河南财经政法大学,2,78070
2024,1,33,经济学,A484,河南财经政法大学,2,61097
2024,1,47,外国语言文学类,A484,河南财经政法大学,2,79724
2024,1,49,地理信息科学,A484,河南财经政法大学,2,65717
2024,1,50,人文地理与城乡规划,A484,河南财经政法大学,2,90680
2024,1,53,财政学类,A484,河南财经政法大学,2,50383
2024,1,55,数学类,A484,河南财经政法大学,2,89223
2024,1,58,物流管理,A484,河南财经政法大学,2,98172
2024,1,64,社会学类,A484,河南财经政法大学,2,82289
2024,1,01,工商管理类,A485,郑州航空工业管理学院,6,135685
2024,1,07,金融学类,A485,郑州航空工业管理学院,2,151914
2024,1,09,信息管理与信息系统,A485,郑州航空工业管理学院,2,139301
2024,1,10,大数据管理与应用,A485,郑州航空工业管理学院,2,151226
2024,1,12,飞行器质量与可靠性,A485,郑州航空工业管理学院,2,135022
2024,1,13,能源与动力工程,A485,郑州航空工业管理学院,2,168515
2024,1,15,无人驾驶航空器系统工程,A485,郑州航空工业管理学院,2,150008
2024,1,16,航空航天工程,A485,郑州航空工业管理学院,2,119134
2024,1,17,机械设计制造及其自动化,A485,郑州航空工业管理学院,2,154573
2024,1,18,车辆工程,A485,郑州航空工业管理学院,3,159556
2024,1,19,工业设计,A485,郑州航空工业管理学院,2,180633
2024,1,20,计算机类,A485,郑州航空工业管理学院,3,144935
2024,1,21,人工智能,A485,郑州航空工业管理学院,2,149748
2024,1,22,电子信息类,A485,郑州航空工业管理学院,3,141235
2024,1,24,电气工程及其自动化,A485,郑州航空工业管理学院,2,131260
2024,1,29,材料类,A485,郑州航空工业管理学院,2,208289
2024,1,30,土木类,A485,郑州航空工业管理学院,4,264671
2024,1,32,工程管理,A485,郑州航空工业管理学院,2,164307
2024,1,35,中国语言文学类,A485,郑州航空工业管理学院,4,124784
2024,1,38,外国语言文学类,A485,郑州航空工业管理学院,2,148277
2024,1,40,数学与应用数学,A485,郑州航空工业管理学院,2,168559
2024,1,52,飞行器设计与工程(中外合作办学),A485,郑州航空工业管理学院,7,239110
2024,1,53,信息管理与信息系统(中外合作办学),A485,郑州航空工业管理学院,4,196420
2024,1,54,质量管理工程(中外合作办学),A485,郑州航空工业管理学院,4,202113
2024,1,55,材料成型及控制工程(中外合作办学),A485,郑州航空工业管理学院,4,279733
2024,1,56,自动化(中外合作办学),A485,郑州航空工业管理学院,4,264437
2024,1,A1,中国语言文学类(含中国语言文学国家拔尖学生培养基地),A486,武汉大学,3,2397
2024,1,A3,外国语言文学类,A486,武汉大学,2,2706
2024,1,A5,经济学(数智经济与管理试验班),A486,武汉大学,2,1968
2024,1,A6,经济学类,A486,武汉大学,9,3094
2024,1,B2,社会学(知行试验班),A486,武汉大学,2,3511
2024,1,B3,数学类(含数学国家拔尖学生培养基地),A486,武汉大学,6,2009
2024,1,B4,物理学类(含物理学国家拔尖学生培养基地),A486,武汉大学,6,2184
2024,1,B6,生物科学类(含生物国家拔尖学生培养基地),A486,武汉大学,4,2265
2024,1,B8,计算机类(国家网络安全学院),A486,武汉大学,10,1931
2024,1,C1,理科试验班(弘毅学堂),A486,武汉大学,4,1107
2024,1,C2,哲学类(含哲学国家拔尖学生培养基地),A486,武汉大学,2,4092
2024,1,C4,新闻传播学类(含卓越新闻传播人才教育培养计划),A486,武汉大学,4,3373
2024,1,C5,金融学类(弘毅学堂),A486,武汉大学,2,1451
2024,1,C6,法学,A486,武汉大学,4,1832
2024,1,C7,理科试验班(空间信息与智慧城市),A486,武汉大学,4,3495
2024,1,D4,临床医学(8年),A486,武汉大学,2,1124
2024,1,D5,口腔医学(8年),A486,武汉大学,1,861
2024,1,D6,口腔医学(5年),A486,武汉大学,2,2159
2024,1,E4,网络空间安全(拔尖试验班),A486,武汉大学,2,1201
2024,1,E6,临床医学(5+3一体化),A486,武汉大学,6,1948
2024,1,E7,计算机科学与技术(雷军班),A486,武汉大学,1,311
2024,1,E8,计算机类(计算机学院),A486,武汉大学,14,1525
2024,1,F1,工科试验班(数智土木类试验班),A486,武汉大学,2,4043
2024,1,F3,大数据管理与应用,A486,武汉大学,3,3090
2024,1,F4,化学类(新能源自强班),A486,武汉大学,4,3104
2024,1,F7,工科试验班(电气类),A486,武汉大学,16,2093
2024,1,F9,工科试验班(智慧能源与智能制造类),A486,武汉大学,10,2545
2024,1,G1,电子信息类,A486,武汉大学,12,1976
2024,1,G6,文科试验班类(弘毅学堂),A486,武汉大学,6,1813
2024,1,J3,工科试验班(碳中和试验班),A486,武汉大学,2,2843
2024,1,J5,导航工程(智能导航试验班),A486,武汉大学,2,2462
2024,1,QA,历史学类,A486,武汉大学,3,4143
2024,1,QC,化学类(含化学国家拔尖学生培养基地),A486,武汉大学,8,3342
2024,1,QE,测绘类(含卓越工程师教育培养计划),A486,武汉大学,10,3145
2024,1,QG,遥感科学与技术,A486,武汉大学,18,2702
2024,1,01,数学类,A487,华中科技大学,5,2431
2024,1,03,物理学类,A487,华中科技大学,6,2516
2024,1,05,物理学(创新实验班),A487,华中科技大学,2,1955
2024,1,08,机械类,A487,华中科技大学,15,2405
2024,1,0E,材料类,A487,华中科技大学,8,3381
2024,1,0K,能源动力类,A487,华中科技大学,11,2785
2024,1,0S,电气工程及其自动化,A487,华中科技大学,12,1704
2024,1,0Z,生物科学类,A487,华中科技大学,5,3790
2024,1,10,生物医学工程类,A487,华中科技大学,8,2636
2024,1,13,电子信息类(电信学院),A487,华中科技大学,16,1873
2024,1,15,光电信息科学与工程,A487,华中科技大学,7,1407
2024,1,18,光电信息科学与工程(启明实验班),A487,华中科技大学,5,1099
2024,1,19,自动化类,A487,华中科技大学,12,1689
2024,1,1E,航空航天类,A487,华中科技大学,5,2458
2024,1,1F,电子信息类(集成电路学院),A487,华中科技大学,7,1458
2024,1,1H,计算机类(计算机学院),A487,华中科技大学,16,1340
2024,1,1M,软件工程,A487,华中科技大学,4,1656
2024,1,1U,管理科学与工程类,A487,华中科技大学,4,3926
2024,1,1Y,数字经济(AI双学位),A487,华中科技大学,4,2710
2024,1,2C,临床医学(八年制),A487,华中科技大学,3,704
2024,1,2D,临床医学,A487,华中科技大学,10,2641
2024,1,2Q,预防医学(启明实验班),A487,华中科技大学,2,2952
2024,1,2T,药学(启明实验班),A487,华中科技大学,2,2753
2024,1,30,光电信息科学与工程(未来技术实验班),A487,华中科技大学,2,845
2024,1,4D,金融工程,A487,华中科技大学,3,4067
2024,1,4B,生物科学(中外合作办学),A487,华中科技大学,5,10272
2024,1,01,机械类,A488,武汉科技大学,9,34716
2024,1,02,计算机类,A488,武汉科技大学,5,25703
2024,1,05,土木类,A488,武汉科技大学,4,95770
2024,1,06,管理科学与工程类,A488,武汉科技大学,5,49014
2024,1,0B,机械类(汽车),A488,武汉科技大学,6,34690
2024,1,0F,材料类,A488,武汉科技大学,8,59262
2024,1,0G,应用化学,A488,武汉科技大学,4,45606
2024,1,0N,临床医学,A488,武汉科技大学,10,30275
2024,1,0R,工商管理类,A488,武汉科技大学,9,46062
2024,1,0V,法学类,A488,武汉科技大学,3,39380
2024,1,16,电气工程及其自动化,A488,武汉科技大学,3,29620
2024,1,17,能源与动力工程,A488,武汉科技大学,4,40946
2024,1,18,储能科学与工程,A488,武汉科技大学,3,42000
2024,1,19,化学工程与工艺,A488,武汉科技大学,4,51911
2024,1,1A,生物工程(制药方向),A488,武汉科技大学,5,59444
2024,1,1C,投资学,A488,武汉科技大学,3,60519
2024,1,1D,金融科技,A488,武汉科技大学,5,54954
2024,1,1F,自动化类(电子信息),A488,武汉科技大学,4,29953
2024,1,01,新闻传播学类,A489,长江大学,3,56433
2024,1,02,历史学(师范类),A489,长江大学,2,48916
2024,1,03,中国语言文学类(师范类),A489,长江大学,4,48594
2024,1,04,外国语言文学类(师范类),A489,长江大学,4,68429
2024,1,05,日语,A489,长江大学,4,89616
2024,1,06,教育学类(师范类),A489,长江大学,5,65366
2024,1,07,经济学类(含荆楚卓越人才协同育人计划),A489,长江大学,6,68749
2024,1,08,法学(社会治理法、知产法方向),A489,长江大学,1,34433
2024,1,10,工商管理类(含荆楚卓越协同育人计划),A489,长江大学,16,79711
2024,1,11,资源环境大数据工程,A489,长江大学,5,115026
2024,1,12,预防医学,A489,长江大学,1,69444
2024,1,13,思想政治教育(师范类),A489,长江大学,3,50270
2024,1,14,数学类(师范类，含国家一流专业),A489,长江大学,3,91986
2024,1,15,光电信息科学与工程,A489,长江大学,2,54518
2024,1,18,化工与制药类(含国家特色专业、省支柱产业人才培养计划),A489,长江大学,12,119684
2024,1,19,工业设计(智能化产品),A489,长江大学,2,83281
2024,1,20,机械类,A489,长江大学,5,68996
2024,1,22,计算机类,A489,长江大学,11,52493
2024,1,24,土木类,A489,长江大学,10,193670
2024,1,25,建筑类(含省一流专业),A489,长江大学,6,84638
2024,1,26,地球化学(资源、环境),A489,长江大学,4,121711
2024,1,28,地球物理学类(国家特色专业，含教育部卓越工程师培养计划),A489,长江大学,12,110600
2024,1,29,数据科学与大数据技术(智能油气勘探),A489,长江大学,1,48030
2024,1,30,资源勘查工程(石油勘探、新能源、油气测录工程),A489,长江大学,7,101632
2024,1,31,地质学,A489,长江大学,4,90738
2024,1,32,地球信息科学与技术,A489,长江大学,4,90193
2024,1,33,地理信息科学(含省支柱产业人才计划),A489,长江大学,2,73596
2024,1,34,海洋油气工程,A489,长江大学,8,100826
2024,1,35,石油工程(含中俄能源方向、教育部卓越工程师),A489,长江大学,14,90276
2024,1,36,油气储运工程(含中俄能源方向),A489,长江大学,8,95184
2024,1,38,植物生产类(含教育部卓越农林、省支柱产业人才计划),A489,长江大学,10,139566
2024,1,39,农业资源与环境(含教育部卓越农林人才计划),A489,长江大学,4,143369
2024,1,40,园林,A489,长江大学,2,85044
2024,1,41,园艺(现代园艺),A489,长江大学,6,196184
2024,1,42,风景园林,A489,长江大学,5,95624
2024,1,43,智慧农业,A489,长江大学,4,132789
2024,1,44,动物医学类(含教育部卓越农林人才教育培养计划),A489,长江大学,11,104928
2024,1,45,生物科学类,A489,长江大学,5,104661
2024,1,46,食品科学与工程类,A489,长江大学,4,101308
2024,1,47,临床医学(含教育部卓越医生、省荆楚卓越人才计划),A489,长江大学,2,36089
2024,1,48,中西医临床医学,A489,长江大学,3,51996
2024,1,49,医学技术类,A489,长江大学,2,78405
2024,1,50,护理学,A489,长江大学,7,96032
2024,1,53,电子信息工程(含教育部卓越工程师教育培养计划),A489,长江大学,6,49194
2024,1,55,化学(师范类),A489,长江大学,1,97553
2024,1,H1,土木工程(中外合作办学),A489,长江大学,10,246631
2024,1,01,化学工程与工艺(AI绿色化工、精细化学品，含创新、卓越班),A490,武汉工程大学,9,49580
2024,1,02,化学工程与工艺(辅修英语专业双学位),A490,武汉工程大学,5,56451
2024,1,04,制药工程(含卓越计划班),A490,武汉工程大学,5,51192
2024,1,05,药物制剂(靶向药物、纳米制剂),A490,武汉工程大学,5,65461
2024,1,06,机器人工程(机器人化智能制造方向),A490,武汉工程大学,5,40794
2024,1,07,机械电子工程(光机电智能装备方向),A490,武汉工程大学,5,43935
2024,1,08,机械设计制造及其自动化(智能制造方向),A490,武汉工程大学,5,43134
2024,1,09,过程装备与控制工程(含智能装备与控制、新能源装备方向),A490,武汉工程大学,9,56369
2024,1,12,电气工程及其自动化,A490,武汉工程大学,8,35455
2024,1,13,电子信息工程(含集成电路设计、模式识别与智能系统方向),A490,武汉工程大学,5,37540
2024,1,14,通信工程(5G移动互联网方向),A490,武汉工程大学,5,39139
2024,1,15,信息工程(含智能信息处理方向、智能信息系统方向),A490,武汉工程大学,5,42024
2024,1,16,测控技术与仪器(智能传感器及智能工程方向),A490,武汉工程大学,6,52327
2024,1,17,自动化(含智能机器人方向、智能控制与技术方向),A490,武汉工程大学,5,38301
2024,1,23,高分子材料与工程(含新能源与功能高分子方向、创新实验班),A490,武汉工程大学,9,57305
2024,1,27,材料物理(半导体芯片制造方向),A490,武汉工程大学,5,51650
2024,1,30,新能源材料与器件(光电与智能材料方向),A490,武汉工程大学,2,49975
2024,1,34,会计学(含大数据会计、智能财务方向),A490,武汉工程大学,2,41530
2024,1,35,会计学(辅修英语专业双学位),A490,武汉工程大学,3,39159
2024,1,36,会计学(ACCA国际注册会计师方向),A490,武汉工程大学,4,46918
2024,1,38,大数据管理与应用,A490,武汉工程大学,4,50342
2024,1,39,计算机类,A490,武汉工程大学,16,33631
2024,1,41,人工智能(深度学习、机器人、智能金融方向),A490,武汉工程大学,8,36640
2024,1,44,法学类,A490,武汉工程大学,3,34830
2024,1,45,知识产权(大数据与网络法学方向),A490,武汉工程大学,3,41143
2024,1,52,应用化学,A490,武汉工程大学,8,61695
2024,1,54,信息与计算科学(含智能计算、信息与数据安全方向),A490,武汉工程大学,5,44577
2024,1,55,数据科学与大数据技术,A490,武汉工程大学,5,37554
2024,1,56,光电信息科学与工程(含光电芯片、先进光学方向),A490,武汉工程大学,7,38003
2024,1,58,能源与动力工程(含智能人工环境、新能源与储能科学方向),A490,武汉工程大学,5,46426
2024,1,60,英语(辅修法学专业双学位),A490,武汉工程大学,3,41179
2024,1,69,工业设计(智能产品与交互设计方向),A490,武汉工程大学,5,69525
2024,1,70,生物工程(生命大健康产业方向),A490,武汉工程大学,4,60142
2024,1,71,生物技术(生物医药与大数据分析方向),A490,武汉工程大学,4,77138
2024,1,79,化学工程与工艺(中外合作办学),A490,武汉工程大学,6,142982
2024,1,01,地质学类(国家拔尖计划，国家理科基地班),A491,中国地质大学(武汉),4,22865
2024,1,02,地质学类,A491,中国地质大学(武汉),2,26309
2024,1,04,石油工程,A491,中国地质大学(武汉),4,29269
2024,1,05,资源环境大数据工程,A491,中国地质大学(武汉),2,28506
2024,1,09,环境科学与工程类(环境地球科学类),A491,中国地质大学(武汉),8,36196
2024,1,10,大气科学,A491,中国地质大学(武汉),4,27081
2024,1,12,地质类,A491,中国地质大学(武汉),6,33148
2024,1,14,地球物理学(国家拔尖计划),A491,中国地质大学(武汉),4,25566
2024,1,17,机械类,A491,中国地质大学(武汉),5,23271
2024,1,18,电子信息类,A491,中国地质大学(武汉),10,18080
2024,1,19,自动化类,A491,中国地质大学(武汉),12,20908
2024,1,20,经济学类,A491,中国地质大学(武汉),4,23848
2024,1,21,管理科学与工程类,A491,中国地质大学(武汉),7,36004
2024,1,23,英语,A491,中国地质大学(武汉),7,29140
2024,1,24,地理科学类,A491,中国地质大学(武汉),4,27677
2024,1,25,测绘类(测绘与信息类),A491,中国地质大学(武汉),15,33415
2024,1,28,宝石及材料工艺学,A491,中国地质大学(武汉),5,38176
2024,1,30,法学,A491,中国地质大学(武汉),2,16964
2024,1,33,应急管理,A491,中国地质大学(武汉),2,38674
2024,1,34,计算机类,A491,中国地质大学(武汉),20,16705
2024,1,37,广播电视学,A491,中国地质大学(武汉),4,28327
2024,1,41,地质学类(菁英班),A491,中国地质大学(武汉),4,24432
2024,1,49,电子信息类(未来技术学院),A491,中国地质大学(武汉),2,18588
2024,1,50,土地资源管理(土地资源与整治),A491,中国地质大学(武汉),6,46228
2024,1,51,地质类(资源能源),A491,中国地质大学(武汉),10,36873
2024,1,53,应用化学,A491,中国地质大学(武汉),2,26980
2024,1,55,材料类,A491,中国地质大学(武汉),6,28822
2024,1,57,土木类,A491,中国地质大学(武汉),8,44971
2024,1,59,海洋科学类,A491,中国地质大学(武汉),7,32171
2024,1,5B,工商管理类,A491,中国地质大学(武汉),8,25968
2024,1,5D,数学类,A491,中国地质大学(武汉),6,22721
2024,1,08,地下水科学与工程(中外合作办学),A491,中国地质大学(武汉),6,56337
2024,1,35,计算机科学与技术(中外合作办学)(大数据方向),A491,中国地质大学(武汉),6,29585
2024,1,12,服装设计与工程,A495,武汉纺织大学,4,107928
2024,1,22,纺织类,A495,武汉纺织大学,6,133727
2024,1,24,工商管理类,A495,武汉纺织大学,6,104299
2024,1,28,化学类,A495,武汉纺织大学,2,116722
2024,1,46,计算机类,A495,武汉纺织大学,6,69046
2024,1,4L,大数据管理与应用,A495,武汉纺织大学,6,83245
2024,1,4M,轻化工程,A495,武汉纺织大学,4,128211
2024,1,4N,工业设计,A495,武汉纺织大学,5,125869
2024,1,01,食品科学与工程类,A496,武汉轻工大学,3,72243
2024,1,06,生物工程(绿色生物制造方向),A496,武汉轻工大学,3,121058
2024,1,07,功能材料,A496,武汉轻工大学,3,195961
2024,1,08,化学工程与工艺,A496,武汉轻工大学,3,87377
2024,1,10,机械类,A496,武汉轻工大学,3,66351
2024,1,15,电子信息类,A496,武汉轻工大学,2,54704
2024,1,18,计算机类,A496,武汉轻工大学,3,55784
2024,1,23,工商管理类,A496,武汉轻工大学,3,62667
2024,1,29,金融学,A496,武汉轻工大学,2,67242
2024,1,37,外国语言文学类,A496,武汉轻工大学,2,77885
2024,1,02,电子信息类(微电子卓越实验班),A497,武汉理工大学,2,11300
2024,1,03,交通运输类(交通设备与控制卓越实验班),A497,武汉理工大学,2,14233
2024,1,05,交通运输类,A497,武汉理工大学,18,22949
2024,1,07,机械设计制造及其自动化,A497,武汉理工大学,14,16896
2024,1,09,海洋工程类,A497,武汉理工大学,18,26270
2024,1,11,机械类(车辆),A497,武汉理工大学,49,22085
2024,1,12,机械工程(智能制造卓越实验班),A497,武汉理工大学,2,12851
2024,1,15,建筑类,A497,武汉理工大学,4,28810
2024,1,16,地理信息科学,A497,武汉理工大学,7,25642
2024,1,17,环境科学与工程类,A497,武汉理工大学,10,30497
2024,1,18,电子信息类(通信卓越实验班),A497,武汉理工大学,3,11174
2024,1,19,电子信息类,A497,武汉理工大学,23,13690
2024,1,20,计算机类,A497,武汉理工大学,24,12932
2024,1,21,自动化类,A497,武汉理工大学,26,14678
2024,1,22,导航工程,A497,武汉理工大学,5,20652
2024,1,26,化工与制药类(含生物方向),A497,武汉理工大学,36,28099
2024,1,27,信息管理与信息系统,A497,武汉理工大学,4,20213
2024,1,28,工商管理类,A497,武汉理工大学,21,25076
2024,1,29,经济学类,A497,武汉理工大学,17,23966
2024,1,32,工业设计,A497,武汉理工大学,3,20726
2024,1,34,思想政治教育,A497,武汉理工大学,5,21836
2024,1,35,新闻传播学类,A497,武汉理工大学,3,26044
2024,1,36,法学类,A497,武汉理工大学,15,20557
2024,1,41,材料类,A497,武汉理工大学,43,22724
2024,1,43,机械类(智能制造),A497,武汉理工大学,31,20196
2024,1,45,土木类,A497,武汉理工大学,20,39059
2024,1,47,数学类,A497,武汉理工大学,21,18343
2024,1,49,管理科学与工程类(大数据管理与安全科学),A497,武汉理工大学,13,25532
2024,1,38,车辆工程(中外合作办学),A497,武汉理工大学,15,32042
2024,1,39,金融学(中外合作办学),A497,武汉理工大学,5,33648
2024,1,40,生物科学类(中外合作办学),A497,武汉理工大学,12,43911
2024,1,01,机械设计制造及其自动化,A500,湖北工业大学,8,40817
2024,1,03,智能制造工程,A500,湖北工业大学,5,48135
2024,1,08,电气工程及其自动化,A500,湖北工业大学,5,32224
2024,1,10,通信工程,A500,湖北工业大学,5,47297
2024,1,11,电子信息工程,A500,湖北工业大学,5,41652
2024,1,20,生物技术(生命科学拔尖人才试验班),A500,湖北工业大学,2,63759
2024,1,25,土木工程,A500,湖北工业大学,5,224728
2024,1,31,环境工程,A500,湖北工业大学,5,190459
2024,1,47,市场营销(营销科学与数智管理),A500,湖北工业大学,3,81049
2024,1,48,会计学,A500,湖北工业大学,5,51113
2024,1,49,人力资源管理(数智化人资),A500,湖北工业大学,2,60421
2024,1,56,英语,A500,湖北工业大学,3,70043
2024,1,69,机械设计制造及其自动化(中外合作办学)(中美合作办学),A500,湖北工业大学,15,138973
2024,1,70,电气工程及其自动化(中外合作办学)(中美合作办学),A500,湖北工业大学,15,114534
2024,1,71,环境工程(中外合作办学)(中美合作办学),A500,湖北工业大学,12,236645
2024,1,72,软件工程(中外合作办学)(中美合作办学),A500,湖北工业大学,13,113264
2024,1,02,生物工程,A504,华中农业大学,5,25303
2024,1,04,智慧农业,A504,华中农业大学,20,41825
2024,1,05,动物科学(国家卓越农林人才计划),A504,华中农业大学,8,37455
2024,1,06,动物医学,A504,华中农业大学,11,27749
2024,1,08,地理信息科学,A504,华中农业大学,3,25974
2024,1,09,园艺(国家卓越农林人才计划),A504,华中农业大学,3,34154
2024,1,10,设施农业科学与工程,A504,华中农业大学,2,35532
2024,1,12,林学,A504,华中农业大学,4,45543
2024,1,13,园林(国家卓越农林人才计划),A504,华中农业大学,4,38440
2024,1,17,机械类,A504,华中农业大学,15,27283
2024,1,18,光电信息科学与工程,A504,华中农业大学,3,22349
2024,1,21,信息与计算科学,A504,华中农业大学,8,25226
2024,1,22,生物信息学,A504,华中农业大学,3,24027
2024,1,24,社会学类,A504,华中农业大学,6,30248
2024,1,25,法学,A504,华中农业大学,2,18432
2024,1,26,广告学,A504,华中农业大学,8,34053
2024,1,27,经济学类,A504,华中农业大学,8,27322
2024,1,29,经济统计学,A504,华中农业大学,3,27654
2024,1,31,外国语言文学类,A504,华中农业大学,14,33079
2024,1,58,生物科学类,A504,华中农业大学,10,20870
2024,1,5A,植物生产类,A504,华中农业大学,24,41035
2024,1,5C,环境科学与工程类,A504,华中农业大学,16,42971
2024,1,5E,茶学,A504,华中农业大学,3,48896
2024,1,5G,风景园林,A504,华中农业大学,2,25058
2024,1,5J,水产类,A504,华中农业大学,18,55949
2024,1,5L,农业工程类,A504,华中农业大学,6,30960
2024,1,5N,应用化学,A504,华中农业大学,10,34312
2024,1,5Q,计算机类,A504,华中农业大学,10,21371
2024,1,5S,工商管理类,A504,华中农业大学,5,26277
2024,1,5U,公共管理类,A504,华中农业大学,7,31998
2024,1,5W,管理科学与工程类,A504,华中农业大学,6,32656
2024,1,55,农林经济管理(中外合作办学),A504,华中农业大学,10,47838
2024,1,56,园艺(中外合作办学),A504,华中农业大学,10,71933
2024,1,57,生态学(中外合作办学),A504,华中农业大学,10,67110
2024,1,04,中医学,A507,湖北中医药大学,8,41085
2024,1,05,中医学(美容与康复方向),A507,湖北中医药大学,3,57297
2024,1,07,中西医临床医学,A507,湖北中医药大学,6,51940
2024,1,08,中西医临床医学(全科医学方向),A507,湖北中医药大学,4,62429
2024,1,09,针灸推拿学,A507,湖北中医药大学,7,64173
2024,1,0A,针灸推拿学(针刀方向),A507,湖北中医药大学,4,82776
2024,1,0B,中医骨伤科学,A507,湖北中医药大学,4,81704
2024,1,0C,康复治疗学,A507,湖北中医药大学,1,88410
2024,1,0D,医学影像技术,A507,湖北中医药大学,2,85265
2024,1,0E,医学实验技术,A507,湖北中医药大学,2,100765
2024,1,0F,中药学,A507,湖北中医药大学,6,61565
2024,1,0G,药学,A507,湖北中医药大学,3,64119
2024,1,0H,制药工程,A507,湖北中医药大学,2,75063
2024,1,0J,药物制剂,A507,湖北中医药大学,2,74518
2024,1,0K,中药资源与开发,A507,湖北中医药大学,2,165901
2024,1,0L,中药制药,A507,湖北中医药大学,2,123230
2024,1,0M,医学检验技术,A507,湖北中医药大学,3,99186
2024,1,0N,卫生检验与检疫,A507,湖北中医药大学,1,105012
2024,1,0P,生物技术,A507,湖北中医药大学,1,87107
2024,1,0Q,食品质量与安全,A507,湖北中医药大学,3,121209
2024,1,0R,护理学,A507,湖北中医药大学,3,73014
2024,1,0S,助产学,A507,湖北中医药大学,1,96358
2024,1,0T,市场营销,A507,湖北中医药大学,2,119025
2024,1,0U,物流管理,A507,湖北中医药大学,2,112821
2024,1,0V,国际商务,A507,湖北中医药大学,2,109462
2024,1,0W,公共事业管理,A507,湖北中医药大学,2,98769
2024,1,0X,保险学,A507,湖北中医药大学,2,130082
2024,1,0Y,信息管理与信息系统,A507,湖北中医药大学,4,105447
2024,1,0Z,医学信息工程,A507,湖北中医药大学,5,109650
2024,1,10,物联网工程,A507,湖北中医药大学,4,86787
2024,1,11,应用心理学,A507,湖北中医药大学,2,68366
2024,1,13,汉语国际教育,A507,湖北中医药大学,1,75857
2024,1,14,药事管理,A507,湖北中医药大学,1,55943
2024,1,15,英语,A507,湖北中医药大学,1,79656
2024,1,16,商务英语,A507,湖北中医药大学,1,77949
2024,1,17,运动康复,A507,湖北中医药大学,2,69834
2024,1,18,健康服务与管理,A507,湖北中医药大学,2,89048
2024,1,01,教育学类,A511,华中师范大学,4,21448
2024,1,10,中国语言文学类,A511,华中师范大学,2,10188
2024,1,13,外国语言文学类,A511,华中师范大学,4,23819
2024,1,15,历史学类,A511,华中师范大学,3,14052
2024,1,17,数学类,A511,华中师范大学,1,8002
2024,1,22,电子信息类,A511,华中师范大学,5,14359
2024,1,24,化学类,A511,华中师范大学,9,19266
2024,1,26,生物科学类,A511,华中师范大学,2,15836
2024,1,30,新闻传播学类,A511,华中师范大学,2,21056
2024,1,31,计算机类,A511,华中师范大学,2,13305
2024,1,38,信息资源管理(含创新实验班),A511,华中师范大学,2,21845
2024,1,39,管理科学与工程类,A511,华中师范大学,3,24501
2024,1,42,社会学类,A511,华中师范大学,7,23263
2024,1,43,公共管理类,A511,华中师范大学,4,24576
2024,1,44,政治学类,A511,华中师范大学,2,16002
2024,1,45,经济学类,A511,华中师范大学,5,19522
2024,1,01,工商管理类,A512,湖北大学,2,41616
2024,1,03,经济学类,A512,湖北大学,4,38688
2024,1,05,行政管理,A512,湖北大学,2,52317
2024,1,08,中国语言文学类,A512,湖北大学,2,27375
2024,1,09,心理学(师范类),A512,湖北大学,2,48230
2024,1,10,英语,A512,湖北大学,2,51296
2024,1,12,法语,A512,湖北大学,4,63228
2024,1,13,葡萄牙语,A512,湖北大学,2,66879
2024,1,15,物理学,A512,湖北大学,2,36152
2024,1,16,电子信息类,A512,湖北大学,3,31477
2024,1,22,生物科学类,A512,湖北大学,3,52795
2024,1,23,生物工程,A512,湖北大学,2,48144
2024,1,25,化学类,A512,湖北大学,3,58332
2024,1,31,材料类,A512,湖北大学,3,48685
2024,1,33,新闻传播学类,A512,湖北大学,3,39505
2024,1,35,计算机类,A512,湖北大学,4,29574
2024,1,52,人文地理与城乡规划,A512,湖北大学,2,42496
2024,1,53,地理信息科学,A512,湖北大学,2,39465
2024,1,58,会计学,A512,湖北大学,2,34996
2024,1,61,智能感知工程,A512,湖北大学,3,43075
2024,1,63,新能源材料与器件,A512,湖北大学,2,47676
2024,1,S7,思想政治教育(师范类),A512,湖北大学,3,37395
2024,1,S8,历史学(师范类),A512,湖北大学,3,35708
2024,1,06,国际事务与国际关系(中外合作办学),A512,湖北大学,8,91335
2024,1,39,材料科学与工程(中外合作办学),A512,湖北大学,12,154251
2024,1,40,软件工程(中外合作办学),A512,湖北大学,12,93916
2024,1,41,电子信息工程(中外合作办学),A512,湖北大学,12,90184
2024,1,22,经济学,A513,湖北师范大学,2,70061
2024,1,23,财务管理,A513,湖北师范大学,2,65729
2024,1,24,财务会计教育(师范类),A513,湖北师范大学,2,72497
2024,1,25,法学,A513,湖北师范大学,3,42735
2024,1,26,行政管理,A513,湖北师范大学,2,77442
2024,1,27,应用心理学,A513,湖北师范大学,2,69530
2024,1,28,教育学类(师范类),A513,湖北师范大学,2,60457
2024,1,29,学前教育(师范类),A513,湖北师范大学,2,96192
2024,1,30,英语(师范类),A513,湖北师范大学,2,54840
2024,1,32,日语(师范类),A513,湖北师范大学,2,107799
2024,1,34,历史学(师范类),A513,湖北师范大学,2,46907
2024,1,36,思想政治教育(师范类),A513,湖北师范大学,2,45394
2024,1,37,汉语言文学(师范类),A513,湖北师范大学,2,32561
2024,1,38,汉语国际教育,A513,湖北师范大学,2,56552
2024,1,40,网络与新媒体,A513,湖北师范大学,2,80933
2024,1,41,数学与应用数学(师范类),A513,湖北师范大学,3,65550
2024,1,43,物理学(师范类),A513,湖北师范大学,3,102010
2024,1,44,光电信息科学与工程,A513,湖北师范大学,2,112584
2024,1,45,集成电路设计与集成系统,A513,湖北师范大学,2,92134
2024,1,47,化学(师范类),A513,湖北师范大学,2,87964
2024,1,48,应用化学,A513,湖北师范大学,2,110898
2024,1,49,化学工程与工艺,A513,湖北师范大学,2,118294
2024,1,50,地理科学(师范类),A513,湖北师范大学,2,61513
2024,1,51,地理信息科学,A513,湖北师范大学,2,61007
2024,1,52,环境工程,A513,湖北师范大学,2,271437
2024,1,53,生物科学(师范类),A513,湖北师范大学,2,90342
2024,1,55,食品科学与工程,A513,湖北师范大学,2,253671
2024,1,56,电气工程及其自动化,A513,湖北师范大学,3,78292
2024,1,57,自动化类,A513,湖北师范大学,2,88824
2024,1,58,教育技术学(师范类),A513,湖北师范大学,2,104006
2024,1,59,计算机类,A513,湖北师范大学,2,75740
2024,1,66,材料科学与工程,A513,湖北师范大学,2,156704
2024,1,46,电子信息工程(中外合作办学),A513,湖北师范大学,12,185835
2024,1,01,思想政治教育(师范类),A514,黄冈师范学院,4,109948
2024,1,05,汉语言文学(师范类),A514,黄冈师范学院,4,104180
2024,1,10,历史学(师范类),A514,黄冈师范学院,4,120554
2024,1,12,英语(师范类),A514,黄冈师范学院,4,126760
2024,1,31,电子信息工程,A514,黄冈师范学院,5,201799
2024,1,51,计算机科学与技术(师范类),A514,黄冈师范学院,5,200905
2024,1,55,机械设计制造及其自动化,A514,黄冈师范学院,5,199815
2024,1,58,飞行器制造工程,A514,黄冈师范学院,5,222033
2024,1,1A,汉语言文学,A517,湖北民族大学,2,86843
2024,1,1D,食品科学与工程,A517,湖北民族大学,2,247211
2024,1,2B,计算机科学与技术,A517,湖北民族大学,2,136672
2024,1,2C,医学影像技术,A517,湖北民族大学,2,151883
2024,1,4B,化学,A517,湖北民族大学,2,191245
2024,1,4E,城乡规划,A517,湖北民族大学,2,145337
2024,1,5D,日语,A517,湖北民族大学,2,146642
2024,1,7C,会计学(ACCA国际注册会计师方向),A517,湖北民族大学,2,102231
2024,1,8B,临床医学,A517,湖北民族大学,2,94338
2024,1,9E,会计学(含智能会计、智能财务、大数据审计方向),A517,湖北民族大学,2,90781
2024,1,05,汉语言文学(师范类),A518,汉江师范学院,2,122575
2024,1,09,思想政治教育(师范类),A518,汉江师范学院,3,126154
2024,1,0M,数学与应用数学(师范类),A518,汉江师范学院,2,280693
2024,1,0S,物理学(师范类),A518,汉江师范学院,2,215923
2024,1,0W,化学(师范类),A518,汉江师范学院,2,221380
2024,1,10,汉语言文学,A519,湖北文理学院,3,106336
2024,1,19,自动化,A519,湖北文理学院,5,154166
2024,1,37,财务管理(ACCA方向，英语单科成绩不低于105分),A519,湖北文理学院,3,126661
2024,1,41,机器人工程,A519,湖北文理学院,5,206625
2024,1,42,人工智能,A519,湖北文理学院,5,192980
2024,1,51,物联网工程,A519,湖北文理学院,4,176384
2024,1,02,国际政治,A520,中南财经政法大学,5,22877
2024,1,03,社会学,A520,中南财经政法大学,2,19199
2024,1,04,经济学,A520,中南财经政法大学,8,18104
2024,1,05,数字经济,A520,中南财经政法大学,3,21569
2024,1,06,经济学(卓越人才实验班),A520,中南财经政法大学,2,15232
2024,1,07,国际商务,A520,中南财经政法大学,2,21363
2024,1,08,财政学类,A520,中南财经政法大学,12,16841
2024,1,09,财政学(数字财税卓越人才实验班),A520,中南财经政法大学,2,14704
2024,1,11,金融工程,A520,中南财经政法大学,3,21519
2024,1,13,管理科学与工程类,A520,中南财经政法大学,1,26181
2024,1,14,金融学(数字金融实验班),A520,中南财经政法大学,2,17920
2024,1,15,经济管理试验班,A520,中南财经政法大学,7,14722
2024,1,18,法学(拔尖人才实验班),A520,中南财经政法大学,2,6017
2024,1,19,国际法(拔尖人才实验班),A520,中南财经政法大学,2,6735
2024,1,20,知识产权,A520,中南财经政法大学,2,9127
2024,1,24,工商管理(卓越创新人才实验班),A520,中南财经政法大学,1,18445
2024,1,28,国际经济与贸易(融通创新人才实验班),A520,中南财经政法大学,3,17327
2024,1,29,工商管理类(会计学),A520,中南财经政法大学,10,14039
2024,1,30,会计学(荆楚卓越经管人才实验班),A520,中南财经政法大学,2,12431
2024,1,32,劳动关系,A520,中南财经政法大学,2,19140
2024,1,33,外国语言文学类,A520,中南财经政法大学,4,23054
2024,1,41,经济统计学,A520,中南财经政法大学,5,20063
2024,1,42,金融数学,A520,中南财经政法大学,4,17317
2024,1,43,管理科学与工程类(大数据方向),A520,中南财经政法大学,6,22833
2024,1,44,计算机类,A520,中南财经政法大学,7,17804
2024,1,46,计算机科学与技术(卓越工程师实验班),A520,中南财经政法大学,2,17025
2024,1,47,保险学,A520,中南财经政法大学,2,37223
2024,1,48,精算学,A520,中南财经政法大学,2,18968
2024,1,49,数字经济(拔尖人才实验班),A520,中南财经政法大学,3,13993
2024,1,52,金融学类,A520,中南财经政法大学,7,18458
2024,1,54,法学类,A520,中南财经政法大学,26,9052
2024,1,56,工商管理类,A520,中南财经政法大学,10,22516
2024,1,58,经济与贸易类,A520,中南财经政法大学,8,20383
2024,1,5A,公共管理类,A520,中南财经政法大学,7,23764
2024,1,5C,法语,A520,中南财经政法大学,3,25267
2024,1,5E,新闻传播学类,A520,中南财经政法大学,4,21469
2024,1,5G,汉语言文学,A520,中南财经政法大学,2,14693
2024,1,5J,统计学类,A520,中南财经政法大学,11,17429
2024,1,51,电影学(中外合作办学),A520,中南财经政法大学,4,71694
2024,1,13,广播电视编导,A522,武汉体育学院,4,165228
2024,1,16,教育技术学,A522,武汉体育学院,2,184458
2024,1,17,运动康复,A522,武汉体育学院,2,117229
2024,1,19,应用心理学,A522,武汉体育学院,3,146173
2024,1,20,信息管理与信息系统,A522,武汉体育学院,2,158840
2024,1,21,体育经济与管理,A522,武汉体育学院,2,158069
2024,1,22,数据科学与大数据技术,A522,武汉体育学院,2,172464
2024,1,23,智能体育工程,A522,武汉体育学院,2,161731
2024,1,24,公共事业管理,A522,武汉体育学院,3,157255
2024,1,26,英语,A522,武汉体育学院,4,146877
2024,1,27,新闻学,A522,武汉体育学院,4,128895
2024,1,28,中医骨伤科学,A522,武汉体育学院,2,135695
2024,1,31,艺术管理,A523,湖北美术学院,1,135422
2024,1,02,社会学,A524,中南民族大学,2,54895
2024,1,05,数字经济,A524,中南民族大学,4,62302
2024,1,06,经济学类,A524,中南民族大学,2,49729
2024,1,09,外国语言文学类,A524,中南民族大学,3,69927
2024,1,10,翻译(汉英日),A524,中南民族大学,3,75997
2024,1,11,新闻传播学类,A524,中南民族大学,4,56545
2024,1,12,工商管理类,A524,中南民族大学,4,49725
2024,1,13,公共管理类,A524,中南民族大学,4,63704
2024,1,15,教育学,A524,中南民族大学,3,62275
2024,1,16,教育技术学,A524,中南民族大学,3,120869
2024,1,17,数学类,A524,中南民族大学,10,80721
2024,1,19,电子信息类,A524,中南民族大学,10,61160
2024,1,20,自动化类,A524,中南民族大学,5,66051
2024,1,21,计算机类,A524,中南民族大学,10,55013
2024,1,22,生物医学工程类,A524,中南民族大学,9,86589
2024,1,25,材料类,A524,中南民族大学,8,92213
2024,1,26,环境科学与工程类,A524,中南民族大学,10,281066
2024,1,27,化学类,A524,中南民族大学,4,89417
2024,1,28,药学类,A524,中南民族大学,10,94115
2024,1,29,生物科学类,A524,中南民族大学,8,75330
2024,1,01,机械设计制造及其自动化,A525,湖北汽车工业学院,3,134891
2024,1,0A,人工智能(智能驾驶),A525,湖北汽车工业学院,3,129302
2024,1,0J,车辆工程,A525,湖北汽车工业学院,2,120584
2024,1,0L,新能源汽车工程,A525,湖北汽车工业学院,4,134767
2024,1,21,英语,A528,湖北工程学院,1,139378
2024,1,51,经济学,A528,湖北工程学院,1,105659
2024,1,52,金融工程,A528,湖北工程学院,2,149438
2024,1,95,数据科学与大数据技术,A528,湖北工程学院,1,73173
2024,1,A3,光电信息科学与工程,A528,湖北工程学院,1,143381
2024,1,D1,机械设计制造及其自动化,A528,湖北工程学院,1,140790
2024,1,E4,自动化,A528,湖北工程学院,2,131899
2024,1,01,哲学,A530,湘潭大学,4,34917
2024,1,02,社会学,A530,湘潭大学,3,37555
2024,1,03,历史学,A530,湘潭大学,4,33158
2024,1,05,中国共产党历史,A530,湘潭大学,3,31340
2024,1,06,思想政治教育,A530,湘潭大学,3,27424
2024,1,07,马克思主义理论,A530,湘潭大学,3,28891
2024,1,08,马克思主义理论(韶峰班),A530,湘潭大学,2,27009
2024,1,09,经济学类(韶峰班),A530,湘潭大学,2,29472
2024,1,10,经济学,A530,湘潭大学,6,31503
2024,1,11,金融学,A530,湘潭大学,4,35551
2024,1,12,国际经济与贸易,A530,湘潭大学,4,37553
2024,1,13,工商管理,A530,湘潭大学,4,38544
2024,1,14,会计学,A530,湘潭大学,4,26698
2024,1,17,电子商务,A530,湘潭大学,3,42343
2024,1,18,旅游管理,A530,湘潭大学,4,46926
2024,1,20,行政管理,A530,湘潭大学,3,36166
2024,1,22,信息管理与信息系统,A530,湘潭大学,4,39169
2024,1,26,法学(卓越班),A530,湘潭大学,2,16359
2024,1,27,法学,A530,湘潭大学,3,19930
2024,1,28,知识产权,A530,湘潭大学,3,21671
2024,1,29,信用风险管理与法律防控,A530,湘潭大学,3,22458
2024,1,30,汉语言文学,A530,湘潭大学,4,24486
2024,1,32,新闻学,A530,湘潭大学,5,36630
2024,1,33,广告学,A530,湘潭大学,4,42054
2024,1,34,英语,A530,湘潭大学,6,38457
2024,1,35,德语,A530,湘潭大学,4,45673
2024,1,38,日语,A530,湘潭大学,5,51596
2024,1,42,数学类(韶峰班),A530,湘潭大学,2,19097
2024,1,43,数学类,A530,湘潭大学,4,22937
2024,1,44,数据科学与大数据技术,A530,湘潭大学,3,27873
2024,1,46,物理学,A530,湘潭大学,3,35801
2024,1,49,微电子科学与工程,A530,湘潭大学,5,28419
2024,1,50,光电信息科学与工程,A530,湘潭大学,4,30842
2024,1,52,材料科学与工程,A530,湘潭大学,5,44250
2024,1,55,新能源材料与器件,A530,湘潭大学,5,35906
2024,1,56,化学类(韶峰班),A530,湘潭大学,2,34014
2024,1,57,化学,A530,湘潭大学,4,37506
2024,1,58,应用化学,A530,湘潭大学,4,44973
2024,1,59,能源化学,A530,湘潭大学,3,49913
2024,1,60,高分子材料与工程,A530,湘潭大学,4,40397
2024,1,61,化学工程与工艺(韶峰班),A530,湘潭大学,2,35757
2024,1,62,化学工程与工艺,A530,湘潭大学,5,44172
2024,1,63,制药工程,A530,湘潭大学,4,42850
2024,1,64,食品科学与工程,A530,湘潭大学,4,49618
2024,1,65,机械设计制造及其自动化,A530,湘潭大学,5,31325
2024,1,66,材料成型及控制工程,A530,湘潭大学,4,47207
2024,1,67,工业设计,A530,湘潭大学,3,41941
2024,1,68,过程装备与控制工程,A530,湘潭大学,3,40788
2024,1,69,智能制造工程,A530,湘潭大学,5,32766
2024,1,70,能源与动力工程,A530,湘潭大学,3,32476
2024,1,71,工程力学,A530,湘潭大学,4,39233
2024,1,72,自动化,A530,湘潭大学,4,28172
2024,1,73,人工智能,A530,湘潭大学,6,29455
2024,1,74,通信工程,A530,湘潭大学,5,29321
2024,1,76,计算机科学与技术,A530,湘潭大学,5,24881
2024,1,78,软件工程,A530,湘潭大学,4,26096
2024,1,79,网络空间安全,A530,湘潭大学,4,27575
2024,1,80,土木工程,A530,湘潭大学,8,69549
2024,1,82,环境工程,A530,湘潭大学,4,53585
2024,1,86,机械设计制造及其自动化(中外合作办学),A530,湘潭大学,3,46773
2024,1,1F,人工智能,A531,吉首大学,3,116988
2024,1,1P,酿酒工程,A531,吉首大学,3,216938
2024,1,2H,旅游管理,A531,吉首大学,3,146400
2024,1,2K,人力资源管理,A531,吉首大学,3,132125
2024,1,3A,计算机科学与技术,A531,吉首大学,3,110657
2024,1,3B,电气工程及其自动化,A531,吉首大学,3,98138
2024,1,4D,网络与新媒体,A531,吉首大学,4,100340
2024,1,4S,英语(师范类),A531,吉首大学,5,98620
2024,1,6E,国际经济与贸易,A531,吉首大学,4,135300
2024,1,7A,数学与应用数学(师范类),A531,吉首大学,5,161918
2024,1,7S,生物科学(师范类),A531,吉首大学,4,238908
2024,1,8D,化学工程与工艺,A531,吉首大学,4,152218
2024,1,9S,汉语言文学(师范类),A531,吉首大学,4,66894
2024,1,03,哲学,A532,湖南大学,1,12276
2024,1,04,经济学类,A532,湖南大学,4,12183
2024,1,05,数字经济,A532,湖南大学,4,14631
2024,1,06,金融学,A532,湖南大学,8,13991
2024,1,07,保险学(风险管理实验班),A532,湖南大学,1,4693
2024,1,08,精算学,A532,湖南大学,1,6584
2024,1,09,金融科技,A532,湖南大学,4,14862
2024,1,10,国际经济与贸易(实验班),A532,湖南大学,6,14679
2024,1,11,法学,A532,湖南大学,6,7799
2024,1,13,汉语言文学,A532,湖南大学,3,9902
2024,1,17,新闻传播学类,A532,湖南大学,3,15778
2024,1,18,历史学,A532,湖南大学,4,12692
2024,1,19,数学类,A532,湖南大学,8,9059
2024,1,20,应用物理学,A532,湖南大学,6,11111
2024,1,21,化学类,A532,湖南大学,7,12980
2024,1,23,生物技术,A532,湖南大学,2,12238
2024,1,24,统计学类,A532,湖南大学,2,7845
2024,1,25,工程力学(力学实验班),A532,湖南大学,2,11033
2024,1,26,机械类,A532,湖南大学,19,11735
2024,1,27,工业设计,A532,湖南大学,5,12711
2024,1,28,智能制造工程,A532,湖南大学,2,9234
2024,1,2F,本科预科班（招收边防军人子女）,A532,湖南大学,4,68585
2024,1,30,测控技术与仪器,A532,湖南大学,1,9164
2024,1,32,能源与动力工程(未来能源与动力创新实验班),A532,湖南大学,2,10260
2024,1,34,电气工程及其自动化,A532,湖南大学,20,7932
2024,1,35,电子信息工程,A532,湖南大学,6,7446
2024,1,36,电子科学与技术,A532,湖南大学,5,8519
2024,1,37,通信工程,A532,湖南大学,6,8329
2024,1,38,微电子科学与工程,A532,湖南大学,2,8024
2024,1,39,人工智能,A532,湖南大学,3,8340
2024,1,40,自动化,A532,湖南大学,14,8682
2024,1,41,机器人工程,A532,湖南大学,3,8170
2024,1,42,计算机科学与技术,A532,湖南大学,7,5813
2024,1,43,计算机科学与技术(智能班),A532,湖南大学,7,7485
2024,1,44,软件工程,A532,湖南大学,5,8017
2024,1,45,信息安全,A532,湖南大学,5,8750
2024,1,47,建筑环境与能源应用工程(低碳建筑实验班),A532,湖南大学,3,17656
2024,1,48,给排水科学与工程,A532,湖南大学,2,17245
2024,1,49,智能建造,A532,湖南大学,2,17849
2024,1,50,化学工程与工艺,A532,湖南大学,1,7678
2024,1,51,环境科学与工程类,A532,湖南大学,3,16768
2024,1,52,生物医学工程,A532,湖南大学,3,10645
2024,1,57,大数据管理与应用,A532,湖南大学,4,12291
2024,1,58,工商管理,A532,湖南大学,6,15605
2024,1,59,会计学,A532,湖南大学,5,10809
2024,1,61,材料科学与工程,A532,湖南大学,6,14655
2024,1,63,行政管理,A532,湖南大学,4,16106
2024,1,81,软件工程,A533,中南大学,10,5788
2024,1,83,临床医学(八年制),A533,中南大学,3,1118
2024,1,92,口腔医学(5+3一体化),A533,中南大学,2,2449
2024,1,A0,金融学类(经济管理类),A533,中南大学,16,12727
2024,1,A1,法学类,A533,中南大学,8,8097
2024,1,A2,中国语言文学类,A533,中南大学,11,12011
2024,1,A3,外国语言文学类,A533,中南大学,7,16513
2024,1,A4,建筑类(建筑城规类),A533,中南大学,4,16844
2024,1,A5,数学类,A533,中南大学,12,6479
2024,1,A6,化工与制药类(化学生物环境类),A533,中南大学,20,13764
2024,1,A8,材料类(冶金材料类),A533,中南大学,33,14352
2024,1,A9,土木类(土木安全类),A533,中南大学,15,20699
2024,1,B0,交通运输类,A533,中南大学,20,12404
2024,1,B1,机械类,A533,中南大学,30,10160
2024,1,B2,能源动力类(能源类),A533,中南大学,20,10888
2024,1,B3,电子信息类,A533,中南大学,18,6102
2024,1,B4,自动化类(自动化与电气类),A533,中南大学,38,7202
2024,1,B5,计算机类,A533,中南大学,23,5162
2024,1,B6,航空航天类,A533,中南大学,3,5524
2024,1,B7,临床医学类(临床及口腔五年制医学类),A533,中南大学,16,5225
2024,1,98,材料科学与工程(中外合作办学)(中南大学和蒙纳士大学中外合作办学项,A533,中南大学,8,19058
2024,1,99,土木工程(中外合作办学)(中南大学和蒙纳士大学中外合作办学项目),A533,中南大学,14,39821
2024,1,11,工程力学,A534,湖南科技大学,2,83853
2024,1,12,智能建造,A534,湖南科技大学,2,99805
2024,1,13,建筑环境与能源应用工程,A534,湖南科技大学,2,129192
2024,1,14,土木工程,A534,湖南科技大学,9,272391
2024,1,15,机械设计制造及其自动化,A534,湖南科技大学,3,47289
2024,1,17,车辆工程,A534,湖南科技大学,3,69068
2024,1,18,机械电子工程,A534,湖南科技大学,3,63312
2024,1,20,机械设计制造及其自动化(卓越工程师班),A534,湖南科技大学,1,41499
2024,1,21,工业工程,A534,湖南科技大学,3,84146
2024,1,22,海洋机器人,A534,湖南科技大学,1,89961
2024,1,23,电气工程及其自动化,A534,湖南科技大学,1,35114
2024,1,25,自动化,A534,湖南科技大学,1,36348
2024,1,26,电子信息工程,A534,湖南科技大学,1,35471
2024,1,27,通信工程,A534,湖南科技大学,2,48481
2024,1,28,机器人工程,A534,湖南科技大学,2,51027
2024,1,29,计算机科学与技术,A534,湖南科技大学,2,31081
2024,1,31,信息安全,A534,湖南科技大学,1,40266
2024,1,32,物联网工程,A534,湖南科技大学,2,46701
2024,1,33,软件工程,A534,湖南科技大学,1,33056
2024,1,34,数据科学与大数据技术,A534,湖南科技大学,1,45525
2024,1,35,化学(师范类),A534,湖南科技大学,4,88421
2024,1,36,应用化学,A534,湖南科技大学,5,113537
2024,1,37,化学工程与工艺,A534,湖南科技大学,3,95675
2024,1,38,化学工程与工艺(卓越工程师班),A534,湖南科技大学,2,72871
2024,1,39,制药工程,A534,湖南科技大学,2,104745
2024,1,40,能源化学工程,A534,湖南科技大学,2,76840
2024,1,41,数学与应用数学(师范类),A534,湖南科技大学,2,81579
2024,1,42,信息与计算科学,A534,湖南科技大学,4,66216
2024,1,43,应用统计学,A534,湖南科技大学,3,81854
2024,1,44,物理学(师范类),A534,湖南科技大学,5,178642
2024,1,46,光电信息科学与工程,A534,湖南科技大学,3,67265
2024,1,47,生物科学(师范类),A534,湖南科技大学,5,185792
2024,1,48,生物工程,A534,湖南科技大学,3,85139
2024,1,49,建筑学,A534,湖南科技大学,4,117454
2024,1,50,城乡规划,A534,湖南科技大学,3,108135
2024,1,51,风景园林,A534,湖南科技大学,2,79433
2024,1,52,汉语言文学(师范类),A534,湖南科技大学,3,40694
2024,1,53,历史学(师范类),A534,湖南科技大学,1,48076
2024,1,54,新闻学,A534,湖南科技大学,2,63096
2024,1,56,思想政治教育(师范类),A534,湖南科技大学,2,50464
2024,1,59,日语,A534,湖南科技大学,4,117161
2024,1,60,翻译,A534,湖南科技大学,2,89802
2024,1,61,汉语国际教育,A534,湖南科技大学,1,60330
2024,1,62,教育学(师范类),A534,湖南科技大学,2,74744
2024,1,63,教育技术学(师范类),A534,湖南科技大学,5,158028
2024,1,64,应用心理学(师范类),A534,湖南科技大学,2,62736
2024,1,66,经济学,A534,湖南科技大学,4,60627
2024,1,67,国际经济与贸易,A534,湖南科技大学,1,82667
2024,1,68,会计学,A534,湖南科技大学,2,49946
2024,1,69,财务管理,A534,湖南科技大学,1,47858
2024,1,70,工商管理,A534,湖南科技大学,1,65676
2024,1,74,电子商务,A534,湖南科技大学,4,105470
2024,1,75,金融工程,A534,湖南科技大学,2,82103
2024,1,76,数字经济,A534,湖南科技大学,2,85156
2024,1,77,采矿工程,A534,湖南科技大学,5,173107
2024,1,78,安全工程,A534,湖南科技大学,6,140508
2024,1,79,应急技术与管理,A534,湖南科技大学,1,131782
2024,1,80,环境工程,A534,湖南科技大学,3,206405
2024,1,85,材料成型及控制工程,A534,湖南科技大学,2,100727
2024,1,87,材料科学与工程,A534,湖南科技大学,10,128427
2024,1,88,智能材料与结构,A534,湖南科技大学,2,83591
2024,1,89,法学,A534,湖南科技大学,2,35895
2024,1,90,公共事业管理,A534,湖南科技大学,2,88114
2024,1,91,勘查技术与工程,A534,湖南科技大学,4,159731
2024,1,92,测绘工程,A534,湖南科技大学,1,68764
2024,1,93,地理科学(师范类),A534,湖南科技大学,1,61742
2024,1,95,遥感科学与技术,A534,湖南科技大学,2,85629
2024,1,96,集成电路设计与集成系统,A534,湖南科技大学,2,49863
2024,1,AC,给排水科学与工程,A534,湖南科技大学,2,153393
2024,1,AN,智能制造工程,A534,湖南科技大学,5,66002
2024,1,06,会计学,A536,长沙理工大学,1,28584
2024,1,09,法学,A536,长沙理工大学,2,29043
2024,1,10,汉语言文学,A536,长沙理工大学,2,38426
2024,1,11,新闻学,A536,长沙理工大学,2,49401
2024,1,12,英语,A536,长沙理工大学,2,53733
2024,1,14,数学与应用数学,A536,长沙理工大学,4,37941
2024,1,15,信息与计算科学,A536,长沙理工大学,3,36156
2024,1,16,应用统计学,A536,长沙理工大学,4,40889
2024,1,17,物理学,A536,长沙理工大学,2,45300
2024,1,19,光电信息科学与工程,A536,长沙理工大学,1,31566
2024,1,20,电子信息科学与技术,A536,长沙理工大学,1,29366
2024,1,22,环境工程,A536,长沙理工大学,3,65251
2024,1,23,食品科学与工程,A536,长沙理工大学,3,72269
2024,1,24,生物工程,A536,长沙理工大学,3,64135
2024,1,25,工程力学,A536,长沙理工大学,3,65050
2024,1,26,土木工程,A536,长沙理工大学,7,112494
2024,1,31,测控技术与仪器,A536,长沙理工大学,2,39189
2024,1,32,能源与动力工程,A536,长沙理工大学,4,36948
2024,1,33,新能源科学与工程,A536,长沙理工大学,2,34046
2024,1,34,自动化,A536,长沙理工大学,4,30053
2024,1,35,建筑环境与能源应用工程,A536,长沙理工大学,2,88528
2024,1,36,电气工程及其自动化,A536,长沙理工大学,5,20897
2024,1,37,电子信息工程,A536,长沙理工大学,2,27772
2024,1,38,轨道交通信号与控制,A536,长沙理工大学,2,42173
2024,1,39,通信工程,A536,长沙理工大学,2,30733
2024,1,40,计算机科学与技术,A536,长沙理工大学,2,25613
2024,1,43,道路桥梁与渡河工程,A536,长沙理工大学,7,99612
2024,1,45,测绘工程,A536,长沙理工大学,3,89951
2024,1,46,工程管理,A536,长沙理工大学,2,69031
2024,1,47,给排水科学与工程,A536,长沙理工大学,5,112617
2024,1,51,船舶与海洋工程,A536,长沙理工大学,3,61021
2024,1,53,金融学,A536,长沙理工大学,2,44229
2024,1,58,建筑类,A536,长沙理工大学,2,58736
2024,1,59,水利类,A536,长沙理工大学,5,54241
2024,1,66,数字经济,A536,长沙理工大学,1,48783
2024,1,68,网络与新媒体,A536,长沙理工大学,2,42837
2024,1,69,储能科学与工程,A536,长沙理工大学,2,37842
2024,1,70,智能电网信息工程,A536,长沙理工大学,3,27316
2024,1,71,机器人工程,A536,长沙理工大学,2,33597
2024,1,72,城市地下空间工程,A536,长沙理工大学,3,134288
2024,1,73,智能建造,A536,长沙理工大学,5,113144
2024,1,74,地理信息科学,A536,长沙理工大学,3,62612
2024,1,75,机械设计制造及其自动化,A536,长沙理工大学,3,40437
2024,1,76,材料成型及控制工程,A536,长沙理工大学,1,49463
2024,1,77,车辆工程,A536,长沙理工大学,1,37893
2024,1,78,汽车服务工程,A536,长沙理工大学,1,301497
2024,1,79,智能制造工程,A536,长沙理工大学,1,45727
2024,1,80,交通运输,A536,长沙理工大学,4,41121
2024,1,81,交通工程,A536,长沙理工大学,4,48885
2024,1,82,物流工程,A536,长沙理工大学,5,213240
2024,1,83,应用化学,A536,长沙理工大学,3,61121
2024,1,84,轻化工程,A536,长沙理工大学,4,85296
2024,1,85,化学工程与工艺,A536,长沙理工大学,3,60659
2024,1,87,遥感科学与技术,A536,长沙理工大学,3,51792
2024,1,HE,材料科学与工程,A536,长沙理工大学,3,57375
2024,1,HH,食品营养与健康,A536,长沙理工大学,3,88575
2024,1,HL,网络空间安全,A536,长沙理工大学,1,30276
2024,1,HM,化学生物学,A536,长沙理工大学,3,107355
2024,1,Y5,无机非金属材料工程,A536,长沙理工大学,4,64918
2024,1,Y8,新能源材料与器件,A536,长沙理工大学,4,54440
2024,1,YC,新闻学(卓越班),A536,长沙理工大学,1,46008
2024,1,YD,会计学(卓越班),A536,长沙理工大学,1,27939
2024,1,YF,电气工程及其自动化(卓越班),A536,长沙理工大学,2,19466
2024,1,YJ,港口航道与海岸工程(卓越班),A536,长沙理工大学,2,56467
2024,1,YK,水利水电工程(卓越班),A536,长沙理工大学,1,32696
2024,1,YL,道路桥梁与渡河工程(智慧道路卓越班),A536,长沙理工大学,1,68603
2024,1,27,土木工程(中外合作办学),A536,长沙理工大学,2,138472
2024,1,52,电气工程及其自动化(中外合作办学),A536,长沙理工大学,5,37467
2024,1,63,机械设计制造及其自动化(中外合作办学),A536,长沙理工大学,3,69242
2024,1,01,动物科学,A537,湖南农业大学,4,117427
2024,1,02,水产养殖学,A537,湖南农业大学,5,204012
2024,1,03,水生动物医学,A537,湖南农业大学,3,165400
2024,1,04,植物保护,A537,湖南农业大学,3,91917
2024,1,05,生物信息学,A537,湖南农业大学,2,106653
2024,1,06,动植物检疫,A537,湖南农业大学,2,129073
2024,1,07,机械设计制造及其自动化,A537,湖南农业大学,2,90143
2024,1,08,车辆工程,A537,湖南农业大学,2,101736
2024,1,09,农业机械化及其自动化,A537,湖南农业大学,2,100798
2024,1,10,机器人工程,A537,湖南农业大学,3,87164
2024,1,12,水利水电工程,A537,湖南农业大学,2,121342
2024,1,13,工程管理,A537,湖南农业大学,5,138506
2024,1,14,土木工程,A537,湖南农业大学,4,207915
2024,1,15,农学,A537,湖南农业大学,3,75769
2024,1,17,种子科学与工程,A537,湖南农业大学,2,111849
2024,1,18,智慧农业,A537,湖南农业大学,2,92548
2024,1,20,环境科学,A537,湖南农业大学,2,184475
2024,1,21,环境工程,A537,湖南农业大学,2,166139
2024,1,22,安全工程,A537,湖南农业大学,2,178013
2024,1,23,生态学,A537,湖南农业大学,3,131495
2024,1,24,农业资源与环境,A537,湖南农业大学,2,146373
2024,1,25,土地资源管理,A537,湖南农业大学,2,78358
2024,1,26,生物技术,A537,湖南农业大学,2,101258
2024,1,27,生物工程,A537,湖南农业大学,2,113780
2024,1,28,生物科学,A537,湖南农业大学,2,101045
2024,1,29,动物医学,A537,湖南农业大学,2,59818
2024,1,32,材料化学,A537,湖南农业大学,2,122917
2024,1,33,园艺,A537,湖南农业大学,4,141043
2024,1,34,中药资源与开发,A537,湖南农业大学,2,157300
2024,1,35,茶学,A537,湖南农业大学,3,159466
2024,1,37,食品科学与工程,A537,湖南农业大学,3,109343
2024,1,39,酿酒工程,A537,湖南农业大学,2,155882
2024,1,41,公共管理类,A537,湖南农业大学,6,94879
2024,1,42,计算机科学与技术,A537,湖南农业大学,2,64831
2024,1,43,电子信息工程,A537,湖南农业大学,2,75721
2024,1,44,物联网工程,A537,湖南农业大学,2,78398
2024,1,50,工商管理,A537,湖南农业大学,4,91462
2024,1,51,市场营销,A537,湖南农业大学,3,105983
2024,1,59,英语,A537,湖南农业大学,5,82759
2024,1,60,日语,A537,湖南农业大学,2,102570
2024,1,68,思想政治教育,A537,湖南农业大学,3,64543
2024,1,08,园艺,A538,中南林业科技大学,3,141592
2024,1,10,土地资源管理,A538,中南林业科技大学,4,248896
2024,1,12,生物科学类,A538,中南林业科技大学,3,86731
2024,1,13,生物工程,A538,中南林业科技大学,3,136091
2024,1,14,环境科学与工程类,A538,中南林业科技大学,8,187707
2024,1,16,材料类,A538,中南林业科技大学,10,139031
2024,1,18,机械设计制造及其自动化,A538,中南林业科技大学,2,63870
2024,1,19,智能制造工程,A538,中南林业科技大学,2,73036
2024,1,20,车辆工程,A538,中南林业科技大学,2,80518
2024,1,21,能源动力类,A538,中南林业科技大学,2,67228
2024,1,22,森林工程,A538,中南林业科技大学,3,171028
2024,1,23,物流管理,A538,中南林业科技大学,3,101686
2024,1,24,物流工程,A538,中南林业科技大学,4,89424
2024,1,25,供应链管理,A538,中南林业科技大学,2,109516
2024,1,26,风景园林,A538,中南林业科技大学,2,84725
2024,1,27,园林,A538,中南林业科技大学,3,60962
2024,1,28,建筑学,A538,中南林业科技大学,2,104215
2024,1,30,工业设计,A538,中南林业科技大学,3,85039
2024,1,31,家具设计与工程,A538,中南林业科技大学,4,241204
2024,1,32,土木类,A538,中南林业科技大学,10,248641
2024,1,33,工程力学,A538,中南林业科技大学,2,138730
2024,1,34,工程管理,A538,中南林业科技大学,2,114350
2024,1,35,食品科学与工程类,A538,中南林业科技大学,10,113951
2024,1,36,林产化工,A538,中南林业科技大学,10,171504
2024,1,37,化学工程与工艺,A538,中南林业科技大学,3,117855
2024,1,38,电子信息工程,A538,中南林业科技大学,2,66923
2024,1,41,应用物理学,A538,中南林业科技大学,2,123717
2024,1,42,计算机科学与技术,A538,中南林业科技大学,2,46475
2024,1,45,地理信息科学,A538,中南林业科技大学,2,56632
2024,1,46,人工智能,A538,中南林业科技大学,2,71150
2024,1,47,测绘工程,A538,中南林业科技大学,2,127887
2024,1,49,市场营销,A538,中南林业科技大学,2,82975
2024,1,50,农林经济管理,A538,中南林业科技大学,2,76616
2024,1,52,金融学,A538,中南林业科技大学,2,66660
2024,1,53,国际经济与贸易,A538,中南林业科技大学,3,75757
2024,1,54,英语,A538,中南林业科技大学,2,72923
2024,1,57,日语,A538,中南林业科技大学,2,92993
2024,1,59,会展经济与管理,A538,中南林业科技大学,6,125710
2024,1,60,旅游管理类,A538,中南林业科技大学,4,115859
2024,1,61,法学,A538,中南林业科技大学,2,44755
2024,1,65,木材科学与工程(院士卓越班),A538,中南林业科技大学,2,126947
2024,1,67,生态学(陶铸实验班),A538,中南林业科技大学,3,118617
2024,1,71,金融学(中外合作办学),A538,中南林业科技大学,2,99072
2024,1,73,林学(中外合作办学),A538,中南林业科技大学,3,223681
2024,1,01,中医学(卓越1班、5+3一体化),A541,湖南中医药大学,2,20418
2024,1,02,中医学,A541,湖南中医药大学,13,49426
2024,1,03,中西医临床医学,A541,湖南中医药大学,4,46204
2024,1,04,针灸推拿学,A541,湖南中医药大学,4,55570
2024,1,05,康复治疗学,A541,湖南中医药大学,2,95851
2024,1,06,临床医学,A541,湖南中医药大学,6,33962
2024,1,07,医学影像学,A541,湖南中医药大学,3,31197
2024,1,08,口腔医学,A541,湖南中医药大学,8,24956
2024,1,09,医学检验技术,A541,湖南中医药大学,3,98302
2024,1,10,护理学,A541,湖南中医药大学,4,78802
2024,1,11,药学,A541,湖南中医药大学,4,70637
2024,1,12,药物制剂,A541,湖南中医药大学,2,74308
2024,1,13,中药学,A541,湖南中医药大学,4,104714
2024,1,14,中药资源与开发,A541,湖南中医药大学,2,179518
2024,1,15,制药工程,A541,湖南中医药大学,2,63683
2024,1,16,食品科学与工程,A541,湖南中医药大学,2,75530
2024,1,18,医学信息工程,A541,湖南中医药大学,1,130739
2024,1,19,运动康复,A541,湖南中医药大学,2,91397
2024,1,20,英语,A541,湖南中医药大学,2,96926
2024,1,21,应用心理学,A541,湖南中医药大学,3,60452
2024,1,22,计算机科学与技术,A541,湖南中医药大学,5,54433
2024,1,23,信息管理与信息系统,A541,湖南中医药大学,1,151563
2024,1,25,公共事业管理,A541,湖南中医药大学,1,81189
2024,1,26,中医养生学,A541,湖南中医药大学,3,81779
2024,1,27,中医康复学,A541,湖南中医药大学,2,67847
2024,1,28,中医学(卓越2班、5+3一体化),A541,湖南中医药大学,1,18090
2024,1,29,中医学(卓越3班、5+3一体化),A541,湖南中医药大学,2,22575
2024,1,30,中医儿科学,A541,湖南中医药大学,2,67834
2024,1,31,中医骨伤科学,A541,湖南中医药大学,2,78878
2024,1,32,中医学(中医儿科班、5+3一体化),A541,湖南中医药大学,1,27105
2024,1,33,眼视光医学,A541,湖南中医药大学,4,48353
2024,1,34,医疗保险,A541,湖南中医药大学,1,82913
2024,1,35,商务英语,A541,湖南中医药大学,2,124348
2024,1,B0,汉语国际教育(师范类),A542,湖南师范大学,4,25281
2024,1,B2,汉语言文学(师范类),A542,湖南师范大学,4,16771
2024,1,B7,戏剧影视文学,A542,湖南师范大学,1,31037
2024,1,C0,历史学(师范类),A542,湖南师范大学,3,20217
2024,1,C2,文化产业管理,A542,湖南师范大学,4,33169
2024,1,C8,康复治疗学,A542,湖南师范大学,6,69284
2024,1,E0,法学,A542,湖南师范大学,11,17971
2024,1,E2,知识产权,A542,湖南师范大学,2,18662
2024,1,E3,工商管理,A542,湖南师范大学,2,28955
2024,1,E5,会计学,A542,湖南师范大学,2,19849
2024,1,F0,行政管理,A542,湖南师范大学,4,31253
2024,1,F1,社会学,A542,湖南师范大学,2,26856
2024,1,F2,思想政治教育(师范类),A542,湖南师范大学,2,19198
2024,1,F4,哲学,A542,湖南师范大学,3,25009
2024,1,F6,政治学与行政学,A542,湖南师范大学,4,22661
2024,1,G4,经济学,A542,湖南师范大学,2,23192
2024,1,G6,金融学,A542,湖南师范大学,2,25785
2024,1,G8,国际经济与贸易,A542,湖南师范大学,2,28673
2024,1,H0,旅游管理类,A542,湖南师范大学,6,39450
2024,1,J3,外国语言文学类,A542,湖南师范大学,7,28035
2024,1,M2,数学与应用数学(师范类),A542,湖南师范大学,8,20569
2024,1,M3,统计学,A542,湖南师范大学,2,22693
2024,1,M4,数据科学与大数据技术,A542,湖南师范大学,2,21757
2024,1,M7,信息与计算科学,A542,湖南师范大学,2,20744
2024,1,N0,电子信息科学与技术,A542,湖南师范大学,4,21695
2024,1,N1,物理学类,A542,湖南师范大学,4,23680
2024,1,P0,化学(师范类),A542,湖南师范大学,2,21267
2024,1,P3,化工与制药类,A542,湖南师范大学,6,34127
2024,1,Q0,生物科学类,A542,湖南师范大学,3,26439
2024,1,R4,地理信息科学,A542,湖南师范大学,4,24464
2024,1,R5,人文地理与城乡规划,A542,湖南师范大学,4,32787
2024,1,R7,土地资源管理,A542,湖南师范大学,2,30656
2024,1,T9,机械设计制造及其自动化,A542,湖南师范大学,2,24940
2024,1,U2,临床医学,A542,湖南师范大学,16,25186
2024,1,U3,药学,A542,湖南师范大学,10,38198
2024,1,U4,医学检验技术,A542,湖南师范大学,4,36008
2024,1,U5,预防医学,A542,湖南师范大学,6,48698
2024,1,V1,计算机科学与技术,A542,湖南师范大学,4,19818
2024,1,V3,软件工程,A542,湖南师范大学,4,20778
2024,1,V4,通信工程,A542,湖南师范大学,4,22898
2024,1,V5,物联网工程,A542,湖南师范大学,2,22894
2024,1,V6,人工智能,A542,湖南师范大学,2,22509
2024,1,Y2,新闻传播学类,A542,湖南师范大学,14,27390
2024,1,01,思想政治教育(师范类),A543,湖南理工学院,2,98599
2024,1,02,法学,A543,湖南理工学院,3,76080
2024,1,07,英语(师范类),A543,湖南理工学院,5,146734
2024,1,08,英语,A543,湖南理工学院,3,158406
2024,1,09,朝鲜语,A543,湖南理工学院,7,179235
2024,1,0W,药学,A543,湖南理工学院,2,208422
2024,1,0Z,机械设计制造及其自动化,A543,湖南理工学院,3,127100
2024,1,15,通信工程,A543,湖南理工学院,3,127600
2024,1,1B,土木工程,A543,湖南理工学院,2,278412
2024,1,2U,应用化学(中外合作办学),A543,湖南理工学院,2,272059
2024,1,11,金融工程,A545,湘南学院,2,175530
2024,1,12,数学与应用数学(师范类),A545,湘南学院,2,312681
2024,1,14,汉语言文学(师范类),A545,湘南学院,2,113961
2024,1,15,新闻学,A545,湘南学院,2,137034
2024,1,17,翻译,A545,湘南学院,2,169310
2024,1,18,商务英语,A545,湘南学院,2,160275
2024,1,19,财务管理,A545,湘南学院,2,119964
2024,1,20,供应链管理,A545,湘南学院,1,161386
2024,1,21,国际经济与贸易,A545,湘南学院,2,162980
2024,1,22,物理学(师范类),A545,湘南学院,2,236874
2024,1,23,电气工程及其自动化,A545,湘南学院,2,157470
2024,1,28,计算机科学与技术,A545,湘南学院,2,144022
2024,1,30,物联网工程,A545,湘南学院,2,163700
2024,1,33,法学,A545,湘南学院,1,101392
2024,1,34,预防医学,A545,湘南学院,2,218695
2024,1,35,卫生检验与检疫,A545,湘南学院,2,301255
2024,1,36,护理学,A545,湘南学院,2,161007
2024,1,37,针灸推拿学,A545,湘南学院,2,125308
2024,1,38,康复治疗学,A545,湘南学院,2,191925
2024,1,39,药学,A545,湘南学院,2,199249
2024,1,40,旅游管理,A545,湘南学院,2,163056
2024,1,41,医学影像学,A545,湘南学院,2,94065
2024,1,42,医学检验技术,A545,湘南学院,2,171781
2024,1,43,医学影像技术,A545,湘南学院,2,174043
2024,1,44,学前教育(师范类),A545,湘南学院,2,172633
2024,1,45,生物技术,A545,湘南学院,2,267603
2024,1,46,化学(师范类),A545,湘南学院,2,218035
2024,1,49,口腔医学,A545,湘南学院,1,76144
2024,1,66,临床医学,A545,湘南学院,4,100897
2024,1,01,经济学,A546,衡阳师范学院,1,130285
2024,1,02,国际经济与贸易,A546,衡阳师范学院,2,139786
2024,1,04,电子商务,A546,衡阳师范学院,1,146069
2024,1,05,法学,A546,衡阳师范学院,1,84501
2024,1,06,知识产权,A546,衡阳师范学院,2,106083
2024,1,07,思想政治教育(师范类),A546,衡阳师范学院,1,89110
2024,1,09,历史学(师范类),A546,衡阳师范学院,1,93182
2024,1,11,汉语言文学(师范类),A546,衡阳师范学院,1,55737
2024,1,13,汉语国际教育(师范类),A546,衡阳师范学院,1,111777
2024,1,15,新闻学,A546,衡阳师范学院,2,121614
2024,1,16,广告学,A546,衡阳师范学院,1,126744
2024,1,17,网络与新媒体,A546,衡阳师范学院,1,101425
2024,1,18,英语(师范类),A546,衡阳师范学院,1,87694
2024,1,21,商务英语,A546,衡阳师范学院,1,126534
2024,1,35,地理科学(师范类),A546,衡阳师范学院,1,75874
2024,1,39,旅游管理,A546,衡阳师范学院,2,164861
2024,1,42,电子信息科学与技术,A546,衡阳师范学院,1,154483
2024,1,43,化学(师范类),A546,衡阳师范学院,2,238587
2024,1,45,应用化学,A546,衡阳师范学院,1,246171
2024,1,47,高分子材料与工程,A546,衡阳师范学院,1,203096
2024,1,50,软件工程,A546,衡阳师范学院,2,142739
2024,1,52,物联网工程,A546,衡阳师范学院,2,176590
2024,1,54,学前教育(师范类),A546,衡阳师范学院,2,151020
2024,1,56,应用心理学(师范类),A546,衡阳师范学院,1,104294
2024,1,58,生物科学(师范类),A546,衡阳师范学院,1,257698
2024,1,62,电子信息工程,A546,衡阳师范学院,1,156513
2024,1,63,计算机科学与技术,A546,衡阳师范学院,1,113355
2024,1,01,思想政治教育(师范类),A547,邵阳学院,3,139488
2024,1,02,金融工程,A547,邵阳学院,3,191033
2024,1,07,法学,A547,邵阳学院,2,109161
2024,1,12,英语(师范类),A547,邵阳学院,3,156556
2024,1,13,商务英语,A547,邵阳学院,3,167578
2024,1,27,机械设计制造及其自动化,A547,邵阳学院,2,183385
2024,1,29,能源与动力工程,A547,邵阳学院,2,219382
2024,1,34,食品质量与安全,A547,邵阳学院,2,273499
2024,1,37,自动化,A547,邵阳学院,3,215540
2024,1,38,电子信息工程,A547,邵阳学院,3,219152
2024,1,40,计算机科学与技术,A547,邵阳学院,3,178970
2024,1,42,物联网工程,A547,邵阳学院,3,230349
2024,1,45,城乡规划,A547,邵阳学院,3,175247
2024,1,48,临床医学,A547,邵阳学院,4,108668
2024,1,50,护理学,A547,邵阳学院,3,165354
2024,1,52,医学影像技术,A547,邵阳学院,2,175978
2024,1,47,通信工程(中外合作办学),A547,邵阳学院,6,270984
2024,1,21,数学与应用数学(师范类),A548,怀化学院,1,260771
2024,1,22,信息与计算科学,A548,怀化学院,2,238554
2024,1,23,生物科学(师范类),A548,怀化学院,2,278161
2024,1,24,机械设计制造及其自动化,A548,怀化学院,2,186086
2024,1,30,计算机科学与技术,A548,怀化学院,2,185126
2024,1,32,网络空间安全,A548,怀化学院,2,193165
2024,1,33,制药工程,A548,怀化学院,2,243656
2024,1,34,食品质量与安全,A548,怀化学院,2,253300
2024,1,37,生物制药,A548,怀化学院,2,264001
2024,1,38,园林,A548,怀化学院,2,162383
2024,1,45,人工智能,A548,怀化学院,2,246147
2024,1,47,数据科学与大数据技术,A548,怀化学院,2,175854
2024,1,49,跨境电子商务,A548,怀化学院,2,169774
2024,1,50,国际经济与贸易,A548,怀化学院,2,170056
2024,1,58,法学,A548,怀化学院,1,99685
2024,1,02,新闻学,A549,湖南文理学院,2,131984
2024,1,06,英语(师范类),A549,湖南文理学院,3,144471
2024,1,08,商务英语,A549,湖南文理学院,3,165362
2024,1,39,水产养殖学,A549,湖南文理学院,3,266016
2024,1,H1,机械设计制造及其自动化(中外合作办学),A549,湖南文理学院,4,256168
2024,1,H2,信息管理与信息系统(中外合作办学),A549,湖南文理学院,4,193412
2024,1,14,汉语言文学(师范类),A551,湖南科技学院,2,106697
2024,1,16,日语,A551,湖南科技学院,2,160814
2024,1,19,化学(师范类),A551,湖南科技学院,2,295284
2024,1,31,土木工程,A551,湖南科技学院,2,272988
2024,1,32,测绘工程,A551,湖南科技学院,2,244310
2024,1,47,广播电视编导,A551,湖南科技学院,5,184326
2024,1,10,思想政治教育(师范类),A553,湖南人文科技学院,6,141775
2024,1,12,园艺,A553,湖南人文科技学院,5,261261
2024,1,14,食品科学与工程,A553,湖南人文科技学院,5,263654
2024,1,16,社会工作,A553,湖南人文科技学院,4,170734
2024,1,17,汉语言文学(师范类),A553,湖南人文科技学院,5,135380
2024,1,18,网络与新媒体,A553,湖南人文科技学院,5,170245
2024,1,20,商务英语,A553,湖南人文科技学院,5,177317
2024,1,21,数字经济,A553,湖南人文科技学院,5,191410
2024,1,30,机械设计制造及其自动化,A553,湖南人文科技学院,4,229055
2024,1,33,自动化,A553,湖南人文科技学院,4,231583
2024,1,34,物理学(师范类),A553,湖南人文科技学院,4,271312
2024,1,35,电子信息工程,A553,湖南人文科技学院,4,240206
2024,1,36,通信工程,A553,湖南人文科技学院,5,236513
2024,1,37,人工智能,A553,湖南人文科技学院,6,226383
2024,1,38,计算机科学与技术,A553,湖南人文科技学院,5,208825
2024,1,9E,学前教育(中外合作办学)(师范类),A553,湖南人文科技学院,6,191625
2024,1,07,国际经济与贸易(数智贸易卓越班),A554,湖南工商大学,1,76189
2024,1,10,金融学类,A554,湖南工商大学,1,66030
2024,1,20,工商管理类,A554,湖南工商大学,4,89125
2024,1,23,工商管理(智慧运营院士卓越班),A554,湖南工商大学,1,85623
2024,1,31,财务管理,A554,湖南工商大学,5,62154
2024,1,33,会计学(智慧会计卓越班),A554,湖南工商大学,1,50078
2024,1,43,健康服务与管理,A554,湖南工商大学,1,116158
2024,1,46,法学(数智法治卓越班),A554,湖南工商大学,1,44658
2024,1,59,微电子科学与工程,A554,湖南工商大学,1,86702
2024,1,5A,应用化学,A554,湖南工商大学,1,111731
2024,1,70,旅游管理类,A554,湖南工商大学,1,86196
2024,1,71,旅游管理(智慧文旅院士卓越班),A554,湖南工商大学,1,91498
2024,1,90,电子信息工程,A554,湖南工商大学,1,58284
2024,1,92,大数据管理与应用(智慧能源与碳中和院士卓越班),A554,湖南工商大学,1,76826
2024,1,97,计算机科学与技术(智慧管理院士卓越班),A554,湖南工商大学,1,55231
2024,1,98,人工智能,A554,湖南工商大学,1,78752
2024,1,A3,英语(语言数智卓越班),A554,湖南工商大学,1,76769
2024,1,E1,智能制造工程,A554,湖南工商大学,1,93808
2024,1,E2,通信工程,A554,湖南工商大学,1,76601
2024,1,F1,人工智能(数字媒体与AI院士卓越班),A554,湖南工商大学,1,83949
2024,1,F2,大数据管理与应用(大数据管理与元宇宙院士卓越班),A554,湖南工商大学,1,77013
2024,1,H2,土地资源管理,A554,湖南工商大学,1,104925
2024,1,J1,人工智能(卓越工程师班),A554,湖南工商大学,1,75944
2024,1,J2,计算机科学与技术(卓越工程师班),A554,湖南工商大学,1,67109
2024,1,J3,电子信息工程(卓越工程师班),A554,湖南工商大学,1,55230
2024,1,02,机械设计制造及其自动化,A555,南华大学,8,84883
2024,1,03,材料成型及控制工程,A555,南华大学,4,120266
2024,1,04,过程装备与控制工程,A555,南华大学,4,113525
2024,1,05,车辆工程,A555,南华大学,4,108461
2024,1,06,智能制造工程,A555,南华大学,4,97823
2024,1,07,能源与动力工程,A555,南华大学,3,75081
2024,1,08,电气工程及其自动化,A555,南华大学,2,51983
2024,1,0C,自动化,A555,南华大学,3,62041
2024,1,0D,机器人工程,A555,南华大学,3,73699
2024,1,0E,电子信息工程,A555,南华大学,2,64593
2024,1,0H,通信工程,A555,南华大学,2,64003
2024,1,0J,生物医学工程,A555,南华大学,2,85090
2024,1,0K,核物理,A555,南华大学,2,41850
2024,1,0M,核工程类,A555,南华大学,6,41467
2024,1,0N,矿物资源工程(含卓越工程师班),A555,南华大学,2,160470
2024,1,0P,矿物加工工程,A555,南华大学,2,150030
2024,1,0R,资源勘查工程,A555,南华大学,2,154490
2024,1,0S,城市地下空间工程,A555,南华大学,4,188212
2024,1,0T,环境工程,A555,南华大学,3,205829
2024,1,0U,安全工程(含卓越工程师班),A555,南华大学,5,99110
2024,1,0Y,软件工程,A555,南华大学,2,56885
2024,1,0Z,物联网工程,A555,南华大学,2,67487
2024,1,10,数据科学与大数据技术,A555,南华大学,2,61482
2024,1,12,人工智能,A555,南华大学,2,67431
2024,1,14,土木工程,A555,南华大学,8,205834
2024,1,15,建筑环境与能源应用工程,A555,南华大学,3,256210
2024,1,16,给排水科学与工程,A555,南华大学,3,175630
2024,1,17,建筑电气与智能化,A555,南华大学,3,162377
2024,1,18,道路桥梁与渡河工程,A555,南华大学,4,225885
2024,1,19,建筑学,A555,南华大学,3,105848
2024,1,1A,城乡规划,A555,南华大学,2,116147
2024,1,1B,风景园林,A555,南华大学,4,107289
2024,1,1H,化工与制药类,A555,南华大学,8,136865
2024,1,1J,材料类,A555,南华大学,6,131995
2024,1,1K,信息与计算科学,A555,南华大学,6,78614
2024,1,1N,临床医学,A555,南华大学,3,33059
2024,1,1R,儿科学,A555,南华大学,2,78952
2024,1,1T,医学检验技术,A555,南华大学,4,118742
2024,1,1U,生物技术,A555,南华大学,2,89157
2024,1,1W,药学,A555,南华大学,8,117777
2024,1,1X,药物制剂,A555,南华大学,2,127499
2024,1,1Y,预防医学,A555,南华大学,5,142632
2024,1,1Z,卫生检验与检疫,A555,南华大学,4,154512
2024,1,21,护理学,A555,南华大学,15,108623
2024,1,22,法学,A555,南华大学,2,44909
2024,1,23,经济学,A555,南华大学,2,69322
2024,1,24,电子商务,A555,南华大学,5,113540
2024,1,25,国际经济与贸易,A555,南华大学,4,86229
2024,1,26,工商管理,A555,南华大学,8,84527
2024,1,27,会计学,A555,南华大学,6,59004
2024,1,28,物流工程,A555,南华大学,4,122086
2024,1,29,英语,A555,南华大学,5,99977
2024,1,2A,翻译,A555,南华大学,3,107655
2024,1,2B,日语,A555,南华大学,2,112221
2024,1,2C,汉语言文学,A555,南华大学,2,51046
2024,1,2D,康复治疗学,A555,南华大学,2,140652
2024,1,2F,应急管理,A555,南华大学,3,107734
2024,1,01,汉语言文学(广州),A558,中山大学,4,4302
2024,1,03,历史学(广州),A558,中山大学,3,5870
2024,1,09,经济学类(广州),A558,中山大学,8,5662
2024,1,0A,外国语言文学类(广州),A558,中山大学,2,7767
2024,1,0B,法学,A558,中山大学,4,4184
2024,1,0C,公共管理类,A558,中山大学,5,8173
2024,1,0D,工商管理类(广州),A558,中山大学,11,6698
2024,1,0E,心理学,A558,中山大学,2,7393
2024,1,0J,数学类(广州),A558,中山大学,6,3258
2024,1,0N,化学类,A558,中山大学,12,5915
2024,1,0T,材料类,A558,中山大学,5,5816
2024,1,0U,电子信息类,A558,中山大学,20,3420
2024,1,0V,计算机类(广州),A558,中山大学,12,2858
2024,1,0Y,临床医学(八年制),A558,中山大学,2,569
2024,1,0Z,临床医学(广州),A558,中山大学,22,4014
2024,1,1F,物理学类(珠海),A558,中山大学,15,4973
2024,1,20,计算机类(深圳),A558,中山大学,17,3840
2024,1,22,航空航天类,A558,中山大学,18,5174
2024,1,2B,网络空间安全,A558,中山大学,10,3793
2024,1,01,汉语言文学,A559,暨南大学,2,12730
2024,1,06,网络与新媒体,A559,暨南大学,3,20537
2024,1,08,英语,A559,暨南大学,2,24538
2024,1,11,财政学,A559,暨南大学,2,17139
2024,1,13,税收学,A559,暨南大学,2,19523
2024,1,18,市场营销,A559,暨南大学,2,25756
2024,1,1E,法学,A559,暨南大学,3,12849
2024,1,1F,知识产权,A559,暨南大学,2,16329
2024,1,20,国际政治,A559,暨南大学,2,23820
2024,1,21,国际事务与国际关系,A559,暨南大学,2,22260
2024,1,2A,数学与应用数学,A559,暨南大学,2,15635
2024,1,2B,软件工程,A559,暨南大学,2,12373
2024,1,2D,信息管理与信息系统,A559,暨南大学,2,20760
2024,1,2E,电子信息工程,A559,暨南大学,2,13683
2024,1,32,网络空间安全,A559,暨南大学,2,15119
2024,1,37,生物科学,A559,暨南大学,3,22176
2024,1,3D,口腔医学,A559,暨南大学,2,8842
2024,1,41,中药学,A559,暨南大学,2,27379
2024,1,43,国际经济与贸易,A559,暨南大学,2,19758
2024,1,46,药学,A559,暨南大学,2,26303
2024,1,4A,临床医学,A559,暨南大学,2,11232
2024,1,4E,戏剧影视文学,A559,暨南大学,3,33736
2024,1,52,文化产业管理,A559,暨南大学,2,28066
2024,1,55,国际商务,A559,暨南大学,2,21808
2024,1,56,工商管理,A559,暨南大学,2,21475
2024,1,59,翻译,A559,暨南大学,2,26150
2024,1,5A,电气工程及其自动化,A559,暨南大学,2,13119
2024,1,5C,包装工程,A559,暨南大学,2,39778
2024,1,5D,物联网工程,A559,暨南大学,2,14637
2024,1,5E,工业工程,A559,暨南大学,2,24129
2024,1,5F,人工智能,A559,暨南大学,2,13432
2024,1,61,汉语国际教育,A559,暨南大学,2,20565
2024,1,62,旅游管理,A559,暨南大学,2,29001
2024,1,63,风景园林,A559,暨南大学,2,29944
2024,1,66,电子商务,A559,暨南大学,2,26745
2024,1,67,商务英语,A559,暨南大学,2,23686
2024,1,6F,经济学,A559,暨南大学,2,17158
2024,1,72,应急管理,A559,暨南大学,2,27420
2024,1,74,化学,A559,暨南大学,2,23517
2024,1,76,金融工程,A559,暨南大学,3,22226
2024,1,6B,数学与应用数学(中外合作办学),A559,暨南大学,4,33265
2024,1,6C,信息与计算科学(中外合作办学),A559,暨南大学,4,32174
2024,1,6D,经济统计学(中外合作办学),A559,暨南大学,4,33943
2024,1,6E,经济学(中外合作办学),A559,暨南大学,4,28768
2024,1,01,汉语言文学,A560,汕头大学,3,31337
2024,1,02,英语,A560,汕头大学,2,42163
2024,1,08,光电信息科学与工程,A560,汕头大学,3,38510
2024,1,09,生物技术,A560,汕头大学,4,58479
2024,1,11,应用化学,A560,汕头大学,4,61830
2024,1,14,机械设计制造及其自动化,A560,汕头大学,2,36374
2024,1,24,数据科学与大数据技术,A560,汕头大学,3,35323
2024,1,25,土木工程,A560,汕头大学,4,106670
2024,1,28,生物医学工程,A560,汕头大学,3,53053
2024,1,29,法学,A560,汕头大学,4,29717
2024,1,30,法学(涉外法务英语特色班),A560,汕头大学,2,28019
2024,1,31,行政管理,A560,汕头大学,2,49992
2024,1,35,工商管理(创业与创新管理),A560,汕头大学,3,52656
2024,1,51,临床医学(全英预备班，5+3一体化),A560,汕头大学,3,15969
2024,1,52,临床医学(5+3一体化),A560,汕头大学,1,10310
2024,1,54,临床医学,A560,汕头大学,1,17434
2024,1,63,网络与新媒体(视听传播),A560,汕头大学,3,52450
2024,1,02,工科试验班(智能装备与先进制造),A561,华南理工大学,5,5209
2024,1,03,建筑学,A561,华南理工大学,2,8464
2024,1,04,城乡规划,A561,华南理工大学,1,14370
2024,1,05,风景园林,A561,华南理工大学,1,10632
2024,1,06,工程力学(创新班),A561,华南理工大学,1,4145
2024,1,07,土木工程(卓越班),A561,华南理工大学,1,13481
2024,1,08,工科试验班(智慧土木与数字建造),A561,华南理工大学,3,9254
2024,1,11,工科试验班(智能交通与运输),A561,华南理工大学,3,6709
2024,1,12,电气工程及其自动化(卓越班),A561,华南理工大学,2,3392
2024,1,13,电气类,A561,华南理工大学,4,3917
2024,1,14,能源与动力工程(低碳与智慧能源实验班),A561,华南理工大学,2,5580
2024,1,15,信息工程(创新班),A561,华南理工大学,1,2065
2024,1,16,信息工程,A561,华南理工大学,5,3833
2024,1,18,自动化类,A561,华南理工大学,4,4093
2024,1,22,材料类,A561,华南理工大学,5,7124
2024,1,25,化工与制药类,A561,华南理工大学,2,7418
2024,1,28,食品科学与工程类,A561,华南理工大学,2,10688
2024,1,30,数学类,A561,华南理工大学,2,4537
2024,1,31,应用物理学(严济慈英才班),A561,华南理工大学,1,3850
2024,1,32,物理学类,A561,华南理工大学,2,4650
2024,1,33,工商管理类,A561,华南理工大学,3,12256
2024,1,34,会计学,A561,华南理工大学,2,6692
2024,1,42,计算机类,A561,华南理工大学,4,3201
2024,1,45,软件工程,A561,华南理工大学,4,3603
2024,1,47,环境科学与工程类,A561,华南理工大学,2,9964
2024,1,49,生物科学类,A561,华南理工大学,3,6632
2024,1,51,工业设计,A561,华南理工大学,2,7992
2024,1,57,经济学(创新班),A561,华南理工大学,1,7011
2024,1,58,经济学类,A561,华南理工大学,2,8591
2024,1,60,大数据管理与应用,A561,华南理工大学,3,5871
2024,1,63,临床医学,A561,华南理工大学,2,6413
2024,1,01,土木工程,A564,华南农业大学,3,57335
2024,1,21,电子信息工程,A564,华南农业大学,1,24411
2024,1,27,食品质量与安全,A564,华南农业大学,1,46870
2024,1,28,生物工程,A564,华南农业大学,2,40061
2024,1,48,海洋科学,A564,华南农业大学,4,51246
2024,1,49,农业资源与环境,A564,华南农业大学,2,60873
2024,1,50,农业资源与环境(低碳农业),A564,华南农业大学,2,55982
2024,1,54,动物医学,A564,华南农业大学,2,37651
2024,1,57,动物科学,A564,华南农业大学,2,49305
2024,1,60,水产养殖学,A564,华南农业大学,4,90129
2024,1,61,水产养殖学(智慧渔业),A564,华南农业大学,4,70373
2024,1,66,农学,A564,华南农业大学,3,44991
2024,1,67,园艺,A564,华南农业大学,3,60745
2024,1,68,植物保护,A564,华南农业大学,3,48636
2024,1,D1,园林,A564,华南农业大学,3,41478
2024,1,W1,生物科学(中外合作办学),A564,华南农业大学,3,67027
2024,1,W2,园艺(中外合作办学),A564,华南农业大学,3,103078
2024,1,W3,食品质量与安全(中外合作办学),A564,华南农业大学,3,68037
2024,1,02,国际经济与贸易,A566,广东海洋大学,2,82095
2024,1,12,日语,A566,广东海洋大学,2,99778
2024,1,16,应用化学,A566,广东海洋大学,1,122003
2024,1,17,大气科学,A566,广东海洋大学,1,84943
2024,1,18,应用气象学,A566,广东海洋大学,1,93988
2024,1,19,海洋科学,A566,广东海洋大学,2,102884
2024,1,31,自动化,A566,广东海洋大学,2,73493
2024,1,36,港口航道与海岸工程,A566,广东海洋大学,1,120795
2024,1,37,制药工程,A566,广东海洋大学,1,107443
2024,1,45,生物工程,A566,广东海洋大学,1,97078
2024,1,46,农学,A566,广东海洋大学,3,143822
2024,1,47,园艺,A566,广东海洋大学,2,219460
2024,1,54,水产养殖学,A566,广东海洋大学,2,178032
2024,1,56,水生动物医学,A566,广东海洋大学,3,173274
2024,1,58,工程管理,A566,广东海洋大学,2,131492
2024,1,59,工商管理,A566,广东海洋大学,1,91471
2024,1,60,会计学,A566,广东海洋大学,1,56108
2024,1,64,土地资源管理,A566,广东海洋大学,2,98381
2024,1,65,工业工程,A566,广东海洋大学,2,111585
2024,1,Y3,计算机科学与技术,A566,广东海洋大学,1,44363
2024,1,Y5,工商管理,A566,广东海洋大学,2,109734
2024,1,H1,电子信息工程(中外合作办学),A566,广东海洋大学,1,87425
2024,1,H2,船舶与海洋工程(中外合作办学),A566,广东海洋大学,2,186021
2024,1,01,临床医学,A571,广东医科大学,4,26105
2024,1,02,儿科学,A571,广东医科大学,3,58769
2024,1,03,麻醉学,A571,广东医科大学,4,33327
2024,1,04,医学影像学,A571,广东医科大学,3,34390
2024,1,06,助产学,A571,广东医科大学,2,99025
2024,1,08,口腔医学,A571,广东医科大学,3,20987
2024,1,10,康复治疗学,A571,广东医科大学,2,149431
2024,1,11,法医学,A571,广东医科大学,2,49825
2024,1,13,医学检验技术,A571,广东医科大学,2,62639
2024,1,16,护理学,A571,广东医科大学,2,64551
2024,1,18,药学,A571,广东医科大学,2,66382
2024,1,24,预防医学,A571,广东医科大学,3,78869
2024,1,28,公共事业管理,A571,广东医科大学,2,79746
2024,1,31,应用心理学,A571,广东医科大学,2,93338
2024,1,32,社会工作,A571,广东医科大学,2,112107
2024,1,40,英语,A571,广东医科大学,2,125848
2024,1,01,中医学,A572,广州中医药大学,1,5643
2024,1,02,中医学(5+3一体化),A572,广州中医药大学,2,9549
2024,1,04,中医学,A572,广州中医药大学,4,20180
2024,1,06,中西医临床医学,A572,广州中医药大学,2,21669
2024,1,07,临床医学,A572,广州中医药大学,3,23714
2024,1,08,医学影像学,A572,广州中医药大学,1,21782
2024,1,09,眼视光学,A572,广州中医药大学,2,47717
2024,1,10,针灸推拿学,A572,广州中医药大学,3,29054
2024,1,11,康复治疗学,A572,广州中医药大学,2,62911
2024,1,14,中医养生学,A572,广州中医药大学,1,41797
2024,1,15,中药学类,A572,广州中医药大学,4,55501
2024,1,16,药学,A572,广州中医药大学,3,49621
2024,1,17,临床药学,A572,广州中医药大学,1,30891
2024,1,18,应用心理学,A572,广州中医药大学,2,41713
2024,1,21,医学信息工程,A572,广州中医药大学,2,43943
2024,1,23,护理学,A572,广州中医药大学,3,44718
2024,1,24,助产学,A572,广州中医药大学,2,53918
2024,1,26,中医骨伤科学,A572,广州中医药大学,3,34709
2024,1,06,生物技术,A573,广东药科大学,3,170882
2024,1,0E,制药工程,A573,广东药科大学,3,78519
2024,1,0H,食品质量与安全,A573,广东药科大学,4,293280
2024,1,0J,生物工程,A573,广东药科大学,3,100261
2024,1,0K,生物制药,A573,广东药科大学,3,85890
2024,1,0L,临床医学,A573,广东药科大学,3,41705
2024,1,0N,预防医学,A573,广东药科大学,3,128068
2024,1,0Q,中医学,A573,广东药科大学,4,72575
2024,1,0T,药学,A573,广东药科大学,4,65997
2024,1,0U,药物制剂,A573,广东药科大学,3,88779
2024,1,0V,临床药学,A573,广东药科大学,3,69723
2024,1,0Z,海洋药学,A573,广东药科大学,3,140668
2024,1,10,化妆品科学与技术,A573,广东药科大学,4,95241
2024,1,11,中药学,A573,广东药科大学,3,96577
2024,1,13,中药制药,A573,广东药科大学,3,141703
2024,1,19,智能医学工程,A573,广东药科大学,4,109454
2024,1,04,社会工作,A574,华南师范大学,5,32959
2024,1,07,历史学(师范类),A574,华南师范大学,6,21848
2024,1,0H,心理学(师范类),A574,华南师范大学,4,27090
2024,1,14,人文地理与城乡规划,A574,华南师范大学,3,30971
2024,1,16,生物科学(师范类),A574,华南师范大学,5,27175
2024,1,1A,计算机科学与技术(师范类),A574,华南师范大学,4,23985
2024,1,1C,网络工程,A574,华南师范大学,2,22249
2024,1,1E,旅游管理,A574,华南师范大学,6,38178
2024,1,1R,人力资源管理,A574,华南师范大学,5,31891
2024,1,1T,物流管理,A574,华南师范大学,3,36044
2024,1,1W,法学,A574,华南师范大学,5,18608
2024,1,20,汉语言文学(师范类),A574,华南师范大学,6,17531
2024,1,25,光电信息科学与工程,A574,华南师范大学,5,23586
2024,1,36,环境工程,A574,华南师范大学,2,40130
2024,1,08,新闻学,A576,韶关学院,10,174475
2024,1,17,英语(师范类),A576,韶关学院,5,165110
2024,1,2A,护理学,A576,韶关学院,10,183851
2024,1,27,化学工程与工艺,A577,惠州学院,3,214244
2024,1,52,风景园林,A577,惠州学院,3,165978
2024,1,08,计算机科学与技术,A578,韩山师范学院,1,185911
2024,1,24,心理学(师范类),A578,韩山师范学院,1,169303
2024,1,34,生物技术,A578,韩山师范学院,1,253397
2024,1,36,食品质量与安全,A578,韩山师范学院,1,201264
2024,1,57,网络与新媒体,A578,韩山师范学院,1,163281
2024,1,01,汉语言文学(师范类),A579,岭南师范学院,3,92861
2024,1,17,数学与应用数学(师范类),A579,岭南师范学院,3,302834
2024,1,18,信息与计算科学,A579,岭南师范学院,4,243618
2024,1,21,烹饪与营养教育(师范类),A579,岭南师范学院,2,255599
2024,1,22,海洋资源开发技术,A579,岭南师范学院,2,233269
2024,1,25,应用物理学,A579,岭南师范学院,3,215549
2024,1,2B,软件工程,A579,岭南师范学院,5,218619
2024,1,2E,物联网工程,A579,岭南师范学院,4,238889
2024,1,31,工商管理,A579,岭南师范学院,3,160472
2024,1,4C,汽车服务工程(师范类),A579,岭南师范学院,4,285547
2024,1,4J,食品质量与安全,A579,岭南师范学院,4,260859
2024,1,58,智能电网信息工程,A579,岭南师范学院,4,246490
2024,1,59,教育技术学(师范类),A579,岭南师范学院,2,186664
2024,1,HY,机械电子工程技术,A579,岭南师范学院,5,176610
2024,1,0K,日语,A580,肇庆学院,5,179344
2024,1,1E,食品科学与工程,A580,肇庆学院,5,270424
2024,1,10,广播电视编导,A585,广州体育学院,2,150128
2024,1,M5,艺术管理,A587,星海音乐学院,2,79245
2024,1,0L,计算机科学与技术(师范类),A588,广东技术师范大学,3,115784
2024,1,20,汉语言文学(师范类),A588,广东技术师范大学,4,85879
2024,1,01,金融学,A589,海南大学,2,28808
2024,1,02,国际经济与贸易,A589,海南大学,2,32063
2024,1,05,思想政治教育,A589,海南大学,2,24592
2024,1,06,汉语言文学,A589,海南大学,2,21105
2024,1,0A,英语,A589,海南大学,11,38723
2024,1,0B,日语,A589,海南大学,3,42291
2024,1,0C,俄语,A589,海南大学,3,44084
2024,1,0D,数学与应用数学,A589,海南大学,6,30788
2024,1,0E,应用物理学,A589,海南大学,8,37734
2024,1,0F,应用化学,A589,海南大学,4,41934
2024,1,0G,化学,A589,海南大学,5,44151
2024,1,0H,生物科学,A589,海南大学,5,39584
2024,1,0J,生物技术,A589,海南大学,3,35334
2024,1,0K,生物医学工程,A589,海南大学,10,36602
2024,1,0L,生态学,A589,海南大学,5,60602
2024,1,0M,环境科学,A589,海南大学,6,54571
2024,1,0N,药学,A589,海南大学,6,45651
2024,1,0P,机械设计制造及其自动化,A589,海南大学,5,28467
2024,1,0Q,车辆工程,A589,海南大学,4,31313
2024,1,0R,自动化,A589,海南大学,7,26209
2024,1,0S,材料科学与工程,A589,海南大学,10,43426
2024,1,0T,高分子材料与工程,A589,海南大学,10,46818
2024,1,0U,电子信息工程,A589,海南大学,9,28163
2024,1,0V,通信工程,A589,海南大学,9,30204
2024,1,0W,人工智能,A589,海南大学,4,24932
2024,1,0X,电子科学与技术,A589,海南大学,13,29525
2024,1,10,信息安全,A589,海南大学,8,27815
2024,1,11,密码科学与技术,A589,海南大学,12,33629
2024,1,12,数据科学与大数据技术,A589,海南大学,7,29549
2024,1,13,建筑学,A589,海南大学,4,55881
2024,1,14,土木工程,A589,海南大学,12,64966
2024,1,15,海洋工程与技术,A589,海南大学,8,41343
2024,1,16,化学工程与工艺,A589,海南大学,6,40189
2024,1,17,食品科学与工程,A589,海南大学,6,50688
2024,1,18,食品质量与安全,A589,海南大学,8,56608
2024,1,19,农学,A589,海南大学,2,46337
2024,1,1B,种子科学与工程,A589,海南大学,2,46352
2024,1,1D,园艺,A589,海南大学,2,57402
2024,1,1E,设施农业科学与工程,A589,海南大学,2,55487
2024,1,1F,植物保护,A589,海南大学,2,45147
2024,1,1G,动物科学,A589,海南大学,2,62192
2024,1,1H,动物医学,A589,海南大学,3,43021
2024,1,1J,林学,A589,海南大学,4,63865
2024,1,1K,园林,A589,海南大学,3,47598
2024,1,1L,风景园林,A589,海南大学,2,46359
2024,1,1M,海洋科学,A589,海南大学,6,46976
2024,1,1N,水产养殖学,A589,海南大学,3,50908
2024,1,1P,会计学,A589,海南大学,2,24437
2024,1,1Q,工商管理,A589,海南大学,3,32373
2024,1,1R,物流管理,A589,海南大学,2,44647
2024,1,1S,农林经济管理,A589,海南大学,2,37280
2024,1,1V,土地资源管理,A589,海南大学,5,39714
2024,1,1W,旅游管理,A589,海南大学,2,41446
2024,1,2Q,计算机科学与技术,A589,海南大学,6,23648
2024,1,2R,软件工程(NIIT),A589,海南大学,12,29651
2024,1,2S,戏剧影视文学,A589,海南大学,6,46071
2024,1,2T,传播学,A589,海南大学,2,35438
2024,1,3H,法学,A589,海南大学,2,19133
2024,1,3K,人文地理与城乡规划(中外合作办学),A589,海南大学,9,71835
2024,1,3L,智能科学与技术(中外合作办学),A589,海南大学,10,47387
2024,1,3M,行政管理(中外合作办学),A589,海南大学,7,67293
2024,1,3N,酒店管理(中外合作办学),A589,海南大学,15,95290
2024,1,3P,会展经济与管理(中外合作办学),A589,海南大学,7,78055
2024,1,01,材料科学与工程,A590,深圳大学,2,19783
2024,1,04,新闻学,A590,深圳大学,2,21787
2024,1,09,电子信息工程,A590,深圳大学,2,13080
2024,1,11,通信工程,A590,深圳大学,4,16291
2024,1,14,法学,A590,深圳大学,3,15878
2024,1,22,工商管理,A590,深圳大学,3,25379
2024,1,26,电子商务,A590,深圳大学,2,26054
2024,1,30,新能源科学与工程,A590,深圳大学,1,18396
2024,1,37,自动化,A590,深圳大学,3,13840
2024,1,40,计算机科学与技术,A590,深圳大学,4,12984
2024,1,46,建筑学,A590,深圳大学,2,24937
2024,1,54,金融学,A590,深圳大学,2,21617
2024,1,57,会计学,A590,深圳大学,3,18478
2024,1,61,汉语言文学,A590,深圳大学,2,18699
2024,1,71,生物技术,A590,深圳大学,1,17447
2024,1,72,数学与应用数学,A590,深圳大学,2,16117
2024,1,87,英语,A590,深圳大学,2,25982
2024,1,93,金融科技,A590,深圳大学,1,13653
2024,1,A0,光电信息科学与工程,A590,深圳大学,3,15178
2024,1,A3,心理学,A590,深圳大学,1,16471
2024,1,B0,临床医学(卓越班),A590,深圳大学,3,10562
2024,1,B1,口腔医学,A590,深圳大学,2,13028
2024,1,B3,药学,A590,深圳大学,1,21459
2024,1,C9,计算机科学与技术(IEEE荣誉班),A590,深圳大学,2,8401
2024,1,C6,金融科技(中外合作办学),A590,深圳大学,2,39919
2024,1,C7,电子商务(中外合作办学),A590,深圳大学,3,43995
2024,1,55,电子商务(大数据决策分析),A592,广东财经大学,3,82467
2024,1,A4,商务英语,A592,广东财经大学,3,59424
2024,1,D1,数学与应用数学,A592,广东财经大学,3,47180
2024,1,01,数学类,A593,广西大学,10,33329
2024,1,07,车辆工程,A593,广西大学,10,37344
2024,1,10,自动化,A593,广西大学,10,30574
2024,1,11,土木工程,A593,广西大学,10,66277
2024,1,14,智能建造,A593,广西大学,9,46219
2024,1,15,化学类,A593,广西大学,10,50563
2024,1,16,化学工程与工艺,A593,广西大学,10,53101
2024,1,17,海洋科学,A593,广西大学,10,59250
2024,1,19,信息安全,A593,广西大学,10,30549
2024,1,20,电子信息类,A593,广西大学,10,28597
2024,1,26,轻工类,A593,广西大学,10,57395
2024,1,28,生物科学,A593,广西大学,10,52940
2024,1,29,生物技术,A593,广西大学,10,54956
2024,1,39,汉语言文学,A593,广西大学,10,26691
2024,1,40,外国语言文学类,A593,广西大学,5,42407
2024,1,43,日语,A593,广西大学,5,46933
2024,1,44,新闻传播学类,A593,广西大学,10,43933
2024,1,47,会计学,A593,广西大学,10,43382
2024,1,51,金融学,A593,广西大学,10,48697
2024,1,52,公共事业管理,A593,广西大学,10,81611
2024,1,53,法学,A593,广西大学,10,24522
2024,1,54,电子科学与技术,A593,广西大学,10,30885
2024,1,56,机械电子工程,A593,广西大学,10,33659
2024,1,58,电气工程及其自动化,A593,广西大学,10,26304
2024,1,5A,材料科学与工程,A593,广西大学,10,48627
2024,1,46,测控技术与仪器,A594,广西科技大学,4,170809
2024,1,49,电气工程及其自动化,A594,广西科技大学,4,119193
2024,1,54,通信工程,A594,广西科技大学,3,145280
2024,1,67,数据科学与大数据技术,A594,广西科技大学,4,135832
2024,1,71,土木工程,A594,广西科技大学,7,270944
2024,1,78,纺织工程,A594,广西科技大学,3,215585
2024,1,85,食品科学与工程,A594,广西科技大学,4,219066
2024,1,A4,护理学,A594,广西科技大学,2,165169
2024,1,C4,物流管理,A594,广西科技大学,4,153190
2024,1,C7,工业工程,A594,广西科技大学,4,141948
2024,1,G3,软件工程,A594,广西科技大学,4,135581
2024,1,HL,软件工程(中外合作办学),A594,广西科技大学,10,225615
2024,1,HM,机械工程(中外合作办学),A594,广西科技大学,9,279270
2024,1,01,机械设计制造及其自动化,A595,桂林电子科技大学,4,54339
2024,1,02,电气工程及其自动化,A595,桂林电子科技大学,4,45411
2024,1,03,机械电子工程,A595,桂林电子科技大学,3,56242
2024,1,04,电子封装技术,A595,桂林电子科技大学,2,50258
2024,1,05,车辆工程,A595,桂林电子科技大学,3,70086
2024,1,06,智能制造工程,A595,桂林电子科技大学,4,56579
2024,1,07,通信工程,A595,桂林电子科技大学,4,36725
2024,1,08,电子信息工程,A595,桂林电子科技大学,3,39829
2024,1,09,电子科学与技术,A595,桂林电子科技大学,2,38267
2024,1,11,导航工程,A595,桂林电子科技大学,2,54647
2024,1,12,计算机科学与技术,A595,桂林电子科技大学,2,29199
2024,1,13,软件工程,A595,桂林电子科技大学,2,31871
2024,1,15,物联网工程,A595,桂林电子科技大学,2,42497
2024,1,16,智能科学与技术,A595,桂林电子科技大学,2,45946
2024,1,17,网络空间安全,A595,桂林电子科技大学,2,35634
2024,1,27,会计学,A595,桂林电子科技大学,4,71929
2024,1,28,工业工程,A595,桂林电子科技大学,2,100875
2024,1,29,电子商务,A595,桂林电子科技大学,3,104916
2024,1,2F,本科预科班（招收边防军人子女）,A595,桂林电子科技大学,10,198957
2024,1,30,人力资源管理,A595,桂林电子科技大学,2,106951
2024,1,33,财务管理,A595,桂林电子科技大学,2,91962
2024,1,35,英语,A595,桂林电子科技大学,3,109504
2024,1,36,日语,A595,桂林电子科技大学,2,141780
2024,1,37,汉语国际教育,A595,桂林电子科技大学,3,107165
2024,1,39,应用统计学,A595,桂林电子科技大学,5,77498
2024,1,41,自动化,A595,桂林电子科技大学,5,48503
2024,1,42,测控技术与仪器,A595,桂林电子科技大学,4,55523
2024,1,45,法学,A595,桂林电子科技大学,2,58936
2024,1,46,知识产权,A595,桂林电子科技大学,2,69332
2024,1,48,材料科学与工程,A595,桂林电子科技大学,2,107740
2024,1,49,材料成型及控制工程,A595,桂林电子科技大学,3,101592
2024,1,50,高分子材料与工程,A595,桂林电子科技大学,2,114430
2024,1,53,环境工程,A595,桂林电子科技大学,2,130668
2024,1,54,生物医学工程,A595,桂林电子科技大学,2,72724
2024,1,55,交通工程,A595,桂林电子科技大学,2,77081
2024,1,56,建筑环境与能源应用工程,A595,桂林电子科技大学,2,108692
2024,1,57,土木工程,A595,桂林电子科技大学,2,113347
2024,1,58,建筑电气与智能化,A595,桂林电子科技大学,2,86537
2024,1,61,人工智能,A595,桂林电子科技大学,2,41050
2024,1,62,光电信息科学与工程,A595,桂林电子科技大学,2,44780
2024,1,01,地质工程,A596,桂林理工大学,3,191190
2024,1,03,勘查技术与工程,A596,桂林理工大学,3,212965
2024,1,04,资源勘查工程,A596,桂林理工大学,3,160600
2024,1,05,环境工程,A596,桂林理工大学,3,257129
2024,1,06,给排水科学与工程,A596,桂林理工大学,3,223658
2024,1,08,地下水科学与工程,A596,桂林理工大学,3,218406
2024,1,09,材料类,A596,桂林理工大学,6,179227
2024,1,10,化工与制药类,A596,桂林理工大学,3,179169
2024,1,12,生物工程,A596,桂林理工大学,3,206648
2024,1,13,土木工程,A596,桂林理工大学,3,263372
2024,1,14,工程管理,A596,桂林理工大学,3,146231
2024,1,15,智能建造,A596,桂林理工大学,3,195337
2024,1,16,测绘工程,A596,桂林理工大学,3,173131
2024,1,18,遥感科学与技术,A596,桂林理工大学,3,158666
2024,1,19,计算机类,A596,桂林理工大学,3,83267
2024,1,21,机械类,A596,桂林理工大学,3,117612
2024,1,22,自动化类,A596,桂林理工大学,3,111544
2024,1,24,工商管理类,A596,桂林理工大学,3,113668
2024,1,25,会计学,A596,桂林理工大学,3,86664
2024,1,27,国际经济与贸易,A596,桂林理工大学,3,133075
2024,1,28,旅游管理,A596,桂林理工大学,2,140953
2024,1,30,风景园林,A596,桂林理工大学,2,114029
2024,1,32,行政管理,A596,桂林理工大学,3,124816
2024,1,34,英语,A596,桂林理工大学,3,120223
2024,1,35,日语,A596,桂林理工大学,3,144564
2024,1,39,信息与计算科学,A596,桂林理工大学,3,136620
2024,1,40,应用统计学,A596,桂林理工大学,3,148002
2024,1,41,电子信息类,A596,桂林理工大学,3,103836
2024,1,53,光电信息科学与工程,A596,桂林理工大学,3,110300
2024,1,23,机械设计制造及其自动化(中外合作办学),A596,桂林理工大学,4,227209
2024,1,02,临床医学(5+3一体化),A598,广西医科大学,2,16302
2024,1,03,临床医学,A598,广西医科大学,2,26630
2024,1,06,儿科学,A598,广西医科大学,2,68377
2024,1,09,口腔医学,A598,广西医科大学,2,34768
2024,1,10,预防医学,A598,广西医科大学,2,150714
2024,1,13,医学检验技术,A598,广西医科大学,2,191060
2024,1,17,药学(中澳学分互认联合培养项目),A598,广西医科大学,5,286237
2024,1,19,生物技术,A598,广西医科大学,2,175776
2024,1,23,信息管理与信息系统,A598,广西医科大学,2,125184
2024,1,24,医学信息工程,A598,广西医科大学,2,144946
2024,1,27,护理学,A598,广西医科大学,2,73858
2024,1,29,养老服务管理,A598,广西医科大学,2,105960
2024,1,49,公共事业管理(中外合作办学)(社会医疗保障方向),A598,广西医科大学,2,148574
2024,1,02,中医学(5+3一体化),A600,广西中医药大学,1,41740
2024,1,03,中医学,A600,广西中医药大学,5,81503
2024,1,0B,针灸推拿学,A600,广西中医药大学,2,109661
2024,1,0F,临床医学,A600,广西中医药大学,2,74962
2024,1,0L,中药学,A600,广西中医药大学,1,92887
2024,1,0M,药学,A600,广西中医药大学,2,134542
2024,1,2G,护理学,A600,广西中医药大学,2,130881
2024,1,02,临床医学,A601,桂林医学院,6,78616
2024,1,03,口腔医学,A601,桂林医学院,2,62304
2024,1,05,预防医学,A601,桂林医学院,2,218684
2024,1,07,医学影像学,A601,桂林医学院,1,72604
2024,1,08,医学检验技术,A601,桂林医学院,2,128382
2024,1,09,药学,A601,桂林医学院,2,219299
2024,1,12,康复治疗学,A601,桂林医学院,2,166638
2024,1,19,中药学,A601,桂林医学院,2,225696
2024,1,25,智能医学工程,A601,桂林医学院,2,223524
2024,1,28,生物制药,A601,桂林医学院,2,135740
2024,1,29,康复治疗学(中澳学分互认联合培养项目),A601,桂林医学院,5,307192
2024,1,01,汉语言文学(师范类，国家文科基地班),A602,广西师范大学,2,42626
2024,1,02,汉语言文学(师范类),A602,广西师范大学,6,50030
2024,1,03,汉语国际教育(师范类),A602,广西师范大学,2,104494
2024,1,06,历史学(师范类),A602,广西师范大学,4,64020
2024,1,07,文化产业管理,A602,广西师范大学,2,106000
2024,1,08,旅游管理,A602,广西师范大学,2,131231
2024,1,10,思想政治教育(师范类),A602,广西师范大学,2,50840
2024,1,12,法学,A602,广西师范大学,2,47156
2024,1,17,经济学,A602,广西师范大学,2,96842
2024,1,19,工商管理,A602,广西师范大学,2,114815
2024,1,20,会计学,A602,广西师范大学,2,72433
2024,1,21,会计学(中外高水平大学学生交流计划),A602,广西师范大学,2,116219
2024,1,22,人力资源管理,A602,广西师范大学,3,119741
2024,1,23,教育技术学(师范类),A602,广西师范大学,2,112126
2024,1,29,英语(师范类),A602,广西师范大学,2,65893
2024,1,30,日语,A602,广西师范大学,3,134696
2024,1,32,翻译,A602,广西师范大学,2,115895
2024,1,33,翻译(中外高水平大学学生交流计划),A602,广西师范大学,1,86011
2024,1,34,商务英语,A602,广西师范大学,2,96759
2024,1,50,数学与应用数学(师范类),A602,广西师范大学,5,106834
2024,1,51,信息与计算科学,A602,广西师范大学,1,102610
2024,1,52,统计学,A602,广西师范大学,1,90228
2024,1,54,物理学(师范类),A602,广西师范大学,3,136946
2024,1,56,化学(师范类),A602,广西师范大学,4,168438
2024,1,57,应用化学,A602,广西师范大学,2,130611
2024,1,59,生物科学(师范类),A602,广西师范大学,3,271478
2024,1,60,生物技术,A602,广西师范大学,2,183862
2024,1,61,生物技术(中外高水平大学学生交流计划),A602,广西师范大学,1,218003
2024,1,63,地理科学(师范类),A602,广西师范大学,3,92091
2024,1,67,计算机科学与技术,A602,广西师范大学,2,67618
2024,1,68,软件工程,A602,广西师范大学,2,63007
2024,1,78,电子科学与技术,A602,广西师范大学,2,102482
2024,1,79,通信工程,A602,广西师范大学,2,98790
2024,1,05,地理科学类,A603,南宁师范大学,8,127886
2024,1,20,应用化学,A603,南宁师范大学,4,223257
2024,1,29,软件工程,A603,南宁师范大学,5,147849
2024,1,33,计算机科学与技术(师范类),A603,南宁师范大学,5,158918
2024,1,45,公共事业管理,A603,南宁师范大学,5,141339
2024,1,51,思想政治教育(师范类),A603,南宁师范大学,4,91373
2024,1,62,数学与应用数学(师范类),A603,南宁师范大学,5,166510
2024,1,63,应用统计学,A603,南宁师范大学,5,185236
2024,1,72,英语(师范类),A603,南宁师范大学,5,110175
2024,1,74,汉语言文学(师范类),A603,南宁师范大学,5,83074
2024,1,87,物流工程,A603,南宁师范大学,5,165956
2024,1,89,信息管理与信息系统,A603,南宁师范大学,5,140431
2024,1,9R,文化产业管理,A603,南宁师范大学,5,150785
2024,1,80,电子信息工程(中外合作办学),A603,南宁师范大学,5,200431
2024,1,04,思想政治教育(师范类),A605,河池学院,4,157816
2024,1,05,学前教育(师范类),A605,河池学院,4,176909
2024,1,11,汉语言文学(师范类),A605,河池学院,4,152210
2024,1,21,历史学(师范类),A605,河池学院,3,158308
2024,1,26,应用化学,A605,河池学院,4,271020
2024,1,31,电气工程及其自动化,A605,河池学院,4,230203
2024,1,A1,汉语言文学(师范类),A606,玉林师范学院,3,148682
2024,1,D1,经济学,A606,玉林师范学院,4,170312
2024,1,D4,农林经济管理,A606,玉林师范学院,4,177596
2024,1,E2,日语,A606,玉林师范学院,3,178572
2024,1,F1,数学与应用数学(师范类),A606,玉林师范学院,3,251371
2024,1,F2,信息与计算科学(师范类),A606,玉林师范学院,3,254316
2024,1,F4,系统科学与工程,A606,玉林师范学院,2,241166
2024,1,H2,机械电子工程,A606,玉林师范学院,4,250194
2024,1,H3,智能制造工程,A606,玉林师范学院,3,258959
2024,1,Q4,智慧农业,A606,玉林师范学院,2,254699
2024,1,01,美术学,A607,广西艺术学院,2,189713
2024,1,02,艺术设计学,A607,广西艺术学院,1,184975
2024,1,03,艺术史论,A607,广西艺术学院,2,182041
2024,1,04,艺术管理,A607,广西艺术学院,2,192012
2024,1,22,艺术与科技,A607,广西艺术学院,1,177544
2024,1,28,戏剧影视文学,A607,广西艺术学院,2,175345
2024,1,30,广播电视编导,A607,广西艺术学院,5,191995
2024,1,56,风景园林,A607,广西艺术学院,2,181678
2024,1,58,广告学,A607,广西艺术学院,3,174793
2024,1,59,文化产业管理,A607,广西艺术学院,8,189506
2024,1,01,政治学与行政学,A608,广西民族大学,2,103560
2024,1,03,中国共产党历史,A608,广西民族大学,2,104386
2024,1,04,行政管理,A608,广西民族大学,2,134736
2024,1,05,经济学,A608,广西民族大学,3,136312
2024,1,07,税收学,A608,广西民族大学,2,122538
2024,1,09,金融学(中澳学分互认联合培养项目),A608,广西民族大学,10,167501
2024,1,0A,国际经济与贸易,A608,广西民族大学,3,151029
2024,1,0B,工商管理,A608,广西民族大学,2,136659
2024,1,0C,会计学,A608,广西民族大学,3,86341
2024,1,0F,旅游管理,A608,广西民族大学,2,160349
2024,1,0G,法学,A608,广西民族大学,3,58550
2024,1,0J,教育学(师范类),A608,广西民族大学,2,128582
2024,1,0K,应用心理学(师范类),A608,广西民族大学,2,127729
2024,1,0L,汉语言文学(师范类),A608,广西民族大学,3,67272
2024,1,0Q,社会学,A608,广西民族大学,2,116990
2024,1,0U,英语,A608,广西民族大学,4,128308
2024,1,0W,翻译,A608,广西民族大学,3,141997
2024,1,0X,印度尼西亚语(国家基地班),A608,广西民族大学,4,155745
2024,1,12,泰语(国家基地班),A608,广西民族大学,2,154927
2024,1,14,数学与应用数学(师范类),A608,广西民族大学,3,276600
2024,1,16,物理学(师范类),A608,广西民族大学,2,183660
2024,1,18,电子信息工程,A608,广西民族大学,3,153354
2024,1,1D,人工智能(中澳学分互认联合培养项目),A608,广西民族大学,5,231938
2024,1,1E,计算机科学与技术,A608,广西民族大学,3,93737
2024,1,1J,化学,A608,广西民族大学,4,318312
2024,1,1K,应用化学,A608,广西民族大学,3,205003
2024,1,1L,化学工程与工艺,A608,广西民族大学,2,206015
2024,1,1M,制药工程,A608,广西民族大学,3,216226
2024,1,1N,能源化学工程,A608,广西民族大学,3,215491
2024,1,1P,智能制造工程,A608,广西民族大学,2,163366
2024,1,1Q,金属材料工程,A608,广西民族大学,2,203089
2024,1,1R,新能源材料与器件,A608,广西民族大学,3,193542
2024,1,1T,海洋科学,A608,广西民族大学,3,222171
2024,1,1V,生物技术,A608,广西民族大学,2,208371
2024,1,1Z,工程管理,A608,广西民族大学,2,165918
2024,1,21,非物质文化遗产保护,A608,广西民族大学,4,149085
2024,1,26,新闻学,A608,广西民族大学,1,113982
2024,1,27,广播电视编导,A608,广西民族大学,4,178555
2024,1,2R,会计学(中外合作办学),A608,广西民族大学,20,162410
2024,1,1C,物理学(师范类),A609,百色学院,2,282327
2024,1,1E,化学(师范类),A609,百色学院,2,288334
2024,1,1G,生物技术,A609,百色学院,2,284575
2024,1,1J,材料成型及控制工程,A609,百色学院,2,261343
2024,1,1P,通信工程,A609,百色学院,2,259402
2024,1,1X,食品科学与工程,A609,百色学院,2,270794
2024,1,1Z,设施农业科学与工程,A609,百色学院,2,278415
2024,1,2F,市场营销,A609,百色学院,2,181851
2024,1,2K,审计学,A609,百色学院,2,152635
2024,1,2M,城市管理,A609,百色学院,2,187438
2024,1,2P,电子商务,A609,百色学院,2,180199
2024,1,5T,英语(师范类，英语教育),A609,百色学院,2,167909
2024,1,01,经济学类,A610,四川大学,8,9508
2024,1,02,金融学类,A610,四川大学,8,10176
2024,1,03,法学,A610,四川大学,6,5925
2024,1,04,人文科学试验班(中文与新闻传播),A610,四川大学,6,9184
2024,1,06,历史学类,A610,四川大学,4,7838
2024,1,10,哲学,A610,四川大学,4,10411
2024,1,11,数学类(含双学士学位),A610,四川大学,6,4460
2024,1,12,物理学类,A610,四川大学,10,5815
2024,1,13,化学类,A610,四川大学,16,10520
2024,1,15,电子信息类,A610,四川大学,11,4713
2024,1,16,高分子材料与工程,A610,四川大学,10,8712
2024,1,17,材料类(新能源与纳米材料),A610,四川大学,13,8975
2024,1,18,工科试验班(智能制造),A610,四川大学,10,6505
2024,1,19,电气类,A610,四川大学,16,5823
2024,1,20,计算机类(含双学士学位),A610,四川大学,20,4241
2024,1,25,生物医学工程类,A610,四川大学,8,6509
2024,1,27,网络空间安全(含双学士学位),A610,四川大学,4,4552
2024,1,30,工商管理类,A610,四川大学,6,9834
2024,1,32,临床医学(五年制),A610,四川大学,6,2962
2024,1,33,临床医学(八年制),A610,四川大学,3,830
2024,1,35,口腔医学(五年制),A610,四川大学,3,1894
2024,1,37,口腔医学(八年制),A610,四川大学,2,577
2024,1,38,公共卫生与预防医学类,A610,四川大学,8,15575
2024,1,39,药学类,A610,四川大学,14,10104
2024,1,S2,医学技术类(含双学士学位),A610,四川大学,10,9134
2024,1,H1,电气工程及其自动化(中外合作办学),A610,四川大学,4,14222
2024,1,H2,机械设计制造及其自动化(中外合作办学),A610,四川大学,4,15171
2024,1,H3,材料科学与工程(中外合作办学),A610,四川大学,2,15277
2024,1,H4,工业工程(中外合作办学),A610,四川大学,4,16087
2024,1,H5,计算机科学与技术(中外合作办学),A610,四川大学,3,11092
2024,1,H6,电子信息工程(中外合作办学),A610,四川大学,4,10696
2024,1,92,汉语言文学(博雅类，含中文、历史、哲学专业),A611,重庆大学,3,10281
2024,1,98,临床医学(五年制),A611,重庆大学,4,6400
2024,1,D1,理科试验班(数学物理类),A611,重庆大学,7,8622
2024,1,D3,工科试验班(新工科类),A611,重庆大学,8,10210
2024,1,D5,工科试验班(工程能源类),A611,重庆大学,78,12637
2024,1,D6,工科试验班(电气信息类),A611,重庆大学,70,8485
2024,1,D9,人文科学试验班(法学新闻类),A611,重庆大学,5,9297
2024,1,DE,工科试验班(卓越工程师计划),A611,重庆大学,4,5762
2024,1,22,电气工程及其自动化(中外合作办学),A611,重庆大学,3,14412
2024,1,23,机械设计制造及其自动化(中外合作办学),A611,重庆大学,3,17067
2024,1,01,土木工程,A613,西南交通大学,15,42183
2024,1,02,城市地下空间工程,A613,西南交通大学,3,40748
2024,1,06,机械类,A613,西南交通大学,10,19165
2024,1,07,车辆工程,A613,西南交通大学,6,17305
2024,1,08,能源动力类,A613,西南交通大学,3,19219
2024,1,09,电气工程及其自动化,A613,西南交通大学,19,13059
2024,1,10,电子信息工程,A613,西南交通大学,10,13672
2024,1,11,大功率半导体科学与工程,A613,西南交通大学,2,13017
2024,1,12,电子信息类,A613,西南交通大学,5,13070
2024,1,13,通信工程,A613,西南交通大学,6,13434
2024,1,14,自动化,A613,西南交通大学,2,13664
2024,1,15,轨道交通信号与控制,A613,西南交通大学,4,15728
2024,1,16,人工智能,A613,西南交通大学,5,12297
2024,1,17,计算机类,A613,西南交通大学,9,8367
2024,1,18,交通运输类,A613,西南交通大学,13,16225
2024,1,19,安全工程,A613,西南交通大学,3,26692
2024,1,21,工程力学,A613,西南交通大学,5,22956
2024,1,22,飞行器设计与工程,A613,西南交通大学,3,16765
2024,1,23,汉语言文学,A613,西南交通大学,4,16500
2024,1,24,新闻传播学类,A613,西南交通大学,3,23170
2024,1,25,思想政治教育,A613,西南交通大学,3,21007
2024,1,26,制药工程,A613,西南交通大学,5,28830
2024,1,27,生物工程,A613,西南交通大学,5,27126
2024,1,28,数学与应用数学,A613,西南交通大学,2,14587
2024,1,29,统计学,A613,西南交通大学,4,18719
2024,1,30,数据科学与大数据技术,A613,西南交通大学,4,12325
2024,1,31,建筑类,A613,西南交通大学,4,42562
2024,1,32,建筑学,A613,西南交通大学,5,49414
2024,1,33,测绘类,A613,西南交通大学,8,30028
2024,1,34,地质工程,A613,西南交通大学,6,35087
2024,1,36,消防工程,A613,西南交通大学,2,30161
2024,1,37,环境工程,A613,西南交通大学,6,35186
2024,1,39,应用物理学,A613,西南交通大学,13,24948
2024,1,40,电子信息科学与技术,A613,西南交通大学,4,13734
2024,1,41,材料类,A613,西南交通大学,10,27554
2024,1,42,汉语国际教育,A613,西南交通大学,2,23812
2024,1,43,外国语言文学类,A613,西南交通大学,6,32138
2024,1,44,智能制造工程,A613,西南交通大学,8,18248
2024,1,45,新能源科学与工程,A613,西南交通大学,8,19488
2024,1,46,智能建造,A613,西南交通大学,4,24880
2024,1,48,智慧交通,A613,西南交通大学,3,16554
2024,1,49,高分子材料与工程,A613,西南交通大学,3,24062
2024,1,50,化学,A613,西南交通大学,2,26660
2024,1,51,生物医学工程,A613,西南交通大学,2,19139
2024,1,52,经济与贸易类,A613,西南交通大学,4,32482
2024,1,54,法学,A613,西南交通大学,2,15470
2024,1,55,政治学与行政学,A613,西南交通大学,4,24541
2024,1,56,公共事业管理,A613,西南交通大学,4,27454
2024,1,68,物流管理与工程类,A613,西南交通大学,2,28385
2024,1,6A,工商管理类,A613,西南交通大学,17,35921
2024,1,60,生物工程(中外合作办学),A613,西南交通大学,4,47892
2024,1,61,安全工程(中外合作办学),A613,西南交通大学,4,54337
2024,1,62,环境工程(中外合作办学),A613,西南交通大学,4,58884
2024,1,63,机械设计制造及其自动化(中外合作办学),A613,西南交通大学,5,30552
2024,1,64,电子信息工程(中外合作办学),A613,西南交通大学,5,24446
2024,1,65,计算机科学与技术(中外合作办学),A613,西南交通大学,5,24179
2024,1,66,土木工程(中外合作办学),A613,西南交通大学,5,61201
2024,1,67,材料科学与工程(中外合作办学),A613,西南交通大学,3,37961
2024,1,A2,电子信息类(成电英才计划拔尖创新人才实验班),A614,电子科技大学,3,1376
2024,1,A3,计算机科学与技术(智能金融与区块链金融双A联合学位实验班),A614,电子科技大学,2,1821
2024,1,B1,电子信息类(信息与通信),A614,电子科技大学,12,2486
2024,1,B2,工科试验班(电子工程类),A614,电子科技大学,12,2758
2024,1,B3,计算机类,A614,电子科技大学,10,2377
2024,1,B4,微电子科学与工程,A614,电子科技大学,5,2282
2024,1,B5,集成电路设计与集成系统(国家示范性微电子学院),A614,电子科技大学,9,2497
2024,1,B6,物联网工程(互联网交叉复合型精英人才双学位培养计划),A614,电子科技大学,3,2714
2024,1,B7,计算机科学与技术(互联网交叉复合型精英人才双学位培养计划),A614,电子科技大学,5,2123
2024,1,B8,数据科学与大数据技术(互联网交叉复合型精英人才双学位培养计划),A614,电子科技大学,4,2525
2024,1,C2,电子信息类(光电集成与光网络),A614,电子科技大学,12,3025
2024,1,D1,电子信息类(智能仪器、智能控制),A614,电子科技大学,6,2300
2024,1,DN,航空航天工程(智能无人机拔尖人才实验班),A614,电子科技大学,10,3052
2024,1,QK,工科试验班(机器人、电气信息、智能制造),A614,电子科技大学,16,3780
2024,1,QM,电子信息类(电子信息与物理科学复合培养),A614,电子科技大学,9,2801
2024,1,01,石油工程,A615,西南石油大学,9,36550
2024,1,02,油气储运工程,A615,西南石油大学,4,33489
2024,1,03,海洋油气工程,A615,西南石油大学,2,35433
2024,1,04,资源勘查工程,A615,西南石油大学,4,41325
2024,1,05,勘查技术与工程,A615,西南石油大学,4,48701
2024,1,06,地质学,A615,西南石油大学,4,50240
2024,1,07,地理信息科学,A615,西南石油大学,4,37919
2024,1,08,城市地下空间工程,A615,西南石油大学,3,64777
2024,1,09,机械工程,A615,西南石油大学,6,33568
2024,1,10,过程装备与控制工程,A615,西南石油大学,6,44670
2024,1,11,机械设计制造及其自动化,A615,西南石油大学,4,32588
2024,1,12,测控技术与仪器,A615,西南石油大学,4,34644
2024,1,13,工业设计,A615,西南石油大学,3,43734
2024,1,14,智能感知工程,A615,西南石油大学,4,36025
2024,1,15,应用化学,A615,西南石油大学,4,42830
2024,1,16,化学工程与工艺,A615,西南石油大学,4,45659
2024,1,17,环境工程,A615,西南石油大学,4,57306
2024,1,18,化学,A615,西南石油大学,3,51862
2024,1,19,安全工程,A615,西南石油大学,3,45693
2024,1,20,碳储科学与工程,A615,西南石油大学,3,42530
2024,1,21,新能源材料与器件,A615,西南石油大学,6,37227
2024,1,22,材料科学与工程,A615,西南石油大学,5,45731
2024,1,23,高分子材料与工程,A615,西南石油大学,3,40586
2024,1,24,材料成型及控制工程,A615,西南石油大学,3,45597
2024,1,25,新能源科学与工程,A615,西南石油大学,3,33652
2024,1,26,储能科学与工程,A615,西南石油大学,4,38299
2024,1,27,计算机类,A615,西南石油大学,16,30515
2024,1,28,电气工程及其自动化,A615,西南石油大学,6,26489
2024,1,29,自动化,A615,西南石油大学,5,30419
2024,1,30,机器人工程,A615,西南石油大学,3,32635
2024,1,31,通信工程,A615,西南石油大学,4,30750
2024,1,32,土木工程,A615,西南石油大学,6,65105
2024,1,33,测绘工程,A615,西南石油大学,4,52695
2024,1,34,工程管理,A615,西南石油大学,4,51255
2024,1,35,信息与计算科学,A615,西南石油大学,4,33641
2024,1,36,数学与应用数学,A615,西南石油大学,3,32623
2024,1,37,人工智能,A615,西南石油大学,3,30214
2024,1,38,工商管理,A615,西南石油大学,2,41757
2024,1,40,经济学,A615,西南石油大学,3,36040
2024,1,42,国际经济与贸易,A615,西南石油大学,2,40419
2024,1,43,会计学,A615,西南石油大学,3,28197
2024,1,44,社会工作,A615,西南石油大学,2,42668
2024,1,45,法学,A615,西南石油大学,3,23677
2024,1,46,思想政治教育,A615,西南石油大学,3,33062
2024,1,48,俄语,A615,西南石油大学,3,54606
2024,1,52,广播电视编导,A615,西南石油大学,10,83953
2024,1,01,经济学,A616,成都理工大学,6,41358
2024,1,03,工商管理类,A616,成都理工大学,2,34675
2024,1,04,地质学类,A616,成都理工大学,6,51800
2024,1,05,测绘工程,A616,成都理工大学,2,38064
2024,1,06,行星科学,A616,成都理工大学,2,48435
2024,1,09,石油工程,A616,成都理工大学,2,43582
2024,1,11,土木工程,A616,成都理工大学,6,77405
2024,1,13,地质工程,A616,成都理工大学,5,49830
2024,1,14,地下水科学与工程,A616,成都理工大学,4,60526
2024,1,15,地球物理学,A616,成都理工大学,6,54362
2024,1,16,勘查技术与工程,A616,成都理工大学,7,55160
2024,1,18,测控技术与仪器,A616,成都理工大学,4,36449
2024,1,19,核工程类,A616,成都理工大学,4,35632
2024,1,20,电气工程及其自动化,A616,成都理工大学,4,25334
2024,1,21,应用化学,A616,成都理工大学,5,48930
2024,1,22,材料科学与工程,A616,成都理工大学,4,48319
2024,1,24,工商管理,A616,成都理工大学,2,38537
2024,1,25,电子商务,A616,成都理工大学,2,46036
2024,1,27,思想政治教育,A616,成都理工大学,2,34605
2024,1,31,日语,A616,成都理工大学,4,56418
2024,1,32,翻译,A616,成都理工大学,2,50440
2024,1,33,市场营销,A616,成都理工大学,5,51409
2024,1,34,会计学,A616,成都理工大学,5,32115
2024,1,35,投资学,A616,成都理工大学,3,44668
2024,1,36,新闻传播学类,A616,成都理工大学,4,40547
2024,1,37,广播电视编导,A616,成都理工大学,10,88091
2024,1,43,软件工程,A616,成都理工大学,2,24214
2024,1,44,建筑类,A616,成都理工大学,2,55808
2024,1,46,人文地理与城乡规划,A616,成都理工大学,3,45631
2024,1,47,地理信息科学,A616,成都理工大学,5,45469
2024,1,49,环境科学与工程类,A616,成都理工大学,2,52074
2024,1,52,应用物理学,A616,成都理工大学,2,34199
2024,1,53,电子信息类,A616,成都理工大学,8,27099
2024,1,55,工业设计,A616,成都理工大学,2,45182
2024,1,56,信息与计算科学,A616,成都理工大学,2,31105
2024,1,57,环境科学与工程,A616,成都理工大学,2,49427
2024,1,58,新能源科学与工程,A616,成都理工大学,2,31295
2024,1,59,新能源材料与器件,A616,成都理工大学,2,34423
2024,1,61,物流管理,A616,成都理工大学,2,49906
2024,1,67,物联网工程,A616,成都理工大学,4,28758
2024,1,68,数字媒体技术,A616,成都理工大学,4,30403
2024,1,69,智能科学与技术,A616,成都理工大学,4,30076
2024,1,6G,计算机科学与技术,A616,成都理工大学,2,24825
2024,1,6H,资源勘查工程,A616,成都理工大学,7,57043
2024,1,6A,计算机科学与技术(中外合作办学),A616,成都理工大学,2,41120
2024,1,6B,软件工程(中外合作办学),A616,成都理工大学,2,44477
2024,1,6C,会计学(中外合作办学),A616,成都理工大学,2,46726
2024,1,6D,工商管理(中外合作办学),A616,成都理工大学,4,58713
2024,1,01,电子信息类(通信与信息类),A617,重庆邮电大学,14,24093
2024,1,02,计算机类(计算机与智能科学类),A617,重庆邮电大学,15,23638
2024,1,03,数据科学与大数据技术(联合学士学位项目),A617,重庆邮电大学,2,23972
2024,1,04,自动化类(智能自动化),A617,重庆邮电大学,15,28964
2024,1,05,智能车辆工程,A617,重庆邮电大学,2,34770
2024,1,06,机械类(智能制造与机器人类),A617,重庆邮电大学,10,34326
2024,1,07,电子信息类(集成电路类),A617,重庆邮电大学,9,25867
2024,1,08,电子信息类(电子工程类),A617,重庆邮电大学,9,26462
2024,1,09,生物医学工程,A617,重庆邮电大学,3,40774
2024,1,12,数学类(数学与信息科学类),A617,重庆邮电大学,2,31986
2024,1,13,智能科学与技术(双学士学位复合型人才培养项目),A617,重庆邮电大学,3,23496
2024,1,15,通信工程(双学士学位复合型人才培养项目),A617,重庆邮电大学,3,21589
2024,1,16,工商管理类,A617,重庆邮电大学,3,73730
2024,1,18,工程管理,A617,重庆邮电大学,2,58515
2024,1,19,信息管理与信息系统,A617,重庆邮电大学,2,36845
2024,1,20,大数据管理与应用,A617,重庆邮电大学,2,32284
2024,1,21,电子商务类,A617,重庆邮电大学,3,178840
2024,1,25,计算机类(网络安全类),A617,重庆邮电大学,5,24242
2024,1,26,信息安全(双学士学位复合型人才培养项目),A617,重庆邮电大学,2,23468
2024,1,27,法学,A617,重庆邮电大学,2,26738
2024,1,29,软件工程,A617,重庆邮电大学,15,28014
2024,1,33,广播电视编导,A617,重庆邮电大学,7,94586
2024,1,31,电子信息工程(中外合作办学),A617,重庆邮电大学,15,50875
2024,1,32,软件工程(中外合作办学),A617,重庆邮电大学,15,50157
2024,1,01,土木工程,A618,重庆交通大学,5,111186
2024,1,06,水利类,A618,重庆交通大学,5,63385
2024,1,07,地质工程,A618,重庆交通大学,3,94443
2024,1,08,给排水科学与工程,A618,重庆交通大学,3,90948
2024,1,10,交通运输类,A618,重庆交通大学,4,45098
2024,1,12,交通管理,A618,重庆交通大学,3,55101
2024,1,13,机械类,A618,重庆交通大学,6,49647
2024,1,15,电气工程及其自动化,A618,重庆交通大学,3,36311
2024,1,20,船舶与海洋工程,A618,重庆交通大学,3,69724
2024,1,21,建筑类,A618,重庆交通大学,3,69544
2024,1,22,电子信息类,A618,重庆交通大学,3,38114
2024,1,23,计算机科学与技术,A618,重庆交通大学,3,35076
2024,1,25,数据科学与大数据技术,A618,重庆交通大学,3,38862
2024,1,26,材料类,A618,重庆交通大学,3,65703
2024,1,27,应用化学,A618,重庆交通大学,3,77193
2024,1,28,飞行器设计与工程,A618,重庆交通大学,3,55691
2024,1,30,飞行器动力工程,A618,重庆交通大学,3,55780
2024,1,31,管理科学与工程类,A618,重庆交通大学,3,70408
2024,1,32,工商管理类,A618,重庆交通大学,3,52916
2024,1,33,物流管理,A618,重庆交通大学,3,76519
2024,1,37,数学类,A618,重庆交通大学,3,47347
2024,1,42,测绘工程,A618,重庆交通大学,3,90302
2024,1,16,机械设计制造及其自动化(中外合作办学),A618,重庆交通大学,6,96051
2024,1,02,材料类,A619,西南科技大学,6,116745
2024,1,03,储能科学与工程,A619,西南科技大学,3,86246
2024,1,04,能源化学工程,A619,西南科技大学,3,106907
2024,1,05,电气工程及其自动化,A619,西南科技大学,5,55786
2024,1,06,电子信息类,A619,西南科技大学,4,54450
2024,1,10,测绘工程,A619,西南科技大学,5,135668
2024,1,12,矿业类,A619,西南科技大学,4,167041
2024,1,13,交通工程,A619,西南科技大学,4,96481
2024,1,16,机械类,A619,西南科技大学,6,73792
2024,1,17,工业工程,A619,西南科技大学,4,100062
2024,1,19,土木类,A619,西南科技大学,6,216825
2024,1,21,建筑类,A619,西南科技大学,4,119374
2024,1,22,工程管理,A619,西南科技大学,4,127355
2024,1,30,计算机类,A619,西南科技大学,3,44347
2024,1,36,光电信息科学与工程,A619,西南科技大学,4,56952
2024,1,40,工商管理类,A619,西南科技大学,3,67006
2024,1,44,法学类,A619,西南科技大学,3,54056
2024,1,48,中国语言文学类,A619,西南科技大学,3,55337
2024,1,49,广播电视学,A619,西南科技大学,4,86159
2024,1,50,西班牙语,A619,西南科技大学,3,110197
2024,1,52,外国语言文学类,A619,西南科技大学,3,100140
2024,1,53,思想政治教育,A619,西南科技大学,4,64241
2024,1,01,大气科学,A621,成都信息工程大学,5,42468
2024,1,02,应用气象学,A621,成都信息工程大学,1,34724
2024,1,03,电子信息工程,A621,成都信息工程大学,3,32898
2024,1,05,通信工程,A621,成都信息工程大学,2,38220
2024,1,07,集成电路设计与集成系统,A621,成都信息工程大学,2,40101
2024,1,0B,环境工程,A621,成都信息工程大学,4,94275
2024,1,0D,应用物理学,A621,成都信息工程大学,2,57508
2024,1,0F,光电信息科学与工程,A621,成都信息工程大学,2,41864
2024,1,0J,电气工程及其自动化,A621,成都信息工程大学,2,36529
2024,1,0L,机器人工程,A621,成都信息工程大学,2,42228
2024,1,0M,计算机科学与技术,A621,成都信息工程大学,3,32453
2024,1,0P,智能科学与技术,A621,成都信息工程大学,2,40297
2024,1,0R,空间信息与数字技术,A621,成都信息工程大学,2,47166
2024,1,0T,网络工程,A621,成都信息工程大学,2,39979
2024,1,0W,网络空间安全,A621,成都信息工程大学,2,42297
2024,1,0Z,翻译,A621,成都信息工程大学,2,84140
2024,1,11,人工智能,A621,成都信息工程大学,2,41264
2024,1,15,统计学,A621,成都信息工程大学,2,50149
2024,1,1E,电子商务,A621,成都信息工程大学,2,71430
2024,1,1F,社会工作,A621,成都信息工程大学,2,74891
2024,1,29,会计学,A621,成都信息工程大学,2,47898
2024,1,13,数学与应用数学(师范类),A622,四川轻化工大学,3,144916
2024,1,16,计算机科学与技术,A622,四川轻化工大学,3,80753
2024,1,26,工业设计,A622,四川轻化工大学,3,139046
2024,1,30,环境工程,A622,四川轻化工大学,3,178326
2024,1,31,安全工程,A622,四川轻化工大学,3,173831
2024,1,32,应用化学,A622,四川轻化工大学,3,163301
2024,1,35,生物制药,A622,四川轻化工大学,3,139033
2024,1,38,轻化工程,A622,四川轻化工大学,3,158849
2024,1,40,食品质量与安全,A622,四川轻化工大学,3,159736
2024,1,49,投资学,A622,四川轻化工大学,3,134279
2024,1,50,农村区域发展,A622,四川轻化工大学,3,134091
2024,1,55,劳动与社会保障,A622,四川轻化工大学,3,121830
2024,1,59,日语,A622,四川轻化工大学,3,123371
2024,1,62,广播电视学,A622,四川轻化工大学,3,104360
2024,1,66,电子信息工程,A622,四川轻化工大学,3,100155
2024,1,70,应用心理学,A622,四川轻化工大学,3,120320
2024,1,03,健康服务与管理,A623,西华大学,4,82623
2024,1,07,电气工程及其自动化,A623,西华大学,5,54472
2024,1,17,法学,A623,西华大学,4,42525
2024,1,26,会计学,A623,西华大学,4,50428
2024,1,2F,本科预科班（招收边防军人子女）,A623,西华大学,8,266509
2024,1,37,日语,A623,西华大学,4,87454
2024,1,39,土木工程,A623,西华大学,4,120936
2024,1,48,电子商务,A623,西华大学,3,85510
2024,1,49,知识产权,A623,西华大学,5,50291
2024,1,50,工程造价,A623,西华大学,4,97260
2024,1,54,工商管理,A623,西华大学,4,76479
2024,1,57,网络与新媒体,A623,西华大学,4,60344
2024,1,66,交通工程,A623,西华大学,4,85897
2024,1,80,计算机科学与技术,A623,西华大学,4,51925
2024,1,81,软件工程,A623,西华大学,3,53850
2024,1,82,信息安全,A623,西华大学,3,58009
2024,1,01,思想政治教育,A624,中国民用航空飞行学院,2,103937
2024,1,03,英语,A624,中国民用航空飞行学院,6,92874
2024,1,05,信息与计算科学,A624,中国民用航空飞行学院,4,99042
2024,1,06,大气科学,A624,中国民用航空飞行学院,3,59720
2024,1,07,应用气象学(机场气象预报、航空公司气象分析),A624,中国民用航空飞行学院,2,44669
2024,1,08,应用心理学,A624,中国民用航空飞行学院,5,120623
2024,1,09,电气工程及其自动化(航空电气设备维修),A624,中国民用航空飞行学院,3,75985
2024,1,0A,电子信息工程(航空电子设备维修),A624,中国民用航空飞行学院,6,73604
2024,1,0B,计算机科学与技术,A624,中国民用航空飞行学院,4,85723
2024,1,0C,物联网工程,A624,中国民用航空飞行学院,3,97314
2024,1,0D,数据科学与大数据技术,A624,中国民用航空飞行学院,3,79840
2024,1,0E,网络空间安全,A624,中国民用航空飞行学院,3,106632
2024,1,0F,导航工程(导航应用与规划、空管保障设施),A624,中国民用航空飞行学院,1,60690
2024,1,0G,交通运输(空中交通管制、飞行签派、航行情报),A624,中国民用航空飞行学院,10,57371
2024,1,0H,交通工程(机场管理与工程),A624,中国民用航空飞行学院,2,62158
2024,1,0K,航空航天工程(直升机维修工程),A624,中国民用航空飞行学院,3,67133
2024,1,0L,飞行器制造工程(飞机结构维修),A624,中国民用航空飞行学院,3,75838
2024,1,0M,飞行器动力工程(飞机发动机维修),A624,中国民用航空飞行学院,3,66516
2024,1,0N,飞行器适航技术,A624,中国民用航空飞行学院,3,76594
2024,1,0P,无人驾驶航空器系统工程,A624,中国民用航空飞行学院,2,74155
2024,1,0Q,安全工程,A624,中国民用航空飞行学院,2,95651
2024,1,0R,消防工程,A624,中国民用航空飞行学院,2,113020
2024,1,0S,工商管理,A624,中国民用航空飞行学院,2,99811
2024,1,0T,市场营销,A624,中国民用航空飞行学院,2,127831
2024,1,0U,公共事业管理,A624,中国民用航空飞行学院,3,118125
2024,1,0V,交通管理(机场运行管理),A624,中国民用航空飞行学院,3,66221
2024,1,0W,物流工程(航空物流),A624,中国民用航空飞行学院,5,93984
2024,1,1D,应急管理,A624,中国民用航空飞行学院,1,81064
2024,1,01,农学,A626,四川农业大学,3,36947
2024,1,05,智慧农业,A626,四川农业大学,3,38831
2024,1,06,动物科学,A626,四川农业大学,3,41226
2024,1,07,水产养殖学,A626,四川农业大学,3,56919
2024,1,08,动物医学,A626,四川农业大学,3,36050
2024,1,10,药物制剂,A626,四川农业大学,3,40454
2024,1,12,林学,A626,四川农业大学,3,46175
2024,1,16,园艺,A626,四川农业大学,4,51057
2024,1,18,农业资源与环境,A626,四川农业大学,4,47293
2024,1,20,环境工程,A626,四川农业大学,3,48704
2024,1,21,环境科学,A626,四川农业大学,3,46286
2024,1,24,金融学,A626,四川农业大学,3,29816
2024,1,28,农林经济管理,A626,四川农业大学,3,34760
2024,1,30,园林,A626,四川农业大学,3,34820
2024,1,32,草坪科学与工程,A626,四川农业大学,3,48434
2024,1,33,人力资源管理,A626,四川农业大学,3,32371
2024,1,35,土地资源管理,A626,四川农业大学,3,44244
2024,1,36,化学生物学,A626,四川农业大学,3,42162
2024,1,38,应用化学,A626,四川农业大学,3,39655
2024,1,39,生物工程,A626,四川农业大学,3,34334
2024,1,43,农业机械化及其自动化,A626,四川农业大学,3,35123
2024,1,46,食品科学与工程,A626,四川农业大学,3,41964
2024,1,47,食品质量与安全,A626,四川农业大学,4,47861
2024,1,48,食品营养与健康,A626,四川农业大学,3,49866
2024,1,50,物联网工程,A626,四川农业大学,4,28173
2024,1,51,数据科学与大数据技术,A626,四川农业大学,3,28196
2024,1,54,水利水电工程,A626,四川农业大学,3,38170
2024,1,56,英语,A626,四川农业大学,3,34887
2024,1,58,法学,A626,四川农业大学,3,21853
2024,1,60,广告学,A626,四川农业大学,3,39664
2024,1,61,城乡规划,A626,四川农业大学,3,37729
2024,1,63,工程造价,A626,四川农业大学,3,49051
2024,1,65,土木工程,A626,四川农业大学,3,62173
2024,1,66,给排水科学与工程,A626,四川农业大学,3,49155
2024,1,67,道路桥梁与渡河工程,A626,四川农业大学,3,52430
2024,1,69,会计学,A626,四川农业大学,3,22966
2024,1,0P,旅游管理,A628,西昌学院,4,185783
2024,1,12,土木工程,A628,西昌学院,10,273730
2024,1,1B,汉语言文学(师范类),A628,西昌学院,4,143892
2024,1,01,临床医学(5+3一体化),A631,重庆医科大学,3,5740
2024,1,02,临床医学(5+3一体化，硕士段培养方向儿科学),A631,重庆医科大学,2,9337
2024,1,04,临床医学(检验医师培养试验班),A631,重庆医科大学,1,11791
2024,1,05,临床医学,A631,重庆医科大学,5,8244
2024,1,06,麻醉学,A631,重庆医科大学,2,15257
2024,1,07,医学影像学,A631,重庆医科大学,2,16583
2024,1,08,眼视光医学,A631,重庆医科大学,2,16757
2024,1,09,精神医学,A631,重庆医科大学,2,16918
2024,1,0A,儿科学,A631,重庆医科大学,2,22595
2024,1,0B,口腔医学,A631,重庆医科大学,2,11252
2024,1,0C,预防医学,A631,重庆医科大学,2,58500
2024,1,0D,临床药学,A631,重庆医科大学,1,37214
2024,1,0E,医学检验技术,A631,重庆医科大学,2,26752
2024,1,0F,药学,A631,重庆医科大学,1,27712
2024,1,0G,法医学,A631,重庆医科大学,1,30114
2024,1,0H,基础医学,A631,重庆医科大学,2,37234
2024,1,0J,医学影像技术,A631,重庆医科大学,1,32982
2024,1,0K,康复治疗学,A631,重庆医科大学,2,60640
2024,1,0L,口腔医学技术,A631,重庆医科大学,2,42095
2024,1,0M,生物医学工程,A631,重庆医科大学,1,28793
2024,1,0N,医学实验技术,A631,重庆医科大学,1,53166
2024,1,0P,卫生检验与检疫,A631,重庆医科大学,1,41953
2024,1,0Q,听力与言语康复学,A631,重庆医科大学,1,46233
2024,1,0R,智能医学工程,A631,重庆医科大学,1,43666
2024,1,0S,信息管理与信息系统,A631,重庆医科大学,1,72144
2024,1,0U,应用统计学,A631,重庆医科大学,2,49439
2024,1,0W,护理学,A631,重庆医科大学,3,45721
2024,1,0X,英语,A631,重庆医科大学,1,43221
2024,1,0Y,公共事业管理,A631,重庆医科大学,1,49258
2024,1,25,临床医学(中外合作办学),A631,重庆医科大学,5,26666
2024,1,03,临床医学,A632,西南医科大学,10,37728
2024,1,04,口腔医学,A632,西南医科大学,2,38277
2024,1,05,麻醉学,A632,西南医科大学,5,36020
2024,1,07,儿科学,A632,西南医科大学,3,66052
2024,1,08,精神医学,A632,西南医科大学,3,49788
2024,1,09,中医学,A632,西南医科大学,2,52116
2024,1,12,基础医学,A632,西南医科大学,3,110682
2024,1,14,医学检验技术,A632,西南医科大学,2,64786
2024,1,15,生物医学工程,A632,西南医科大学,2,86270
2024,1,16,康复治疗学,A632,西南医科大学,3,125224
2024,1,17,中药学,A632,西南医科大学,2,101346
2024,1,18,药学,A632,西南医科大学,2,86268
2024,1,19,临床药学,A632,西南医科大学,2,87899
2024,1,31,市场营销,A632,西南医科大学,2,132886
2024,1,32,劳动与社会保障,A632,西南医科大学,2,115575
2024,1,02,中医学(5+3一体化),A633,成都中医药大学,4,14635
2024,1,03,中医学,A633,成都中医药大学,4,21365
2024,1,04,中西医临床医学(唐容川班),A633,成都中医药大学,2,23351
2024,1,05,中医学(5+3一体化，儿科学),A633,成都中医药大学,4,20129
2024,1,06,中西医临床医学,A633,成都中医药大学,2,32974
2024,1,08,针灸推拿学,A633,成都中医药大学,4,32470
2024,1,09,中药学(凌一揆班),A633,成都中医药大学,2,30972
2024,1,0A,中药学,A633,成都中医药大学,2,45389
2024,1,0B,中药资源与开发,A633,成都中医药大学,2,60162
2024,1,0D,药学,A633,成都中医药大学,2,46105
2024,1,0K,中医康复学,A633,成都中医药大学,5,54597
2024,1,0L,临床医学,A633,成都中医药大学,5,25691
2024,1,0M,护理学,A633,成都中医药大学,4,56792
2024,1,10,英语,A633,成都中医药大学,3,44606
2024,1,14,医学信息工程,A633,成都中医药大学,2,40170
2024,1,18,生物技术,A633,成都中医药大学,2,52598
2024,1,1B,康复治疗学(中外合作办学),A633,成都中医药大学,5,116310
2024,1,1C,健康服务与管理(中外合作办学),A633,成都中医药大学,5,97372
2024,1,07,临床医学,A634,川北医学院,15,81647
2024,1,08,麻醉学,A634,川北医学院,5,84139
2024,1,09,医学影像学,A634,川北医学院,5,80476
2024,1,12,口腔医学,A634,川北医学院,5,63936
2024,1,02,智慧农业,A635,西南大学,2,38396
2024,1,22,英语,A635,西南大学,1,19206
2024,1,23,俄语,A635,西南大学,2,25818
2024,1,24,德语,A635,西南大学,3,29108
2024,1,25,日语,A635,西南大学,2,28804
2024,1,32,历史学,A635,西南大学,1,15731
2024,1,51,工商管理类,A635,西南大学,2,19025
2024,1,52,经济学类,A635,西南大学,2,19699
2024,1,53,农林经济管理,A635,西南大学,1,24402
2024,1,71,法学,A635,西南大学,1,12672
2024,1,A2,应用心理学,A635,西南大学,1,11518
2024,1,B1,新闻学,A635,西南大学,1,18120
2024,1,C2,化学类,A635,西南大学,2,22515
2024,1,D2,物理学,A635,西南大学,2,16815
2024,1,D3,量子信息科学,A635,西南大学,1,16864
2024,1,E1,材料类,A635,西南大学,4,28057
2024,1,F1,环境科学与工程,A635,西南大学,2,34616
2024,1,G2,地理科学类,A635,西南大学,1,18039
2024,1,H1,电气工程及其自动化,A635,西南大学,2,14751
2024,1,H2,机械类,A635,西南大学,5,18144
2024,1,H6,土木工程,A635,西南大学,3,42046
2024,1,J1,食品科学与工程类,A635,西南大学,2,22829
2024,1,J2,包装工程,A635,西南大学,1,39241
2024,1,K2,数学类,A635,西南大学,2,15492
2024,1,L2,计算机科学与技术,A635,西南大学,2,12444
2024,1,L3,网络工程,A635,西南大学,2,15533
2024,1,L4,软件工程,A635,西南大学,3,14144
2024,1,M1,电子信息类,A635,西南大学,2,15033
2024,1,M2,信息安全,A635,西南大学,1,13891
2024,1,N1,智能科学与技术,A635,西南大学,2,16091
2024,1,N2,人工智能,A635,西南大学,2,14765
2024,1,Q2,园林,A635,西南大学,1,29055
2024,1,R1,生物技术,A635,西南大学,2,23991
2024,1,R2,生物质科学与工程,A635,西南大学,1,23427
2024,1,R3,蚕学(双学士学位),A635,西南大学,3,36913
2024,1,W2,生物科学,A635,西南大学,3,20123
2024,1,W3,生物科学(拔尖创新班),A635,西南大学,2,20378
2024,1,X1,药学,A635,西南大学,2,21565
2024,1,X3,制药工程,A635,西南大学,2,24820
2024,1,Y0,戏剧影视文学,A635,西南大学,4,39496
2024,1,Y1,广播电视编导,A635,西南大学,10,48302
2024,1,Y2,植物生产类,A635,西南大学,3,37264
2024,1,Y4,中国语言文学类,A635,西南大学,1,14439
2024,1,Y6,自然保护与环境生态类,A635,西南大学,2,43436
2024,1,Y8,风景园林,A635,西南大学,2,30895
2024,1,YA,纺织工程,A635,西南大学,1,39148
2024,1,H3,自动化(中外合作办学),A635,西南大学,8,33779
2024,1,H4,心理学(中外合作办学),A635,西南大学,6,42854
2024,1,H5,植物科学与技术(中外合作办学),A635,西南大学,7,57074
2024,1,HA,电子信息工程(中外合作办学),A635,西南大学,3,31082
2024,1,HB,经济学(中外合作办学),A635,西南大学,4,30446
2024,1,HC,生物技术(中外合作办学),A635,西南大学,3,40048
2024,1,HD,食品质量与安全(中外合作办学),A635,西南大学,2,44336
2024,1,P1,计算机科学与技术(中外合作办学),A635,西南大学,10,29034
2024,1,P2,软件工程(中外合作办学),A635,西南大学,10,31972
2024,1,01,汉语言文学,A636,四川师范大学,2,32798
2024,1,02,秘书学,A636,四川师范大学,2,56002
2024,1,04,法学,A636,四川师范大学,2,32350
2024,1,06,思想政治教育,A636,四川师范大学,2,38481
2024,1,07,哲学,A636,四川师范大学,2,51629
2024,1,08,纪检监察,A636,四川师范大学,2,38640
2024,1,09,历史学,A636,四川师范大学,2,43604
2024,1,0A,旅游管理,A636,四川师范大学,2,74127
2024,1,0D,小学教育,A636,四川师范大学,2,55375
2024,1,0E,特殊教育,A636,四川师范大学,2,48267
2024,1,0F,心理学,A636,四川师范大学,2,47427
2024,1,0G,数学与应用数学,A636,四川师范大学,2,48312
2024,1,0H,信息与计算科学,A636,四川师范大学,2,53600
2024,1,0J,统计学,A636,四川师范大学,2,60502
2024,1,0K,金融数学,A636,四川师范大学,2,86851
2024,1,0L,化学,A636,四川师范大学,2,81603
2024,1,0M,科学教育,A636,四川师范大学,2,83657
2024,1,0N,环境工程,A636,四川师范大学,2,146471
2024,1,0P,广播电视学,A636,四川师范大学,2,58808
2024,1,0Q,网络与新媒体,A636,四川师范大学,2,50162
2024,1,11,汉语国际教育,A636,四川师范大学,2,50024
2024,1,12,英语,A636,四川师范大学,2,44405
2024,1,15,日语,A636,四川师范大学,2,59647
2024,1,16,经济学,A636,四川师范大学,2,44720
2024,1,17,金融工程,A636,四川师范大学,2,72403
2024,1,18,工商管理,A636,四川师范大学,2,55350
2024,1,19,物理学,A636,四川师范大学,2,64604
2024,1,1A,电子信息工程,A636,四川师范大学,2,55655
2024,1,1B,通信工程,A636,四川师范大学,2,51835
2024,1,1C,生物科学,A636,四川师范大学,2,69365
2024,1,1D,生物技术,A636,四川师范大学,2,88552
2024,1,1E,食品质量与安全,A636,四川师范大学,2,213575
2024,1,1F,教育技术学,A636,四川师范大学,2,80117
2024,1,1G,计算机科学与技术,A636,四川师范大学,2,46371
2024,1,1H,软件工程,A636,四川师范大学,2,47530
2024,1,1J,网络工程,A636,四川师范大学,2,52428
2024,1,1K,地理科学,A636,四川师范大学,2,48669
2024,1,1L,地理信息科学,A636,四川师范大学,2,50878
2024,1,1R,电气工程及其自动化,A636,四川师范大学,2,50595
2024,1,1T,工程造价,A636,四川师范大学,2,90861
2024,1,1V,市场营销,A636,四川师范大学,2,82391
2024,1,1Z,财务管理,A636,四川师范大学,2,45991
2024,1,02,思想政治教育(师范类),A637,重庆师范大学,2,37738
2024,1,13,历史学(师范类),A637,重庆师范大学,3,38678
2024,1,1D,社会工作,A637,重庆师范大学,2,62821
2024,1,1E,教育学(师范类),A637,重庆师范大学,3,48284
2024,1,21,中国语言文学类,A637,重庆师范大学,5,39684
2024,1,22,戏剧影视文学,A637,重庆师范大学,5,82805
2024,1,2E,英语(师范类),A637,重庆师范大学,4,39213
2024,1,2V,广播电视编导,A637,重庆师范大学,4,99980
2024,1,2W,数学与应用数学(师范类),A637,重庆师范大学,6,49633
2024,1,3B,物理学(师范类),A637,重庆师范大学,5,69217
2024,1,3S,化学(师范类),A637,重庆师范大学,5,69697
2024,1,44,生物科学(师范类),A637,重庆师范大学,4,59545
2024,1,4G,地理科学类,A637,重庆师范大学,3,49002
2024,1,4X,计算机科学与技术,A637,重庆师范大学,5,53421
2024,1,4Y,软件工程,A637,重庆师范大学,3,53231
2024,1,51,电子商务,A637,重庆师范大学,2,73954
2024,1,52,小学教育(师范类),A637,重庆师范大学,5,59151
2024,1,4D,生物科学(中外合作办学)(师范类),A637,重庆师范大学,5,121496
2024,1,1X,商务英语,A638,西华师范大学,4,143357
2024,1,26,教育学(师范类),A638,西华师范大学,8,96139
2024,1,28,野生动物与自然保护区管理,A638,西华师范大学,7,193066
2024,1,35,软件工程,A638,西华师范大学,4,123060
2024,1,86,环境科学,A638,西华师范大学,5,214708
2024,1,05,旅游管理,A639,绵阳师范学院,2,172825
2024,1,06,英语(师范类),A639,绵阳师范学院,2,114939
2024,1,13,应用心理学,A639,绵阳师范学院,2,122302
2024,1,19,数学与应用数学(师范类),A639,绵阳师范学院,2,248951
2024,1,29,环境科学与工程,A639,绵阳师范学院,2,238883
2024,1,01,汉语言文学(师范类),A640,内江师范学院,4,118250
2024,1,05,思想政治教育(师范类),A640,内江师范学院,4,123838
2024,1,12,数学与应用数学(师范类),A640,内江师范学院,4,198285
2024,1,0T,数据科学与大数据技术,A642,重庆文理学院,2,143181
2024,1,0U,财务管理,A642,重庆文理学院,2,104760
2024,1,0W,高分子材料与工程,A642,重庆文理学院,2,170373
2024,1,0Y,环境科学,A642,重庆文理学院,2,220876
2024,1,0Z,环境科学与工程,A642,重庆文理学院,2,251215
2024,1,11,制药工程,A642,重庆文理学院,2,165764
2024,1,2F,生物技术,A642,重庆文理学院,2,198504
2024,1,2J,风景园林,A642,重庆文理学院,3,146662
2024,1,2L,电气工程及其自动化,A642,重庆文理学院,3,136376
2024,1,2T,物流工程,A642,重庆文理学院,2,152344
2024,1,2X,土木工程,A642,重庆文理学院,4,260970
2024,1,2Y,会展经济与管理,A642,重庆文理学院,2,137247
2024,1,50,文化遗产,A642,重庆文理学院,2,115739
2024,1,51,材料科学与工程,A642,重庆文理学院,2,200514
2024,1,5H,智能制造工程,A642,重庆文理学院,2,166314
2024,1,5X,网络工程,A642,重庆文理学院,2,143910
2024,1,60,电子信息科学与技术,A642,重庆文理学院,2,154270
2024,1,6A,智慧农业,A642,重庆文理学院,2,225843
2024,1,6B,数学与应用数学(中外合作办学),A642,重庆文理学院,7,292903
2024,1,6C,材料成型及控制工程(中外合作办学),A642,重庆文理学院,6,261271
2024,1,01,汉语言文学(师范类),A643,重庆三峡学院,2,95528
2024,1,08,化学(师范类),A643,重庆三峡学院,2,305051
2024,1,0A,广播电视学,A643,重庆三峡学院,4,146785
2024,1,0G,文化产业管理,A643,重庆三峡学院,2,138253
2024,1,0T,工商管理,A643,重庆三峡学院,2,135175
2024,1,11,计算机科学与技术,A643,重庆三峡学院,2,131780
2024,1,12,物联网工程,A643,重庆三峡学院,2,145506
2024,1,16,电气工程及其自动化,A643,重庆三峡学院,3,140284
2024,1,17,通信工程,A643,重庆三峡学院,2,152001
2024,1,1L,食品质量与安全,A643,重庆三峡学院,3,213671
2024,1,1R,土木类,A643,重庆三峡学院,3,250967
2024,1,05,广播电视编导,A644,四川文理学院,4,187229
2024,1,10,思想政治教育(师范类),A644,四川文理学院,4,142267
2024,1,11,历史学(师范类),A644,四川文理学院,4,143588
2024,1,19,数学与应用数学(师范类),A644,四川文理学院,4,261033
2024,1,36,化学工程与工艺,A644,四川文理学院,4,254872
2024,1,38,水质科学与技术,A644,四川文理学院,4,263486
2024,1,75,土木工程,A644,四川文理学院,4,278212
2024,1,77,工程造价,A644,四川文理学院,4,188299
2024,1,13,汉语言文学(师范类),A646,阿坝师范学院,2,136486
2024,1,16,思想政治教育(师范类),A646,阿坝师范学院,1,148793
2024,1,17,英语(师范类),A646,阿坝师范学院,3,165413
2024,1,18,学前教育(师范类),A646,阿坝师范学院,2,166265
2024,1,19,小学教育(师范类),A646,阿坝师范学院,1,149173
2024,1,22,数学与应用数学(师范类),A646,阿坝师范学院,2,292833
2024,1,30,生物科学(师范类),A646,阿坝师范学院,1,310081
2024,1,31,化学(师范类),A646,阿坝师范学院,1,293318
2024,1,32,地理科学(师范类),A646,阿坝师范学院,2,153179
2024,1,14,土木工程,A647,长江师范学院,2,266336
2024,1,15,物流工程,A647,长江师范学院,3,165039
2024,1,1B,机械类,A647,长江师范学院,2,170897
2024,1,1C,材料类,A647,长江师范学院,6,250005
2024,1,1D,计算机类,A647,长江师范学院,3,158688
2024,1,1H,电子信息类,A647,长江师范学院,2,145477
2024,1,1M,环境科学与工程类,A647,长江师范学院,4,233565
2024,1,31,生物工程,A647,长江师范学院,3,216664
2024,1,32,旅游管理,A647,长江师范学院,2,156092
2024,1,81,制药工程,A647,长江师范学院,2,220593
2024,1,82,储能科学与工程,A647,长江师范学院,2,195393
2024,1,A2,政治学与行政学,A647,长江师范学院,2,136893
2024,1,A3,国际经济与贸易,A647,长江师范学院,4,128612
2024,1,A8,英语(师范类),A647,长江师范学院,5,116009
2024,1,99,土木工程(中外合作办学),A647,长江师范学院,6,276411
2024,1,08,汉语国际教育,A649,乐山师范学院,2,150187
2024,1,27,国际经济与贸易,A649,乐山师范学院,2,167307
2024,1,45,人工智能,A649,乐山师范学院,5,247747
2024,1,36,翻译,A650,四川外国语大学,2,58944
2024,1,37,英语,A650,四川外国语大学,12,59896
2024,1,38,英语(法学双学位),A650,四川外国语大学,2,38637
2024,1,39,英语(教育学双学位),A650,四川外国语大学,2,47088
2024,1,40,英语(财管双学位),A650,四川外国语大学,2,43748
2024,1,41,商务英语,A650,四川外国语大学,4,63155
2024,1,42,商务英语(国经双学位),A650,四川外国语大学,2,50348
2024,1,45,汉语言文学,A650,四川外国语大学,2,35711
2024,1,46,汉语国际教育,A650,四川外国语大学,2,38612
2024,1,47,新闻传播学类,A650,四川外国语大学,2,50419
2024,1,54,大数据管理与应用,A650,四川外国语大学,2,69459
2024,1,57,物流管理,A650,四川外国语大学,2,74894
2024,1,59,金融学,A650,四川外国语大学,2,56294
2024,1,61,国际经济与贸易,A650,四川外国语大学,2,53752
2024,1,62,数字经济,A650,四川外国语大学,2,80344
2024,1,64,社会学类,A650,四川外国语大学,3,68521
2024,1,66,学前教育(师范类),A650,四川外国语大学,2,70156
2024,1,43,商务英语(中外合作办学),A650,四川外国语大学,4,88170
2024,1,68,物流管理(中外合作办学),A650,四川外国语大学,4,115746
2024,1,01,数字经济(基础学科拔尖实验班),A651,西南财经大学,1,13799
2024,1,02,计算机科学与技术(基础学科拔尖实验班),A651,西南财经大学,1,12880
2024,1,03,数学与应用数学(基础学科拔尖实验班),A651,西南财经大学,1,14684
2024,1,04,金融学类,A651,西南财经大学,8,14999
2024,1,05,金融学类(保险方向),A651,西南财经大学,2,15145
2024,1,06,金融学(智能金融与区块链金融),A651,西南财经大学,2,10866
2024,1,07,金融工程,A651,西南财经大学,3,14985
2024,1,08,金融科技,A651,西南财经大学,1,11148
2024,1,09,精算学,A651,西南财经大学,2,15216
2024,1,10,经济学(国家经济学基础人才培养基地班),A651,西南财经大学,1,12263
2024,1,11,工商管理类(会计学院),A651,西南财经大学,3,11942
2024,1,12,会计学(注册会计师专门化方向),A651,西南财经大学,2,8662
2024,1,13,会计学(双语实验班),A651,西南财经大学,2,9871
2024,1,15,统计学类,A651,西南财经大学,3,13246
2024,1,16,经济统计学,A651,西南财经大学,2,17641
2024,1,17,工商管理类,A651,西南财经大学,3,21138
2024,1,19,财政学类,A651,西南财经大学,2,13071
2024,1,22,金融学(经管国际化创新实验班),A651,西南财经大学,3,12226
2024,1,23,管理科学与工程类,A651,西南财经大学,2,17761
2024,1,24,计算机类,A651,西南财经大学,2,13301
2024,1,26,法学(法学与会计学双学位),A651,西南财经大学,2,10239
2024,1,27,法学(法学与金融学双学位),A651,西南财经大学,1,9476
2024,1,28,法学(法学与国商双学位),A651,西南财经大学,1,10570
2024,1,32,数学与应用数学(数学与经济学双学位),A651,西南财经大学,2,14656
2024,1,33,金融数学,A651,西南财经大学,1,12109
2024,1,3A,经济与贸易类,A651,西南财经大学,3,16638
2024,1,14,会计学(中外合作办学),A651,西南财经大学,5,24277
2024,1,18,市场营销(中外合作办学)(金融服务与营销),A651,西南财经大学,6,38623
2024,1,21,国际商务(中外合作办学),A651,西南财经大学,6,35680
2024,1,38,信息管理与信息系统(中外合作办学)(信息系统与数据管理方向),A651,西南财经大学,5,39820
2024,1,39,金融数学(中外合作办学)(金融服务与量化分析方向),A651,西南财经大学,4,28475
2024,1,03,海外利益安全,A652,西南政法大学,4,13334
2024,1,06,法学(审计学双学位),A652,西南政法大学,3,9350
2024,1,07,知识产权,A652,西南政法大学,4,13402
2024,1,0B,法学(工管双学位),A652,西南政法大学,2,9928
2024,1,0C,经济统计学,A652,西南政法大学,4,26795
2024,1,0F,法学(金融学双学位),A652,西南政法大学,4,10549
2024,1,0L,法学(英语双学位),A652,西南政法大学,5,10672
2024,1,0M,德语,A652,西南政法大学,3,29445
2024,1,0P,行政管理,A652,西南政法大学,2,24475
2024,1,0S,国际事务与国际关系,A652,西南政法大学,2,20399
2024,1,0U,思想政治教育,A652,西南政法大学,2,21000
2024,1,0V,哲学,A652,西南政法大学,2,25228
2024,1,0Y,法学(公管双学位),A652,西南政法大学,2,10518
2024,1,0Z,法学,A652,西南政法大学,43,12884
2024,1,11,新闻传播学类,A652,西南政法大学,4,25006
2024,1,13,政治学与行政学,A652,西南政法大学,2,18142
2024,1,0W,法学(中外合作办学),A652,西南政法大学,10,16825
2024,1,29,广播电视编导,A653,成都体育学院,5,170188
2024,1,31,中医学,A653,成都体育学院,2,116631
2024,1,32,中医骨伤科学,A653,成都体育学院,4,129693
2024,1,33,康复治疗学,A653,成都体育学院,4,189410
2024,1,35,体育经济与管理,A653,成都体育学院,3,160443
2024,1,38,新闻学,A653,成都体育学院,3,120294
2024,1,39,英语,A653,成都体育学院,2,146140
2024,1,3A,文物与博物馆学,A653,成都体育学院,3,141698
2024,1,47,艺术史论,A654,四川音乐学院,2,160171
2024,1,48,艺术史论(中外高水平大学学生交流计划),A654,四川音乐学院,3,185030
2024,1,49,艺术管理,A654,四川音乐学院,3,154389
2024,1,4A,戏剧影视文学,A654,四川音乐学院,2,106484
2024,1,4B,广播电视编导,A654,四川音乐学院,6,147592
2024,1,4C,广播电视编导(中外高水平大学学生交流计划),A654,四川音乐学院,3,196928
2024,1,0K,艺术史论,A655,四川美术学院,3,130197
2024,1,0L,美术学,A655,四川美术学院,2,119581
2024,1,0M,艺术设计学,A655,四川美术学院,2,89768
2024,1,0N,艺术教育,A655,四川美术学院,3,215127
2024,1,0P,工业设计,A655,四川美术学院,4,81986
2024,1,0Q,建筑学,A655,四川美术学院,2,118313
2024,1,01,哲学,A656,西南民族大学,4,63168
2024,1,02,法学,A656,西南民族大学,3,33095
2024,1,03,民族学,A656,西南民族大学,3,66858
2024,1,04,社会学类,A656,西南民族大学,4,65848
2024,1,05,英语,A656,西南民族大学,3,75482
2024,1,09,旅游管理,A656,西南民族大学,4,98855
2024,1,12,金融学,A656,西南民族大学,4,65761
2024,1,13,金融工程,A656,西南民族大学,3,93767
2024,1,17,汉语言文学,A656,西南民族大学,3,43073
2024,1,20,网络与新媒体,A656,西南民族大学,3,61143
2024,1,23,财务管理,A656,西南民族大学,3,52599
2024,1,24,人力资源管理,A656,西南民族大学,3,69079
2024,1,28,数学与应用数学,A656,西南民族大学,3,81494
2024,1,32,化学类,A656,西南民族大学,3,93494
2024,1,34,环境科学与工程类,A656,西南民族大学,3,115478
2024,1,35,电子信息工程,A656,西南民族大学,3,69178
2024,1,36,通信工程,A656,西南民族大学,3,71527
2024,1,39,自动化,A656,西南民族大学,3,69234
2024,1,40,计算机类,A656,西南民族大学,8,65767
2024,1,41,建筑学,A656,西南民族大学,3,81259
2024,1,44,食品科学与工程类,A656,西南民族大学,3,113137
2024,1,46,动物科学,A656,西南民族大学,3,107495
2024,1,47,动物医学,A656,西南民族大学,3,83359
2024,1,9W,政治学类,A657,贵州大学,2,33869
2024,1,9X,财政学类,A657,贵州大学,2,30306
2024,1,A5,工商管理类,A657,贵州大学,3,30378
2024,1,A6,工程管理,A657,贵州大学,3,47509
2024,1,AA,物理学,A657,贵州大学,3,33640
2024,1,AB,生物科学类,A657,贵州大学,3,39782
2024,1,AD,计算机类,A657,贵州大学,2,24902
2024,1,AF,电子信息类,A657,贵州大学,5,24784
2024,1,AJ,工业设计,A657,贵州大学,2,35004
2024,1,AL,材料成型及控制工程,A657,贵州大学,2,38632
2024,1,AM,农业机械化及其自动化,A657,贵州大学,2,35574
2024,1,AN,电气类,A657,贵州大学,5,24261
2024,1,AP,土木类,A657,贵州大学,3,59360
2024,1,AQ,水利水电工程,A657,贵州大学,2,35027
2024,1,AR,建筑类,A657,贵州大学,2,50710
2024,1,AS,材料类,A657,贵州大学,2,34522
2024,1,AT,新能源科学与工程,A657,贵州大学,3,30131
2024,1,AU,冶金工程,A657,贵州大学,3,54653
2024,1,AV,化学类,A657,贵州大学,2,39429
2024,1,AX,过程装备与控制工程,A657,贵州大学,2,36250
2024,1,B1,环境工程,A657,贵州大学,2,49590
2024,1,B3,水文与水资源工程,A657,贵州大学,3,46815
2024,1,B4,食品科学与工程类,A657,贵州大学,4,51294
2024,1,BF,药学,A657,贵州大学,2,37869
2024,1,CA,经济与贸易类,A657,贵州大学,3,37172
2024,1,CC,历史学,A657,贵州大学,3,30558
2024,1,CE,数学类,A657,贵州大学,3,28717
2024,1,CG,机械设计制造及其自动化,A657,贵州大学,5,27595
2024,1,C6,化学工程与工艺(中外合作办学),A657,贵州大学,6,73891
2024,1,C7,机械设计制造及其自动化(中外合作办学),A657,贵州大学,8,48845
2024,1,C8,环境科学(中外合作办学),A657,贵州大学,6,86588
2024,1,C9,旅游管理(中外合作办学),A657,贵州大学,20,98756
2024,1,03,临床医学,A660,贵州医科大学,8,33187
2024,1,07,精神医学,A660,贵州医科大学,1,55796
2024,1,0H,妇幼保健医学,A660,贵州医科大学,2,135919
2024,1,0L,食品卫生与营养学(中外高水平大学学生交流计划),A660,贵州医科大学,5,274176
2024,1,0W,运动康复,A660,贵州医科大学,2,127787
2024,1,11,生物技术(中外高水平大学学生交流计划),A660,贵州医科大学,5,303627
2024,1,17,思想政治教育,A660,贵州医科大学,1,133339
2024,1,1A,药事管理,A660,贵州医科大学,2,275911
2024,1,1B,教育技术学,A660,贵州医科大学,1,210561
2024,1,1C,应用心理学,A660,贵州医科大学,1,97685
2024,1,1D,法学,A660,贵州医科大学,1,39557
2024,1,1F,药学(中外合作办学),A660,贵州医科大学,3,191427
2024,1,01,临床医学,A661,遵义医科大学,13,53596
2024,1,03,麻醉学,A661,遵义医科大学,3,51947
2024,1,0G,预防医学,A661,遵义医科大学,3,129874
2024,1,0P,口腔医学,A661,遵义医科大学,3,50903
2024,1,0X,英语,A661,遵义医科大学,2,122076
2024,1,0Y,眼视光医学,A661,遵义医科大学,3,59626
2024,1,11,临床医学,A661,遵义医科大学,2,41942
2024,1,14,护理学,A661,遵义医科大学,5,89857
2024,1,15,生物工程,A661,遵义医科大学,2,134858
2024,1,02,汉语国际教育,A663,贵州师范大学,3,109824
2024,1,12,经济学,A663,贵州师范大学,4,118148
2024,1,44,地理科学(师范类),A663,贵州师范大学,11,95838
2024,1,87,旅游管理(3加1培养模式),A663,贵州师范大学,14,187440
2024,1,88,计算机科学与技术(3加1培养模式),A663,贵州师范大学,29,198274
2024,1,AH,数字人文,A663,贵州师范大学,4,141668
2024,1,AJ,网络空间安全,A663,贵州师范大学,5,156921
2024,1,03,思想政治教育(师范类，长征班),A664,遵义师范学院,2,132982
2024,1,05,学前教育(师范类),A664,遵义师范学院,2,161567
2024,1,09,汉语言文学(师范类),A664,遵义师范学院,3,113707
2024,1,0A,英语(师范类),A664,遵义师范学院,2,149109
2024,1,0C,历史学(师范类),A664,遵义师范学院,2,133093
2024,1,0D,数学与应用数学(师范类),A664,遵义师范学院,2,218043
2024,1,0F,化学(师范类),A664,遵义师范学院,2,234082
2024,1,0J,生物科学(师范类),A664,遵义师范学院,2,265938
2024,1,0M,机械设计制造及其自动化,A664,遵义师范学院,2,199562
2024,1,11,旅游管理,A664,遵义师范学院,2,166173
2024,1,18,小学教育(师范类，长征班),A664,遵义师范学院,2,148547
2024,1,19,计算机科学与技术,A664,遵义师范学院,2,183033
2024,1,04,思想政治教育(师范类),A666,兴义民族师范学院,3,152981
2024,1,02,汉语言文学(师范类),A667,安顺学院,1,133328
2024,1,0F,数学与应用数学(师范类),A667,安顺学院,1,271003
2024,1,0G,计算机类,A667,安顺学院,1,196769
2024,1,0K,食品质量与安全,A667,安顺学院,1,266049
2024,1,0N,电子信息工程,A667,安顺学院,1,241034
2024,1,0P,机械设计制造及其自动化,A667,安顺学院,1,223963
2024,1,0T,土地资源管理,A667,安顺学院,1,160840
2024,1,0U,植物生产类,A667,安顺学院,1,280056
2024,1,0V,药学,A667,安顺学院,1,213197
2024,1,0W,旅游管理,A667,安顺学院,1,176869
2024,1,09,环境工程,A669,凯里学院,4,262032
2024,1,0G,生物科学(师范类),A669,凯里学院,4,261186
2024,1,0B,计算机科学与技术(中外合作办学),A669,凯里学院,15,285830
2024,1,1H,汉语言文学(师范类),A670,黔南民族师范学院,1,133004
2024,1,1J,历史学(师范类),A670,黔南民族师范学院,1,152087
2024,1,1L,地理科学(师范类),A670,黔南民族师范学院,1,146701
2024,1,1N,外国语言文学类,A670,黔南民族师范学院,1,179648
2024,1,1Q,数学与应用数学(师范类),A670,黔南民族师范学院,1,216064
2024,1,1T,计算机类,A670,黔南民族师范学院,1,235850
2024,1,04,资源与环境经济学,A671,贵州财经大学,1,137244
2024,1,07,金融学,A671,贵州财经大学,2,138247
2024,1,10,税收学,A671,贵州财经大学,2,88743
2024,1,11,国际经济与贸易,A671,贵州财经大学,2,120911
2024,1,12,工商管理,A671,贵州财经大学,2,116831
2024,1,15,物流管理,A671,贵州财经大学,2,149554
2024,1,17,公共管理类(夏书章公共管理卓越人才实验班),A671,贵州财经大学,2,123703
2024,1,23,教育学,A671,贵州财经大学,2,114080
2024,1,24,会计学,A671,贵州财经大学,2,63191
2024,1,25,财务管理,A671,贵州财经大学,2,107827
2024,1,26,审计学,A671,贵州财经大学,1,84065
2024,1,27,管理科学,A671,贵州财经大学,2,142783
2024,1,28,工程管理,A671,贵州财经大学,2,141354
2024,1,32,计算机科学与技术,A671,贵州财经大学,1,82951
2024,1,35,软件工程,A671,贵州财经大学,3,95276
2024,1,38,数学与应用数学,A671,贵州财经大学,1,132014
2024,1,41,法学,A671,贵州财经大学,2,70157
2024,1,61,经济学(新结构经济学实验班),A671,贵州财经大学,2,138980
2024,1,57,会计学(中外合作办学),A671,贵州财经大学,2,167165
2024,1,58,财务管理(中外合作办学),A671,贵州财经大学,3,183375
2024,1,59,市场营销(中外合作办学),A671,贵州财经大学,2,198253
2024,1,0B,制药工程,A672,贵州民族大学,4,215977
2024,1,0E,应用化学,A672,贵州民族大学,4,219252
2024,1,0F,过程装备与控制工程,A672,贵州民族大学,5,201379
2024,1,0K,土木工程,A672,贵州民族大学,6,258572
2024,1,0Z,历史学,A672,贵州民族大学,4,120330
2024,1,12,社会学,A672,贵州民族大学,3,136430
2024,1,1B,日语,A672,贵州民族大学,3,153663
2024,1,1Q,软件工程,A672,贵州民族大学,7,183658
2024,1,0E,经济学类,A673,云南大学,10,42572
2024,1,0H,社会学,A673,云南大学,3,31504
2024,1,0J,社会工作,A673,云南大学,2,34018
2024,1,0N,汉语言文学,A673,云南大学,5,21112
2024,1,0P,英语,A673,云南大学,5,33961
2024,1,0Q,法语,A673,云南大学,2,36665
2024,1,0X,新闻学,A673,云南大学,3,29087
2024,1,0Y,广播电视学,A673,云南大学,4,38770
2024,1,0Z,历史学,A673,云南大学,3,25222
2024,1,11,数学与应用数学,A673,云南大学,5,25340
2024,1,12,信息与计算科学,A673,云南大学,5,28382
2024,1,13,数理基础科学,A673,云南大学,1,24729
2024,1,14,物理学,A673,云南大学,6,30673
2024,1,15,化学类,A673,云南大学,15,40955
2024,1,17,地理科学,A673,云南大学,4,33611
2024,1,18,地理信息科学,A673,云南大学,3,26749
2024,1,19,大气科学,A673,云南大学,3,30997
2024,1,1B,地球物理学,A673,云南大学,4,41768
2024,1,1C,地质学,A673,云南大学,4,48358
2024,1,1D,生物科学,A673,云南大学,4,29966
2024,1,1E,生物技术,A673,云南大学,3,32363
2024,1,1F,生物科学类,A673,云南大学,4,32730
2024,1,1G,生态学,A673,云南大学,2,34420
2024,1,1H,统计学,A673,云南大学,4,29494
2024,1,1K,电子信息类,A673,云南大学,5,24046
2024,1,1L,计算机类,A673,云南大学,31,26436
2024,1,1M,数据科学与大数据技术,A673,云南大学,6,27096
2024,1,1N,土木工程,A673,云南大学,3,59217
2024,1,1Q,环境科学与工程类,A673,云南大学,3,45170
2024,1,1R,建筑学,A673,云南大学,2,53006
2024,1,1S,城乡规划,A673,云南大学,3,51883
2024,1,1T,临床医学,A673,云南大学,2,21338
2024,1,1U,工商管理类,A673,云南大学,19,48060
2024,1,1W,行政管理,A673,云南大学,2,33740
2024,1,1X,档案学,A673,云南大学,2,29626
2024,1,1Y,信息资源管理,A673,云南大学,1,31032
2024,1,22,植物科学与技术,A673,云南大学,2,44509
2024,1,23,新能源科学与工程,A673,云南大学,1,25064
2024,1,2A,马克思主义理论,A673,云南大学,2,22960
2024,1,2B,光电信息科学与工程,A673,云南大学,5,26821
2024,1,2C,药学,A673,云南大学,2,37251
2024,1,2D,公共事业管理,A673,云南大学,2,31995
2024,1,2E,生物育种科学,A673,云南大学,2,41041
2024,1,2F,法学,A673,云南大学,4,19677
2024,1,2H,材料科学与工程,A673,云南大学,5,34210
2024,1,1P,土木工程(中外合作办学),A673,云南大学,4,74949
2024,1,02,测绘工程,A674,昆明理工大学,3,137623
2024,1,03,地质工程,A674,昆明理工大学,3,136462
2024,1,05,采矿工程,A674,昆明理工大学,3,127082
2024,1,09,冶金工程(菁英班),A674,昆明理工大学,3,90396
2024,1,11,能源与动力工程,A674,昆明理工大学,3,54210
2024,1,13,储能科学与工程,A674,昆明理工大学,2,52521
2024,1,15,机械工程,A674,昆明理工大学,3,54915
2024,1,16,工业工程,A674,昆明理工大学,2,77101
2024,1,17,机器人工程,A674,昆明理工大学,3,53454
2024,1,18,智能制造工程,A674,昆明理工大学,3,53812
2024,1,20,电子信息工程,A674,昆明理工大学,3,45892
2024,1,21,通信工程,A674,昆明理工大学,3,45487
2024,1,22,自动化,A674,昆明理工大学,3,46665
2024,1,29,电气工程及其自动化,A674,昆明理工大学,3,37304
2024,1,30,水利类,A674,昆明理工大学,3,71387
2024,1,31,车辆工程,A674,昆明理工大学,3,60930
2024,1,33,交通运输,A674,昆明理工大学,2,70124
2024,1,34,交通工程,A674,昆明理工大学,2,110912
2024,1,35,物流工程,A674,昆明理工大学,2,96196
2024,1,36,环境科学与工程类,A674,昆明理工大学,3,85765
2024,1,37,资源环境科学,A674,昆明理工大学,3,115118
2024,1,40,轻化工程,A674,昆明理工大学,3,113184
2024,1,42,金融学,A674,昆明理工大学,3,105698
2024,1,43,国际经济与贸易,A674,昆明理工大学,3,73907
2024,1,44,信息管理与信息系统,A674,昆明理工大学,3,63879
2024,1,48,工程力学,A674,昆明理工大学,2,75450
2024,1,59,数据科学与大数据技术,A674,昆明理工大学,3,46693
2024,1,60,法学,A674,昆明理工大学,3,38740
2024,1,68,材料成型及控制工程,A674,昆明理工大学,3,95548
2024,1,69,材料科学与工程,A674,昆明理工大学,3,70925
2024,1,70,宝石及材料工艺学,A674,昆明理工大学,2,156278
2024,1,71,功能材料,A674,昆明理工大学,3,93625
2024,1,72,制药工程,A674,昆明理工大学,3,77142
2024,1,73,生物工程,A674,昆明理工大学,3,71308
2024,1,75,英语,A674,昆明理工大学,3,92856
2024,1,77,临床医学,A674,昆明理工大学,4,41840
2024,1,78,护理学,A674,昆明理工大学,2,105466
2024,1,79,建筑学,A674,昆明理工大学,2,75631
2024,1,81,风景园林,A674,昆明理工大学,2,84352
2024,1,82,安全工程,A674,昆明理工大学,3,106958
2024,1,85,飞行器控制与信息工程,A674,昆明理工大学,2,54604
2024,1,91,人工智能,A674,昆明理工大学,3,47722
2024,1,92,计算机科学与技术,A674,昆明理工大学,3,36287
2024,1,L3,新能源科学与工程,A674,昆明理工大学,3,49281
2024,1,T3,化学工程与工艺(绿色钛现代产业学院人才培养),A674,昆明理工大学,3,86567
2024,1,H1,土木工程(中外合作办学),A674,昆明理工大学,10,247102
2024,1,03,种子科学与工程,A676,云南农业大学,1,147061
2024,1,07,动物科学,A676,云南农业大学,1,195847
2024,1,08,蜂学,A676,云南农业大学,2,213153
2024,1,09,水产养殖学,A676,云南农业大学,1,206905
2024,1,0B,动物医学,A676,云南农业大学,2,107420
2024,1,0D,植物保护,A676,云南农业大学,2,152768
2024,1,0H,园艺,A676,云南农业大学,1,159266
2024,1,0J,设施农业科学与工程,A676,云南农业大学,1,169321
2024,1,0K,园林,A676,云南农业大学,1,120597
2024,1,0R,食品科学与工程,A676,云南农业大学,2,157399
2024,1,0V,食品营养与健康,A676,云南农业大学,2,216417
2024,1,0X,烟草,A676,云南农业大学,3,119181
2024,1,0Z,水利水电工程,A676,云南农业大学,2,154425
2024,1,13,农业水利工程,A676,云南农业大学,1,200673
2024,1,16,机械设计制造及其自动化,A676,云南农业大学,1,136053
2024,1,19,能源与动力工程,A676,云南农业大学,1,138347
2024,1,1A,电气工程及其自动化,A676,云南农业大学,2,108556
2024,1,1B,农业机械化及其自动化,A676,云南农业大学,1,139310
2024,1,1K,计算机科学与技术,A676,云南农业大学,2,123719
2024,1,1M,数据科学与大数据技术,A676,云南农业大学,1,130484
2024,1,1N,土木工程,A676,云南农业大学,2,239620
2024,1,1R,给排水科学与工程,A676,云南农业大学,1,234169
2024,1,1U,城乡规划,A676,云南农业大学,1,122123
2024,1,1W,工程造价,A676,云南农业大学,2,135680
2024,1,1X,马克思主义理论,A676,云南农业大学,1,98690
2024,1,1Y,经济学,A676,云南农业大学,2,98569
2024,1,21,农林经济管理,A676,云南农业大学,1,120509
2024,1,23,电子商务,A676,云南农业大学,1,129368
2024,1,24,社会工作,A676,云南农业大学,1,122433
2024,1,25,秘书学,A676,云南农业大学,1,86355
2024,1,26,旅游管理,A676,云南农业大学,2,134884
2024,1,28,英语,A676,云南农业大学,2,112976
2024,1,3U,农业智能装备工程,A676,云南农业大学,1,168845
2024,1,47,咖啡科学与工程,A676,云南农业大学,2,143143
2024,1,48,土木工程(中外合作办学)(土木与环境),A676,云南农业大学,2,242069
2024,1,49,农林经济管理(中外合作办学),A676,云南农业大学,3,166573
2024,1,4A,风景园林(中外合作办学),A676,云南农业大学,1,144904
2024,1,08,英语,A677,西南林业大学,3,124852
2024,1,0N,机械设计制造及其自动化,A677,西南林业大学,4,130235
2024,1,0P,机械电子工程,A677,西南林业大学,3,140859
2024,1,0S,车辆工程,A677,西南林业大学,3,150748
2024,1,0U,材料科学与工程,A677,西南林业大学,4,193761
2024,1,0V,高分子材料与工程,A677,西南林业大学,2,177199
2024,1,0W,电子信息工程,A677,西南林业大学,3,134860
2024,1,16,测绘工程,A677,西南林业大学,3,193114
2024,1,18,交通运输,A677,西南林业大学,3,163894
2024,1,19,森林工程,A677,西南林业大学,3,236836
2024,1,1A,木材科学与工程,A677,西南林业大学,6,236124
2024,1,1B,林产化工,A677,西南林业大学,3,242500
2024,1,1D,环境工程,A677,西南林业大学,4,239854
2024,1,1E,环境科学,A677,西南林业大学,3,221870
2024,1,1M,消防工程,A677,西南林业大学,3,209114
2024,1,1P,园艺,A677,西南林业大学,3,197002
2024,1,1X,林学,A677,西南林业大学,2,148066
2024,1,1Y,园林,A677,西南林业大学,3,121728
2024,1,21,工商管理,A677,西南林业大学,4,135356
2024,1,26,公共事业管理,A677,西南林业大学,4,137154
2024,1,29,旅游管理,A677,西南林业大学,4,149898
2024,1,2K,智慧林业,A677,西南林业大学,3,188328
2024,1,01,临床医学,A678,昆明医科大学,12,31985
2024,1,02,麻醉学,A678,昆明医科大学,1,27676
2024,1,03,医学影像学,A678,昆明医科大学,1,26164
2024,1,06,口腔医学,A678,昆明医科大学,1,24102
2024,1,07,预防医学,A678,昆明医科大学,1,176479
2024,1,08,法医学,A678,昆明医科大学,1,31744
2024,1,09,临床药学,A678,昆明医科大学,3,86365
2024,1,10,药学,A678,昆明医科大学,1,61403
2024,1,11,医学检验技术,A678,昆明医科大学,1,61664
2024,1,14,康复物理治疗,A678,昆明医科大学,1,70009
2024,1,15,康复作业治疗,A678,昆明医科大学,1,105184
2024,1,HZ,护理学(中外合作办学),A678,昆明医科大学,4,154996
2024,1,01,临床医学,A679,大理大学,4,92786
2024,1,07,护理学,A679,大理大学,4,120056
2024,1,09,预防医学,A679,大理大学,4,236173
2024,1,12,药学,A679,大理大学,4,173253
2024,1,13,临床药学,A679,大理大学,2,127423
2024,1,15,环境科学,A679,大理大学,2,243701
2024,1,16,园艺,A679,大理大学,2,230984
2024,1,17,动物科学,A679,大理大学,2,185109
2024,1,18,数学与应用数学,A679,大理大学,2,144958
2024,1,21,储能科学与工程,A679,大理大学,2,146770
2024,1,22,电气工程及其自动化,A679,大理大学,4,108690
2024,1,24,建筑学,A679,大理大学,2,134893
2024,1,25,电子信息工程,A679,大理大学,2,117573
2024,1,26,汉语言文学,A679,大理大学,4,87732
2024,1,28,汉语国际教育,A679,大理大学,2,107441
2024,1,30,英语,A679,大理大学,4,124143
2024,1,33,学前教育(师范类),A679,大理大学,2,141261
2024,1,34,小学教育(师范类),A679,大理大学,4,115692
2024,1,39,法学,A679,大理大学,4,78953
2024,1,46,生物科学,A679,大理大学,3,215680
2024,1,48,智能医学工程,A679,大理大学,2,168134
2024,1,0M,医学信息工程,A680,云南中医药大学,4,188774
2024,1,0N,制药工程,A680,云南中医药大学,2,167656
2024,1,0P,食品质量与安全,A680,云南中医药大学,2,274479
2024,1,0Q,生物制药,A680,云南中医药大学,2,164396
2024,1,0R,中医学,A680,云南中医药大学,2,72538
2024,1,0S,针灸推拿学,A680,云南中医药大学,2,92436
2024,1,0U,中医康复学,A680,云南中医药大学,2,118020
2024,1,0V,中医养生学,A680,云南中医药大学,2,133870
2024,1,0W,中医儿科学,A680,云南中医药大学,2,106891
2024,1,0X,中医骨伤科学,A680,云南中医药大学,2,110986
2024,1,0Y,中西医临床医学,A680,云南中医药大学,2,109427
2024,1,0Z,药学,A680,云南中医药大学,2,137131
2024,1,10,药物制剂,A680,云南中医药大学,2,267337
2024,1,11,中药学,A680,云南中医药大学,2,144024
2024,1,12,中药资源与开发,A680,云南中医药大学,2,168552
2024,1,14,康复治疗学,A680,云南中医药大学,2,165688
2024,1,15,护理学,A680,云南中医药大学,2,114183
2024,1,16,公共事业管理,A680,云南中医药大学,2,146298
2024,1,07,法学(纪检),A681,云南师范大学,3,51002
2024,1,09,学前教育(师范类),A681,云南师范大学,3,112486
2024,1,0C,应用心理学,A681,云南师范大学,3,76531
2024,1,0D,汉语言文学(师范类),A681,云南师范大学,3,49375
2024,1,0H,法学,A681,云南师范大学,3,57272
2024,1,0K,思想政治教育(师范类),A681,云南师范大学,3,57478
2024,1,0Q,汉语国际教育(师范类),A681,云南师范大学,3,86158
2024,1,19,化学(师范类),A681,云南师范大学,3,146135
2024,1,1H,金融学,A681,云南师范大学,3,94826
2024,1,1V,数学与应用数学(师范类),A681,云南师范大学,3,114344
2024,1,1X,物理学(师范类),A681,云南师范大学,3,115084
2024,1,2N,小学教育(师范类),A681,云南师范大学,3,80919
2024,1,2X,行政管理,A681,云南师范大学,3,118202
2024,1,31,英语(含师范、非师范),A681,云南师范大学,6,74296
2024,1,8Q,地理科学(师范类),A681,云南师范大学,3,62841
2024,1,8Y,新能源科学与工程,A681,云南师范大学,3,108199
2024,1,9A,生物科学(师范类),A681,云南师范大学,3,316289
2024,1,01,经济学,A684,曲靖师范学院,2,165377
2024,1,0C,汉语国际教育(师范类),A684,曲靖师范学院,2,158811
2024,1,0H,历史学(师范类),A684,曲靖师范学院,2,148586
2024,1,0N,应用化学,A684,曲靖师范学院,2,243434
2024,1,0S,生物技术,A684,曲靖师范学院,2,276113
2024,1,12,工程管理,A684,曲靖师范学院,2,195244
2024,1,0M,生物科学,A685,普洱学院,5,271248
2024,1,0V,烹饪与营养教育,A685,普洱学院,5,281220
2024,1,B1,汉语言文学(师范类),A687,红河学院,3,142332
2024,1,B2,汉语国际教育,A687,红河学院,2,166536
2024,1,F1,国际经济与贸易,A687,红河学院,2,175413
2024,1,F2,财务管理,A687,红河学院,2,155283
2024,1,G1,计算机科学与技术,A687,红河学院,2,239968
2024,1,G2,电气工程及其自动化,A687,红河学院,2,218109
2024,1,K1,数学与应用数学,A687,红河学院,3,278351
2024,1,K2,应用统计学,A687,红河学院,3,276420
2024,1,K3,数据科学与大数据技术,A687,红河学院,2,255868
2024,1,01,金融学,A689,云南财经大学,8,84415
2024,1,05,金融工程,A689,云南财经大学,5,109693
2024,1,09,保险学,A689,云南财经大学,4,125658
2024,1,1B,数学与应用数学,A689,云南财经大学,4,168093
2024,1,1P,应用统计学,A689,云南财经大学,6,130459
2024,1,29,工商管理,A689,云南财经大学,4,95922
2024,1,2A,数字经济,A689,云南财经大学,4,114428
2024,1,2P,资产评估,A689,云南财经大学,4,110266
2024,1,33,市场营销,A689,云南财经大学,4,134595
2024,1,37,人力资源管理,A689,云南财经大学,4,100229
2024,1,3P,法学,A689,云南财经大学,6,63227
2024,1,3X,汉语言,A689,云南财经大学,4,88488
2024,1,45,会计学,A689,云南财经大学,6,54022
2024,1,49,财务管理,A689,云南财经大学,4,63011
2024,1,4B,新闻学,A689,云南财经大学,4,111664
2024,1,4P,物流工程,A689,云南财经大学,4,149859
2024,1,4T,供应链管理,A689,云南财经大学,4,146351
2024,1,6W,财政学,A689,云南财经大学,6,78086
2024,1,7N,公共事业管理,A689,云南财经大学,4,128663
2024,1,7W,劳动与社会保障,A689,云南财经大学,4,116395
2024,1,89,物联网工程,A689,云南财经大学,4,115246
2024,1,8A,经济学,A689,云南财经大学,4,84962
2024,1,9A,国际经贸规则,A689,云南财经大学,4,102583
2024,1,9E,金融科技,A689,云南财经大学,4,115549
2024,1,9J,智能科学与技术,A689,云南财经大学,4,132701
2024,1,51,艺术管理,A690,云南艺术学院,2,180167
2024,1,52,非物质文化遗产保护,A690,云南艺术学院,1,173012
2024,1,76,戏剧学,A690,云南艺术学院,2,185534
2024,1,77,戏剧影视文学,A690,云南艺术学院,2,173921
2024,1,78,广播电视编导,A690,云南艺术学院,4,189469
2024,1,02,政治学与行政学,A691,云南民族大学,2,91648
2024,1,14,应用心理学,A691,云南民族大学,2,123476
2024,1,20,日语,A691,云南民族大学,3,146910
2024,1,45,数学与应用数学,A691,云南民族大学,5,178156
2024,1,47,计算机科学与技术,A691,云南民族大学,3,111244
2024,1,64,工商管理,A691,云南民族大学,2,108348
2024,1,80,药物分析,A691,云南民族大学,2,183541
2024,1,82,汉语言文学,A691,云南民族大学,5,74415
2024,1,89,社会学,A691,云南民族大学,2,95089
2024,1,05,草业科学,A693,西藏农牧学院,4,259285
2024,1,07,动物医学,A693,西藏农牧学院,5,244168
2024,1,0A,食品质量与安全,A693,西藏农牧学院,4,265894
2024,1,0B,生态学,A693,西藏农牧学院,4,263785
2024,1,0E,水土保持与荒漠化防治,A693,西藏农牧学院,2,249300
2024,1,0G,园林,A693,西藏农牧学院,5,186588
2024,1,0J,土木工程,A693,西藏农牧学院,2,269550
2024,1,0K,水利水电工程,A693,西藏农牧学院,3,251220
2024,1,0L,电气工程及其自动化,A693,西藏农牧学院,4,243834
2024,1,0M,农业电气化,A693,西藏农牧学院,4,265916
2024,1,0N,应用化学,A693,西藏农牧学院,2,256064
2024,1,0U,森林保护,A693,西藏农牧学院,4,269295
2024,1,10,农林经济管理,A693,西藏农牧学院,2,178103
2024,1,11,农村区域发展,A693,西藏农牧学院,2,184995
2024,1,12,自然地理与资源环境,A693,西藏农牧学院,4,184423
2024,1,13,旅游管理,A693,西藏农牧学院,3,187461
2024,1,01,汉语言文学,A694,西藏大学,1,44612
2024,1,02,汉语言文学(师范类),A694,西藏大学,2,63177
2024,1,25,税收学,A694,西藏大学,1,66882
2024,1,34,数学与应用数学(师范类),A694,西藏大学,2,95871
2024,1,35,物理学(师范类),A694,西藏大学,2,91410
2024,1,36,建筑学,A694,西藏大学,2,92583
2024,1,37,城乡规划,A694,西藏大学,1,86621
2024,1,38,交通运输,A694,西藏大学,2,83786
2024,1,39,土木工程,A694,西藏大学,2,91167
2024,1,40,资源勘查工程,A694,西藏大学,2,97493
2024,1,41,临床医学,A694,西藏大学,5,70942
2024,1,42,预防医学,A694,西藏大学,2,102183
2024,1,43,药学,A694,西藏大学,3,98950
2024,1,44,护理学,A694,西藏大学,2,106669
2024,1,51,行政管理,A694,西藏大学,2,81879
2024,1,52,经济学,A694,西藏大学,2,69551
2024,1,53,工商管理,A694,西藏大学,2,82628
2024,1,54,财务管理,A694,西藏大学,1,69588
2024,1,55,市场营销,A694,西藏大学,2,86895
2024,1,56,旅游管理,A694,西藏大学,2,83942
2024,1,57,英语(师范类),A694,西藏大学,2,69090
2024,1,58,英语,A694,西藏大学,2,72774
2024,1,59,翻译(英汉翻译),A694,西藏大学,2,94718
2024,1,60,法学,A694,西藏大学,1,55587
2024,1,62,财政学,A694,西藏大学,3,74620
2024,1,64,会计学,A694,西藏大学,2,52719
2024,1,66,通信工程,A694,西藏大学,2,65302
2024,1,67,计算机科学与技术,A694,西藏大学,7,60973
2024,1,68,思想政治教育(师范类),A694,西藏大学,1,63777
2024,1,69,生态学,A694,西藏大学,3,92738
2024,1,70,生物科学(师范类),A694,西藏大学,1,96095
2024,1,71,化学(师范类),A694,西藏大学,3,95286
2024,1,72,地理科学(师范类),A694,西藏大学,2,67304
2024,1,73,环境科学,A694,西藏大学,1,77872
2024,1,74,地理信息科学,A694,西藏大学,1,70927
2024,1,01,汉语言文学,A695,西藏民族大学,6,93010
2024,1,02,汉语言文学(师范类),A695,西藏民族大学,5,90493
2024,1,04,会计学,A695,西藏民族大学,5,98480
2024,1,08,数字经济,A695,西藏民族大学,5,145874
2024,1,09,金融学(科技方向),A695,西藏民族大学,3,120298
2024,1,0C,法学,A695,西藏民族大学,5,90945
2024,1,0M,计算机科学与技术,A695,西藏民族大学,5,147461
2024,1,0V,网络空间安全,A695,西藏民族大学,5,150239
2024,1,0X,历史学(师范类),A695,西藏民族大学,5,102356
2024,1,0Z,新闻学,A695,西藏民族大学,5,122038
2024,1,14,小学教育(师范类),A695,西藏民族大学,8,124275
2024,1,16,艺术教育(师范类),A695,西藏民族大学,5,151496
2024,1,19,英语,A695,西藏民族大学,5,130028
2024,1,1A,英语(师范类),A695,西藏民族大学,5,121570
2024,1,1E,临床医学,A695,西藏民族大学,5,95641
2024,1,1R,统计学,A695,西藏民族大学,5,168391
2024,1,2J,广告学,A695,西藏民族大学,5,139883
2024,1,2M,文物与博物馆学,A695,西藏民族大学,5,110147
2024,1,2U,计算机科学与技术,A695,西藏民族大学,2,142464
2024,1,01,经济学,A697,西北大学,2,17869
2024,1,04,历史学,A697,西北大学,2,18692
2024,1,06,哲学,A697,西北大学,2,24528
2024,1,08,国际经济与贸易,A697,西北大学,3,28000
2024,1,09,法学,A697,西北大学,2,16309
2024,1,11,考古学,A697,西北大学,2,14496
2024,1,13,中国语言文学类,A697,西北大学,3,18609
2024,1,14,外国语言文学类,A697,西北大学,2,29136
2024,1,15,新闻传播学类,A697,西北大学,2,21846
2024,1,16,工商管理类,A697,西北大学,4,24421
2024,1,17,公共管理类,A697,西北大学,3,29075
2024,1,33,物理学,A697,西北大学,2,20516
2024,1,40,经济统计学,A697,西北大学,3,24245
2024,1,41,金融学,A697,西北大学,3,24278
2024,1,42,信息管理与信息系统,A697,西北大学,4,24577
2024,1,43,应急管理,A697,西北大学,3,33512
2024,1,44,文物保护技术,A697,西北大学,3,26373
2024,1,47,金融数学,A697,西北大学,3,28749
2024,1,48,数学类,A697,西北大学,6,18472
2024,1,49,物理学类,A697,西北大学,6,20814
2024,1,51,地质类,A697,西北大学,5,34505
2024,1,52,地球信息科学与技术,A697,西北大学,3,31538
2024,1,53,地理科学类,A697,西北大学,5,30422
2024,1,54,环境科学与工程类,A697,西北大学,4,36253
2024,1,55,城乡规划,A697,西北大学,3,33463
2024,1,56,临床医学,A697,西北大学,2,15213
2024,1,61,电子信息类,A697,西北大学,8,16287
2024,1,62,计算机类,A697,西北大学,7,14723
2024,1,99,广播电视编导,A697,西北大学,1,36567
2024,1,67,电子信息科学与技术(中外合作办学),A697,西北大学,10,36275
2024,1,0A,文科试验班类,A698,西安交通大学,6,5841
2024,1,0D,法学试验班,A698,西安交通大学,4,4398
2024,1,1C,自动化(钱学森班),A698,西安交通大学,3,788
2024,1,1G,人工智能(新工科卓越计划),A698,西安交通大学,2,1028
2024,1,1J,数学与应用数学(国家拔尖计划),A698,西安交通大学,3,1339
2024,1,1L,工科试验班(医学电子信息优本班),A698,西安交通大学,2,2220
2024,1,1N,工科试验班(智能过程与装备优本班),A698,西安交通大学,2,2239
2024,1,1R,理科试验班(化学优本班),A698,西安交通大学,4,3017
2024,1,2A,工科试验班(电气类),A698,西安交通大学,20,1290
2024,1,2B,工科试验班(计算机科学技术类),A698,西安交通大学,16,1601
2024,1,2C,软件工程,A698,西安交通大学,10,2063
2024,1,2D,信息工程,A698,西安交通大学,12,1953
2024,1,2E,自动化,A698,西安交通大学,12,1473
2024,1,2F,微电子科学与工程,A698,西安交通大学,10,1684
2024,1,2G,电子科学与技术,A698,西安交通大学,9,1634
2024,1,2K,工科试验班(智慧能源类),A698,西安交通大学,20,2366
2024,1,2M,工科试验班(智能制造类),A698,西安交通大学,20,2235
2024,1,2N,工科试验班(航天航空类),A698,西安交通大学,5,2082
2024,1,2Q,工科试验班(管理类),A698,西安交通大学,15,3523
2024,1,2T,经济学类,A698,西安交通大学,6,3942
2024,1,2U,会计学(ACCA),A698,西安交通大学,2,3107
2024,1,2V,理科试验班(数学类),A698,西安交通大学,6,2072
2024,1,2W,理科试验班(物理类),A698,西安交通大学,5,2280
2024,1,8A,临床医学(侯宗濂班),A698,西安交通大学,2,1179
2024,1,8C,临床医学(5+3一体化),A698,西安交通大学,5,2251
2024,1,9C,工业设计(中外合作办学),A698,西安交通大学,10,16300
2024,1,9D,建筑学(中外合作办学),A698,西安交通大学,10,25276
2024,1,01,航空航天类(智慧三航本研衔接班),A699,西北工业大学,9,1961
2024,1,02,工程力学(航宇力学拔尖基地班),A699,西北工业大学,2,3061
2024,1,03,柔性电子学(本研衔接班),A699,西北工业大学,5,3844
2024,1,04,航空航天类(黄玉珊航空班),A699,西北工业大学,3,1683
2024,1,05,航空航天类(航空),A699,西北工业大学,13,3129
2024,1,06,航空航天类(陈士橹飞天班),A699,西北工业大学,2,1698
2024,1,07,航空航天类(航天),A699,西北工业大学,10,2969
2024,1,08,航空航天类(民用航空),A699,西北工业大学,12,4257
2024,1,09,海洋工程类(黄震中海洋班),A699,西北工业大学,2,2984
2024,1,10,海洋工程类(智慧海洋试验班),A699,西北工业大学,8,4717
2024,1,15,能源动力类(航空动力与新能源试验班),A699,西北工业大学,10,4402
2024,1,17,电子信息类(集成电路),A699,西北工业大学,8,3439
2024,1,18,自动化类,A699,西北工业大学,15,4056
2024,1,20,计算机类,A699,西北工业大学,15,2968
2024,1,21,计算机类(网络安全),A699,西北工业大学,12,3421
2024,1,22,软件工程,A699,西北工业大学,13,4031
2024,1,23,数学类(数学与交叉科学试验班),A699,西北工业大学,6,4671
2024,1,24,物理学类(空天应用物理试验班),A699,西北工业大学,9,5144
2024,1,Q5,材料类(航宇新材料试验班),A699,西北工业大学,10,4811
2024,1,Q7,机械类(航宇智能制造试验班),A699,西北工业大学,10,4104
2024,1,Q9,电子信息类,A699,西北工业大学,16,3800
2024,1,51,材料科学与工程(中外合作办学),A699,西北工业大学,10,17887
2024,1,52,高分子材料与工程(中外合作办学),A699,西北工业大学,10,19510
2024,1,01,材料科学与工程,A700,西安理工大学,2,48757
2024,1,02,材料成型及控制工程,A700,西安理工大学,4,52974
2024,1,03,材料物理,A700,西安理工大学,2,46660
2024,1,04,材料化学,A700,西安理工大学,2,50116
2024,1,06,机械设计制造及其自动化,A700,西安理工大学,5,34308
2024,1,07,车辆工程,A700,西安理工大学,2,36328
2024,1,08,测控技术与仪器,A700,西安理工大学,2,35935
2024,1,10,智能制造工程,A700,西安理工大学,2,35960
2024,1,12,数字媒体技术,A700,西安理工大学,2,31839
2024,1,14,电气工程与智能控制,A700,西安理工大学,2,26784
2024,1,17,微电子科学与工程,A700,西安理工大学,2,28939
2024,1,20,会计学,A700,西安理工大学,2,32993
2024,1,21,信息管理与信息系统,A700,西安理工大学,2,40915
2024,1,24,能源与动力工程,A700,西安理工大学,3,35217
2024,1,26,水文与水资源工程,A700,西安理工大学,2,51687
2024,1,27,农业水利工程,A700,西安理工大学,2,76078
2024,1,30,信息与计算科学,A700,西安理工大学,2,34418
2024,1,32,应用化学,A700,西安理工大学,2,49894
2024,1,38,网络工程,A700,西安理工大学,2,30892
2024,1,42,土木工程,A700,西安理工大学,2,78924
2024,1,43,工程管理,A700,西安理工大学,4,59286
2024,1,46,城市地下空间工程,A700,西安理工大学,4,95218
2024,1,47,电气工程及其自动化,A700,西安理工大学,3,28511
2024,1,50,工业工程,A700,西安理工大学,2,41377
2024,1,64,自动化,A700,西安理工大学,3,29715
2024,1,65,水利水电工程,A700,西安理工大学,2,37237
2024,1,66,计算机科学与技术,A700,西安理工大学,2,26380
2024,1,71,英语,A700,西安理工大学,2,48762
2024,1,75,工商管理类,A700,西安理工大学,4,44044
2024,1,76,金融学,A700,西安理工大学,2,42771
2024,1,H1,机械设计制造及其自动化(中外合作办学),A700,西安理工大学,4,71525
2024,1,H2,电子科学与技术(中外合作办学),A700,西安理工大学,4,59258
2024,1,H3,土木工程(中外合作办学),A700,西安理工大学,2,178185
2024,1,H4,计算机科学与技术(中外合作办学),A700,西安理工大学,4,55933
2024,1,04,管理科学与工程类(数字化与商务智能融合培养),A701,西安电子科技大学,5,15225
2024,1,1B,电子信息类(电子工程),A701,西安电子科技大学,30,8416
2024,1,1C,电子信息类(集成电路),A701,西安电子科技大学,25,7850
2024,1,2B,计算机类(网络安全),A701,西安电子科技大学,15,9123
2024,1,2C,计算机类(智能),A701,西安电子科技大学,12,9237
2024,1,66,自动化类(智能制造及智能测控),A701,西安电子科技大学,45,11245
2024,1,68,电子信息类(通信),A701,西安电子科技大学,30,8323
2024,1,6A,电子信息类(电子科学、信息物理、空天信息),A701,西安电子科技大学,40,9183
2024,1,6C,计算机类,A701,西安电子科技大学,35,9030
2024,1,11,通信工程(中外合作办学),A701,西安电子科技大学,12,18955
2024,1,12,电子信息工程(中外合作办学),A701,西安电子科技大学,12,21234
2024,1,65,大数据管理与应用(中外合作办学),A701,西安电子科技大学,15,34723
2024,1,01,数学与应用数学,A702,西安工业大学,3,46634
2024,1,02,信息与计算科学,A702,西安工业大学,4,57060
2024,1,03,应用物理学,A702,西安工业大学,2,67740
2024,1,05,机械电子工程,A702,西安工业大学,2,53252
2024,1,06,工业设计,A702,西安工业大学,6,87255
2024,1,09,电气工程及其自动化,A702,西安工业大学,2,37989
2024,1,11,电子科学与技术,A702,西安工业大学,2,44817
2024,1,13,光电信息科学与工程,A702,西安工业大学,2,43178
2024,1,14,人工智能,A702,西安工业大学,2,45130
2024,1,15,自动化,A702,西安工业大学,2,46378
2024,1,19,物联网工程,A702,西安工业大学,2,47747
2024,1,20,智能科学与技术,A702,西安工业大学,2,46285
2024,1,22,土木工程,A702,西安工业大学,2,166076
2024,1,23,给排水科学与工程,A702,西安工业大学,2,95216
2024,1,25,武器系统与工程,A702,西安工业大学,2,54466
2024,1,26,探测制导与控制技术,A702,西安工业大学,2,56777
2024,1,27,信息对抗技术,A702,西安工业大学,2,53500
2024,1,29,生物医学工程,A702,西安工业大学,2,65536
2024,1,31,工业工程,A702,西安工业大学,4,66554
2024,1,33,智能建造,A702,西安工业大学,2,85754
2024,1,34,材料类,A702,西安工业大学,8,87317
2024,1,35,工商管理类,A702,西安工业大学,6,64709
2024,1,46,英语,A702,西安工业大学,2,59043
2024,1,47,网络与新媒体,A702,西安工业大学,2,50280
2024,1,62,测控技术与仪器,A702,西安工业大学,2,50590
2024,1,63,机械设计制造及其自动化,A702,西安工业大学,2,44342
2024,1,64,金属材料工程,A702,西安工业大学,2,78638
2024,1,66,计算机科学与技术,A702,西安工业大学,2,31873
2024,1,67,软件工程,A702,西安工业大学,2,37544
2024,1,H1,机械设计制造及其自动化(中外合作办学),A702,西安工业大学,6,87406
2024,1,H2,金属材料工程(中外合作办学),A702,西安工业大学,8,152327
2024,1,H3,自动化(中外合作办学),A702,西安工业大学,4,85114
2024,1,04,风景园林,A703,西安建筑科技大学,2,55462
2024,1,07,交通工程,A703,西安建筑科技大学,3,59254
2024,1,08,土木工程,A703,西安建筑科技大学,5,92483
2024,1,09,城市地下空间工程,A703,西安建筑科技大学,4,110712
2024,1,10,智能建造,A703,西安建筑科技大学,3,73456
2024,1,12,环境工程,A703,西安建筑科技大学,3,100941
2024,1,13,环境科学,A703,西安建筑科技大学,3,243968
2024,1,15,建筑电气与智能化,A703,西安建筑科技大学,3,60090
2024,1,16,储能科学与工程,A703,西安建筑科技大学,2,58161
2024,1,17,信息管理与信息系统,A703,西安建筑科技大学,3,56090
2024,1,18,工程管理,A703,西安建筑科技大学,4,72855
2024,1,19,工商管理,A703,西安建筑科技大学,2,57533
2024,1,20,会计学,A703,西安建筑科技大学,2,44642
2024,1,21,自动化,A703,西安建筑科技大学,3,38712
2024,1,22,计算机科学与技术,A703,西安建筑科技大学,2,32653
2024,1,23,通信工程,A703,西安建筑科技大学,2,40476
2024,1,24,人工智能,A703,西安建筑科技大学,3,38242
2024,1,25,机器人工程,A703,西安建筑科技大学,4,44285
2024,1,26,电气工程及其自动化,A703,西安建筑科技大学,3,33886
2024,1,27,机械类,A703,西安建筑科技大学,7,47248
2024,1,33,材料类,A703,西安建筑科技大学,7,73062
2024,1,34,化工与制药类,A703,西安建筑科技大学,4,80529
2024,1,35,矿业类,A703,西安建筑科技大学,3,112709
2024,1,40,数学与应用数学,A703,西安建筑科技大学,2,47563
2024,1,41,工程力学,A703,西安建筑科技大学,2,62289
2024,1,44,工业设计,A703,西安建筑科技大学,2,53861
2024,1,45,材料类,A703,西安建筑科技大学,8,72907
2024,1,46,建筑类,A703,西安建筑科技大学,6,63038
2024,1,B1,环境工程,A703,西安建筑科技大学,2,57564
2024,1,B4,材料科学与工程,A703,西安建筑科技大学,2,70689
2024,1,B5,机械设计制造及其自动化,A703,西安建筑科技大学,2,44372
2024,1,P2,交通运输,A703,西安建筑科技大学,3,48985
2024,1,P4,给排水科学与工程,A703,西安建筑科技大学,4,95807
2024,1,P8,材料成型及控制工程,A703,西安建筑科技大学,4,70578
2024,1,T1,建筑学,A703,西安建筑科技大学,2,37232
2024,1,T2,城乡规划,A703,西安建筑科技大学,2,44195
2024,1,T5,给排水科学与工程,A703,西安建筑科技大学,2,72407
2024,1,T6,环境科学,A703,西安建筑科技大学,2,71347
2024,1,W1,法学,A703,西安建筑科技大学,2,30391
2024,1,W2,汉语言文学,A703,西安建筑科技大学,2,34756
2024,1,W3,汉语国际教育,A703,西安建筑科技大学,3,56510
2024,1,W4,英语,A703,西安建筑科技大学,2,50351
2024,1,WA,公共管理类,A703,西安建筑科技大学,5,77436
2024,1,H1,土木工程(中外合作办学),A703,西安建筑科技大学,2,244455
2024,1,H2,建筑电气与智能化(中外合作办学),A703,西安建筑科技大学,2,137588
2024,1,H3,计算机科学与技术(中外合作办学),A703,西安建筑科技大学,2,68956
2024,1,H4,工程管理(中外合作办学),A703,西安建筑科技大学,2,171120
2024,1,02,采矿工程,A704,西安科技大学,4,110401
2024,1,04,消防工程,A704,西安科技大学,2,84005
2024,1,05,安全工程,A704,西安科技大学,2,46304
2024,1,06,应急技术与管理,A704,西安科技大学,2,73131
2024,1,07,土木工程,A704,西安科技大学,6,127643
2024,1,08,建筑学,A704,西安科技大学,2,62285
2024,1,09,给排水科学与工程,A704,西安科技大学,2,104746
2024,1,10,城乡规划,A704,西安科技大学,2,59711
2024,1,11,城市地下空间工程,A704,西安科技大学,2,84925
2024,1,12,机械设计制造及其自动化,A704,西安科技大学,2,41985
2024,1,13,机械电子工程,A704,西安科技大学,2,41411
2024,1,14,车辆工程,A704,西安科技大学,2,53357
2024,1,15,智能制造工程,A704,西安科技大学,2,41640
2024,1,16,自动化,A704,西安科技大学,2,32079
2024,1,18,电气工程及其自动化,A704,西安科技大学,2,29803
2024,1,19,测控技术与仪器,A704,西安科技大学,2,55988
2024,1,20,智能科学与技术,A704,西安科技大学,2,37635
2024,1,22,通信工程,A704,西安科技大学,2,32034
2024,1,23,电子信息工程,A704,西安科技大学,2,32599
2024,1,24,电子科学与技术,A704,西安科技大学,2,33054
2024,1,25,信息与计算科学,A704,西安科技大学,2,36264
2024,1,27,数据科学与大数据技术,A704,西安科技大学,2,33654
2024,1,28,软件工程,A704,西安科技大学,2,32430
2024,1,29,计算机科学与技术,A704,西安科技大学,2,28904
2024,1,30,环境工程,A704,西安科技大学,4,79869
2024,1,31,地质工程,A704,西安科技大学,4,80237
2024,1,32,资源勘查工程,A704,西安科技大学,3,93149
2024,1,33,地下水科学与工程,A704,西安科技大学,4,117604
2024,1,34,测绘工程,A704,西安科技大学,4,66460
2024,1,35,遥感科学与技术,A704,西安科技大学,2,55919
2024,1,36,地理信息科学,A704,西安科技大学,4,53388
2024,1,37,自然地理与资源环境,A704,西安科技大学,2,63052
2024,1,38,材料科学与工程,A704,西安科技大学,2,66694
2024,1,39,无机非金属材料工程,A704,西安科技大学,2,75978
2024,1,40,高分子材料与工程,A704,西安科技大学,2,58523
2024,1,41,新能源材料与器件,A704,西安科技大学,2,55902
2024,1,42,应用化学,A704,西安科技大学,2,75546
2024,1,44,矿物加工工程,A704,西安科技大学,4,107801
2024,1,45,化学工程与工艺,A704,西安科技大学,2,64306
2024,1,46,数学与应用数学,A704,西安科技大学,2,47319
2024,1,47,工程力学,A704,西安科技大学,2,68564
2024,1,50,数字经济,A704,西安科技大学,3,58640
2024,1,51,会计学,A704,西安科技大学,2,33788
2024,1,52,工程管理,A704,西安科技大学,2,75632
2024,1,W2,电子商务,A704,西安科技大学,1,64132
2024,1,W3,英语,A704,西安科技大学,1,63072
2024,1,11,国际经济与贸易,A705,西安石油大学,2,71559
2024,1,12,工商管理类,A705,西安石油大学,4,60423
2024,1,13,汉语言文学,A705,西安石油大学,2,44756
2024,1,14,新闻学,A705,西安石油大学,2,64193
2024,1,16,俄语,A705,西安石油大学,2,85548
2024,1,17,翻译,A705,西安石油大学,2,80954
2024,1,21,石油工程,A705,西安石油大学,2,49413
2024,1,22,油气储运工程,A705,西安石油大学,1,47932
2024,1,23,海洋油气工程,A705,西安石油大学,2,62451
2024,1,24,资源勘查工程,A705,西安石油大学,1,45442
2024,1,25,勘查技术与工程,A705,西安石油大学,2,68082
2024,1,26,地质工程,A705,西安石油大学,1,65499
2024,1,27,地质学,A705,西安石油大学,2,71202
2024,1,28,地球信息科学与技术,A705,西安石油大学,2,74947
2024,1,30,应用化学,A705,西安石油大学,2,94590
2024,1,31,能源化学工程,A705,西安石油大学,2,72129
2024,1,32,环境工程,A705,西安石油大学,1,83143
2024,1,35,电子信息工程,A705,西安石油大学,2,46868
2024,1,36,人工智能,A705,西安石油大学,2,53572
2024,1,37,自动化,A705,西安石油大学,2,53016
2024,1,38,安全工程,A705,西安石油大学,2,95787
2024,1,40,机械电子工程,A705,西安石油大学,2,47022
2024,1,41,工业设计,A705,西安石油大学,2,93531
2024,1,42,过程装备与控制工程,A705,西安石油大学,2,69569
2024,1,43,材料成型及控制工程,A705,西安石油大学,2,90221
2024,1,44,材料类,A705,西安石油大学,5,106508
2024,1,45,计算机类,A705,西安石油大学,4,35310
2024,1,47,通信工程,A705,西安石油大学,1,42844
2024,1,48,能源与动力工程,A705,西安石油大学,2,60939
2024,1,49,新能源科学与工程,A705,西安石油大学,1,47853
2024,1,50,新能源材料与器件,A705,西安石油大学,2,70782
2024,1,51,储能科学与工程,A705,西安石油大学,2,64742
2024,1,52,土木工程,A705,西安石油大学,2,114554
2024,1,53,工程管理,A705,西安石油大学,2,95353
2024,1,54,信息与计算科学,A705,西安石油大学,1,50993
2024,1,55,应用物理学,A705,西安石油大学,2,79838
2024,1,57,数据计算及应用,A705,西安石油大学,1,64095
2024,1,59,大数据管理与应用,A705,西安石油大学,2,60934
2024,1,60,电子商务,A705,西安石油大学,1,89363
2024,1,61,金融学,A705,西安石油大学,2,63944
2024,1,H0,石油工程,A705,西安石油大学,2,52490
2024,1,H1,化学工程与工艺,A705,西安石油大学,2,68506
2024,1,H2,测控技术与仪器,A705,西安石油大学,1,61141
2024,1,H3,机械设计制造及其自动化,A705,西安石油大学,2,50003
2024,1,H4,焊接技术与工程,A705,西安石油大学,2,88968
2024,1,05,人力资源管理,A708,陕西科技大学,3,70609
2024,1,12,机械类,A708,陕西科技大学,7,58121
2024,1,14,计算机类,A708,陕西科技大学,3,41317
2024,1,18,应用物理学,A708,陕西科技大学,5,70815
2024,1,19,电气工程及其自动化,A708,陕西科技大学,3,41403
2024,1,26,轻化工程,A708,陕西科技大学,3,79775
2024,1,27,化学类,A708,陕西科技大学,7,119920
2024,1,28,材料类,A708,陕西科技大学,4,70352
2024,1,33,教育技术学,A708,陕西科技大学,3,125480
2024,1,34,化工与制药类,A708,陕西科技大学,4,73440
2024,1,35,环境科学与工程类,A708,陕西科技大学,4,99979
2024,1,38,药学,A708,陕西科技大学,3,80986
2024,1,H1,机械设计制造及其自动化(中外合作办学),A708,陕西科技大学,6,129765
2024,1,H2,工业设计(中外合作办学),A708,陕西科技大学,11,181794
2024,1,H3,计算机科学与技术(中外合作办学),A708,陕西科技大学,3,99099
2024,1,05,广播电视编导,A709,西安工程大学,4,128556
2024,1,13,英语,A709,西安工程大学,2,82772
2024,1,23,数学类,A709,西安工程大学,2,61214
2024,1,24,应用物理学,A709,西安工程大学,2,92073
2024,1,25,应用化学,A709,西安工程大学,3,113077
2024,1,27,机械类,A709,西安工程大学,3,66537
2024,1,29,材料成型及控制工程,A709,西安工程大学,3,107838
2024,1,32,材料类,A709,西安工程大学,3,99476
2024,1,33,电气工程及其自动化,A709,西安工程大学,3,50832
2024,1,36,微电子科学与工程,A709,西安工程大学,3,60064
2024,1,39,计算机科学与技术,A709,西安工程大学,3,46919
2024,1,40,计算机类,A709,西安工程大学,3,51962
2024,1,41,网络空间安全,A709,西安工程大学,2,55099
2024,1,42,土木类,A709,西安工程大学,5,186013
2024,1,45,纺织类,A709,西安工程大学,7,174385
2024,1,47,服装设计与工程,A709,西安工程大学,2,91236
2024,1,48,轻化工程,A709,西安工程大学,2,108541
2024,1,49,环境工程,A709,西安工程大学,6,143147
2024,1,51,大数据管理与应用,A709,西安工程大学,3,60076
2024,1,52,工商管理,A709,西安工程大学,3,100240
2024,1,53,会计学,A709,西安工程大学,3,61459
2024,1,01,道路桥梁与渡河工程,A710,长安大学,16,32692
2024,1,02,道路桥梁与渡河工程(国际工程班),A710,长安大学,5,35639
2024,1,03,城市地下空间工程,A710,长安大学,2,38521
2024,1,04,智能车辆工程,A710,长安大学,4,22844
2024,1,05,车辆工程,A710,长安大学,8,23289
2024,1,09,物流管理,A710,长安大学,1,33859
2024,1,10,工商管理类,A710,长安大学,5,25781
2024,1,11,管理科学与工程类,A710,长安大学,4,31776
2024,1,12,经济学类,A710,长安大学,5,29588
2024,1,13,自动化类,A710,长安大学,8,20962
2024,1,14,交通设备与控制工程,A710,长安大学,3,24033
2024,1,25,环境科学与工程类,A710,长安大学,3,36289
2024,1,26,化学工程与工艺,A710,长安大学,3,30514
2024,1,27,建筑类,A710,长安大学,11,37639
2024,1,29,交通工程,A710,长安大学,7,25386
2024,1,30,交通工程(国际工程班),A710,长安大学,4,26804
2024,1,31,交通运输,A710,长安大学,4,23355
2024,1,32,大数据管理与应用,A710,长安大学,2,22555
2024,1,33,地理信息科学,A710,长安大学,2,27570
2024,1,36,新能源科学与工程,A710,长安大学,3,22702
2024,1,38,电气工程及其自动化,A710,长安大学,3,18834
2024,1,39,思想政治教育,A710,长安大学,4,21707
2024,1,40,法学,A710,长安大学,2,18449
2024,1,41,公共管理类,A710,长安大学,2,27445
2024,1,43,新闻传播学类,A710,长安大学,2,19903
2024,1,44,数学类,A710,长安大学,1,21615
2024,1,45,应用物理学,A710,长安大学,1,22983
2024,1,47,英语,A710,长安大学,2,26732
2024,1,48,日语,A710,长安大学,3,35709
2024,1,53,工科试验班(未来交通),A710,长安大学,5,22015
2024,1,54,工科试验班(华为班),A710,长安大学,3,19353
2024,1,55,机械类,A710,长安大学,26,24816
2024,1,57,计算机类,A710,长安大学,8,19467
2024,1,59,电子信息类,A710,长安大学,10,20163
2024,1,5B,地质工程,A710,长安大学,4,35922
2024,1,5D,地球物理学类,A710,长安大学,3,34859
2024,1,5F,测绘类,A710,长安大学,6,32071
2024,1,5H,安全工程,A710,长安大学,7,34805
2024,1,5K,土木类,A710,长安大学,28,49715
2024,1,5M,水利类,A710,长安大学,7,33713
2024,1,5P,材料类,A710,长安大学,25,31898
2024,1,5R,能源与动力工程,A710,长安大学,4,23155
2024,1,17,人工智能(中外合作办学),A710,长安大学,10,39868
2024,1,50,道路桥梁与渡河工程(中外合作办学),A710,长安大学,8,68700
2024,1,51,车辆工程(中外合作办学),A710,长安大学,9,40381
2024,1,52,交通运输(中外合作办学),A710,长安大学,8,43121
2024,1,01,法学,A712,西北农林科技大学,6,16754
2024,1,02,社会学类,A712,西北农林科技大学,4,22539
2024,1,03,公共管理类,A712,西北农林科技大学,6,24485
2024,1,04,英语,A712,西北农林科技大学,3,23685
2024,1,05,汉语国际教育,A712,西北农林科技大学,2,20488
2024,1,07,农学(农学类),A712,西北农林科技大学,11,29442
2024,1,08,智慧农业,A712,西北农林科技大学,2,24634
2024,1,10,植物保护,A712,西北农林科技大学,7,31635
2024,1,11,制药工程,A712,西北农林科技大学,4,22008
2024,1,13,设施农业科学与工程,A712,西北农林科技大学,2,31730
2024,1,14,动物科学,A712,西北农林科技大学,12,36228
2024,1,16,智慧牧业科学与工程,A712,西北农林科技大学,4,36603
2024,1,17,草业科学,A712,西北农林科技大学,9,38250
2024,1,18,动物医学类,A712,西北农林科技大学,16,33009
2024,1,19,林学类,A712,西北农林科技大学,7,33710
2024,1,20,林业工程类,A712,西北农林科技大学,6,34309
2024,1,21,智慧林业,A712,西北农林科技大学,4,31460
2024,1,23,园林,A712,西北农林科技大学,3,25219
2024,1,24,风景园林,A712,西北农林科技大学,3,25804
2024,1,25,城乡规划,A712,西北农林科技大学,4,28176
2024,1,26,资源环境科学,A712,西北农林科技大学,2,30033
2024,1,27,环境科学与工程类,A712,西北农林科技大学,3,27069
2024,1,28,地理信息科学,A712,西北农林科技大学,4,22842
2024,1,29,水土保持与荒漠化防治,A712,西北农林科技大学,4,32218
2024,1,30,水利类,A712,西北农林科技大学,17,26530
2024,1,31,电气工程及其自动化,A712,西北农林科技大学,6,16567
2024,1,32,土木工程,A712,西北农林科技大学,3,31764
2024,1,33,智慧水利,A712,西北农林科技大学,4,25359
2024,1,34,机械类,A712,西北农林科技大学,21,22073
2024,1,35,农业机械化及其自动化,A712,西北农林科技大学,4,23544
2024,1,36,农业智能装备工程,A712,西北农林科技大学,3,24700
2024,1,37,电子信息工程,A712,西北农林科技大学,5,16532
2024,1,38,计算机类,A712,西北农林科技大学,33,19154
2024,1,39,食品科学与工程类,A712,西北农林科技大学,20,29328
2024,1,40,食品营养与健康(卓越班),A712,西北农林科技大学,6,25584
2024,1,41,葡萄与葡萄酒工程,A712,西北农林科技大学,6,37136
2024,1,42,葡萄与葡萄酒工程(卓越工程师班),A712,西北农林科技大学,5,34664
2024,1,43,生物科学类,A712,西北农林科技大学,28,26214
2024,1,44,信息与计算科学,A712,西北农林科技大学,4,19788
2024,1,45,光电信息科学与工程,A712,西北农林科技大学,4,18514
2024,1,46,数学与应用数学,A712,西北农林科技大学,6,20881
2024,1,47,化学类,A712,西北农林科技大学,7,24658
2024,1,48,工商管理类,A712,西北农林科技大学,12,22355
2024,1,49,经济学类,A712,西北农林科技大学,7,21159
2024,1,50,经济学(基础拔尖培养班),A712,西北农林科技大学,2,19095
2024,1,51,植物生产类(卓越班),A712,西北农林科技大学,12,31749
2024,1,53,资源环境科学(卓越班),A712,西北农林科技大学,4,28438
2024,1,54,水利类(卓越班),A712,西北农林科技大学,5,21420
2024,1,55,农林经济管理(卓越班),A712,西北农林科技大学,4,20407
2024,1,5A,园艺(园艺类),A712,西北农林科技大学,13,39211
2024,1,56,植物保护(中外合作办学),A712,西北农林科技大学,4,48521
2024,1,57,环境科学(中外合作办学),A712,西北农林科技大学,8,44081
2024,1,58,食品科学与工程(中外合作办学),A712,西北农林科技大学,4,43109
2024,1,12,临床医学,A716,陕西中医药大学,2,43166
2024,1,16,中医学,A716,陕西中医药大学,2,64618
2024,1,21,中西医临床医学,A716,陕西中医药大学,2,55594
2024,1,24,中药学,A716,陕西中医药大学,2,93547
2024,1,27,医学检验技术,A716,陕西中医药大学,2,213281
2024,1,01,哲学类,A718,陕西师范大学,5,22939
2024,1,02,经济学类,A718,陕西师范大学,2,23197
2024,1,03,社会学,A718,陕西师范大学,5,26720
2024,1,05,马克思主义理论,A718,陕西师范大学,4,20114
2024,1,06,教育学(创新实验班),A718,陕西师范大学,4,22998
2024,1,0E,中国语言文学类,A718,陕西师范大学,11,14891
2024,1,0G,外国语言文学类(英语),A718,陕西师范大学,2,16276
2024,1,0J,外国语言文学类(非英语),A718,陕西师范大学,2,31290
2024,1,0M,新闻传播学类,A718,陕西师范大学,3,22544
2024,1,0U,化学类,A718,陕西师范大学,3,25099
2024,1,0W,地理科学类,A718,陕西师范大学,5,21178
2024,1,0Y,生物科学类,A718,陕西师范大学,5,24697
2024,1,12,材料类,A718,陕西师范大学,6,32575
2024,1,13,计算机类,A718,陕西师范大学,15,21485
2024,1,15,公共管理类,A718,陕西师范大学,9,23672
2024,1,18,工商管理类,A718,陕西师范大学,2,23639
2024,1,2D,广播电视编导,A718,陕西师范大学,4,53505
2024,1,2J,历史学类,A718,陕西师范大学,8,19252
2024,1,2L,数学类,A718,陕西师范大学,3,17435
2024,1,2N,物理学类,A718,陕西师范大学,2,19938
2024,1,BC,社会工作,A719,延安大学,5,122243
2024,1,EC,日语,A719,延安大学,5,141884
2024,1,FA,数学与应用数学(师范类),A719,延安大学,2,118760
2024,1,FC,计算机科学与技术,A719,延安大学,2,77038
2024,1,FD,软件工程,A719,延安大学,2,97287
2024,1,FE,物联网工程,A719,延安大学,4,121250
2024,1,GA,物理学(师范类),A719,延安大学,2,152786
2024,1,GB,电子信息工程,A719,延安大学,2,97011
2024,1,HA,化学(师范类),A719,延安大学,2,158872
2024,1,NB,运动康复,A719,延安大学,2,131994
2024,1,PA,临床医学,A719,延安大学,2,69694
2024,1,PB,麻醉学,A719,延安大学,2,65982
2024,1,PF,护理学,A719,延安大学,2,149686
2024,1,09,学前教育(师范类),A720,陕西理工大学,1,109848
2024,1,15,历史学(师范类),A720,陕西理工大学,1,63893
2024,1,26,数学与应用数学(师范类),A720,陕西理工大学,1,90281
2024,1,40,测控技术与仪器,A720,陕西理工大学,2,119278
2024,1,64,物流管理,A720,陕西理工大学,1,96291
2024,1,H1,电气工程及其自动化(中外合作办学),A720,陕西理工大学,4,152857
2024,1,H2,机械设计制造及其自动化(中外合作办学),A720,陕西理工大学,4,161483
2024,1,H3,网络工程(中外合作办学),A720,陕西理工大学,4,198425
2024,1,10,思想政治教育(师范类),A721,宝鸡文理学院,2,129801
2024,1,14,外国语言文学类,A721,宝鸡文理学院,4,163073
2024,1,16,历史学(师范类),A721,宝鸡文理学院,2,133307
2024,1,17,工商管理类,A721,宝鸡文理学院,2,151205
2024,1,22,经济学,A721,宝鸡文理学院,2,185732
2024,1,23,数字经济,A721,宝鸡文理学院,2,164433
2024,1,24,教育技术学(师范类),A721,宝鸡文理学院,2,176551
2024,1,25,数学与应用数学(师范类),A721,宝鸡文理学院,2,229632
2024,1,27,物理学(师范类),A721,宝鸡文理学院,2,276540
2024,1,28,化学(师范类),A721,宝鸡文理学院,5,304854
2024,1,29,应用化学,A721,宝鸡文理学院,2,229283
2024,1,30,地理科学(师范类),A721,宝鸡文理学院,4,142680
2024,1,31,人文地理与城乡规划,A721,宝鸡文理学院,2,177045
2024,1,33,统计学,A721,宝鸡文理学院,2,232103
2024,1,34,机械设计制造及其自动化,A721,宝鸡文理学院,5,212820
2024,1,35,材料成型及控制工程,A721,宝鸡文理学院,2,235905
2024,1,36,机械电子工程,A721,宝鸡文理学院,3,224936
2024,1,37,工业设计,A721,宝鸡文理学院,4,266138
2024,1,39,材料物理,A721,宝鸡文理学院,2,283117
2024,1,40,材料化学,A721,宝鸡文理学院,5,272072
2024,1,41,电气工程及其自动化,A721,宝鸡文理学院,8,206857
2024,1,42,电子信息类,A721,宝鸡文理学院,5,223700
2024,1,43,电子科学与技术,A721,宝鸡文理学院,2,210530
2024,1,44,人工智能,A721,宝鸡文理学院,2,217158
2024,1,45,自动化类,A721,宝鸡文理学院,2,226316
2024,1,46,计算机科学与技术,A721,宝鸡文理学院,4,190935
2024,1,23,思想政治教育(师范类),A722,咸阳师范学院,2,114709
2024,1,26,汉语言文学(师范类),A722,咸阳师范学院,2,106281
2024,1,34,文物与博物馆学,A722,咸阳师范学院,2,111886
2024,1,47,物理学(师范类),A722,咸阳师范学院,3,220004
2024,1,48,化学(师范类),A722,咸阳师范学院,2,288888
2024,1,59,数据科学,A722,咸阳师范学院,2,234382
2024,1,68,数字经济,A722,咸阳师范学院,2,181321
2024,1,1H,学前教育(中外合作办学)(师范类),A722,咸阳师范学院,3,195927
2024,1,18,广播电视编导,A723,渭南师范学院,3,188671
2024,1,42,数学与应用数学(师范类),A723,渭南师范学院,2,255827
2024,1,50,汉语言文学(师范类),A723,渭南师范学院,2,123503
2024,1,G2,信息安全,A723,渭南师范学院,2,227286
2024,1,H1,思想政治教育(师范类),A723,渭南师范学院,2,132018
2024,1,R5,物理学(师范类),A723,渭南师范学院,2,261968
2024,1,36,学前教育(中外合作办学)(师范类),A723,渭南师范学院,2,192011
2024,1,A1,经济学,A724,西安外国语大学,1,39315
2024,1,A2,金融学,A724,西安外国语大学,3,48138
2024,1,A3,国际经济与贸易,A724,西安外国语大学,1,46054
2024,1,A7,汉语言文学,A724,西安外国语大学,2,32876
2024,1,A9,英语,A724,西安外国语大学,10,42450
2024,1,AB,德语,A724,西安外国语大学,1,39545
2024,1,AC,法语,A724,西安外国语大学,1,38483
2024,1,AD,西班牙语,A724,西安外国语大学,1,38785
2024,1,AV,翻译,A724,西安外国语大学,4,56125
2024,1,AW,商务英语,A724,西安外国语大学,1,37687
2024,1,AX,新闻学,A724,西安外国语大学,3,50450
2024,1,B3,工商管理,A724,西安外国语大学,2,50479
2024,1,B6,审计学,A724,西安外国语大学,1,34846
2024,1,TU,汉语言文学,A724,西安外国语大学,2,34569
2024,1,00,哲学,A726,西北政法大学,2,29639
2024,1,01,社会工作,A726,西北政法大学,1,27516
2024,1,02,社会学,A726,西北政法大学,1,31483
2024,1,04,经济学类,A726,西北政法大学,8,31174
2024,1,05,法学(民商法),A726,西北政法大学,8,14048
2024,1,06,法学(经济法),A726,西北政法大学,7,15294
2024,1,07,法学(刑事法),A726,西北政法大学,7,15457
2024,1,08,法学(行政法),A726,西北政法大学,7,15975
2024,1,09,法学(涉外法治),A726,西北政法大学,2,15436
2024,1,10,法学(反恐怖主义法),A726,西北政法大学,2,16493
2024,1,11,法学(公共安全法),A726,西北政法大学,3,16414
2024,1,13,政治学与行政学,A726,西北政法大学,2,25266
2024,1,18,英语,A726,西北政法大学,1,30044
2024,1,19,电子商务及法律,A726,西北政法大学,2,22242
2024,1,20,新闻学,A726,西北政法大学,1,24506
2024,1,21,网络与新媒体,A726,西北政法大学,1,27956
2024,1,23,行政管理,A726,西北政法大学,1,28377
2024,1,24,国际政治,A726,西北政法大学,1,25972
2024,1,26,财务管理,A726,西北政法大学,2,27886
2024,1,27,人力资源管理,A726,西北政法大学,2,29670
2024,1,28,审计学,A726,西北政法大学,1,22322
2024,1,32,广播电视编导,A726,西北政法大学,2,85852
2024,1,33,戏剧影视文学,A726,西北政法大学,2,61661
2024,1,A2,艺术管理,A728,西安音乐学院,1,139654
2024,1,0N,艺术史论,A729,西安美术学院,2,146907
2024,1,0P,艺术管理,A729,西安美术学院,2,128622
2024,1,0Q,非物质文化遗产保护,A729,西安美术学院,2,101160
2024,1,0R,艺术设计学,A729,西安美术学院,2,122657
2024,1,0S,美术学,A729,西安美术学院,3,162404
2024,1,04,法学,A730,兰州大学,4,13581
2024,1,05,政治学类,A730,兰州大学,4,19824
2024,1,08,马克思主义理论类,A730,兰州大学,4,18333
2024,1,15,历史学类,A730,兰州大学,4,16447
2024,1,23,经济学类,A730,兰州大学,8,19120
2024,1,26,英语,A730,兰州大学,4,20447
2024,1,28,新闻传播学类,A730,兰州大学,3,19915
2024,1,30,数学类,A730,兰州大学,6,12856
2024,1,31,物理学类,A730,兰州大学,15,14041
2024,1,32,应用物理学(原子核物理方向),A730,兰州大学,4,13896
2024,1,34,化学类,A730,兰州大学,10,20069
2024,1,38,大气科学类,A730,兰州大学,10,18754
2024,1,41,生物技术(含基地班),A730,兰州大学,5,15691
2024,1,44,理论与应用力学(基地班),A730,兰州大学,6,14988
2024,1,46,电子信息类,A730,兰州大学,10,12427
2024,1,47,计算机类,A730,兰州大学,6,11445
2024,1,61,口腔医学,A730,兰州大学,7,13428
2024,1,66,工商管理类,A730,兰州大学,6,20184
2024,1,68,临床医学,A730,兰州大学,18,14599
2024,1,7C,汉语言文学,A730,兰州大学,4,14996
2024,1,7E,材料类,A730,兰州大学,5,18082
2024,1,74,计算机科学与技术(中外合作办学),A730,兰州大学,26,25846
2024,1,01,材料成型及控制工程,A731,兰州理工大学,2,118738
2024,1,02,冶金工程,A731,兰州理工大学,2,179246
2024,1,03,金属材料工程,A731,兰州理工大学,2,154146
2024,1,04,无机非金属材料工程,A731,兰州理工大学,4,168181
2024,1,06,焊接技术与工程,A731,兰州理工大学,4,143344
2024,1,07,功能材料(新能源材料方向),A731,兰州理工大学,2,147684
2024,1,08,机械设计制造及其自动化,A731,兰州理工大学,4,83137
2024,1,09,智能制造工程,A731,兰州理工大学,4,102098
2024,1,0A,能源与动力工程,A731,兰州理工大学,3,86650
2024,1,0C,水利水电工程,A731,兰州理工大学,4,113340
2024,1,0D,土木工程,A731,兰州理工大学,5,198062
2024,1,0E,建筑环境与能源应用工程,A731,兰州理工大学,2,138929
2024,1,0F,给排水科学与工程,A731,兰州理工大学,2,186465
2024,1,0G,道路桥梁与渡河工程,A731,兰州理工大学,4,178252
2024,1,0H,智能建造,A731,兰州理工大学,2,151786
2024,1,0J,测绘工程,A731,兰州理工大学,3,152173
2024,1,0K,工程管理,A731,兰州理工大学,2,188632
2024,1,0M,电气工程及其自动化,A731,兰州理工大学,2,55125
2024,1,0N,电子信息科学与技术,A731,兰州理工大学,4,75804
2024,1,0P,自动化,A731,兰州理工大学,4,72233
2024,1,0Q,机器人工程,A731,兰州理工大学,2,80625
2024,1,0R,通信工程,A731,兰州理工大学,4,79058
2024,1,0S,计算机科学与技术,A731,兰州理工大学,4,66420
2024,1,0T,软件工程,A731,兰州理工大学,6,76100
2024,1,0U,物联网工程,A731,兰州理工大学,2,78663
2024,1,0V,数据科学与大数据技术,A731,兰州理工大学,2,81824
2024,1,0W,网络空间安全,A731,兰州理工大学,3,88924
2024,1,0Z,市场营销,A731,兰州理工大学,2,134982
2024,1,11,工业工程,A731,兰州理工大学,4,144678
2024,1,12,过程装备与控制工程,A731,兰州理工大学,4,118642
2024,1,13,化学工程与工艺,A731,兰州理工大学,5,166890
2024,1,14,油气储运工程,A731,兰州理工大学,2,154879
2024,1,15,环境工程,A731,兰州理工大学,3,180250
2024,1,16,安全工程,A731,兰州理工大学,2,129747
2024,1,17,应用化学,A731,兰州理工大学,2,137462
2024,1,19,测控技术与仪器,A731,兰州理工大学,4,115485
2024,1,1A,会计学,A731,兰州理工大学,2,84185
2024,1,1D,国际经济与贸易,A731,兰州理工大学,3,120060
2024,1,1N,生物工程,A731,兰州理工大学,3,172983
2024,1,1Q,微电子科学与工程,A731,兰州理工大学,4,83307
2024,1,1U,英语,A731,兰州理工大学,4,127448
2024,1,1V,俄语,A731,兰州理工大学,4,135454
2024,1,1X,法学,A731,兰州理工大学,3,68527
2024,1,1Y,知识产权,A731,兰州理工大学,3,92271
2024,1,1Z,汉语言文学,A731,兰州理工大学,4,85380
2024,1,01,交通运输,A732,兰州交通大学,12,60546
2024,1,02,交通工程,A732,兰州交通大学,4,73638
2024,1,03,信息管理与信息系统,A732,兰州交通大学,2,82184
2024,1,04,物流管理,A732,兰州交通大学,3,97294
2024,1,06,建筑环境与能源应用工程,A732,兰州交通大学,3,168760
2024,1,07,给排水科学与工程,A732,兰州交通大学,4,132411
2024,1,08,环境工程,A732,兰州交通大学,3,153682
2024,1,10,土木工程,A732,兰州交通大学,5,136343
2024,1,11,土木工程(卓越计划班),A732,兰州交通大学,2,147610
2024,1,12,工程造价,A732,兰州交通大学,3,99171
2024,1,13,水利水电工程,A732,兰州交通大学,3,85281
2024,1,14,工程管理,A732,兰州交通大学,2,113632
2024,1,15,铁道工程,A732,兰州交通大学,8,78943
2024,1,16,道路桥梁与渡河工程,A732,兰州交通大学,2,111091
2024,1,17,机械设计制造及其自动化,A732,兰州交通大学,5,67756
2024,1,18,机械电子工程,A732,兰州交通大学,2,72719
2024,1,19,车辆工程,A732,兰州交通大学,11,69282
2024,1,20,车辆工程(卓越计划班),A732,兰州交通大学,2,51556
2024,1,22,能源与动力工程,A732,兰州交通大学,3,83667
2024,1,24,电气工程及其自动化,A732,兰州交通大学,3,47374
2024,1,25,电气工程及其自动化(卓越计划班),A732,兰州交通大学,1,40943
2024,1,27,轨道交通信号与控制,A732,兰州交通大学,5,60292
2024,1,28,电子信息工程,A732,兰州交通大学,4,67719
2024,1,29,通信工程,A732,兰州交通大学,3,60065
2024,1,30,计算机科学与技术,A732,兰州交通大学,2,60929
2024,1,31,电子科学与技术,A732,兰州交通大学,2,67858
2024,1,32,软件工程,A732,兰州交通大学,2,69139
2024,1,33,数据科学与大数据技术,A732,兰州交通大学,2,74689
2024,1,36,信息与计算科学,A732,兰州交通大学,2,81838
2024,1,37,应用物理学,A732,兰州交通大学,3,116869
2024,1,38,地理信息科学,A732,兰州交通大学,3,77167
2024,1,41,材料科学与工程,A732,兰州交通大学,2,127040
2024,1,48,建筑学,A732,兰州交通大学,1,121083
2024,1,49,城乡规划,A732,兰州交通大学,1,102959
2024,1,50,汉语言文学,A732,兰州交通大学,1,67156
2024,1,51,汉语国际教育,A732,兰州交通大学,1,95094
2024,1,52,国际经济与贸易,A732,兰州交通大学,1,99766
2024,1,53,工商管理,A732,兰州交通大学,1,91267
2024,1,55,会计学,A732,兰州交通大学,1,55248
2024,1,58,法语,A732,兰州交通大学,1,118866
2024,1,59,西班牙语,A732,兰州交通大学,1,112302
2024,1,61,材料成型及控制工程,A732,兰州交通大学,2,110413
2024,1,62,应用化学,A732,兰州交通大学,1,122742
2024,1,63,化学工程与工艺,A732,兰州交通大学,2,115508
2024,1,64,过程装备与控制工程,A732,兰州交通大学,2,110313
2024,1,65,生物工程,A732,兰州交通大学,1,130083
2024,1,67,工程力学,A732,兰州交通大学,2,108878
2024,1,68,统计学,A732,兰州交通大学,2,113426
2024,1,80,通信工程(茅以升班),A732,兰州交通大学,1,55447
2024,1,81,给排水科学与工程(茅以升班),A732,兰州交通大学,1,74463
2024,1,82,车辆工程(詹天佑班),A732,兰州交通大学,1,54530
2024,1,83,交通运输(茅以升班),A732,兰州交通大学,1,53165
2024,1,84,土木工程(詹天佑班),A732,兰州交通大学,1,117505
2024,1,85,土木工程(茅以升班),A732,兰州交通大学,1,88347
2024,1,86,自动化(茅以升班),A732,兰州交通大学,1,49699
2024,1,87,轨道交通信号与控制(茅以升班),A732,兰州交通大学,1,57298
2024,1,01,农学,A733,甘肃农业大学,10,218436
2024,1,03,种子科学与工程,A733,甘肃农业大学,5,239904
2024,1,05,草业科学,A733,甘肃农业大学,7,287159
2024,1,07,动物医学,A733,甘肃农业大学,7,165743
2024,1,0A,动物科学,A733,甘肃农业大学,5,203323
2024,1,0E,农林经济管理(基地班),A733,甘肃农业大学,5,139019
2024,1,0P,车辆工程,A733,甘肃农业大学,7,175897
2024,1,0W,林学,A733,甘肃农业大学,7,252896
2024,1,0X,园林,A733,甘肃农业大学,5,162712
2024,1,0Y,水土保持与荒漠化防治,A733,甘肃农业大学,5,236470
2024,1,0Z,风景园林,A733,甘肃农业大学,7,149868
2024,1,12,生物工程,A733,甘肃农业大学,5,234010
2024,1,1A,生物技术,A733,甘肃农业大学,7,247892
2024,1,1C,园艺,A733,甘肃农业大学,10,248626
2024,1,1D,设施农业科学与工程,A733,甘肃农业大学,10,233555
2024,1,1E,植物保护,A733,甘肃农业大学,10,258267
2024,1,1L,汉语言文学,A733,甘肃农业大学,7,99282
2024,1,1Q,电子信息工程,A733,甘肃农业大学,5,154362
2024,1,1T,应用统计学,A733,甘肃农业大学,7,200347
2024,1,01,中医学(5+3一体化),A735,甘肃中医药大学,3,44120
2024,1,02,中医学,A735,甘肃中医药大学,8,81017
2024,1,03,中医骨伤科学,A735,甘肃中医药大学,3,115335
2024,1,04,中西医临床医学,A735,甘肃中医药大学,4,113839
2024,1,05,针灸推拿学,A735,甘肃中医药大学,4,107288
2024,1,06,中医康复学,A735,甘肃中医药大学,3,130077
2024,1,07,康复治疗学,A735,甘肃中医药大学,1,117404
2024,1,08,临床医学,A735,甘肃中医药大学,4,69946
2024,1,09,医学影像学,A735,甘肃中医药大学,3,87446
2024,1,10,预防医学,A735,甘肃中医药大学,2,198232
2024,1,15,中药学,A735,甘肃中医药大学,6,186235
2024,1,16,中草药栽培与鉴定,A735,甘肃中医药大学,3,210689
2024,1,18,药学,A735,甘肃中医药大学,3,173137
2024,1,20,食品质量与安全,A735,甘肃中医药大学,2,226643
2024,1,29,汉语言文学,A735,甘肃中医药大学,1,109003
2024,1,D1,国际经济与贸易,A735,甘肃中医药大学,5,149768
2024,1,D2,医疗保险,A735,甘肃中医药大学,4,160186
2024,1,D3,护理学,A735,甘肃中医药大学,5,139682
2024,1,D4,医学检验技术,A735,甘肃中医药大学,1,185611
2024,1,D5,卫生检验与检疫,A735,甘肃中医药大学,4,202178
2024,1,D6,医学信息工程,A735,甘肃中医药大学,2,187437
2024,1,D7,智能医学工程,A735,甘肃中医药大学,5,210964
2024,1,D8,运动康复,A735,甘肃中医药大学,2,178886
2024,1,D9,公共事业管理,A735,甘肃中医药大学,4,151188
2024,1,03,英语(师范类),A736,西北师范大学,7,66892
2024,1,07,经济统计学,A736,西北师范大学,3,99401
2024,1,11,学前教育(师范类),A736,西北师范大学,2,91798
2024,1,13,地理信息科学,A736,西北师范大学,4,72770
2024,1,14,法学,A736,西北师范大学,6,49311
2024,1,16,金融学,A736,西北师范大学,2,89691
2024,1,17,电气工程及其自动化,A736,西北师范大学,4,77207
2024,1,21,数学与应用数学(师范类),A736,西北师范大学,8,90485
2024,1,23,哲学,A736,西北师范大学,2,69919
2024,1,25,特殊教育(师范类),A736,西北师范大学,2,90053
2024,1,26,生物技术,A736,西北师范大学,4,213120
2024,1,27,教育学(师范类),A736,西北师范大学,1,62609
2024,1,28,教育技术学(师范类),A736,西北师范大学,4,144737
2024,1,30,国际经济与贸易,A736,西北师范大学,4,113815
2024,1,31,数字媒体艺术,A736,西北师范大学,2,81684
2024,1,32,经济学,A736,西北师范大学,3,78682
2024,1,33,物联网工程,A736,西北师范大学,2,110335
2024,1,34,生物科学(师范类),A736,西北师范大学,6,207730
2024,1,35,汉语言文学(师范类),A736,西北师范大学,6,40038
2024,1,37,数据科学与大数据技术,A736,西北师范大学,3,85732
2024,1,39,软件工程,A736,西北师范大学,4,85847
2024,1,40,汉语国际教育(师范类),A736,西北师范大学,5,73165
2024,1,42,俄语(师范类),A736,西北师范大学,4,89744
2024,1,43,物流管理,A736,西北师范大学,4,126789
2024,1,44,信息与计算科学,A736,西北师范大学,3,95707
2024,1,45,电子信息工程,A736,西北师范大学,5,82056
2024,1,46,地理科学(师范类),A736,西北师范大学,4,55840
2024,1,47,会计学,A736,西北师范大学,6,61655
2024,1,48,旅游管理,A736,西北师范大学,4,135354
2024,1,51,计算机科学与技术(师范类),A736,西北师范大学,3,92580
2024,1,53,物理学(师范类),A736,西北师范大学,6,131732
2024,1,54,历史学(师范类),A736,西北师范大学,4,51390
2024,1,55,思想政治教育(师范类),A736,西北师范大学,6,57895
2024,1,57,广播电视编导,A736,西北师范大学,5,136903
2024,1,59,制药工程,A736,西北师范大学,2,172456
2024,1,60,公共管理类,A736,西北师范大学,5,117211
2024,1,63,工商管理类,A736,西北师范大学,3,107489
2024,1,66,社会学类,A736,西北师范大学,4,93351
2024,1,69,心理学类(师范类),A736,西北师范大学,6,84440
2024,1,83,环境工程,A736,西北师范大学,5,198500
2024,1,HA,化学(中外合作办学),A736,西北师范大学,6,214286
2024,1,01,数学与应用数学(师范类),A737,兰州城市学院,2,281565
2024,1,03,城乡规划,A737,兰州城市学院,2,164251
2024,1,06,汉语言文学(师范类),A737,兰州城市学院,2,138295
2024,1,0F,化学工程与工艺,A737,兰州城市学院,5,258611
2024,1,0H,经济学,A737,兰州城市学院,6,165104
2024,1,0L,审计学,A737,兰州城市学院,8,149111
2024,1,0S,新闻学,A737,兰州城市学院,2,172437
2024,1,0X,油气储运工程,A737,兰州城市学院,2,269042
2024,1,0Y,石油工程,A737,兰州城市学院,3,248772
2024,1,10,新能源科学与工程,A737,兰州城市学院,2,252316
2024,1,11,机械设计制造及其自动化,A737,兰州城市学院,2,243609
2024,1,12,焊接技术与工程,A737,兰州城市学院,2,263945
2024,1,17,通信工程,A737,兰州城市学院,2,253377
2024,1,18,软件工程,A737,兰州城市学院,2,238747
2024,1,1H,英语(师范类),A737,兰州城市学院,3,160494
2024,1,1J,法语,A737,兰州城市学院,2,182592
2024,1,1K,汉语国际教育(师范类),A737,兰州城市学院,2,159916
2024,1,1M,学前教育(师范类),A737,兰州城市学院,2,175246
2024,1,1X,思想政治教育(师范类),A737,兰州城市学院,2,141613
2024,1,38,会计学,A737,兰州城市学院,4,147644
2024,1,3B,土木工程,A737,兰州城市学院,4,253448
2024,1,7J,环境工程,A737,兰州城市学院,4,266118
2024,1,01,汉语言文学(师范类),A738,陇东学院,4,140902
2024,1,04,历史学(师范类),A738,陇东学院,2,157553
2024,1,0E,会计学,A738,陇东学院,4,155998
2024,1,0G,统计学,A738,陇东学院,2,269065
2024,1,0J,数学与应用数学(师范类),A738,陇东学院,2,268611
2024,1,0L,计算机科学与技术,A738,陇东学院,2,235050
2024,1,0P,物联网工程,A738,陇东学院,2,249668
2024,1,0S,数据科学与大数据技术,A738,陇东学院,2,249440
2024,1,0V,生物科学(师范类),A738,陇东学院,2,277817
2024,1,0X,生物制药,A738,陇东学院,2,252315
2024,1,0Z,食品科学与工程,A738,陇东学院,2,262191
2024,1,10,农学,A738,陇东学院,2,274716
2024,1,13,农业资源与环境,A738,陇东学院,2,273801
2024,1,1A,化学(师范类),A738,陇东学院,2,266109
2024,1,1C,过程装备与控制工程,A738,陇东学院,2,252946
2024,1,1F,化学工程与工艺,A738,陇东学院,2,268525
2024,1,1H,石油工程,A738,陇东学院,2,254521
2024,1,1K,土木工程,A738,陇东学院,2,239434
2024,1,1N,工程管理,A738,陇东学院,2,194673
2024,1,1P,机械设计制造及其自动化,A738,陇东学院,2,246096
2024,1,1T,电子信息工程,A738,陇东学院,2,238968
2024,1,1W,自动化,A738,陇东学院,2,241205
2024,1,1Z,护理学,A738,陇东学院,4,169234
2024,1,20,健康服务与管理,A738,陇东学院,4,177038
2024,1,22,地理科学(师范类),A738,陇东学院,4,160802
2024,1,24,地理信息科学,A738,陇东学院,4,162951
2024,1,26,人文地理与城乡规划,A738,陇东学院,4,168001
2024,1,2F,安全工程,A738,陇东学院,2,266739
2024,1,0A,汉语言文学(师范类),A739,天水师范学院,6,134762
2024,1,0R,思想政治教育(师范类),A739,天水师范学院,3,136792
2024,1,1K,英语(师范类),A739,天水师范学院,5,172645
2024,1,1S,商务英语,A739,天水师范学院,3,178079
2024,1,20,历史学(师范类),A739,天水师范学院,4,149083
2024,1,22,文物与博物馆学,A739,天水师范学院,5,166430
2024,1,2U,化学(师范类),A739,天水师范学院,3,270316
2024,1,34,应用化学,A739,天水师范学院,3,266044
2024,1,43,数学与应用数学(师范类),A739,天水师范学院,3,271651
2024,1,4Y,机械类,A739,天水师范学院,3,235838
2024,1,5K,地理科学(师范类),A739,天水师范学院,2,148644
2024,1,01,经济学,A740,河西学院,4,167810
2024,1,03,法学,A740,河西学院,4,127395
2024,1,14,汉语言文学(师范类),A740,河西学院,4,145699
2024,1,16,英语(师范类),A740,河西学院,4,166787
2024,1,19,网络与新媒体,A740,河西学院,4,167946
2024,1,21,文物与博物馆学,A740,河西学院,2,160675
2024,1,29,能源与动力工程,A740,河西学院,4,247403
2024,1,30,储能科学与工程,A740,河西学院,4,255937
2024,1,31,电气工程及其自动化,A740,河西学院,2,213262
2024,1,36,网络工程,A740,河西学院,4,261749
2024,1,40,道路桥梁与渡河工程,A740,河西学院,2,272060
2024,1,42,农业水利工程,A740,河西学院,4,269571
2024,1,43,食品科学与工程,A740,河西学院,4,276165
2024,1,44,酿酒工程,A740,河西学院,4,276679
2024,1,46,生物工程,A740,河西学院,4,281398
2024,1,47,农学,A740,河西学院,4,278519
2024,1,54,医学检验技术,A740,河西学院,4,204145
2024,1,55,医学影像技术,A740,河西学院,2,193030
2024,1,60,工程管理,A740,河西学院,4,195548
2024,1,01,会计学,A741,兰州财经大学,4,62567
2024,1,03,财务管理,A741,兰州财经大学,4,73354
2024,1,04,审计学,A741,兰州财经大学,3,65541
2024,1,05,资产评估,A741,兰州财经大学,3,115372
2024,1,06,金融学,A741,兰州财经大学,3,94132
2024,1,07,金融工程,A741,兰州财经大学,4,128670
2024,1,08,保险学,A741,兰州财经大学,4,137956
2024,1,09,金融科技,A741,兰州财经大学,4,138933
2024,1,0L,投资学,A741,兰州财经大学,4,120163
2024,1,0M,经济统计学,A741,兰州财经大学,4,116641
2024,1,0N,统计学,A741,兰州财经大学,3,135634
2024,1,0P,应用统计学,A741,兰州财经大学,3,138891
2024,1,0Q,数据科学与大数据技术,A741,兰州财经大学,3,131635
2024,1,0R,工商管理,A741,兰州财经大学,3,116198
2024,1,0S,市场营销,A741,兰州财经大学,3,150753
2024,1,0T,人力资源管理,A741,兰州财经大学,3,144445
2024,1,0U,旅游管理,A741,兰州财经大学,3,155523
2024,1,0V,供应链管理,A741,兰州财经大学,3,146111
2024,1,0W,经济学,A741,兰州财经大学,3,86249
2024,1,0X,数字经济,A741,兰州财经大学,3,131357
2024,1,0Y,国际经济与贸易,A741,兰州财经大学,3,114935
2024,1,10,跨境电子商务,A741,兰州财经大学,3,153553
2024,1,18,计算机科学与技术,A741,兰州财经大学,3,97623
2024,1,19,信息管理与信息系统,A741,兰州财经大学,3,128585
2024,1,1B,电子信息工程,A741,兰州财经大学,3,125407
2024,1,1C,人工智能,A741,兰州财经大学,5,139643
2024,1,1D,智能科学与技术,A741,兰州财经大学,5,159181
2024,1,1E,大数据管理与应用,A741,兰州财经大学,4,131251
2024,1,1F,公共事业管理,A741,兰州财经大学,3,133511
2024,1,1G,劳动与社会保障,A741,兰州财经大学,3,148172
2024,1,1H,社会工作,A741,兰州财经大学,3,138781
2024,1,1J,财政学,A741,兰州财经大学,3,84375
2024,1,1K,税收学,A741,兰州财经大学,3,84506
2024,1,1L,法学,A741,兰州财经大学,5,70136
2024,1,1M,知识产权,A741,兰州财经大学,3,96847
2024,1,1V,新闻学,A741,兰州财经大学,3,142322
2024,1,1W,广告学,A741,兰州财经大学,3,151402
2024,1,1X,汉语言文学,A741,兰州财经大学,3,85811
2024,1,1Y,网络与新媒体,A741,兰州财经大学,3,104663
2024,1,1Z,英语,A741,兰州财经大学,3,144188
2024,1,20,翻译,A741,兰州财经大学,4,155648
2024,1,21,商务英语,A741,兰州财经大学,3,144136
2024,1,27,农林经济管理,A741,兰州财经大学,3,124418
2024,1,28,土地资源管理,A741,兰州财经大学,3,128866
2024,1,29,人文地理与城乡规划,A741,兰州财经大学,3,128157
2024,1,2A,金融学(121中俄实验班),A741,兰州财经大学,4,130223
2024,1,2B,会计学(121中美实验班),A741,兰州财经大学,4,102608
2024,1,2C,国际商务(中英实验班),A741,兰州财经大学,4,146847
2024,1,L1,电子信息类,A742,西北民族大学,6,151932
2024,1,L6,动物科学,A742,西北民族大学,3,220252
2024,1,L7,动物医学,A742,西北民族大学,4,186728
2024,1,L8,生物工程,A742,西北民族大学,2,208158
2024,1,LA,食品科学与工程,A742,西北民族大学,2,208969
2024,1,LB,计算机类,A742,西北民族大学,7,130676
2024,1,LD,土木工程,A742,西北民族大学,2,228470
2024,1,LE,无机非金属材料工程,A742,西北民族大学,5,223320
2024,1,LF,护理学,A742,西北民族大学,2,151372
2024,1,LP,道路桥梁与渡河工程,A742,西北民族大学,4,211573
2024,1,P1,财务管理,A742,西北民族大学,4,119147
2024,1,P7,金融学,A742,西北民族大学,5,149352
2024,1,P8,经济学,A742,西北民族大学,3,136095
2024,1,P9,法学,A742,西北民族大学,3,72123
2024,1,PA,公共事业管理,A742,西北民族大学,2,130971
2024,1,PC,历史学,A742,西北民族大学,2,83620
2024,1,PF,社会学,A742,西北民族大学,3,114311
2024,1,PJ,英语,A742,西北民族大学,2,130578
2024,1,PP,新闻传播学类,A742,西北民族大学,3,122532
2024,1,PQ,中国少数民族语言文学(零基础I),A742,西北民族大学,1,92469
2024,1,PS,中国少数民族语言文学(零基础III),A742,西北民族大学,1,124412
2024,1,PT,汉语言文学,A742,西北民族大学,2,71782
2024,1,YB,广播电视编导,A742,西北民族大学,3,150497
2024,1,01,经济学,A743,青海大学,5,44682
2024,1,02,信息管理与信息系统,A743,青海大学,6,49201
2024,1,03,金融学,A743,青海大学,4,47727
2024,1,04,旅游管理,A743,青海大学,10,67270
2024,1,06,工商管理类,A743,青海大学,6,45944
2024,1,07,临床医学,A743,青海大学,7,36058
2024,1,08,口腔医学,A743,青海大学,1,29256
2024,1,09,医学影像学,A743,青海大学,1,38828
2024,1,10,麻醉学,A743,青海大学,2,34194
2024,1,11,医学检验技术,A743,青海大学,1,41269
2024,1,12,护理学,A743,青海大学,6,91814
2024,1,13,中医学,A743,青海大学,4,48733
2024,1,14,药学,A743,青海大学,1,38207
2024,1,15,中药学,A743,青海大学,3,89436
2024,1,16,预防医学,A743,青海大学,2,47219
2024,1,17,草业科学,A743,青海大学,5,90039
2024,1,18,林学,A743,青海大学,6,94456
2024,1,19,农业资源与环境,A743,青海大学,2,80173
2024,1,20,植物生产类,A743,青海大学,8,77589
2024,1,21,动物医学,A743,青海大学,4,64872
2024,1,22,动物科学,A743,青海大学,5,85103
2024,1,23,食品科学与工程,A743,青海大学,5,66336
2024,1,24,化工与制药类,A743,青海大学,8,68168
2024,1,25,能源化学工程,A743,青海大学,4,58383
2024,1,26,化学工程与工艺(卓越工程师),A743,青海大学,2,48695
2024,1,27,应用化学,A743,青海大学,8,75647
2024,1,28,自动化,A743,青海大学,8,38884
2024,1,29,过程装备与控制工程,A743,青海大学,8,66007
2024,1,30,水利水电工程,A743,青海大学,18,68430
2024,1,31,土木工程,A743,青海大学,16,94663
2024,1,32,给排水科学与工程,A743,青海大学,2,68356
2024,1,33,城乡规划,A743,青海大学,2,53898
2024,1,34,工程管理,A743,青海大学,2,65275
2024,1,39,冶金工程,A743,青海大学,4,83247
2024,1,40,生物工程,A743,青海大学,4,70037
2024,1,41,环境科学,A743,青海大学,6,78171
2024,1,42,环境生态工程,A743,青海大学,2,75165
2024,1,43,生物技术,A743,青海大学,15,76709
2024,1,44,生态学,A743,青海大学,5,83863
2024,1,45,地质工程,A743,青海大学,4,75128
2024,1,46,测绘工程,A743,青海大学,8,78137
2024,1,47,资源勘查工程,A743,青海大学,4,83716
2024,1,48,计算机科学与技术,A743,青海大学,14,36151
2024,1,49,电气工程及其自动化,A743,青海大学,10,36272
2024,1,50,新能源材料与器件,A743,青海大学,4,46834
2024,1,51,储能科学与工程,A743,青海大学,6,54911
2024,1,54,环境工程,A743,青海大学,8,84854
2024,1,55,临床医学(卓越医师),A743,青海大学,3,32893
2024,1,56,草业科学(卓越草业师),A743,青海大学,4,97141
2024,1,57,动物医学(卓越兽医师),A743,青海大学,5,67688
2024,1,58,水利水电工程(卓越工程师),A743,青海大学,4,55012
2024,1,59,土木工程(创新实验班),A743,青海大学,4,81075
2024,1,5C,冶金工程(卓越工程师),A743,青海大学,4,73098
2024,1,5F,计算机科学与技术(绿色算力创新班),A743,青海大学,2,32459
2024,1,5H,新能源材料与器件(计算材料创新班),A743,青海大学,3,49663
2024,1,01,经济学,A746,青海师范大学,4,131075
2024,1,03,金融学,A746,青海师范大学,2,129009
2024,1,07,社会学,A746,青海师范大学,2,134898
2024,1,13,学前教育(师范类),A746,青海师范大学,2,146914
2024,1,18,小学教育(师范类，全科),A746,青海师范大学,2,120055
2024,1,23,汉语言文学(师范类),A746,青海师范大学,6,79440
2024,1,31,英语(师范类),A746,青海师范大学,5,113696
2024,1,38,新闻学,A746,青海师范大学,3,149192
2024,1,40,历史学(师范类),A746,青海师范大学,4,96773
2024,1,44,数学与应用数学(师范类),A746,青海师范大学,5,152729
2024,1,49,物理学(师范类),A746,青海师范大学,5,203029
2024,1,54,化学(师范类),A746,青海师范大学,2,201166
2024,1,60,地理科学(师范类),A746,青海师范大学,3,96752
2024,1,66,生物科学(师范类),A746,青海师范大学,5,296610
2024,1,69,生物技术,A746,青海师范大学,5,249240
2024,1,70,生态学,A746,青海师范大学,5,269470
2024,1,71,应用心理学,A746,青海师范大学,2,135398
2024,1,72,统计学,A746,青海师范大学,3,168746
2024,1,74,电子信息工程,A746,青海师范大学,2,150057
2024,1,79,计算机科学与技术,A746,青海师范大学,2,123324
2024,1,84,环境科学,A746,青海师范大学,2,249726
2024,1,88,酒店管理,A746,青海师范大学,2,156592
2024,1,J2,汉语言文学(师范类),A746,青海师范大学,1,65916
2024,1,01,经济学,A748,青海民族大学,2,148501
2024,1,08,社会工作,A748,青海民族大学,1,153556
2024,1,09,思想政治教育(师范类),A748,青海民族大学,1,114278
2024,1,0F,汉语言文学,A748,青海民族大学,2,100524
2024,1,0K,秘书学,A748,青海民族大学,4,153742
2024,1,0L,英语,A748,青海民族大学,1,150313
2024,1,0N,阿拉伯语,A748,青海民族大学,1,150665
2024,1,0S,数学与应用数学(师范类),A748,青海民族大学,3,225159
2024,1,0V,化学(师范类),A748,青海民族大学,2,279465
2024,1,0W,应用化学,A748,青海民族大学,2,212320
2024,1,0X,生物科学,A748,青海民族大学,5,278624
2024,1,0Y,应用心理学,A748,青海民族大学,2,140557
2024,1,0Z,统计学,A748,青海民族大学,3,221090
2024,1,11,能源与动力工程,A748,青海民族大学,3,185661
2024,1,12,通信工程,A748,青海民族大学,3,184536
2024,1,15,计算机科学与技术,A748,青海民族大学,3,161507
2024,1,16,网络工程,A748,青海民族大学,3,171072
2024,1,19,水利水电工程,A748,青海民族大学,3,233316
2024,1,1A,化学工程与工艺,A748,青海民族大学,2,216099
2024,1,1B,旅游地学与规划工程,A748,青海民族大学,2,248747
2024,1,1C,交通运输,A748,青海民族大学,3,209608
2024,1,1G,药物制剂,A748,青海民族大学,2,261053
2024,1,1P,行政管理,A748,青海民族大学,4,156017
2024,1,1T,旅游管理,A748,青海民族大学,6,170479
2024,1,20,土地资源管理(中外合作办学),A748,青海民族大学,6,206257
2024,1,01,汉语言文学(师范类),A749,宁夏大学,10,31405
2024,1,03,历史学(师范类),A749,宁夏大学,7,36662
2024,1,04,阿拉伯语,A749,宁夏大学,4,56111
2024,1,06,英语(师范类),A749,宁夏大学,5,39350
2024,1,07,俄语,A749,宁夏大学,3,48480
2024,1,12,思想政治教育(师范类),A749,宁夏大学,8,34984
2024,1,13,新闻学,A749,宁夏大学,8,48096
2024,1,15,法学,A749,宁夏大学,3,25908
2024,1,16,行政管理,A749,宁夏大学,7,47193
2024,1,19,金融学,A749,宁夏大学,5,44540
2024,1,20,经济学,A749,宁夏大学,6,41024
2024,1,21,农林经济管理,A749,宁夏大学,7,49928
2024,1,22,工商管理(英国高等教育文凭项目),A749,宁夏大学,5,59014
2024,1,23,会计学(英国高等教育文凭项目),A749,宁夏大学,5,48002
2024,1,24,小学教育(师范类),A749,宁夏大学,3,53048
2024,1,36,应用心理学(师范类),A749,宁夏大学,7,48674
2024,1,37,教育技术学,A749,宁夏大学,6,69980
2024,1,39,数学与应用数学(师范类),A749,宁夏大学,10,45132
2024,1,40,信息与计算科学,A749,宁夏大学,5,37988
2024,1,42,物理学,A749,宁夏大学,14,48082
2024,1,44,电气工程及其自动化,A749,宁夏大学,11,29645
2024,1,45,电子信息工程,A749,宁夏大学,7,32559
2024,1,46,通信工程,A749,宁夏大学,6,33492
2024,1,47,计算机科学与技术,A749,宁夏大学,8,31731
2024,1,48,网络工程,A749,宁夏大学,3,34408
2024,1,49,软件工程(与印度国家信息技术学院合作项目),A749,宁夏大学,9,37300
2024,1,51,生物科学,A749,宁夏大学,11,56759
2024,1,53,生物技术,A749,宁夏大学,2,51504
2024,1,54,动物科学,A749,宁夏大学,11,84909
2024,1,55,动物医学,A749,宁夏大学,7,53370
2024,1,56,食品科学与工程,A749,宁夏大学,10,64478
2024,1,58,道路桥梁与渡河工程,A749,宁夏大学,8,89014
2024,1,59,水利水电工程,A749,宁夏大学,3,50186
2024,1,62,城乡规划,A749,宁夏大学,6,55185
2024,1,63,地理科学,A749,宁夏大学,6,42758
2024,1,66,地理信息科学,A749,宁夏大学,8,38548
2024,1,67,人文地理与城乡规划,A749,宁夏大学,6,44867
2024,1,69,农学,A749,宁夏大学,18,70092
2024,1,70,植物保护,A749,宁夏大学,7,86889
2024,1,71,农业资源与环境,A749,宁夏大学,4,71534
2024,1,74,林学,A749,宁夏大学,10,83494
2024,1,75,草业科学,A749,宁夏大学,8,76922
2024,1,78,园艺,A749,宁夏大学,8,87434
2024,1,79,化学,A749,宁夏大学,18,59718
2024,1,81,化学工程与工艺,A749,宁夏大学,16,59739
2024,1,84,过程装备与控制工程,A749,宁夏大学,7,47680
2024,1,85,材料科学与工程,A749,宁夏大学,9,53131
2024,1,86,新能源材料与器件,A749,宁夏大学,6,41110
2024,1,77,葡萄与葡萄酒工程(中外合作办学),A749,宁夏大学,10,128405
2024,1,83,机械工程(中外合作办学),A749,宁夏大学,9,67710
2024,1,A1,临床医学,A752,宁夏医科大学,33,51445
2024,1,A3,麻醉学,A752,宁夏医科大学,1,41063
2024,1,A5,医学影像学,A752,宁夏医科大学,3,56726
2024,1,A7,眼视光医学,A752,宁夏医科大学,1,44019
2024,1,A9,儿科学,A752,宁夏医科大学,1,66672
2024,1,AB,临床医学,A752,宁夏医科大学,2,28914
2024,1,AC,康复治疗学,A752,宁夏医科大学,1,134960
2024,1,B1,基础医学,A752,宁夏医科大学,2,220912
2024,1,C1,口腔医学,A752,宁夏医科大学,1,37094
2024,1,CB,口腔医学,A752,宁夏医科大学,1,25639
2024,1,D1,预防医学,A752,宁夏医科大学,4,156226
2024,1,D3,卫生检验与检疫,A752,宁夏医科大学,2,168424
2024,1,E1,中医学,A752,宁夏医科大学,4,88290
2024,1,E3,针灸推拿学,A752,宁夏医科大学,4,106644
2024,1,E5,中西医临床医学,A752,宁夏医科大学,2,70687
2024,1,E7,中医康复学,A752,宁夏医科大学,1,109094
2024,1,F1,护理学,A752,宁夏医科大学,9,117393
2024,1,G1,药学,A752,宁夏医科大学,2,103720
2024,1,G3,临床药学,A752,宁夏医科大学,2,99645
2024,1,G5,中药学,A752,宁夏医科大学,1,184610
2024,1,H3,医学信息工程,A752,宁夏医科大学,1,110764
2024,1,J1,公共事业管理,A752,宁夏医科大学,1,135213
2024,1,K1,医学检验技术,A752,宁夏医科大学,2,105744
2024,1,19,政治学与行政学,A753,宁夏师范大学,2,142232
2024,1,22,教育技术学(师范类),A753,宁夏师范大学,2,164855
2024,1,24,小学教育(师范类),A753,宁夏师范大学,2,139768
2024,1,26,汉语言文学(师范类),A753,宁夏师范大学,6,119584
2024,1,30,翻译,A753,宁夏师范大学,3,157831
2024,1,31,历史学(师范类),A753,宁夏师范大学,3,122519
2024,1,32,数学与应用数学(师范类),A753,宁夏师范大学,3,192831
2024,1,35,应用化学,A753,宁夏师范大学,2,213585
2024,1,39,统计学,A753,宁夏师范大学,3,209466
2024,1,41,电气工程及其自动化,A753,宁夏师范大学,2,178019
2024,1,43,人工智能,A753,宁夏师范大学,3,194302
2024,1,47,化学工程与工艺,A753,宁夏师范大学,6,213229
2024,1,01,思想政治教育,A755,新疆大学,3,32114
2024,1,0E,国际政治,A755,新疆大学,3,46801
2024,1,0K,行政管理,A755,新疆大学,3,45526
2024,1,0T,劳动与社会保障,A755,新疆大学,4,48279
2024,1,0Y,社会学,A755,新疆大学,4,46922
2024,1,15,政治学与行政学,A755,新疆大学,4,38935
2024,1,1A,工商管理类,A755,新疆大学,5,51405
2024,1,1J,国际经济与贸易,A755,新疆大学,2,44530
2024,1,1L,金融学,A755,新疆大学,2,43380
2024,1,1P,经济学,A755,新疆大学,2,35740
2024,1,1S,物流管理,A755,新疆大学,2,52305
2024,1,1U,法学,A755,新疆大学,8,26268
2024,1,28,法学(涉外法治人才),A755,新疆大学,10,31903
2024,1,2C,汉语言文学,A755,新疆大学,3,29115
2024,1,2Y,历史学,A755,新疆大学,3,35728
2024,1,36,考古学,A755,新疆大学,4,45802
2024,1,3A,新闻传播学类,A755,新疆大学,8,50808
2024,1,3L,俄语,A755,新疆大学,3,50486
2024,1,3N,俄语,A755,新疆大学,2,54902
2024,1,3Q,英语,A755,新疆大学,5,48722
2024,1,3U,汉语国际教育,A755,新疆大学,3,45858
2024,1,42,旅游管理,A755,新疆大学,4,63178
2024,1,47,数据科学与大数据技术,A755,新疆大学,2,35103
2024,1,49,数学与应用数学,A755,新疆大学,4,36761
2024,1,4B,统计学,A755,新疆大学,3,41262
2024,1,4D,信息与计算科学,A755,新疆大学,2,38367
2024,1,4F,物理学,A755,新疆大学,5,45910
2024,1,4K,材料科学与工程,A755,新疆大学,4,60979
2024,1,4P,材料成型及控制工程,A755,新疆大学,1,60100
2024,1,4R,化学,A755,新疆大学,6,62586
2024,1,4V,高分子材料与工程,A755,新疆大学,5,55172
2024,1,4X,过程装备与控制工程,A755,新疆大学,5,51442
2024,1,4Z,化学工程与工艺,A755,新疆大学,6,57387
2024,1,52,能源化学工程,A755,新疆大学,1,49537
2024,1,54,生物工程,A755,新疆大学,4,59812
2024,1,56,生物科学,A755,新疆大学,6,58266
2024,1,5B,食品科学与工程,A755,新疆大学,5,67744
2024,1,5D,智慧农业,A755,新疆大学,3,62717
2024,1,5F,制药工程,A755,新疆大学,2,59980
2024,1,5H,环境工程,A755,新疆大学,4,78286
2024,1,5K,环境科学,A755,新疆大学,2,66083
2024,1,5M,生态学,A755,新疆大学,7,74222
2024,1,5R,地理信息科学,A755,新疆大学,3,36679
2024,1,5T,人文地理与城乡规划,A755,新疆大学,3,51146
2024,1,5V,水文与水资源工程,A755,新疆大学,4,62600
2024,1,5X,遥感科学与技术,A755,新疆大学,3,51679
2024,1,5Z,自然地理与资源环境,A755,新疆大学,2,45396
2024,1,62,电子信息工程,A755,新疆大学,2,29395
2024,1,66,计算机科学与技术,A755,新疆大学,4,28062
2024,1,6B,通信工程,A755,新疆大学,4,32669
2024,1,6F,网络空间安全,A755,新疆大学,1,34189
2024,1,6H,信息安全,A755,新疆大学,4,33123
2024,1,6M,工业工程,A755,新疆大学,2,51041
2024,1,6P,机器人工程,A755,新疆大学,7,40595
2024,1,6R,机械工程,A755,新疆大学,1,30745
2024,1,6S,机械工程,A755,新疆大学,5,40738
2024,1,71,机械工程(智能制造方向),A755,新疆大学,9,40062
2024,1,73,交通工程,A755,新疆大学,3,51958
2024,1,78,电气工程及其自动化,A755,新疆大学,2,26922
2024,1,79,电气工程及其自动化,A755,新疆大学,6,30902
2024,1,7D,能源与动力工程,A755,新疆大学,2,37026
2024,1,7F,新能源科学与工程,A755,新疆大学,2,38360
2024,1,7H,测绘工程,A755,新疆大学,7,63500
2024,1,7M,城乡规划,A755,新疆大学,2,59635
2024,1,7R,给排水科学与工程,A755,新疆大学,4,75118
2024,1,7T,工程管理,A755,新疆大学,2,56315
2024,1,7V,建筑环境与能源应用工程,A755,新疆大学,2,58555
2024,1,7X,建筑学,A755,新疆大学,3,71986
2024,1,7Z,土木工程,A755,新疆大学,12,79855
2024,1,83,纺织工程,A755,新疆大学,7,81784
2024,1,89,服装设计与工程,A755,新疆大学,2,60952
2024,1,8B,采矿工程,A755,新疆大学,5,75548
2024,1,8D,地质工程,A755,新疆大学,4,69162
2024,1,8F,资源勘查工程,A755,新疆大学,7,66417
2024,1,8K,软件工程,A755,新疆大学,61,48572
2024,1,8M,自动化,A755,新疆大学,1,32486
2024,1,8P,智能科学与技术,A755,新疆大学,2,34555
2024,1,01,农学,A757,塔里木大学,17,247209
2024,1,02,植物保护,A757,塔里木大学,10,285939
2024,1,03,农业资源与环境,A757,塔里木大学,20,278377
2024,1,04,种子科学与工程,A757,塔里木大学,6,258845
2024,1,05,农药化肥,A757,塔里木大学,15,282438
2024,1,06,园艺,A757,塔里木大学,10,283225
2024,1,07,园林,A757,塔里木大学,20,181053
2024,1,09,设施农业科学与工程,A757,塔里木大学,8,283119
2024,1,10,智慧农业,A757,塔里木大学,10,266128
2024,1,12,动物科学,A757,塔里木大学,12,267176
2024,1,13,动物医学,A757,塔里木大学,18,243868
2024,1,15,智慧牧业科学与工程,A757,塔里木大学,5,271409
2024,1,16,兽医公共卫生,A757,塔里木大学,10,276633
2024,1,19,生物制药,A757,塔里木大学,5,243707
2024,1,20,水产养殖学,A757,塔里木大学,25,281303
2024,1,22,化学工程与工艺,A757,塔里木大学,16,261363
2024,1,24,应用化学,A757,塔里木大学,15,271096
2024,1,25,化学(师范类),A757,塔里木大学,7,253832
2024,1,26,材料科学与工程,A757,塔里木大学,8,230845
2024,1,27,食品质量与安全,A757,塔里木大学,13,276080
2024,1,28,食品科学与工程,A757,塔里木大学,8,264112
2024,1,33,水利水电工程,A757,塔里木大学,15,254966
2024,1,34,土木工程,A757,塔里木大学,5,251779
2024,1,35,给排水科学与工程,A757,塔里木大学,5,259218
2024,1,36,测绘工程,A757,塔里木大学,10,271197
2024,1,38,建筑学,A757,塔里木大学,5,174993
2024,1,39,智慧水利,A757,塔里木大学,5,253363
2024,1,40,道路桥梁与渡河工程,A757,塔里木大学,5,249609
2024,1,41,机械设计制造及其自动化,A757,塔里木大学,5,208106
2024,1,43,车辆工程,A757,塔里木大学,5,243681
2024,1,44,电气工程及其自动化,A757,塔里木大学,15,201192
2024,1,45,自动化,A757,塔里木大学,8,215722
2024,1,46,纺织工程,A757,塔里木大学,7,273348
2024,1,48,物理学(师范类),A757,塔里木大学,5,252934
2024,1,49,电机电器智能化,A757,塔里木大学,5,225055
2024,1,50,过程装备与控制工程,A757,塔里木大学,5,230825
2024,1,51,计算机科学与技术,A757,塔里木大学,8,198714
2024,1,52,物联网工程,A757,塔里木大学,5,215993
2024,1,54,通信工程,A757,塔里木大学,5,219230
2024,1,57,网络空间安全,A757,塔里木大学,8,223792
2024,1,59,数学与应用数学(师范类),A757,塔里木大学,5,236481
2024,1,60,数据科学与大数据技术,A757,塔里木大学,15,230698
2024,1,61,国际经济与贸易,A757,塔里木大学,2,160846
2024,1,62,工商管理类,A757,塔里木大学,35,172551
2024,1,63,旅游管理,A757,塔里木大学,12,182230
2024,1,64,农林经济管理,A757,塔里木大学,10,177303
2024,1,66,物流管理,A757,塔里木大学,5,174650
2024,1,72,预防医学,A757,塔里木大学,9,242092
2024,1,73,护理学,A757,塔里木大学,5,169583
2024,1,76,法学,A757,塔里木大学,5,122287
2024,1,77,马克思主义理论(师范类),A757,塔里木大学,5,157988
2024,1,78,汉语言文学(师范类),A757,塔里木大学,20,142235
2024,1,79,中国少数民族语言文学,A757,塔里木大学,5,180158
2024,1,81,网络与新媒体,A757,塔里木大学,6,165533
2024,1,83,学前教育(师范类),A757,塔里木大学,5,171542
2024,1,84,英语(师范类),A757,塔里木大学,2,149019
2024,1,89,历史学,A757,塔里木大学,10,161769
2024,1,90,历史学(师范类),A757,塔里木大学,10,155405
2024,1,91,文物与博物馆学,A757,塔里木大学,7,166981
2024,1,D1,临床医学,A757,塔里木大学,17,136269
2024,1,00,经济学,A758,新疆农业大学,15,160220
2024,1,0A,经济与贸易类,A758,新疆农业大学,15,188083
2024,1,0L,国际经济与贸易,A758,新疆农业大学,20,176979
2024,1,0W,法学,A758,新疆农业大学,11,119490
2024,1,1S,英语,A758,新疆农业大学,20,172155
2024,1,22,数学与应用数学,A758,新疆农业大学,10,245943
2024,1,2C,应用化学,A758,新疆农业大学,5,222084
2024,1,2N,人文地理与城乡规划,A758,新疆农业大学,15,268815
2024,1,38,应用气象学,A758,新疆农业大学,7,214127
2024,1,3J,生物技术,A758,新疆农业大学,4,259641
2024,1,3U,生态学,A758,新疆农业大学,5,252378
2024,1,4Q,电气工程及其自动化,A758,新疆农业大学,15,181230
2024,1,50,电子信息科学与技术,A758,新疆农业大学,5,183230
2024,1,5L,计算机科学与技术,A758,新疆农业大学,5,173134
2024,1,5W,物联网工程,A758,新疆农业大学,5,198515
2024,1,66,土木工程,A758,新疆农业大学,15,264049
2024,1,6G,水利水电工程,A758,新疆农业大学,13,222860
2024,1,7C,化学工程与工艺,A758,新疆农业大学,5,230777
2024,1,7N,交通运输,A758,新疆农业大学,5,224411
2024,1,7Y,交通工程,A758,新疆农业大学,5,236648
2024,1,8J,农业水利工程,A758,新疆农业大学,5,238533
2024,1,9E,食品科学与工程,A758,新疆农业大学,5,236273
2024,1,9Q,食品质量与安全,A758,新疆农业大学,5,241714
2024,1,A0,葡萄与葡萄酒工程,A758,新疆农业大学,5,266289
2024,1,AA,农学,A758,新疆农业大学,5,210600
2024,1,AW,植物保护,A758,新疆农业大学,5,256249
2024,1,B6,种子科学与工程,A758,新疆农业大学,5,228467
2024,1,CC,农业资源与环境,A758,新疆农业大学,10,253353
2024,1,CY,土地科学与技术,A758,新疆农业大学,5,254196
2024,1,D8,动物科学,A758,新疆农业大学,10,260744
2024,1,DU,动物医学,A758,新疆农业大学,11,200476
2024,1,EE,动植物检疫,A758,新疆农业大学,5,201384
2024,1,FL,智慧林业,A758,新疆农业大学,5,253684
2024,1,G6,草业科学,A758,新疆农业大学,5,257043
2024,1,GS,药学,A758,新疆农业大学,5,244615
2024,1,H2,信息管理与信息系统,A758,新疆农业大学,15,198861
2024,1,HC,工商管理类,A758,新疆农业大学,24,180072
2024,1,HN,市场营销,A758,新疆农业大学,15,181173
2024,1,HY,会计学,A758,新疆农业大学,15,139038
2024,1,J8,人力资源管理,A758,新疆农业大学,15,171281
2024,1,JJ,农林经济管理,A758,新疆农业大学,24,173393
2024,1,JU,公共事业管理,A758,新疆农业大学,9,175008
2024,1,K4,土地资源管理,A758,新疆农业大学,20,172389
2024,1,KQ,物流工程,A758,新疆农业大学,5,179017
2024,1,L0,旅游管理,A758,新疆农业大学,5,177713
2024,1,LA,土木工程(中外合作办学),A758,新疆农业大学,10,283851
2024,1,LL,交通运输(中外合作办学),A758,新疆农业大学,8,273430
2024,1,07,材料科学与工程,A759,石河子大学,6,63244
2024,1,08,环境工程,A759,石河子大学,6,82670
2024,1,09,化学工程与工艺,A759,石河子大学,4,59215
2024,1,0A,应用化学,A759,石河子大学,2,68962
2024,1,0B,机械设计制造及其自动化,A759,石河子大学,4,46266
2024,1,0C,农业机械化及其自动化,A759,石河子大学,4,62884
2024,1,0D,工业工程,A759,石河子大学,6,63325
2024,1,0E,电子信息工程,A759,石河子大学,4,38514
2024,1,0F,电气工程及其自动化,A759,石河子大学,2,32514
2024,1,0G,土木工程,A759,石河子大学,6,91436
2024,1,0H,给排水科学与工程,A759,石河子大学,6,92231
2024,1,0J,农业水利工程,A759,石河子大学,2,63413
2024,1,0K,水利水电工程,A759,石河子大学,6,63427
2024,1,0L,建筑学,A759,石河子大学,4,83326
2024,1,0M,智慧水利,A759,石河子大学,2,71462
2024,1,0N,食品科学与工程类,A759,石河子大学,12,82725
2024,1,0P,葡萄与葡萄酒工程,A759,石河子大学,4,92858
2024,1,0Q,计算机类,A759,石河子大学,8,39317
2024,1,0S,软件工程(NIIT班),A759,石河子大学,16,54668
2024,1,0T,植物生产类,A759,石河子大学,14,90280
2024,1,0U,林学,A759,石河子大学,4,86744
2024,1,0V,园林,A759,石河子大学,6,80835
2024,1,0W,农业资源与环境,A759,石河子大学,4,78726
2024,1,0Y,动物医学,A759,石河子大学,9,81514
2024,1,0Z,动物科学,A759,石河子大学,4,91710
2024,1,11,临床医学,A759,石河子大学,6,35557
2024,1,14,护理学,A759,石河子大学,10,82545
2024,1,15,口腔医学,A759,石河子大学,4,33919
2024,1,16,预防医学,A759,石河子大学,6,66982
2024,1,17,医学检验技术,A759,石河子大学,2,65487
2024,1,18,医学影像学,A759,石河子大学,2,35979
2024,1,1A,健康服务与管理,A759,石河子大学,4,68631
2024,1,1B,药学,A759,石河子大学,4,68826
2024,1,1C,临床药学,A759,石河子大学,2,58264
2024,1,1D,中药学,A759,石河子大学,6,78930
2024,1,1G,生物科学类,A759,石河子大学,6,70424
2024,1,1H,生物育种科学,A759,石河子大学,4,80176
2024,1,1J,人文地理与城乡规划,A759,石河子大学,4,64407
2024,1,1K,数学与应用数学(师范类),A759,石河子大学,4,53162
2024,1,1L,信息与计算科学,A759,石河子大学,6,49707
2024,1,1M,物理学(师范类),A759,石河子大学,4,68940
2024,1,1N,应用物理学,A759,石河子大学,2,57986
2024,1,1P,地理科学(师范类),A759,石河子大学,4,49233
2024,1,1Q,农林经济管理,A759,石河子大学,6,64201
2024,1,1R,工商管理类,A759,石河子大学,8,54641
2024,1,1U,经济学类,A759,石河子大学,10,75340
2024,1,1V,会计学,A759,石河子大学,4,41292
2024,1,1W,审计学,A759,石河子大学,4,43696
2024,1,1X,数字经济,A759,石河子大学,2,65265
2024,1,1Y,教育学(师范类),A759,石河子大学,4,56162
2024,1,20,小学教育(师范类),A759,石河子大学,2,57851
2024,1,21,应用心理学,A759,石河子大学,2,70864
2024,1,23,学前教育(师范类),A759,石河子大学,2,60878
2024,1,25,汉语言文学(师范类),A759,石河子大学,4,35874
2024,1,27,新闻学,A759,石河子大学,4,57310
2024,1,28,历史学(师范类),A759,石河子大学,4,42568
2024,1,29,英语,A759,石河子大学,4,52100
2024,1,2B,俄语,A759,石河子大学,2,62654
2024,1,2C,阿拉伯语,A759,石河子大学,2,70220
2024,1,2E,法学,A759,石河子大学,4,32157
2024,1,2F,政治学与行政学,A759,石河子大学,10,55169
2024,1,2G,社会工作,A759,石河子大学,10,67295
2024,1,2H,应急管理,A759,石河子大学,4,70483
2024,1,2N,新能源科学与工程,A759,石河子大学,6,51446
2024,1,2P,储能科学与工程,A759,石河子大学,6,55015
2024,1,01,临床医学(“5+3一体化”),A760,新疆医科大学,7,27988
2024,1,02,临床医学(“5+3一体化”儿科学),A760,新疆医科大学,2,35606
2024,1,03,临床医学,A760,新疆医科大学,60,93037
2024,1,04,口腔医学,A760,新疆医科大学,7,63486
2024,1,05,中西医临床医学,A760,新疆医科大学,15,136445
2024,1,06,中医学,A760,新疆医科大学,15,115477
2024,1,07,针灸推拿学,A760,新疆医科大学,15,140295
2024,1,08,儿科学,A760,新疆医科大学,1,100008
2024,1,09,麻醉学,A760,新疆医科大学,12,97834
2024,1,10,医学影像学,A760,新疆医科大学,15,102642
2024,1,11,医学检验技术,A760,新疆医科大学,2,150546
2024,1,12,药学,A760,新疆医科大学,16,221010
2024,1,13,临床药学,A760,新疆医科大学,20,203457
2024,1,14,预防医学,A760,新疆医科大学,20,225915
2024,1,15,基础医学,A760,新疆医科大学,3,178851
2024,1,16,精神医学,A760,新疆医科大学,1,64612
2024,1,17,中医康复学,A760,新疆医科大学,5,143088
2024,1,18,医学影像技术,A760,新疆医科大学,6,168417
2024,1,19,康复治疗学,A760,新疆医科大学,8,179873
2024,1,20,健康服务与管理,A760,新疆医科大学,2,153125
2024,1,21,中药学,A760,新疆医科大学,13,221840
2024,1,22,法医学,A760,新疆医科大学,2,104915
2024,1,23,护理学,A760,新疆医科大学,30,167472
2024,1,25,公共事业管理,A760,新疆医科大学,3,155462
2024,1,26,生物医学工程,A760,新疆医科大学,4,175372
2024,1,27,生物医药数据科学,A760,新疆医科大学,5,221768
2024,1,28,眼视光医学,A760,新疆医科大学,1,62001
2024,1,01,思想政治教育(师范类),A762,新疆师范大学,2,101877
2024,1,05,公共事业管理,A762,新疆师范大学,5,153562
2024,1,09,法学,A762,新疆师范大学,9,96718
2024,1,15,经济学,A762,新疆师范大学,4,148932
2024,1,17,国际经济与贸易,A762,新疆师范大学,7,165398
2024,1,19,人力资源管理,A762,新疆师范大学,7,158187
2024,1,21,国际商务,A762,新疆师范大学,8,170914
2024,1,23,数字经济,A762,新疆师范大学,9,175826
2024,1,25,教育技术学(师范类),A762,新疆师范大学,3,163938
2024,1,27,小学教育(师范类),A762,新疆师范大学,2,121832
2024,1,29,特殊教育(师范类),A762,新疆师范大学,2,128795
2024,1,31,学前教育(师范类),A762,新疆师范大学,4,153206
2024,1,35,汉语言文学(师范类),A762,新疆师范大学,10,98298
2024,1,38,中国少数民族语言文学(维吾尔语言),A762,新疆师范大学,3,153863
2024,1,39,历史学(师范类),A762,新疆师范大学,8,111773
2024,1,41,文物与博物馆学,A762,新疆师范大学,7,123880
2024,1,43,社会工作,A762,新疆师范大学,6,141682
2024,1,45,民族学,A762,新疆师范大学,6,159665
2024,1,47,英语(师范类),A762,新疆师范大学,4,112279
2024,1,49,俄语,A762,新疆师范大学,9,160852
2024,1,51,日语,A762,新疆师范大学,4,158303
2024,1,53,翻译,A762,新疆师范大学,4,162744
2024,1,55,汉语国际教育,A762,新疆师范大学,5,132057
2024,1,57,数学与应用数学(师范类),A762,新疆师范大学,11,187878
2024,1,59,信息与计算科学,A762,新疆师范大学,4,200856
2024,1,61,应用统计学,A762,新疆师范大学,7,215821
2024,1,63,物理学(师范类),A762,新疆师范大学,6,212302
2024,1,65,电子信息科学与技术,A762,新疆师范大学,14,198268
2024,1,67,光电信息科学与工程,A762,新疆师范大学,2,193822
2024,1,69,计算机科学与技术(师范类),A762,新疆师范大学,6,175762
2024,1,71,软件工程,A762,新疆师范大学,12,183213
2024,1,77,地理科学(师范类),A762,新疆师范大学,6,114057
2024,1,79,地理信息科学,A762,新疆师范大学,1,114288
2024,1,81,旅游管理,A762,新疆师范大学,6,165385
2024,1,83,人文地理与城乡规划,A762,新疆师范大学,1,127089
2024,1,85,自然地理与资源环境,A762,新疆师范大学,1,137012
2024,1,87,遥感科学与技术,A762,新疆师范大学,2,211731
2024,1,89,化学(师范类),A762,新疆师范大学,5,207576
2024,1,91,化学工程与工艺,A762,新疆师范大学,5,215798
2024,1,95,生物科学(师范类),A762,新疆师范大学,5,288217
2024,1,C6,心理学(师范类),A762,新疆师范大学,4,162895
2024,1,C8,应用心理学,A762,新疆师范大学,7,191490
2024,1,01,法学,A763,喀什大学,25,135414
2024,1,03,经济统计学,A763,喀什大学,20,193747
2024,1,05,思想政治教育(师范类),A763,喀什大学,15,158432
2024,1,07,教育学(师范类),A763,喀什大学,6,167915
2024,1,09,小学教育(师范类),A763,喀什大学,6,162919
2024,1,0D,学前教育(师范类),A763,喀什大学,6,174135
2024,1,0R,汉语言文学(师范类),A763,喀什大学,22,151238
2024,1,0U,汉语国际教育,A763,喀什大学,5,167935
2024,1,11,英语(师范类),A763,喀什大学,10,164351
2024,1,13,俄语,A763,喀什大学,17,182140
2024,1,15,广播电视学,A763,喀什大学,20,182538
2024,1,17,历史学(师范类),A763,喀什大学,15,160807
2024,1,19,数学与应用数学(师范类),A763,喀什大学,16,268665
2024,1,1B,信息与计算科学(师范类),A763,喀什大学,3,236022
2024,1,1D,物理学(师范类),A763,喀什大学,8,264861
2024,1,1F,物理学(师范类),A763,喀什大学,4,253546
2024,1,1H,应用物理学,A763,喀什大学,6,244461
2024,1,1K,化学(师范类),A763,喀什大学,15,283282
2024,1,1M,应用化学,A763,喀什大学,10,260889
2024,1,1P,生物科学(师范类),A763,喀什大学,16,303383
2024,1,1R,地理科学(师范类),A763,喀什大学,16,162436
2024,1,1S,生物技术,A763,喀什大学,4,266046
2024,1,1V,心理学,A763,喀什大学,12,171707
2024,1,1Z,应用统计学,A763,喀什大学,14,271438
2024,1,21,电子信息科学与技术,A763,喀什大学,20,228197
2024,1,23,网络工程,A763,喀什大学,25,254021
2024,1,25,环境科学与工程,A763,喀什大学,25,271088
2024,1,27,环境科学,A763,喀什大学,16,280893
2024,1,29,统计学,A763,喀什大学,18,270921
2024,1,2B,计算机科学与技术(师范类),A763,喀什大学,20,239627
2024,1,2D,旅游管理,A763,喀什大学,15,183867
2024,1,2K,电气工程及其自动化,A763,喀什大学,14,211888
2024,1,2M,土木工程,A763,喀什大学,33,265779
2024,1,2R,国际经济与贸易,A763,喀什大学,25,179236
2024,1,2V,社会工作,A763,喀什大学,10,176733
2024,1,2X,食品科学与工程,A763,喀什大学,12,271333
2024,1,2Z,财务管理,A763,喀什大学,20,157689
2024,1,31,数字媒体技术,A763,喀什大学,14,252266
2024,1,33,金融数学,A763,喀什大学,4,188886
2024,1,35,给排水科学与工程,A763,喀什大学,15,261459
2024,1,37,食品质量与安全,A763,喀什大学,16,273356
2024,1,39,广告学,A763,喀什大学,8,181682
2024,1,3B,翻译,A763,喀什大学,17,183479
2024,1,3D,通信工程,A763,喀什大学,17,243097
2024,1,3F,护理学,A763,喀什大学,15,167544
2024,1,3H,预防医学,A763,喀什大学,10,266707
2024,1,3K,酒店管理,A763,喀什大学,20,186042
2024,1,3P,交通工程,A763,喀什大学,8,260830
2024,1,3R,物流工程,A763,喀什大学,15,194141
2024,1,3V,卫生检验与检疫,A763,喀什大学,4,239069
2024,1,3X,设施农业科学与工程,A763,喀什大学,16,271690
2024,1,3Z,道路桥梁与渡河工程,A763,喀什大学,15,247935
2024,1,41,建筑学,A763,喀什大学,10,197896
2024,1,45,大气科学,A763,喀什大学,2,228560
2024,1,47,城乡规划,A763,喀什大学,8,196374
2024,1,4A,跨境电子商务,A763,喀什大学,10,184120
2024,1,4B,园艺,A763,喀什大学,19,273673
2024,1,00,思想政治教育(师范类),A764,伊犁师范大学,5,139433
2024,1,10,数字经济,A764,伊犁师范大学,8,193487
2024,1,1A,应用化学,A764,伊犁师范大学,12,262226
2024,1,20,贸易经济,A764,伊犁师范大学,14,182114
2024,1,30,会计学,A764,伊犁师范大学,4,141623
2024,1,40,跨境电子商务,A764,伊犁师范大学,15,201224
2024,1,50,法学,A764,伊犁师范大学,13,125858
2024,1,60,教育技术学(师范类),A764,伊犁师范大学,6,196148
2024,1,70,学前教育(师范类),A764,伊犁师范大学,5,169649
2024,1,85,小学教育(师范类，理科方向),A764,伊犁师范大学,5,163090
2024,1,90,应用心理学(师范类),A764,伊犁师范大学,7,171545
2024,1,A0,材料化学,A764,伊犁师范大学,8,278635
2024,1,B0,生物科学(师范类),A764,伊犁师范大学,7,273354
2024,1,B6,生物科学,A764,伊犁师范大学,6,251697
2024,1,C0,食品质量与安全,A764,伊犁师范大学,6,194399
2024,1,D0,生物工程,A764,伊犁师范大学,8,284459
2024,1,DA,汉语言文学(师范类),A764,伊犁师范大学,15,135043
2024,1,E0,植物保护,A764,伊犁师范大学,13,286102
2024,1,F0,设施农业科学与工程,A764,伊犁师范大学,4,276156
2024,1,G0,地理科学(师范类),A764,伊犁师范大学,8,154151
2024,1,GA,英语(师范类),A764,伊犁师范大学,7,159617
2024,1,H0,自然地理与资源环境,A764,伊犁师范大学,10,175980
2024,1,HA,俄语,A764,伊犁师范大学,6,172728
2024,1,J0,地理信息科学,A764,伊犁师范大学,8,180875
2024,1,JA,翻译,A764,伊犁师范大学,4,178883
2024,1,K0,环境工程,A764,伊犁师范大学,8,281138
2024,1,L0,环境科学,A764,伊犁师范大学,8,273820
2024,1,LA,广播电视学,A764,伊犁师范大学,6,178839
2024,1,M0,机械设计制造及其自动化,A764,伊犁师范大学,6,238153
2024,1,MA,网络与新媒体,A764,伊犁师范大学,10,174470
2024,1,N0,机械电子工程,A764,伊犁师范大学,8,243572
2024,1,NA,历史学(师范类),A764,伊犁师范大学,9,152007
2024,1,P0,新能源科学与工程,A764,伊犁师范大学,5,246211
2024,1,PA,文物与博物馆学,A764,伊犁师范大学,4,165580
2024,1,Q0,电气工程及其自动化,A764,伊犁师范大学,7,213311
2024,1,QA,旅游管理,A764,伊犁师范大学,7,181325
2024,1,R0,电子信息工程,A764,伊犁师范大学,4,237584
2024,1,RA,会展经济与管理,A764,伊犁师范大学,10,183528
2024,1,S0,电子信息科学与技术,A764,伊犁师范大学,8,251473
2024,1,SA,数学与应用数学(师范类),A764,伊犁师范大学,13,251508
2024,1,T0,机器人工程,A764,伊犁师范大学,5,242358
2024,1,TA,应用统计学,A764,伊犁师范大学,10,276127
2024,1,UA,数据科学与大数据技术,A764,伊犁师范大学,16,253576
2024,1,V0,计算机科学与技术,A764,伊犁师范大学,4,209093
2024,1,VA,物理学(师范类),A764,伊犁师范大学,8,285816
2024,1,WA,应用物理学,A764,伊犁师范大学,10,244197
2024,1,X0,物联网工程,A764,伊犁师范大学,6,254290
2024,1,XA,土木工程,A764,伊犁师范大学,8,268864
2024,1,Y0,信息管理与信息系统,A764,伊犁师范大学,8,190969
2024,1,YA,化学(师范类),A764,伊犁师范大学,8,283382
2024,1,G1,思想政治教育(师范类),A765,新疆和田学院,5,172664
2024,1,J1,学前教育(师范类),A765,新疆和田学院,4,187949
2024,1,K1,小学教育(师范类),A765,新疆和田学院,4,179739
2024,1,N1,计算机科学与技术,A765,新疆和田学院,4,246407
2024,1,Q1,数据科学与大数据技术,A765,新疆和田学院,4,252110
2024,1,R1,医学检验技术,A765,新疆和田学院,4,224223
2024,1,01,金融学,A766,新疆财经大学,10,139029
2024,1,02,金融科技,A766,新疆财经大学,6,176888
2024,1,03,金融工程,A766,新疆财经大学,6,171479
2024,1,04,保险学,A766,新疆财经大学,6,166709
2024,1,05,经济统计学,A766,新疆财经大学,7,222144
2024,1,06,统计学,A766,新疆财经大学,6,186855
2024,1,07,金融数学,A766,新疆财经大学,6,228438
2024,1,08,数据科学与大数据技术,A766,新疆财经大学,4,167352
2024,1,09,工商管理,A766,新疆财经大学,4,150557
2024,1,10,人力资源管理,A766,新疆财经大学,1,156292
2024,1,11,市场营销,A766,新疆财经大学,6,176744
2024,1,12,物流管理,A766,新疆财经大学,4,180455
2024,1,13,会计学,A766,新疆财经大学,8,109564
2024,1,14,财务管理,A766,新疆财经大学,10,117550
2024,1,15,审计学,A766,新疆财经大学,2,109733
2024,1,16,经济学,A766,新疆财经大学,12,147483
2024,1,17,数字经济,A766,新疆财经大学,6,177881
2024,1,18,财政学,A766,新疆财经大学,8,130701
2024,1,19,税收学,A766,新疆财经大学,6,130652
2024,1,20,行政管理,A766,新疆财经大学,10,165593
2024,1,21,旅游管理,A766,新疆财经大学,3,174760
2024,1,22,酒店管理,A766,新疆财经大学,1,176635
2024,1,23,会展经济与管理,A766,新疆财经大学,5,167592
2024,1,24,国际经济与贸易,A766,新疆财经大学,7,162860
2024,1,25,国际商务,A766,新疆财经大学,7,173220
2024,1,26,商务英语,A766,新疆财经大学,5,160100
2024,1,27,法学,A766,新疆财经大学,8,104310
2024,1,28,新闻学,A766,新疆财经大学,8,164846
2024,1,29,网络与新媒体,A766,新疆财经大学,5,152759
2024,1,30,信息管理与信息系统,A766,新疆财经大学,3,155163
2024,1,31,电子商务,A766,新疆财经大学,5,186035
2024,1,32,计算机科学与技术,A766,新疆财经大学,3,161715
2024,1,33,网络空间安全,A766,新疆财经大学,4,183908
2024,1,34,工程造价,A766,新疆财经大学,2,165297
2024,1,35,汉语言文学,A766,新疆财经大学,2,110264
2024,1,36,汉语国际教育,A766,新疆财经大学,1,137372
2024,1,38,能源经济,A766,新疆财经大学,1,138207
2024,1,39,人工智能,A766,新疆财经大学,2,177880
2024,1,30,文化产业管理,A768,新疆艺术学院,3,183162
2024,1,01,建筑学,A792,天津城建大学,2,102678
2024,1,02,城乡规划,A792,天津城建大学,1,88034
2024,1,03,风景园林,A792,天津城建大学,1,76206
2024,1,04,土木工程,A792,天津城建大学,2,193007
2024,1,05,城市地下空间工程,A792,天津城建大学,2,164038
2024,1,06,道路桥梁与渡河工程,A792,天津城建大学,2,145533
2024,1,07,港口航道与海岸工程,A792,天津城建大学,3,114806
2024,1,08,交通工程,A792,天津城建大学,2,91840
2024,1,10,建筑环境与能源应用工程,A792,天津城建大学,2,111662
2024,1,11,安全工程,A792,天津城建大学,1,109758
2024,1,12,材料科学与工程,A792,天津城建大学,1,122812
2024,1,15,工程管理,A792,天津城建大学,1,118721
2024,1,17,大数据管理与应用,A792,天津城建大学,1,72145
2024,1,18,土地资源管理,A792,天津城建大学,1,93314
2024,1,19,城市管理,A792,天津城建大学,1,95316
2024,1,22,给排水科学与工程,A792,天津城建大学,1,102035
2024,1,23,环境工程,A792,天津城建大学,1,116098
2024,1,24,电子信息类,A792,天津城建大学,1,62622
2024,1,25,计算机类,A792,天津城建大学,2,66233
2024,1,27,英语,A792,天津城建大学,1,83649
2024,1,28,翻译,A792,天津城建大学,1,102511
2024,1,29,地理信息科学,A792,天津城建大学,2,60179
2024,1,31,遥感科学与技术,A792,天津城建大学,1,100944
2024,1,32,地质工程,A792,天津城建大学,1,123981
2024,1,33,机械设计制造及其自动化,A792,天津城建大学,2,74136
2024,1,36,电气工程及其自动化,A792,天津城建大学,1,54661
2024,1,37,自动化,A792,天津城建大学,1,55097
2024,1,38,建筑电气与智能化,A792,天津城建大学,2,82268
2024,1,39,数学与应用数学,A792,天津城建大学,2,83154
2024,1,40,应用物理学,A792,天津城建大学,2,125888
2024,1,47,智能建造,A792,天津城建大学,1,120784
2024,1,48,人工智能,A792,天津城建大学,2,72378
2024,1,49,智能制造工程,A792,天津城建大学,1,75320
2024,1,21,化学,A798,河北科技师范学院,5,224385
2024,1,25,电气工程及其自动化,A798,河北科技师范学院,5,176417
2024,1,35,数学与应用数学,A798,河北科技师范学院,5,316755
2024,1,41,微电子科学与工程,A798,河北科技师范学院,5,206130
2024,1,42,物理学,A798,河北科技师范学院,5,286252
2024,1,45,英语,A798,河北科技师范学院,5,144653
2024,1,01,中医学,A809,山西中医药大学,27,84785
2024,1,03,中医学(5+3一体化),A809,山西中医药大学,4,43135
2024,1,04,针灸推拿学,A809,山西中医药大学,7,95720
2024,1,05,中医养生学,A809,山西中医药大学,3,110285
2024,1,07,中西医临床医学,A809,山西中医药大学,10,93861
2024,1,08,康复治疗学,A809,山西中医药大学,5,156578
2024,1,09,中药学,A809,山西中医药大学,6,161960
2024,1,10,中药学(临床中药学方向),A809,山西中医药大学,3,127429
2024,1,11,药学,A809,山西中医药大学,3,147521
2024,1,13,生物制药,A809,山西中医药大学,3,151706
2024,1,14,制药工程,A809,山西中医药大学,2,149789
2024,1,15,中药资源与开发,A809,山西中医药大学,2,203319
2024,1,16,食品科学与工程,A809,山西中医药大学,2,183299
2024,1,17,护理学,A809,山西中医药大学,12,106971
2024,1,19,健康服务与管理,A809,山西中医药大学,4,130878
2024,1,22,信息管理与信息系统,A809,山西中医药大学,2,131851
2024,1,01,思想政治教育(师范类),A812,吕梁学院,3,140017
2024,1,02,学前教育(师范类),A812,吕梁学院,5,170203
2024,1,05,汉语言文学(师范类),A812,吕梁学院,3,128392
2024,1,06,英语(师范类),A812,吕梁学院,5,160243
2024,1,07,新闻学,A812,吕梁学院,3,163167
2024,1,08,历史学(师范类),A812,吕梁学院,3,144163
2024,1,09,数学与应用数学(师范类),A812,吕梁学院,3,293135
2024,1,0A,信息与计算科学,A812,吕梁学院,2,267385
2024,1,0B,物理学(师范类),A812,吕梁学院,3,288045
2024,1,0D,化学(师范类),A812,吕梁学院,5,310346
2024,1,0F,生物科学,A812,吕梁学院,5,266422
2024,1,0H,应用心理学,A812,吕梁学院,5,167721
2024,1,0J,机械设计制造及其自动化,A812,吕梁学院,5,244012
2024,1,0K,机械电子工程,A812,吕梁学院,5,254831
2024,1,0L,材料化学,A812,吕梁学院,5,273517
2024,1,0M,冶金工程,A812,吕梁学院,5,276263
2024,1,0N,电子信息工程,A812,吕梁学院,5,248689
2024,1,0P,人工智能,A812,吕梁学院,5,246015
2024,1,0Q,计算机科学与技术,A812,吕梁学院,3,228341
2024,1,0R,软件工程,A812,吕梁学院,5,244976
2024,1,0S,数据科学与大数据技术,A812,吕梁学院,3,248852
2024,1,0T,土木工程,A812,吕梁学院,5,273463
2024,1,0U,测绘工程,A812,吕梁学院,5,280652
2024,1,0V,化学工程与工艺,A812,吕梁学院,5,276734
2024,1,0W,制药工程,A812,吕梁学院,5,273997
2024,1,0X,采矿工程,A812,吕梁学院,5,283078
2024,1,0Y,环境科学与工程,A812,吕梁学院,5,267703
2024,1,0Z,食品科学与工程,A812,吕梁学院,5,283086
2024,1,10,食品质量与安全,A812,吕梁学院,5,276083
2024,1,11,建筑学,A812,吕梁学院,5,174458
2024,1,12,城乡规划,A812,吕梁学院,5,177409
2024,1,13,安全工程,A812,吕梁学院,5,275016
2024,1,14,园林,A812,吕梁学院,5,178728
2024,1,15,工程管理,A812,吕梁学院,5,191975
2024,1,16,会计学,A812,吕梁学院,4,142022
2024,1,17,财务管理,A812,吕梁学院,5,150193
2024,1,18,物业管理,A812,吕梁学院,5,180179
2024,1,19,文化产业管理,A812,吕梁学院,5,177144
2024,1,1E,采矿工程(煤层气方向),A812,吕梁学院,5,283190
2024,1,1F,食品营养与健康,A812,吕梁学院,5,193222
2024,1,00,英语(师范类),A819,呼伦贝尔学院,4,169612
2024,1,08,汉语言文学(师范类),A819,呼伦贝尔学院,4,146945
2024,1,13,会计学,A819,呼伦贝尔学院,4,153604
2024,1,17,经济与金融,A819,呼伦贝尔学院,4,174805
2024,1,19,心理学,A819,呼伦贝尔学院,4,173883
2024,1,21,小学教育(师范类，数学),A819,呼伦贝尔学院,4,168575
2024,1,28,数学与应用数学(师范类),A819,呼伦贝尔学院,4,283856
2024,1,37,生物科学(师范类),A819,呼伦贝尔学院,4,284289
2024,1,38,农学,A819,呼伦贝尔学院,4,260755
2024,1,39,环境科学,A819,呼伦贝尔学院,4,277025
2024,1,45,土木工程,A819,呼伦贝尔学院,4,256684
2024,1,49,地理科学(师范类),A819,呼伦贝尔学院,4,163144
2024,1,66,机械工程,A819,呼伦贝尔学院,3,247072
2024,1,07,电气工程及其自动化,A822,广东白云学院,2,295636
2024,1,21,汉语言文学,A822,广东白云学院,2,214420
2024,1,39,会计学,A822,广东白云学院,2,217645
2024,1,51,网络与新媒体,A822,广东白云学院,2,230305
2024,1,60,计算机科学与技术,A822,广东白云学院,2,300035
2024,1,01,临床医学,A823,长沙医学院,2,125886
2024,1,04,口腔医学,A823,长沙医学院,2,68271
2024,1,05,医学影像学,A823,长沙医学院,2,180681
2024,1,07,中医学,A823,长沙医学院,2,174011
2024,1,09,预防医学,A823,长沙医学院,2,285940
2024,1,01,应用心理学,A825,齐鲁医药学院,20,193995
2024,1,02,生物医学工程,A825,齐鲁医药学院,25,296342
2024,1,03,食品科学与工程,A825,齐鲁医药学院,20,296027
2024,1,04,生物制药,A825,齐鲁医药学院,28,293311
2024,1,05,临床医学,A825,齐鲁医药学院,120,176734
2024,1,06,医学影像学,A825,齐鲁医药学院,60,195703
2024,1,07,口腔医学,A825,齐鲁医药学院,62,176794
2024,1,08,预防医学,A825,齐鲁医药学院,25,280048
2024,1,09,药学,A825,齐鲁医药学院,48,282225
2024,1,10,药物制剂,A825,齐鲁医药学院,28,302404
2024,1,11,化妆品科学与技术,A825,齐鲁医药学院,35,300151
2024,1,12,中药学,A825,齐鲁医药学院,18,274567
2024,1,13,医学检验技术,A825,齐鲁医药学院,15,241181
2024,1,14,医学实验技术,A825,齐鲁医药学院,10,268539
2024,1,15,医学影像技术,A825,齐鲁医药学院,10,241113
2024,1,16,眼视光学,A825,齐鲁医药学院,5,244666
2024,1,17,康复治疗学,A825,齐鲁医药学院,10,230734
2024,1,18,口腔医学技术,A825,齐鲁医药学院,10,260923
2024,1,19,卫生检验与检疫,A825,齐鲁医药学院,5,273004
2024,1,20,智能医学工程,A825,齐鲁医药学院,5,263525
2024,1,21,护理学,A825,齐鲁医药学院,85,190533
2024,1,22,助产学,A825,齐鲁医药学院,20,198389
2024,1,23,市场营销,A825,齐鲁医药学院,25,202212
2024,1,24,财务管理,A825,齐鲁医药学院,30,186852
2024,1,25,健康服务与管理,A825,齐鲁医药学院,25,192383
2024,1,26,医疗保险,A825,齐鲁医药学院,20,197639
2024,1,27,养老服务管理,A825,齐鲁医药学院,30,197276
2024,1,01,国际经济与贸易,A841,辽宁对外经贸学院,1,196135
2024,1,02,金融学,A841,辽宁对外经贸学院,1,204367
2024,1,0B,会计学,A841,辽宁对外经贸学院,1,196756
2024,1,0F,人力资源管理,A841,辽宁对外经贸学院,1,194035
2024,1,0K,信息管理与信息系统,A841,辽宁对外经贸学院,1,221303
2024,1,18,软件工程,A846,江西科技学院,2,293626
2024,1,28,会计学,A846,江西科技学院,2,182972
2024,1,41,小学教育,A846,江西科技学院,2,199068
2024,1,02,机械设计制造及自动化,A850,南京工业职业技术大学,2,114592
2024,1,08,物联网工程技术,A850,南京工业职业技术大学,2,122961
2024,1,09,电气工程及自动化,A850,南京工业职业技术大学,1,44380
2024,1,16,城市轨道交通设备与控制技术,A850,南京工业职业技术大学,2,116747
2024,1,22,工业互联网技术,A850,南京工业职业技术大学,2,121823
2024,1,51,大数据与会计,A850,南京工业职业技术大学,1,86076
2024,1,53,企业数字化管理,A850,南京工业职业技术大学,1,117841
2024,1,56,电子商务,A850,南京工业职业技术大学,1,120546
2024,1,05,车辆工程,A856,上海工程技术大学,2,43154
2024,1,07,电子信息类,A856,上海工程技术大学,9,36186
2024,1,23,制药工程,A856,上海工程技术大学,2,48724
2024,1,24,环境工程,A856,上海工程技术大学,2,84866
2024,1,26,涂料工程,A856,上海工程技术大学,4,136387
2024,1,30,电子封装技术,A856,上海工程技术大学,3,63079
2024,1,40,工业设计,A856,上海工程技术大学,2,70708
2024,1,49,服装设计与工程,A856,上海工程技术大学,8,94428
2024,1,50,纺织工程,A856,上海工程技术大学,10,144160
2024,1,52,非织造材料与工程,A856,上海工程技术大学,2,87419
2024,1,54,车辆工程(城市轨道交通车辆),A856,上海工程技术大学,2,50943
2024,1,55,轨道交通信号与控制,A856,上海工程技术大学,1,37993
2024,1,56,交通运输,A856,上海工程技术大学,2,46674
2024,1,57,铁道工程,A856,上海工程技术大学,1,59834
2024,1,58,数据计算及应用,A856,上海工程技术大学,4,59639
2024,1,60,翻译,A856,上海工程技术大学,2,57080
2024,1,A1,金融学类,A859,天津天狮学院,1,193814
2024,1,A4,劳动与社会保障,A859,天津天狮学院,1,210341
2024,1,A6,英语,A859,天津天狮学院,1,192392
2024,1,01,国际经济与贸易,A868,青岛滨海学院,27,220262
2024,1,02,学前教育(师范类),A868,青岛滨海学院,37,212698
2024,1,03,融合教育,A868,青岛滨海学院,31,237424
2024,1,04,汉语言文学,A868,青岛滨海学院,25,194393
2024,1,05,汉语国际教育,A868,青岛滨海学院,24,212323
2024,1,06,英语,A868,青岛滨海学院,21,217368
2024,1,07,俄语,A868,青岛滨海学院,28,232868
2024,1,08,日语,A868,青岛滨海学院,28,235397
2024,1,09,朝鲜语,A868,青岛滨海学院,71,243140
2024,1,10,翻译,A868,青岛滨海学院,77,237993
2024,1,11,广播电视学,A868,青岛滨海学院,83,232524
2024,1,12,广告学,A868,青岛滨海学院,26,223223
2024,1,13,建筑学,A868,青岛滨海学院,47,228550
2024,1,14,市场营销,A868,青岛滨海学院,46,230401
2024,1,15,会计学,A868,青岛滨海学院,73,199761
2024,1,16,财务管理,A868,青岛滨海学院,62,209157
2024,1,17,物流管理,A868,青岛滨海学院,29,222774
2024,1,18,电子商务,A868,青岛滨海学院,47,225289
2024,1,19,酒店管理,A868,青岛滨海学院,91,237915
2024,1,20,数字经济,A868,青岛滨海学院,33,237609
2024,1,21,工程管理,A868,青岛滨海学院,33,261162
2024,1,22,工程造价,A868,青岛滨海学院,30,254720
2024,1,23,工业工程,A868,青岛滨海学院,55,251478
2024,1,24,机械设计制造及其自动化,A868,青岛滨海学院,50,317251
2024,1,25,智能制造工程,A868,青岛滨海学院,30,307647
2024,1,26,金属材料工程,A868,青岛滨海学院,83,315105
2024,1,27,电气工程及其自动化,A868,青岛滨海学院,79,317949
2024,1,28,电子科学与技术,A868,青岛滨海学院,85,318407
2024,1,29,人工智能,A868,青岛滨海学院,30,301218
2024,1,30,计算机科学与技术,A868,青岛滨海学院,88,317334
2024,1,31,物联网工程,A868,青岛滨海学院,79,315931
2024,1,32,数据科学与大数据技术,A868,青岛滨海学院,34,316920
2024,1,33,土木工程,A868,青岛滨海学院,87,317549
2024,1,34,建筑环境与能源应用工程,A868,青岛滨海学院,52,318019
2024,1,35,给排水科学与工程,A868,青岛滨海学院,47,317798
2024,1,36,烹饪与营养教育,A868,青岛滨海学院,20,318429
2024,1,37,食品营养与健康,A868,青岛滨海学院,26,316842
2024,1,38,口腔医学,A868,青岛滨海学院,115,267076
2024,1,39,预防医学,A868,青岛滨海学院,95,317590
2024,1,40,医学检验技术,A868,青岛滨海学院,63,315468
2024,1,41,医学影像技术,A868,青岛滨海学院,61,318119
2024,1,42,康复治疗学,A868,青岛滨海学院,65,318781
2024,1,43,智能医学工程,A868,青岛滨海学院,66,317160
2024,1,44,护理学,A868,青岛滨海学院,62,213863
2024,1,01,土木工程,A878,安徽建筑大学,3,206535
2024,1,02,城市地下空间工程,A878,安徽建筑大学,2,173877
2024,1,03,道路桥梁与渡河工程,A878,安徽建筑大学,2,161679
2024,1,04,智能建造,A878,安徽建筑大学,1,163641
2024,1,05,水利水电工程,A878,安徽建筑大学,1,130664
2024,1,06,测绘工程,A878,安徽建筑大学,2,137978
2024,1,07,地质工程,A878,安徽建筑大学,2,164206
2024,1,08,勘查技术与工程,A878,安徽建筑大学,2,150412
2024,1,09,交通工程,A878,安徽建筑大学,3,117482
2024,1,0A,安全工程,A878,安徽建筑大学,2,137865
2024,1,0B,建筑学,A878,安徽建筑大学,2,121622
2024,1,0C,城乡规划,A878,安徽建筑大学,3,117903
2024,1,0D,风景园林,A878,安徽建筑大学,2,111814
2024,1,0E,地理信息科学,A878,安徽建筑大学,3,84613
2024,1,0F,能源与动力工程,A878,安徽建筑大学,2,102660
2024,1,0G,建筑环境与能源应用工程,A878,安徽建筑大学,2,147742
2024,1,0H,给排水科学与工程,A878,安徽建筑大学,2,176892
2024,1,0J,环境工程,A878,安徽建筑大学,2,199601
2024,1,0K,环境生态工程,A878,安徽建筑大学,3,218157
2024,1,0L,消防工程,A878,安徽建筑大学,2,188157
2024,1,0M,经济学,A878,安徽建筑大学,1,84578
2024,1,0N,金融工程,A878,安徽建筑大学,2,125707
2024,1,0P,工程管理,A878,安徽建筑大学,3,129407
2024,1,0Q,房地产开发与管理,A878,安徽建筑大学,2,162200
2024,1,0R,工程造价,A878,安徽建筑大学,1,106548
2024,1,0S,会计学,A878,安徽建筑大学,1,67038
2024,1,0T,财务管理,A878,安徽建筑大学,1,68347
2024,1,0Y,计算机科学与技术,A878,安徽建筑大学,2,74070
2024,1,0Z,网络工程,A878,安徽建筑大学,2,80248
2024,1,10,物联网工程,A878,安徽建筑大学,1,76888
2024,1,11,建筑电气与智能化,A878,安徽建筑大学,3,116701
2024,1,12,应用化学,A878,安徽建筑大学,2,161299
2024,1,13,金属材料工程,A878,安徽建筑大学,2,188174
2024,1,14,无机非金属材料工程,A878,安徽建筑大学,2,166994
2024,1,15,高分子材料与工程,A878,安徽建筑大学,2,168031
2024,1,16,新能源材料与器件,A878,安徽建筑大学,1,94040
2024,1,17,化学工程与工艺,A878,安徽建筑大学,2,144058
2024,1,18,信息与计算科学,A878,安徽建筑大学,1,121615
2024,1,19,数据计算及应用,A878,安徽建筑大学,1,117296
2024,1,1A,应用物理学,A878,安徽建筑大学,1,131877
2024,1,1B,声学,A878,安徽建筑大学,2,123265
2024,1,1C,统计学,A878,安徽建筑大学,2,121601
2024,1,1J,机械设计制造及其自动化,A878,安徽建筑大学,2,94224
2024,1,1K,机械电子工程,A878,安徽建筑大学,2,102991
2024,1,1L,工业设计,A878,安徽建筑大学,2,135867
2024,1,1M,过程装备与控制工程,A878,安徽建筑大学,2,128040
2024,1,1N,测控技术与仪器,A878,安徽建筑大学,3,121302
2024,1,1P,电气工程及其自动化,A878,安徽建筑大学,2,79518
2024,1,1Q,自动化,A878,安徽建筑大学,2,80768
2024,1,1R,法学,A878,安徽建筑大学,2,65904
2024,1,1S,人力资源管理,A878,安徽建筑大学,3,104850
2024,1,1T,劳动与社会保障,A878,安徽建筑大学,3,126787
2024,1,1U,土地资源管理,A878,安徽建筑大学,1,107296
2024,1,1V,城市管理,A878,安徽建筑大学,2,132215
2024,1,0G,城乡规划,A879,安徽科技学院,2,135529
2024,1,0H,风景园林,A879,安徽科技学院,2,149564
2024,1,0J,建筑学,A879,安徽科技学院,2,149492
2024,1,0K,地理信息科学,A879,安徽科技学院,2,119687
2024,1,0Y,智慧农业,A879,安徽科技学院,2,205886
2024,1,0Z,农学,A879,安徽科技学院,2,229025
2024,1,10,动物科学,A879,安徽科技学院,4,234669
2024,1,12,环境工程,A879,安徽科技学院,4,249021
2024,1,13,生物工程,A879,安徽科技学院,3,219674
2024,1,14,中药学,A879,安徽科技学院,3,201967
2024,1,15,药学,A879,安徽科技学院,2,190788
2024,1,16,生物制药,A879,安徽科技学院,3,177859
2024,1,1B,农业智能装备工程,A879,安徽科技学院,5,238934
2024,1,1D,食品营养与健康,A879,安徽科技学院,2,241637
2024,1,1E,食品科学与工程,A879,安徽科技学院,3,223737
2024,1,1F,食品质量与安全,A879,安徽科技学院,3,261346
2024,1,1K,物流管理,A879,安徽科技学院,3,157705
2024,1,1L,质量管理工程,A879,安徽科技学院,3,161839
2024,1,12,汉语言文学(师范类),A894,景德镇学院,2,124166
2024,1,19,财务管理,A894,景德镇学院,2,138922
2024,1,27,汽车服务工程,A894,景德镇学院,2,243457
2024,1,34,学前教育(师范类),A894,景德镇学院,2,165304
2024,1,0M,环境生态工程,A895,萍乡学院,2,279971
2024,1,0N,工程管理,A895,萍乡学院,2,192689
2024,1,0W,汉语言文学(师范类),A895,萍乡学院,2,128727
2024,1,00,汉语言文学(师范类),A904,枣庄学院,90,113384
2024,1,03,网络与新媒体,A904,枣庄学院,35,158448
2024,1,05,健康服务与管理,A904,枣庄学院,40,171434
2024,1,07,英语(师范类),A904,枣庄学院,80,144294
2024,1,0A,金融工程,A904,枣庄学院,45,191071
2024,1,0B,数学与应用数学(师范类),A904,枣庄学院,90,285488
2024,1,0D,应用统计学,A904,枣庄学院,50,255857
2024,1,0F,电气工程及其自动化,A904,枣庄学院,69,206010
2024,1,0G,工业设计,A904,枣庄学院,40,253977
2024,1,0H,机械设计制造及其自动化,A904,枣庄学院,95,231380
2024,1,0J,机器人工程,A904,枣庄学院,25,242215
2024,1,0K,智能装备与系统,A904,枣庄学院,50,254153
2024,1,0M,电子信息工程,A904,枣庄学院,99,244443
2024,1,0N,光电信息科学与工程,A904,枣庄学院,100,249696
2024,1,0P,通信工程,A904,枣庄学院,80,234524
2024,1,0R,集成电路设计与集成系统,A904,枣庄学院,90,251009
2024,1,0S,化学(师范类),A904,枣庄学院,35,280628
2024,1,0U,化学工程与工艺,A904,枣庄学院,79,271549
2024,1,0X,材料科学与工程,A904,枣庄学院,85,273377
2024,1,0Z,生物科学(师范类),A904,枣庄学院,45,300547
2024,1,12,生物技术,A904,枣庄学院,85,291349
2024,1,13,植物科学与技术,A904,枣庄学院,75,288725
2024,1,14,生物信息学,A904,枣庄学院,45,295398
2024,1,15,智慧农业,A904,枣庄学院,44,261176
2024,1,16,制药工程,A904,枣庄学院,70,264446
2024,1,17,食品科学与工程,A904,枣庄学院,24,250969
2024,1,18,食品质量与安全,A904,枣庄学院,30,259603
2024,1,19,生物制药,A904,枣庄学院,90,268448
2024,1,1B,地理科学(师范类),A904,枣庄学院,45,139971
2024,1,1E,酒店管理,A904,枣庄学院,30,181675
2024,1,1F,旅游管理,A904,枣庄学院,30,177528
2024,1,1H,财务管理,A904,枣庄学院,90,137387
2024,1,1J,市场营销,A904,枣庄学院,50,172667
2024,1,1K,经济统计学,A904,枣庄学院,50,180930
2024,1,1L,心理学(师范类),A904,枣庄学院,40,156356
2024,1,1P,小学教育(师范类),A904,枣庄学院,39,146573
2024,1,1Q,数据科学与大数据技术,A904,枣庄学院,80,243755
2024,1,1R,计算机科学与技术,A904,枣庄学院,34,205900
2024,1,1S,物联网工程,A904,枣庄学院,75,246934
2024,1,1T,网络工程,A904,枣庄学院,75,240885
2024,1,1U,人工智能,A904,枣庄学院,70,246364
2024,1,1V,网络空间安全,A904,枣庄学院,75,249263
2024,1,1X,广播电视编导,A904,枣庄学院,80,182694
2024,1,1Z,土木工程,A904,枣庄学院,69,269654
2024,1,21,给排水科学与工程,A904,枣庄学院,30,263949
2024,1,22,城市地下空间工程,A904,枣庄学院,50,271140
2024,1,24,历史学(师范类),A904,枣庄学院,35,134146
2024,1,25,思想政治教育(师范类),A904,枣庄学院,35,130711
2024,1,1A,食品科学与工程(中外合作办学)(与韩国建国大学合作),A904,枣庄学院,120,306262
2024,1,20,艺术设计学,A908,山东工艺美术学院,15,177086
2024,1,21,美术学,A908,山东工艺美术学院,20,184797
2024,1,22,艺术史论,A908,山东工艺美术学院,15,182390
2024,1,27,广播电视编导,A908,山东工艺美术学院,50,189063
2024,1,33,非物质文化遗产保护,A908,山东工艺美术学院,25,179920
2024,1,A0,家具设计与工程,A908,山东工艺美术学院,45,254795
2024,1,A1,文化产业管理,A908,山东工艺美术学院,20,172266
2024,1,A3,工业设计,A908,山东工艺美术学院,45,248804
2024,1,A4,服装设计与工程,A908,山东工艺美术学院,30,182161
2024,1,A6,风景园林,A908,山东工艺美术学院,10,171365
2024,1,A7,建筑学,A908,山东工艺美术学院,21,193918
2024,1,A8,城乡规划,A908,山东工艺美术学院,25,179271
2024,1,A9,智能交互设计,A908,山东工艺美术学院,40,249149
2024,1,B1,数字媒体技术,A908,山东工艺美术学院,35,224641
2024,1,15,汉语言文学(师范类),A918,黄淮学院,10,126753
2024,1,16,网络与新媒体,A918,黄淮学院,10,165583
2024,1,17,英语(师范类),A918,黄淮学院,20,159444
2024,1,21,新能源科学与工程,A918,黄淮学院,20,255057
2024,1,24,制药工程,A918,黄淮学院,20,278440
2024,1,28,化学工程与工艺,A918,黄淮学院,10,256741
2024,1,29,电子商务,A918,黄淮学院,20,179027
2024,1,30,数学与应用数学(师范类),A918,黄淮学院,10,315066
2024,1,34,通信工程,A918,黄淮学院,15,253474
2024,1,38,土木工程,A918,黄淮学院,30,274090
2024,1,41,生物工程,A918,黄淮学院,20,285625
2024,1,42,园林,A918,黄淮学院,15,179612
2024,1,43,食品科学与工程,A918,黄淮学院,20,282304
2024,1,44,机械电子工程,A918,黄淮学院,15,253317
2024,1,46,物联网工程,A918,黄淮学院,10,253487
2024,1,55,新能源汽车工程,A918,黄淮学院,10,251120
2024,1,56,机器人工程,A918,黄淮学院,15,256049
2024,1,59,商务经济学,A918,黄淮学院,15,175242
2024,1,90,储能科学与工程,A918,黄淮学院,15,249582
2024,1,09,网络与新媒体,A919,平顶山学院,5,164631
2024,1,15,翻译,A919,平顶山学院,10,179248
2024,1,17,测控技术与仪器,A919,平顶山学院,5,253584
2024,1,18,电气工程及其自动化,A919,平顶山学院,5,203902
2024,1,19,机械电子工程,A919,平顶山学院,5,254606
2024,1,25,材料科学与工程,A919,平顶山学院,10,264290
2024,1,50,旅游管理,A919,平顶山学院,10,180134
2024,1,53,法学,A919,平顶山学院,5,125402
2024,1,57,护理学,A919,平顶山学院,5,137431
2024,1,8W,城乡规划,A919,平顶山学院,15,178258
2024,1,15,软件工程,A920,湖北理工学院,4,115407
2024,1,18,应用化学,A920,湖北理工学院,4,228144
2024,1,28,土木工程(卓越计划、房屋建筑、地下工程、道路桥梁),A920,湖北理工学院,6,254007
2024,1,07,机械设计制造及其自动化(中外合作办学),A920,湖北理工学院,4,254121
2024,1,0C,汉语言文学,A927,湖北科技学院,2,92977
2024,1,0W,核工程与核技术,A927,湖北科技学院,2,131987
2024,1,01,临床医学,A929,湖北医药学院,2,63846
2024,1,02,麻醉学,A929,湖北医药学院,1,53091
2024,1,04,精神医学,A929,湖北医药学院,1,80482
2024,1,07,预防医学,A929,湖北医药学院,2,279310
2024,1,0E,医学检验技术,A929,湖北医药学院,2,104344
2024,1,30,国际经济与贸易,A959,安徽三联学院,10,225402
2024,1,36,会计学,A959,安徽三联学院,10,207412
2024,1,37,财务管理,A959,安徽三联学院,10,211726
2024,1,06,商务英语,A964,吉林外国语大学,3,194093
2024,1,09,朝鲜语,A964,吉林外国语大学,2,191019
2024,1,11,日语,A964,吉林外国语大学,2,184612
2024,1,14,英语(英韩双语),A964,吉林外国语大学,4,192538
2024,1,17,法语,A964,吉林外国语大学,4,195080
2024,1,20,西班牙语,A964,吉林外国语大学,3,202776
2024,1,24,英语(英西班牙双语),A964,吉林外国语大学,3,197413
2024,1,35,汉语国际教育,A964,吉林外国语大学,3,181993
2024,1,36,汉语言文学,A964,吉林外国语大学,5,174540
2024,1,42,人工智能,A964,吉林外国语大学,6,272506
2024,1,43,数据科学与大数据技术,A964,吉林外国语大学,4,281539
2024,1,49,朝鲜语(中外合作办学),A964,吉林外国语大学,4,222361
2024,1,51,俄语(中外合作办学),A964,吉林外国语大学,4,208559
2024,1,10,法学,A976,贵阳学院,2,98170
2024,1,17,软件工程,A976,贵阳学院,4,216648
2024,1,19,电子信息工程,A976,贵阳学院,2,220720
2024,1,25,经济学,A976,贵阳学院,4,159892
2024,1,32,机械设计制造及其自动化,A976,贵阳学院,4,237304
2024,1,36,生物工程,A976,贵阳学院,2,237850
2024,1,40,土木工程,A976,贵阳学院,2,270833
2024,1,0F,生物科学(师范类),A977,六盘水师范学院,2,290609
2024,1,0M,能源与动力工程,A977,六盘水师范学院,2,253994
2024,1,0N,自动化,A977,六盘水师范学院,2,240166
2024,1,0V,学前教育(师范类),A977,六盘水师范学院,2,173088
2024,1,0Y,汉语言文学(师范类),A977,六盘水师范学院,2,133841
2024,1,14,机械电子工程,A977,六盘水师范学院,3,251927
2024,1,01,安全工程,A994,新疆工程学院,8,271074
2024,1,02,消防工程,A994,新疆工程学院,3,268114
2024,1,03,应急技术与管理,A994,新疆工程学院,4,268667
2024,1,05,化学工程与工艺,A994,新疆工程学院,3,272129
2024,1,06,环境科学与工程,A994,新疆工程学院,3,269793
2024,1,07,材料科学与工程,A994,新疆工程学院,2,252031
2024,1,08,精细化工,A994,新疆工程学院,4,249768
2024,1,09,材料成型及控制工程,A994,新疆工程学院,2,239807
2024,1,10,焊接技术与工程,A994,新疆工程学院,4,268500
2024,1,11,机器人工程,A994,新疆工程学院,4,256154
2024,1,12,机械电子工程,A994,新疆工程学院,6,258296
2024,1,13,机械设计制造及其自动化,A994,新疆工程学院,4,242217
2024,1,14,测控技术与仪器,A994,新疆工程学院,3,256414
2024,1,16,自动化,A994,新疆工程学院,4,250407
2024,1,17,人工智能,A994,新疆工程学院,2,248431
2024,1,18,采矿工程,A994,新疆工程学院,8,271940
2024,1,19,地质工程,A994,新疆工程学院,5,272383
2024,1,20,勘查技术与工程,A994,新疆工程学院,3,269048
2024,1,21,矿物加工工程,A994,新疆工程学院,2,261768
2024,1,22,智能采矿工程,A994,新疆工程学院,4,270789
2024,1,23,资源勘查工程,A994,新疆工程学院,2,273741
2024,1,24,电气工程及其自动化,A994,新疆工程学院,3,223255
2024,1,26,能源与动力工程,A994,新疆工程学院,3,255564
2024,1,27,新能源科学与工程,A994,新疆工程学院,2,248522
2024,1,28,土木工程,A994,新疆工程学院,12,275837
2024,1,29,测绘工程,A994,新疆工程学院,10,271920
2024,1,30,铁道工程,A994,新疆工程学院,9,269623
2024,1,34,物流工程,A994,新疆工程学院,10,198576
2024,1,36,能源经济,A994,新疆工程学院,6,182461
2024,1,38,数据科学与大数据技术,A994,新疆工程学院,5,256636
2024,1,39,通信工程,A994,新疆工程学院,5,266202
2024,1,40,物联网工程,A994,新疆工程学院,5,259711
2024,1,41,计算机科学与技术,A994,新疆工程学院,6,252975
2024,1,42,数学与应用数学,A994,新疆工程学院,5,271039
2024,1,KA,飞行器运维工程,A994,新疆工程学院,8,264225
2024,1,U1,机械设计制造及其自动化,A994,新疆工程学院,2,254729
2024,1,V1,电气工程及其自动化,A994,新疆工程学院,2,244081
2024,1,W1,数据科学与大数据技术,A994,新疆工程学院,2,261517
2024,1,Y1,现代种业技术,A995,新疆农业职业技术大学,2,184902
2024,1,Y2,设施园艺,A995,新疆农业职业技术大学,2,197108
2024,1,Y3,动物医学,A995,新疆农业职业技术大学,2,183254
2024,1,Y4,现代畜牧,A995,新疆农业职业技术大学,2,210738
2024,1,Y5,食品工程技术,A995,新疆农业职业技术大学,2,204578
2024,1,01,金融数学,A997,昌吉学院,5,198290
2024,1,11,家政学,A997,昌吉学院,5,190247
2024,1,21,思想政治教育(师范类),A997,昌吉学院,5,167304
2024,1,27,学前教育(师范类),A997,昌吉学院,5,181811
2024,1,39,小学教育(师范类),A997,昌吉学院,5,172648
2024,1,68,汉语言文学(师范类),A997,昌吉学院,5,157145
2024,1,84,秘书学,A997,昌吉学院,5,174347
2024,1,91,英语(师范类),A997,昌吉学院,5,179329
2024,1,97,商务英语,A997,昌吉学院,5,186776
2024,1,A5,网络与新媒体,A997,昌吉学院,5,176125
2024,1,AB,数学与应用数学(师范类),A997,昌吉学院,13,269728
2024,1,AN,物理学(师范类),A997,昌吉学院,10,277340
2024,1,AX,化学(师范类),A997,昌吉学院,10,280718
2024,1,B2,应用化学,A997,昌吉学院,10,278941
2024,1,BA,应用统计学,A997,昌吉学院,5,271943
2024,1,BH,材料成型及控制工程,A997,昌吉学院,20,276528
2024,1,BQ,材料物理,A997,昌吉学院,5,258968
2024,1,BX,能源与动力工程,A997,昌吉学院,10,262557
2024,1,C7,通信工程,A997,昌吉学院,5,264268
2024,1,CH,自动化,A997,昌吉学院,15,260281
2024,1,CR,计算机科学与技术,A997,昌吉学院,5,241799
2024,1,CU,计算机科学与技术,A997,昌吉学院,15,263714
2024,1,D2,网络工程,A997,昌吉学院,5,248766
2024,1,DA,数据科学与大数据技术,A997,昌吉学院,5,267538
2024,1,DG,化学工程与工艺,A997,昌吉学院,5,269139
2024,1,DT,能源化学工程,A997,昌吉学院,10,274059
2024,1,DZ,交通运输,A997,昌吉学院,5,265036
2024,1,E5,工商管理,A997,昌吉学院,5,179822
2024,1,EY,行政管理,A997,昌吉学院,2,179911
2024,1,F8,电子商务,A997,昌吉学院,5,204039
2024,1,FP,会展经济与管理,A997,昌吉学院,5,187522
2024,1,LG,投资学,A997,昌吉学院,5,201738
2024,1,LP,精算学,A997,昌吉学院,5,200422
2024,1,LZ,智能科学与技术,A997,昌吉学院,5,272253
2024,1,M4,软件工程,A997,昌吉学院,5,257196
2024,1,N5,应急管理,A997,昌吉学院,5,199346
2024,1,N7,电气工程与智能控制,A997,昌吉学院,10,253679
2024,1,N9,飞行器制造工程,A997,昌吉学院,5,265782
2024,1,ND,科学教育(师范类),A997,昌吉学院,10,203001
2024,1,NF,新能源材料与器件,A997,昌吉学院,10,263934
2024,1,NR,化工安全工程,A997,昌吉学院,10,278594
2024,1,01,电气工程及其自动化,B033,唐山学院,5,208388
2024,1,05,轨道交通信号与控制,B033,唐山学院,5,228648
2024,1,0D,机械设计制造及其自动化,B033,唐山学院,5,216883
2024,1,10,财务管理,B033,唐山学院,5,147063
2024,1,40,广播电视编导,B035,沈阳大学,3,143846
2024,1,48,金属材料工程,B035,沈阳大学,2,166150
2024,1,49,焊接技术与工程,B035,沈阳大学,3,159595
2024,1,59,土木工程,B035,沈阳大学,8,209562
2024,1,60,建筑环境与能源应用工程,B035,沈阳大学,7,200447
2024,1,61,建筑学,B035,沈阳大学,5,155550
2024,1,62,环境工程,B035,沈阳大学,5,189543
2024,1,63,环境生态工程,B035,沈阳大学,4,213367
2024,1,73,俄语,B035,沈阳大学,6,126619
2024,1,74,日语,B035,沈阳大学,5,136587
2024,1,91,自动化(中外合作办学),B035,沈阳大学,2,191077
2024,1,92,工业工程(中外合作办学),B035,沈阳大学,3,159339
2024,1,01,会计学,B047,上海立信会计金融学院,6,31893
2024,1,02,财务管理,B047,上海立信会计金融学院,4,37108
2024,1,03,审计学,B047,上海立信会计金融学院,6,34939
2024,1,04,资产评估,B047,上海立信会计金融学院,2,42550
2024,1,05,金融学,B047,上海立信会计金融学院,5,44856
2024,1,06,信用管理,B047,上海立信会计金融学院,1,44912
2024,1,07,投资学,B047,上海立信会计金融学院,3,69488
2024,1,08,金融工程,B047,上海立信会计金融学院,2,58356
2024,1,09,工商管理,B047,上海立信会计金融学院,3,56389
2024,1,0A,人力资源管理,B047,上海立信会计金融学院,2,62790
2024,1,0C,市场营销,B047,上海立信会计金融学院,2,65495
2024,1,0D,经济学,B047,上海立信会计金融学院,1,44565
2024,1,0E,国际经济与贸易,B047,上海立信会计金融学院,4,62392
2024,1,0F,数字经济,B047,上海立信会计金融学院,1,55831
2024,1,0H,财政学,B047,上海立信会计金融学院,2,38376
2024,1,0J,税收学,B047,上海立信会计金融学院,4,46803
2024,1,0K,行政管理,B047,上海立信会计金融学院,1,66970
2024,1,0M,应用统计学,B047,上海立信会计金融学院,4,62946
2024,1,0N,数学与应用数学,B047,上海立信会计金融学院,4,66170
2024,1,0P,金融数学,B047,上海立信会计金融学院,2,53308
2024,1,0Q,计算机科学与技术,B047,上海立信会计金融学院,4,47890
2024,1,0R,数据科学与大数据技术,B047,上海立信会计金融学院,4,66225
2024,1,0T,电子商务,B047,上海立信会计金融学院,2,92011
2024,1,0U,商务英语,B047,上海立信会计金融学院,2,67291
2024,1,0X,保险学,B047,上海立信会计金融学院,3,62903
2024,1,0Y,精算学,B047,上海立信会计金融学院,6,63834
2024,1,10,法学,B047,上海立信会计金融学院,2,35885
2024,1,12,金融科技,B047,上海立信会计金融学院,6,80997
2024,1,13,汉语言文学,B047,上海立信会计金融学院,2,47352
2024,1,02,国际经济与贸易,B048,金陵科技学院,1,92296
2024,1,03,会计学,B048,金陵科技学院,1,62478
2024,1,07,古典文献学,B048,金陵科技学院,1,89137
2024,1,09,汉语国际教育,B048,金陵科技学院,1,93283
2024,1,10,旅游管理,B048,金陵科技学院,1,115958
2024,1,12,行政管理,B048,金陵科技学院,1,84755
2024,1,21,市场营销,B048,金陵科技学院,1,114055
2024,1,24,车辆工程,B048,金陵科技学院,1,111102
2024,1,26,机械设计制造及其自动化,B048,金陵科技学院,1,75574
2024,1,27,建筑电气与智能化,B048,金陵科技学院,1,138275
2024,1,31,自动化,B048,金陵科技学院,1,69346
2024,1,34,工程管理,B048,金陵科技学院,1,127447
2024,1,36,土木工程,B048,金陵科技学院,1,143811
2024,1,40,数据科学与大数据技术,B048,金陵科技学院,1,81964
2024,1,43,电子信息工程,B048,金陵科技学院,1,68027
2024,1,45,光电信息科学与工程,B048,金陵科技学院,1,80706
2024,1,46,通信工程,B048,金陵科技学院,1,75536
2024,1,48,网络工程,B048,金陵科技学院,1,78297
2024,1,50,信息安全,B048,金陵科技学院,1,75171
2024,1,58,宝石及材料工艺学,B048,金陵科技学院,1,137556
2024,1,02,学前教育(师范类),B049,淮阴工学院,4,158112
2024,1,04,俄语,B049,淮阴工学院,3,153806
2024,1,09,经济与金融,B049,淮阴工学院,7,137972
2024,1,10,电子商务,B049,淮阴工学院,5,150525
2024,1,32,机械设计制造及其自动化,B049,淮阴工学院,2,149732
2024,1,34,金属材料工程,B049,淮阴工学院,2,183401
2024,1,47,金融数学,B049,淮阴工学院,9,165860
2024,1,50,车辆工程,B049,淮阴工学院,2,166913
2024,1,51,土木工程,B049,淮阴工学院,2,270781
2024,1,55,工程管理,B049,淮阴工学院,5,180481
2024,1,60,会计学,B049,淮阴工学院,2,107292
2024,1,62,财务管理,B049,淮阴工学院,4,122213
2024,1,68,社会工作,B049,淮阴工学院,4,151008
2024,1,69,行政管理,B049,淮阴工学院,2,146050
2024,1,74,农学,B049,淮阴工学院,2,175426
2024,1,76,园林,B049,淮阴工学院,4,152264
2024,1,07,会计学,B053,徐州工程学院,2,92909
2024,1,09,英语,B053,徐州工程学院,6,134733
2024,1,10,朝鲜语,B053,徐州工程学院,4,173172
2024,1,11,汉语言文学,B053,徐州工程学院,6,98230
2024,1,14,国际经济与贸易,B053,徐州工程学院,5,134965
2024,1,15,市场营销,B053,徐州工程学院,2,144627
2024,1,17,旅游管理,B053,徐州工程学院,1,99604
2024,1,19,土木工程,B053,徐州工程学院,3,261634
2024,1,28,电子信息工程,B053,徐州工程学院,10,151736
2024,1,38,食品科学与工程,B053,徐州工程学院,10,207950
2024,1,39,生物工程,B053,徐州工程学院,10,239310
2024,1,76,物流工程,B053,徐州工程学院,1,145729
2024,1,W0,电气工程及其自动化(中外合作办学),B053,徐州工程学院,3,218669
2024,1,W1,机械电子工程(中外合作办学),B053,徐州工程学院,2,226070
2024,1,F1,工程管理,B055,常州工学院,2,160951
2024,1,J4,物流管理,B055,常州工学院,3,150768
2024,1,04,智能制造工程,B057,浙江科技大学,4,87324
2024,1,10,机器人工程,B057,浙江科技大学,2,85401
2024,1,16,电子信息工程,B057,浙江科技大学,3,75182
2024,1,17,通信工程,B057,浙江科技大学,3,83391
2024,1,18,人工智能,B057,浙江科技大学,3,81199
2024,1,19,土木工程,B057,浙江科技大学,3,138848
2024,1,28,材料科学与工程,B057,浙江科技大学,5,114726
2024,1,40,信息管理与信息系统,B057,浙江科技大学,2,88294
2024,1,52,机械类(中德联合培养),B057,浙江科技大学,3,119167
2024,1,24,土木工程(中外合作办学)(中法合作办学),B057,浙江科技大学,10,244389
2024,1,43,经济学(中外合作办学)(中美合作办学),B057,浙江科技大学,2,111122
2024,1,60,土木工程(中外合作办学)(中德合作办学),B057,浙江科技大学,5,232315
2024,1,05,电气工程及其自动化,B058,宁波工程学院,2,102761
2024,1,06,土木工程,B058,宁波工程学院,4,235873
2024,1,08,工程管理,B058,宁波工程学院,2,140832
2024,1,12,机械设计制造及其自动化,B058,宁波工程学院,4,133913
2024,1,16,车辆工程,B058,宁波工程学院,2,138654
2024,1,18,油气储运工程,B058,宁波工程学院,4,175516
2024,1,19,应用化学,B058,宁波工程学院,3,177097
2024,1,21,材料科学与工程,B058,宁波工程学院,2,170636
2024,1,24,信息与计算科学,B058,宁波工程学院,2,127222
2024,1,33,物流工程,B058,宁波工程学院,2,123634
2024,1,36,日语,B058,宁波工程学院,2,144009
2024,1,37,德语,B058,宁波工程学院,5,132952
2024,1,13,机械设计制造及其自动化(中外合作办学),B058,宁波工程学院,2,191894
2024,1,45,信息与计算科学(中外合作办学),B058,宁波工程学院,4,227014
2024,1,01,机械设计制造及其自动化,B059,合肥大学,2,115936
2024,1,19,建筑学,B059,合肥大学,2,109780
2024,1,34,工商管理,B059,合肥大学,2,104912
2024,1,35,会计学,B059,合肥大学,2,84469
2024,1,36,财务管理,B059,合肥大学,2,92715
2024,1,37,物流管理,B059,合肥大学,2,126063
2024,1,45,旅游管理,B059,合肥大学,2,142075
2024,1,49,小学教育(师范类),B059,合肥大学,2,109872
2024,1,52,物流管理(中外合作办学),B059,合肥大学,4,177554
2024,1,01,金融工程,B062,厦门理工学院,2,143316
2024,1,09,机械设计制造及其自动化,B062,厦门理工学院,3,88146
2024,1,0A,车辆工程,B062,厦门理工学院,4,102850
2024,1,0E,材料科学与工程,B062,厦门理工学院,3,122694
2024,1,0M,自动化,B062,厦门理工学院,3,86958
2024,1,0P,通信工程,B062,厦门理工学院,3,95173
2024,1,0U,软件工程,B062,厦门理工学院,3,78216
2024,1,10,土木工程,B062,厦门理工学院,3,200430
2024,1,1G,网络与新媒体,B062,厦门理工学院,3,82565
2024,1,1X,电子信息工程(中外合作办学),B062,厦门理工学院,5,124416
2024,1,01,环境科学与工程,B065,青岛大学,48,78668
2024,1,02,历史学,B065,青岛大学,30,49283
2024,1,03,新能源科学与工程,B065,青岛大学,73,49135
2024,1,05,金融学,B065,青岛大学,74,75167
2024,1,06,法学,B065,青岛大学,122,30049
2024,1,08,国际政治,B065,青岛大学,14,50247
2024,1,0C,应用心理学,B065,青岛大学,33,55309
2024,1,0E,汉语言文学,B065,青岛大学,60,34928
2024,1,0G,英语,B065,青岛大学,9,40267
2024,1,0N,经济学(数量经济学拔尖人才创新班),B065,青岛大学,30,67597
2024,1,0P,新闻学,B065,青岛大学,20,47149
2024,1,0R,电气工程及其自动化,B065,青岛大学,197,39363
2024,1,0V,应用物理学(拔尖人才创新班),B065,青岛大学,60,61223
2024,1,0X,应用化学,B065,青岛大学,53,70990
2024,1,0Y,化学工程与工艺,B065,青岛大学,41,65981
2024,1,1A,轻化工程,B065,青岛大学,27,76094
2024,1,1D,临床医学(5+3一体化),B065,青岛大学,150,14425
2024,1,1E,临床医学,B065,青岛大学,275,24336
2024,1,1F,医学影像学,B065,青岛大学,51,30151
2024,1,1G,医学检验技术,B065,青岛大学,40,52090
2024,1,1H,口腔医学,B065,青岛大学,45,21666
2024,1,1J,预防医学,B065,青岛大学,20,61408
2024,1,1K,护理学,B065,青岛大学,24,53717
2024,1,1L,药学,B065,青岛大学,58,57072
2024,1,1M,计算机科学与技术(图灵班),B065,青岛大学,30,28848
2024,1,1P,软件工程,B065,青岛大学,86,35653
2024,1,1Q,临床医学(5+3一体化，沈福彭班),B065,青岛大学,30,7931
2024,1,1S,工商管理,B065,青岛大学,49,56274
2024,1,1T,会计学,B065,青岛大学,70,41502
2024,1,1V,标准化工程,B065,青岛大学,21,57681
2024,1,1W,材料类,B065,青岛大学,10,58596
2024,1,1X,自动化,B065,青岛大学,182,44322
2024,1,2C,生物技术,B065,青岛大学,43,63245
2024,1,31,广播电视编导,B065,青岛大学,30,77307
2024,1,5K,微电子科学与工程(微纳英才班),B065,青岛大学,127,47798
2024,1,5M,工业设计,B065,青岛大学,23,60708
2024,1,5P,能源与动力工程,B065,青岛大学,66,51655
2024,1,65,行政管理,B065,青岛大学,5,47917
2024,1,67,信息管理与信息系统,B065,青岛大学,31,53658
2024,1,6E,旅游管理,B065,青岛大学,9,65327
2024,1,6H,数学与应用数学(拔尖人才创新班),B065,青岛大学,30,45708
2024,1,6J,应用物理学,B065,青岛大学,11,55590
2024,1,6K,光电信息科学与工程,B065,青岛大学,37,46980
2024,1,6Q,机器人工程,B065,青岛大学,44,48715
2024,1,6R,智能制造工程,B065,青岛大学,73,52716
2024,1,71,电子信息工程,B065,青岛大学,95,40787
2024,1,72,通信工程,B065,青岛大学,72,45338
2024,1,75,计算机科学与技术,B065,青岛大学,94,32638
2024,1,76,测控技术与仪器,B065,青岛大学,39,57343
2024,1,77,信息安全,B065,青岛大学,46,38947
2024,1,78,智能科学与技术,B065,青岛大学,73,44712
2024,1,79,机械工程,B065,青岛大学,37,53225
2024,1,7B,食品科学与工程,B065,青岛大学,34,66244
2024,1,7C,预防医学(卓越创新班),B065,青岛大学,30,60790
2024,1,81,经济学,B065,青岛大学,47,71701
2024,1,82,财政学,B065,青岛大学,33,58026
2024,1,84,数学与应用数学,B065,青岛大学,80,55434
2024,1,85,应用统计学,B065,青岛大学,68,59337
2024,1,8D,应用化学(拔尖人才创新班),B065,青岛大学,30,63636
2024,1,8F,机械工程(卓越创新班),B065,青岛大学,60,53292
2024,1,8A,计算机科学与技术(中外合作办学),B065,青岛大学,90,89023
2024,1,8B,生物技术(中外合作办学),B065,青岛大学,80,154416
2024,1,7D,能源与动力工程(地方专项计划),B065,青岛大学,10,53722
2024,1,7E,旅游管理(地方专项计划),B065,青岛大学,10,83007
2024,1,7F,信息安全(地方专项计划),B065,青岛大学,5,41851
2024,1,7G,材料类(地方专项计划),B065,青岛大学,20,75295
2024,1,7H,纺织工程(卓越创新班，地方专项计划),B065,青岛大学,20,117974
2024,1,7J,服装设计与工程(地方专项计划),B065,青岛大学,10,136631
2024,1,7K,环境科学与工程(地方专项计划),B065,青岛大学,15,94254
2024,1,7L,行政管理(地方专项计划),B065,青岛大学,10,66567
2024,1,7M,国际政治(地方专项计划),B065,青岛大学,5,60780
2024,1,7N,信息管理与信息系统(地方专项计划),B065,青岛大学,5,55809
2024,1,7P,护理学(地方专项计划),B065,青岛大学,15,69449
2024,1,7Q,化学工程与工艺(地方专项计划),B065,青岛大学,15,72471
2024,1,7R,国际经济与贸易(地方专项计划),B065,青岛大学,10,91308
2024,1,7S,机械工程(地方专项计划),B065,青岛大学,15,56867
2024,1,7T,测控技术与仪器(地方专项计划),B065,青岛大学,10,59970
2024,1,7U,标准化工程(地方专项计划),B065,青岛大学,5,69411
2024,1,7V,光电信息科学与工程(地方专项计划),B065,青岛大学,5,49120
2024,1,7W,应用物理学(地方专项计划),B065,青岛大学,10,66270
2024,1,7X,应用统计学(地方专项计划),B065,青岛大学,5,58561
2024,1,7Y,轻化工程(地方专项计划),B065,青岛大学,20,94442
2024,1,01,汉语言文学,B066,烟台大学,240,65868
2024,1,02,新闻学,B066,烟台大学,60,96183
2024,1,03,汉语国际教育,B066,烟台大学,47,92236
2024,1,04,法学,B066,烟台大学,158,37793
2024,1,05,知识产权,B066,烟台大学,39,46417
2024,1,06,英语,B066,烟台大学,130,99731
2024,1,07,朝鲜语,B066,烟台大学,20,129922
2024,1,08,日语,B066,烟台大学,17,118600
2024,1,09,国际经济与贸易,B066,烟台大学,54,102264
2024,1,10,工商管理,B066,烟台大学,77,97380
2024,1,11,会计学,B066,烟台大学,70,63091
2024,1,12,投资学,B066,烟台大学,64,109816
2024,1,13,人力资源管理,B066,烟台大学,80,102233
2024,1,14,数学与应用数学,B066,烟台大学,150,129405
2024,1,15,信息与计算科学,B066,烟台大学,82,114783
2024,1,16,统计学,B066,烟台大学,80,112469
2024,1,17,应用物理学,B066,烟台大学,100,156337
2024,1,18,电子信息科学与技术,B066,烟台大学,125,90428
2024,1,19,通信工程,B066,烟台大学,125,93654
2024,1,20,物联网工程,B066,烟台大学,80,97679
2024,1,21,集成电路设计与集成系统,B066,烟台大学,90,109277
2024,1,22,计算机科学与技术,B066,烟台大学,125,75873
2024,1,23,自动化,B066,烟台大学,80,92493
2024,1,24,软件工程,B066,烟台大学,82,81741
2024,1,25,人工智能,B066,烟台大学,76,97974
2024,1,26,机械设计制造及其自动化,B066,烟台大学,200,118196
2024,1,27,车辆工程,B066,烟台大学,140,127641
2024,1,28,机器人工程,B066,烟台大学,90,107507
2024,1,29,建筑学,B066,烟台大学,50,136611
2024,1,30,城乡规划,B066,烟台大学,29,126429
2024,1,31,土木工程,B066,烟台大学,70,206123
2024,1,32,给排水科学与工程,B066,烟台大学,20,160376
2024,1,33,工程管理,B066,烟台大学,20,129461
2024,1,34,应用化学,B066,烟台大学,110,168779
2024,1,35,化学工程与工艺,B066,烟台大学,70,156183
2024,1,36,高分子材料与工程,B066,烟台大学,70,151152
2024,1,37,生物科学,B066,烟台大学,120,193149
2024,1,38,生物工程,B066,烟台大学,106,173294
2024,1,39,生物制药,B066,烟台大学,78,150211
2024,1,40,食品科学与工程,B066,烟台大学,68,152653
2024,1,41,食品质量与安全,B066,烟台大学,74,154806
2024,1,42,药学,B066,烟台大学,160,138067
2024,1,43,制药工程,B066,烟台大学,75,142686
2024,1,44,水产养殖学,B066,烟台大学,17,169215
2024,1,45,海洋科学,B066,烟台大学,78,161271
2024,1,46,能源与动力工程,B066,烟台大学,105,113155
2024,1,49,环境科学与工程,B066,烟台大学,45,163626
2024,1,50,材料科学与工程,B066,烟台大学,35,152170
2024,1,51,环保设备工程,B066,烟台大学,25,171062
2024,1,52,核工程与核技术,B066,烟台大学,75,126571
2024,1,53,金属材料工程,B066,烟台大学,17,154666
2024,1,92,本科预科班（招收边防军人子女）,B066,烟台大学,11,279442
2024,1,H1,法学(中外合作办学),B066,烟台大学,96,68609
2024,1,H2,材料科学与工程(中外合作办学),B066,烟台大学,100,243952
2024,1,H3,车辆工程(中外合作办学),B066,烟台大学,90,275920
2024,1,H4,环境科学与工程(中外合作办学),B066,烟台大学,90,316116
2024,1,H5,环保设备工程(中外合作办学),B066,烟台大学,90,317067
2024,1,01,数学与应用数学(师范类),B067,潍坊学院,86,195165
2024,1,03,应用统计学,B067,潍坊学院,89,215725
2024,1,04,物理学(师范类),B067,潍坊学院,42,285676
2024,1,05,电子科学与技术,B067,潍坊学院,124,193755
2024,1,06,光电信息科学与工程,B067,潍坊学院,61,200801
2024,1,07,机械设计制造及其自动化,B067,潍坊学院,160,193715
2024,1,09,通信工程,B067,潍坊学院,131,186911
2024,1,10,化学(师范类),B067,潍坊学院,47,283076
2024,1,11,化学工程与工艺,B067,潍坊学院,52,222069
2024,1,13,环境工程,B067,潍坊学院,25,241065
2024,1,14,制药工程,B067,潍坊学院,52,221255
2024,1,15,生物科学(师范类),B067,潍坊学院,33,305175
2024,1,16,海洋渔业科学与技术,B067,潍坊学院,35,266325
2024,1,17,设施农业科学与工程,B067,潍坊学院,66,256367
2024,1,18,园林,B067,潍坊学院,59,174351
2024,1,19,种子科学与工程,B067,潍坊学院,49,243417
2024,1,20,机械设计制造及其自动化(潍柴产业学院),B067,潍坊学院,9,168452
2024,1,21,农业机械化及其自动化,B067,潍坊学院,24,212209
2024,1,23,工业设计,B067,潍坊学院,28,223192
2024,1,24,自动化,B067,潍坊学院,125,190741
2024,1,25,机器人工程,B067,潍坊学院,83,208082
2024,1,26,计算机科学与技术,B067,潍坊学院,134,152156
2024,1,27,网络工程,B067,潍坊学院,33,163522
2024,1,28,自动化(潍柴产业学院),B067,潍坊学院,50,196270
2024,1,29,电子科学与技术(歌尔科技产业学院),B067,潍坊学院,80,213666
2024,1,30,土木工程,B067,潍坊学院,46,259250
2024,1,31,建筑学,B067,潍坊学院,33,158299
2024,1,32,工程管理,B067,潍坊学院,22,177236
2024,1,33,英语(师范类),B067,潍坊学院,54,126722
2024,1,34,日语,B067,潍坊学院,30,159658
2024,1,38,会计学,B067,潍坊学院,103,115573
2024,1,39,市场营销,B067,潍坊学院,16,157778
2024,1,40,国际经济与贸易,B067,潍坊学院,16,144950
2024,1,41,经济与金融,B067,潍坊学院,20,135885
2024,1,42,供应链管理,B067,潍坊学院,33,162431
2024,1,43,思想政治教育(师范类),B067,潍坊学院,35,109443
2024,1,45,法学,B067,潍坊学院,106,106325
2024,1,47,历史学(师范类),B067,潍坊学院,34,115623
2024,1,48,旅游管理,B067,潍坊学院,12,158254
2024,1,49,文物与博物馆学,B067,潍坊学院,12,132874
2024,1,50,汉语言文学(师范类),B067,潍坊学院,98,99174
2024,1,52,小学教育(师范类),B067,潍坊学院,61,128342
2024,1,54,应用心理学,B067,潍坊学院,17,144019
2024,1,55,学前教育(师范类),B067,潍坊学院,90,159740
2024,1,56,特殊教育(师范类),B067,潍坊学院,50,151235
2024,1,58,广播电视学,B067,潍坊学院,14,151216
2024,1,67,数字媒体技术,B067,潍坊学院,120,214864
2024,1,90,智能制造工程,B067,潍坊学院,88,216443
2024,1,93,数据科学与大数据技术,B067,潍坊学院,100,198204
2024,1,95,软件工程,B067,潍坊学院,120,178713
2024,1,97,数据计算及应用,B067,潍坊学院,80,232426
2024,1,98,新能源汽车工程,B067,潍坊学院,80,213149
2024,1,99,食品营养与健康,B067,潍坊学院,80,264101
2024,1,10,土木工程,B068,郑州工程技术学院,2,268365
2024,1,13,食品质量与安全,B068,郑州工程技术学院,6,260789
2024,1,22,应用化学,B068,郑州工程技术学院,2,257785
2024,1,59,商务英语,B068,郑州工程技术学院,6,177339
2024,1,72,物流工程,B068,郑州工程技术学院,4,190327
2024,1,73,高分子材料与工程,B068,郑州工程技术学院,5,261055
2024,1,76,车辆工程,B068,郑州工程技术学院,3,238648
2024,1,78,广告学,B068,郑州工程技术学院,2,165074
2024,1,7E,智能建造,B068,郑州工程技术学院,1,253772
2024,1,7F,投资学,B068,郑州工程技术学院,4,171659
2024,1,02,无机非金属材料工程,B070,洛阳理工学院,6,269178
2024,1,08,机械类,B070,洛阳理工学院,5,188129
2024,1,09,机械设计制造及其自动化,B070,洛阳理工学院,4,163748
2024,1,16,电气工程及其自动化,B070,洛阳理工学院,4,147933
2024,1,17,自动化,B070,洛阳理工学院,4,164022
2024,1,22,计算机科学与技术,B070,洛阳理工学院,4,142807
2024,1,25,软件工程,B070,洛阳理工学院,4,152124
2024,1,26,数据科学与大数据技术,B070,洛阳理工学院,4,157637
2024,1,29,土木工程,B070,洛阳理工学院,4,269117
2024,1,31,建筑环境与能源应用工程,B070,洛阳理工学院,4,249225
2024,1,35,工程造价,B070,洛阳理工学院,4,169643
2024,1,45,工商管理,B070,洛阳理工学院,4,145812
2024,1,53,会计学,B070,洛阳理工学院,4,116055
2024,1,57,学前教育(师范类),B070,洛阳理工学院,4,160849
2024,1,58,英语,B070,洛阳理工学院,4,153489
2024,1,60,商务英语,B070,洛阳理工学院,4,165478
2024,1,64,新闻学,B070,洛阳理工学院,4,146864
2024,1,10,机械设计制造及其自动化(中外合作办学),B070,洛阳理工学院,4,255846
2024,1,0G,俄语,B071,新乡学院,4,174851
2024,1,0L,新闻传播学类,B071,新乡学院,4,157653
2024,1,0Q,数学类,B071,新乡学院,5,269149
2024,1,0U,化学(师范类),B071,新乡学院,4,252276
2024,1,0V,生物技术,B071,新乡学院,5,269049
2024,1,0Y,机械类,B071,新乡学院,5,243717
2024,1,12,增材制造工程,B071,新乡学院,5,249513
2024,1,13,材料类,B071,新乡学院,6,256532
2024,1,17,电子信息类,B071,新乡学院,5,244738
2024,1,1D,计算机类,B071,新乡学院,6,223388
2024,1,1J,土木类,B071,新乡学院,6,263819
2024,1,1N,化学工程与工艺,B071,新乡学院,6,273631
2024,1,1P,制药工程,B071,新乡学院,6,254103
2024,1,1W,建筑类,B071,新乡学院,6,177946
2024,1,1Z,生物制药,B071,新乡学院,4,249025
2024,1,27,物业管理(物业智能化管理方向),B071,新乡学院,4,179193
2024,1,29,健康服务与管理(智慧健康管理方向),B071,新乡学院,4,174193
2024,1,2M,机械设计制造及其自动化(中外合作办学),B071,新乡学院,10,266110
2024,1,1H,化学工程与工艺,B072,江汉大学,8,109188
2024,1,25,日语,B072,江汉大学,2,95144
2024,1,2D,智能制造工程,B072,江汉大学,7,76707
2024,1,3C,金融学(CFA特许分析师),B072,江汉大学,2,75760
2024,1,3D,会计学(ACCA国际注册会计师),B072,江汉大学,2,63147
2024,1,43,数学与应用数学,B072,江汉大学,7,95221
2024,1,44,园艺(都市园艺),B072,江汉大学,4,173983
2024,1,11,水利水电工程,B075,三峡大学,7,43964
2024,1,13,港口航道与海岸工程,B075,三峡大学,4,94849
2024,1,14,工程管理(含造价方向),B075,三峡大学,3,103651
2024,1,21,土木工程(智慧土木方向),B075,三峡大学,8,123712
2024,1,22,地质工程(智慧地质方向),B075,三峡大学,4,89108
2024,1,23,建筑学,B075,三峡大学,3,99840
2024,1,24,城乡规划(乡村振兴方向),B075,三峡大学,4,92719
2024,1,31,机械设计制造及其自动化,B075,三峡大学,2,48492
2024,1,32,智能制造工程,B075,三峡大学,2,65634
2024,1,33,能源与动力工程,B075,三峡大学,2,52964
2024,1,41,新能源材料与器件(光电低碳材料与器件、储能材料方向),B075,三峡大学,4,76932
2024,1,42,化学工程与工艺(现代智能化工、化工新材料方向),B075,三峡大学,8,107954
2024,1,43,化学(能源、环境化学方向),B075,三峡大学,7,119492
2024,1,44,储能科学与工程(电力储能方向),B075,三峡大学,4,55898
2024,1,51,电气工程及其自动化,B075,三峡大学,12,23135
2024,1,52,电气工程及其自动化(输电线路工程方向),B075,三峡大学,6,27021
2024,1,54,智能电网信息工程,B075,三峡大学,4,27625
2024,1,62,通信工程,B075,三峡大学,2,37438
2024,1,63,数据科学与大数据技术(智能数据分析方向),B075,三峡大学,2,36095
2024,1,71,人力资源管理,B075,三峡大学,4,84176
2024,1,72,投资学,B075,三峡大学,4,103699
2024,1,73,供应链管理,B075,三峡大学,4,98697
2024,1,81,临床医学,B075,三峡大学,4,43412
2024,1,82,医学影像学,B075,三峡大学,2,39313
2024,1,83,中医学,B075,三峡大学,6,77731
2024,1,84,药学,B075,三峡大学,4,90067
2024,1,85,护理学,B075,三峡大学,3,99419
2024,1,B1,物理学(教师教育、卓越班方向),B075,三峡大学,4,75882
2024,1,B2,数学与应用数学(教师教育、大数据与科学计算方向),B075,三峡大学,4,78150
2024,1,B3,光电信息科学与工程,B075,三峡大学,4,44527
2024,1,B4,核工程与核技术,B075,三峡大学,6,61924
2024,1,C1,制药工程(中药、化学制药方向),B075,三峡大学,6,80504
2024,1,C2,生物工程(制药、食品发酵方向),B075,三峡大学,6,95948
2024,1,C3,生物科学(生科、生态学方向),B075,三峡大学,6,88502
2024,1,D1,英语(教师教育、翻译、国际传播方向),B075,三峡大学,4,80855
2024,1,F1,电气工程及其自动化(中外合作办学),B075,三峡大学,2,40238
2024,1,05,土木工程,B077,长沙学院,2,257855
2024,1,07,智能制造工程,B077,长沙学院,2,142683
2024,1,09,机械设计制造及其自动化,B077,长沙学院,2,143376
2024,1,12,软件工程,B077,长沙学院,2,119610
2024,1,13,网络空间安全,B077,长沙学院,2,135572
2024,1,16,电气工程及其自动化,B077,长沙学院,2,128205
2024,1,17,电子信息工程,B077,长沙学院,2,131000
2024,1,23,应用化学,B077,长沙学院,2,183244
2024,1,26,法学,B077,长沙学院,2,77779
2024,1,27,汉语言文学,B077,长沙学院,2,86407
2024,1,28,广播电视编导,B077,长沙学院,3,118209
2024,1,33,英语,B077,长沙学院,2,124836
2024,1,34,财务管理,B077,长沙学院,2,98369
2024,1,37,公共事业管理,B077,长沙学院,3,139722
2024,1,40,数字经济,B077,长沙学院,2,142467
2024,1,04,国际经济与贸易,B078,广州大学,3,45969
2024,1,05,统计学,B078,广州大学,3,38439
2024,1,07,法学,B078,广州大学,2,24862
2024,1,15,应用心理学,B078,广州大学,2,44558
2024,1,20,汉语言文学,B078,广州大学,2,30636
2024,1,26,广播电视学,B078,广州大学,3,55234
2024,1,34,会计学,B078,广州大学,3,31320
2024,1,40,行政管理,B078,广州大学,3,56597
2024,1,58,化学工程与工艺,B078,广州大学,3,58235
2024,1,68,智能制造工程,B078,广州大学,3,41577
2024,1,71,电子信息工程,B078,广州大学,2,32683
2024,1,73,物联网工程,B078,广州大学,3,35166
2024,1,74,集成电路设计与集成系统,B078,广州大学,2,32237
2024,1,77,软件工程,B078,广州大学,2,30964
2024,1,88,环境工程,B078,广州大学,2,79858
2024,1,1K,工程造价,B079,成都大学,2,82494
2024,1,1L,工商管理,B079,成都大学,2,57881
2024,1,1R,旅游管理,B079,成都大学,2,84293
2024,1,1T,会展经济与管理,B079,成都大学,2,80351
2024,1,1X,广播电视编导,B079,成都大学,5,96882
2024,1,27,化学,B079,成都大学,2,85333
2024,1,2D,数据科学与大数据技术(中外合作办学),B079,成都大学,2,88605
2024,1,08,历史学(师范类),B080,西安文理学院,5,102350
2024,1,09,文物与博物馆学,B080,西安文理学院,2,92292
2024,1,16,思想政治教育(师范类),B080,西安文理学院,7,117912
2024,1,30,化学(师范类),B080,西安文理学院,4,298396
2024,1,34,生物科学,B080,西安文理学院,2,205469
2024,1,35,生物制药,B080,西安文理学院,2,173935
2024,1,43,电子商务,B080,西安文理学院,2,147985
2024,1,45,旅游管理,B080,西安文理学院,2,133325
2024,1,01,国际事务与国际关系,B100,海南热带海洋学院,2,140834
2024,1,06,汉语言文学,B100,海南热带海洋学院,3,139915
2024,1,07,汉语国际教育,B100,海南热带海洋学院,3,157929
2024,1,08,秘书学,B100,海南热带海洋学院,2,149040
2024,1,10,俄语,B100,海南热带海洋学院,2,170196
2024,1,12,新闻学,B100,海南热带海洋学院,3,165255
2024,1,15,市场营销,B100,海南热带海洋学院,2,169681
2024,1,16,财务管理,B100,海南热带海洋学院,2,141768
2024,1,17,物流管理,B100,海南热带海洋学院,2,155771
2024,1,18,电子商务,B100,海南热带海洋学院,2,169139
2024,1,21,会展经济与管理,B100,海南热带海洋学院,2,171413
2024,1,54,海洋科学,B100,海南热带海洋学院,2,218091
2024,1,55,海洋技术,B100,海南热带海洋学院,2,259228
2024,1,58,生物技术,B100,海南热带海洋学院,3,257508
2024,1,61,通信工程,B100,海南热带海洋学院,2,208815
2024,1,62,电子信息科学与技术,B100,海南热带海洋学院,2,213127
2024,1,63,计算机科学与技术,B100,海南热带海洋学院,3,170710
2024,1,64,软件工程,B100,海南热带海洋学院,2,185831
2024,1,65,网络工程,B100,海南热带海洋学院,2,213177
2024,1,70,环境工程,B100,海南热带海洋学院,2,223547
2024,1,71,食品科学与工程,B100,海南热带海洋学院,4,258281
2024,1,72,食品质量与安全,B100,海南热带海洋学院,2,248481
2024,1,74,水产养殖学,B100,海南热带海洋学院,3,264908
2024,1,75,海洋渔业科学与技术,B100,海南热带海洋学院,3,259788
2024,1,76,海事管理,B100,海南热带海洋学院,2,155793
2024,1,23,市场营销(中外合作办学),B100,海南热带海洋学院,5,205229
2024,1,24,旅游管理(中外合作办学),B100,海南热带海洋学院,11,202084
2024,1,01,应急技术与管理,B104,华北科技学院,8,157442
2024,1,02,防灾减灾科学与工程,B104,华北科技学院,8,176835
2024,1,04,采矿工程,B104,华北科技学院,21,294547
2024,1,05,矿物加工工程,B104,华北科技学院,6,261194
2024,1,06,安全生产监管,B104,华北科技学院,9,261091
2024,1,07,安全工程,B104,华北科技学院,8,159268
2024,1,09,城市地下空间工程,B104,华北科技学院,8,249390
2024,1,0C,化工安全工程,B104,华北科技学院,12,231884
2024,1,0D,化学工程与工艺,B104,华北科技学院,9,213292
2024,1,0G,材料科学与工程,B104,华北科技学院,10,229695
2024,1,0J,应急装备技术与工程,B104,华北科技学院,5,161435
2024,1,0K,机械设计制造及其自动化,B104,华北科技学院,3,150728
2024,1,0L,电气工程及其自动化,B104,华北科技学院,3,125500
2024,1,0Q,自动化,B104,华北科技学院,4,131640
2024,1,0R,通信工程,B104,华北科技学院,6,152139
2024,1,0T,建筑电气与智能化,B104,华北科技学院,10,214571
2024,1,0U,计算机科学与技术,B104,华北科技学院,3,117741
2024,1,0X,网络工程,B104,华北科技学院,8,160056
2024,1,0Y,物联网工程,B104,华北科技学院,8,158615
2024,1,0Z,网络空间安全,B104,华北科技学院,8,161864
2024,1,10,会计学,B104,华北科技学院,6,101379
2024,1,11,国际经济与贸易,B104,华北科技学院,3,138956
2024,1,13,市场营销,B104,华北科技学院,6,161443
2024,1,15,公共事业管理,B104,华北科技学院,8,143952
2024,1,16,供应链管理,B104,华北科技学院,6,151016
2024,1,17,土木工程,B104,华北科技学院,6,248686
2024,1,1D,汉语言文学,B104,华北科技学院,9,107093
2024,1,1E,法学,B104,华北科技学院,2,79573
2024,1,1K,英语,B104,华北科技学院,8,138793
2024,1,1N,应用统计学,B104,华北科技学院,10,194112
2024,1,1T,消防工程,B104,华北科技学院,9,199159
2024,1,1U,安全工程(中外合作办学)(职业安全与公共健康),B104,华北科技学院,10,236095
2024,1,1F,消防工程,B105,中国人民警察大学,6,77389
2024,1,2F,火灾勘查,B105,中国人民警察大学,2,79949
2024,1,3F,电子信息工程(智慧消防方向),B105,中国人民警察大学,2,67686
2024,1,4F,消防指挥,B105,中国人民警察大学,2,61321
2024,1,5F,抢险救援指挥与技术,B105,中国人民警察大学,2,95629
2024,1,6F,核生化消防,B105,中国人民警察大学,4,112213
2024,1,7F,海外安全管理,B105,中国人民警察大学,6,58917
2024,1,B1,新材料与应用技术,B113,深圳职业技术大学,3,114564
2024,1,B2,智能制造工程技术,B113,深圳职业技术大学,6,110661
2024,1,B5,自动化技术与应用,B113,深圳职业技术大学,3,101314
2024,1,BB,软件工程技术,B113,深圳职业技术大学,6,97062
2024,1,05,智能制造工程,B116,成都工业学院,2,129822
2024,1,09,环境科学与工程,B116,成都工业学院,2,176443
2024,1,12,计算机类,B116,成都工业学院,2,93050
2024,1,15,电子信息类,B116,成都工业学院,2,119696
2024,1,19,自动化,B116,成都工业学院,2,104099
2024,1,23,网络工程,B116,成都工业学院,2,128060
2024,1,24,金融科技,B116,成都工业学院,2,134570
2024,1,33,车辆工程,B116,成都工业学院,2,154027
2024,1,0G,英语(师范类),B117,扬州大学,1,25005
2024,1,0M,日语,B117,扬州大学,2,54133
2024,1,0X,高分子材料与工程,B117,扬州大学,1,26822
2024,1,0Y,化学工程与工艺,B117,扬州大学,1,46284
2024,1,1H,工程管理,B117,扬州大学,1,50115
2024,1,1M,电气工程及其自动化,B117,扬州大学,1,24460
2024,1,1Q,建筑环境与能源应用工程,B117,扬州大学,3,70993
2024,1,1T,环境工程,B117,扬州大学,1,51705
2024,1,1U,给排水科学与工程,B117,扬州大学,2,88064
2024,1,1W,农学,B117,扬州大学,3,52018
2024,1,1Z,植物保护,B117,扬州大学,2,54531
2024,1,23,动物科学,B117,扬州大学,1,44002
2024,1,26,动物医学,B117,扬州大学,2,35978
2024,1,2A,生物技术,B117,扬州大学,1,35450
2024,1,2M,经济学,B117,扬州大学,2,35127
2024,1,2T,工商管理,B117,扬州大学,2,36545
2024,1,3Y,汉语言文学(师范类),B117,扬州大学,1,22286
2024,1,4C,法学,B117,扬州大学,1,18666
2024,1,53,土木工程,B117,扬州大学,2,64650
2024,1,B0,烹饪与营养教育,B117,扬州大学,2,68930
2024,1,0A,跨境电子商务,B122,三江学院,4,216488
2024,1,0B,英语,B122,三江学院,3,202789
2024,1,0J,知识产权,B122,三江学院,2,187521
2024,1,0L,财务管理,B122,三江学院,6,195682
2024,1,0M,国际经济与贸易,B122,三江学院,2,193950
2024,1,0N,市场营销,B122,三江学院,2,212049
2024,1,0P,投资学,B122,三江学院,2,200670
2024,1,0S,广告学,B122,三江学院,2,211149
2024,1,0T,旅游管理,B122,三江学院,2,207718
2024,1,19,网络工程,B122,三江学院,2,280452
2024,1,1B,软件工程,B122,三江学院,2,261112
2024,1,1D,智能车辆工程,B122,三江学院,2,283989
2024,1,1G,电气工程及其自动化,B122,三江学院,3,264114
2024,1,1J,机械设计制造及其自动化,B122,三江学院,3,278140
2024,1,1K,土木工程,B122,三江学院,4,315058
2024,1,11,女性学,B149,中华女子学院,3,59218
2024,1,12,社会工作,B149,中华女子学院,4,91425
2024,1,13,社会学,B149,中华女子学院,3,85295
2024,1,14,法学,B149,中华女子学院,4,53892
2024,1,15,会计学,B149,中华女子学院,4,72105
2024,1,16,人力资源管理,B149,中华女子学院,4,94593
2024,1,17,养老服务管理,B149,中华女子学院,2,102595
2024,1,18,金融学,B149,中华女子学院,6,97738
2024,1,19,学前教育(师范类),B149,中华女子学院,2,95142
2024,1,20,应用心理学(师范类),B149,中华女子学院,3,89668
2024,1,21,家庭教育,B149,中华女子学院,2,103097
2024,1,22,数字媒体技术,B149,中华女子学院,6,110983
2024,1,23,汉语国际教育(师范类),B149,中华女子学院,3,85769
2024,1,24,网络与新媒体,B149,中华女子学院,2,93024
2024,1,03,临床医学,B230,齐齐哈尔医学院,8,104680
2024,1,06,精神医学,B230,齐齐哈尔医学院,2,118133
2024,1,13,预防医学,B230,齐齐哈尔医学院,4,195701
2024,1,14,临床药学,B230,齐齐哈尔医学院,2,161204
2024,1,15,医学检验技术,B230,齐齐哈尔医学院,2,168113
2024,1,16,医学影像技术,B230,齐齐哈尔医学院,4,173463
2024,1,17,生物医学工程,B230,齐齐哈尔医学院,1,168107
2024,1,18,康复治疗学,B230,齐齐哈尔医学院,1,181105
2024,1,20,药学,B230,齐齐哈尔医学院,1,197944
2024,1,21,药物制剂,B230,齐齐哈尔医学院,1,234567
2024,1,32,健康服务与管理,B230,齐齐哈尔医学院,1,146592
2024,1,01,机械设计制造及其自动化,B232,北京信息科技大学,3,31305
2024,1,06,机器人工程(勤信实验班),B232,北京信息科技大学,2,30335
2024,1,09,智能感知工程(勤信实验班),B232,北京信息科技大学,2,32410
2024,1,0A,自动化,B232,北京信息科技大学,3,29870
2024,1,0B,电气工程及其自动化,B232,北京信息科技大学,3,26853
2024,1,0D,人工智能(勤信实验班),B232,北京信息科技大学,2,26944
2024,1,0G,物联网工程,B232,北京信息科技大学,2,30878
2024,1,0H,电子信息类(勤信实验班),B232,北京信息科技大学,2,25575
2024,1,0K,软件工程,B232,北京信息科技大学,3,27067
2024,1,0M,数据科学与大数据技术,B232,北京信息科技大学,4,30295
2024,1,0N,计算机类(勤信实验班),B232,北京信息科技大学,4,24265
2024,1,0Q,会计学(智能会计勤信实验班),B232,北京信息科技大学,4,29825
2024,1,0R,财务管理,B232,北京信息科技大学,2,30706
2024,1,0V,经济学,B232,北京信息科技大学,2,39834
2024,1,13,传播学,B232,北京信息科技大学,4,46869
2024,1,17,电子信息科学与技术,B232,北京信息科技大学,2,29259
2024,1,01,投资学,B242,太原学院,2,167871
2024,1,06,数学与应用数学,B242,太原学院,2,246372
2024,1,07,应用心理学,B242,太原学院,2,168442
2024,1,08,机械工程,B242,太原学院,2,213205
2024,1,09,汽车服务工程,B242,太原学院,2,268264
2024,1,0B,电气工程与智能控制,B242,太原学院,2,211513
2024,1,0C,智能测控工程,B242,太原学院,2,251813
2024,1,0G,智能科学与技术,B242,太原学院,2,223491
2024,1,0J,建筑环境与能源应用工程,B242,太原学院,2,258656
2024,1,0K,给排水科学与工程,B242,太原学院,3,258578
2024,1,0L,道路桥梁与渡河工程,B242,太原学院,3,257004
2024,1,0M,化学工程与工业生物工程,B242,太原学院,3,259797
2024,1,0N,建筑学,B242,太原学院,2,170401
2024,1,0Q,园林,B242,太原学院,2,168407
2024,1,0R,市场营销,B242,太原学院,2,168754
2024,1,0X,物流工程,B242,太原学院,2,190558
2024,1,0Y,跨境电子商务,B242,太原学院,2,178122
2024,1,0Z,酒店管理,B242,太原学院,1,171947
2024,1,11,旅游管理与服务教育,B242,太原学院,2,178917
2024,1,01,金融学,B258,大连大学,2,63150
2024,1,02,数学与应用数学,B258,大连大学,3,75822
2024,1,03,国际经济与贸易,B258,大连大学,2,67237
2024,1,04,法学,B258,大连大学,3,38532
2024,1,05,小学教育(师范类),B258,大连大学,2,60495
2024,1,10,汉语国际教育,B258,大连大学,3,63157
2024,1,12,日语,B258,大连大学,3,84494
2024,1,13,翻译,B258,大连大学,3,86423
2024,1,16,化学,B258,大连大学,6,121120
2024,1,17,生物技术,B258,大连大学,4,114551
2024,1,18,机械设计制造及其自动化,B258,大连大学,4,62755
2024,1,19,材料成型及控制工程,B258,大连大学,5,128646
2024,1,24,电子信息工程,B258,大连大学,3,55853
2024,1,27,自动化,B258,大连大学,3,55996
2024,1,29,软件工程,B258,大连大学,3,36491
2024,1,31,土木工程,B258,大连大学,4,136090
2024,1,32,建筑环境与能源应用工程,B258,大连大学,5,148849
2024,1,33,化学工程与工艺,B258,大连大学,3,89300
2024,1,34,制药工程,B258,大连大学,4,99213
2024,1,35,环境工程,B258,大连大学,4,151639
2024,1,36,建筑学,B258,大连大学,3,105166
2024,1,37,生物工程,B258,大连大学,4,95921
2024,1,38,临床医学,B258,大连大学,3,28616
2024,1,39,口腔医学,B258,大连大学,4,24396
2024,1,41,医学检验技术,B258,大连大学,5,91781
2024,1,42,护理学,B258,大连大学,3,84676
2024,1,43,工程管理,B258,大连大学,5,120290
2024,1,44,助产学,B258,大连大学,2,145600
2024,1,50,旅游管理,B258,大连大学,3,116073
2024,1,51,酒店管理,B258,大连大学,5,140223
2024,1,64,工商管理,B258,大连大学,2,79679
2024,1,66,会计学,B258,大连大学,3,56457
2024,1,H7,园艺,B258,大连大学,4,154611
2024,1,L5,数据科学与大数据技术,B258,大连大学,4,51371
2024,1,HH,会计学(中外合作办学),B258,大连大学,4,95069
2024,1,03,税收学,B261,吉林工商学院,3,126765
2024,1,04,金融学,B261,吉林工商学院,3,148371
2024,1,07,金融科技,B261,吉林工商学院,5,181110
2024,1,08,国际经济与贸易,B261,吉林工商学院,4,169992
2024,1,09,英语,B261,吉林工商学院,4,163118
2024,1,13,机械设计制造及其自动化,B261,吉林工商学院,3,206140
2024,1,14,机械电子工程,B261,吉林工商学院,3,236847
2024,1,15,电子信息工程,B261,吉林工商学院,4,236487
2024,1,18,计算机科学与技术,B261,吉林工商学院,2,195313
2024,1,19,物联网工程,B261,吉林工商学院,3,225658
2024,1,21,食品科学与工程,B261,吉林工商学院,4,256800
2024,1,23,粮食工程,B261,吉林工商学院,2,254496
2024,1,24,烹饪与营养教育,B261,吉林工商学院,2,251983
2024,1,29,市场营销,B261,吉林工商学院,4,172241
2024,1,30,会计学,B261,吉林工商学院,5,119768
2024,1,33,审计学,B261,吉林工商学院,2,113690
2024,1,34,资产评估,B261,吉林工商学院,2,144646
2024,1,36,电子商务,B261,吉林工商学院,3,170155
2024,1,46,现代粮食工程技术,B261,吉林工商学院,2,266988
2024,1,01,机械类,B276,南京工程学院,5,57630
2024,1,03,材料类,B276,南京工程学院,3,110456
2024,1,04,材料成型及控制工程,B276,南京工程学院,2,99829
2024,1,05,能源动力类,B276,南京工程学院,4,56846
2024,1,06,核工程与核技术,B276,南京工程学院,2,60645
2024,1,07,建筑环境与能源应用工程,B276,南京工程学院,2,110505
2024,1,08,环境科学与工程类,B276,南京工程学院,2,110320
2024,1,11,交通设备与控制工程,B276,南京工程学院,2,71222
2024,1,14,机器人工程,B276,南京工程学院,2,52414
2024,1,18,计算机科学与技术,B276,南京工程学院,2,39883
2024,1,23,电气工程及其自动化(电力系统及其自动化),B276,南京工程学院,3,23975
2024,1,25,电气工程及其自动化(输配电工程),B276,南京工程学院,3,27646
2024,1,27,电气工程与智能控制,B276,南京工程学院,2,28417
2024,1,30,通信工程,B276,南京工程学院,2,46400
2024,1,34,集成电路设计与集成系统,B276,南京工程学院,2,45058
2024,1,35,建筑学,B276,南京工程学院,3,106859
2024,1,37,城市地下空间工程,B276,南京工程学院,2,108879
2024,1,39,数学与应用数学,B276,南京工程学院,3,88566
2024,1,40,会计学,B276,南京工程学院,3,52727
2024,1,42,财务管理,B276,南京工程学院,3,55056
2024,1,44,国际经济与贸易,B276,南京工程学院,3,89021
2024,1,45,社会工作,B276,南京工程学院,2,88586
2024,1,48,工程造价,B276,南京工程学院,2,81624
2024,1,29,电气工程及其自动化(中外合作办学),B276,南京工程学院,5,43152
2024,1,A1,软件工程(中外合作办学),B276,南京工程学院,5,110708
2024,1,A2,土木工程(中外合作办学),B276,南京工程学院,3,290732
2024,1,A3,环境工程(中外合作办学),B276,南京工程学院,3,234102
2024,1,01,经济学,B287,南京审计大学,2,28321
2024,1,03,财政学,B287,南京审计大学,2,23663
2024,1,04,税收学,B287,南京审计大学,2,24454
2024,1,05,金融学,B287,南京审计大学,3,29974
2024,1,08,投资学,B287,南京审计大学,2,34621
2024,1,0E,法学(法务会计),B287,南京审计大学,2,23735
2024,1,0N,计算机科学与技术,B287,南京审计大学,3,28944
2024,1,0V,工程审计,B287,南京审计大学,2,34796
2024,1,0Y,金融审计,B287,南京审计大学,2,21983
2024,1,11,审计学,B287,南京审计大学,3,17151
2024,1,1A,会计学,B287,南京审计大学,3,21832
2024,1,1B,财务管理,B287,南京审计大学,3,25196
2024,1,1F,数据科学,B287,南京审计大学,2,37226
2024,1,16,金融工程(中外合作办学),B287,南京审计大学,2,61197
2024,1,17,信息管理与信息系统(中外合作办学),B287,南京审计大学,2,63279
2024,1,18,工程管理(中外合作办学),B287,南京审计大学,2,75230
2024,1,19,审计学(中外合作办学),B287,南京审计大学,3,32051
2024,1,15,生物制药,B305,蚌埠学院,5,258911
2024,1,54,广播电视编导,B305,蚌埠学院,15,188342
2024,1,A4,广播电视编导,B306,池州学院,2,184184
2024,1,B1,数学与应用数学(师范类),B306,池州学院,2,260807
2024,1,B2,统计学,B306,池州学院,2,236581
2024,1,B3,计算机科学与技术,B306,池州学院,3,201479
2024,1,J1,应用化学,B306,池州学院,2,242486
2024,1,J2,高分子材料与工程,B306,池州学院,1,213837
2024,1,J3,新能源材料与器件,B306,池州学院,3,241926
2024,1,J4,环境工程,B306,池州学院,3,268630
2024,1,20,电子商务,B311,三明学院,2,186334
2024,1,23,数字经济,B311,三明学院,1,190659
2024,1,26,数字媒体技术,B311,三明学院,3,215611
2024,1,30,物联网工程,B311,三明学院,2,231152
2024,1,31,网络空间安全,B311,三明学院,2,208125
2024,1,36,机械设计制造及其自动化,B311,三明学院,6,232369
2024,1,45,土木工程,B311,三明学院,4,262196
2024,1,48,智能建造与智慧交通,B311,三明学院,1,243575
2024,1,54,汉语言文学(非师范类),B311,三明学院,2,137466
2024,1,55,传播学,B311,三明学院,2,172857
2024,1,57,商务英语,B311,三明学院,2,172788
2024,1,09,投资学,B312,龙岩学院,2,170345
2024,1,0A,国际经济与贸易,B312,龙岩学院,4,175054
2024,1,0F,计算机科学与技术,B312,龙岩学院,2,200338
2024,1,0K,机械设计制造及其自动化,B312,龙岩学院,2,201001
2024,1,14,运动康复,B312,龙岩学院,2,144676
2024,1,09,工商管理,B313,福建商学院,1,151135
2024,1,0B,人力资源管理,B313,福建商学院,1,140934
2024,1,0D,零售业管理,B313,福建商学院,1,174141
2024,1,0F,供应链管理,B313,福建商学院,1,155802
2024,1,0H,财务管理,B313,福建商学院,1,111608
2024,1,0M,烹饪与营养教育,B313,福建商学院,1,278237
2024,1,0P,会展经济与管理,B313,福建商学院,2,171850
2024,1,0S,通信工程,B313,福建商学院,2,171044
2024,1,0V,日语,B313,福建商学院,1,148811
2024,1,1D,财务管理,B318,江西科技师范大学,2,96845
2024,1,1H,国际经济与贸易,B318,江西科技师范大学,2,115406
2024,1,1L,法学,B318,江西科技师范大学,2,70228
2024,1,28,数据科学与大数据技术,B318,江西科技师范大学,2,116475
2024,1,2Z,材料化学,B318,江西科技师范大学,3,208921
2024,1,30,金属材料工程,B318,江西科技师范大学,2,200633
2024,1,33,智能感知工程,B318,江西科技师范大学,2,170509
2024,1,38,数字经济,B318,江西科技师范大学,1,121141
2024,1,39,生物制药,B318,江西科技师范大学,1,181784
2024,1,3F,数据计算及应用,B318,江西科技师范大学,2,157580
2024,1,3G,智能建造,B318,江西科技师范大学,2,234347
2024,1,40,汉语言文学(师范类),B318,江西科技师范大学,2,70153
2024,1,44,历史学(师范类),B318,江西科技师范大学,2,76453
2024,1,46,英语(师范类),B318,江西科技师范大学,4,100707
2024,1,4C,会计学(国际会计),B318,江西科技师范大学,4,102107
2024,1,4F,旅游管理(职教师范),B318,江西科技师范大学,2,130849
2024,1,4K,电子商务(职教师范),B318,江西科技师范大学,2,116365
2024,1,4R,教育技术学(师范类),B318,江西科技师范大学,2,122925
2024,1,4S,学前教育(师范类),B318,江西科技师范大学,2,125640
2024,1,4T,思想政治教育(师范类),B318,江西科技师范大学,2,82661
2024,1,56,计算机科学与技术(职教师范),B318,江西科技师范大学,2,118506
2024,1,5D,电子信息工程(职教师范),B318,江西科技师范大学,2,151687
2024,1,5G,化学(师范类),B318,江西科技师范大学,2,190655
2024,1,5L,土木工程(职教师范),B318,江西科技师范大学,2,308441
2024,1,5Q,生物科学(师范类),B318,江西科技师范大学,2,175926
2024,1,5R,食品科学与工程(职教师范),B318,江西科技师范大学,2,192711
2024,1,62,虚拟现实技术(泰豪),B318,江西科技师范大学,2,200528
2024,1,04,水利水电工程,B319,南昌工程学院,3,154835
2024,1,06,港口航道与海岸工程,B319,南昌工程学院,2,184174
2024,1,08,农业水利工程,B319,南昌工程学院,2,198674
2024,1,09,测绘工程,B319,南昌工程学院,2,174628
2024,1,0A,水土保持与荒漠化防治,B319,南昌工程学院,2,239847
2024,1,0B,园林,B319,南昌工程学院,2,169539
2024,1,0C,地质工程,B319,南昌工程学院,2,237937
2024,1,0D,风景园林,B319,南昌工程学院,4,157291
2024,1,0E,土木工程,B319,南昌工程学院,4,254308
2024,1,0F,给排水科学与工程,B319,南昌工程学院,2,256976
2024,1,0G,工程造价,B319,南昌工程学院,2,155104
2024,1,0H,道路桥梁与渡河工程,B319,南昌工程学院,2,256869
2024,1,0K,城乡规划,B319,南昌工程学院,4,157600
2024,1,0L,机械设计制造及其自动化,B319,南昌工程学院,2,134518
2024,1,0N,工业工程,B319,南昌工程学院,4,149358
2024,1,0R,智能电网信息工程,B319,南昌工程学院,2,145521
2024,1,0T,通信工程,B319,南昌工程学院,2,139089
2024,1,0U,电子信息工程,B319,南昌工程学院,2,143796
2024,1,0Y,香料香精技术与工程,B319,南昌工程学院,2,193839
2024,1,0Z,市场营销,B319,南昌工程学院,2,148670
2024,1,10,供应链管理,B319,南昌工程学院,2,162339
2024,1,11,人力资源管理,B319,南昌工程学院,2,139227
2024,1,12,农林经济管理,B319,南昌工程学院,2,160794
2024,1,15,国际经济与贸易,B319,南昌工程学院,2,143380
2024,1,19,英语,B319,南昌工程学院,4,149715
2024,1,1A,翻译,B319,南昌工程学院,4,167001
2024,1,1B,法语,B319,南昌工程学院,2,157135
2024,1,22,土木工程(中外合作办学),B319,南昌工程学院,4,269668
2024,1,23,电气工程及其自动化(中外合作办学),B319,南昌工程学院,4,161942
2024,1,05,网络工程,B326,信阳农林学院,5,248484
2024,1,09,制药工程,B326,信阳农林学院,7,253999
2024,1,10,食品科学与工程,B326,信阳农林学院,8,254356
2024,1,18,园艺,B326,信阳农林学院,10,288041
2024,1,30,水产养殖学,B326,信阳农林学院,10,279479
2024,1,43,财务管理,B329,河南工学院,10,148364
2024,1,57,材料成型及控制工程,B329,河南工学院,10,253531
2024,1,63,电缆工程,B329,河南工学院,10,228772
2024,1,79,智能车辆工程,B329,河南工学院,10,243357
2024,1,11,英语,B330,安阳工学院,2,168078
2024,1,15,网络工程,B330,安阳工学院,2,226123
2024,1,26,飞行器制造工程,B330,安阳工学院,2,221501
2024,1,29,生物工程,B330,安阳工学院,2,240956
2024,1,31,应用物理学,B330,安阳工学院,2,254370
2024,1,40,食品科学与工程,B330,安阳工学院,2,254178
2024,1,42,电子商务,B330,安阳工学院,2,172210
2024,1,46,飞行器适航技术,B330,安阳工学院,2,231119
2024,1,51,动物医学,B330,安阳工学院,2,180947
2024,1,53,制药工程,B330,安阳工学院,2,239014
2024,1,72,城乡规划(中外合作办学),B330,安阳工学院,2,277185
2024,1,76,交通运输(中外合作办学),B330,安阳工学院,2,266112
2024,1,77,信息管理与信息系统(中外合作办学),B330,安阳工学院,2,196555
2024,1,09,法学,B332,湖北警官学院,9,90777
2024,1,0A,计算机科学与技术,B332,湖北警官学院,3,136548
2024,1,0B,信息安全,B332,湖北警官学院,3,141546
2024,1,14,外国语言文学类,B336,荆楚理工学院,6,169055
2024,1,15,网络与新媒体,B336,荆楚理工学院,3,164721
2024,1,17,应用物理学(师范类),B336,荆楚理工学院,2,248274
2024,1,21,化学工程与工艺,B336,荆楚理工学院,2,256444
2024,1,23,印刷工程,B336,荆楚理工学院,2,271747
2024,1,28,植物科学与技术,B336,荆楚理工学院,2,279226
2024,1,2D,工商管理类,B336,荆楚理工学院,3,155800
2024,1,10,统计学,B342,湖南工程学院,2,234718
2024,1,18,材料化学,B342,湖南工程学院,5,268404
2024,1,25,电子信息工程,B342,湖南工程学院,5,158193
2024,1,27,通信工程,B342,湖南工程学院,2,167378
2024,1,29,自动化,B342,湖南工程学院,3,152079
2024,1,30,计算机科学与技术,B342,湖南工程学院,5,169169
2024,1,31,软件工程,B342,湖南工程学院,2,163338
2024,1,32,网络工程,B342,湖南工程学院,2,173622
2024,1,36,纺织工程,B342,湖南工程学院,3,241200
2024,1,45,会计学,B342,湖南工程学院,5,127857
2024,1,46,人力资源管理,B342,湖南工程学院,4,151224
2024,1,60,机器人工程,B342,湖南工程学院,4,167022
2024,1,65,大数据管理与应用,B342,湖南工程学院,2,137338
2024,1,6F,电气工程及其自动化(智慧电网创新班),B342,湖南工程学院,2,144307
2024,1,6H,机械电子工程(智能网联创新班),B342,湖南工程学院,2,172028
2024,1,69,电气工程及其自动化(中外合作办学),B342,湖南工程学院,2,179285
2024,1,6A,机械设计制造及其自动化(中外合作办学),B342,湖南工程学院,2,234594
2024,1,6B,软件工程(中外合作办学),B342,湖南工程学院,2,228453
2024,1,29,汉语言文学,B349,五邑大学,2,75864
2024,1,51,通信工程,B349,五邑大学,1,81127
2024,1,20,机械设计制造及其自动化,B354,梧州学院,1,236852
2024,1,23,资源循环科学与工程,B354,梧州学院,1,267131
2024,1,24,新能源科学与工程,B354,梧州学院,1,242759
2024,1,40,光电信息科学与工程,B354,梧州学院,1,232039
2024,1,42,汉语言文学,B354,梧州学院,1,135427
2024,1,43,汉语国际教育,B354,梧州学院,2,165489
2024,1,45,哲学,B354,梧州学院,2,172822
2024,1,46,法学,B354,梧州学院,1,110219
2024,1,48,思想政治教育,B354,梧州学院,1,157219
2024,1,30,土木工程,B360,攀枝花学院,3,271837
2024,1,41,生物工程,B360,攀枝花学院,3,279794
2024,1,02,社会工作,B390,玉溪师范学院,2,168976
2024,1,03,思想政治教育(师范类),B390,玉溪师范学院,2,147190
2024,1,04,汉语言文学(师范类),B390,玉溪师范学院,2,130090
2024,1,08,泰语,B390,玉溪师范学院,2,185450
2024,1,0A,小学教育(师范类),B390,玉溪师范学院,2,155924
2024,1,0P,化学(师范类),B390,玉溪师范学院,2,283358
2024,1,0R,生物科学(师范类),B390,玉溪师范学院,2,256832
2024,1,0V,数学与应用数学(师范类),B390,玉溪师范学院,2,261974
2024,1,0Y,物理学(师范类),B390,玉溪师范学院,2,278169
2024,1,1G,会计学,B390,玉溪师范学院,2,150118
2024,1,1N,计算机科学与技术,B390,玉溪师范学院,2,241075
2024,1,0H,小学教育(师范类),B391,楚雄师范学院,2,168523
2024,1,0S,数学与应用数学(师范类),B391,楚雄师范学院,3,265764
2024,1,0X,地理科学(师范类),B391,楚雄师范学院,5,160629
2024,1,13,应用统计学,B391,楚雄师范学院,3,278306
2024,1,15,电气工程及其自动化,B391,楚雄师范学院,3,228621
2024,1,01,法学,B392,云南警官学院,2,97233
2024,1,03,网络空间安全,B392,云南警官学院,2,166333
2024,1,0W,思想政治教育(师范类),B393,昆明学院,2,139984
2024,1,0X,国际经济与贸易,B393,昆明学院,2,153591
2024,1,10,会计学,B393,昆明学院,2,147568
2024,1,12,学前教育(师范类),B393,昆明学院,2,168059
2024,1,13,特殊教育(师范类),B393,昆明学院,1,155294
2024,1,16,汉语言文学(师范类),B393,昆明学院,2,120208
2024,1,19,英语(师范类),B393,昆明学院,2,151441
2024,1,1B,计算机科学与技术,B393,昆明学院,2,186957
2024,1,1C,物联网工程,B393,昆明学院,1,184094
2024,1,1E,数据科学与大数据技术,B393,昆明学院,1,192048
2024,1,1F,机械设计制造及其自动化,B393,昆明学院,2,201539
2024,1,1G,电气工程及其自动化,B393,昆明学院,2,182862
2024,1,1H,智能制造工程,B393,昆明学院,2,195209
2024,1,1J,土木工程,B393,昆明学院,2,257474
2024,1,1K,水利水电工程,B393,昆明学院,1,232364
2024,1,1S,临床医学,B393,昆明学院,2,105585
2024,1,1U,医学检验技术,B393,昆明学院,1,195207
2024,1,1W,旅游管理,B393,昆明学院,2,159839
2024,1,1X,烹饪与营养教育,B393,昆明学院,2,194533
2024,1,1Y,酒店管理,B393,昆明学院,2,176711
2024,1,21,物理学(师范类),B393,昆明学院,2,213474
2024,1,22,化学,B393,昆明学院,1,243698
2024,1,04,数学与应用数学(师范类),B395,榆林学院,3,258866
2024,1,05,物理学(师范类),B395,榆林学院,3,254337
2024,1,06,化学(师范类),B395,榆林学院,3,303250
2024,1,0A,过程装备与控制工程,B395,榆林学院,2,247363
2024,1,0G,土木工程,B395,榆林学院,2,263311
2024,1,0H,给排水科学与工程,B395,榆林学院,2,266828
2024,1,0J,化学工程与工艺,B395,榆林学院,2,238669
2024,1,0V,安全工程,B395,榆林学院,2,244958
2024,1,0X,动物科学,B395,榆林学院,2,228998
2024,1,1E,英语(师范类),B395,榆林学院,3,157990
2024,1,1F,新能源科学与工程,B395,榆林学院,2,209009
2024,1,1K,设施农业科学与工程,B395,榆林学院,2,271368
2024,1,2J,动物科学,B395,榆林学院,2,271389
2024,1,2M,新闻学,B395,榆林学院,2,177325
2024,1,1D,机械设计制造及其自动化(中外合作办学),B395,榆林学院,2,261882
2024,1,03,思想政治教育(师范类),B396,商洛学院,2,137596
2024,1,05,应用心理学(师范类),B396,商洛学院,2,162467
2024,1,13,网络与新媒体,B396,商洛学院,2,163136
2024,1,19,化学(师范类),B396,商洛学院,2,283200
2024,1,20,应用化学,B396,商洛学院,2,257103
2024,1,30,土木工程,B396,商洛学院,2,274563
2024,1,37,城乡规划,B396,商洛学院,2,172376
2024,1,45,会计学,B396,商洛学院,2,155528
2024,1,HZ,电气工程及其自动化(中外合作办学),B396,商洛学院,2,246508
2024,1,01,思想政治教育(师范类),B397,安康学院,2,137579
2024,1,02,学前教育(师范类),B397,安康学院,2,167005
2024,1,03,小学教育(师范类),B397,安康学院,2,153566
2024,1,04,汉语言文学(师范类),B397,安康学院,2,135115
2024,1,05,秘书学,B397,安康学院,2,156749
2024,1,08,网络与新媒体,B397,安康学院,2,167034
2024,1,15,应用化学,B397,安康学院,2,276559
2024,1,16,生物技术,B397,安康学院,2,262029
2024,1,17,统计学,B397,安康学院,2,263952
2024,1,20,计算机科学与技术,B397,安康学院,2,229427
2024,1,25,环境生态工程,B397,安康学院,2,279931
2024,1,27,农学,B397,安康学院,2,261599
2024,1,29,园林,B397,安康学院,2,169804
2024,1,33,工程造价,B397,安康学院,2,186518
2024,1,34,会计学,B397,安康学院,2,143485
2024,1,35,财务管理,B397,安康学院,2,146748
2024,1,00,戏剧影视文学,B400,西安培华学院,2,235696
2024,1,01,广播电视编导,B400,西安培华学院,2,231620
2024,1,09,网络与新媒体,B400,西安培华学院,10,205472
2024,1,10,金融工程,B400,西安培华学院,14,237577
2024,1,11,会计学,B400,西安培华学院,1,171836
2024,1,13,电子商务,B400,西安培华学院,2,210246
2024,1,14,土木工程,B400,西安培华学院,1,286263
2024,1,16,法学,B400,西安培华学院,4,175292
2024,1,18,汉语言文学,B400,西安培华学院,2,176684
2024,1,19,汉语国际教育,B400,西安培华学院,7,210209
2024,1,20,英语,B400,西安培华学院,2,206302
2024,1,21,日语,B400,西安培华学院,2,207356
2024,1,24,医学检验技术,B400,西安培华学院,1,218741
2024,1,25,护理学,B400,西安培华学院,5,177678
2024,1,26,电子信息工程,B400,西安培华学院,6,304771
2024,1,27,通信工程,B400,西安培华学院,7,314483
2024,1,31,康复治疗学,B400,西安培华学院,1,249023
2024,1,32,口腔医学技术,B400,西安培华学院,1,218092
2024,1,33,资产评估,B400,西安培华学院,9,224007
2024,1,01,金融学,B406,甘肃政法大学,3,85950
2024,1,04,知识产权,B406,甘肃政法大学,3,62630
2024,1,06,政治学与行政学,B406,甘肃政法大学,2,68782
2024,1,08,思想政治教育,B406,甘肃政法大学,2,71825
2024,1,13,汉语言文学,B406,甘肃政法大学,2,68496
2024,1,16,新闻学,B406,甘肃政法大学,2,94887
2024,1,18,人工智能,B406,甘肃政法大学,5,143244
2024,1,19,计算机科学与技术,B406,甘肃政法大学,5,116834
2024,1,20,信息安全,B406,甘肃政法大学,5,115233
2024,1,21,网络空间安全,B406,甘肃政法大学,5,129761
2024,1,27,工商管理,B406,甘肃政法大学,5,114258
2024,1,28,市场营销,B406,甘肃政法大学,2,128396
2024,1,29,会计学,B406,甘肃政法大学,2,87678
2024,1,30,财务管理,B406,甘肃政法大学,3,92255
2024,1,31,人力资源管理,B406,甘肃政法大学,3,113854
2024,1,33,行政管理,B406,甘肃政法大学,2,97899
2024,1,3A,法学,B406,甘肃政法大学,27,55940
2024,1,B4,英语(法律英语方向),B406,甘肃政法大学,2,87196
2024,1,HJ,密码科学与技术,B406,甘肃政法大学,4,159378
2024,1,HK,司法鉴定学,B406,甘肃政法大学,2,62767
2024,1,JT,经济统计学,B406,甘肃政法大学,2,118454
2024,1,KP,刑事科学技术,B406,甘肃政法大学,1,75842
2024,1,SD,数据科学与大数据技术,B406,甘肃政法大学,3,121328
2024,1,WM,网络与新媒体,B406,甘肃政法大学,3,102536
2024,1,01,材料类,B407,北方民族大学,5,196032
2024,1,03,电子信息类,B407,北方民族大学,2,129144
2024,1,04,医学影像技术,B407,北方民族大学,1,153844
2024,1,05,机械类,B407,北方民族大学,2,151549
2024,1,08,旅游管理,B407,北方民族大学,2,152967
2024,1,09,行政管理,B407,北方民族大学,2,112222
2024,1,10,化工与制药类,B407,北方民族大学,5,213381
2024,1,11,制药工程(与合肥工业大学联合培养),B407,北方民族大学,2,171351
2024,1,12,计算机类,B407,北方民族大学,3,134769
2024,1,13,工商管理类(人力资源工商方向),B407,北方民族大学,3,122241
2024,1,14,工商管理类(财务会计方向),B407,北方民族大学,1,94600
2024,1,15,法学,B407,北方民族大学,4,73227
2024,1,16,生物科学类,B407,北方民族大学,1,140103
2024,1,18,食品科学与工程,B407,北方民族大学,1,185728
2024,1,19,食品科学与工程(与合肥工业大学联合培养),B407,北方民族大学,1,189291
2024,1,20,土木类,B407,北方民族大学,1,236703
2024,1,21,水利水电工程,B407,北方民族大学,4,178439
2024,1,22,英语,B407,北方民族大学,2,128853
2024,1,23,日语,B407,北方民族大学,1,132790
2024,1,24,阿拉伯语,B407,北方民族大学,1,128453
2024,1,25,汉语言文学,B407,北方民族大学,1,82692
2024,1,26,新闻传播学类,B407,北方民族大学,1,113397
2024,1,27,民族学,B407,北方民族大学,1,85973
2024,1,28,历史学,B407,北方民族大学,1,88029
2024,1,29,数学类,B407,北方民族大学,1,138963
2024,1,30,统计学类,B407,北方民族大学,1,136879
2024,1,31,数据科学与大数据技术,B407,北方民族大学,1,133747
2024,1,32,金融数学,B407,北方民族大学,1,139471
2024,1,43,经济学类,B407,北方民族大学,2,118341
2024,1,44,电子商务,B407,北方民族大学,1,139385
2024,1,95,电气工程及其自动化,B407,北方民族大学,2,136984
2024,1,96,自动化,B407,北方民族大学,5,146208
2024,1,A8,软件工程(中外合作办学),B407,北方民族大学,4,198459
2024,1,11,采矿工程,B413,中国矿业大学(北京),6,35367
2024,1,13,新能源科学与工程,B413,中国矿业大学(北京),4,19566
2024,1,14,智能采矿工程,B413,中国矿业大学(北京),6,35329
2024,1,21,安全科学与工程类,B413,中国矿业大学(北京),10,30456
2024,1,33,地球物理学,B413,中国矿业大学(北京),4,33566
2024,1,41,矿物加工工程,B413,中国矿业大学(北京),5,37507
2024,1,42,环境工程,B413,中国矿业大学(北京),8,38854
2024,1,43,化学工程与工艺,B413,中国矿业大学(北京),7,31694
2024,1,44,碳储科学与工程,B413,中国矿业大学(北京),2,22892
2024,1,51,计算机科学与技术,B413,中国矿业大学(北京),9,14000
2024,1,52,电气工程及其自动化,B413,中国矿业大学(北京),9,14284
2024,1,56,人工智能,B413,中国矿业大学(北京),5,16612
2024,1,57,机械类,B413,中国矿业大学(北京),8,21465
2024,1,58,智能制造工程,B413,中国矿业大学(北京),4,18823
2024,1,61,工商管理类,B413,中国矿业大学(北京),13,27627
2024,1,71,工程力学,B413,中国矿业大学(北京),5,26866
2024,1,73,建筑学,B413,中国矿业大学(北京),2,27166
2024,1,74,城市地下空间工程,B413,中国矿业大学(北京),4,41643
2024,1,75,智能建造,B413,中国矿业大学(北京),2,27365
2024,1,81,数学类,B413,中国矿业大学(北京),9,19734
2024,1,92,英语,B413,中国矿业大学(北京),5,25270
2024,1,93,行政管理,B413,中国矿业大学(北京),6,26424
2024,1,94,地质类,B413,中国矿业大学(北京),9,36953
2024,1,96,测绘类,B413,中国矿业大学(北京),7,30083
2024,1,98,土木工程,B413,中国矿业大学(北京),6,46444
2024,1,01,安全工程,B414,中国石油大学(北京),5,26985
2024,1,02,材料科学与工程,B414,中国石油大学(北京),5,24617
2024,1,03,储能科学与工程,B414,中国石油大学(北京),2,18584
2024,1,05,电子信息工程,B414,中国石油大学(北京),4,14383
2024,1,06,工商管理类,B414,中国石油大学(北京),6,22816
2024,1,07,过程装备与控制工程,B414,中国石油大学(北京),5,23471
2024,1,08,海洋油气工程,B414,中国石油大学(北京),5,24132
2024,1,10,环境科学与工程类,B414,中国石油大学(北京),3,27796
2024,1,11,机械类,B414,中国石油大学(北京),6,20264
2024,1,12,计算机科学与技术,B414,中国石油大学(北京),5,13867
2024,1,13,经济学类,B414,中国石油大学(北京),4,28391
2024,1,14,勘查技术与工程,B414,中国石油大学(北京),9,29998
2024,1,15,能源经济(新能源工程双学士学位),B414,中国石油大学(北京),3,21433
2024,1,16,能源与动力工程,B414,中国石油大学(北京),6,19656
2024,1,17,人工智能,B414,中国石油大学(北京),2,14565
2024,1,18,石油工程,B414,中国石油大学(北京),10,23925
2024,1,21,数学类,B414,中国石油大学(北京),4,16795
2024,1,22,碳储科学与工程,B414,中国石油大学(北京),2,21913
2024,1,23,新能源科学与工程,B414,中国石油大学(北京),3,17785
2024,1,24,信息管理与信息系统,B414,中国石油大学(北京),4,20621
2024,1,25,应用化学,B414,中国石油大学(北京),4,22178
2024,1,26,油气储运工程,B414,中国石油大学(北京),5,23314
2024,1,27,资源勘查工程(油气与清洁地质能源),B414,中国石油大学(北京),9,35065
2024,1,28,自动化,B414,中国石油大学(北京),4,14778
2024,1,29,思想政治教育,B414,中国石油大学(北京),4,19895
2024,1,31,英语(全球能源治理),B414,中国石油大学(北京),2,22525
2024,1,32,化工与制药类,B414,中国石油大学(北京),10,25316
2024,1,01,地质学(理科基地班),B415,中国地质大学(北京),2,24802
2024,1,02,地质学(燕山书院创新班),B415,中国地质大学(北京),2,20587
2024,1,04,地质工程(工科基地班),B415,中国地质大学(北京),2,24888
2024,1,05,地质工程,B415,中国地质大学(北京),2,29459
2024,1,07,机械设计制造及其自动化,B415,中国地质大学(北京),2,18178
2024,1,08,安全工程,B415,中国地质大学(北京),2,27200
2024,1,09,城市地下空间工程,B415,中国地质大学(北京),1,32702
2024,1,10,智能建造,B415,中国地质大学(北京),2,28583
2024,1,11,材料类,B415,中国地质大学(北京),10,26175
2024,1,13,电气工程及其自动化,B415,中国地质大学(北京),2,14407
2024,1,14,电子信息工程,B415,中国地质大学(北京),3,15401
2024,1,15,地理信息科学,B415,中国地质大学(北京),3,25565
2024,1,16,软件工程,B415,中国地质大学(北京),3,14202
2024,1,17,数据科学与大数据技术,B415,中国地质大学(北京),2,14836
2024,1,18,人工智能,B415,中国地质大学(北京),2,16417
2024,1,20,环境工程,B415,中国地质大学(北京),1,29748
2024,1,21,地下水科学与工程,B415,中国地质大学(北京),1,31811
2024,1,22,环境生态工程,B415,中国地质大学(北京),2,35014
2024,1,24,工商管理类,B415,中国地质大学(北京),3,21109
2024,1,25,信息管理与信息系统,B415,中国地质大学(北京),3,24915
2024,1,26,大数据管理与应用,B415,中国地质大学(北京),3,22054
2024,1,27,经济学,B415,中国地质大学(北京),2,26230
2024,1,28,法学,B415,中国地质大学(北京),2,13595
2024,1,29,英语,B415,中国地质大学(北京),2,22869
2024,1,30,翻译,B415,中国地质大学(北京),2,27514
2024,1,31,宝石及材料工艺学,B415,中国地质大学(北京),3,44210
2024,1,34,地球物理学,B415,中国地质大学(北京),3,27937
2024,1,35,勘查技术与工程,B415,中国地质大学(北京),2,31323
2024,1,36,测控技术与仪器,B415,中国地质大学(北京),3,21391
2024,1,37,智能地球探测,B415,中国地质大学(北京),2,26314
2024,1,38,海洋科学,B415,中国地质大学(北京),3,30304
2024,1,39,海洋资源与环境,B415,中国地质大学(北京),2,32616
2024,1,40,海洋工程与技术,B415,中国地质大学(北京),2,29933
2024,1,41,土地资源管理,B415,中国地质大学(北京),3,22942
2024,1,42,测绘工程,B415,中国地质大学(北京),3,27893
2024,1,43,土地整治工程,B415,中国地质大学(北京),1,27947
2024,1,44,遥感科学与技术,B415,中国地质大学(北京),2,21223
2024,1,45,自然资源登记与管理,B415,中国地质大学(北京),2,23886
2024,1,46,数学与应用数学,B415,中国地质大学(北京),2,16890
2024,1,47,数据计算及应用,B415,中国地质大学(北京),2,19387
2024,1,48,地质学类,B415,中国地质大学(北京),10,33537
2024,1,4A,土木工程,B415,中国地质大学(北京),2,47933
2024,1,4C,计算机科学与技术,B415,中国地质大学(北京),3,13215
2024,1,4E,水文与水资源工程,B415,中国地质大学(北京),2,27907
2024,1,4G,地质类,B415,中国地质大学(北京),9,32469
2024,1,13,金融学(数智金融实验班),B417,北京联合大学,2,64958
2024,1,14,财务管理(数智财管实验班),B417,北京联合大学,4,53138
2024,1,15,信息安全(网安创新实验班),B417,北京联合大学,2,44334
2024,1,16,数字经济,B417,北京联合大学,2,66674
2024,1,18,国际经济与贸易,B417,北京联合大学,2,68272
2024,1,19,法学,B417,北京联合大学,4,38149
2024,1,1G,英语,B417,北京联合大学,3,57814
2024,1,1H,西班牙语,B417,北京联合大学,5,89665
2024,1,1J,日语,B417,北京联合大学,5,104413
2024,1,1K,新闻学,B417,北京联合大学,2,57614
2024,1,1L,网络与新媒体,B417,北京联合大学,2,50377
2024,1,1N,考古学,B417,北京联合大学,5,60289
2024,1,1V,电气工程及其自动化,B417,北京联合大学,2,46636
2024,1,1Z,自动化,B417,北京联合大学,2,50085
2024,1,22,计算机科学与技术,B417,北京联合大学,5,42074
2024,1,26,物联网工程,B417,北京联合大学,2,50654
2024,1,27,软件工程(机器人创新实验班),B417,北京联合大学,5,51312
2024,1,28,数据科学与大数据技术,B417,北京联合大学,3,51196
2024,1,2A,制药工程,B417,北京联合大学,2,73059
2024,1,2B,交通工程,B417,北京联合大学,2,85848
2024,1,2C,食品科学与工程,B417,北京联合大学,2,89593
2024,1,2E,烹饪与营养教育,B417,北京联合大学,3,133459
2024,1,2K,工商管理,B417,北京联合大学,3,69844
2024,1,2L,会计学,B417,北京联合大学,4,49500
2024,1,2P,人力资源管理,B417,北京联合大学,2,66640
2024,1,2Q,文化产业管理,B417,北京联合大学,4,89142
2024,1,2S,物流工程,B417,北京联合大学,3,76699
2024,1,2U,旅游管理,B417,北京联合大学,4,84526
2024,1,2V,酒店管理,B417,北京联合大学,4,98822
2024,1,2X,非物质文化遗产保护,B417,北京联合大学,3,89730
2024,1,23,广播电视编导,B418,北京城市学院,1,182001
2024,1,24,广播电视编导(影视编创),B418,北京城市学院,1,199131
2024,1,27,文物与博物馆学,B418,北京城市学院,1,169647
2024,1,29,小学教育,B418,北京城市学院,2,189968
2024,1,30,学前教育,B418,北京城市学院,2,206167
2024,1,33,传播学,B418,北京城市学院,1,188682
2024,1,34,外国语言文学类,B418,北京城市学院,2,194523
2024,1,36,金融学(国际课程班),B418,北京城市学院,1,162612
2024,1,42,康复治疗学,B418,北京城市学院,1,190478
2024,1,44,机械类,B418,北京城市学院,1,198823
2024,1,45,计算机科学与技术(校企合作班),B418,北京城市学院,1,136615
2024,1,47,软件工程(校企合作班),B418,北京城市学院,1,206177
2024,1,48,数据科学与大数据技术(校企合作班),B418,北京城市学院,2,236927
2024,1,49,人工智能(校企合作班),B418,北京城市学院,1,234865
2024,1,50,建筑学,B418,北京城市学院,1,202122
2024,1,51,建筑学(中国传统建筑文化与技艺),B418,北京城市学院,1,181943
2024,1,52,城乡规划(智慧规划),B418,北京城市学院,1,191896
2024,1,54,土木工程(智能设计与建造),B418,北京城市学院,1,209611
2024,1,55,工程造价,B418,北京城市学院,1,216089
2024,1,60,国际经济与贸易,B418,北京城市学院,1,157452
2024,1,61,跨境电子商务,B418,北京城市学院,1,182278
2024,1,62,会计学,B418,北京城市学院,1,150742
2024,1,63,工商管理类,B418,北京城市学院,1,138397
2024,1,65,旅游管理类,B418,北京城市学院,1,159861
2024,1,01,金融学,B420,河北金融学院,5,115140
2024,1,05,金融科技,B420,河北金融学院,5,181718
2024,1,06,金融工程,B420,河北金融学院,5,150794
2024,1,07,会计学,B420,河北金融学院,5,90087
2024,1,0E,经济学,B420,河北金融学院,8,123972
2024,1,0F,国际经济与贸易,B420,河北金融学院,5,142754
2024,1,0K,信息安全,B420,河北金融学院,5,168998
2024,1,0R,精算学,B420,河北金融学院,5,156955
2024,1,0U,数据科学与大数据技术,B420,河北金融学院,5,152689
2024,1,0X,英语,B420,河北金融学院,3,146627
2024,1,0Y,商务英语,B420,河北金融学院,4,169379
2024,1,1H,人工智能,B420,河北金融学院,5,169816
2024,1,22,汉语言文学(师范类),B427,集宁师范学院,4,146678
2024,1,27,英语(师范类),B427,集宁师范学院,4,165582
2024,1,37,数学与应用数学(师范类),B427,集宁师范学院,4,277005
2024,1,43,生物科学(师范类),B427,集宁师范学院,3,281505
2024,1,05,自动化,B430,辽宁科技学院,2,153406
2024,1,13,工程造价,B430,辽宁科技学院,2,176223
2024,1,15,冶金工程,B430,辽宁科技学院,2,243399
2024,1,20,制药工程,B430,辽宁科技学院,2,224772
2024,1,23,计算机科学与技术,B430,辽宁科技学院,2,133488
2024,1,34,机械设计制造及自动化,B436,长春汽车职业技术大学,5,190503
2024,1,35,机器人技术,B436,长春汽车职业技术大学,5,195804
2024,1,36,新能源汽车工程技术,B436,长春汽车职业技术大学,5,190294
2024,1,37,智能网联汽车工程技术,B436,长春汽车职业技术大学,5,196515
2024,1,38,汽车服务工程技术,B436,长春汽车职业技术大学,5,199202
2024,1,39,物流工程技术,B436,长春汽车职业技术大学,5,200891
2024,1,01,电气工程及其自动化,B437,长春工程学院,3,70795
2024,1,03,智能电网信息工程,B437,长春工程学院,2,108945
2024,1,04,自动化,B437,长春工程学院,3,164558
2024,1,06,道路桥梁与渡河工程,B437,长春工程学院,3,238751
2024,1,07,土木工程,B437,长春工程学院,2,254014
2024,1,12,资源勘查工程,B437,长春工程学院,4,261049
2024,1,15,机械设计制造及其自动化,B437,长春工程学院,3,161647
2024,1,16,机器人工程,B437,长春工程学院,3,181518
2024,1,18,智能车辆工程,B437,长春工程学院,2,182917
2024,1,20,应急技术与管理,B437,长春工程学院,3,222399
2024,1,22,环境工程,B437,长春工程学院,3,246244
2024,1,24,水利水电工程,B437,长春工程学院,3,178082
2024,1,28,建筑环境与能源应用工程,B437,长春工程学院,2,278400
2024,1,29,能源与动力工程,B437,长春工程学院,3,164413
2024,1,30,新能源科学与工程,B437,长春工程学院,2,152779
2024,1,33,工程管理,B437,长春工程学院,2,184531
2024,1,34,工程造价,B437,长春工程学院,3,178037
2024,1,37,建筑学,B437,长春工程学院,2,160952
2024,1,39,应用化学,B437,长春工程学院,2,256114
2024,1,41,计算机科学与技术,B437,长春工程学院,2,150750
2024,1,42,软件工程,B437,长春工程学院,2,137952
2024,1,44,数据科学与大数据技术,B437,长春工程学院,2,168906
2024,1,6A,本科预科班（招收边防军人子女）,B437,长春工程学院,10,308107
2024,1,85,智能运输工程,B437,长春工程学院,3,225111
2024,1,89,电气工程及其自动化(中外合作办学),B437,长春工程学院,10,199242
2024,1,8A,能源与动力工程(中外合作办学),B437,长春工程学院,4,246556
2024,1,8B,机械设计制造及其自动化(中外合作办学),B437,长春工程学院,16,267436
2024,1,8C,土木工程(中外合作办学),B437,长春工程学院,20,290856
2024,1,07,机械设计制造及其自动化,B439,吉林农业科技学院,2,240867
2024,1,09,智能制造工程,B439,吉林农业科技学院,2,249068
2024,1,11,电子信息科学与技术,B439,吉林农业科技学院,2,236456
2024,1,13,数据科学与大数据技术,B439,吉林农业科技学院,2,248784
2024,1,14,土木工程,B439,吉林农业科技学院,2,237695
2024,1,18,食品科学与工程类,B439,吉林农业科技学院,3,279512
2024,1,21,生物制药,B439,吉林农业科技学院,2,238729
2024,1,24,植物保护,B439,吉林农业科技学院,2,248619
2024,1,30,动物医学,B439,吉林农业科技学院,2,188198
2024,1,34,中药学类,B439,吉林农业科技学院,4,236812
2024,1,36,工商管理类,B439,吉林农业科技学院,3,157679
2024,1,48,机械设计制造及其自动化(中外合作办学),B439,吉林农业科技学院,6,267322
2024,1,49,动物医学(中外合作办学),B439,吉林农业科技学院,8,256043
2024,1,0D,法学,B441,吉林警察学院,20,104229
2024,1,0E,计算机科学与技术,B441,吉林警察学院,20,198637
2024,1,0F,财务管理,B441,吉林警察学院,20,148735
2024,1,11,电气工程及其自动化,B445,黑龙江工业学院,4,209759
2024,1,15,俄语,B445,黑龙江工业学院,3,177697
2024,1,16,商务英语,B445,黑龙江工业学院,2,172902
2024,1,17,土木工程,B445,黑龙江工业学院,3,244533
2024,1,18,测绘工程,B445,黑龙江工业学院,3,263693
2024,1,19,遥感科学与技术,B445,黑龙江工业学院,2,242996
2024,1,20,工程造价,B445,黑龙江工业学院,3,191798
2024,1,22,商务经济学,B445,黑龙江工业学院,2,171361
2024,1,23,市场营销,B445,黑龙江工业学院,2,175873
2024,1,24,财务管理,B445,黑龙江工业学院,3,151158
2024,1,25,中国共产党历史,B445,黑龙江工业学院,2,155826
2024,1,27,学前教育(师范类),B445,黑龙江工业学院,2,172139
2024,1,28,秘书学,B445,黑龙江工业学院,2,163108
2024,1,35,机械设计制造及其自动化,B445,黑龙江工业学院,4,236685
2024,1,36,智能制造工程,B445,黑龙江工业学院,2,243827
2024,1,38,能源化学工程,B445,黑龙江工业学院,2,246740
2024,1,39,采矿工程,B445,黑龙江工业学院,2,247105
2024,1,40,矿物加工工程,B445,黑龙江工业学院,2,259120
2024,1,15,生物工程,B446,黑龙江东方学院,10,314353
2024,1,16,土木工程,B446,黑龙江东方学院,15,317123
2024,1,21,机械设计制造及其自动化,B446,黑龙江东方学院,15,298471
2024,1,22,机械电子工程,B446,黑龙江东方学院,15,307669
2024,1,26,财务管理,B446,黑龙江东方学院,5,204701
2024,1,36,新闻学,B446,黑龙江东方学院,10,222125
2024,1,39,朝鲜语,B446,黑龙江东方学院,10,237248
2024,1,05,电气类,B458,上海电机学院,2,78777
2024,1,0C,电子封装技术,B458,上海电机学院,3,93543
2024,1,0D,焊接技术与工程,B458,上海电机学院,3,133796
2024,1,0J,工业工程类,B458,上海电机学院,4,107138
2024,1,0K,经济统计学,B458,上海电机学院,3,104127
2024,1,11,车辆工程,B458,上海电机学院,2,87357
2024,1,13,计算机类,B458,上海电机学院,3,70095
2024,1,17,智能制造工程,B458,上海电机学院,2,84109
2024,1,0T,国际经济与贸易(中外合作办学)(中美合作),B458,上海电机学院,2,116135
2024,1,0V,电气工程及其自动化(中外合作办学)(中德合作),B458,上海电机学院,3,92581
2024,1,0W,机械电子工程(中外合作办学)(中德合作),B458,上海电机学院,3,141380
2024,1,0X,物流管理(中外合作办学)(中德合作),B458,上海电机学院,4,137085
2024,1,15,日语,B460,南京晓庄学院,2,118409
2024,1,19,国际经济与贸易,B460,南京晓庄学院,2,100566
2024,1,1C,物流管理,B460,南京晓庄学院,2,115722
2024,1,1P,应用化学,B460,南京晓庄学院,2,156864
2024,1,1T,食品科学与工程,B460,南京晓庄学院,2,156651
2024,1,G1,广播电视编导,B460,南京晓庄学院,3,121383
2024,1,S9,化学(师范类),B460,南京晓庄学院,2,103206
2024,1,SB,数学与应用数学(师范类),B460,南京晓庄学院,2,99841
2024,1,SC,英语(师范类),B460,南京晓庄学院,2,75917
2024,1,01,机械设计制造及其自动化,B463,江苏理工学院,2,109029
2024,1,02,机械电子工程,B463,江苏理工学院,3,112647
2024,1,05,过程装备与控制工程,B463,江苏理工学院,2,137243
2024,1,07,工业设计,B463,江苏理工学院,3,161151
2024,1,10,通信工程,B463,江苏理工学院,2,116454
2024,1,19,数字媒体技术,B463,江苏理工学院,2,135742
2024,1,20,应用化学,B463,江苏理工学院,3,191704
2024,1,21,化学工程与工艺,B463,江苏理工学院,2,142558
2024,1,23,功能材料,B463,江苏理工学院,2,168129
2024,1,25,环境科学,B463,江苏理工学院,2,187670
2024,1,31,交通运输,B463,江苏理工学院,2,125443
2024,1,35,会计学,B463,江苏理工学院,4,87746
2024,1,43,英语(师范类),B463,江苏理工学院,2,102157
2024,1,44,德语,B463,江苏理工学院,3,135358
2024,1,69,机械设计制造及其自动化(中外合作办学),B463,江苏理工学院,3,197054
2024,1,70,环境工程(中外合作办学),B463,江苏理工学院,3,251668
2024,1,29,会计学(数智会计拔尖班),B482,浙江财经大学,6,29082
2024,1,30,法学(数智法学拔尖班),B482,浙江财经大学,6,26035
2024,1,31,金融学(智能金融强基班),B482,浙江财经大学,3,29063
2024,1,32,财政学类,B482,浙江财经大学,4,29735
2024,1,33,公共管理类,B482,浙江财经大学,4,51375
2024,1,35,工程管理,B482,浙江财经大学,1,54491
2024,1,36,会计学,B482,浙江财经大学,1,26534
2024,1,37,财务管理,B482,浙江财经大学,1,29083
2024,1,38,审计学,B482,浙江财经大学,1,28929
2024,1,40,金融学,B482,浙江财经大学,3,32756
2024,1,41,金融工程,B482,浙江财经大学,2,54043
2024,1,44,工商管理类,B482,浙江财经大学,8,46887
2024,1,46,电子商务,B482,浙江财经大学,2,50839
2024,1,48,计算机类,B482,浙江财经大学,10,36332
2024,1,49,经济学,B482,浙江财经大学,5,41260
2024,1,50,国际经济与贸易(含数字贸易方向),B482,浙江财经大学,7,43839
2024,1,51,数字经济,B482,浙江财经大学,4,48951
2024,1,52,法学,B482,浙江财经大学,1,23863
2024,1,53,社会工作,B482,浙江财经大学,1,56816
2024,1,54,外国语言文学类,B482,浙江财经大学,6,57772
2024,1,55,经济统计学,B482,浙江财经大学,2,39005
2024,1,56,应用统计学,B482,浙江财经大学,3,35399
2024,1,58,数据科学与大数据技术,B482,浙江财经大学,2,34252
2024,1,59,汉语言文学,B482,浙江财经大学,1,32302
2024,1,60,新闻传播学类,B482,浙江财经大学,1,35878
2024,1,39,会计学(中外合作办学),B482,浙江财经大学,1,33106
2024,1,43,金融学(中外合作办学),B482,浙江财经大学,3,48231
2024,1,47,市场营销(中外合作办学),B482,浙江财经大学,7,84710
2024,1,01,化学工程与工艺,B488,衢州学院,6,252242
2024,1,07,材料成型及控制工程,B488,衢州学院,5,237889
2024,1,12,工程管理,B488,衢州学院,5,184358
2024,1,18,数据科学与大数据技术,B488,衢州学院,4,193113
2024,1,25,数学与应用数学(师范类),B488,衢州学院,5,218153
2024,1,29,商务英语,B488,衢州学院,5,168835
2024,1,34,临床医学,B498,莆田学院,12,110614
2024,1,62,机器人工程,B498,莆田学院,2,225691
2024,1,63,软件工程,B498,莆田学院,4,198743
2024,1,64,物联网工程,B498,莆田学院,2,221574
2024,1,65,数据科学与大数据技术,B498,莆田学院,2,231402
2024,1,66,智能科学与技术,B498,莆田学院,2,235044
2024,1,61,公共事业管理(中外合作办学)(以培养医疗健康产业管理人才为主),B498,莆田学院,2,196694
2024,1,1A,新能源材料与器件,B508,新余学院,2,226621
2024,1,1B,新能源科学与工程,B508,新余学院,1,209927
2024,1,1C,材料科学与工程,B508,新余学院,1,280630
2024,1,1D,机械设计制造及其自动化,B508,新余学院,2,216519
2024,1,1E,材料成型及控制工程,B508,新余学院,1,261497
2024,1,1F,电气工程及其自动化,B508,新余学院,1,138523
2024,1,1G,机器人工程,B508,新余学院,1,203095
2024,1,1H,计算机科学与技术(软件开发方向),B508,新余学院,2,205956
2024,1,1K,数据科学与大数据技术,B508,新余学院,4,247164
2024,1,1M,数学与应用数学(师范类),B508,新余学院,1,223718
2024,1,1N,软件工程,B508,新余学院,2,155790
2024,1,1P,土木工程,B508,新余学院,1,269879
2024,1,1Q,工程造价,B508,新余学院,1,181478
2024,1,1R,智能建造,B508,新余学院,2,279636
2024,1,1S,电子信息工程,B508,新余学院,2,190564
2024,1,1T,物联网工程,B508,新余学院,2,233665
2024,1,1U,通信工程,B508,新余学院,2,244698
2024,1,2A,汉语言文学(师范类),B508,新余学院,1,122324
2024,1,3A,网络与新媒体,B508,新余学院,2,138386
2024,1,3B,英语(师范类),B508,新余学院,1,148924
2024,1,3C,商务英语,B508,新余学院,2,171709
2024,1,3E,财务管理,B508,新余学院,1,141944
2024,1,3F,电子商务,B508,新余学院,1,160037
2024,1,3G,护理学,B508,新余学院,4,135889
2024,1,3H,康复治疗学,B508,新余学院,1,194270
2024,1,3L,市场营销(数字营销方向),B508,新余学院,1,174022
2024,1,3M,经济统计学,B508,新余学院,2,169520
2024,1,02,机械类(车辆),B510,山东交通学院,126,198127
2024,1,03,交通运输,B510,山东交通学院,59,166620
2024,1,04,能源与动力工程,B510,山东交通学院,50,170338
2024,1,10,材料科学与工程,B510,山东交通学院,53,218156
2024,1,11,测绘工程,B510,山东交通学院,45,221650
2024,1,12,土木工程,B510,山东交通学院,79,254223
2024,1,13,城市地下空间工程,B510,山东交通学院,32,237941
2024,1,14,港口航道与海岸工程,B510,山东交通学院,62,241014
2024,1,15,工程管理,B510,山东交通学院,60,181310
2024,1,16,遥感科学与技术,B510,山东交通学院,46,204351
2024,1,19,材料成型及控制工程,B510,山东交通学院,36,211722
2024,1,20,机械工程,B510,山东交通学院,70,175432
2024,1,21,机械设计制造及其自动化,B510,山东交通学院,97,163714
2024,1,22,智能制造工程,B510,山东交通学院,64,182900
2024,1,29,安全工程,B510,山东交通学院,69,226976
2024,1,30,交通工程,B510,山东交通学院,60,179856
2024,1,31,物流工程,B510,山东交通学院,101,180735
2024,1,32,智慧交通,B510,山东交通学院,70,199155
2024,1,34,电气工程及其自动化,B510,山东交通学院,65,137954
2024,1,35,人工智能,B510,山东交通学院,85,168872
2024,1,36,机器人工程,B510,山东交通学院,46,175946
2024,1,37,计算机科学与技术,B510,山东交通学院,61,141822
2024,1,38,数据科学与大数据技术,B510,山东交通学院,48,154363
2024,1,41,测控技术与仪器,B510,山东交通学院,36,203154
2024,1,43,飞行器制造工程,B510,山东交通学院,56,210709
2024,1,44,轨道交通电气与控制,B510,山东交通学院,48,176308
2024,1,45,轨道交通信号与控制,B510,山东交通学院,48,166371
2024,1,46,交通运输(轨道交通运营与管理方向),B510,山东交通学院,48,178410
2024,1,47,自动化,B510,山东交通学院,48,151625
2024,1,48,应用物理学,B510,山东交通学院,42,213813
2024,1,49,数据计算及应用,B510,山东交通学院,63,203528
2024,1,50,财务管理,B510,山东交通学院,64,116028
2024,1,51,数字经济,B510,山东交通学院,92,169003
2024,1,52,人力资源管理,B510,山东交通学院,56,144341
2024,1,53,审计学,B510,山东交通学院,57,111944
2024,1,54,大数据管理与应用,B510,山东交通学院,58,151895
2024,1,55,金融学,B510,山东交通学院,142,154976
2024,1,59,俄语,B510,山东交通学院,46,164984
2024,1,60,英语,B510,山东交通学院,63,151289
2024,1,61,日语,B510,山东交通学院,22,160001
2024,1,64,法学,B510,山东交通学院,116,101560
2024,1,76,海洋机器人,B510,山东交通学院,39,213490
2024,1,77,智慧海洋技术,B510,山东交通学院,34,229331
2024,1,78,机械电子工程,B510,山东交通学院,36,179813
2024,1,80,金融工程,B510,山东交通学院,85,180662
2024,1,82,交通管理,B510,山东交通学院,60,140029
2024,1,83,电子商务,B510,山东交通学院,56,161295
2024,1,65,电气工程及其自动化(中外合作办学),B510,山东交通学院,90,239294
2024,1,66,计算机科学与技术(中外合作办学)(双证),B510,山东交通学院,78,251033
2024,1,67,交通运输(中外合作办学)(双证),B510,山东交通学院,51,271755
2024,1,68,土木工程(中外合作办学)(双证),B510,山东交通学院,81,317753
2024,1,02,国际经济与贸易,B517,河南工程学院,4,152751
2024,1,03,英语,B517,河南工程学院,4,163077
2024,1,0A,车辆工程,B517,河南工程学院,2,173251
2024,1,0B,电气工程及其自动化,B517,河南工程学院,2,142882
2024,1,0D,通信工程,B517,河南工程学院,2,161994
2024,1,0H,建筑环境与能源应用工程,B517,河南工程学院,3,258350
2024,1,0R,纺织工程,B517,河南工程学院,10,275841
2024,1,0S,服装设计与工程,B517,河南工程学院,2,191735
2024,1,0T,非织造材料与工程,B517,河南工程学院,7,280723
2024,1,0V,印刷工程(图像新媒体印刷方向),B517,河南工程学院,4,265800
2024,1,10,会计学,B517,河南工程学院,2,122593
2024,1,18,物流管理,B517,河南工程学院,4,173856
2024,1,1Q,知识产权,B517,河南工程学院,5,130766
2024,1,11,建筑学,B527,湖南城市学院,2,158305
2024,1,12,城乡规划,B527,湖南城市学院,2,151123
2024,1,13,风景园林,B527,湖南城市学院,2,160568
2024,1,21,给排水科学与工程,B527,湖南城市学院,2,251166
2024,1,22,建筑环境与能源应用工程,B527,湖南城市学院,2,271161
2024,1,23,测绘工程,B527,湖南城市学院,2,282143
2024,1,31,土木工程,B527,湖南城市学院,3,277503
2024,1,33,水利水电工程,B527,湖南城市学院,2,243964
2024,1,37,智能建造,B527,湖南城市学院,2,283524
2024,1,41,工程管理,B527,湖南城市学院,2,181743
2024,1,53,网络与新媒体,B527,湖南城市学院,2,129730
2024,1,61,电子信息工程,B527,湖南城市学院,2,185178
2024,1,62,计算机科学与技术,B527,湖南城市学院,2,163642
2024,1,65,物理学,B527,湖南城市学院,2,230697
2024,1,67,人工智能,B527,湖南城市学院,2,206002
2024,1,81,化学工程与工艺,B527,湖南城市学院,2,252549
2024,1,82,环境工程,B527,湖南城市学院,2,285919
2024,1,92,信息与计算科学,B527,湖南城市学院,2,232658
2024,1,D1,思想政治教育(师范类),B527,湖南城市学院,2,133351
2024,1,E2,机械电子工程,B527,湖南城市学院,2,208137
2024,1,A0,智能车辆工程,B528,湖南工学院,2,187727
2024,1,A1,机械设计制造及其自动化,B528,湖南工学院,3,161466
2024,1,A3,自动化,B528,湖南工学院,2,158101
2024,1,B0,新能源材料与器件,B528,湖南工学院,2,203894
2024,1,B1,无机非金属材料工程,B528,湖南工学院,2,239024
2024,1,C3,物流工程,B528,湖南工学院,2,168176
2024,1,D2,电气工程及其自动化,B528,湖南工学院,2,147928
2024,1,E2,化学工程与工艺,B528,湖南工学院,2,212197
2024,1,F2,计算机科学与技术,B528,湖南工学院,2,145717
2024,1,F6,网络空间安全,B528,湖南工学院,2,173296
2024,1,G1,信息与计算科学,B528,湖南工学院,2,184115
2024,1,J3,工业设计,B528,湖南工学院,2,190257
2024,1,J4,工程管理,B528,湖南工学院,2,164940
2024,1,0U,计算机科学与技术,B532,湖南财政经济学院,8,134311
2024,1,13,会计学,B532,湖南财政经济学院,10,94544
2024,1,15,财务管理,B532,湖南财政经济学院,4,98603
2024,1,19,审计学,B532,湖南财政经济学院,2,85541
2024,1,1L,财政学类,B532,湖南财政经济学院,6,102435
2024,1,15,数字媒体技术,B535,湖南工业大学,3,69576
2024,1,16,包装工程,B535,湖南工业大学,5,179707
2024,1,17,印刷工程,B535,湖南工业大学,2,190485
2024,1,19,材料类,B535,湖南工业大学,12,152307
2024,1,22,无机非金属材料工程,B535,湖南工业大学,10,216499
2024,1,24,电气工程及其自动化,B535,湖南工业大学,2,55420
2024,1,27,自动化,B535,湖南工业大学,4,71092
2024,1,34,网络工程,B535,湖南工业大学,4,74603
2024,1,41,城乡规划,B535,湖南工业大学,6,109969
2024,1,42,建筑学,B535,湖南工业大学,3,105036
2024,1,43,环境生态工程,B535,湖南工业大学,5,210854
2024,1,45,土木工程,B535,湖南工业大学,10,243866
2024,1,52,应用物理学,B535,湖南工业大学,3,109828
2024,1,57,生物技术,B535,湖南工业大学,3,134011
2024,1,61,工商管理类,B535,湖南工业大学,2,90530
2024,1,62,法学,B535,湖南工业大学,4,52915
2024,1,63,英语,B535,湖南工业大学,2,86199
2024,1,64,翻译,B535,湖南工业大学,2,106369
2024,1,67,新闻学,B535,湖南工业大学,3,103273
2024,1,68,广告学,B535,湖南工业大学,3,96331
2024,1,69,戏剧影视文学,B535,湖南工业大学,2,108186
2024,1,75,金融工程,B535,湖南工业大学,5,118628
2024,1,76,财务管理,B535,湖南工业大学,2,64280
2024,1,77,会计学,B535,湖南工业大学,2,57826
2024,1,78,国际经济与贸易,B535,湖南工业大学,2,95019
2024,1,W1,包装设计,B535,湖南工业大学,5,139860
2024,1,W2,数字媒体艺术,B535,湖南工业大学,5,105866
2024,1,W3,产品设计,B535,湖南工业大学,5,153176
2024,1,29,数字经济,B538,湖南女子学院,2,175647
2024,1,37,家政学,B538,湖南女子学院,4,172608
2024,1,43,汉语言文学(师范类),B538,湖南女子学院,2,116431
2024,1,65,人工智能,B538,湖南女子学院,2,208849
2024,1,71,数据科学与大数据技术,B538,湖南女子学院,1,186308
2024,1,73,市场营销,B538,湖南女子学院,3,177718
2024,1,77,财务管理,B538,湖南女子学院,1,130747
2024,1,79,人力资源管理,B538,湖南女子学院,1,159535
2024,1,85,旅游管理,B538,湖南女子学院,2,175166
2024,1,87,酒店管理,B538,湖南女子学院,1,172063
2024,1,01,金融学,B540,广东金融学院,1,57853
2024,1,05,会计学,B540,广东金融学院,1,54516
2024,1,21,计算机科学与技术,B540,广东金融学院,1,61552
2024,1,35,金融数学,B540,广东金融学院,1,86619
2024,1,47,金融科技,B540,广东金融学院,1,89785
2024,1,06,汉语言文学(师范类),B546,广西科技师范学院,4,144368
2024,1,07,秘书学,B546,广西科技师范学院,2,163034
2024,1,17,汽车服务工程,B546,广西科技师范学院,2,231972
2024,1,18,汽车服务工程(师范类，按职教师资培养),B546,广西科技师范学院,2,256022
2024,1,19,智能制造工程,B546,广西科技师范学院,2,253396
2024,1,20,智能车辆工程,B546,广西科技师范学院,3,256196
2024,1,22,电子信息工程,B546,广西科技师范学院,2,244537
2024,1,25,机器人工程,B546,广西科技师范学院,2,251457
2024,1,28,软件工程,B546,广西科技师范学院,2,219884
2024,1,30,数据科学与大数据技术,B546,广西科技师范学院,2,234175
2024,1,11,金融学,B548,广西财经学院,3,153023
2024,1,14,金融工程,B548,广西财经学院,3,190239
2024,1,20,经济统计学,B548,广西财经学院,3,173590
2024,1,28,金融数学,B548,广西财经学院,4,188442
2024,1,41,会计学,B548,广西财经学院,4,126212
2024,1,01,数字经济,B549,南宁学院,2,233781
2024,1,04,学前教育,B549,南宁学院,2,218230
2024,1,06,机械设计制造及其自动化,B549,南宁学院,2,296444
2024,1,09,新能源汽车工程,B549,南宁学院,2,299977
2024,1,10,电气工程及其自动化,B549,南宁学院,2,283897
2024,1,12,通信工程,B549,南宁学院,2,316839
2024,1,15,计算机科学与技术,B549,南宁学院,2,271571
2024,1,18,数字媒体技术,B549,南宁学院,2,300073
2024,1,19,智能科学与技术,B549,南宁学院,2,291760
2024,1,20,数据科学与大数据技术,B549,南宁学院,2,298055
2024,1,21,土木工程,B549,南宁学院,2,283399
2024,1,24,食品营养与健康,B549,南宁学院,2,307850
2024,1,26,工程造价,B549,南宁学院,2,241100
2024,1,31,会计学,B549,南宁学院,2,197933
2024,1,32,财务管理,B549,南宁学院,2,199871
2024,1,33,物流工程,B549,南宁学院,2,236476
2024,1,02,国际经济与贸易,B551,重庆科技大学,2,104809
2024,1,04,汉语言文学,B551,重庆科技大学,5,87820
2024,1,09,应用化学,B551,重庆科技大学,5,159676
2024,1,13,机械类,B551,重庆科技大学,3,114368
2024,1,18,冶金工程,B551,重庆科技大学,5,173338
2024,1,22,焊接技术与工程,B551,重庆科技大学,5,176286
2024,1,29,自动化,B551,重庆科技大学,3,102119
2024,1,33,物联网工程,B551,重庆科技大学,5,107357
2024,1,38,化学工程与工艺,B551,重庆科技大学,5,152015
2024,1,43,石油工程,B551,重庆科技大学,5,116807
2024,1,45,海洋油气工程,B551,重庆科技大学,5,142892
2024,1,49,消防工程,B551,重庆科技大学,5,169156
2024,1,50,管理科学与工程类,B551,重庆科技大学,5,147614
2024,1,53,人力资源管理,B551,重庆科技大学,5,110244
2024,1,56,物流管理(中外合作办学),B551,重庆科技大学,5,188474
2024,1,01,烹饪与营养教育,B552,四川旅游学院,5,258095
2024,1,02,旅游管理,B552,四川旅游学院,6,170068
2024,1,06,酒店管理,B552,四川旅游学院,4,170086
2024,1,18,会计学,B552,四川旅游学院,10,147378
2024,1,21,风景园林,B552,四川旅游学院,2,173854
2024,1,9A,建筑电气与智能化(中外合作办学),B552,四川旅游学院,2,288099
2024,1,51,冶金工程,B556,文山学院,5,279776
2024,1,53,安全工程,B556,文山学院,5,272808
2024,1,01,经济学,B560,西安财经大学,3,57372
2024,1,04,金融学,B560,西安财经大学,2,43758
2024,1,05,保险学,B560,西安财经大学,2,67997
2024,1,07,国际经济与贸易,B560,西安财经大学,2,70170
2024,1,10,工程管理,B560,西安财经大学,4,97207
2024,1,12,物流管理,B560,西安财经大学,2,80984
2024,1,15,市场营销,B560,西安财经大学,2,87144
2024,1,16,会计学,B560,西安财经大学,2,42935
2024,1,18,人力资源管理,B560,西安财经大学,2,63724
2024,1,19,审计学,B560,西安财经大学,3,45627
2024,1,20,经济统计学,B560,西安财经大学,2,71257
2024,1,23,应用统计学,B560,西安财经大学,4,66692
2024,1,26,软件工程,B560,西安财经大学,3,66138
2024,1,29,法学,B560,西安财经大学,3,44932
2024,1,38,商务英语,B560,西安财经大学,4,81369
2024,1,63,戏剧影视文学,B560,西安财经大学,2,101760
2024,1,66,旅游管理,B560,西安财经大学,2,116018
2024,1,H1,金融学(中外合作办学),B560,西安财经大学,6,100057
2024,1,01,汉语言文学(师范类),B561,甘肃民族师范学院,2,139409
2024,1,09,数学与应用数学(师范类),B561,甘肃民族师范学院,4,296887
2024,1,0R,地理科学(师范类),B561,甘肃民族师范学院,2,155640
2024,1,17,化学(师范类),B561,甘肃民族师范学院,2,285835
2024,1,1A,生物科学(师范类),B561,甘肃民族师范学院,4,312317
2024,1,2D,物理学(师范类),B561,甘肃民族师范学院,2,283738
2024,1,2K,电气工程及其自动化,B561,甘肃民族师范学院,5,240920
2024,1,2N,英语(师范类),B561,甘肃民族师范学院,2,162681
2024,1,3Y,网络工程,B561,甘肃民族师范学院,2,274656
2024,1,04,数学与应用数学(师范类),B562,兰州文理学院,5,305440
2024,1,0E,学前教育(师范类),B562,兰州文理学院,2,173013
2024,1,0V,投资学,B562,兰州文理学院,2,182106
2024,1,1A,化学工程与工艺,B562,兰州文理学院,5,271823
2024,1,1F,应用化学,B562,兰州文理学院,5,276864
2024,1,1R,汉语言文学(师范类),B562,兰州文理学院,5,117822
2024,1,26,数据科学与大数据技术,B562,兰州文理学院,5,251368
2024,1,2S,英语,B562,兰州文理学院,2,179613
2024,1,3N,新闻学,B562,兰州文理学院,5,167104
2024,1,3T,电气工程与智能控制,B562,兰州文理学院,4,238663
2024,1,3Y,电子信息工程,B562,兰州文理学院,5,250036
2024,1,48,通信工程,B562,兰州文理学院,5,253949
2024,1,05,金融工程,B600,湖北经济学院,2,111870
2024,1,27,法学,B600,湖北经济学院,4,72884
2024,1,34,计算机科学与技术,B600,湖北经济学院,3,112774
2024,1,42,金融学,B600,湖北经济学院,3,77970
2024,1,48,经济学,B600,湖北经济学院,3,84908
2024,1,0D,机械工程,B607,北部湾大学,2,168670
2024,1,0G,自动化,B607,北部湾大学,3,152164
2024,1,0H,海洋科学,B607,北部湾大学,4,218306
2024,1,0J,水产养殖学,B607,北部湾大学,4,266926
2024,1,0M,财务管理,B607,北部湾大学,4,121894
2024,1,0N,金融工程,B607,北部湾大学,4,157598
2024,1,0P,国际经济与贸易,B607,北部湾大学,4,149779
2024,1,0Q,市场营销,B607,北部湾大学,4,167691
2024,1,0R,旅游管理,B607,北部湾大学,2,169333
2024,1,0S,物流管理,B607,北部湾大学,4,154787
2024,1,0T,城市管理,B607,北部湾大学,4,170358
2024,1,0U,能源化学工程,B607,北部湾大学,2,216232
2024,1,0V,高分子材料与工程,B607,北部湾大学,2,211323
2024,1,0W,油气储运工程,B607,北部湾大学,2,205068
2024,1,0X,化学工程与工艺,B607,北部湾大学,4,211883
2024,1,11,汉语言文学(师范类),B607,北部湾大学,6,117949
2024,1,12,汉语国际教育,B607,北部湾大学,4,150881
2024,1,13,新闻学,B607,北部湾大学,4,162718
2024,1,14,英语(师范类),B607,北部湾大学,6,157839
2024,1,15,泰语,B607,北部湾大学,4,184909
2024,1,16,越南语,B607,北部湾大学,4,189835
2024,1,17,学前教育(师范类),B607,北部湾大学,4,177142
2024,1,18,小学教育(师范类),B607,北部湾大学,4,143934
2024,1,1C,地理科学(师范类),B607,北部湾大学,4,108256
2024,1,1D,地理信息科学,B607,北部湾大学,4,126503
2024,1,2T,机械工程(中外合作办学),B607,北部湾大学,3,276816
2024,1,2U,机械设计制造及其自动化(中外合作办学),B607,北部湾大学,4,272195
2024,1,2V,车辆工程(中外合作办学),B607,北部湾大学,3,284082
2024,1,2W,物联网工程(中外合作办学),B607,北部湾大学,4,253716
2024,1,2X,工程造价(中外合作办学),B607,北部湾大学,4,212167
2024,1,2Y,电子信息工程(中外合作办学),B607,北部湾大学,10,252384
2024,1,01,经济学,B629,北华航天工业学院,2,133044
2024,1,02,国际经济与贸易,B629,北华航天工业学院,2,144137
2024,1,03,社会工作,B629,北华航天工业学院,2,145872
2024,1,04,英语,B629,北华航天工业学院,2,143865
2024,1,06,机械设计制造及其自动化,B629,北华航天工业学院,2,59263
2024,1,07,材料成型及控制工程,B629,北华航天工业学院,2,180953
2024,1,08,机械电子工程,B629,北华航天工业学院,2,147654
2024,1,09,工业设计,B629,北华航天工业学院,2,203715
2024,1,16,电子信息工程,B629,北华航天工业学院,2,129244
2024,1,18,微电子科学与工程,B629,北华航天工业学院,3,145774
2024,1,20,自动化,B629,北华航天工业学院,2,115888
2024,1,21,计算机科学与技术,B629,北华航天工业学院,2,105424
2024,1,26,土木工程,B629,北华航天工业学院,2,265982
2024,1,27,建筑环境与能源应用工程,B629,北华航天工业学院,3,211392
2024,1,32,飞行器制造工程,B629,北华航天工业学院,2,105634
2024,1,36,会计学,B629,北华航天工业学院,2,92996
2024,1,37,财务管理,B629,北华航天工业学院,3,116174
2024,1,38,人力资源管理,B629,北华航天工业学院,3,149027
2024,1,39,物流管理,B629,北华航天工业学院,2,148090
2024,1,40,电子商务,B629,北华航天工业学院,3,158235
2024,1,43,机械设计制造及其自动化(中外合作办学),B629,北华航天工业学院,5,228405
2024,1,44,通信工程(中外合作办学),B629,北华航天工业学院,5,221882
2024,1,11,电气工程及其自动化,B632,沈阳工程学院,4,37185
2024,1,21,能源与动力工程,B632,沈阳工程学院,2,83911
2024,1,23,核工程与核技术,B632,沈阳工程学院,2,75350
2024,1,31,自动化,B632,沈阳工程学院,2,91160
2024,1,01,软件工程,B635,哈尔滨信息工程学院,5,302498
2024,1,01,海洋科学,B641,江苏海洋大学,6,102725
2024,1,06,海洋技术,B641,江苏海洋大学,2,90975
2024,1,10,港口航道与海岸工程,B641,江苏海洋大学,3,106973
2024,1,20,安全工程,B641,江苏海洋大学,3,173561
2024,1,35,新能源科学与工程,B641,江苏海洋大学,3,77033
2024,1,36,信息与计算科学,B641,江苏海洋大学,2,87194
2024,1,W2,工商管理,B641,江苏海洋大学,2,79666
2024,1,WB,俄语,B641,江苏海洋大学,2,95910
2024,1,WC,日语,B641,江苏海洋大学,3,95861
2024,1,25,水产养殖学(拔尖人才创新班),B646,宁波大学,2,50699
2024,1,30,经济学类,B646,宁波大学,2,26283
2024,1,33,信息管理与信息系统,B646,宁波大学,4,33421
2024,1,34,法学类,B646,宁波大学,2,17990
2024,1,47,英语,B646,宁波大学,4,29840
2024,1,49,日语,B646,宁波大学,2,36138
2024,1,51,建筑学,B646,宁波大学,5,52505
2024,1,53,微电子科学与工程,B646,宁波大学,2,21042
2024,1,54,物理学,B646,宁波大学,2,28096
2024,1,56,数学与应用数学,B646,宁波大学,2,26076
2024,1,60,材料科学与工程,B646,宁波大学,4,35388
2024,1,61,化学,B646,宁波大学,4,36384
2024,1,62,化学工程与工艺,B646,宁波大学,3,36958
2024,1,63,机械类,B646,宁波大学,6,27891
2024,1,64,工程力学,B646,宁波大学,5,34205
2024,1,66,机械设计制造及其自动化(国际贸易班),B646,宁波大学,3,27151
2024,1,67,电子信息类,B646,宁波大学,6,22024
2024,1,68,计算机科学与技术,B646,宁波大学,2,19443
2024,1,69,土木工程,B646,宁波大学,5,69271
2024,1,70,环境工程,B646,宁波大学,3,53907
2024,1,75,物流管理,B646,宁波大学,2,35175
2024,1,77,食品科学与工程,B646,宁波大学,1,35627
2024,1,78,临床医学,B646,宁波大学,2,15843
2024,1,79,预防医学,B646,宁波大学,3,50170
2024,1,88,生物科学类,B646,宁波大学,7,49974
2024,1,45,人文地理与城乡规划(中外合作办学)(中法合作),B646,宁波大学,6,53676
2024,1,46,旅游管理(中外合作办学)(中法合作),B646,宁波大学,8,79661
2024,1,25,广播电视编导,B647,浙江传媒学院,9,65752
2024,1,26,数字媒体艺术,B647,浙江传媒学院,7,72722
2024,1,27,摄影,B647,浙江传媒学院,8,115797
2024,1,28,戏剧影视文学,B647,浙江传媒学院,10,98370
2024,1,29,广播电视学,B647,浙江传媒学院,2,48070
2024,1,30,新闻学,B647,浙江传媒学院,3,45868
2024,1,31,编辑出版学,B647,浙江传媒学院,2,64377
2024,1,32,传播学,B647,浙江传媒学院,2,32502
2024,1,33,汉语言文学(网络文学与创意写作),B647,浙江传媒学院,2,47472
2024,1,34,汉语言文学,B647,浙江传媒学院,5,54049
2024,1,35,文化产业管理,B647,浙江传媒学院,6,81362
2024,1,36,网络与新媒体,B647,浙江传媒学院,5,54015
2024,1,37,广告学,B647,浙江传媒学院,2,59168
2024,1,38,会展经济与管理,B647,浙江传媒学院,2,76499
2024,1,39,公共关系学,B647,浙江传媒学院,1,74778
2024,1,40,虚拟现实技术,B647,浙江传媒学院,4,86663
2024,1,41,数字媒体技术,B647,浙江传媒学院,9,50086
2024,1,42,广播电视工程,B647,浙江传媒学院,7,143013
2024,1,43,软件工程(传媒大数据),B647,浙江传媒学院,4,58672
2024,1,44,电子科学与技术(演艺工程与舞台技术),B647,浙江传媒学院,4,98025
2024,1,45,网络工程,B647,浙江传媒学院,4,67790
2024,1,46,人工智能,B647,浙江传媒学院,5,85400
2024,1,47,电影制作,B647,浙江传媒学院,4,151737
2024,1,48,英语,B647,浙江传媒学院,2,56398
2024,1,50,传播学(中外合作办学),B647,浙江传媒学院,6,65832
2024,1,01,财政学,B652,河南财政金融学院,2,117935
2024,1,02,税收学,B652,河南财政金融学院,4,124693
2024,1,06,金融学,B652,河南财政金融学院,2,123471
2024,1,07,会计学,B652,河南财政金融学院,4,102500
2024,1,08,财务管理,B652,河南财政金融学院,2,107970
2024,1,09,审计学,B652,河南财政金融学院,2,114134
2024,1,14,电子商务,B652,河南财政金融学院,2,159935
2024,1,15,人力资源管理,B652,河南财政金融学院,2,157128
2024,1,16,计算机科学与技术,B652,河南财政金融学院,6,172922
2024,1,17,数据科学与大数据技术,B652,河南财政金融学院,4,207308
2024,1,18,智能科学与技术,B652,河南财政金融学院,2,221876
2024,1,20,工程造价,B652,河南财政金融学院,3,184145
2024,1,22,汉语言文学,B652,河南财政金融学院,5,124647
2024,1,25,信用风险管理与法律防控,B652,河南财政金融学院,2,125045
2024,1,26,商务英语,B652,河南财政金融学院,3,174068
2024,1,28,数学与应用数学,B652,河南财政金融学院,2,214084
2024,1,29,学前教育(师范类),B652,河南财政金融学院,2,157917
2024,1,01,机械设计制造及其自动化,B653,南阳理工学院,5,192706
2024,1,05,自动化,B653,南阳理工学院,4,178279
2024,1,07,电子信息工程,B653,南阳理工学院,4,168317
2024,1,08,通信工程,B653,南阳理工学院,4,195298
2024,1,09,光电信息科学与工程,B653,南阳理工学院,4,200604
2024,1,12,计算机科学与技术,B653,南阳理工学院,2,131408
2024,1,13,数据科学与大数据技术,B653,南阳理工学院,2,158831
2024,1,14,网络空间安全,B653,南阳理工学院,4,186936
2024,1,15,数字媒体技术,B653,南阳理工学院,5,191734
2024,1,18,城乡规划,B653,南阳理工学院,2,167523
2024,1,19,历史建筑保护工程,B653,南阳理工学院,2,155431
2024,1,21,土木工程(建筑工程方向),B653,南阳理工学院,8,271317
2024,1,22,土木工程(地下工程方向),B653,南阳理工学院,5,268445
2024,1,24,道路桥梁与渡河工程,B653,南阳理工学院,5,271082
2024,1,25,工程管理,B653,南阳理工学院,4,188409
2024,1,26,应用化学,B653,南阳理工学院,4,227866
2024,1,28,生物工程,B653,南阳理工学院,5,275981
2024,1,29,食品科学与工程,B653,南阳理工学院,3,233456
2024,1,32,中药学,B653,南阳理工学院,2,213072
2024,1,33,护理学,B653,南阳理工学院,2,164506
2024,1,35,数学与应用数学(经济数学方向),B653,南阳理工学院,4,253755
2024,1,37,新能源材料与器件,B653,南阳理工学院,4,229911
2024,1,40,工商管理(商务大数据分析方向),B653,南阳理工学院,2,157900
2024,1,43,财务管理(智能财务方向),B653,南阳理工学院,2,133152
2024,1,44,财务管理(财务BP方向),B653,南阳理工学院,2,135267
2024,1,46,电子商务(跨境运营方向),B653,南阳理工学院,2,160141
2024,1,47,大数据管理与应用,B653,南阳理工学院,3,154607
2024,1,49,小学教育(师范类),B653,南阳理工学院,5,149347
2024,1,51,网络与新媒体,B653,南阳理工学院,2,143619
2024,1,52,英语,B653,南阳理工学院,2,151228
2024,1,54,商务英语,B653,南阳理工学院,2,165488
2024,1,55,广播电视编导,B653,南阳理工学院,8,192994
2024,1,65,软件工程(移动设备应用开发方向),B653,南阳理工学院,5,227116
2024,1,68,电气工程及其自动化(中外合作办学),B653,南阳理工学院,2,232418
2024,1,69,应用化学(中外合作办学),B653,南阳理工学院,2,279130
2024,1,03,电子商务,B654,武汉商学院,2,117780
2024,1,01,化学工程与工艺(卓越班),B656,广东石油化工学院,3,212943
2024,1,03,能源化学工程,B656,广东石油化工学院,2,206544
2024,1,05,精细化工,B656,广东石油化工学院,2,218951
2024,1,07,计算机科学与技术,B656,广东石油化工学院,2,176030
2024,1,12,石油工程,B656,广东石油化工学院,3,183144
2024,1,13,海洋油气工程,B656,广东石油化工学院,2,210916
2024,1,14,资源勘查工程,B656,广东石油化工学院,2,227027
2024,1,17,环境工程,B656,广东石油化工学院,2,251681
2024,1,41,数学与应用数学(师范类),B656,广东石油化工学院,2,281008
2024,1,45,新能源科学与工程,B656,广东石油化工学院,2,190957
2024,1,59,生物技术,B656,广东石油化工学院,2,232718
2024,1,04,小学教育(师范类，英语教育方向),B658,海南师范大学,3,89826
2024,1,05,教育学类(师范类),B658,海南师范大学,3,91591
2024,1,06,教育技术学(师范类),B658,海南师范大学,2,171678
2024,1,08,汉语言文学(师范类),B658,海南师范大学,8,66103
2024,1,09,数学与应用数学(师范类),B658,海南师范大学,3,111578
2024,1,11,数据科学与大数据技术,B658,海南师范大学,2,87630
2024,1,13,英语(师范类),B658,海南师范大学,5,76455
2024,1,16,历史学(师范类),B658,海南师范大学,2,66590
2024,1,18,地理科学类,B658,海南师范大学,3,77899
2024,1,19,物理学(师范类),B658,海南师范大学,3,122707
2024,1,21,电子信息科学与技术,B658,海南师范大学,4,115474
2024,1,22,光电信息科学与工程,B658,海南师范大学,2,115976
2024,1,23,化学(师范类),B658,海南师范大学,4,181441
2024,1,24,制药工程,B658,海南师范大学,3,172603
2024,1,25,应用化学,B658,海南师范大学,2,156991
2024,1,26,生物科学(师范类),B658,海南师范大学,5,296244
2024,1,28,生物技术,B658,海南师范大学,2,241313
2024,1,31,法学,B658,海南师范大学,3,55113
2024,1,33,经济学类,B658,海南师范大学,4,95114
2024,1,34,电子商务,B658,海南师范大学,2,115464
2024,1,36,网络空间安全,B658,海南师范大学,2,97336
2024,1,37,软件工程(NIIT班),B658,海南师范大学,6,134078
2024,1,38,旅游管理类,B658,海南师范大学,2,130218
2024,1,39,汉语国际教育(师范类),B658,海南师范大学,2,72875
2024,1,3A,广播电视编导,B658,海南师范大学,4,145696
2024,1,40,应用心理学(师范类),B658,海南师范大学,2,82898
2024,1,07,学前教育(中外合作办学)(师范类),B658,海南师范大学,5,177043
2024,1,3B,广播电视编导(中外合作办学),B658,海南师范大学,4,182427
2024,1,01,车辆工程,B660,重庆理工大学,4,55510
2024,1,03,装甲车辆工程,B660,重庆理工大学,2,58271
2024,1,04,能源与动力工程,B660,重庆理工大学,2,49868
2024,1,06,机械设计制造及其自动化,B660,重庆理工大学,4,58021
2024,1,07,测控技术与仪器,B660,重庆理工大学,3,61789
2024,1,09,机械电子工程,B660,重庆理工大学,3,55387
2024,1,10,材料科学与工程,B660,重庆理工大学,4,75344
2024,1,12,焊接技术与工程,B660,重庆理工大学,2,95169
2024,1,13,材料成型及控制工程,B660,重庆理工大学,5,76850
2024,1,16,计算机科学与技术,B660,重庆理工大学,6,38938
2024,1,17,物联网工程,B660,重庆理工大学,4,43969
2024,1,18,电气工程及其自动化,B660,重庆理工大学,5,41765
2024,1,19,自动化,B660,重庆理工大学,2,42584
2024,1,20,电子信息工程,B660,重庆理工大学,4,41541
2024,1,21,通信工程,B660,重庆理工大学,3,45062
2024,1,23,药学,B660,重庆理工大学,4,71097
2024,1,29,会计学,B660,重庆理工大学,4,47923
2024,1,31,财务管理,B660,重庆理工大学,3,53545
2024,1,32,金融学,B660,重庆理工大学,3,79127
2024,1,35,国际经济与贸易,B660,重庆理工大学,2,75657
2024,1,36,旅游管理,B660,重庆理工大学,3,119944
2024,1,38,工商管理,B660,重庆理工大学,3,64150
2024,1,39,市场营销,B660,重庆理工大学,3,93878
2024,1,44,劳动与社会保障,B660,重庆理工大学,2,86190
2024,1,47,商务英语,B660,重庆理工大学,3,79405
2024,1,48,知识产权,B660,重庆理工大学,2,57208
2024,1,54,智能车辆工程,B660,重庆理工大学,4,63961
2024,1,55,软件工程,B660,重庆理工大学,3,39009
2024,1,56,智能科学与技术,B660,重庆理工大学,3,48895
2024,1,57,人工智能,B660,重庆理工大学,2,42309
2024,1,60,智能制造工程,B660,重庆理工大学,3,59529
2024,1,61,光电信息材料与器件,B660,重庆理工大学,3,64328
2024,1,62,储能科学与工程,B660,重庆理工大学,3,60642
2024,1,64,数学与应用数学,B660,重庆理工大学,3,53087
2024,1,65,化学工程与工艺,B660,重庆理工大学,3,75339
2024,1,66,过程装备与控制工程,B660,重庆理工大学,2,89064
2024,1,67,应用化学,B660,重庆理工大学,2,72669
2024,1,G7,本科预科班（招收边防军人子女）,B664,西安邮电大学,6,203909
2024,1,KA,自动化,B664,西安邮电大学,4,30904
2024,1,KC,智能科学与技术,B664,西安邮电大学,4,32215
2024,1,KD,信息安全,B664,西安邮电大学,5,28533
2024,1,KG,信息对抗技术,B664,西安邮电大学,4,34816
2024,1,KJ,信息与计算科学,B664,西安邮电大学,4,36126
2024,1,XG,通信工程,B664,西安邮电大学,8,28457
2024,1,XJ,广播电视工程,B664,西安邮电大学,4,45186
2024,1,XM,物联网工程,B664,西安邮电大学,6,31786
2024,1,XQ,微电子科学与工程,B664,西安邮电大学,4,29696
2024,1,XR,光电信息科学与工程,B664,西安邮电大学,4,31671
2024,1,XS,集成电路设计与集成系统,B664,西安邮电大学,4,28088
2024,1,XT,电磁场与无线技术,B664,西安邮电大学,4,36285
2024,1,XU,计算机科学与技术,B664,西安邮电大学,6,23980
2024,1,XV,软件工程,B664,西安邮电大学,3,27111
2024,1,XW,网络工程,B664,西安邮电大学,4,30642
2024,1,XY,智能感知工程,B664,西安邮电大学,3,38256
2024,1,XZ,电气工程及其自动化,B664,西安邮电大学,4,29457
2024,1,01,统计学,B688,山东工商学院,50,193625
2024,1,02,英语,B688,山东工商学院,46,156102
2024,1,04,信息与计算科学,B688,山东工商学院,35,204334
2024,1,06,人工智能,B688,山东工商学院,42,175917
2024,1,07,经济学,B688,山东工商学院,55,143568
2024,1,08,国际经济与贸易,B688,山东工商学院,67,155456
2024,1,09,财政学,B688,山东工商学院,51,119587
2024,1,10,金融学,B688,山东工商学院,56,134887
2024,1,12,投资学,B688,山东工商学院,44,159019
2024,1,13,法学,B688,山东工商学院,91,96308
2024,1,14,广告学,B688,山东工商学院,19,151055
2024,1,15,会计学,B688,山东工商学院,36,96678
2024,1,16,财务管理,B688,山东工商学院,35,100573
2024,1,17,审计学,B688,山东工商学院,66,106383
2024,1,18,社会工作,B688,山东工商学院,12,141509
2024,1,19,编辑出版学,B688,山东工商学院,12,146836
2024,1,20,政治学与行政学,B688,山东工商学院,41,129708
2024,1,21,汉语言文学,B688,山东工商学院,88,110853
2024,1,23,朝鲜语,B688,山东工商学院,27,176543
2024,1,24,商务英语,B688,山东工商学院,46,169239
2024,1,25,翻译,B688,山东工商学院,25,167489
2024,1,26,能源经济,B688,山东工商学院,36,153507
2024,1,27,数学与应用数学,B688,山东工商学院,35,199486
2024,1,28,应用统计学,B688,山东工商学院,38,183108
2024,1,29,自动化,B688,山东工商学院,124,173593
2024,1,30,经济统计学,B688,山东工商学院,40,151030
2024,1,31,保险学,B688,山东工商学院,38,163039
2024,1,32,电气工程及其自动化,B688,山东工商学院,59,148615
2024,1,34,电子信息工程,B688,山东工商学院,45,162284
2024,1,35,通信工程,B688,山东工商学院,57,165944
2024,1,36,软件工程,B688,山东工商学院,44,149795
2024,1,37,计算机科学与技术,B688,山东工商学院,123,143752
2024,1,38,数字媒体技术,B688,山东工商学院,111,181709
2024,1,40,工业工程,B688,山东工商学院,41,165824
2024,1,41,信息管理与信息系统,B688,山东工商学院,62,157639
2024,1,42,安全工程,B688,山东工商学院,27,223461
2024,1,43,工程管理,B688,山东工商学院,62,182286
2024,1,44,应急技术与管理,B688,山东工商学院,37,235876
2024,1,46,工商管理,B688,山东工商学院,72,142236
2024,1,47,市场营销,B688,山东工商学院,34,162596
2024,1,48,人力资源管理,B688,山东工商学院,79,151292
2024,1,49,物流管理,B688,山东工商学院,38,157942
2024,1,50,资产评估,B688,山东工商学院,26,141562
2024,1,51,行政管理,B688,山东工商学院,12,150316
2024,1,52,劳动与社会保障,B688,山东工商学院,14,158314
2024,1,53,城市管理,B688,山东工商学院,18,163126
2024,1,54,电子商务,B688,山东工商学院,86,157711
2024,1,55,金融科技,B688,山东工商学院,63,175000
2024,1,56,慈善管理,B688,山东工商学院,21,170382
2024,1,A8,旅游管理,B688,山东工商学院,39,167256
2024,1,AB,信用风险管理与法律防控,B688,山东工商学院,20,110802
2024,1,AD,集成电路设计与集成系统,B688,山东工商学院,42,191639
2024,1,AF,数据科学与大数据技术,B688,山东工商学院,51,171341
2024,1,AH,电子科学与技术,B688,山东工商学院,66,195666
2024,1,B0,金融学(中外合作办学)(与美国莫瑞州立大学合作),B688,山东工商学院,40,183941
2024,1,B1,国际经济与贸易(中外合作办学)(与美国莫瑞州立大学合作),B688,山东工商学院,50,189073
2024,1,B2,会计学(中外合作办学)(与美国莫瑞州立大学合作),B688,山东工商学院,60,173793
2024,1,B3,财务管理(中外合作办学)(与美国莫瑞州立大学合作),B688,山东工商学院,50,177132
2024,1,HL,小学教育(师范类),B709,呼和浩特民族学院,1,151320
2024,1,HT,思想政治教育(师范类),B709,呼和浩特民族学院,1,133185
2024,1,HV,数学与应用数学(师范类),B709,呼和浩特民族学院,1,271457
2024,1,HZ,英语(师范类),B709,呼和浩特民族学院,1,151395
2024,1,W1,汉语言文学(师范类),B709,呼和浩特民族学院,2,129996
2024,1,08,汉语言文学,B726,长春大学,6,80146
2024,1,0A,汉语国际教育,B726,长春大学,2,109615
2024,1,0B,英语,B726,长春大学,2,102416
2024,1,0C,俄语,B726,长春大学,2,139528
2024,1,0D,日语,B726,长春大学,2,142070
2024,1,0E,西班牙语,B726,长春大学,2,130336
2024,1,0F,网络与新媒体,B726,长春大学,4,108169
2024,1,0G,数学与应用数学,B726,长春大学,4,135877
2024,1,0H,信息与计算科学,B726,长春大学,2,131772
2024,1,0M,工业工程,B726,长春大学,1,112310
2024,1,10,财务管理,B726,长春大学,2,89739
2024,1,11,工商管理,B726,长春大学,2,112526
2024,1,12,会计学,B726,长春大学,2,85963
2024,1,13,旅游管理,B726,长春大学,2,138976
2024,1,22,园林,B726,长春大学,3,131153
2024,1,26,风景园林,B726,长春大学,3,133214
2024,1,29,特殊教育(师范类),B726,长春大学,3,106344
2024,1,2A,机械工程,B726,长春大学,2,117795
2024,1,2B,车辆工程,B726,长春大学,1,108517
2024,1,2C,经济学,B726,长春大学,2,91613
2024,1,2D,金融学,B726,长春大学,2,111412
2024,1,2F,国际经济与贸易,B726,长春大学,4,122263
2024,1,2G,计算机科学与技术,B726,长春大学,2,84031
2024,1,2H,网络工程,B726,长春大学,2,124941
2024,1,2K,电气工程及其自动化,B726,长春大学,2,91733
2024,1,2N,通信工程,B726,长春大学,2,119636
2024,1,2P,自动化,B726,长春大学,2,111410
2024,1,2R,食品科学与工程,B726,长春大学,3,166311
2024,1,2S,食品质量与安全,B726,长春大学,4,182733
2024,1,2T,软件工程,B726,长春大学,2,103221
2024,1,33,数据科学与大数据技术,B726,长春大学,4,119163
2024,1,36,计算机科学与技术,B726,长春大学,4,113285
2024,1,37,会计学,B726,长春大学,3,98658
2024,1,38,市场营销,B726,长春大学,3,153282
2024,1,39,金融工程,B726,长春大学,3,150817
2024,1,44,智能制造工程,B726,长春大学,2,114579
2024,1,49,网络空间安全,B726,长春大学,4,111561
2024,1,17,机械工程(中外合作办学),B726,长春大学,2,189176
2024,1,18,自动化(中外合作办学),B726,长春大学,2,168156
2024,1,1U,俄语(中外合作办学),B726,长春大学,2,154926
2024,1,4A,电子信息工程(中外合作办学),B726,长春大学,2,178009
2024,1,4D,材料科学与工程(中外合作办学),B726,长春大学,3,228289
2024,1,4H,车辆工程(中外合作办学),B726,长春大学,3,217479
2024,1,4J,电气工程及其自动化(中外合作办学),B726,长春大学,3,183239
2024,1,4K,食品科学与工程(中外合作办学),B726,长春大学,3,239955
2024,1,06,公共事业管理,B731,贵州商学院,4,174457
2024,1,20,税收学,B731,贵州商学院,4,159784
2024,1,23,酒店管理,B731,贵州商学院,4,182444
2024,1,08,会展经济与管理(中外合作办学),B731,贵州商学院,6,194584
2024,1,10,交通运输,B736,西安航空学院,4,165244
2024,1,22,材料成型及控制工程,B736,西安航空学院,3,166925
2024,1,24,复合材料与工程,B736,西安航空学院,5,190613
2024,1,31,给排水科学与工程,B736,西安航空学院,3,226609
2024,1,09,生物制药,B765,河南城建学院,5,255836
2024,1,10,生物工程,B765,河南城建学院,5,276659
2024,1,12,风景园林,B765,河南城建学院,5,175236
2024,1,13,城乡规划,B765,河南城建学院,5,177340
2024,1,18,给排水科学与工程,B765,河南城建学院,5,272617
2024,1,20,物联网工程,B765,河南城建学院,5,241573
2024,1,22,自动化,B765,河南城建学院,5,243592
2024,1,25,能源与动力工程,B765,河南城建学院,5,245071
2024,1,26,高分子材料与工程,B765,河南城建学院,5,266376
2024,1,27,材料化学,B765,河南城建学院,5,269521
2024,1,28,建筑学,B765,河南城建学院,5,177615
2024,1,38,遥感科学与技术,B765,河南城建学院,5,247504
2024,1,42,道路桥梁与渡河工程,B765,河南城建学院,5,259387
2024,1,45,应用物理学,B765,河南城建学院,5,240865
2024,1,47,数字媒体技术,B765,河南城建学院,5,232761
2024,1,49,智能电网信息工程,B765,河南城建学院,5,235165
2024,1,01,地球物理学,B775,防灾科技学院,2,121325
2024,1,03,地质学,B775,防灾科技学院,2,134968
2024,1,04,资源勘查工程,B775,防灾科技学院,2,167537
2024,1,07,地下水科学与工程,B775,防灾科技学院,2,188449
2024,1,08,测绘工程,B775,防灾科技学院,3,184499
2024,1,09,土木工程,B775,防灾科技学院,3,210682
2024,1,0B,水利水电工程,B775,防灾科技学院,2,154112
2024,1,0C,地质工程,B775,防灾科技学院,2,173981
2024,1,0D,城市地下空间工程,B775,防灾科技学院,3,180488
2024,1,0E,防灾减灾科学与工程,B775,防灾科技学院,3,147574
2024,1,0F,电气工程及其自动化,B775,防灾科技学院,4,116444
2024,1,0G,测控技术与仪器,B775,防灾科技学院,4,168267
2024,1,0H,通信工程,B775,防灾科技学院,4,146236
2024,1,0J,计算机类,B775,防灾科技学院,9,134090
2024,1,0N,金融学,B775,防灾科技学院,4,136286
2024,1,0P,会计学,B775,防灾科技学院,2,88927
2024,1,0Q,投资学,B775,防灾科技学院,4,160907
2024,1,0S,应急管理,B775,防灾科技学院,2,98795
2024,1,0U,应急技术与管理,B775,防灾科技学院,2,103475
2024,1,0V,广告学,B775,防灾科技学院,3,141913
2024,1,0X,网络与新媒体,B775,防灾科技学院,5,126438
2024,1,0Z,人工智能,B775,防灾科技学院,3,140809
2024,1,11,经济学,B784,仰恩大学,5,207924
2024,1,22,新闻学,B784,仰恩大学,5,212695
2024,1,01,电气工程及其自动化,B798,武汉东湖学院,2,254407
2024,1,03,机械设计制造及其自动化,B798,武汉东湖学院,2,300645
2024,1,05,电子信息类,B798,武汉东湖学院,3,295825
2024,1,08,计算机类,B798,武汉东湖学院,3,307650
2024,1,09,软件工程,B798,武汉东湖学院,3,300328
2024,1,0B,护理学,B798,武汉东湖学院,3,206487
2024,1,0D,财务管理,B798,武汉东湖学院,3,191959
2024,1,0L,金融学,B798,武汉东湖学院,3,208259
2024,1,0V,法学,B798,武汉东湖学院,3,169945
2024,1,0Z,学前教育(师范类),B798,武汉东湖学院,3,217153
2024,1,10,英语,B798,武汉东湖学院,2,200092
2024,1,03,财政学类,B799,重庆工商大学,2,43766
2024,1,08,金融工程(碳金融),B799,重庆工商大学,2,58089
2024,1,09,工商管理类,B799,重庆工商大学,2,67382
2024,1,11,会计学,B799,重庆工商大学,2,40517
2024,1,16,物流管理,B799,重庆工商大学,3,84591
2024,1,17,工程管理,B799,重庆工商大学,2,111179
2024,1,18,大数据管理与应用,B799,重庆工商大学,2,50253
2024,1,23,法学类,B799,重庆工商大学,2,34052
2024,1,25,计算机科学与技术,B799,重庆工商大学,2,48055
2024,1,28,人工智能,B799,重庆工商大学,3,54270
2024,1,30,电子信息工程,B799,重庆工商大学,3,53373
2024,1,33,机械设计制造及其自动化,B799,重庆工商大学,2,66904
2024,1,35,智能制造工程,B799,重庆工商大学,2,74402
2024,1,36,智能车辆工程,B799,重庆工商大学,3,79997
2024,1,39,食品科学与工程,B799,重庆工商大学,2,185118
2024,1,40,食品安全与检测,B799,重庆工商大学,2,158903
2024,1,41,材料科学与工程,B799,重庆工商大学,2,90694
2024,1,43,化工与制药类,B799,重庆工商大学,2,80602
2024,1,47,数据科学与大数据技术,B799,重庆工商大学,2,51338
2024,1,48,数据计算及应用,B799,重庆工商大学,2,78458
2024,1,50,商务英语,B799,重庆工商大学,5,69773
2024,1,51,法语,B799,重庆工商大学,2,100535
2024,1,64,金融学(中外双学士项目),B799,重庆工商大学,5,109826
2024,1,04,法学,B800,汉口学院,10,185375
2024,1,06,汉语言文学,B800,汉口学院,12,196964
2024,1,07,英语,B800,汉口学院,18,224903
2024,1,08,网络与新媒体,B800,汉口学院,10,217607
2024,1,09,机械电子工程,B800,汉口学院,11,317576
2024,1,0C,电子信息工程,B800,汉口学院,10,317653
2024,1,0E,计算机科学与技术,B800,汉口学院,18,317707
2024,1,0G,电子商务,B800,汉口学院,28,231801
2024,1,0H,数字媒体技术,B800,汉口学院,7,317647
2024,1,0P,广播电视编导,B800,汉口学院,15,242849
2024,1,05,计算机类,B802,黑龙江工程学院,2,183568
2024,1,06,机械设计制造及其自动化,B802,黑龙江工程学院,2,177989
2024,1,10,车辆工程,B802,黑龙江工程学院,2,201847
2024,1,16,给排水科学与工程,B802,黑龙江工程学院,2,259648
2024,1,19,城乡规划,B802,黑龙江工程学院,4,184284
2024,1,20,地理信息科学,B802,黑龙江工程学院,6,163869
2024,1,21,材料类,B802,黑龙江工程学院,3,266236
2024,1,22,市场营销,B802,黑龙江工程学院,6,178903
2024,1,23,新能源汽车工程,B802,黑龙江工程学院,2,216290
2024,1,25,人工智能,B802,黑龙江工程学院,4,204884
2024,1,27,数据科学与大数据技术,B802,黑龙江工程学院,2,206063
2024,1,31,工程造价,B802,黑龙江工程学院,2,185706
2024,1,32,英语,B802,黑龙江工程学院,2,167541
2024,1,34,高分子材料与工程,B802,黑龙江工程学院,2,244901
2024,1,35,社会工作,B802,黑龙江工程学院,5,162212
2024,1,36,金融工程,B802,黑龙江工程学院,2,185980
2024,1,21,临床医学,B805,甘肃医学院,4,99216
2024,1,22,儿科学,B805,甘肃医学院,1,112862
2024,1,23,预防医学,B805,甘肃医学院,1,147329
2024,1,25,药学,B805,甘肃医学院,1,209234
2024,1,26,中药学,B805,甘肃医学院,1,176275
2024,1,27,医学检验技术,B805,甘肃医学院,2,175336
2024,1,50,科学教育(师范类),B806,陇南师范学院,2,201674
2024,1,52,学前教育(师范类),B806,陇南师范学院,2,180217
2024,1,54,小学教育(师范类),B806,陇南师范学院,4,172725
2024,1,58,数学与应用数学(师范类),B806,陇南师范学院,2,248436
2024,1,02,智能建造,B807,兰州工业学院,3,264171
2024,1,06,材料成型及控制工程,B807,兰州工业学院,2,246475
2024,1,07,机械电子工程,B807,兰州工业学院,3,249105
2024,1,09,汽车服务工程,B807,兰州工业学院,3,269611
2024,1,0F,电气工程及其自动化,B807,兰州工业学院,3,170692
2024,1,0G,电子信息工程,B807,兰州工业学院,3,239615
2024,1,0H,通信工程,B807,兰州工业学院,3,234709
2024,1,0J,自动化,B807,兰州工业学院,3,225654
2024,1,0K,轨道交通信号与控制,B807,兰州工业学院,3,242677
2024,1,0L,软件工程,B807,兰州工业学院,4,226026
2024,1,0P,数字媒体技术,B807,兰州工业学院,3,251523
2024,1,0T,建筑环境与能源应用工程,B807,兰州工业学院,3,264077
2024,1,0U,给排水科学与工程,B807,兰州工业学院,3,264391
2024,1,0V,工程造价,B807,兰州工业学院,3,258915
2024,1,0Y,电子商务,B807,兰州工业学院,3,177385
2024,1,01,临床医学,B810,海南医科大学,10,61602
2024,1,02,医学影像学,B810,海南医科大学,2,71529
2024,1,03,麻醉学,B810,海南医科大学,2,73661
2024,1,06,口腔医学,B810,海南医科大学,4,58603
2024,1,08,预防医学,B810,海南医科大学,3,147024
2024,1,09,中医学,B810,海南医科大学,4,105425
2024,1,10,针灸推拿学,B810,海南医科大学,3,112425
2024,1,11,中西医临床医学,B810,海南医科大学,3,110330
2024,1,12,药学,B810,海南医科大学,5,152294
2024,1,13,临床药学,B810,海南医科大学,2,130614
2024,1,14,海洋药学,B810,海南医科大学,3,168331
2024,1,15,中药学,B810,海南医科大学,2,157762
2024,1,16,医学检验技术,B810,海南医科大学,5,149858
2024,1,17,医学影像技术,B810,海南医科大学,2,130519
2024,1,18,卫生检验与检疫,B810,海南医科大学,3,182855
2024,1,19,康复治疗学,B810,海南医科大学,4,156285
2024,1,20,护理学,B810,海南医科大学,5,136464
2024,1,21,助产学,B810,海南医科大学,3,164778
2024,1,22,生物技术,B810,海南医科大学,2,180584
2024,1,23,生物信息学,B810,海南医科大学,2,185129
2024,1,24,生物统计学,B810,海南医科大学,2,166928
2024,1,25,医学信息工程,B810,海南医科大学,3,169133
2024,1,26,公共事业管理,B810,海南医科大学,3,145199
2024,1,27,健康服务与管理,B810,海南医科大学,2,133421
2024,1,28,医学影像技术(中外合作办学),B810,海南医科大学,5,232588
2024,1,29,康复治疗学(中外合作办学),B810,海南医科大学,3,228428
2024,1,31,护理学(中外合作办学),B810,海南医科大学,3,201848
2024,1,07,信息与计算科学,B819,东莞理工学院,2,120605
2024,1,21,应用化学,B819,东莞理工学院,4,158544
2024,1,23,能源化学工程,B819,东莞理工学院,2,122081
2024,1,24,能源与动力工程,B819,东莞理工学院,2,122205
2024,1,34,国际经济与贸易,B819,东莞理工学院,2,114927
2024,1,44,英语,B819,东莞理工学院,3,126676
2024,1,07,财务管理,B825,桂林航天工业学院,3,143452
2024,1,08,物流管理,B825,桂林航天工业学院,2,174009
2024,1,09,物流工程,B825,桂林航天工业学院,2,181867
2024,1,13,机械设计制造及其自动化,B825,桂林航天工业学院,4,197985
2024,1,14,机械电子工程,B825,桂林航天工业学院,4,203542
2024,1,15,材料成型及控制工程,B825,桂林航天工业学院,2,229223
2024,1,16,智能制造工程,B825,桂林航天工业学院,2,209969
2024,1,17,通信工程,B825,桂林航天工业学院,4,208318
2024,1,18,电子信息工程,B825,桂林航天工业学院,4,180933
2024,1,19,测控技术与仪器,B825,桂林航天工业学院,4,221237
2024,1,20,自动化,B825,桂林航天工业学院,4,193615
2024,1,22,汽车服务工程,B825,桂林航天工业学院,6,258701
2024,1,23,车辆工程,B825,桂林航天工业学院,4,223274
2024,1,24,新能源汽车工程,B825,桂林航天工业学院,2,213775
2024,1,26,建筑环境与能源应用工程,B825,桂林航天工业学院,2,248870
2024,1,29,软件工程,B825,桂林航天工业学院,2,155263
2024,1,30,物联网工程,B825,桂林航天工业学院,2,192279
2024,1,31,计算机科学与技术,B825,桂林航天工业学院,2,155368
2024,1,32,商务英语,B825,桂林航天工业学院,4,178197
2024,1,34,数字媒体技术,B825,桂林航天工业学院,3,208208
2024,1,35,数据科学与大数据技术,B825,桂林航天工业学院,3,205327
2024,1,36,飞行器制造工程,B825,桂林航天工业学院,2,168277
2024,1,37,飞行器动力工程,B825,桂林航天工业学院,2,195302
2024,1,38,飞行器质量与可靠性,B825,桂林航天工业学院,2,198061
2024,1,21,电子信息工程(中外合作办学),B825,桂林航天工业学院,8,271450
2024,1,01,经济学,B832,河北经贸大学,4,68845
2024,1,03,国际经济与贸易,B832,河北经贸大学,5,89718
2024,1,04,贸易经济,B832,河北经贸大学,4,101960
2024,1,05,金融学,B832,河北经贸大学,5,74304
2024,1,08,金融科技,B832,河北经贸大学,5,97754
2024,1,15,工商管理,B832,河北经贸大学,8,106318
2024,1,17,市场营销,B832,河北经贸大学,8,148463
2024,1,21,人工智能,B832,河北经贸大学,3,80547
2024,1,23,网络工程,B832,河北经贸大学,4,78725
2024,1,25,数据科学与大数据技术,B832,河北经贸大学,4,79037
2024,1,26,大数据管理与应用,B832,河北经贸大学,2,81991
2024,1,29,法学,B832,河北经贸大学,12,49170
2024,1,33,新闻学,B832,河北经贸大学,7,98647
2024,1,35,商务英语,B832,河北经贸大学,8,135301
2024,1,41,数学与应用数学,B832,河北经贸大学,3,97005
2024,1,43,应用统计学,B832,河北经贸大学,6,102936
2024,1,46,会展经济与管理,B832,河北经贸大学,12,149123
2024,1,49,会计学,B832,河北经贸大学,10,71715
2024,1,0A,法学,B833,上海杉达学院,1,104817
2024,1,0E,旅游管理,B833,上海杉达学院,2,199323
2024,1,0S,数据科学与大数据技术,B833,上海杉达学院,1,171368
2024,1,1U,国际经济与贸易(中外合作办学)(中美合作办学),B833,上海杉达学院,2,184750
2024,1,06,学前教育(师范类),B834,黄河科技学院,5,197841
2024,1,0T,物联网工程,B834,黄河科技学院,5,289133
2024,1,01,法学(卓越法律人才培养创新班),B835,上海政法学院,2,18256
2024,1,02,法学(涉外卓越法律人才培养创新班),B835,上海政法学院,4,20540
2024,1,03,法学(涉外卓越律师人才培养试点班),B835,上海政法学院,2,22204
2024,1,04,法学(刑事司法方向),B835,上海政法学院,3,23502
2024,1,05,法学(民商法方向),B835,上海政法学院,3,22412
2024,1,07,法学(体育法方向),B835,上海政法学院,3,25745
2024,1,08,法学(经济法方向),B835,上海政法学院,3,23377
2024,1,09,法学(国际经济法方向),B835,上海政法学院,3,24233
2024,1,0A,法学(AI法学方向),B835,上海政法学院,3,23129
2024,1,0C,监狱学,B835,上海政法学院,2,27354
2024,1,0E,知识产权,B835,上海政法学院,3,24234
2024,1,0M,审计学,B835,上海政法学院,3,32997
2024,1,0N,电子商务及法律,B835,上海政法学院,2,40465
2024,1,0R,应用心理学,B835,上海政法学院,2,33977
2024,1,0W,英语,B835,上海政法学院,3,40461
2024,1,0X,俄语,B835,上海政法学院,2,60409
2024,1,0Y,翻译,B835,上海政法学院,3,47663
2024,1,10,汉语国际教育,B835,上海政法学院,2,42768
2024,1,12,网络与新媒体,B835,上海政法学院,2,50137
2024,1,13,广播电视学(卓越新闻传播人才培养试点班),B835,上海政法学院,3,54115
2024,1,14,思想政治教育,B835,上海政法学院,2,32744
2024,1,15,广播电视编导(纪录片方向),B835,上海政法学院,3,73252
2024,1,16,广播电视编导(摄影摄像方向),B835,上海政法学院,2,106361
2024,1,01,经济与金融,B837,桂林旅游学院,4,169959
2024,1,03,电子商务,B837,桂林旅游学院,2,182348
2024,1,04,会计学,B837,桂林旅游学院,2,150240
2024,1,06,会展经济与管理,B837,桂林旅游学院,2,179769
2024,1,07,旅游管理,B837,桂林旅游学院,2,176664
2024,1,08,旅游管理与服务教育,B837,桂林旅游学院,2,182053
2024,1,0B,英语,B837,桂林旅游学院,2,175263
2024,1,0E,商务英语,B837,桂林旅游学院,4,183799
2024,1,0M,汉语言文学,B837,桂林旅游学院,2,151592
2024,1,0N,传播学,B837,桂林旅游学院,4,177352
2024,1,0P,烹饪与营养教育,B837,桂林旅游学院,2,199384
2024,1,0S,数据科学与大数据技术,B837,桂林旅游学院,3,251391
2024,1,0T,人工智能,B837,桂林旅游学院,2,246759
2024,1,0U,软件工程,B837,桂林旅游学院,2,241910
2024,1,0Y,风景园林,B837,桂林旅游学院,2,190394
2024,1,3Q,酒店管理(中外合作办学),B837,桂林旅游学院,16,211880
2024,1,0D,思想政治教育(师范类),B838,贺州学院,3,152932
2024,1,0K,汉语言文学(师范类),B838,贺州学院,3,148844
2024,1,0Q,历史学,B838,贺州学院,3,160858
2024,1,0Y,电气工程及其自动化,B838,贺州学院,3,226348
2024,1,10,通信工程,B838,贺州学院,3,252280
2024,1,12,人工智能,B838,贺州学院,3,248873
2024,1,1K,旅游管理,B838,贺州学院,3,182133
2024,1,1M,广播电视编导,B838,贺州学院,5,198314
2024,1,01,临床医学,B840,西安医学院,2,44989
2024,1,10,药学,B840,西安医学院,5,161849
2024,1,19,护理学,B840,西安医学院,5,107914
2024,1,21,市场营销,B840,西安医学院,3,151043
2024,1,23,公共事业管理,B840,西安医学院,3,145486
2024,1,0F,国际经济与贸易,B843,九江学院,3,165412
2024,1,0J,法学,B843,九江学院,4,110102
2024,1,0U,英语(师范类),B843,九江学院,5,162525
2024,1,0X,数学与应用数学(师范类),B843,九江学院,4,236902
2024,1,11,应用化学,B843,九江学院,4,267301
2024,1,15,机械设计制造及其自动化,B843,九江学院,4,215884
2024,1,1A,复合材料与工程,B843,九江学院,3,246131
2024,1,1B,电子信息工程,B843,九江学院,4,188369
2024,1,1E,计算机科学与技术,B843,九江学院,4,180356
2024,1,1G,物联网工程,B843,九江学院,5,223411
2024,1,1J,软件工程,B843,九江学院,4,173202
2024,1,1K,土木工程,B843,九江学院,4,273622
2024,1,1M,城乡规划,B843,九江学院,3,167064
2024,1,1T,护理学,B843,九江学院,4,166525
2024,1,1Y,会计学,B843,九江学院,4,122414
2024,1,1Z,审计学,B843,九江学院,4,126573
2024,1,28,临床医学,B843,九江学院,5,103790
2024,1,01,机械设计制造及其自动化,B845,广东工业大学,2,31853
2024,1,08,自动化类,B845,广东工业大学,3,26484
2024,1,12,化学工程与工艺,B845,广东工业大学,3,57782
2024,1,13,能源化学工程,B845,广东工业大学,2,62295
2024,1,15,应用化学,B845,广东工业大学,3,66451
2024,1,18,土木工程,B845,广东工业大学,3,170974
2024,1,20,给排水科学与工程,B845,广东工业大学,3,98051
2024,1,28,材料类,B845,广东工业大学,3,51795
2024,1,29,材料成型及控制工程,B845,广东工业大学,3,43527
2024,1,30,能源动力类,B845,广东工业大学,3,36718
2024,1,31,环境工程,B845,广东工业大学,2,66025
2024,1,33,安全工程,B845,广东工业大学,2,71798
2024,1,48,会计学,B845,广东工业大学,3,36147
2024,1,57,社会工作,B845,广东工业大学,3,84960
2024,1,58,国际经济与贸易,B845,广东工业大学,3,49289
2024,1,J1,机械电子工程,B845,广东工业大学,2,32801
2024,1,J2,电气工程及其自动化,B845,广东工业大学,2,29493
2024,1,J3,计算机科学与技术,B845,广东工业大学,2,27301
2024,1,J4,人工智能,B845,广东工业大学,2,33667
2024,1,J5,化学工程与工艺,B845,广东工业大学,2,59336
2024,1,J6,电子商务,B845,广东工业大学,2,73342
2024,1,J7,土木工程,B845,广东工业大学,2,103485
2024,1,X1,计算机类,B845,广东工业大学,3,25749
2024,1,X4,工商管理类,B845,广东工业大学,3,56322
2024,1,02,经济统计学,B846,广东外语外贸大学,1,38985
2024,1,10,政治学类,B846,广东外语外贸大学,4,52845
2024,1,11,社会工作,B846,广东外语外贸大学,1,61860
2024,1,16,英语,B846,广东外语外贸大学,3,35378
2024,1,18,俄语,B846,广东外语外贸大学,1,55319
2024,1,20,德语,B846,广东外语外贸大学,1,40393
2024,1,22,法语,B846,广东外语外贸大学,1,40402
2024,1,24,西班牙语,B846,广东外语外贸大学,1,27679
2024,1,26,阿拉伯语,B846,广东外语外贸大学,1,42248
2024,1,27,日语,B846,广东外语外贸大学,2,52542
2024,1,32,印度尼西亚语,B846,广东外语外贸大学,1,61566
2024,1,33,印地语,B846,广东外语外贸大学,1,64942
2024,1,40,波兰语,B846,广东外语外贸大学,1,60459
2024,1,41,捷克语,B846,广东外语外贸大学,1,55746
2024,1,42,葡萄牙语,B846,广东外语外贸大学,1,41743
2024,1,43,希腊语,B846,广东外语外贸大学,1,56615
2024,1,45,意大利语,B846,广东外语外贸大学,1,51784
2024,1,48,克罗地亚语,B846,广东外语外贸大学,1,63513
2024,1,51,商务英语,B846,广东外语外贸大学,1,30622
2024,1,56,数学与应用数学,B846,广东外语外贸大学,1,56015
2024,1,59,计算机类,B846,广东外语外贸大学,1,40322
2024,1,60,工商管理类(商学院),B846,广东外语外贸大学,3,48667
2024,1,67,供应链管理,B846,广东外语外贸大学,2,49150
2024,1,68,电子商务,B846,广东外语外贸大学,3,55270
2024,1,H1,食品科学与工程,B847,佛山大学,5,195139
2024,1,H2,食品质量与安全,B847,佛山大学,5,201810
2024,1,J3,生物工程,B847,佛山大学,5,192941
2024,1,N2,教育技术学,B847,佛山大学,5,169330
2024,1,02,学前教育(师范类),B963,亳州学院,4,169854
2024,1,04,中药学,B963,亳州学院,6,218059
2024,1,0C,网络与新媒体,B963,亳州学院,4,167502
2024,1,0E,酿酒工程,B963,亳州学院,6,273996
2024,1,0N,电子商务,B963,亳州学院,4,169765
2024,1,01,汉语言文学(师范类),B969,郑州师范学院,3,82961
2024,1,21,计算机科学与技术,B969,郑州师范学院,3,150427
2024,1,01,市场营销,C026,大连民族大学,2,123559
2024,1,03,工商管理,C026,大连民族大学,2,107959
2024,1,04,行政管理,C026,大连民族大学,2,103897
2024,1,05,人力资源管理,C026,大连民族大学,2,106832
2024,1,06,机械设计制造及其自动化,C026,大连民族大学,2,104160
2024,1,07,自动化,C026,大连民族大学,2,103322
2024,1,11,机器人工程,C026,大连民族大学,2,113192
2024,1,12,智能制造工程,C026,大连民族大学,2,122294
2024,1,14,食品科学与工程,C026,大连民族大学,2,159155
2024,1,19,英语,C026,大连民族大学,2,96905
2024,1,21,朝鲜语,C026,大连民族大学,2,139623
2024,1,22,计算机科学与技术,C026,大连民族大学,2,70451
2024,1,25,人工智能,C026,大连民族大学,2,104169
2024,1,26,工业设计,C026,大连民族大学,2,123673
2024,1,30,汉语言文学,C026,大连民族大学,2,50494
2024,1,31,法学,C026,大连民族大学,2,51611
2024,1,32,新闻学,C026,大连民族大学,2,74829
2024,1,36,统计学,C026,大连民族大学,2,107325
2024,1,37,区块链工程,C026,大连民族大学,3,136724
2024,1,39,会计学,C026,大连民族大学,2,66348
2024,1,40,财务管理,C026,大连民族大学,2,70222
2024,1,41,国际商务,C026,大连民族大学,2,124579
2024,1,42,电子信息工程,C026,大连民族大学,2,80364
2024,1,44,物联网工程,C026,大连民族大学,2,106512
2024,1,45,生物技术,C026,大连民族大学,2,123867
2024,1,48,经济林,C026,大连民族大学,3,183266
2024,1,51,建筑学,C026,大连民族大学,2,126385
2024,1,24,电子信息工程,C034,湖南第一师范学院,5,147000
2024,1,26,通信工程,C034,湖南第一师范学院,5,136457
2024,1,27,人工智能,C034,湖南第一师范学院,3,150535
2024,1,30,计算机科学与技术,C034,湖南第一师范学院,4,117444
2024,1,54,微电子科学与工程,C034,湖南第一师范学院,2,162724
2024,1,55,数据科学与大数据技术,C034,湖南第一师范学院,5,141798
2024,1,56,智能制造工程,C034,湖南第一师范学院,5,160941
2024,1,57,工业智能,C034,湖南第一师范学院,5,179202
2024,1,60,软件工程,C034,湖南第一师范学院,5,143272
2024,1,61,网络空间安全,C034,湖南第一师范学院,2,136116
2024,1,62,电气工程及其自动化,C034,湖南第一师范学院,5,142732
2024,1,63,机器人工程,C034,湖南第一师范学院,5,179412
2024,1,02,材料成型及控制工程,C044,上海第二工业大学,2,74125
2024,1,06,智能制造工程,C044,上海第二工业大学,2,70813
2024,1,14,工业设计,C044,上海第二工业大学,2,62631
2024,1,18,新能源科学与工程,C044,上海第二工业大学,2,61677
2024,1,24,环保设备工程,C044,上海第二工业大学,2,90818
2024,1,01,特殊教育(师范类),C048,南京特殊教育师范学院,3,84683
2024,1,02,孤独症儿童教育(师范类),C048,南京特殊教育师范学院,2,96353
2024,1,03,手语翻译,C048,南京特殊教育师范学院,1,118326
2024,1,06,学前教育(师范类),C048,南京特殊教育师范学院,5,135310
2024,1,07,小学教育(师范类),C048,南京特殊教育师范学院,2,105624
2024,1,08,公共事业管理,C048,南京特殊教育师范学院,2,137855
2024,1,09,劳动与社会保障,C048,南京特殊教育师范学院,5,159536
2024,1,13,英语(师范类),C048,南京特殊教育师范学院,5,120181
2024,1,18,康复治疗学,C048,南京特殊教育师范学院,1,117847
2024,1,28,数学与应用数学(师范类),C048,南京特殊教育师范学院,4,187780
2024,1,29,计算机科学与技术,C048,南京特殊教育师范学院,3,168579
2024,1,31,数据科学与大数据技术,C048,南京特殊教育师范学院,2,167252
2024,1,04,经济统计学,C050,上海商学院,4,97806
2024,1,08,国际经济与贸易,C050,上海商学院,3,64212
2024,1,0M,会计学,C050,上海商学院,4,55838
2024,1,0W,酒店管理(中外合作办学),C050,上海商学院,5,162568
2024,1,0X,电子商务(中外合作办学),C050,上海商学院,5,149066
2024,1,07,机械设计制造及其自动化,C056,南通理工学院,4,285055
2024,1,11,智能制造工程,C056,南通理工学院,3,310131
2024,1,13,护理学,C056,南通理工学院,4,218658
2024,1,14,康复治疗学,C056,南通理工学院,3,298516
2024,1,21,船舶与海洋工程,C056,南通理工学院,3,311968
2024,1,25,车辆工程,C056,南通理工学院,3,315590
2024,1,29,工程管理,C056,南通理工学院,3,225968
2024,1,30,土木工程,C056,南通理工学院,3,305251
2024,1,31,工程造价,C056,南通理工学院,3,223888
2024,1,34,安全工程,C056,南通理工学院,5,303948
2024,1,41,人工智能,C056,南通理工学院,3,296270
2024,1,44,数据科学与大数据技术,C056,南通理工学院,3,316667
2024,1,45,电子商务,C056,南通理工学院,2,214487
2024,1,47,物流管理,C056,南通理工学院,3,214159
2024,1,48,酒店管理,C056,南通理工学院,3,222924
2024,1,52,金融工程,C056,南通理工学院,3,221680
2024,1,04,商务英语,C059,广东培正学院,4,235135
2024,1,23,会计学,C059,广东培正学院,5,216031
2024,1,26,法学,C059,广东培正学院,6,193789
2024,1,29,计算机科学与技术,C059,广东培正学院,5,305523
2024,1,01,德语,C105,天津中德应用技术大学,14,170232
2024,1,03,机械电子工程,C105,天津中德应用技术大学,6,163486
2024,1,04,车辆工程,C105,天津中德应用技术大学,5,178573
2024,1,06,金属材料工程,C105,天津中德应用技术大学,4,203376
2024,1,0C,机器人工程,C105,天津中德应用技术大学,5,169020
2024,1,0G,飞行器制造工程,C105,天津中德应用技术大学,4,168487
2024,1,0J,财务管理,C105,天津中德应用技术大学,5,108346
2024,1,0L,质量管理工程,C105,天津中德应用技术大学,5,159263
2024,1,01,法学,C107,贵州警察学院,6,110256
2024,1,02,监狱学,C107,贵州警察学院,2,88414
2024,1,03,信息安全,C107,贵州警察学院,2,169985
2024,1,01,临床医学(本博连读八年制),C121,南方医科大学,3,1783
2024,1,03,临床医学,C121,南方医科大学,4,7164
2024,1,A1,医学影像学,C121,南方医科大学,2,13961
2024,1,B1,药学,C121,南方医科大学,2,29961
2024,1,B4,中药学,C121,南方医科大学,4,51809
2024,1,B5,医学检验技术,C121,南方医科大学,4,37474
2024,1,B6,康复治疗学,C121,南方医科大学,6,66228
2024,1,B8,护理学,C121,南方医科大学,6,52585
2024,1,BL,生物医学工程,C121,南方医科大学,9,35562
2024,1,BS,儿科学,C121,南方医科大学,1,29182
2024,1,C4,法医学,C121,南方医科大学,2,29062
2024,1,C6,生物统计学,C121,南方医科大学,2,28948
2024,1,01,临床医学,C214,湖南医药学院,2,76557
2024,1,05,针灸推拿学,C214,湖南医药学院,1,114640
2024,1,07,医学影像技术,C214,湖南医药学院,1,108642
2024,1,08,医学检验技术,C214,湖南医药学院,1,183480
2024,1,10,药学,C214,湖南医药学院,1,161303
2024,1,11,中药学,C214,湖南医药学院,1,143908
2024,1,13,护理学,C214,湖南医药学院,1,119680
2024,1,15,康复治疗学,C214,湖南医药学院,1,164297
2024,1,33,电子商务,C216,安徽新华学院,15,240819
2024,1,40,物流管理,C216,安徽新华学院,15,230092
2024,1,R2,汉语言文学,C303,湖南涉外经济学院,1,189726
2024,1,R4,网络与新媒体,C303,湖南涉外经济学院,2,227405
2024,1,S0,金融学,C303,湖南涉外经济学院,1,227206
2024,1,S1,国际经济与贸易,C303,湖南涉外经济学院,2,227064
2024,1,S2,工商管理,C303,湖南涉外经济学院,2,228668
2024,1,S5,会计学,C303,湖南涉外经济学院,1,207002
2024,1,S6,人力资源管理,C303,湖南涉外经济学院,2,233005
2024,1,S9,财务管理,C303,湖南涉外经济学院,2,212675
2024,1,SA,酒店管理,C303,湖南涉外经济学院,2,238246
2024,1,SB,大数据管理与应用,C303,湖南涉外经济学院,1,244005
2024,1,SC,供应链管理,C303,湖南涉外经济学院,1,229157
2024,1,W0,英语,C303,湖南涉外经济学院,2,232980
2024,1,W1,日语,C303,湖南涉外经济学院,2,234462
2024,1,W3,商务英语,C303,湖南涉外经济学院,2,228018
2024,1,X0,电子商务,C303,湖南涉外经济学院,2,229159
2024,1,X1,计算机科学与技术,C303,湖南涉外经济学院,2,279731
2024,1,X2,电子信息工程,C303,湖南涉外经济学院,1,264674
2024,1,X3,通信工程,C303,湖南涉外经济学院,2,315425
2024,1,X5,电子信息科学与技术,C303,湖南涉外经济学院,2,292986
2024,1,X6,软件工程,C303,湖南涉外经济学院,2,290602
2024,1,X7,机械设计制造及其自动化,C303,湖南涉外经济学院,2,314311
2024,1,X9,物联网工程,C303,湖南涉外经济学院,1,302663
2024,1,XA,数据科学与大数据技术,C303,湖南涉外经济学院,1,270117
2024,1,XB,人工智能,C303,湖南涉外经济学院,1,297814
2024,1,Y1,学前教育(师范类),C303,湖南涉外经济学院,1,229382
2024,1,04,影视技术,C308,海口经济学院,5,249060
2024,1,12,广播电视编导,C308,海口经济学院,4,249383
2024,1,14,艺术教育,C308,海口经济学院,3,250517
2024,1,15,广播电视编导(电影电视编导),C308,海口经济学院,2,255000
2024,1,16,广播电视编导(影视制作),C308,海口经济学院,3,255289
2024,1,1A,新闻学(国际新闻传播),C308,海口经济学院,4,238362
2024,1,1B,建筑类,C308,海口经济学院,4,235608
2024,1,1D,土木工程,C308,海口经济学院,4,305123
2024,1,1K,财务管理,C308,海口经济学院,3,217072
2024,1,1L,会计学,C308,海口经济学院,4,214690
2024,1,1M,市场营销(新媒体营销),C308,海口经济学院,2,239307
2024,1,1N,物流管理(智慧物流),C308,海口经济学院,3,237914
2024,1,1R,人力资源管理(薪酬绩效设计师),C308,海口经济学院,3,237456
2024,1,1T,数据科学与大数据技术(数字平台运维),C308,海口经济学院,2,310727
2024,1,1V,电气工程及其自动化(智能控制),C308,海口经济学院,3,312348
2024,1,1W,外国语言文学类,C308,海口经济学院,2,240609
2024,1,1X,交通运输(民航运输),C308,海口经济学院,3,309857
2024,1,1Z,会展经济与管理,C308,海口经济学院,6,247336
2024,1,2A,计算机科学与技术,C308,海口经济学院,2,268311
2024,1,2B,金融工程,C308,海口经济学院,4,255887
2024,1,2C,电气工程及其自动化,C308,海口经济学院,3,300004
2024,1,49,网络与新媒体(AI媒介应用),C308,海口经济学院,3,238703
2024,1,4A,人力资源管理,C308,海口经济学院,3,239122
2024,1,4B,市场营销,C308,海口经济学院,3,242298
2024,1,4C,电子商务,C308,海口经济学院,2,239131
2024,1,4D,市场营销(创意产业管理),C308,海口经济学院,4,247459
2024,1,4F,会展经济与管理(数字会展),C308,海口经济学院,4,244439
2024,1,9C,英语(教育、翻译、商务方向),C308,海口经济学院,4,237830
2024,1,9M,电子商务(创业与商业管理),C308,海口经济学院,3,246625
2024,1,9U,旅游管理,C308,海口经济学院,3,241066
2024,1,9V,计算机科学与技术(网络安全),C308,海口经济学院,2,315006
2024,1,9W,工程造价,C308,海口经济学院,3,261829
2024,1,A2,电子信息工程,C308,海口经济学院,2,312958
2024,1,A7,经济学类,C308,海口经济学院,5,232054
2024,1,01,计算机科学与技术,C309,武昌首义学院,2,255793
2024,1,02,计算机科学与技术(华为云特色班),C309,武昌首义学院,2,256692
2024,1,03,软件工程,C309,武昌首义学院,1,244835
2024,1,04,软件工程(华为云特色班),C309,武昌首义学院,1,270868
2024,1,05,物联网工程,C309,武昌首义学院,2,282542
2024,1,06,物联网工程(腾讯云精英班),C309,武昌首义学院,1,271838
2024,1,12,电气工程及其自动化,C309,武昌首义学院,2,264173
2024,1,14,智能制造工程,C309,武昌首义学院,2,314576
2024,1,16,土木工程,C309,武昌首义学院,2,282098
2024,1,18,工程造价,C309,武昌首义学院,4,227419
2024,1,19,环境工程,C309,武昌首义学院,2,286278
2024,1,21,智能建造(城铁优才班),C309,武昌首义学院,2,288537
2024,1,22,外国语言文学类,C309,武昌首义学院,4,212330
2024,1,23,金融学,C309,武昌首义学院,2,207021
2024,1,25,会计学,C309,武昌首义学院,2,184818
2024,1,28,金融科技,C309,武昌首义学院,4,224946
2024,1,30,法学,C309,武昌首义学院,2,159907
2024,1,31,新闻学(智能新闻传播方向),C309,武昌首义学院,2,200043
2024,1,34,网络与新媒体,C309,武昌首义学院,3,194839
2024,1,35,广播电视编导,C309,武昌首义学院,2,217700
2024,1,53,机械设计制造及其自动化,C309,武昌首义学院,2,284554
2024,1,01,投资学(金融方向),C310,武昌理工学院,2,217512
2024,1,04,汉语言文学,C310,武昌理工学院,2,192429
2024,1,09,机器人工程,C310,武昌理工学院,2,271995
2024,1,10,计算机科学与技术,C310,武昌理工学院,2,277362
2024,1,11,软件工程(科大讯飞精英班),C310,武昌理工学院,13,312293
2024,1,12,智能科学与技术(科大讯飞精英班),C310,武昌理工学院,8,315174
2024,1,13,数据科学与大数据技术(科大讯飞精英班),C310,武昌理工学院,11,309934
2024,1,14,土木工程,C310,武昌理工学院,2,296568
2024,1,16,生物工程,C310,武昌理工学院,2,288808
2024,1,21,护理学,C310,武昌理工学院,2,207430
2024,1,23,工商管理(精英班),C310,武昌理工学院,23,223275
2024,1,26,电子商务(腾讯云精英班),C310,武昌理工学院,2,217107
2024,1,01,学前教育(师范类),C331,山东女子学院,80,166224
2024,1,02,小学教育(师范类),C331,山东女子学院,65,146238
2024,1,03,应用心理学,C331,山东女子学院,40,162548
2024,1,04,社会工作,C331,山东女子学院,55,167683
2024,1,05,知识产权,C331,山东女子学院,80,132692
2024,1,06,养老服务管理,C331,山东女子学院,135,174838
2024,1,07,女性学,C331,山东女子学院,30,168769
2024,1,08,英语(仅招收英语语种考生),C331,山东女子学院,80,160290
2024,1,09,日语,C331,山东女子学院,40,177169
2024,1,11,商务英语(仅招收英语语种考生),C331,山东女子学院,90,174220
2024,1,12,会计学,C331,山东女子学院,95,137718
2024,1,13,财务管理,C331,山东女子学院,40,139850
2024,1,14,审计学,C331,山东女子学院,40,137571
2024,1,16,旅游管理,C331,山东女子学院,60,177645
2024,1,17,工商管理,C331,山东女子学院,70,160752
2024,1,19,市场营销,C331,山东女子学院,70,176622
2024,1,21,计算机科学与技术,C331,山东女子学院,120,215964
2024,1,22,数据科学与大数据技术,C331,山东女子学院,120,237628
2024,1,23,软件工程,C331,山东女子学院,115,228623
2024,1,24,人工智能,C331,山东女子学院,130,243665
2024,1,25,数字媒体技术,C331,山东女子学院,94,238901
2024,1,26,数据计算及应用,C331,山东女子学院,40,246178
2024,1,27,国际经济与贸易,C331,山东女子学院,65,170186
2024,1,28,金融学,C331,山东女子学院,80,163533
2024,1,30,金融工程,C331,山东女子学院,70,192082
2024,1,32,会展经济与管理,C331,山东女子学院,40,177509
2024,1,33,跨境电子商务,C331,山东女子学院,40,177490
2024,1,34,健康服务与管理,C331,山东女子学院,70,172852
2024,1,35,广播电视学,C331,山东女子学院,60,175066
2024,1,82,材料成型及控制工程,C332,烟台南山学院,35,313142
2024,1,83,测控技术与仪器,C332,烟台南山学院,11,303277
2024,1,84,车辆工程,C332,烟台南山学院,33,308244
2024,1,85,大数据管理与应用,C332,烟台南山学院,33,206322
2024,1,86,电气工程及其自动化,C332,烟台南山学院,36,281828
2024,1,87,电子信息工程,C332,烟台南山学院,26,297620
2024,1,88,纺织工程,C332,烟台南山学院,46,317453
2024,1,89,飞行器动力工程,C332,烟台南山学院,11,285690
2024,1,90,服装设计与工程,C332,烟台南山学院,29,208058
2024,1,91,复合材料与工程,C332,烟台南山学院,36,316623
2024,1,92,高分子材料与工程,C332,烟台南山学院,12,305568
2024,1,93,工程管理,C332,烟台南山学院,44,220787
2024,1,94,工商管理,C332,烟台南山学院,12,188402
2024,1,95,工业设计,C332,烟台南山学院,17,303275
2024,1,96,汉语国际教育,C332,烟台南山学院,14,194489
2024,1,98,化学工程与工艺,C332,烟台南山学院,32,298419
2024,1,99,会计学,C332,烟台南山学院,27,179799
2024,1,A1,机械设计制造及其自动化,C332,烟台南山学院,13,281506
2024,1,A2,计算机科学与技术,C332,烟台南山学院,29,281068
2024,1,A3,交通运输,C332,烟台南山学院,14,288432
2024,1,A4,金融工程,C332,烟台南山学院,51,220993
2024,1,A5,金属材料工程,C332,烟台南山学院,29,305522
2024,1,A7,旅游管理,C332,烟台南山学院,60,205225
2024,1,A8,人工智能,C332,烟台南山学院,16,298030
2024,1,A9,日语,C332,烟台南山学院,19,205315
2024,1,B1,软件工程,C332,烟台南山学院,37,298011
2024,1,B2,食品科学与工程,C332,烟台南山学院,10,303639
2024,1,B3,食品营养与健康,C332,烟台南山学院,15,312588
2024,1,B4,食品质量与安全,C332,烟台南山学院,18,312860
2024,1,B5,市场营销,C332,烟台南山学院,50,205071
2024,1,B6,数据科学与大数据技术,C332,烟台南山学院,19,308295
2024,1,B7,物联网工程,C332,烟台南山学院,35,310904
2024,1,B8,物流管理,C332,烟台南山学院,12,189847
2024,1,B9,英语,C332,烟台南山学院,15,191727
2024,1,C1,自动化,C332,烟台南山学院,20,285856
2024,1,C9,数据计算及应用,C332,烟台南山学院,20,307295
2024,1,D1,数字经济,C332,烟台南山学院,16,209429
2024,1,D2,计算金融,C332,烟台南山学院,19,226246
2024,1,D3,供应链管理,C332,烟台南山学院,10,200081
2024,1,D4,跨境电子商务,C332,烟台南山学院,18,207417
2024,1,06,汉语言文学,C362,武汉生物工程学院,6,189614
2024,1,08,英语,C362,武汉生物工程学院,2,203746
2024,1,10,生物技术,C362,武汉生物工程学院,2,269009
2024,1,13,医学检验技术,C362,武汉生物工程学院,2,291050
2024,1,15,药学,C362,武汉生物工程学院,2,266623
2024,1,18,护理学,C362,武汉生物工程学院,4,199637
2024,1,30,计算机科学与技术,C362,武汉生物工程学院,2,278751
2024,1,01,思想政治教育,C453,中国劳动关系学院,1,70306
2024,1,02,工会学,C453,中国劳动关系学院,2,93102
2024,1,04,人力资源管理,C453,中国劳动关系学院,5,82622
2024,1,05,工商管理,C453,中国劳动关系学院,4,79505
2024,1,06,法学,C453,中国劳动关系学院,6,42664
2024,1,07,经济学,C453,中国劳动关系学院,2,77063
2024,1,08,财务管理,C453,中国劳动关系学院,9,77630
2024,1,09,劳动经济学,C453,中国劳动关系学院,2,84055
2024,1,10,应用统计学,C453,中国劳动关系学院,2,104755
2024,1,11,劳动与社会保障,C453,中国劳动关系学院,4,76716
2024,1,12,行政管理,C453,中国劳动关系学院,2,89050
2024,1,13,政治学与行政学,C453,中国劳动关系学院,7,83891
2024,1,14,安全工程,C453,中国劳动关系学院,3,112645
2024,1,16,应急技术与管理,C453,中国劳动关系学院,2,114545
2024,1,17,社会工作,C453,中国劳动关系学院,9,93238
2024,1,18,社会学,C453,中国劳动关系学院,3,88082
2024,1,19,汉语言文学,C453,中国劳动关系学院,7,56651
2024,1,20,新闻学,C453,中国劳动关系学院,3,90840
2024,1,25,计算机科学与技术,C453,中国劳动关系学院,8,96170
2024,1,01,会计学(智能会计),C544,宁夏理工学院,3,198678
2024,1,02,财务管理(大数据财务),C544,宁夏理工学院,3,208135
2024,1,03,电子商务(数智电商),C544,宁夏理工学院,2,221610
2024,1,04,国际经济与贸易(数字贸易),C544,宁夏理工学院,2,202863
2024,1,05,金融学,C544,宁夏理工学院,2,204696
2024,1,06,农村区域发展,C544,宁夏理工学院,2,204979
2024,1,07,电气工程及其自动化,C544,宁夏理工学院,4,304009
2024,1,08,电子信息工程,C544,宁夏理工学院,3,292778
2024,1,09,自动化,C544,宁夏理工学院,2,275861
2024,1,10,物联网工程,C544,宁夏理工学院,2,283958
2024,1,11,机器人工程,C544,宁夏理工学院,2,283381
2024,1,12,计算机类,C544,宁夏理工学院,8,311999
2024,1,13,机械工程,C544,宁夏理工学院,2,286104
2024,1,15,能源与动力工程,C544,宁夏理工学院,2,272001
2024,1,16,材料成型及控制工程,C544,宁夏理工学院,2,281806
2024,1,17,汽车服务工程(智能网联汽车),C544,宁夏理工学院,2,284452
2024,1,19,安全工程,C544,宁夏理工学院,2,311381
2024,1,20,给排水科学与工程,C544,宁夏理工学院,3,314484
2024,1,21,智能建造,C544,宁夏理工学院,3,308927
2024,1,22,环境工程,C544,宁夏理工学院,2,293520
2024,1,24,制药工程(绿色智能制药),C544,宁夏理工学院,4,301083
2024,1,27,英语,C544,宁夏理工学院,3,203611
2024,1,28,日语,C544,宁夏理工学院,2,221315
2024,1,31,交通运输(航空物流),C544,宁夏理工学院,3,316752
2024,1,32,汉语言文学,C544,宁夏理工学院,3,192524
2024,1,33,学前教育,C544,宁夏理工学院,4,220312
2024,1,02,会计学,C560,云南经济管理学院,2,209208
2024,1,09,物联网工程,C560,云南经济管理学院,2,316644
2024,1,14,建筑学,C560,云南经济管理学院,2,223087
2024,1,18,数学与应用数学,C560,云南经济管理学院,2,288603
2024,1,28,护理学,C560,云南经济管理学院,2,203606
2024,1,01,软件工程,C574,广东东软学院,6,300194
2024,1,02,网络工程,C574,广东东软学院,5,312572
2024,1,0B,大数据管理与应用,C574,广东东软学院,5,247103
2024,1,X4,计算机科学与技术,C574,广东东软学院,5,308764
2024,1,13,汉语言文学,C587,上海立达学院,2,211147
2024,1,14,人工智能,C587,上海立达学院,4,305789
2024,1,15,计算机科学与技术,C587,上海立达学院,4,317431
2024,1,16,数据科学与大数据技术,C587,上海立达学院,4,318067
2024,1,02,软件工程,C618,广州软件学院,2,275958
2024,1,11,自动化,C618,广州软件学院,1,288060
2024,1,35,行政管理,C618,广州软件学院,1,217347
2024,1,42,国际经济与贸易,C618,广州软件学院,1,223455
2024,1,01,会计学,C619,广州南方学院,4,195932
2024,1,10,人力资源管理,C619,广州南方学院,2,210098
2024,1,14,经济学,C619,广州南方学院,3,219267
2024,1,15,国际经济与贸易,C619,广州南方学院,2,209092
2024,1,17,金融学,C619,广州南方学院,2,215470
2024,1,19,英语,C619,广州南方学院,3,227747
2024,1,27,电子商务,C619,广州南方学院,1,216216
2024,1,29,计算机科学与技术,C619,广州南方学院,1,238973
2024,1,30,软件工程,C619,广州南方学院,4,307425
2024,1,35,智能科学与技术,C619,广州南方学院,2,314637
2024,1,39,中药学,C619,广州南方学院,4,295321
2024,1,01,计算机类,C636,成都东软学院,10,310830
2024,1,02,人工智能,C636,成都东软学院,5,300523
2024,1,03,软件工程,C636,成都东软学院,5,288398
2024,1,04,信息工程,C636,成都东软学院,5,317350
2024,1,05,数据科学与大数据技术,C636,成都东软学院,5,286186
2024,1,06,信息管理与信息系统,C636,成都东软学院,5,210833
2024,1,07,电子商务,C636,成都东软学院,6,217811
2024,1,09,大数据管理与应用,C636,成都东软学院,5,218244
2024,1,0A,财务管理,C636,成都东软学院,6,201837
2024,1,0B,人力资源管理,C636,成都东软学院,6,209665
2024,1,0E,数字媒体技术,C636,成都东软学院,5,294142
2024,1,0G,虚拟现实技术,C636,成都东软学院,5,298268
2024,1,0H,商务英语,C636,成都东软学院,6,217688
2024,1,0J,英语,C636,成都东软学院,5,216598
2024,1,0K,日语,C636,成都东软学院,5,217066
2024,1,0L,医学信息工程,C636,成都东软学院,5,316672
2024,1,0N,智能医学工程,C636,成都东软学院,5,309824
2024,1,0P,医学影像技术,C636,成都东软学院,5,274594
2024,1,06,电气工程及其自动化,C649,湖南科技大学潇湘学院,1,233773
2024,1,07,电子信息工程,C649,湖南科技大学潇湘学院,1,243894
2024,1,0A,土木工程,C649,湖南科技大学潇湘学院,2,286276
2024,1,0C,英语(师范类),C649,湖南科技大学潇湘学院,1,191322
2024,1,0F,法学,C649,湖南科技大学潇湘学院,2,144310
2024,1,0G,汉语言文学(师范类),C649,湖南科技大学潇湘学院,1,177722
2024,1,06,土木工程,C650,南华大学船山学院,3,288355
2024,1,10,英语,C650,南华大学船山学院,2,202873
2024,1,05,会计学,C656,中南林业科技大学涉外学院,2,177190
2024,1,0A,国际商务,C656,中南林业科技大学涉外学院,2,202429
2024,1,0B,计算机科学与技术,C656,中南林业科技大学涉外学院,2,264806
2024,1,0F,人工智能,C656,中南林业科技大学涉外学院,2,261703
2024,1,0S,法学,C656,中南林业科技大学涉外学院,2,167119
2024,1,03,计算机科学与技术,C658,湖南理工学院南湖学院,3,270898
2024,1,0C,广告学,C658,湖南理工学院南湖学院,3,202499
2024,1,06,电气工程及其自动化,C689,东南大学成贤学院,2,221647
2024,1,07,机械设计制造及其自动化,C689,东南大学成贤学院,2,258375
2024,1,09,土木工程,C689,东南大学成贤学院,3,290787
2024,1,10,工程造价,C689,东南大学成贤学院,4,203763
2024,1,15,化学工程与工艺,C689,东南大学成贤学院,1,64921
2024,1,17,功能材料,C689,东南大学成贤学院,2,285915
2024,1,18,护理学,C689,东南大学成贤学院,2,194190
2024,1,19,药事管理,C689,东南大学成贤学院,4,205096
2024,1,03,物联网工程,C709,厦门华厦学院,2,288072
2024,1,04,制药工程,C709,厦门华厦学院,3,301251
2024,1,06,食品质量与安全,C709,厦门华厦学院,2,305777
2024,1,07,物流工程,C709,厦门华厦学院,4,232922
2024,1,08,金融学,C709,厦门华厦学院,3,211476
2024,1,02,金融学,C712,西安欧亚学院,5,225351
2024,1,16,数据科学与大数据技术,C712,西安欧亚学院,2,284292
2024,1,18,智能建造,C712,西安欧亚学院,5,310103
2024,1,21,工程造价,C712,西安欧亚学院,2,234656
2024,1,24,会计学,C712,西安欧亚学院,2,202706
2024,1,26,国际商务,C712,西安欧亚学院,2,224185
2024,1,29,体育经济与管理,C712,西安欧亚学院,2,232523
2024,1,30,供应链管理,C712,西安欧亚学院,2,214545
2024,1,34,广播电视编导,C712,西安欧亚学院,3,241160
2024,1,55,软件工程(中外合作办学),C712,西安欧亚学院,2,312058
2024,1,13,物流管理,C713,西安外事学院,7,220503
2024,1,14,英语,C713,西安外事学院,15,219926
2024,1,17,俄语,C713,西安外事学院,8,223020
2024,1,18,法语,C713,西安外事学院,8,221243
2024,1,19,日语,C713,西安外事学院,5,222531
2024,1,20,西班牙语,C713,西安外事学院,8,219148
2024,1,25,工商管理,C713,西安外事学院,2,202529
2024,1,30,经济与金融,C713,西安外事学院,18,220375
2024,1,33,旅游管理,C713,西安外事学院,10,229421
2024,1,D4,物联网工程,C713,西安外事学院,5,304433
2024,1,07,汉语国际教育,C714,西安翻译学院,20,221538
2024,1,10,德语,C714,西安翻译学院,23,242161
2024,1,11,法语,C714,西安翻译学院,23,238294
2024,1,12,西班牙语,C714,西安翻译学院,24,241778
2024,1,14,朝鲜语,C714,西安翻译学院,23,242893
2024,1,29,戏剧影视文学,C714,西安翻译学院,18,244880
2024,1,36,旅游管理,C714,西安翻译学院,20,234381
2024,1,10,英语,C715,西京学院,2,209985
2024,1,12,网络与新媒体,C715,西京学院,2,200664
2024,1,13,应用化学,C715,西京学院,2,278279
2024,1,20,电子信息工程,C715,西京学院,2,244221
2024,1,21,人工智能,C715,西京学院,2,293353
2024,1,33,大数据管理与应用,C715,西京学院,2,213051
2024,1,34,会计学,C715,西京学院,2,189425
2024,1,01,护理学,C729,齐齐哈尔工程学院,5,221047
2024,1,0E,计算机科学与技术,C729,齐齐哈尔工程学院,8,312843
2024,1,0F,电气工程及其自动化,C729,齐齐哈尔工程学院,10,295142
2024,1,0H,车辆工程,C729,齐齐哈尔工程学院,8,315068
2024,1,0N,电子商务,C729,齐齐哈尔工程学院,9,234596
2024,1,70,法学,C734,新疆警察学院,3,118171
2024,1,A8,数据科学与大数据技术,C734,新疆警察学院,7,249819
2024,1,AH,网络空间安全,C734,新疆警察学院,7,215686
2024,1,06,学前教育(师范类),C746,郑州科技学院,4,203252
2024,1,07,小学教育,C746,郑州科技学院,4,198785
2024,1,0P,机器人工程,C746,郑州科技学院,4,280726
2024,1,0Q,计算机科学与技术,C746,郑州科技学院,4,275768
2024,1,03,学前教育,C747,郑州工业应用技术学院,5,209336
2024,1,32,会计学,C747,郑州工业应用技术学院,5,187402
2024,1,A1,数控技术,C763,四川工程职业技术大学,4,193047
2024,1,A5,新能源汽车工程技术,C763,四川工程职业技术大学,4,190221
2024,1,A2,机器人工程,C766,江西工程学院,2,269287
2024,1,A7,计算机科学与技术,C766,江西工程学院,1,253617
2024,1,B1,区块链工程,C766,江西工程学院,1,290960
2024,1,B5,小学教育,C766,江西工程学院,2,203761
2024,1,B8,商务英语,C766,江西工程学院,2,217544
2024,1,D1,网络工程,C766,江西工程学院,2,288586
2024,1,02,工程管理,C779,山西应用科技学院,9,224751
2024,1,06,风景园林,C779,山西应用科技学院,10,212700
2024,1,08,新能源科学与工程,C779,山西应用科技学院,9,306110
2024,1,10,交通工程,C779,山西应用科技学院,9,315983
2024,1,15,大数据管理与应用,C779,山西应用科技学院,5,209431
2024,1,16,机器人工程,C779,山西应用科技学院,5,291041
2024,1,19,财务管理,C779,山西应用科技学院,10,194389
2024,1,21,审计学,C779,山西应用科技学院,10,194558
2024,1,22,物流管理,C779,山西应用科技学院,10,211815
2024,1,24,酒店管理,C779,山西应用科技学院,3,212808
2024,1,25,市场营销,C779,山西应用科技学院,10,210350
2024,1,31,戏剧影视文学,C784,河北传媒学院,8,240714
2024,1,32,广播电视编导,C784,河北传媒学院,10,239817
2024,1,33,影视技术,C784,河北传媒学院,5,249789
2024,1,38,中国语言文学类,C784,河北传媒学院,5,191255
2024,1,39,外国语言文学类,C784,河北传媒学院,3,200279
2024,1,40,新闻传播学类,C784,河北传媒学院,5,190897
2024,1,41,人工智能,C784,河北传媒学院,5,295309
2024,1,42,智能工程与创意设计,C784,河北传媒学院,5,316969
2024,1,43,计算机类,C784,河北传媒学院,5,293631
2024,1,44,文化产业管理,C784,河北传媒学院,3,207137
2024,1,45,电子商务,C784,河北传媒学院,3,209337
2024,1,46,会展经济与管理,C784,河北传媒学院,4,211894
2024,1,03,法学,C795,南昌理工学院,3,174751
2024,1,05,小学教育,C795,南昌理工学院,3,207268
2024,1,08,英语,C795,南昌理工学院,2,219828
2024,1,09,日语,C795,南昌理工学院,2,220254
2024,1,10,网络与新媒体,C795,南昌理工学院,8,217963
2024,1,13,智能制造工程,C795,南昌理工学院,3,302847
2024,1,16,电气工程及其自动化,C795,南昌理工学院,3,281473
2024,1,28,飞行器制造工程,C795,南昌理工学院,3,269406
2024,1,32,工程造价,C795,南昌理工学院,3,233354
2024,1,33,大数据管理与应用,C795,南昌理工学院,3,211304
2024,1,37,财务管理,C795,南昌理工学院,3,191153
2024,1,38,人力资源管理,C795,南昌理工学院,3,215214
2024,1,01,建筑学,C796,河北工程技术学院,3,219833
2024,1,02,风景园林,C796,河北工程技术学院,3,212600
2024,1,03,城乡规划,C796,河北工程技术学院,3,211569
2024,1,06,土木工程,C796,河北工程技术学院,3,304128
2024,1,17,网络空间安全,C796,河北工程技术学院,3,286058
2024,1,23,金融工程,C796,河北工程技术学院,3,220905
2024,1,27,电子信息工程,C796,河北工程技术学院,3,304741
2024,1,10,计算机科学与技术,C799,上海建桥学院,2,170639
2024,1,23,会计学,C799,上海建桥学院,2,172847
2024,1,40,日语,C799,上海建桥学院,2,204363
2024,1,15,机械设计制造及其自动化(中外合作办学),C799,上海建桥学院,2,274178
2024,1,00,车辆工程,C802,吉利学院,6,295583
2024,1,02,智能车辆工程,C802,吉利学院,5,303049
2024,1,03,新能源汽车工程,C802,吉利学院,10,309627
2024,1,04,机械设计制造及其自动化,C802,吉利学院,5,308433
2024,1,05,机器人工程,C802,吉利学院,3,316825
2024,1,06,计算机类,C802,吉利学院,9,308319
2024,1,08,物联网工程,C802,吉利学院,7,303682
2024,1,09,飞行器制造工程,C802,吉利学院,5,313264
2024,1,10,飞行器控制与信息工程,C802,吉利学院,6,286229
2024,1,11,大数据管理与应用,C802,吉利学院,6,241274
2024,1,16,财务管理,C802,吉利学院,6,215117
2024,1,17,人力资源管理,C802,吉利学院,4,221949
2024,1,19,物流管理,C802,吉利学院,2,230408
2024,1,20,电子商务,C802,吉利学院,3,234753
2024,1,24,英语,C802,吉利学院,4,227477
2024,1,26,广播电视编导,C802,吉利学院,6,240274
2024,1,03,物联网工程,C810,安徽文达信息工程学院,3,282157
2024,1,08,虚拟现实技术,C810,安徽文达信息工程学院,2,310297
2024,1,12,电气工程与智能控制,C810,安徽文达信息工程学院,4,314396
2024,1,15,机械设计制造及其自动化,C810,安徽文达信息工程学院,2,310630
2024,1,19,智能制造工程,C810,安徽文达信息工程学院,2,283189
2024,1,04,材料成型及控制工程,C843,潍坊科技学院,45,296862
2024,1,05,财务管理,C843,潍坊科技学院,91,186898
2024,1,06,车辆工程,C843,潍坊科技学院,43,296209
2024,1,07,电气工程及其自动化,C843,潍坊科技学院,49,269195
2024,1,08,电子信息科学与技术,C843,潍坊科技学院,49,284278
2024,1,09,高分子材料与工程,C843,潍坊科技学院,35,290708
2024,1,10,工程管理,C843,潍坊科技学院,65,213207
2024,1,11,工程造价,C843,潍坊科技学院,60,217594
2024,1,12,公共事业管理,C843,潍坊科技学院,45,197126
2024,1,13,国际商务,C843,潍坊科技学院,81,204687
2024,1,14,护理学,C843,潍坊科技学院,35,184106
2024,1,15,化学工程与工艺,C843,潍坊科技学院,20,286444
2024,1,16,环境工程,C843,潍坊科技学院,31,308765
2024,1,17,机器人工程,C843,潍坊科技学院,43,293029
2024,1,18,机械电子工程,C843,潍坊科技学院,42,287197
2024,1,19,机械设计制造及其自动化,C843,潍坊科技学院,17,271891
2024,1,20,计算机科学与技术,C843,潍坊科技学院,47,263688
2024,1,21,建筑学,C843,潍坊科技学院,45,202133
2024,1,22,金融工程,C843,潍坊科技学院,84,216846
2024,1,23,康复治疗学,C843,潍坊科技学院,90,297937
2024,1,24,农林经济管理,C843,潍坊科技学院,43,198990
2024,1,25,人力资源管理,C843,潍坊科技学院,75,194028
2024,1,26,日语,C843,潍坊科技学院,37,202690
2024,1,27,软件工程,C843,潍坊科技学院,125,294691
2024,1,28,设施农业科学与工程,C843,潍坊科技学院,37,312372
2024,1,29,社会工作,C843,潍坊科技学院,50,197460
2024,1,30,审计学,C843,潍坊科技学院,38,182654
2024,1,31,生物技术,C843,潍坊科技学院,76,317850
2024,1,32,食品质量与安全,C843,潍坊科技学院,41,301340
2024,1,33,市场营销,C843,潍坊科技学院,50,201749
2024,1,34,通信工程,C843,潍坊科技学院,50,295749
2024,1,35,土木工程,C843,潍坊科技学院,111,317645
2024,1,36,物联网工程,C843,潍坊科技学院,39,284227
2024,1,37,学前教育(师范类),C843,潍坊科技学院,35,194148
2024,1,38,艺术教育,C843,潍坊科技学院,45,212225
2024,1,39,英语,C843,潍坊科技学院,96,197456
2024,1,40,园林,C843,潍坊科技学院,48,201597
2024,1,41,园艺,C843,潍坊科技学院,22,317654
2024,1,42,种子科学与工程,C843,潍坊科技学院,100,318693
2024,1,43,智能制造工程,C843,潍坊科技学院,90,305047
2024,1,44,思想政治教育,C843,潍坊科技学院,90,189554
2024,1,45,汉语言文学,C843,潍坊科技学院,135,183973
2024,1,46,网络与新媒体,C843,潍坊科技学院,135,199754
2024,1,47,植物保护,C843,潍坊科技学院,90,318275
2024,1,49,应用化学,C843,潍坊科技学院,50,315464
2024,1,50,历史学,C843,潍坊科技学院,50,192139
2024,1,57,材料成型及控制工程,C911,哈尔滨职业技术大学,6,199933
2024,1,58,智能控制技术,C911,哈尔滨职业技术大学,5,198733
2024,1,59,食品营养与健康,C911,哈尔滨职业技术大学,6,202642
2024,1,60,制药工程技术,C911,哈尔滨职业技术大学,8,199644
2024,1,61,电子商务,C911,哈尔滨职业技术大学,5,184707
2024,1,31,数字媒体技术,C915,上海中侨职业技术大学,1,214140
2024,1,32,物联网工程技术,C915,上海中侨职业技术大学,1,231806
2024,1,33,大数据工程技术,C915,上海中侨职业技术大学,1,220160
2024,1,35,机器人技术,C915,上海中侨职业技术大学,1,224523
2024,1,36,智能制造工程技术,C915,上海中侨职业技术大学,1,223199
2024,1,37,汽车服务工程技术,C915,上海中侨职业技术大学,3,229744
2024,1,38,建筑工程,C915,上海中侨职业技术大学,1,257774
2024,1,39,工程造价,C915,上海中侨职业技术大学,1,239657
2024,1,40,食品质量与安全,C915,上海中侨职业技术大学,3,237591
2024,1,41,食品营养与健康,C915,上海中侨职业技术大学,2,269523
2024,1,42,合成生物技术,C915,上海中侨职业技术大学,1,239505
2024,1,50,护理,C915,上海中侨职业技术大学,3,197866
2024,1,51,现代物流管理,C915,上海中侨职业技术大学,2,229260
2024,1,52,金融科技应用,C915,上海中侨职业技术大学,2,212769
2024,1,53,大数据与会计,C915,上海中侨职业技术大学,2,207558
2024,1,54,企业数字化管理,C915,上海中侨职业技术大学,1,220506
2024,1,55,全媒体电商运营,C915,上海中侨职业技术大学,1,225106
2024,1,04,油气储运工程,C928,泉州职业技术大学,10,252480
2024,1,05,建筑设计,C928,泉州职业技术大学,5,235245
2024,1,08,机械设计制造及自动化,C928,泉州职业技术大学,5,234438
2024,1,10,智能网联汽车工程技术,C928,泉州职业技术大学,10,249232
2024,1,11,应用化工技术,C928,泉州职业技术大学,10,267494
2024,1,12,现代分析测试技术,C928,泉州职业技术大学,5,266502
2024,1,19,大数据与财务管理,C928,泉州职业技术大学,5,222607
2024,1,04,软件工程,C938,江西应用科技学院,8,317278
2024,1,08,土木工程,C938,江西应用科技学院,4,293572
2024,1,10,工程造价,C938,江西应用科技学院,2,250019
2024,1,12,国际经济与贸易,C938,江西应用科技学院,3,222344
2024,1,15,财务管理,C938,江西应用科技学院,5,215009
2024,1,20,健康服务与管理,C938,江西应用科技学院,5,219702
2024,1,22,学前教育,C938,江西应用科技学院,4,231903
2024,1,23,小学教育,C938,江西应用科技学院,5,214901
2024,1,38,宝石及材料工艺学,C938,江西应用科技学院,4,300269
2024,1,40,区块链工程,C938,江西应用科技学院,4,303086
2024,1,02,学前教育(师范类),D006,山东英才学院,75,237553
2024,1,03,机械设计制造及其自动化,D006,山东英才学院,50,317429
2024,1,04,网络与新媒体,D006,山东英才学院,15,219658
2024,1,05,电气工程及其自动化,D006,山东英才学院,35,318005
2024,1,06,智能制造工程,D006,山东英才学院,25,317270
2024,1,07,电子信息工程,D006,山东英才学院,32,313415
2024,1,08,计算机科学与技术,D006,山东英才学院,37,316735
2024,1,17,工商管理,D006,山东英才学院,15,215294
2024,1,18,财务管理,D006,山东英才学院,15,207702
2024,1,19,审计学,D006,山东英才学院,13,201070
2024,1,21,市场营销,D006,山东英才学院,20,237007
2024,1,22,物流管理,D006,山东英才学院,44,236306
2024,1,23,国际商务,D006,山东英才学院,32,237541
2024,1,24,金融工程,D006,山东英才学院,18,249964
2024,1,25,土木工程,D006,山东英才学院,35,317706
2024,1,31,护理学,D006,山东英才学院,64,222364
2024,1,32,康复治疗学,D006,山东英才学院,63,317506
2024,1,33,汽车服务工程,D006,山东英才学院,16,314299
2024,1,36,金融工程(国家留学基金委AISEC项目详见我校招生简章),D006,山东英才学院,100,316221
2024,1,39,数据科学与大数据技术,D006,山东英才学院,31,315037
2024,1,41,电子商务,D006,山东英才学院,40,237669
2024,1,42,工程造价,D006,山东英才学院,20,263897
2024,1,45,英语,D006,山东英才学院,17,222554
2024,1,46,商务英语,D006,山东英才学院,20,232821
2024,1,56,通信工程,D006,山东英才学院,24,317879
2024,1,57,智能车辆工程,D006,山东英才学院,34,312408
2024,1,0C,电气工程及其自动化,D015,青岛恒星科技学院,45,318552
2024,1,10,机械工程,D015,青岛恒星科技学院,35,317943
2024,1,11,车辆工程,D015,青岛恒星科技学院,35,317775
2024,1,13,机器人工程,D015,青岛恒星科技学院,55,318167
2024,1,15,软件工程,D015,青岛恒星科技学院,65,318187
2024,1,16,网络工程,D015,青岛恒星科技学院,60,318719
2024,1,17,人工智能,D015,青岛恒星科技学院,60,317961
2024,1,18,土木工程,D015,青岛恒星科技学院,43,317375
2024,1,19,工程造价,D015,青岛恒星科技学院,40,276525
2024,1,1B,金融工程,D015,青岛恒星科技学院,25,260549
2024,1,1C,人力资源管理,D015,青岛恒星科技学院,36,229334
2024,1,1D,工商管理,D015,青岛恒星科技学院,35,224168
2024,1,1E,国际商务,D015,青岛恒星科技学院,35,238240
2024,1,1F,物流工程,D015,青岛恒星科技学院,36,260114
2024,1,1G,酒店管理,D015,青岛恒星科技学院,45,240176
2024,1,1H,会展经济与管理,D015,青岛恒星科技学院,30,238201
2024,1,1J,旅游管理与服务教育,D015,青岛恒星科技学院,30,239731
2024,1,1K,汉语言文学,D015,青岛恒星科技学院,95,209158
2024,1,1L,社会工作,D015,青岛恒星科技学院,30,227679
2024,1,1M,汉语国际教育,D015,青岛恒星科技学院,70,230682
2024,1,1N,英语,D015,青岛恒星科技学院,40,235128
2024,1,1P,教育技术学,D015,青岛恒星科技学院,65,276123
2024,1,1Q,学前教育(师范类),D015,青岛恒星科技学院,30,232919
2024,1,1S,种子科学与工程,D015,青岛恒星科技学院,55,317595
2024,1,1T,智慧农业,D015,青岛恒星科技学院,30,312807
2024,1,1V,健康服务与管理,D015,青岛恒星科技学院,10,225281
2024,1,1W,护理学,D015,青岛恒星科技学院,70,225031
2024,1,1X,网络与新媒体,D015,青岛恒星科技学院,45,228865
2024,1,1Y,旅游管理,D015,青岛恒星科技学院,30,238186
2024,1,1Z,中国语言与文化,D015,青岛恒星科技学院,35,225315
2024,1,20,印刷工程,D015,青岛恒星科技学院,40,315381
2024,1,21,数字人文,D015,青岛恒星科技学院,30,238107
2024,1,22,会计学,D015,青岛恒星科技学院,40,211412
2024,1,23,工程管理,D015,青岛恒星科技学院,50,277477
2024,1,24,智能装备与系统,D015,青岛恒星科技学院,50,318335
2024,1,02,计算机科学与技术,D021,浙大城市学院,8,77366
2024,1,03,软件工程,D021,浙大城市学院,10,79097
2024,1,04,应用统计学,D021,浙大城市学院,4,97199
2024,1,05,电子科学与技术,D021,浙大城市学院,4,91875
2024,1,06,电子信息工程,D021,浙大城市学院,6,87371
2024,1,07,自动化,D021,浙大城市学院,10,88134
2024,1,10,机械电子工程,D021,浙大城市学院,10,103588
2024,1,11,智能制造工程,D021,浙大城市学院,4,93867
2024,1,12,智能建造,D021,浙大城市学院,10,178586
2024,1,14,药学,D021,浙大城市学院,10,144203
2024,1,18,数字经济,D021,浙大城市学院,4,103728
2024,1,20,财务管理,D021,浙大城市学院,2,64353
2024,1,21,工商管理,D021,浙大城市学院,3,80818
2024,1,29,英语,D021,浙大城市学院,5,99639
2024,1,38,广播电视编导,D075,河北美术学院,5,242205
2024,1,11,工程管理,D115,厦门工学院,3,259433
2024,1,12,工程造价,D115,厦门工学院,2,253087
2024,1,08,教育学(师范类),D121,西安思源学院,2,197066
2024,1,12,中国语言文学类,D121,西安思源学院,2,185784
2024,1,23,建筑学,D121,西安思源学院,2,211254
2024,1,29,财务管理,D121,西安思源学院,2,196403
2024,1,30,电子商务,D121,西安思源学院,2,215414
2024,1,11,财务管理,D123,陕西国际商贸学院,2,200018
2024,1,17,中药学,D123,陕西国际商贸学院,3,295336
2024,1,19,护理学,D123,陕西国际商贸学院,3,208583
2024,1,27,汉语言文学,D123,陕西国际商贸学院,3,199533
2024,1,30,学前教育(师范类),D123,陕西国际商贸学院,3,212826
2024,1,07,计算机科学与技术,D125,陕西服装工程学院,5,306222
2024,1,12,服装设计与工程,D125,陕西服装工程学院,3,239105
2024,1,15,工程造价,D125,陕西服装工程学院,5,264262
2024,1,17,会计学,D125,陕西服装工程学院,2,210241
2024,1,14,商务英语,D188,武汉晴川学院,2,213794
2024,1,17,电子商务,D188,武汉晴川学院,3,213139
2024,1,1B,软件工程,D198,大连理工大学城市学院,3,291073
2024,1,1E,数据科学与大数据技术,D198,大连理工大学城市学院,2,303637
2024,1,2D,自动化,D198,大连理工大学城市学院,3,288452
2024,1,2E,物联网工程,D198,大连理工大学城市学院,2,300197
2024,1,3B,大数据管理与应用,D198,大连理工大学城市学院,2,212673
2024,1,5A,英语,D198,大连理工大学城市学院,2,204336
2024,1,6C,网络与新媒体,D198,大连理工大学城市学院,1,205021
2024,1,A6,智能制造工程,D201,沈阳工学院,4,307428
2024,1,B1,会计学,D201,沈阳工学院,4,207681
2024,1,C3,计算机类,D201,沈阳工学院,8,292970
2024,1,D4,风景园林,D201,沈阳工学院,3,229065
2024,1,E5,水利水电工程,D201,沈阳工学院,2,300020
2024,1,X1,学前教育,D201,沈阳工学院,2,222700
2024,1,01,法学,D215,辽宁师范大学海华学院,2,184912
2024,1,02,思想政治教育,D215,辽宁师范大学海华学院,1,192292
2024,1,03,学前教育,D215,辽宁师范大学海华学院,1,210226
2024,1,04,汉语言文学,D215,辽宁师范大学海华学院,3,189518
2024,1,06,英语,D215,辽宁师范大学海华学院,2,207454
2024,1,07,日语,D215,辽宁师范大学海华学院,1,212510
2024,1,10,网络与新媒体,D215,辽宁师范大学海华学院,1,203136
2024,1,11,计算机科学与技术,D215,辽宁师范大学海华学院,4,297751
2024,1,13,数据科学与大数据技术,D215,辽宁师范大学海华学院,1,301311
2024,1,14,会计学,D215,辽宁师范大学海华学院,1,184505
2024,1,22,小学教育,D215,辽宁师范大学海华学院,1,196705
2024,1,23,数学与应用数学,D215,辽宁师范大学海华学院,1,302574
2024,1,24,软件工程,D215,辽宁师范大学海华学院,1,279126
2024,1,13,机器人工程,D220,沈阳城市学院,2,291920
2024,1,23,医学检验技术,D220,沈阳城市学院,2,273557
2024,1,33,旅游管理,D220,沈阳城市学院,4,243139
2024,1,43,广播电视编导,D220,沈阳城市学院,2,248209
2024,1,02,汉语言文学(教育、对外教学、写作方向),D234,湖北大学知行学院,1,177431
2024,1,05,旅游管理(会展商务旅游、涉外饭店管理方向),D234,湖北大学知行学院,1,200839
2024,1,07,广播电视编导,D234,湖北大学知行学院,3,215784
2024,1,0F,工程管理,D234,湖北大学知行学院,1,211039
2024,1,0T,应用化学(新能源材料方向),D234,湖北大学知行学院,1,263549
2024,1,0V,英语(教育、翻译方向),D234,湖北大学知行学院,1,197551
2024,1,0W,商务英语,D234,湖北大学知行学院,1,202448
2024,1,11,机械设计制造及其自动化,D234,湖北大学知行学院,1,273692
2024,1,14,食品科学与工程类,D234,湖北大学知行学院,1,278188
2024,1,15,国际经济与贸易(国际贸易实务、跨境电商方向),D234,湖北大学知行学院,1,198698
2024,1,06,会计学,D235,武汉城市学院,1,182367
2024,1,14,工程造价,D235,武汉城市学院,1,210596
2024,1,22,电气工程及其自动化,D235,武汉城市学院,1,239367
2024,1,03,法学,D236,三峡大学科技学院,2,164733
2024,1,16,电气工程及其自动化(含电力系统、输电线路工程方向),D236,三峡大学科技学院,2,251568
2024,1,22,水利水电工程,D236,三峡大学科技学院,2,282028
2024,1,31,临床医学,D236,三峡大学科技学院,4,162335
2024,1,01,机械设计制造及其自动化,D238,湖北工业大学工程技术学院,8,287359
2024,1,06,电气工程及其自动化,D238,湖北工业大学工程技术学院,5,273308
2024,1,14,土木工程,D238,湖北工业大学工程技术学院,7,307825
2024,1,18,金融学,D238,湖北工业大学工程技术学院,3,199174
2024,1,21,财务管理,D238,湖北工业大学工程技术学院,3,194551
2024,1,24,英语,D238,湖北工业大学工程技术学院,3,206529
2024,1,09,过程装备与控制工程(数字化制造方向),D239,武汉工程大学邮电与信息工程学院,4,317487
2024,1,14,通信工程,D239,武汉工程大学邮电与信息工程学院,8,291519
2024,1,15,通信工程(移动通信方向),D239,武汉工程大学邮电与信息工程学院,7,307638
2024,1,25,土木工程(道路与桥梁工程方向),D239,武汉工程大学邮电与信息工程学院,7,316924
2024,1,29,制药工程(生物医药方向),D239,武汉工程大学邮电与信息工程学院,4,316056
2024,1,01,国际经济与贸易,D240,武汉纺织大学外经贸学院,2,205875
2024,1,02,英语,D240,武汉纺织大学外经贸学院,2,212450
2024,1,11,数据科学与大数据技术,D240,武汉纺织大学外经贸学院,1,283264
2024,1,12,大数据管理与应用,D240,武汉纺织大学外经贸学院,1,213405
2024,1,17,物流管理,D240,武汉纺织大学外经贸学院,2,212477
2024,1,19,跨境电子商务,D240,武汉纺织大学外经贸学院,1,219726
2024,1,03,学前教育,D241,武昌工学院,5,222415
2024,1,14,机器人工程,D241,武昌工学院,4,316819
2024,1,22,工程造价,D241,武昌工学院,4,238125
2024,1,27,财务管理(大数据财务分析与决策方向),D241,武昌工学院,5,204127
2024,1,31,机械设计制造及其自动化(高端智能制造装备技术方向),D241,武昌工学院,4,299111
2024,1,01,工商管理(智能商务与创新管理精英班),D242,武汉工商学院,3,199747
2024,1,03,人力资源管理(智能人力精英班),D242,武汉工商学院,2,199927
2024,1,05,会计学(智能注册会计师精英班),D242,武汉工商学院,2,182329
2024,1,08,金融学(智能投资与理财、科技金融与大数据),D242,武汉工商学院,2,203559
2024,1,10,英语(AI翻译与跨境电商、跨文化与英语学科教学),D242,武汉工商学院,2,210005
2024,1,13,新闻学,D242,武汉工商学院,2,207880
2024,1,14,广告学,D242,武汉工商学院,2,207389
2024,1,15,网络与新媒体,D242,武汉工商学院,2,224096
2024,1,16,电子商务,D242,武汉工商学院,2,212260
2024,1,19,物流管理(智慧物流),D242,武汉工商学院,2,227851
2024,1,21,物流工程(数字供应链),D242,武汉工商学院,2,224864
2024,1,31,微电子科学与工程,D242,武汉工商学院,2,281714
2024,1,41,机械电子工程(机电创新实验班),D242,武汉工商学院,2,280869
2024,1,42,机器人工程(卓越智能实验班),D242,武汉工商学院,2,295838
2024,1,43,数字经济(数字媒体运营、商务大数据分析),D242,武汉工商学院,2,206841
2024,1,44,大数据管理与应用,D242,武汉工商学院,2,211655
2024,1,58,人工智能,D242,武汉工商学院,2,266554
2024,1,01,机械设计制造及其自动化,D245,荆州学院,5,312302
2024,1,08,工程管理,D245,荆州学院,5,235913
2024,1,09,工程造价,D245,荆州学院,5,234563
2024,1,10,口腔医学技术,D245,荆州学院,3,267111
2024,1,11,护理学,D245,荆州学院,4,231016
2024,1,12,康复治疗学,D245,荆州学院,3,281197
2024,1,16,石油工程,D245,荆州学院,4,312485
2024,1,17,新能源科学与工程,D245,荆州学院,5,310379
2024,1,20,高分子材料与工程,D245,荆州学院,3,314492
2024,1,23,计算机科学与技术,D245,荆州学院,5,314885
2024,1,26,数学与应用数学,D245,荆州学院,2,281638
2024,1,27,工商管理,D245,荆州学院,3,209898
2024,1,29,电子商务,D245,荆州学院,3,215177
2024,1,30,财务管理,D245,荆州学院,3,202589
2024,1,31,跨境电子商务,D245,荆州学院,4,220213
2024,1,37,小学教育,D245,荆州学院,3,200298
2024,1,01,临床医学,D249,湖北医药学院药护学院,3,151822
2024,1,02,麻醉学,D249,湖北医药学院药护学院,4,180702
2024,1,0X,财务管理,D250,湖北恩施学院,10,204851
2024,1,03,金融学(AFP资格创新班),D251,湖北经济学院法商学院,3,199279
2024,1,05,会计学(注册会计师),D251,湖北经济学院法商学院,4,189289
2024,1,0N,法学(经济法),D251,湖北经济学院法商学院,3,184282
2024,1,02,经济学,D253,武汉体育学院体育科技学院,2,194713
2024,1,0B,新闻学,D253,武汉体育学院体育科技学院,2,197201
2024,1,0R,广播电视编导,D253,武汉体育学院体育科技学院,2,212859
2024,1,1A,学前教育(师范类),D256,湖北师范大学文理学院,1,176609
2024,1,1C,汉语言文学(师范类),D256,湖北师范大学文理学院,1,164945
2024,1,1D,英语(师范类),D256,湖北师范大学文理学院,1,184917
2024,1,1J,商务英语,D256,湖北师范大学文理学院,1,191078
2024,1,1K,电气工程及其自动化,D256,湖北师范大学文理学院,1,279802
2024,1,1P,软件工程,D256,湖北师范大学文理学院,1,256847
2024,1,1R,数据科学与大数据技术,D256,湖北师范大学文理学院,1,271791
2024,1,1V,智能科学与技术,D256,湖北师范大学文理学院,1,292269
2024,1,02,养老服务管理,D257,湖北文理学院理工学院,1,191799
2024,1,05,汉语言文学,D257,湖北文理学院理工学院,2,177103
2024,1,06,学前教育,D257,湖北文理学院理工学院,1,195110
2024,1,17,计算机科学与技术,D257,湖北文理学院理工学院,1,243992
2024,1,19,土木工程,D257,湖北文理学院理工学院,1,296051
2024,1,02,软件工程,D262,文华学院,2,286528
2024,1,03,通信工程,D262,文华学院,2,302664
2024,1,05,光电信息科学与工程,D262,文华学院,2,297956
2024,1,06,物联网工程,D262,文华学院,2,283658
2024,1,07,机械设计制造及其自动化,D262,文华学院,2,288022
2024,1,08,电气工程及其自动化,D262,文华学院,2,267394
2024,1,12,机器人工程,D262,文华学院,2,284444
2024,1,14,土木工程,D262,文华学院,2,304974
2024,1,15,建筑学,D262,文华学院,4,213595
2024,1,16,城乡规划,D262,文华学院,2,212634
2024,1,17,给排水科学与工程,D262,文华学院,2,305210
2024,1,19,工程管理,D262,文华学院,2,228347
2024,1,20,建筑环境与能源应用工程,D262,文华学院,2,290857
2024,1,26,工商管理,D262,文华学院,4,206699
2024,1,28,会计学,D262,文华学院,2,181535
2024,1,30,国际经济与贸易,D262,文华学院,4,219634
2024,1,37,日语,D262,文华学院,2,217987
2024,1,15,机械工程,D275,浙江工业大学之江学院,5,280252
2024,1,01,机械设计制造及其自动化,D283,浙江农林大学暨阳学院,3,272600
2024,1,02,计算机科学与技术,D283,浙江农林大学暨阳学院,2,271455
2024,1,01,英语,D284,温州医科大学仁济学院,3,189917
2024,1,02,日语,D284,温州医科大学仁济学院,2,204441
2024,1,04,临床医学,D284,温州医科大学仁济学院,4,143402
2024,1,05,麻醉学,D284,温州医科大学仁济学院,1,142393
2024,1,06,口腔医学,D284,温州医科大学仁济学院,1,39225
2024,1,08,药学,D284,温州医科大学仁济学院,2,285645
2024,1,10,法医学,D284,温州医科大学仁济学院,1,171746
2024,1,11,医学检验技术,D284,温州医科大学仁济学院,3,270816
2024,1,15,护理学,D284,温州医科大学仁济学院,3,184129
2024,1,29,英语,D287,湖州学院,5,152928
2024,1,01,工商管理,D290,浙江工商大学杭州商学院,2,192482
2024,1,02,市场营销,D290,浙江工商大学杭州商学院,2,184798
2024,1,03,人力资源管理,D290,浙江工商大学杭州商学院,2,187336
2024,1,04,旅游管理,D290,浙江工商大学杭州商学院,2,195380
2024,1,06,会计学,D290,浙江工商大学杭州商学院,4,165963
2024,1,07,财务管理,D290,浙江工商大学杭州商学院,2,170043
2024,1,10,应用统计学,D290,浙江工商大学杭州商学院,3,247268
2024,1,11,金融学,D290,浙江工商大学杭州商学院,4,185556
2024,1,12,互联网金融,D290,浙江工商大学杭州商学院,3,192755
2024,1,14,跨境电子商务,D290,浙江工商大学杭州商学院,4,199598
2024,1,15,数字经济,D290,浙江工商大学杭州商学院,2,205619
2024,1,19,计算机科学与技术,D290,浙江工商大学杭州商学院,4,251138
2024,1,20,电子商务,D290,浙江工商大学杭州商学院,2,192080
2024,1,21,物联网工程,D290,浙江工商大学杭州商学院,2,251504
2024,1,22,供应链管理,D290,浙江工商大学杭州商学院,3,197735
2024,1,23,英语,D290,浙江工商大学杭州商学院,4,195904
2024,1,20,机械设计制造及其自动化,D291,嘉兴南湖学院,1,140529
2024,1,21,智能制造工程,D291,嘉兴南湖学院,1,145396
2024,1,22,电气工程及其自动化,D291,嘉兴南湖学院,1,126184
2024,1,24,电子信息工程,D291,嘉兴南湖学院,2,138484
2024,1,28,工业设计,D291,嘉兴南湖学院,1,155427
2024,1,31,土木工程,D291,嘉兴南湖学院,1,209594
2024,1,32,工程管理,D291,嘉兴南湖学院,1,156776
2024,1,33,工程造价,D291,嘉兴南湖学院,1,155514
2024,1,34,化学工程与工艺,D291,嘉兴南湖学院,1,171229
2024,1,01,自动化,D292,中国计量大学现代科技学院,1,189617
2024,1,08,测控技术与仪器,D292,中国计量大学现代科技学院,1,216199
2024,1,01,小学教育,D296,黑龙江外国语学院,15,229732
2024,1,08,意大利语,D296,黑龙江外国语学院,5,245323
2024,1,40,翻译(俄语方向),D296,黑龙江外国语学院,5,233068
2024,1,05,石油工程,D299,哈尔滨石油学院,3,273417
2024,1,08,化学工程与工艺,D299,哈尔滨石油学院,3,289927
2024,1,33,广播电视编导,D299,哈尔滨石油学院,4,242366
2024,1,11,会计学,D300,黑龙江工商学院,7,207861
2024,1,24,交通运输,D300,黑龙江工商学院,5,293838
2024,1,0G,工程造价,D303,哈尔滨剑桥学院,15,265529
2024,1,0H,工程管理,D303,哈尔滨剑桥学院,15,269333
2024,1,01,英语,D304,黑龙江工程学院昆仑旅游学院,35,238116
2024,1,02,商务英语,D304,黑龙江工程学院昆仑旅游学院,25,240478
2024,1,03,计算机科学与技术,D304,黑龙江工程学院昆仑旅游学院,40,317761
2024,1,04,数字媒体技术,D304,黑龙江工程学院昆仑旅游学院,10,310071
2024,1,05,市场营销,D304,黑龙江工程学院昆仑旅游学院,30,238977
2024,1,06,财务管理,D304,黑龙江工程学院昆仑旅游学院,20,216674
2024,1,07,文化产业管理,D304,黑龙江工程学院昆仑旅游学院,10,228103
2024,1,08,跨境电子商务,D304,黑龙江工程学院昆仑旅游学院,25,240340
2024,1,09,健康服务与管理,D304,黑龙江工程学院昆仑旅游学院,10,233942
2024,1,0A,旅游管理,D304,黑龙江工程学院昆仑旅游学院,20,240460
2024,1,0B,酒店管理,D304,黑龙江工程学院昆仑旅游学院,15,240529
2024,1,0C,会展经济与管理,D304,黑龙江工程学院昆仑旅游学院,20,234358
2024,1,01,新能源汽车工程(英才班),D307,哈尔滨华德学院,5,298747
2024,1,01,经济统计学,D320,青岛黄海学院,62,238741
2024,1,02,金融科技,D320,青岛黄海学院,72,248656
2024,1,03,国际经济与贸易,D320,青岛黄海学院,62,219855
2024,1,04,学前教育(师范类),D320,青岛黄海学院,133,229716
2024,1,05,汉语言文学,D320,青岛黄海学院,40,200290
2024,1,06,日语,D320,青岛黄海学院,77,235639
2024,1,07,商务英语,D320,青岛黄海学院,72,227835
2024,1,08,机械设计制造及其自动化,D320,青岛黄海学院,70,318757
2024,1,09,车辆工程,D320,青岛黄海学院,31,316997
2024,1,10,智能制造工程,D320,青岛黄海学院,62,318176
2024,1,11,智能交互设计,D320,青岛黄海学院,16,308508
2024,1,12,电气工程及其自动化,D320,青岛黄海学院,85,318387
2024,1,13,电子信息工程,D320,青岛黄海学院,64,317599
2024,1,14,人工智能,D320,青岛黄海学院,51,318073
2024,1,15,机器人工程,D320,青岛黄海学院,67,317385
2024,1,16,计算机科学与技术,D320,青岛黄海学院,123,317305
2024,1,17,物联网工程,D320,青岛黄海学院,40,315271
2024,1,18,数据科学与大数据技术,D320,青岛黄海学院,33,314893
2024,1,19,虚拟现实技术,D320,青岛黄海学院,58,318017
2024,1,20,土木工程,D320,青岛黄海学院,75,316833
2024,1,21,智能建造,D320,青岛黄海学院,73,318001
2024,1,22,船舶与海洋工程,D320,青岛黄海学院,65,317073
2024,1,23,康复治疗学,D320,青岛黄海学院,10,278836
2024,1,25,护理学,D320,青岛黄海学院,101,213736
2024,1,26,工程管理,D320,青岛黄海学院,61,263973
2024,1,27,工程造价,D320,青岛黄海学院,56,262999
2024,1,28,市场营销,D320,青岛黄海学院,35,226448
2024,1,29,会计学,D320,青岛黄海学院,42,197425
2024,1,30,财务管理,D320,青岛黄海学院,65,206353
2024,1,31,国际商务,D320,青岛黄海学院,65,229844
2024,1,32,物流管理,D320,青岛黄海学院,65,229925
2024,1,33,电子商务,D320,青岛黄海学院,40,220155
2024,1,34,酒店管理,D320,青岛黄海学院,19,232072
2024,1,Y3,影视摄影与制作,D320,青岛黄海学院,30,234392
2024,1,01,医学检验技术,D322,山东现代学院,13,302316
2024,1,02,康复治疗学,D322,山东现代学院,18,304930
2024,1,03,药学,D322,山东现代学院,19,315568
2024,1,04,中药制药,D322,山东现代学院,17,318537
2024,1,05,中药学,D322,山东现代学院,17,308377
2024,1,06,护理学,D322,山东现代学院,15,213013
2024,1,07,助产学,D322,山东现代学院,16,231247
2024,1,08,学前教育(师范类),D322,山东现代学院,13,205274
2024,1,09,汉语国际教育,D322,山东现代学院,14,206969
2024,1,10,市场营销,D322,山东现代学院,12,221114
2024,1,11,财务管理,D322,山东现代学院,12,197207
2024,1,15,计算机科学与技术,D322,山东现代学院,14,301148
2024,1,16,人工智能,D322,山东现代学院,16,315375
2024,1,17,数据科学与大数据技术,D322,山东现代学院,17,310919
2024,1,18,电子信息工程,D322,山东现代学院,17,317430
2024,1,19,数字媒体技术,D322,山东现代学院,13,295757
2024,1,20,汽车服务工程,D322,山东现代学院,14,312561
2024,1,21,交通运输,D322,山东现代学院,12,317714
2024,1,22,土木工程,D322,山东现代学院,16,318106
2024,1,23,网络工程,D322,山东现代学院,19,317897
2024,1,24,工程造价,D322,山东现代学院,18,247735
2024,1,25,物流管理,D322,山东现代学院,18,221018
2024,1,03,汽车服务工程,D324,山东协和学院,39,318750
2024,1,06,自动化,D324,山东协和学院,38,307909
2024,1,07,土木工程,D324,山东协和学院,40,317221
2024,1,08,电气工程及其自动化,D324,山东协和学院,35,289380
2024,1,09,工程造价,D324,山东协和学院,36,231178
2024,1,10,智能制造工程,D324,山东协和学院,44,315932
2024,1,11,护理学,D324,山东协和学院,92,197949
2024,1,12,助产学,D324,山东协和学院,20,211233
2024,1,13,计算机科学与技术,D324,山东协和学院,49,297668
2024,1,14,网络工程,D324,山东协和学院,41,315514
2024,1,15,物联网工程,D324,山东协和学院,39,317344
2024,1,16,软件工程,D324,山东协和学院,34,317899
2024,1,17,数字媒体技术,D324,山东协和学院,39,315656
2024,1,18,人工智能,D324,山东协和学院,48,317588
2024,1,19,工程管理,D324,山东协和学院,45,237489
2024,1,20,电子信息工程,D324,山东协和学院,40,317262
2024,1,21,机械电子工程,D324,山东协和学院,43,317587
2024,1,22,数据科学与大数据技术,D324,山东协和学院,49,318049
2024,1,23,学前教育(师范类),D324,山东协和学院,34,212638
2024,1,24,英语,D324,山东协和学院,61,208515
2024,1,25,机械设计制造及其自动化,D324,山东协和学院,44,317586
2024,1,26,旅游管理,D324,山东协和学院,75,217773
2024,1,27,酒店管理,D324,山东协和学院,43,218978
2024,1,28,会计学,D324,山东协和学院,33,186105
2024,1,29,市场营销,D324,山东协和学院,51,214386
2024,1,30,财务管理,D324,山东协和学院,53,192251
2024,1,31,电子商务,D324,山东协和学院,32,209910
2024,1,32,审计学,D324,山东协和学院,31,191469
2024,1,33,康复治疗学,D324,山东协和学院,110,318012
2024,1,34,医学影像技术,D324,山东协和学院,66,314796
2024,1,35,医学检验技术,D324,山东协和学院,108,316810
2024,1,36,中药学,D324,山东协和学院,21,317705
2024,1,37,口腔医学,D324,山东协和学院,20,190937
2024,1,38,金融科技,D324,山东协和学院,40,227651
2024,1,39,虚拟现实技术,D324,山东协和学院,70,317432
2024,1,40,智能建造,D324,山东协和学院,70,318266
2024,1,41,智能影像工程,D324,山东协和学院,70,318117
2024,1,5C,数学类,D325,宁夏大学新华学院,1,281252
2024,1,5E,化学工程与工艺,D325,宁夏大学新华学院,1,288079
2024,1,0G,汉语言文学,D326,滇池学院,3,192376
2024,1,0L,日语,D326,滇池学院,2,217674
2024,1,0N,数学与应用数学,D326,滇池学院,2,316838
2024,1,0Q,通信工程,D326,滇池学院,2,291374
2024,1,0R,人工智能,D326,滇池学院,2,296441
2024,1,0Z,工程造价,D326,滇池学院,2,229804
2024,1,10,建筑学,D326,滇池学院,1,210532
2024,1,11,会计学,D326,滇池学院,2,199476
2024,1,21,经济学,D326,滇池学院,2,212412
2024,1,26,创业管理,D326,滇池学院,2,230143
2024,1,25,电子信息工程,D328,丽江文化旅游学院,2,315481
2024,1,28,软件工程,D328,丽江文化旅游学院,2,309624
2024,1,29,数据科学与大数据技术,D328,丽江文化旅游学院,2,315007
2024,1,30,人工智能,D328,丽江文化旅游学院,2,286694
2024,1,01,临床医学,D332,昆明医科大学海源学院,3,166648
2024,1,02,口腔医学,D332,昆明医科大学海源学院,2,108438
2024,1,44,建筑设计,D356,山东工程职业技术大学,50,227908
2024,1,46,智能建造工程,D356,山东工程职业技术大学,60,276061
2024,1,47,工程造价,D356,山东工程职业技术大学,60,265342
2024,1,48,建设工程管理,D356,山东工程职业技术大学,61,274394
2024,1,49,机械设计制造及自动化,D356,山东工程职业技术大学,50,239776
2024,1,4C,机器人技术,D356,山东工程职业技术大学,57,258764
2024,1,4D,汽车工程技术,D356,山东工程职业技术大学,49,268807
2024,1,4H,电子信息工程技术,D356,山东工程职业技术大学,114,257660
2024,1,4J,物联网工程技术,D356,山东工程职业技术大学,98,273666
2024,1,4K,软件工程技术,D356,山东工程职业技术大学,49,235930
2024,1,4L,大数据工程技术,D356,山东工程职业技术大学,74,269991
2024,1,4N,现代通信工程,D356,山东工程职业技术大学,56,253493
2024,1,4Q,金融科技应用,D356,山东工程职业技术大学,57,237571
2024,1,4S,大数据与会计,D356,山东工程职业技术大学,40,207516
2024,1,4T,企业数字化管理,D356,山东工程职业技术大学,40,225493
2024,1,4U,市场营销,D356,山东工程职业技术大学,43,229717
2024,1,4V,电子商务,D356,山东工程职业技术大学,60,227368
2024,1,02,经济与金融,D359,烟台理工学院,52,210239
2024,1,03,会计学,D359,烟台理工学院,79,190890
2024,1,04,财务管理,D359,烟台理工学院,51,194623
2024,1,05,审计学,D359,烟台理工学院,46,194865
2024,1,07,工商管理,D359,烟台理工学院,45,205912
2024,1,08,市场营销,D359,烟台理工学院,52,217390
2024,1,09,跨境电子商务,D359,烟台理工学院,50,219741
2024,1,11,人力资源管理,D359,烟台理工学院,86,210357
2024,1,12,法学,D359,烟台理工学院,117,182016
2024,1,13,汉语言文学,D359,烟台理工学院,77,187022
2024,1,14,新闻学,D359,烟台理工学院,49,207884
2024,1,15,网络与新媒体,D359,烟台理工学院,93,208817
2024,1,16,英语,D359,烟台理工学院,95,214216
2024,1,17,商务英语,D359,烟台理工学院,38,215276
2024,1,18,日语,D359,烟台理工学院,31,215362
2024,1,20,机械设计制造及其自动化,D359,烟台理工学院,92,317859
2024,1,21,机械电子工程,D359,烟台理工学院,47,315616
2024,1,22,车辆工程,D359,烟台理工学院,44,309760
2024,1,23,智能制造工程,D359,烟台理工学院,100,317141
2024,1,24,通信工程,D359,烟台理工学院,50,318068
2024,1,25,电子信息科学与技术,D359,烟台理工学院,52,314286
2024,1,26,计算机科学与技术,D359,烟台理工学院,87,317809
2024,1,27,软件工程,D359,烟台理工学院,92,317746
2024,1,28,物联网工程,D359,烟台理工学院,49,315224
2024,1,29,自动化,D359,烟台理工学院,47,300477
2024,1,30,人工智能,D359,烟台理工学院,82,318202
2024,1,31,机器人工程,D359,烟台理工学院,52,317939
2024,1,32,数据科学与大数据技术,D359,烟台理工学院,100,317738
2024,1,33,药学,D359,烟台理工学院,92,317658
2024,1,34,生物工程,D359,烟台理工学院,52,300869
2024,1,35,食品科学与工程,D359,烟台理工学院,51,310874
2024,1,36,食品质量与安全,D359,烟台理工学院,55,316828
2024,1,38,工程管理,D359,烟台理工学院,85,237324
2024,1,39,护理学,D359,烟台理工学院,120,228932
2024,1,40,健康服务与管理,D359,烟台理工学院,50,217478
2024,1,G1,机械设计制造及其自动化(中外合作办学),D359,烟台理工学院,55,318264
2024,1,01,土木工程,D378,青岛城市学院,94,317619
2024,1,02,智能建造,D378,青岛城市学院,77,318366
2024,1,03,工程造价,D378,青岛城市学院,98,272913
2024,1,04,工程管理,D378,青岛城市学院,65,271736
2024,1,05,机械设计制造及其自动化,D378,青岛城市学院,109,318513
2024,1,06,电气工程及其自动化,D378,青岛城市学院,104,317356
2024,1,07,机器人工程,D378,青岛城市学院,67,318219
2024,1,08,建筑学,D378,青岛城市学院,91,236004
2024,1,09,城乡规划,D378,青岛城市学院,25,222073
2024,1,10,计算机科学与技术,D378,青岛城市学院,78,317363
2024,1,11,软件工程,D378,青岛城市学院,95,317199
2024,1,12,网络工程,D378,青岛城市学院,42,317023
2024,1,13,物联网工程,D378,青岛城市学院,88,313256
2024,1,14,数据科学与大数据技术,D378,青岛城市学院,64,314738
2024,1,15,国际经济与贸易,D378,青岛城市学院,162,234976
2024,1,16,市场营销,D378,青岛城市学院,80,235043
2024,1,17,物流管理,D378,青岛城市学院,51,227994
2024,1,18,跨境电子商务,D378,青岛城市学院,51,234901
2024,1,19,英语,D378,青岛城市学院,150,232313
2024,1,20,俄语,D378,青岛城市学院,25,235402
2024,1,21,德语,D378,青岛城市学院,25,239920
2024,1,22,法语,D378,青岛城市学院,27,239070
2024,1,23,商务英语,D378,青岛城市学院,40,232979
2024,1,24,汉语国际教育,D378,青岛城市学院,40,215437
2024,1,26,会计学,D378,青岛城市学院,174,207578
2024,1,27,财务管理,D378,青岛城市学院,48,209187
2024,1,28,审计学,D378,青岛城市学院,52,203808
2024,1,29,互联网金融,D378,青岛城市学院,151,237339
2024,1,30,大数据管理与应用,D378,青岛城市学院,50,242225
2024,1,01,金融学,D383,山东财经大学燕山学院,35,190318
2024,1,03,互联网金融,D383,山东财经大学燕山学院,35,201291
2024,1,04,金融科技,D383,山东财经大学燕山学院,35,213538
2024,1,05,会计学,D383,山东财经大学燕山学院,40,172578
2024,1,06,财务管理,D383,山东财经大学燕山学院,40,178876
2024,1,07,审计学,D383,山东财经大学燕山学院,35,179435
2024,1,08,工商管理,D383,山东财经大学燕山学院,35,189002
2024,1,0A,人力资源管理,D383,山东财经大学燕山学院,35,190540
2024,1,0B,健康服务与管理,D383,山东财经大学燕山学院,35,194817
2024,1,0E,大数据管理与应用,D383,山东财经大学燕山学院,35,202513
2024,1,0G,国际经济与贸易,D383,山东财经大学燕山学院,35,193531
2024,1,0J,国际商务,D383,山东财经大学燕山学院,35,200152
2024,1,0K,跨境电子商务,D383,山东财经大学燕山学院,35,199867
2024,1,0L,人工智能,D383,山东财经大学燕山学院,35,268422
2024,1,00,智能地球探测,D386,山东石油化工学院,60,264494
2024,1,01,新能源科学与工程,D386,山东石油化工学院,60,226647
2024,1,02,资源勘查工程,D386,山东石油化工学院,78,263754
2024,1,04,石油工程,D386,山东石油化工学院,84,250312
2024,1,05,油气储运工程,D386,山东石油化工学院,104,261544
2024,1,06,海洋油气工程,D386,山东石油化工学院,60,259564
2024,1,07,碳储科学与工程,D386,山东石油化工学院,60,260920
2024,1,08,应用化学,D386,山东石油化工学院,100,271399
2024,1,09,高分子材料与工程,D386,山东石油化工学院,90,258810
2024,1,10,储能科学与工程,D386,山东石油化工学院,60,251513
2024,1,11,化学工程与工艺,D386,山东石油化工学院,120,258923
2024,1,12,化工安全工程,D386,山东石油化工学院,40,252006
2024,1,13,环境工程,D386,山东石油化工学院,78,275716
2024,1,14,机械设计制造及其自动化,D386,山东石油化工学院,31,215198
2024,1,15,材料成型及控制工程,D386,山东石油化工学院,35,251913
2024,1,16,智能装备与系统,D386,山东石油化工学院,60,250374
2024,1,17,智能制造工程,D386,山东石油化工学院,90,243530
2024,1,18,电气工程及其自动化,D386,山东石油化工学院,47,201767
2024,1,19,自动化,D386,山东石油化工学院,35,216279
2024,1,20,数字经济,D386,山东石油化工学院,60,187043
2024,1,21,法学,D386,山东石油化工学院,47,115382
2024,1,22,汉语言文学,D386,山东石油化工学院,75,132229
2024,1,24,财务管理,D386,山东石油化工学院,62,142782
2024,1,25,学前教育(师范类),D386,山东石油化工学院,14,161574
2024,1,26,英语,D386,山东石油化工学院,60,164355
2024,1,27,计算机科学与技术,D386,山东石油化工学院,54,208299
2024,1,28,物联网工程,D386,山东石油化工学院,25,227628
2024,1,29,智能科学与技术,D386,山东石油化工学院,60,243386
2024,1,30,数据科学与大数据技术,D386,山东石油化工学院,30,223200
2024,1,31,药学,D386,山东石油化工学院,60,228380
2024,1,35,金融管理,D387,山东外国语职业技术大学,28,250227
2024,1,36,大数据与会计,D387,山东外国语职业技术大学,61,202282
2024,1,37,大数据与财务管理,D387,山东外国语职业技术大学,50,206674
2024,1,38,旅游管理,D387,山东外国语职业技术大学,55,233263
2024,1,3A,应用英语,D387,山东外国语职业技术大学,107,226680
2024,1,3B,应用日语,D387,山东外国语职业技术大学,45,229825
2024,1,3C,应用韩语,D387,山东外国语职业技术大学,45,235058
2024,1,3D,应用俄语,D387,山东外国语职业技术大学,45,229643
2024,1,3E,学前教育(师范类),D387,山东外国语职业技术大学,50,216407
2024,1,3F,婴幼儿发展与健康管理,D387,山东外国语职业技术大学,45,234527
2024,1,3G,现代物流管理,D387,山东外国语职业技术大学,70,232661
2024,1,3H,市场营销,D387,山东外国语职业技术大学,18,214951
2024,1,3J,企业数字化管理,D387,山东外国语职业技术大学,45,230166
2024,1,3K,跨境电子商务,D387,山东外国语职业技术大学,45,232945
2024,1,3L,国际经济与贸易,D387,山东外国语职业技术大学,74,219947
2024,1,3M,电子商务,D387,山东外国语职业技术大学,16,224265
2024,1,3N,大数据工程技术,D387,山东外国语职业技术大学,50,246301
2024,1,3P,信息安全与管理,D387,山东外国语职业技术大学,50,251799
2024,1,3Y,软件工程技术,D387,山东外国语职业技术大学,50,296608
2024,1,01,会计学,D391,河北科技学院,3,192015
2024,1,05,土木工程,D391,河北科技学院,3,316713
2024,1,06,工程管理,D391,河北科技学院,3,236920
2024,1,08,物流管理,D391,河北科技学院,3,214114
2024,1,0B,计算机科学与技术,D391,河北科技学院,5,296125
2024,1,0F,电气工程及其自动化,D391,河北科技学院,4,263396
2024,1,0P,新能源汽车工程,D391,河北科技学院,3,298008
2024,1,0Q,智能车辆工程,D391,河北科技学院,3,307406
2024,1,0R,小学教育,D391,河北科技学院,5,194911
2024,1,02,西班牙语,D402,河北外国语学院,2,229284
2024,1,03,葡萄牙语,D402,河北外国语学院,2,232794
2024,1,04,意大利语,D402,河北外国语学院,2,232928
2024,1,07,朝鲜语,D402,河北外国语学院,2,221785
2024,1,09,法语,D402,河北外国语学院,2,211473
2024,1,15,商务英语,D402,河北外国语学院,3,209779
2024,1,33,教育学(师范类),D402,河北外国语学院,2,189803
2024,1,01,英语,D408,华北理工大学轻工学院,3,198875
2024,1,05,工商管理,D408,华北理工大学轻工学院,2,200094
2024,1,06,财务管理,D408,华北理工大学轻工学院,5,190869
2024,1,0B,土木工程,D408,华北理工大学轻工学院,5,294308
2024,1,15,计算机科学与技术,D411,河北师范大学汇华学院,2,249493
2024,1,16,网络工程,D411,河北师范大学汇华学院,2,266003
2024,1,19,会计学,D411,河北师范大学汇华学院,2,161293
2024,1,20,人力资源管理,D411,河北师范大学汇华学院,1,177289
2024,1,22,数学与应用数学(师范类),D411,河北师范大学汇华学院,3,285670
2024,1,24,化学(师范类),D411,河北师范大学汇华学院,2,266629
2024,1,25,生物科学(师范类),D411,河北师范大学汇华学院,3,308219
2024,1,26,地理科学(师范类),D411,河北师范大学汇华学院,2,167632
2024,1,27,英语(师范类),D411,河北师范大学汇华学院,5,174431
2024,1,32,汉语言文学(师范类),D411,河北师范大学汇华学院,5,158395
2024,1,35,思想政治教育(师范类),D411,河北师范大学汇华学院,5,167827
2024,1,37,小学教育(师范类),D411,河北师范大学汇华学院,3,175175
2024,1,03,金融学,D414,河北经贸大学经济管理学院,30,198193
2024,1,01,临床医学,D415,河北医科大学临床学院,7,120791
2024,1,07,护理学,D415,河北医科大学临床学院,3,151475
2024,1,B8,财务管理,D418,江西服装学院,5,218624
2024,1,C4,软件工程,D418,江西服装学院,5,316822
2024,1,C5,区块链工程,D418,江西服装学院,2,300710
2024,1,C7,网络与新媒体,D418,江西服装学院,2,222257
2024,1,C8,商务英语,D418,江西服装学院,2,227008
2024,1,C9,广播电视编导,D418,江西服装学院,10,247888
2024,1,26,国际经济与贸易,D421,南昌工学院,2,217872
2024,1,27,大数据管理与应用,D421,南昌工学院,3,236326
2024,1,28,会计学,D421,南昌工学院,3,202195
2024,1,29,财务管理,D421,南昌工学院,2,201929
2024,1,30,审计学,D421,南昌工学院,2,202544
2024,1,31,电子商务,D421,南昌工学院,2,227396
2024,1,32,思想政治教育,D421,南昌工学院,3,189378
2024,1,35,汉语言文学,D421,南昌工学院,2,199540
2024,1,37,英语,D421,南昌工学院,2,220234
2024,1,39,数学与应用数学,D421,南昌工学院,1,250956
2024,1,40,机械设计制造及其自动化,D421,南昌工学院,3,299347
2024,1,41,材料成型及控制工程,D421,南昌工学院,1,258522
2024,1,42,机械电子工程,D421,南昌工学院,3,291677
2024,1,45,机器人工程,D421,南昌工学院,2,310434
2024,1,50,护理学,D421,南昌工学院,9,204533
2024,1,51,土木工程,D421,南昌工学院,3,316757
2024,1,55,工程造价,D421,南昌工学院,3,240588
2024,1,56,工程管理,D421,南昌工学院,2,242336
2024,1,58,电子信息工程,D421,南昌工学院,1,277921
2024,1,59,软件工程,D421,南昌工学院,3,308657
2024,1,60,网络工程,D421,南昌工学院,3,295732
2024,1,61,物联网工程,D421,南昌工学院,2,313026
2024,1,62,数字媒体技术,D421,南昌工学院,2,313091
2024,1,64,数据科学与大数据技术,D421,南昌工学院,2,263859
2024,1,66,广播电视编导,D421,南昌工学院,3,238333
2024,1,04,汉语言文学,D429,南昌大学科学技术学院,1,163231
2024,1,06,新闻学,D429,南昌大学科学技术学院,2,189549
2024,1,10,国际经济与贸易,D429,南昌大学科学技术学院,2,193538
2024,1,13,旅游管理,D429,南昌大学科学技术学院,2,190831
2024,1,20,给排水科学与工程,D429,南昌大学科学技术学院,5,291405
2024,1,01,电气工程及其自动化,D431,南昌交通学院,5,305013
2024,1,02,交通工程,D431,南昌交通学院,3,313019
2024,1,04,交通运输,D431,南昌交通学院,3,301556
2024,1,07,轨道交通信号与控制,D431,南昌交通学院,3,293765
2024,1,08,土木工程,D431,南昌交通学院,4,318554
2024,1,09,铁道工程,D431,南昌交通学院,4,313311
2024,1,11,建筑学,D431,南昌交通学院,3,214078
2024,1,12,给排水科学与工程,D431,南昌交通学院,2,313281
2024,1,13,工程造价,D431,南昌交通学院,2,222103
2024,1,16,软件工程,D431,南昌交通学院,3,300092
2024,1,19,机械设计制造及其自动化,D431,南昌交通学院,4,265863
2024,1,22,车辆工程,D431,南昌交通学院,5,307557
2024,1,23,机器人工程,D431,南昌交通学院,3,314351
2024,1,24,金融学,D431,南昌交通学院,3,204339
2024,1,26,市场营销,D431,南昌交通学院,3,212644
2024,1,27,会计学,D431,南昌交通学院,4,196323
2024,1,28,人力资源管理,D431,南昌交通学院,3,206861
2024,1,32,法学,D431,南昌交通学院,3,172682
2024,1,33,英语,D431,南昌交通学院,3,212640
2024,1,35,自动化,D431,南昌交通学院,3,308935
2024,1,11,测绘工程,D432,赣东学院,2,279440
2024,1,12,土木工程,D432,赣东学院,1,230943
2024,1,14,遥感科学与技术,D432,赣东学院,1,242411
2024,1,22,软件工程,D432,赣东学院,2,228761
2024,1,45,数字经济,D432,赣东学院,1,184484
2024,1,53,法学,D432,赣东学院,2,114203
2024,1,01,飞行器制造工程,D433,南昌航空大学科技学院,4,270140
2024,1,03,材料成型及控制工程,D433,南昌航空大学科技学院,2,278781
2024,1,04,焊接技术与工程(智能焊接技术),D433,南昌航空大学科技学院,2,273423
2024,1,05,金属材料工程,D433,南昌航空大学科技学院,2,293441
2024,1,07,测控技术与仪器,D433,南昌航空大学科技学院,3,275245
2024,1,10,计算机科学与技术,D433,南昌航空大学科技学院,3,266287
2024,1,11,软件工程,D433,南昌航空大学科技学院,3,283361
2024,1,12,网络空间安全,D433,南昌航空大学科技学院,3,286317
2024,1,15,工商管理,D433,南昌航空大学科技学院,2,186609
2024,1,16,市场营销(数字营销),D433,南昌航空大学科技学院,2,197312
2024,1,18,英语,D433,南昌航空大学科技学院,2,189005
2024,1,27,智能制造工程,D433,南昌航空大学科技学院,6,283194
2024,1,28,光电信息材料与器件,D433,南昌航空大学科技学院,4,291034
2024,1,29,智能测控工程,D433,南昌航空大学科技学院,3,278320
2024,1,A1,法学,D434,赣南科技学院,2,113290
2024,1,B3,计算机科学与技术,D434,赣南科技学院,2,213040
2024,1,B5,数据科学与大数据技术,D434,赣南科技学院,2,237651
2024,1,C3,工商管理,D434,赣南科技学院,2,165252
2024,1,C4,会计学,D434,赣南科技学院,2,146271
2024,1,D3,机械电子工程,D434,赣南科技学院,2,234562
2024,1,D7,机器人工程,D434,赣南科技学院,2,236806
2024,1,E1,土木工程,D434,赣南科技学院,2,263770
2024,1,E5,工程造价,D434,赣南科技学院,2,192723
2024,1,02,数字经济,D436,江西农业大学南昌商学院,1,198142
2024,1,04,国际经济与贸易,D436,江西农业大学南昌商学院,1,195006
2024,1,25,供应链管理,D436,江西农业大学南昌商学院,2,205147
2024,1,26,电子商务,D436,江西农业大学南昌商学院,1,184962
2024,1,J3,护理学,D437,南昌医学院,2,111804
2024,1,J4,助产学,D437,南昌医学院,1,126841
2024,1,J5,养老服务管理,D437,南昌医学院,3,134721
2024,1,S5,医学检验技术,D437,南昌医学院,1,164322
2024,1,S6,医学影像技术,D437,南昌医学院,1,134098
2024,1,W1,临床医学,D437,南昌医学院,2,77457
2024,1,W2,口腔医学,D437,南昌医学院,1,65249
2024,1,W3,预防医学,D437,南昌医学院,1,150088
2024,1,W4,中医学,D437,南昌医学院,1,73900
2024,1,W5,针灸推拿学,D437,南昌医学院,1,108885
2024,1,W6,中西医临床医学,D437,南昌医学院,1,122802
2024,1,02,数字经济,D438,江西师范大学科学技术学院,4,209662
2024,1,08,英语(师范类),D438,江西师范大学科学技术学院,2,182598
2024,1,0C,网络与新媒体,D438,江西师范大学科学技术学院,2,187244
2024,1,01,汉语言文学(师范类),D439,赣南师范大学科技学院,5,177383
2024,1,03,历史学(师范类),D439,赣南师范大学科技学院,3,178247
2024,1,04,英语(师范类),D439,赣南师范大学科技学院,8,192073
2024,1,06,数学与应用数学(师范类),D439,赣南师范大学科技学院,2,256485
2024,1,07,电子信息工程,D439,赣南师范大学科技学院,4,272432
2024,1,08,计算机科学与技术,D439,赣南师范大学科技学院,4,276219
2024,1,09,智能测控工程,D439,赣南师范大学科技学院,2,279043
2024,1,11,国际经济与贸易,D439,赣南师范大学科技学院,5,201391
2024,1,B4,汉语言文学(师范类),D440,南昌应用技术师范学院,1,165758
2024,1,B9,数学与应用数学(师范类),D440,南昌应用技术师范学院,1,291702
2024,1,C3,电气工程及其自动化,D440,南昌应用技术师范学院,2,282540
2024,1,C6,计算机科学与技术,D440,南昌应用技术师范学院,2,280824
2024,1,C8,网络工程,D440,南昌应用技术师范学院,1,303535
2024,1,11,会计学,D441,江西财经大学现代经济管理学院,2,177136
2024,1,12,财务管理,D441,江西财经大学现代经济管理学院,1,169033
2024,1,1A,会计学(注册会计师),D441,江西财经大学现代经济管理学院,2,165775
2024,1,21,金融学,D441,江西财经大学现代经济管理学院,3,191559
2024,1,23,电子商务,D441,江西财经大学现代经济管理学院,2,200222
2024,1,24,国际经济与贸易,D441,江西财经大学现代经济管理学院,2,195325
2024,1,25,金融科技,D441,江西财经大学现代经济管理学院,2,211992
2024,1,26,经济统计学,D441,江西财经大学现代经济管理学院,2,192801
2024,1,31,资产评估,D441,江西财经大学现代经济管理学院,1,185859
2024,1,32,市场营销(数字营销),D441,江西财经大学现代经济管理学院,2,202874
2024,1,33,人力资源管理(数字人力),D441,江西财经大学现代经济管理学院,1,188940
2024,1,34,物流管理(智慧供应链),D441,江西财经大学现代经济管理学院,2,197488
2024,1,4A,新闻学(新媒体方向),D441,江西财经大学现代经济管理学院,1,191462
2024,1,4B,新闻学(影视制作方向),D441,江西财经大学现代经济管理学院,2,192413
2024,1,51,商务英语,D441,江西财经大学现代经济管理学院,1,187112
2024,1,52,翻译,D441,江西财经大学现代经济管理学院,1,199048
2024,1,61,大数据管理与应用,D441,江西财经大学现代经济管理学院,1,198239
2024,1,62,计算机科学与技术(数智化方向),D441,江西财经大学现代经济管理学院,2,266804
2024,1,63,数字经济,D441,江西财经大学现代经济管理学院,1,209070
2024,1,71,工程造价,D441,江西财经大学现代经济管理学院,3,208361
2024,1,72,工程管理,D441,江西财经大学现代经济管理学院,1,206586
2024,1,73,工程审计,D441,江西财经大学现代经济管理学院,2,211051
2024,1,81,法学,D441,江西财经大学现代经济管理学院,1,151419
2024,1,82,知识产权,D441,江西财经大学现代经济管理学院,2,181388
2024,1,8A,法学(数据法学方向),D441,江西财经大学现代经济管理学院,1,177044
2024,1,01,计算机科学与技术,D468,阳光学院,3,307197
2024,1,05,人工智能,D468,阳光学院,6,296164
2024,1,13,电子商务,D468,阳光学院,5,276416
2024,1,41,工程造价,D468,阳光学院,2,269201
2024,1,43,电子商务(中外合作办学),D468,阳光学院,10,280708
2024,1,03,金融学,D469,厦门大学嘉庚学院,4,177202
2024,1,04,国际经济与贸易,D469,厦门大学嘉庚学院,4,189297
2024,1,05,法学,D469,厦门大学嘉庚学院,3,106357
2024,1,06,汉语言文学,D469,厦门大学嘉庚学院,4,151260
2024,1,07,英语,D469,厦门大学嘉庚学院,4,191453
2024,1,10,广播电视学,D469,厦门大学嘉庚学院,3,174806
2024,1,12,机械设计制造及其自动化,D469,厦门大学嘉庚学院,5,266518
2024,1,15,电气工程及其自动化,D469,厦门大学嘉庚学院,3,241279
2024,1,19,自动化,D469,厦门大学嘉庚学院,4,264489
2024,1,21,计算机科学与技术,D469,厦门大学嘉庚学院,3,215762
2024,1,28,环境科学与工程,D469,厦门大学嘉庚学院,5,279650
2024,1,29,资源环境科学,D469,厦门大学嘉庚学院,2,283329
2024,1,30,建筑学,D469,厦门大学嘉庚学院,6,220638
2024,1,31,城乡规划,D469,厦门大学嘉庚学院,6,221432
2024,1,33,信息管理与信息系统,D469,厦门大学嘉庚学院,4,200516
2024,1,36,大数据管理与应用,D469,厦门大学嘉庚学院,3,190516
2024,1,38,市场营销,D469,厦门大学嘉庚学院,4,191954
2024,1,39,会计学,D469,厦门大学嘉庚学院,4,169035
2024,1,40,财务管理,D469,厦门大学嘉庚学院,3,174634
2024,1,42,文化产业管理,D469,厦门大学嘉庚学院,3,191318
2024,1,43,行政管理,D469,厦门大学嘉庚学院,2,178479
2024,1,45,电子商务,D469,厦门大学嘉庚学院,3,191360
2024,1,01,财政学,D471,集美大学诚毅学院,1,189795
2024,1,02,金融学,D471,集美大学诚毅学院,2,182666
2024,1,03,金融工程,D471,集美大学诚毅学院,2,206958
2024,1,04,国际经济与贸易,D471,集美大学诚毅学院,2,195521
2024,1,05,法学,D471,集美大学诚毅学院,1,121289
2024,1,09,汉语言文学,D471,集美大学诚毅学院,2,155727
2024,1,0B,英语,D471,集美大学诚毅学院,3,194444
2024,1,0C,机械工程,D471,集美大学诚毅学院,2,302674
2024,1,0E,智能制造工程,D471,集美大学诚毅学院,3,288715
2024,1,0F,电子信息工程,D471,集美大学诚毅学院,2,277020
2024,1,0J,计算机科学与技术,D471,集美大学诚毅学院,2,225112
2024,1,0P,数据科学与大数据技术,D471,集美大学诚毅学院,2,259801
2024,1,0S,工程管理,D471,集美大学诚毅学院,2,214105
2024,1,0T,工商管理,D471,集美大学诚毅学院,2,196289
2024,1,0U,会计学,D471,集美大学诚毅学院,2,176139
2024,1,04,工商管理,D497,郑州财经学院,5,192549
2024,1,06,财务管理,D497,郑州财经学院,5,183464
2024,1,08,会计学,D497,郑州财经学院,7,178697
2024,1,15,金融学,D497,郑州财经学院,9,191888
2024,1,16,电子商务,D497,郑州财经学院,3,196317
2024,1,18,国际经济与贸易,D497,郑州财经学院,3,196512
2024,1,20,大数据管理与应用,D497,郑州财经学院,9,204834
2024,1,21,土木工程,D497,郑州财经学院,10,305944
2024,1,23,英语,D497,郑州财经学院,8,195536
2024,1,26,网络与新媒体,D497,郑州财经学院,4,188610
2024,1,28,计算机科学与技术,D497,郑州财经学院,9,291585
2024,1,29,软件工程,D497,郑州财经学院,8,293381
2024,1,32,智能制造工程,D497,郑州财经学院,10,302539
2024,1,33,车辆工程,D497,郑州财经学院,7,307377
2024,1,07,机械设计制造及其自动化,D500,商丘工学院,10,289360
2024,1,0C,电气工程及其自动化,D500,商丘工学院,10,286019
2024,1,0F,通信工程,D500,商丘工学院,10,291514
2024,1,0K,物联网工程,D500,商丘工学院,10,307863
2024,1,0N,城市地下空间工程,D500,商丘工学院,10,303744
2024,1,0A,计算机科学与技术,D501,河南开封科技传媒学院,10,295466
2024,1,0Q,数学与应用数学(师范类),D501,河南开封科技传媒学院,7,297807
2024,1,0W,汉语言文学(师范类),D501,河南开封科技传媒学院,5,176993
2024,1,03,汉语言文学(师范类),D503,信阳学院,3,167847
2024,1,0K,数学与应用数学(师范类),D503,信阳学院,2,276233
2024,1,09,临床医学,D505,新乡医学院三全学院,2,143285
2024,1,14,医学影像技术,D505,新乡医学院三全学院,2,249183
2024,1,16,康复治疗学,D505,新乡医学院三全学院,1,257703
2024,1,03,机械设计制造及其自动化,D507,郑州工商学院,3,285753
2024,1,09,计算机科学与技术,D507,郑州工商学院,3,280945
2024,1,14,数据科学与大数据技术,D507,郑州工商学院,3,290706
2024,1,22,财务管理,D507,郑州工商学院,3,182296
2024,1,23,会计学,D507,郑州工商学院,3,179956
2024,1,27,法学,D507,郑州工商学院,3,170219
2024,1,29,英语,D507,郑州工商学院,3,193901
2024,1,01,经济与金融,D511,兰州工商学院,2,207675
2024,1,07,法学,D511,兰州工商学院,3,189575
2024,1,09,法学(法检业务方向),D511,兰州工商学院,3,189672
2024,1,0A,法学(行政法务方向),D511,兰州工商学院,2,186427
2024,1,0C,商务英语,D511,兰州工商学院,3,225301
2024,1,0J,网络工程,D511,兰州工商学院,3,317163
2024,1,0L,大数据管理与应用,D511,兰州工商学院,3,235943
2024,1,0N,人力资源管理,D511,兰州工商学院,3,211124
2024,1,0R,市场营销(数智营销方向),D511,兰州工商学院,2,219106
2024,1,0S,养老服务管理,D511,兰州工商学院,2,212138
2024,1,0U,会计学(注册会计师方向),D511,兰州工商学院,3,196246
2024,1,0W,会计学(数智会计方向),D511,兰州工商学院,2,197870
2024,1,0Z,资产评估,D511,兰州工商学院,2,217292
2024,1,01,财务管理,D514,兰州博文科技学院,3,208869
2024,1,03,电子商务,D514,兰州博文科技学院,3,221792
2024,1,04,广告学,D514,兰州博文科技学院,3,214813
2024,1,06,会计学,D514,兰州博文科技学院,4,202090
2024,1,08,酒店管理,D514,兰州博文科技学院,3,223021
2024,1,10,英语,D514,兰州博文科技学院,3,221852
2024,1,21,大数据管理与应用,D514,兰州博文科技学院,3,235008
2024,1,22,工程管理,D514,兰州博文科技学院,3,242159
2024,1,24,物流工程,D514,兰州博文科技学院,3,243785
2024,1,26,智慧交通,D514,兰州博文科技学院,3,283247
2024,1,29,车辆工程,D514,兰州博文科技学院,3,317183
2024,1,30,道路桥梁与渡河工程,D514,兰州博文科技学院,3,300147
2024,1,31,电气工程及其自动化,D514,兰州博文科技学院,3,310067
2024,1,33,给排水科学与工程,D514,兰州博文科技学院,2,295156
2024,1,34,轨道交通信号与控制,D514,兰州博文科技学院,3,317421
2024,1,42,交通运输,D514,兰州博文科技学院,3,310750
2024,1,45,数字媒体技术,D514,兰州博文科技学院,3,307954
2024,1,48,土木工程,D514,兰州博文科技学院,3,310510
2024,1,52,机器人工程,D514,兰州博文科技学院,3,317075
2024,1,01,机械设计制造及其自动化,D515,兰州信息科技学院,2,282012
2024,1,02,机器人工程,D515,兰州信息科技学院,3,296438
2024,1,05,智能制造工程(智能机器人方向),D515,兰州信息科技学院,3,307336
2024,1,09,电气工程及其自动化,D515,兰州信息科技学院,2,276702
2024,1,12,人工智能,D515,兰州信息科技学院,3,308232
2024,1,16,数据科学与大数据技术(智能信息方向),D515,兰州信息科技学院,3,297852
2024,1,17,电子信息工程,D515,兰州信息科技学院,2,285618
2024,1,19,食品科学与工程,D515,兰州信息科技学院,2,299974
2024,1,20,金属材料工程,D515,兰州信息科技学院,2,299970
2024,1,25,土木工程,D515,兰州信息科技学院,2,304166
2024,1,26,测绘工程(无人机应用技术方向),D515,兰州信息科技学院,3,297716
2024,1,32,财务管理(数智财务方向),D515,兰州信息科技学院,3,210444
2024,1,14,哲学,D524,北海艺术设计学院,10,239638
2024,1,15,学前教育,D524,北海艺术设计学院,10,242179
2024,1,16,汉语言文学,D524,北海艺术设计学院,10,212823
2024,1,11,采矿工程,D534,山西工学院,3,236304
2024,1,13,化学工程与工艺,D534,山西工学院,3,253585
2024,1,15,资源勘查工程,D534,山西工学院,4,267458
2024,1,16,应用化学,D534,山西工学院,3,251919
2024,1,17,应急技术与管理,D534,山西工学院,5,265298
2024,1,21,电气工程及其自动化,D534,山西工学院,3,205946
2024,1,22,能源与动力工程,D534,山西工学院,5,245023
2024,1,23,自动化,D534,山西工学院,6,241357
2024,1,25,能源互联网工程,D534,山西工学院,3,239800
2024,1,28,智能感知工程,D534,山西工学院,5,251343
2024,1,31,无机非金属材料工程,D534,山西工学院,3,246501
2024,1,32,新能源材料与器件,D534,山西工学院,3,251498
2024,1,33,环境工程,D534,山西工学院,4,276058
2024,1,51,车辆工程,D534,山西工学院,3,248949
2024,1,52,材料成型及控制工程,D534,山西工学院,5,254670
2024,1,54,机械设计制造及其自动化,D534,山西工学院,4,223858
2024,1,55,智能制造工程,D534,山西工学院,6,251737
2024,1,58,机械电子工程,D534,山西工学院,6,244471
2024,1,61,计算机科学与技术,D534,山西工学院,4,192656
2024,1,63,人工智能,D534,山西工学院,4,224245
2024,1,64,物联网工程,D534,山西工学院,4,244453
2024,1,66,通信工程,D534,山西工学院,2,231929
2024,1,67,软件工程,D534,山西工学院,9,251569
2024,1,81,财务管理,D534,山西工学院,1,148785
2024,1,83,市场营销,D534,山西工学院,3,178908
2024,1,84,国际经济与贸易,D534,山西工学院,1,170403
2024,1,01,计算机科学与技术,D535,晋中信息学院,1,275809
2024,1,05,网络工程,D535,晋中信息学院,1,288415
2024,1,07,软件工程,D535,晋中信息学院,1,250327
2024,1,09,机械设计制造及其自动化,D535,晋中信息学院,1,284433
2024,1,10,电气工程及其自动化,D535,晋中信息学院,1,273973
2024,1,17,国际经济与贸易,D535,晋中信息学院,1,201356
2024,1,20,互联网金融,D535,晋中信息学院,1,199454
2024,1,26,财务管理,D535,晋中信息学院,1,181918
2024,1,28,审计学,D535,晋中信息学院,1,184945
2024,1,39,英语,D535,晋中信息学院,1,201959
2024,1,01,经济学,D538,山西晋中理工学院,8,203024
2024,1,08,机械设计制造及其自动化,D538,山西晋中理工学院,4,295670
2024,1,11,市场营销,D538,山西晋中理工学院,8,210009
2024,1,10,广播电视编导,D548,重庆人文科技学院,1,211974
2024,1,10,食品卫生与营养学,D558,新疆理工学院,3,242254
2024,1,1A,信息与计算科学,D558,新疆理工学院,5,260992
2024,1,1B,金融学,D558,新疆理工学院,3,196945
2024,1,1C,国际经济与贸易,D558,新疆理工学院,3,182275
2024,1,1E,工商管理,D558,新疆理工学院,5,175598
2024,1,1G,市场营销,D558,新疆理工学院,5,184377
2024,1,1J,旅游管理,D558,新疆理工学院,4,184851
2024,1,1L,物流管理,D558,新疆理工学院,4,182618
2024,1,1N,法学,D558,新疆理工学院,2,135421
2024,1,1Q,社会工作,D558,新疆理工学院,3,181470
2024,1,1S,英语,D558,新疆理工学院,7,181016
2024,1,1U,商务英语,D558,新疆理工学院,6,184229
2024,1,A1,机械设计制造及其自动化,D558,新疆理工学院,5,248679
2024,1,B1,机械电子工程,D558,新疆理工学院,3,251253
2024,1,C1,机器人工程,D558,新疆理工学院,7,255142
2024,1,CA,俄语,D558,新疆理工学院,2,182699
2024,1,D1,土木工程,D558,新疆理工学院,5,269180
2024,1,E1,电气工程及其自动化,D558,新疆理工学院,7,243594
2024,1,F1,测控技术与仪器,D558,新疆理工学院,2,263380
2024,1,G1,物流工程,D558,新疆理工学院,6,198801
2024,1,H1,工程管理,D558,新疆理工学院,2,195741
2024,1,J1,材料成型及控制工程,D558,新疆理工学院,2,265814
2024,1,K1,通信工程,D558,新疆理工学院,2,255791
2024,1,L1,计算机科学与技术,D558,新疆理工学院,3,245946
2024,1,M1,软件工程,D558,新疆理工学院,3,249613
2024,1,N1,智能科学与技术,D558,新疆理工学院,3,257569
2024,1,P1,数字媒体技术,D558,新疆理工学院,3,255851
2024,1,Q1,信息管理与信息系统,D558,新疆理工学院,3,191258
2024,1,R1,医学信息工程,D558,新疆理工学院,3,254712
2024,1,S1,过程装备与控制工程,D558,新疆理工学院,6,258346
2024,1,T1,能源化学工程,D558,新疆理工学院,5,270228
2024,1,U1,能源服务工程,D558,新疆理工学院,4,267220
2024,1,V1,材料化学,D558,新疆理工学院,4,257445
2024,1,W1,储能科学与工程,D558,新疆理工学院,4,256230
2024,1,X1,食品营养与检验教育,D558,新疆理工学院,3,281093
2024,1,Y1,食品安全与检测,D558,新疆理工学院,3,274184
2024,1,H1,临床医学,D560,新疆第二医学院,22,127443
2024,1,H2,口腔医学,D560,新疆第二医学院,6,98208
2024,1,H3,中西医临床医学,D560,新疆第二医学院,3,140526
2024,1,H4,药学,D560,新疆第二医学院,1,222953
2024,1,H5,医学检验技术,D560,新疆第二医学院,1,181068
2024,1,H6,医学影像技术,D560,新疆第二医学院,1,173458
2024,1,H7,护理学,D560,新疆第二医学院,1,167211
2024,1,H8,信息管理与信息系统,D560,新疆第二医学院,1,169058
2024,1,HF,康复治疗学,D560,新疆第二医学院,2,208523
2024,1,HW,卫生检验与检疫,D560,新疆第二医学院,1,188630
2024,1,HY,预防医学,D560,新疆第二医学院,2,223300
2024,1,HZ,麻醉学,D560,新疆第二医学院,9,130354
2024,1,01,会计学,D561,新疆科技学院,3,157723
2024,1,02,财务管理,D561,新疆科技学院,3,159396
2024,1,03,工程审计,D561,新疆科技学院,3,269418
2024,1,12,计算机科学与技术,D561,新疆科技学院,6,246223
2024,1,13,信息安全,D561,新疆科技学院,8,264258
2024,1,14,电子商务,D561,新疆科技学院,5,199054
2024,1,15,软件工程,D561,新疆科技学院,8,256533
2024,1,16,数字媒体技术,D561,新疆科技学院,8,262550
2024,1,17,医学信息工程,D561,新疆科技学院,4,255914
2024,1,18,物联网工程,D561,新疆科技学院,10,266266
2024,1,19,化学工程与工艺,D561,新疆科技学院,10,271318
2024,1,20,纺织工程,D561,新疆科技学院,4,271947
2024,1,21,轻化工程,D561,新疆科技学院,6,272672
2024,1,22,精细化工,D561,新疆科技学院,6,274336
2024,1,23,非织造材料与工程,D561,新疆科技学院,6,272207
2024,1,24,药学,D561,新疆科技学院,8,261286
2024,1,25,康复治疗学,D561,新疆科技学院,7,226591
2024,1,26,护理学,D561,新疆科技学院,8,161959
2024,1,27,医疗保险,D561,新疆科技学院,5,181497
2024,1,28,中药资源与开发,D561,新疆科技学院,5,263702
2024,1,29,养老服务管理,D561,新疆科技学院,8,181814
2024,1,01,交通运输,D569,西安交通工程学院,3,294220
2024,1,04,电气工程及其自动化,D569,西安交通工程学院,4,286231
2024,1,15,工程造价,D569,西安交通工程学院,2,214154
2024,1,16,财务管理,D569,西安交通工程学院,4,193284
2024,1,18,电子商务,D569,西安交通工程学院,4,217932
2024,1,01,金融学,D571,无锡太湖学院,5,206097
2024,1,02,国际经济与贸易,D571,无锡太湖学院,5,197317
2024,1,03,工商管理,D571,无锡太湖学院,5,204041
2024,1,07,跨境电子商务,D571,无锡太湖学院,5,212176
2024,1,09,会计学,D571,无锡太湖学院,5,188743
2024,1,10,财务管理,D571,无锡太湖学院,5,191432
2024,1,13,英语,D571,无锡太湖学院,5,207858
2024,1,18,通信工程,D571,无锡太湖学院,5,281208
2024,1,19,计算机科学与技术,D571,无锡太湖学院,5,266443
2024,1,21,软件工程,D571,无锡太湖学院,5,280906
2024,1,24,机械工程,D571,无锡太湖学院,10,291769
2024,1,01,国际经济与贸易,D578,河北工程大学科信学院,2,187409
2024,1,03,机械设计制造及其自动化,D578,河北工程大学科信学院,2,252433
2024,1,04,材料成型及控制工程,D578,河北工程大学科信学院,2,274037
2024,1,05,车辆工程,D578,河北工程大学科信学院,2,265847
2024,1,06,能源与动力工程,D578,河北工程大学科信学院,3,268582
2024,1,07,电气工程及其自动化,D578,河北工程大学科信学院,2,237189
2024,1,08,电子信息工程,D578,河北工程大学科信学院,2,261518
2024,1,09,通信工程,D578,河北工程大学科信学院,2,256245
2024,1,0A,自动化,D578,河北工程大学科信学院,2,258905
2024,1,0B,计算机科学与技术,D578,河北工程大学科信学院,2,240844
2024,1,0C,土木工程,D578,河北工程大学科信学院,2,276471
2024,1,0D,建筑环境与能源应用工程,D578,河北工程大学科信学院,2,276222
2024,1,0E,给排水科学与工程,D578,河北工程大学科信学院,3,281411
2024,1,0F,水利水电工程,D578,河北工程大学科信学院,2,269502
2024,1,0H,交通工程,D578,河北工程大学科信学院,2,264142
2024,1,0J,食品科学与工程,D578,河北工程大学科信学院,2,282286
2024,1,0L,工程管理,D578,河北工程大学科信学院,3,201174
2024,1,0N,会计学,D578,河北工程大学科信学院,3,169930
2024,1,01,金融学,D579,中国矿业大学徐海学院,4,184118
2024,1,03,汉语言文学,D579,中国矿业大学徐海学院,4,170065
2024,1,04,英语,D579,中国矿业大学徐海学院,6,199278
2024,1,05,机械工程,D579,中国矿业大学徐海学院,6,276149
2024,1,07,智能制造工程,D579,中国矿业大学徐海学院,6,285586
2024,1,0A,电气工程及其自动化,D579,中国矿业大学徐海学院,6,261393
2024,1,0B,电子科学与技术,D579,中国矿业大学徐海学院,6,277149
2024,1,0K,土木工程,D579,中国矿业大学徐海学院,6,305014
2024,1,0P,会计学,D579,中国矿业大学徐海学院,2,172804
2024,1,0S,跨境电子商务,D579,中国矿业大学徐海学院,4,190781
2024,1,01,英语,D588,重庆外语外事学院,2,197229
2024,1,03,翻译,D588,重庆外语外事学院,2,189844
2024,1,05,俄语,D588,重庆外语外事学院,2,190122
2024,1,09,德语,D588,重庆外语外事学院,3,210045
2024,1,17,日语,D588,重庆外语外事学院,4,207834
2024,1,21,阿拉伯语,D588,重庆外语外事学院,2,210389
2024,1,07,汉语言文学(师范类),D589,重庆对外经贸学院,2,179683
2024,1,16,计算机科学与技术,D589,重庆对外经贸学院,3,283605
2024,1,0C,计算机类,D590,重庆财经学院,2,254487
2024,1,0H,会计学,D590,重庆财经学院,2,181358
2024,1,11,工业工程(中外合作办学),D590,重庆财经学院,1,221654
2024,1,05,机械设计制造及其自动化,D593,石家庄铁道大学四方学院,1,115586
2024,1,06,无机非金属材料工程,D593,石家庄铁道大学四方学院,3,266455
2024,1,07,电气工程及其自动化,D593,石家庄铁道大学四方学院,15,245880
2024,1,10,轨道交通信号与控制,D593,石家庄铁道大学四方学院,8,245996
2024,1,11,计算机科学与技术,D593,石家庄铁道大学四方学院,2,246321
2024,1,12,土木工程,D593,石家庄铁道大学四方学院,13,282426
2024,1,14,测绘工程,D593,石家庄铁道大学四方学院,5,273794
2024,1,15,交通工程,D593,石家庄铁道大学四方学院,2,231155
2024,1,17,工程管理,D593,石家庄铁道大学四方学院,6,203334
2024,1,18,工程造价,D593,石家庄铁道大学四方学院,2,200626
2024,1,20,会计学,D593,石家庄铁道大学四方学院,3,165329
2024,1,21,财务管理,D593,石家庄铁道大学四方学院,6,171205
2024,1,01,金融学类,D594,河北地质大学华信学院,2,196917
2024,1,03,法学,D594,河北地质大学华信学院,4,182370
2024,1,04,英语,D594,河北地质大学华信学院,4,207631
2024,1,06,计算机类,D594,河北地质大学华信学院,4,293657
2024,1,07,土木工程,D594,河北地质大学华信学院,2,293360
2024,1,09,地质类,D594,河北地质大学华信学院,2,291818
2024,1,10,环境工程,D594,河北地质大学华信学院,2,296631
2024,1,11,护理学,D594,河北地质大学华信学院,4,183559
2024,1,13,管理科学与工程类,D594,河北地质大学华信学院,2,214265
2024,1,14,工商管理类,D594,河北地质大学华信学院,2,198833
2024,1,15,工商管理类,D594,河北地质大学华信学院,2,185180
2024,1,01,电子信息工程,D597,山西科技学院,5,216761
2024,1,02,通信工程,D597,山西科技学院,5,223913
2024,1,03,光电信息科学与工程,D597,山西科技学院,3,238808
2024,1,04,安全工程,D597,山西科技学院,2,261264
2024,1,05,机械设计制造及其自动化,D597,山西科技学院,3,183918
2024,1,06,材料成型及控制工程,D597,山西科技学院,2,242077
2024,1,07,过程装备与控制工程,D597,山西科技学院,2,254736
2024,1,08,电气工程及其自动化,D597,山西科技学院,5,203004
2024,1,09,自动化,D597,山西科技学院,2,198895
2024,1,0A,无机非金属材料工程,D597,山西科技学院,2,236280
2024,1,0B,焊接技术与工程,D597,山西科技学院,2,247671
2024,1,0C,计算机科学与技术,D597,山西科技学院,2,174641
2024,1,T1,艺术教育,D599,大连艺术学院,14,245794
2024,1,T2,日语,D599,大连艺术学院,24,243116
2024,1,T3,网络与新媒体,D599,大连艺术学院,6,234531
2024,1,T4,园艺,D599,大连艺术学院,30,313119
2024,1,T5,文化产业管理,D599,大连艺术学院,24,242240
2024,1,T6,电子商务,D599,大连艺术学院,2,237797
2024,1,T7,跨境电子商务,D599,大连艺术学院,4,242010
2024,1,T8,旅游管理,D599,大连艺术学院,2,234396
2024,1,T9,戏剧影视文学,D599,大连艺术学院,10,247577
2024,1,TT,广播电视编导,D599,大连艺术学院,20,248137
2024,1,01,经济学,D600,长春光华学院,2,211322
2024,1,02,金融学,D600,长春光华学院,9,224872
2024,1,03,国际经济与贸易,D600,长春光华学院,2,225554
2024,1,04,会计学,D600,长春光华学院,5,204810
2024,1,05,财务管理,D600,长春光华学院,2,211658
2024,1,07,小学教育,D600,长春光华学院,4,212277
2024,1,08,应用心理学,D600,长春光华学院,8,223498
2024,1,0B,汉语言文学,D600,长春光华学院,2,194507
2024,1,0E,广告学,D600,长春光华学院,4,225573
2024,1,0F,英语,D600,长春光华学院,5,227828
2024,1,0G,俄语,D600,长春光华学院,8,234356
2024,1,0H,日语,D600,长春光华学院,6,230421
2024,1,0J,朝鲜语,D600,长春光华学院,8,239003
2024,1,0K,商务英语,D600,长春光华学院,3,230010
2024,1,0L,机械工程,D600,长春光华学院,15,317348
2024,1,0M,机械设计制造及其自动化,D600,长春光华学院,7,317613
2024,1,0N,机械电子工程,D600,长春光华学院,12,315587
2024,1,0Q,智能制造工程,D600,长春光华学院,6,292816
2024,1,0R,电气工程及其自动化,D600,长春光华学院,8,317127
2024,1,0S,电子信息工程,D600,长春光华学院,7,303487
2024,1,0T,计算机科学与技术,D600,长春光华学院,10,312694
2024,1,0U,物联网工程,D600,长春光华学院,8,314552
2024,1,0V,数字媒体技术,D600,长春光华学院,15,318517
2024,1,0W,工商管理,D600,长春光华学院,3,215187
2024,1,0Y,电子商务,D600,长春光华学院,3,227882
2024,1,11,戏剧影视文学,D600,长春光华学院,3,241763
2024,1,12,广播电视编导,D600,长春光华学院,15,238031
2024,1,02,机械设计制造及其自动化,D601,长春工业大学人文信息学院,4,298453
2024,1,03,智能制造工程,D601,长春工业大学人文信息学院,3,312497
2024,1,04,车辆工程,D601,长春工业大学人文信息学院,3,309324
2024,1,05,新能源汽车工程,D601,长春工业大学人文信息学院,2,307972
2024,1,09,轨道交通信号与控制,D601,长春工业大学人文信息学院,4,302391
2024,1,10,机器人工程,D601,长春工业大学人文信息学院,2,313069
2024,1,11,电子信息工程,D601,长春工业大学人文信息学院,2,307529
2024,1,14,软件工程,D601,长春工业大学人文信息学院,2,280645
2024,1,15,数据科学与大数据技术,D601,长春工业大学人文信息学院,2,310149
2024,1,16,制药工程,D601,长春工业大学人文信息学院,2,301628
2024,1,17,土木工程,D601,长春工业大学人文信息学院,2,298854
2024,1,22,物流管理,D601,长春工业大学人文信息学院,2,212324
2024,1,23,人力资源管理,D601,长春工业大学人文信息学院,2,207682
2024,1,29,国际经济与贸易,D601,长春工业大学人文信息学院,2,201905
2024,1,31,英语,D601,长春工业大学人文信息学院,2,220429
2024,1,34,法学,D601,长春工业大学人文信息学院,2,184206
2024,1,18,机械设计制造及其自动化,D602,长春电子科技学院,9,314635
2024,1,19,机械电子工程,D602,长春电子科技学院,6,306214
2024,1,05,金融学,D603,长春财经学院,6,216818
2024,1,15,人工智能,D603,长春财经学院,5,310839
2024,1,16,计算机科学与技术,D603,长春财经学院,5,308717
2024,1,21,会计学,D603,长春财经学院,7,194931
2024,1,22,财务管理,D603,长春财经学院,4,201329
2024,1,03,土木工程,D604,吉林建筑科技学院,2,293309
2024,1,13,自动化,D604,吉林建筑科技学院,2,309532
2024,1,01,电气工程及其自动化,D605,长春建筑学院,4,310720
2024,1,02,电子信息工程,D605,长春建筑学院,4,311662
2024,1,03,通信工程,D605,长春建筑学院,4,314873
2024,1,07,计算机科学与技术,D605,长春建筑学院,4,310957
2024,1,10,数字媒体技术,D605,长春建筑学院,4,303228
2024,1,13,土木工程,D605,长春建筑学院,7,312984
2024,1,14,建筑环境与能源应用工程,D605,长春建筑学院,4,314640
2024,1,17,城市地下空间工程,D605,长春建筑学院,4,317535
2024,1,18,道路桥梁与渡河工程,D605,长春建筑学院,4,314607
2024,1,21,智慧交通,D605,长春建筑学院,4,312363
2024,1,22,建筑学,D605,长春建筑学院,6,230113
2024,1,23,城乡规划,D605,长春建筑学院,4,222765
2024,1,24,风景园林,D605,长春建筑学院,4,211732
2024,1,28,工程管理,D605,长春建筑学院,4,246350
2024,1,30,工程造价,D605,长春建筑学院,4,241806
2024,1,32,财务管理,D605,长春建筑学院,5,214570
2024,1,35,电子商务,D605,长春建筑学院,2,224760
2024,1,43,广告学,D605,长春建筑学院,4,228298
2024,1,12,计算机类,D606,长春科技学院,2,280780
2024,1,18,中医学,D606,长春科技学院,2,164211
2024,1,19,护理学,D606,长春科技学院,2,192108
2024,1,21,工商管理,D606,长春科技学院,2,215284
2024,1,20,新媒体技术,D607,吉林动画学院,10,314594
2024,1,21,软件工程,D607,吉林动画学院,9,317243
2024,1,22,广播电视编导,D607,吉林动画学院,8,242631
2024,1,23,网络与新媒体,D607,吉林动画学院,16,234415
2024,1,24,戏剧影视文学,D607,吉林动画学院,5,235280
2024,1,25,广告学,D607,吉林动画学院,5,233106
2024,1,26,市场营销,D607,吉林动画学院,6,234941
2024,1,28,互联网金融,D607,吉林动画学院,5,230104
2024,1,29,数字媒体技术,D607,吉林动画学院,16,316287
2024,1,30,虚拟现实技术,D607,吉林动画学院,6,314315
2024,1,31,飞行器制造工程,D607,吉林动画学院,4,303406
2024,1,32,飞行器动力工程,D607,吉林动画学院,4,299017
2024,1,03,金融学,D611,蚌埠工商学院,4,202925
2024,1,07,国际经济与贸易,D611,蚌埠工商学院,4,212587
2024,1,0H,会计学,D611,蚌埠工商学院,4,189290
2024,1,0J,财务管理,D611,蚌埠工商学院,4,199378
2024,1,A0,计算机科学与技术,D613,安徽信息工程学院,4,302927
2024,1,A1,软件工程,D613,安徽信息工程学院,4,310567
2024,1,A5,电气工程及其自动化,D613,安徽信息工程学院,4,316728
2024,1,B4,智能制造工程,D613,安徽信息工程学院,4,315034
2024,1,06,机械设计制造及其自动化,D614,马鞍山学院,5,317995
2024,1,0C,电气工程及其自动化,D614,马鞍山学院,5,300947
2024,1,0H,计算机科学与技术,D614,马鞍山学院,5,317602
2024,1,0W,财务管理,D614,马鞍山学院,5,204998
2024,1,11,土木工程,D615,合肥城市学院,2,311921
2024,1,12,建筑环境与能源应用工程,D615,合肥城市学院,2,316816
2024,1,13,给排水科学与工程,D615,合肥城市学院,2,318177
2024,1,17,安全工程,D615,合肥城市学院,2,288239
2024,1,47,资产评估,D615,合肥城市学院,2,212617
2024,1,01,临床医学,D618,安徽医科大学临床医学院,8,138353
2024,1,1A,旅游管理,D623,长春大学旅游学院,5,227980
2024,1,1B,酒店管理,D623,长春大学旅游学院,5,238288
2024,1,2C,会计学,D623,长春大学旅游学院,5,207006
2024,1,2D,财务管理,D623,长春大学旅游学院,5,211472
2024,1,01,计算机科学与技术,D624,泰山科技学院,11,291654
2024,1,02,数据科学与大数据技术,D624,泰山科技学院,21,315574
2024,1,03,信息管理与信息系统,D624,泰山科技学院,19,245992
2024,1,04,大数据管理与应用,D624,泰山科技学院,32,246430
2024,1,05,虚拟现实技术,D624,泰山科技学院,15,317228
2024,1,12,智能车辆工程,D624,泰山科技学院,21,317442
2024,1,15,土木工程,D624,泰山科技学院,18,317570
2024,1,16,工程管理,D624,泰山科技学院,17,266337
2024,1,17,智能建造,D624,泰山科技学院,24,315043
2024,1,18,工程造价,D624,泰山科技学院,32,268703
2024,1,19,通信工程,D624,泰山科技学院,18,318047
2024,1,21,物联网工程,D624,泰山科技学院,25,317709
2024,1,22,电信工程及管理,D624,泰山科技学院,30,318488
2024,1,23,人工智能,D624,泰山科技学院,18,316744
2024,1,25,电子商务,D624,泰山科技学院,25,230480
2024,1,26,会计学,D624,泰山科技学院,13,193313
2024,1,27,金融学,D624,泰山科技学院,30,218569
2024,1,28,工商管理,D624,泰山科技学院,18,220368
2024,1,29,人力资源管理,D624,泰山科技学院,20,220857
2024,1,30,财务管理,D624,泰山科技学院,20,199918
2024,1,31,市场营销,D624,泰山科技学院,25,232429
2024,1,32,行政管理,D624,泰山科技学院,22,217209
2024,1,33,法学,D624,泰山科技学院,12,184835
2024,1,34,秘书学,D624,泰山科技学院,27,220076
2024,1,35,电子商务及法律,D624,泰山科技学院,19,223677
2024,1,36,网络与新媒体,D624,泰山科技学院,30,225345
2024,1,Y7,广播电视编导,D625,昆明文理学院,5,249380
2024,1,01,计算机科学与技术,D626,昆明理工大学津桥学院,1,290429
2024,1,09,建筑学,D626,昆明理工大学津桥学院,5,222533
2024,1,0B,土木工程,D626,昆明理工大学津桥学院,8,305110
2024,1,0Q,会计学,D626,昆明理工大学津桥学院,6,205749
2024,1,0V,英语,D626,昆明理工大学津桥学院,5,217584
2024,1,0Z,法学,D626,昆明理工大学津桥学院,5,187296
2024,1,11,电子信息类,D627,重庆移通学院,3,281749
2024,1,12,通信工程,D627,重庆移通学院,3,276323
2024,1,41,工商管理,D627,重庆移通学院,3,200247
2024,1,43,财务管理,D627,重庆移通学院,3,197696
2024,1,51,外国语言文学类,D627,重庆移通学院,3,209699
2024,1,71,计算机科学与技术,D627,重庆移通学院,3,274228
2024,1,S5,数字经济,D627,重庆移通学院,2,210997
2024,1,0C,跨境电子商务,D628,新疆政法学院,5,186629
2024,1,0Z,数据科学与大数据技术,D628,新疆政法学院,6,260857
2024,1,A0,法学,D628,新疆政法学院,34,145880
2024,1,B0,汉语言文学,D628,新疆政法学院,9,157906
2024,1,C0,工商管理,D628,新疆政法学院,5,173785
2024,1,D0,公共事业管理,D628,新疆政法学院,5,176713
2024,1,E0,国际经济与贸易,D628,新疆政法学院,10,181633
2024,1,F0,计算机科学与技术,D628,新疆政法学院,20,257059
2024,1,G0,英语,D628,新疆政法学院,7,179318
2024,1,H0,监狱学,D628,新疆政法学院,17,157261
2024,1,J0,社区矫正,D628,新疆政法学院,12,167680
2024,1,K0,财务管理,D628,新疆政法学院,9,161418
2024,1,L0,学前教育,D628,新疆政法学院,6,177593
2024,1,M0,司法警察学,D628,新疆政法学院,9,154756
2024,1,N0,网络空间安全,D628,新疆政法学院,7,258671
2024,1,P0,经济学,D628,新疆政法学院,7,174420
2024,1,Q0,历史学,D628,新疆政法学院,8,168050
2024,1,R0,政治学与行政学,D628,新疆政法学院,12,169281
2024,1,S0,知识产权,D628,新疆政法学院,6,157654
2024,1,T0,司法鉴定学,D628,新疆政法学院,6,157945
2024,1,U0,国家安全学,D628,新疆政法学院,10,153303
2024,1,V0,马克思主义理论,D628,新疆政法学院,4,163678
2024,1,W0,反恐警务,D628,新疆政法学院,4,163259
2024,1,X0,汉语国际教育,D628,新疆政法学院,3,175122
2024,1,Y0,数学与应用数学,D628,新疆政法学院,11,271132
2024,1,01,计算机科学与技术,D631,大连东软信息学院,5,291229
2024,1,13,电子信息工程,D631,大连东软信息学院,5,300694
2024,1,14,广播电视编导,D632,上海视觉艺术学院,6,237516
2024,1,06,会计学,D634,武汉学院,4,177559
2024,1,0B,财政学,D634,武汉学院,2,182927
2024,1,0C,税收学,D634,武汉学院,2,177471
2024,1,0D,金融学类,D634,武汉学院,4,202563
2024,1,0E,国际经济与贸易,D634,武汉学院,4,198422
2024,1,0U,法学,D634,武汉学院,4,159687
2024,1,04,市场营销,D635,长沙理工大学城南学院,2,186797
2024,1,05,会计学,D635,长沙理工大学城南学院,1,155709
2024,1,06,财务管理,D635,长沙理工大学城南学院,1,179841
2024,1,09,机械设计制造及其自动化,D635,长沙理工大学城南学院,1,246886
2024,1,12,电气工程及其自动化,D635,长沙理工大学城南学院,4,262067
2024,1,16,计算机科学与技术,D635,长沙理工大学城南学院,1,241282
2024,1,17,土木工程,D635,长沙理工大学城南学院,2,281117
2024,1,10,英语,D636,上海外国语大学贤达经济人文学院,2,201428
2024,1,11,日语,D636,上海外国语大学贤达经济人文学院,2,209537
2024,1,15,朝鲜语,D636,上海外国语大学贤达经济人文学院,1,210145
2024,1,18,翻译,D636,上海外国语大学贤达经济人文学院,1,203665
2024,1,20,国际经济与贸易,D636,上海外国语大学贤达经济人文学院,1,176764
2024,1,23,金融学,D636,上海外国语大学贤达经济人文学院,1,189638
2024,1,41,学前教育(双语班),D636,上海外国语大学贤达经济人文学院,2,228008
2024,1,51,德语(商务方向),D636,上海外国语大学贤达经济人文学院,2,208941
2024,1,55,会计学(全英语教学班),D636,上海外国语大学贤达经济人文学院,2,192025
2024,1,60,大数据管理与应用,D636,上海外国语大学贤达经济人文学院,2,234640
2024,1,02,税收学,D637,温州商学院,1,200254
2024,1,03,金融学,D637,温州商学院,1,197424
2024,1,07,新闻传播学类,D637,温州商学院,1,173011
2024,1,11,工商管理类,D637,温州商学院,1,192342
2024,1,13,会计学,D637,温州商学院,2,186985
2024,1,05,汉语言文学(师范类),D641,桂林学院,2,178969
2024,1,07,英语(师范类),D641,桂林学院,2,186919
2024,1,11,新闻传播学类,D641,桂林学院,2,201722
2024,1,12,广播电视编导,D641,桂林学院,2,229818
2024,1,13,数字媒体技术,D641,桂林学院,3,291516
2024,1,14,金融学类,D641,桂林学院,4,216672
2024,1,16,国际经济与贸易,D641,桂林学院,3,207403
2024,1,17,法学,D641,桂林学院,2,177014
2024,1,18,旅游管理类,D641,桂林学院,3,210146
2024,1,19,工商管理类,D641,桂林学院,3,207263
2024,1,20,会计学,D641,桂林学院,3,194597
2024,1,26,工程造价,D641,桂林学院,4,228422
2024,1,27,城乡规划,D641,桂林学院,3,207712
2024,1,31,健康服务与管理,D641,桂林学院,3,204456
2024,1,32,数学与应用数学(师范类),D641,桂林学院,3,309911
2024,1,33,计算机科学与技术,D641,桂林学院,4,289001
2024,1,34,软件工程,D641,桂林学院,3,305576
2024,1,35,数据科学与大数据技术,D641,桂林学院,4,313393
2024,1,36,电子信息工程,D641,桂林学院,4,314802
2024,1,37,物联网工程,D641,桂林学院,4,314835
2024,1,38,智能测控工程,D641,桂林学院,3,313380
2024,1,39,医学信息工程,D641,桂林学院,3,305124
2024,1,01,中医学,D643,广西中医药大学赛恩斯新医药学院,6,173026
2024,1,02,针灸推拿学,D643,广西中医药大学赛恩斯新医药学院,4,169934
2024,1,04,药学,D643,广西中医药大学赛恩斯新医药学院,2,262407
2024,1,09,医学影像技术,D643,广西中医药大学赛恩斯新医药学院,2,283216
2024,1,0B,医学检验技术,D643,广西中医药大学赛恩斯新医药学院,2,266705
2024,1,0C,康复治疗学,D643,广西中医药大学赛恩斯新医药学院,4,273375
2024,1,0C,行政管理,D649,贵州黔南科技学院,3,215834
2024,1,0D,公共事业管理,D649,贵州黔南科技学院,3,222379
2024,1,04,电子信息工程,D650,贵阳信息科技学院,3,294148
2024,1,0Q,工程造价,D650,贵阳信息科技学院,2,225780
2024,1,0R,土木工程,D650,贵阳信息科技学院,3,313698
2024,1,0X,工商管理,D650,贵阳信息科技学院,3,208679
2024,1,0Y,会计学,D650,贵阳信息科技学院,3,197035
2024,1,12,人力资源管理,D650,贵阳信息科技学院,3,205076
2024,1,0A,临床医学,D653,遵义医科大学医学与科技学院,6,173712
2024,1,0B,麻醉学,D653,遵义医科大学医学与科技学院,6,188014
2024,1,03,会计学,D654,南京理工大学紫金学院,1,131176
2024,1,04,人力资源管理,D654,南京理工大学紫金学院,1,155650
2024,1,0C,电气工程及其自动化,D654,南京理工大学紫金学院,2,198134
2024,1,0F,光电信息科学与工程,D654,南京理工大学紫金学院,2,223116
2024,1,0G,通信工程,D654,南京理工大学紫金学院,2,209085
2024,1,01,英语,D658,天津外国语大学滨海外事学院,1,189910
2024,1,03,德语,D658,天津外国语大学滨海外事学院,1,172465
2024,1,06,日语,D658,天津外国语大学滨海外事学院,1,192511
2024,1,12,国际经济与贸易,D658,天津外国语大学滨海外事学院,1,189243
2024,1,18,护理学,D658,天津外国语大学滨海外事学院,2,188059
2024,1,20,行政管理,D658,天津外国语大学滨海外事学院,1,177382
2024,1,22,酒店管理,D658,天津外国语大学滨海外事学院,1,189852
2024,1,06,戏剧影视文学,D659,天津传媒学院,25,254838
2024,1,07,广播电视编导,D659,天津传媒学院,25,252145
2024,1,01,英语,D660,天津商业大学宝德学院,1,187617
2024,1,03,日语,D660,天津商业大学宝德学院,1,197297
2024,1,07,工商管理类,D660,天津商业大学宝德学院,1,190118
2024,1,08,物流管理,D660,天津商业大学宝德学院,1,202944
2024,1,09,酒店管理,D660,天津商业大学宝德学院,1,197874
2024,1,10,会计学,D660,天津商业大学宝德学院,1,169752
2024,1,11,财务管理,D660,天津商业大学宝德学院,1,173518
2024,1,12,审计学,D660,天津商业大学宝德学院,1,177936
2024,1,A4,戏剧影视文学,D660,天津商业大学宝德学院,1,217470
2024,1,A5,广播电视编导,D660,天津商业大学宝德学院,1,214465
2024,1,01,临床医学,D661,天津医科大学临床医学院,4,125165
2024,1,05,口腔医学,D661,天津医科大学临床医学院,4,88926
2024,1,09,护理学,D661,天津医科大学临床医学院,9,179627
2024,1,12,广播电视编导,D662,长春人文学院,2,238257
2024,1,17,俄语,D662,长春人文学院,2,214615
2024,1,06,数据科学与大数据技术,D664,武汉工程科技学院,2,294863
2024,1,09,会计学,D664,武汉工程科技学院,2,197723
2024,1,11,财务管理,D664,武汉工程科技学院,2,206171
2024,1,12,大数据管理与应用,D664,武汉工程科技学院,2,224201
2024,1,04,英语,D665,电子科技大学成都学院,3,197718
2024,1,0G,电子科学与技术,D665,电子科技大学成都学院,3,268129
2024,1,0R,计算机科学与技术,D665,电子科技大学成都学院,3,238896
2024,1,0S,软件工程,D665,电子科技大学成都学院,3,233887
2024,1,0U,信息安全,D665,电子科技大学成都学院,3,268300
2024,1,0V,物联网工程,D665,电子科技大学成都学院,3,273727
2024,1,13,财务管理,D665,电子科技大学成都学院,3,182646
2024,1,14,人力资源管理,D665,电子科技大学成都学院,3,187621
2024,1,15,审计学,D665,电子科技大学成都学院,3,181737
2024,1,1G,应用统计学,D665,电子科技大学成都学院,2,264050
2024,1,C1,计算机科学与技术(智能金融联合学士学位创新班),D665,电子科技大学成都学院,3,256307
2024,1,01,机械设计制造及其自动化,D666,武汉华夏理工学院,3,263082
2024,1,12,人工智能,D666,武汉华夏理工学院,3,281667
2024,1,19,商务英语,D666,武汉华夏理工学院,3,224673
2024,1,01,核工程与核技术,D668,成都理工大学工程技术学院,4,290675
2024,1,12,智能建造,D668,成都理工大学工程技术学院,4,291698
2024,1,16,电气工程及其自动化,D668,成都理工大学工程技术学院,4,276238
2024,1,21,计算机科学与技术,D668,成都理工大学工程技术学院,4,280753
2024,1,29,会计学,D668,成都理工大学工程技术学院,4,191805
2024,1,35,网络与新媒体,D668,成都理工大学工程技术学院,4,203383
2024,1,90,广播电视编导,D669,四川传媒学院,2,194943
2024,1,LJ,网络工程,D669,四川传媒学院,10,317711
2024,1,W1,网络与新媒体,D669,四川传媒学院,30,207013
2024,1,W9,秘书学,D669,四川传媒学院,6,199041
2024,1,WB,国际经济与贸易,D669,四川传媒学院,7,212742
2024,1,WC,市场营销,D669,四川传媒学院,8,215312
2024,1,WD,电子商务,D669,四川传媒学院,9,215349
2024,1,01,酒店管理,D670,成都银杏酒店管理学院,11,217929
2024,1,02,烹饪与营养教育,D670,成都银杏酒店管理学院,11,253648
2024,1,A1,旅游管理类,D670,成都银杏酒店管理学院,11,217615
2024,1,A2,工商管理类,D670,成都银杏酒店管理学院,15,215937
2024,1,43,思想政治教育(师范类),D671,成都文理学院,23,191532
2024,1,47,小学教育(师范类),D671,成都文理学院,10,196319
2024,1,56,计算机科学与技术,D671,成都文理学院,15,305942
2024,1,58,物联网工程,D671,成都文理学院,10,314532
2024,1,15,汉语言文学,D672,四川工商学院,4,195096
2024,1,37,计算机科学与技术,D672,四川工商学院,3,268529
2024,1,01,国际经济与贸易,D673,成都外国语学院,2,189385
2024,1,02,学前教育,D673,成都外国语学院,2,199485
2024,1,05,汉语言文学,D673,成都外国语学院,6,182281
2024,1,06,汉语国际教育,D673,成都外国语学院,4,191719
2024,1,07,英语,D673,成都外国语学院,5,215287
2024,1,08,俄语,D673,成都外国语学院,3,192481
2024,1,09,德语,D673,成都外国语学院,2,204766
2024,1,0A,法语,D673,成都外国语学院,2,200241
2024,1,0B,西班牙语,D673,成都外国语学院,2,203766
2024,1,0C,阿拉伯语,D673,成都外国语学院,1,193860
2024,1,0D,日语,D673,成都外国语学院,2,191790
2024,1,0E,朝鲜语,D673,成都外国语学院,1,197616
2024,1,0F,马来语,D673,成都外国语学院,1,232664
2024,1,0G,泰语,D673,成都外国语学院,2,225125
2024,1,0H,越南语,D673,成都外国语学院,1,235067
2024,1,0J,波兰语,D673,成都外国语学院,1,204973
2024,1,0K,捷克语,D673,成都外国语学院,1,212423
2024,1,0L,葡萄牙语,D673,成都外国语学院,1,184571
2024,1,0M,匈牙利语,D673,成都外国语学院,1,207459
2024,1,0N,意大利语,D673,成都外国语学院,1,215245
2024,1,0P,翻译,D673,成都外国语学院,2,202724
2024,1,0Q,商务英语,D673,成都外国语学院,5,202699
2024,1,0S,网络与新媒体,D673,成都外国语学院,3,192318
2024,1,0T,国际新闻与传播,D673,成都外国语学院,1,199726
2024,1,0U,财务管理,D673,成都外国语学院,4,193145
2024,1,0W,物流管理,D673,成都外国语学院,2,206965
2024,1,0Y,跨境电子商务,D673,成都外国语学院,3,209180
2024,1,0Z,会展经济与管理,D673,成都外国语学院,1,200304
2024,1,12,机械设计制造及其自动化,D677,西安交通大学城市学院,5,288052
2024,1,18,电气工程及其自动化,D677,西安交通大学城市学院,5,274087
2024,1,22,计算机科学与技术,D677,西安交通大学城市学院,5,283269
2024,1,29,会计学,D677,西安交通大学城市学院,4,184351
2024,1,0F,金融工程,D678,西北大学现代学院,2,226484
2024,1,13,土木工程,D679,西安建筑科技大学华清学院,2,314674
2024,1,14,给排水科学与工程,D679,西安建筑科技大学华清学院,2,298038
2024,1,15,建筑环境与能源应用工程,D679,西安建筑科技大学华清学院,3,297004
2024,1,16,材料科学与工程,D679,西安建筑科技大学华清学院,2,285846
2024,1,18,安全工程,D679,西安建筑科技大学华清学院,2,294199
2024,1,19,自动化,D679,西安建筑科技大学华清学院,2,268551
2024,1,21,机械类,D679,西安建筑科技大学华清学院,2,295788
2024,1,22,建筑电气与智能化,D679,西安建筑科技大学华清学院,2,290800
2024,1,23,计算机科学与技术,D679,西安建筑科技大学华清学院,2,272443
2024,1,29,经济学,D679,西安建筑科技大学华清学院,3,194842
2024,1,30,汉语言文学,D679,西安建筑科技大学华清学院,2,184476
2024,1,31,英语,D679,西安建筑科技大学华清学院,2,194875
2024,1,11,会计学,D681,陕西科技大学镐京学院,2,189615
2024,1,12,财务管理,D681,陕西科技大学镐京学院,2,199193
2024,1,28,物流工程,D681,陕西科技大学镐京学院,2,249693
2024,1,31,电气工程及其自动化,D681,陕西科技大学镐京学院,2,288197
2024,1,34,机器人工程,D681,陕西科技大学镐京学院,2,307082
2024,1,02,软件工程,D682,西安工商学院,3,292904
2024,1,09,会计学,D682,西安工商学院,3,201981
2024,1,10,金融科技,D682,西安工商学院,2,220132
2024,1,12,大数据管理与应用,D682,西安工商学院,2,230780
2024,1,16,网络与新媒体,D682,西安工商学院,3,209996
2024,1,17,数字媒体技术,D682,西安工商学院,2,312779
2024,1,17,工商管理,D684,珠海科技学院,3,202181
2024,1,18,市场营销,D684,珠海科技学院,3,205168
2024,1,19,人力资源管理,D684,珠海科技学院,2,204529
2024,1,20,会计学,D684,珠海科技学院,3,184722
2024,1,23,金融学,D684,珠海科技学院,2,189532
2024,1,33,日语,D684,珠海科技学院,3,207676
2024,1,44,通信工程,D684,珠海科技学院,3,259908
2024,1,45,计算机科学与技术,D684,珠海科技学院,2,227601
2024,1,01,汉语言文学,D686,武汉传媒学院,5,189365
2024,1,06,网络与新媒体,D686,武汉传媒学院,2,191893
2024,1,08,广播电视工程(融合媒体传播技术),D686,武汉传媒学院,3,279687
2024,1,0C,文化产业管理,D686,武汉传媒学院,3,207232
2024,1,0K,戏剧影视文学,D686,武汉传媒学院,8,243046
2024,1,0L,广播电视编导,D686,武汉传媒学院,5,230507
2024,1,A1,广播电视编导,D687,南京传媒学院,23,212785
2024,1,A2,新闻传播学类,D687,南京传媒学院,8,142284
2024,1,A3,国际新闻与传播,D687,南京传媒学院,4,189564
2024,1,A6,时尚传播,D687,南京传媒学院,8,205202
2024,1,A7,影视技术,D687,南京传媒学院,6,230178
2024,1,A8,戏剧影视文学,D687,南京传媒学院,6,207503
2024,1,A9,电影学,D687,南京传媒学院,6,237967
2024,1,B1,财务管理,D687,南京传媒学院,6,172259
2024,1,B5,广播电视编导(中外合作办学),D687,南京传媒学院,2,205126
2024,1,08,软件工程,D691,山西工商学院,3,283715
2024,1,21,财务管理,D691,山西工商学院,7,189468
2024,1,22,工商管理,D691,山西工商学院,5,198707
2024,1,28,学前教育,D691,山西工商学院,15,210017
2024,1,01,临床医学,D705,成都医学院,10,50182
2024,1,02,临床医学,D706,吉林医药学院,8,101752
2024,1,03,医学影像学,D706,吉林医药学院,3,97334
2024,1,04,预防医学,D706,吉林医药学院,3,210519
2024,1,05,药学,D706,吉林医药学院,2,185105
2024,1,06,药物制剂,D706,吉林医药学院,2,210782
2024,1,07,中药学,D706,吉林医药学院,2,204403
2024,1,08,医学检验技术,D706,吉林医药学院,2,169181
2024,1,09,医学影像技术,D706,吉林医药学院,2,136389
2024,1,10,康复治疗学,D706,吉林医药学院,2,183039
2024,1,11,口腔医学技术,D706,吉林医药学院,2,158825
2024,1,13,护理学,D706,吉林医药学院,6,173834
2024,1,14,生物技术,D706,吉林医药学院,2,207559
2024,1,15,应用心理学,D706,吉林医药学院,2,151827
2024,1,17,生物医学工程,D706,吉林医药学院,2,188943
2024,1,18,食品质量与安全,D706,吉林医药学院,2,221424
2024,1,19,生物制药,D706,吉林医药学院,2,224337
2024,1,21,信息管理与信息系统,D706,吉林医药学院,2,163940
2024,1,23,公共事业管理,D706,吉林医药学院,2,167771
2024,1,20,生物制药(中外合作办学),D706,吉林医药学院,2,237021
2024,1,63,学前教育,D714,广州工商学院,6,238695
2024,1,66,软件工程,D714,广州工商学院,5,315075
2024,1,81,数据科学与大数据技术(中外合作办学),D714,广州工商学院,8,306093
2024,1,82,软件工程(中外合作办学),D714,广州工商学院,8,317338
2024,1,83,通信工程(中外合作办学),D714,广州工商学院,8,312159
2024,1,01,国际经济与贸易,D720,广东理工学院,3,227032
2024,1,13,会计学,D720,广东理工学院,3,214415
2024,1,15,商务英语,D720,广东理工学院,3,230209
2024,1,19,电气工程及其自动化,D720,广东理工学院,3,301684
2024,1,22,计算机科学与技术,D720,广东理工学院,3,303190
2024,1,26,机械设计制造及其自动化,D720,广东理工学院,3,306049
2024,1,27,机械电子工程,D720,广东理工学院,3,312746
2024,1,56,建筑装饰工程,D727,新疆天山职业技术大学,8,225370
2024,1,57,智能建造工程,D727,新疆天山职业技术大学,2,227161
2024,1,58,智能制造工程技术,D727,新疆天山职业技术大学,9,230805
2024,1,59,电梯工程技术,D727,新疆天山职业技术大学,5,238935
2024,1,5A,无人机系统应用技术,D727,新疆天山职业技术大学,5,226553
2024,1,5B,新能源汽车工程技术,D727,新疆天山职业技术大学,9,232024
2024,1,5C,民航运输服务与管理,D727,新疆天山职业技术大学,5,208803
2024,1,5E,数字媒体技术,D727,新疆天山职业技术大学,3,233405
2024,1,5F,大数据工程技术,D727,新疆天山职业技术大学,8,229275
2024,1,5G,云计算技术,D727,新疆天山职业技术大学,2,224408
2024,1,5H,现代通信工程,D727,新疆天山职业技术大学,3,225757
2024,1,5J,财税大数据应用,D727,新疆天山职业技术大学,8,211571
2024,1,5L,大数据与会计,D727,新疆天山职业技术大学,7,202644
2024,1,5N,国际经济与贸易,D727,新疆天山职业技术大学,5,215423
2024,1,5Q,电子商务,D727,新疆天山职业技术大学,5,216653
2024,1,5S,现代物流管理,D727,新疆天山职业技术大学,5,216252
2024,1,5U,旅游管理,D727,新疆天山职业技术大学,4,210159
2024,1,5W,全媒体新闻采编与制作,D727,新疆天山职业技术大学,3,212701
2024,1,5Y,学前教育,D727,新疆天山职业技术大学,3,207603
2024,1,60,应用俄语,D727,新疆天山职业技术大学,1,207854
2024,1,8T,智能制造工程技术,D727,新疆天山职业技术大学,14,239672
2024,1,8U,电梯工程技术,D727,新疆天山职业技术大学,14,258461
2024,1,8V,新能源汽车工程技术,D727,新疆天山职业技术大学,14,241380
2024,1,8W,财税大数据应用,D727,新疆天山职业技术大学,15,221710
2024,1,8Y,国际经济与贸易,D727,新疆天山职业技术大学,10,222969
2024,1,90,电子商务,D727,新疆天山职业技术大学,8,225071
2024,1,01,城市轨道交通智能运营,D738,西安汽车职业大学,2,210315
2024,1,02,大数据与财务管理,D738,西安汽车职业大学,2,217267
2024,1,04,网络与新媒体,D738,西安汽车职业大学,2,215405
2024,1,09,新能源汽车工程技术,D738,西安汽车职业大学,2,224018
2024,1,13,城市轨道交通信号与控制技术,D738,西安汽车职业大学,2,207402
2024,1,15,电子信息工程技术,D738,西安汽车职业大学,2,228832
2024,1,16,物联网工程技术,D738,西安汽车职业大学,2,229642
2024,1,18,数字媒体技术,D738,西安汽车职业大学,2,236993
2024,1,19,大数据工程技术,D738,西安汽车职业大学,2,231985
2024,1,20,人工智能工程技术,D738,西安汽车职业大学,2,229254
2024,1,01,数学与应用数学(师范类),D744,黑河学院,3,265810
2024,1,03,数据科学与大数据技术,D744,黑河学院,5,249954
2024,1,04,材料科学与工程,D744,黑河学院,3,248644
2024,1,05,生物技术,D744,黑河学院,3,266441
2024,1,06,化学,D744,黑河学院,3,262270
2024,1,08,应用化学,D744,黑河学院,3,268873
2024,1,0A,光电信息科学与工程,D744,黑河学院,4,248699
2024,1,0B,通信工程,D744,黑河学院,5,254236
2024,1,0D,物联网工程,D744,黑河学院,5,255987
2024,1,0E,计算机科学与技术,D744,黑河学院,6,242459
2024,1,0F,国际经济与贸易,D744,黑河学院,4,176962
2024,1,0G,物流管理,D744,黑河学院,3,175203
2024,1,0H,跨境电子商务,D744,黑河学院,4,180049
2024,1,0J,会计学,D744,黑河学院,3,149802
2024,1,0K,旅游管理,D744,黑河学院,3,180358
2024,1,0L,法学,D744,黑河学院,3,124125
2024,1,0M,历史学(师范类),D744,黑河学院,1,148694
2024,1,0N,小学教育(师范类),D744,黑河学院,4,155169
2024,1,0P,学前教育(师范类),D744,黑河学院,3,172354
2024,1,0R,俄语,D744,黑河学院,8,179184
2024,1,0S,俄语(师范类),D744,黑河学院,6,177642
2024,1,0T,翻译(英语方向),D744,黑河学院,3,181415
2024,1,0U,翻译(俄语方向),D744,黑河学院,3,182555
2024,1,0V,英语(师范类),D744,黑河学院,3,161919
2024,1,0X,汉语言文学,D744,黑河学院,3,141039
2024,1,0Y,汉语言文学(师范类),D744,黑河学院,3,141875
2024,1,0Z,汉语国际教育,D744,黑河学院,3,162872
2024,1,10,广播电视学,D744,黑河学院,3,176737
2024,1,01,英语,D762,福州外语外贸学院,2,220081
2024,1,0C,财务管理,D762,福州外语外贸学院,2,212783
2024,1,0F,数字经济,D762,福州外语外贸学院,2,249289
2024,1,0M,人工智能,D762,福州外语外贸学院,4,285601
2024,1,0N,数据科学与大数据技术,D762,福州外语外贸学院,2,290689
2024,1,0P,大数据管理与应用,D762,福州外语外贸学院,2,241173
2024,1,0S,智能建造,D762,福州外语外贸学院,2,280597
2024,1,0T,土木工程,D762,福州外语外贸学院,2,284327
2024,1,0W,网络与新媒体,D762,福州外语外贸学院,2,210446
2024,1,16,艺术教育(师范类),D762,福州外语外贸学院,2,231885
2024,1,17,小学教育(师范类),D762,福州外语外贸学院,2,202590
2024,1,18,学前教育(师范类),D762,福州外语外贸学院,2,222032
2024,1,17,法语,D763,福建江夏学院,5,184575
2024,1,18,商务英语,D763,福建江夏学院,5,171819
2024,1,1E,金融学,D763,福建江夏学院,5,181889
2024,1,1F,国际经济与贸易,D763,福建江夏学院,5,184729
2024,1,09,机器人工程,D766,泉州信息工程学院,3,292935
2024,1,12,物联网工程,D766,泉州信息工程学院,3,316218
2024,1,15,土木工程,D766,泉州信息工程学院,3,314318
2024,1,16,工程造价,D766,泉州信息工程学院,3,243375
2024,1,28,软件工程(中外合作办学),D766,泉州信息工程学院,12,317585
2024,1,01,物联网工程,D773,福州理工学院,5,316970
2024,1,04,计算机科学与技术,D773,福州理工学院,5,300075
2024,1,08,数学与应用数学,D773,福州理工学院,5,298147
2024,1,0B,土木工程,D773,福州理工学院,5,316844
2024,1,0D,工程造价,D773,福州理工学院,5,253158
2024,1,0K,财务管理,D773,福州理工学院,5,214460
2024,1,0L,物流管理,D773,福州理工学院,5,231098
2024,1,41,学前教育(师范类),D806,长沙师范学院,2,130863
2024,1,20,教育技术学(师范类),D811,琼台师范学院,2,191237
2024,1,21,特殊教育(师范类),D811,琼台师范学院,2,165441
2024,1,27,数学与应用数学(师范类),D811,琼台师范学院,2,283210
2024,1,28,英语(师范类),D811,琼台师范学院,4,160552
2024,1,29,汉语言文学(师范类),D811,琼台师范学院,2,127249
2024,1,11,电子信息类,D816,四川工业科技学院,3,298434
2024,1,14,计算机类,D816,四川工业科技学院,3,303096
2024,1,21,土木类,D816,四川工业科技学院,3,316639
2024,1,24,工程造价,D816,四川工业科技学院,2,226464
2024,1,31,学前教育,D816,四川工业科技学院,2,210276
2024,1,32,小学教育,D816,四川工业科技学院,4,199222
2024,1,42,物流管理,D816,四川工业科技学院,2,212784
2024,1,44,旅游管理类,D816,四川工业科技学院,2,215761
2024,1,48,财务管理,D816,四川工业科技学院,2,199268
2024,1,51,护理学,D816,四川工业科技学院,4,200577
2024,1,61,机械类,D816,四川工业科技学院,3,291061
2024,1,01,化学工程与工艺,D820,银川能源学院,4,307595
2024,1,09,机械设计制造及其自动化,D820,银川能源学院,5,293732
2024,1,0J,信息管理与信息系统,D820,银川能源学院,4,243498
2024,1,01,英语,D830,广西外国语学院,3,217397
2024,1,02,西班牙语,D830,广西外国语学院,2,231515
2024,1,03,法语,D830,广西外国语学院,1,233125
2024,1,07,泰语,D830,广西外国语学院,1,220371
2024,1,08,越南语,D830,广西外国语学院,1,240168
2024,1,09,柬埔寨语,D830,广西外国语学院,1,240489
2024,1,0A,印度尼西亚语,D830,广西外国语学院,1,235728
2024,1,0D,汉语国际教育,D830,广西外国语学院,1,215434
2024,1,0E,汉语言文学,D830,广西外国语学院,1,196331
2024,1,0J,国际经济与贸易,D830,广西外国语学院,1,216276
2024,1,0K,金融工程,D830,广西外国语学院,1,226678
2024,1,0L,经济与金融,D830,广西外国语学院,1,222797
2024,1,0M,跨境电子商务,D830,广西外国语学院,1,236251
2024,1,0Q,人力资源管理,D830,广西外国语学院,1,224171
2024,1,0T,财务管理,D830,广西外国语学院,1,210015
2024,1,0W,软件工程,D830,广西外国语学院,1,302205
2024,1,04,机器人工程,D842,南京理工大学泰州科技学院,7,289655
2024,1,06,计算机科学与技术,D842,南京理工大学泰州科技学院,5,275979
2024,1,16,制药工程,D842,南京理工大学泰州科技学院,5,276510
2024,1,17,环境工程,D842,南京理工大学泰州科技学院,5,316617
2024,1,01,工商管理,D843,南京师范大学泰州学院,10,193703
2024,1,02,国际经济与贸易,D843,南京师范大学泰州学院,9,197630
2024,1,03,财务管理,D843,南京师范大学泰州学院,9,180828
2024,1,05,法学,D843,南京师范大学泰州学院,9,165195
2024,1,06,行政管理,D843,南京师范大学泰州学院,9,194120
2024,1,08,小学教育(师范类),D843,南京师范大学泰州学院,9,181716
2024,1,09,汉语言文学(师范类),D843,南京师范大学泰州学院,9,165221
2024,1,10,汉语言文学,D843,南京师范大学泰州学院,9,174679
2024,1,14,英语(师范类),D843,南京师范大学泰州学院,9,184900
2024,1,33,电气工程及其自动化,D843,南京师范大学泰州学院,10,275782
2024,1,37,制药工程,D843,南京师范大学泰州学院,9,307820
2024,1,38,风景园林,D843,南京师范大学泰州学院,9,212842
2024,1,0D,法学,D844,东莞城市学院,2,195556
2024,1,0F,小学教育,D844,东莞城市学院,2,231741
2024,1,0H,英语,D844,东莞城市学院,2,230193
2024,1,0V,计算机科学与技术,D844,东莞城市学院,2,303847
2024,1,0W,软件工程,D844,东莞城市学院,2,306480
2024,1,0X,物联网工程,D844,东莞城市学院,2,312234
2024,1,0Y,数据科学与大数据技术,D844,东莞城市学院,2,301816
2024,1,18,人力资源管理,D844,东莞城市学院,2,230443
2024,1,01,数字经济,D857,山东华宇工学院,50,229215
2024,1,02,商务英语,D857,山东华宇工学院,43,212689
2024,1,03,机械设计制造及其自动化,D857,山东华宇工学院,45,299300
2024,1,04,材料成型及控制工程,D857,山东华宇工学院,45,318260
2024,1,05,机械电子工程,D857,山东华宇工学院,45,317839
2024,1,06,车辆工程,D857,山东华宇工学院,45,317227
2024,1,07,汽车服务工程,D857,山东华宇工学院,45,315942
2024,1,08,智能制造工程,D857,山东华宇工学院,90,316796
2024,1,09,新能源汽车工程,D857,山东华宇工学院,95,317780
2024,1,10,测控技术与仪器,D857,山东华宇工学院,90,318526
2024,1,11,能源与动力工程,D857,山东华宇工学院,90,316726
2024,1,12,新能源科学与工程,D857,山东华宇工学院,90,317664
2024,1,13,电气工程及其自动化,D857,山东华宇工学院,90,297679
2024,1,14,电气工程与智能控制,D857,山东华宇工学院,95,317642
2024,1,15,电子信息工程,D857,山东华宇工学院,140,318061
2024,1,16,自动化,D857,山东华宇工学院,90,318769
2024,1,17,机器人工程,D857,山东华宇工学院,90,317201
2024,1,18,软件工程,D857,山东华宇工学院,90,317727
2024,1,19,网络工程,D857,山东华宇工学院,90,314541
2024,1,20,物联网工程,D857,山东华宇工学院,90,316762
2024,1,21,数字媒体技术,D857,山东华宇工学院,137,318259
2024,1,22,数据科学与大数据技术,D857,山东华宇工学院,95,317394
2024,1,23,建筑环境与能源应用工程,D857,山东华宇工学院,90,317550
2024,1,24,道路桥梁与渡河工程,D857,山东华宇工学院,45,317509
2024,1,25,智能建造,D857,山东华宇工学院,95,317454
2024,1,26,信息管理与信息系统,D857,山东华宇工学院,45,226629
2024,1,27,工程管理,D857,山东华宇工学院,90,246077
2024,1,29,工程造价,D857,山东华宇工学院,45,239459
2024,1,30,财务管理,D857,山东华宇工学院,40,195613
2024,1,31,物流工程,D857,山东华宇工学院,45,234311
2024,1,32,工业工程,D857,山东华宇工学院,45,234551
2024,1,4A,建筑装饰工程,D874,山东外事职业大学,119,237247
2024,1,4B,工程造价,D874,山东外事职业大学,120,274231
2024,1,4C,计算机应用工程,D874,山东外事职业大学,45,253423
2024,1,4D,软件工程技术,D874,山东外事职业大学,90,264304
2024,1,4E,大数据工程技术,D874,山东外事职业大学,90,268866
2024,1,4F,虚拟现实技术,D874,山东外事职业大学,90,276189
2024,1,4G,人工智能工程技术,D874,山东外事职业大学,90,269663
2024,1,4H,金融管理,D874,山东外事职业大学,45,222419
2024,1,4J,大数据与会计,D874,山东外事职业大学,45,211135
2024,1,4K,国际经济与贸易,D874,山东外事职业大学,90,228043
2024,1,4L,市场营销,D874,山东外事职业大学,40,236921
2024,1,4M,电子商务,D874,山东外事职业大学,45,235284
2024,1,4N,现代物流管理,D874,山东外事职业大学,90,232601
2024,1,4Q,应用英语,D874,山东外事职业大学,90,233075
2024,1,4R,应用日语,D874,山东外事职业大学,40,236946
2024,1,4S,应用韩语,D874,山东外事职业大学,40,240066
2024,1,4T,应用外语(德语),D874,山东外事职业大学,40,241723
2024,1,4U,中文国际教育,D874,山东外事职业大学,80,227176
2024,1,4V,应用法语,D874,山东外事职业大学,40,240537
2024,1,4W,外事实务,D874,山东外事职业大学,80,237825
2024,1,05,机械设计制造及其自动化,D891,保定理工学院,3,286210
2024,1,06,电气工程及其自动化,D891,保定理工学院,3,286702
2024,1,07,土木工程,D891,保定理工学院,3,298705
2024,1,10,工商管理,D891,保定理工学院,3,212702
2024,1,12,会计学,D891,保定理工学院,6,196765
2024,1,13,财务管理,D891,保定理工学院,3,197441
2024,1,15,电子信息工程,D891,保定理工学院,3,310513
2024,1,17,物联网工程,D891,保定理工学院,3,289111
2024,1,20,计算机科学与技术,D891,保定理工学院,6,315765
2024,1,21,金融工程,D891,保定理工学院,3,233307
2024,1,23,学前教育,D891,保定理工学院,5,213857
2024,1,24,小学教育,D891,保定理工学院,6,201383
2024,1,26,数据科学与大数据技术,D891,保定理工学院,3,300169
2024,1,27,土木工程(中外合作办学),D891,保定理工学院,5,307144
2024,1,25,法学(自贸港法律),D892,三亚学院,2,179543
2024,1,37,汉语言文学,D892,三亚学院,2,206041
2024,1,G1,金融科技,D892,三亚学院,3,256226
2024,1,G2,数字经济,D892,三亚学院,3,264425
2024,1,G3,投资学,D892,三亚学院,2,235264
2024,1,G4,区块链工程,D892,三亚学院,3,313006
2024,1,G8,国际经济与贸易(中外合作办学),D892,三亚学院,2,224939
2024,1,06,人工智能(双语教学),D893,上海师范大学天华学院,3,280701
2024,1,25,财务管理(双语教学，特许金融分析师培养),D893,上海师范大学天华学院,5,207659
2024,1,00,英语,D894,西安明德理工学院,3,220668
2024,1,01,翻译,D894,西安明德理工学院,2,227662
2024,1,02,德语,D894,西安明德理工学院,2,228079
2024,1,03,日语,D894,西安明德理工学院,2,224975
2024,1,05,金融学,D894,西安明德理工学院,4,220359
2024,1,07,国际经济与贸易,D894,西安明德理工学院,2,215026
2024,1,08,市场营销,D894,西安明德理工学院,4,230610
2024,1,09,会计学,D894,西安明德理工学院,5,210092
2024,1,11,计算机科学与技术,D894,西安明德理工学院,4,315857
2024,1,12,软件工程,D894,西安明德理工学院,3,290941
2024,1,14,数据科学与大数据技术,D894,西安明德理工学院,3,307182
2024,1,16,通信工程,D894,西安明德理工学院,3,271322
2024,1,17,人工智能,D894,西安明德理工学院,2,304844
2024,1,18,机械设计制造及其自动化,D894,西安明德理工学院,3,302313
2024,1,20,电气工程及其自动化,D894,西安明德理工学院,2,296576
2024,1,22,智能装备与系统,D894,西安明德理工学院,2,286443
2024,1,23,飞行器制造工程,D894,西安明德理工学院,2,315677
2024,1,24,无人驾驶航空器系统工程,D894,西安明德理工学院,2,289660
2024,1,25,工业设计,D894,西安明德理工学院,4,313245
2024,1,32,金融科技,D894,西安明德理工学院,2,241964
2024,1,01,自动化,D897,天津理工大学中环信息学院,1,242707
2024,1,02,电气工程及其自动化,D897,天津理工大学中环信息学院,2,178348
2024,1,03,电气工程与智能控制,D897,天津理工大学中环信息学院,1,258381
2024,1,04,智能电网信息工程,D897,天津理工大学中环信息学院,1,264578
2024,1,05,机械设计制造及其自动化,D897,天津理工大学中环信息学院,2,263343
2024,1,06,机械电子工程,D897,天津理工大学中环信息学院,1,239443
2024,1,07,机器人工程,D897,天津理工大学中环信息学院,1,253473
2024,1,08,电子信息科学与技术,D897,天津理工大学中环信息学院,1,268820
2024,1,09,电子信息工程,D897,天津理工大学中环信息学院,1,275849
2024,1,0A,通信工程,D897,天津理工大学中环信息学院,1,286992
2024,1,0B,物联网工程,D897,天津理工大学中环信息学院,1,260195
2024,1,0C,人工智能,D897,天津理工大学中环信息学院,1,263816
2024,1,0D,计算机科学与技术,D897,天津理工大学中环信息学院,1,248754
2024,1,0E,软件工程,D897,天津理工大学中环信息学院,1,118859
2024,1,0F,数字媒体技术,D897,天津理工大学中环信息学院,1,195138
2024,1,0G,数据科学与大数据技术,D897,天津理工大学中环信息学院,1,130187
2024,1,0H,工程管理,D897,天津理工大学中环信息学院,1,202112
2024,1,0J,财务管理,D897,天津理工大学中环信息学院,1,176314
2024,1,0K,物流管理,D897,天津理工大学中环信息学院,1,177911
2024,1,0L,人力资源管理,D897,天津理工大学中环信息学院,1,179946
2024,1,01,土木工程,D898,北京科技大学天津学院,2,291001
2024,1,03,材料科学与工程,D898,北京科技大学天津学院,2,271215
2024,1,04,环境工程,D898,北京科技大学天津学院,2,291023
2024,1,05,智能制造工程,D898,北京科技大学天津学院,2,260961
2024,1,0C,无人驾驶航空器系统工程,D898,北京科技大学天津学院,2,244975
2024,1,0E,国际经济与贸易,D898,北京科技大学天津学院,2,181910
2024,1,0H,护理学,D898,北京科技大学天津学院,2,181337
2024,1,0K,英语,D898,北京科技大学天津学院,2,189642
2024,1,0M,朝鲜语,D898,北京科技大学天津学院,2,202658
2024,1,0N,法学,D898,北京科技大学天津学院,2,121134
2024,1,0P,知识产权,D898,北京科技大学天津学院,3,166642
2024,1,01,中医学,D899,北京中医药大学东方学院,4,141145
2024,1,03,针灸推拿学,D899,北京中医药大学东方学院,4,156214
2024,1,05,中西医临床医学,D899,北京中医药大学东方学院,4,159173
2024,1,07,药学,D899,北京中医药大学东方学院,3,279492
2024,1,09,药事管理,D899,北京中医药大学东方学院,3,203069
2024,1,11,中药学,D899,北京中医药大学东方学院,3,226819
2024,1,13,中药制药,D899,北京中医药大学东方学院,3,244839
2024,1,17,医学检验技术,D899,北京中医药大学东方学院,4,248600
2024,1,19,医学影像技术,D899,北京中医药大学东方学院,4,269652
2024,1,21,眼视光学,D899,北京中医药大学东方学院,4,256570
2024,1,23,康复治疗学,D899,北京中医药大学东方学院,4,242458
2024,1,25,口腔医学技术,D899,北京中医药大学东方学院,4,253432
2024,1,27,护理学,D899,北京中医药大学东方学院,4,167112
2024,1,29,工商管理,D899,北京中医药大学东方学院,3,198907
2024,1,31,市场营销,D899,北京中医药大学东方学院,3,199919
2024,1,33,公共事业管理,D899,北京中医药大学东方学院,3,198471
2024,1,35,健康服务与管理,D899,北京中医药大学东方学院,3,197600
2024,1,05,计算机科学与技术,D901,北京邮电大学世纪学院,1,218016
2024,1,01,汉语言文学,D902,广州新华学院,2,186535
2024,1,02,法学,D902,广州新华学院,2,187071
2024,1,03,英语,D902,广州新华学院,2,227949
2024,1,14,行政管理,D902,广州新华学院,2,212347
2024,1,16,人力资源管理,D902,广州新华学院,2,221322
2024,1,24,金融工程,D902,广州新华学院,2,227427
2024,1,25,数字媒体技术,D902,广州新华学院,3,312258
2024,1,34,护理学,D902,广州新华学院,2,214203
2024,1,35,药学,D902,广州新华学院,2,311973
2024,1,38,康复治疗学,D902,广州新华学院,3,285689
2024,1,39,听力与言语康复学,D902,广州新华学院,2,278336
2024,1,41,自然地理与资源环境,D902,广州新华学院,2,215016
2024,1,42,信息资源管理,D902,广州新华学院,2,222360
2024,1,A1,汉语言文学,D903,成都锦城学院,4,168368
2024,1,A3,新闻学,D903,成都锦城学院,4,189570
2024,1,A6,行政管理,D903,成都锦城学院,4,196091
2024,1,B8,人工智能,D903,成都锦城学院,9,288139
2024,1,C3,工程管理,D903,成都锦城学院,3,219897
2024,1,C4,工程造价,D903,成都锦城学院,5,213374
2024,1,C5,土木工程,D903,成都锦城学院,6,310457
2024,1,C7,工商管理类,D903,成都锦城学院,8,208739
2024,1,C8,供应链管理,D903,成都锦城学院,4,200195
2024,1,C9,物流管理,D903,成都锦城学院,4,207023
2024,1,D1,大数据管理与应用,D903,成都锦城学院,4,210566
2024,1,D3,审计学,D903,成都锦城学院,7,184371
2024,1,D4,会计学,D903,成都锦城学院,4,179591
2024,1,D5,财务管理,D903,成都锦城学院,5,184737
2024,1,D6,经济统计学,D903,成都锦城学院,5,204130
2024,1,D7,英语,D903,成都锦城学院,4,199936
2024,1,D8,商务英语,D903,成都锦城学院,4,203755
2024,1,D9,日语,D903,成都锦城学院,2,205012
2024,1,E1,法语,D903,成都锦城学院,2,205087
2024,1,E2,电子信息类,D903,成都锦城学院,5,276265
2024,1,E4,物联网工程,D903,成都锦城学院,6,288503
2024,1,E5,智能科学与技术,D903,成都锦城学院,4,273905
2024,1,E6,机械设计制造及其自动化,D903,成都锦城学院,4,288561
2024,1,E7,机械电子工程,D903,成都锦城学院,4,271666
2024,1,E8,机器人工程,D903,成都锦城学院,4,288508
2024,1,E9,智能工程与创意设计,D903,成都锦城学院,4,298706
2024,1,F1,新媒体技术,D903,成都锦城学院,4,296355
2024,1,F2,汽车服务工程,D903,成都锦城学院,4,307339
2024,1,F3,金融学类,D903,成都锦城学院,3,197854
2024,1,F4,投资学,D903,成都锦城学院,3,209798
2024,1,F5,国际商务,D903,成都锦城学院,3,210469
2024,1,F6,国际经济与贸易,D903,成都锦城学院,3,196610
2024,1,02,财务管理,D904,北京工业大学耿丹学院,2,197564
2024,1,12,计算机类,D904,北京工业大学耿丹学院,2,272459
2024,1,03,人力资源管理,D905,南京工业大学浦江学院,2,177457
2024,1,07,慈善管理,D905,南京工业大学浦江学院,2,197187
2024,1,15,计算机科学与技术,D905,南京工业大学浦江学院,2,282300
2024,1,20,建筑学,D905,南京工业大学浦江学院,2,208475
2024,1,22,机械工程,D905,南京工业大学浦江学院,2,242357
2024,1,23,土木工程,D905,南京工业大学浦江学院,3,297984
2024,1,29,建筑环境与能源应用工程,D905,南京工业大学浦江学院,2,293148
2024,1,40,食品科学与工程,D905,南京工业大学浦江学院,2,270910
2024,1,3A,会计学,D906,南京师范大学中北学院,4,174367
2024,1,4B,行政管理,D906,南京师范大学中北学院,2,181884
2024,1,5B,电子信息工程,D906,南京师范大学中北学院,3,264577
2024,1,6B,电气工程及其自动化,D906,南京师范大学中北学院,3,263645
2024,1,1Q,智能制造工程技术,D920,广西城市职业大学,5,264021
2024,1,1X,大数据工程技术,D920,广西城市职业大学,5,268656
2024,1,2A,应用英语,D920,广西城市职业大学,5,242686
2024,1,11,轨道交通信号与控制,D924,湖南交通工程学院,2,300213
2024,1,17,铁道工程,D924,湖南交通工程学院,2,301153
2024,1,19,交通工程,D924,湖南交通工程学院,2,305298
2024,1,21,护理学,D924,湖南交通工程学院,2,223108
2024,1,25,财务管理,D924,湖南交通工程学院,2,209438
2024,1,01,汉语言文学,D957,辽宁传媒学院,15,207506
2024,1,02,新闻学,D957,辽宁传媒学院,5,220956
2024,1,03,广播电视学,D957,辽宁传媒学院,5,235452
2024,1,04,广告学,D957,辽宁传媒学院,5,235579
2024,1,06,网络与新媒体,D957,辽宁传媒学院,25,230450
2024,1,08,数字媒体技术,D957,辽宁传媒学院,20,314570
2024,1,10,工程造价,D957,辽宁传媒学院,5,266924
2024,1,12,文化产业管理,D957,辽宁传媒学院,5,225597
2024,1,13,电子商务及法律,D957,辽宁传媒学院,5,230212
2024,1,15,戏剧影视文学,D957,辽宁传媒学院,5,247986
2024,1,16,广播电视编导,D957,辽宁传媒学院,5,242560
2024,1,01,临床医学,D980,南京医科大学康达学院,5,133650
2024,1,04,预防医学,D980,南京医科大学康达学院,3,204150
2024,1,06,药学,D980,南京医科大学康达学院,3,271816
2024,1,11,康复治疗学,D980,南京医科大学康达学院,2,219501
2024,1,12,医学信息工程,D980,南京医科大学康达学院,1,93825
2024,1,13,护理学,D980,南京医科大学康达学院,3,159480
2024,1,15,公共事业管理(卫生事业管理),D980,南京医科大学康达学院,1,179894
2024,1,16,健康服务与管理,D980,南京医科大学康达学院,1,183992
2024,1,17,医疗保险,D980,南京医科大学康达学院,1,187286
2024,1,01,物联网工程,D982,无锡学院,2,89896
2024,1,02,计算机科学与技术,D982,无锡学院,2,85550
2024,1,07,电子信息工程,D982,无锡学院,2,91050
2024,1,08,电子科学与技术,D982,无锡学院,2,103231
2024,1,13,集成电路设计与集成系统,D982,无锡学院,2,94394
2024,1,14,自动化,D982,无锡学院,2,93473
2024,1,15,电气工程及其自动化,D982,无锡学院,2,91437
2024,1,20,轨道交通信号与控制,D982,无锡学院,2,114651
2024,1,23,环境科学与工程,D982,无锡学院,2,117120
2024,1,25,大气科学,D982,无锡学院,5,88305
2024,1,35,会计学,D982,无锡学院,2,87889
2024,1,39,法学,D982,无锡学院,2,75429
2024,1,01,环境工程,D985,苏州科技大学天平学院,2,262384
2024,1,05,风景园林,D985,苏州科技大学天平学院,2,191841
2024,1,15,物流管理,D985,苏州科技大学天平学院,4,205357
2024,1,16,酒店管理,D985,苏州科技大学天平学院,4,205349
2024,1,21,英语,D985,苏州科技大学天平学院,4,202711
2024,1,22,日语,D985,苏州科技大学天平学院,4,202744
2024,1,02,公共事业管理,D986,江苏大学京江学院,2,188403
2024,1,04,护理学,D986,江苏大学京江学院,1,157351
2024,1,06,能源经济,D986,江苏大学京江学院,3,191601
2024,1,07,人力资源管理,D986,江苏大学京江学院,2,184175
2024,1,08,市场营销,D986,江苏大学京江学院,3,192298
2024,1,11,英语,D986,江苏大学京江学院,3,188666
2024,1,13,材料成型及控制工程,D986,江苏大学京江学院,4,284291
2024,1,14,车辆工程,D986,江苏大学京江学院,1,46839
2024,1,15,电气工程及其自动化,D986,江苏大学京江学院,4,248830
2024,1,17,电子信息工程,D986,江苏大学京江学院,2,263858
2024,1,18,工业工程,D986,江苏大学京江学院,3,196116
2024,1,20,机械电子工程,D986,江苏大学京江学院,5,282150
2024,1,21,机械设计制造及其自动化,D986,江苏大学京江学院,4,274207
2024,1,22,计算机科学与技术,D986,江苏大学京江学院,5,256580
2024,1,33,通信工程,D986,江苏大学京江学院,1,245082
2024,1,37,医学检验技术,D986,江苏大学京江学院,3,272198
2024,1,59,能源与动力工程,D986,江苏大学京江学院,4,278312
2024,1,07,市场营销,D987,扬州大学广陵学院,2,194134
2024,1,12,机械设计制造及其自动化,D987,扬州大学广陵学院,2,267027
2024,1,19,电气工程及其自动化,D987,扬州大学广陵学院,3,260769
2024,1,43,国际经济与贸易,D987,扬州大学广陵学院,3,185185
2024,1,1E,互联网金融,D988,江苏师范大学科文学院,2,198340
2024,1,1F,金融科技,D988,江苏师范大学科文学院,3,206590
2024,1,1J,汉语言文学,D988,江苏师范大学科文学院,4,148399
2024,1,1Z,广播电视编导,D988,江苏师范大学科文学院,5,214446
2024,1,62,机器人工程,D988,江苏师范大学科文学院,3,281123
2024,1,64,软件工程,D988,江苏师范大学科文学院,5,289702
2024,1,01,金融工程,D989,南京邮电大学通达学院,2,201941
2024,1,02,广告学,D989,南京邮电大学通达学院,4,189309
2024,1,03,电气工程及其自动化,D989,南京邮电大学通达学院,2,229901
2024,1,04,电子科学与技术,D989,南京邮电大学通达学院,2,242192
2024,1,05,通信工程,D989,南京邮电大学通达学院,4,246153
2024,1,0A,计算机科学与技术,D989,南京邮电大学通达学院,3,246801
2024,1,0E,数字媒体技术,D989,南京邮电大学通达学院,2,217086
2024,1,0H,财务管理,D989,南京邮电大学通达学院,3,166760
2024,1,03,法学,D990,南京财经大学红山学院,6,154930
2024,1,04,英语,D990,南京财经大学红山学院,4,199940
2024,1,05,市场营销,D990,南京财经大学红山学院,4,197629
2024,1,06,会计学,D990,南京财经大学红山学院,4,172151
2024,1,07,审计学,D990,南京财经大学红山学院,5,173100
2024,1,08,人力资源管理,D990,南京财经大学红山学院,4,192490
2024,1,09,金融学,D990,南京财经大学红山学院,5,187083
2024,1,11,税收学,D990,南京财经大学红山学院,4,186127
2024,1,12,工商管理,D990,南京财经大学红山学院,4,189550
2024,1,13,财务管理,D990,南京财经大学红山学院,4,174729
2024,1,14,电子商务,D990,南京财经大学红山学院,4,194854
2024,1,15,物流管理,D990,南京财经大学红山学院,4,199363
2024,1,01,船舶与海洋工程,D991,江苏科技大学苏州理工学院,3,247968
2024,1,04,机械设计制造及其自动化,D991,江苏科技大学苏州理工学院,2,231838
2024,1,06,能源与动力工程,D991,江苏科技大学苏州理工学院,2,263495
2024,1,08,计算机科学与技术,D991,江苏科技大学苏州理工学院,2,221024
2024,1,0J,财务管理,D991,江苏科技大学苏州理工学院,2,167670
2024,1,01,国际经济与贸易,D992,常州大学怀德学院,2,199712
2024,1,02,会计学,D992,常州大学怀德学院,2,180082
2024,1,03,市场营销,D992,常州大学怀德学院,2,200160
2024,1,0C,机械设计制造及其自动化,D992,常州大学怀德学院,3,297926
2024,1,0G,计算机科学与技术,D992,常州大学怀德学院,3,261388
2024,1,0J,高分子材料与工程,D992,常州大学怀德学院,3,295899
2024,1,16,海洋技术,D993,南通大学杏林学院,16,318078
2024,1,17,电子信息工程,D993,南通大学杏林学院,9,296087
2024,1,22,机械工程,D993,南通大学杏林学院,10,314555
2024,1,13,审计学,D994,南京审计大学金审学院,4,157706
2024,1,14,会计学,D994,南京审计大学金审学院,3,157567
2024,1,15,财务管理,D994,南京审计大学金审学院,2,162831
2024,1,16,金融学,D994,南京审计大学金审学院,3,178420
2024,1,17,保险学,D994,南京审计大学金审学院,1,179855
2024,1,20,工商管理,D994,南京审计大学金审学院,1,165273
2024,1,24,信息管理与信息系统,D994,南京审计大学金审学院,1,185195
2024,1,25,计算机科学与技术,D994,南京审计大学金审学院,2,221753
2024,1,26,信息安全,D994,南京审计大学金审学院,2,229276
2024,1,27,学前教育(师范类),D994,南京审计大学金审学院,1,181893
2024,1,01,机械设计制造及其自动化,D995,青岛工学院,45,317482
2024,1,02,自动化,D995,青岛工学院,26,314558
2024,1,03,工业设计,D995,青岛工学院,25,314401
2024,1,04,能源与动力工程,D995,青岛工学院,26,311992
2024,1,05,电气工程及其自动化,D995,青岛工学院,48,314995
2024,1,07,计算机科学与技术,D995,青岛工学院,6,274259
2024,1,08,电子信息工程,D995,青岛工学院,14,309927
2024,1,09,通信工程,D995,青岛工学院,23,302597
2024,1,10,软件工程,D995,青岛工学院,65,316787
2024,1,11,数字媒体技术,D995,青岛工学院,16,317021
2024,1,12,物联网工程,D995,青岛工学院,27,315477
2024,1,13,网络工程,D995,青岛工学院,26,310504
2024,1,14,信息安全,D995,青岛工学院,14,310621
2024,1,16,土木工程,D995,青岛工学院,72,316792
2024,1,17,工程管理,D995,青岛工学院,76,256094
2024,1,19,建筑学,D995,青岛工学院,22,218697
2024,1,20,食品科学与工程,D995,青岛工学院,101,317485
2024,1,21,食品营养与检验教育,D995,青岛工学院,23,318413
2024,1,22,食品质量与安全,D995,青岛工学院,13,317932
2024,1,23,化学工程与工业生物工程,D995,青岛工学院,59,317815
2024,1,24,英语,D995,青岛工学院,8,202682
2024,1,25,日语,D995,青岛工学院,16,212724
2024,1,26,德语,D995,青岛工学院,16,220900
2024,1,27,电子商务,D995,青岛工学院,11,209287
2024,1,28,物流管理,D995,青岛工学院,18,208893
2024,1,29,国际商务,D995,青岛工学院,21,218199
2024,1,30,金融工程,D995,青岛工学院,9,219235
2024,1,31,工商管理,D995,青岛工学院,8,199050
2024,1,32,市场营销,D995,青岛工学院,21,216881
2024,1,33,人力资源管理,D995,青岛工学院,7,198388
2024,1,34,审计学,D995,青岛工学院,10,184324
2024,1,35,汉语言文学,D995,青岛工学院,15,184313
2024,1,47,知识产权,D995,青岛工学院,27,192565
2024,1,48,人工智能,D995,青岛工学院,65,317323
2024,1,64,财务管理,D995,青岛工学院,17,191938
2024,1,65,数据科学与大数据技术,D995,青岛工学院,38,310258
2024,1,66,应用心理学,D995,青岛工学院,71,217459
2024,1,68,俄语,D995,青岛工学院,14,217756
2024,1,69,智能制造工程,D995,青岛工学院,28,318182
2024,1,70,社会工作,D995,青岛工学院,21,212234
2024,1,01,财务管理,D997,青岛农业大学海都学院,30,181839
2024,1,03,电气工程及其自动化,D997,青岛农业大学海都学院,50,274165
2024,1,05,工程造价,D997,青岛农业大学海都学院,45,218592
2024,1,07,动物医学,D997,青岛农业大学海都学院,35,276204
2024,1,09,国际经济与贸易,D997,青岛农业大学海都学院,7,186868
2024,1,10,机械设计制造及其自动化,D997,青岛农业大学海都学院,45,283551
2024,1,11,集成电路设计与集成系统,D997,青岛农业大学海都学院,11,289064
2024,1,12,计算机科学与技术,D997,青岛农业大学海都学院,44,279118
2024,1,14,食品科学与工程,D997,青岛农业大学海都学院,22,293058
2024,1,15,食品质量与安全,D997,青岛农业大学海都学院,9,285820
2024,1,21,数据科学与大数据技术,D997,青岛农业大学海都学院,17,280657
2024,1,23,虚拟现实技术,D997,青岛农业大学海都学院,25,294914
2024,1,24,应用心理学,D997,青岛农业大学海都学院,30,199539
2024,1,25,园林,D997,青岛农业大学海都学院,10,203108
2024,1,26,园艺,D997,青岛农业大学海都学院,14,305280
2024,1,28,智能科学与技术,D997,青岛农业大学海都学院,19,283161
2024,1,29,智能制造工程,D997,青岛农业大学海都学院,26,290704
2024,1,01,计算机科学与技术,D998,齐鲁理工学院,42,293126
2024,1,02,电子信息工程,D998,齐鲁理工学院,41,317548
2024,1,03,数据科学与大数据技术,D998,齐鲁理工学院,36,316867
2024,1,04,通信工程,D998,齐鲁理工学院,65,317520
2024,1,05,人工智能,D998,齐鲁理工学院,64,318021
2024,1,06,软件工程,D998,齐鲁理工学院,45,317298
2024,1,07,智能科学与技术,D998,齐鲁理工学院,50,317759
2024,1,08,自动化,D998,齐鲁理工学院,60,317493
2024,1,09,智能制造工程,D998,齐鲁理工学院,32,314425
2024,1,10,电气工程及其自动化,D998,齐鲁理工学院,34,292163
2024,1,11,机器人工程,D998,齐鲁理工学院,56,318022
2024,1,12,机械设计制造及其自动化,D998,齐鲁理工学院,57,318433
2024,1,13,工业智能,D998,齐鲁理工学院,57,315678
2024,1,14,生物工程,D998,齐鲁理工学院,48,307646
2024,1,15,生物制药,D998,齐鲁理工学院,49,317936
2024,1,16,生物医学工程,D998,齐鲁理工学院,46,314827
2024,1,17,化学工程与工艺,D998,齐鲁理工学院,19,315717
2024,1,18,制药工程,D998,齐鲁理工学院,55,313349
2024,1,19,精细化工,D998,齐鲁理工学院,55,314731
2024,1,20,护理学,D998,齐鲁理工学院,30,205893
2024,1,21,医学影像技术,D998,齐鲁理工学院,33,307213
2024,1,22,医学检验技术,D998,齐鲁理工学院,36,315120
2024,1,23,中药学,D998,齐鲁理工学院,23,311057
2024,1,24,康复治疗学,D998,齐鲁理工学院,34,318589
2024,1,25,智能影像工程,D998,齐鲁理工学院,46,312709
2024,1,26,土木工程,D998,齐鲁理工学院,29,317285
2024,1,27,智能建造,D998,齐鲁理工学院,44,318452
2024,1,28,测绘工程,D998,齐鲁理工学院,45,296909
2024,1,29,工程造价,D998,齐鲁理工学院,44,251797
2024,1,30,工程管理,D998,齐鲁理工学院,48,257301
2024,1,31,贸易经济,D998,齐鲁理工学院,36,223773
2024,1,32,金融学,D998,齐鲁理工学院,37,211778
2024,1,33,会计学,D998,齐鲁理工学院,39,194256
2024,1,34,跨境电子商务,D998,齐鲁理工学院,50,229910
2024,1,35,投资学,D998,齐鲁理工学院,45,226258
2024,1,36,工商管理,D998,齐鲁理工学院,47,213421
2024,1,37,新闻学,D998,齐鲁理工学院,40,216863
2024,1,38,新媒体技术,D998,齐鲁理工学院,44,316804
2024,1,39,网络与新媒体,D998,齐鲁理工学院,50,220476
2024,1,40,学前教育(师范类),D998,齐鲁理工学院,28,205204
2024,1,42,汉语言文学,D998,齐鲁理工学院,61,190967
2024,1,43,秘书学,D998,齐鲁理工学院,70,217296
2024,1,44,英语,D998,齐鲁理工学院,59,217962
2024,1,45,中国语言与文化,D998,齐鲁理工学院,68,219841
2024,1,52,旅游管理,D998,齐鲁理工学院,64,227881
2024,1,01,会计学,D999,山东财经大学东方学院,30,165260
2024,1,03,审计学,D999,山东财经大学东方学院,15,168832
2024,1,04,税收学,D999,山东财经大学东方学院,20,180056
2024,1,05,金融学,D999,山东财经大学东方学院,47,188993
2024,1,07,数字经济,D999,山东财经大学东方学院,20,203075
2024,1,08,金融科技,D999,山东财经大学东方学院,20,206420
2024,1,10,国际商务,D999,山东财经大学东方学院,15,194534
2024,1,12,商务英语,D999,山东财经大学东方学院,15,191914
2024,1,13,电子商务,D999,山东财经大学东方学院,15,189901
2024,1,14,数据科学与大数据技术,D999,山东财经大学东方学院,47,277338
2024,1,16,工商管理,D999,山东财经大学东方学院,15,182650
2024,1,18,市场营销,D999,山东财经大学东方学院,15,192184
2024,1,19,新闻学,D999,山东财经大学东方学院,15,184947
2024,1,28,统计学,D999,山东财经大学东方学院,20,273853
2024,1,01,新闻学,E000,潍坊理工学院,50,207600
2024,1,02,广播电视编导,E000,潍坊理工学院,50,217177
2024,1,04,电子信息工程,E000,潍坊理工学院,45,314345
2024,1,05,机器人工程,E000,潍坊理工学院,50,315291
2024,1,06,自动化,E000,潍坊理工学院,50,315746
2024,1,07,物联网工程,E000,潍坊理工学院,50,317908
2024,1,08,能源与动力工程,E000,潍坊理工学院,80,317812
2024,1,09,新能源科学与工程,E000,潍坊理工学院,50,316910
2024,1,10,风景园林,E000,潍坊理工学院,50,210447
2024,1,11,生物科学,E000,潍坊理工学院,49,314969
2024,1,12,化学,E000,潍坊理工学院,39,315319
2024,1,13,园艺,E000,潍坊理工学院,40,310277
2024,1,14,智慧农业,E000,潍坊理工学院,40,317868
2024,1,15,植物保护,E000,潍坊理工学院,40,316683
2024,1,16,酿酒工程,E000,潍坊理工学院,40,316715
2024,1,17,商务英语,E000,潍坊理工学院,60,212646
2024,1,18,英语,E000,潍坊理工学院,46,205089
2024,1,19,汉语言文学,E000,潍坊理工学院,114,190157
2024,1,21,应用心理学,E000,潍坊理工学院,30,205311
2024,1,22,文物与博物馆学,E000,潍坊理工学院,35,206999
2024,1,24,审计学,E000,潍坊理工学院,50,193718
2024,1,25,人力资源管理,E000,潍坊理工学院,50,204593
2024,1,26,思想政治教育,E000,潍坊理工学院,100,197477
2024,1,27,金融工程,E000,潍坊理工学院,40,230286
2024,1,28,工商管理,E000,潍坊理工学院,38,202662
2024,1,29,国际经济与贸易,E000,潍坊理工学院,40,207842
2024,1,31,无人驾驶航空器系统工程,E000,潍坊理工学院,50,316835
2024,1,32,电气工程及其自动化,E000,潍坊理工学院,80,306427
2024,1,33,数据科学与大数据技术,E000,潍坊理工学院,60,317841
2024,1,34,计算机科学与技术,E000,潍坊理工学院,90,317695
2024,1,35,网络空间安全,E000,潍坊理工学院,30,316815
2024,1,73,财务管理,E000,潍坊理工学院,50,195917
2024,1,C4,旅游管理,E000,潍坊理工学院,20,212461
2024,1,C6,信息管理与信息系统,E000,潍坊理工学院,10,206624
2024,1,02,金融工程,E001,聊城大学东昌学院,17,200016
2024,1,03,学前教育(师范类),E001,聊城大学东昌学院,12,182337
2024,1,04,汉语言文学,E001,聊城大学东昌学院,10,163177
2024,1,05,汉语国际教育,E001,聊城大学东昌学院,14,180035
2024,1,06,英语,E001,聊城大学东昌学院,4,177113
2024,1,08,网络与新媒体,E001,聊城大学东昌学院,21,183930
2024,1,09,数学与应用数学,E001,聊城大学东昌学院,20,283300
2024,1,11,应用化学,E001,聊城大学东昌学院,29,288842
2024,1,13,机械设计制造及其自动化,E001,聊城大学东昌学院,29,265908
2024,1,14,电气工程及其自动化,E001,聊城大学东昌学院,34,259851
2024,1,15,数据科学与大数据技术,E001,聊城大学东昌学院,28,269614
2024,1,16,食品质量与安全,E001,聊城大学东昌学院,38,295607
2024,1,17,生物工程,E001,聊城大学东昌学院,33,298114
2024,1,19,工程造价,E001,聊城大学东昌学院,44,206520
2024,1,20,会计学,E001,聊城大学东昌学院,22,173789
2024,1,21,电子信息工程,E001,聊城大学东昌学院,50,274427
2024,1,22,软件工程,E001,聊城大学东昌学院,45,273721
2024,1,23,计算机科学与技术,E001,聊城大学东昌学院,36,262303
2024,1,25,智能制造工程,E001,聊城大学东昌学院,30,274677
2024,1,G1,经济学,E002,烟台科技学院,20,196151
2024,1,G2,数字经济,E002,烟台科技学院,75,241363
2024,1,G3,金融工程,E002,烟台科技学院,40,233577
2024,1,G4,国际经济与贸易,E002,烟台科技学院,25,202051
2024,1,G5,汉语言文学,E002,烟台科技学院,10,177504
2024,1,G6,英语,E002,烟台科技学院,10,197259
2024,1,G7,商务英语,E002,烟台科技学院,10,205124
2024,1,G8,新闻学,E002,烟台科技学院,15,197022
2024,1,H1,广告学,E002,烟台科技学院,25,207093
2024,1,H3,机械设计制造及其自动化,E002,烟台科技学院,25,286487
2024,1,H4,智能制造工程,E002,烟台科技学院,15,314365
2024,1,H5,电气工程及其自动化,E002,烟台科技学院,35,282660
2024,1,H6,人工智能,E002,烟台科技学院,70,318400
2024,1,H7,海洋信息工程,E002,烟台科技学院,35,315340
2024,1,H9,机器人工程,E002,烟台科技学院,75,318395
2024,1,J1,计算机科学与技术,E002,烟台科技学院,160,318728
2024,1,J2,软件工程,E002,烟台科技学院,20,273347
2024,1,J3,网络工程,E002,烟台科技学院,30,317144
2024,1,J4,物联网工程,E002,烟台科技学院,30,313355
2024,1,J5,数据科学与大数据技术,E002,烟台科技学院,30,303287
2024,1,J6,市场营销,E002,烟台科技学院,45,209957
2024,1,J7,会计学,E002,烟台科技学院,10,184221
2024,1,J8,财务管理,E002,烟台科技学院,15,184677
2024,1,K2,电子商务,E002,烟台科技学院,25,206900
2024,1,K3,酒店管理,E002,烟台科技学院,15,219401
2024,1,K4,会展经济与管理,E002,烟台科技学院,45,222745
2024,1,A1,导航工程技术,E030,西安信息职业大学,1,217382
2024,1,A2,机械设计制造及自动化,E030,西安信息职业大学,1,215634
2024,1,A3,智能制造工程技术,E030,西安信息职业大学,1,214048
2024,1,A4,城市轨道交通信号与控制技术,E030,西安信息职业大学,1,202916
2024,1,A6,电子信息工程技术,E030,西安信息职业大学,1,199171
2024,1,A8,光电信息工程技术,E030,西安信息职业大学,1,205975
2024,1,H1,网络工程技术,E030,西安信息职业大学,1,226548
2024,1,H5,云计算技术,E030,西安信息职业大学,1,213418
2024,1,H6,信息安全与管理,E030,西安信息职业大学,1,215581
2024,1,H7,人工智能工程技术,E030,西安信息职业大学,1,201580
2024,1,H8,工业互联网技术,E030,西安信息职业大学,1,233721
2024,1,H9,区块链技术,E030,西安信息职业大学,1,220665
2024,1,X1,现代通信工程,E030,西安信息职业大学,1,218539
2024,1,X2,通信软件工程,E030,西安信息职业大学,1,216261
2024,1,X3,集成电路工程技术,E030,西安信息职业大学,1,218056
2024,1,01,会计学,E037,西南财经大学天府学院,20,194848
2024,1,04,金融学,E037,西南财经大学天府学院,19,204554
2024,1,02,机械设计制造及其自动化,E038,天津仁爱学院,2,308781
2024,1,03,智能制造工程,E038,天津仁爱学院,1,318175
2024,1,04,新能源汽车工程,E038,天津仁爱学院,1,268372
2024,1,05,智能交互设计,E038,天津仁爱学院,1,288916
2024,1,08,通信工程,E038,天津仁爱学院,1,261320
2024,1,09,电气工程及其自动化,E038,天津仁爱学院,2,299958
2024,1,10,物联网工程,E038,天津仁爱学院,1,312907
2024,1,11,人工智能,E038,天津仁爱学院,1,308448
2024,1,13,计算机科学与技术,E038,天津仁爱学院,2,272123
2024,1,14,数据科学与大数据技术,E038,天津仁爱学院,1,272124
2024,1,15,建筑学,E038,天津仁爱学院,1,225268
2024,1,16,土木工程,E038,天津仁爱学院,1,302487
2024,1,17,给排水科学与工程,E038,天津仁爱学院,1,288743
2024,1,18,水利水电工程,E038,天津仁爱学院,1,305738
2024,1,19,港口航道与海岸工程,E038,天津仁爱学院,1,305300
2024,1,20,物流工程,E038,天津仁爱学院,1,224470
2024,1,21,信息管理与信息系统,E038,天津仁爱学院,1,228942
2024,1,22,工程管理,E038,天津仁爱学院,1,236041
2024,1,24,金融工程,E038,天津仁爱学院,1,229350
2024,1,25,工业工程,E038,天津仁爱学院,1,244193
2024,1,26,化学工程与工艺,E038,天津仁爱学院,1,300270
2024,1,27,制药工程,E038,天津仁爱学院,1,315404
2024,1,28,新能源科学与工程,E038,天津仁爱学院,1,265918
2024,1,29,法学,E038,天津仁爱学院,2,172882
2024,1,30,英语,E038,天津仁爱学院,2,204013
2024,1,31,商务英语,E038,天津仁爱学院,1,210393
2024,1,32,财务管理,E038,天津仁爱学院,1,177669
2024,1,33,传播学,E038,天津仁爱学院,1,209182
2024,1,01,工商管理,E040,郑州商学院,6,192412
2024,1,03,财务管理,E040,郑州商学院,5,184502
2024,1,04,市场营销,E040,郑州商学院,10,205187
2024,1,05,国际商务,E040,郑州商学院,10,206318
2024,1,08,会计学,E040,郑州商学院,10,182092
2024,1,0B,审计学,E040,郑州商学院,6,186096
2024,1,0D,国际经济与贸易,E040,郑州商学院,10,200199
2024,1,0E,投资学,E040,郑州商学院,10,206335
2024,1,0N,商务英语,E040,郑州商学院,13,202426
2024,1,0Z,计算机科学与技术,E040,郑州商学院,10,274255
2024,1,17,工程造价,E040,郑州商学院,10,218335
2024,1,15,金融工程,E042,西安科技大学高新学院,3,220629
2024,1,25,财务管理,E042,西安科技大学高新学院,3,198622
2024,1,34,网络与新媒体,E042,西安科技大学高新学院,2,202732
2024,1,37,电气工程及其自动化,E042,西安科技大学高新学院,2,269346
2024,1,39,计算机科学与技术,E042,西安科技大学高新学院,3,310313
2024,1,09,广播电视工程,E043,四川文化艺术学院,2,291370
2024,1,13,公共事业管理,E043,四川文化艺术学院,2,201796
2024,1,28,戏剧学,E043,四川文化艺术学院,5,239890
2024,1,30,广播电视编导,E043,四川文化艺术学院,5,224222
2024,1,58,历史建筑保护工程,E043,四川文化艺术学院,2,218986
2024,1,59,数据科学与大数据技术,E043,四川文化艺术学院,15,315690
2024,1,06,财务管理,E045,绵阳城市学院,5,200676
2024,1,12,学前教育,E045,绵阳城市学院,5,212366
2024,1,13,英语,E045,绵阳城市学院,3,209482
2024,1,14,电气工程及其自动化,E045,绵阳城市学院,5,305153
2024,1,16,机械设计制造及其自动化,E045,绵阳城市学院,4,289014
2024,1,18,计算机科学与技术,E045,绵阳城市学院,5,311341
2024,1,20,数字媒体技术,E045,绵阳城市学院,4,303438
2024,1,22,智能工程与创意设计,E045,绵阳城市学院,2,292082
2024,1,25,风景园林,E045,绵阳城市学院,3,206080
2024,1,28,工程造价,E045,绵阳城市学院,4,226376
2024,1,W1,旅游管理(中外合作办学),E046,福建农林大学金山学院,6,227400
2024,1,01,会计学,E087,天津财经大学珠江学院,6,175163
2024,1,06,金融科技,E087,天津财经大学珠江学院,6,208079
2024,1,15,酒店管理,E087,天津财经大学珠江学院,6,198129
2024,1,17,传播学,E087,天津财经大学珠江学院,6,192363
2024,1,26,经济统计学,E087,天津财经大学珠江学院,14,205943
2024,1,01,汉语言文学(师范类),E092,滇西科技师范学院,2,154905
2024,1,19,无人驾驶航空器系统工程,E092,滇西科技师范学院,2,257235
2024,1,28,轨道交通信号与控制,E092,滇西科技师范学院,1,255900
2024,1,3G,英语,E092,滇西科技师范学院,1,183516
2024,1,07,商务英语,E098,合肥师范学院,6,166396
2024,1,10,人力资源管理,E098,合肥师范学院,4,156003
2024,1,19,西班牙语,E098,合肥师范学院,5,169217
2024,1,34,思想政治教育(师范类),E098,合肥师范学院,5,124620
2024,1,0E,汉语言文学(师范类),E099,湖北第二师范学院,3,91404
2024,1,0S,小学教育(师范类),E099,湖北第二师范学院,2,100380
2024,1,16,化学(师范类),E099,湖北第二师范学院,3,255556
2024,1,1C,会计学,E099,湖北第二师范学院,2,98719
2024,1,1H,计算机科学与技术(中外合作办学),E099,湖北第二师范学院,2,199256
2024,1,05,法学,E100,山东政法学院,921,83857
2024,1,06,法学(鼎山学堂实验班),E100,山东政法学院,22,48957
2024,1,07,法学(调解法治实验班),E100,山东政法学院,22,57941
2024,1,08,法学(涉外法治实验班),E100,山东政法学院,22,60197
2024,1,09,司法鉴定学,E100,山东政法学院,12,63056
2024,1,0A,知识产权,E100,山东政法学院,70,87588
2024,1,0B,国际经贸规则,E100,山东政法学院,32,95067
2024,1,0C,社区矫正,E100,山东政法学院,37,94116
2024,1,0D,国际经济与贸易,E100,山东政法学院,28,128243
2024,1,0E,经济学,E100,山东政法学院,40,120540
2024,1,0F,财务管理,E100,山东政法学院,80,109064
2024,1,0G,审计学,E100,山东政法学院,80,104020
2024,1,0H,大数据管理与应用,E100,山东政法学院,29,136070
2024,1,0J,网络空间安全,E100,山东政法学院,75,157871
2024,1,0K,计算机科学与技术,E100,山东政法学院,68,156697
2024,1,0L,英语,E100,山东政法学院,18,128799
2024,1,0M,英语(法律英语实验班),E100,山东政法学院,48,118304
2024,1,0N,商务英语,E100,山东政法学院,45,144566
2024,1,0P,日语,E100,山东政法学院,8,139066
2024,1,0Q,新闻学(法治新闻方向),E100,山东政法学院,70,128626
2024,1,0R,编辑出版学,E100,山东政法学院,18,129008
2024,1,0S,数字出版,E100,山东政法学院,18,134278
2024,1,0T,网络与新媒体,E100,山东政法学院,39,120528
2024,1,0U,行政管理,E100,山东政法学院,69,126245
2024,1,0V,政治学与行政学(法治政务方向),E100,山东政法学院,37,98401
2024,1,0X,人力资源管理,E100,山东政法学院,35,126698
2024,1,13,法学(纪检实验班),E100,山东政法学院,22,55308
2024,1,01,机械设计制造及其自动化,E101,太原工业学院,3,191200
2024,1,02,机械电子工程,E101,太原工业学院,3,225879
2024,1,03,汽车服务工程,E101,太原工业学院,3,249092
2024,1,04,智能制造工程,E101,太原工业学院,3,231668
2024,1,05,材料成型及控制工程,E101,太原工业学院,3,255863
2024,1,06,智能车辆工程,E101,太原工业学院,3,226894
2024,1,07,电子信息工程,E101,太原工业学院,3,201748
2024,1,08,物联网工程,E101,太原工业学院,3,195827
2024,1,09,微电子科学与工程,E101,太原工业学院,3,203590
2024,1,10,通信工程,E101,太原工业学院,3,213973
2024,1,11,测控技术与仪器,E101,太原工业学院,3,223203
2024,1,12,电气工程及其自动化,E101,太原工业学院,2,167053
2024,1,13,电气工程与智能控制,E101,太原工业学院,3,185421
2024,1,15,自动化,E101,太原工业学院,3,197147
2024,1,16,应用化学,E101,太原工业学院,3,258361
2024,1,17,制药工程,E101,太原工业学院,4,232472
2024,1,18,能源化学工程,E101,太原工业学院,2,222457
2024,1,19,化学工程与工艺,E101,太原工业学院,3,231036
2024,1,20,化工安全工程,E101,太原工业学院,2,227253
2024,1,21,数字媒体技术,E101,太原工业学院,2,212557
2024,1,22,计算机科学与技术,E101,太原工业学院,2,159550
2024,1,23,软件工程,E101,太原工业学院,3,179951
2024,1,24,安全工程,E101,太原工业学院,2,258405
2024,1,25,食品质量与安全,E101,太原工业学院,2,228220
2024,1,26,生物工程,E101,太原工业学院,3,249323
2024,1,27,环境工程,E101,太原工业学院,3,235881
2024,1,28,应急技术与管理,E101,太原工业学院,3,244298
2024,1,29,功能材料,E101,太原工业学院,3,241254
2024,1,30,新能源材料与器件,E101,太原工业学院,3,231500
2024,1,31,高分子材料与工程,E101,太原工业学院,2,235039
2024,1,32,智能材料与结构,E101,太原工业学院,3,246739
2024,1,33,数据科学与大数据技术,E101,太原工业学院,3,204471
2024,1,36,国际经济与贸易,E101,太原工业学院,3,169386
2024,1,37,经济学,E101,太原工业学院,4,155627
2024,1,38,质量管理工程,E101,太原工业学院,2,178504
2024,1,0W,智慧健康养老管理,E139,民政职业大学,10,144473
2024,1,0X,社会工作,E139,民政职业大学,10,149025
2024,1,0Y,康复辅助器具技术,E139,民政职业大学,10,167049
2024,1,0Z,现代殡葬管理,E139,民政职业大学,10,116394
2024,1,10,婚姻服务与管理,E139,民政职业大学,5,127992
2024,1,1J,新能源汽车工程技术,E172,海南科技职业大学,2,244523
2024,1,1M,汽车服务工程技术,E172,海南科技职业大学,2,240099
2024,1,1Q,水路运输与海事管理,E172,海南科技职业大学,3,229096
2024,1,1R,物联网工程技术,E172,海南科技职业大学,2,263752
2024,1,1T,大数据工程技术,E172,海南科技职业大学,3,261838
2024,1,1V,护理,E172,海南科技职业大学,2,214017
2024,1,1W,药学,E172,海南科技职业大学,2,236114
2024,1,23,企业数字化管理,E172,海南科技职业大学,2,237760
2024,1,27,学前教育,E172,海南科技职业大学,3,240534
2024,1,08,新闻学,E199,内蒙古大学创业学院,1,192475
2024,1,09,汉语言文学,E199,内蒙古大学创业学院,2,179401
2024,1,02,电气工程及其自动化,E200,银川科技学院,1,288741
2024,1,04,能源与动力工程,E200,银川科技学院,1,305460
2024,1,06,新能源科学与工程,E200,银川科技学院,1,309831
2024,1,07,智能制造工程,E200,银川科技学院,1,280961
2024,1,08,智能电网信息工程,E200,银川科技学院,1,276464
2024,1,09,计算机科学与技术,E200,银川科技学院,2,280792
2024,1,14,工程造价,E200,银川科技学院,1,261235
2024,1,17,会计学,E200,银川科技学院,2,212315
2024,1,20,汉语言文学,E200,银川科技学院,1,179744
2024,1,23,小学教育,E200,银川科技学院,2,217577
2024,1,25,网络与新媒体,E200,银川科技学院,2,208801
2024,1,30,广播电视编导,E200,银川科技学院,2,238849
2024,1,01,酒店管理,E201,北京第二外国语学院中瑞酒店管理学院,1,191909
2024,1,03,财务管理,E201,北京第二外国语学院中瑞酒店管理学院,1,206573
2024,1,11,工商管理,E202,沧州交通学院,8,210074
2024,1,12,财务管理,E202,沧州交通学院,6,192229
2024,1,13,物流管理,E202,沧州交通学院,4,211499
2024,1,16,工程管理,E202,沧州交通学院,4,219661
2024,1,17,金融工程,E202,沧州交通学院,10,231684
2024,1,21,计算机科学与技术,E202,沧州交通学院,6,302957
2024,1,22,软件工程,E202,沧州交通学院,5,314900
2024,1,31,轨道交通信号与控制,E202,沧州交通学院,8,298113
2024,1,32,交通运输,E202,沧州交通学院,10,302923
2024,1,41,自动化,E202,沧州交通学院,3,307634
2024,1,42,人工智能,E202,沧州交通学院,4,307384
2024,1,43,电气工程及其自动化,E202,沧州交通学院,5,291527
2024,1,52,工程造价,E202,沧州交通学院,6,225666
2024,1,62,车辆工程,E202,沧州交通学院,3,309931
2024,1,63,能源与动力工程,E202,沧州交通学院,6,308333
2024,1,81,英语,E202,沧州交通学院,5,214756
2024,1,01,水利水电工程,E203,皖江工学院,4,297078
2024,1,02,港口航道与海岸工程,E203,皖江工学院,4,314568
2024,1,12,地理空间信息工程,E203,皖江工学院,5,316770
2024,1,14,通信工程,E203,皖江工学院,1,310215
2024,1,15,自动化,E203,皖江工学院,1,275756
2024,1,22,新能源科学与工程,E203,皖江工学院,2,293387
2024,1,26,财务管理,E203,皖江工学院,2,191552
2024,1,27,工程管理,E203,皖江工学院,3,237988
2024,1,02,会计学,E207,上海财经大学浙江学院,2,170411
2024,1,04,会计学(注册会计),E207,上海财经大学浙江学院,2,175850
2024,1,06,金融学,E207,上海财经大学浙江学院,2,176717
2024,1,10,经济统计学,E207,上海财经大学浙江学院,2,188311
2024,1,24,英语,E207,上海财经大学浙江学院,1,184853
2024,1,25,商务英语,E207,上海财经大学浙江学院,1,174791
2024,1,02,金融科技,E223,贵州师范学院,2,186060
2024,1,0H,统计学,E223,贵州师范学院,2,254117
2024,1,0L,物联网工程,E223,贵州师范学院,3,243556
2024,1,0R,电子信息科学与技术,E223,贵州师范学院,2,241543
2024,1,0X,农业资源与环境,E223,贵州师范学院,4,283429
2024,1,11,旅游管理,E223,贵州师范学院,2,165199
2024,1,01,金融工程,E225,河北东方学院,4,223098
2024,1,02,经济与金融,E225,河北东方学院,4,204169
2024,1,03,国际经济与贸易,E225,河北东方学院,4,206856
2024,1,06,英语,E225,河北东方学院,3,207248
2024,1,07,网络与新媒体,E225,河北东方学院,2,189140
2024,1,08,文物与博物馆学,E225,河北东方学院,4,190063
2024,1,09,文化遗产,E225,河北东方学院,2,192535
2024,1,11,电子信息科学与技术,E225,河北东方学院,2,283228
2024,1,12,人工智能,E225,河北东方学院,3,317214
2024,1,13,软件工程,E225,河北东方学院,2,297828
2024,1,14,物联网工程,E225,河北东方学院,2,268432
2024,1,15,数据科学与大数据技术,E225,河北东方学院,2,284340
2024,1,18,医学影像技术,E225,河北东方学院,3,273828
2024,1,19,护理学,E225,河北东方学院,2,186386
2024,1,20,财务管理,E225,河北东方学院,4,192501
2024,1,21,审计学,E225,河北东方学院,4,191858
2024,1,22,资产评估,E225,河北东方学院,3,199929
2024,1,09,智能采矿技术,E226,运城职业技术大学,6,223996
2024,1,0A,建筑装饰工程,E226,运城职业技术大学,4,210539
2024,1,0B,建筑工程,E226,运城职业技术大学,4,226254
2024,1,0C,智能建造工程,E226,运城职业技术大学,7,227102
2024,1,0D,机械设计制造及自动化,E226,运城职业技术大学,4,206647
2024,1,0E,智能制造工程技术,E226,运城职业技术大学,4,215413
2024,1,0F,物联网工程技术,E226,运城职业技术大学,3,207166
2024,1,0G,网络工程技术,E226,运城职业技术大学,4,209718
2024,1,0H,护理,E226,运城职业技术大学,6,187098
2024,1,0J,康复治疗,E226,运城职业技术大学,5,193318
2024,1,0K,大数据与财务管理,E226,运城职业技术大学,5,199668
2024,1,0L,现代物流管理,E226,运城职业技术大学,6,209936
2024,1,0M,旅游管理,E226,运城职业技术大学,5,208374
2024,1,0P,智慧健康养老管理,E226,运城职业技术大学,2,199861
2024,1,01,土木工程,E262,西南交通大学希望学院,2,295946
2024,1,02,工程管理,E262,西南交通大学希望学院,2,202053
2024,1,06,建筑电气与智能化,E262,西南交通大学希望学院,2,287149
2024,1,0A,交通运输,E262,西南交通大学希望学院,2,289837
2024,1,0B,物流工程,E262,西南交通大学希望学院,1,195632
2024,1,0C,机械设计制造及其自动化,E262,西南交通大学希望学院,1,263994
2024,1,0D,电气工程及其自动化,E262,西南交通大学希望学院,2,285963
2024,1,0F,轨道交通信号与控制,E262,西南交通大学希望学院,2,271234
2024,1,0J,人工智能,E262,西南交通大学希望学院,2,278292
2024,1,0P,学前教育,E262,西南交通大学希望学院,3,209240
2024,1,0Q,人力资源管理,E262,西南交通大学希望学院,3,209298
2024,1,0R,市场营销,E262,西南交通大学希望学院,20,240782
2024,1,0S,财务管理,E262,西南交通大学希望学院,2,196122
2024,1,0U,审计学,E262,西南交通大学希望学院,4,194425
2024,1,0V,会计学,E262,西南交通大学希望学院,4,195729
2024,1,02,英语,E275,浙江外国语学院,2,52889
2024,1,05,日语,E275,浙江外国语学院,2,74739
2024,1,06,阿拉伯语,E275,浙江外国语学院,4,109061
2024,1,07,朝鲜语,E275,浙江外国语学院,3,96968
2024,1,15,俄语,E275,浙江外国语学院,3,73084
2024,1,17,汉语言文学(师范类),E275,浙江外国语学院,2,43585
2024,1,20,旅游管理(全英教学),E275,浙江外国语学院,4,113101
2024,1,21,旅游管理,E275,浙江外国语学院,4,106284
2024,1,22,会展经济与管理,E275,浙江外国语学院,2,89501
2024,1,27,金融工程,E275,浙江外国语学院,2,101871
2024,1,28,计算机科学与技术,E275,浙江外国语学院,4,69435
2024,1,29,电子商务,E275,浙江外国语学院,2,76028
2024,1,13,意大利语(中外合作办学),E275,浙江外国语学院,2,107577
2024,1,02,思想政治教育(师范类),E276,齐鲁师范学院,75,108870
2024,1,03,小学教育(师范类),E276,齐鲁师范学院,77,123813
2024,1,04,心理学(师范类),E276,齐鲁师范学院,40,135101
2024,1,05,科学教育(师范类),E276,齐鲁师范学院,40,176509
2024,1,07,学前教育(师范类),E276,齐鲁师范学院,44,142205
2024,1,08,历史学(师范类),E276,齐鲁师范学院,80,119938
2024,1,10,汉语言文学(师范类),E276,齐鲁师范学院,107,104252
2024,1,12,文化遗产,E276,齐鲁师范学院,30,153792
2024,1,13,英语(师范类),E276,齐鲁师范学院,110,123537
2024,1,14,翻译,E276,齐鲁师范学院,40,156081
2024,1,16,跨境电子商务,E276,齐鲁师范学院,80,170452
2024,1,17,地理科学(师范类),E276,齐鲁师范学院,73,118910
2024,1,19,旅游地学与规划工程,E276,齐鲁师范学院,120,278193
2024,1,20,财务管理,E276,齐鲁师范学院,67,120313
2024,1,22,经济与金融,E276,齐鲁师范学院,75,149106
2024,1,23,应急管理,E276,齐鲁师范学院,75,188478
2024,1,24,数学与应用数学(师范类),E276,齐鲁师范学院,107,196142
2024,1,25,数据科学与大数据技术,E276,齐鲁师范学院,95,205731
2024,1,26,数据计算及应用,E276,齐鲁师范学院,120,241247
2024,1,27,物理学(师范类),E276,齐鲁师范学院,118,317765
2024,1,28,电子信息工程,E276,齐鲁师范学院,110,196800
2024,1,29,天文学,E276,齐鲁师范学院,30,243896
2024,1,30,机器人工程,E276,齐鲁师范学院,100,229211
2024,1,31,化学(师范类),E276,齐鲁师范学院,108,295144
2024,1,33,制药工程,E276,齐鲁师范学院,75,238949
2024,1,34,化妆品技术与工程,E276,齐鲁师范学院,115,266866
2024,1,35,精细化工,E276,齐鲁师范学院,100,268439
2024,1,36,生物科学(师范类),E276,齐鲁师范学院,103,317145
2024,1,37,食品质量与安全,E276,齐鲁师范学院,75,238486
2024,1,38,园林,E276,齐鲁师范学院,80,165459
2024,1,39,生物信息学,E276,齐鲁师范学院,40,283314
2024,1,40,计算机科学与技术(师范类),E276,齐鲁师范学院,38,160266
2024,1,42,网络空间安全,E276,齐鲁师范学院,75,191572
2024,1,43,人工智能,E276,齐鲁师范学院,80,216113
2024,1,44,计算机科学与技术,E276,齐鲁师范学院,80,163513
2024,1,01,社会工作,E277,山东青年政治学院,140,165521
2024,1,02,政治学与行政学,E277,山东青年政治学院,100,146021
2024,1,03,公共事业管理,E277,山东青年政治学院,65,162551
2024,1,04,经济学,E277,山东青年政治学院,70,150959
2024,1,05,国际经济与贸易,E277,山东青年政治学院,80,161894
2024,1,06,人力资源管理,E277,山东青年政治学院,100,158105
2024,1,07,市场营销,E277,山东青年政治学院,80,175059
2024,1,08,计算机科学与技术,E277,山东青年政治学院,105,193690
2024,1,09,数据科学与大数据技术,E277,山东青年政治学院,120,224212
2024,1,10,电子信息工程,E277,山东青年政治学院,120,218668
2024,1,11,财务管理,E277,山东青年政治学院,60,132616
2024,1,12,审计学,E277,山东青年政治学院,100,131115
2024,1,13,资产评估,E277,山东青年政治学院,70,162057
2024,1,14,会计学,E277,山东青年政治学院,65,124071
2024,1,15,广播电视学,E277,山东青年政治学院,136,165031
2024,1,16,汉语言文学,E277,山东青年政治学院,106,116408
2024,1,17,西班牙语,E277,山东青年政治学院,50,182136
2024,1,18,英语,E277,山东青年政治学院,53,151202
2024,1,19,法语,E277,山东青年政治学院,50,179308
2024,1,20,德语,E277,山东青年政治学院,60,182582
2024,1,21,日语,E277,山东青年政治学院,60,173343
2024,1,22,朝鲜语,E277,山东青年政治学院,40,181472
2024,1,23,阿拉伯语,E277,山东青年政治学院,35,183984
2024,1,24,酒店管理,E277,山东青年政治学院,120,181075
2024,1,25,旅游管理,E277,山东青年政治学院,80,177447
2024,1,26,物业管理,E277,山东青年政治学院,80,176716
2024,1,27,健康服务与管理,E277,山东青年政治学院,80,169490
2024,1,28,思想政治教育,E277,山东青年政治学院,65,132644
2024,1,39,党务工作,E277,山东青年政治学院,80,163780
2024,1,40,法律,E277,山东青年政治学院,40,152654
2024,1,41,智慧社区管理,E277,山东青年政治学院,40,176960
2024,1,42,市场营销,E277,山东青年政治学院,40,180757
2024,1,A1,戏剧影视文学,E327,青岛电影学院,35,259529
2024,1,A2,广播电视编导,E327,青岛电影学院,28,259582
2024,1,A3,新闻学,E327,青岛电影学院,52,241539
2024,1,A4,影视技术,E327,青岛电影学院,31,262167
2024,1,A5,广告学,E327,青岛电影学院,36,246386
2024,1,A6,电影制作,E327,青岛电影学院,10,302517
2024,1,A7,虚拟现实技术,E327,青岛电影学院,27,312012
2024,1,A8,电影学,E327,青岛电影学院,37,263489
2024,1,A9,网络与新媒体,E327,青岛电影学院,39,243563
2024,1,AA,知识产权,E327,青岛电影学院,50,225341
2024,1,AB,文化产业管理,E327,青岛电影学院,21,247776
2024,1,01,金融学,E333,郑州升达经贸管理学院,2,194942
2024,1,03,经济学,E333,郑州升达经贸管理学院,2,191757
2024,1,05,会计学,E333,郑州升达经贸管理学院,2,173783
2024,1,14,物流管理,E333,郑州升达经贸管理学院,2,202844
2024,1,22,人工智能,E333,郑州升达经贸管理学院,4,288302
2024,1,24,英语,E333,郑州升达经贸管理学院,4,200007
2024,1,26,商务英语,E333,郑州升达经贸管理学院,2,204558
2024,1,29,汉语言文学,E333,郑州升达经贸管理学院,2,187410
2024,1,42,建筑学,E333,郑州升达经贸管理学院,2,202335
2024,1,43,工程管理,E333,郑州升达经贸管理学院,2,215694
2024,1,48,数学与应用数学,E333,郑州升达经贸管理学院,4,290872
2024,1,02,小学教育(师范类),E388,重庆第二师范学院,3,125064
2024,1,08,汉语言文学(师范类),E388,重庆第二师范学院,3,110559
2024,1,13,外国语言文学类,E388,重庆第二师范学院,3,141246
2024,1,18,计算机科学与技术,E388,重庆第二师范学院,3,145878
2024,1,20,电子与计算机工程,E388,重庆第二师范学院,3,191438
2024,1,22,食品质量与安全,E388,重庆第二师范学院,3,229186
2024,1,26,化学(师范类),E388,重庆第二师范学院,3,228581
2024,1,29,经济与金融,E388,重庆第二师范学院,3,134759
2024,1,33,房地产开发与管理,E388,重庆第二师范学院,3,193975
2024,1,34,旅游管理类,E388,重庆第二师范学院,3,151377
2024,1,06,学前教育(中外合作办学)(师范类),E388,重庆第二师范学院,3,193991
2024,1,03,贸易经济,E389,成都师范学院,5,128577
2024,1,11,英语(师范类),E389,成都师范学院,5,111690
2024,1,17,化学(师范类),E389,成都师范学院,5,195907
2024,1,23,电子科学与技术,E389,成都师范学院,5,162281
2024,1,11,生物科学(师范类),E390,陕西学前师范学院,2,279025
2024,1,12,食品科学与工程,E390,陕西学前师范学院,3,261862
2024,1,16,心理学(师范类),E390,陕西学前师范学院,3,162924
2024,1,17,小学教育(师范类),E390,陕西学前师范学院,4,143635
2024,1,23,文化产业管理,E390,陕西学前师范学院,2,162698
2024,1,27,应用统计学,E390,陕西学前师范学院,2,239399
2024,1,28,化学(师范类),E390,陕西学前师范学院,2,290530
2024,1,29,应用化学,E390,陕西学前师范学院,2,242019
2024,1,4A,艺术教育,E410,四川电影电视学院,1,218146
2024,1,4B,广播电视编导,E410,四川电影电视学院,5,216894
2024,1,4C,戏剧影视文学,E410,四川电影电视学院,2,220044
2024,1,4D,艺术管理,E410,四川电影电视学院,2,228762
2024,1,4E,影视技术,E410,四川电影电视学院,3,217851
2024,1,4F,网络与新媒体,E410,四川电影电视学院,2,193939
2024,1,4G,会展经济与管理,E410,四川电影电视学院,2,207247
2024,1,4H,文化产业管理,E410,四川电影电视学院,2,200025
2024,1,4M,数字媒体技术,E410,四川电影电视学院,1,244254
2024,1,4N,电子竞技运动与管理,E410,四川电影电视学院,2,214870
2024,1,05,人文地理与城乡规划,E430,中国科学院大学,1,394
2024,1,0F,环境科学,E430,中国科学院大学,1,388
2024,1,0G,数学与应用数学,E430,中国科学院大学,2,257
2024,1,0J,物理学,E430,中国科学院大学,4,320
2024,1,0L,化学,E430,中国科学院大学,3,365
2024,1,0N,天文学,E430,中国科学院大学,1,362
2024,1,0Q,生物科学,E430,中国科学院大学,3,387
2024,1,0S,心理学,E430,中国科学院大学,1,396
2024,1,0U,理论与应用力学,E430,中国科学院大学,1,300
2024,1,0W,材料科学与工程,E430,中国科学院大学,2,385
2024,1,0Y,电气工程及其自动化,E430,中国科学院大学,1,222
2024,1,10,电子信息工程,E430,中国科学院大学,2,282
2024,1,12,人工智能,E430,中国科学院大学,1,174
2024,1,14,计算机科学与技术,E430,中国科学院大学,3,273
2024,1,16,网络空间安全,E430,中国科学院大学,1,305
2024,1,01,中医学(5+3一体化),E432,河北中医药大学,4,39097
2024,1,02,中医学,E432,河北中医药大学,2,63358
2024,1,03,中西医临床医学,E432,河北中医药大学,3,95955
2024,1,07,中医骨伤科学,E432,河北中医药大学,2,84082
2024,1,09,中药学,E432,河北中医药大学,3,144899
2024,1,0A,中药资源与开发,E432,河北中医药大学,2,195349
2024,1,0B,中药制药,E432,河北中医药大学,3,163638
2024,1,0E,医学检验技术,E432,河北中医药大学,3,122803
2024,1,0F,医学影像技术,E432,河北中医药大学,3,136117
2024,1,0G,口腔医学技术,E432,河北中医药大学,3,131471
2024,1,0J,护理学,E432,河北中医药大学,2,87445
2024,1,0K,助产学,E432,河北中医药大学,2,118162
2024,1,0M,生物工程,E432,河北中医药大学,3,186438
2024,1,17,影视摄影与制作,E434,山西传媒学院,3,168816
2024,1,22,新闻学,E434,山西传媒学院,3,148261
2024,1,23,广播电视学,E434,山西传媒学院,3,146033
2024,1,24,广告学,E434,山西传媒学院,5,158402
2024,1,25,网络与新媒体,E434,山西传媒学院,3,134808
2024,1,26,数字出版,E434,山西传媒学院,3,168002
2024,1,27,广播电视工程,E434,山西传媒学院,5,254580
2024,1,28,数字媒体技术,E434,山西传媒学院,5,190665
2024,1,31,文化产业管理,E434,山西传媒学院,8,175493
2024,1,35,戏剧影视文学,E434,山西传媒学院,5,192487
2024,1,01,金融工程,E435,营口理工学院,2,191025
2024,1,02,应用化学,E435,营口理工学院,2,260975
2024,1,03,机械设计制造及其自动化,E435,营口理工学院,3,220595
2024,1,08,材料科学与工程,E435,营口理工学院,2,263369
2024,1,09,无机非金属材料工程,E435,营口理工学院,2,256118
2024,1,0E,新能源科学与工程,E435,营口理工学院,2,225261
2024,1,0F,电气工程及其自动化,E435,营口理工学院,3,213734
2024,1,0G,自动化,E435,营口理工学院,3,228251
2024,1,0K,化学工程与工艺,E435,营口理工学院,2,238436
2024,1,0N,环境科学与工程,E435,营口理工学院,2,273444
2024,1,0Q,物流管理,E435,营口理工学院,2,169529
2024,1,03,生物科学(师范类),E436,江苏第二师范学院,5,288647
2024,1,07,汉语言文学(师范类),E436,江苏第二师范学院,5,63327
2024,1,12,英语(师范类),E436,江苏第二师范学院,5,81398
2024,1,19,应用统计学,E436,江苏第二师范学院,5,145401
2024,1,30,商务英语,E436,江苏第二师范学院,5,114338
2024,1,01,学前教育(师范类),E437,南昌师范学院,2,139755
2024,1,16,旅游管理,E437,南昌师范学院,2,167704
2024,1,18,会展经济与管理,E437,南昌师范学院,2,164245
2024,1,21,秘书学,E437,南昌师范学院,2,123874
2024,1,23,英语(师范类),E437,南昌师范学院,2,109736
2024,1,26,思想政治教育(师范类),E437,南昌师范学院,2,98581
2024,1,27,数学与应用数学(师范类),E437,南昌师范学院,2,204060
2024,1,29,统计学,E437,南昌师范学院,2,166109
2024,1,31,物理学(师范类),E437,南昌师范学院,2,213907
2024,1,32,电子信息工程,E437,南昌师范学院,2,165907
2024,1,33,化学(师范类),E437,南昌师范学院,2,309626
2024,1,35,生物科学(师范类),E437,南昌师范学院,2,316939
2024,1,01,旅游管理与服务教育,E438,山东管理学院,70,176028
2024,1,02,市场营销,E438,山东管理学院,36,167971
2024,1,03,物流管理,E438,山东管理学院,83,166377
2024,1,04,工商管理,E438,山东管理学院,86,155508
2024,1,05,审计学,E438,山东管理学院,80,126702
2024,1,06,财务管理,E438,山东管理学院,87,127662
2024,1,07,资产评估,E438,山东管理学院,83,162110
2024,1,08,会计学,E438,山东管理学院,89,120662
2024,1,09,国际经济与贸易,E438,山东管理学院,40,160575
2024,1,11,金融工程,E438,山东管理学院,80,186073
2024,1,12,投资学,E438,山东管理学院,79,167855
2024,1,13,电子商务,E438,山东管理学院,74,165793
2024,1,14,数字经济,E438,山东管理学院,80,181548
2024,1,15,劳动关系,E438,山东管理学院,77,170254
2024,1,16,人力资源管理,E438,山东管理学院,85,160578
2024,1,17,社会工作,E438,山东管理学院,41,160740
2024,1,18,公共关系学,E438,山东管理学院,80,169961
2024,1,19,商务英语,E438,山东管理学院,42,165087
2024,1,20,秘书学,E438,山东管理学院,41,146970
2024,1,21,网络与新媒体,E438,山东管理学院,90,150938
2024,1,22,软件工程,E438,山东管理学院,154,196128
2024,1,24,计算机科学与技术,E438,山东管理学院,115,168940
2024,1,25,大数据管理与应用,E438,山东管理学院,71,168213
2024,1,26,数据科学与大数据技术,E438,山东管理学院,70,205969
2024,1,29,文化产业管理,E438,山东管理学院,40,166727
2024,1,30,艺术管理,E438,山东管理学院,40,181806
2024,1,32,工业智能,E438,山东管理学院,80,238878
2024,1,33,机器人工程,E438,山东管理学院,79,222248
2024,1,34,电子信息工程,E438,山东管理学院,126,208031
2024,1,35,安全工程,E438,山东管理学院,81,258488
2024,1,36,人工智能,E438,山东管理学院,78,215539
2024,1,01,食品质量与安全,E439,山东农业工程学院,110,267032
2024,1,02,食品科学与工程,E439,山东农业工程学院,110,268425
2024,1,03,电气工程及其自动化,E439,山东农业工程学院,120,214123
2024,1,04,机械电子工程,E439,山东农业工程学院,40,228445
2024,1,05,机械工程,E439,山东农业工程学院,80,241966
2024,1,06,物联网工程,E439,山东农业工程学院,80,240934
2024,1,07,信息安全,E439,山东农业工程学院,100,244087
2024,1,08,测绘工程,E439,山东农业工程学院,70,266501
2024,1,09,土地资源管理,E439,山东农业工程学院,21,163969
2024,1,10,工程造价,E439,山东农业工程学院,74,191933
2024,1,11,遥感科学与技术,E439,山东农业工程学院,80,262170
2024,1,12,资源循环科学与工程,E439,山东农业工程学院,110,276128
2024,1,13,环境生态工程,E439,山东农业工程学院,60,266626
2024,1,14,设施农业科学与工程,E439,山东农业工程学院,70,276700
2024,1,15,园艺,E439,山东农业工程学院,80,280694
2024,1,16,动物医学,E439,山东农业工程学院,85,226782
2024,1,17,森林保护,E439,山东农业工程学院,80,283889
2024,1,18,风景园林,E439,山东农业工程学院,80,176334
2024,1,19,物流工程,E439,山东农业工程学院,43,190253
2024,1,20,农林经济管理,E439,山东农业工程学院,35,168081
2024,1,21,金融工程,E439,山东农业工程学院,28,190370
2024,1,22,财务管理,E439,山东农业工程学院,50,143765
2024,1,23,审计学,E439,山东农业工程学院,39,141254
2024,1,24,秘书学,E439,山东农业工程学院,60,156751
2024,1,25,商务英语,E439,山东农业工程学院,60,174802
2024,1,59,人工智能,E439,山东农业工程学院,105,246168
2024,1,60,中药资源与开发,E439,山东农业工程学院,100,261762
2024,1,62,土地整治工程,E439,山东农业工程学院,70,280796
2024,1,63,植物保护,E439,山东农业工程学院,70,272111
2024,1,64,生物质科学与工程,E439,山东农业工程学院,70,268390
2024,1,65,园林,E439,山东农业工程学院,70,176416
2024,1,66,会计学,E439,山东农业工程学院,49,139606
2024,1,67,食品营养与健康,E439,山东农业工程学院,70,259917
2024,1,68,农业智能装备工程,E439,山东农业工程学院,70,261189
2024,1,69,智慧牧业科学与工程,E439,山东农业工程学院,70,270120
2024,1,70,智慧林业,E439,山东农业工程学院,70,267316
2024,1,71,数字经济,E439,山东农业工程学院,60,190277
2024,1,26,环境生态工程(中外合作办学),E439,山东农业工程学院,120,303033
2024,1,01,飞行器制造工程,E440,贵州理工学院,2,206376
2024,1,02,飞行器动力工程,E440,贵州理工学院,2,226558
2024,1,06,资源勘查工程,E440,贵州理工学院,2,258273
2024,1,07,环境工程,E440,贵州理工学院,2,250136
2024,1,09,人文地理与城乡规划,E440,贵州理工学院,2,183278
2024,1,0F,机械电子工程,E440,贵州理工学院,2,224763
2024,1,0J,安全工程,E440,贵州理工学院,2,235909
2024,1,0M,生物制药,E440,贵州理工学院,2,249427
2024,1,0R,网络空间安全,E440,贵州理工学院,2,223438
2024,1,0S,智能科学与技术,E440,贵州理工学院,2,216076
2024,1,0T,计算机类,E440,贵州理工学院,4,232259
2024,1,0W,过程装备与控制工程,E440,贵州理工学院,2,248763
2024,1,0Z,材料类,E440,贵州理工学院,4,235878
2024,1,11,电气工程及其自动化(中外合作办学),E440,贵州理工学院,4,253515
2024,1,1C,小学教育(师范类),E458,张家口学院,2,132955
2024,1,2C,财务管理,E458,张家口学院,3,142306
2024,1,4B,医学影像技术,E458,张家口学院,3,174846
2024,1,5A,思想政治教育(师范类),E458,张家口学院,1,130625
2024,1,5B,汉语言文学(师范类),E458,张家口学院,1,112226
2024,1,01,材料成型及控制工程,E527,山西工程技术学院,2,255036
2024,1,02,材料科学与工程,E527,山西工程技术学院,1,268633
2024,1,04,计算机科学与技术,E527,山西工程技术学院,2,199971
2024,1,05,数据科学与大数据技术,E527,山西工程技术学院,2,251999
2024,1,06,物联网工程,E527,山西工程技术学院,1,245901
2024,1,07,智能科学与技术,E527,山西工程技术学院,1,232178
2024,1,08,测绘工程,E527,山西工程技术学院,2,264234
2024,1,09,地理信息科学,E527,山西工程技术学院,1,130124
2024,1,0A,地质工程,E527,山西工程技术学院,2,264728
2024,1,0B,勘查技术与工程,E527,山西工程技术学院,1,253329
2024,1,0C,遥感科学与技术,E527,山西工程技术学院,1,226093
2024,1,0D,电气工程及其自动化,E527,山西工程技术学院,1,198259
2024,1,0E,自动化,E527,山西工程技术学院,1,234128
2024,1,0F,工程管理,E527,山西工程技术学院,2,193059
2024,1,0G,工程造价,E527,山西工程技术学院,2,189591
2024,1,0H,机械电子工程,E527,山西工程技术学院,2,236048
2024,1,0J,机械工程,E527,山西工程技术学院,2,247099
2024,1,0K,机械设计制造及其自动化,E527,山西工程技术学院,1,174880
2024,1,0L,智能制造工程,E527,山西工程技术学院,1,221104
2024,1,0W,土木工程,E527,山西工程技术学院,2,268810
2024,1,12,道路桥梁与渡河工程,E527,山西工程技术学院,2,253663
2024,1,05,戏剧影视文学,E531,内蒙古艺术学院,3,189007
2024,1,06,广播电视编导,E531,内蒙古艺术学院,3,186707
2024,1,51,文化产业管理,E531,内蒙古艺术学院,5,182128
2024,1,52,艺术史论,E531,内蒙古艺术学院,4,185778
2024,1,39,艺术管理,E560,哈尔滨音乐学院,2,165973
2024,1,02,马克思主义理论,E596,中国社会科学院大学,2,11709
2024,1,03,汉语言文学,E596,中国社会科学院大学,3,6705
2024,1,04,哲学,E596,中国社会科学院大学,3,13538
2024,1,05,历史学,E596,中国社会科学院大学,2,9299
2024,1,06,考古学,E596,中国社会科学院大学,2,14166
2024,1,07,经济学,E596,中国社会科学院大学,2,10667
2024,1,09,金融学,E596,中国社会科学院大学,3,14392
2024,1,10,法学,E596,中国社会科学院大学,3,6968
2024,1,11,社会学,E596,中国社会科学院大学,3,14077
2024,1,15,国际事务与国际关系,E596,中国社会科学院大学,2,11884
2024,1,16,政治学与行政学,E596,中国社会科学院大学,4,14062
2024,1,17,新闻传播学类,E596,中国社会科学院大学,3,15425
2024,1,08,健康服务与管理,E623,滇西应用技术大学,2,170264
2024,1,13,计算机科学与技术,E623,滇西应用技术大学,2,186408
2024,1,18,土木工程,E623,滇西应用技术大学,2,273725
2024,1,01,白酒酿造工程,E625,茅台学院,2,229395
2024,1,02,酿酒工程,E625,茅台学院,2,236638
2024,1,03,葡萄与葡萄酒工程,E625,茅台学院,2,270820
2024,1,04,食品科学与工程,E625,茅台学院,2,281945
2024,1,05,食品质量与安全,E625,茅台学院,2,283698
2024,1,06,资源循环科学与工程,E625,茅台学院,2,279806
2024,1,07,环境科学与工程,E625,茅台学院,2,284245
2024,1,08,自动化,E625,茅台学院,2,243481
2024,1,09,包装工程,E625,茅台学院,2,278986
2024,1,0A,市场营销,E625,茅台学院,3,186908
2024,1,0B,电子商务,E625,茅台学院,2,195068
2024,1,0C,物流管理,E625,茅台学院,3,192585
2024,1,0E,旅游管理,E625,茅台学院,2,190005
2024,1,0F,种子科学与工程,E625,茅台学院,2,271741
2024,1,05,通信工程,E654,郑州西亚斯学院,5,266406
2024,1,19,工程管理,E654,郑州西亚斯学院,10,219341
2024,1,25,工商管理,E654,郑州西亚斯学院,10,197131
2024,1,27,国际经济与贸易,E654,郑州西亚斯学院,10,199076
2024,1,39,广告学,E654,郑州西亚斯学院,5,194255
2024,1,66,护理学(中外合作办学),E654,郑州西亚斯学院,5,234124
2024,1,67,信息管理与信息系统(中外合作办学),E654,郑州西亚斯学院,5,260751
2024,1,01,机械设计制造及其自动化,E655,深圳技术大学,3,37581
2024,1,03,自动化,E655,深圳技术大学,3,32896
2024,1,07,物联网工程,E655,深圳技术大学,2,28195
2024,1,09,人工智能,E655,深圳技术大学,2,29802
2024,1,10,光源与照明,E655,深圳技术大学,3,43695
2024,1,11,新能源科学与工程,E655,深圳技术大学,2,38897
2024,1,13,交通运输,E655,深圳技术大学,3,53272
2024,1,14,车辆工程,E655,深圳技术大学,2,39328
2024,1,15,无人驾驶航空器系统工程,E655,深圳技术大学,3,45859
2024,1,17,生物医学工程,E655,深圳技术大学,3,49574
2024,1,18,智能医学工程,E655,深圳技术大学,3,48314
2024,1,19,应用物理学,E655,深圳技术大学,3,54163
2024,1,21,智能感知工程,E655,深圳技术大学,2,39651
2024,1,24,药学,E655,深圳技术大学,3,60206
2024,1,25,口腔医学技术,E655,深圳技术大学,3,63300
2024,1,26,生物制药,E655,深圳技术大学,3,51938
2024,1,27,集成电路设计与集成系统(龙芯英才班),E655,深圳技术大学,1,29388
2024,1,28,集成电路设计与集成系统,E655,深圳技术大学,2,32004
2024,1,30,工业设计,E655,深圳技术大学,2,51432
2024,1,34,国际商务,E655,深圳技术大学,4,55038
2024,1,35,财务管理,E655,深圳技术大学,2,34181
2024,1,37,德语,E655,深圳技术大学,3,61683
2024,1,39,商务英语,E655,深圳技术大学,4,57924
2024,1,01,电子信息科学与技术,E829,海南比勒费尔德应用科学大学,15,295994
2024,1,02,计算机科学与技术,E829,海南比勒费尔德应用科学大学,15,281942
2024,1,01,中医学,E830,重庆中医药学院,5,88336
2024,1,02,针灸推拿学,E830,重庆中医药学院,4,106557
2024,1,03,中医康复学,E830,重庆中医药学院,4,128155
2024,1,04,中医养生学,E830,重庆中医药学院,4,134840
2024,1,05,中医骨伤科学,E830,重庆中医药学院,5,111337
2024,1,06,中西医临床医学,E830,重庆中医药学院,4,113827
2024,1,07,中药学,E830,重庆中医药学院,6,145701
2024,1,08,中药资源与开发,E830,重庆中医药学院,5,202972
2024,1,09,护理学,E830,重庆中医药学院,8,153022
2024,1,14,中药制药,E830,重庆中医药学院,5,188101
2024,1,01,康复物理治疗,E878,康复大学,45,59570
2024,1,02,康复作业治疗,E878,康复大学,22,47276
2024,1,03,临床医学,E878,康复大学,45,35505
2024,1,04,生物医学工程,E878,康复大学,46,57340
2024,1,05,生物医学工程(智能机器人方向),E878,康复大学,22,44196
2024,1,06,生物信息学,E878,康复大学,46,64649
2024,1,01,环境科学,E881,青海理工学院,7,251318
2024,1,02,环境生态工程,E881,青海理工学院,7,251930
2024,1,03,大气科学,E881,青海理工学院,7,228219
2024,1,04,计算机科学与技术,E881,青海理工学院,8,223968
2024,1,05,信息工程,E881,青海理工学院,7,236317
2024,1,06,自动化,E881,青海理工学院,7,233772
2024,1,07,材料科学与工程,E881,青海理工学院,7,245381
2024,1,08,新能源科学与工程,E881,青海理工学院,8,232521
2024,1,09,土木、水利与交通工程,E881,青海理工学院,6,244413
2024,1,0A,遥感科学与技术,E881,青海理工学院,7,239111
2024,1,0B,经济学,E881,青海理工学院,6,194712
2024,1,0C,数字经济,E881,青海理工学院,6,192284
2024,1,0D,金融科技,E881,青海理工学院,7,198136
2024,1,71,建筑设计,F201,山西工程科技职业大学,5,196972
2024,1,75,智能建造工程,F201,山西工程科技职业大学,4,196067
2024,1,80,工程造价,F201,山西工程科技职业大学,8,196635
2024,1,82,电梯工程技术,F201,山西工程科技职业大学,4,195792
2024,1,85,测绘工程技术,F201,山西工程科技职业大学,7,196637
2024,1,86,市政工程,F201,山西工程科技职业大学,4,198374
2024,1,87,汽车服务工程技术,F201,山西工程科技职业大学,5,196849
2024,1,89,电子信息工程技术,F201,山西工程科技职业大学,4,179014
2024,1,90,软件工程技术,F201,山西工程科技职业大学,4,187056
2024,1,92,计算机应用工程,F201,山西工程科技职业大学,5,186901
2024,1,95,大数据与会计,F201,山西工程科技职业大学,8,159870
2024,1,97,国际经济与贸易,F201,山西工程科技职业大学,4,176499
2024,1,98,金融科技应用,F201,山西工程科技职业大学,4,178928
2024,1,B0,物流工程技术,F201,山西工程科技职业大学,6,181622
2024,1,B5,应用英语,F201,山西工程科技职业大学,4,174888
2024,1,B7,法律,F201,山西工程科技职业大学,5,150892
2024,1,B9,人力资源管理,F201,山西工程科技职业大学,3,164933
2024,1,1X,工业设计,F202,河北石油职业技术大学,4,195582
2024,1,1Y,大数据与会计,F202,河北石油职业技术大学,4,151005
2024,1,1Z,电气工程及自动化,F202,河北石油职业技术大学,3,152293
2024,1,20,电子信息工程技术,F202,河北石油职业技术大学,3,179134
2024,1,21,化工智能制造工程技术,F202,河北石油职业技术大学,5,194450
2024,1,22,机械设计制造及自动化,F202,河北石油职业技术大学,4,163331
2024,1,23,建设工程管理,F202,河北石油职业技术大学,8,197586
2024,1,24,建筑环境与能源工程,F202,河北石油职业技术大学,5,196305
2024,1,25,酒店管理,F202,河北石油职业技术大学,7,182368
2024,1,26,汽车工程技术,F202,河北石油职业技术大学,4,193062
2024,1,27,软件工程技术,F202,河北石油职业技术大学,4,180858
2024,1,28,生态环境工程技术,F202,河北石油职业技术大学,4,195898
2024,1,29,石油工程技术,F202,河北石油职业技术大学,4,188220
2024,1,2A,市场营销,F202,河北石油职业技术大学,5,177590
2024,1,2B,网络工程技术,F202,河北石油职业技术大学,4,184385
2024,1,2C,现代精细化工技术,F202,河北石油职业技术大学,4,193620
2024,1,2D,新能源汽车工程技术,F202,河北石油职业技术大学,6,186401
2024,1,2E,应用化工技术,F202,河北石油职业技术大学,4,194154
2024,1,2H,自动化技术与应用,F202,河北石油职业技术大学,4,180492
2024,1,40,电气工程及自动化,F203,河北科技工程职业技术大学,3,148146
2024,1,41,机器人技术,F203,河北科技工程职业技术大学,3,183376
2024,1,43,现代通信工程,F203,河北科技工程职业技术大学,3,175911
2024,1,47,服装工程技术,F203,河北科技工程职业技术大学,3,180150
2024,1,48,大数据与财务管理,F203,河北科技工程职业技术大学,3,155156
2024,1,50,智能制造工程技术,F203,河北科技工程职业技术大学,3,179284
2024,1,52,机械电子工程技术,F203,河北科技工程职业技术大学,3,182277
2024,1,53,建筑工程,F203,河北科技工程职业技术大学,3,193972
2024,1,55,现代物流管理,F203,河北科技工程职业技术大学,3,178856
2024,1,56,汽车工程技术,F203,河北科技工程职业技术大学,3,192038
2024,1,57,新能源汽车工程技术,F203,河北科技工程职业技术大学,3,183403
2024,1,59,汽车服务工程技术,F203,河北科技工程职业技术大学,3,177046
2024,1,61,软件工程技术,F203,河北科技工程职业技术大学,3,182742
2024,1,63,生态环境工程技术,F203,河北科技工程职业技术大学,3,247500
2024,1,01,钢铁智能冶金技术,F204,河北工业职业技术大学,3,239291
2024,1,05,生态环境工程技术,F204,河北工业职业技术大学,3,251119
2024,1,07,应用化工技术,F204,河北工业职业技术大学,3,242042
2024,1,09,电子信息工程技术,F204,河北工业职业技术大学,3,175706
2024,1,10,自动化技术与应用,F204,河北工业职业技术大学,3,173949
2024,1,11,机械设计制造及自动化,F204,河北工业职业技术大学,3,169924
2024,1,20,新能源汽车工程技术,F204,河北工业职业技术大学,3,179048
2024,1,26,人工智能工程技术,F204,河北工业职业技术大学,3,176038
2024,1,28,国际经济与贸易,F204,河北工业职业技术大学,4,174688
2024,1,29,现代物流管理,F204,河北工业职业技术大学,4,169614
2024,1,31,大数据与会计,F204,河北工业职业技术大学,3,155956
2024,1,63,智能控制技术,F205,广西农业职业技术大学,5,195425
2024,1,64,食品工程技术,F205,广西农业职业技术大学,5,201946
2024,1,68,计算机应用工程,F205,广西农业职业技术大学,5,192869
2024,1,80,中文国际教育,F205,广西农业职业技术大学,5,182166
2024,1,08,医学检验技术,F206,贵阳康养职业大学,2,204097
2024,1,09,医学影像技术,F206,贵阳康养职业大学,2,161664
2024,1,0B,康复治疗,F206,贵阳康养职业大学,3,223399
2024,1,0D,儿童康复治疗,F206,贵阳康养职业大学,3,231652
2024,1,0G,眼视光技术,F206,贵阳康养职业大学,4,185480
2024,1,0H,现代家政管理,F206,贵阳康养职业大学,2,179147
2024,1,0J,智慧健康养老管理,F206,贵阳康养职业大学,4,177172
2024,1,B0,智能采矿技术,F208,兰州资源环境职业技术大学,2,199546
2024,1,B1,安全工程技术,F208,兰州资源环境职业技术大学,7,200731
2024,1,B5,智慧气象技术,F208,兰州资源环境职业技术大学,5,193430
2024,1,B9,智能电网工程技术,F208,兰州资源环境职业技术大学,3,195135
2024,1,BA,电气工程及自动化,F208,兰州资源环境职业技术大学,2,163021
2024,1,BG,储能材料工程技术,F208,兰州资源环境职业技术大学,7,198734
2024,1,BJ,地理信息技术,F208,兰州资源环境职业技术大学,2,196902
2024,1,BM,现代精细化工技术,F208,兰州资源环境职业技术大学,5,198956
2024,1,BP,大数据与财务管理,F208,兰州资源环境职业技术大学,3,167241
2024,1,BQ,跨境电子商务,F208,兰州资源环境职业技术大学,5,184591
2024,1,BW,应用化工技术(石油化工技术),F209,兰州石化职业技术大学,2,265904
2024,1,BZ,应用化工技术(石油炼制技术),F209,兰州石化职业技术大学,4,265910
2024,1,C2,现代分析测试技术,F209,兰州石化职业技术大学,2,254455
2024,1,C5,高分子材料工程技术,F209,兰州石化职业技术大学,2,241956
2024,1,CH,煤炭清洁利用工程,F209,兰州石化职业技术大学,2,263843
2024,1,CL,安全工程技术,F209,兰州石化职业技术大学,2,253417
2024,1,CP,现代精细化工技术,F209,兰州石化职业技术大学,2,254978
2024,1,CS,电气工程及自动化,F209,兰州石化职业技术大学,2,163659
2024,1,CV,现代测控工程技术,F209,兰州石化职业技术大学,4,196870
2024,1,CY,油气储运工程,F209,兰州石化职业技术大学,4,187879
2024,1,D1,智能制造工程技术,F209,兰州石化职业技术大学,2,191733
2024,1,DN,测绘工程技术,F209,兰州石化职业技术大学,2,199203
2024,1,DU,大数据与会计,F209,兰州石化职业技术大学,3,164815
2024,1,DX,电子商务,F209,兰州石化职业技术大学,2,174219
2024,1,01,国际商务(中外合作办学),F301,宁波诺丁汉大学,10,49403
2024,1,02,财务管理(中外合作办学),F301,宁波诺丁汉大学,13,45046
2024,1,04,经济学(中外合作办学),F301,宁波诺丁汉大学,17,48032
2024,1,05,国际事务与国际关系(中外合作办学),F301,宁波诺丁汉大学,5,48185
2024,1,06,传播学(中外合作办学),F301,宁波诺丁汉大学,8,50309
2024,1,07,英语(中外合作办学)(2加2),F301,宁波诺丁汉大学,3,51635
2024,1,08,英语(中外合作办学),F301,宁波诺丁汉大学,4,51295
2024,1,09,计算机科学与技术(中外合作办学)(2加2),F301,宁波诺丁汉大学,6,36232
2024,1,10,计算机科学与技术(中外合作办学),F301,宁波诺丁汉大学,8,36694
2024,1,11,数学与应用数学(中外合作办学)(2加2),F301,宁波诺丁汉大学,3,44008
2024,1,12,数学与应用数学(中外合作办学),F301,宁波诺丁汉大学,6,48939
2024,1,13,电气类(中外合作办学)(2加2),F301,宁波诺丁汉大学,12,54726
2024,1,14,电气类(中外合作办学),F301,宁波诺丁汉大学,14,52200
2024,1,15,环境科学(中外合作办学)(2加2),F301,宁波诺丁汉大学,2,54323
2024,1,16,统计学(中外合作办学)(2加2),F301,宁波诺丁汉大学,4,47450
2024,1,17,化学(中外合作办学)(2加2),F301,宁波诺丁汉大学,2,44546
2024,1,18,建筑学(中外合作办学),F301,宁波诺丁汉大学,3,51897
2024,1,31,数学类(中外合作办学),F302,西交利物浦大学,21,47779
2024,1,32,电子信息类(中外合作办学),F302,西交利物浦大学,45,45150
2024,1,33,生物科学类(中外合作办学),F302,西交利物浦大学,18,48888
2024,1,34,工商管理类(中外合作办学),F302,西交利物浦大学,26,41641
2024,1,35,金融学类(中外合作办学),F302,西交利物浦大学,30,49901
2024,1,38,外国语言文学类(中外合作办学),F302,西交利物浦大学,6,42446
2024,1,01,工商管理类(中外合作办学),F401,北京师范大学-香港浸会大学联合国际学院,10,60325
2024,1,02,新闻传播学类(中外合作办学),F401,北京师范大学-香港浸会大学联合国际学院,11,55378
2024,1,03,外国语言文学类(中外合作办学),F401,北京师范大学-香港浸会大学联合国际学院,3,60280
2024,1,04,计算机类(中外合作办学),F401,北京师范大学-香港浸会大学联合国际学院,14,58340
2024,1,05,会计学(中外合作办学),F401,北京师范大学-香港浸会大学联合国际学院,13,57388
2024,1,06,经济学(中外合作办学),F401,北京师范大学-香港浸会大学联合国际学院,8,59511
2024,1,07,社会学(中外合作办学),F401,北京师范大学-香港浸会大学联合国际学院,2,55289
2024,1,08,应用心理学(中外合作办学),F401,北京师范大学-香港浸会大学联合国际学院,4,55291
2024,1,09,食品科学与工程(中外合作办学),F401,北京师范大学-香港浸会大学联合国际学院,2,59748
2024,1,0A,环境科学(中外合作办学),F401,北京师范大学-香港浸会大学联合国际学院,2,61059
2024,1,0B,统计学(中外合作办学),F401,北京师范大学-香港浸会大学联合国际学院,4,57757
2024,1,0C,金融数学(中外合作办学),F401,北京师范大学-香港浸会大学联合国际学院,3,58675
2024,1,0D,数学与应用数学(中外合作办学),F401,北京师范大学-香港浸会大学联合国际学院,4,57170
2024,1,0E,人工智能(中外合作办学),F401,北京师范大学-香港浸会大学联合国际学院,3,54609
2024,1,22,金融学(中外合作办学)(国际金融方向),F405,温州肯恩大学,4,65009
2024,1,23,国际商务(中外合作办学),F405,温州肯恩大学,3,68273
2024,1,24,会计学(中外合作办学)(国际会计方向),F405,温州肯恩大学,4,64258
2024,1,25,市场营销(中外合作办学)(国际方向),F405,温州肯恩大学,4,71580
2024,1,26,英语(中外合作办学),F405,温州肯恩大学,4,72881
2024,1,27,心理学(中外合作办学),F405,温州肯恩大学,3,69634
2024,1,28,传播学(中外合作办学),F405,温州肯恩大学,4,70830
2024,1,29,建筑学(中外合作办学),F405,温州肯恩大学,3,72549
2024,1,30,管理科学(中外合作办学),F405,温州肯恩大学,4,73672
2024,1,31,生物科学(中外合作办学)(细胞与分子方向),F405,温州肯恩大学,5,74269
2024,1,32,数学与应用数学(中外合作办学)(数据分析方向),F405,温州肯恩大学,4,66237
2024,1,33,计算机科学与技术(中外合作办学),F405,温州肯恩大学,11,70732
2024,1,34,化学(中外合作办学),F405,温州肯恩大学,3,72808
2024,1,35,环境科学(中外合作办学),F405,温州肯恩大学,4,75297
2024,1,16,金融科技(中外合作办学),F409,深圳北理莫斯科大学,2,73530
2024,1,18,国际经济与贸易(中外合作办学),F409,深圳北理莫斯科大学,4,65644
2024,1,1A,智能感知工程(中外合作办学),F409,深圳北理莫斯科大学,2,66232
2024,1,1C,电子与计算机工程(中外合作办学),F409,深圳北理莫斯科大学,6,67979
2024,1,01,数学与应用数学(中外合作办学),F410,广东以色列理工学院,5,59643
2024,1,02,材料科学与工程(中外合作办学),F410,广东以色列理工学院,5,57296
2024,1,03,化学工程与工艺(中外合作办学),F410,广东以色列理工学院,5,63469
2024,1,04,生物技术(中外合作办学),F410,广东以色列理工学院,5,59799
2024,1,05,机械工程(中外合作办学),F410,广东以色列理工学院,5,48137
2024,1,00,法学,G127,内蒙古科技大学包头师范学院,1,98557
2024,1,01,政治学与行政学,G127,内蒙古科技大学包头师范学院,2,159346
2024,1,02,社会工作,G127,内蒙古科技大学包头师范学院,1,167729
2024,1,03,思想政治教育(师范类),G127,内蒙古科技大学包头师范学院,2,135443
2024,1,05,小学教育(师范类，语文),G127,内蒙古科技大学包头师范学院,2,154482
2024,1,06,汉语言文学(师范类),G127,内蒙古科技大学包头师范学院,2,121919
2024,1,09,历史学(师范类),G127,内蒙古科技大学包头师范学院,2,146550
2024,1,12,人力资源管理,G127,内蒙古科技大学包头师范学院,2,168529
2024,1,14,图书馆学,G127,内蒙古科技大学包头师范学院,2,158160
2024,1,18,电子信息科学与技术,G127,内蒙古科技大学包头师范学院,2,211028
2024,1,30,新闻学,G127,内蒙古科技大学包头师范学院,2,165552
2024,1,31,数学与应用数学(师范类),G127,内蒙古科技大学包头师范学院,1,208451
2024,1,33,物理学(师范类),G127,内蒙古科技大学包头师范学院,2,286925
2024,1,36,化学(师范类),G127,内蒙古科技大学包头师范学院,2,296531
2024,1,39,地理科学(师范类),G127,内蒙古科技大学包头师范学院,1,106442
2024,1,42,生物科学(师范类),G127,内蒙古科技大学包头师范学院,2,280836
2024,1,45,应用心理学(师范类),G127,内蒙古科技大学包头师范学院,2,166479
2024,1,56,金融学,G127,内蒙古科技大学包头师范学院,2,166260
2024,1,57,英语(师范类),G127,内蒙古科技大学包头师范学院,2,162783
2024,1,02,工科试验班(计算机与电子通信),G213,哈尔滨工业大学(深圳),8,1249
2024,1,02,临床医学(本博连读),H001,北京大学医学部,9,182
2024,1,03,临床医学,H001,北京大学医学部,2,221
2024,1,04,口腔医学(本博连读),H001,北京大学医学部,1,184
2024,1,05,口腔医学,H001,北京大学医学部,1,193
2024,1,06,预防医学(本硕连读),H001,北京大学医学部,4,318
2024,1,07,药学(本硕连读),H001,北京大学医学部,5,255
2024,1,08,英语(医学英语),H001,北京大学医学部,5,438
2024,1,09,基础医学(本博连读),H001,北京大学医学部,1,179
2024,1,02,国民经济管理(中外合作办学),H002,中国人民大学(苏州校区),2,7339
2024,1,03,金融学(中外合作办学),H002,中国人民大学(苏州校区),11,9921
2024,1,04,数学与应用数学(中外合作办学)(人大索邦数学拔尖实验班),H002,中国人民大学(苏州校区),3,4553
2024,1,01,信息管理与信息系统(中外合作办学),H004,北京交通大学(威海校区),12,39053
2024,1,02,通信工程(中外合作办学),H004,北京交通大学(威海校区),8,28599
2024,1,03,计算机科学与技术(中外合作办学),H004,北京交通大学(威海校区),11,27417
2024,1,04,环境工程(中外合作办学),H004,北京交通大学(威海校区),9,43170
2024,1,05,工商管理(中外合作办学),H004,北京交通大学(威海校区),10,34867
2024,1,06,会计学(中外合作办学),H004,北京交通大学(威海校区),8,27663
2024,1,11,电信工程及管理(中外合作办学),H013,北京邮电大学(宏福校区),15,16167
2024,1,12,物联网工程(中外合作办学),H013,北京邮电大学(宏福校区),8,13158
2024,1,13,电子信息工程(中外合作办学),H013,北京邮电大学(宏福校区),3,9336
2024,1,14,智能科学与技术(中外合作办学),H013,北京邮电大学(宏福校区),4,11911
2024,1,15,信息与计算科学(中外合作办学),H013,北京邮电大学(宏福校区),4,23749
2024,1,16,数字媒体技术(中外合作办学),H013,北京邮电大学(宏福校区),4,21605
2024,1,0M,人文科学试验班,H027,北京师范大学(珠海校区),9,8551
2024,1,0P,理科试验班,H027,北京师范大学(珠海校区),14,12948
2024,1,0Q,数学类,H027,北京师范大学(珠海校区),17,11097
2024,1,0R,社会科学试验班,H027,北京师范大学(珠海校区),5,10683
2024,1,05,临床医学,H127,内蒙古科技大学包头医学院,3,108400
2024,1,0B,预防医学,H127,内蒙古科技大学包头医学院,2,181224
2024,1,0E,法医学,H127,内蒙古科技大学包头医学院,3,164543
2024,1,0G,卫生检验与检疫,H127,内蒙古科技大学包头医学院,2,220959
2024,1,01,能源化学工程,H141,大连理工大学(盘锦校区),28,19441
2024,1,05,海洋技术,H141,大连理工大学(盘锦校区),12,20895
2024,1,08,生物科学类,H141,大连理工大学(盘锦校区),5,17608
2024,1,10,药学,H141,大连理工大学(盘锦校区),12,20973
2024,1,21,经济学类,H141,大连理工大学(盘锦校区),8,22934
2024,1,17,过程装备与控制工程(中外合作办学),H141,大连理工大学(盘锦校区),7,32847
2024,1,18,应用化学(中外合作办学),H141,大连理工大学(盘锦校区),10,36723
2024,1,20,数理基础科学(中外合作办学),H141,大连理工大学(盘锦校区),8,27833
2024,1,01,经济学类,H145,东北大学秦皇岛分校,13,21323
2024,1,02,外国语言文学类,H145,东北大学秦皇岛分校,9,26197
2024,1,03,数学类,H145,东北大学秦皇岛分校,6,15246
2024,1,04,机械类,H145,东北大学秦皇岛分校,20,18404
2024,1,05,材料类,H145,东北大学秦皇岛分校,17,23012
2024,1,06,电子信息工程,H145,东北大学秦皇岛分校,10,13950
2024,1,07,通信工程,H145,东北大学秦皇岛分校,6,13977
2024,1,08,自动化类,H145,东北大学秦皇岛分校,13,13848
2024,1,09,仪器类(智能光电感知),H145,东北大学秦皇岛分校,13,18042
2024,1,10,计算机科学与技术,H145,东北大学秦皇岛分校,9,12494
2024,1,11,物联网工程,H145,东北大学秦皇岛分校,5,13398
2024,1,12,工商管理类,H145,东北大学秦皇岛分校,14,22224
2024,1,13,信息管理与信息系统,H145,东北大学秦皇岛分校,6,22111
2024,1,15,电子商务,H145,东北大学秦皇岛分校,5,30918
2024,1,H1,计算机科学与技术(中外合作办学),H145,东北大学秦皇岛分校,10,19995
2024,1,H2,通信工程(中外合作办学),H145,东北大学秦皇岛分校,10,23093
2024,1,H3,应用统计学(中外合作办学),H145,东北大学秦皇岛分校,5,25640
2024,1,H4,数学与应用数学(中外合作办学),H145,东北大学秦皇岛分校,12,34202
2024,1,01,工科试验班(电气与自动化),H213,哈尔滨工业大学(威海),90,8982
2024,1,02,工科试验班(计算机与电子通信),H213,哈尔滨工业大学(威海),213,8741
2024,1,03,工科试验班(机器人与智能装备),H213,哈尔滨工业大学(威海),114,10030
2024,1,17,软件工程,H213,哈尔滨工业大学(威海),80,9775
2024,1,21,工科试验班(先进材料与智能制造类拔尖班),H213,哈尔滨工业大学(威海),19,4376
2024,1,27,工科试验班(理工交叉先进技术领军班),H213,哈尔滨工业大学(威海),20,8060
2024,1,24,船舶与海洋工程(中外合作办学),H213,哈尔滨工业大学(威海),15,23076
2024,1,61,临床医学(8年制，卓越医生计划),H246,复旦大学医学院,3,275
2024,1,63,临床医学(5年制，卓越医生计划),H246,复旦大学医学院,6,758
2024,1,64,口腔医学,H246,复旦大学医学院,2,766
2024,1,73,医学试验班(拔尖学生培养基地),H246,复旦大学医学院,14,1661
2024,1,01,临床医学(八年制本博连读),H248,上海交通大学医学院,4,247
2024,1,06,口腔医学(5+3一体化),H248,上海交通大学医学院,5,660
2024,1,14,医学试验班(临床方向),H248,上海交通大学医学院,10,846
2024,1,9A,临床医学(5+3一体化培养),H335,浙江大学医学院,6,914
2024,1,9B,口腔医学(5+3一体化培养),H335,浙江大学医学院,7,1073
2024,1,9C,临床医学(儿科方向，5+3一体化培养),H335,浙江大学医学院,3,1246
2024,1,02,新能源材料与器件,H359,合肥工业大学(宣城校区),10,26262
2024,1,03,电气工程与智能控制,H359,合肥工业大学(宣城校区),8,20059
2024,1,06,机械工程,H359,合肥工业大学(宣城校区),18,25263
2024,1,07,过程装备与控制工程,H359,合肥工业大学(宣城校区),8,28943
2024,1,08,计算机科学与技术,H359,合肥工业大学(宣城校区),8,15739
2024,1,09,智能科学与技术,H359,合肥工业大学(宣城校区),18,21426
2024,1,0A,经济学,H359,合肥工业大学(宣城校区),4,26233
2024,1,0G,网络与新媒体,H359,合肥工业大学(宣城校区),10,40026
2024,1,A3,石油工程,H414,中国石油大学(北京)克拉玛依校区,20,44597
2024,1,A4,计算机类,H414,中国石油大学(北京)克拉玛依校区,21,36658
2024,1,A5,人工智能,H414,中国石油大学(北京)克拉玛依校区,6,38937
2024,1,B3,机械设计制造及其自动化,H414,中国石油大学(北京)克拉玛依校区,11,44998
2024,1,B6,自动化,H414,中国石油大学(北京)克拉玛依校区,11,37503
2024,1,B7,安全工程,H414,中国石油大学(北京)克拉玛依校区,6,54869
2024,1,B8,新能源科学与工程,H414,中国石油大学(北京)克拉玛依校区,8,44638
2024,1,B9,能源与动力工程,H414,中国石油大学(北京)克拉玛依校区,6,42666
2024,1,C1,数学与应用数学,H414,中国石油大学(北京)克拉玛依校区,5,40938
2024,1,C2,统计学,H414,中国石油大学(北京)克拉玛依校区,6,43086
2024,1,C3,英语,H414,中国石油大学(北京)克拉玛依校区,7,48924
2024,1,C4,俄语,H414,中国石油大学(北京)克拉玛依校区,6,51606
2024,1,C5,汉语言文学,H414,中国石油大学(北京)克拉玛依校区,8,38036
2024,1,D2,经济学,H414,中国石油大学(北京)克拉玛依校区,5,45016
2024,1,D3,金融学,H414,中国石油大学(北京)克拉玛依校区,5,44517
2024,1,D4,思想政治教育,H414,中国石油大学(北京)克拉玛依校区,6,40577
2024,1,D5,资源勘查工程,H414,中国石油大学(北京)克拉玛依校区,15,56873
2024,1,D7,勘查技术与工程,H414,中国石油大学(北京)克拉玛依校区,12,57477
2024,1,D9,化学工程与工艺,H414,中国石油大学(北京)克拉玛依校区,12,52829
2024,1,DB,能源化学工程,H414,中国石油大学(北京)克拉玛依校区,10,50771
2024,1,DD,油气储运工程,H414,中国石油大学(北京)克拉玛依校区,11,47735
2024,1,DF,过程装备与控制工程,H414,中国石油大学(北京)克拉玛依校区,8,49077
2024,1,DH,环境工程,H414,中国石油大学(北京)克拉玛依校区,8,61212
2024,1,DK,会计学,H414,中国石油大学(北京)克拉玛依校区,9,38635
2024,1,01,国际政治,H422,山东大学威海分校,5,15406
2024,1,02,经济学类,H422,山东大学威海分校,80,17361
2024,1,03,工商管理类,H422,山东大学威海分校,48,17649
2024,1,04,法学类,H422,山东大学威海分校,100,13540
2024,1,06,汉语言文学,H422,山东大学威海分校,80,14912
2024,1,07,新闻学,H422,山东大学威海分校,10,16255
2024,1,08,外国语言文学类,H422,山东大学威海分校,20,18113
2024,1,09,海洋科学,H422,山东大学威海分校,8,15562
2024,1,0A,海洋资源开发技术,H422,山东大学威海分校,8,16161
2024,1,0B,智能制造工程,H422,山东大学威海分校,55,13225
2024,1,0C,自动化类,H422,山东大学威海分校,90,11957
2024,1,0D,电子信息类,H422,山东大学威海分校,80,11275
2024,1,0E,计算机类,H422,山东大学威海分校,100,10864
2024,1,0F,物理学,H422,山东大学威海分校,46,14374
2024,1,0G,数学类,H422,山东大学威海分校,100,13131
2024,1,S1,软件工程(国家示范性软件学院),H614,电子科技大学(沙河校区),7,3852
2024,1,S2,软件工程(互联网交叉培养实验班),H614,电子科技大学(沙河校区),3,3250
2024,1,Y1,临床医学,H614,电子科技大学(沙河校区),12,10935
2024,1,Y2,护理学,H614,电子科技大学(沙河校区),5,34715
2024,1,G1,电子信息类(中外合作办学)(电子信息),H614,电子科技大学(沙河校区),5,6182
2024,1,G2,电子信息类(中外合作办学)(通信、微电子),H614,电子科技大学(沙河校区),8,8123
2024,1,GH,电子信息类(中外合作办学)(海南陵水国际教育创新区),H614,电子科技大学(沙河校区),5,12905
2024,1,81,管理科学与工程类,H635,西南大学(荣昌校区),10,31327
2024,1,82,市场营销,H635,西南大学(荣昌校区),4,36754
2024,1,83,国际经济与贸易,H635,西南大学(荣昌校区),2,27935
2024,1,84,物流管理,H635,西南大学(荣昌校区),6,37377
2024,1,S1,动物科学,H635,西南大学(荣昌校区),10,49659
2024,1,U1,动物医学类(五年制),H635,西南大学(荣昌校区),8,43067
2024,1,U2,动物医学类,H635,西南大学(荣昌校区),3,47438
2024,1,V1,水产类,H635,西南大学(荣昌校区),10,61891
2024,1,H6,动物科学(中外合作办学),H635,西南大学(荣昌校区),7,77384
2024,1,04,采矿工程,M189,山西能源学院,4,268470
2024,1,06,油气储运工程,M189,山西能源学院,3,263861
2024,1,08,安全工程,M189,山西能源学院,4,266299
2024,1,10,机械电子工程,M189,山西能源学院,3,245792
2024,1,13,能源与动力工程,M189,山西能源学院,4,219238
2024,1,20,化学工程与工艺,M189,山西能源学院,4,271950
2024,1,23,能源与环境系统工程,M189,山西能源学院,3,259320
2024,1,26,资源勘查工程,M189,山西能源学院,5,271555
2024,1,27,测绘工程,M189,山西能源学院,3,258600
2024,1,04,环境工程,M721,河北环境工程学院,4,266936
2024,1,14,软件工程,M721,河北环境工程学院,3,173469
2024,1,23,新闻学,M721,河北环境工程学院,3,160783
2024,1,02,文学与社会科学院(学费每年99750港元),N012,香港珠海学院,3,209491
2024,1,03,商学院(学费每年99750港元),N012,香港珠海学院,5,215419
2024,1,05,理工学院(学费每年99750港元),N012,香港珠海学院,2,245122
2024,1,70,计算机类,P002,国防科技大学,11,2234
2024,1,71,电子信息类,P002,国防科技大学,14,2981
2024,1,72,航空航天类,P002,国防科技大学,8,3494
2024,1,73,自动化类,P002,国防科技大学,12,3403
2024,1,74,大气科学类,P002,国防科技大学,9,6608
2024,1,75,计算机科学与技术(天河拔尖班),P002,国防科技大学,3,1261
2024,1,76,理论与应用力学(航天力学拔尖班),P002,国防科技大学,3,2742
2024,1,D1,建筑环境与能源应用工程(全国人防通风空调与给排水工程师),P004,陆军工程大学,1,44272
2024,1,D2,土木工程(全国人防工程建筑结构设计与施工工程师),P004,陆军工程大学,1,49583
2024,1,D3,工程管理(全国人防建筑施工组织管理与监理工程师),P004,陆军工程大学,1,39460
2024,1,D4,建筑学(全国人防工程建筑设计工程师),P004,陆军工程大学,1,57605
2024,1,D5,电气工程及其自动化(全国人防电力工程及自动化技术工程师),P004,陆军工程大学,1,15946
2024,1,D6,网络工程(全国人防指挥自动化技术工程师),P004,陆军工程大学,1,22599
2024,1,20,临床医学(高级临床医师),P020,海军军医大学,6,4323
2024,1,21,临床医学(临床医师),P020,海军军医大学,13,10060
2024,1,22,麻醉学(临床麻醉医师),P020,海军军医大学,2,11258
2024,1,23,医学影像学(临床影像医师),P020,海军军医大学,1,8399
2024,1,24,中医学(中医临床医师),P020,海军军医大学,1,15398
2024,1,25,药学(药剂师),P020,海军军医大学,2,16711
2024,1,26,中药学(药剂师),P020,海军军医大学,1,25413
2024,1,27,生物技术,P020,海军军医大学,1,16266
2024,1,28,护理学(护师),P020,海军军医大学,1,31198
2024,1,10,基础医学(本博连读),P030,空军军医大学,2,8915
2024,1,11,临床医学(本博连读),P030,空军军医大学,4,4704
2024,1,12,临床医学,P030,空军军医大学,12,11207
2024,1,13,口腔医学(本博连读),P030,空军军医大学,1,1002
2024,1,14,口腔医学,P030,空军军医大学,4,8708
2024,1,15,生物医学工程,P030,空军军医大学,2,20584
2024,1,16,生物技术,P030,空军军医大学,2,26085
2024,1,17,药学,P030,空军军医大学,2,23483
2024,1,18,护理学,P030,空军军医大学,3,39057
2024,1,70,财务管理,Y000,哈尔滨理工大学,16,91190
2024,1,73,商务英语,Y000,哈尔滨理工大学,10,124668
2024,1,74,日语,Y000,哈尔滨理工大学,8,126516
2024,1,75,材料成型及控制工程,Y000,哈尔滨理工大学,15,141969
2024,1,76,机械设计制造及其自动化,Y000,哈尔滨理工大学,20,92092
2024,1,77,电气工程及其自动化,Y000,哈尔滨理工大学,32,62626
2024,1,78,软件工程,Y000,哈尔滨理工大学,36,99300
2024,1,79,朝鲜语,Y000,哈尔滨理工大学,9,148751
2024,1,80,俄语,Y000,哈尔滨理工大学,4,94942
2024,1,84,土木工程,Y000,哈尔滨理工大学,25,193346
2024,1,87,旅游管理,Y000,哈尔滨理工大学,5,132634
2024,1,88,食品科学与工程,Y000,哈尔滨理工大学,30,168462
2024,1,89,智能制造工程,Y000,哈尔滨理工大学,60,102351
2024,1,90,电气工程与智能控制,Y000,哈尔滨理工大学,50,75566
2024,1,94,电子信息科学与技术,Y000,哈尔滨理工大学,20,59389
2024,1,95,跨境电子商务,Y000,哈尔滨理工大学,15,137460
2024,1,X1,临床医学(五年制，非西藏生源定向西藏就业),Y001,山东大学,4,29164
2024,1,X2,计算机科学与技术(非西藏生源定向西藏就业),Y001,山东大学,4,26532
2024,1,X3,预防医学(五年制，非西藏生源定向西藏就业),Y001,山东大学,4,42576
2024,1,X4,土木类(非西藏生源定向西藏就业),Y001,山东大学,3,42825
2024,1,3K,化学工程与工艺(高密校区),Y003,青岛科技大学,120,163804
2024,1,3L,高分子材料与工程(高密校区),Y003,青岛科技大学,120,163437
2024,1,3M,机械工程(高密校区),Y003,青岛科技大学,168,125797
2024,1,3N,电气工程及其自动化(高密校区),Y003,青岛科技大学,92,82599
2024,1,3P,自动化(高密校区),Y003,青岛科技大学,90,97671
2024,1,3Q,计算机科学与技术(高密校区),Y003,青岛科技大学,180,85356
2024,1,3R,英语(高密校区),Y003,青岛科技大学,120,119918
2024,1,3S,国际经济与贸易(高密校区),Y003,青岛科技大学,150,127503
2024,1,3T,财务管理(高密校区),Y003,青岛科技大学,160,89533
2024,1,3U,法学(高密校区),Y003,青岛科技大学,90,68588
2024,1,3V,社会工作(高密校区),Y003,青岛科技大学,60,126651
2024,1,A1,会计学(临沂校区),Y004,青岛理工大学,105,96960
2024,1,A2,机械设计制造及其自动化(临沂校区),Y004,青岛理工大学,70,144303
2024,1,A4,电子商务(临沂校区),Y004,青岛理工大学,70,145934
2024,1,A5,物流管理(临沂校区),Y004,青岛理工大学,105,167317
2024,1,A6,土木工程(临沂校区),Y004,青岛理工大学,245,233532
2024,1,A7,交通运输(临沂校区),Y004,青岛理工大学,105,159331
2024,1,A8,交通工程(临沂校区),Y004,青岛理工大学,105,174147
2024,1,B3,工程管理(临沂校区),Y004,青岛理工大学,175,174314
2024,1,B7,机械工程(临沂校区),Y004,青岛理工大学,175,159288
2024,1,B8,工程审计(临沂校区),Y004,青岛理工大学,175,173156
2024,1,C1,电气工程与智能控制(临沂校区),Y004,青岛理工大学,210,130308
2024,1,C2,机械电子工程(临沂校区),Y004,青岛理工大学,190,156451
2024,1,C3,道路桥梁与渡河工程(临沂校区),Y004,青岛理工大学,140,222448
2024,1,C4,商务英语(临沂校区),Y004,青岛理工大学,140,151522
2024,1,C5,统计学(临沂校区),Y004,青岛理工大学,140,161516
2024,1,1M,行政管理(菏泽校区),Y005,齐鲁工业大学,180,141314
2024,1,1N,制药工程(菏泽校区),Y005,齐鲁工业大学,180,195775
2024,1,1P,食品科学与工程(菏泽校区),Y005,齐鲁工业大学,220,207438
2024,1,1Q,人力资源管理(菏泽校区),Y005,齐鲁工业大学,135,145045
2024,1,1R,化学工程与工艺(菏泽校区),Y005,齐鲁工业大学,180,201504
2024,1,1S,高分子材料与工程(菏泽校区),Y005,齐鲁工业大学,220,201315
2024,1,1T,化学(菏泽校区),Y005,齐鲁工业大学,135,206096
2024,1,1U,市场营销(菏泽校区),Y005,齐鲁工业大学,135,153939
2024,1,1V,信息管理与信息系统(菏泽校区),Y005,齐鲁工业大学,180,150191
2024,1,1W,功能材料(菏泽校区),Y005,齐鲁工业大学,135,199023
2024,1,AU,思想政治教育(师范类，非西藏生源定向西藏就业),Y006,山东师范大学,2,66608
2024,1,FU,汉语言文学(师范类，非西藏生源定向西藏就业),Y006,山东师范大学,5,61862
2024,1,HU,英语(师范类，非西藏生源定向西藏就业),Y006,山东师范大学,5,79384
2024,1,PU,数学与应用数学(师范类，非西藏生源定向西藏就业),Y006,山东师范大学,1,57392
2024,1,VU,计算机科学与技术(师范类，非西藏生源定向西藏就业),Y006,山东师范大学,4,117787
2024,1,75,船舶与海洋工程,Y010,山东交通学院,75,223393
2024,1,28,保险学(济南走读),Y014,山东财经大学,10,74337
2024,1,2G,公共管理类(济南走读),Y014,山东财经大学,50,114482
2024,1,2K,新闻学(济南走读),Y014,山东财经大学,10,83418
2024,1,2L,外国语言文学类(济南走读),Y014,山东财经大学,50,122529
2024,1,2X,跨境电子商务(济南走读),Y014,山东财经大学,15,121624
2024,1,2Y,信息管理与信息系统(济南走读),Y014,山东财经大学,25,104701
2024,1,2Z,工程管理(济南走读),Y014,山东财经大学,10,121488
2024,1,31,物流管理(济南走读),Y014,山东财经大学,10,124141
2024,1,34,文化产业管理(济南走读),Y014,山东财经大学,20,108051
2024,1,35,汉语国际教育(济南走读),Y014,山东财经大学,20,93319
2024,1,37,工商管理类(济南走读),Y014,山东财经大学,80,101409
2024,1,23,材料成型及控制工程(济南走读),Y015,山东建筑大学,10,175568
2024,1,24,材料科学与工程(济南走读),Y015,山东建筑大学,15,186579
2024,1,25,测绘工程(济南走读),Y015,山东建筑大学,10,193574
2024,1,26,城市地下空间工程(济南走读),Y015,山东建筑大学,10,201057
2024,1,27,道路桥梁与渡河工程(济南走读),Y015,山东建筑大学,15,213271
2024,1,28,给排水科学与工程(济南走读),Y015,山东建筑大学,15,214363
2024,1,29,工程管理(济南走读),Y015,山东建筑大学,10,146556
2024,1,2A,焊接技术与工程(济南走读),Y015,山东建筑大学,10,203099
2024,1,2B,机械工程(济南走读),Y015,山东建筑大学,20,151074
2024,1,2C,计算机科学与技术(济南走读),Y015,山东建筑大学,15,114733
2024,1,2D,建筑电气与智能化(济南走读),Y015,山东建筑大学,10,154636
2024,1,2E,建筑环境与能源应用工程(济南走读),Y015,山东建筑大学,20,213591
2024,1,2F,通信工程(济南走读),Y015,山东建筑大学,10,122518
2024,1,2G,土木工程(济南走读),Y015,山东建筑大学,20,210974
2024,1,2H,无机非金属材料工程(济南走读),Y015,山东建筑大学,20,201226
2024,1,2J,物联网工程(济南走读),Y015,山东建筑大学,10,122712
2024,1,2K,信息管理与信息系统(济南走读),Y015,山东建筑大学,10,130208
2024,1,2L,应用统计学(济南走读),Y015,山东建筑大学,10,147389
2024,1,2M,应用物理学(济南走读),Y015,山东建筑大学,10,172631
2024,1,2N,地理信息科学(济南走读),Y015,山东建筑大学,10,113473
2024,1,30,汉语言文学(师范类，济南走读),Y016,济南大学,10,56167
2024,1,31,历史学(师范类，济南走读),Y016,济南大学,10,68890
2024,1,32,新闻传播学类(济南走读),Y016,济南大学,10,104657
2024,1,33,数学与应用数学(师范类，济南走读),Y016,济南大学,10,101091
2024,1,34,金融数学(济南走读),Y016,济南大学,10,115101
2024,1,35,数据科学与大数据技术(济南走读),Y016,济南大学,10,72136
2024,1,36,物理学(师范兼非师范，济南走读),Y016,济南大学,10,116464
2024,1,37,光电信息科学与工程(济南走读),Y016,济南大学,10,86562
2024,1,38,新能源科学与工程(济南走读),Y016,济南大学,10,91721
2024,1,39,通信工程(济南走读),Y016,济南大学,10,73831
2024,1,3B,计算机科学与技术(济南走读),Y016,济南大学,10,55578
2024,1,3D,网络工程(济南走读),Y016,济南大学,5,61306
2024,1,3E,网络空间安全(济南走读),Y016,济南大学,5,65528
2024,1,3F,人工智能(济南走读),Y016,济南大学,10,77182
2024,1,3H,水利类(济南走读),Y016,济南大学,15,144026
2024,1,3L,环境工程(济南走读),Y016,济南大学,15,159890
2024,1,3M,地理科学(师范兼非师范，济南走读),Y016,济南大学,10,92068
2024,1,3R,经济学(济南走读),Y016,济南大学,10,89349
2024,1,3S,金融学(济南走读),Y016,济南大学,10,104242
2024,1,3T,工商管理(济南走读),Y016,济南大学,10,104847
2024,1,3U,会计学(济南走读),Y016,济南大学,10,70085
2024,1,3V,英语(师范兼非师范，济南走读),Y016,济南大学,10,80448
2024,1,3W,日语(济南走读),Y016,济南大学,5,132378
2024,1,3X,法语(济南走读),Y016,济南大学,5,131664
2024,1,3Y,法学(济南走读),Y016,济南大学,30,60429
2024,1,3Z,社会工作(济南走读),Y016,济南大学,10,116096
2024,1,40,公共管理类(济南走读),Y016,济南大学,15,117301
2024,1,41,思想政治教育(师范类，济南走读),Y016,济南大学,15,67620
2024,1,42,材料类(济南走读),Y016,济南大学,40,161701
2024,1,44,化学类(济南走读),Y016,济南大学,20,154817
2024,1,45,化工与制药类(济南走读),Y016,济南大学,30,157927
2024,1,46,机械工程(济南走读),Y016,济南大学,10,106822
2024,1,47,车辆工程(济南走读),Y016,济南大学,10,114097
2024,1,48,智能制造工程(济南走读),Y016,济南大学,10,108413
2024,1,49,土木类(济南走读),Y016,济南大学,30,193167
2024,1,4A,建筑学(济南走读),Y016,济南大学,10,126597
2024,1,4B,城乡规划(济南走读),Y016,济南大学,10,124463
2024,1,4C,自动化(济南走读),Y016,济南大学,5,77696
2024,1,4D,机器人工程(济南走读),Y016,济南大学,5,81544
2024,1,4E,电气工程及其自动化(济南走读),Y016,济南大学,5,73557
2024,1,4L,工业设计(济南走读),Y016,济南大学,5,127755
2024,1,4M,旅游管理(济南走读),Y016,济南大学,10,130216
2024,1,4N,文化产业管理(济南走读),Y016,济南大学,10,116383
2024,1,4P,烹饪与营养教育(济南走读),Y016,济南大学,10,208460
2024,1,4Q,应用心理学(师范类，济南走读),Y016,济南大学,10,100659
2024,1,4S,生物技术(济南走读),Y016,济南大学,10,148490
2024,1,4T,药学(济南走读),Y016,济南大学,10,125470
2024,1,4U,生物制药(济南走读),Y016,济南大学,10,136215
2024,1,4V,标准化工程(济南走读),Y016,济南大学,5,120053
2024,1,4W,大数据管理与应用(济南走读),Y016,济南大学,10,99005
2024,1,4X,信息管理与信息系统(济南走读),Y016,济南大学,10,110883
2024,1,4Y,应急管理(济南走读),Y016,济南大学,5,125600
2024,1,07,思想政治教育(师范类),Y017,青岛大学,30,55036
2024,1,0A,物理学(师范类),Y017,青岛大学,35,133517
2024,1,0B,化学(师范类),Y017,青岛大学,35,123337
2024,1,0F,汉语言文学(师范类),Y017,青岛大学,35,43687
2024,1,0S,数学与应用数学(师范类),Y017,青岛大学,31,93987
2024,1,2A,非织造材料与工程,Y017,青岛大学,15,138524
2024,1,2J,德语,Y017,青岛大学,10,79475
2024,1,2L,法语,Y017,青岛大学,10,77365
2024,1,2N,供应链管理,Y017,青岛大学,10,96305
2024,1,61,地理科学(师范类),Y017,青岛大学,40,68122
2024,1,6Y,英语(师范类),Y017,青岛大学,20,58759
2024,1,73,纺织工程(卓越创新班),Y017,青岛大学,10,122047
2024,1,8J,材料类,Y017,青岛大学,10,80926
2024,1,8L,护理学,Y017,青岛大学,15,68687
2024,1,8M,旅游管理,Y017,青岛大学,15,84693
2024,1,J1,金融学(中外合作办学)(就读地点济南、只提供英语教学),Y021,山东科技大学,95,175893
2024,1,J2,电气工程及其自动化(中外合作办学)(就读地点济南、只提供英语教学),Y021,山东科技大学,80,125541
2024,1,J3,通信工程(中外合作办学)(就读地点济南、只提供英语教学),Y021,山东科技大学,80,163478
2024,1,J4,机械电子工程(中外合作办学)(就读地点济南、只提供英语教学),Y021,山东科技大学,65,185487
2024,1,J5,软件工程(中外合作办学)(就读地点济南、只提供英语教学),Y021,山东科技大学,60,150513
2024,1,J6,自动化(中外合作办学)(就读地点济南、只提供英语教学),Y021,山东科技大学,60,166463
2024,1,J7,工业设计(中外合作办学)(就读地点济南、只提供英语教学),Y021,山东科技大学,50,216491
2024,1,D1,考古学(文物全科人才面向济南市就业),Y024,山东大学,4,8410
2024,1,D2,考古学(文物全科人才面向青岛市就业),Y024,山东大学,5,6187
2024,1,D3,考古学(文物全科人才面向淄博市就业),Y024,山东大学,7,13171
2024,1,D4,考古学(文物全科人才面向枣庄市就业),Y024,山东大学,3,15624
2024,1,D5,考古学(文物全科人才面向东营市就业),Y024,山东大学,1,12271
2024,1,D6,考古学(文物全科人才面向烟台市就业),Y024,山东大学,7,12605
2024,1,D7,考古学(文物全科人才面向潍坊市就业),Y024,山东大学,4,11440
2024,1,D8,考古学(文物全科人才面向济宁市就业),Y024,山东大学,6,15599
2024,1,D9,考古学(文物全科人才面向泰安市就业),Y024,山东大学,3,13501
2024,1,DA,考古学(文物全科人才面向威海市就业),Y024,山东大学,1,12734
2024,1,DB,考古学(文物全科人才面向日照市就业),Y024,山东大学,1,13570
2024,1,DC,考古学(文物全科人才面向临沂市就业),Y024,山东大学,6,17790
2024,1,DD,考古学(文物全科人才面向德州市就业),Y024,山东大学,2,14990
2024,1,DE,考古学(文物全科人才面向聊城市就业),Y024,山东大学,4,18297
2024,1,DF,考古学(文物全科人才面向滨州市就业),Y024,山东大学,2,14851
2024,1,DG,考古学(文物全科人才面向菏泽市就业),Y024,山东大学,4,18393
