year,round,major_code,major_name,school_code,school_name,plan_count,min_rank
2024,2,24,轻化工程,A012,北京服装学院,1,135917
2024,2,40,汉语言,A094,河北师范大学,1,39135
2024,2,13,物理学(师范类),A119,太原师范学院,5,238503
2024,2,82,物理学(师范类),A136,内蒙古民族大学,1,62823
2024,2,30,生物科学(国家理科基地拔尖人才培养班),A224,东北农业大学,1,48450
2024,2,03,中医学,A228,黑龙江中医药大学,1,96662
2024,2,5Y,林学(中外合作办学),A341,浙江农林大学,1,259870
2024,2,D2,林学类,A389,福建农林大学,2,125748
2024,2,09,物理学(师范类),A399,泉州师范学院,2,239497
2024,2,1F,数据计算及应用(中美人才培养计划实验班),A402,闽南师范大学,2,281044
2024,2,2V,生物科学(师范类),A402,闽南师范大学,1,192315
2024,2,AP,生物科学(师范类),A414,江西师范大学,11,182212
2024,2,70,应用化学,A418,赣南师范大学,1,151848
2024,2,2L,酿酒工程(中外合作办学),A431,齐鲁工业大学,54,323766
2024,2,2M,应用化学(中外合作办学),A431,齐鲁工业大学,14,312011
2024,2,2N,生物技术(中外合作办学),A431,齐鲁工业大学,14,314923
2024,2,2P,轻化工程(中外合作办学),A431,齐鲁工业大学,23,319897
2024,2,H2,农业资源与环境(中外合作办学)(英国皇家农业大学),A435,青岛农业大学,26,325290
2024,2,H3,食品科学与工程(中外合作办学)(英国皇家农业大学),A435,青岛农业大学,17,325404
2024,2,01,临床医学,A439,山东第一医科大学,1,29567
2024,2,2L,放射医学,A439,山东第一医科大学,1,50476
2024,2,2P,预防医学,A439,山东第一医科大学,1,76941
2024,2,2S,生物技术,A439,山东第一医科大学,1,85150
2024,2,1T,生物科学(师范类),A447,聊城大学,77,255071
2024,2,25,物理学(师范类),A448,德州学院,22,258963
2024,2,0Z,生物技术(中外合作办学),A448,德州学院,20,293065
2024,2,57,葡萄与葡萄酒工程(中外合作办学)(与意大利萨萨里大学合作办学),A451,鲁东大学,48,330495
2024,2,60,船舶与海洋工程(中外合作办学)(与韩国蔚山大学合作办学),A451,鲁东大学,21,321390
2024,2,NJ,生物技术(中外合作办学),A452,临沂大学,42,326693
2024,2,NL,食品科学与工程(中外合作办学),A452,临沂大学,38,327043
2024,2,NM,动物科学(中外合作办学),A452,临沂大学,50,330583
2024,2,H1,食品科学与工程(中外合作办学)(与意大利福贾大学合作),A454,济宁学院,4,295494
2024,2,23,物理学(师范类),A478,周口师范学院,1,253594
2024,2,27,化学类,A524,中南民族大学,1,81067
2024,2,46,化学(师范类),A545,湘南学院,1,211356
2024,2,0N,预防医学,A573,广东药科大学,1,97010
2024,2,0T,高分子材料与工程,A589,海南大学,1,38329
2024,2,15,化学类,A593,广西大学,1,22909
2024,2,2F,本科预科班（招收边防军人子女）,A595,桂林电子科技大学,6,391287
2024,2,17,药学(中澳学分互认联合培养项目),A598,广西医科大学,2,297894
2024,2,1J,化学,A608,广西民族大学,1,65234
2024,2,2F,本科预科班（招收边防军人子女）,A623,西华大学,2,329691
2024,2,0S,工商管理,A624,中国民用航空飞行学院,2,55365
2024,2,0T,市场营销,A624,中国民用航空飞行学院,1,99021
2024,2,0U,公共事业管理,A624,中国民用航空飞行学院,1,29903
2024,2,0J,生物科学(师范类),A664,遵义师范学院,1,232843
2024,2,16,储能科学与工程,A703,西安建筑科技大学,1,25458
2024,2,19,工商管理,A703,西安建筑科技大学,1,43312
2024,2,41,工程力学,A703,西安建筑科技大学,1,35407
2024,2,40,材料化学,A721,宝鸡文理学院,1,244117
2024,2,03,农业资源与环境,A757,塔里木大学,2,247414
2024,2,20,水产养殖学,A757,塔里木大学,1,256176
2024,2,1V,心理学,A763,喀什大学,1,111047
2024,2,08,交通工程,A792,天津城建大学,1,30408
2024,2,19,城市管理,A792,天津城建大学,1,45870
2024,2,B1,电子信息类,A859,天津天狮学院,1,274720
2024,2,24,机械设计制造及其自动化,A868,青岛滨海学院,7,300062
2024,2,25,智能制造工程,A868,青岛滨海学院,13,317617
2024,2,26,金属材料工程,A868,青岛滨海学院,50,338018
2024,2,27,电气工程及其自动化,A868,青岛滨海学院,19,309046
2024,2,28,电子科学与技术,A868,青岛滨海学院,72,333525
2024,2,29,人工智能,A868,青岛滨海学院,19,328523
2024,2,30,计算机科学与技术,A868,青岛滨海学院,58,329148
2024,2,31,物联网工程,A868,青岛滨海学院,62,341902
2024,2,32,数据科学与大数据技术,A868,青岛滨海学院,24,332914
2024,2,33,土木工程,A868,青岛滨海学院,71,348468
2024,2,34,建筑环境与能源应用工程,A868,青岛滨海学院,36,351836
2024,2,35,给排水科学与工程,A868,青岛滨海学院,31,350837
2024,2,36,烹饪与营养教育,A868,青岛滨海学院,6,342458
2024,2,37,食品营养与健康,A868,青岛滨海学院,16,335850
2024,2,39,预防医学,A868,青岛滨海学院,63,337667
2024,2,40,医学检验技术,A868,青岛滨海学院,35,333167
2024,2,41,医学影像技术,A868,青岛滨海学院,37,333243
2024,2,42,康复治疗学,A868,青岛滨海学院,42,332031
2024,2,43,智能医学工程,A868,青岛滨海学院,36,342876
2024,2,0F,生物科学(师范类),A977,六盘水师范学院,1,262297
2024,2,92,本科预科班（招收边防军人子女）,B066,烟台大学,1,324215
2024,2,H4,环境科学与工程(中外合作办学),B066,烟台大学,27,321406
2024,2,H5,环保设备工程(中外合作办学),B066,烟台大学,40,324680
2024,2,0P,化学(师范类),B390,玉溪师范学院,1,249198
2024,2,6A,本科预科班（招收边防军人子女）,B437,长春工程学院,3,414925
2024,2,15,生物工程,B446,黑龙江东方学院,4,321866
2024,2,16,土木工程,B446,黑龙江东方学院,8,335767
2024,2,68,土木工程(中外合作办学)(双证),B510,山东交通学院,1,271179
2024,2,12,通信工程,B549,南宁学院,1,285534
2024,2,05,金融工程,B600,湖北经济学院,4,53931
2024,2,42,金融学,B600,湖北经济学院,4,62008
2024,2,0J,水产养殖学,B607,北部湾大学,1,193274
2024,2,0U,能源化学工程,B607,北部湾大学,1,97049
2024,2,01,海洋科学,B641,江苏海洋大学,1,91240
2024,2,09,机械电子工程,B800,汉口学院,1,268954
2024,2,0C,电子信息工程,B800,汉口学院,4,319369
2024,2,0E,计算机科学与技术,B800,汉口学院,10,319884
2024,2,28,医学影像技术(中外合作办学),B810,海南医科大学,3,306238
2024,2,29,康复治疗学(中外合作办学),B810,海南医科大学,1,322734
2024,2,41,人工智能,C056,南通理工学院,1,312393
2024,2,29,计算机科学与技术,C059,广东培正学院,3,331222
2024,2,1D,土木工程,C308,海口经济学院,3,338201
2024,2,1T,数据科学与大数据技术(数字平台运维),C308,海口经济学院,1,328379
2024,2,1X,交通运输(民航运输),C308,海口经济学院,1,337021
2024,2,16,土木工程,C309,武昌首义学院,1,305375
2024,2,21,智能建造(城铁优才班),C309,武昌首义学院,1,313225
2024,2,12,智能科学与技术(科大讯飞精英班),C310,武昌理工学院,2,293896
2024,2,88,纺织工程,C332,烟台南山学院,22,298118
2024,2,91,复合材料与工程,C332,烟台南山学院,8,284379
2024,2,20,给排水科学与工程,C544,宁夏理工学院,2,305168
2024,2,30,交通运输(机场运行),C544,宁夏理工学院,3,291628
2024,2,01,软件工程,C574,广东东软学院,3,324346
2024,2,02,网络工程,C574,广东东软学院,4,330722
2024,2,X4,计算机科学与技术,C574,广东东软学院,1,321798
2024,2,05,网络工程,C618,广州软件学院,2,321491
2024,2,12,电子信息工程,C618,广州软件学院,1,319721
2024,2,32,电气工程及其自动化,C619,广州南方学院,5,324270
2024,2,0L,医学信息工程,C636,成都东软学院,1,281018
2024,2,0N,智能医学工程,C636,成都东软学院,2,293949
2024,2,01,机械设计制造及其自动化,C709,厦门华厦学院,3,323266
2024,2,02,通信工程,C709,厦门华厦学院,1,324592
2024,2,03,物联网工程,C709,厦门华厦学院,1,326088
2024,2,04,制药工程,C709,厦门华厦学院,2,330912
2024,2,18,智能建造,C712,西安欧亚学院,4,333900
2024,2,10,交通工程,C779,山西应用科技学院,1,276072
2024,2,42,智能工程与创意设计,C784,河北传媒学院,1,273744
2024,2,05,机器人工程,C802,吉利学院,1,284012
2024,2,06,计算机类,C802,吉利学院,1,262695
2024,2,08,物联网工程,C802,吉利学院,3,319309
2024,2,09,飞行器制造工程,C802,吉利学院,1,295290
2024,2,10,飞行器控制与信息工程,C802,吉利学院,5,322393
2024,2,03,物联网工程,C810,安徽文达信息工程学院,1,318367
2024,2,12,电气工程与智能控制,C810,安徽文达信息工程学院,1,323940
2024,2,15,机械设计制造及其自动化,C810,安徽文达信息工程学院,1,324589
2024,2,20,机器人工程,C810,安徽文达信息工程学院,2,326343
2024,2,31,生物技术,C843,潍坊科技学院,16,283510
2024,2,35,土木工程,C843,潍坊科技学院,34,300157
2024,2,41,园艺,C843,潍坊科技学院,5,286295
2024,2,42,种子科学与工程,C843,潍坊科技学院,40,292944
2024,2,47,植物保护,C843,潍坊科技学院,47,302776
2024,2,49,应用化学,C843,潍坊科技学院,21,287532
2024,2,01,物联网工程,C938,江西应用科技学院,5,323300
2024,2,04,软件工程,C938,江西应用科技学院,2,324151
2024,2,08,土木工程,C938,江西应用科技学院,2,338064
2024,2,03,机械设计制造及其自动化,D006,山东英才学院,33,335886
2024,2,05,电气工程及其自动化,D006,山东英才学院,11,326242
2024,2,06,智能制造工程,D006,山东英才学院,18,344865
2024,2,07,电子信息工程,D006,山东英才学院,23,344729
2024,2,08,计算机科学与技术,D006,山东英才学院,29,339823
2024,2,25,土木工程,D006,山东英才学院,28,355315
2024,2,32,康复治疗学,D006,山东英才学院,44,343441
2024,2,33,汽车服务工程,D006,山东英才学院,6,354723
2024,2,36,金融工程(国家留学基金委AISEC项目详见我校招生简章),D006,山东英才学院,47,295678
2024,2,39,数据科学与大数据技术,D006,山东英才学院,23,347448
2024,2,56,通信工程,D006,山东英才学院,21,353089
2024,2,57,智能车辆工程,D006,山东英才学院,26,353801
2024,2,0C,电气工程及其自动化,D015,青岛恒星科技学院,5,324189
2024,2,11,车辆工程,D015,青岛恒星科技学院,7,336770
2024,2,13,机器人工程,D015,青岛恒星科技学院,36,350960
2024,2,15,软件工程,D015,青岛恒星科技学院,47,346259
2024,2,16,网络工程,D015,青岛恒星科技学院,43,351654
2024,2,17,人工智能,D015,青岛恒星科技学院,30,350931
2024,2,18,土木工程,D015,青岛恒星科技学院,22,355836
2024,2,1S,种子科学与工程,D015,青岛恒星科技学院,42,353794
2024,2,1T,智慧农业,D015,青岛恒星科技学院,17,353763
2024,2,20,印刷工程,D015,青岛恒星科技学院,37,357763
2024,2,24,智能装备与系统,D015,青岛恒星科技学院,24,355483
2024,2,2E,物联网工程,D198,大连理工大学城市学院,1,300969
2024,2,06,会计学,D235,武汉城市学院,2,131040
2024,2,14,工程造价,D235,武汉城市学院,1,154432
2024,2,22,电气工程及其自动化,D235,武汉城市学院,1,264057
2024,2,25,土木工程(道路与桥梁工程方向),D239,武汉工程大学邮电与信息工程学院,3,296202
2024,2,29,制药工程(生物医药方向),D239,武汉工程大学邮电与信息工程学院,2,288530
2024,2,23,计算机科学与技术,D245,荆州学院,2,307475
2024,2,03,计算机科学与技术,D304,黑龙江工程学院昆仑旅游学院,14,332983
2024,2,08,机械设计制造及其自动化,D320,青岛黄海学院,18,319607
2024,2,09,车辆工程,D320,青岛黄海学院,11,336101
2024,2,10,智能制造工程,D320,青岛黄海学院,48,337578
2024,2,11,智能交互设计,D320,青岛黄海学院,13,342467
2024,2,12,电气工程及其自动化,D320,青岛黄海学院,1,291757
2024,2,13,电子信息工程,D320,青岛黄海学院,37,333822
2024,2,14,人工智能,D320,青岛黄海学院,29,337983
2024,2,15,机器人工程,D320,青岛黄海学院,48,342443
2024,2,16,计算机科学与技术,D320,青岛黄海学院,53,330738
2024,2,17,物联网工程,D320,青岛黄海学院,24,339892
2024,2,19,虚拟现实技术,D320,青岛黄海学院,45,351786
2024,2,20,土木工程,D320,青岛黄海学院,42,352169
2024,2,21,智能建造,D320,青岛黄海学院,62,349359
2024,2,04,中药制药,D322,山东现代学院,2,307622
2024,2,16,人工智能,D322,山东现代学院,6,330948
2024,2,18,电子信息工程,D322,山东现代学院,6,331169
2024,2,21,交通运输,D322,山东现代学院,4,337439
2024,2,22,土木工程,D322,山东现代学院,7,341341
2024,2,23,网络工程,D322,山东现代学院,6,336576
2024,2,03,汽车服务工程,D324,山东协和学院,13,320434
2024,2,07,土木工程,D324,山东协和学院,24,327026
2024,2,10,智能制造工程,D324,山东协和学院,28,319747
2024,2,15,物联网工程,D324,山东协和学院,26,325507
2024,2,16,软件工程,D324,山东协和学院,16,312199
2024,2,17,数字媒体技术,D324,山东协和学院,11,317826
2024,2,18,人工智能,D324,山东协和学院,21,319235
2024,2,20,电子信息工程,D324,山东协和学院,10,312026
2024,2,21,机械电子工程,D324,山东协和学院,20,319668
2024,2,22,数据科学与大数据技术,D324,山东协和学院,15,319624
2024,2,25,机械设计制造及其自动化,D324,山东协和学院,14,300421
2024,2,33,康复治疗学,D324,山东协和学院,29,320063
2024,2,34,医学影像技术,D324,山东协和学院,36,326380
2024,2,35,医学检验技术,D324,山东协和学院,79,335203
2024,2,39,虚拟现实技术,D324,山东协和学院,40,329125
2024,2,40,智能建造,D324,山东协和学院,36,333713
2024,2,41,智能影像工程,D324,山东协和学院,55,351274
2024,2,0N,数学与应用数学,D326,滇池学院,1,278308
2024,2,0Q,通信工程,D326,滇池学院,1,300555
2024,2,25,电子信息工程,D328,丽江文化旅游学院,1,280941
2024,2,26,计算机科学与技术,D328,丽江文化旅游学院,2,330445
2024,2,20,机械设计制造及其自动化,D359,烟台理工学院,4,278552
2024,2,21,机械电子工程,D359,烟台理工学院,26,322621
2024,2,22,车辆工程,D359,烟台理工学院,35,330930
2024,2,23,智能制造工程,D359,烟台理工学院,57,340332
2024,2,24,通信工程,D359,烟台理工学院,32,329116
2024,2,25,电子信息科学与技术,D359,烟台理工学院,29,323995
2024,2,26,计算机科学与技术,D359,烟台理工学院,28,315408
2024,2,27,软件工程,D359,烟台理工学院,49,324445
2024,2,28,物联网工程,D359,烟台理工学院,36,331134
2024,2,29,自动化,D359,烟台理工学院,28,319865
2024,2,30,人工智能,D359,烟台理工学院,48,329745
2024,2,31,机器人工程,D359,烟台理工学院,42,335209
2024,2,32,数据科学与大数据技术,D359,烟台理工学院,66,335574
2024,2,33,药学,D359,烟台理工学院,47,322530
2024,2,34,生物工程,D359,烟台理工学院,47,333665
2024,2,35,食品科学与工程,D359,烟台理工学院,41,335774
2024,2,36,食品质量与安全,D359,烟台理工学院,37,335854
2024,2,G1,机械设计制造及其自动化(中外合作办学),D359,烟台理工学院,30,340761
2024,2,01,土木工程,D378,青岛城市学院,42,355241
2024,2,02,智能建造,D378,青岛城市学院,48,355355
2024,2,05,机械设计制造及其自动化,D378,青岛城市学院,46,331045
2024,2,06,电气工程及其自动化,D378,青岛城市学院,49,326049
2024,2,07,机器人工程,D378,青岛城市学院,51,346611
2024,2,10,计算机科学与技术,D378,青岛城市学院,33,330907
2024,2,11,软件工程,D378,青岛城市学院,68,339993
2024,2,12,网络工程,D378,青岛城市学院,28,346619
2024,2,13,物联网工程,D378,青岛城市学院,68,346174
2024,2,14,数据科学与大数据技术,D378,青岛城市学院,52,344530
2024,2,C4,软件工程,D418,江西服装学院,5,336226
2024,2,59,软件工程,D421,南昌工学院,1,317104
2024,2,62,数字媒体技术,D421,南昌工学院,1,322215
2024,2,64,数据科学与大数据技术,D421,南昌工学院,1,298843
2024,2,06,通信工程,D431,南昌交通学院,3,305323
2024,2,12,给排水科学与工程,D431,南昌交通学院,1,306556
2024,2,16,软件工程,D431,南昌交通学院,1,308015
2024,2,17,智能科学与技术,D431,南昌交通学院,3,316925
2024,2,19,机械设计制造及其自动化,D431,南昌交通学院,1,291579
2024,2,01,计算机科学与技术,D468,阳光学院,2,328026
2024,2,02,电子信息工程,D468,阳光学院,4,336148
2024,2,05,人工智能,D468,阳光学院,3,336424
2024,2,0D,土木工程,D511,兰州工商学院,2,337668
2024,2,0J,网络工程,D511,兰州工商学院,1,303029
2024,2,26,智慧交通,D514,兰州博文科技学院,2,328679
2024,2,29,车辆工程,D514,兰州博文科技学院,2,317351
2024,2,37,机械设计制造及其自动化,D514,兰州博文科技学院,3,326152
2024,2,42,交通运输,D514,兰州博文科技学院,1,324341
2024,2,45,数字媒体技术,D514,兰州博文科技学院,1,322444
2024,2,48,土木工程,D514,兰州博文科技学院,2,344071
2024,2,52,机器人工程,D514,兰州博文科技学院,1,314544
2024,2,S1,过程装备与控制工程,D558,新疆理工学院,1,228544
2024,2,01,交通运输,D569,西安交通工程学院,2,319916
2024,2,T4,园艺,D599,大连艺术学院,27,353195
2024,2,0L,机械工程,D600,长春光华学院,6,341127
2024,2,0M,机械设计制造及其自动化,D600,长春光华学院,2,332989
2024,2,0N,机械电子工程,D600,长春光华学院,7,339767
2024,2,0Q,智能制造工程,D600,长春光华学院,3,344337
2024,2,0R,电气工程及其自动化,D600,长春光华学院,4,323800
2024,2,0T,计算机科学与技术,D600,长春光华学院,6,332154
2024,2,0U,物联网工程,D600,长春光华学院,3,332909
2024,2,0V,数字媒体技术,D600,长春光华学院,8,340207
2024,2,04,车辆工程,D601,长春工业大学人文信息学院,1,315683
2024,2,10,机器人工程,D601,长春工业大学人文信息学院,1,319166
2024,2,19,机械电子工程,D602,长春电子科技学院,5,331857
2024,2,02,电子信息工程,D605,长春建筑学院,3,332194
2024,2,03,通信工程,D605,长春建筑学院,1,331590
2024,2,05,自动化,D605,长春建筑学院,4,335129
2024,2,13,土木工程,D605,长春建筑学院,1,328940
2024,2,14,建筑环境与能源应用工程,D605,长春建筑学院,1,332809
2024,2,17,城市地下空间工程,D605,长春建筑学院,2,347311
2024,2,18,道路桥梁与渡河工程,D605,长春建筑学院,2,333800
2024,2,20,交通工程,D605,长春建筑学院,5,338746
2024,2,21,智慧交通,D605,长春建筑学院,3,341910
2024,2,20,新媒体技术,D607,吉林动画学院,8,345418
2024,2,21,软件工程,D607,吉林动画学院,5,342186
2024,2,29,数字媒体技术,D607,吉林动画学院,7,333187
2024,2,30,虚拟现实技术,D607,吉林动画学院,3,335389
2024,2,31,飞行器制造工程,D607,吉林动画学院,3,331368
2024,2,32,飞行器动力工程,D607,吉林动画学院,3,321774
2024,2,33,飞行器控制与信息工程,D607,吉林动画学院,4,330879
2024,2,A1,软件工程,D613,安徽信息工程学院,3,319529
2024,2,A5,电气工程及其自动化,D613,安徽信息工程学院,1,288847
2024,2,B0,机械设计制造及其自动化,D613,安徽信息工程学院,4,329371
2024,2,B4,智能制造工程,D613,安徽信息工程学院,2,323985
2024,2,0H,计算机科学与技术,D614,马鞍山学院,2,317368
2024,2,02,数据科学与大数据技术,D624,泰山科技学院,4,328667
2024,2,05,虚拟现实技术,D624,泰山科技学院,5,343255
2024,2,12,智能车辆工程,D624,泰山科技学院,8,346392
2024,2,15,土木工程,D624,泰山科技学院,6,353094
2024,2,17,智能建造,D624,泰山科技学院,12,354022
2024,2,19,通信工程,D624,泰山科技学院,9,346383
2024,2,21,物联网工程,D624,泰山科技学院,6,342026
2024,2,22,电信工程及管理,D624,泰山科技学院,24,348424
2024,2,23,人工智能,D624,泰山科技学院,4,337576
2024,2,35,数据科学与大数据技术,D641,桂林学院,2,298500
2024,2,36,电子信息工程,D641,桂林学院,1,295989
2024,2,37,物联网工程,D641,桂林学院,2,298529
2024,2,39,医学信息工程,D641,桂林学院,1,283782
2024,2,04,电子信息工程,D650,贵阳信息科技学院,2,287205
2024,2,14,给排水科学与工程,D679,西安建筑科技大学华清学院,1,307199
2024,2,17,数字媒体技术,D682,西安工商学院,1,320035
2024,2,0E,计算机科学与技术,D744,黑河学院,1,203622
2024,2,09,机器人工程,D766,泉州信息工程学院,1,322886
2024,2,28,软件工程(中外合作办学),D766,泉州信息工程学院,2,328979
2024,2,01,物联网工程,D773,福州理工学院,2,323059
2024,2,0B,土木工程,D773,福州理工学院,3,355555
2024,2,01,英语,D830,广西外国语学院,1,148109
2024,2,0Y,人工智能,D830,广西外国语学院,1,320720
2024,2,0Z,计算机科学与技术,D830,广西外国语学院,1,326900
2024,2,17,环境工程,D842,南京理工大学泰州科技学院,1,292791
2024,2,04,材料成型及控制工程,D857,山东华宇工学院,13,324236
2024,2,05,机械电子工程,D857,山东华宇工学院,18,322343
2024,2,06,车辆工程,D857,山东华宇工学院,23,330466
2024,2,07,汽车服务工程,D857,山东华宇工学院,27,337920
2024,2,08,智能制造工程,D857,山东华宇工学院,49,330827
2024,2,09,新能源汽车工程,D857,山东华宇工学院,42,326607
2024,2,10,测控技术与仪器,D857,山东华宇工学院,41,336330
2024,2,11,能源与动力工程,D857,山东华宇工学院,58,330677
2024,2,12,新能源科学与工程,D857,山东华宇工学院,43,330871
2024,2,14,电气工程与智能控制,D857,山东华宇工学院,36,318945
2024,2,15,电子信息工程,D857,山东华宇工学院,77,325125
2024,2,16,自动化,D857,山东华宇工学院,50,320220
2024,2,17,机器人工程,D857,山东华宇工学院,63,333106
2024,2,18,软件工程,D857,山东华宇工学院,45,320139
2024,2,19,网络工程,D857,山东华宇工学院,73,332883
2024,2,20,物联网工程,D857,山东华宇工学院,73,333272
2024,2,21,数字媒体技术,D857,山东华宇工学院,55,324781
2024,2,22,数据科学与大数据技术,D857,山东华宇工学院,58,330798
2024,2,23,建筑环境与能源应用工程,D857,山东华宇工学院,11,338615
2024,2,24,道路桥梁与渡河工程,D857,山东华宇工学院,14,333146
2024,2,25,智能建造,D857,山东华宇工学院,67,340575
2024,2,G1,金融科技,D892,三亚学院,1,157157
2024,2,11,计算机科学与技术,D894,西安明德理工学院,2,326360
2024,2,16,通信工程,D894,西安明德理工学院,2,318939
2024,2,18,机械设计制造及其自动化,D894,西安明德理工学院,2,325663
2024,2,19,智能制造工程,D894,西安明德理工学院,2,327133
2024,2,21,机器人工程,D894,西安明德理工学院,3,328160
2024,2,39,听力与言语康复学,D902,广州新华学院,1,324920
2024,2,F2,汽车服务工程,D903,成都锦城学院,2,290764
2024,2,08,数字媒体技术,D957,辽宁传媒学院,12,345047
2024,2,16,海洋技术,D993,南通大学杏林学院,5,302708
2024,2,22,机械工程,D993,南通大学杏林学院,1,276680
2024,2,01,机械设计制造及其自动化,D995,青岛工学院,14,324221
2024,2,02,自动化,D995,青岛工学院,7,324718
2024,2,03,工业设计,D995,青岛工学院,12,342297
2024,2,04,能源与动力工程,D995,青岛工学院,13,329795
2024,2,08,电子信息工程,D995,青岛工学院,6,322129
2024,2,09,通信工程,D995,青岛工学院,11,335279
2024,2,10,软件工程,D995,青岛工学院,39,333745
2024,2,11,数字媒体技术,D995,青岛工学院,5,324887
2024,2,12,物联网工程,D995,青岛工学院,15,338232
2024,2,13,网络工程,D995,青岛工学院,19,340406
2024,2,14,信息安全,D995,青岛工学院,7,336064
2024,2,16,土木工程,D995,青岛工学院,49,353604
2024,2,20,食品科学与工程,D995,青岛工学院,81,348905
2024,2,21,食品营养与检验教育,D995,青岛工学院,16,348446
2024,2,22,食品质量与安全,D995,青岛工学院,6,330931
2024,2,23,化学工程与工业生物工程,D995,青岛工学院,52,348629
2024,2,48,人工智能,D995,青岛工学院,42,344620
2024,2,65,数据科学与大数据技术,D995,青岛工学院,31,344691
2024,2,69,智能制造工程,D995,青岛工学院,2,329089
2024,2,02,电子信息工程,D998,齐鲁理工学院,5,318981
2024,2,03,数据科学与大数据技术,D998,齐鲁理工学院,15,325950
2024,2,04,通信工程,D998,齐鲁理工学院,27,330901
2024,2,05,人工智能,D998,齐鲁理工学院,39,333400
2024,2,06,软件工程,D998,齐鲁理工学院,27,326122
2024,2,07,智能科学与技术,D998,齐鲁理工学院,8,329210
2024,2,08,自动化,D998,齐鲁理工学院,9,313247
2024,2,11,机器人工程,D998,齐鲁理工学院,29,340069
2024,2,12,机械设计制造及其自动化,D998,齐鲁理工学院,13,314419
2024,2,13,工业智能,D998,齐鲁理工学院,36,344676
2024,2,14,生物工程,D998,齐鲁理工学院,39,342600
2024,2,15,生物制药,D998,齐鲁理工学院,34,342706
2024,2,16,生物医学工程,D998,齐鲁理工学院,37,346966
2024,2,17,化学工程与工艺,D998,齐鲁理工学院,5,328744
2024,2,18,制药工程,D998,齐鲁理工学院,42,347141
2024,2,19,精细化工,D998,齐鲁理工学院,35,351078
2024,2,22,医学检验技术,D998,齐鲁理工学院,20,326297
2024,2,24,康复治疗学,D998,齐鲁理工学院,9,321511
2024,2,25,智能影像工程,D998,齐鲁理工学院,37,349670
2024,2,26,土木工程,D998,齐鲁理工学院,14,344677
2024,2,27,智能建造,D998,齐鲁理工学院,26,353282
2024,2,28,测绘工程,D998,齐鲁理工学院,40,349371
2024,2,38,新媒体技术,D998,齐鲁理工学院,26,346449
2024,2,05,机器人工程,E000,潍坊理工学院,16,322162
2024,2,07,物联网工程,E000,潍坊理工学院,23,315088
2024,2,08,能源与动力工程,E000,潍坊理工学院,38,319104
2024,2,09,新能源科学与工程,E000,潍坊理工学院,9,300060
2024,2,11,生物科学,E000,潍坊理工学院,37,320768
2024,2,12,化学,E000,潍坊理工学院,27,320835
2024,2,13,园艺,E000,潍坊理工学院,29,338636
2024,2,14,智慧农业,E000,潍坊理工学院,20,345082
2024,2,15,植物保护,E000,潍坊理工学院,26,347482
2024,2,16,酿酒工程,E000,潍坊理工学院,32,351736
2024,2,31,无人驾驶航空器系统工程,E000,潍坊理工学院,15,340870
2024,2,33,数据科学与大数据技术,E000,潍坊理工学院,16,321949
2024,2,35,网络空间安全,E000,潍坊理工学院,15,331124
2024,2,H6,人工智能,E002,烟台科技学院,11,299979
2024,2,H7,海洋信息工程,E002,烟台科技学院,17,335868
2024,2,H9,机器人工程,E002,烟台科技学院,30,310488
2024,2,J1,计算机科学与技术,E002,烟台科技学院,22,316693
2024,2,J3,网络工程,E002,烟台科技学院,11,305400
2024,2,02,机械设计制造及其自动化,E038,天津仁爱学院,1,323770
2024,2,06,自动化,E038,天津仁爱学院,1,319187
2024,2,12,软件工程,E038,天津仁爱学院,1,302529
2024,2,13,计算机科学与技术,E038,天津仁爱学院,1,321357
2024,2,39,计算机科学与技术,E042,西安科技大学高新学院,1,312454
2024,2,22,软件工程,E202,沧州交通学院,3,285891
2024,2,25,数据科学与大数据技术,E202,沧州交通学院,4,300243
2024,2,42,人工智能,E202,沧州交通学院,1,277888
2024,2,51,土木工程,E202,沧州交通学院,3,315336
2024,2,62,车辆工程,E202,沧州交通学院,1,278763
2024,2,02,港口航道与海岸工程,E203,皖江工学院,2,322794
2024,2,06,土木工程,E203,皖江工学院,2,333593
2024,2,12,地理空间信息工程,E203,皖江工学院,2,326110
2024,2,16,计算机科学与技术,E203,皖江工学院,4,324268
2024,2,17,人工智能,E203,皖江工学院,2,331427
2024,2,22,新能源科学与工程,E203,皖江工学院,1,322281
2024,2,12,人工智能,E225,河北东方学院,1,308479
2024,2,14,物联网工程,E225,河北东方学院,1,319593
2024,2,36,生物科学(师范类),E276,齐鲁师范学院,33,263723
2024,2,A6,电影制作,E327,青岛电影学院,8,348640
2024,2,A7,虚拟现实技术,E327,青岛电影学院,26,356156
2024,2,11,生物科学(师范类),E390,陕西学前师范学院,1,253428
2024,2,25,工商管理,E654,郑州西亚斯学院,2,135385
2024,2,01,电子信息科学与技术,E829,海南比勒费尔德应用科学大学,11,356869
2024,2,02,计算机科学与技术,E829,海南比勒费尔德应用科学大学,8,362056
2024,2,15,空中乘务,A059,中国民航大学,120,599225
2024,2,16,民航空中安全保卫,A059,中国民航大学,26,508598
2024,2,31,电子商务,A169,鞍山师范学院,3,245595
2024,2,34,应用英语,A169,鞍山师范学院,6,265147
2024,2,35,应用韩语,A169,鞍山师范学院,5,275408
2024,2,37,智慧健康养老服务与管理,A169,鞍山师范学院,6,270675
2024,2,01,智能制造装备技术,A171,朝阳师范学院,5,289540
2024,2,02,机电一体化技术,A171,朝阳师范学院,3,282729
2024,2,03,电气自动化技术,A171,朝阳师范学院,5,278697
2024,2,04,汽车制造与试验技术,A171,朝阳师范学院,3,287376
2024,2,05,新能源汽车技术,A171,朝阳师范学院,2,277476
2024,2,06,化工生物技术,A171,朝阳师范学院,2,272100
2024,2,07,食品智能加工技术,A171,朝阳师范学院,2,273136
2024,2,08,食品检验检测技术,A171,朝阳师范学院,2,269877
2024,2,10,应用电子技术,A171,朝阳师范学院,2,282749
2024,2,11,计算机应用技术,A171,朝阳师范学院,3,263030
2024,2,12,数字媒体技术,A171,朝阳师范学院,2,269901
2024,2,13,大数据技术,A171,朝阳师范学院,3,275504
2024,2,14,动漫制作技术,A171,朝阳师范学院,3,291538
2024,2,15,大数据与会计,A171,朝阳师范学院,4,258590
2024,2,16,市场营销,A171,朝阳师范学院,3,308060
2024,2,18,旅游管理,A171,朝阳师范学院,3,282665
2024,2,20,广告艺术设计,A171,朝阳师范学院,3,290056
2024,2,30,应用英语(商务翻译),A171,朝阳师范学院,3,289044
2024,2,31,现代文秘,A171,朝阳师范学院,2,254184
2024,2,03,旅游管理,A180,锦州师范高等专科学校,5,372408
2024,2,09,小学英语教育(师范类),A180,锦州师范高等专科学校,10,303258
2024,2,0E,虚拟现实技术应用,A180,锦州师范高等专科学校,7,344635
2024,2,0W,小学教育(师范类),A180,锦州师范高等专科学校,8,320302
2024,2,06,小学数学教育(师范类),A182,铁岭师范高等专科学校,5,296606
2024,2,07,小学科学教育(师范类),A182,铁岭师范高等专科学校,5,311568
2024,2,17,大数据与会计(智能财务),A182,铁岭师范高等专科学校,4,294922
2024,2,18,小学语文教育(师范类),A182,铁岭师范高等专科学校,7,284333
2024,2,20,艺术教育(师范类),A182,铁岭师范高等专科学校,14,431608
2024,2,21,小学英语教育(师范类),A182,铁岭师范高等专科学校,10,327815
2024,2,31,学前教育(师范类),A182,铁岭师范高等专科学校,10,377269
2024,2,33,小学教育(师范类),A182,铁岭师范高等专科学校,10,319448
2024,2,01,环境监测技术,A238,齐齐哈尔高等师范专科学校,3,382264
2024,2,08,电子商务,A238,齐齐哈尔高等师范专科学校,3,385694
2024,2,0G,小学教育(师范类),A238,齐齐哈尔高等师范专科学校,4,327868
2024,2,0H,小学语文教育(师范类),A238,齐齐哈尔高等师范专科学校,4,297347
2024,2,0J,小学数学教育(师范类),A238,齐齐哈尔高等师范专科学校,4,333821
2024,2,0K,小学英语教育(师范类),A238,齐齐哈尔高等师范专科学校,4,333543
2024,2,0R,现代教育技术(师范类),A238,齐齐哈尔高等师范专科学校,3,378189
2024,2,01,空中乘务,A275,上海旅游高等专科学校,40,604943
2024,2,02,大数据与财务管理,A275,上海旅游高等专科学校,3,256587
2024,2,03,大数据与会计,A275,上海旅游高等专科学校,2,248719
2024,2,04,电子商务,A275,上海旅游高等专科学校,7,292158
2024,2,05,旅游管理,A275,上海旅游高等专科学校,7,301478
2024,2,07,酒店管理与数字化运营,A275,上海旅游高等专科学校,5,322057
2024,2,09,葡萄酒文化与营销,A275,上海旅游高等专科学校,4,348398
2024,2,0B,会展策划与管理,A275,上海旅游高等专科学校,2,274880
2024,2,0D,餐饮智能管理,A275,上海旅游高等专科学校,3,356201
2024,2,0E,烹饪工艺与营养,A275,上海旅游高等专科学校,5,353629
2024,2,0F,中西面点工艺,A275,上海旅游高等专科学校,4,274963
2024,2,0G,西式烹饪工艺,A275,上海旅游高等专科学校,2,306843
2024,2,0K,旅游英语,A275,上海旅游高等专科学校,3,289838
2024,2,0L,应用韩语,A275,上海旅游高等专科学校,6,361834
2024,2,0M,旅游日语,A275,上海旅游高等专科学校,4,294461
2024,2,08,酒店管理与数字化运营(中外合作办学),A275,上海旅游高等专科学校,3,356440
2024,2,01,临床医学,A442,山东医学高等专科学校,501,294625
2024,2,02,口腔医学,A442,山东医学高等专科学校,285,250352
2024,2,03,护理,A442,山东医学高等专科学校,311,298871
2024,2,05,药学,A442,山东医学高等专科学校,256,322853
2024,2,06,中医学,A442,山东医学高等专科学校,100,259124
2024,2,07,针灸推拿,A442,山东医学高等专科学校,100,275915
2024,2,08,中药学,A442,山东医学高等专科学校,81,290162
2024,2,09,中医康复技术,A442,山东医学高等专科学校,28,305966
2024,2,10,医学检验技术,A442,山东医学高等专科学校,116,304297
2024,2,11,医学影像技术,A442,山东医学高等专科学校,92,286998
2024,2,12,医学生物技术,A442,山东医学高等专科学校,28,316536
2024,2,14,医学美容技术,A442,山东医学高等专科学校,24,301294
2024,2,15,卫生检验与检疫技术,A442,山东医学高等专科学校,28,325731
2024,2,16,康复治疗技术,A442,山东医学高等专科学校,41,287803
2024,2,17,卫生信息管理,A442,山东医学高等专科学校,28,345812
2024,2,18,预防医学,A442,山东医学高等专科学校,40,315234
2024,2,19,健康大数据管理与服务,A442,山东医学高等专科学校,50,354381
2024,2,21,眼视光技术,A442,山东医学高等专科学校,46,272970
2024,2,22,智慧健康养老服务与管理,A442,山东医学高等专科学校,56,326826
2024,2,27,药品经营与管理,A442,山东医学高等专科学校,54,345175
2024,2,28,智能医疗装备技术,A442,山东医学高等专科学校,28,348083
2024,2,37,临床医学,A442,山东医学高等专科学校,222,275918
2024,2,38,口腔医学,A442,山东医学高等专科学校,247,248220
2024,2,39,护理,A442,山东医学高等专科学校,515,312557
2024,2,41,药学,A442,山东医学高等专科学校,168,323018
2024,2,42,中医学,A442,山东医学高等专科学校,48,252486
2024,2,43,针灸推拿,A442,山东医学高等专科学校,42,260741
2024,2,44,中药学,A442,山东医学高等专科学校,120,320085
2024,2,46,医学检验技术,A442,山东医学高等专科学校,180,306564
2024,2,47,医学影像技术,A442,山东医学高等专科学校,138,290072
2024,2,48,医学生物技术,A442,山东医学高等专科学校,20,322600
2024,2,49,放射治疗技术,A442,山东医学高等专科学校,25,323171
2024,2,50,医学美容技术,A442,山东医学高等专科学校,10,286656
2024,2,51,卫生检验与检疫技术,A442,山东医学高等专科学校,30,332453
2024,2,52,康复治疗技术,A442,山东医学高等专科学校,125,306228
2024,2,54,预防医学,A442,山东医学高等专科学校,48,321772
2024,2,55,健康大数据管理与服务,A442,山东医学高等专科学校,40,357205
2024,2,56,婴幼儿托育服务与管理,A442,山东医学高等专科学校,40,385107
2024,2,57,眼视光技术,A442,山东医学高等专科学校,120,290005
2024,2,58,智慧健康养老服务与管理,A442,山东医学高等专科学校,10,296289
2024,2,60,食品检验检测技术,A442,山东医学高等专科学校,25,308639
2024,2,62,药物制剂技术,A442,山东医学高等专科学校,35,329811
2024,2,63,药品经营与管理,A442,山东医学高等专科学校,25,345450
2024,2,64,智能医疗装备技术,A442,山东医学高等专科学校,50,352893
2024,2,65,医疗器械维护与管理,A442,山东医学高等专科学校,20,358090
2024,2,66,职业健康安全技术,A442,山东医学高等专科学校,20,371871
2024,2,35,口腔医学(中外合作办学),A442,山东医学高等专科学校,100,275187
2024,2,36,护理(中外合作办学),A442,山东医学高等专科学校,100,371444
2024,2,76,眼视光技术(中外合作办学),A442,山东医学高等专科学校,60,385702
2024,2,31,药学(高职3+2贯通培养，衔接山东中医药大学药学专业),A442,山东医学高等专科学校,40,181594
2024,2,32,眼视光技术(高职3+2贯通培养，衔接临沂大学眼视光学专业),A442,山东医学高等专科学校,40,191632
2024,2,81,医学检验技术(高职3+2贯通培养，衔接临沂大学医学检验技术专业),A442,山东医学高等专科学校,40,192163
2024,2,82,预防医学(高职3+2贯通培养，衔接枣庄学院健康服务与管理专业),A442,山东医学高等专科学校,40,209809
2024,2,91,医学影像技术(高职3+2贯通培养，衔接临沂大学医学影像技术专业),A442,山东医学高等专科学校,40,192200
2024,2,92,智慧健康养老服务与管理(高职3+2贯通培养，衔接山东女子学院养老服务,A442,山东医学高等专科学校,40,210348
2024,2,1B,临床医学(省属公费医学生，面向青岛市就业),A442,山东医学高等专科学校,1,61679
2024,2,1C,临床医学(省属公费医学生，面向淄博市就业),A442,山东医学高等专科学校,3,112076
2024,2,1F,临床医学(省属公费医学生，面向烟台市就业),A442,山东医学高等专科学校,6,107097
2024,2,1H,临床医学(省属公费医学生，面向济宁市就业),A442,山东医学高等专科学校,2,121594
2024,2,1J,临床医学(省属公费医学生，面向泰安市就业),A442,山东医学高等专科学校,2,104166
2024,2,1M,临床医学(省属公费医学生，面向滨州市就业),A442,山东医学高等专科学校,1,104359
2024,2,1N,临床医学(省属公费医学生，面向德州市就业),A442,山东医学高等专科学校,2,141721
2024,2,1R,临床医学(省属公费医学生，面向菏泽市就业),A442,山东医学高等专科学校,1,132532
2024,2,01,临床医学,A444,菏泽医学专科学校,484,362284
2024,2,02,口腔医学,A444,菏泽医学专科学校,300,287251
2024,2,03,护理,A444,菏泽医学专科学校,336,334513
2024,2,05,助产,A444,菏泽医学专科学校,30,356922
2024,2,06,中医学,A444,菏泽医学专科学校,120,302554
2024,2,07,中药学,A444,菏泽医学专科学校,198,345353
2024,2,08,针灸推拿,A444,菏泽医学专科学校,87,305162
2024,2,09,中医康复技术,A444,菏泽医学专科学校,89,341120
2024,2,10,医学影像技术,A444,菏泽医学专科学校,165,353405
2024,2,12,眼视光技术,A444,菏泽医学专科学校,136,338709
2024,2,14,康复治疗技术,A444,菏泽医学专科学校,162,349791
2024,2,16,药学,A444,菏泽医学专科学校,274,377120
2024,2,18,医学检验技术,A444,菏泽医学专科学校,110,333951
2024,2,20,药品生产技术,A444,菏泽医学专科学校,155,384255
2024,2,21,药品经营与管理,A444,菏泽医学专科学校,156,392850
2024,2,23,预防医学,A444,菏泽医学专科学校,100,359107
2024,2,24,老年保健与管理,A444,菏泽医学专科学校,55,397530
2024,2,25,智慧健康养老服务与管理,A444,菏泽医学专科学校,55,375904
2024,2,26,医学营养,A444,菏泽医学专科学校,44,364559
2024,2,28,健康管理,A444,菏泽医学专科学校,75,398966
2024,2,15,护理(中外合作办学),A444,菏泽医学专科学校,80,378383
2024,2,04,护理(高职3+2贯通培养，衔接山东第二医科大学护理学专业),A444,菏泽医学专科学校,30,187045
2024,2,11,医学影像技术(高职3+2贯通培养，衔接临沂大学医学影像技术专业),A444,菏泽医学专科学校,40,222487
2024,2,13,眼视光技术(高职3+2贯通培养，衔接临沂大学眼视光学专业),A444,菏泽医学专科学校,40,203122
2024,2,17,药学(高职3+2贯通培养，衔接济宁医学院药学专业),A444,菏泽医学专科学校,40,209237
2024,2,19,医学检验技术(高职3+2贯通培养，衔接临沂大学医学检验技术专业),A444,菏泽医学专科学校,40,197694
2024,2,27,医学营养(高职3+2贯通培养，衔接山东中医药大学食品卫生与营养学专业,A444,菏泽医学专科学校,40,204756
2024,2,1B,临床医学(省属公费医学生，面向青岛市就业),A444,菏泽医学专科学校,1,69739
2024,2,1C,临床医学(省属公费医学生，面向淄博市就业),A444,菏泽医学专科学校,3,166761
2024,2,1F,临床医学(省属公费医学生，面向烟台市就业),A444,菏泽医学专科学校,5,164823
2024,2,1H,临床医学(省属公费医学生，面向济宁市就业),A444,菏泽医学专科学校,1,144204
2024,2,1J,临床医学(省属公费医学生，面向泰安市就业),A444,菏泽医学专科学校,2,170962
2024,2,1N,临床医学(省属公费医学生，面向德州市就业),A444,菏泽医学专科学校,1,145870
2024,2,1R,临床医学(省属公费医学生，面向菏泽市就业),A444,菏泽医学专科学校,1,170293
2024,2,2B,中医学(省属公费医学生，面向青岛市就业),A444,菏泽医学专科学校,1,59975
2024,2,2C,中医学(省属公费医学生，面向淄博市就业),A444,菏泽医学专科学校,1,100608
2024,2,2F,中医学(省属公费医学生，面向烟台市就业),A444,菏泽医学专科学校,3,93131
2024,2,2H,中医学(省属公费医学生，面向济宁市就业),A444,菏泽医学专科学校,2,132716
2024,2,2J,中医学(省属公费医学生，面向泰安市就业),A444,菏泽医学专科学校,2,129650
2024,2,2N,中医学(省属公费医学生，面向德州市就业),A444,菏泽医学专科学校,1,148365
2024,2,2R,中医学(省属公费医学生，面向菏泽市就业),A444,菏泽医学专科学校,1,144533
2024,2,73,机械制造及自动化,A448,德州学院,80,280280
2024,2,74,应用化工技术,A448,德州学院,120,328596
2024,2,75,旅游管理,A448,德州学院,80,354749
2024,2,76,汽车制造与试验技术,A448,德州学院,100,320289
2024,2,60,无人机应用技术,A449,山东航空学院,400,347034
2024,2,61,空中乘务(需参加面试体检背景调查，合格后报考),A449,山东航空学院,30,558476
2024,2,62,应用电子技术,A449,山东航空学院,400,364064
2024,2,63,软件技术,A449,山东航空学院,500,304183
2024,2,64,市场营销,A449,山东航空学院,425,400034
2024,2,65,学前教育(师范类),A449,山东航空学院,45,294895
2024,2,CF,学前教育(师范类，就读于费县校区),A452,临沂大学,100,277678
2024,2,CH,早期教育(就读于费县校区),A452,临沂大学,310,368732
2024,2,LB,商务英语(就读于费县校区),A452,临沂大学,300,310330
2024,2,M4,大数据与会计(就读于费县校区),A452,临沂大学,300,262909
2024,2,M6,软件技术(就读于费县校区),A452,临沂大学,300,342837
2024,2,MM,计算机网络技术(就读于费县校区),A452,临沂大学,300,353006
2024,2,MN,计算机网络技术(就读于沂水校区),A452,临沂大学,400,350917
2024,2,MP,旅游管理(就读于沂水校区),A452,临沂大学,300,341252
2024,2,MQ,大数据与会计(就读于沂水校区),A452,临沂大学,632,267213
2024,2,MR,国际经济与贸易(就读于沂水校区),A452,临沂大学,300,307027
2024,2,MS,电子商务(就读于沂水校区),A452,临沂大学,300,326768
2024,2,MT,市场营销(就读于沂水校区),A452,临沂大学,300,350451
2024,2,N7,现代物流管理(就读于费县校区),A452,临沂大学,200,322952
2024,2,N8,学前教育(师范类，就读于沂水校区),A452,临沂大学,68,273604
2024,2,N9,早期教育(就读于沂水校区),A452,临沂大学,300,375845
2024,2,NA,电子商务(就读于费县校区),A452,临沂大学,200,351216
2024,2,NC,工商企业管理(就读于沂水校区),A452,临沂大学,200,311542
2024,2,NF,商务英语(就读于沂水校区),A452,临沂大学,200,289761
2024,2,8M,建筑工程技术,A453,泰山学院,260,380606
2024,2,8N,机电一体化技术,A453,泰山学院,220,281691
2024,2,8P,应用化工技术,A453,泰山学院,120,330059
2024,2,8Q,应用电子技术,A453,泰山学院,150,315285
2024,2,8R,计算机应用技术,A453,泰山学院,90,278561
2024,2,8S,大数据与会计,A453,泰山学院,280,269599
2024,2,8T,国际经济与贸易,A453,泰山学院,260,342548
2024,2,8U,商务英语,A453,泰山学院,300,337995
2024,2,8V,市场营销,A453,泰山学院,220,375843
2024,2,8W,旅游管理,A453,泰山学院,300,374624
2024,2,49,现代文秘,A454,济宁学院,120,290199
2024,2,50,行政管理,A454,济宁学院,120,290045
2024,2,51,旅游管理,A454,济宁学院,115,348675
2024,2,52,金融科技应用,A454,济宁学院,115,323245
2024,2,54,心理咨询,A454,济宁学院,115,286741
2024,2,55,计算机应用技术,A454,济宁学院,100,307995
2024,2,56,计算机网络技术,A454,济宁学院,100,321930
2024,2,58,电子信息工程技术,A454,济宁学院,85,321724
2024,2,59,应用化工技术,A454,济宁学院,100,329251
2024,2,64,学前教育(师范类),A454,济宁学院,45,282468
2024,2,18,行政管理,A455,菏泽学院,120,306025
2024,2,21,现代文秘,A455,菏泽学院,100,303712
2024,2,24,商务英语,A455,菏泽学院,200,349169
2024,2,26,应用电子技术,A455,菏泽学院,60,328966
2024,2,27,电气自动化技术,A455,菏泽学院,60,288362
2024,2,28,电子信息工程技术,A455,菏泽学院,60,314372
2024,2,30,应用化工技术,A455,菏泽学院,400,375614
2024,2,31,园艺技术,A455,菏泽学院,50,366420
2024,2,32,药品生物技术,A455,菏泽学院,100,360960
2024,2,33,农产品加工与质量检测,A455,菏泽学院,50,374976
2024,2,34,设施农业与装备,A455,菏泽学院,50,380286
2024,2,35,种子生产与经营,A455,菏泽学院,50,377495
2024,2,36,机电一体化技术,A455,菏泽学院,62,299394
2024,2,37,计算机应用技术,A455,菏泽学院,100,349952
2024,2,38,建筑工程技术,A455,菏泽学院,80,349073
2024,2,39,城乡规划,A455,菏泽学院,100,329535
2024,2,40,畜牧兽医,A455,菏泽学院,60,345476
2024,2,41,药品生产技术,A455,菏泽学院,50,358455
2024,2,42,药品质量与安全,A455,菏泽学院,50,353279
2024,2,45,电子商务,A455,菏泽学院,50,318845
2024,2,47,市场营销,A455,菏泽学院,50,349243
2024,2,48,大数据与会计,A455,菏泽学院,50,262831
2024,2,49,法律事务,A455,菏泽学院,120,269924
2024,2,17,学前教育(师范类),A518,汉江师范学院,2,271344
2024,2,18,小学教育(师范类),A518,汉江师范学院,3,253086
2024,2,19,小学语文教育(师范类),A518,汉江师范学院,2,255372
2024,2,1A,小学英语教育(师范类),A518,汉江师范学院,2,260406
2024,2,1B,商务英语,A518,汉江师范学院,2,267847
2024,2,1C,旅游管理,A518,汉江师范学院,2,285074
2024,2,1D,大数据与会计,A518,汉江师范学院,3,259312
2024,2,1E,电子商务,A518,汉江师范学院,2,282894
2024,2,1F,小学数学教育(师范类),A518,汉江师范学院,3,265337
2024,2,1G,计算机应用技术,A518,汉江师范学院,3,267095
2024,2,1H,大数据技术,A518,汉江师范学院,3,268147
2024,2,1A,电气自动化技术,A596,桂林理工大学,4,250261
2024,2,1D,电子信息工程技术,A596,桂林理工大学,4,259572
2024,2,1F,现代通信技术,A596,桂林理工大学,4,268519
2024,2,1G,工业机器人技术,A596,桂林理工大学,4,255598
2024,2,1H,智能制造装备技术,A596,桂林理工大学,3,276948
2024,2,2A,机电设备技术,A596,桂林理工大学,4,270634
2024,2,2C,机械制造及自动化,A596,桂林理工大学,4,264940
2024,2,2E,数控技术,A596,桂林理工大学,3,260379
2024,2,3C,计算机应用技术,A596,桂林理工大学,4,255544
2024,2,3D,大数据技术,A596,桂林理工大学,4,261198
2024,2,3E,网络营销与直播电商,A596,桂林理工大学,3,277680
2024,2,4E,现代物流管理,A596,桂林理工大学,3,265156
2024,2,4F,测绘地理信息技术,A596,桂林理工大学,4,254900
2024,2,4G,工程测量技术,A596,桂林理工大学,4,291300
2024,2,5C,市政工程技术,A596,桂林理工大学,4,289669
2024,2,5G,应用化工技术,A596,桂林理工大学,4,289129
2024,2,5H,环境工程技术,A596,桂林理工大学,4,267199
2024,2,5J,有色金属智能冶金技术,A596,桂林理工大学,4,305902
2024,2,5K,储能材料技术,A596,桂林理工大学,4,281392
2024,2,14,空中乘务,A624,中国民用航空飞行学院,157,585977
2024,2,16,民航空中安全保卫,A624,中国民用航空飞行学院,63,572943
2024,2,17,飞机机电设备维修,A624,中国民用航空飞行学院,4,233498
2024,2,01,早期教育(师范类),A765,新疆和田学院,4,477236
2024,2,31,小学教育(师范类，综合文科教育),A765,新疆和田学院,12,419860
2024,2,41,小学语文教育(师范类),A765,新疆和田学院,13,416217
2024,2,51,小学数学教育(师范类),A765,新疆和田学院,11,404313
2024,2,61,小学英语教育(师范类),A765,新疆和田学院,13,480201
2024,2,71,小学科学教育(师范类),A765,新疆和田学院,15,526755
2024,2,81,小学道德与法治教育(师范类),A765,新疆和田学院,14,461870
2024,2,91,现代教育技术(师范类),A765,新疆和田学院,7,542722
2024,2,B1,现代文秘,A765,新疆和田学院,6,548437
2024,2,C1,法律事务,A765,新疆和田学院,6,365515
2024,2,D1,大数据技术,A765,新疆和田学院,11,474053
2024,2,E1,农产品加工与质量检测,A765,新疆和田学院,6,519874
2024,2,F1,小学教育(师范类，综合理科教育),A765,新疆和田学院,12,485291
2024,2,H1,应用化工技术,A765,新疆和田学院,13,498638
2024,2,L1,旅游管理,A765,新疆和田学院,9,568601
2024,2,M1,音乐教育(师范类),A765,新疆和田学院,4,496289
2024,2,S1,学前教育(师范类),A765,新疆和田学院,9,559204
2024,2,T1,统计与大数据分析,A765,新疆和田学院,13,528560
2024,2,U1,维药学,A765,新疆和田学院,3,527242
2024,2,U2,中药学,A765,新疆和田学院,8,480219
2024,2,U3,护理,A765,新疆和田学院,16,539240
2024,2,U4,助产,A765,新疆和田学院,2,647512
2024,2,U5,维医学,A765,新疆和田学院,4,438805
2024,2,U6,公共卫生管理,A765,新疆和田学院,2,546956
2024,2,U7,康复治疗技术,A765,新疆和田学院,18,575619
2024,2,U8,医学检验技术,A765,新疆和田学院,10,542525
2024,2,U9,医学影像技术,A765,新疆和田学院,4,464318
2024,2,W1,计算机网络技术,A765,新疆和田学院,15,450668
2024,2,Y1,计算机应用技术,A765,新疆和田学院,14,460774
2024,2,05,数控技术,A824,河南职业技术学院,3,338509
2024,2,07,工业机器人技术,A824,河南职业技术学院,3,332027
2024,2,43,大数据与审计,A824,河南职业技术学院,4,294235
2024,2,28,药品经营与管理,A825,齐鲁医药学院,85,492970
2024,2,29,智能医疗装备技术,A825,齐鲁医药学院,95,665167
2024,2,30,临床医学,A825,齐鲁医药学院,300,400336
2024,2,31,口腔医学,A825,齐鲁医药学院,305,354297
2024,2,32,护理,A825,齐鲁医药学院,300,450841
2024,2,33,药学,A825,齐鲁医药学院,114,454963
2024,2,34,针灸推拿,A825,齐鲁医药学院,133,391203
2024,2,35,中药学,A825,齐鲁医药学院,113,461808
2024,2,36,医学检验技术,A825,齐鲁医药学院,95,474311
2024,2,37,医学影像技术,A825,齐鲁医药学院,95,427724
2024,2,38,口腔医学技术,A825,齐鲁医药学院,35,391566
2024,2,39,医学美容技术,A825,齐鲁医药学院,30,426233
2024,2,01,财税大数据应用,A826,明达职业技术学院,2,595911
2024,2,02,网络营销与直播电商,A826,明达职业技术学院,2,604412
2024,2,03,大数据与会计,A826,明达职业技术学院,2,593352
2024,2,04,电子商务,A826,明达职业技术学院,2,590826
2024,2,05,高速铁路客运服务,A826,明达职业技术学院,2,542648
2024,2,06,空中乘务,A826,明达职业技术学院,1,560030
2024,2,0A,婴幼儿托育服务与管理,A826,明达职业技术学院,2,610796
2024,2,0F,计算机应用技术,A826,明达职业技术学院,1,564652
2024,2,0J,建筑工程技术,A826,明达职业技术学院,2,603189
2024,2,0L,电气自动化技术,A826,明达职业技术学院,1,557131
2024,2,0M,机电一体化技术,A826,明达职业技术学院,1,550666
2024,2,0N,人工智能技术应用,A826,明达职业技术学院,2,565006
2024,2,10,软件技术(软件开发方向),A827,长沙民政职业技术学院,1,250441
2024,2,15,集成电路技术,A827,长沙民政职业技术学院,1,280569
2024,2,17,护理,A827,长沙民政职业技术学院,2,249702
2024,2,24,金融服务与管理,A827,长沙民政职业技术学院,1,261601
2024,2,26,国际经济与贸易,A827,长沙民政职业技术学院,1,235723
2024,2,30,现代物流管理,A827,长沙民政职业技术学院,1,275477
2024,2,32,旅游管理,A827,长沙民政职业技术学院,1,279485
2024,2,38,商务英语,A827,长沙民政职业技术学院,1,299529
2024,2,40,社会工作,A827,长沙民政职业技术学院,1,247909
2024,2,42,民政服务与管理,A827,长沙民政职业技术学院,1,227860
2024,2,44,人力资源管理,A827,长沙民政职业技术学院,2,263253
2024,2,48,现代殡葬技术与管理,A827,长沙民政职业技术学院,2,189191
2024,2,0D,电气自动化技术,A830,湖南工业职业技术学院,2,301318
2024,2,0N,软件技术,A830,湖南工业职业技术学院,3,329110
2024,2,01,市场营销,A832,山东商业职业技术学院,18,310689
2024,2,02,网络营销与直播电商,A832,山东商业职业技术学院,5,332954
2024,2,03,电子商务,A832,山东商业职业技术学院,40,329716
2024,2,04,云计算技术应用,A832,山东商业职业技术学院,45,297846
2024,2,05,大数据技术,A832,山东商业职业技术学院,50,293802
2024,2,07,人工智能技术应用,A832,山东商业职业技术学院,50,302593
2024,2,08,物联网应用技术,A832,山东商业职业技术学院,50,293876
2024,2,09,大数据与会计,A832,山东商业职业技术学院,30,250346
2024,2,10,大数据与审计,A832,山东商业职业技术学院,40,268046
2024,2,11,大数据与财务管理,A832,山东商业职业技术学院,40,275124
2024,2,12,旅游管理,A832,山东商业职业技术学院,5,339394
2024,2,13,现代物流管理,A832,山东商业职业技术学院,28,334312
2024,2,14,冷链物流技术与管理,A832,山东商业职业技术学院,40,349105
2024,2,15,制冷与空调技术,A832,山东商业职业技术学院,45,327318
2024,2,16,电气自动化技术,A832,山东商业职业技术学院,50,274874
2024,2,17,食品检验检测技术,A832,山东商业职业技术学院,74,344239
2024,2,18,食品生物技术,A832,山东商业职业技术学院,42,334682
2024,2,19,金融服务与管理,A832,山东商业职业技术学院,10,307977
2024,2,20,金融科技应用,A832,山东商业职业技术学院,15,349689
2024,2,21,智慧健康养老服务与管理,A832,山东商业职业技术学院,8,287299
2024,2,22,生物制药技术,A832,山东商业职业技术学院,38,303261
2024,2,23,中医康复技术,A832,山东商业职业技术学院,25,310827
2024,2,24,融媒体技术与运营,A832,山东商业职业技术学院,15,313751
2024,2,25,虚拟现实技术应用,A832,山东商业职业技术学院,65,346185
2024,2,26,中小企业创业与经营,A832,山东商业职业技术学院,6,351528
2024,2,27,工商企业管理,A832,山东商业职业技术学院,35,343371
2024,2,28,商务管理,A832,山东商业职业技术学院,17,355012
2024,2,29,信息安全技术应用,A832,山东商业职业技术学院,45,311981
2024,2,30,密码技术应用,A832,山东商业职业技术学院,45,358289
2024,2,31,区块链技术应用,A832,山东商业职业技术学院,40,353760
2024,2,32,应用电子技术,A832,山东商业职业技术学院,45,315487
2024,2,33,机电一体化技术,A832,山东商业职业技术学院,45,291768
2024,2,34,智能产品开发与应用,A832,山东商业职业技术学院,32,338678
2024,2,35,连锁经营与管理,A832,山东商业职业技术学院,32,377947
2024,2,C1,国际商务(中外合作办学)(澳大利亚，霍姆斯格林学院),A832,山东商业职业技术学院,100,550322
2024,2,C2,大数据与会计(中外合作办学)(澳大利亚，霍姆斯格林学院),A832,山东商业职业技术学院,100,386325
2024,2,C3,金融服务与管理(中外合作办学)(英国，格拉斯哥加利多尼亚大学),A832,山东商业职业技术学院,100,524638
2024,2,C4,商务管理(中外合作办学)(马来西亚，思特雅大学),A832,山东商业职业技术学院,100,543208
2024,2,N0,网络营销与直播电商,A832,山东商业职业技术学院,10,567806
2024,2,N1,金融科技应用,A832,山东商业职业技术学院,25,568936
2024,2,N2,中小企业创业与经营,A832,山东商业职业技术学院,15,576853
2024,2,A1,金融科技应用(高职3+2贯通培养，衔接山东工商学院金融科技专业),A832,山东商业职业技术学院,30,214833
2024,2,A2,冷链物流技术与管理(高职3+2贯通培养，衔接临沂大学物流工程专业),A832,山东商业职业技术学院,40,222848
2024,2,A3,食品检验检测技术(高职3+2贯通培养，衔接临沂大学食品科学与工程专业,A832,山东商业职业技术学院,40,224449
2024,2,A4,生物制药技术(高职3+2贯通培养，衔接临沂大学生物技术专业),A832,山东商业职业技术学院,40,206592
2024,2,A5,大数据与会计(高职3+2贯通培养，衔接山东青年政治学院会计学专业),A832,山东商业职业技术学院,40,184461
2024,2,A6,市场营销(高职3+2贯通培养，衔接山东青年政治学院市场营销专业),A832,山东商业职业技术学院,40,235277
2024,2,A7,食品生物技术(高职3+2贯通培养，衔接聊城大学食品科学与工程专业),A832,山东商业职业技术学院,30,208890
2024,2,A8,云计算技术应用(高职3+2贯通培养，衔接枣庄学院计算机科学与技术专业,A832,山东商业职业技术学院,40,214031
2024,2,08,现代物流管理,A833,广东轻工职业技术大学,2,260496
2024,2,10,酒店管理与数字化运营,A833,广东轻工职业技术大学,2,273331
2024,2,26,新能源汽车技术,A833,广东轻工职业技术大学,2,299279
2024,2,27,汽车智能技术,A833,广东轻工职业技术大学,2,298467
2024,2,46,食品智能加工技术,A833,广东轻工职业技术大学,2,277272
2024,2,33,软件技术,A834,武汉职业技术学院,6,253119
2024,2,36,信息安全技术应用,A834,武汉职业技术学院,5,261538
2024,2,54,商务英语,A834,武汉职业技术学院,6,264823
2024,2,66,服装设计与工艺,A834,武汉职业技术学院,5,281984
2024,2,81,电子信息类,A834,武汉职业技术学院,6,266307
2024,2,85,建设工程管理类,A834,武汉职业技术学院,5,287982
2024,2,05,工程造价,A835,漯河职业技术学院,2,446591
2024,2,0A,电气自动化技术,A835,漯河职业技术学院,2,397369
2024,2,0F,服装设计与工艺,A835,漯河职业技术学院,2,362175
2024,2,0H,食品智能加工技术,A835,漯河职业技术学院,2,407338
2024,2,0X,金融服务与管理,A835,漯河职业技术学院,2,435576
2024,2,0Y,大数据与会计,A835,漯河职业技术学院,2,416202
2024,2,13,网络营销与直播电商,A835,漯河职业技术学院,2,417214
2024,2,18,酒店管理与数字化运营,A835,漯河职业技术学院,2,558051
2024,2,1L,学前教育(师范类),A835,漯河职业技术学院,2,546786
2024,2,1M,小学教育(师范类),A835,漯河职业技术学院,2,341025
2024,2,0Z,信息安全技术应用,A842,三门峡职业技术学院,6,391075
2024,2,1N,小学教育(师范类),A842,三门峡职业技术学院,14,355244
2024,2,01,机械设计与制造,A845,大连职业技术学院,5,290314
2024,2,02,数控技术,A845,大连职业技术学院,5,306999
2024,2,05,工业机器人技术,A845,大连职业技术学院,5,299283
2024,2,08,汽车电子技术,A845,大连职业技术学院,5,330459
2024,2,11,汽车技术服务与营销,A845,大连职业技术学院,5,359605
2024,2,12,船舶工程技术,A845,大连职业技术学院,5,319450
2024,2,18,软件技术,A845,大连职业技术学院,5,268668
2024,2,19,现代移动通信技术,A845,大连职业技术学院,5,277673
2024,2,23,工程造价,A845,大连职业技术学院,5,319629
2024,2,27,大数据与会计,A845,大连职业技术学院,5,252810
2024,2,32,学前教育(师范类),A845,大连职业技术学院,5,296755
2024,2,37,商务日语,A845,大连职业技术学院,5,302169
2024,2,01,机械制造及自动化,A848,无锡职业技术学院,5,246336
2024,2,04,模具设计与制造,A848,无锡职业技术学院,5,255272
2024,2,06,机电一体化技术,A848,无锡职业技术学院,10,250243
2024,2,12,工业过程自动化技术,A848,无锡职业技术学院,8,264399
2024,2,13,智能控制技术,A848,无锡职业技术学院,8,255571
2024,2,15,电子信息工程技术,A848,无锡职业技术学院,5,236085
2024,2,18,集成电路技术,A848,无锡职业技术学院,5,258056
2024,2,22,云计算技术应用,A848,无锡职业技术学院,5,228680
2024,2,23,大数据技术,A848,无锡职业技术学院,5,243064
2024,2,26,工商企业管理,A848,无锡职业技术学院,5,243878
2024,2,33,大数据与财务管理,A848,无锡职业技术学院,5,222995
2024,2,35,大数据与会计,A848,无锡职业技术学院,4,217653
2024,2,41,新能源汽车技术,A848,无锡职业技术学院,5,255449
2024,2,44,智能网联汽车技术,A848,无锡职业技术学院,5,260429
2024,2,7A,建筑工程技术,A849,江苏建筑职业技术学院,15,357592
2024,2,7C,装配式建筑工程技术,A849,江苏建筑职业技术学院,4,349659
2024,2,7D,智能建造技术,A849,江苏建筑职业技术学院,3,349275
2024,2,7P,供热通风与空调工程技术,A849,江苏建筑职业技术学院,4,360207
2024,2,7X,工程造价,A849,江苏建筑职业技术学院,10,307997
2024,2,80,智慧城市管理技术,A849,江苏建筑职业技术学院,6,350140
2024,2,81,安全技术与管理,A849,江苏建筑职业技术学院,6,316171
2024,2,82,道路与桥梁工程技术,A849,江苏建筑职业技术学院,18,347001
2024,2,83,城市轨道交通工程技术,A849,江苏建筑职业技术学院,5,299295
2024,2,84,高速铁路施工与维护,A849,江苏建筑职业技术学院,2,300818
2024,2,88,城市轨道交通供配电技术,A849,江苏建筑职业技术学院,3,307240
2024,2,8A,电气自动化技术,A849,江苏建筑职业技术学院,5,307378
2024,2,8D,汽车制造与试验技术,A849,江苏建筑职业技术学院,2,304495
2024,2,8G,软件技术,A849,江苏建筑职业技术学院,3,271650
2024,2,8H,电子信息工程技术,A849,江苏建筑职业技术学院,5,287618
2024,2,8J,人工智能技术应用,A849,江苏建筑职业技术学院,5,290614
2024,2,8K,移动应用开发,A849,江苏建筑职业技术学院,3,310440
2024,2,8Q,建筑动画技术,A849,江苏建筑职业技术学院,4,328188
2024,2,8U,大数据与会计,A849,江苏建筑职业技术学院,5,257766
2024,2,01,学前教育,A851,上海东海职业技术学院,15,656171
2024,2,03,大数据与会计,A851,上海东海职业技术学院,12,539849
2024,2,04,大数据与会计,A851,上海东海职业技术学院,12,254291
2024,2,05,财税大数据应用,A851,上海东海职业技术学院,12,628723
2024,2,06,关务与外贸服务,A851,上海东海职业技术学院,10,632897
2024,2,07,关务与外贸服务,A851,上海东海职业技术学院,10,257801
2024,2,08,现代物流管理,A851,上海东海职业技术学院,8,645061
2024,2,09,电子商务,A851,上海东海职业技术学院,10,633938
2024,2,10,电子商务,A851,上海东海职业技术学院,7,259635
2024,2,12,新能源汽车技术,A851,上海东海职业技术学院,10,618251
2024,2,14,机械制造及自动化,A851,上海东海职业技术学院,7,613760
2024,2,17,汽车检测与维修技术,A851,上海东海职业技术学院,10,280301
2024,2,18,护理,A851,上海东海职业技术学院,8,553448
2024,2,20,空中乘务,A851,上海东海职业技术学院,40,646787
2024,2,21,民航运输服务,A851,上海东海职业技术学院,40,647025
2024,2,22,民航空中安全保卫,A851,上海东海职业技术学院,15,662973
2024,2,23,计算机应用技术,A851,上海东海职业技术学院,25,647388
2024,2,24,大数据技术,A851,上海东海职业技术学院,20,654893
2024,2,28,广播影视节目制作,A851,上海东海职业技术学院,6,504845
2024,2,29,广播影视节目制作,A851,上海东海职业技术学院,12,250479
2024,2,01,机电一体化技术,A852,上海工商职业技术学院,8,544051
2024,2,02,工业机器人技术,A852,上海工商职业技术学院,6,603596
2024,2,04,机械制造及自动化,A852,上海工商职业技术学院,4,584486
2024,2,06,新能源汽车技术,A852,上海工商职业技术学院,8,591477
2024,2,07,智能网联汽车技术,A852,上海工商职业技术学院,5,597980
2024,2,08,计算机网络技术,A852,上海工商职业技术学院,5,561208
2024,2,09,计算机应用技术(移动互联网应用软件开发),A852,上海工商职业技术学院,8,493643
2024,2,11,移动互联应用技术,A852,上海工商职业技术学院,8,623501
2024,2,12,学前教育,A852,上海工商职业技术学院,5,642237
2024,2,14,商务日语,A852,上海工商职业技术学院,4,629912
2024,2,15,宝玉石鉴定与加工,A852,上海工商职业技术学院,3,600638
2024,2,16,大数据与会计(助理会计师、涉外会计),A852,上海工商职业技术学院,5,609282
2024,2,17,电子商务,A852,上海工商职业技术学院,4,605584
2024,2,18,国际商务(跨境贸易),A852,上海工商职业技术学院,4,584532
2024,2,19,会展策划与管理,A852,上海工商职业技术学院,3,605607
2024,2,20,餐饮智能管理,A852,上海工商职业技术学院,3,642510
2024,2,21,酒店管理与数字化运营,A852,上海工商职业技术学院,3,626372
2024,2,22,护理,A852,上海工商职业技术学院,10,592526
2024,2,23,空中乘务,A852,上海工商职业技术学院,15,641390
2024,2,29,新能源汽车检测与维修技术,A852,上海工商职业技术学院,3,281119
2024,2,24,餐饮智能管理(中外合作办学)(中马合作),A852,上海工商职业技术学院,3,645942
2024,2,25,酒店管理与数字化运营(中外合作办学)(中马合作),A852,上海工商职业技术学院,3,647956
2024,2,05,动漫制作技术,A853,北京工业职业技术学院,3,252756
2024,2,09,机械制造及自动化,A853,北京工业职业技术学院,2,258194
2024,2,10,工业机器人技术,A853,北京工业职业技术学院,2,260404
2024,2,11,新能源汽车技术,A853,北京工业职业技术学院,2,273712
2024,2,14,大数据与会计,A853,北京工业职业技术学院,5,252639
2024,2,15,工商企业管理,A853,北京工业职业技术学院,8,292428
2024,2,16,旅游管理,A853,北京工业职业技术学院,4,299586
2024,2,17,法律文秘,A853,北京工业职业技术学院,5,252851
2024,2,18,法律事务,A853,北京工业职业技术学院,9,253246
2024,2,19,安全技术与管理,A853,北京工业职业技术学院,2,308126
2024,2,20,安全智能监测技术,A853,北京工业职业技术学院,3,289264
2024,2,22,工程造价,A853,北京工业职业技术学院,3,279337
2024,2,23,工程测量技术,A853,北京工业职业技术学院,2,291973
2024,2,24,建筑工程技术,A853,北京工业职业技术学院,2,267749
2024,2,25,智能建造技术,A853,北京工业职业技术学院,4,290266
2024,2,26,建筑装饰工程技术,A853,北京工业职业技术学院,2,279158
2024,2,06,动漫制作技术(中外合作办学),A853,北京工业职业技术学院,2,265661
2024,2,11,信息安全技术应用,A857,北京信息职业技术学院,11,268917
2024,2,12,计算机网络技术,A857,北京信息职业技术学院,11,279923
2024,2,11,汽车制造与试验技术,A858,北京电子科技职业学院,5,262410
2024,2,12,新能源汽车技术,A858,北京电子科技职业学院,6,250703
2024,2,13,汽车检测与维修技术,A858,北京电子科技职业学院,2,254380
2024,2,15,智能网联汽车技术,A858,北京电子科技职业学院,3,250172
2024,2,19,计算机网络技术,A858,北京电子科技职业学院,1,265021
2024,2,20,计算机应用技术,A858,北京电子科技职业学院,2,260071
2024,2,21,人工智能技术应用,A858,北京电子科技职业学院,4,272354
2024,2,22,生物产品检验检疫,A858,北京电子科技职业学院,2,248378
2024,2,23,药品生物技术,A858,北京电子科技职业学院,3,238615
2024,2,26,食品营养与健康,A858,北京电子科技职业学院,2,248078
2024,2,27,大数据与会计,A858,北京电子科技职业学院,2,180196
2024,2,31,商务英语,A858,北京电子科技职业学院,1,169707
2024,2,32,电子信息工程技术,A858,北京电子科技职业学院,2,266445
2024,2,65,应用英语,A868,青岛滨海学院,355,663513
2024,2,66,应用韩语,A868,青岛滨海学院,850,665996
2024,2,67,应用日语,A868,青岛滨海学院,995,664776
2024,2,01,数字化设计与制造技术,A869,安徽职业技术学院,5,343298
2024,2,12,软件技术,A869,安徽职业技术学院,5,343237
2024,2,21,食品检验检测技术,A869,安徽职业技术学院,3,325292
2024,2,35,市场营销,A869,安徽职业技术学院,2,310532
2024,2,54,党务工作,A869,安徽职业技术学院,5,339817
2024,2,03,森林和草原资源保护,A872,伊春职业学院,4,444565
2024,2,06,钢铁智能冶金技术,A872,伊春职业学院,2,509350
2024,2,07,智能轧钢技术,A872,伊春职业学院,4,523655
2024,2,08,机电一体化技术,A872,伊春职业学院,2,375519
2024,2,12,计算机应用技术,A872,伊春职业学院,4,375602
2024,2,13,口腔医学,A872,伊春职业学院,4,264883
2024,2,14,护理,A872,伊春职业学院,6,359089
2024,2,17,针灸推拿,A872,伊春职业学院,4,318566
2024,2,23,电子商务,A872,伊春职业学院,4,471578
2024,2,28,学前教育(师范类),A872,伊春职业学院,4,412819
2024,2,03,临床医学,A888,江西医学高等专科学校,2,295644
2024,2,04,临床医学(全科医学方向),A888,江西医学高等专科学校,2,290652
2024,2,05,临床医学(医学影像方向),A888,江西医学高等专科学校,2,283136
2024,2,08,口腔医学,A888,江西医学高等专科学校,1,266762
2024,2,09,护理,A888,江西医学高等专科学校,4,280440
2024,2,0C,中医学,A888,江西医学高等专科学校,2,260731
2024,2,0D,针灸推拿,A888,江西医学高等专科学校,1,268808
2024,2,0F,中医康复技术,A888,江西医学高等专科学校,1,305637
2024,2,0H,医学影像技术,A888,江西医学高等专科学校,2,312085
2024,2,0M,卫生信息管理,A888,江西医学高等专科学校,1,308633
2024,2,0N,预防医学,A888,江西医学高等专科学校,1,319210
2024,2,0P,眼视光技术,A888,江西医学高等专科学校,1,304864
2024,2,41,网络新闻与传播,A904,枣庄学院,160,317593
2024,2,43,智慧健康养老服务与管理,A904,枣庄学院,85,358669
2024,2,44,商务英语,A904,枣庄学院,240,341265
2024,2,47,机电一体化技术,A904,枣庄学院,320,344306
2024,2,48,应用电子技术,A904,枣庄学院,320,369196
2024,2,4A,化工安全技术,A904,枣庄学院,150,379827
2024,2,4B,应用化工技术,A904,枣庄学院,150,369443
2024,2,4C,旅游管理,A904,枣庄学院,360,391691
2024,2,4E,空中乘务,A904,枣庄学院,200,570046
2024,2,4F,大数据与会计,A904,枣庄学院,150,272235
2024,2,4G,市场营销,A904,枣庄学院,150,379956
2024,2,4H,学前教育(师范类),A904,枣庄学院,45,288337
2024,2,4J,计算机应用技术,A904,枣庄学院,150,335457
2024,2,4K,影视编导,A904,枣庄学院,100,356087
2024,2,4L,智能建造技术,A904,枣庄学院,180,396651
2024,2,H6,影视多媒体技术,A908,山东工艺美术学院,40,289434
2024,2,22,新能源汽车技术,A955,黄冈职业技术学院,5,330191
2024,2,38,网络营销与直播电商,A955,黄冈职业技术学院,4,404082
2024,2,42,临床医学,A955,黄冈职业技术学院,5,297411
2024,2,43,口腔医学,A955,黄冈职业技术学院,6,255477
2024,2,49,护理,A955,黄冈职业技术学院,5,320952
2024,2,53,学前教育,A955,黄冈职业技术学院,5,396854
2024,2,18,现代纺织技术,A958,江苏工程职业技术学院,5,361892
2024,2,21,工业机器人技术,A958,江苏工程职业技术学院,5,314028
2024,2,22,机电一体化技术,A958,江苏工程职业技术学院,5,311632
2024,2,24,机械制造及自动化,A958,江苏工程职业技术学院,5,299677
2024,2,26,大数据与会计,A958,江苏工程职业技术学院,5,255522
2024,2,28,工商企业管理,A958,江苏工程职业技术学院,2,302129
2024,2,29,国际经济与贸易,A958,江苏工程职业技术学院,2,308424
2024,2,30,酒店管理与数字化运营,A958,江苏工程职业技术学院,2,367544
2024,2,31,旅游管理,A958,江苏工程职业技术学院,2,361034
2024,2,33,现代物流管理,A958,江苏工程职业技术学院,2,313843
2024,2,35,智慧健康养老服务与管理,A958,江苏工程职业技术学院,2,293987
2024,2,36,建筑室内设计,A958,江苏工程职业技术学院,4,308136
2024,2,37,数字媒体技术,A958,江苏工程职业技术学院,4,262374
2024,2,38,现代家用纺织品设计,A958,江苏工程职业技术学院,2,367892
2024,2,39,城市轨道交通工程技术,A958,江苏工程职业技术学院,5,297390
2024,2,40,道路与桥梁工程技术,A958,江苏工程职业技术学院,5,356740
2024,2,43,建筑工程技术,A958,江苏工程职业技术学院,4,348861
2024,2,44,建筑设计,A958,江苏工程职业技术学院,4,313965
2024,2,49,飞机机电设备维修,A958,江苏工程职业技术学院,11,339978
2024,2,54,新能源装备技术,A958,江苏工程职业技术学院,2,292176
2024,2,56,电子信息工程技术,A958,江苏工程职业技术学院,5,305990
2024,2,57,计算机应用技术,A958,江苏工程职业技术学院,14,296322
2024,2,01,小学教育(师范类),A963,淮北职业技术学院,5,310308
2024,2,02,学前教育(师范类),A963,淮北职业技术学院,5,383323
2024,2,01,种子生产与经营,A995,新疆农业职业技术大学,2,326277
2024,2,02,园艺技术,A995,新疆农业职业技术大学,2,394289
2024,2,08,动物医学,A995,新疆农业职业技术大学,2,280293
2024,2,09,畜牧兽医,A995,新疆农业职业技术大学,1,265505
2024,2,11,动物防疫与检疫,A995,新疆农业职业技术大学,1,369538
2024,2,13,宠物养护与驯导,A995,新疆农业职业技术大学,1,308879
2024,2,15,环境监测技术,A995,新疆农业职业技术大学,1,427170
2024,2,16,环境工程技术,A995,新疆农业职业技术大学,2,445543
2024,2,17,园林工程技术,A995,新疆农业职业技术大学,1,378170
2024,2,18,风景园林设计,A995,新疆农业职业技术大学,2,434096
2024,2,19,建筑工程技术,A995,新疆农业职业技术大学,3,454431
2024,2,20,工程造价,A995,新疆农业职业技术大学,3,475105
2024,2,21,水利工程,A995,新疆农业职业技术大学,3,433919
2024,2,22,机电一体化技术,A995,新疆农业职业技术大学,3,383797
2024,2,23,电气自动化技术,A995,新疆农业职业技术大学,3,370189
2024,2,25,食品检验检测技术,A995,新疆农业职业技术大学,1,377867
2024,2,26,药品生产技术,A995,新疆农业职业技术大学,3,403009
2024,2,27,药品质量与安全,A995,新疆农业职业技术大学,2,394780
2024,2,28,物联网应用技术,A995,新疆农业职业技术大学,2,412885
2024,2,29,计算机网络技术,A995,新疆农业职业技术大学,1,385627
2024,2,31,数字媒体技术,A995,新疆农业职业技术大学,1,407106
2024,2,32,大数据技术,A995,新疆农业职业技术大学,2,419387
2024,2,33,信息安全技术应用,A995,新疆农业职业技术大学,2,388500
2024,2,34,人工智能技术应用,A995,新疆农业职业技术大学,1,374937
2024,2,35,大数据与会计,A995,新疆农业职业技术大学,3,359073
2024,2,37,关务与外贸服务,A995,新疆农业职业技术大学,2,424411
2024,2,38,商务管理(中亚贸易方向),A995,新疆农业职业技术大学,2,362132
2024,2,39,市场营销,A995,新疆农业职业技术大学,2,449310
2024,2,40,电子商务,A995,新疆农业职业技术大学,3,441293
2024,2,41,现代物流管理(农产品方向),A995,新疆农业职业技术大学,2,421801
2024,2,43,商务英语,A995,新疆农业职业技术大学,1,285048
2024,2,44,民政服务与管理,A995,新疆农业职业技术大学,3,454015
2024,2,45,智慧健康养老服务与管理,A995,新疆农业职业技术大学,2,434681
2024,2,01,电气自动化技术,B032,天津市职业大学,10,269321
2024,2,02,模具设计与制造,B032,天津市职业大学,9,291474
2024,2,03,增材制造技术,B032,天津市职业大学,5,297272
2024,2,04,机械制造及自动化,B032,天津市职业大学,10,268605
2024,2,06,化工技术类,B032,天津市职业大学,10,293481
2024,2,08,药品生产技术,B032,天津市职业大学,5,250651
2024,2,10,环境监测技术,B032,天津市职业大学,5,264817
2024,2,12,工程造价,B032,天津市职业大学,10,277709
2024,2,14,大数据与会计,B032,天津市职业大学,10,240214
2024,2,17,现代物流管理,B032,天津市职业大学,10,277681
2024,2,20,计算机类,B032,天津市职业大学,10,254579
2024,2,21,信息安全技术应用,B032,天津市职业大学,10,269461
2024,2,22,现代通信技术,B032,天津市职业大学,10,260652
2024,2,23,人工智能技术应用,B032,天津市职业大学,10,265667
2024,2,24,物联网应用技术,B032,天津市职业大学,10,265750
2024,2,25,电子信息工程技术,B032,天津市职业大学,12,264670
2024,2,26,眼视光技术,B032,天津市职业大学,3,206240
2024,2,29,眼视光仪器技术,B032,天津市职业大学,5,260558
2024,2,30,视觉训练与康复,B032,天津市职业大学,9,263149
2024,2,32,空中乘务,B032,天津市职业大学,23,593809
2024,2,35,商务英语,B032,天津市职业大学,9,272343
2024,2,43,包装工程技术,B032,天津市职业大学,10,264909
2024,2,44,印刷数字图文技术,B032,天津市职业大学,4,272826
2024,2,45,包装策划与设计,B032,天津市职业大学,9,264967
2024,2,47,学前教育,B032,天津市职业大学,10,282946
2024,2,48,社区管理与服务,B032,天津市职业大学,5,267834
2024,2,49,人力资源管理,B032,天津市职业大学,10,277217
2024,2,53,汽车智能技术,B032,天津市职业大学,5,277895
2024,2,55,新能源汽车检测与维修技术,B032,天津市职业大学,5,274613
2024,2,56,新能源汽车技术,B032,天津市职业大学,5,263475
2024,2,18,大数据与会计,B034,邯郸职业技术学院,5,336603
2024,2,02,建筑室内设计,B046,牡丹江大学,2,270577
2024,2,03,建筑工程技术,B046,牡丹江大学,2,332191
2024,2,04,工程造价,B046,牡丹江大学,2,315365
2024,2,06,机电一体化技术,B046,牡丹江大学,2,266659
2024,2,09,汽车制造与试验技术,B046,牡丹江大学,2,305918
2024,2,10,食品检验检测技术,B046,牡丹江大学,2,266766
2024,2,12,药品经营与管理,B046,牡丹江大学,2,286870
2024,2,13,智能医疗装备技术,B046,牡丹江大学,2,294577
2024,2,14,道路与桥梁工程技术,B046,牡丹江大学,2,315611
2024,2,17,大数据技术,B046,牡丹江大学,2,277601
2024,2,23,金融服务与管理,B046,牡丹江大学,2,304749
2024,2,24,大数据与会计,B046,牡丹江大学,2,258807
2024,2,26,市场营销,B046,牡丹江大学,2,322396
2024,2,33,影视动画,B046,牡丹江大学,2,297120
2024,2,37,应用英语,B046,牡丹江大学,2,275503
2024,2,39,应用俄语,B046,牡丹江大学,2,262620
2024,2,01,机电一体化技术,B050,连云港职业技术学院,10,331667
2024,2,03,电气自动化技术,B050,连云港职业技术学院,5,319485
2024,2,05,工业机器人技术,B050,连云港职业技术学院,5,351696
2024,2,09,药品经营与管理,B050,连云港职业技术学院,5,364442
2024,2,11,石油化工技术,B050,连云港职业技术学院,5,365801
2024,2,13,材料工程技术,B050,连云港职业技术学院,5,379808
2024,2,17,人力资源管理,B050,连云港职业技术学院,5,320753
2024,2,19,大数据与会计,B050,连云港职业技术学院,10,294731
2024,2,21,跨境电子商务,B050,连云港职业技术学院,5,372285
2024,2,24,电子商务,B050,连云港职业技术学院,5,353712
2024,2,29,数字媒体技术,B050,连云港职业技术学院,5,299159
2024,2,31,人工智能技术应用,B050,连云港职业技术学院,5,345723
2024,2,33,旅游管理,B050,连云港职业技术学院,5,354780
2024,2,36,建筑工程技术,B050,连云港职业技术学院,5,392620
2024,2,37,工程造价,B050,连云港职业技术学院,5,372525
2024,2,06,电气自动化技术,B051,镇江市高等专科学校,3,296180
2024,2,13,医疗器械维护与管理,B051,镇江市高等专科学校,2,303450
2024,2,16,计算机应用技术,B051,镇江市高等专科学校,2,295475
2024,2,18,护理,B051,镇江市高等专科学校,5,274815
2024,2,20,医学检验技术,B051,镇江市高等专科学校,5,301424
2024,2,26,大数据与会计,B051,镇江市高等专科学校,3,261817
2024,2,04,建筑室内设计,B052,南通职业大学,5,305045
2024,2,05,建筑工程技术,B052,南通职业大学,5,324440
2024,2,07,工程造价,B052,南通职业大学,5,315016
2024,2,11,机械制造及自动化,B052,南通职业大学,10,291060
2024,2,14,机电一体化技术,B052,南通职业大学,10,288907
2024,2,19,新能源汽车技术,B052,南通职业大学,5,274372
2024,2,24,药品质量与安全,B052,南通职业大学,5,307955
2024,2,29,空中乘务,B052,南通职业大学,6,339188
2024,2,33,物联网应用技术,B052,南通职业大学,10,299324
2024,2,36,计算机应用技术,B052,南通职业大学,15,301641
2024,2,38,数字媒体技术,B052,南通职业大学,4,276982
2024,2,45,药品经营与管理,B052,南通职业大学,5,313811
2024,2,47,大数据与会计,B052,南通职业大学,10,272266
2024,2,48,电子商务,B052,南通职业大学,5,283440
2024,2,58,商务英语,B052,南通职业大学,10,286877
2024,2,05,机电一体化技术,B054,苏州职业大学,5,280826
2024,2,09,电气自动化技术,B054,苏州职业大学,4,268388
2024,2,10,新能源汽车技术,B054,苏州职业大学,5,278487
2024,2,11,服装设计与工艺,B054,苏州职业大学,6,263195
2024,2,18,计算机应用技术,B054,苏州职业大学,3,251664
2024,2,20,软件技术,B054,苏州职业大学,7,248246
2024,2,33,市场营销,B054,苏州职业大学,4,255197
2024,2,37,旅游管理,B054,苏州职业大学,5,259940
2024,2,38,会展策划与管理,B054,苏州职业大学,4,258100
2024,2,43,网络新闻与传播,B054,苏州职业大学,4,248634
2024,2,46,商务英语,B054,苏州职业大学,7,255448
2024,2,47,应用英语,B054,苏州职业大学,4,249875
2024,2,48,商务日语,B054,苏州职业大学,5,257865
2024,2,51,现代文秘,B054,苏州职业大学,2,240064
2024,2,24,智能物流技术,B061,芜湖职业技术学院,10,319682
2024,2,79,电气自动化技术,B067,潍坊学院,50,279030
2024,2,80,应用电子技术,B067,潍坊学院,50,290585
2024,2,83,特殊教育(师范类),B067,潍坊学院,40,258050
2024,2,84,学前教育(师范类),B067,潍坊学院,105,290223
2024,2,85,大数据与会计,B067,潍坊学院,80,260538
2024,2,86,工商企业管理,B067,潍坊学院,50,287666
2024,2,87,汽车技术服务与营销,B067,潍坊学院,45,333654
2024,2,88,商务英语,B067,潍坊学院,80,289475
2024,2,0B,应用化工技术,B069,开封大学,3,246089
2024,2,0E,物联网应用技术,B069,开封大学,3,250438
2024,2,0G,计算机网络技术,B069,开封大学,4,239118
2024,2,0U,旅游管理,B069,开封大学,4,257813
2024,2,10,新闻采编与制作,B069,开封大学,4,243427
2024,2,02,物联网应用技术,B074,荆州理工职业学院,3,366077
2024,2,06,风力发电工程技术,B074,荆州理工职业学院,3,404344
2024,2,07,建筑工程技术,B074,荆州理工职业学院,2,424689
2024,2,08,工程造价,B074,荆州理工职业学院,2,392798
2024,2,10,应用化工技术,B074,荆州理工职业学院,2,424090
2024,2,11,药品生产技术,B074,荆州理工职业学院,2,382991
2024,2,12,水净化与安全技术,B074,荆州理工职业学院,2,418482
2024,2,13,计算机应用技术,B074,荆州理工职业学院,5,354469
2024,2,14,计算机网络技术,B074,荆州理工职业学院,5,382041
2024,2,15,大数据技术,B074,荆州理工职业学院,5,370628
2024,2,16,软件技术,B074,荆州理工职业学院,5,354408
2024,2,17,电子商务,B074,荆州理工职业学院,5,425804
2024,2,19,大数据与会计,B074,荆州理工职业学院,5,347114
2024,2,20,酒店管理与数字化运营,B074,荆州理工职业学院,2,456277
2024,2,22,工业机器人技术,B074,荆州理工职业学院,5,390734
2024,2,23,汽车制造与试验技术,B074,荆州理工职业学院,3,411015
2024,2,24,机电一体化技术,B074,荆州理工职业学院,5,379103
2024,2,25,数字化设计与制造技术,B074,荆州理工职业学院,5,422667
2024,2,26,电气自动化技术,B074,荆州理工职业学院,5,362761
2024,2,27,工业互联网应用,B074,荆州理工职业学院,3,422053
2024,2,29,动漫制作技术,B074,荆州理工职业学院,3,365123
2024,2,30,数字媒体艺术设计,B074,荆州理工职业学院,2,390568
2024,2,31,艺术设计,B074,荆州理工职业学院,5,426441
2024,2,32,学前教育(师范类),B074,荆州理工职业学院,10,493461
2024,2,34,小学教育(师范类),B074,荆州理工职业学院,10,361607
2024,2,37,现代文秘,B074,荆州理工职业学院,2,363358
2024,2,38,美术教育(师范类),B074,荆州理工职业学院,2,397607
2024,2,39,音乐教育(师范类),B074,荆州理工职业学院,2,440264
2024,2,01,工程造价,B090,北京京北职业技术学院,3,313188
2024,2,02,建筑室内设计,B090,北京京北职业技术学院,2,296412
2024,2,03,建筑工程技术,B090,北京京北职业技术学院,2,316002
2024,2,04,影视多媒体技术,B090,北京京北职业技术学院,2,271829
2024,2,05,电子竞技运动与管理,B090,北京京北职业技术学院,2,296149
2024,2,06,安全智能监测技术,B090,北京京北职业技术学院,2,294921
2024,2,08,网络营销与直播电商,B090,北京京北职业技术学院,2,297353
2024,2,09,大数据与会计,B090,北京京北职业技术学院,3,264721
2024,2,07,现代通信技术,B113,深圳职业技术大学,5,190672
2024,2,0N,电气自动化技术,B113,深圳职业技术大学,8,190838
2024,2,0Z,旅游管理,B113,深圳职业技术大学,7,240071
2024,2,14,数字出版,B113,深圳职业技术大学,8,225464
2024,2,1M,应用德语,B113,深圳职业技术大学,4,238357
2024,2,1N,环境工程技术,B113,深圳职业技术大学,7,230481
2024,2,1W,智能建造技术,B113,深圳职业技术大学,6,238479
2024,2,10,市场营销,B114,广东南华工商职业学院,3,324052
2024,2,14,金融服务与管理,B114,广东南华工商职业学院,1,313268
2024,2,26,酒店管理与数字化运营,B114,广东南华工商职业学院,2,348973
2024,2,66,云计算技术应用,B114,广东南华工商职业学院,1,253558
2024,2,75,工程造价,B114,广东南华工商职业学院,1,287015
2024,2,07,工程造价,B238,石家庄职业技术学院,1,302333
2024,2,18,药品生产技术,B238,石家庄职业技术学院,2,298988
2024,2,20,药品经营与管理,B238,石家庄职业技术学院,1,305274
2024,2,23,物联网应用技术,B238,石家庄职业技术学院,1,284869
2024,2,33,动漫制作技术,B238,石家庄职业技术学院,2,269655
2024,2,44,数字媒体艺术设计,B238,石家庄职业技术学院,1,270291
2024,2,A3,动物医学,B248,辽宁农业职业技术学院,5,255479
2024,2,C2,大数据与会计,B248,辽宁农业职业技术学院,5,274819
2024,2,C4,旅游管理,B248,辽宁农业职业技术学院,5,399151
2024,2,N8,中药学,B248,辽宁农业职业技术学院,5,287520
2024,2,12,环境监测技术,B288,沙洲职业工学院,4,362611
2024,2,14,电气自动化技术,B288,沙洲职业工学院,4,348654
2024,2,28,新能源汽车技术,B288,沙洲职业工学院,4,340913
2024,2,35,电子商务,B288,沙洲职业工学院,8,368398
2024,2,11,学前教育(师范类),B308,淮南联合大学,2,284672
2024,2,18,工程造价,B308,淮南联合大学,1,289312
2024,2,21,护理,B308,淮南联合大学,2,270157
2024,2,30,机电一体化技术,B308,淮南联合大学,2,285486
2024,2,31,电气自动化技术,B308,淮南联合大学,2,283559
2024,2,36,药学,B308,淮南联合大学,1,239844
2024,2,51,畜牧兽医,B326,信阳农林学院,10,359694
2024,2,F8,新能源汽车技术,B334,湖北工业职业技术学院,5,352804
2024,2,G3,数控技术,B334,湖北工业职业技术学院,5,379167
2024,2,G6,计算机应用技术,B334,湖北工业职业技术学院,10,326733
2024,2,H3,计算机网络技术,B334,湖北工业职业技术学院,5,352306
2024,2,H7,电子商务,B334,湖北工业职业技术学院,2,353486
2024,2,N5,网络营销与直播电商,B334,湖北工业职业技术学院,3,354383
2024,2,04,建筑工程技术,B335,鄂州职业大学,6,404433
2024,2,09,机电一体化技术,B335,鄂州职业大学,7,377446
2024,2,22,应用电子技术,B335,鄂州职业大学,6,388322
2024,2,24,计算机应用技术,B335,鄂州职业大学,8,377142
2024,2,27,护理,B335,鄂州职业大学,10,358251
2024,2,28,助产,B335,鄂州职业大学,7,442427
2024,2,29,药学,B335,鄂州职业大学,7,372208
2024,2,43,学前教育(师范类),B335,鄂州职业大学,8,426588
2024,2,44,小学教育(师范类),B335,鄂州职业大学,13,365672
2024,2,45,小学英语教育(师范类),B335,鄂州职业大学,8,365853
2024,2,01,汽车检测与维修技术,B436,长春汽车职业技术大学,5,358971
2024,2,02,汽车电子技术,B436,长春汽车职业技术大学,5,352479
2024,2,03,新能源汽车检测与维修技术,B436,长春汽车职业技术大学,5,353420
2024,2,04,汽车制造与试验技术,B436,长春汽车职业技术大学,5,329189
2024,2,06,新能源汽车技术,B436,长春汽车职业技术大学,5,334457
2024,2,09,数控技术,B436,长春汽车职业技术大学,4,362385
2024,2,11,机械制造及自动化,B436,长春汽车职业技术大学,4,344371
2024,2,15,电气自动化技术,B436,长春汽车职业技术大学,2,302237
2024,2,16,机电一体化技术,B436,长春汽车职业技术大学,2,324825
2024,2,17,工业机器人技术,B436,长春汽车职业技术大学,3,362107
2024,2,01,金融服务与管理,B440,长春金融高等专科学校,6,365696
2024,2,02,国际金融,B440,长春金融高等专科学校,2,323640
2024,2,03,金融科技应用,B440,长春金融高等专科学校,2,374065
2024,2,04,大数据与会计,B440,长春金融高等专科学校,6,294786
2024,2,05,会计信息管理,B440,长春金融高等专科学校,2,309489
2024,2,06,财税大数据应用,B440,长春金融高等专科学校,2,344937
2024,2,07,财富管理,B440,长春金融高等专科学校,2,348673
2024,2,08,证券实务,B440,长春金融高等专科学校,2,363372
2024,2,09,大数据与财务管理,B440,长春金融高等专科学校,3,306388
2024,2,10,资产评估与管理,B440,长春金融高等专科学校,2,335372
2024,2,11,计算机网络技术,B440,长春金融高等专科学校,2,286248
2024,2,12,大数据技术,B440,长春金融高等专科学校,2,299425
2024,2,14,人工智能技术应用,B440,长春金融高等专科学校,2,354557
2024,2,15,云计算技术应用,B440,长春金融高等专科学校,2,310709
2024,2,16,市场营销,B440,长春金融高等专科学校,2,400960
2024,2,17,现代物流管理,B440,长春金融高等专科学校,2,372283
2024,2,18,电子商务,B440,长春金融高等专科学校,2,389602
2024,2,19,跨境电子商务,B440,长春金融高等专科学校,2,407664
2024,2,21,供应链运营,B440,长春金融高等专科学校,2,412673
2024,2,23,商务数据分析与应用,B440,长春金融高等专科学校,2,399488
2024,2,24,计算机应用技术,B440,长春金融高等专科学校,2,290915
2024,2,25,虚拟现实技术应用,B440,长春金融高等专科学校,2,368619
2024,2,26,融媒体技术与运营,B440,长春金融高等专科学校,2,383760
2024,2,29,国际金融(中外合作办学),B440,长春金融高等专科学校,4,453152
2024,2,30,大数据与会计(中外合作办学),B440,长春金融高等专科学校,6,407846
2024,2,03,工业机器人技术,B449,黑龙江职业学院,2,359739
2024,2,09,无人机应用技术,B449,黑龙江职业学院,2,365562
2024,2,10,工业互联网应用,B449,黑龙江职业学院,2,360684
2024,2,18,工程造价,B449,黑龙江职业学院,2,369486
2024,2,20,建筑装饰工程技术,B449,黑龙江职业学院,2,408328
2024,2,21,建筑室内设计,B449,黑龙江职业学院,2,401710
2024,2,25,电子商务,B449,黑龙江职业学院,2,407560
2024,2,26,现代物流管理,B449,黑龙江职业学院,2,400016
2024,2,27,网络直播与运营,B449,黑龙江职业学院,2,397041
2024,2,28,大数据与会计,B449,黑龙江职业学院,2,263243
2024,2,30,金融服务与管理,B449,黑龙江职业学院,2,352892
2024,2,31,资产评估与管理,B449,黑龙江职业学院,2,393852
2024,2,33,会展策划与管理,B449,黑龙江职业学院,2,356403
2024,2,34,酒店管理与数字化运营,B449,黑龙江职业学院,2,400070
2024,2,36,旅游管理,B449,黑龙江职业学院,2,409973
2024,2,38,智慧旅游技术应用,B449,黑龙江职业学院,2,426893
2024,2,40,动物医学,B449,黑龙江职业学院,2,258824
2024,2,42,宠物医疗技术,B449,黑龙江职业学院,2,310716
2024,2,44,中药制药,B449,黑龙江职业学院,2,308973
2024,2,45,生物制药技术,B449,黑龙江职业学院,2,299216
2024,2,47,食品质量与安全,B449,黑龙江职业学院,2,355049
2024,2,48,食品营养与健康,B449,黑龙江职业学院,2,361887
2024,2,51,大数据技术,B449,黑龙江职业学院,2,327828
2024,2,52,人工智能技术应用,B449,黑龙江职业学院,2,282937
2024,2,54,计算机网络技术,B449,黑龙江职业学院,2,306946
2024,2,8B,酒店管理与数字化运营,B462,扬州市职业大学,2,289831
2024,2,8D,大数据与会计,B462,扬州市职业大学,2,242724
2024,2,8K,数控技术,B462,扬州市职业大学,2,290054
2024,2,8P,建筑工程技术,B462,扬州市职业大学,2,298664
2024,2,8R,现代通信技术,B462,扬州市职业大学,2,277572
2024,2,8U,计算机网络技术,B462,扬州市职业大学,2,282954
2024,2,8V,现代农业技术,B462,扬州市职业大学,2,277846
2024,2,01,工程测量技术,B500,辽宁省交通高等专科学校,3,317633
2024,2,06,大数据与会计,B500,辽宁省交通高等专科学校,4,255488
2024,2,0G,数控技术,B500,辽宁省交通高等专科学校,2,281961
2024,2,0L,建筑工程技术,B500,辽宁省交通高等专科学校,2,311450
2024,2,0R,汽车技术服务与营销,B500,辽宁省交通高等专科学校,7,349363
2024,2,0W,现代物流管理,B500,辽宁省交通高等专科学校,4,287356
2024,2,11,人工智能技术应用,B500,辽宁省交通高等专科学校,2,254932
2024,2,14,供应链运营,B500,辽宁省交通高等专科学校,5,337935
2024,2,15,无人机测绘技术,B500,辽宁省交通高等专科学校,2,291902
2024,2,16,道路工程检测技术,B500,辽宁省交通高等专科学校,5,292474
2024,2,17,道路与桥梁工程技术,B500,辽宁省交通高等专科学校,7,291111
2024,2,19,数字媒体技术,B500,辽宁省交通高等专科学校,2,250567
2024,2,01,小学语文教育(师范类),B505,九江职业大学,2,275622
2024,2,04,学前教育(师范类),B505,九江职业大学,2,385543
2024,2,20,数字媒体技术,B505,九江职业大学,4,313283
2024,2,22,人工智能技术应用,B505,九江职业大学,4,330724
2024,2,23,软件技术,B505,九江职业大学,4,308519
2024,2,25,电子信息工程技术,B505,九江职业大学,4,330634
2024,2,30,大数据与会计,B505,九江职业大学,4,301723
2024,2,35,护理,B505,九江职业大学,6,301749
2024,2,1E,环境工程技术,B522,焦作大学,5,296093
2024,2,1Q,电气自动化技术,B522,焦作大学,10,279734
2024,2,26,大数据与会计,B522,焦作大学,5,266911
2024,2,2A,电子商务,B522,焦作大学,10,313627
2024,2,0V,安全技术与管理(城市轨道交通安全技术管理),B547,广西警察学院,4,310537
2024,2,0W,民航安全技术管理,B547,广西警察学院,20,359820
2024,2,11,安全防范技术(安检方向),B547,广西警察学院,4,304075
2024,2,05,数字化染整技术,B553,成都纺织高等专科学校,4,344816
2024,2,25,工程造价,B553,成都纺织高等专科学校,4,332416
2024,2,31,商务英语,B553,成都纺织高等专科学校,3,270532
2024,2,13,机械制造及自动化,B557,昆明冶金高等专科学校,5,357998
2024,2,27,建筑工程技术,B557,昆明冶金高等专科学校,5,367670
2024,2,45,应用化工技术,B557,昆明冶金高等专科学校,5,412325
2024,2,59,电子商务,B557,昆明冶金高等专科学校,5,413629
2024,2,13,智慧健康养老服务与管理,B565,乌鲁木齐职业大学,2,342470
2024,2,14,社会工作,B565,乌鲁木齐职业大学,1,387705
2024,2,19,人力资源管理,B565,乌鲁木齐职业大学,1,236938
2024,2,26,现代物流管理,B565,乌鲁木齐职业大学,2,370926
2024,2,28,酒店管理与数字化运营,B565,乌鲁木齐职业大学,3,414935
2024,2,30,旅游管理,B565,乌鲁木齐职业大学,1,434446
2024,2,31,小学教育(师范类),B565,乌鲁木齐职业大学,2,345721
2024,2,34,小学语文教育(师范类),B565,乌鲁木齐职业大学,1,282955
2024,2,38,应用英语,B565,乌鲁木齐职业大学,1,424178
2024,2,40,云计算技术应用,B565,乌鲁木齐职业大学,2,431081
2024,2,42,信息安全技术应用,B565,乌鲁木齐职业大学,1,421304
2024,2,43,眼视光技术,B565,乌鲁木齐职业大学,2,479944
2024,2,46,人工智能技术应用,B565,乌鲁木齐职业大学,1,403104
2024,2,48,电气自动化技术,B565,乌鲁木齐职业大学,1,358100
2024,2,50,机械制造及自动化,B565,乌鲁木齐职业大学,1,371719
2024,2,51,建筑工程技术,B565,乌鲁木齐职业大学,1,470397
2024,2,52,汽车检测与维修技术,B565,乌鲁木齐职业大学,2,439444
2024,2,53,建筑智能化工程技术,B565,乌鲁木齐职业大学,1,470722
2024,2,54,工业设计,B565,乌鲁木齐职业大学,1,528991
2024,2,PL,工业机器人技术,B565,乌鲁木齐职业大学,2,427154
2024,2,PQ,虚拟现实技术应用,B565,乌鲁木齐职业大学,1,368320
2024,2,01,财税大数据应用,B630,山西省财政税务专科学校,6,320865
2024,2,04,大数据与财务管理,B630,山西省财政税务专科学校,9,315646
2024,2,06,大数据与会计,B630,山西省财政税务专科学校,8,287270
2024,2,07,会计信息管理,B630,山西省财政税务专科学校,4,327669
2024,2,08,金融服务与管理,B630,山西省财政税务专科学校,5,377448
2024,2,09,金融科技应用,B630,山西省财政税务专科学校,4,405576
2024,2,15,市场营销,B630,山西省财政税务专科学校,2,366117
2024,2,18,计算机应用技术,B630,山西省财政税务专科学校,3,315845
2024,2,19,软件技术,B630,山西省财政税务专科学校,2,347929
2024,2,20,信息安全技术应用,B630,山西省财政税务专科学校,2,315754
2024,2,22,移动应用开发,B630,山西省财政税务专科学校,2,381332
2024,2,31,大数据技术,B630,山西省财政税务专科学校,3,366502
2024,2,82,发电厂及电力系统(中外合作办学),B632,沈阳工程学院,2,266851
2024,2,84,热能动力工程技术(中外合作办学),B632,沈阳工程学院,3,285667
2024,2,85,工业过程自动化技术(中外合作办学),B632,沈阳工程学院,3,296720
2024,2,01,临床医学,B663,黔南民族医学高等专科学校,6,342549
2024,2,02,护理,B663,黔南民族医学高等专科学校,6,387500
2024,2,03,医学检验技术,B663,黔南民族医学高等专科学校,5,383748
2024,2,04,药学,B663,黔南民族医学高等专科学校,4,394915
2024,2,05,中药学,B663,黔南民族医学高等专科学校,5,385672
2024,2,06,医学影像技术,B663,黔南民族医学高等专科学校,2,370786
2024,2,07,药品生产技术(中药制药技术方向),B663,黔南民族医学高等专科学校,4,420798
2024,2,0C,口腔医学,B663,黔南民族医学高等专科学校,4,287240
2024,2,0D,中医学,B663,黔南民族医学高等专科学校,6,342258
2024,2,0E,针灸推拿,B663,黔南民族医学高等专科学校,2,330686
2024,2,0F,预防医学,B663,黔南民族医学高等专科学校,2,388670
2024,2,0H,护理(中医护理方向),B663,黔南民族医学高等专科学校,5,391060
2024,2,0J,护理(老年护理方向),B663,黔南民族医学高等专科学校,2,414943
2024,2,0K,医学美容技术,B663,黔南民族医学高等专科学校,2,410463
2024,2,09,大数据技术,B733,上海出版印刷高等专科学校,2,292761
2024,2,13,商务英语,B733,上海出版印刷高等专科学校,4,287904
2024,2,14,电子竞技运动与管理,B733,上海出版印刷高等专科学校,2,322824
2024,2,15,会展策划与管理,B733,上海出版印刷高等专科学校,2,247974
2024,2,26,文化产业经营与管理,B733,上海出版印刷高等专科学校,2,272324
2024,2,30,广播影视节目制作,B733,上海出版印刷高等专科学校,5,302742
2024,2,31,影视编导,B733,上海出版印刷高等专科学校,6,303193
2024,2,32,数字影像档案技术,B733,上海出版印刷高等专科学校,2,250906
2024,2,34,出版商务(中外合作办学)(文化媒介与版权经纪中法合作),B733,上海出版印刷高等专科学校,4,347559
2024,2,35,广播影视节目制作(中外合作办学)(中法合作),B733,上海出版印刷高等专科学校,5,384763
2024,2,63,护理,B779,辽东学院,8,255265
2024,2,64,口腔医学,B779,辽东学院,7,286369
2024,2,A4,机电一体化技术,B785,江西职业技术大学,2,307514
2024,2,A9,智能制造装备技术,B785,江西职业技术大学,2,321075
2024,2,B0,船舶电气工程技术,B785,江西职业技术大学,2,338987
2024,2,B1,电气自动化技术,B785,江西职业技术大学,4,300134
2024,2,B2,电子信息工程技术,B785,江西职业技术大学,4,317948
2024,2,B3,工业机器人技术,B785,江西职业技术大学,2,298952
2024,2,B6,应用电子技术,B785,江西职业技术大学,2,329357
2024,2,B8,船舶工程技术,B785,江西职业技术大学,3,334562
2024,2,D5,软件技术,B785,江西职业技术大学,4,296496
2024,2,D9,计算机网络技术,B785,江西职业技术大学,2,301637
2024,2,E0,移动互联应用技术,B785,江西职业技术大学,4,329184
2024,2,E6,建筑室内设计,B785,江西职业技术大学,2,301882
2024,2,E8,大数据与会计,B785,江西职业技术大学,4,282564
2024,2,F1,商务英语,B785,江西职业技术大学,3,316107
2024,2,0T,应用化工技术,B787,濮阳职业技术学院,45,544454
2024,2,0U,环境工程技术,B787,濮阳职业技术学院,45,551200
2024,2,0V,石油工程技术,B787,濮阳职业技术学院,45,539086
2024,2,0W,材料工程技术,B787,濮阳职业技术学院,50,549756
2024,2,0Y,机电一体化技术,B787,濮阳职业技术学院,5,481288
2024,2,18,工程测量技术,B787,濮阳职业技术学院,5,514688
2024,2,19,建筑室内设计,B787,濮阳职业技术学院,5,499094
2024,2,01,学前教育(师范类),B796,武汉城市职业学院,14,353853
2024,2,08,建筑装饰工程技术,B796,武汉城市职业学院,4,423678
2024,2,14,大数据与会计,B796,武汉城市职业学院,9,277000
2024,2,20,语言类,B796,武汉城市职业学院,10,311024
2024,2,23,微电子技术,B796,武汉城市职业学院,8,347105
2024,2,26,大数据技术,B796,武汉城市职业学院,2,281333
2024,2,28,移动应用开发,B796,武汉城市职业学院,3,305669
2024,2,36,建设工程管理类,B796,武汉城市职业学院,5,342237
2024,2,39,机械制造及自动化,B796,武汉城市职业学院,5,287377
2024,2,0Z,空中乘务,B800,汉口学院,5,509410
2024,2,10,电子信息工程技术,B800,汉口学院,5,423891
2024,2,11,计算机应用技术,B800,汉口学院,5,409521
2024,2,12,大数据与会计,B800,汉口学院,10,434933
2024,2,13,工商企业管理,B800,汉口学院,10,500530
2024,2,19,中文,B800,汉口学院,5,383537
2024,2,1A,人力资源管理,B800,汉口学院,10,520500
2024,2,06,临床医学,B823,长春医学高等专科学校,3,249588
2024,2,07,口腔医学,B823,长春医学高等专科学校,2,197211
2024,2,08,护理,B823,长春医学高等专科学校,3,254610
2024,2,0B,中医学,B823,长春医学高等专科学校,2,229639
2024,2,18,小学科学教育(师范类),B824,桂林师范高等专科学校,5,383025
2024,2,19,现代教育技术(师范类),B824,桂林师范高等专科学校,2,414007
2024,2,20,现代移动通信技术,B824,桂林师范高等专科学校,3,377426
2024,2,23,药品生产技术,B824,桂林师范高等专科学校,5,423758
2024,2,24,药品经营与管理,B824,桂林师范高等专科学校,5,416147
2024,2,26,分析检验技术,B824,桂林师范高等专科学校,5,380269
2024,2,42,空中乘务,B825,桂林航天工业学院,33,480134
2024,2,43,汽车检测与维修技术,B825,桂林航天工业学院,5,324481
2024,2,48,无人机应用技术,B825,桂林航天工业学院,5,322167
2024,2,11,发电厂及电力系统,B826,西安电力高等专科学校,1,256410
2024,2,12,电力系统继电保护技术,B826,西安电力高等专科学校,1,258655
2024,2,13,供用电技术,B826,西安电力高等专科学校,1,261812
2024,2,14,输配电工程技术,B826,西安电力高等专科学校,1,270899
2024,2,17,光伏工程技术,B826,西安电力高等专科学校,1,275623
2024,2,21,热能动力工程技术,B826,西安电力高等专科学校,1,280728
2024,2,22,发电运行技术,B826,西安电力高等专科学校,2,278145
2024,2,23,工业过程自动化技术,B826,西安电力高等专科学校,1,277444
2024,2,01,发电厂及电力系统,B827,山东电力高等专科学校,100,255233
2024,2,02,供用电技术,B827,山东电力高等专科学校,100,256520
2024,2,03,电力系统继电保护技术,B827,山东电力高等专科学校,100,250671
2024,2,04,输配电工程技术,B827,山东电力高等专科学校,50,259357
2024,2,05,发电运行技术,B827,山东电力高等专科学校,100,264927
2024,2,06,电力客户服务与管理,B827,山东电力高等专科学校,50,254725
2024,2,07,分布式发电与智能微电网技术,B827,山东电力高等专科学校,50,265487
2024,2,08,电力系统自动化技术,B827,山东电力高等专科学校,100,237769
2024,2,09,信息安全技术应用,B827,山东电力高等专科学校,100,273402
2024,2,10,节电技术与管理,B827,山东电力高等专科学校,100,270149
2024,2,0A,发电厂及电力系统,B828,郑州电力高等专科学校,10,281891
2024,2,0B,分布式发电与智能微电网技术,B828,郑州电力高等专科学校,5,287045
2024,2,0E,输配电工程技术,B828,郑州电力高等专科学校,10,296091
2024,2,0H,热能动力工程技术,B828,郑州电力高等专科学校,10,301779
2024,2,0J,发电运行技术,B828,郑州电力高等专科学校,10,298274
2024,2,0S,新能源装备技术,B828,郑州电力高等专科学校,5,302752
2024,2,1J,智能控制技术,B833,上海杉达学院,2,322940
2024,2,1K,电气自动化技术,B833,上海杉达学院,2,353592
2024,2,1M,现代物流管理,B833,上海杉达学院,2,409691
2024,2,21,工商企业管理,B837,桂林旅游学院,2,352628
2024,2,22,国际商务,B837,桂林旅游学院,2,343881
2024,2,23,旅游管理,B837,桂林旅游学院,2,356856
2024,2,24,空中乘务,B837,桂林旅游学院,4,479929
2024,2,25,酒店管理与数字化运营,B837,桂林旅游学院,2,359655
2024,2,26,国际邮轮乘务管理,B837,桂林旅游学院,2,393369
2024,2,28,导游,B837,桂林旅游学院,2,357135
2024,2,29,现代文秘,B837,桂林旅游学院,2,304454
2024,2,2A,西式烹饪工艺,B837,桂林旅游学院,1,359807
2024,2,2B,烹饪工艺与营养,B837,桂林旅游学院,1,383082
2024,2,2C,休闲服务与管理,B837,桂林旅游学院,2,396202
2024,2,01,护理,B841,民办四川天一学院,35,629739
2024,2,02,药学,B841,民办四川天一学院,25,629149
2024,2,03,中药学,B841,民办四川天一学院,8,593401
2024,2,04,医学检验技术,B841,民办四川天一学院,30,636855
2024,2,05,医学影像技术,B841,民办四川天一学院,30,631381
2024,2,06,口腔医学技术,B841,民办四川天一学院,30,613692
2024,2,07,医学美容技术,B841,民办四川天一学院,8,620138
2024,2,08,婴幼儿托育服务与管理,B841,民办四川天一学院,8,639188
2024,2,13,大数据与会计,B841,民办四川天一学院,8,640537
2024,2,27,康复治疗技术,B841,民办四川天一学院,8,613856
2024,2,44,动物医学,B841,民办四川天一学院,20,578426
2024,2,01,医学营养,B908,天津医学高等专科学校,2,247382
2024,2,04,预防医学,B908,天津医学高等专科学校,2,307221
2024,2,05,护理,B908,天津医学高等专科学校,1,276757
2024,2,06,护理(涉外护理),B908,天津医学高等专科学校,2,328284
2024,2,07,护理(社区护理),B908,天津医学高等专科学校,1,294836
2024,2,09,护理(口腔护理),B908,天津医学高等专科学校,1,312191
2024,2,10,助产,B908,天津医学高等专科学校,1,273574
2024,2,12,医学影像技术,B908,天津医学高等专科学校,1,302602
2024,2,14,医学美容技术,B908,天津医学高等专科学校,1,313301
2024,2,15,美容美体艺术,B908,天津医学高等专科学校,1,252905
2024,2,16,口腔医学,B908,天津医学高等专科学校,4,284555
2024,2,19,药物制剂技术,B908,天津医学高等专科学校,1,285487
2024,2,20,中药学,B908,天津医学高等专科学校,1,276442
2024,2,22,医学检验技术,B908,天津医学高等专科学校,1,289542
2024,2,24,针灸推拿,B908,天津医学高等专科学校,1,236707
2024,2,25,康复治疗技术,B908,天津医学高等专科学校,1,297635
2024,2,26,临床医学,B908,天津医学高等专科学校,1,263419
2024,2,1A,发电厂及电力系统,B916,重庆电力高等专科学校,7,265740
2024,2,1B,电力系统继电保护技术,B916,重庆电力高等专科学校,5,269836
2024,2,1C,电力系统自动化技术,B916,重庆电力高等专科学校,5,261401
2024,2,1E,供用电技术,B916,重庆电力高等专科学校,8,271241
2024,2,1J,新能源装备技术,B916,重庆电力高等专科学校,5,276335
2024,2,1L,风力发电工程技术,B916,重庆电力高等专科学校,10,289456
2024,2,1M,分布式发电与智能微电网技术,B916,重庆电力高等专科学校,5,279718
2024,2,1Q,发电运行技术,B916,重庆电力高等专科学校,5,274913
2024,2,1R,核电站动力设备运行与维护,B916,重庆电力高等专科学校,5,280246
2024,2,1S,热工自动化技术,B916,重庆电力高等专科学校,5,285308
2024,2,1T,智能控制技术,B916,重庆电力高等专科学校,5,290332
2024,2,1Y,小学教育(师范类),B939,连云港师范高等专科学校,8,260025
2024,2,1Z,小学语文教育(师范类),B939,连云港师范高等专科学校,7,255026
2024,2,20,小学数学教育(师范类),B939,连云港师范高等专科学校,7,262637
2024,2,01,小学语文教育(师范类),B959,鹤岗师范高等专科学校,5,326837
2024,2,04,小学数学教育(师范类),B959,鹤岗师范高等专科学校,5,360352
2024,2,06,早期教育(师范类),B959,鹤岗师范高等专科学校,5,483735
2024,2,09,小学英语教育(师范类),B959,鹤岗师范高等专科学校,5,378639
2024,2,01,临床医学,B961,安徽医学高等专科学校,8,304054
2024,2,02,康复治疗技术,B961,安徽医学高等专科学校,5,282672
2024,2,03,医学影像技术,B961,安徽医学高等专科学校,3,279099
2024,2,04,口腔医学,B961,安徽医学高等专科学校,5,256833
2024,2,05,口腔医学技术,B961,安徽医学高等专科学校,3,272510
2024,2,06,智能医疗装备技术,B961,安徽医学高等专科学校,3,328888
2024,2,07,医学检验技术,B961,安徽医学高等专科学校,3,287815
2024,2,08,眼视光技术,B961,安徽医学高等专科学校,3,281461
2024,2,0A,护理,B961,安徽医学高等专科学校,10,263263
2024,2,0G,生物制药技术,B961,安徽医学高等专科学校,3,298276
2024,2,0J,药学,B961,安徽医学高等专科学校,4,292315
2024,2,0L,临床医学,B964,邢台医学院,4,278692
2024,2,1A,护理,B964,邢台医学院,5,278993
2024,2,1J,智慧健康养老服务与管理,B964,邢台医学院,6,304114
2024,2,2A,中医学,B964,邢台医学院,10,269711
2024,2,3A,口腔医学,B964,邢台医学院,10,261809
2024,2,01,药品质量与安全,B965,湖北中医药高等专科学校,1,270041
2024,2,03,智能医疗装备技术,B965,湖北中医药高等专科学校,1,262059
2024,2,04,临床医学,B965,湖北中医药高等专科学校,2,222044
2024,2,05,口腔医学,B965,湖北中医药高等专科学校,2,223990
2024,2,06,护理,B965,湖北中医药高等专科学校,1,240547
2024,2,07,助产,B965,湖北中医药高等专科学校,1,262061
2024,2,08,药学,B965,湖北中医药高等专科学校,1,244705
2024,2,09,中医学,B965,湖北中医药高等专科学校,2,177110
2024,2,0A,中医骨伤,B965,湖北中医药高等专科学校,1,243471
2024,2,0B,针灸推拿,B965,湖北中医药高等专科学校,2,217869
2024,2,0C,中药学,B965,湖北中医药高等专科学校,1,209960
2024,2,0F,医学检验技术,B965,湖北中医药高等专科学校,1,242508
2024,2,0G,医学美容技术,B965,湖北中医药高等专科学校,1,254899
2024,2,0H,康复治疗技术,B965,湖北中医药高等专科学校,2,252627
2024,2,0M,智慧健康养老服务与管理,B965,湖北中医药高等专科学校,1,254814
2024,2,7P,小学语文教育(师范类),B967,焦作师范高等专科学校,5,262693
2024,2,01,中医学,B968,安徽中医药高等专科学校,4,202852
2024,2,03,健康管理(中医健康管理方向),B968,安徽中医药高等专科学校,4,325899
2024,2,05,中药学,B968,安徽中医药高等专科学校,4,281972
2024,2,06,药物制剂技术,B968,安徽中医药高等专科学校,4,334160
2024,2,09,中药制药,B968,安徽中医药高等专科学校,4,303178
2024,2,13,中医养生保健,B968,安徽中医药高等专科学校,6,313896
2024,2,15,护理,B968,安徽中医药高等专科学校,4,272441
2024,2,18,临床医学,B968,安徽中医药高等专科学校,2,255063
2024,2,20,医学检验技术,B968,安徽中医药高等专科学校,4,306733
2024,2,21,医学影像技术,B968,安徽中医药高等专科学校,4,292008
2024,2,01,工程造价,B999,海南职业技术学院,3,554883
2024,2,02,大数据技术,B999,海南职业技术学院,3,406298
2024,2,04,新能源装备技术,B999,海南职业技术学院,4,455798
2024,2,05,建筑工程技术,B999,海南职业技术学院,3,478074
2024,2,06,计算机网络技术,B999,海南职业技术学院,4,380982
2024,2,07,新能源汽车技术,B999,海南职业技术学院,3,422543
2024,2,08,计算机应用技术,B999,海南职业技术学院,4,411390
2024,2,09,智能网联汽车技术,B999,海南职业技术学院,4,481356
2024,2,0B,电子商务,B999,海南职业技术学院,3,433251
2024,2,0C,跨境电子商务,B999,海南职业技术学院,3,472834
2024,2,0D,大数据与会计,B999,海南职业技术学院,3,412554
2024,2,0E,金融服务与管理,B999,海南职业技术学院,3,422125
2024,2,0F,人力资源管理,B999,海南职业技术学院,4,431261
2024,2,0G,大数据与财务管理,B999,海南职业技术学院,4,394842
2024,2,0H,供应链运营,B999,海南职业技术学院,4,501463
2024,2,0J,港口与航运管理,B999,海南职业技术学院,4,472526
2024,2,0K,现代物流管理,B999,海南职业技术学院,4,496506
2024,2,0L,旅游管理,B999,海南职业技术学院,3,449482
2024,2,0M,珠宝首饰技术与管理,B999,海南职业技术学院,4,512665
2024,2,0P,空中乘务,B999,海南职业技术学院,4,528685
2024,2,0Q,民航安全技术管理,B999,海南职业技术学院,4,485671
2024,2,0T,畜牧兽医,B999,海南职业技术学院,3,388508
2024,2,0U,园林技术,B999,海南职业技术学院,3,515479
2024,2,0V,食品质量与安全,B999,海南职业技术学院,3,502954
2024,2,0W,药学,B999,海南职业技术学院,4,425327
2024,2,0X,中药学,B999,海南职业技术学院,4,427097
2024,2,0Z,现代农业技术,B999,海南职业技术学院,4,529042
2024,2,1D,婴幼儿托育服务与管理,B999,海南职业技术学院,4,559636
2024,2,18,现代物流管理,C036,浙江交通职业技术学院,5,287226
2024,2,19,商务英语,C036,浙江交通职业技术学院,5,272480
2024,2,21,安全技术与管理,C036,浙江交通职业技术学院,3,295975
2024,2,31,轮机工程技术,C036,浙江交通职业技术学院,2,319293
2024,2,04,飞机部件修理,C040,广州民航职业技术学院,2,266251
2024,2,05,通用航空器维修,C040,广州民航职业技术学院,2,275002
2024,2,06,航空发动机维修技术,C040,广州民航职业技术学院,5,291582
2024,2,07,飞机机电设备维修,C040,广州民航职业技术学院,6,288709
2024,2,0C,民航空中安全保卫,C040,广州民航职业技术学院,223,627062
2024,2,0E,民航运输服务,C040,广州民航职业技术学院,1,242268
2024,2,0G,电子商务,C040,广州民航职业技术学院,2,279785
2024,2,0J,航空物流管理,C040,广州民航职业技术学院,2,251574
2024,2,0L,大数据与会计,C040,广州民航职业技术学院,1,250324
2024,2,0N,无人机应用技术,C040,广州民航职业技术学院,2,286203
2024,2,0P,民航安全技术管理(民航旅客安全检查),C040,广州民航职业技术学院,3,265181
2024,2,0R,民航安全技术管理(民航货邮安全检查),C040,广州民航职业技术学院,5,270182
2024,2,0T,机场运行服务与管理,C040,广州民航职业技术学院,1,226152
2024,2,0X,机场场务技术与管理,C040,广州民航职业技术学院,1,247587
2024,2,10,通用航空航务技术(通航管制),C040,广州民航职业技术学院,1,269450
2024,2,13,机场电工技术,C040,广州民航职业技术学院,1,275799
2024,2,15,民航通信技术(通信设备维修),C040,广州民航职业技术学院,1,221194
2024,2,16,计算机应用技术,C040,广州民航职业技术学院,2,262307
2024,2,19,人工智能技术应用,C040,广州民航职业技术学院,1,290819
2024,2,1A,物联网应用技术,C040,广州民航职业技术学院,1,295754
2024,2,01,飞机机电设备维修(中外合作办学),C040,广州民航职业技术学院,11,342757
2024,2,02,飞机结构修理(中外合作办学),C040,广州民航职业技术学院,4,351776
2024,2,03,飞机电子设备维修(中外合作办学),C040,广州民航职业技术学院,4,355351
2024,2,0A,空中乘务(中外合作办学),C040,广州民航职业技术学院,123,586703
2024,2,0C,金融服务与管理,C047,江苏经贸职业技术学院,5,270760
2024,2,0E,国际金融,C047,江苏经贸职业技术学院,5,287187
2024,2,0F,旅游管理,C047,江苏经贸职业技术学院,5,294385
2024,2,0V,工商企业管理,C047,江苏经贸职业技术学院,5,277906
2024,2,0Y,国际经济与贸易,C047,江苏经贸职业技术学院,5,275005
2024,2,13,现代物流管理,C047,江苏经贸职业技术学院,5,289760
2024,2,15,大数据与财务管理,C047,江苏经贸职业技术学院,5,247953
2024,2,19,电子商务,C047,江苏经贸职业技术学院,5,269846
2024,2,02,建筑工程技术,C049,吉林交通职业技术学院,5,411257
2024,2,0X,大数据技术,C049,吉林交通职业技术学院,4,359883
2024,2,11,现代物流管理,C049,吉林交通职业技术学院,4,401926
2024,2,01,学前教育(师范类),C051,湖北职业技术学院,3,347268
2024,2,12,临床医学,C051,湖北职业技术学院,5,284320
2024,2,22,护理,C051,湖北职业技术学院,5,267255
2024,2,24,医学美容技术,C051,湖北职业技术学院,3,299307
2024,2,29,软件技术,C051,湖北职业技术学院,4,295480
2024,2,37,口腔医学,C051,湖北职业技术学院,7,252425
2024,2,39,康复治疗技术,C051,湖北职业技术学院,3,275508
2024,2,01,机械设计与制造,C052,武汉船舶职业技术学院,2,319487
2024,2,04,智能光电制造技术,C052,武汉船舶职业技术学院,2,321466
2024,2,05,工业机器人技术,C052,武汉船舶职业技术学院,2,306340
2024,2,06,智能控制技术,C052,武汉船舶职业技术学院,2,299985
2024,2,10,船舶动力工程技术,C052,武汉船舶职业技术学院,2,330472
2024,2,14,船舶工程技术,C052,武汉船舶职业技术学院,6,291232
2024,2,18,船舶智能焊接技术,C052,武汉船舶职业技术学院,2,328035
2024,2,19,机电一体化技术,C052,武汉船舶职业技术学院,4,282845
2024,2,20,电气自动化技术,C052,武汉船舶职业技术学院,2,265542
2024,2,21,船舶电气工程技术,C052,武汉船舶职业技术学院,4,301446
2024,2,28,连锁经营与管理,C052,武汉船舶职业技术学院,2,352184
2024,2,33,建筑工程技术,C052,武汉船舶职业技术学院,2,375590
2024,2,36,工程造价,C052,武汉船舶职业技术学院,4,375131
2024,2,37,人工智能技术应用,C052,武汉船舶职业技术学院,2,320698
2024,2,38,计算机网络技术,C052,武汉船舶职业技术学院,4,302715
2024,2,39,软件技术,C052,武汉船舶职业技术学院,2,295278
2024,2,40,数字媒体技术,C052,武汉船舶职业技术学院,2,292340
2024,2,41,云计算技术应用,C052,武汉船舶职业技术学院,2,337371
2024,2,48,商务数据分析与应用,C052,武汉船舶职业技术学院,2,304199
2024,2,75,大数据与会计,C052,武汉船舶职业技术学院,2,258694
2024,2,77,酒店管理与数字化运营,C052,武汉船舶职业技术学院,2,359472
2024,2,92,大数据技术,C052,武汉船舶职业技术学院,2,289633
2024,2,93,电子商务,C052,武汉船舶职业技术学院,2,318232
2024,2,94,供应链运营,C052,武汉船舶职业技术学院,2,351327
2024,2,95,市场营销,C052,武汉船舶职业技术学院,4,371113
2024,2,96,现代物流管理,C052,武汉船舶职业技术学院,2,341674
2024,2,19,建筑室内设计,C053,黑龙江建筑职业技术学院,5,385889
2024,2,39,艺术设计,C053,黑龙江建筑职业技术学院,5,417110
2024,2,40,数字媒体艺术设计,C053,黑龙江建筑职业技术学院,5,398715
2024,2,41,视觉传达设计,C053,黑龙江建筑职业技术学院,5,401640
2024,2,3W,机电一体化技术,C054,九州职业技术学院,6,500880
2024,2,3X,机械制造及自动化,C054,九州职业技术学院,6,569734
2024,2,3Y,电气自动化技术,C054,九州职业技术学院,6,466152
2024,2,3Z,计算机应用技术,C054,九州职业技术学院,6,529372
2024,2,40,计算机网络技术,C054,九州职业技术学院,6,552702
2024,2,41,汽车检测与维修技术,C054,九州职业技术学院,5,576479
2024,2,42,新能源汽车技术,C054,九州职业技术学院,6,569798
2024,2,43,建筑工程技术,C054,九州职业技术学院,5,606067
2024,2,44,工程造价,C054,九州职业技术学院,4,539483
2024,2,45,道路与桥梁工程技术,C054,九州职业技术学院,3,589148
2024,2,46,建筑装饰工程技术,C054,九州职业技术学院,4,604261
2024,2,48,城市轨道交通工程技术,C054,九州职业技术学院,4,485344
2024,2,49,建筑消防技术,C054,九州职业技术学院,4,605557
2024,2,4A,电子商务,C054,九州职业技术学院,6,607451
2024,2,4B,市场营销,C054,九州职业技术学院,4,587053
2024,2,4C,大数据与会计,C054,九州职业技术学院,6,490587
2024,2,4D,金融服务与管理,C054,九州职业技术学院,6,566377
2024,2,4E,法律事务,C054,九州职业技术学院,12,459955
2024,2,4G,酒店管理与数字化运营,C054,九州职业技术学院,4,565670
2024,2,4H,婴幼儿托育服务与管理,C054,九州职业技术学院,6,628515
2024,2,4J,旅游管理,C054,九州职业技术学院,5,596590
2024,2,4K,空中乘务,C054,九州职业技术学院,3,567485
2024,2,4L,高速铁路客运服务,C054,九州职业技术学院,2,577278
2024,2,4M,民航安全技术管理,C054,九州职业技术学院,2,569605
2024,2,4P,通用航空器维修,C054,九州职业技术学院,3,569494
2024,2,01,飞行器维修技术,C055,长沙航空职业技术学院,3,214671
2024,2,02,航空发动机维修技术,C055,长沙航空职业技术学院,4,246286
2024,2,04,无人机应用技术,C055,长沙航空职业技术学院,2,245924
2024,2,05,理化测试与质检技术,C055,长沙航空职业技术学院,2,236213
2024,2,07,飞机电子设备维修,C055,长沙航空职业技术学院,3,249479
2024,2,09,应用电子技术,C055,长沙航空职业技术学院,3,259239
2024,2,11,导弹维修技术,C055,长沙航空职业技术学院,2,201787
2024,2,12,飞行器数字化制造技术,C055,长沙航空职业技术学院,3,254620
2024,2,13,航空发动机制造技术,C055,长沙航空职业技术学院,2,250345
2024,2,18,空中乘务,C055,长沙航空职业技术学院,8,595321
2024,2,20,民航安全技术管理,C055,长沙航空职业技术学院,3,264514
2024,2,08,计算机网络技术,C057,包头职业技术学院,5,481868
2024,2,25,机械制造及自动化,C057,包头职业技术学院,5,440743
2024,2,61,新能源装备技术,C057,包头职业技术学院,5,472566
2024,2,86,计算机应用技术,C057,包头职业技术学院,5,463589
2024,2,05,水利水电工程技术(水利水电检测技术),C058,黄河水利职业技术学院,5,255645
2024,2,07,水利水电建筑工程,C058,黄河水利职业技术学院,5,250390
2024,2,0D,智慧水利技术,C058,黄河水利职业技术学院,5,267357
2024,2,0J,工程造价,C058,黄河水利职业技术学院,5,287334
2024,2,0L,道路与桥梁工程技术,C058,黄河水利职业技术学院,5,285369
2024,2,0R,测绘地理信息技术,C058,黄河水利职业技术学院,5,259308
2024,2,0T,地籍测绘与土地管理,C058,黄河水利职业技术学院,5,273123
2024,2,0V,机械设计与制造,C058,黄河水利职业技术学院,5,292324
2024,2,0Y,机电一体化技术,C058,黄河水利职业技术学院,5,287043
2024,2,16,电气自动化技术,C058,黄河水利职业技术学院,5,275024
2024,2,1G,大数据与会计(注册会计师),C058,黄河水利职业技术学院,5,268200
2024,2,1K,跨境电子商务,C058,黄河水利职业技术学院,5,350753
2024,2,1P,环境工程技术,C058,黄河水利职业技术学院,5,293953
2024,2,1Q,生态环境修复技术,C058,黄河水利职业技术学院,5,291997
2024,2,1T,计算机网络技术,C058,黄河水利职业技术学院,5,277462
2024,2,1X,软件技术,C058,黄河水利职业技术学院,5,278233
2024,2,20,旅游管理,C058,黄河水利职业技术学院,5,381660
2024,2,21,酒店管理与数字化运营,C058,黄河水利职业技术学院,5,396928
2024,2,01,动漫制作技术,C062,日照职业技术学院,20,301252
2024,2,02,工业互联网技术,C062,日照职业技术学院,20,346624
2024,2,03,软件技术,C062,日照职业技术学院,35,306987
2024,2,04,信息安全技术应用,C062,日照职业技术学院,15,331750
2024,2,05,云计算技术应用,C062,日照职业技术学院,20,325610
2024,2,06,环境工程技术,C062,日照职业技术学院,40,371137
2024,2,07,食品检验检测技术,C062,日照职业技术学院,20,314073
2024,2,08,食品生物技术,C062,日照职业技术学院,32,344973
2024,2,09,食品智能加工技术,C062,日照职业技术学院,36,341779
2024,2,10,水产养殖技术,C062,日照职业技术学院,30,364478
2024,2,11,大数据与会计,C062,日照职业技术学院,15,272767
2024,2,12,大数据与审计,C062,日照职业技术学院,30,286594
2024,2,13,统计与会计核算,C062,日照职业技术学院,25,301243
2024,2,14,电气自动化技术,C062,日照职业技术学院,50,298588
2024,2,15,钢铁冶金设备维护,C062,日照职业技术学院,20,424794
2024,2,16,钢铁智能冶金技术,C062,日照职业技术学院,20,381050
2024,2,17,工业机器人技术,C062,日照职业技术学院,30,337431
2024,2,18,机电一体化技术,C062,日照职业技术学院,20,310324
2024,2,19,数控技术,C062,日照职业技术学院,35,340199
2024,2,20,智能轧钢技术,C062,日照职业技术学院,20,458424
2024,2,21,道路与桥梁工程技术,C062,日照职业技术学院,33,337985
2024,2,22,工程造价,C062,日照职业技术学院,42,354055
2024,2,23,建设工程管理,C062,日照职业技术学院,35,411662
2024,2,24,建筑工程技术,C062,日照职业技术学院,32,364058
2024,2,25,智能建造技术,C062,日照职业技术学院,32,400219
2024,2,26,酒店管理与数字化运营,C062,日照职业技术学院,30,410618
2024,2,27,空中乘务,C062,日照职业技术学院,38,470567
2024,2,28,旅游管理,C062,日照职业技术学院,30,389391
2024,2,29,学前教育(师范类),C062,日照职业技术学院,25,310127
2024,2,30,研学旅行管理与服务,C062,日照职业技术学院,35,448114
2024,2,31,电子商务,C062,日照职业技术学院,25,361212
2024,2,32,工商企业管理,C062,日照职业技术学院,40,378864
2024,2,33,国际经济与贸易,C062,日照职业技术学院,35,378447
2024,2,35,现代物流管理,C062,日照职业技术学院,55,367934
2024,2,36,党务工作,C062,日照职业技术学院,26,338827
2024,2,37,飞行器数字化制造技术,C062,日照职业技术学院,25,369706
2024,2,38,飞行器维修技术,C062,日照职业技术学院,30,364842
2024,2,39,通用航空航务技术,C062,日照职业技术学院,30,372499
2024,2,40,无人机应用技术,C062,日照职业技术学院,30,346734
2024,2,41,汽车技术服务与营销,C062,日照职业技术学院,30,421862
2024,2,42,汽车检测与维修技术,C062,日照职业技术学院,21,342046
2024,2,43,汽车制造与试验技术,C062,日照职业技术学院,40,363084
2024,2,44,新能源汽车技术,C062,日照职业技术学院,60,314226
2024,2,45,智能网联汽车技术,C062,日照职业技术学院,40,366615
2024,2,50,人工智能技术应用,C062,日照职业技术学院,45,388321
2024,2,51,物联网应用技术,C062,日照职业技术学院,40,385872
2024,2,52,现代移动通信技术,C062,日照职业技术学院,30,406595
2024,2,53,数控技术,C062,日照职业技术学院,15,327900
2024,2,55,酒店管理与数字化运营,C062,日照职业技术学院,30,475084
2024,2,56,酒店管理与数字化运营,C062,日照职业技术学院,30,475726
2024,2,57,旅游管理,C062,日照职业技术学院,35,420209
2024,2,58,旅游管理,C062,日照职业技术学院,30,439727
2024,2,59,市场营销,C062,日照职业技术学院,30,390698
2024,2,47,汽车检测与维修技术(中外合作办学)(与韩国新星大学合作),C062,日照职业技术学院,35,518774
2024,2,46,汽车制造与试验技术(高职技师合作培养，在日照市技师学院就读),C062,日照职业技术学院,80,525450
2024,2,G9,软件技术(高职院校专项计划),C062,日照职业技术学院,3,436999
2024,2,H0,食品生物技术(高职院校专项计划),C062,日照职业技术学院,3,475783
2024,2,H1,水产养殖技术(高职院校专项计划),C062,日照职业技术学院,3,493084
2024,2,H2,统计与会计核算(高职院校专项计划),C062,日照职业技术学院,4,472856
2024,2,H3,钢铁智能冶金技术(高职院校专项计划),C062,日照职业技术学院,2,510506
2024,2,H4,工程造价(高职院校专项计划),C062,日照职业技术学院,5,512526
2024,2,H5,学前教育(师范类，高职院校专项计划),C062,日照职业技术学院,5,499063
2024,2,H6,国际经济与贸易(高职院校专项计划),C062,日照职业技术学院,5,583816
2024,2,H7,飞行器维修技术(高职院校专项计划),C062,日照职业技术学院,2,436482
2024,2,H8,通用航空航务技术(高职院校专项计划),C062,日照职业技术学院,3,474539
2024,2,H9,汽车技术服务与营销(高职院校专项计划),C062,日照职业技术学院,5,571319
2024,2,71,大数据与会计(高职3+2贯通培养，衔接临沂大学会计学专业),C062,日照职业技术学院,40,180123
2024,2,72,旅游管理(高职3+2贯通培养，衔接山东女子学院旅游管理专业),C062,日照职业技术学院,40,242365
2024,2,73,建筑工程技术(高职3+2贯通培养，衔接枣庄学院土木工程专业),C062,日照职业技术学院,40,248828
2024,2,1P,机械制造及自动化,C063,盘锦职业技术学院,4,338553
2024,2,1Q,电气自动化技术,C063,盘锦职业技术学院,4,337991
2024,2,1R,汽车检测与维修技术,C063,盘锦职业技术学院,4,394477
2024,2,1S,汽车制造与试验技术,C063,盘锦职业技术学院,4,381367
2024,2,1U,智能制造装备技术,C063,盘锦职业技术学院,4,370417
2024,2,1V,石油化工技术,C063,盘锦职业技术学院,10,408912
2024,2,1W,应用化工技术,C063,盘锦职业技术学院,5,390578
2024,2,1X,精细化工技术,C063,盘锦职业技术学院,5,411631
2024,2,1Y,化工装备技术,C063,盘锦职业技术学院,5,422128
2024,2,1Z,化工安全技术,C063,盘锦职业技术学院,5,420598
2024,2,2C,石油工程技术,C063,盘锦职业技术学院,6,402016
2024,2,2D,计算机应用技术,C063,盘锦职业技术学院,4,348324
2024,2,18,飞机机电设备维修,C064,成都航空职业技术学院,2,278785
2024,2,22,空中乘务,C064,成都航空职业技术学院,6,543484
2024,2,01,建筑设计,C070,曲阜远东职业技术学院,48,611886
2024,2,02,古建筑工程技术,C070,曲阜远东职业技术学院,84,616362
2024,2,03,工程造价,C070,曲阜远东职业技术学院,38,614484
2024,2,04,电气自动化技术,C070,曲阜远东职业技术学院,18,549336
2024,2,05,轨道交通通信信号设备制造与维护,C070,曲阜远东职业技术学院,20,563641
2024,2,06,无人机应用技术,C070,曲阜远东职业技术学院,29,587188
2024,2,07,新能源汽车技术,C070,曲阜远东职业技术学院,4,541440
2024,2,08,汽车电子技术,C070,曲阜远东职业技术学院,84,610786
2024,2,09,食品检验检测技术,C070,曲阜远东职业技术学院,50,604411
2024,2,10,高速铁路客运服务,C070,曲阜远东职业技术学院,61,581246
2024,2,11,空中乘务,C070,曲阜远东职业技术学院,22,605267
2024,2,12,应用电子技术,C070,曲阜远东职业技术学院,21,597246
2024,2,13,计算机应用技术,C070,曲阜远东职业技术学院,10,549279
2024,2,14,计算机网络技术,C070,曲阜远东职业技术学院,33,582651
2024,2,15,软件技术,C070,曲阜远东职业技术学院,16,579644
2024,2,16,现代通信技术,C070,曲阜远东职业技术学院,19,580179
2024,2,17,数据中心运行与管理,C070,曲阜远东职业技术学院,20,600932
2024,2,19,护理,C070,曲阜远东职业技术学院,49,526168
2024,2,20,助产,C070,曲阜远东职业技术学院,1,529123
2024,2,21,药学,C070,曲阜远东职业技术学院,2,475870
2024,2,22,中药学,C070,曲阜远东职业技术学院,10,512373
2024,2,23,中医康复技术,C070,曲阜远东职业技术学院,10,525352
2024,2,24,医学检验技术,C070,曲阜远东职业技术学院,10,483834
2024,2,25,口腔医学技术,C070,曲阜远东职业技术学院,12,466461
2024,2,26,康复治疗技术,C070,曲阜远东职业技术学院,10,527999
2024,2,27,婴幼儿托育服务与管理,C070,曲阜远东职业技术学院,55,627774
2024,2,28,口腔卫生保健,C070,曲阜远东职业技术学院,2,500343
2024,2,29,财政支出绩效管理,C070,曲阜远东职业技术学院,33,603838
2024,2,30,金融服务与管理,C070,曲阜远东职业技术学院,18,613992
2024,2,31,大数据与会计,C070,曲阜远东职业技术学院,38,572637
2024,2,32,工商企业管理,C070,曲阜远东职业技术学院,15,598923
2024,2,33,市场营销,C070,曲阜远东职业技术学院,20,613391
2024,2,34,电子商务,C070,曲阜远东职业技术学院,33,602887
2024,2,35,网络营销与直播电商,C070,曲阜远东职业技术学院,59,615369
2024,2,36,旅游管理,C070,曲阜远东职业技术学院,38,615115
2024,2,44,音乐表演,C070,曲阜远东职业技术学院,2,578092
2024,2,45,舞蹈表演,C070,曲阜远东职业技术学院,5,586965
2024,2,46,表演艺术,C070,曲阜远东职业技术学院,2,583846
2024,2,47,民族美术,C070,曲阜远东职业技术学院,2,575804
2024,2,48,网络新闻与传播,C070,曲阜远东职业技术学院,22,617682
2024,2,49,播音与主持,C070,曲阜远东职业技术学院,23,628870
2024,2,50,融媒体技术与运营,C070,曲阜远东职业技术学院,21,600959
2024,2,51,网络直播与运营,C070,曲阜远东职业技术学院,4,580127
2024,2,52,早期教育,C070,曲阜远东职业技术学院,10,580163
2024,2,53,中文,C070,曲阜远东职业技术学院,17,549158
2024,2,54,电子竞技运动与管理,C070,曲阜远东职业技术学院,32,617713
2024,2,56,社区管理与服务,C070,曲阜远东职业技术学院,30,604161
2024,2,57,智慧健康养老服务与管理,C070,曲阜远东职业技术学院,4,550903
2024,2,58,现代殡葬技术与管理,C070,曲阜远东职业技术学院,24,479387
2024,2,02,跨境电子商务,C072,安徽商贸职业技术学院,5,389723
2024,2,09,大数据与财务管理,C072,安徽商贸职业技术学院,5,305447
2024,2,0G,人工智能技术应用,C072,安徽商贸职业技术学院,5,369612
2024,2,0J,计算机网络技术,C072,安徽商贸职业技术学院,5,378120
2024,2,0R,国际经济与贸易,C072,安徽商贸职业技术学院,5,369658
2024,2,0X,计算机应用技术,C072,安徽商贸职业技术学院,5,367269
2024,2,12,食品生物技术,C074,阜阳职业技术学院,4,442017
2024,2,15,高速铁路客运服务,C074,阜阳职业技术学院,4,396319
2024,2,18,计算机应用技术,C074,阜阳职业技术学院,4,399355
2024,2,23,护理,C074,阜阳职业技术学院,4,358361
2024,2,24,药学,C074,阜阳职业技术学院,4,373199
2024,2,32,网络营销与直播电商,C074,阜阳职业技术学院,4,489508
2024,2,34,酒店管理与数字化运营,C074,阜阳职业技术学院,4,508232
2024,2,35,学前教育(师范类),C074,阜阳职业技术学院,2,379371
2024,2,07,工程造价,C078,硅湖职业技术学院,2,533536
2024,2,09,机械制造及自动化,C078,硅湖职业技术学院,4,495963
2024,2,14,新能源汽车技术,C078,硅湖职业技术学院,3,502249
2024,2,16,药品质量与安全,C078,硅湖职业技术学院,1,421612
2024,2,19,计算机应用技术,C078,硅湖职业技术学院,6,546775
2024,2,25,婴幼儿托育服务与管理,C078,硅湖职业技术学院,2,565206
2024,2,37,现代殡葬技术与管理,C078,硅湖职业技术学院,2,357373
2024,2,0V,电气自动化技术,C105,天津中德应用技术大学,10,280120
2024,2,0X,电子商务,C105,天津中德应用技术大学,10,279183
2024,2,0Y,商务日语,C105,天津中德应用技术大学,15,301930
2024,2,01,建筑工程技术,C217,铜陵职业技术学院,2,425593
2024,2,05,机电一体化技术,C217,铜陵职业技术学院,1,316016
2024,2,13,计算机应用技术,C217,铜陵职业技术学院,2,359954
2024,2,18,信息安全技术应用,C217,铜陵职业技术学院,2,380155
2024,2,19,护理,C217,铜陵职业技术学院,7,372463
2024,2,21,药学,C217,铜陵职业技术学院,2,338844
2024,2,22,医学检验技术,C217,铜陵职业技术学院,3,359090
2024,2,23,医学影像技术,C217,铜陵职业技术学院,3,347062
2024,2,28,电子商务,C217,铜陵职业技术学院,2,409173
2024,2,35,环境艺术设计,C217,铜陵职业技术学院,2,441519
2024,2,38,动漫设计,C217,铜陵职业技术学院,2,338629
2024,2,39,学前教育,C217,铜陵职业技术学院,2,406336
2024,2,01,法律事务,C219,安徽警官职业学院,5,277954
2024,2,02,道路养护与管理,C222,贵州交通职业大学,2,335133
2024,2,08,建筑工程技术,C222,贵州交通职业大学,2,351107
2024,2,16,旅游管理(乘务服务方向),C222,贵州交通职业大学,20,599045
2024,2,01,新闻采编与制作,C300,湖南大众传媒职业技术学院,3,268108
2024,2,05,广播影视节目制作,C300,湖南大众传媒职业技术学院,2,270073
2024,2,06,数字广播电视技术,C300,湖南大众传媒职业技术学院,2,280750
2024,2,0H,数字媒体技术,C300,湖南大众传媒职业技术学院,2,272814
2024,2,0J,云计算技术应用,C300,湖南大众传媒职业技术学院,2,306265
2024,2,0T,大数据与会计,C300,湖南大众传媒职业技术学院,2,284952
2024,2,0V,电子商务,C300,湖南大众传媒职业技术学院,2,308786
2024,2,0Y,商务英语,C300,湖南大众传媒职业技术学院,2,310921
2024,2,01,临床医学,C301,永州职业技术学院,2,298803
2024,2,02,口腔医学,C301,永州职业技术学院,2,252679
2024,2,0A,医学影像技术,C301,永州职业技术学院,1,254782
2024,2,07,铁道机车车辆制造与维护,C302,湖南铁道职业技术学院,4,290206
2024,2,24,城市轨道车辆应用技术,C302,湖南铁道职业技术学院,6,293779
2024,2,25,铁道供电技术,C302,湖南铁道职业技术学院,6,292011
2024,2,29,城市轨道交通机电技术,C302,湖南铁道职业技术学院,3,290992
2024,2,33,城市轨道交通运营管理,C302,湖南铁道职业技术学院,6,284785
2024,2,12,商务管理,C304,湖南科技职业学院,4,367842
2024,2,22,软件技术,C304,湖南科技职业学院,4,318120
2024,2,01,护理,C306,长春东方职业学院,3,549719
2024,2,2G,工程造价,C308,海口经济学院,2,580673
2024,2,2M,人力资源管理,C308,海口经济学院,3,607825
2024,2,2P,电子商务,C308,海口经济学院,2,556579
2024,2,2R,商务英语,C308,海口经济学院,2,545132
2024,2,2S,商务日语,C308,海口经济学院,2,609209
2024,2,2T,国际经济与贸易(跨境电商),C308,海口经济学院,2,413409
2024,2,2Z,电子竞技运动与管理,C308,海口经济学院,2,580877
2024,2,3C,空中乘务,C308,海口经济学院,2,576806
2024,2,3D,民航运输服务,C308,海口经济学院,2,594270
2024,2,43,影视编导,C308,海口经济学院,3,561206
2024,2,63,影视编导(影视后期制作),C308,海口经济学院,3,545298
2024,2,9G,市场营销(奢饰品营销),C308,海口经济学院,2,658330
2024,2,9L,市场营销,C308,海口经济学院,2,577920
2024,2,9N,人力资源管理(人力资本管理与分析师),C308,海口经济学院,2,578750
2024,2,9P,电子商务(商业分析与大数据),C308,海口经济学院,2,618183
2024,2,AK,汽车智能技术,C308,海口经济学院,2,611455
2024,2,AS,金融科技应用,C308,海口经济学院,3,641899
2024,2,AT,飞机机电设备维修,C308,海口经济学院,2,562106
2024,2,AV,建筑室内设计,C308,海口经济学院,3,643340
2024,2,AW,健康管理,C308,海口经济学院,2,614166
2024,2,AX,商务管理,C308,海口经济学院,4,657141
2024,2,AY,新能源汽车技术,C308,海口经济学院,3,634630
2024,2,AZ,无人机应用技术,C308,海口经济学院,2,631982
2024,2,38,计算机应用技术(华为云特色班),C309,武昌首义学院,2,351356
2024,2,39,计算机应用技术(腾讯云特色班),C309,武昌首义学院,2,353737
2024,2,45,电气自动化技术,C309,武昌首义学院,2,374964
2024,2,48,应用英语,C309,武昌首义学院,2,446232
2024,2,49,大数据与财务管理(腾讯云特色班),C309,武昌首义学院,2,341272
2024,2,50,市场营销(腾讯云特色班),C309,武昌首义学院,2,384145
2024,2,51,商务数据分析与应用,C309,武昌首义学院,2,444395
2024,2,55,电子信息工程技术,C309,武昌首义学院,2,407099
2024,2,56,网络规划与优化技术,C309,武昌首义学院,4,425717
2024,2,36,建筑装饰工程技术,C310,武昌理工学院,4,482923
2024,2,37,智慧城市管理技术,C310,武昌理工学院,3,390583
2024,2,38,建筑工程技术,C310,武昌理工学院,3,539728
2024,2,39,工程造价,C310,武昌理工学院,5,449322
2024,2,40,机电一体化技术,C310,武昌理工学院,4,381847
2024,2,41,生物制药技术,C310,武昌理工学院,5,509934
2024,2,42,药品经营与管理,C310,武昌理工学院,4,421512
2024,2,43,空中乘务,C310,武昌理工学院,5,500571
2024,2,44,计算机网络技术(腾讯云特色班),C310,武昌理工学院,5,369051
2024,2,45,护理,C310,武昌理工学院,5,375057
2024,2,46,证券实务,C310,武昌理工学院,3,473830
2024,2,47,大数据与财务管理,C310,武昌理工学院,4,345087
2024,2,48,旅游管理,C310,武昌理工学院,4,442056
2024,2,02,机械设计与制造,C317,常州信息职业技术学院,1,269381
2024,2,05,机电一体化技术,C317,常州信息职业技术学院,1,274244
2024,2,06,智能控制技术,C317,常州信息职业技术学院,1,267456
2024,2,07,工业机器人技术,C317,常州信息职业技术学院,2,280001
2024,2,08,电气自动化技术,C317,常州信息职业技术学院,2,269143
2024,2,09,工业互联网应用,C317,常州信息职业技术学院,2,280028
2024,2,0A,新能源汽车技术,C317,常州信息职业技术学院,2,269722
2024,2,0B,电子信息工程技术,C317,常州信息职业技术学院,1,260359
2024,2,0F,计算机应用技术,C317,常州信息职业技术学院,1,252568
2024,2,0L,信息安全技术应用,C317,常州信息职业技术学院,1,254809
2024,2,0M,虚拟现实技术应用,C317,常州信息职业技术学院,2,273454
2024,2,0R,动漫制作技术,C317,常州信息职业技术学院,2,239803
2024,2,0V,财税大数据应用,C317,常州信息职业技术学院,1,258006
2024,2,0Y,国际经济与贸易,C317,常州信息职业技术学院,2,260630
2024,2,18,软件技术,C317,常州信息职业技术学院,1,250927
2024,2,02,机电一体化技术,C324,青岛职业技术学院,75,309087
2024,2,03,电气自动化技术,C324,青岛职业技术学院,40,290560
2024,2,04,工业机器人技术,C324,青岛职业技术学院,40,343334
2024,2,05,模具设计与制造,C324,青岛职业技术学院,40,369837
2024,2,06,制冷与空调技术,C324,青岛职业技术学院,40,372705
2024,2,12,物联网应用技术,C324,青岛职业技术学院,42,336147
2024,2,13,软件技术,C324,青岛职业技术学院,112,329647
2024,2,14,大数据技术,C324,青岛职业技术学院,36,330322
2024,2,15,人工智能技术应用,C324,青岛职业技术学院,85,359567
2024,2,16,工业互联网技术,C324,青岛职业技术学院,36,359273
2024,2,17,云计算技术应用,C324,青岛职业技术学院,34,346897
2024,2,18,信息安全技术应用,C324,青岛职业技术学院,41,357690
2024,2,19,集成电路技术,C324,青岛职业技术学院,40,368733
2024,2,20,应用化工技术,C324,青岛职业技术学院,229,379242
2024,2,21,海洋化工技术,C324,青岛职业技术学院,31,380394
2024,2,22,生物制药技术,C324,青岛职业技术学院,80,343978
2024,2,23,分析检验技术,C324,青岛职业技术学院,32,373069
2024,2,24,环境监测技术,C324,青岛职业技术学院,39,372363
2024,2,26,旅游管理,C324,青岛职业技术学院,55,396853
2024,2,29,酒店管理与数字化运营,C324,青岛职业技术学院,59,434417
2024,2,30,休闲服务与管理,C324,青岛职业技术学院,37,415359
2024,2,31,商务日语,C324,青岛职业技术学院,51,385203
2024,2,32,研学旅行管理与服务,C324,青岛职业技术学院,33,434332
2024,2,33,茶艺与茶文化,C324,青岛职业技术学院,28,400067
2024,2,34,电子商务,C324,青岛职业技术学院,81,382552
2024,2,36,大数据与会计,C324,青岛职业技术学院,34,272024
2024,2,37,现代物流管理,C324,青岛职业技术学院,32,374416
2024,2,38,传播与策划,C324,青岛职业技术学院,74,341496
2024,2,39,财富管理,C324,青岛职业技术学院,40,397296
2024,2,40,学前教育(师范类),C324,青岛职业技术学院,24,294374
2024,2,41,婴幼儿托育服务与管理,C324,青岛职业技术学院,85,463576
2024,2,43,人力资源管理,C324,青岛职业技术学院,32,340460
2024,2,52,健身指导与管理,C324,青岛职业技术学院,40,449746
2024,2,55,社会体育,C324,青岛职业技术学院,30,480443
2024,2,07,机电一体化技术(中外合作办学),C324,青岛职业技术学院,80,485649
2024,2,08,电气自动化技术(中外合作办学),C324,青岛职业技术学院,80,464186
2024,2,09,数控技术(中外合作办学),C324,青岛职业技术学院,80,517191
2024,2,28,旅游管理(中外合作办学),C324,青岛职业技术学院,22,507624
2024,2,J1,机电一体化技术(高职技师合作培养，在青岛市技师学院就读),C324,青岛职业技术学院,40,383070
2024,2,N1,机电一体化技术,C324,青岛职业技术学院,3,432003
2024,2,N3,大数据与会计,C324,青岛职业技术学院,3,341664
2024,2,N5,分析检验技术,C324,青岛职业技术学院,2,476926
2024,2,N6,酒店管理与数字化运营,C324,青岛职业技术学院,3,523489
2024,2,N7,应用化工技术,C324,青岛职业技术学院,5,517070
2024,2,N8,商务日语,C324,青岛职业技术学院,2,587445
2024,2,N9,软件技术,C324,青岛职业技术学院,7,479663
2024,2,NA,学前教育(师范类),C324,青岛职业技术学院,4,466985
2024,2,NB,婴幼儿托育服务与管理,C324,青岛职业技术学院,5,583102
2024,2,A1,学前教育(师范类，高职3+2贯通培养，衔接聊城大学学前教育专业),C324,青岛职业技术学院,30,212521
2024,2,A6,体育保健与康复(高职3+2贯通培养，衔接山东体育学院运动康复专业),C324,青岛职业技术学院,30,227377
2024,2,A7,人工智能技术应用(高职3+2贯通培养，衔接齐鲁师范学院人工智能专业),C324,青岛职业技术学院,30,218754
2024,2,A8,旅游管理(高职3+2贯通培养，衔接泰山学院旅游管理专业),C324,青岛职业技术学院,40,243192
2024,2,A9,软件技术(高职3+2贯通培养，衔接枣庄学院计算机科学与技术专业),C324,青岛职业技术学院,50,228552
2024,2,01,电子信息工程技术,C326,威海职业学院,64,356748
2024,2,02,物联网应用技术,C326,威海职业学院,65,355316
2024,2,03,计算机应用技术,C326,威海职业学院,68,315535
2024,2,04,软件技术,C326,威海职业学院,50,348038
2024,2,05,大数据技术,C326,威海职业学院,46,342269
2024,2,06,现代通信技术,C326,威海职业学院,36,357645
2024,2,07,机械设计与制造,C326,威海职业学院,62,354882
2024,2,08,数控技术,C326,威海职业学院,55,363626
2024,2,09,智能焊接技术,C326,威海职业学院,20,378618
2024,2,10,工业机器人技术,C326,威海职业学院,30,362037
2024,2,11,电气自动化技术,C326,威海职业学院,104,332433
2024,2,12,数字媒体艺术设计,C326,威海职业学院,16,329833
2024,2,13,服装与服饰设计,C326,威海职业学院,51,421705
2024,2,15,金融服务与管理,C326,威海职业学院,50,409289
2024,2,16,大数据与会计,C326,威海职业学院,80,297485
2024,2,17,工商企业管理,C326,威海职业学院,14,402522
2024,2,18,市场营销,C326,威海职业学院,18,403664
2024,2,19,现代物流管理,C326,威海职业学院,84,413956
2024,2,20,建筑装饰工程技术,C326,威海职业学院,46,455398
2024,2,21,风景园林设计,C326,威海职业学院,45,359625
2024,2,22,建筑工程技术,C326,威海职业学院,64,456578
2024,2,23,装配式建筑工程技术,C326,威海职业学院,50,492263
2024,2,24,建筑电气工程技术,C326,威海职业学院,67,413241
2024,2,25,工程造价,C326,威海职业学院,25,363078
2024,2,26,药品生物技术,C326,威海职业学院,102,380173
2024,2,27,食品检验检测技术,C326,威海职业学院,103,363926
2024,2,28,药品质量与安全,C326,威海职业学院,102,383820
2024,2,29,机电一体化技术,C326,威海职业学院,70,338137
2024,2,30,船舶工程技术,C326,威海职业学院,32,350850
2024,2,31,船舶动力工程技术,C326,威海职业学院,40,400860
2024,2,32,无人机应用技术,C326,威海职业学院,20,380932
2024,2,33,新能源汽车检测与维修技术,C326,威海职业学院,38,373771
2024,2,34,婴幼儿托育服务与管理,C326,威海职业学院,37,487970
2024,2,35,学前教育(师范类),C326,威海职业学院,28,322874
2024,2,36,体育艺术表演,C326,威海职业学院,48,552073
2024,2,37,社区管理与服务,C326,威海职业学院,42,406192
2024,2,38,航海技术,C326,威海职业学院,80,453000
2024,2,39,轮机工程技术,C326,威海职业学院,80,470157
2024,2,40,国际邮轮乘务管理,C326,威海职业学院,80,537189
2024,2,41,船舶电子电气技术,C326,威海职业学院,80,479092
2024,2,42,电子商务,C326,威海职业学院,76,410065
2024,2,43,跨境电子商务,C326,威海职业学院,44,464552
2024,2,44,网络营销与直播电商,C326,威海职业学院,42,454330
2024,2,45,商务英语,C326,威海职业学院,74,380819
2024,2,46,旅游管理,C326,威海职业学院,168,492698
2024,2,47,酒店管理与数字化运营,C326,威海职业学院,86,475028
2024,2,48,烹饪工艺与营养,C326,威海职业学院,50,418234
2024,2,W1,软件技术(中外合作办学)(与俄罗斯阿尔泰波尔祖诺夫国立技术大学合作),C326,威海职业学院,40,464386
2024,2,W2,电气自动化技术(中外合作办学)(与俄罗斯阿尔泰波尔祖诺夫国立技术大,C326,威海职业学院,40,455696
2024,2,W3,建筑装饰工程技术(中外合作办学)(与芬兰坦佩雷应用科学大学合作),C326,威海职业学院,70,565294
2024,2,T1,数控技术(高职技师合作培养，在威海技师学院就读),C326,威海职业学院,40,466227
2024,2,P1,计算机应用技术,C326,威海职业学院,2,418852
2024,2,P2,机械设计与制造,C326,威海职业学院,2,449133
2024,2,P3,电气自动化技术,C326,威海职业学院,1,389772
2024,2,P4,数字媒体艺术设计,C326,威海职业学院,2,466250
2024,2,P5,市场营销,C326,威海职业学院,4,563375
2024,2,P6,工程造价,C326,威海职业学院,2,532979
2024,2,P7,学前教育(师范类),C326,威海职业学院,2,483955
2024,2,L1,软件技术(高职3+2贯通培养，衔接山东工商学院软件工程专业),C326,威海职业学院,30,223549
2024,2,L2,机械设计与制造(高职3+2贯通培养，衔接山东交通学院机械工程专业),C326,威海职业学院,30,229864
2024,2,L4,市场营销(高职3+2贯通培养，衔接山东工商学院工商管理专业),C326,威海职业学院,30,228480
2024,2,15,铁道机车运用与维护,C328,山东职业学院,122,270885
2024,2,16,铁道车辆技术,C328,山东职业学院,28,246139
2024,2,17,动车组检修技术,C328,山东职业学院,42,207810
2024,2,21,铁道交通运营管理,C328,山东职业学院,33,182152
2024,2,22,高速铁路综合维修技术,C328,山东职业学院,33,220381
2024,2,23,城市轨道车辆应用技术,C328,山东职业学院,75,250826
2024,2,24,城市轨道交通机电技术,C328,山东职业学院,16,238453
2024,2,25,城市轨道交通运营管理,C328,山东职业学院,126,242485
2024,2,26,城市轨道交通通信信号技术,C328,山东职业学院,45,272156
2024,2,27,城市轨道交通供配电技术,C328,山东职业学院,11,271872
2024,2,28,机电一体化技术,C328,山东职业学院,21,281186
2024,2,29,机械制造及自动化,C328,山东职业学院,19,281372
2024,2,30,电气自动化技术,C328,山东职业学院,77,276675
2024,2,32,智能控制技术,C328,山东职业学院,72,305337
2024,2,33,工业互联网应用,C328,山东职业学院,27,311935
2024,2,34,增材制造技术,C328,山东职业学院,45,333059
2024,2,35,计算机网络技术,C328,山东职业学院,20,260269
2024,2,36,软件技术,C328,山东职业学院,117,307270
2024,2,37,动漫制作技术,C328,山东职业学院,41,304737
2024,2,38,人工智能技术应用,C328,山东职业学院,43,285801
2024,2,39,信息安全技术应用,C328,山东职业学院,46,294602
2024,2,40,大数据技术,C328,山东职业学院,43,282434
2024,2,41,食品检验检测技术,C328,山东职业学院,54,305135
2024,2,42,药品质量与安全,C328,山东职业学院,69,321000
2024,2,43,药品生产技术,C328,山东职业学院,63,329103
2024,2,44,建筑工程技术,C328,山东职业学院,45,307028
2024,2,45,道路与桥梁工程技术,C328,山东职业学院,60,271727
2024,2,46,建筑室内设计,C328,山东职业学院,42,309390
2024,2,47,智能建造技术,C328,山东职业学院,42,324866
2024,2,48,国际商务,C328,山东职业学院,78,363232
2024,2,49,网络营销与直播电商,C328,山东职业学院,73,358683
2024,2,50,现代物流管理,C328,山东职业学院,22,294833
2024,2,51,大数据与会计,C328,山东职业学院,36,256430
2024,2,52,民航安全技术管理,C328,山东职业学院,108,351247
2024,2,53,港口机械与智能控制,C328,山东职业学院,58,323229
2024,2,54,港口与航运管理,C328,山东职业学院,30,325879
2024,2,18,铁道供电技术(中外合作办学)(与俄罗斯乌拉尔国立交通大学合作),C328,山东职业学院,158,356891
2024,2,19,铁道信号自动控制(中外合作办学)(与俄罗斯乌拉尔国立交通大学合作),C328,山东职业学院,69,295504
2024,2,20,铁道工程技术(中外合作办学)(与俄罗斯乌拉尔国立交通大学合作),C328,山东职业学院,224,376001
2024,2,31,电气自动化技术(高职技师合作培养，在山东技师学院就读),C328,山东职业学院,80,364581
2024,2,87,铁道机车运用与维护,C328,山东职业学院,5,337092
2024,2,88,铁道车辆技术,C328,山东职业学院,4,353114
2024,2,89,动车组检修技术,C328,山东职业学院,4,338011
2024,2,90,铁道交通运营管理,C328,山东职业学院,2,299616
2024,2,91,高速铁路综合维修技术,C328,山东职业学院,2,347380
2024,2,92,城市轨道交通通信信号技术,C328,山东职业学院,4,392952
2024,2,93,城市轨道交通供配电技术,C328,山东职业学院,4,409268
2024,2,94,机电一体化技术,C328,山东职业学院,5,411199
2024,2,95,电气自动化技术,C328,山东职业学院,5,369212
2024,2,96,计算机网络技术,C328,山东职业学院,2,347663
2024,2,97,人工智能技术应用,C328,山东职业学院,1,347046
2024,2,98,大数据技术,C328,山东职业学院,3,387143
2024,2,99,食品检验检测技术,C328,山东职业学院,3,376370
2024,2,A1,药品质量与安全,C328,山东职业学院,2,386985
2024,2,A2,药品生产技术,C328,山东职业学院,3,400190
2024,2,A3,建筑室内设计,C328,山东职业学院,1,412522
2024,2,55,机械制造及自动化(高职3+2贯通培养，衔接山东科技大学应急装备技术与,C328,山东职业学院,30,201142
2024,2,56,道路与桥梁工程技术(高职3+2贯通培养，衔接山东交通学院土木工程专业,C328,山东职业学院,30,212773
2024,2,57,电子信息工程技术(高职3+2贯通培养，衔接山东建筑大学电子信息工程专,C328,山东职业学院,80,213443
2024,2,01,数控技术,C329,山东劳动职业技术学院,20,410774
2024,2,02,机电设备技术,C329,山东劳动职业技术学院,15,410657
2024,2,03,模具设计与制造,C329,山东劳动职业技术学院,20,446133
2024,2,04,智能控制技术,C329,山东劳动职业技术学院,45,427036
2024,2,05,机械制造及自动化,C329,山东劳动职业技术学院,20,392115
2024,2,06,机械设计与制造,C329,山东劳动职业技术学院,20,412778
2024,2,07,工业机器人技术,C329,山东劳动职业技术学院,45,427138
2024,2,08,智能焊接技术,C329,山东劳动职业技术学院,45,468539
2024,2,09,汽车检测与维修技术,C329,山东劳动职业技术学院,50,445974
2024,2,10,汽车技术服务与营销,C329,山东劳动职业技术学院,50,518685
2024,2,11,新能源汽车技术,C329,山东劳动职业技术学院,50,416957
2024,2,12,智能网联汽车技术,C329,山东劳动职业技术学院,58,469961
2024,2,13,电气自动化技术,C329,山东劳动职业技术学院,15,363789
2024,2,14,应用电子技术,C329,山东劳动职业技术学院,50,425683
2024,2,15,机电一体化技术,C329,山东劳动职业技术学院,15,364715
2024,2,16,工业互联网应用,C329,山东劳动职业技术学院,30,464824
2024,2,17,集成电路技术,C329,山东劳动职业技术学院,30,467866
2024,2,18,计算机应用技术,C329,山东劳动职业技术学院,10,349938
2024,2,19,计算机网络技术,C329,山东劳动职业技术学院,35,368244
2024,2,20,软件技术,C329,山东劳动职业技术学院,10,351403
2024,2,21,云计算技术应用,C329,山东劳动职业技术学院,10,391585
2024,2,22,大数据技术,C329,山东劳动职业技术学院,45,390267
2024,2,23,人工智能技术应用,C329,山东劳动职业技术学院,10,413329
2024,2,24,区块链技术应用,C329,山东劳动职业技术学院,45,487555
2024,2,25,建筑装饰工程技术,C329,山东劳动职业技术学院,50,546009
2024,2,26,数字媒体艺术设计,C329,山东劳动职业技术学院,40,407684
2024,2,27,虚拟现实技术应用,C329,山东劳动职业技术学院,30,454987
2024,2,28,现代物业管理,C329,山东劳动职业技术学院,15,473056
2024,2,29,建设工程管理,C329,山东劳动职业技术学院,20,481809
2024,2,30,电子商务,C329,山东劳动职业技术学院,10,427343
2024,2,32,现代物流管理,C329,山东劳动职业技术学院,45,478831
2024,2,33,国际商务,C329,山东劳动职业技术学院,45,497111
2024,2,34,商务数据分析与应用,C329,山东劳动职业技术学院,45,491622
2024,2,35,供应链运营,C329,山东劳动职业技术学院,45,503537
2024,2,36,大数据与会计,C329,山东劳动职业技术学院,30,342896
2024,2,37,劳动与社会保障,C329,山东劳动职业技术学院,45,488477
2024,2,38,金融服务与管理,C329,山东劳动职业技术学院,45,463877
2024,2,39,人力资源管理,C329,山东劳动职业技术学院,28,399898
2024,2,40,婴幼儿托育服务与管理,C329,山东劳动职业技术学院,45,522144
2024,2,41,职业指导与服务,C329,山东劳动职业技术学院,50,525488
2024,2,42,机电一体化技术(中外合作办学),C329,山东劳动职业技术学院,55,534862
2024,2,F1,汽车检测与维修技术(高职技师合作培养，在潍坊工程技师学院就读),C329,山东劳动职业技术学院,40,536504
2024,2,F2,电子商务(高职技师合作培养，在山东工程技师学院就读),C329,山东劳动职业技术学院,50,545808
2024,2,F3,汽车检测与维修技术(高职技师合作培养，在鲁南技师学院就读),C329,山东劳动职业技术学院,40,542613
2024,2,AB,大数据技术(高职3+2贯通培养，衔接山东女子学院数据科学与大数据技术,C329,山东劳动职业技术学院,40,236572
2024,2,AD,工业机器人技术(高职3+2贯通培养，衔接山东管理学院机器人工程专业),C329,山东劳动职业技术学院,30,244735
2024,2,AE,现代物流管理(高职3+2贯通培养，衔接山东管理学院物流管理专业),C329,山东劳动职业技术学院,30,245111
2024,2,39,钢铁智能冶金技术,C330,莱芜职业技术学院,30,506508
2024,2,40,金属精密成型技术,C330,莱芜职业技术学院,40,552661
2024,2,41,数控技术,C330,莱芜职业技术学院,80,427405
2024,2,42,模具设计与制造,C330,莱芜职业技术学院,15,463969
2024,2,43,机电一体化技术,C330,莱芜职业技术学院,100,390600
2024,2,44,工业机器人技术,C330,莱芜职业技术学院,60,463114
2024,2,45,电气自动化技术,C330,莱芜职业技术学院,70,373003
2024,2,46,建筑装饰工程技术,C330,莱芜职业技术学院,30,519633
2024,2,47,园林工程技术,C330,莱芜职业技术学院,33,489653
2024,2,48,城乡规划,C330,莱芜职业技术学院,40,545222
2024,2,49,建筑工程技术,C330,莱芜职业技术学院,30,540054
2024,2,50,工程造价,C330,莱芜职业技术学院,40,517778
2024,2,51,汽车制造与试验技术,C330,莱芜职业技术学院,55,475136
2024,2,52,新能源汽车技术,C330,莱芜职业技术学院,30,409157
2024,2,53,智能网联汽车技术,C330,莱芜职业技术学院,40,496568
2024,2,54,大数据与会计,C330,莱芜职业技术学院,30,361189
2024,2,55,市场营销,C330,莱芜职业技术学院,16,481995
2024,2,56,电子商务,C330,莱芜职业技术学院,30,446023
2024,2,57,现代物流管理,C330,莱芜职业技术学院,40,519144
2024,2,58,旅游管理,C330,莱芜职业技术学院,20,501324
2024,2,59,酒店管理与数字化运营,C330,莱芜职业技术学院,20,487914
2024,2,60,传播与策划,C330,莱芜职业技术学院,40,478754
2024,2,61,文物修复与保护,C330,莱芜职业技术学院,75,427729
2024,2,62,文物考古技术,C330,莱芜职业技术学院,15,379869
2024,2,63,文物展示利用技术,C330,莱芜职业技术学院,30,452359
2024,2,64,电子信息工程技术,C330,莱芜职业技术学院,50,464658
2024,2,65,计算机应用技术,C330,莱芜职业技术学院,20,378680
2024,2,66,软件技术,C330,莱芜职业技术学院,45,389229
2024,2,67,大数据技术,C330,莱芜职业技术学院,40,409011
2024,2,68,信息安全技术应用,C330,莱芜职业技术学院,50,452500
2024,2,69,人工智能技术应用,C330,莱芜职业技术学院,40,442632
2024,2,70,智慧健康养老服务与管理,C330,莱芜职业技术学院,40,471200
2024,2,71,早期教育,C330,莱芜职业技术学院,45,495543
2024,2,72,学前教育(师范类),C330,莱芜职业技术学院,30,411518
2024,2,73,护理,C330,莱芜职业技术学院,70,383923
2024,2,74,助产,C330,莱芜职业技术学院,40,439970
2024,2,75,康复治疗技术,C330,莱芜职业技术学院,50,402358
2024,2,76,老年保健与管理,C330,莱芜职业技术学院,24,462944
2024,2,77,眼视光技术,C330,莱芜职业技术学院,50,363654
2024,2,78,现代农业技术,C330,莱芜职业技术学院,40,505170
2024,2,79,食品检验检测技术,C330,莱芜职业技术学院,30,413900
2024,2,80,生物制药技术,C330,莱芜职业技术学院,85,459762
2024,2,81,药品质量与安全,C330,莱芜职业技术学院,80,457992
2024,2,82,中药学,C330,莱芜职业技术学院,65,417522
2024,2,BE,学前教育(中外合作办学)(师范类，与芬兰罗约阿应用科技大学合作),C330,莱芜职业技术学院,40,540793
2024,2,B4,机电一体化技术(高职3+2贯通培养，衔接山东农业大学机械电子工程专业,C330,莱芜职业技术学院,40,196330
2024,2,B5,工业机器人技术(高职3+2贯通培养，衔接山东管理学院机器人工程专业),C330,莱芜职业技术学院,30,245286
2024,2,B6,建筑工程技术(高职3+2贯通培养，衔接枣庄学院土木工程专业),C330,莱芜职业技术学院,40,253256
2024,2,B8,中药学(高职3+2贯通培养，衔接山东农业工程学院中药资源与开发专业),C330,莱芜职业技术学院,40,212264
2024,2,B9,康复治疗技术(高职3+2贯通培养，衔接山东体育学院运动康复专业),C330,莱芜职业技术学院,30,220224
2024,2,BA,大数据技术(高职3+2贯通培养，衔接山东体育学院数据科学与大数据技术,C330,莱芜职业技术学院,30,238247
2024,2,BB,文物展示利用技术(高职3+2贯通培养，衔接齐鲁师范学院文化遗产专业),C330,莱芜职业技术学院,30,227701
2024,2,BC,学前教育(师范类，高职3+2贯通培养，衔接齐鲁师范学院学前教育专业),C330,莱芜职业技术学院,30,231136
2024,2,G1,学前教育(师范类),C331,山东女子学院,40,265343
2024,2,G2,早期教育,C331,山东女子学院,50,301570
2024,2,G4,新闻采编与制作,C331,山东女子学院,120,285383
2024,2,G5,智慧健康养老服务与管理,C331,山东女子学院,40,276431
2024,2,GF,旅游管理,C331,山东女子学院,40,308364
2024,2,HW,大数据与会计(中外合作办学)(中澳合作办学，中澳双大专文凭),C331,山东女子学院,50,305881
2024,2,G4,材料成型及控制技术,C332,烟台南山学院,104,618800
2024,2,G5,大数据与财务管理,C332,烟台南山学院,32,573724
2024,2,G6,大数据技术,C332,烟台南山学院,200,618930
2024,2,G7,电气自动化技术,C332,烟台南山学院,135,571480
2024,2,G8,电子商务,C332,烟台南山学院,11,571768
2024,2,G9,动漫制作技术,C332,烟台南山学院,173,606809
2024,2,H1,服装与服饰设计,C332,烟台南山学院,38,611239
2024,2,H3,高分子合成技术,C332,烟台南山学院,201,622151
2024,2,H4,工程造价,C332,烟台南山学院,164,623902
2024,2,H5,工商企业管理,C332,烟台南山学院,41,608808
2024,2,H6,广告艺术设计,C332,烟台南山学院,51,612073
2024,2,H8,护理,C332,烟台南山学院,169,488486
2024,2,H9,大数据与会计,C332,烟台南山学院,31,545356
2024,2,J1,机电一体化技术,C332,烟台南山学院,194,578313
2024,2,J2,机械制造及自动化,C332,烟台南山学院,169,592534
2024,2,J3,计算机网络技术,C332,烟台南山学院,175,607952
2024,2,J4,商务数据分析与应用,C332,烟台南山学院,18,607761
2024,2,J5,金融服务与管理,C332,烟台南山学院,63,614741
2024,2,J6,空中乘务,C332,烟台南山学院,126,627090
2024,2,J7,智慧健康养老服务与管理,C332,烟台南山学院,66,593561
2024,2,J8,旅游管理,C332,烟台南山学院,32,597956
2024,2,J9,现代家用纺织品设计,C332,烟台南山学院,111,628354
2024,2,K1,人力资源管理,C332,烟台南山学院,60,610988
2024,2,K2,软件技术,C332,烟台南山学院,158,617088
2024,2,K3,商务英语,C332,烟台南山学院,81,620405
2024,2,K4,社区康复,C332,烟台南山学院,83,601728
2024,2,K5,大数据与审计,C332,烟台南山学院,43,572751
2024,2,K6,食品生物技术,C332,烟台南山学院,217,614497
2024,2,K7,市场营销,C332,烟台南山学院,51,612315
2024,2,K9,移动互联应用技术,C332,烟台南山学院,159,616850
2024,2,L3,高分子材料智能制造技术,C332,烟台南山学院,65,618150
2024,2,L4,石油化工技术,C332,烟台南山学院,160,609704
2024,2,L5,婴幼儿托育服务与管理,C332,烟台南山学院,149,633896
2024,2,L6,商务日语,C332,烟台南山学院,53,620644
2024,2,L7,酒店管理与数字化运营,C332,烟台南山学院,14,597352
2024,2,L8,现代物流管理,C332,烟台南山学院,14,584475
2024,2,01,数控技术,C335,济宁职业技术学院,31,460255
2024,2,02,机械制造及自动化,C335,济宁职业技术学院,70,415831
2024,2,03,机电一体化技术,C335,济宁职业技术学院,180,427198
2024,2,04,智能控制技术,C335,济宁职业技术学院,100,481965
2024,2,05,工业机器人技术,C335,济宁职业技术学院,50,456525
2024,2,06,电气自动化技术,C335,济宁职业技术学院,89,397160
2024,2,07,电子信息工程技术,C335,济宁职业技术学院,50,493979
2024,2,08,计算机应用技术,C335,济宁职业技术学院,100,403040
2024,2,09,计算机网络技术,C335,济宁职业技术学院,40,410696
2024,2,10,软件技术,C335,济宁职业技术学院,80,399685
2024,2,11,大数据技术,C335,济宁职业技术学院,50,468581
2024,2,12,云计算技术应用,C335,济宁职业技术学院,50,460210
2024,2,13,人工智能技术应用,C335,济宁职业技术学院,100,479261
2024,2,14,建筑装饰工程技术,C335,济宁职业技术学院,50,556516
2024,2,15,建筑工程技术,C335,济宁职业技术学院,100,558274
2024,2,16,智能建造技术,C335,济宁职业技术学院,60,532436
2024,2,17,工程造价,C335,济宁职业技术学院,90,594514
2024,2,18,安全技术与管理,C335,济宁职业技术学院,45,516524
2024,2,19,新能源汽车技术,C335,济宁职业技术学院,150,444610
2024,2,20,汽车检测与维修技术,C335,济宁职业技术学院,30,457036
2024,2,21,汽车智能技术,C335,济宁职业技术学院,85,503188
2024,2,22,应用化工技术,C335,济宁职业技术学院,110,479442
2024,2,23,药品生产技术,C335,济宁职业技术学院,25,458315
2024,2,24,医学美容技术,C335,济宁职业技术学院,25,423098
2024,2,25,康复治疗技术,C335,济宁职业技术学院,20,420175
2024,2,26,健康大数据管理与服务,C335,济宁职业技术学院,30,504254
2024,2,27,医学营养,C335,济宁职业技术学院,45,457718
2024,2,28,眼视光技术,C335,济宁职业技术学院,158,433913
2024,2,29,眼视光仪器技术,C335,济宁职业技术学院,25,455784
2024,2,30,视觉训练与康复,C335,济宁职业技术学院,50,466768
2024,2,31,动漫制作技术,C335,济宁职业技术学院,60,451697
2024,2,32,艺术设计,C335,济宁职业技术学院,30,520929
2024,2,33,数字媒体艺术设计,C335,济宁职业技术学院,32,462298
2024,2,34,服装与服饰设计,C335,济宁职业技术学院,40,507503
2024,2,35,环境艺术设计,C335,济宁职业技术学院,80,556813
2024,2,36,书画艺术,C335,济宁职业技术学院,35,540322
2024,2,37,广告艺术设计,C335,济宁职业技术学院,40,438572
2024,2,38,摄影与摄像艺术,C335,济宁职业技术学院,35,505488
2024,2,39,大数据与会计,C335,济宁职业技术学院,137,406758
2024,2,40,市场营销,C335,济宁职业技术学院,11,501819
2024,2,41,电子商务,C335,济宁职业技术学院,41,514600
2024,2,42,网络营销与直播电商,C335,济宁职业技术学院,19,517838
2024,2,43,现代物流管理,C335,济宁职业技术学院,20,493791
2024,2,44,空中乘务,C335,济宁职业技术学院,79,637785
2024,2,45,护理,C335,济宁职业技术学院,104,394557
2024,2,46,老年保健与管理,C335,济宁职业技术学院,90,529577
2024,2,47,旅游管理,C335,济宁职业技术学院,35,518161
2024,2,48,研学旅行管理与服务,C335,济宁职业技术学院,45,550672
2024,2,49,酒店管理与数字化运营,C335,济宁职业技术学院,40,531361
2024,2,50,婴幼儿托育服务与管理,C335,济宁职业技术学院,70,539049
2024,2,51,早期教育,C335,济宁职业技术学院,69,515253
2024,2,52,学前教育(师范类),C335,济宁职业技术学院,99,461484
2024,2,H1,建筑工程技术(中外合作办学),C335,济宁职业技术学院,50,552805
2024,2,H2,现代物流管理(中外合作办学),C335,济宁职业技术学院,50,553866
2024,2,H3,眼视光技术(中外合作办学),C335,济宁职业技术学院,35,479802
2024,2,H4,服装与服饰设计(中外合作办学),C335,济宁职业技术学院,30,545529
2024,2,H5,医学美容技术(中外合作办学),C335,济宁职业技术学院,40,471423
2024,2,S1,机电一体化技术(高职技师合作培养，在菏泽技师学院就读),C335,济宁职业技术学院,40,513520
2024,2,S2,眼视光技术(高职技师合作培养，在日照技师学院就读),C335,济宁职业技术学院,80,474670
2024,2,GA,软件技术(高职3+2贯通培养，衔接济宁学院软件工程专业),C335,济宁职业技术学院,40,228198
2024,2,GB,大数据技术(高职3+2贯通培养，衔接济宁学院数据科学与大数据技术专业,C335,济宁职业技术学院,40,237019
2024,2,GC,建筑工程技术(高职3+2贯通培养，衔接聊城大学土木工程学专业),C335,济宁职业技术学院,30,248989
2024,2,GD,眼视光技术(高职3+2贯通培养，衔接临沂大学眼视光学专业),C335,济宁职业技术学院,40,209820
2024,2,GE,汽车检测与维修技术(高职3+2贯通培养，衔接临沂大学车辆工程专业),C335,济宁职业技术学院,40,245108
2024,2,GF,云计算技术应用(高职3+2贯通培养，衔接临沂大学计算机科学与技术专业,C335,济宁职业技术学院,40,201692
2024,2,GM,大数据与会计(高职3+2贯通培养，衔接枣庄学院财务管理专业),C335,济宁职业技术学院,40,207255
2024,2,02,机电一体化技术,C336,贵州电子信息职业技术学院,2,359785
2024,2,0G,大数据与财务管理,C336,贵州电子信息职业技术学院,1,392376
2024,2,0N,新能源汽车技术,C336,贵州电子信息职业技术学院,2,387627
2024,2,02,茶叶生产与加工技术,C347,恩施职业技术学院,5,479009
2024,2,04,畜牧兽医,C347,恩施职业技术学院,5,401959
2024,2,07,工程造价,C347,恩施职业技术学院,10,518034
2024,2,08,机械制造及自动化,C347,恩施职业技术学院,5,448771
2024,2,10,工业机器人技术,C347,恩施职业技术学院,5,465179
2024,2,11,新能源汽车技术,C347,恩施职业技术学院,5,449706
2024,2,13,药品经营与管理,C347,恩施职业技术学院,5,460528
2024,2,19,信息安全技术应用,C347,恩施职业技术学院,5,438206
2024,2,24,药学,C347,恩施职业技术学院,5,447084
2024,2,27,大数据与会计,C347,恩施职业技术学院,5,389001
2024,2,35,小学教育(师范类),C347,恩施职业技术学院,5,394575
2024,2,72,中文,C347,恩施职业技术学院,10,417617
2024,2,21,宝玉石鉴定与加工,C349,云南国土资源职业学院,4,477962
2024,2,22,首饰设计与工艺,C349,云南国土资源职业学院,4,445552
2024,2,24,雕刻艺术设计,C349,云南国土资源职业学院,4,506333
2024,2,01,软件技术,C352,河北软件职业技术学院,10,407864
2024,2,18,电子商务,C352,河北软件职业技术学院,5,470990
2024,2,01,口腔医学,C354,襄阳职业技术学院,7,258148
2024,2,02,临床医学,C354,襄阳职业技术学院,6,302102
2024,2,03,中医学,C354,襄阳职业技术学院,2,261731
2024,2,05,医学检验技术,C354,襄阳职业技术学院,3,301949
2024,2,06,医学影像技术,C354,襄阳职业技术学院,3,311189
2024,2,08,护理,C354,襄阳职业技术学院,3,287659
2024,2,10,小学教育(师范类),C354,襄阳职业技术学院,4,289239
2024,2,11,特殊教育(师范类),C354,襄阳职业技术学院,4,308421
2024,2,13,学前教育(师范类),C354,襄阳职业技术学院,3,337374
2024,2,14,小学语文教育(师范类),C354,襄阳职业技术学院,5,301679
2024,2,15,小学英语教育(师范类),C354,襄阳职业技术学院,6,322986
2024,2,25,大数据技术,C354,襄阳职业技术学院,2,314712
2024,2,29,大数据与会计,C354,襄阳职业技术学院,2,285219
2024,2,31,网络营销与直播电商,C354,襄阳职业技术学院,2,376543
2024,2,34,动物医学,C354,襄阳职业技术学院,3,265567
2024,2,37,园林工程技术,C354,襄阳职业技术学院,3,357072
2024,2,44,酒店管理与数字化运营,C354,襄阳职业技术学院,2,414078
2024,2,03,建筑工程技术,C356,广西交通职业技术学院,5,470377
2024,2,05,土木工程检测技术(水运工程检测),C356,广西交通职业技术学院,5,498321
2024,2,0F,智能网联汽车技术,C356,广西交通职业技术学院,5,481851
2024,2,0T,轮机工程技术,C356,广西交通职业技术学院,5,476647
2024,2,51,食品检验检测技术,C362,武汉生物工程学院,2,295936
2024,2,52,药品经营与管理,C362,武汉生物工程学院,2,336731
2024,2,53,药品生产技术,C362,武汉生物工程学院,2,437206
2024,2,54,药品生物技术,C362,武汉生物工程学院,3,379580
2024,2,55,园林技术,C362,武汉生物工程学院,2,288967
2024,2,58,计算机应用技术,C362,武汉生物工程学院,3,305303
2024,2,59,计算机网络技术,C362,武汉生物工程学院,2,291097
2024,2,61,大数据与财务管理,C362,武汉生物工程学院,2,282884
2024,2,63,电子商务,C362,武汉生物工程学院,2,413748
2024,2,64,商务英语,C362,武汉生物工程学院,2,315297
2024,2,65,机电一体化技术,C362,武汉生物工程学院,2,308590
2024,2,67,软件技术,C362,武汉生物工程学院,2,334054
2024,2,68,建筑工程技术,C362,武汉生物工程学院,2,449022
2024,2,69,工程造价,C362,武汉生物工程学院,2,424703
2024,2,13,大数据与会计,C364,广西工业职业技术学院,2,370078
2024,2,22,新能源汽车检测与维修技术,C364,广西工业职业技术学院,3,415185
2024,2,26,学前教育,C364,广西工业职业技术学院,2,505071
2024,2,27,小学语文教育,C364,广西工业职业技术学院,2,401985
2024,2,34,机电一体化技术,C364,广西工业职业技术学院,2,400296
2024,2,42,大数据技术,C364,广西工业职业技术学院,2,415702
2024,2,50,药学,C364,广西工业职业技术学院,2,379447
2024,2,02,国际经济与贸易,C379,广西国际商务职业技术学院,3,488239
2024,2,06,跨境电子商务,C379,广西国际商务职业技术学院,7,525245
2024,2,18,会计信息管理,C379,广西国际商务职业技术学院,6,501413
2024,2,27,旅游管理,C379,广西国际商务职业技术学院,4,510550
2024,2,32,国际邮轮乘务管理,C379,广西国际商务职业技术学院,5,534501
2024,2,02,建筑材料工程技术,C389,河北建材职业技术学院,4,458119
2024,2,35,建设工程管理类,C389,河北建材职业技术学院,4,460709
2024,2,38,计算机类,C389,河北建材职业技术学院,4,344674
2024,2,39,财务会计类,C389,河北建材职业技术学院,2,345741
2024,2,3A,旅游类,C389,河北建材职业技术学院,3,490742
2024,2,04,园林技术,C391,潍坊职业学院,70,412507
2024,2,05,园林工程技术,C391,潍坊职业学院,70,480700
2024,2,07,建筑工程技术,C391,潍坊职业学院,30,501545
2024,2,09,园艺技术,C391,潍坊职业学院,80,400483
2024,2,11,现代农业技术,C391,潍坊职业学院,40,425862
2024,2,13,食品检验检测技术,C391,潍坊职业学院,80,415928
2024,2,14,食品质量与安全,C391,潍坊职业学院,80,408350
2024,2,15,药品生物技术,C391,潍坊职业学院,80,432921
2024,2,16,药品生产技术,C391,潍坊职业学院,85,433718
2024,2,17,食品智能加工技术,C391,潍坊职业学院,55,465822
2024,2,19,机电一体化技术,C391,潍坊职业学院,90,375397
2024,2,24,数控技术,C391,潍坊职业学院,35,398599
2024,2,26,电气自动化技术,C391,潍坊职业学院,60,341201
2024,2,32,机械设计与制造,C391,潍坊职业学院,35,368703
2024,2,33,智能机器人技术,C391,潍坊职业学院,45,421051
2024,2,34,无人机应用技术,C391,潍坊职业学院,45,398329
2024,2,36,汽车检测与维修技术,C391,潍坊职业学院,50,443041
2024,2,38,新能源汽车技术,C391,潍坊职业学院,100,399912
2024,2,42,汽车制造与试验技术,C391,潍坊职业学院,45,440595
2024,2,46,汽车智能技术,C391,潍坊职业学院,50,422454
2024,2,49,大数据技术,C391,潍坊职业学院,80,387672
2024,2,50,计算机应用技术,C391,潍坊职业学院,70,344018
2024,2,51,电子商务,C391,潍坊职业学院,80,499997
2024,2,52,物联网应用技术,C391,潍坊职业学院,40,379522
2024,2,54,虚拟现实技术应用,C391,潍坊职业学院,60,431320
2024,2,56,人工智能技术应用,C391,潍坊职业学院,50,400100
2024,2,57,国际经济与贸易,C391,潍坊职业学院,70,484319
2024,2,59,商务管理,C391,潍坊职业学院,50,487768
2024,2,61,关务与外贸服务,C391,潍坊职业学院,30,485921
2024,2,62,商务英语,C391,潍坊职业学院,150,462109
2024,2,63,旅游管理,C391,潍坊职业学院,60,497575
2024,2,67,应用化工技术,C391,潍坊职业学院,165,483973
2024,2,68,分析检验技术,C391,潍坊职业学院,40,447238
2024,2,69,化妆品技术,C391,潍坊职业学院,30,451027
2024,2,72,现代物流管理,C391,潍坊职业学院,110,497802
2024,2,73,金融服务与管理,C391,潍坊职业学院,30,435292
2024,2,74,大数据与会计,C391,潍坊职业学院,140,334396
2024,2,75,市场营销,C391,潍坊职业学院,50,488547
2024,2,77,供应链运营,C391,潍坊职业学院,25,501247
2024,2,79,数字媒体艺术设计,C391,潍坊职业学院,60,419216
2024,2,81,广告艺术设计,C391,潍坊职业学院,59,471666
2024,2,83,动漫制作技术,C391,潍坊职业学院,93,426487
2024,2,85,学前教育(师范类),C391,潍坊职业学院,43,389089
2024,2,86,体育运营与管理,C391,潍坊职业学院,50,531318
2024,2,30,电气自动化技术(中外合作办学)(与俄罗斯伏尔加格勒国立技术大学合作,C391,潍坊职业学院,50,481677
2024,2,70,化妆品技术(中外合作办学)(与韩国建阳大学合作办学),C391,潍坊职业学院,40,548187
2024,2,23,数控技术(高职技师合作培养，在潍坊市技师学院就读),C391,潍坊职业学院,40,500903
2024,2,35,汽车检测与维修技术(高职技师合作培养，在潍坊市技师学院就读),C391,潍坊职业学院,40,521252
2024,2,01,园林技术(高职3+2贯通培养，衔接临沂大学园林专业),C391,潍坊职业学院,40,227620
2024,2,02,园艺技术(高职3+2贯通培养，衔接山东农业大学园艺专业),C391,潍坊职业学院,80,212680
2024,2,03,园林工程技术(高职3+2贯通培养，衔接山东农业大学风景园林专业),C391,潍坊职业学院,30,211347
2024,2,12,食品智能加工技术(高职3+2贯通培养，衔接聊城大学食品科学与工程专业,C391,潍坊职业学院,30,228709
2024,2,18,机械设计与制造(高职3+2贯通培养，衔接济宁学院机械设计制造及其自动,C391,潍坊职业学院,40,243889
2024,2,48,大数据技术(高职3+2贯通培养，衔接潍坊学院数据科学与大数据技术专业,C391,潍坊职业学院,40,230585
2024,2,65,分析检验技术(高职3+2贯通培养，衔接临沂大学化学测量学与技术专业),C391,潍坊职业学院,40,238368
2024,2,WA,城市轨道车辆应用技术,C392,柳州铁道职业技术学院,5,341635
2024,2,WB,城市轨道交通机电技术,C392,柳州铁道职业技术学院,5,344002
2024,2,WC,城市轨道交通通信信号技术,C392,柳州铁道职业技术学院,5,346796
2024,2,WD,城市轨道交通运营管理,C392,柳州铁道职业技术学院,5,328208
2024,2,WH,铁道机车运用与维护,C392,柳州铁道职业技术学院,10,310092
2024,2,WM,铁道工程技术,C392,柳州铁道职业技术学院,5,322126
2024,2,WR,铁道交通运营管理,C392,柳州铁道职业技术学院,5,316607
2024,2,01,机电一体化技术,C396,烟台职业学院,30,341817
2024,2,02,机械制造及自动化,C396,烟台职业学院,75,355493
2024,2,03,数控技术,C396,烟台职业学院,34,369186
2024,2,04,工业设计,C396,烟台职业学院,40,410542
2024,2,05,模具设计与制造,C396,烟台职业学院,43,382275
2024,2,06,电气自动化技术,C396,烟台职业学院,162,351861
2024,2,07,电力系统自动化技术,C396,烟台职业学院,70,326756
2024,2,08,工业机器人技术,C396,烟台职业学院,42,375435
2024,2,09,应用电子技术,C396,烟台职业学院,87,383657
2024,2,10,无人机应用技术,C396,烟台职业学院,104,387051
2024,2,11,计算机网络技术,C396,烟台职业学院,17,316210
2024,2,12,软件技术,C396,烟台职业学院,100,350162
2024,2,13,数字媒体技术,C396,烟台职业学院,15,311575
2024,2,14,物联网应用技术,C396,烟台职业学院,60,366944
2024,2,15,动漫制作技术,C396,烟台职业学院,15,329789
2024,2,16,人工智能技术应用,C396,烟台职业学院,60,382063
2024,2,17,大数据与会计,C396,烟台职业学院,239,348060
2024,2,18,大数据与审计,C396,烟台职业学院,20,333310
2024,2,19,大数据与财务管理,C396,烟台职业学院,75,346988
2024,2,20,金融服务与管理,C396,烟台职业学院,20,397900
2024,2,21,市场营销,C396,烟台职业学院,86,511220
2024,2,22,电子商务,C396,烟台职业学院,21,410168
2024,2,23,现代物流管理,C396,烟台职业学院,133,494278
2024,2,24,商务英语,C396,烟台职业学院,77,430572
2024,2,25,国际商务,C396,烟台职业学院,139,626893
2024,2,27,广告艺术设计,C396,烟台职业学院,58,399530
2024,2,28,艺术设计,C396,烟台职业学院,38,423033
2024,2,29,旅游管理,C396,烟台职业学院,91,499464
2024,2,30,酒店管理与数字化运营,C396,烟台职业学院,68,508057
2024,2,31,建筑工程技术,C396,烟台职业学院,120,591086
2024,2,32,装配式建筑工程技术,C396,烟台职业学院,80,511155
2024,2,33,道路与桥梁工程技术,C396,烟台职业学院,50,391961
2024,2,34,工程造价,C396,烟台职业学院,200,606110
2024,2,35,建设工程管理,C396,烟台职业学院,67,517750
2024,2,36,汽车检测与维修技术,C396,烟台职业学院,49,407646
2024,2,37,汽车制造与试验技术,C396,烟台职业学院,34,406894
2024,2,38,新能源汽车技术,C396,烟台职业学院,54,370497
2024,2,39,船舶工程技术,C396,烟台职业学院,77,403429
2024,2,40,制冷与空调技术,C396,烟台职业学院,60,413464
2024,2,41,智能网联汽车技术,C396,烟台职业学院,28,410689
2024,2,42,应用化工技术,C396,烟台职业学院,550,501216
2024,2,43,生物制药技术,C396,烟台职业学院,69,388455
2024,2,44,食品营养与健康,C396,烟台职业学院,40,409150
2024,2,45,食品检验检测技术,C396,烟台职业学院,83,392534
2024,2,70,机电一体化技术(中外合作办学),C396,烟台职业学院,50,490246
2024,2,71,计算机网络技术(中外合作办学),C396,烟台职业学院,50,495739
2024,2,90,机电一体化技术,C396,烟台职业学院,15,537850
2024,2,91,软件技术,C396,烟台职业学院,15,560806
2024,2,92,大数据与会计,C396,烟台职业学院,15,493840
2024,2,60,工业设计(高职3+2贯通培养，衔接山东工艺美术学院工业设计专业),C396,烟台职业学院,30,247331
2024,2,61,电气自动化技术(高职3+2贯通培养，衔接山东工商学院自动化专业),C396,烟台职业学院,30,229366
2024,2,62,软件技术(高职3+2贯通培养，衔接山东工商学院软件工程专业),C396,烟台职业学院,30,226146
2024,2,64,商务英语(高职3+2贯通培养，衔接临沂大学商务英语专业),C396,烟台职业学院,40,202791
2024,2,67,生物制药技术(高职3+2贯通培养，衔接山东建筑大学生物工程专业),C396,烟台职业学院,40,217685
2024,2,04,道路与桥梁工程技术,C397,湖南交通职业技术学院,3,334131
2024,2,28,电子商务,C397,湖南交通职业技术学院,2,369262
2024,2,02,氢能技术应用,C410,合肥通用职业技术学院,2,351397
2024,2,0C,工业机器人技术,C410,合肥通用职业技术学院,1,360646
2024,2,0E,应用电子技术,C410,合肥通用职业技术学院,2,379940
2024,2,30,机电一体化技术,C415,沧州职业技术学院,13,439016
2024,2,35,大数据与会计,C415,沧州职业技术学院,10,431597
2024,2,55,大数据技术,C415,沧州职业技术学院,12,435621
2024,2,59,学前教育(师范类),C415,沧州职业技术学院,5,428787
2024,2,30,供用电技术,C418,河北能源职业技术学院,5,345662
2024,2,01,铁道工程技术,C424,石家庄铁路职业技术学院,8,250246
2024,2,02,高速铁路施工与维护,C424,石家庄铁路职业技术学院,5,268149
2024,2,03,道路与桥梁工程技术,C424,石家庄铁路职业技术学院,5,297051
2024,2,04,城市轨道交通工程技术,C424,石家庄铁路职业技术学院,3,257802
2024,2,05,建筑材料工程技术,C424,石家庄铁路职业技术学院,10,371247
2024,2,07,建筑设备工程技术,C424,石家庄铁路职业技术学院,10,382612
2024,2,10,无人机测绘技术,C424,石家庄铁路职业技术学院,12,326905
2024,2,11,铁道通信与信息化技术,C424,石家庄铁路职业技术学院,5,236311
2024,2,12,现代通信技术,C424,石家庄铁路职业技术学院,11,302177
2024,2,15,铁道供电技术,C424,石家庄铁路职业技术学院,5,258103
2024,2,17,机电一体化技术,C424,石家庄铁路职业技术学院,5,294563
2024,2,19,铁道信号自动控制,C424,石家庄铁路职业技术学院,5,247517
2024,2,20,铁道机车运用与维护,C424,石家庄铁路职业技术学院,5,232686
2024,2,21,铁道交通运营管理,C424,石家庄铁路职业技术学院,5,240591
2024,2,24,高速铁路客运服务,C424,石家庄铁路职业技术学院,6,263516
2024,2,01,工程测量技术,C425,湖南工程职业技术学院,1,344567
2024,2,02,测绘地理信息技术,C425,湖南工程职业技术学院,1,272694
2024,2,05,环境地质工程,C425,湖南工程职业技术学院,1,340177
2024,2,06,地质调查与矿产普查,C425,湖南工程职业技术学院,1,373583
2024,2,07,钻探工程技术,C425,湖南工程职业技术学院,1,396731
2024,2,08,岩土工程技术,C425,湖南工程职业技术学院,1,391815
2024,2,09,宝玉石鉴定与加工,C425,湖南工程职业技术学院,1,275076
2024,2,17,建筑工程技术,C425,湖南工程职业技术学院,1,346437
2024,2,19,地下与隧道工程技术,C425,湖南工程职业技术学院,1,378703
2024,2,20,道路与桥梁工程技术,C425,湖南工程职业技术学院,1,354966
2024,2,21,工程造价,C425,湖南工程职业技术学院,1,340499
2024,2,22,建设工程管理,C425,湖南工程职业技术学院,1,493386
2024,2,23,房地产经营与管理,C425,湖南工程职业技术学院,1,384005
2024,2,24,建筑经济信息化管理,C425,湖南工程职业技术学院,1,386275
2024,2,25,建筑装饰工程技术,C425,湖南工程职业技术学院,1,408379
2024,2,26,建筑室内设计,C425,湖南工程职业技术学院,1,343045
2024,2,27,环境艺术设计,C425,湖南工程职业技术学院,1,306875
2024,2,29,大数据与会计,C425,湖南工程职业技术学院,2,304356
2024,2,35,应用英语,C425,湖南工程职业技术学院,1,301459
2024,2,01,化工装备技术,C440,东营职业学院,33,504648
2024,2,02,化工自动化技术,C440,东营职业学院,34,464538
2024,2,03,石油化工技术,C440,东营职业学院,345,502479
2024,2,04,应用化工技术,C440,东营职业学院,283,515514
2024,2,05,油气储运技术,C440,东营职业学院,40,488268
2024,2,06,电气自动化技术,C440,东营职业学院,30,356104
2024,2,07,工业机器人技术,C440,东营职业学院,69,419139
2024,2,08,机电一体化技术,C440,东营职业学院,177,396094
2024,2,09,机械制造及自动化,C440,东营职业学院,92,391951
2024,2,10,数控技术,C440,东营职业学院,40,391962
2024,2,11,新能源汽车技术,C440,东营职业学院,40,412096
2024,2,12,汽车检测与维修技术,C440,东营职业学院,80,473995
2024,2,13,工程造价,C440,东营职业学院,88,550385
2024,2,14,建筑工程技术,C440,东营职业学院,101,572716
2024,2,15,建筑装饰工程技术,C440,东营职业学院,54,573055
2024,2,16,智能建造技术,C440,东营职业学院,73,527468
2024,2,18,大数据与会计,C440,东营职业学院,34,362254
2024,2,19,大数据与财务管理,C440,东营职业学院,29,380516
2024,2,20,金融服务与管理,C440,东营职业学院,27,484736
2024,2,21,国际经济与贸易,C440,东营职业学院,30,494469
2024,2,22,现代物流管理,C440,东营职业学院,68,532948
2024,2,23,电子商务,C440,东营职业学院,25,464231
2024,2,24,工商企业管理,C440,东营职业学院,30,479275
2024,2,25,旅游管理,C440,东营职业学院,35,513564
2024,2,26,市场营销,C440,东营职业学院,27,508158
2024,2,27,计算机网络技术,C440,东营职业学院,74,375732
2024,2,28,人工智能技术应用,C440,东营职业学院,63,427664
2024,2,29,软件技术,C440,东营职业学院,120,389758
2024,2,30,数字媒体技术,C440,东营职业学院,26,370724
2024,2,31,物联网应用技术,C440,东营职业学院,36,403035
2024,2,32,影视动画,C440,东营职业学院,40,475335
2024,2,33,现代农业技术,C440,东营职业学院,76,512541
2024,2,34,健康管理,C440,东营职业学院,42,465388
2024,2,35,食品检验检测技术,C440,东营职业学院,68,439728
2024,2,36,药品生产技术,C440,东营职业学院,79,445522
2024,2,37,园林技术,C440,东营职业学院,75,496004
2024,2,38,学前教育(师范类),C440,东营职业学院,69,418284
2024,2,39,空中乘务,C440,东营职业学院,40,552983
2024,2,40,民航安全技术管理,C440,东营职业学院,80,533362
2024,2,41,飞机机电设备维修,C440,东营职业学院,80,472182
2024,2,71,石油化工技术(中外合作办学)(与俄罗斯乌法国立石油技术大学合作),C440,东营职业学院,80,558322
2024,2,72,建筑工程技术(中外合作办学)(与俄罗斯乌法国立石油技术大学合作),C440,东营职业学院,80,583128
2024,2,81,机械制造及自动化,C440,东营职业学院,6,543951
2024,2,82,工程造价,C440,东营职业学院,6,584427
2024,2,83,建筑装饰工程技术,C440,东营职业学院,6,591644
2024,2,84,大数据与财务管理,C440,东营职业学院,6,509832
2024,2,85,市场营销,C440,东营职业学院,5,593944
2024,2,86,数字媒体技术,C440,东营职业学院,5,547176
2024,2,87,药品生产技术,C440,东营职业学院,5,508266
2024,2,88,学前教育(师范类),C440,东营职业学院,3,508051
2024,2,61,石油化工技术(高职3+2贯通培养，衔接枣庄学院化学工程与工艺专业),C440,东营职业学院,40,247925
2024,2,62,应用化工技术(高职3+2贯通培养，衔接山东石油化工学院化学工程与工艺,C440,东营职业学院,30,246479
2024,2,63,大数据与会计(高职3+2贯通培养，衔接山东女子学院会计学专业),C440,东营职业学院,40,197106
2024,2,64,现代物流管理(高职3+2贯通培养，衔接菏泽学院物流管理专业),C440,东营职业学院,40,245736
2024,2,66,园林技术(高职3+2贯通培养，衔接山东农业工程学院园林专业),C440,东营职业学院,40,241475
2024,2,67,畜禽智能化养殖(高职3+2贯通培养，衔接临沂大学动物科学专业),C440,东营职业学院,40,230094
2024,2,1A,园艺技术,C441,聊城职业技术学院,52,502622
2024,2,1B,绿色食品生产技术,C441,聊城职业技术学院,47,514588
2024,2,1C,园林技术,C441,聊城职业技术学院,40,503380
2024,2,1D,畜牧兽医,C441,聊城职业技术学院,46,420754
2024,2,1E,安全技术与管理,C441,聊城职业技术学院,120,540786
2024,2,1F,安全智能监测技术,C441,聊城职业技术学院,78,537574
2024,2,1G,建筑消防技术,C441,聊城职业技术学院,30,532747
2024,2,1H,电梯工程技术,C441,聊城职业技术学院,47,511309
2024,2,1K,测绘地理信息技术,C441,聊城职业技术学院,260,557489
2024,2,1L,建筑工程技术,C441,聊城职业技术学院,49,550078
2024,2,1M,无人机测绘技术,C441,聊城职业技术学院,90,533936
2024,2,1N,机械制造及自动化,C441,聊城职业技术学院,27,443610
2024,2,1P,增材制造技术,C441,聊城职业技术学院,18,520434
2024,2,1Q,机电一体化技术,C441,聊城职业技术学院,50,433019
2024,2,1R,工业机器人技术,C441,聊城职业技术学院,47,496818
2024,2,1S,电气自动化技术,C441,聊城职业技术学院,58,432285
2024,2,1U,工业互联网应用,C441,聊城职业技术学院,79,526810
2024,2,1V,新能源汽车技术,C441,聊城职业技术学院,55,484847
2024,2,1W,软件技术,C441,聊城职业技术学院,112,460185
2024,2,1X,云计算技术应用,C441,聊城职业技术学院,76,491311
2024,2,1Y,信息安全技术应用,C441,聊城职业技术学院,122,504255
2024,2,1Z,动漫制作技术,C441,聊城职业技术学院,43,464680
2024,2,2A,密码技术应用,C441,聊城职业技术学院,85,540489
2024,2,2B,护理,C441,聊城职业技术学院,94,411317
2024,2,2C,助产,C441,聊城职业技术学院,21,445256
2024,2,2D,健康管理,C441,聊城职业技术学院,37,488627
2024,2,2E,婴幼儿托育服务与管理,C441,聊城职业技术学院,20,504550
2024,2,2F,智慧健康养老服务与管理,C441,聊城职业技术学院,79,490566
2024,2,2G,药学,C441,聊城职业技术学院,68,442840
2024,2,2H,中药学,C441,聊城职业技术学院,90,452369
2024,2,2K,医学检验技术,C441,聊城职业技术学院,80,411315
2024,2,2L,医学生物技术,C441,聊城职业技术学院,22,456346
2024,2,2M,口腔医学技术,C441,聊城职业技术学院,50,395700
2024,2,2N,康复治疗技术,C441,聊城职业技术学院,88,451417
2024,2,2P,金融服务与管理,C441,聊城职业技术学院,50,510039
2024,2,2Q,大数据与会计,C441,聊城职业技术学院,63,375964
2024,2,2R,市场营销,C441,聊城职业技术学院,54,540597
2024,2,2S,电子商务,C441,聊城职业技术学院,49,542240
2024,2,2T,现代物流管理,C441,聊城职业技术学院,63,556443
2024,2,2V,酒店管理与数字化运营,C441,聊城职业技术学院,117,550324
2024,2,2W,烹饪工艺与营养,C441,聊城职业技术学院,72,525282
2024,2,1T,电气自动化技术(高职技师合作培养，在聊城市技师学院就读),C441,聊城职业技术学院,50,500155
2024,2,3A,护理(高职3+2贯通培养，衔接聊城大学护理学专业),C441,聊城职业技术学院,30,198736
2024,2,3B,机电一体化技术(高职3+2贯通培养，衔接聊城大学机械电子工程专业),C441,聊城职业技术学院,30,223426
2024,2,3C,信息安全技术应用(高职3+2贯通培养，衔接山东政法学院网络空间安全专,C441,聊城职业技术学院,30,216791
2024,2,3D,软件技术(高职3+2贯通培养，衔接山东政法学院计算机科学与技术专业),C441,聊城职业技术学院,30,219820
2024,2,3F,大数据与会计(高职3+2贯通培养，衔接山东政法学院财务管理专业),C441,聊城职业技术学院,50,195939
2024,2,3G,口腔医学技术(高职3+2贯通培养，衔接聊城大学口腔医学技术专业),C441,聊城职业技术学院,30,195466
2024,2,27,消防救援技术,C443,兴安职业技术学院,10,532225
2024,2,31,建筑消防技术,C443,兴安职业技术学院,10,578901
2024,2,04,动物医学,C448,北京农业职业学院,4,217769
2024,2,07,食品质量与安全,C448,北京农业职业学院,4,255667
2024,2,0Z,水利水电工程技术,C448,北京农业职业学院,4,269022
2024,2,01,法律文秘,C451,北京政法职业学院,2,230080
2024,2,03,法律事务(金融法律实务),C451,北京政法职业学院,2,200141
2024,2,05,刑事执行(司法助理),C451,北京政法职业学院,1,207782
2024,2,06,安全保卫管理(警务管理),C451,北京政法职业学院,2,266756
2024,2,09,空中乘务,C451,北京政法职业学院,3,275054
2024,2,14,劳动与社会保障(仲裁与监察),C451,北京政法职业学院,3,255673
2024,2,15,传播与策划(全媒体运营师),C451,北京政法职业学院,2,262227
2024,2,01,小学语文教育(师范类),C481,拉萨师范高等专科学校,5,324945
2024,2,02,小学英语教育(师范类),C481,拉萨师范高等专科学校,10,420195
2024,2,04,小学数学教育(师范类),C481,拉萨师范高等专科学校,10,414667
2024,2,06,计算机应用技术,C481,拉萨师范高等专科学校,5,452615
2024,2,0E,学前教育(师范类),C481,拉萨师范高等专科学校,10,464601
2024,2,02,油气储运技术,C482,克拉玛依职业技术学院,2,385717
2024,2,07,石油工程技术,C482,克拉玛依职业技术学院,2,372867
2024,2,0E,机械制造及自动化,C482,克拉玛依职业技术学院,2,414593
2024,2,0G,智能制造装备技术,C482,克拉玛依职业技术学院,2,466917
2024,2,0J,电气自动化技术,C482,克拉玛依职业技术学院,2,413545
2024,2,0Q,石油化工技术,C482,克拉玛依职业技术学院,2,355880
2024,2,0R,分析检验技术,C482,克拉玛依职业技术学院,2,445045
2024,2,0S,化工装备技术,C482,克拉玛依职业技术学院,2,472546
2024,2,10,云计算技术应用,C482,克拉玛依职业技术学院,2,400551
2024,2,11,大数据与会计,C482,克拉玛依职业技术学院,2,455127
2024,2,01,智能焊接技术,C484,天津滨海职业学院,1,301909
2024,2,03,机电一体化技术,C484,天津滨海职业学院,1,299058
2024,2,04,工业机器人技术,C484,天津滨海职业学院,1,321411
2024,2,05,电气自动化技术,C484,天津滨海职业学院,1,305880
2024,2,08,计算机应用技术,C484,天津滨海职业学院,1,321329
2024,2,09,计算机网络技术,C484,天津滨海职业学院,1,324219
2024,2,0A,软件技术,C484,天津滨海职业学院,1,293089
2024,2,0C,工业互联网技术,C484,天津滨海职业学院,1,334225
2024,2,0D,关务与外贸服务(货运代理方向),C484,天津滨海职业学院,1,308788
2024,2,0E,电子商务,C484,天津滨海职业学院,1,311437
2024,2,0F,跨境电子商务,C484,天津滨海职业学院,1,321028
2024,2,0M,工程造价,C484,天津滨海职业学院,1,353488
2024,2,0P,大数据与会计,C484,天津滨海职业学院,1,267110
2024,2,0R,学前教育,C484,天津滨海职业学院,1,312517
2024,2,0S,党务工作,C484,天津滨海职业学院,1,297746
2024,2,0T,智慧健康养老服务与管理,C484,天津滨海职业学院,1,314812
2024,2,12,会展策划与管理,C493,上海行健职业学院,3,306174
2024,2,19,汽车检测与维修技术,C493,上海行健职业学院,5,373174
2024,2,22,机电一体化技术,C493,上海行健职业学院,3,306309
2024,2,23,信息安全技术应用,C493,上海行健职业学院,4,320158
2024,2,07,工商企业管理(中外合作办学)(中法合作),C493,上海行健职业学院,5,386563
2024,2,01,工程测量技术,C495,上海城建职业学院,2,329302
2024,2,02,建筑工程技术,C495,上海城建职业学院,4,337723
2024,2,05,智能建造技术,C495,上海城建职业学院,3,348596
2024,2,06,工程造价,C495,上海城建职业学院,4,303184
2024,2,07,建设工程管理,C495,上海城建职业学院,3,372977
2024,2,09,智慧城市管理技术,C495,上海城建职业学院,3,335658
2024,2,11,建筑智能化工程技术,C495,上海城建职业学院,3,359862
2024,2,12,现代物业管理,C495,上海城建职业学院,3,334209
2024,2,13,园林技术,C495,上海城建职业学院,3,276727
2024,2,14,环境工程技术,C495,上海城建职业学院,3,333484
2024,2,15,园林工程技术,C495,上海城建职业学院,3,337293
2024,2,16,市政工程技术,C495,上海城建职业学院,5,345332
2024,2,17,道路与桥梁工程技术,C495,上海城建职业学院,3,337928
2024,2,18,机电一体化技术,C495,上海城建职业学院,5,292578
2024,2,19,智能控制技术,C495,上海城建职业学院,3,303656
2024,2,20,计算机应用技术,C495,上海城建职业学院,6,275564
2024,2,21,大数据技术,C495,上海城建职业学院,3,286103
2024,2,22,人工智能技术应用,C495,上海城建职业学院,3,279859
2024,2,23,建筑设计,C495,上海城建职业学院,3,300219
2024,2,24,建筑装饰工程技术,C495,上海城建职业学院,3,408963
2024,2,25,古建筑工程技术,C495,上海城建职业学院,3,315999
2024,2,28,文物修复与保护,C495,上海城建职业学院,5,258038
2024,2,29,食品质量与安全,C495,上海城建职业学院,4,313869
2024,2,30,食品检验检测技术,C495,上海城建职业学院,3,313044
2024,2,33,会展策划与管理,C495,上海城建职业学院,2,286400
2024,2,34,护理,C495,上海城建职业学院,5,271766
2024,2,36,医学检验技术,C495,上海城建职业学院,7,284483
2024,2,37,健康管理(医学美容),C495,上海城建职业学院,3,316209
2024,2,38,社会工作,C495,上海城建职业学院,2,294445
2024,2,39,智慧健康养老服务与管理,C495,上海城建职业学院,3,325132
2024,2,40,大数据与会计,C495,上海城建职业学院,3,245490
2024,2,41,国际商务,C495,上海城建职业学院,3,273177
2024,2,43,现代物流管理,C495,上海城建职业学院,3,322582
2024,2,44,现代物流管理(铁路运输),C495,上海城建职业学院,2,324351
2024,2,45,人力资源管理,C495,上海城建职业学院,4,282916
2024,2,01,城市轨道车辆应用技术,C497,上海交通职业技术学院,3,267473
2024,2,02,城市轨道交通工程技术,C497,上海交通职业技术学院,5,300674
2024,2,03,城市轨道交通供配电技术,C497,上海交通职业技术学院,3,284714
2024,2,07,汽车技术服务与营销,C497,上海交通职业技术学院,5,375737
2024,2,10,新能源汽车技术,C497,上海交通职业技术学院,5,316215
2024,2,11,智能网联汽车技术,C497,上海交通职业技术学院,6,344217
2024,2,18,港口机械与智能控制,C497,上海交通职业技术学院,5,337586
2024,2,19,集装箱运输管理,C497,上海交通职业技术学院,5,356948
2024,2,21,轮机工程技术,C497,上海交通职业技术学院,3,301772
2024,2,27,国际商务,C497,上海交通职业技术学院,5,320187
2024,2,01,应用电子技术,C499,上海电子信息职业技术学院,12,326745
2024,2,02,智能控制技术,C499,上海电子信息职业技术学院,10,335356
2024,2,03,微电子技术,C499,上海电子信息职业技术学院,10,346806
2024,2,04,电子竞技运动与管理,C499,上海电子信息职业技术学院,10,345267
2024,2,05,集成电路技术,C499,上海电子信息职业技术学院,8,345043
2024,2,06,工业机器人技术,C499,上海电子信息职业技术学院,5,303899
2024,2,07,电气自动化技术,C499,上海电子信息职业技术学院,5,288860
2024,2,08,数控技术,C499,上海电子信息职业技术学院,10,346559
2024,2,09,智能机器人技术,C499,上海电子信息职业技术学院,10,286321
2024,2,10,机电一体化技术,C499,上海电子信息职业技术学院,10,317259
2024,2,11,人力资源管理,C499,上海电子信息职业技术学院,5,306136
2024,2,12,会展策划与管理,C499,上海电子信息职业技术学院,5,310169
2024,2,14,金融服务与管理,C499,上海电子信息职业技术学院,10,313259
2024,2,15,大数据与会计,C499,上海电子信息职业技术学院,5,262425
2024,2,18,数字媒体技术,C499,上海电子信息职业技术学院,5,274866
2024,2,20,密码技术应用,C499,上海电子信息职业技术学院,10,353066
2024,2,21,信息安全技术应用,C499,上海电子信息职业技术学院,15,302043
2024,2,23,大数据技术,C499,上海电子信息职业技术学院,5,286757
2024,2,24,人工智能技术应用,C499,上海电子信息职业技术学院,5,306893
2024,2,25,建筑智能化工程技术(楼宇智能化方向),C499,上海电子信息职业技术学院,9,372374
2024,2,26,智能互联网络技术,C499,上海电子信息职业技术学院,4,315868
2024,2,27,软件技术,C499,上海电子信息职业技术学院,4,276211
2024,2,28,计算机应用技术,C499,上海电子信息职业技术学院,10,272635
2024,2,29,现代通信技术,C499,上海电子信息职业技术学院,4,308475
2024,2,30,计算机网络技术,C499,上海电子信息职业技术学院,4,276891
2024,2,32,应用德语,C499,上海电子信息职业技术学院,2,324615
2024,2,33,应用英语,C499,上海电子信息职业技术学院,8,304317
2024,2,35,飞机机电设备维修,C499,上海电子信息职业技术学院,10,335071
2024,2,36,无人机应用技术,C499,上海电子信息职业技术学院,10,332844
2024,2,37,飞机电子设备维修,C499,上海电子信息职业技术学院,10,331816
2024,2,39,数字化设计与制造技术,C499,上海电子信息职业技术学院,20,355966
2024,2,03,钻探工程技术,C510,陕西能源职业技术学院,5,409273
2024,2,04,工程测量技术,C510,陕西能源职业技术学院,5,364083
2024,2,05,无人机测绘技术,C510,陕西能源职业技术学院,3,353460
2024,2,31,数字媒体技术,C510,陕西能源职业技术学院,1,272740
2024,2,34,护理,C510,陕西能源职业技术学院,6,315798
2024,2,37,针灸推拿,C510,陕西能源职业技术学院,5,310911
2024,2,50,智慧健康养老服务与管理,C510,陕西能源职业技术学院,5,353535
2024,2,01,建筑工程技术,C511,甘肃建筑职业技术学院,5,546163
2024,2,02,建设工程监理,C511,甘肃建筑职业技术学院,5,555653
2024,2,0A,道路与桥梁工程技术,C511,甘肃建筑职业技术学院,3,426935
2024,2,0G,道路工程检测技术,C511,甘肃建筑职业技术学院,6,510362
2024,2,0K,市政工程技术,C511,甘肃建筑职业技术学院,4,489183
2024,2,0Q,建筑设计,C511,甘肃建筑职业技术学院,4,452989
2024,2,0V,工程造价,C511,甘肃建筑职业技术学院,5,650115
2024,2,11,工程测量技术,C511,甘肃建筑职业技术学院,6,535693
2024,2,28,工业机器人技术,C514,新疆轻工职业技术学院,3,455181
2024,2,3R,工业过程自动化技术,C514,新疆轻工职业技术学院,2,447324
2024,2,41,应用化工技术,C514,新疆轻工职业技术学院,10,500821
2024,2,4N,石油化工技术,C514,新疆轻工职业技术学院,5,491257
2024,2,59,分析检验技术,C514,新疆轻工职业技术学院,2,490736
2024,2,7K,食品智能加工技术,C514,新疆轻工职业技术学院,3,530486
2024,2,8F,食品质量与安全,C514,新疆轻工职业技术学院,5,530109
2024,2,8U,食品检验检测技术,C514,新疆轻工职业技术学院,5,547777
2024,2,AM,大数据技术,C514,新疆轻工职业技术学院,2,391634
2024,2,JS,机械制造及自动化,C514,新疆轻工职业技术学院,3,442202
2024,2,N0,食品生物技术,C514,新疆轻工职业技术学院,5,565888
2024,2,R6,计算机网络技术,C514,新疆轻工职业技术学院,5,362582
2024,2,RP,现代移动通信技术,C514,新疆轻工职业技术学院,5,450761
2024,2,RS,智能互联网络技术,C514,新疆轻工职业技术学院,5,432711
2024,2,32,应用化工技术,C539,酒泉职业技术学院,5,491670
2024,2,42,风力发电工程技术,C539,酒泉职业技术学院,5,449596
2024,2,07,作物生产与经营管理,C555,云南农业职业技术学院,2,442575
2024,2,23,食品智能加工技术,C555,云南农业职业技术学院,2,457169
2024,2,36,会计信息管理,C555,云南农业职业技术学院,3,452215
2024,2,47,供应链运营,C555,云南农业职业技术学院,3,488836
2024,2,44,大数据与会计,C560,云南经济管理学院,4,473839
2024,2,50,高速铁路客运服务,C560,云南经济管理学院,4,554601
2024,2,60,学前教育,C560,云南经济管理学院,6,644686
2024,2,62,护理,C560,云南经济管理学院,5,549569
2024,2,63,康复治疗技术,C560,云南经济管理学院,4,582121
2024,2,68,建筑室内设计,C560,云南经济管理学院,4,630980
2024,2,01,大数据与会计,C561,北京财贸职业学院,6,254842
2024,2,02,大数据与会计(税务会计),C561,北京财贸职业学院,3,252675
2024,2,03,会计信息管理,C561,北京财贸职业学院,3,273705
2024,2,04,大数据与财务管理,C561,北京财贸职业学院,3,255524
2024,2,05,金融服务与管理,C561,北京财贸职业学院,2,287570
2024,2,06,金融科技应用,C561,北京财贸职业学院,2,289635
2024,2,07,财富管理,C561,北京财贸职业学院,2,318239
2024,2,08,工商企业管理(人力资源),C561,北京财贸职业学院,2,267958
2024,2,0A,人工智能技术应用,C561,北京财贸职业学院,2,281632
2024,2,0B,连锁经营与管理,C561,北京财贸职业学院,3,316334
2024,2,0C,供应链运营,C561,北京财贸职业学院,3,306801
2024,2,0D,导游(研学旅行策划与管理),C561,北京财贸职业学院,2,290044
2024,2,0E,酒店管理与数字化运营,C561,北京财贸职业学院,2,331837
2024,2,0G,空中乘务(航空服务与管理),C561,北京财贸职业学院,3,319614
2024,2,0H,会展策划与管理,C561,北京财贸职业学院,3,293016
2024,2,0J,影视多媒体技术,C561,北京财贸职业学院,3,253165
2024,2,0K,影视多媒体技术(电竞新媒体技术),C561,北京财贸职业学院,4,289884
2024,2,0L,工程造价,C561,北京财贸职业学院,2,291928
2024,2,0M,建筑室内设计,C561,北京财贸职业学院,2,274562
2024,2,0P,建筑智能化工程技术,C561,北京财贸职业学院,2,329856
2024,2,0Q,学前教育,C561,北京财贸职业学院,4,303509
2024,2,0R,婴幼儿托育服务与管理,C561,北京财贸职业学院,2,377632
2024,2,01,临床医学,C562,青海卫生职业技术学院,2,349761
2024,2,02,口腔医学,C562,青海卫生职业技术学院,2,314369
2024,2,03,护理,C562,青海卫生职业技术学院,2,387721
2024,2,05,药学,C562,青海卫生职业技术学院,1,376379
2024,2,06,中医学,C562,青海卫生职业技术学院,2,365018
2024,2,07,针灸推拿,C562,青海卫生职业技术学院,1,342105
2024,2,09,中药学,C562,青海卫生职业技术学院,1,388183
2024,2,0A,医学检验技术,C562,青海卫生职业技术学院,1,389968
2024,2,0B,医学影像技术,C562,青海卫生职业技术学院,1,355254
2024,2,0E,康复治疗技术,C562,青海卫生职业技术学院,1,380547
2024,2,01,软件技术,C564,北京北大方正软件职业技术学院,22,610836
2024,2,02,人工智能技术应用,C564,北京北大方正软件职业技术学院,10,644660
2024,2,03,计算机网络技术,C564,北京北大方正软件职业技术学院,19,646161
2024,2,04,大数据技术,C564,北京北大方正软件职业技术学院,10,639195
2024,2,05,护理,C564,北京北大方正软件职业技术学院,6,567029
2024,2,06,康复治疗技术,C564,北京北大方正软件职业技术学院,3,595441
2024,2,01,人工智能技术应用,C565,北京经贸职业学院,5,485642
2024,2,02,计算机应用技术(5G软件开发),C565,北京经贸职业学院,3,381630
2024,2,03,影视动画(影视特效),C565,北京经贸职业学院,2,445802
2024,2,04,建筑室内设计,C565,北京经贸职业学院,4,466562
2024,2,05,学前教育,C565,北京经贸职业学院,2,484519
2024,2,06,婴幼儿托育服务与管理,C565,北京经贸职业学院,2,504865
2024,2,07,人力资源管理,C565,北京经贸职业学院,3,481421
2024,2,08,大数据与会计,C565,北京经贸职业学院,5,433861
2024,2,09,大数据与会计(银行业务方向),C565,北京经贸职业学院,4,465673
2024,2,0B,大数据与财务管理,C566,北京经济技术职业学院,2,398716
2024,2,0C,大数据与会计(智能化会计订单班),C566,北京经济技术职业学院,2,346356
2024,2,0F,软件技术(高德订单班),C566,北京经济技术职业学院,2,280054
2024,2,0G,计算机应用技术(三六零订单班),C566,北京经济技术职业学院,2,353787
2024,2,0J,学前教育(幼儿园订单班),C566,北京经济技术职业学院,2,399126
2024,2,0M,智慧健康养老服务与管理(泰康订单班),C566,北京经济技术职业学院,1,242822
2024,2,06,护理,C568,北京汇佳职业学院,10,561011
2024,2,10,影视制片管理,C568,北京汇佳职业学院,18,596792
2024,2,12,数字媒体技术,C568,北京汇佳职业学院,4,508262
2024,2,13,软件技术,C568,北京汇佳职业学院,2,498836
2024,2,14,人工智能技术应用,C568,北京汇佳职业学院,2,479843
2024,2,16,空中乘务,C568,北京汇佳职业学院,12,600302
2024,2,17,机场运行服务与管理,C568,北京汇佳职业学院,6,580267
2024,2,18,网络营销与直播电商,C568,北京汇佳职业学院,4,569963
2024,2,19,电子商务(数字化新居住运营),C568,北京汇佳职业学院,4,559769
2024,2,21,人力资源管理,C568,北京汇佳职业学院,2,441631
2024,2,1A,新能源材料应用技术,C570,新疆能源职业技术学院,7,596411
2024,2,E1,机电一体化技术,C570,新疆能源职业技术学院,5,563317
2024,2,F1,电气自动化技术,C570,新疆能源职业技术学院,5,582681
2024,2,H1,人工智能技术应用,C570,新疆能源职业技术学院,8,599366
2024,2,V1,信息安全技术应用,C570,新疆能源职业技术学院,5,593802
2024,2,W1,工业互联网技术,C570,新疆能源职业技术学院,5,590223
2024,2,01,护理,C575,广州康大职业技术学院,2,500375
2024,2,03,康复治疗技术,C575,广州康大职业技术学院,2,527217
2024,2,J7,计算机应用技术,C576,珠海艺术职业学院,1,385070
2024,2,02,测绘工程技术,C581,河南工业和信息化职业学院,3,500879
2024,2,09,工程造价,C581,河南工业和信息化职业学院,3,443123
2024,2,0A,数字化设计与制造技术,C581,河南工业和信息化职业学院,4,471234
2024,2,0B,机械制造及自动化,C581,河南工业和信息化职业学院,4,455189
2024,2,0F,机电一体化技术,C581,河南工业和信息化职业学院,5,444203
2024,2,0G,智能控制技术,C581,河南工业和信息化职业学院,3,465215
2024,2,0L,新能源汽车技术,C581,河南工业和信息化职业学院,10,477651
2024,2,0V,计算机应用技术(PHP网站开发方向),C581,河南工业和信息化职业学院,5,471528
2024,2,12,工业互联网技术,C581,河南工业和信息化职业学院,5,483649
2024,2,14,大数据与财务管理,C581,河南工业和信息化职业学院,3,364297
2024,2,1F,电子竞技运动与管理,C581,河南工业和信息化职业学院,5,508563
2024,2,01,护理,C583,上海震旦职业学院,13,586281
2024,2,02,药学,C583,上海震旦职业学院,12,596807
2024,2,06,数字媒体技术,C583,上海震旦职业学院,5,584312
2024,2,12,无人机测绘技术,C583,上海震旦职业学院,5,592383
2024,2,14,电子商务,C583,上海震旦职业学院,5,626153
2024,2,17,酒店管理与数字化运营,C583,上海震旦职业学院,10,279790
2024,2,19,空中乘务,C583,上海震旦职业学院,5,637243
2024,2,20,学前教育,C583,上海震旦职业学院,5,613577
2024,2,22,传播与策划,C583,上海震旦职业学院,5,598657
2024,2,27,影视编导,C583,上海震旦职业学院,5,604891
2024,2,28,影视多媒体技术,C583,上海震旦职业学院,5,619001
2024,2,01,宠物医疗技术,C584,上海民远职业技术学院,3,573102
2024,2,02,大数据与会计,C584,上海民远职业技术学院,3,445574
2024,2,05,集装箱运输管理(集装箱多式联运实务方向),C584,上海民远职业技术学院,3,596816
2024,2,06,机电一体化技术,C584,上海民远职业技术学院,3,408410
2024,2,09,智能医疗装备技术,C584,上海民远职业技术学院,3,595653
2024,2,10,酒店管理与数字化运营,C584,上海民远职业技术学院,3,614751
2024,2,11,应用英语(国际导游方向),C584,上海民远职业技术学院,3,512932
2024,2,12,电子商务,C584,上海民远职业技术学院,2,568191
2024,2,13,跨境电子商务,C584,上海民远职业技术学院,3,638028
2024,2,01,护理,C586,上海思博职业技术学院,6,558569
2024,2,05,智慧健康养老服务与管理,C586,上海思博职业技术学院,6,631094
2024,2,06,电子商务,C586,上海思博职业技术学院,8,637244
2024,2,07,金融服务与管理,C586,上海思博职业技术学院,8,640885
2024,2,10,学前教育,C586,上海思博职业技术学院,10,652353
2024,2,12,婴幼儿托育服务与管理,C586,上海思博职业技术学院,4,638723
2024,2,14,建筑工程技术(装配化施工方向),C586,上海思博职业技术学院,4,651337
2024,2,15,工程造价,C586,上海思博职业技术学院,4,650765
2024,2,16,建筑装饰工程技术(装饰工程设计方向),C586,上海思博职业技术学院,4,649416
2024,2,17,新能源汽车技术,C586,上海思博职业技术学院,4,605463
2024,2,18,机电一体化技术,C586,上海思博职业技术学院,4,621329
2024,2,19,数控技术(智能制造方向),C586,上海思博职业技术学院,4,645676
2024,2,20,计算机应用技术(VR虚拟现实方向),C586,上海思博职业技术学院,4,623594
2024,2,21,大数据技术,C586,上海思博职业技术学院,6,632170
2024,2,22,计算机网络技术,C586,上海思博职业技术学院,6,627754
2024,2,23,人工智能技术应用,C586,上海思博职业技术学院,6,624049
2024,2,24,健身指导与管理,C586,上海思博职业技术学院,8,633441
2024,2,08,应用英语(中外合作办学)(涉外服务管理方向),C586,上海思博职业技术学院,4,645573
2024,2,22,传播与策划,C588,上海工艺美术职业学院,2,250116
2024,2,24,数字媒体技术,C588,上海工艺美术职业学院,2,248173
2024,2,25,美术教育,C588,上海工艺美术职业学院,3,283520
2024,2,28,风景园林设计,C588,上海工艺美术职业学院,3,268061
2024,2,13,园林技术,C593,辽宁生态工程职业学院,5,337252
2024,2,33,家具设计与制造,C593,辽宁生态工程职业学院,5,406841
2024,2,G8,财富管理,C594,沈阳职业技术学院,4,331731
2024,2,H1,建筑工程技术,C594,沈阳职业技术学院,4,334371
2024,2,J5,智能焊接技术,C594,沈阳职业技术学院,5,338483
2024,2,L5,文化创意与策划,C594,沈阳职业技术学院,7,337227
2024,2,X7,云计算技术应用,C594,沈阳职业技术学院,5,291151
2024,2,01,保险实务,C596,保险职业学院,10,463303
2024,2,02,保险实务(车险查勘定损),C596,保险职业学院,2,337625
2024,2,03,保险实务(培训讲师),C596,保险职业学院,3,414252
2024,2,04,保险实务(人伤理赔),C596,保险职业学院,2,428459
2024,2,05,保险实务(核保核赔),C596,保险职业学院,3,410383
2024,2,06,金融服务与管理,C596,保险职业学院,2,437134
2024,2,07,网络营销与直播电商,C596,保险职业学院,5,506745
2024,2,08,大数据与会计,C596,保险职业学院,2,392038
2024,2,09,电子商务,C596,保险职业学院,2,479704
2024,2,10,跨境电子商务,C596,保险职业学院,5,514065
2024,2,11,商务管理,C596,保险职业学院,5,504178
2024,2,12,护理,C596,保险职业学院,4,415170
2024,2,13,健康管理,C596,保险职业学院,5,476916
2024,2,14,智慧健康养老服务与管理,C596,保险职业学院,5,504018
2024,2,04,动物医学,C600,邵阳职业技术学院,4,338100
2024,2,07,现代农业技术,C600,邵阳职业技术学院,4,453969
2024,2,15,电梯工程技术,C600,邵阳职业技术学院,4,530905
2024,2,19,新能源汽车技术,C600,邵阳职业技术学院,4,503034
2024,2,20,工业机器人技术,C600,邵阳职业技术学院,4,501048
2024,2,08,法律事务,C601,湖南司法警官职业学院,10,303734
2024,2,0A,司法警务,C601,湖南司法警官职业学院,5,297034
2024,2,0C,司法鉴定技术,C601,湖南司法警官职业学院,5,274779
2024,2,01,畜牧兽医,C605,重庆三峡职业学院,6,308267
2024,2,0A,植物保护与检疫技术,C605,重庆三峡职业学院,4,371379
2024,2,67,计算机类,C609,重庆电子科技职业大学,5,241123
2024,2,69,汽车制造类,C609,重庆电子科技职业大学,5,296577
2024,2,70,自动化类,C609,重庆电子科技职业大学,5,278663
2024,2,73,物流类,C609,重庆电子科技职业大学,5,273266
2024,2,76,建设工程管理类,C609,重庆电子科技职业大学,5,301019
2024,2,05,发电厂及电力系统,C627,福建水利电力职业技术学院,5,328109
2024,2,01,电气自动化技术,C637,四川化工职业技术学院,8,359197
2024,2,32,药品生产技术,C637,四川化工职业技术学院,6,451394
2024,2,36,应用化工技术,C637,四川化工职业技术学院,6,396222
2024,2,14,供用电技术,C638,四川水利职业技术学院,3,289969
2024,2,36,工业机器人技术,C641,四川航天职业技术学院,4,336202
2024,2,44,现代物流管理,C641,四川航天职业技术学院,4,359179
2024,2,57,信息安全技术应用,C641,四川航天职业技术学院,4,326964
2024,2,3A,机电一体化技术(中外合作办学),C641,四川航天职业技术学院,3,382591
2024,2,G9,铁道交通运营管理,C670,呼和浩特职业学院,15,333648
2024,2,H1,铁道车辆技术,C670,呼和浩特职业学院,10,342872
2024,2,H5,空中乘务,C677,锡林郭勒职业学院,5,580224
2024,2,J1,民航安全技术管理,C677,锡林郭勒职业学院,5,560596
2024,2,L1,畜牧兽医,C677,锡林郭勒职业学院,5,462286
2024,2,N2,食品质量与安全,C677,锡林郭勒职业学院,5,548355
2024,2,02,航海技术,C679,江苏海事职业技术学院,40,366360
2024,2,10,水路运输安全管理,C679,江苏海事职业技术学院,4,327935
2024,2,13,轮机工程技术,C679,江苏海事职业技术学院,20,370541
2024,2,22,船舶电子电气技术,C679,江苏海事职业技术学院,4,339282
2024,2,30,电气自动化技术,C679,江苏海事职业技术学院,8,291453
2024,2,38,机电一体化技术,C679,江苏海事职业技术学院,5,307771
2024,2,41,工业机器人技术,C679,江苏海事职业技术学院,5,319468
2024,2,45,船舶工程技术,C679,江苏海事职业技术学院,8,337871
2024,2,50,机械制造及自动化,C679,江苏海事职业技术学院,6,315591
2024,2,52,海洋工程装备技术,C679,江苏海事职业技术学院,6,358229
2024,2,55,集装箱运输管理,C679,江苏海事职业技术学院,4,333357
2024,2,58,关务与外贸服务,C679,江苏海事职业技术学院,4,287039
2024,2,61,港口与航运管理,C679,江苏海事职业技术学院,8,322503
2024,2,69,商务英语,C679,江苏海事职业技术学院,6,283042
2024,2,73,现代物流管理,C679,江苏海事职业技术学院,8,306860
2024,2,76,软件技术,C679,江苏海事职业技术学院,6,277194
2024,2,79,电子信息工程技术,C679,江苏海事职业技术学院,2,260612
2024,2,82,现代移动通信技术,C679,江苏海事职业技术学院,2,296100
2024,2,86,大数据技术,C679,江苏海事职业技术学院,2,267652
2024,2,88,人工智能技术应用,C679,江苏海事职业技术学院,4,280304
2024,2,93,国际邮轮乘务管理,C679,江苏海事职业技术学院,12,355025
2024,2,96,邮轮内装技术,C679,江苏海事职业技术学院,6,370447
2024,2,01,物联网应用技术,C681,无锡科技职业学院,10,298364
2024,2,09,集成电路技术,C681,无锡科技职业学院,10,333823
2024,2,0B,安全技术与管理,C681,无锡科技职业学院,10,341050
2024,2,AL,电子商务,C681,无锡科技职业学院,10,318301
2024,2,01,护理,C682,江苏医药职业学院,5,263091
2024,2,06,药学,C682,江苏医药职业学院,5,266226
2024,2,09,临床医学,C682,江苏医药职业学院,5,305138
2024,2,10,口腔医学,C682,江苏医药职业学院,5,288886
2024,2,15,预防医学,C682,江苏医药职业学院,5,333223
2024,2,19,医学影像技术,C682,江苏医药职业学院,5,263023
2024,2,05,园艺技术,C684,南通科技职业学院,4,369107
2024,2,09,市政工程技术,C684,南通科技职业学院,4,387980
2024,2,13,环境监测技术,C684,南通科技职业学院,4,372091
2024,2,21,机电一体化技术,C684,南通科技职业学院,4,334974
2024,2,34,现代物流管理,C684,南通科技职业学院,4,356538
2024,2,01,市场营销,C685,苏州经贸职业技术学院,2,255582
2024,2,05,网络营销与直播电商,C685,苏州经贸职业技术学院,2,258087
2024,2,08,计算机应用技术,C685,苏州经贸职业技术学院,2,256919
2024,2,15,大数据与会计,C685,苏州经贸职业技术学院,2,180955
2024,2,20,机电一体化技术,C685,苏州经贸职业技术学院,2,259366
2024,2,1A,数控技术,C686,苏州工业职业技术学院,3,278410
2024,2,1C,工业工程技术,C686,苏州工业职业技术学院,3,289307
2024,2,2C,工业机器人技术,C686,苏州工业职业技术学院,2,270649
2024,2,3B,物联网应用技术,C686,苏州工业职业技术学院,4,279238
2024,2,3C,智能产品开发与应用,C686,苏州工业职业技术学院,3,288545
2024,2,3D,现代通信技术,C686,苏州工业职业技术学院,3,277471
2024,2,8D,智能网联汽车技术,C686,苏州工业职业技术学院,2,281788
2024,2,02,国际经济与贸易,C702,无锡商业职业技术学院,4,290393
2024,2,06,跨境电子商务,C702,无锡商业职业技术学院,3,301522
2024,2,07,商务数据分析与应用,C702,无锡商业职业技术学院,4,316381
2024,2,11,大数据与财务管理,C702,无锡商业职业技术学院,4,255287
2024,2,12,大数据与会计,C702,无锡商业职业技术学院,3,247746
2024,2,15,金融服务与管理,C702,无锡商业职业技术学院,3,284863
2024,2,16,酒店管理与数字化运营,C702,无锡商业职业技术学院,4,345747
2024,2,17,旅游管理,C702,无锡商业职业技术学院,4,309409
2024,2,21,建筑室内设计,C702,无锡商业职业技术学院,4,316428
2024,2,28,计算机网络技术,C702,无锡商业职业技术学院,4,289943
2024,2,33,人工智能技术应用,C702,无锡商业职业技术学院,4,297729
2024,2,35,机电一体化技术,C702,无锡商业职业技术学院,4,310357
2024,2,01,航海技术,C703,江苏航运职业技术学院,14,357834
2024,2,02,轮机工程技术,C703,江苏航运职业技术学院,10,378844
2024,2,03,船舶电子电气技术,C703,江苏航运职业技术学院,5,364263
2024,2,06,船舶工程技术,C703,江苏航运职业技术学院,11,373685
2024,2,09,港口与航道工程技术,C703,江苏航运职业技术学院,5,380672
2024,2,14,港口与航运管理,C703,江苏航运职业技术学院,5,367359
2024,2,17,现代物流管理,C703,江苏航运职业技术学院,5,377737
2024,2,23,智能网联汽车技术,C703,江苏航运职业技术学院,5,376594
2024,2,29,智能制造装备技术,C703,江苏航运职业技术学院,5,374882
2024,2,31,飞机机电设备维修,C703,江苏航运职业技术学院,10,373158
2024,2,34,数字媒体技术,C703,江苏航运职业技术学院,5,317444
2024,2,01,建设工程管理,C711,泉州纺织服装职业学院,1,547803
2024,2,04,服装设计与工艺,C711,泉州纺织服装职业学院,2,586304
2024,2,06,数字化染整技术,C711,泉州纺织服装职业学院,1,593719
2024,2,24,网络营销与直播电商,C711,泉州纺织服装职业学院,2,618859
2024,2,45,大数据与会计,C713,西安外事学院,8,316531
2024,2,46,工商企业管理,C713,西安外事学院,5,364805
2024,2,47,现代物流管理,C713,西安外事学院,10,450341
2024,2,48,旅游管理,C713,西安外事学院,8,411430
2024,2,49,电子商务,C713,西安外事学院,10,416886
2024,2,50,空中乘务,C713,西安外事学院,12,497899
2024,2,51,高速铁路客运服务,C713,西安外事学院,5,413920
2024,2,52,大数据技术,C713,西安外事学院,2,329649
2024,2,53,汽车制造与试验技术,C713,西安外事学院,6,428010
2024,2,55,工程造价,C713,西安外事学院,6,417347
2024,2,58,护理,C713,西安外事学院,5,359069
2024,2,63,应用法语,C713,西安外事学院,5,403997
2024,2,64,应用日语,C713,西安外事学院,10,406237
2024,2,65,应用英语,C713,西安外事学院,9,314197
2024,2,66,新闻采编与制作,C713,西安外事学院,5,292458
2024,2,67,学前教育,C713,西安外事学院,9,448527
2024,2,68,园林工程技术,C713,西安外事学院,5,409891
2024,2,39,空中乘务,C714,西安翻译学院,70,602853
2024,2,02,建筑工程技术,C717,三亚城市职业学院,2,628026
2024,2,04,工程造价,C717,三亚城市职业学院,2,643548
2024,2,07,高速铁路客运服务,C717,三亚城市职业学院,5,619380
2024,2,08,空中乘务,C717,三亚城市职业学院,5,642562
2024,2,09,计算机应用技术,C717,三亚城市职业学院,4,601934
2024,2,11,软件技术,C717,三亚城市职业学院,4,622992
2024,2,12,婴幼儿托育服务与管理,C717,三亚城市职业学院,3,636739
2024,2,13,大数据与财务管理,C717,三亚城市职业学院,2,612412
2024,2,17,电子商务,C717,三亚城市职业学院,4,632961
2024,2,19,旅游管理,C717,三亚城市职业学院,2,549346
2024,2,30,新闻采编与制作,C717,三亚城市职业学院,3,633012
2024,2,32,应用英语(国际专本连读),C717,三亚城市职业学院,1,587171
2024,2,61,大数据与会计(中外合作办学),C717,三亚城市职业学院,5,650153
2024,2,62,现代物流管理(中外合作办学),C717,三亚城市职业学院,5,657075
2024,2,1G,工程造价,C719,天津渤海职业技术学院,1,296379
2024,2,1H,建设工程管理,C719,天津渤海职业技术学院,1,308739
2024,2,1S,无人机应用技术,C719,天津渤海职业技术学院,1,311760
2024,2,1T,新能源汽车技术,C719,天津渤海职业技术学院,1,315737
2024,2,01,软件技术,C720,天津电子信息职业技术学院,10,281491
2024,2,04,计算机应用技术,C720,天津电子信息职业技术学院,10,293336
2024,2,06,人工智能技术应用,C720,天津电子信息职业技术学院,5,296641
2024,2,08,动漫制作技术,C720,天津电子信息职业技术学院,5,275404
2024,2,09,数字媒体技术,C720,天津电子信息职业技术学院,5,272910
2024,2,11,电子商务,C720,天津电子信息职业技术学院,5,313903
2024,2,12,大数据与会计,C720,天津电子信息职业技术学院,10,270491
2024,2,16,现代通信技术,C720,天津电子信息职业技术学院,5,306621
2024,2,18,计算机网络技术,C720,天津电子信息职业技术学院,5,289391
2024,2,19,物联网应用技术,C720,天津电子信息职业技术学院,10,304099
2024,2,21,电子信息工程技术,C720,天津电子信息职业技术学院,10,308980
2024,2,23,电气自动化技术,C720,天津电子信息职业技术学院,10,290059
2024,2,26,机械制造及自动化,C720,天津电子信息职业技术学院,10,304569
2024,2,01,电力系统自动化技术,C721,天津机电职业技术学院,1,269854
2024,2,02,机电一体化技术,C721,天津机电职业技术学院,1,255736
2024,2,03,电气自动化技术,C721,天津机电职业技术学院,1,278684
2024,2,04,工业机器人技术,C721,天津机电职业技术学院,1,293402
2024,2,05,物联网应用技术,C721,天津机电职业技术学院,1,289822
2024,2,06,智能控制技术,C721,天津机电职业技术学院,1,329051
2024,2,07,数控技术,C721,天津机电职业技术学院,2,325867
2024,2,09,模具设计与制造,C721,天津机电职业技术学院,1,345266
2024,2,0A,新能源汽车技术,C721,天津机电职业技术学院,1,273134
2024,2,0B,智能焊接技术,C721,天津机电职业技术学院,3,339634
2024,2,0C,机械设计与制造,C721,天津机电职业技术学院,2,310527
2024,2,0E,飞行器数字化制造技术,C721,天津机电职业技术学院,2,316558
2024,2,0F,飞机机载设备装配调试技术,C721,天津机电职业技术学院,1,294137
2024,2,0G,航空发动机制造技术,C721,天津机电职业技术学院,1,284108
2024,2,0H,智能制造装备技术,C721,天津机电职业技术学院,1,311176
2024,2,0J,数字媒体技术,C721,天津机电职业技术学院,1,283881
2024,2,0K,大数据技术,C721,天津机电职业技术学院,2,315248
2024,2,0L,软件技术,C721,天津机电职业技术学院,3,306567
2024,2,0M,大数据与会计,C721,天津机电职业技术学院,2,277811
2024,2,0N,电子商务,C721,天津机电职业技术学院,1,321283
2024,2,0P,现代物流管理,C721,天津机电职业技术学院,1,285205
2024,2,01,药品生物技术,C722,天津现代职业技术学院,3,306500
2024,2,02,药品生产技术,C722,天津现代职业技术学院,3,299546
2024,2,03,食品检验检测技术,C722,天津现代职业技术学院,3,292401
2024,2,04,食品生物技术,C722,天津现代职业技术学院,3,311860
2024,2,05,食品智能加工技术,C722,天津现代职业技术学院,3,311305
2024,2,06,食品营养与健康,C722,天津现代职业技术学院,3,325021
2024,2,07,安全技术与管理,C722,天津现代职业技术学院,3,324372
2024,2,08,环境管理与评价,C722,天津现代职业技术学院,3,332038
2024,2,09,环境工程技术,C722,天津现代职业技术学院,3,275585
2024,2,10,数控技术,C722,天津现代职业技术学院,4,316388
2024,2,11,机械制造及自动化,C722,天津现代职业技术学院,3,308183
2024,2,12,储能材料技术,C722,天津现代职业技术学院,4,339390
2024,2,13,机电一体化技术,C722,天津现代职业技术学院,3,303772
2024,2,14,光伏工程技术,C722,天津现代职业技术学院,3,316349
2024,2,15,电气自动化技术,C722,天津现代职业技术学院,4,287572
2024,2,16,应用电子技术,C722,天津现代职业技术学院,3,330408
2024,2,17,无人机应用技术,C722,天津现代职业技术学院,4,288502
2024,2,18,工业机器人技术,C722,天津现代职业技术学院,3,317750
2024,2,19,计算机网络技术,C722,天津现代职业技术学院,3,297172
2024,2,20,软件技术,C722,天津现代职业技术学院,3,272787
2024,2,21,人工智能技术应用,C722,天津现代职业技术学院,3,313214
2024,2,22,物联网应用技术,C722,天津现代职业技术学院,3,294541
2024,2,23,智慧健康养老服务与管理,C722,天津现代职业技术学院,3,287461
2024,2,24,大数据技术,C722,天津现代职业技术学院,3,290809
2024,2,25,云计算技术应用,C722,天津现代职业技术学院,3,301545
2024,2,26,大数据与会计,C722,天津现代职业技术学院,3,262626
2024,2,27,金融服务与管理,C722,天津现代职业技术学院,3,286976
2024,2,28,市场营销,C722,天津现代职业技术学院,3,336976
2024,2,29,商务英语,C722,天津现代职业技术学院,3,287708
2024,2,30,旅游管理,C722,天津现代职业技术学院,4,323447
2024,2,31,电子商务,C722,天津现代职业技术学院,3,306114
2024,2,32,传播与策划,C722,天津现代职业技术学院,3,272700
2024,2,33,数字图文信息处理技术,C722,天津现代职业技术学院,3,311047
2024,2,34,包装策划与设计,C722,天津现代职业技术学院,3,313962
2024,2,35,影视动画,C722,天津现代职业技术学院,3,285434
2024,2,36,电子竞技运动与管理,C722,天津现代职业技术学院,3,316581
2024,2,07,法律事务,C723,天津公安警官职业学院,4,256274
2024,2,08,安全保卫管理,C723,天津公安警官职业学院,4,290382
2024,2,16,电子商务,C724,黑龙江林业职业技术学院,10,475988
2024,2,20,电气自动化技术,C724,黑龙江林业职业技术学院,10,423669
2024,2,21,汽车检测与维修技术,C724,黑龙江林业职业技术学院,10,471847
2024,2,23,园林技术,C724,黑龙江林业职业技术学院,10,459627
2024,2,32,摄影测量与遥感技术,C724,黑龙江林业职业技术学院,10,476959
2024,2,35,学前教育(师范类),C724,黑龙江林业职业技术学院,10,480781
2024,2,2W,计算机网络技术,C725,黑龙江农业职业技术学院,10,430895
2024,2,38,大数据与会计,C725,黑龙江农业职业技术学院,15,423625
2024,2,3E,建筑工程技术,C725,黑龙江农业职业技术学院,15,532813
2024,2,3F,工程造价,C725,黑龙江农业职业技术学院,10,504032
2024,2,09,宠物医疗技术,C726,黑龙江农业工程职业学院,2,285115
2024,2,20,机械制造及自动化,C726,黑龙江农业工程职业学院,2,330215
2024,2,24,智能控制技术,C726,黑龙江农业工程职业学院,2,349058
2024,2,41,计算机应用技术,C726,黑龙江农业工程职业学院,2,355833
2024,2,45,大数据技术,C726,黑龙江农业工程职业学院,2,341881
2024,2,05,小学语文教育(师范类),C727,黑龙江农垦职业学院,10,357293
2024,2,06,小学英语教育(师范类),C727,黑龙江农垦职业学院,5,368159
2024,2,07,学前教育(师范类),C727,黑龙江农垦职业学院,5,411829
2024,2,09,法律事务,C728,黑龙江司法警官职业学院,10,287131
2024,2,13,司法信息技术,C728,黑龙江司法警官职业学院,15,347659
2024,2,15,司法警务,C728,黑龙江司法警官职业学院,15,332510
2024,2,07,文物修复与保护(中国书画),C732,天津轻工职业技术学院,2,273262
2024,2,08,传播与策划,C732,天津轻工职业技术学院,2,308580
2024,2,09,数字媒体技术,C732,天津轻工职业技术学院,2,301617
2024,2,0B,数控技术,C732,天津轻工职业技术学院,2,329299
2024,2,0C,智能制造装备技术,C732,天津轻工职业技术学院,2,328189
2024,2,0D,机械设计与制造,C732,天津轻工职业技术学院,2,324087
2024,2,0F,机械制造及自动化(智能制造),C732,天津轻工职业技术学院,2,316179
2024,2,0H,大数据技术,C732,天津轻工职业技术学院,1,294164
2024,2,0K,电气自动化技术,C732,天津轻工职业技术学院,2,308492
2024,2,0L,光伏工程技术,C732,天津轻工职业技术学院,2,302319
2024,2,0N,风力发电工程技术,C732,天津轻工职业技术学院,2,311558
2024,2,0P,物联网应用技术,C732,天津轻工职业技术学院,2,322695
2024,2,0S,工业互联网技术,C732,天津轻工职业技术学院,2,329454
2024,2,0T,电力系统自动化技术,C732,天津轻工职业技术学院,2,307592
2024,2,0V,电子商务,C732,天津轻工职业技术学院,2,328356
2024,2,0W,工商企业管理,C732,天津轻工职业技术学院,2,315500
2024,2,0Z,市场营销,C732,天津轻工职业技术学院,2,331322
2024,2,11,金融科技应用,C732,天津轻工职业技术学院,2,335806
2024,2,01,飞机机电设备维修(机务维修),C733,北京科技经营管理学院,1,453309
2024,2,03,计算机应用技术(软件应用技术),C733,北京科技经营管理学院,1,298075
2024,2,08,现代文秘(空中服务与礼仪),C733,北京科技经营管理学院,2,491405
2024,2,1A,安全防范技术,C734,新疆警察学院,14,297217
2024,2,3F,安全保卫管理,C734,新疆警察学院,8,326535
2024,2,01,自动化类,C737,荆州职业技术学院,10,402392
2024,2,02,机械设计制造类,C737,荆州职业技术学院,10,412959
2024,2,03,建筑工程技术,C737,荆州职业技术学院,5,429203
2024,2,05,汽车制造类,C737,荆州职业技术学院,10,430295
2024,2,08,法律文秘,C737,荆州职业技术学院,15,334244
2024,2,09,大数据与会计,C737,荆州职业技术学院,5,347995
2024,2,11,人力资源管理,C737,荆州职业技术学院,5,398215
2024,2,14,药学,C737,荆州职业技术学院,15,392799
2024,2,15,口腔医学技术,C737,荆州职业技术学院,10,372191
2024,2,17,护理,C737,荆州职业技术学院,30,415122
2024,2,19,大数据技术,C737,荆州职业技术学院,5,394925
2024,2,21,计算机应用技术,C737,荆州职业技术学院,5,396546
2024,2,23,软件技术,C737,荆州职业技术学院,5,400557
2024,2,25,物联网应用技术,C737,荆州职业技术学院,5,396873
2024,2,30,室内艺术设计,C737,荆州职业技术学院,5,416483
2024,2,32,畜牧兽医,C737,荆州职业技术学院,5,361099
2024,2,34,应用化工技术,C737,荆州职业技术学院,5,421915
2024,2,36,动物医学,C737,荆州职业技术学院,5,340068
2024,2,39,学前教育(师范类),C737,荆州职业技术学院,10,460689
2024,2,80,汽车技术服务与营销,C737,荆州职业技术学院,5,474702
2024,2,01,临床医学,C740,仙桃职业学院,16,335873
2024,2,02,护理,C740,仙桃职业学院,10,366353
2024,2,04,医学影像技术,C740,仙桃职业学院,10,368918
2024,2,05,康复治疗技术,C740,仙桃职业学院,10,404874
2024,2,23,学前教育,C740,仙桃职业学院,10,519168
2024,2,24,小学教育,C740,仙桃职业学院,38,432378
2024,2,25,早期教育,C740,仙桃职业学院,6,481727
2024,2,07,大数据与会计,C744,湖北轻工职业技术学院,6,329494
2024,2,09,电子商务,C744,湖北轻工职业技术学院,4,393864
2024,2,12,机电一体化技术,C744,湖北轻工职业技术学院,4,373560
2024,2,17,酿酒技术,C744,湖北轻工职业技术学院,4,403704
2024,2,18,食品智能加工技术,C744,湖北轻工职业技术学院,4,403548
2024,2,28,建筑装饰工程技术,C744,湖北轻工职业技术学院,4,416392
2024,2,31,广告艺术设计,C744,湖北轻工职业技术学院,4,400045
2024,2,02,现代农业技术,C745,商丘职业技术学院,10,425931
2024,2,0V,计算机应用技术,C745,商丘职业技术学院,20,400222
2024,2,0X,软件技术,C745,商丘职业技术学院,20,373885
2024,2,1M,学前教育(师范类),C745,商丘职业技术学院,30,503350
2024,2,1N,小学教育(师范类),C745,商丘职业技术学院,40,378761
2024,2,1P,小学语文教育(师范类),C745,商丘职业技术学院,40,384450
2024,2,1Q,小学英语教育(师范类),C745,商丘职业技术学院,40,409284
2024,2,1J,建筑工程技术,C746,郑州科技学院,2,584294
2024,2,1K,机械制造及自动化,C746,郑州科技学院,2,507362
2024,2,1N,新能源汽车检测与维修技术,C746,郑州科技学院,2,514803
2024,2,1Q,计算机网络技术,C746,郑州科技学院,2,506901
2024,2,1T,小学英语教育(师范类),C746,郑州科技学院,2,451337
2024,2,01,建筑工程技术,C748,平顶山工业职业技术学院,15,522726
2024,2,0R,智能控制技术,C748,平顶山工业职业技术学院,15,469869
2024,2,15,空中乘务,C748,平顶山工业职业技术学院,10,570903
2024,2,02,医学影像技术,C750,周口职业技术学院,5,385006
2024,2,05,护理,C750,周口职业技术学院,5,398253
2024,2,0Z,学前教育(师范类),C750,周口职业技术学院,20,552861
2024,2,18,小学教育(师范类),C750,周口职业技术学院,20,403709
2024,2,19,小学语文教育(师范类),C750,周口职业技术学院,25,399520
2024,2,1A,小学英语教育(师范类),C750,周口职业技术学院,15,416199
2024,2,01,道路与桥梁工程技术,C752,湖北交通职业技术学院,5,368058
2024,2,10,航空装备类,C752,湖北交通职业技术学院,10,368734
2024,2,11,机电一体化技术,C752,湖北交通职业技术学院,10,359178
2024,2,21,人工智能技术应用,C752,湖北交通职业技术学院,10,366591
2024,2,28,水上运输类,C752,湖北交通职业技术学院,10,387237
2024,2,30,建筑工程技术,C752,湖北交通职业技术学院,10,400269
2024,2,21,机械设计与制造,C753,绵阳职业技术学院,5,384340
2024,2,29,统计与会计核算,C753,绵阳职业技术学院,5,375947
2024,2,01,空中乘务,C754,重庆海联职业技术学院,6,598905
2024,2,02,民航空中安全保卫,C754,重庆海联职业技术学院,2,627730
2024,2,03,民航运输服务,C754,重庆海联职业技术学院,3,613996
2024,2,04,飞机机电设备维修,C754,重庆海联职业技术学院,5,595471
2024,2,05,航空地面设备维修,C754,重庆海联职业技术学院,1,485552
2024,2,06,无人机应用技术,C754,重庆海联职业技术学院,2,589050
2024,2,07,无人机测绘技术,C754,重庆海联职业技术学院,2,596782
2024,2,08,飞行器数字化制造技术,C754,重庆海联职业技术学院,1,600103
2024,2,09,应急救援技术,C754,重庆海联职业技术学院,1,598939
2024,2,0A,民航安全技术管理,C754,重庆海联职业技术学院,6,623860
2024,2,0B,高速铁路客运服务,C754,重庆海联职业技术学院,3,561180
2024,2,0D,新能源汽车技术,C754,重庆海联职业技术学院,3,533434
2024,2,0E,汽车制造与试验技术,C754,重庆海联职业技术学院,3,587173
2024,2,0F,智能网联汽车技术,C754,重庆海联职业技术学院,3,614405
2024,2,0G,虚拟现实技术应用,C754,重庆海联职业技术学院,2,530289
2024,2,0H,旅游管理,C754,重庆海联职业技术学院,1,517624
2024,2,0J,定制旅行管理与服务,C754,重庆海联职业技术学院,2,589173
2024,2,0L,法律事务,C754,重庆海联职业技术学院,2,382576
2024,2,0N,社区康复,C754,重庆海联职业技术学院,1,403100
2024,2,0Q,跨境电子商务,C754,重庆海联职业技术学院,1,611802
2024,2,0A,康复治疗技术,C755,重庆信息技术职业学院,7,562498
2024,2,0E,电子商务,C755,重庆信息技术职业学院,4,582744
2024,2,0J,广播影视节目制作,C755,重庆信息技术职业学院,6,584198
2024,2,0K,学前教育(师范类),C755,重庆信息技术职业学院,2,533205
2024,2,0L,艺术教育(师范类),C755,重庆信息技术职业学院,2,571588
2024,2,90,机械设计与制造,C755,重庆信息技术职业学院,2,559995
2024,2,92,新能源汽车技术,C755,重庆信息技术职业学院,4,570089
2024,2,94,电子信息工程技术,C755,重庆信息技术职业学院,2,483538
2024,2,95,物联网应用技术,C755,重庆信息技术职业学院,2,520154
2024,2,96,计算机网络技术,C755,重庆信息技术职业学院,2,452408
2024,2,97,软件技术,C755,重庆信息技术职业学院,2,431044
2024,2,98,大数据技术,C755,重庆信息技术职业学院,2,404402
2024,2,01,数字媒体技术,C756,重庆传媒职业学院,2,412990
2024,2,05,康复治疗技术,C756,重庆传媒职业学院,2,503902
2024,2,08,大数据与财务管理,C756,重庆传媒职业学院,2,543175
2024,2,11,广播影视节目制作,C756,重庆传媒职业学院,2,495870
2024,2,12,新闻采编与制作,C756,重庆传媒职业学院,2,505124
2024,2,14,录音技术与艺术,C756,重庆传媒职业学院,2,509758
2024,2,15,摄影摄像技术,C756,重庆传媒职业学院,2,526351
2024,2,17,传播与策划,C756,重庆传媒职业学院,2,451978
2024,2,18,学前教育(师范类),C756,重庆传媒职业学院,2,512447
2024,2,19,艺术教育(师范类),C756,重庆传媒职业学院,2,544511
2024,2,99,医学美容技术,C758,重庆城市管理职业学院,2,260016
2024,2,22,计算机类,C759,重庆工程职业技术学院,2,251378
2024,2,39,工程测量技术,C759,重庆工程职业技术学院,2,287231
2024,2,41,无人机应用技术,C759,重庆工程职业技术学院,2,284580
2024,2,42,药品质量与安全,C759,重庆工程职业技术学院,2,276769
2024,2,14,机电一体化技术(中外合作办学),C759,重庆工程职业技术学院,2,339925
2024,2,18,工业机器人技术(中外合作办学),C759,重庆工程职业技术学院,2,359330
2024,2,23,软件技术(中外合作办学),C759,重庆工程职业技术学院,6,363636
2024,2,09,机械制造及自动化,C761,四川交通职业技术学院,5,316855
2024,2,15,物联网应用技术,C761,四川交通职业技术学院,5,321758
2024,2,33,现代造纸技术,C762,四川工商职业技术学院,10,454447
2024,2,01,机械制造及自动化,C763,四川工程职业技术大学,2,273278
2024,2,04,机电一体化技术,C763,四川工程职业技术大学,2,259850
2024,2,05,电气自动化技术,C763,四川工程职业技术大学,1,278735
2024,2,06,电子信息工程技术,C763,四川工程职业技术大学,4,289266
2024,2,09,智能焊接技术,C763,四川工程职业技术大学,1,280214
2024,2,10,材料成型及控制技术,C763,四川工程职业技术大学,3,304015
2024,2,18,大数据与会计,C763,四川工程职业技术大学,2,255743
2024,2,21,软件技术,C763,四川工程职业技术大学,1,284173
2024,2,22,物联网应用技术,C763,四川工程职业技术大学,2,298139
2024,2,23,大数据技术,C763,四川工程职业技术大学,3,303345
2024,2,24,信息安全技术应用,C763,四川工程职业技术大学,3,300354
2024,2,29,应用英语,C763,四川工程职业技术大学,2,268254
2024,2,31,旅游管理,C763,四川工程职业技术大学,2,279053
2024,2,37,学前教育,C763,四川工程职业技术大学,2,315985
2024,2,38,城市轨道交通机电技术,C763,四川工程职业技术大学,3,282872
2024,2,42,数字化设计与制造技术,C763,四川工程职业技术大学,3,346562
2024,2,44,社区管理与服务,C763,四川工程职业技术大学,4,327924
2024,2,02,建筑工程技术,C764,四川建筑职业技术学院,4,336892
2024,2,03,建筑工程技术(工程质量与安全),C764,四川建筑职业技术学院,4,368989
2024,2,07,工程造价,C764,四川建筑职业技术学院,4,341440
2024,2,46,道路与桥梁工程技术,C764,四川建筑职业技术学院,4,370858
2024,2,10,机械制造及自动化,C766,江西工程学院,3,531315
2024,2,13,物联网应用技术,C766,江西工程学院,4,546473
2024,2,15,计算机应用技术,C766,江西工程学院,3,521484
2024,2,16,软件技术,C766,江西工程学院,3,517120
2024,2,18,商务英语,C766,江西工程学院,6,622867
2024,2,20,大数据与会计,C766,江西工程学院,1,468113
2024,2,01,机电一体化技术,C768,济源职业技术学院,10,461028
2024,2,0B,新能源汽车技术,C768,济源职业技术学院,10,478090
2024,2,0N,大数据与会计,C768,济源职业技术学院,10,453114
2024,2,0V,有色金属智能冶金技术,C768,济源职业技术学院,10,550726
2024,2,1L,护理,C768,济源职业技术学院,10,419456
2024,2,1M,康复治疗技术,C768,济源职业技术学院,10,440073
2024,2,1P,医学检验技术,C768,济源职业技术学院,10,414853
2024,2,1T,学前教育(师范类),C768,济源职业技术学院,10,496331
2024,2,01,建筑工程技术,C777,山西工程职业学院,3,426917
2024,2,04,工程测量技术,C777,山西工程职业学院,2,401785
2024,2,08,智能控制技术,C777,山西工程职业学院,3,376970
2024,2,10,新能源汽车技术,C777,山西工程职业学院,2,298348
2024,2,22,融媒体技术与运营,C777,山西工程职业学院,2,373263
2024,2,31,机电一体化技术,C777,山西工程职业学院,2,348427
2024,2,38,软件技术,C777,山西工程职业学院,2,363950
2024,2,43,计算机网络技术,C777,山西工程职业学院,2,338771
2024,2,45,信息安全技术应用,C777,山西工程职业学院,2,361434
2024,2,05,法律事务,C781,河南司法警官职业学院,10,307293
2024,2,12,护理,C783,石家庄城市经济职业学院,20,567779
2024,2,13,机电一体化技术,C783,石家庄城市经济职业学院,20,635480
2024,2,01,国际经济与贸易,C788,天津商务职业学院,9,352620
2024,2,02,国际商务,C788,天津商务职业学院,2,350546
2024,2,03,跨境电子商务,C788,天津商务职业学院,4,361689
2024,2,04,关务与外贸服务,C788,天津商务职业学院,6,363899
2024,2,05,港口与航运管理,C788,天津商务职业学院,2,318944
2024,2,06,商务英语,C788,天津商务职业学院,9,321092
2024,2,07,应用德语,C788,天津商务职业学院,2,327881
2024,2,08,应用日语,C788,天津商务职业学院,2,320834
2024,2,09,现代物流管理,C788,天津商务职业学院,4,325590
2024,2,10,市场营销,C788,天津商务职业学院,4,355217
2024,2,11,电子商务,C788,天津商务职业学院,4,349518
2024,2,12,商务数据分析与应用,C788,天津商务职业学院,3,356792
2024,2,13,大数据与会计,C788,天津商务职业学院,6,274187
2024,2,14,财税大数据应用(税务代理方向),C788,天津商务职业学院,2,294479
2024,2,15,大数据与审计(审计助理方向),C788,天津商务职业学院,3,279498
2024,2,16,软件技术(欧美软件外包方向),C788,天津商务职业学院,4,334696
2024,2,17,软件技术(欧美软件测试方向),C788,天津商务职业学院,2,335867
2024,2,18,移动应用开发,C788,天津商务职业学院,3,341663
2024,2,19,大数据技术,C788,天津商务职业学院,4,298226
2024,2,20,旅游管理,C788,天津商务职业学院,2,369043
2024,2,22,酒店管理与数字化运营,C788,天津商务职业学院,2,355000
2024,2,23,会展策划与管理,C788,天津商务职业学院,4,331354
2024,2,24,现代文秘,C788,天津商务职业学院,3,302020
2024,2,25,茶艺与茶文化,C788,天津商务职业学院,2,368848
2024,2,26,金融类,C788,天津商务职业学院,9,361769
2024,2,27,金融科技应用,C788,天津商务职业学院,2,355566
2024,2,33,全媒体广告策划与营销,C788,天津商务职业学院,3,319938
2024,2,13,学前教育(师范类),C793,鹤壁职业技术学院,20,608829
2024,2,15,小学教育(师范类),C793,鹤壁职业技术学院,15,388905
2024,2,14,学前教育(中外合作办学)(师范类),C793,鹤壁职业技术学院,5,649515
2024,2,0S,电气自动化技术,C794,河南工业职业技术学院,10,339396
2024,2,18,计算机网络技术,C794,河南工业职业技术学院,10,355007
2024,2,60,工程造价,C795,南昌理工学院,5,605597
2024,2,64,电气自动化技术,C795,南昌理工学院,6,488704
2024,2,65,飞行器数字化制造技术,C795,南昌理工学院,6,579929
2024,2,68,空中乘务,C795,南昌理工学院,25,616711
2024,2,70,电子信息工程技术,C795,南昌理工学院,6,454861
2024,2,72,计算机应用技术,C795,南昌理工学院,6,518542
2024,2,76,护理,C795,南昌理工学院,5,451556
2024,2,81,大数据与会计,C795,南昌理工学院,4,374226
2024,2,83,工商企业管理,C795,南昌理工学院,5,490687
2024,2,85,电子商务,C795,南昌理工学院,6,607730
2024,2,86,现代物流管理,C795,南昌理工学院,5,572208
2024,2,95,学前教育,C795,南昌理工学院,5,585231
2024,2,96,商务英语,C795,南昌理工学院,8,653584
2024,2,98,法律事务,C795,南昌理工学院,5,334092
2024,2,01,建筑设计,C798,上海济光职业技术学院,5,610053
2024,2,02,风景园林设计,C798,上海济光职业技术学院,9,618660
2024,2,03,数字媒体技术,C798,上海济光职业技术学院,10,527040
2024,2,04,建筑工程技术,C798,上海济光职业技术学院,5,617763
2024,2,05,工程造价,C798,上海济光职业技术学院,6,627672
2024,2,06,建筑智能化工程技术,C798,上海济光职业技术学院,4,632684
2024,2,08,大数据与会计,C798,上海济光职业技术学院,5,566585
2024,2,09,金融服务与管理,C798,上海济光职业技术学院,5,621544
2024,2,11,工商企业管理,C798,上海济光职业技术学院,5,604937
2024,2,12,电子商务,C798,上海济光职业技术学院,4,582230
2024,2,13,计算机网络技术,C798,上海济光职业技术学院,8,570448
2024,2,14,软件技术,C798,上海济光职业技术学院,5,554099
2024,2,16,新能源汽车技术,C798,上海济光职业技术学院,8,555987
2024,2,18,护理,C798,上海济光职业技术学院,10,567030
2024,2,20,学前教育,C798,上海济光职业技术学院,10,622092
2024,2,21,建筑室内设计,C798,上海济光职业技术学院,20,618818
2024,2,22,建筑工程技术,C798,上海济光职业技术学院,5,281223
2024,2,23,建设工程管理(房屋建筑方向),C798,上海济光职业技术学院,5,266836
2024,2,24,酒店管理与数字化运营,C798,上海济光职业技术学院,10,277936
2024,2,01,应用英语,C800,上海工商外国语职业学院,2,473218
2024,2,02,应用英语,C800,上海工商外国语职业学院,5,257439
2024,2,03,商务英语,C800,上海工商外国语职业学院,4,550667
2024,2,04,应用日语,C800,上海工商外国语职业学院,10,638044
2024,2,05,应用日语,C800,上海工商外国语职业学院,5,271974
2024,2,06,应用韩语,C800,上海工商外国语职业学院,8,648894
2024,2,07,应用德语,C800,上海工商外国语职业学院,2,564872
2024,2,08,应用法语,C800,上海工商外国语职业学院,5,649356
2024,2,09,应用西班牙语,C800,上海工商外国语职业学院,5,639892
2024,2,10,应用俄语,C800,上海工商外国语职业学院,4,533864
2024,2,11,大数据与会计,C800,上海工商外国语职业学院,20,622702
2024,2,12,国际商务,C800,上海工商外国语职业学院,12,625911
2024,2,15,酒店管理与数字化运营,C800,上海工商外国语职业学院,3,599293
2024,2,16,法律事务,C800,上海工商外国语职业学院,50,651353
2024,2,17,新闻采编与制作,C800,上海工商外国语职业学院,5,578764
2024,2,18,影视编导,C800,上海工商外国语职业学院,5,525652
2024,2,19,大数据技术,C800,上海工商外国语职业学院,2,552930
2024,2,22,休闲体育,C800,上海工商外国语职业学院,3,587632
2024,2,13,会展策划与管理(中外合作办学)(中澳合作),C800,上海工商外国语职业学院,3,534341
2024,2,20,大数据技术(中外合作办学)(大数据分析中美合作),C800,上海工商外国语职业学院,2,581677
2024,2,01,现代通信技术,C801,上海科学技术职业学院,2,310759
2024,2,02,安全防范技术(集成技术与产品制造),C801,上海科学技术职业学院,1,197514
2024,2,03,信息安全技术应用,C801,上海科学技术职业学院,2,300418
2024,2,04,移动互联应用技术,C801,上海科学技术职业学院,2,297267
2024,2,05,人工智能技术应用,C801,上海科学技术职业学院,2,281336
2024,2,06,物联网应用技术,C801,上海科学技术职业学院,2,296721
2024,2,08,智能网联汽车技术,C801,上海科学技术职业学院,2,343787
2024,2,09,新能源汽车技术,C801,上海科学技术职业学院,1,280432
2024,2,10,机电一体化技术,C801,上海科学技术职业学院,1,272782
2024,2,11,机械制造及自动化,C801,上海科学技术职业学院,3,312334
2024,2,12,工业机器人技术,C801,上海科学技术职业学院,3,292071
2024,2,13,智能控制技术,C801,上海科学技术职业学院,3,341602
2024,2,14,网络营销与直播电商,C801,上海科学技术职业学院,2,323577
2024,2,15,跨境电子商务,C801,上海科学技术职业学院,1,305089
2024,2,16,大数据与会计,C801,上海科学技术职业学院,2,260626
2024,2,17,电子商务,C801,上海科学技术职业学院,2,298723
2024,2,24,汽车检测与维修技术,C801,上海科学技术职业学院,2,254130
2024,2,25,现代物流管理,C801,上海科学技术职业学院,2,248111
2024,2,26,旅游管理,C801,上海科学技术职业学院,2,252937
2024,2,27,社会工作,C801,上海科学技术职业学院,1,155412
2024,2,03,宝玉石鉴定与加工,C803,天津国土资源和房屋职业学院,4,389066
2024,2,06,建筑装饰工程技术,C803,天津国土资源和房屋职业学院,6,423375
2024,2,07,古建筑工程技术,C803,天津国土资源和房屋职业学院,4,395306
2024,2,09,建筑工程技术,C803,天津国土资源和房屋职业学院,4,412026
2024,2,12,建筑智能化工程技术,C803,天津国土资源和房屋职业学院,4,403573
2024,2,13,工程造价,C803,天津国土资源和房屋职业学院,10,397968
2024,2,18,电梯工程技术,C803,天津国土资源和房屋职业学院,4,403185
2024,2,20,大数据与会计,C803,天津国土资源和房屋职业学院,8,325025
2024,2,21,工商企业管理,C803,天津国土资源和房屋职业学院,6,373766
2024,2,01,汽车检测与维修技术,C804,南京交通职业技术学院,5,322532
2024,2,05,道路与桥梁工程技术,C804,南京交通职业技术学院,10,311904
2024,2,06,道路工程检测技术,C804,南京交通职业技术学院,5,326478
2024,2,11,安全技术与管理,C804,南京交通职业技术学院,5,328776
2024,2,20,大数据技术,C804,南京交通职业技术学院,5,286784
2024,2,22,现代通信技术,C804,南京交通职业技术学院,5,309303
2024,2,32,建筑工程技术,C804,南京交通职业技术学院,5,342506
2024,2,1C,电子信息工程技术,C805,江苏电子信息职业学院,15,338720
2024,2,1G,集成电路技术,C805,江苏电子信息职业学院,10,366032
2024,2,2C,机械制造及自动化,C805,江苏电子信息职业学院,10,362014
2024,2,3C,信息安全技术应用,C805,江苏电子信息职业学院,10,342277
2024,2,3E,现代通信技术,C805,江苏电子信息职业学院,5,358435
2024,2,3G,计算机应用技术,C805,江苏电子信息职业学院,5,313097
2024,2,4A,机电一体化技术,C805,江苏电子信息职业学院,15,362813
2024,2,4E,电气自动化技术,C805,江苏电子信息职业学院,15,353544
2024,2,5D,跨境电子商务,C805,江苏电子信息职业学院,5,370459
2024,2,5K,财税大数据应用,C805,江苏电子信息职业学院,15,349728
2024,2,8B,新能源汽车检测与维修技术,C805,江苏电子信息职业学院,10,383553
2024,2,8F,新能源汽车技术,C805,江苏电子信息职业学院,10,372326
2024,2,9H,动漫制作技术,C805,江苏电子信息职业学院,5,311478
2024,2,01,畜牧兽医,C806,江苏农牧科技职业学院,5,253008
2024,2,03,动物医学,C806,江苏农牧科技职业学院,3,244745
2024,2,05,中药制药,C806,江苏农牧科技职业学院,5,298739
2024,2,08,动物药学,C806,江苏农牧科技职业学院,12,288120
2024,2,09,食品检验检测技术,C806,江苏农牧科技职业学院,8,314021
2024,2,0B,食品药品监督管理,C806,江苏农牧科技职业学院,8,335119
2024,2,0C,宠物医疗技术,C806,江苏农牧科技职业学院,2,267861
2024,2,0E,现代农业技术,C806,江苏农牧科技职业学院,8,306779
2024,2,0G,中草药栽培与加工技术,C806,江苏农牧科技职业学院,8,343212
2024,2,0H,园林技术,C806,江苏农牧科技职业学院,11,320699
2024,2,0K,水产养殖技术,C806,江苏农牧科技职业学院,5,350382
2024,2,0P,大数据与会计,C807,常州纺织服装职业技术学院,10,323528
2024,2,35,机电一体化技术,C809,苏州工业园区职业技术学院,2,369693
2024,2,36,工业机器人技术,C809,苏州工业园区职业技术学院,2,406303
2024,2,37,汽车检测与维修技术,C809,苏州工业园区职业技术学院,2,457343
2024,2,38,机械设计与制造,C809,苏州工业园区职业技术学院,2,400318
2024,2,39,数控技术,C809,苏州工业园区职业技术学院,2,409305
2024,2,40,模具设计与制造,C809,苏州工业园区职业技术学院,2,431661
2024,2,41,智能制造装备技术,C809,苏州工业园区职业技术学院,2,451982
2024,2,43,电气自动化技术,C809,苏州工业园区职业技术学院,2,386826
2024,2,44,电子信息工程技术,C809,苏州工业园区职业技术学院,2,368963
2024,2,45,集成电路技术,C809,苏州工业园区职业技术学院,2,412535
2024,2,47,城市轨道交通通信信号技术,C809,苏州工业园区职业技术学院,2,384970
2024,2,49,计算机网络技术,C809,苏州工业园区职业技术学院,2,396127
2024,2,50,软件技术,C809,苏州工业园区职业技术学院,3,383654
2024,2,51,人工智能技术应用,C809,苏州工业园区职业技术学院,2,392840
2024,2,52,智能控制技术,C809,苏州工业园区职业技术学院,2,418131
2024,2,53,物联网应用技术,C809,苏州工业园区职业技术学院,2,407199
2024,2,54,药品生物技术,C809,苏州工业园区职业技术学院,2,405207
2024,2,55,关务与外贸服务,C809,苏州工业园区职业技术学院,2,448295
2024,2,56,市场营销,C809,苏州工业园区职业技术学院,2,455695
2024,2,57,现代物流管理,C809,苏州工业园区职业技术学院,2,416374
2024,2,58,旅游管理,C809,苏州工业园区职业技术学院,2,434100
2024,2,59,金融科技应用,C809,苏州工业园区职业技术学院,2,434495
2024,2,60,大数据与会计,C809,苏州工业园区职业技术学院,3,340744
2024,2,61,国际经济与贸易,C809,苏州工业园区职业技术学院,2,398072
2024,2,62,建筑装饰工程技术,C809,苏州工业园区职业技术学院,2,447387
2024,2,63,建筑工程技术,C809,苏州工业园区职业技术学院,2,481286
2024,2,64,工程造价,C809,苏州工业园区职业技术学院,2,431520
2024,2,65,商务英语,C809,苏州工业园区职业技术学院,2,402785
2024,2,66,应用日语,C809,苏州工业园区职业技术学院,2,444140
2024,2,03,园林技术,C813,六安职业技术学院,5,464335
2024,2,05,建筑工程技术,C813,六安职业技术学院,5,457647
2024,2,0G,电气自动化技术,C813,六安职业技术学院,4,412654
2024,2,0K,智能网联汽车技术,C813,六安职业技术学院,8,485414
2024,2,0P,应用电子技术,C813,六安职业技术学院,7,455772
2024,2,0Q,计算机应用技术,C813,六安职业技术学院,10,415937
2024,2,0R,软件技术,C813,六安职业技术学院,4,398069
2024,2,0T,动漫制作技术,C813,六安职业技术学院,8,426216
2024,2,0V,婴幼儿托育服务与管理,C813,六安职业技术学院,2,468389
2024,2,0X,大数据与会计,C813,六安职业技术学院,3,399439
2024,2,12,旅游管理,C813,六安职业技术学院,4,475557
2024,2,15,学前教育(师范类),C813,六安职业技术学院,4,405415
2024,2,17,学前教育(中外合作办学)(师范类),C813,六安职业技术学院,6,508993
2024,2,0B,道路与桥梁工程技术,C816,安徽交通职业技术学院,20,421246
2024,2,01,学前教育(师范类),C818,滨州职业学院,40,393878
2024,2,02,婴幼儿托育服务与管理,C818,滨州职业学院,55,546842
2024,2,03,园林技术,C818,滨州职业学院,80,493575
2024,2,04,药品生产技术,C818,滨州职业学院,165,436977
2024,2,05,食品检验检测技术,C818,滨州职业学院,108,411229
2024,2,06,化工生物技术,C818,滨州职业学院,60,456897
2024,2,07,机电一体化技术,C818,滨州职业学院,35,361899
2024,2,08,电气自动化技术,C818,滨州职业学院,40,352297
2024,2,09,智能控制技术,C818,滨州职业学院,41,406859
2024,2,10,数控技术,C818,滨州职业学院,20,374930
2024,2,11,机械制造及自动化,C818,滨州职业学院,25,372087
2024,2,12,汽车检测与维修技术,C818,滨州职业学院,15,418264
2024,2,13,工业机器人技术,C818,滨州职业学院,30,396994
2024,2,14,应用化工技术,C818,滨州职业学院,34,449788
2024,2,15,石油化工技术,C818,滨州职业学院,153,464278
2024,2,16,电厂化学与环保技术,C818,滨州职业学院,120,512335
2024,2,17,新能源材料应用技术,C818,滨州职业学院,73,454592
2024,2,18,护理,C818,滨州职业学院,5,314807
2024,2,19,助产,C818,滨州职业学院,30,391633
2024,2,20,智慧健康养老服务与管理,C818,滨州职业学院,15,417981
2024,2,21,康复治疗技术,C818,滨州职业学院,25,365106
2024,2,22,健康管理,C818,滨州职业学院,40,430411
2024,2,23,药学,C818,滨州职业学院,66,376545
2024,2,24,医学检验技术,C818,滨州职业学院,25,341465
2024,2,25,医学影像技术,C818,滨州职业学院,30,325632
2024,2,26,口腔医学技术,C818,滨州职业学院,19,337572
2024,2,27,眼视光技术,C818,滨州职业学院,30,359846
2024,2,28,大数据与会计,C818,滨州职业学院,45,353227
2024,2,29,金融服务与管理,C818,滨州职业学院,51,452911
2024,2,30,知识产权管理,C818,滨州职业学院,27,401096
2024,2,31,工商企业管理,C818,滨州职业学院,65,505077
2024,2,32,现代物流管理,C818,滨州职业学院,83,573319
2024,2,33,市场营销,C818,滨州职业学院,68,534652
2024,2,34,旅游管理,C818,滨州职业学院,60,545000
2024,2,36,电子商务,C818,滨州职业学院,25,454707
2024,2,37,计算机网络技术,C818,滨州职业学院,10,355929
2024,2,38,数字媒体技术,C818,滨州职业学院,25,361828
2024,2,39,云计算技术应用,C818,滨州职业学院,75,407769
2024,2,40,大数据技术,C818,滨州职业学院,48,385539
2024,2,41,工业互联网技术,C818,滨州职业学院,30,442929
2024,2,42,工程造价,C818,滨州职业学院,96,615432
2024,2,43,建筑工程技术,C818,滨州职业学院,20,466541
2024,2,44,建筑室内设计,C818,滨州职业学院,125,494570
2024,2,45,航海技术,C818,滨州职业学院,40,401707
2024,2,46,轮机工程技术,C818,滨州职业学院,15,404157
2024,2,47,港口与航运管理,C818,滨州职业学院,80,500747
2024,2,H1,护理(中外合作办学)(与加拿大诺奎斯特学院中外合作),C818,滨州职业学院,40,439520
2024,2,H2,口腔医学技术(中外合作办学)(与德国格拉健康应用技术大学中外合作),C818,滨州职业学院,45,462905
2024,2,H3,康复治疗技术(中外合作办学)(与德国格拉健康应用技术大学中外合作),C818,滨州职业学院,45,487334
2024,2,H4,大数据与会计(中外合作办学)(与美国诺斯伍德大学中外合作),C818,滨州职业学院,45,473434
2024,2,H5,智慧健康养老服务与管理(中外合作办学)(与日本鹿儿岛医疗技术专门学,C818,滨州职业学院,45,535402
2024,2,50,数控技术(高职技师合作培养，在滨州市技师学院就读),C818,滨州职业学院,40,521366
2024,2,A1,园林技术,C818,滨州职业学院,3,547941
2024,2,A2,机电一体化技术,C818,滨州职业学院,4,485922
2024,2,A3,口腔医学技术,C818,滨州职业学院,3,404628
2024,2,A4,建筑工程技术,C818,滨州职业学院,3,566565
2024,2,A5,护理,C818,滨州职业学院,5,383942
2024,2,A6,应用化工技术,C818,滨州职业学院,3,562813
2024,2,F5,数控技术(高职3+2贯通培养，衔接山东航空学院机械设计制造及其自动化,C818,滨州职业学院,30,235192
2024,2,F6,学前教育(师范类，高职3+2贯通培养，衔接枣庄学院学前教育专业),C818,滨州职业学院,40,235777
2024,2,F7,市场营销(高职3+2贯通培养，衔接山东女子学院市场营销专业),C818,滨州职业学院,40,247409
2024,2,19,服装设计与工艺,C819,山东科技职业学院,37,392447
2024,2,25,电气自动化技术,C819,山东科技职业学院,30,320286
2024,2,26,工业机器人技术,C819,山东科技职业学院,30,379841
2024,2,31,机械制造及自动化,C819,山东科技职业学院,24,346300
2024,2,32,模具设计与制造,C819,山东科技职业学院,40,416420
2024,2,33,数控技术,C819,山东科技职业学院,20,370048
2024,2,34,数字化设计与制造技术,C819,山东科技职业学院,30,402479
2024,2,35,汽车电子技术,C819,山东科技职业学院,28,410626
2024,2,36,汽车检测与维修技术,C819,山东科技职业学院,72,411045
2024,2,37,汽车制造与试验技术,C819,山东科技职业学院,28,409500
2024,2,38,无人机应用技术,C819,山东科技职业学院,26,380229
2024,2,39,新能源汽车技术,C819,山东科技职业学院,91,364159
2024,2,40,大数据技术,C819,山东科技职业学院,40,361513
2024,2,41,计算机网络技术,C819,山东科技职业学院,40,354312
2024,2,43,人工智能技术应用,C819,山东科技职业学院,35,381981
2024,2,44,软件技术,C819,山东科技职业学院,70,361045
2024,2,45,物联网应用技术,C819,山东科技职业学院,40,377720
2024,2,46,工业互联网技术,C819,山东科技职业学院,40,418823
2024,2,48,环境监测技术,C819,山东科技职业学院,40,412418
2024,2,49,眼视光技术,C819,山东科技职业学院,25,352515
2024,2,51,药品生物技术,C819,山东科技职业学院,25,361933
2024,2,53,工程造价,C819,山东科技职业学院,64,393946
2024,2,55,建筑装饰工程技术,C819,山东科技职业学院,14,414383
2024,2,56,智能建造技术,C819,山东科技职业学院,50,459974
2024,2,57,大数据与会计,C819,山东科技职业学院,84,303731
2024,2,58,电子商务,C819,山东科技职业学院,64,441712
2024,2,59,国际经济与贸易,C819,山东科技职业学院,28,417583
2024,2,60,现代物流管理,C819,山东科技职业学院,32,417158
2024,2,62,环境艺术设计,C819,山东科技职业学院,59,475008
2024,2,65,商务日语,C819,山东科技职业学院,35,425821
2024,2,66,商务英语,C819,山东科技职业学院,86,417601
2024,2,67,应用韩语,C819,山东科技职业学院,41,484810
2024,2,68,学前教育(师范类),C819,山东科技职业学院,27,375434
2024,2,69,婴幼儿托育服务与管理,C819,山东科技职业学院,80,501611
2024,2,84,应用化工技术(东明石化工匠班),C819,山东科技职业学院,40,401583
2024,2,85,应用化工技术(万华化学工匠班),C819,山东科技职业学院,100,411854
2024,2,86,药品生物技术(齐鲁制药工匠班),C819,山东科技职业学院,40,365962
2024,2,87,数字化设计与制造技术(潍柴动力工匠班),C819,山东科技职业学院,30,369063
2024,2,88,机械制造及自动化(歌尔股份工匠班),C819,山东科技职业学院,50,372754
2024,2,89,机械制造及自动化(鲁丽集团工匠班),C819,山东科技职业学院,30,373093
2024,2,91,数控技术(豪迈集团工匠班),C819,山东科技职业学院,20,378607
2024,2,93,机电一体化技术(现场工程师),C819,山东科技职业学院,50,355347
2024,2,94,智能控制技术(中核二三建设订单班),C819,山东科技职业学院,40,326434
2024,2,95,智能机电技术(鲁丽集团订单班),C819,山东科技职业学院,18,372821
2024,2,97,建筑工程技术(中核二三建设工匠班),C819,山东科技职业学院,40,394046
2024,2,H1,智能建造技术(山东东禾工匠班),C819,山东科技职业学院,25,474022
2024,2,H2,智能建造技术(广州南方测绘工匠班),C819,山东科技职业学院,25,510027
2024,2,H8,工业机器人技术(潍柴动力工匠班),C819,山东科技职业学院,30,366639
2024,2,H9,机电一体化技术(潍柴动力工匠班),C819,山东科技职业学院,30,333205
2024,2,G1,市场营销(中外合作办学)(与英国北安普顿大学合作),C819,山东科技职业学院,100,577282
2024,2,G2,电气自动化技术(中外合作办学)(与德国北黑森应用技术大学合作),C819,山东科技职业学院,100,474292
2024,2,G3,建筑工程技术(中外合作办学)(与韩国岭南大学合作),C819,山东科技职业学院,50,589593
2024,2,G4,现代物流管理(中外合作办学)(与德国北黑森应用技术大学合作),C819,山东科技职业学院,100,576562
2024,2,G5,学前教育(中外合作办学)(师范类，与韩国西原大学合作),C819,山东科技职业学院,42,589053
2024,2,83,现代非织造技术,C819,山东科技职业学院,25,601341
2024,2,76,机电一体化技术(高职3+2贯通培养，衔接潍坊学院自动化专业),C819,山东科技职业学院,40,229519
2024,2,77,机械制造及自动化(高职3+2贯通培养，衔接山东科技大学应急装备技术与,C819,山东科技职业学院,30,188600
2024,2,78,建筑工程技术(高职3+2贯通培养，衔接山东建筑大学工程管理专业),C819,山东科技职业学院,40,237111
2024,2,79,应用化工技术(高职3+2贯通培养，衔接临沂大学化学工程与工艺专业),C819,山东科技职业学院,40,238919
2024,2,80,新能源汽车技术(高职3+2贯通培养，衔接临沂大学车辆工程专业),C819,山东科技职业学院,40,226397
2024,2,81,软件技术(高职3+2贯通培养，衔接山东青年政治学院计算机科学与技术专,C819,山东科技职业学院,40,224694
2024,2,01,建筑室内设计,C820,重庆建筑科技职业学院,2,548965
2024,2,02,建筑工程技术,C820,重庆建筑科技职业学院,3,596638
2024,2,03,大数据技术,C820,重庆建筑科技职业学院,1,448907
2024,2,04,工程造价,C820,重庆建筑科技职业学院,3,587745
2024,2,07,新能源汽车技术,C820,重庆建筑科技职业学院,1,472299
2024,2,10,大数据与财务管理,C820,重庆建筑科技职业学院,2,486700
2024,2,11,酒店管理与数字化运营,C820,重庆建筑科技职业学院,2,570259
2024,2,13,数字媒体技术,C820,重庆建筑科技职业学院,1,474212
2024,2,14,学前教育,C820,重庆建筑科技职业学院,1,584095
2024,2,17,电子商务,C820,重庆建筑科技职业学院,2,544922
2024,2,18,建筑设计,C820,重庆建筑科技职业学院,2,533565
2024,2,20,临床医学,C822,黔东南民族职业技术学院,2,313691
2024,2,22,口腔医学,C822,黔东南民族职业技术学院,2,261691
2024,2,24,护理,C822,黔东南民族职业技术学院,2,364243
2024,2,25,药学,C822,黔东南民族职业技术学院,2,350121
2024,2,26,医学检验技术,C822,黔东南民族职业技术学院,2,360748
2024,2,07,数字化设计与制造技术,C827,陕西国防工业职业技术学院,3,271952
2024,2,09,机械制造及自动化,C827,陕西国防工业职业技术学院,3,270435
2024,2,11,机电一体化技术,C827,陕西国防工业职业技术学院,3,259526
2024,2,15,新能源汽车技术,C827,陕西国防工业职业技术学院,3,262615
2024,2,16,应用化工技术,C827,陕西国防工业职业技术学院,3,273503
2024,2,26,计算机网络技术,C827,陕西国防工业职业技术学院,3,252790
2024,2,27,软件技术,C827,陕西国防工业职业技术学院,2,264279
2024,2,02,无人机测绘技术,C828,西安航空职业技术学院,2,298754
2024,2,06,机械设计与制造,C828,西安航空职业技术学院,2,319480
2024,2,07,数字化设计与制造技术,C828,西安航空职业技术学院,2,309631
2024,2,14,理化测试与质检技术,C828,西安航空职业技术学院,2,287092
2024,2,15,机电一体化技术,C828,西安航空职业技术学院,4,314504
2024,2,16,工业机器人技术,C828,西安航空职业技术学院,1,273002
2024,2,17,电气自动化技术(电气控制技术),C828,西安航空职业技术学院,9,276159
2024,2,21,飞行器数字化制造技术,C828,西安航空职业技术学院,2,319639
2024,2,26,无人机应用技术,C828,西安航空职业技术学院,6,323841
2024,2,29,智能网联汽车技术,C828,西安航空职业技术学院,4,301149
2024,2,30,汽车检测与维修技术,C828,西安航空职业技术学院,4,344856
2024,2,34,机场运行服务与管理,C828,西安航空职业技术学院,4,277433
2024,2,35,飞机机电设备维修,C828,西安航空职业技术学院,8,312942
2024,2,38,航空地面设备维修,C828,西安航空职业技术学院,5,326120
2024,2,01,大数据与会计,C829,陕西财经职业技术学院,5,266777
2024,2,02,大数据与财务管理,C829,陕西财经职业技术学院,5,267418
2024,2,03,大数据与审计,C829,陕西财经职业技术学院,4,279527
2024,2,06,数字媒体技术,C829,陕西财经职业技术学院,4,303749
2024,2,18,电子商务,C829,陕西财经职业技术学院,5,314165
2024,2,22,市场营销,C829,陕西财经职业技术学院,4,363585
2024,2,24,国际邮轮乘务管理,C829,陕西财经职业技术学院,4,414915
2024,2,27,工程造价,C829,陕西财经职业技术学院,4,361183
2024,2,A0,工程测量技术,C830,陕西交通职业技术学院,1,316995
2024,2,A1,工程测量技术(智慧城市建设),C830,陕西交通职业技术学院,1,357894
2024,2,A3,无人机测绘技术,C830,陕西交通职业技术学院,2,320364
2024,2,A4,安全技术与管理(交通建设安全技术),C830,陕西交通职业技术学院,2,315606
2024,2,B0,工程造价(公路工程造价),C830,陕西交通职业技术学院,1,332588
2024,2,B2,市政工程技术(市政施工与项目管理),C830,陕西交通职业技术学院,2,342580
2024,2,B3,智能机器人技术,C830,陕西交通职业技术学院,1,305748
2024,2,B5,新能源汽车技术,C830,陕西交通职业技术学院,2,300467
2024,2,B9,铁道桥梁隧道工程技术,C830,陕西交通职业技术学院,1,298589
2024,2,C0,铁道信号自动控制,C830,陕西交通职业技术学院,4,301774
2024,2,C2,铁道交通运营管理,C830,陕西交通职业技术学院,1,282504
2024,2,C5,道路与桥梁工程技术(公路施工与项目管理),C830,陕西交通职业技术学院,2,338131
2024,2,C6,道路工程检测技术,C830,陕西交通职业技术学院,2,329229
2024,2,C7,道路养护与管理(高速公路管理),C830,陕西交通职业技术学院,2,358987
2024,2,D1,汽车技术服务与营销(融媒体运营),C830,陕西交通职业技术学院,2,359388
2024,2,D4,汽车检测与维修技术,C830,陕西交通职业技术学院,2,364041
2024,2,D6,城市轨道车辆应用技术,C830,陕西交通职业技术学院,2,309457
2024,2,D7,城市轨道交通机电技术,C830,陕西交通职业技术学院,4,314209
2024,2,D8,城市轨道交通通信信号技术,C830,陕西交通职业技术学院,4,280905
2024,2,E0,城市轨道交通运营管理,C830,陕西交通职业技术学院,2,273895
2024,2,E1,汽车智能技术,C830,陕西交通职业技术学院,2,324066
2024,2,E4,数字媒体技术,C830,陕西交通职业技术学院,2,284711
2024,2,E6,人工智能技术应用,C830,陕西交通职业技术学院,3,306371
2024,2,E7,动漫制作技术,C830,陕西交通职业技术学院,2,328753
2024,2,E9,大数据与会计,C830,陕西交通职业技术学院,1,252141
2024,2,61,小学英语教育(师范类),C832,兰州外语职业学院,2,497277
2024,2,62,学前教育(师范类),C832,兰州外语职业学院,3,573903
2024,2,63,护理,C832,兰州外语职业学院,3,598592
2024,2,65,药学,C832,兰州外语职业学院,2,577656
2024,2,67,口腔医学技术,C832,兰州外语职业学院,2,556000
2024,2,72,计算机应用技术,C832,兰州外语职业学院,3,592842
2024,2,81,电气自动化技术,C832,兰州外语职业学院,3,594361
2024,2,83,铁道交通运营管理,C832,兰州外语职业学院,2,599614
2024,2,01,学前教育,C833,兰州职业技术学院,4,528833
2024,2,12,机电一体化技术,C833,兰州职业技术学院,3,409481
2024,2,14,电气自动化技术,C833,兰州职业技术学院,3,368424
2024,2,19,新能源汽车技术,C833,兰州职业技术学院,4,425754
2024,2,21,计算机应用技术,C833,兰州职业技术学院,4,417137
2024,2,26,大数据与会计,C833,兰州职业技术学院,4,428178
2024,2,45,现代家政服务与管理,C833,兰州职业技术学院,3,603766
2024,2,01,林业信息技术应用,C835,甘肃林业职业技术大学,2,429108
2024,2,02,森林生态旅游与康养,C835,甘肃林业职业技术大学,2,409146
2024,2,03,森林和草原资源保护,C835,甘肃林业职业技术大学,2,429845
2024,2,09,环境艺术设计,C835,甘肃林业职业技术大学,2,417928
2024,2,0B,环境监测技术,C835,甘肃林业职业技术大学,2,437175
2024,2,0F,应用电子技术,C835,甘肃林业职业技术大学,2,415946
2024,2,0G,大数据技术,C835,甘肃林业职业技术大学,2,395667
2024,2,0H,智能产品开发与应用,C835,甘肃林业职业技术大学,2,422658
2024,2,0K,测绘地理信息技术,C835,甘肃林业职业技术大学,2,373884
2024,2,0T,建筑装饰工程技术,C835,甘肃林业职业技术大学,2,435799
2024,2,04,地质调查与矿产普查,C836,甘肃工业职业技术学院,2,357946
2024,2,16,智能建造技术,C836,甘肃工业职业技术学院,2,470683
2024,2,19,工业机器人技术,C836,甘肃工业职业技术学院,2,408696
2024,2,39,室内艺术设计,C836,甘肃工业职业技术学院,2,459718
2024,2,B5,电子商务,C836,甘肃工业职业技术学院,2,478479
2024,2,10,市场营销,C841,山东服装职业学院,40,535478
2024,2,11,电子商务,C841,山东服装职业学院,20,510582
2024,2,12,机电一体化技术,C841,山东服装职业学院,30,466034
2024,2,13,计算机应用技术,C841,山东服装职业学院,80,477655
2024,2,14,计算机网络技术,C841,山东服装职业学院,15,474999
2024,2,15,大数据与财务管理,C841,山东服装职业学院,50,463516
2024,2,16,酒店管理与数字化运营,C841,山东服装职业学院,4,520820
2024,2,17,服装设计与工艺,C841,山东服装职业学院,219,538220
2024,2,18,现代家用纺织品设计,C841,山东服装职业学院,78,545175
2024,2,19,纺织品检验与贸易,C841,山东服装职业学院,34,549533
2024,2,20,新闻采编与制作,C841,山东服装职业学院,15,465288
2024,2,21,国际经济与贸易,C841,山东服装职业学院,40,531196
2024,2,22,工商企业管理,C841,山东服装职业学院,37,534973
2024,2,23,机械制造及自动化,C841,山东服装职业学院,31,491109
2024,2,25,虚拟现实技术应用,C841,山东服装职业学院,48,527293
2024,2,26,人工智能技术应用,C841,山东服装职业学院,50,513623
2024,2,31,大数据技术,C841,山东服装职业学院,145,522271
2024,2,32,大数据与会计,C841,山东服装职业学院,70,449248
2024,2,33,旅游管理,C841,山东服装职业学院,75,543756
2024,2,35,网络新闻与传播,C841,山东服装职业学院,47,487748
2024,2,36,智能控制技术,C841,山东服装职业学院,100,515038
2024,2,38,服装与服饰设计,C841,山东服装职业学院,50,524599
2024,2,39,数字媒体艺术设计,C841,山东服装职业学院,107,490998
2024,2,52,大数据与会计(高职3+2贯通培养，衔接山东农业大学会计学专业),C841,山东服装职业学院,30,178616
2024,2,01,宠物医疗技术,C842,德州科技职业学院,30,533249
2024,2,02,航空复合材料成型与加工技术,C842,德州科技职业学院,65,625557
2024,2,03,数控技术,C842,德州科技职业学院,60,577279
2024,2,04,智能焊接技术,C842,德州科技职业学院,30,576328
2024,2,05,机电一体化技术,C842,德州科技职业学院,70,549213
2024,2,06,智能控制技术,C842,德州科技职业学院,35,578040
2024,2,07,工业机器人技术,C842,德州科技职业学院,40,579411
2024,2,08,飞行器维修技术,C842,德州科技职业学院,45,614855
2024,2,09,无人机应用技术,C842,德州科技职业学院,45,589001
2024,2,10,汽车制造与试验技术,C842,德州科技职业学院,50,579641
2024,2,11,新能源汽车技术,C842,德州科技职业学院,60,560296
2024,2,12,智能网联汽车技术,C842,德州科技职业学院,50,597496
2024,2,13,食品生物技术,C842,德州科技职业学院,30,568056
2024,2,14,食品检验检测技术,C842,德州科技职业学院,30,567974
2024,2,15,药品经营与管理,C842,德州科技职业学院,30,592237
2024,2,16,铁道机车运用与维护,C842,德州科技职业学院,50,563853
2024,2,17,铁道供电技术,C842,德州科技职业学院,45,562985
2024,2,18,高速铁路综合维修技术,C842,德州科技职业学院,70,574946
2024,2,19,高速铁路客运服务,C842,德州科技职业学院,30,574922
2024,2,20,空中乘务,C842,德州科技职业学院,30,593709
2024,2,21,民航安全技术管理,C842,德州科技职业学院,30,605027
2024,2,22,飞机机电设备维修,C842,德州科技职业学院,60,588686
2024,2,23,航空地面设备维修,C842,德州科技职业学院,50,619081
2024,2,24,计算机应用技术,C842,德州科技职业学院,60,564373
2024,2,25,计算机网络技术,C842,德州科技职业学院,60,585447
2024,2,26,软件技术,C842,德州科技职业学院,60,598127
2024,2,27,大数据技术,C842,德州科技职业学院,60,584478
2024,2,28,云计算技术应用,C842,德州科技职业学院,30,602035
2024,2,29,信息安全技术应用,C842,德州科技职业学院,30,581526
2024,2,30,人工智能技术应用,C842,德州科技职业学院,30,589876
2024,2,31,动漫制作技术,C842,德州科技职业学院,40,572150
2024,2,32,集成电路技术,C842,德州科技职业学院,30,581795
2024,2,33,护理,C842,德州科技职业学院,60,514202
2024,2,34,助产,C842,德州科技职业学院,30,577440
2024,2,35,医学影像技术,C842,德州科技职业学院,45,518933
2024,2,36,口腔医学技术,C842,德州科技职业学院,40,507036
2024,2,37,医学美容技术,C842,德州科技职业学院,30,572764
2024,2,38,康复治疗技术,C842,德州科技职业学院,30,518989
2024,2,39,婴幼儿托育服务与管理,C842,德州科技职业学院,30,612045
2024,2,40,大数据与会计,C842,德州科技职业学院,30,531302
2024,2,41,电子商务,C842,德州科技职业学院,70,591337
2024,2,42,跨境电子商务,C842,德州科技职业学院,30,594774
2024,2,43,现代物流管理,C842,德州科技职业学院,30,588346
2024,2,44,酒店管理与数字化运营,C842,德州科技职业学院,30,597625
2024,2,48,融媒体技术与运营,C842,德州科技职业学院,30,601330
2024,2,49,早期教育,C842,德州科技职业学院,80,611382
2024,2,53,电气自动化技术,C843,潍坊科技学院,50,448971
2024,2,55,大数据与会计,C843,潍坊科技学院,30,423289
2024,2,57,计算机网络技术,C843,潍坊科技学院,50,464845
2024,2,59,建设工程管理,C843,潍坊科技学院,5,517775
2024,2,61,市场营销,C843,潍坊科技学院,16,519286
2024,2,62,数字媒体技术,C843,潍坊科技学院,24,448157
2024,2,63,学前教育(师范类),C843,潍坊科技学院,84,550129
2024,2,64,应用化工技术,C843,潍坊科技学院,45,532535
2024,2,65,园艺技术,C843,潍坊科技学院,41,525958
2024,2,66,应用电子技术,C843,潍坊科技学院,50,522599
2024,2,01,中医学,C844,山东力明科技职业学院,168,519541
2024,2,02,中药学,C844,山东力明科技职业学院,50,602636
2024,2,03,药学,C844,山东力明科技职业学院,50,618420
2024,2,04,针灸推拿,C844,山东力明科技职业学院,185,579841
2024,2,05,医学检验技术,C844,山东力明科技职业学院,20,557152
2024,2,06,医学影像技术,C844,山东力明科技职业学院,20,539711
2024,2,07,康复治疗技术,C844,山东力明科技职业学院,20,568415
2024,2,08,护理,C844,山东力明科技职业学院,170,620480
2024,2,10,计算机应用技术,C844,山东力明科技职业学院,10,588701
2024,2,11,计算机网络技术,C844,山东力明科技职业学院,50,625991
2024,2,12,大数据与会计,C844,山东力明科技职业学院,20,605674
2024,2,13,空中乘务,C844,山东力明科技职业学院,15,624986
2024,2,14,民航安全技术管理,C844,山东力明科技职业学院,15,628158
2024,2,15,旅游管理,C844,山东力明科技职业学院,15,640050
2024,2,16,传播与策划,C844,山东力明科技职业学院,25,643628
2024,2,17,文物修复与保护,C844,山东力明科技职业学院,20,596568
2024,2,18,工业机器人技术,C844,山东力明科技职业学院,20,636402
2024,2,19,婴幼儿托育服务与管理,C844,山东力明科技职业学院,15,645409
2024,2,20,眼视光技术,C844,山东力明科技职业学院,20,579633
2024,2,21,电子商务,C844,山东力明科技职业学院,30,628069
2024,2,22,中医康复技术,C844,山东力明科技职业学院,20,565675
2024,2,23,早期教育,C844,山东力明科技职业学院,20,647426
2024,2,28,宠物医疗技术,C844,山东力明科技职业学院,30,591902
2024,2,33,视觉训练与康复,C844,山东力明科技职业学院,20,591420
2024,2,55,食品检验检测技术,C844,山东力明科技职业学院,20,621249
2024,2,62,临床医学,C844,山东力明科技职业学院,191,631847
2024,2,63,口腔医学,C844,山东力明科技职业学院,201,565081
2024,2,64,助产,C844,山东力明科技职业学院,20,633073
2024,2,66,卫生信息管理,C844,山东力明科技职业学院,41,645235
2024,2,76,广播影视节目制作,C844,山东力明科技职业学院,25,649679
2024,2,78,研学旅行管理与服务,C844,山东力明科技职业学院,15,613449
2024,2,79,文物展示利用技术,C844,山东力明科技职业学院,20,635204
2024,2,W1,口腔医学(中外合作办学),C844,山东力明科技职业学院,50,512497
2024,2,01,现代通信技术,C845,湖南邮电职业技术学院,10,368785
2024,2,11,飞行器数字化制造技术,C849,张家界航空工业职业技术学院,2,335128
2024,2,14,机械设计与制造,C849,张家界航空工业职业技术学院,2,340442
2024,2,17,飞行器数字化装配技术,C849,张家界航空工业职业技术学院,2,354261
2024,2,21,飞机机电设备维修,C849,张家界航空工业职业技术学院,4,334154
2024,2,22,航空发动机装配调试技术,C849,张家界航空工业职业技术学院,4,357278
2024,2,23,无人机应用技术,C849,张家界航空工业职业技术学院,2,331261
2024,2,24,通用航空器维修,C849,张家界航空工业职业技术学院,2,345002
2024,2,25,智能制造装备技术,C849,张家界航空工业职业技术学院,2,362221
2024,2,26,机电设备技术,C849,张家界航空工业职业技术学院,2,371359
2024,2,31,飞机电子设备维修,C849,张家界航空工业职业技术学院,4,345132
2024,2,34,电气自动化技术,C849,张家界航空工业职业技术学院,2,317940
2024,2,36,应用电子技术,C849,张家界航空工业职业技术学院,2,370667
2024,2,41,民航运输服务,C849,张家界航空工业职业技术学院,3,367593
2024,2,42,机场运行服务与管理,C849,张家界航空工业职业技术学院,2,377708
2024,2,44,航空物流管理,C849,张家界航空工业职业技术学院,2,371229
2024,2,47,大数据与会计,C849,张家界航空工业职业技术学院,2,358339
2024,2,51,软件技术(游戏软件方向),C849,张家界航空工业职业技术学院,2,362522
2024,2,62,旅游管理,C849,张家界航空工业职业技术学院,2,404368
2024,2,64,空中乘务,C849,张家界航空工业职业技术学院,2,413174
2024,2,03,广告艺术设计,C850,贵州城市职业学院,5,633885
2024,2,06,工程造价,C850,贵州城市职业学院,5,644745
2024,2,10,大数据与会计,C850,贵州城市职业学院,5,631733
2024,2,15,高速铁路客运服务,C850,贵州城市职业学院,7,636384
2024,2,17,护理,C850,贵州城市职业学院,8,623156
2024,2,18,康复治疗技术,C850,贵州城市职业学院,8,623737
2024,2,20,婴幼儿托育服务与管理,C850,贵州城市职业学院,6,646052
2024,2,21,大数据技术,C850,贵州城市职业学院,6,638567
2024,2,26,机电一体化技术,C850,贵州城市职业学院,5,633288
2024,2,28,新能源汽车技术,C850,贵州城市职业学院,7,629114
2024,2,04,法律事务,C852,青海警官职业学院,3,315018
2024,2,05,法律文秘,C852,青海警官职业学院,3,325916
2024,2,06,刑事执行,C852,青海警官职业学院,3,345760
2024,2,07,社区矫正,C852,青海警官职业学院,3,354570
2024,2,11,建筑工程技术,C862,浙江建设职业技术学院,4,334641
2024,2,13,建筑工程技术(工业化设计与管理),C862,浙江建设职业技术学院,4,332059
2024,2,15,建筑钢结构工程技术,C862,浙江建设职业技术学院,3,354978
2024,2,16,建设工程管理,C862,浙江建设职业技术学院,4,345995
2024,2,21,工程造价,C862,浙江建设职业技术学院,4,286139
2024,2,32,建筑设备工程技术,C862,浙江建设职业技术学院,1,259299
2024,2,34,建筑智能化工程技术,C862,浙江建设职业技术学院,3,297018
2024,2,44,城乡规划,C862,浙江建设职业技术学院,3,297265
2024,2,53,现代文秘(建筑文秘与管理),C862,浙江建设职业技术学院,1,252683
2024,2,54,人力资源管理,C862,浙江建设职业技术学院,3,280222
2024,2,03,电子商务,C864,浙江经贸职业技术学院,1,255747
2024,2,06,商务数据分析与应用,C864,浙江经贸职业技术学院,1,269926
2024,2,08,财税大数据应用,C864,浙江经贸职业技术学院,1,244069
2024,2,09,财富管理,C864,浙江经贸职业技术学院,1,270740
2024,2,10,金融科技应用,C864,浙江经贸职业技术学院,1,267444
2024,2,11,国际经济与贸易,C864,浙江经贸职业技术学院,1,260250
2024,2,12,应用英语,C864,浙江经贸职业技术学院,2,262707
2024,2,13,应用日语,C864,浙江经贸职业技术学院,1,263182
2024,2,14,跨境电子商务,C864,浙江经贸职业技术学院,1,263060
2024,2,15,市场营销,C864,浙江经贸职业技术学院,1,269359
2024,2,16,连锁经营与管理,C864,浙江经贸职业技术学院,1,292542
2024,2,17,现代物流管理,C864,浙江经贸职业技术学院,1,258750
2024,2,18,工商企业管理,C864,浙江经贸职业技术学院,2,275618
2024,2,19,会展策划与管理,C864,浙江经贸职业技术学院,1,252094
2024,2,20,现代文秘,C864,浙江经贸职业技术学院,1,248284
2024,2,23,食品检验检测技术,C864,浙江经贸职业技术学院,1,257626
2024,2,25,食品营养与健康,C864,浙江经贸职业技术学院,1,269742
2024,2,33,茶艺与茶文化,C864,浙江经贸职业技术学院,1,273172
2024,2,C8,国际经济与贸易,C866,浙江经济职业技术学院,2,262685
2024,2,E1,大数据与会计,C866,浙江经济职业技术学院,4,248068
2024,2,E7,大数据技术,C866,浙江经济职业技术学院,4,266218
2024,2,G3,应用英语,C866,浙江经济职业技术学院,6,270750
2024,2,G5,文化产业经营与管理,C866,浙江经济职业技术学院,3,255326
2024,2,01,酒店管理与数字化运营,C867,浙江旅游职业学院,5,315421
2024,2,11,金融服务与管理,C870,浙江金融职业学院,2,217660
2024,2,15,国际金融,C870,浙江金融职业学院,3,259441
2024,2,17,金融科技应用,C870,浙江金融职业学院,3,265162
2024,2,21,财富管理,C870,浙江金融职业学院,3,274923
2024,2,31,大数据与会计,C870,浙江金融职业学院,3,240738
2024,2,35,信用管理,C870,浙江金融职业学院,2,272552
2024,2,41,市场营销,C870,浙江金融职业学院,2,263145
2024,2,43,工商企业管理,C870,浙江金融职业学院,2,252690
2024,2,51,国际经济与贸易,C870,浙江金融职业学院,2,252645
2024,2,65,人工智能技术应用,C870,浙江金融职业学院,3,259805
2024,2,67,云计算技术应用,C870,浙江金融职业学院,2,242519
2024,2,81,现代物流管理,C870,浙江金融职业学院,3,286664
2024,2,4A,机电一体化技术,C875,湖州职业技术学院,5,340772
2024,2,10,旅游管理,C882,天津艺术职业学院,1,387583
2024,2,11,会展策划与管理,C882,天津艺术职业学院,1,329482
2024,2,13,艺术教育,C882,天津艺术职业学院,1,339544
2024,2,01,汽车检测与维修技术,C883,天津交通职业学院,3,342516
2024,2,03,新能源汽车技术,C883,天津交通职业学院,4,315886
2024,2,05,智能网联汽车技术,C883,天津交通职业学院,3,359051
2024,2,06,现代物流管理,C883,天津交通职业学院,4,336854
2024,2,13,财富管理,C883,天津交通职业学院,3,371571
2024,2,15,电子商务,C883,天津交通职业学院,4,358828
2024,2,19,智能工程机械运用技术,C883,天津交通职业学院,4,351442
2024,2,20,汽车制造与试验技术,C883,天津交通职业学院,3,354627
2024,2,21,工业机器人技术,C883,天津交通职业学院,4,327841
2024,2,23,城市轨道交通运营管理,C883,天津交通职业学院,4,259138
2024,2,24,城市轨道车辆应用技术,C883,天津交通职业学院,4,304726
2024,2,25,城市轨道交通通信信号技术,C883,天津交通职业学院,4,287441
2024,2,27,空中乘务,C883,天津交通职业学院,10,577745
2024,2,30,道路与桥梁工程技术,C883,天津交通职业学院,3,345236
2024,2,32,工程测量技术,C883,天津交通职业学院,3,371548
2024,2,01,旅游管理,C887,河北旅游职业学院,5,493942
2024,2,01,机械制造及自动化,C888,山西机电职业技术学院,2,373025
2024,2,08,数控技术,C888,山西机电职业技术学院,3,378135
2024,2,08,云计算技术应用,C892,山西水利职业技术学院,20,511807
2024,2,22,电气自动化技术,C892,山西水利职业技术学院,20,466120
2024,2,29,建筑装饰工程技术,C892,山西水利职业技术学院,27,554423
2024,2,01,环境监测技术,C893,阳泉职业技术学院,3,437631
2024,2,04,机电一体化技术,C893,阳泉职业技术学院,3,368356
2024,2,09,新能源汽车检测与维修技术,C893,阳泉职业技术学院,3,435322
2024,2,0B,计算机应用技术,C893,阳泉职业技术学院,3,419614
2024,2,0G,护理,C893,阳泉职业技术学院,2,389504
2024,2,0K,中药学,C893,阳泉职业技术学院,3,384424
2024,2,0L,大数据与会计,C893,阳泉职业技术学院,3,342551
2024,2,03,云计算技术应用,C895,辽宁金融职业学院,2,298341
2024,2,06,金融服务与管理,C895,辽宁金融职业学院,13,383105
2024,2,15,大数据与会计,C895,辽宁金融职业学院,13,310414
2024,2,24,金融服务与管理(中外合作办学),C895,辽宁金融职业学院,2,409924
2024,2,01,铁道机车运用与维护,C896,辽宁轨道交通职业学院,8,294481
2024,2,02,铁道车辆技术,C896,辽宁轨道交通职业学院,9,312170
2024,2,03,动车组检修技术,C896,辽宁轨道交通职业学院,2,301085
2024,2,0M,高速铁路综合维修技术,C896,辽宁轨道交通职业学院,4,306859
2024,2,0X,铁道机车车辆制造与维护,C896,辽宁轨道交通职业学院,8,316263
2024,2,0Y,轨道交通通信信号设备制造与维护,C896,辽宁轨道交通职业学院,2,302119
2024,2,0Z,高速铁路动车组制造与维护,C896,辽宁轨道交通职业学院,2,315730
2024,2,10,城市轨道交通车辆制造与维护,C896,辽宁轨道交通职业学院,2,320025
2024,2,04,全媒体广告策划与营销,C897,辽宁广告职业学院,5,514438
2024,2,11,旅游管理,C897,辽宁广告职业学院,5,554974
2024,2,19,高速铁路客运服务,C897,辽宁广告职业学院,5,555946
2024,2,01,电气自动化技术,C898,辽宁机电职业技术学院,1,247775
2024,2,02,机电一体化技术,C898,辽宁机电职业技术学院,2,266931
2024,2,03,工业机器人技术,C898,辽宁机电职业技术学院,2,324557
2024,2,05,工业互联网应用,C898,辽宁机电职业技术学院,2,342675
2024,2,08,电子信息工程技术,C898,辽宁机电职业技术学院,2,324387
2024,2,11,机械制造及自动化,C898,辽宁机电职业技术学院,2,292614
2024,2,12,数控技术,C898,辽宁机电职业技术学院,2,324534
2024,2,16,智能焊接技术,C898,辽宁机电职业技术学院,2,336401
2024,2,04,大数据与会计,C899,辽宁经济职业技术学院,13,298750
2024,2,0K,工商企业管理,C899,辽宁经济职业技术学院,3,327871
2024,2,01,建筑消防技术,C901,吉林司法警官职业学院,10,366732
2024,2,03,法律事务,C901,吉林司法警官职业学院,15,295063
2024,2,04,法律文秘,C901,吉林司法警官职业学院,15,319295
2024,2,05,社区矫正,C901,吉林司法警官职业学院,10,321349
2024,2,01,工程测量技术,C902,吉林电子信息职业技术学院,2,424676
2024,2,06,数字化设计与制造技术,C902,吉林电子信息职业技术学院,2,406400
2024,2,08,机械制造及自动化,C902,吉林电子信息职业技术学院,2,369402
2024,2,0H,无人机应用技术,C902,吉林电子信息职业技术学院,2,408383
2024,2,0U,酒店管理与数字化运营,C902,吉林电子信息职业技术学院,2,537048
2024,2,0Y,网络营销与直播电商,C902,吉林电子信息职业技术学院,2,426232
2024,2,0Z,现代物流管理,C902,吉林电子信息职业技术学院,2,442617
2024,2,12,工程造价,C902,吉林电子信息职业技术学院,2,415873
2024,2,13,电子信息工程技术,C902,吉林电子信息职业技术学院,2,387757
2024,2,1A,大数据技术,C902,吉林电子信息职业技术学院,2,391027
2024,2,02,应用化工技术,C903,吉林工业职业技术学院,5,423671
2024,2,26,分析检验技术,C903,吉林工业职业技术学院,5,415039
2024,2,39,民航运输服务,C903,吉林工业职业技术学院,5,450505
2024,2,01,电子商务,C904,吉林工程职业学院,3,427089
2024,2,07,工业机器人技术,C904,吉林工程职业学院,4,401811
2024,2,0T,无人机应用技术,C904,吉林工程职业学院,3,416778
2024,2,01,发电厂及电力系统,C906,哈尔滨电力职业技术学院,2,275654
2024,2,02,电力系统继电保护技术,C906,哈尔滨电力职业技术学院,2,278092
2024,2,03,供用电技术,C906,哈尔滨电力职业技术学院,2,281909
2024,2,04,热能动力工程技术,C906,哈尔滨电力职业技术学院,2,295388
2024,2,05,城市热能应用技术,C906,哈尔滨电力职业技术学院,2,324063
2024,2,06,发电运行技术,C906,哈尔滨电力职业技术学院,2,289683
2024,2,07,热工自动化技术,C906,哈尔滨电力职业技术学院,2,303405
2024,2,08,光伏工程技术,C906,哈尔滨电力职业技术学院,2,313216
2024,2,09,风力发电工程技术,C906,哈尔滨电力职业技术学院,2,296460
2024,2,0A,生物质能应用技术,C906,哈尔滨电力职业技术学院,2,320859
2024,2,01,铁道工程技术,C907,哈尔滨铁道职业技术学院,5,276283
2024,2,02,高速铁路施工与维护,C907,哈尔滨铁道职业技术学院,5,304779
2024,2,03,高速铁路综合维修技术,C907,哈尔滨铁道职业技术学院,5,295040
2024,2,06,城市轨道交通工程技术,C907,哈尔滨铁道职业技术学院,5,316332
2024,2,0A,铁道信号自动控制,C907,哈尔滨铁道职业技术学院,5,272660
2024,2,0B,铁道养路机械应用技术,C907,哈尔滨铁道职业技术学院,5,313290
2024,2,0E,机电一体化技术,C907,哈尔滨铁道职业技术学院,5,322093
2024,2,0G,铁道机车运用与维护,C907,哈尔滨铁道职业技术学院,5,275663
2024,2,0H,铁道交通运营管理,C907,哈尔滨铁道职业技术学院,5,253821
2024,2,0J,铁道供电技术,C907,哈尔滨铁道职业技术学院,5,292016
2024,2,0K,铁道车辆技术,C907,哈尔滨铁道职业技术学院,5,285424
2024,2,0L,动车组检修技术,C907,哈尔滨铁道职业技术学院,5,287962
2024,2,0N,现代物流管理,C907,哈尔滨铁道职业技术学院,5,362026
2024,2,0T,建筑工程技术,C907,哈尔滨铁道职业技术学院,5,373861
2024,2,0V,道路与桥梁工程技术,C907,哈尔滨铁道职业技术学院,10,333352
2024,2,09,临床医学,C908,大兴安岭职业学院,9,366961
2024,2,10,口腔医学,C908,大兴安岭职业学院,9,317066
2024,2,11,护理,C908,大兴安岭职业学院,4,393908
2024,2,12,中医学,C908,大兴安岭职业学院,4,330776
2024,2,13,医学检验技术,C908,大兴安岭职业学院,2,369154
2024,2,14,康复治疗技术,C908,大兴安岭职业学院,4,401929
2024,2,15,大数据与财务管理,C908,大兴安岭职业学院,4,407999
2024,2,16,旅游管理,C908,大兴安岭职业学院,4,552506
2024,2,20,学前教育(师范类),C908,大兴安岭职业学院,5,461520
2024,2,01,关务与外贸服务,C910,黑龙江农业经济职业学院,5,453647
2024,2,0K,电子商务,C910,黑龙江农业经济职业学院,5,476556
2024,2,0P,婴幼儿托育服务与管理,C910,黑龙江农业经济职业学院,5,510669
2024,2,0V,食品智能加工技术,C910,黑龙江农业经济职业学院,5,487657
2024,2,02,电气自动化技术,C911,哈尔滨职业技术大学,2,283163
2024,2,04,机电一体化技术,C911,哈尔滨职业技术大学,2,307334
2024,2,11,酒店管理与数字化运营,C911,哈尔滨职业技术大学,3,362629
2024,2,13,市场营销,C911,哈尔滨职业技术大学,2,270561
2024,2,17,大数据与会计,C911,哈尔滨职业技术大学,2,250871
2024,2,20,新能源汽车技术,C911,哈尔滨职业技术大学,2,311248
2024,2,31,道路与桥梁工程技术,C911,哈尔滨职业技术大学,2,351194
2024,2,33,建筑工程技术,C911,哈尔滨职业技术大学,3,356683
2024,2,36,应急救援技术,C911,哈尔滨职业技术大学,2,361234
2024,2,03,花卉生产与花艺,C912,上海农林职业技术学院,5,329813
2024,2,05,园林技术,C912,上海农林职业技术学院,5,334905
2024,2,07,宠物医疗技术,C912,上海农林职业技术学院,5,273259
2024,2,10,环境工程技术,C912,上海农林职业技术学院,5,378154
2024,2,15,旅游管理,C912,上海农林职业技术学院,5,384245
2024,2,22,软件技术,C912,上海农林职业技术学院,5,249634
2024,2,01,现代物流管理(货代),C913,上海邦德职业技术学院,6,644516
2024,2,02,国际金融,C913,上海邦德职业技术学院,4,591648
2024,2,03,大数据与会计,C913,上海邦德职业技术学院,8,598185
2024,2,04,社会工作,C913,上海邦德职业技术学院,4,643052
2024,2,06,电子商务,C913,上海邦德职业技术学院,5,617771
2024,2,08,旅游管理,C913,上海邦德职业技术学院,6,641019
2024,2,09,酒店管理与数字化运营,C913,上海邦德职业技术学院,5,634347
2024,2,10,烹饪工艺与营养,C913,上海邦德职业技术学院,4,598832
2024,2,11,应用英语(跨境商务营销),C913,上海邦德职业技术学院,6,646290
2024,2,12,应用英语(少儿英语),C913,上海邦德职业技术学院,3,637366
2024,2,13,应用法语(奢侈品管理),C913,上海邦德职业技术学院,6,629401
2024,2,16,计算机应用技术(网络应用技术),C913,上海邦德职业技术学院,8,647084
2024,2,17,计算机应用技术(软件设计与应用),C913,上海邦德职业技术学院,8,627451
2024,2,18,数字媒体技术(虚拟现实VR设计),C913,上海邦德职业技术学院,8,586072
2024,2,26,护理,C913,上海邦德职业技术学院,5,557181
2024,2,01,应用英语,C915,上海中侨职业技术大学,10,581570
2024,2,02,商务日语(进出口贸易实务),C915,上海中侨职业技术大学,9,593617
2024,2,03,应用西班牙语(进出口贸易实务),C915,上海中侨职业技术大学,3,523047
2024,2,04,金融服务与管理,C915,上海中侨职业技术大学,5,540971
2024,2,05,大数据与会计(涉外会计),C915,上海中侨职业技术大学,5,460875
2024,2,06,工商企业管理,C915,上海中侨职业技术大学,5,527068
2024,2,07,现代物流管理,C915,上海中侨职业技术大学,5,514198
2024,2,08,旅游管理,C915,上海中侨职业技术大学,5,550475
2024,2,09,建筑工程技术,C915,上海中侨职业技术大学,5,580982
2024,2,10,工程造价,C915,上海中侨职业技术大学,3,587230
2024,2,11,计算机应用技术,C915,上海中侨职业技术大学,6,436431
2024,2,12,无人机应用技术,C915,上海中侨职业技术大学,3,385871
2024,2,13,数字媒体技术,C915,上海中侨职业技术大学,5,444835
2024,2,14,物联网应用技术,C915,上海中侨职业技术大学,3,454599
2024,2,15,机电一体化技术,C915,上海中侨职业技术大学,3,458995
2024,2,16,汽车检测与维修技术,C915,上海中侨职业技术大学,3,523028
2024,2,17,食品智能加工技术(烘焙与饮品加工),C915,上海中侨职业技术大学,3,554884
2024,2,18,食品质量与安全,C915,上海中侨职业技术大学,4,552181
2024,2,19,生物制药技术,C915,上海中侨职业技术大学,2,424558
2024,2,20,护理(康复护理),C915,上海中侨职业技术大学,3,458257
2024,2,21,智慧健康养老服务与管理,C915,上海中侨职业技术大学,3,498850
2024,2,22,医用电子仪器技术,C915,上海中侨职业技术大学,3,472284
2024,2,0M,婴幼儿托育服务与管理,C919,炎黄职业技术学院,4,635775
2024,2,0N,大数据与会计,C919,炎黄职业技术学院,7,620122
2024,2,0R,市场营销,C919,炎黄职业技术学院,1,623272
2024,2,0S,电子商务,C919,炎黄职业技术学院,7,634639
2024,2,0T,现代物流管理,C919,炎黄职业技术学院,1,607995
2024,2,06,环境工程技术,C920,南京科技职业学院,4,322214
2024,2,0K,数字化设计与制造技术,C920,南京科技职业学院,4,296080
2024,2,0M,机械制造及自动化,C920,南京科技职业学院,5,286770
2024,2,0R,机电一体化技术,C920,南京科技职业学院,5,291239
2024,2,0T,电气自动化技术,C920,南京科技职业学院,4,270710
2024,2,0W,计算机应用技术,C920,南京科技职业学院,3,279301
2024,2,10,云计算技术应用,C920,南京科技职业学院,4,282983
2024,2,11,人工智能技术应用,C920,南京科技职业学院,5,292913
2024,2,1A,数字媒体技术,C920,南京科技职业学院,6,272400
2024,2,0H,计算机应用技术,C921,正德职业技术学院,5,433898
2024,2,0N,婴幼儿托育服务与管理,C921,正德职业技术学院,5,519702
2024,2,A1,护理,C922,钟山职业技术学院,1,354925
2024,2,A3,药学,C922,钟山职业技术学院,1,411020
2024,2,A4,中医康复技术,C922,钟山职业技术学院,2,412156
2024,2,A5,康复治疗技术,C922,钟山职业技术学院,1,368867
2024,2,A9,政府采购管理,C922,钟山职业技术学院,3,457486
2024,2,B1,大数据与会计,C922,钟山职业技术学院,3,407103
2024,2,B3,市场营销,C922,钟山职业技术学院,3,471390
2024,2,C3,工程造价,C922,钟山职业技术学院,3,484614
2024,2,C5,康复工程技术,C922,钟山职业技术学院,3,445850
2024,2,04,新能源汽车技术,C923,无锡南洋职业技术学院,3,493295
2024,2,0L,建筑工程技术,C923,无锡南洋职业技术学院,3,598115
2024,2,0X,云计算技术应用,C923,无锡南洋职业技术学院,3,541753
2024,2,1B,大数据与会计,C923,无锡南洋职业技术学院,3,463529
2024,2,1K,空中乘务,C923,无锡南洋职业技术学院,3,606472
2024,2,1Q,中西面点工艺,C923,无锡南洋职业技术学院,3,537683
2024,2,1V,婴幼儿托育服务与管理,C923,无锡南洋职业技术学院,2,596997
2024,2,01,数字媒体技术,C927,泉州华光职业学院,5,619244
2024,2,13,学前教育,C927,泉州华光职业学院,5,640088
2024,2,14,音乐教育,C927,泉州华光职业学院,5,614572
2024,2,17,应急救援技术,C927,泉州华光职业学院,5,640209
2024,2,18,护理,C927,泉州华光职业学院,25,623527
2024,2,19,助产,C927,泉州华光职业学院,10,636172
2024,2,21,眼视光技术,C927,泉州华光职业学院,5,607141
2024,2,39,大数据技术,C927,泉州华光职业学院,5,635064
2024,2,41,大数据与会计,C927,泉州华光职业学院,10,634758
2024,2,25,新闻采编与制作,C929,江西司法警官职业学院,2,297278
2024,2,26,法律事务,C929,江西司法警官职业学院,3,271751
2024,2,02,船舶工程技术,C931,渤海船舶职业学院,10,378200
2024,2,10,船舶动力工程技术,C931,渤海船舶职业学院,5,383426
2024,2,16,船舶电气工程技术,C931,渤海船舶职业学院,5,353176
2024,2,21,数控技术,C931,渤海船舶职业学院,5,366479
2024,2,25,智能焊接技术,C931,渤海船舶职业学院,5,388223
2024,2,26,理化测试与质检技术(无损检测技术),C931,渤海船舶职业学院,5,393209
2024,2,01,空中乘务,C932,江西旅游商贸职业学院,2,464697
2024,2,09,电子商务,C932,江西旅游商贸职业学院,2,395916
2024,2,19,大数据与会计,C932,江西旅游商贸职业学院,2,368863
2024,2,37,软件技术,C932,江西旅游商贸职业学院,2,371183
2024,2,01,发电厂及电力系统,C933,江西电力职业技术学院,6,286168
2024,2,03,电力系统自动化技术,C933,江西电力职业技术学院,6,303039
2024,2,06,供用电技术,C933,江西电力职业技术学院,6,303087
2024,2,07,热能动力工程技术,C933,江西电力职业技术学院,6,328171
2024,2,08,发电运行技术,C933,江西电力职业技术学院,6,307417
2024,2,09,热工自动化技术,C933,江西电力职业技术学院,5,328064
2024,2,07,园林技术,C934,江西环境工程职业学院,5,414029
2024,2,12,建筑室内设计,C934,江西环境工程职业学院,5,413772
2024,2,15,广告艺术设计,C934,江西环境工程职业学院,4,436266
2024,2,21,现代通信技术,C934,江西环境工程职业学院,3,405010
2024,2,27,数字媒体技术,C934,江西环境工程职业学院,3,365684
2024,2,32,新能源汽车技术,C934,江西环境工程职业学院,2,407001
2024,2,34,机电一体化技术,C934,江西环境工程职业学院,3,386490
2024,2,42,环境工程技术,C934,江西环境工程职业学院,5,416628
2024,2,45,食品检验检测技术,C934,江西环境工程职业学院,2,415552
2024,2,46,家具设计与制造,C934,江西环境工程职业学院,2,443945
2024,2,47,产品艺术设计,C934,江西环境工程职业学院,6,439354
2024,2,0C,计算机网络技术,C938,江西应用科技学院,5,526335
2024,2,0D,软件技术,C938,江西应用科技学院,4,575589
2024,2,0L,电子商务,C938,江西应用科技学院,6,602563
2024,2,0N,大数据与会计,C938,江西应用科技学院,4,505004
2024,2,0P,大数据与财务管理,C938,江西应用科技学院,4,578270
2024,2,0Q,市场营销,C938,江西应用科技学院,6,635778
2024,2,0Z,学前教育,C938,江西应用科技学院,6,635822
2024,2,05,大气探测技术,C939,江西信息应用职业技术学院,4,400577
2024,2,07,雷电防护技术,C939,江西信息应用职业技术学院,10,483379
2024,2,01,道路与桥梁工程技术,C940,江西交通职业技术学院,5,358932
2024,2,29,计算机网络技术,C940,江西交通职业技术学院,5,359658
2024,2,35,电气自动化技术,C940,江西交通职业技术学院,5,351823
2024,2,42,城市轨道交通通信信号技术,C940,江西交通职业技术学院,5,345222
2024,2,01,大数据与会计,C941,江西财经职业学院,20,348921
2024,2,04,会计信息管理,C941,江西财经职业学院,3,360472
2024,2,05,大数据与财务管理,C941,江西财经职业学院,12,354402
2024,2,13,工程造价,C941,江西财经职业学院,7,386171
2024,2,22,工商企业管理,C941,江西财经职业学院,4,364970
2024,2,23,市场营销,C941,江西财经职业学院,3,382407
2024,2,25,现代物流管理,C941,江西财经职业学院,2,370115
2024,2,33,旅游管理,C941,江西财经职业学院,2,407948
2024,2,37,计算机网络技术,C941,江西财经职业学院,4,365043
2024,2,41,软件技术,C941,江西财经职业学院,6,364040
2024,2,43,商务英语,C941,江西财经职业学院,7,384055
2024,2,01,国土资源调查与管理,C942,江西应用技术职业学院,1,296411
2024,2,02,宝玉石鉴定与加工,C942,江西应用技术职业学院,1,359145
2024,2,03,水文与工程地质,C942,江西应用技术职业学院,2,311172
2024,2,06,汽车智能技术,C942,江西应用技术职业学院,2,357583
2024,2,07,机械制造及自动化,C942,江西应用技术职业学院,2,347151
2024,2,17,测绘地理信息技术,C942,江西应用技术职业学院,2,333454
2024,2,21,电子商务,C942,江西应用技术职业学院,2,412824
2024,2,51,酒店管理与数字化运营,C943,江西现代职业技术学院,3,435605
2024,2,56,电子信息工程技术,C943,江西现代职业技术学院,3,379738
2024,2,63,计算机网络技术,C943,江西现代职业技术学院,4,372723
2024,2,66,大数据与会计,C943,江西现代职业技术学院,3,331898
2024,2,70,机电一体化技术,C943,江西现代职业技术学院,4,335685
2024,2,78,汽车检测与维修技术,C943,江西现代职业技术学院,3,491598
2024,2,02,工程测量技术,C944,江西工业工程职业技术学院,6,488425
2024,2,06,工程造价,C944,江西工业工程职业技术学院,6,464405
2024,2,10,新能源汽车技术,C944,江西工业工程职业技术学院,6,447946
2024,2,18,电气自动化技术,C944,江西工业工程职业技术学院,6,437451
2024,2,29,电子商务,C944,江西工业工程职业技术学院,5,476969
2024,2,30,大数据与会计,C944,江西工业工程职业技术学院,6,416470
2024,2,03,医学影像技术,C945,山东圣翰财贸职业学院,92,599167
2024,2,04,电气自动化技术,C945,山东圣翰财贸职业学院,11,562972
2024,2,07,软件技术,C945,山东圣翰财贸职业学院,20,586804
2024,2,10,康复治疗技术,C945,山东圣翰财贸职业学院,60,579993
2024,2,11,医学美容技术,C945,山东圣翰财贸职业学院,60,607240
2024,2,15,机电一体化技术,C945,山东圣翰财贸职业学院,25,570836
2024,2,18,智慧健康养老服务与管理,C945,山东圣翰财贸职业学院,28,591158
2024,2,21,建筑工程技术,C945,山东圣翰财贸职业学院,26,595867
2024,2,22,工程造价,C945,山东圣翰财贸职业学院,20,598249
2024,2,32,大数据与会计,C945,山东圣翰财贸职业学院,30,557497
2024,2,34,大数据与财务管理,C945,山东圣翰财贸职业学院,180,615340
2024,2,37,网络营销与直播电商,C945,山东圣翰财贸职业学院,50,624248
2024,2,38,药学,C945,山东圣翰财贸职业学院,77,569347
2024,2,39,医学检验技术,C945,山东圣翰财贸职业学院,60,566444
2024,2,40,口腔医学技术,C945,山东圣翰财贸职业学院,60,554846
2024,2,42,中医养生保健,C945,山东圣翰财贸职业学院,50,602204
2024,2,57,融媒体技术与运营,C945,山东圣翰财贸职业学院,30,606337
2024,2,58,网络直播与运营,C945,山东圣翰财贸职业学院,30,618085
2024,2,60,计算机网络技术,C945,山东圣翰财贸职业学院,34,581496
2024,2,62,新能源汽车技术,C945,山东圣翰财贸职业学院,30,575118
2024,2,63,工业机器人技术,C945,山东圣翰财贸职业学院,60,594591
2024,2,66,电梯工程技术,C945,山东圣翰财贸职业学院,30,594353
2024,2,88,工商企业管理,C945,山东圣翰财贸职业学院,80,646649
2024,2,G3,老年保健与管理,C945,山东圣翰财贸职业学院,30,634958
2024,2,01,水利工程,C946,山东水利职业学院,135,379529
2024,2,02,水利水电建筑工程,C946,山东水利职业学院,60,363158
2024,2,03,水利水电工程智能管理,C946,山东水利职业学院,50,329190
2024,2,04,智慧水利技术,C946,山东水利职业学院,10,339063
2024,2,05,治河与航道工程技术,C946,山东水利职业学院,20,377828
2024,2,06,道路与桥梁工程技术,C946,山东水利职业学院,40,373136
2024,2,09,工程测量技术,C946,山东水利职业学院,48,457431
2024,2,10,无人机测绘技术,C946,山东水利职业学院,50,432148
2024,2,11,建筑工程技术,C946,山东水利职业学院,72,449100
2024,2,12,土木工程检测技术,C946,山东水利职业学院,55,483128
2024,2,14,装配式建筑工程技术,C946,山东水利职业学院,55,546892
2024,2,15,建筑装饰工程技术,C946,山东水利职业学院,50,494166
2024,2,17,环境工程技术,C946,山东水利职业学院,75,474185
2024,2,18,水生态修复技术,C946,山东水利职业学院,45,409723
2024,2,19,智能水务管理,C946,山东水利职业学院,50,391745
2024,2,20,园林工程技术,C946,山东水利职业学院,45,411803
2024,2,21,工程造价,C946,山东水利职业学院,70,436598
2024,2,22,机电一体化技术,C946,山东水利职业学院,85,375236
2024,2,23,汽车检测与维修技术,C946,山东水利职业学院,50,430379
2024,2,24,机械制造及自动化,C946,山东水利职业学院,50,376240
2024,2,25,工业机器人技术,C946,山东水利职业学院,48,406674
2024,2,26,无人机应用技术,C946,山东水利职业学院,57,407955
2024,2,27,电子信息工程技术,C946,山东水利职业学院,15,374874
2024,2,28,物联网应用技术,C946,山东水利职业学院,40,373527
2024,2,29,计算机应用技术,C946,山东水利职业学院,40,372002
2024,2,30,软件技术,C946,山东水利职业学院,48,381591
2024,2,31,大数据技术,C946,山东水利职业学院,30,370774
2024,2,32,人工智能技术应用,C946,山东水利职业学院,50,388499
2024,2,33,动漫制作技术,C946,山东水利职业学院,30,399001
2024,2,34,现代通信技术,C946,山东水利职业学院,40,405554
2024,2,35,电气自动化技术,C946,山东水利职业学院,80,358854
2024,2,36,财税大数据应用,C946,山东水利职业学院,42,397354
2024,2,37,大数据与会计,C946,山东水利职业学院,55,335810
2024,2,38,金融服务与管理,C946,山东水利职业学院,40,428279
2024,2,39,酒店管理与数字化运营,C946,山东水利职业学院,48,486898
2024,2,40,关务与外贸服务,C946,山东水利职业学院,50,467752
2024,2,41,电子商务,C946,山东水利职业学院,50,441409
2024,2,42,跨境电子商务,C946,山东水利职业学院,40,477544
2024,2,43,网络营销与直播电商,C946,山东水利职业学院,40,471039
2024,2,44,现代物流管理,C946,山东水利职业学院,80,443115
2024,2,45,旅游管理,C946,山东水利职业学院,78,476760
2024,2,E1,水利工程(中外合作办学),C946,山东水利职业学院,50,463057
2024,2,E2,机电一体化技术(中外合作办学),C946,山东水利职业学院,50,492440
2024,2,J1,水利工程(高职技师合作培养，在山东水利技师学院就读),C946,山东水利职业学院,60,475896
2024,2,J2,环境工程技术(高职技师合作培养，在山东水利技师学院就读),C946,山东水利职业学院,40,525885
2024,2,J3,工程造价(高职技师合作培养，在山东水利技师学院就读),C946,山东水利职业学院,90,514744
2024,2,J4,机械制造及自动化(高职技师合作培养，在山东水利技师学院就读),C946,山东水利职业学院,90,506570
2024,2,A1,水利工程(高职3+2贯通培养，衔接山东农业大学水利水电工程专业),C946,山东水利职业学院,40,218050
2024,2,A2,机电一体化技术(高职3+2贯通培养，衔接临沂大学电气工程及其自动化专,C946,山东水利职业学院,40,223204
2024,2,A3,金融服务与管理(高职3+2贯通培养，衔接齐鲁师范学院经济与金融专业),C946,山东水利职业学院,30,227883
2024,2,A4,道路与桥梁工程技术(高职3+2贯通培养，衔接菏泽学院土木工程专业),C946,山东水利职业学院,60,251777
2024,2,A5,大数据技术(高职3+2贯通培养，衔接山东体育学院数据科学与大数据技术,C946,山东水利职业学院,30,239445
2024,2,A6,大数据与会计(高职3+2贯通培养，衔接枣庄学院财务管理专业),C946,山东水利职业学院,40,204392
2024,2,A7,电子信息工程技术(高职3+2贯通培养，衔接济宁学院电子信息工程专业),C946,山东水利职业学院,40,240780
2024,2,01,畜牧兽医,C947,山东畜牧兽医职业学院,336,392455
2024,2,02,畜牧兽医(新希望六和班),C947,山东畜牧兽医职业学院,7,371611
2024,2,03,畜牧兽医(益生班),C947,山东畜牧兽医职业学院,15,380699
2024,2,04,畜牧兽医(益客班),C947,山东畜牧兽医职业学院,10,326651
2024,2,05,畜牧兽医(中慧班),C947,山东畜牧兽医职业学院,10,390305
2024,2,07,畜禽智能化养殖,C947,山东畜牧兽医职业学院,16,425565
2024,2,09,畜禽智能化养殖(凤祥班),C947,山东畜牧兽医职业学院,12,427386
2024,2,11,水产养殖技术,C947,山东畜牧兽医职业学院,15,414865
2024,2,13,动物营养与饲料,C947,山东畜牧兽医职业学院,3,293835
2024,2,14,动物医学,C947,山东畜牧兽医职业学院,394,334482
2024,2,20,动物防疫与检疫,C947,山东畜牧兽医职业学院,45,395430
2024,2,23,宠物医疗技术,C947,山东畜牧兽医职业学院,289,414075
2024,2,25,宠物养护与驯导,C947,山东畜牧兽医职业学院,51,376345
2024,2,26,动物药学,C947,山东畜牧兽医职业学院,50,371078
2024,2,27,机电一体化技术,C947,山东畜牧兽医职业学院,49,423310
2024,2,28,计算机应用技术,C947,山东畜牧兽医职业学院,30,422711
2024,2,29,物联网应用技术,C947,山东畜牧兽医职业学院,30,450903
2024,2,30,现代农业经济管理,C947,山东畜牧兽医职业学院,42,474521
2024,2,31,金融科技应用,C947,山东畜牧兽医职业学院,40,497158
2024,2,32,中兽医,C947,山东畜牧兽医职业学院,15,376773
2024,2,33,食品药品监督管理,C947,山东畜牧兽医职业学院,14,389272
2024,2,34,药品生产技术,C947,山东畜牧兽医职业学院,14,348500
2024,2,35,药品质量与安全,C947,山东畜牧兽医职业学院,14,414348
2024,2,38,食品检验检测技术,C947,山东畜牧兽医职业学院,21,409653
2024,2,40,智能控制技术,C947,山东畜牧兽医职业学院,9,436796
2024,2,41,现代物流管理,C947,山东畜牧兽医职业学院,40,478568
2024,2,43,工业机器人技术,C947,山东畜牧兽医职业学院,10,437130
2024,2,45,电子商务,C947,山东畜牧兽医职业学院,37,487231
2024,2,46,大数据与会计,C947,山东畜牧兽医职业学院,73,411557
2024,2,47,大数据与财务管理,C947,山东畜牧兽医职业学院,42,426858
2024,2,A3,动物医学(高职院校专项计划),C947,山东畜牧兽医职业学院,12,417121
2024,2,A4,动物药学(高职院校专项计划),C947,山东畜牧兽医职业学院,5,467465
2024,2,A5,畜牧兽医(高职院校专项计划),C947,山东畜牧兽医职业学院,10,470565
2024,2,A6,中兽医(高职院校专项计划),C947,山东畜牧兽医职业学院,2,512768
2024,2,A7,宠物医疗技术(高职院校专项计划),C947,山东畜牧兽医职业学院,5,496820
2024,2,B1,宠物养护与驯导(高职院校专项计划),C947,山东畜牧兽医职业学院,3,524126
2024,2,B2,动物营养与饲料(高职院校专项计划),C947,山东畜牧兽医职业学院,2,511293
2024,2,B4,机电一体化技术(高职院校专项计划),C947,山东畜牧兽医职业学院,1,537915
2024,2,B5,智能控制技术(高职院校专项计划),C947,山东畜牧兽医职业学院,1,550916
2024,2,C4,物联网应用技术(高职院校专项计划),C947,山东畜牧兽医职业学院,1,512259
2024,2,C5,计算机应用技术(高职院校专项计划),C947,山东畜牧兽医职业学院,1,502461
2024,2,C8,大数据与会计(高职院校专项计划),C947,山东畜牧兽医职业学院,3,466290
2024,2,C9,电子商务(高职院校专项计划),C947,山东畜牧兽医职业学院,3,583122
2024,2,D2,现代物流管理(高职院校专项计划),C947,山东畜牧兽医职业学院,1,516791
2024,2,D3,畜牧兽医(高职3+2贯通培养，衔接山东农业大学动物科学专业),C947,山东畜牧兽医职业学院,80,207752
2024,2,D4,动物医学(高职3+2贯通培养，衔接聊城大学动物医学专业),C947,山东畜牧兽医职业学院,40,194859
2024,2,D5,食品智能加工技术(高职3+2贯通培养，衔接山东农业工程学院食品科学与,C947,山东畜牧兽医职业学院,80,240139
2024,2,D6,药品生产技术(高职3+2贯通培养，衔接潍坊学院制药工程专业),C947,山东畜牧兽医职业学院,40,232517
2024,2,01,临床医学,C948,郑州澍青医学高等专科学校,6,393029
2024,2,02,中医学,C948,郑州澍青医学高等专科学校,2,339099
2024,2,03,口腔医学,C948,郑州澍青医学高等专科学校,2,292815
2024,2,01,航海技术,C952,武汉航海职业技术学院,4,375070
2024,2,02,轮机工程技术,C952,武汉航海职业技术学院,4,402714
2024,2,25,动漫制作技术,C961,广东亚视演艺职业学院,2,496867
2024,2,27,大数据与财务管理,C961,广东亚视演艺职业学院,2,598441
2024,2,29,大数据与会计,C961,广东亚视演艺职业学院,2,555467
2024,2,31,工商企业管理,C961,广东亚视演艺职业学院,2,509530
2024,2,33,电子商务,C961,广东亚视演艺职业学院,2,542703
2024,2,39,大数据技术,C961,广东亚视演艺职业学院,2,604264
2024,2,41,人工智能技术应用,C961,广东亚视演艺职业学院,3,599390
2024,2,43,计算机应用技术,C961,广东亚视演艺职业学院,3,604082
2024,2,47,计算机网络技术,C961,广东亚视演艺职业学院,2,633747
2024,2,51,学前教育,C961,广东亚视演艺职业学院,2,557506
2024,2,57,中文,C961,广东亚视演艺职业学院,2,545336
2024,2,59,护理,C961,广东亚视演艺职业学院,3,583422
2024,2,61,医学检验技术,C961,广东亚视演艺职业学院,3,657593
2024,2,63,药学,C961,广东亚视演艺职业学院,3,563130
2024,2,EC,空中乘务,C962,广东省外语艺术职业学院,20,568729
2024,2,01,软件技术,C963,四川托普信息技术职业学院,18,620133
2024,2,08,人工智能技术应用,C963,四川托普信息技术职业学院,17,650517
2024,2,12,数控技术,C963,四川托普信息技术职业学院,17,652235
2024,2,18,电子商务,C963,四川托普信息技术职业学院,18,654146
2024,2,07,电子竞技运动与管理,C964,四川国际标榜职业学院,10,640087
2024,2,08,网络营销与直播电商,C964,四川国际标榜职业学院,15,639368
2024,2,25,家具设计与制造,C964,四川国际标榜职业学院,15,640547
2024,2,26,建筑室内设计,C964,四川国际标榜职业学院,15,644996
2024,2,56,烹饪工艺与营养,C964,四川国际标榜职业学院,15,647903
2024,2,08,软件技术,C967,泸州职业技术学院,5,363991
2024,2,33,酿酒技术,C967,泸州职业技术学院,5,397165
2024,2,84,数字媒体技术,C969,成都艺术职业大学,20,594145
2024,2,86,大数据与财务管理,C969,成都艺术职业大学,20,600843
2024,2,21,电气自动化技术,C975,伊犁职业技术学院,2,401590
2024,2,31,机电一体化技术,C975,伊犁职业技术学院,2,441898
2024,2,81,社区管理与服务,C975,伊犁职业技术学院,2,479790
2024,2,A4,护理,C975,伊犁职业技术学院,5,459714
2024,2,B1,电子商务(商务操作与管理),C975,伊犁职业技术学院,2,634940
2024,2,B4,医学检验技术,C975,伊犁职业技术学院,2,471773
2024,2,C4,康复治疗技术,C975,伊犁职业技术学院,2,480500
2024,2,D1,旅游管理,C975,伊犁职业技术学院,2,561450
2024,2,E4,动物医学(兽医医学),C975,伊犁职业技术学院,2,315411
2024,2,F4,中药学,C975,伊犁职业技术学院,2,423102
2024,2,T3,计算机网络技术,C975,伊犁职业技术学院,2,494769
2024,2,U3,物联网应用技术,C975,伊犁职业技术学院,2,551814
2024,2,U5,移动应用开发,C975,伊犁职业技术学院,2,604549
2024,2,V1,食品检验检测技术,C975,伊犁职业技术学院,2,492146
2024,2,W1,畜牧兽医,C975,伊犁职业技术学院,2,424140
2024,2,Y1,动物医学(宠物医学),C975,伊犁职业技术学院,2,320051
2024,2,04,数控技术,C976,江西机电职业技术学院,5,438649
2024,2,08,模具设计与制造,C976,江西机电职业技术学院,5,491612
2024,2,11,机电设备技术,C976,江西机电职业技术学院,5,451968
2024,2,13,机电一体化技术,C976,江西机电职业技术学院,5,404721
2024,2,16,工业机器人技术,C976,江西机电职业技术学院,5,434675
2024,2,17,电气自动化技术,C976,江西机电职业技术学院,3,386118
2024,2,21,汽车制造与试验技术,C976,江西机电职业技术学院,5,470222
2024,2,22,新能源汽车技术,C976,江西机电职业技术学院,3,451758
2024,2,31,智能产品开发与应用,C976,江西机电职业技术学院,4,472556
2024,2,34,软件技术,C976,江西机电职业技术学院,10,421846
2024,2,41,集成电路技术,C976,江西机电职业技术学院,5,471464
2024,2,45,跨境电子商务,C976,江西机电职业技术学院,5,488010
2024,2,A2,铁道交通运营管理,C977,武汉铁路职业技术学院,3,242402
2024,2,A5,铁路物流管理,C977,武汉铁路职业技术学院,3,254373
2024,2,A6,铁道机车运用与维护,C977,武汉铁路职业技术学院,2,217789
2024,2,A7,动车组检修技术,C977,武汉铁路职业技术学院,2,230853
2024,2,A8,铁道车辆技术,C977,武汉铁路职业技术学院,2,249842
2024,2,B6,轨道交通通信信号设备制造与维护,C977,武汉铁路职业技术学院,2,253315
2024,2,B7,铁道供电技术,C977,武汉铁路职业技术学院,2,252456
2024,2,C1,铁道工程技术,C977,武汉铁路职业技术学院,3,250478
2024,2,C6,集成电路技术,C977,武汉铁路职业技术学院,2,280614
2024,2,C7,计算机网络技术,C977,武汉铁路职业技术学院,1,266039
2024,2,C9,物联网应用技术,C977,武汉铁路职业技术学院,1,274325
2024,2,D1,电气自动化技术,C977,武汉铁路职业技术学院,2,257979
2024,2,D3,工业互联网应用,C977,武汉铁路职业技术学院,2,301306
2024,2,D7,大数据与会计,C977,武汉铁路职业技术学院,1,246609
2024,2,D9,电子商务,C977,武汉铁路职业技术学院,2,293253
2024,2,01,软件技术,C978,武汉软件工程职业学院,5,262377
2024,2,02,人工智能技术应用,C978,武汉软件工程职业学院,1,285994
2024,2,03,大数据技术,C978,武汉软件工程职业学院,1,279279
2024,2,04,数字媒体技术,C978,武汉软件工程职业学院,1,257470
2024,2,05,计算机网络技术,C978,武汉软件工程职业学院,1,265489
2024,2,06,物联网应用技术,C978,武汉软件工程职业学院,1,274108
2024,2,07,信息安全技术应用,C978,武汉软件工程职业学院,2,279937
2024,2,08,云计算技术应用,C978,武汉软件工程职业学院,1,259126
2024,2,09,移动互联应用技术,C978,武汉软件工程职业学院,1,283452
2024,2,10,机械设计与制造,C978,武汉软件工程职业学院,1,293701
2024,2,13,智能机器人技术,C978,武汉软件工程职业学院,1,288769
2024,2,15,工业机器人技术,C978,武汉软件工程职业学院,1,284002
2024,2,17,现代通信技术,C978,武汉软件工程职业学院,1,302047
2024,2,18,工业互联网技术,C978,武汉软件工程职业学院,1,310472
2024,2,19,电子信息工程技术,C978,武汉软件工程职业学院,1,275702
2024,2,20,集成电路技术,C978,武汉软件工程职业学院,1,282140
2024,2,21,机电一体化技术,C978,武汉软件工程职业学院,1,282351
2024,2,24,新能源汽车检测与维修技术,C978,武汉软件工程职业学院,1,287379
2024,2,27,食品检验检测技术,C978,武汉软件工程职业学院,1,286156
2024,2,31,应用化工技术,C978,武汉软件工程职业学院,1,334192
2024,2,33,大数据与会计,C978,武汉软件工程职业学院,1,255555
2024,2,38,文化创意与策划,C978,武汉软件工程职业学院,1,260670
2024,2,39,关务与外贸服务,C978,武汉软件工程职业学院,1,292537
2024,2,41,旅游管理,C978,武汉软件工程职业学院,1,309444
2024,2,47,影视动画,C978,武汉软件工程职业学院,1,273168
2024,2,01,现代农业技术,C979,湖北三峡职业技术学院,3,401225
2024,2,02,园林技术,C979,湖北三峡职业技术学院,4,404022
2024,2,03,动物医学,C979,湖北三峡职业技术学院,2,304104
2024,2,05,储能材料技术,C979,湖北三峡职业技术学院,2,413090
2024,2,11,机电一体化技术,C979,湖北三峡职业技术学院,2,373909
2024,2,12,电气自动化技术,C979,湖北三峡职业技术学院,2,353497
2024,2,13,新能源汽车技术,C979,湖北三峡职业技术学院,2,384205
2024,2,22,人工智能技术应用,C979,湖北三峡职业技术学院,1,333595
2024,2,25,口腔医学,C979,湖北三峡职业技术学院,2,268803
2024,2,26,护理,C979,湖北三峡职业技术学院,4,313580
2024,2,34,大数据与会计,C979,湖北三峡职业技术学院,2,343509
2024,2,40,茶艺与茶文化,C979,湖北三峡职业技术学院,2,429554
2024,2,43,学前教育,C979,湖北三峡职业技术学院,2,395842
2024,2,01,临床医学,C980,随州职业技术学院,10,340080
2024,2,02,护理,C980,随州职业技术学院,10,377982
2024,2,03,康复治疗技术,C980,随州职业技术学院,10,409322
2024,2,20,建筑工程技术,C980,随州职业技术学院,10,608273
2024,2,25,学前教育(师范类),C980,随州职业技术学院,10,551122
2024,2,01,工程测量技术,C982,湖北水利水电职业技术学院,5,393242
2024,2,02,发电厂及电力系统,C982,湖北水利水电职业技术学院,7,348900
2024,2,03,光伏工程技术,C982,湖北水利水电职业技术学院,3,353792
2024,2,04,风力发电工程技术,C982,湖北水利水电职业技术学院,3,352110
2024,2,07,建筑工程技术,C982,湖北水利水电职业技术学院,5,410995
2024,2,09,工程造价,C982,湖北水利水电职业技术学院,8,391953
2024,2,13,智慧水利技术,C982,湖北水利水电职业技术学院,4,357227
2024,2,14,水利水电工程技术,C982,湖北水利水电职业技术学院,4,310260
2024,2,16,水利水电建筑工程,C982,湖北水利水电职业技术学院,5,356236
2024,2,21,机电一体化技术,C982,湖北水利水电职业技术学院,4,337950
2024,2,23,电气自动化技术,C982,湖北水利水电职业技术学院,7,346710
2024,2,24,新能源汽车技术,C982,湖北水利水电职业技术学院,5,354157
2024,2,25,道路与桥梁工程技术,C982,湖北水利水电职业技术学院,5,379350
2024,2,28,大数据技术,C982,湖北水利水电职业技术学院,5,344085
2024,2,29,大数据与会计,C982,湖北水利水电职业技术学院,6,308969
2024,2,31,电子商务,C982,湖北水利水电职业技术学院,4,372156
2024,2,Y1,建筑工程技术,C983,湖北城市建设职业技术学院,5,370575
2024,2,Y3,智能建造技术,C983,湖北城市建设职业技术学院,2,370791
2024,2,Y4,建设工程监理,C983,湖北城市建设职业技术学院,2,576721
2024,2,Y5,工程测量技术,C983,湖北城市建设职业技术学院,2,382112
2024,2,Y7,市政工程技术,C983,湖北城市建设职业技术学院,2,331839
2024,2,Y8,道路与桥梁工程技术,C983,湖北城市建设职业技术学院,2,351948
2024,2,03,司法鉴定技术,C984,武汉警官职业学院,3,270769
2024,2,09,计算机网络技术,C984,武汉警官职业学院,2,290702
2024,2,12,软件技术,C984,武汉警官职业学院,2,270648
2024,2,13,司法信息技术,C984,武汉警官职业学院,4,279317
2024,2,15,应急救援技术,C984,武汉警官职业学院,2,310382
2024,2,19,司法警务,C984,武汉警官职业学院,6,270612
2024,2,21,计算机应用技术,C984,武汉警官职业学院,2,285057
2024,2,23,物联网应用技术,C984,武汉警官职业学院,4,306202
2024,2,24,信息安全技术应用,C984,武汉警官职业学院,4,306462
2024,2,27,刑事侦查技术,C984,武汉警官职业学院,5,265302
2024,2,28,刑事执行,C984,武汉警官职业学院,5,279863
2024,2,29,司法信息安全,C984,武汉警官职业学院,6,287812
2024,2,63,现代移动通信技术,C984,武汉警官职业学院,3,301620
2024,2,65,法律事务,C984,武汉警官职业学院,2,255399
2024,2,05,动物医学,C985,湖北生物科技职业学院,5,297558
2024,2,07,宠物医疗技术,C985,湖北生物科技职业学院,5,310869
2024,2,11,园林工程技术,C985,湖北生物科技职业学院,5,386669
2024,2,13,建筑室内设计,C985,湖北生物科技职业学院,8,391660
2024,2,15,药品生物技术,C985,湖北生物科技职业学院,5,319080
2024,2,18,食品检验检测技术,C985,湖北生物科技职业学院,6,317149
2024,2,22,化妆品经营与管理,C985,湖北生物科技职业学院,5,406380
2024,2,25,计算机应用技术,C985,湖北生物科技职业学院,5,328609
2024,2,29,信息安全技术应用,C985,湖北生物科技职业学院,5,335034
2024,2,32,药学,C985,湖北生物科技职业学院,10,293857
2024,2,34,大数据与会计,C985,湖北生物科技职业学院,6,314357
2024,2,35,电子商务,C985,湖北生物科技职业学院,5,395107
2024,2,09,铁道交通运营管理,C987,武汉科技职业学院,3,454877
2024,2,12,计算机应用技术,C987,武汉科技职业学院,7,502512
2024,2,01,智能控制技术,C989,武汉信息传播职业技术学院,5,544316
2024,2,02,工业机器人技术,C989,武汉信息传播职业技术学院,5,541397
2024,2,03,新能源汽车技术,C989,武汉信息传播职业技术学院,5,532816
2024,2,09,计算机网络技术,C989,武汉信息传播职业技术学院,5,496076
2024,2,11,数字媒体技术,C989,武汉信息传播职业技术学院,5,495072
2024,2,15,人工智能技术应用,C989,武汉信息传播职业技术学院,5,498334
2024,2,18,大数据与会计,C989,武汉信息传播职业技术学院,5,426173
2024,2,20,电子商务,C989,武汉信息传播职业技术学院,5,557656
2024,2,21,网络营销与直播电商,C989,武汉信息传播职业技术学院,5,574913
2024,2,22,现代物流管理,C989,武汉信息传播职业技术学院,5,579744
2024,2,23,旅游管理,C989,武汉信息传播职业技术学院,2,542231
2024,2,24,酒店管理与数字化运营,C989,武汉信息传播职业技术学院,2,587550
2024,2,29,广播影视节目制作,C989,武汉信息传播职业技术学院,5,482636
2024,2,30,新闻采编与制作,C989,武汉信息传播职业技术学院,3,467290
2024,2,31,融媒体技术与运营,C989,武汉信息传播职业技术学院,5,572481
2024,2,32,传播与策划,C989,武汉信息传播职业技术学院,3,483988
2024,2,01,空中乘务,C990,武昌职业学院,5,575457
2024,2,02,大数据与会计,C990,武昌职业学院,5,478494
2024,2,03,电子商务,C990,武昌职业学院,5,575825
2024,2,04,现代物流管理,C990,武昌职业学院,5,576403
2024,2,05,酒店管理与数字化运营,C990,武昌职业学院,5,581199
2024,2,06,运动健康指导,C990,武昌职业学院,5,588780
2024,2,08,电子信息工程技术,C990,武昌职业学院,5,466216
2024,2,09,物联网应用技术,C990,武昌职业学院,5,534128
2024,2,10,现代通信技术,C990,武昌职业学院,5,538949
2024,2,11,人工智能技术应用,C990,武昌职业学院,5,528795
2024,2,13,计算机网络技术,C990,武昌职业学院,10,459805
2024,2,14,软件技术,C990,武昌职业学院,5,545141
2024,2,15,大数据技术,C990,武昌职业学院,5,490841
2024,2,16,云计算技术应用,C990,武昌职业学院,5,553352
2024,2,17,信息安全技术应用,C990,武昌职业学院,5,559905
2024,2,19,学前教育,C990,武昌职业学院,5,576954
2024,2,21,跨境电子商务,C990,武昌职业学院,5,569227
2024,2,22,建筑工程技术,C990,武昌职业学院,5,569487
2024,2,24,数字媒体艺术设计,C990,武昌职业学院,5,510920
2024,2,26,室内艺术设计,C990,武昌职业学院,5,569986
2024,2,27,机械制造及自动化,C990,武昌职业学院,5,542569
2024,2,28,机电一体化技术,C990,武昌职业学院,10,505497
2024,2,29,工业机器人技术,C990,武昌职业学院,5,562958
2024,2,31,通用航空器维修,C990,武昌职业学院,5,533271
2024,2,32,党务工作,C990,武昌职业学院,5,533545
2024,2,33,无人机测绘技术,C990,武昌职业学院,5,559493
2024,2,34,无人机应用技术,C990,武昌职业学院,10,537971
2024,2,01,建筑设计,C991,武汉商贸职业学院,15,565497
2024,2,02,工程造价,C991,武汉商贸职业学院,10,570537
2024,2,03,建设工程管理,C991,武汉商贸职业学院,5,572397
2024,2,05,机电一体化技术,C991,武汉商贸职业学院,8,506418
2024,2,06,智能控制技术,C991,武汉商贸职业学院,5,519230
2024,2,07,工业机器人技术,C991,武汉商贸职业学院,5,526970
2024,2,08,新能源汽车技术,C991,武汉商贸职业学院,5,495581
2024,2,09,智能网联汽车技术,C991,武汉商贸职业学院,5,532876
2024,2,0B,软件技术,C991,武汉商贸职业学院,15,532228
2024,2,0C,计算机网络技术,C991,武汉商贸职业学院,15,505864
2024,2,0D,物联网应用技术,C991,武汉商贸职业学院,8,558210
2024,2,0F,大数据技术,C991,武汉商贸职业学院,10,554699
2024,2,0G,人工智能技术应用,C991,武汉商贸职业学院,7,525727
2024,2,0J,数字媒体技术,C991,武汉商贸职业学院,10,508265
2024,2,0K,信息安全技术应用,C991,武汉商贸职业学院,5,522443
2024,2,0L,市场营销,C991,武汉商贸职业学院,9,548582
2024,2,0M,电子商务,C991,武汉商贸职业学院,7,541979
2024,2,0N,跨境电子商务,C991,武汉商贸职业学院,5,533026
2024,2,0P,网络营销与直播电商,C991,武汉商贸职业学院,7,521497
2024,2,0Q,现代物流管理,C991,武汉商贸职业学院,6,535439
2024,2,0R,航空物流管理,C991,武汉商贸职业学院,5,556167
2024,2,0S,商务英语,C991,武汉商贸职业学院,5,495815
2024,2,0U,酒店管理与数字化运营,C991,武汉商贸职业学院,5,573541
2024,2,0V,西式烹饪工艺,C991,武汉商贸职业学院,5,546977
2024,2,0W,大数据与会计,C991,武汉商贸职业学院,15,474674
2024,2,0X,大数据与财务管理,C991,武汉商贸职业学院,9,495911
2024,2,0Y,工商企业管理,C991,武汉商贸职业学院,7,545528
2024,2,0Z,旅游管理,C991,武汉商贸职业学院,5,545191
2024,2,11,空中乘务,C991,武汉商贸职业学院,20,654466
2024,2,12,机场运行服务与管理,C991,武汉商贸职业学院,8,565132
2024,2,13,高速铁路客运服务,C991,武汉商贸职业学院,12,557144
2024,2,14,护理,C991,武汉商贸职业学院,15,474935
2024,2,15,食品营养与健康,C991,武汉商贸职业学院,5,511986
2024,2,16,健康管理,C991,武汉商贸职业学院,5,525083
2024,2,17,医学美容技术,C991,武汉商贸职业学院,5,478049
2024,2,19,学前教育,C991,武汉商贸职业学院,10,568937
2024,2,1G,新闻采编与制作,C991,武汉商贸职业学院,8,504135
2024,2,A0,电气自动化技术,D006,山东英才学院,34,590970
2024,2,A1,机械制造及自动化,D006,山东英才学院,38,613263
2024,2,A2,数控技术,D006,山东英才学院,24,616389
2024,2,A3,市场营销,D006,山东英才学院,47,633917
2024,2,A4,现代物流管理,D006,山东英才学院,40,632566
2024,2,A5,电子商务,D006,山东英才学院,38,627518
2024,2,A8,动漫制作技术,D006,山东英才学院,36,618566
2024,2,B2,工程造价,D006,山东英才学院,57,635940
2024,2,B3,建设工程监理,D006,山东英才学院,24,632590
2024,2,B4,建筑工程技术,D006,山东英才学院,58,636322
2024,2,B5,大数据与会计,D006,山东英才学院,32,592212
2024,2,B6,工商企业管理,D006,山东英才学院,23,631756
2024,2,B8,新闻采编与制作,D006,山东英才学院,19,608438
2024,2,B9,护理,D006,山东英才学院,102,536758
2024,2,C0,康复治疗技术,D006,山东英才学院,36,563466
2024,2,C3,电子信息工程技术,D006,山东英才学院,34,618637
2024,2,C4,计算机网络技术,D006,山东英才学院,45,621622
2024,2,C5,大数据技术,D006,山东英才学院,34,623006
2024,2,C6,计算机应用技术,D006,山东英才学院,33,616867
2024,2,C8,汽车检测与维修技术,D006,山东英才学院,10,604662
2024,2,D0,商务英语,D006,山东英才学院,31,636879
2024,2,D2,应用英语,D006,山东英才学院,41,638021
2024,2,D7,旅游管理,D006,山东英才学院,46,636210
2024,2,E1,学前教育(师范类),D006,山东英才学院,100,642615
2024,2,E2,早期教育,D006,山东英才学院,96,642769
2024,2,E4,新能源汽车技术,D006,山东英才学院,17,595847
2024,2,A0,学前教育(师范类),D007,东营科技职业学院,22,480149
2024,2,A1,婴幼儿托育服务与管理,D007,东营科技职业学院,102,629978
2024,2,A2,艺术设计,D007,东营科技职业学院,57,559472
2024,2,A3,音乐表演,D007,东营科技职业学院,59,592776
2024,2,B0,大数据技术,D007,东营科技职业学院,29,508603
2024,2,B2,计算机应用技术,D007,东营科技职业学院,152,539387
2024,2,C0,市场营销,D007,东营科技职业学院,21,565352
2024,2,C1,电子商务,D007,东营科技职业学院,60,571258
2024,2,C2,跨境电子商务,D007,东营科技职业学院,60,558015
2024,2,C3,现代物流管理,D007,东营科技职业学院,56,578416
2024,2,C4,大数据与会计,D007,东营科技职业学院,68,466680
2024,2,C5,社会工作,D007,东营科技职业学院,6,478807
2024,2,D0,石油化工技术,D007,东营科技职业学院,120,559756
2024,2,D1,应用化工技术,D007,东营科技职业学院,143,564878
2024,2,D2,分析检验技术,D007,东营科技职业学院,12,510367
2024,2,D3,药品生物技术,D007,东营科技职业学院,36,501543
2024,2,D4,食品营养与健康,D007,东营科技职业学院,44,533968
2024,2,D5,工程造价,D007,东营科技职业学院,13,539969
2024,2,D6,建筑工程技术,D007,东营科技职业学院,10,545835
2024,2,D7,园林技术,D007,东营科技职业学院,4,474771
2024,2,E0,无人机应用技术,D007,东营科技职业学院,67,557357
2024,2,E1,智能控制技术,D007,东营科技职业学院,22,526074
2024,2,E2,机电一体化技术,D007,东营科技职业学院,75,503079
2024,2,E3,高分子材料智能制造技术,D007,东营科技职业学院,60,600061
2024,2,E4,电气自动化技术,D007,东营科技职业学院,107,474055
2024,2,E5,工业机器人技术,D007,东营科技职业学院,48,520273
2024,2,E6,机械制造及自动化,D007,东营科技职业学院,44,518575
2024,2,E7,数控技术,D007,东营科技职业学院,42,537798
2024,2,F0,旅游管理,D007,东营科技职业学院,81,592414
2024,2,F1,酒店管理与数字化运营,D007,东营科技职业学院,104,568179
2024,2,F2,中医养生保健,D007,东营科技职业学院,7,449061
2024,2,G0,工业互联网技术,D007,东营科技职业学院,86,584763
2024,2,G2,云计算技术应用,D007,东营科技职业学院,94,586282
2024,2,G3,人工智能技术应用,D007,东营科技职业学院,8,516085
2024,2,G4,物联网应用技术,D007,东营科技职业学院,20,559260
2024,2,G5,现代移动通信技术,D007,东营科技职业学院,30,548865
2024,2,H4,空中乘务,D007,东营科技职业学院,55,619850
2024,2,Q0,新能源汽车技术,D007,东营科技职业学院,176,540406
2024,2,Q1,智能网联汽车技术,D007,东营科技职业学院,64,570501
2024,2,Q2,汽车制造与试验技术,D007,东营科技职业学院,14,538917
2024,2,W2,石油化工技术(中外合作办学)(与俄罗斯萨马拉国立技术大学合作),D007,东营科技职业学院,52,601918
2024,2,W3,机械制造及自动化(中外合作办学)(与俄罗斯萨马拉国立技术大学合作),D007,东营科技职业学院,52,614301
2024,2,50,汽车检测与维修技术,D008,山东交通职业学院,104,456378
2024,2,51,汽车技术服务与营销,D008,山东交通职业学院,75,498872
2024,2,52,汽车制造与试验技术,D008,山东交通职业学院,70,462998
2024,2,53,新能源汽车检测与维修技术,D008,山东交通职业学院,117,442432
2024,2,55,智能网联汽车技术,D008,山东交通职业学院,62,458421
2024,2,56,道路与桥梁工程技术,D008,山东交通职业学院,136,424702
2024,2,57,建设工程监理,D008,山东交通职业学院,79,486025
2024,2,58,道路工程检测技术,D008,山东交通职业学院,103,444876
2024,2,59,道路工程造价,D008,山东交通职业学院,79,441970
2024,2,5A,城市轨道交通工程技术,D008,山东交通职业学院,101,366462
2024,2,5B,现代物流管理,D008,山东交通职业学院,66,446883
2024,2,5C,道路运输管理,D008,山东交通职业学院,25,373453
2024,2,5D,电子商务,D008,山东交通职业学院,23,436869
2024,2,5E,物联网应用技术,D008,山东交通职业学院,65,404510
2024,2,5F,大数据与会计,D008,山东交通职业学院,25,335952
2024,2,5G,城市轨道交通运营管理,D008,山东交通职业学院,45,306151
2024,2,5H,云计算技术应用,D008,山东交通职业学院,52,437257
2024,2,5J,城市轨道交通通信信号技术,D008,山东交通职业学院,60,341186
2024,2,5K,大数据技术,D008,山东交通职业学院,47,403738
2024,2,5L,机电一体化技术,D008,山东交通职业学院,20,338679
2024,2,5M,工业机器人技术,D008,山东交通职业学院,35,402369
2024,2,5N,飞机电子设备维修,D008,山东交通职业学院,76,424971
2024,2,5P,民航安全技术管理,D008,山东交通职业学院,31,439190
2024,2,5Q,城市轨道车辆应用技术,D008,山东交通职业学院,50,360536
2024,2,5R,航海技术,D008,山东交通职业学院,87,451284
2024,2,5S,轮机工程技术,D008,山东交通职业学院,61,461735
2024,2,5T,船舶电子电气技术,D008,山东交通职业学院,66,435903
2024,2,5U,船舶动力工程技术,D008,山东交通职业学院,56,466182
2024,2,5V,高速铁路客运服务,D008,山东交通职业学院,55,296281
2024,2,5W,国际邮轮乘务管理,D008,山东交通职业学院,14,459643
2024,2,5X,计算机应用技术,D008,山东交通职业学院,47,394482
2024,2,5Y,空中乘务,D008,山东交通职业学院,10,443082
2024,2,70,飞机机电设备维修,D008,山东交通职业学院,29,407854
2024,2,A1,机械设计与制造,D008,山东交通职业学院,20,382691
2024,2,80,机械设计与制造(中外合作办学)(与俄罗斯鄂木斯克国立交通大学合作办,D008,山东交通职业学院,19,482276
2024,2,81,工业机器人技术(中外合作办学)(与俄罗斯鄂木斯克国立交通大学合作办,D008,山东交通职业学院,12,475881
2024,2,40,道路与桥梁工程技术(高职技师合作培养，在山东公路技师学院就读),D008,山东交通职业学院,40,439429
2024,2,41,机电一体化技术(高职技师合作培养，在山东交通技师学院就读),D008,山东交通职业学院,40,419122
2024,2,20,道路与桥梁工程技术(高职3+2贯通培养，衔接山东交通学院土木工程专业,D008,山东交通职业学院,30,242709
2024,2,21,现代物流管理(高职3+2贯通培养，衔接山东交通学院物流工程专业),D008,山东交通职业学院,30,237709
2024,2,22,道路工程造价(高职3+2贯通培养，衔接山东农业工程学院工程造价专业),D008,山东交通职业学院,40,247045
2024,2,23,电子商务(高职3+2贯通培养，衔接山东管理学院电子商务专业),D008,山东交通职业学院,30,244747
2024,2,24,新能源汽车检测与维修技术(高职3+2贯通培养，衔接潍坊学院新能源汽车,D008,山东交通职业学院,40,240503
2024,2,25,机械设计与制造(高职3+2贯通培养，衔接泰山学院机械设计制造及其自动,D008,山东交通职业学院,40,245654
2024,2,01,数控技术,D009,淄博职业学院,30,323858
2024,2,03,机械制造及自动化,D009,淄博职业学院,30,305922
2024,2,04,电气自动化技术,D009,淄博职业学院,130,286503
2024,2,05,工业机器人技术,D009,淄博职业学院,25,327894
2024,2,06,机电一体化技术,D009,淄博职业学院,30,299207
2024,2,07,智能控制技术,D009,淄博职业学院,30,343883
2024,2,08,电子信息工程技术,D009,淄博职业学院,75,324846
2024,2,09,电力系统自动化技术,D009,淄博职业学院,40,290106
2024,2,10,集成电路技术,D009,淄博职业学院,65,357915
2024,2,11,安全智能监测技术,D009,淄博职业学院,20,354382
2024,2,12,汽车制造与试验技术,D009,淄博职业学院,30,348238
2024,2,13,新能源汽车技术,D009,淄博职业学院,30,293778
2024,2,14,汽车技术服务与营销,D009,淄博职业学院,30,419371
2024,2,15,汽车智能技术,D009,淄博职业学院,65,368419
2024,2,16,计算机应用技术,D009,淄博职业学院,45,303204
2024,2,17,软件技术,D009,淄博职业学院,50,303653
2024,2,19,大数据技术,D009,淄博职业学院,40,316241
2024,2,20,人工智能技术应用,D009,淄博职业学院,30,330753
2024,2,22,物联网应用技术,D009,淄博职业学院,101,339417
2024,2,23,信息安全技术应用,D009,淄博职业学院,40,334874
2024,2,24,应用化工技术,D009,淄博职业学院,240,374810
2024,2,25,分析检验技术,D009,淄博职业学院,85,370176
2024,2,26,石油化工技术,D009,淄博职业学院,85,366181
2024,2,27,食品生物技术,D009,淄博职业学院,65,358309
2024,2,28,食品检验检测技术,D009,淄博职业学院,70,323549
2024,2,29,生物制药技术,D009,淄博职业学院,150,350302
2024,2,30,药物制剂技术,D009,淄博职业学院,80,357155
2024,2,32,建筑工程技术,D009,淄博职业学院,85,412371
2024,2,33,工程造价,D009,淄博职业学院,125,391197
2024,2,34,建设工程管理,D009,淄博职业学院,85,423131
2024,2,35,大数据与会计,D009,淄博职业学院,50,271907
2024,2,36,大数据与财务管理,D009,淄博职业学院,60,284213
2024,2,37,金融服务与管理,D009,淄博职业学院,40,356264
2024,2,38,财富管理,D009,淄博职业学院,40,405093
2024,2,39,市场营销,D009,淄博职业学院,95,391449
2024,2,40,电子商务,D009,淄博职业学院,30,347813
2024,2,41,现代物流管理,D009,淄博职业学院,120,391789
2024,2,42,国际商务,D009,淄博职业学院,80,403899
2024,2,44,邮政快递运营管理,D009,淄博职业学院,45,355412
2024,2,45,跨境电子商务,D009,淄博职业学院,20,390196
2024,2,46,旅游管理,D009,淄博职业学院,80,411835
2024,2,47,酒店管理与数字化运营,D009,淄博职业学院,40,432627
2024,2,48,智慧旅游技术应用,D009,淄博职业学院,40,430766
2024,2,49,护理,D009,淄博职业学院,100,321289
2024,2,50,助产,D009,淄博职业学院,20,373863
2024,2,51,智慧健康养老服务与管理,D009,淄博职业学院,50,365687
2024,2,52,临床医学,D009,淄博职业学院,25,297371
2024,2,53,口腔医学技术,D009,淄博职业学院,25,268478
2024,2,54,康复治疗技术,D009,淄博职业学院,25,321593
2024,2,55,药学,D009,淄博职业学院,105,330953
2024,2,56,中药学,D009,淄博职业学院,90,306673
2024,2,57,中医养生保健,D009,淄博职业学院,35,343776
2024,2,58,建筑装饰工程技术,D009,淄博职业学院,90,414058
2024,2,60,动漫制作技术,D009,淄博职业学院,20,279196
2024,2,61,数字媒体技术,D009,淄博职业学院,20,257790
2024,2,62,广播影视节目制作,D009,淄博职业学院,25,313161
2024,2,63,融媒体技术与运营,D009,淄博职业学院,25,318783
2024,2,64,工艺美术品设计,D009,淄博职业学院,90,429744
2024,2,65,陶瓷设计与工艺,D009,淄博职业学院,90,432304
2024,2,66,学前教育(师范类),D009,淄博职业学院,51,337725
2024,2,67,早期教育,D009,淄博职业学院,26,382510
2024,2,68,婴幼儿托育服务与管理,D009,淄博职业学院,31,432445
2024,2,69,商务英语,D009,淄博职业学院,76,359538
2024,2,70,应用英语,D009,淄博职业学院,76,359129
2024,2,71,应用韩语,D009,淄博职业学院,30,404832
2024,2,72,空中乘务,D009,淄博职业学院,40,463269
2024,2,W1,新能源汽车技术(中外合作办学),D009,淄博职业学院,60,430097
2024,2,W2,动漫制作技术(中外合作办学),D009,淄博职业学院,30,388248
2024,2,J1,数控技术(高职技师合作培养，在淄博市技师学院就读),D009,淄博职业学院,40,472233
2024,2,J2,电气自动化技术(高职技师合作培养，在淄博市技师学院就读),D009,淄博职业学院,40,383762
2024,2,C1,食品生物技术(高职院校专项计划),D009,淄博职业学院,10,469524
2024,2,M2,电子商务(高职院校专项计划),D009,淄博职业学院,10,581747
2024,2,M8,数字媒体技术(高职院校专项计划),D009,淄博职业学院,10,412883
2024,2,M9,学前教育(师范类，高职院校专项计划),D009,淄博职业学院,10,484179
2024,2,N2,机电一体化技术(高职院校专项计划),D009,淄博职业学院,10,456408
2024,2,N4,电力系统自动化技术(高职院校专项计划),D009,淄博职业学院,10,422179
2024,2,N5,汽车制造与试验技术(高职院校专项计划),D009,淄博职业学院,10,553038
2024,2,N8,应用化工技术(高职院校专项计划),D009,淄博职业学院,10,504134
2024,2,91,电气自动化技术(高职3+2贯通培养，衔接德州学院电气工程及其自动化专,D009,淄博职业学院,40,205302
2024,2,92,汽车制造与试验技术(高职3+2贯通培养，衔接德州学院车辆工程专业),D009,淄博职业学院,40,236096
2024,2,93,护理(高职3+2贯通培养，衔接聊城大学护理学专业),D009,淄博职业学院,30,199321
2024,2,94,大数据与财务管理(高职3+2贯通培养，衔接山东农业工程学院财务管理专,D009,淄博职业学院,40,191785
2024,2,11,国际经济与贸易,D010,山东外贸职业学院,190,354228
2024,2,12,国际经济与贸易(上合实验班),D010,山东外贸职业学院,90,363885
2024,2,13,国际商务,D010,山东外贸职业学院,34,391772
2024,2,14,国际商务(美国华盛顿州分校项目),D010,山东外贸职业学院,45,437814
2024,2,15,大数据与会计,D010,山东外贸职业学院,134,283383
2024,2,16,国际金融,D010,山东外贸职业学院,31,395241
2024,2,17,金融服务与管理,D010,山东外贸职业学院,77,386170
2024,2,18,商务英语,D010,山东外贸职业学院,119,392974
2024,2,19,商务日语,D010,山东外贸职业学院,60,424153
2024,2,20,应用韩语,D010,山东外贸职业学院,33,480295
2024,2,21,应用法语,D010,山东外贸职业学院,23,445209
2024,2,22,应用西班牙语,D010,山东外贸职业学院,64,530341
2024,2,23,市场营销,D010,山东外贸职业学院,28,401824
2024,2,25,会展策划与管理,D010,山东外贸职业学院,29,395483
2024,2,26,软件技术,D010,山东外贸职业学院,31,327039
2024,2,27,动漫制作技术,D010,山东外贸职业学院,36,339574
2024,2,28,人工智能技术应用,D010,山东外贸职业学院,31,351383
2024,2,29,虚拟现实技术应用,D010,山东外贸职业学院,84,428023
2024,2,30,现代物流管理,D010,山东外贸职业学院,98,420611
2024,2,31,关务与外贸服务,D010,山东外贸职业学院,75,389621
2024,2,33,电子商务,D010,山东外贸职业学院,90,392350
2024,2,34,跨境电子商务,D010,山东外贸职业学院,88,421664
2024,2,49,国际经济与贸易(高职3+2贯通培养，衔接山东青年政治学院国际经济与贸,D010,山东外贸职业学院,40,222134
2024,2,50,大数据与会计(高职3+2贯通培养，衔接齐鲁师范学院财务管理专业),D010,山东外贸职业学院,30,189939
2024,2,51,金融服务与管理(高职3+2贯通培养，衔接枣庄学院金融工程专业),D010,山东外贸职业学院,40,237931
2024,2,52,市场营销(高职3+2贯通培养，衔接临沂大学工商管理专业),D010,山东外贸职业学院,40,212679
2024,2,53,旅游管理(高职3+2贯通培养，衔接临沂大学旅游管理专业),D010,山东外贸职业学院,40,239360
2024,2,54,会展策划与管理(高职3+2贯通培养，衔接山东女子学院会展经济与管理专,D010,山东外贸职业学院,40,242854
2024,2,01,酒店管理与数字化运营,D011,青岛酒店管理职业技术学院,176,502415
2024,2,02,国际邮轮乘务管理,D011,青岛酒店管理职业技术学院,47,502857
2024,2,03,空中乘务,D011,青岛酒店管理职业技术学院,45,498173
2024,2,04,民宿管理与运营,D011,青岛酒店管理职业技术学院,27,502866
2024,2,05,葡萄酒文化与营销,D011,青岛酒店管理职业技术学院,24,498924
2024,2,06,旅游管理,D011,青岛酒店管理职业技术学院,107,488963
2024,2,09,文化创意与策划,D011,青岛酒店管理职业技术学院,36,443664
2024,2,10,烹饪工艺与营养,D011,青岛酒店管理职业技术学院,29,442140
2024,2,11,中西面点工艺,D011,青岛酒店管理职业技术学院,22,388919
2024,2,12,西式烹饪工艺,D011,青岛酒店管理职业技术学院,56,453138
2024,2,13,餐饮智能管理,D011,青岛酒店管理职业技术学院,40,509069
2024,2,14,工程造价,D011,青岛酒店管理职业技术学院,60,522421
2024,2,15,建筑工程技术,D011,青岛酒店管理职业技术学院,31,492114
2024,2,16,建筑设备工程技术,D011,青岛酒店管理职业技术学院,56,528959
2024,2,17,现代物业管理,D011,青岛酒店管理职业技术学院,22,468438
2024,2,18,新能源装备技术,D011,青岛酒店管理职业技术学院,23,385541
2024,2,19,电子商务,D011,青岛酒店管理职业技术学院,79,474879
2024,2,20,现代物流管理,D011,青岛酒店管理职业技术学院,53,439924
2024,2,22,国际经济与贸易,D011,青岛酒店管理职业技术学院,38,462463
2024,2,23,商务英语,D011,青岛酒店管理职业技术学院,86,463235
2024,2,24,邮政快递运营管理,D011,青岛酒店管理职业技术学院,29,453006
2024,2,25,大数据与会计,D011,青岛酒店管理职业技术学院,158,360121
2024,2,26,大数据与财务管理,D011,青岛酒店管理职业技术学院,77,369716
2024,2,27,金融服务与管理,D011,青岛酒店管理职业技术学院,45,461385
2024,2,28,财税大数据应用,D011,青岛酒店管理职业技术学院,79,443198
2024,2,29,计算机应用技术,D011,青岛酒店管理职业技术学院,21,363958
2024,2,30,数字媒体技术,D011,青岛酒店管理职业技术学院,51,320866
2024,2,31,物联网应用技术,D011,青岛酒店管理职业技术学院,63,379895
2024,2,32,信息安全技术应用,D011,青岛酒店管理职业技术学院,39,391796
2024,2,33,大数据技术,D011,青岛酒店管理职业技术学院,38,383570
2024,2,72,大数据与会计(中外合作办学),D011,青岛酒店管理职业技术学院,40,443504
2024,2,6A,烹饪工艺与营养(高职3+2贯通培养，衔接济南大学烹饪与营养教育专业),D011,青岛酒店管理职业技术学院,40,237138
2024,2,6B,大数据技术(高职3+2贯通培养，衔接临沂大学软件工程专业),D011,青岛酒店管理职业技术学院,40,210440
2024,2,6C,研学旅行管理与服务(高职3+2贯通培养，衔接临沂大学旅游管理专业),D011,青岛酒店管理职业技术学院,40,244560
2024,2,6D,酒店管理与数字化运营(高职3+2贯通培养，衔接山东工商学院旅游管理专,D011,青岛酒店管理职业技术学院,30,247981
2024,2,6E,金融服务与管理(高职3+2贯通培养，衔接山东工商学院金融科技专业),D011,青岛酒店管理职业技术学院,30,239765
2024,2,6F,旅游管理(高职3+2贯通培养，衔接山东青年政治学院旅游管理专业),D011,青岛酒店管理职业技术学院,40,247807
2024,2,6G,现代物业管理(高职3+2贯通培养，衔接山东青年政治学院物业管理专业),D011,青岛酒店管理职业技术学院,40,249207
2024,2,6H,连锁经营与管理(高职3+2贯通培养，衔接山东女子学院工商管理专业),D011,青岛酒店管理职业技术学院,40,244151
2024,2,6J,民宿管理与运营(高职3+2贯通培养，衔接山东管理学院旅游管理与服务教,D011,青岛酒店管理职业技术学院,30,250274
2024,2,6K,中西面点工艺(高职3+2贯通培养，衔接济宁学院食品科学与工程专业),D011,青岛酒店管理职业技术学院,40,246843
2024,2,6L,电子商务(高职3+2贯通培养，衔接枣庄学院市场营销专业),D011,青岛酒店管理职业技术学院,40,248080
2024,2,11,电子信息工程技术,D012,山东信息职业技术学院,35,377418
2024,2,12,物联网应用技术,D012,山东信息职业技术学院,50,406239
2024,2,13,信息安全技术应用,D012,山东信息职业技术学院,29,420059
2024,2,14,区块链技术应用,D012,山东信息职业技术学院,30,451877
2024,2,15,计算机网络技术,D012,山东信息职业技术学院,23,376988
2024,2,16,应用电子技术,D012,山东信息职业技术学院,42,433351
2024,2,17,集成电路技术,D012,山东信息职业技术学院,35,453541
2024,2,18,现代移动通信技术,D012,山东信息职业技术学院,20,434621
2024,2,19,现代通信技术,D012,山东信息职业技术学院,48,427139
2024,2,21,大数据技术,D012,山东信息职业技术学院,76,430688
2024,2,22,计算机应用技术,D012,山东信息职业技术学院,57,387865
2024,2,23,人工智能技术应用,D012,山东信息职业技术学院,82,464362
2024,2,24,云计算技术应用,D012,山东信息职业技术学院,40,443706
2024,2,25,软件技术,D012,山东信息职业技术学院,82,395617
2024,2,32,无人机测绘技术,D012,山东信息职业技术学院,38,472224
2024,2,33,数字媒体技术,D012,山东信息职业技术学院,52,363843
2024,2,34,动漫制作技术,D012,山东信息职业技术学院,60,410681
2024,2,35,虚拟现实技术应用,D012,山东信息职业技术学院,91,506530
2024,2,41,机电一体化技术,D012,山东信息职业技术学院,100,412562
2024,2,42,智能控制技术,D012,山东信息职业技术学院,62,467196
2024,2,43,工业机器人技术,D012,山东信息职业技术学院,50,462490
2024,2,44,电气自动化技术,D012,山东信息职业技术学院,90,401275
2024,2,45,工业互联网应用,D012,山东信息职业技术学院,103,506286
2024,2,46,无人机应用技术,D012,山东信息职业技术学院,45,437491
2024,2,47,工业互联网技术,D012,山东信息职业技术学院,41,476048
2024,2,51,商务管理,D012,山东信息职业技术学院,35,514551
2024,2,52,电子商务,D012,山东信息职业技术学院,38,482727
2024,2,53,现代物流管理,D012,山东信息职业技术学院,69,524206
2024,2,54,大数据与会计,D012,山东信息职业技术学院,93,382844
2024,2,55,跨境电子商务,D012,山东信息职业技术学院,37,520790
2024,2,61,高速铁路客运服务,D012,山东信息职业技术学院,67,390246
2024,2,62,城市轨道交通运营管理,D012,山东信息职业技术学院,103,387311
2024,2,63,婴幼儿托育服务与管理,D012,山东信息职业技术学院,10,480441
2024,2,64,空中乘务,D012,山东信息职业技术学院,110,563747
2024,2,65,早期教育,D012,山东信息职业技术学院,9,476143
2024,2,W1,软件技术(中外合作办学)(与匈牙利米什科尔茨大学合作),D012,山东信息职业技术学院,100,559126
2024,2,B1,软件技术(高职3+2贯通培养，衔接潍坊学院软件工程专业),D012,山东信息职业技术学院,40,230271
2024,2,B2,信息安全技术应用(高职3+2贯通培养，衔接山东政法学院计算机科学与技,D012,山东信息职业技术学院,30,214435
2024,2,B3,跨境电子商务(高职3+2贯通培养，衔接山东政法学院国际经济与贸易专业,D012,山东信息职业技术学院,50,240226
2024,2,01,港口机械与智能控制,D014,青岛港湾职业技术学院,70,311752
2024,2,02,机电一体化技术,D014,青岛港湾职业技术学院,46,323855
2024,2,03,电气自动化技术,D014,青岛港湾职业技术学院,54,306431
2024,2,04,航海技术,D014,青岛港湾职业技术学院,9,317728
2024,2,05,轮机工程技术,D014,青岛港湾职业技术学院,65,380929
2024,2,06,船舶动力工程技术,D014,青岛港湾职业技术学院,14,354851
2024,2,07,船舶电气工程技术,D014,青岛港湾职业技术学院,14,347511
2024,2,08,船舶电子电气技术,D014,青岛港湾职业技术学院,10,375709
2024,2,10,港口与航运管理,D014,青岛港湾职业技术学院,51,325124
2024,2,11,集装箱运输管理,D014,青岛港湾职业技术学院,60,367210
2024,2,12,现代物流管理,D014,青岛港湾职业技术学院,58,371701
2024,2,13,水路运输安全管理,D014,青岛港湾职业技术学院,6,358085
2024,2,14,关务与外贸服务,D014,青岛港湾职业技术学院,40,404900
2024,2,15,无人机应用技术,D014,青岛港湾职业技术学院,29,360761
2024,2,16,社区康复,D014,青岛港湾职业技术学院,28,416800
2024,2,17,港口与航道工程技术,D014,青岛港湾职业技术学院,32,342610
2024,2,18,建筑工程技术,D014,青岛港湾职业技术学院,46,408415
2024,2,19,国际商务,D014,青岛港湾职业技术学院,38,436434
2024,2,20,国际经济与贸易,D014,青岛港湾职业技术学院,43,408568
2024,2,21,电子商务,D014,青岛港湾职业技术学院,15,395038
2024,2,22,跨境电子商务,D014,青岛港湾职业技术学院,31,432644
2024,2,23,会计信息管理,D014,青岛港湾职业技术学院,31,341322
2024,2,24,国际邮轮乘务管理,D014,青岛港湾职业技术学院,11,395441
2024,2,25,酒店管理与数字化运营,D014,青岛港湾职业技术学院,27,435058
2024,2,30,软件技术,D014,青岛港湾职业技术学院,37,325312
2024,2,31,数字媒体技术,D014,青岛港湾职业技术学院,34,333740
2024,2,32,智能物流技术,D014,青岛港湾职业技术学院,19,288491
2024,2,33,机械制造及自动化,D014,青岛港湾职业技术学院,62,325907
2024,2,34,数控技术,D014,青岛港湾职业技术学院,38,358029
2024,2,35,数字化设计与制造技术,D014,青岛港湾职业技术学院,33,380926
2024,2,36,汽车检测与维修技术,D014,青岛港湾职业技术学院,8,368043
2024,2,37,汽车智能技术,D014,青岛港湾职业技术学院,10,326369
2024,2,38,新能源汽车技术,D014,青岛港湾职业技术学院,20,333763
2024,2,91,安全技术与管理,D014,青岛港湾职业技术学院,28,405797
2024,2,92,油气储运技术,D014,青岛港湾职业技术学院,33,392182
2024,2,93,大数据技术,D014,青岛港湾职业技术学院,15,298831
2024,2,94,电子信息工程技术,D014,青岛港湾职业技术学院,38,301189
2024,2,H1,航海技术,D014,青岛港湾职业技术学院,30,370701
2024,2,H2,轮机工程技术,D014,青岛港湾职业技术学院,15,381896
2024,2,H3,应急救援技术,D014,青岛港湾职业技术学院,25,420226
2024,2,H4,建筑消防技术,D014,青岛港湾职业技术学院,46,435771
2024,2,H5,空中乘务,D014,青岛港湾职业技术学院,115,610065
2024,2,H6,电子商务,D014,青岛港湾职业技术学院,42,451633
2024,2,29,电子信息工程技术(中外合作办学)(与白俄罗斯国立大学合作),D014,青岛港湾职业技术学院,60,491464
2024,2,39,机械制造及自动化(中外合作办学)(与匈牙利多瑙新城大学合作办学),D014,青岛港湾职业技术学院,98,479159
2024,2,N2,机电一体化技术,D014,青岛港湾职业技术学院,3,453634
2024,2,N3,航海技术,D014,青岛港湾职业技术学院,3,516672
2024,2,N4,轮机工程技术,D014,青岛港湾职业技术学院,3,461711
2024,2,N5,现代物流管理,D014,青岛港湾职业技术学院,3,568088
2024,2,N6,安全技术与管理,D014,青岛港湾职业技术学院,1,347779
2024,2,N7,油气储运技术,D014,青岛港湾职业技术学院,1,400712
2024,2,N8,建筑工程技术,D014,青岛港湾职业技术学院,3,566393
2024,2,N9,电子商务,D014,青岛港湾职业技术学院,3,563765
2024,2,09,轮机工程技术(高职3+2贯通培养，衔接山东交通学院轮机工程专业),D014,青岛港湾职业技术学院,30,248865
2024,2,26,应用韩语(高职3+2贯通培养，衔接潍坊学院朝鲜语专业),D014,青岛港湾职业技术学院,40,245854
2024,2,K5,电气自动化技术(高职3+2贯通培养，衔接枣庄学院电气工程及其自动化专,D014,青岛港湾职业技术学院,40,231683
2024,2,K6,航海技术(高职3+2贯通培养，衔接山东交通学院航海技术专业),D014,青岛港湾职业技术学院,30,250085
2024,2,25,电气自动化技术,D015,青岛恒星科技学院,100,620918
2024,2,26,机电一体化技术,D015,青岛恒星科技学院,100,626022
2024,2,27,汽车检测与维修技术,D015,青岛恒星科技学院,50,633580
2024,2,28,应用电子技术,D015,青岛恒星科技学院,126,644240
2024,2,29,电子产品检测技术,D015,青岛恒星科技学院,90,661720
2024,2,35,汽车技术服务与营销,D015,青岛恒星科技学院,43,649329
2024,2,36,计算机网络技术,D015,青岛恒星科技学院,93,632606
2024,2,37,大数据技术,D015,青岛恒星科技学院,115,636648
2024,2,38,软件技术,D015,青岛恒星科技学院,110,640688
2024,2,39,建筑室内设计,D015,青岛恒星科技学院,130,657356
2024,2,3A,建筑消防技术,D015,青岛恒星科技学院,100,649615
2024,2,3B,建筑工程技术,D015,青岛恒星科技学院,125,644480
2024,2,3C,工程造价,D015,青岛恒星科技学院,115,645082
2024,2,3D,电子商务,D015,青岛恒星科技学院,30,626549
2024,2,3E,国际经济与贸易,D015,青岛恒星科技学院,23,593710
2024,2,3F,关务与外贸服务,D015,青岛恒星科技学院,30,648701
2024,2,3G,现代物流管理,D015,青岛恒星科技学院,33,628876
2024,2,3H,市场营销,D015,青岛恒星科技学院,34,637921
2024,2,3J,连锁经营与管理,D015,青岛恒星科技学院,30,636752
2024,2,3K,金融服务与管理,D015,青岛恒星科技学院,25,625540
2024,2,3L,大数据与会计,D015,青岛恒星科技学院,30,548760
2024,2,3M,空中乘务,D015,青岛恒星科技学院,45,632959
2024,2,3N,旅游管理,D015,青岛恒星科技学院,47,642886
2024,2,3P,烹饪工艺与营养,D015,青岛恒星科技学院,24,624689
2024,2,3Q,应用日语,D015,青岛恒星科技学院,70,648663
2024,2,3R,应用韩语,D015,青岛恒星科技学院,65,651025
2024,2,3X,学前教育(师范类),D015,青岛恒星科技学院,30,630673
2024,2,3Y,早期教育,D015,青岛恒星科技学院,22,649577
2024,2,3Z,婴幼儿托育服务与管理,D015,青岛恒星科技学院,86,654711
2024,2,40,护理,D015,青岛恒星科技学院,30,514094
2024,2,41,中医康复技术,D015,青岛恒星科技学院,75,585183
2024,2,42,健康管理,D015,青岛恒星科技学院,125,649075
2024,2,43,智慧健康养老服务与管理,D015,青岛恒星科技学院,95,652997
2024,2,44,包装策划与设计,D015,青岛恒星科技学院,105,659646
2024,2,0G,影视编导,D017,江南影视艺术职业学院,2,491010
2024,2,0P,高速铁路客运服务,D017,江南影视艺术职业学院,2,585191
2024,2,0Q,空中乘务,D017,江南影视艺术职业学院,3,591976
2024,2,03,环境监测技术,D031,长沙环境保护职业技术学院,5,426374
2024,2,04,环境工程技术,D031,长沙环境保护职业技术学院,5,420404
2024,2,06,环境管理与评价,D031,长沙环境保护职业技术学院,5,445446
2024,2,01,护理,D039,常德职业技术学院,3,338521
2024,2,05,临床医学,D039,常德职业技术学院,3,311570
2024,2,09,药学,D039,常德职业技术学院,4,345893
2024,2,09,新能源汽车技术,D041,长沙南方职业学院,10,620430
2024,2,0C,空中乘务,D041,长沙南方职业学院,10,640901
2024,2,0D,民航安全技术管理,D041,长沙南方职业学院,4,632113
2024,2,0P,旅游管理,D041,长沙南方职业学院,4,631380
2024,2,0S,学前教育,D041,长沙南方职业学院,7,618727
2024,2,01,大数据技术,D042,潇湘职业学院,3,553130
2024,2,02,现代移动通信技术,D042,潇湘职业学院,3,562489
2024,2,13,工业机器人技术,D042,潇湘职业学院,4,598332
2024,2,02,高分子材料智能制造技术,D043,湖南化工职业技术学院,1,325012
2024,2,15,智能制造装备技术,D043,湖南化工职业技术学院,1,266747
2024,2,30,大数据与会计,D043,湖南化工职业技术学院,1,302074
2024,2,01,石油化工技术,D045,湖南石油化工职业技术学院,4,377192
2024,2,08,电气自动化技术,D045,湖南石油化工职业技术学院,2,375388
2024,2,09,工业过程自动化技术,D045,湖南石油化工职业技术学院,2,410706
2024,2,10,化工装备技术,D045,湖南石油化工职业技术学院,2,428948
2024,2,1F,医学影像技术,D055,铜仁职业技术学院,1,336879
2024,2,1V,计算机网络技术(中外合作办学),D055,铜仁职业技术学院,1,394209
2024,2,0F,工业机器人技术,D059,滁州职业技术学院,5,393537
2024,2,0N,汽车检测与维修技术,D059,滁州职业技术学院,5,449489
2024,2,11,大数据与会计,D059,滁州职业技术学院,5,389102
2024,2,15,现代物流管理,D059,滁州职业技术学院,5,429553
2024,2,10,广告艺术设计,D062,安徽广播影视职业技术学院,5,361002
2024,2,17,新闻采编与制作,D062,安徽广播影视职业技术学院,5,370959
2024,2,22,融媒体技术与运营,D062,安徽广播影视职业技术学院,10,399841
2024,2,01,道路与桥梁工程技术,D071,河北交通职业技术学院,2,353192
2024,2,05,高速铁路施工与维护,D071,河北交通职业技术学院,2,296285
2024,2,07,道路工程造价,D071,河北交通职业技术学院,2,375773
2024,2,09,现代物流管理,D071,河北交通职业技术学院,2,363058
2024,2,25,工业互联网技术,D071,河北交通职业技术学院,2,380403
2024,2,01,应用化工技术,D072,河北化工医药职业技术学院,45,392153
2024,2,02,精细化工技术,D072,河北化工医药职业技术学院,15,411048
2024,2,03,化工智能制造技术,D072,河北化工医药职业技术学院,10,415650
2024,2,09,药品生产技术,D072,河北化工医药职业技术学院,10,439361
2024,2,10,化学制药技术,D072,河北化工医药职业技术学院,7,425983
2024,2,11,药物制剂技术,D072,河北化工医药职业技术学院,7,441104
2024,2,15,机电一体化技术,D072,河北化工医药职业技术学院,4,394143
2024,2,18,智能医疗装备技术,D072,河北化工医药职业技术学院,1,382698
2024,2,19,医疗器械维护与管理,D072,河北化工医药职业技术学院,1,377509
2024,2,20,工业过程自动化技术,D072,河北化工医药职业技术学院,2,426675
2024,2,35,分析检验技术,D072,河北化工医药职业技术学院,8,426492
2024,2,36,环境监测技术,D072,河北化工医药职业技术学院,8,447951
2024,2,46,电气自动化技术,D072,河北化工医药职业技术学院,2,367466
2024,2,06,数字媒体技术,D073,石家庄信息工程职业学院,3,284282
2024,2,12,计算机应用技术,D073,石家庄信息工程职业学院,3,325217
2024,2,16,计算机网络技术,D073,石家庄信息工程职业学院,3,322742
2024,2,28,电子商务,D073,石家庄信息工程职业学院,3,370007
2024,2,31,大数据与会计,D073,石家庄信息工程职业学院,3,303323
2024,2,30,应用英语,D074,河北对外经贸职业学院,5,383241
2024,2,36,小学英语教育(师范类),D074,河北对外经贸职业学院,5,327975
2024,2,37,学前教育(师范类),D074,河北对外经贸职业学院,5,488369
2024,2,A1,机电一体化技术,D086,宁夏职业技术学院,5,416831
2024,2,34,飞机机电设备维修,D093,阿克苏职业技术学院,10,544883
2024,2,48,民航安全技术管理,D093,阿克苏职业技术学院,10,617231
2024,2,02,学前教育,D094,巴音郭楞职业技术学院,5,553335
2024,2,07,计算机网络技术,D094,巴音郭楞职业技术学院,5,526437
2024,2,0A,智能互联网络技术,D094,巴音郭楞职业技术学院,5,546125
2024,2,0B,大数据技术,D094,巴音郭楞职业技术学院,2,511194
2024,2,0D,纺织品设计,D094,巴音郭楞职业技术学院,5,568945
2024,2,0E,服装设计与工艺,D094,巴音郭楞职业技术学院,3,544482
2024,2,0G,电气自动化技术,D094,巴音郭楞职业技术学院,6,498863
2024,2,0P,汽车技术服务与营销,D094,巴音郭楞职业技术学院,3,575555
2024,2,0R,新能源汽车检测与维修技术,D094,巴音郭楞职业技术学院,3,534467
2024,2,0W,现代物流管理,D094,巴音郭楞职业技术学院,5,572379
2024,2,0X,畜牧兽医,D094,巴音郭楞职业技术学院,4,454986
2024,2,N4,石油化工技术,D094,巴音郭楞职业技术学院,4,544771
2024,2,N5,材料工程技术,D094,巴音郭楞职业技术学院,3,566344
2024,2,N7,应用化工技术,D094,巴音郭楞职业技术学院,5,553229
2024,2,N9,油气储运技术,D094,巴音郭楞职业技术学院,3,564689
2024,2,NB,油气智能开采技术,D094,巴音郭楞职业技术学院,3,471868
2024,2,ND,生态保护技术,D094,巴音郭楞职业技术学院,3,574662
2024,2,NE,计算机应用技术,D094,巴音郭楞职业技术学院,3,486832
2024,2,NF,计算机网络技术,D094,巴音郭楞职业技术学院,3,548556
2024,2,NG,电子商务,D094,巴音郭楞职业技术学院,3,573869
2024,2,NH,现代物流管理,D094,巴音郭楞职业技术学院,5,583933
2024,2,NK,智能控制技术,D094,巴音郭楞职业技术学院,8,570262
2024,2,NL,影视多媒体技术,D094,巴音郭楞职业技术学院,5,607866
2024,2,NM,应用化工技术,D094,巴音郭楞职业技术学院,6,566419
2024,2,01,计算机应用技术,D100,金肯职业技术学院,2,425958
2024,2,07,大数据与会计,D102,常州工程职业技术学院,5,274136
2024,2,16,电气自动化技术,D102,常州工程职业技术学院,5,301215
2024,2,25,应用化工技术,D102,常州工程职业技术学院,10,346368
2024,2,27,药品生产技术,D102,常州工程职业技术学院,10,338195
2024,2,34,建筑工程技术,D102,常州工程职业技术学院,5,357228
2024,2,40,艺术设计,D102,常州工程职业技术学院,5,334804
2024,2,41,视觉传达设计,D102,常州工程职业技术学院,5,327290
2024,2,01,园林技术,D103,江苏农林职业技术学院,4,259791
2024,2,02,林业技术,D103,江苏农林职业技术学院,4,280137
2024,2,05,木业产品设计与制造,D103,江苏农林职业技术学院,6,363180
2024,2,08,现代农业技术,D103,江苏农林职业技术学院,4,261981
2024,2,09,园艺技术,D103,江苏农林职业技术学院,4,281147
2024,2,12,动物医学,D103,江苏农林职业技术学院,4,253085
2024,2,13,宠物医疗技术,D103,江苏农林职业技术学院,4,268547
2024,2,16,水产养殖技术,D103,江苏农林职业技术学院,6,359353
2024,2,17,食品检验检测技术,D103,江苏农林职业技术学院,4,297033
2024,2,21,茶叶生产与加工技术,D103,江苏农林职业技术学院,4,352517
2024,2,24,大数据与财务管理,D103,江苏农林职业技术学院,4,274393
2024,2,25,现代物流管理,D103,江苏农林职业技术学院,4,328118
2024,2,29,电子商务,D103,江苏农林职业技术学院,4,323885
2024,2,31,新能源汽车技术,D103,江苏农林职业技术学院,5,348712
2024,2,32,智能网联汽车技术,D103,江苏农林职业技术学院,4,337606
2024,2,33,机械制造及自动化,D103,江苏农林职业技术学院,4,303970
2024,2,35,现代农业装备应用技术,D103,江苏农林职业技术学院,4,339241
2024,2,36,电气自动化技术,D103,江苏农林职业技术学院,4,303266
2024,2,38,计算机应用技术,D103,江苏农林职业技术学院,4,295283
2024,2,39,云计算技术应用,D103,江苏农林职业技术学院,4,308597
2024,2,40,数字媒体技术,D103,江苏农林职业技术学院,4,267745
2024,2,41,物联网应用技术,D103,江苏农林职业技术学院,4,321693
2024,2,73,园林工程技术(中外合作办学),D103,江苏农林职业技术学院,15,532956
2024,2,05,食品药品监督管理,D104,江苏食品药品职业技术学院,10,346061
2024,2,06,药学,D104,江苏食品药品职业技术学院,10,336661
2024,2,08,中药学,D104,江苏食品药品职业技术学院,5,332199
2024,2,15,卫生检验与检疫技术,D104,江苏食品药品职业技术学院,5,352603
2024,2,24,婴幼儿托育服务与管理,D104,江苏食品药品职业技术学院,5,397116
2024,2,40,护理,D104,江苏食品药品职业技术学院,5,302802
2024,2,04,工程造价,D105,建东职业技术学院,2,602355
2024,2,08,机电一体化技术,D105,建东职业技术学院,2,548674
2024,2,09,电气自动化技术,D105,建东职业技术学院,2,480211
2024,2,18,空中乘务,D105,建东职业技术学院,2,593250
2024,2,26,大数据与会计,D105,建东职业技术学院,2,490691
2024,2,31,跨境电子商务,D105,建东职业技术学院,2,572808
2024,2,02,城市轨道交通运营管理,D106,南京铁道职业技术学院,2,202021
2024,2,05,铁道运输类,D106,南京铁道职业技术学院,7,215210
2024,2,06,城市轨道交通通信信号技术,D106,南京铁道职业技术学院,3,211500
2024,2,15,铁道车辆技术,D106,南京铁道职业技术学院,3,216096
2024,2,18,城市轨道交通车辆制造与维护,D106,南京铁道职业技术学院,2,229312
2024,2,26,高速铁路综合维修技术,D106,南京铁道职业技术学院,3,227088
2024,2,03,高分子材料智能制造技术,D107,徐州工业职业技术学院,30,387279
2024,2,06,建筑工程技术,D107,徐州工业职业技术学院,25,409773
2024,2,10,机械制造及自动化,D107,徐州工业职业技术学院,20,361920
2024,2,11,机电一体化技术,D107,徐州工业职业技术学院,25,358154
2024,2,12,工业机器人技术,D107,徐州工业职业技术学院,10,365325
2024,2,13,电气自动化技术,D107,徐州工业职业技术学院,30,344220
2024,2,15,新能源汽车技术,D107,徐州工业职业技术学院,10,362482
2024,2,16,药品生物技术,D107,徐州工业职业技术学院,10,362674
2024,2,17,应用化工技术,D107,徐州工业职业技术学院,20,382831
2024,2,21,药品生产技术,D107,徐州工业职业技术学院,15,373985
2024,2,22,生物制药技术,D107,徐州工业职业技术学院,20,369860
2024,2,35,现代物流管理,D107,徐州工业职业技术学院,20,392664
2024,2,90,智能制造装备技术,D107,徐州工业职业技术学院,10,373840
2024,2,01,电子信息工程技术,D108,江苏信息职业技术学院,2,302513
2024,2,04,集成电路技术,D108,江苏信息职业技术学院,2,329650
2024,2,05,微电子技术,D108,江苏信息职业技术学院,2,316513
2024,2,09,机电一体化技术,D108,江苏信息职业技术学院,2,316765
2024,2,0B,电气自动化技术,D108,江苏信息职业技术学院,2,294841
2024,2,0D,新能源汽车技术,D108,江苏信息职业技术学院,2,316148
2024,2,0J,物联网应用技术,D108,江苏信息职业技术学院,2,301877
2024,2,0L,软件技术,D108,江苏信息职业技术学院,2,302431
2024,2,0X,国际经济与贸易,D108,江苏信息职业技术学院,2,303448
2024,2,0Z,电子商务,D108,江苏信息职业技术学院,2,308482
2024,2,01,建筑装饰工程技术,D110,宿迁职业技术学院,1,414835
2024,2,02,智能产品开发与应用,D110,宿迁职业技术学院,2,445518
2024,2,03,计算机应用技术,D110,宿迁职业技术学院,2,485395
2024,2,04,计算机网络技术,D110,宿迁职业技术学院,2,440681
2024,2,05,软件技术,D110,宿迁职业技术学院,2,460527
2024,2,06,数字媒体技术,D110,宿迁职业技术学院,3,444431
2024,2,07,大数据技术,D110,宿迁职业技术学院,2,452484
2024,2,08,云计算技术应用,D110,宿迁职业技术学院,2,463294
2024,2,09,虚拟现实技术应用,D110,宿迁职业技术学院,3,622008
2024,2,0A,人工智能技术应用,D110,宿迁职业技术学院,2,436724
2024,2,0B,移动应用开发,D110,宿迁职业技术学院,2,473920
2024,2,0C,动漫制作技术,D110,宿迁职业技术学院,2,527946
2024,2,0D,智能互联网络技术,D110,宿迁职业技术学院,2,485445
2024,2,0M,应用英语,D110,宿迁职业技术学院,1,461645
2024,2,1B,光伏工程技术,D112,南京信息职业技术学院,4,268075
2024,2,1C,机械制造及自动化,D112,南京信息职业技术学院,2,266974
2024,2,1D,机电一体化技术,D112,南京信息职业技术学院,2,261021
2024,2,1F,工业机器人技术,D112,南京信息职业技术学院,2,265254
2024,2,1H,工业互联网应用,D112,南京信息职业技术学院,1,267325
2024,2,1K,新能源汽车技术,D112,南京信息职业技术学院,2,255692
2024,2,2B,智能交通技术,D112,南京信息职业技术学院,2,269626
2024,2,2D,电子信息工程技术,D112,南京信息职业技术学院,1,94773
2024,2,2H,电子产品检测技术,D112,南京信息职业技术学院,3,278032
2024,2,3C,软件技术,D112,南京信息职业技术学院,1,201789
2024,2,3E,大数据技术,D112,南京信息职业技术学院,2,262127
2024,2,3F,云计算技术应用,D112,南京信息职业技术学院,5,255722
2024,2,3J,人工智能技术应用,D112,南京信息职业技术学院,2,267925
2024,2,3K,嵌入式技术应用,D112,南京信息职业技术学院,2,276951
2024,2,4A,移动应用开发,D112,南京信息职业技术学院,2,258415
2024,2,4E,电信服务与管理,D112,南京信息职业技术学院,2,279486
2024,2,4F,集成电路技术,D112,南京信息职业技术学院,3,262988
2024,2,4K,电子商务,D112,南京信息职业技术学院,2,272090
2024,2,5A,跨境电子商务,D112,南京信息职业技术学院,2,288975
2024,2,5C,商务数据分析与应用,D112,南京信息职业技术学院,3,270513
2024,2,5E,智能物流技术,D112,南京信息职业技术学院,5,291485
2024,2,03,汽车检测与维修技术,D113,江海职业技术学院,10,603291
2024,2,09,计算机应用技术,D113,江海职业技术学院,6,514393
2024,2,16,道路与桥梁工程技术,D113,江海职业技术学院,10,619815
2024,2,19,现代物业管理,D113,江海职业技术学院,10,625860
2024,2,31,建筑室内设计,D113,江海职业技术学院,10,617964
2024,2,33,婴幼儿托育服务与管理,D113,江海职业技术学院,9,641727
2024,2,71,体育保健与康复,D113,江海职业技术学院,10,544253
2024,2,07,机电一体化技术,D114,常州机电职业技术学院,3,276917
2024,2,13,模具设计与制造,D114,常州机电职业技术学院,6,317597
2024,2,14,工业产品质量检测技术,D114,常州机电职业技术学院,5,362562
2024,2,19,新能源汽车技术,D114,常州机电职业技术学院,5,318482
2024,2,21,智能工程机械运用技术,D114,常州机电职业技术学院,3,330282
2024,2,23,智能网联汽车技术,D114,常州机电职业技术学院,5,333509
2024,2,37,建筑装饰工程技术,D114,常州机电职业技术学院,3,344135
2024,2,62,建筑工程技术,D121,西安思源学院,4,476222
2024,2,63,建设工程管理(BIM方向),D121,西安思源学院,2,446224
2024,2,64,机电一体化技术,D121,西安思源学院,3,432829
2024,2,68,计算机网络技术,D121,西安思源学院,4,407304
2024,2,69,软件技术,D121,西安思源学院,3,396680
2024,2,70,护理,D121,西安思源学院,3,347513
2024,2,71,医学检验技术,D121,西安思源学院,4,404998
2024,2,72,口腔医学技术,D121,西安思源学院,2,412420
2024,2,73,金融服务与管理,D121,西安思源学院,2,414524
2024,2,74,大数据与财务管理,D121,西安思源学院,5,389661
2024,2,75,大数据与会计,D121,西安思源学院,5,351651
2024,2,76,工商企业管理,D121,西安思源学院,2,406184
2024,2,77,市场营销(自媒体营销方向),D121,西安思源学院,2,469031
2024,2,87,早期教育,D121,西安思源学院,2,465651
2024,2,88,学前教育,D121,西安思源学院,5,494170
2024,2,89,应用英语,D121,西安思源学院,4,449980
2024,2,90,冰雪运动与管理,D121,西安思源学院,2,541871
2024,2,01,风景园林设计,D122,西安高新科技职业学院,2,513831
2024,2,02,建筑室内设计,D122,西安高新科技职业学院,4,487036
2024,2,03,建筑电气工程技术,D122,西安高新科技职业学院,2,495701
2024,2,04,工程造价,D122,西安高新科技职业学院,2,526418
2024,2,05,建设工程管理,D122,西安高新科技职业学院,2,527005
2024,2,06,建设工程监理,D122,西安高新科技职业学院,2,583672
2024,2,11,机械制造及自动化,D122,西安高新科技职业学院,6,485410
2024,2,12,机电一体化技术,D122,西安高新科技职业学院,6,483545
2024,2,13,智能控制技术,D122,西安高新科技职业学院,3,493222
2024,2,14,工业机器人技术,D122,西安高新科技职业学院,3,511457
2024,2,21,道路与桥梁工程技术,D122,西安高新科技职业学院,3,454840
2024,2,31,电子信息工程技术,D122,西安高新科技职业学院,2,455697
2024,2,33,计算机网络技术,D122,西安高新科技职业学院,6,491043
2024,2,34,软件技术,D122,西安高新科技职业学院,5,469972
2024,2,35,数字媒体技术,D122,西安高新科技职业学院,5,492593
2024,2,36,大数据技术,D122,西安高新科技职业学院,5,494349
2024,2,37,动漫制作技术,D122,西安高新科技职业学院,3,510290
2024,2,41,大数据与会计,D122,西安高新科技职业学院,3,436215
2024,2,43,工商企业管理,D122,西安高新科技职业学院,1,453970
2024,2,45,电子商务,D122,西安高新科技职业学院,2,493514
2024,2,51,数字媒体艺术设计,D122,西安高新科技职业学院,2,480487
2024,2,61,现代教育技术,D122,西安高新科技职业学院,1,469966
2024,2,38,护理,D123,陕西国际商贸学院,2,401387
2024,2,39,药学,D123,陕西国际商贸学院,2,388536
2024,2,42,康复治疗技术,D123,陕西国际商贸学院,3,445186
2024,2,43,大数据与会计,D123,陕西国际商贸学院,5,444945
2024,2,45,电子商务,D123,陕西国际商贸学院,3,493046
2024,2,47,学前教育(师范类),D123,陕西国际商贸学院,3,480535
2024,2,48,中药学,D123,陕西国际商贸学院,2,430187
2024,2,03,建筑室内设计,D124,西安城市建设职业学院,5,503801
2024,2,05,建筑工程技术,D124,西安城市建设职业学院,2,507653
2024,2,07,工程造价,D124,西安城市建设职业学院,4,529364
2024,2,09,建设工程管理,D124,西安城市建设职业学院,2,538159
2024,2,15,高速铁路客运服务,D124,西安城市建设职业学院,4,518744
2024,2,22,计算机应用技术,D124,西安城市建设职业学院,2,448711
2024,2,27,大数据技术,D124,西安城市建设职业学院,2,444942
2024,2,28,动漫制作技术,D124,西安城市建设职业学院,2,497112
2024,2,30,大数据与会计,D124,西安城市建设职业学院,2,426835
2024,2,37,学前教育,D124,西安城市建设职业学院,5,529926
2024,2,30,智能控制技术,D125,陕西服装工程学院,4,506134
2024,2,31,铁道机车车辆制造与维护,D125,陕西服装工程学院,2,506572
2024,2,35,空中乘务,D125,陕西服装工程学院,8,596480
2024,2,37,城市轨道交通运营管理,D125,陕西服装工程学院,3,529097
2024,2,38,计算机网络技术,D125,陕西服装工程学院,9,479520
2024,2,40,大数据技术,D125,陕西服装工程学院,5,492823
2024,2,42,软件技术,D125,陕西服装工程学院,4,486861
2024,2,45,金融服务与管理,D125,陕西服装工程学院,6,487070
2024,2,62,电子商务,D125,陕西服装工程学院,5,524145
2024,2,69,建筑工程技术,D125,陕西服装工程学院,3,515417
2024,2,71,大数据与会计,D125,陕西服装工程学院,7,413596
2024,2,72,人工智能技术应用,D125,陕西服装工程学院,5,501189
2024,2,13,药品经营与管理,D136,云南能源职业技术学院,2,456970
2024,2,16,发电厂及电力系统,D136,云南能源职业技术学院,4,406097
2024,2,21,机械制造及自动化,D136,云南能源职业技术学院,2,423166
2024,2,13,药品生产技术,D137,江阴职业技术学院,3,371615
2024,2,25,大数据与会计,D137,江阴职业技术学院,3,289447
2024,2,35,服装设计与工艺,D137,江阴职业技术学院,4,366667
2024,2,01,建筑工程技术,D138,广西建设职业技术学院,5,428749
2024,2,06,园林工程技术,D151,宁夏建设职业技术学院,2,467161
2024,2,11,智能水务管理,D151,宁夏建设职业技术学院,2,485520
2024,2,12,建筑智能化工程技术,D151,宁夏建设职业技术学院,2,487332
2024,2,06,机电一体化技术,D171,临汾职业技术学院,2,406965
2024,2,18,计算机应用技术,D171,临汾职业技术学院,1,388065
2024,2,G3,计算机网络技术,D201,沈阳工学院,2,313371
2024,2,G4,大数据与会计,D201,沈阳工学院,4,322326
2024,2,G1,发电厂及电力系统,D236,三峡大学科技学院,4,346283
2024,2,G2,输配电工程技术,D236,三峡大学科技学院,2,340649
2024,2,G4,水利水电建筑工程,D236,三峡大学科技学院,3,319291
2024,2,G5,智能机电技术,D236,三峡大学科技学院,3,393542
2024,2,G6,生物制药技术,D236,三峡大学科技学院,2,383459
2024,2,G9,护理,D236,三峡大学科技学院,3,363732
2024,2,GA,大数据与会计,D236,三峡大学科技学院,3,321044
2024,2,27,计算机应用技术,D240,武汉纺织大学外经贸学院,1,276866
2024,2,30,国际经济与贸易,D240,武汉纺织大学外经贸学院,1,253103
2024,2,31,市场营销,D240,武汉纺织大学外经贸学院,1,252678
2024,2,41,工程造价,D245,荆州学院,4,524474
2024,2,42,园林工程技术,D245,荆州学院,2,542266
2024,2,43,药物制剂技术,D245,荆州学院,4,521975
2024,2,44,康复治疗技术,D245,荆州学院,5,516720
2024,2,46,医学检验技术,D245,荆州学院,6,474840
2024,2,48,油气智能开采技术,D245,荆州学院,6,557688
2024,2,49,应用化工技术,D245,荆州学院,4,541984
2024,2,50,计算机应用技术,D245,荆州学院,8,494740
2024,2,51,计算机网络技术,D245,荆州学院,4,509044
2024,2,52,电子信息工程技术,D245,荆州学院,4,520799
2024,2,53,大数据与会计,D245,荆州学院,4,456008
2024,2,54,工商企业管理,D245,荆州学院,4,529028
2024,2,55,市场营销,D245,荆州学院,3,535260
2024,2,56,电子商务,D245,荆州学院,6,543805
2024,2,57,应用英语,D245,荆州学院,2,444346
2024,2,60,婴幼儿托育服务与管理,D245,荆州学院,4,556243
2024,2,61,影视动画,D245,荆州学院,5,533708
2024,2,62,机电一体化技术,D245,荆州学院,5,496935
2024,2,73,电子商务(华为云学院鲲鹏班),D247,湖北商贸学院,5,472168
2024,2,83,大数据与会计,D247,湖北商贸学院,5,367984
2024,2,94,机电一体化技术(工业机器人方向),D247,湖北商贸学院,5,496606
2024,2,97,工程造价,D247,湖北商贸学院,10,578973
2024,2,99,建筑工程技术(智能建造技术方向),D247,湖北商贸学院,5,568106
2024,2,9A,建筑工程技术(建筑室内设计方向),D247,湖北商贸学院,5,582747
2024,2,16,建筑工程技术,D250,湖北恩施学院,10,629061
2024,2,17,工程造价,D250,湖北恩施学院,15,657240
2024,2,18,计算机应用技术(中软国际订单班),D250,湖北恩施学院,10,488493
2024,2,1F,大数据与财务管理,D250,湖北恩施学院,20,548753
2024,2,1G,大数据与会计,D250,湖北恩施学院,20,521945
2024,2,2A,工业机器人技术,D256,湖北师范大学文理学院,2,362856
2024,2,2B,新能源汽车技术,D256,湖北师范大学文理学院,2,475128
2024,2,2D,计算机应用技术,D256,湖北师范大学文理学院,2,370476
2024,2,2E,计算机网络技术(无人机应用技术方向),D256,湖北师范大学文理学院,2,348413
2024,2,2F,信息安全技术应用,D256,湖北师范大学文理学院,5,502318
2024,2,2G,人工智能技术应用,D256,湖北师范大学文理学院,2,438493
2024,2,2H,婴幼儿托育服务与管理,D256,湖北师范大学文理学院,2,583362
2024,2,2K,市场营销,D256,湖北师范大学文理学院,2,525623
2024,2,2N,应用英语,D256,湖北师范大学文理学院,5,435902
2024,2,2P,中文,D256,湖北师范大学文理学院,8,364835
2024,2,2R,大数据技术,D256,湖北师范大学文理学院,2,406413
2024,2,2S,航空物流管理,D256,湖北师范大学文理学院,3,553214
2024,2,2T,空中乘务,D256,湖北师范大学文理学院,6,561224
2024,2,2U,民航运输服务,D256,湖北师范大学文理学院,3,607184
2024,2,2V,数字媒体技术,D256,湖北师范大学文理学院,2,360119
2024,2,2X,智能网联汽车技术,D256,湖北师范大学文理学院,2,514530
2024,2,40,计算机应用技术(中软国际大数据卓越班),D262,文华学院,3,432758
2024,2,41,机械设计与制造,D262,文华学院,4,458799
2024,2,42,建筑工程技术,D262,文华学院,4,553095
2024,2,43,环境监测技术,D262,文华学院,4,560939
2024,2,44,工程造价,D262,文华学院,4,570478
2024,2,45,大数据与财务管理,D262,文华学院,3,399976
2024,2,46,市场营销,D262,文华学院,4,523227
2024,2,47,应用英语,D262,文华学院,4,488087
2024,2,01,船舶工程技术,D264,武汉交通职业学院,2,363296
2024,2,02,船舶动力工程技术,D264,武汉交通职业学院,2,366339
2024,2,03,航海技术,D264,武汉交通职业学院,4,361238
2024,2,04,轮机工程技术,D264,武汉交通职业学院,4,381543
2024,2,05,船舶电子电气技术,D264,武汉交通职业学院,6,378772
2024,2,06,港口与航运管理,D264,武汉交通职业学院,2,352260
2024,2,28,无人机应用技术,D264,武汉交通职业学院,5,340107
2024,2,33,计算机网络技术,D264,武汉交通职业学院,2,301883
2024,2,35,财富管理,D264,武汉交通职业学院,4,363096
2024,2,36,大数据与会计,D264,武汉交通职业学院,8,286763
2024,2,38,电子商务,D264,武汉交通职业学院,6,360789
2024,2,11,机电一体化技术,D265,咸宁职业技术学院,5,350457
2024,2,16,汽车检测与维修技术,D265,咸宁职业技术学院,3,365502
2024,2,17,电子信息工程技术,D265,咸宁职业技术学院,5,384948
2024,2,20,计算机网络技术,D265,咸宁职业技术学院,5,373531
2024,2,23,护理,D265,咸宁职业技术学院,2,329152
2024,2,30,网络营销与直播电商,D265,咸宁职业技术学院,5,456250
2024,2,32,旅游管理,D265,咸宁职业技术学院,5,450338
2024,2,37,小学教育(师范类),D265,咸宁职业技术学院,2,277038
2024,2,42,智慧健康养老服务与管理,D265,咸宁职业技术学院,4,379988
2024,2,10,摄影摄像技术,D302,哈尔滨传媒职业学院,2,633945
2024,2,12,动漫制作技术,D302,哈尔滨传媒职业学院,2,607913
2024,2,13,影视编导,D302,哈尔滨传媒职业学院,3,652208
2024,2,14,广播影视节目制作,D302,哈尔滨传媒职业学院,3,653375
2024,2,01,护理,D316,山东胜利职业学院,100,414721
2024,2,02,康复治疗技术,D316,山东胜利职业学院,66,454257
2024,2,04,建筑工程技术,D316,山东胜利职业学院,75,542140
2024,2,05,环境工程技术,D316,山东胜利职业学院,45,531176
2024,2,06,石油工程技术,D316,山东胜利职业学院,30,468044
2024,2,07,油气储运技术,D316,山东胜利职业学院,35,500779
2024,2,08,油气智能开采技术,D316,山东胜利职业学院,20,507878
2024,2,09,现代物流管理,D316,山东胜利职业学院,88,539834
2024,2,0A,酒店管理与数字化运营,D316,山东胜利职业学院,45,544021
2024,2,0B,烹饪工艺与营养,D316,山东胜利职业学院,25,524311
2024,2,0C,电子商务,D316,山东胜利职业学院,50,523001
2024,2,0D,中西面点工艺,D316,山东胜利职业学院,43,492206
2024,2,0F,口腔医学技术,D316,山东胜利职业学院,137,423934
2024,2,0G,电气自动化技术,D316,山东胜利职业学院,175,455002
2024,2,0H,工业互联网应用,D316,山东胜利职业学院,109,533218
2024,2,0J,物联网应用技术,D316,山东胜利职业学院,44,496254
2024,2,0K,机电一体化技术,D316,山东胜利职业学院,50,466137
2024,2,0L,计算机应用技术,D316,山东胜利职业学院,220,439624
2024,2,13,药学,D316,山东胜利职业学院,280,468615
2024,2,1E,材料工程技术,D316,山东胜利职业学院,33,530778
2024,2,11,护理(高职3+2贯通培养，衔接山东石油化工学院护理学专业),D316,山东胜利职业学院,30,209444
2024,2,01,大数据与会计,D317,山东经贸职业学院,170,401545
2024,2,03,大数据与审计,D317,山东经贸职业学院,4,322526
2024,2,04,统计与会计核算,D317,山东经贸职业学院,10,409386
2024,2,05,会计信息管理,D317,山东经贸职业学院,60,448877
2024,2,06,金融服务与管理,D317,山东经贸职业学院,45,483895
2024,2,07,证券实务,D317,山东经贸职业学院,16,515346
2024,2,09,大数据与财务管理,D317,山东经贸职业学院,14,386938
2024,2,10,财税大数据应用,D317,山东经贸职业学院,13,445249
2024,2,11,资产评估与管理,D317,山东经贸职业学院,9,476236
2024,2,12,金融科技应用,D317,山东经贸职业学院,15,500733
2024,2,13,连锁经营与管理,D317,山东经贸职业学院,30,520723
2024,2,14,农村新型经济组织管理,D317,山东经贸职业学院,59,565924
2024,2,15,工商企业管理,D317,山东经贸职业学院,11,477053
2024,2,16,市场营销,D317,山东经贸职业学院,30,516471
2024,2,17,人力资源管理,D317,山东经贸职业学院,53,459685
2024,2,18,无人机应用技术,D317,山东经贸职业学院,100,500621
2024,2,19,冷链物流技术与管理,D317,山东经贸职业学院,27,498731
2024,2,20,电子商务,D317,山东经贸职业学院,52,506362
2024,2,22,网络营销与直播电商,D317,山东经贸职业学院,22,498875
2024,2,23,现代物流管理,D317,山东经贸职业学院,100,537715
2024,2,24,电气自动化技术,D317,山东经贸职业学院,40,397227
2024,2,25,电子产品制造技术,D317,山东经贸职业学院,47,513956
2024,2,26,智慧健康养老服务与管理,D317,山东经贸职业学院,12,459163
2024,2,27,关务与外贸服务,D317,山东经贸职业学院,15,493916
2024,2,28,国际经济与贸易,D317,山东经贸职业学院,10,464193
2024,2,29,跨境电子商务,D317,山东经贸职业学院,30,516041
2024,2,30,婴幼儿托育服务与管理,D317,山东经贸职业学院,96,566085
2024,2,31,旅游管理,D317,山东经贸职业学院,25,512217
2024,2,32,空中乘务,D317,山东经贸职业学院,30,512333
2024,2,33,酒店管理与数字化运营,D317,山东经贸职业学院,25,520622
2024,2,34,计算机应用技术,D317,山东经贸职业学院,79,386064
2024,2,36,计算机网络技术,D317,山东经贸职业学院,80,397071
2024,2,37,动漫制作技术,D317,山东经贸职业学院,65,435739
2024,2,40,智能互联网络技术,D317,山东经贸职业学院,80,530150
2024,2,70,商务英语,D317,山东经贸职业学院,46,471352
2024,2,02,大数据与会计(中外合作办学)(与韩国湖南大学合作),D317,山东经贸职业学院,20,460606
2024,2,35,计算机应用技术(中外合作办学)(与韩国又石大学合作),D317,山东经贸职业学院,50,538452
2024,2,08,金融服务与管理(高职3+2贯通培养，衔接潍坊学院经济与金融专业),D317,山东经贸职业学院,40,235081
2024,2,85,金融科技应用(高职3+2贯通培养，衔接山东政法学院金融工程专业),D317,山东经贸职业学院,30,227886
2024,2,86,资产评估与管理(高职3+2贯通培养，衔接山东青年政治学院资产评估专业,D317,山东经贸职业学院,40,222414
2024,2,87,大数据与财务管理(高职3+2贯通培养，衔接枣庄学院财务管理专业),D317,山东经贸职业学院,40,207868
2024,2,88,大数据与审计(高职3+2贯通培养，衔接山东政法学院审计学专业),D317,山东经贸职业学院,50,194253
2024,2,01,机械制造及自动化,D318,山东工业职业学院,85,407493
2024,2,02,数控技术,D318,山东工业职业学院,61,434240
2024,2,03,机电一体化技术,D318,山东工业职业学院,85,410503
2024,2,04,机电设备技术,D318,山东工业职业学院,35,462259
2024,2,05,智能焊接技术,D318,山东工业职业学院,48,493396
2024,2,06,无人机应用技术,D318,山东工业职业学院,45,463651
2024,2,07,城市轨道交通机电技术,D318,山东工业职业学院,30,390235
2024,2,08,工业机器人技术,D318,山东工业职业学院,20,456756
2024,2,09,机电一体化技术,D318,山东工业职业学院,79,403729
2024,2,10,电力系统自动化技术,D318,山东工业职业学院,60,396377
2024,2,11,电气自动化技术,D318,山东工业职业学院,134,386123
2024,2,12,新能源装备技术,D318,山东工业职业学院,20,462622
2024,2,13,通信工程设计与监理,D318,山东工业职业学院,35,503813
2024,2,14,通信系统运行管理,D318,山东工业职业学院,35,510634
2024,2,15,应用电子技术,D318,山东工业职业学院,70,511636
2024,2,16,工业互联网应用,D318,山东工业职业学院,50,503316
2024,2,18,新能源汽车检测与维修技术,D318,山东工业职业学院,30,430209
2024,2,19,汽车制造与试验技术,D318,山东工业职业学院,13,482890
2024,2,21,汽车检测与维修技术,D318,山东工业职业学院,10,440654
2024,2,22,分析检验技术,D318,山东工业职业学院,30,475382
2024,2,23,钢铁智能冶金技术,D318,山东工业职业学院,65,557415
2024,2,24,材料成型及控制技术,D318,山东工业职业学院,10,487299
2024,2,25,应用化工技术,D318,山东工业职业学院,61,484399
2024,2,26,环境监测技术,D318,山东工业职业学院,30,497517
2024,2,27,计算机应用技术,D318,山东工业职业学院,90,403358
2024,2,28,计算机网络技术,D318,山东工业职业学院,25,386885
2024,2,29,物联网应用技术,D318,山东工业职业学院,55,462392
2024,2,30,移动互联应用技术,D318,山东工业职业学院,50,503159
2024,2,31,大数据技术,D318,山东工业职业学院,35,434819
2024,2,32,人工智能技术应用,D318,山东工业职业学院,40,458628
2024,2,33,虚拟现实技术应用,D318,山东工业职业学院,40,509474
2024,2,34,工程造价,D318,山东工业职业学院,45,562040
2024,2,35,建筑工程技术,D318,山东工业职业学院,75,583058
2024,2,36,建设工程管理,D318,山东工业职业学院,35,642204
2024,2,37,电子商务,D318,山东工业职业学院,65,518855
2024,2,38,跨境电子商务,D318,山东工业职业学院,30,526623
2024,2,39,全媒体广告策划与营销,D318,山东工业职业学院,115,526925
2024,2,40,大数据与会计,D318,山东工业职业学院,155,425181
2024,2,41,现代物流管理,D318,山东工业职业学院,50,531827
2024,2,42,大数据与审计,D318,山东工业职业学院,80,435419
2024,2,43,财税大数据应用,D318,山东工业职业学院,30,463178
2024,2,44,学前教育(师范类),D318,山东工业职业学院,66,447511
2024,2,45,婴幼儿托育服务与管理,D318,山东工业职业学院,88,563084
2024,2,46,产品艺术设计,D318,山东工业职业学院,75,510269
2024,2,47,视觉传达设计,D318,山东工业职业学院,70,464586
2024,2,48,环境艺术设计,D318,山东工业职业学院,62,522567
2024,2,49,运动健康指导,D318,山东工业职业学院,92,539426
2024,2,50,网络直播与运营,D318,山东工业职业学院,48,521335
2024,2,H1,机械制造及自动化(中外合作办学),D318,山东工业职业学院,55,539444
2024,2,H2,计算机应用技术(中外合作办学),D318,山东工业职业学院,55,542495
2024,2,L1,应用化工技术(高职技师合作培养，在山东化工技师学院就读),D318,山东工业职业学院,150,542784
2024,2,G1,钢铁智能冶金技术(高职3+2贯通培养，衔接山东理工大学冶金工程专业),D318,山东工业职业学院,40,242562
2024,2,G2,材料成型及控制技术(高职3+2贯通培养，衔接聊城大学金属材料工程专业,D318,山东工业职业学院,40,248374
2024,2,G3,机械制造及自动化(高职3+2贯通培养，衔接枣庄学院机械设计制造及其自,D318,山东工业职业学院,40,247364
2024,2,01,应用化工技术,D319,山东化工职业学院,175,480021
2024,2,02,石油化工技术,D319,山东化工职业学院,170,466999
2024,2,03,高分子材料智能制造技术,D319,山东化工职业学院,60,514035
2024,2,04,精细化工技术,D319,山东化工职业学院,95,507509
2024,2,05,化工安全技术,D319,山东化工职业学院,45,497083
2024,2,06,分析检验技术,D319,山东化工职业学院,10,419559
2024,2,07,海洋化工技术,D319,山东化工职业学院,50,505721
2024,2,08,环境工程技术,D319,山东化工职业学院,28,509799
2024,2,09,化学制药技术,D319,山东化工职业学院,32,464097
2024,2,10,电气自动化技术,D319,山东化工职业学院,120,399790
2024,2,11,工业过程自动化技术,D319,山东化工职业学院,50,482133
2024,2,12,工业自动化仪表技术,D319,山东化工职业学院,60,497461
2024,2,13,供用电技术,D319,山东化工职业学院,80,458488
2024,2,14,机电一体化技术,D319,山东化工职业学院,120,418673
2024,2,15,工业机器人技术,D319,山东化工职业学院,50,449606
2024,2,16,机械制造及自动化,D319,山东化工职业学院,80,447475
2024,2,17,新能源汽车技术,D319,山东化工职业学院,80,490070
2024,2,18,应用电子技术,D319,山东化工职业学院,50,492242
2024,2,19,物联网应用技术,D319,山东化工职业学院,30,453197
2024,2,20,数字媒体技术,D319,山东化工职业学院,20,431867
2024,2,21,软件技术,D319,山东化工职业学院,60,433177
2024,2,22,人工智能技术应用,D319,山东化工职业学院,30,475937
2024,2,23,大数据技术,D319,山东化工职业学院,50,470212
2024,2,24,计算机应用技术,D319,山东化工职业学院,20,441106
2024,2,25,计算机网络技术,D319,山东化工职业学院,50,469997
2024,2,26,大数据与会计,D319,山东化工职业学院,155,439321
2024,2,27,金融科技应用,D319,山东化工职业学院,70,527735
2024,2,28,财富管理,D319,山东化工职业学院,5,486413
2024,2,29,市场营销,D319,山东化工职业学院,120,541890
2024,2,30,网络营销与直播电商,D319,山东化工职业学院,50,526861
2024,2,31,电子商务,D319,山东化工职业学院,130,529440
2024,2,32,跨境电子商务,D319,山东化工职业学院,80,542173
2024,2,33,现代物流管理,D319,山东化工职业学院,80,532313
2024,2,37,航空物流管理,D319,山东化工职业学院,14,502195
2024,2,38,旅游管理,D319,山东化工职业学院,15,528687
2024,2,90,精细化工技术(高职3+2贯通培养，衔接临沂大学精细化工专业),D319,山东化工职业学院,40,244281
2024,2,61,建筑工程技术,D320,青岛黄海学院,37,620381
2024,2,62,工程造价,D320,青岛黄海学院,78,646873
2024,2,63,建设工程管理,D320,青岛黄海学院,41,617429
2024,2,64,机械制造及自动化,D320,青岛黄海学院,81,602936
2024,2,65,机电一体化技术,D320,青岛黄海学院,92,573990
2024,2,66,汽车制造与试验技术,D320,青岛黄海学院,18,599844
2024,2,67,新能源汽车技术,D320,青岛黄海学院,87,595362
2024,2,68,空中乘务,D320,青岛黄海学院,50,629355
2024,2,69,大数据技术,D320,青岛黄海学院,49,574211
2024,2,70,移动应用开发,D320,青岛黄海学院,73,625915
2024,2,71,口腔医学,D320,青岛黄海学院,137,467380
2024,2,72,护理,D320,青岛黄海学院,80,511683
2024,2,73,康复治疗技术,D320,青岛黄海学院,45,537088
2024,2,74,大数据与财务管理,D320,青岛黄海学院,67,580564
2024,2,75,大数据与会计,D320,青岛黄海学院,95,551498
2024,2,76,电子商务,D320,青岛黄海学院,43,592761
2024,2,77,早期教育,D320,青岛黄海学院,13,577710
2024,2,78,学前教育(师范类),D320,青岛黄海学院,48,616223
2024,2,79,电子竞技运动与管理,D320,青岛黄海学院,18,614589
2024,2,01,大数据与会计,D321,青岛求实职业技术学院,40,540960
2024,2,02,城市轨道交通运营管理,D321,青岛求实职业技术学院,25,564956
2024,2,04,大数据技术,D321,青岛求实职业技术学院,25,576345
2024,2,07,电气自动化技术,D321,青岛求实职业技术学院,20,556274
2024,2,09,电子商务,D321,青岛求实职业技术学院,30,586811
2024,2,11,动漫制作技术,D321,青岛求实职业技术学院,15,574157
2024,2,15,工程造价,D321,青岛求实职业技术学院,20,595420
2024,2,19,国际经济与贸易,D321,青岛求实职业技术学院,20,588261
2024,2,21,护理,D321,青岛求实职业技术学院,40,531879
2024,2,25,机电一体化技术,D321,青岛求实职业技术学院,35,567659
2024,2,27,计算机网络技术,D321,青岛求实职业技术学院,30,572759
2024,2,29,计算机应用技术,D321,青岛求实职业技术学院,30,569608
2024,2,31,建筑工程技术,D321,青岛求实职业技术学院,30,593714
2024,2,33,建筑消防技术,D321,青岛求实职业技术学院,25,588646
2024,2,35,酒店管理与数字化运营,D321,青岛求实职业技术学院,25,592607
2024,2,37,康复治疗技术,D321,青岛求实职业技术学院,22,537769
2024,2,39,空中乘务,D321,青岛求实职业技术学院,40,662272
2024,2,41,旅游管理,D321,青岛求实职业技术学院,25,588915
2024,2,43,烹饪工艺与营养,D321,青岛求实职业技术学院,20,582789
2024,2,45,汽车制造与试验技术,D321,青岛求实职业技术学院,30,589597
2024,2,47,人力资源管理,D321,青岛求实职业技术学院,20,578873
2024,2,49,软件技术,D321,青岛求实职业技术学院,30,591058
2024,2,51,商务英语,D321,青岛求实职业技术学院,20,594583
2024,2,53,市场营销,D321,青岛求实职业技术学院,10,588471
2024,2,57,数字媒体技术,D321,青岛求实职业技术学院,25,570986
2024,2,61,新能源汽车技术,D321,青岛求实职业技术学院,20,564360
2024,2,63,药学,D321,青岛求实职业技术学院,25,541623
2024,2,65,医学检验技术,D321,青岛求实职业技术学院,22,539869
2024,2,67,医学影像技术,D321,青岛求实职业技术学院,22,533101
2024,2,71,婴幼儿托育服务与管理,D321,青岛求实职业技术学院,20,606732
2024,2,73,园林技术,D321,青岛求实职业技术学院,20,586768
2024,2,75,中药学,D321,青岛求实职业技术学院,22,526703
2024,2,85,无人机应用技术,D321,青岛求实职业技术学院,25,583548
2024,2,89,高速铁路客运服务,D321,青岛求实职业技术学院,20,579809
2024,2,93,动物医学,D321,青岛求实职业技术学院,35,547686
2024,2,95,宠物医疗技术,D321,青岛求实职业技术学院,30,554268
2024,2,97,智能制造装备技术,D321,青岛求实职业技术学院,20,605289
2024,2,99,汽车电子技术,D321,青岛求实职业技术学院,20,603526
2024,2,A2,民航运输服务,D321,青岛求实职业技术学院,25,606479
2024,2,A4,信息安全技术应用,D321,青岛求实职业技术学院,20,592535
2024,2,A6,眼视光技术,D321,青岛求实职业技术学院,20,563233
2024,2,A8,大数据与财务管理,D321,青岛求实职业技术学院,25,563897
2024,2,B4,数字媒体艺术设计,D321,青岛求实职业技术学院,30,583530
2024,2,B2,电子商务(中外合作办学)(与美国汉弗莱斯大学合作),D321,青岛求实职业技术学院,40,638496
2024,2,30,临床医学,D322,山东现代学院,475,665968
2024,2,31,口腔医学,D322,山东现代学院,375,605168
2024,2,32,康复治疗技术,D322,山东现代学院,150,648571
2024,2,33,针灸推拿,D322,山东现代学院,240,538247
2024,2,34,中药学,D322,山东现代学院,375,665874
2024,2,35,护理,D322,山东现代学院,575,665900
2024,2,36,助产,D322,山东现代学院,120,665501
2024,2,37,学前教育(师范类),D322,山东现代学院,40,665230
2024,2,38,市场营销,D322,山东现代学院,60,660688
2024,2,39,工商企业管理,D322,山东现代学院,100,665406
2024,2,40,计算机应用技术,D322,山东现代学院,120,665944
2024,2,41,计算机网络技术,D322,山东现代学院,100,665378
2024,2,42,大数据与会计,D322,山东现代学院,100,664925
2024,2,43,电子商务,D322,山东现代学院,60,656793
2024,2,44,机电一体化技术,D322,山东现代学院,120,626317
2024,2,45,工程造价,D322,山东现代学院,150,664842
2024,2,46,建筑工程技术,D322,山东现代学院,120,665929
2024,2,47,汽车制造与试验技术,D322,山东现代学院,120,660921
2024,2,01,机械设计与制造,D323,济南职业学院,40,316812
2024,2,02,电梯工程技术,D323,济南职业学院,40,371884
2024,2,03,机电一体化技术,D323,济南职业学院,60,303812
2024,2,05,工业机器人技术,D323,济南职业学院,40,350357
2024,2,06,电气自动化技术,D323,济南职业学院,40,286928
2024,2,07,工业互联网应用,D323,济南职业学院,40,379476
2024,2,08,飞机机电设备维修,D323,济南职业学院,40,371014
2024,2,09,通用航空器维修,D323,济南职业学院,30,376813
2024,2,10,数控技术,D323,济南职业学院,40,341711
2024,2,11,工业过程自动化技术,D323,济南职业学院,40,360913
2024,2,12,汽车制造与试验技术,D323,济南职业学院,50,379162
2024,2,13,新能源汽车技术,D323,济南职业学院,85,345376
2024,2,14,智能网联汽车技术,D323,济南职业学院,30,378093
2024,2,15,汽车技术服务与营销,D323,济南职业学院,30,416472
2024,2,16,电子信息工程技术,D323,济南职业学院,60,334643
2024,2,18,应用电子技术,D323,济南职业学院,60,353771
2024,2,20,智能产品开发与应用,D323,济南职业学院,70,394439
2024,2,22,集成电路技术,D323,济南职业学院,65,375477
2024,2,23,计算机网络技术,D323,济南职业学院,20,310803
2024,2,24,软件技术,D323,济南职业学院,80,325962
2024,2,25,大数据技术,D323,济南职业学院,40,329900
2024,2,28,云计算技术应用,D323,济南职业学院,20,345500
2024,2,30,虚拟现实技术应用,D323,济南职业学院,25,379520
2024,2,31,人工智能技术应用,D323,济南职业学院,80,358940
2024,2,32,金融服务与管理,D323,济南职业学院,20,352576
2024,2,33,大数据与财务管理,D323,济南职业学院,15,280265
2024,2,34,大数据与会计,D323,济南职业学院,30,276998
2024,2,37,网络营销与直播电商,D323,济南职业学院,20,398913
2024,2,38,现代物流管理,D323,济南职业学院,35,363738
2024,2,40,供应链运营,D323,济南职业学院,40,411098
2024,2,41,中小企业创业与经营,D323,济南职业学院,15,414235
2024,2,42,市场营销,D323,济南职业学院,25,390213
2024,2,43,旅游管理,D323,济南职业学院,50,419612
2024,2,44,酒店管理与数字化运营,D323,济南职业学院,50,467745
2024,2,45,会展策划与管理,D323,济南职业学院,35,384207
2024,2,46,学前教育(师范类),D323,济南职业学院,20,325660
2024,2,48,婴幼儿托育服务与管理,D323,济南职业学院,20,437200
2024,2,49,早期教育,D323,济南职业学院,20,399828
2024,2,55,文化创意与策划,D323,济南职业学院,40,385572
2024,2,60,无人机应用技术,D323,济南职业学院,40,374380
2024,2,27,大数据技术(中外合作办学),D323,济南职业学院,80,466827
2024,2,35,大数据与会计(中外合作办学),D323,济南职业学院,80,411007
2024,2,47,学前教育(中外合作办学)(师范类),D323,济南职业学院,80,507913
2024,2,56,数控技术(高职院校专项计划),D323,济南职业学院,5,509713
2024,2,57,电子信息工程技术(高职院校专项计划),D323,济南职业学院,5,493280
2024,2,58,计算机网络技术(高职院校专项计划),D323,济南职业学院,5,473820
2024,2,61,市场营销(高职院校专项计划),D323,济南职业学院,5,578827
2024,2,04,机电一体化技术(高职3+2贯通培养，衔接聊城大学机械电子工程专业),D323,济南职业学院,30,202083
2024,2,19,应用电子技术(高职3+2贯通培养，衔接山东女子学院人工智能专业),D323,济南职业学院,40,238311
2024,2,26,大数据技术(高职3+2贯通培养，衔接山东青年政治学院数据科学与大数据,D323,济南职业学院,80,215860
2024,2,29,云计算技术应用(高职3+2贯通培养，衔接山东女子学院计算机科学与技术,D323,济南职业学院,40,226148
2024,2,39,现代物流管理(高职3+2贯通培养，衔接山东管理学院物流管理专业),D323,济南职业学院,30,240084
2024,2,50,建筑工程技术,D324,山东协和学院,63,664898
2024,2,51,工程造价,D324,山东协和学院,61,664808
2024,2,52,建设工程管理,D324,山东协和学院,101,665627
2024,2,53,机械制造及自动化,D324,山东协和学院,100,577104
2024,2,54,机电一体化技术,D324,山东协和学院,100,565378
2024,2,55,电气自动化技术,D324,山东协和学院,100,549553
2024,2,56,电子信息工程技术,D324,山东协和学院,212,661621
2024,2,57,物联网应用技术,D324,山东协和学院,300,665734
2024,2,58,计算机应用技术,D324,山东协和学院,70,587005
2024,2,59,计算机网络技术,D324,山东协和学院,203,661724
2024,2,60,软件技术,D324,山东协和学院,80,588216
2024,2,61,数字媒体技术,D324,山东协和学院,80,587714
2024,2,62,护理,D324,山东协和学院,240,501674
2024,2,63,临床医学,D324,山东协和学院,200,470858
2024,2,64,口腔医学,D324,山东协和学院,250,431305
2024,2,65,中医学,D324,山东协和学院,100,399564
2024,2,66,针灸推拿,D324,山东协和学院,50,412319
2024,2,67,中药学,D324,山东协和学院,50,491201
2024,2,68,医学检验技术,D324,山东协和学院,50,501521
2024,2,69,医学影像技术,D324,山东协和学院,50,497402
2024,2,73,大数据与会计,D324,山东协和学院,80,573289
2024,2,75,市场营销,D324,山东协和学院,90,618489
2024,2,76,电子商务,D324,山东协和学院,90,659500
2024,2,77,旅游管理,D324,山东协和学院,100,611678
2024,2,78,早期教育,D324,山东协和学院,100,631241
2024,2,79,学前教育(师范类),D324,山东协和学院,63,653641
2024,2,80,智慧健康养老服务与管理,D324,山东协和学院,137,623583
2024,2,51,早期教育,D330,昆明城市学院,3,664380
2024,2,53,大数据技术,D330,昆明城市学院,4,661367
2024,2,54,人工智能技术应用,D330,昆明城市学院,2,655357
2024,2,56,中文,D330,昆明城市学院,3,664695
2024,2,0R,大数据与财务管理,D338,安徽城市管理职业学院,5,384695
2024,2,17,现代家政服务与管理,D338,安徽城市管理职业学院,5,437617
2024,2,A2,机电一体化技术,D342,阜阳科技职业学院,10,571253
2024,2,A5,新能源汽车技术,D342,阜阳科技职业学院,10,583372
2024,2,01,机械制造及自动化,D344,安徽国防科技职业学院,10,398602
2024,2,09,汽车检测与维修技术,D344,安徽国防科技职业学院,10,441445
2024,2,01,安全技术与管理,D355,烟台工程职业技术学院,88,540741
2024,2,02,安全智能监测技术,D355,烟台工程职业技术学院,53,530700
2024,2,03,环境监测技术,D355,烟台工程职业技术学院,38,516172
2024,2,04,民航安全技术管理,D355,烟台工程职业技术学院,58,519978
2024,2,06,食品检验检测技术,D355,烟台工程职业技术学院,78,480767
2024,2,07,应急救援技术,D355,烟台工程职业技术学院,78,541410
2024,2,08,应用化工技术,D355,烟台工程职业技术学院,33,513375
2024,2,09,大数据与会计,D355,烟台工程职业技术学院,80,440208
2024,2,10,电子商务,D355,烟台工程职业技术学院,120,540668
2024,2,11,跨境电子商务,D355,烟台工程职业技术学院,25,541080
2024,2,12,农村电子商务,D355,烟台工程职业技术学院,15,537132
2024,2,13,市场营销,D355,烟台工程职业技术学院,45,539310
2024,2,14,现代物流管理,D355,烟台工程职业技术学院,63,532403
2024,2,15,动漫制作技术,D355,烟台工程职业技术学院,65,477536
2024,2,16,服装与服饰设计,D355,烟台工程职业技术学院,73,541606
2024,2,17,空中乘务,D355,烟台工程职业技术学院,30,552636
2024,2,18,数字媒体技术,D355,烟台工程职业技术学院,47,443965
2024,2,19,婴幼儿托育服务与管理,D355,烟台工程职业技术学院,36,539674
2024,2,20,城市轨道车辆应用技术,D355,烟台工程职业技术学院,100,463142
2024,2,21,城市轨道交通供配电技术,D355,烟台工程职业技术学院,65,452509
2024,2,22,城市轨道交通通信信号技术,D355,烟台工程职业技术学院,50,453246
2024,2,23,城市轨道交通运营管理,D355,烟台工程职业技术学院,65,425604
2024,2,24,汽车检测与维修技术,D355,烟台工程职业技术学院,56,501629
2024,2,25,新能源汽车技术,D355,烟台工程职业技术学院,92,478184
2024,2,26,大数据技术,D355,烟台工程职业技术学院,54,466222
2024,2,27,计算机应用技术,D355,烟台工程职业技术学院,75,462675
2024,2,28,人工智能技术应用,D355,烟台工程职业技术学院,50,490400
2024,2,29,物联网应用技术,D355,烟台工程职业技术学院,85,500955
2024,2,30,移动互联应用技术,D355,烟台工程职业技术学院,97,517711
2024,2,31,云计算技术应用,D355,烟台工程职业技术学院,56,502201
2024,2,32,电气自动化技术,D355,烟台工程职业技术学院,60,432973
2024,2,33,工业互联网技术,D355,烟台工程职业技术学院,17,500477
2024,2,34,工业机器人技术,D355,烟台工程职业技术学院,60,487202
2024,2,35,机电一体化技术,D355,烟台工程职业技术学院,76,455687
2024,2,36,应用电子技术,D355,烟台工程职业技术学院,49,499595
2024,2,37,智能控制技术,D355,烟台工程职业技术学院,48,502469
2024,2,38,机械制造及自动化,D355,烟台工程职业技术学院,74,462846
2024,2,39,模具设计与制造,D355,烟台工程职业技术学院,55,515388
2024,2,40,数控技术,D355,烟台工程职业技术学院,46,473012
2024,2,41,数字化设计与制造技术,D355,烟台工程职业技术学院,74,519047
2024,2,42,增材制造技术,D355,烟台工程职业技术学院,50,532060
2024,2,43,智能焊接技术,D355,烟台工程职业技术学院,75,485721
2024,2,44,机械制造及自动化(高职3+2贯通培养，衔接山东航空学院机械设计制造及,D355,烟台工程职业技术学院,30,240045
2024,2,45,智能焊接技术(高职3+2贯通培养，衔接山东建筑大学焊接技术与工程专业,D355,烟台工程职业技术学院,40,246980
2024,2,46,工业机器人技术(高职3+2贯通培养，衔接山东管理学院机器人工程专业),D355,烟台工程职业技术学院,30,247380
2024,2,01,建筑工程技术,D356,山东工程职业技术大学,25,601323
2024,2,08,康复治疗技术,D356,山东工程职业技术大学,141,592382
2024,2,10,电子信息工程技术,D356,山东工程职业技术大学,40,571076
2024,2,11,物联网应用技术,D356,山东工程职业技术大学,55,629572
2024,2,12,现代移动通信技术,D356,山东工程职业技术大学,60,635782
2024,2,14,大数据技术,D356,山东工程职业技术大学,35,608015
2024,2,15,计算机应用技术,D356,山东工程职业技术大学,35,611696
2024,2,16,软件技术,D356,山东工程职业技术大学,48,637537
2024,2,17,移动应用开发,D356,山东工程职业技术大学,65,634709
2024,2,19,工程造价,D356,山东工程职业技术大学,30,615103
2024,2,21,智能网联汽车技术,D356,山东工程职业技术大学,6,591918
2024,2,22,空中乘务,D356,山东工程职业技术大学,20,626773
2024,2,25,现代物流管理,D356,山东工程职业技术大学,20,612518
2024,2,26,动漫制作技术,D356,山东工程职业技术大学,35,608003
2024,2,32,工业机器人技术,D356,山东工程职业技术大学,70,642124
2024,2,33,电气自动化技术,D356,山东工程职业技术大学,30,565302
2024,2,36,工业互联网应用,D356,山东工程职业技术大学,20,607894
2024,2,37,健康大数据管理与服务,D356,山东工程职业技术大学,110,636060
2024,2,38,口腔医学技术,D356,山东工程职业技术大学,110,579537
2024,2,39,医学检验技术,D356,山东工程职业技术大学,75,592971
2024,2,40,工商企业管理,D356,山东工程职业技术大学,85,651545
2024,2,41,网络营销与直播电商,D356,山东工程职业技术大学,100,637723
2024,2,42,酒店管理与数字化运营,D356,山东工程职业技术大学,100,633512
2024,2,43,金融科技应用,D356,山东工程职业技术大学,105,639028
2024,2,41,建设工程管理,D359,烟台理工学院,100,628874
2024,2,42,机电一体化技术,D359,烟台理工学院,96,587983
2024,2,43,食品检验检测技术,D359,烟台理工学院,131,624869
2024,2,44,人工智能技术应用,D359,烟台理工学院,146,618207
2024,2,45,大数据与财务管理,D359,烟台理工学院,100,569808
2024,2,46,大数据与会计,D359,烟台理工学院,196,554249
2024,2,47,国际经济与贸易,D359,烟台理工学院,50,625675
2024,2,48,工商企业管理,D359,烟台理工学院,78,628095
2024,2,49,市场营销,D359,烟台理工学院,48,619055
2024,2,50,现代文秘,D359,烟台理工学院,96,637772
2024,2,51,商务英语,D359,烟台理工学院,45,631425
2024,2,52,商务日语,D359,烟台理工学院,30,640817
2024,2,53,应用韩语,D359,烟台理工学院,60,645844
2024,2,E5,建筑设计,D378,青岛城市学院,80,626315
2024,2,E6,建筑工程技术,D378,青岛城市学院,70,625869
2024,2,E7,工程造价,D378,青岛城市学院,140,639761
2024,2,E8,机电一体化技术,D378,青岛城市学院,90,599294
2024,2,E9,电气自动化技术,D378,青岛城市学院,140,610876
2024,2,EA,计算机应用技术,D378,青岛城市学院,140,610630
2024,2,EB,大数据与会计,D378,青岛城市学院,165,588978
2024,2,EC,国际经济与贸易,D378,青岛城市学院,60,621996
2024,2,ED,市场营销,D378,青岛城市学院,55,626168
2024,2,EE,电子商务,D378,青岛城市学院,55,617895
2024,2,EG,商务英语,D378,青岛城市学院,75,637394
2024,2,3A,软件技术,D383,山东财经大学燕山学院,200,622993
2024,2,3B,金融服务与管理,D383,山东财经大学燕山学院,200,653426
2024,2,3C,金融科技应用,D383,山东财经大学燕山学院,200,665412
2024,2,3D,大数据与财务管理,D383,山东财经大学燕山学院,300,603126
2024,2,3E,国际经济与贸易,D383,山东财经大学燕山学院,200,665883
2024,2,3F,跨境电子商务,D383,山东财经大学燕山学院,200,665847
2024,2,3G,导游,D383,山东财经大学燕山学院,200,665881
2024,2,1A,油气储运技术,D387,山东外国语职业技术大学,86,665143
2024,2,1B,建筑工程技术,D387,山东外国语职业技术大学,54,664526
2024,2,1C,工程造价,D387,山东外国语职业技术大学,70,665930
2024,2,1D,工业机器人技术,D387,山东外国语职业技术大学,50,645711
2024,2,1F,无人机应用技术,D387,山东外国语职业技术大学,99,665186
2024,2,1G,婴幼儿托育服务与管理,D387,山东外国语职业技术大学,66,639521
2024,2,1H,早期教育,D387,山东外国语职业技术大学,85,640609
2024,2,1J,环境艺术设计,D387,山东外国语职业技术大学,50,620496
2024,2,1K,数字媒体艺术设计,D387,山东外国语职业技术大学,50,572251
2024,2,1L,酒店管理与数字化运营,D387,山东外国语职业技术大学,73,634695
2024,2,1M,空中乘务,D387,山东外国语职业技术大学,86,639203
2024,2,1N,旅游管理,D387,山东外国语职业技术大学,50,626739
2024,2,1P,艺术设计,D387,山东外国语职业技术大学,50,598997
2024,2,1R,计算机网络技术,D387,山东外国语职业技术大学,45,619351
2024,2,1T,物联网应用技术,D387,山东外国语职业技术大学,50,664262
2024,2,1U,大数据与会计,D387,山东外国语职业技术大学,112,609383
2024,2,1X,市场营销,D387,山东外国语职业技术大学,102,639133
2024,2,1Y,电子商务,D387,山东外国语职业技术大学,50,627969
2024,2,27,应用法语,D387,山东外国语职业技术大学,50,639763
2024,2,28,应用西班牙语,D387,山东外国语职业技术大学,55,642266
2024,2,29,应用德语,D387,山东外国语职业技术大学,55,642990
2024,2,30,应用阿拉伯语,D387,山东外国语职业技术大学,50,640706
2024,2,64,跨境电子商务,D388,潍坊工商职业学院,20,602257
2024,2,A1,电气自动化技术,D388,潍坊工商职业学院,4,525848
2024,2,A2,工业机器人技术,D388,潍坊工商职业学院,5,559285
2024,2,A3,机电一体化技术,D388,潍坊工商职业学院,53,571839
2024,2,A4,机械制造及自动化,D388,潍坊工商职业学院,33,571444
2024,2,A5,汽车制造与试验技术,D388,潍坊工商职业学院,16,567243
2024,2,A6,数控技术,D388,潍坊工商职业学院,26,573144
2024,2,A7,新能源汽车技术,D388,潍坊工商职业学院,13,550670
2024,2,B1,工程造价,D388,潍坊工商职业学院,15,576735
2024,2,B2,直升机驾驶技术,D388,潍坊工商职业学院,15,622588
2024,2,B3,民航安全技术管理,D388,潍坊工商职业学院,60,629117
2024,2,B4,通用航空器维修,D388,潍坊工商职业学院,36,618962
2024,2,B5,通用航空航务技术,D388,潍坊工商职业学院,20,619685
2024,2,B6,建筑工程技术,D388,潍坊工商职业学院,6,573025
2024,2,B7,建筑智能化工程技术,D388,潍坊工商职业学院,10,590287
2024,2,B8,建筑装饰工程技术,D388,潍坊工商职业学院,13,588211
2024,2,B9,畜牧兽医,D388,潍坊工商职业学院,15,461459
2024,2,C1,大数据与财务管理,D388,潍坊工商职业学院,14,554812
2024,2,C2,大数据与会计,D388,潍坊工商职业学院,15,528347
2024,2,C3,金融服务与管理,D388,潍坊工商职业学院,11,575996
2024,2,C4,大数据与会计,D388,潍坊工商职业学院,50,615280
2024,2,C5,电子商务,D388,潍坊工商职业学院,16,578214
2024,2,C6,酒店管理与数字化运营,D388,潍坊工商职业学院,23,585361
2024,2,C7,旅游管理,D388,潍坊工商职业学院,21,575304
2024,2,C8,市场营销,D388,潍坊工商职业学院,20,586873
2024,2,D1,电气自动化技术,D388,潍坊工商职业学院,20,570480
2024,2,D4,汽车技术服务与营销,D388,潍坊工商职业学院,16,586717
2024,2,E1,口腔医学技术,D388,潍坊工商职业学院,28,490041
2024,2,E2,医学检验技术,D388,潍坊工商职业学院,13,489283
2024,2,E3,医学营养,D388,潍坊工商职业学院,24,560257
2024,2,E4,医学影像技术,D388,潍坊工商职业学院,15,504071
2024,2,E5,中医养生保健,D388,潍坊工商职业学院,16,552616
2024,2,E6,护理,D388,潍坊工商职业学院,101,521173
2024,2,F1,服装设计与工艺,D388,潍坊工商职业学院,19,579943
2024,2,F2,婴幼儿托育服务与管理,D388,潍坊工商职业学院,13,578050
2024,2,F4,学前教育(师范类),D388,潍坊工商职业学院,57,639451
2024,2,G1,大数据技术,D388,潍坊工商职业学院,15,572146
2024,2,G2,电子信息工程技术,D388,潍坊工商职业学院,10,580685
2024,2,G3,动漫制作技术,D388,潍坊工商职业学院,29,582422
2024,2,G4,计算机应用技术,D388,潍坊工商职业学院,42,571083
2024,2,G6,软件技术,D388,潍坊工商职业学院,23,571695
2024,2,G7,物联网应用技术,D388,潍坊工商职业学院,30,583297
2024,2,G8,计算机应用技术,D388,潍坊工商职业学院,62,630323
2024,2,H1,食品检验检测技术,D388,潍坊工商职业学院,24,563814
2024,2,H2,生态农业技术,D388,潍坊工商职业学院,8,578443
2024,2,H3,现代农业经济管理,D388,潍坊工商职业学院,20,593267
2024,2,H5,建设工程监理,D388,潍坊工商职业学院,18,604606
2024,2,H6,餐饮智能管理,D388,潍坊工商职业学院,12,587036
2024,2,H7,食品质量与安全,D388,潍坊工商职业学院,20,558091
2024,2,H8,食品智能加工技术,D388,潍坊工商职业学院,21,575261
2024,2,H9,休闲农业经营与管理,D388,潍坊工商职业学院,20,597947
2024,2,K1,护理,D388,潍坊工商职业学院,50,541295
2024,2,K2,护理,D388,潍坊工商职业学院,30,548249
2024,2,K4,康复治疗技术,D388,潍坊工商职业学院,15,516435
2024,2,K5,医学营养,D388,潍坊工商职业学院,47,627417
2024,2,K6,智慧健康养老服务与管理,D388,潍坊工商职业学院,20,615527
2024,2,M1,城市轨道交通运营管理,D388,潍坊工商职业学院,20,569415
2024,2,M2,电子商务,D388,潍坊工商职业学院,20,622683
2024,2,M4,金融服务与管理,D388,潍坊工商职业学院,45,637184
2024,2,M5,空中乘务,D388,潍坊工商职业学院,80,643172
2024,2,M6,跨境电子商务,D388,潍坊工商职业学院,12,589988
2024,2,N1,动漫制作技术,D388,潍坊工商职业学院,20,624829
2024,2,N2,计算机应用技术,D388,潍坊工商职业学院,10,607373
2024,2,N4,物联网应用技术,D388,潍坊工商职业学院,55,627398
2024,2,N5,计算机应用技术(中外合作办学),D388,潍坊工商职业学院,40,638574
2024,2,T1,机电一体化技术(高职3+2贯通培养，衔接山东科技大学应急装备技术与工,D388,潍坊工商职业学院,30,231270
2024,2,T2,电子商务(高职3+2贯通培养，衔接山东工商学院电子商务专业),D388,潍坊工商职业学院,30,247702
2024,2,T3,市场营销(高职3+2贯通培养，衔接山东工商学院工商管理专业),D388,潍坊工商职业学院,30,245516
2024,2,T4,金融服务与管理(高职3+2贯通培养，衔接山东交通学院金融工程专业),D388,潍坊工商职业学院,30,244419
2024,2,D1,数控技术,D389,德州职业技术学院,55,382669
2024,2,D2,机械设计与制造,D389,德州职业技术学院,60,480653
2024,2,D3,智能焊接技术,D389,德州职业技术学院,5,474015
2024,2,D4,机械制造及自动化,D389,德州职业技术学院,63,475901
2024,2,D6,机电一体化技术,D389,德州职业技术学院,50,429017
2024,2,D7,电气自动化技术,D389,德州职业技术学院,70,439664
2024,2,D8,工业机器人技术,D389,德州职业技术学院,40,492348
2024,2,D9,电梯工程技术,D389,德州职业技术学院,40,495582
2024,2,E1,智能控制技术,D389,德州职业技术学院,40,489496
2024,2,E2,大数据与会计,D389,德州职业技术学院,24,429685
2024,2,E3,金融服务与管理,D389,德州职业技术学院,20,511843
2024,2,E4,现代物流管理,D389,德州职业技术学院,56,558085
2024,2,E5,市场营销,D389,德州职业技术学院,10,521007
2024,2,E6,酒店管理与数字化运营,D389,德州职业技术学院,25,543598
2024,2,E7,烹饪工艺与营养,D389,德州职业技术学院,40,530784
2024,2,E9,计算机应用技术,D389,德州职业技术学院,40,448816
2024,2,F1,计算机网络技术,D389,德州职业技术学院,28,429768
2024,2,F2,数字媒体技术,D389,德州职业技术学院,28,412896
2024,2,F3,物联网应用技术,D389,德州职业技术学院,40,491344
2024,2,F4,电子商务,D389,德州职业技术学院,10,503192
2024,2,F5,软件技术,D389,德州职业技术学院,40,440071
2024,2,F6,环境艺术设计,D389,德州职业技术学院,15,509228
2024,2,F7,应用化工技术,D389,德州职业技术学院,55,516226
2024,2,F8,粮食工程技术与管理,D389,德州职业技术学院,40,541082
2024,2,F9,药品生物技术,D389,德州职业技术学院,80,481852
2024,2,G1,食品生物技术,D389,德州职业技术学院,95,505513
2024,2,G2,粮食储运与质量安全,D389,德州职业技术学院,40,544800
2024,2,G3,绿色生物制造技术,D389,德州职业技术学院,40,529673
2024,2,G4,汽车检测与维修技术,D389,德州职业技术学院,50,507824
2024,2,G6,汽车技术服务与营销,D389,德州职业技术学院,35,540471
2024,2,G7,新能源汽车技术,D389,德州职业技术学院,40,464159
2024,2,G8,动车组检修技术,D389,德州职业技术学院,65,441188
2024,2,G9,电子信息工程技术,D389,德州职业技术学院,99,492433
2024,2,H1,光伏工程技术,D389,德州职业技术学院,36,500606
2024,2,H2,分布式发电与智能微电网技术,D389,德州职业技术学院,20,467478
2024,2,H3,集成电路技术,D389,德州职业技术学院,95,532395
2024,2,H4,建筑工程技术,D389,德州职业技术学院,71,549495
2024,2,H5,工程造价,D389,德州职业技术学院,80,569680
2024,2,H6,园林工程技术,D389,德州职业技术学院,55,537090
2024,2,H7,建筑动画技术,D389,德州职业技术学院,10,519868
2024,2,H8,空间数字建模与应用技术,D389,德州职业技术学院,95,549265
2024,2,H9,学前教育(师范类),D389,德州职业技术学院,50,467678
2024,2,J1,婴幼儿托育服务与管理,D389,德州职业技术学院,30,536892
2024,2,J3,智慧健康养老服务与管理,D389,德州职业技术学院,40,500312
2024,2,J4,健康管理,D389,德州职业技术学院,30,489329
2024,2,J5,健康大数据管理与服务,D389,德州职业技术学院,30,515831
2024,2,J6,康复治疗技术,D389,德州职业技术学院,20,442176
2024,2,R2,汽车检测与维修技术(中外合作办学)(与韩国松源大学合作),D389,德州职业技术学院,80,554748
2024,2,R3,学前教育(中外合作办学)(师范类，与韩国松源大学合作),D389,德州职业技术学院,30,527892
2024,2,R4,电气自动化技术(中外合作办学)(与韩国大真大学合作),D389,德州职业技术学院,80,539806
2024,2,Q4,数控技术(高职技师合作培养，在德州市技师学院就读),D389,德州职业技术学院,40,528866
2024,2,Q5,机电一体化技术(高职技师合作培养，在德州市技师学院就读),D389,德州职业技术学院,40,523266
2024,2,Q6,汽车检测与维修技术(高职3+2贯通培养，衔接聊城大学车辆工程专业),D389,德州职业技术学院,30,247709
2024,2,Q7,数控技术(高职3+2贯通培养，衔接德州学院机械设计制造及其自动化专业,D389,德州职业技术学院,40,247334
2024,2,Q8,粮食工程技术与管理(高职3+2贯通培养，衔接德州学院食品质量与安全专,D389,德州职业技术学院,40,243344
2024,2,Q9,电子信息工程技术(高职3+2贯通培养，衔接枣庄学院电子信息工程专业),D389,德州职业技术学院,40,245462
2024,2,R1,金融服务与管理(高职3+2贯通培养，衔接山东女子学院金融工程专业),D389,德州职业技术学院,40,242360
2024,2,01,矿山机电与智能装备,D390,枣庄科技职业学院,15,518514
2024,2,02,安全技术与管理,D390,枣庄科技职业学院,23,523711
2024,2,03,机械设计与制造,D390,枣庄科技职业学院,45,476582
2024,2,04,数控技术,D390,枣庄科技职业学院,20,483972
2024,2,06,机电一体化技术,D390,枣庄科技职业学院,25,448433
2024,2,07,工业机器人技术,D390,枣庄科技职业学院,20,497478
2024,2,08,电气自动化技术,D390,枣庄科技职业学院,53,438865
2024,2,09,工业互联网应用,D390,枣庄科技职业学院,20,500631
2024,2,10,无人机应用技术,D390,枣庄科技职业学院,20,498908
2024,2,11,新能源汽车技术,D390,枣庄科技职业学院,45,489684
2024,2,12,汽车检测与维修技术,D390,枣庄科技职业学院,20,503850
2024,2,13,电子信息工程技术,D390,枣庄科技职业学院,26,472476
2024,2,14,物联网应用技术,D390,枣庄科技职业学院,34,481683
2024,2,16,计算机应用技术,D390,枣庄科技职业学院,40,448621
2024,2,18,软件技术,D390,枣庄科技职业学院,55,454488
2024,2,19,数字媒体技术,D390,枣庄科技职业学院,85,442494
2024,2,20,大数据技术,D390,枣庄科技职业学院,25,451716
2024,2,24,人工智能技术应用,D390,枣庄科技职业学院,62,477619
2024,2,25,国土资源调查与管理,D390,枣庄科技职业学院,35,539686
2024,2,26,工程测量技术,D390,枣庄科技职业学院,40,542544
2024,2,27,装配式建筑构件智能制造技术,D390,枣庄科技职业学院,30,547616
2024,2,28,建筑设计,D390,枣庄科技职业学院,35,533258
2024,2,29,建筑装饰工程技术,D390,枣庄科技职业学院,35,555238
2024,2,30,建筑工程技术,D390,枣庄科技职业学院,55,553041
2024,2,33,装配式建筑工程技术,D390,枣庄科技职业学院,30,550064
2024,2,34,工程造价,D390,枣庄科技职业学院,35,532244
2024,2,37,药品经营与管理,D390,枣庄科技职业学院,25,471101
2024,2,38,护理,D390,枣庄科技职业学院,160,407506
2024,2,39,药学,D390,枣庄科技职业学院,65,393580
2024,2,40,中医学,D390,枣庄科技职业学院,96,347744
2024,2,41,口腔医学技术,D390,枣庄科技职业学院,49,373720
2024,2,42,康复治疗技术,D390,枣庄科技职业学院,50,420239
2024,2,43,智慧健康养老服务与管理,D390,枣庄科技职业学院,20,484873
2024,2,44,金融服务与管理,D390,枣庄科技职业学院,25,504503
2024,2,45,大数据与会计,D390,枣庄科技职业学院,95,396635
2024,2,46,电子商务,D390,枣庄科技职业学院,50,544484
2024,2,48,现代物流管理,D390,枣庄科技职业学院,40,531982
2024,2,49,婴幼儿托育服务与管理,D390,枣庄科技职业学院,50,578405
2024,2,51,学前教育(师范类),D390,枣庄科技职业学院,40,453972
2024,2,52,运动健康指导,D390,枣庄科技职业学院,85,543691
2024,2,N1,电气自动化技术(中外合作办学),D390,枣庄科技职业学院,50,548805
2024,2,N2,建筑工程技术(中外合作办学),D390,枣庄科技职业学院,70,571192
2024,2,M1,机械设计与制造(高职3+2贯通培养，衔接山东建筑大学机械工程专业),D390,枣庄科技职业学院,40,218614
2024,2,M2,工程测量技术(高职3+2贯通培养，衔接临沂大学测绘工程专业),D390,枣庄科技职业学院,40,247667
2024,2,M3,建筑工程技术(高职3+2贯通培养，衔接枣庄学院土木工程专业),D390,枣庄科技职业学院,40,252745
2024,2,M4,康复治疗技术(高职3+2贯通培养，衔接济宁医学院康复治疗学专业),D390,枣庄科技职业学院,40,213611
2024,2,M5,智慧健康养老服务与管理(高职3+2贯通培养，衔接枣庄学院健康服务与管,D390,枣庄科技职业学院,40,235531
2024,2,M6,大数据与会计(高职3+2贯通培养，衔接山东政法学院金融工程专业),D390,枣庄科技职业学院,30,209029
2024,2,01,发电厂及电力系统,D392,保定电力职业技术学院,4,275425
2024,2,03,供用电技术,D392,保定电力职业技术学院,2,277597
2024,2,04,电力系统继电保护技术,D392,保定电力职业技术学院,3,272986
2024,2,05,热工自动化技术,D392,保定电力职业技术学院,3,305253
2024,2,07,热能动力工程技术,D392,保定电力职业技术学院,4,301776
2024,2,08,发电运行技术,D392,保定电力职业技术学院,4,295913
2024,2,0D,机械制造及自动化,D395,廊坊职业技术学院,5,400184
2024,2,1M,金融类,D397,石家庄邮电职业技术学院,4,199701
2024,2,1N,金融类,D397,石家庄邮电职业技术学院,4,192323
2024,2,1P,金融类,D397,石家庄邮电职业技术学院,2,214787
2024,2,1Q,金融类,D397,石家庄邮电职业技术学院,3,225129
2024,2,1R,金融类,D397,石家庄邮电职业技术学院,3,227505
2024,2,1S,金融类,D397,石家庄邮电职业技术学院,4,231699
2024,2,1T,金融类,D397,石家庄邮电职业技术学院,4,235148
2024,2,1U,金融类,D397,石家庄邮电职业技术学院,3,234761
2024,2,1V,金融类,D397,石家庄邮电职业技术学院,2,234960
2024,2,1W,金融类,D397,石家庄邮电职业技术学院,3,235420
2024,2,1X,金融类,D397,石家庄邮电职业技术学院,3,242466
2024,2,2B,邮政快递运营管理,D397,石家庄邮电职业技术学院,17,242503
2024,2,2C,邮政快递运营管理,D397,石家庄邮电职业技术学院,18,230598
2024,2,2D,邮政快递运营管理,D397,石家庄邮电职业技术学院,10,251037
2024,2,2E,邮政快递运营管理,D397,石家庄邮电职业技术学院,3,248100
2024,2,2F,邮政快递运营管理,D397,石家庄邮电职业技术学院,4,251897
2024,2,2G,邮政快递运营管理,D397,石家庄邮电职业技术学院,13,247383
2024,2,2H,邮政快递运营管理,D397,石家庄邮电职业技术学院,12,250174
2024,2,2J,邮政快递运营管理,D397,石家庄邮电职业技术学院,10,246242
2024,2,2K,邮政快递运营管理,D397,石家庄邮电职业技术学院,8,247040
2024,2,2L,邮政快递运营管理,D397,石家庄邮电职业技术学院,9,250250
2024,2,2M,邮政快递运营管理,D397,石家庄邮电职业技术学院,4,243186
2024,2,3C,金融类,D397,石家庄邮电职业技术学院,2,219873
2024,2,3D,金融类,D397,石家庄邮电职业技术学院,2,243086
2024,2,3E,金融类,D397,石家庄邮电职业技术学院,3,205888
2024,2,3F,金融类,D397,石家庄邮电职业技术学院,3,244655
2024,2,3G,金融类,D397,石家庄邮电职业技术学院,3,193935
2024,2,3H,金融类,D397,石家庄邮电职业技术学院,2,218359
2024,2,3J,邮政快递运营管理,D397,石家庄邮电职业技术学院,2,245829
2024,2,3K,邮政快递运营管理,D397,石家庄邮电职业技术学院,9,248203
2024,2,3L,邮政快递运营管理,D397,石家庄邮电职业技术学院,9,232298
2024,2,3M,邮政快递运营管理,D397,石家庄邮电职业技术学院,5,242850
2024,2,3N,邮政快递运营管理,D397,石家庄邮电职业技术学院,11,232942
2024,2,3P,邮政快递运营管理,D397,石家庄邮电职业技术学院,6,222312
2024,2,01,工程造价(造价师方向),D403,石家庄科技信息职业学院,3,578694
2024,2,02,建设工程管理,D403,石家庄科技信息职业学院,3,636281
2024,2,04,机电一体化技术,D403,石家庄科技信息职业学院,4,557275
2024,2,06,智能机器人技术,D403,石家庄科技信息职业学院,3,566080
2024,2,08,电气自动化技术,D403,石家庄科技信息职业学院,4,506320
2024,2,0A,无人机应用技术,D403,石家庄科技信息职业学院,4,583971
2024,2,0F,药品经营与管理,D403,石家庄科技信息职业学院,4,567922
2024,2,12,高速铁路客运服务,D403,石家庄科技信息职业学院,4,569376
2024,2,14,新能源汽车检测与维修技术,D403,石家庄科技信息职业学院,5,553844
2024,2,15,空中乘务,D403,石家庄科技信息职业学院,3,618107
2024,2,17,机场运行服务与管理,D403,石家庄科技信息职业学院,3,609277
2024,2,18,城市轨道交通通信信号技术,D403,石家庄科技信息职业学院,4,559420
2024,2,19,城市轨道交通运营管理,D403,石家庄科技信息职业学院,4,499480
2024,2,1D,计算机网络技术,D403,石家庄科技信息职业学院,6,588722
2024,2,1E,软件技术,D403,石家庄科技信息职业学院,4,581532
2024,2,1F,软件技术(JAVA方向),D403,石家庄科技信息职业学院,3,595417
2024,2,1G,大数据技术,D403,石家庄科技信息职业学院,4,559567
2024,2,1H,云计算技术应用,D403,石家庄科技信息职业学院,3,662982
2024,2,1J,信息安全技术应用,D403,石家庄科技信息职业学院,6,608414
2024,2,1K,人工智能技术应用,D403,石家庄科技信息职业学院,3,611815
2024,2,1P,智能互联网络技术,D403,石家庄科技信息职业学院,4,605916
2024,2,1Q,护理,D403,石家庄科技信息职业学院,6,515562
2024,2,1R,药学,D403,石家庄科技信息职业学院,6,518015
2024,2,1S,医学检验技术,D403,石家庄科技信息职业学院,6,520485
2024,2,1V,金融科技应用,D403,石家庄科技信息职业学院,3,654972
2024,2,1W,大数据与财务管理,D403,石家庄科技信息职业学院,4,586962
2024,2,1X,大数据与会计,D403,石家庄科技信息职业学院,4,534023
2024,2,25,智慧旅游技术应用,D403,石家庄科技信息职业学院,3,631797
2024,2,27,数字媒体艺术设计,D403,石家庄科技信息职业学院,4,558671
2024,2,2A,室内艺术设计,D403,石家庄科技信息职业学院,6,583272
2024,2,2B,影视多媒体技术,D403,石家庄科技信息职业学院,4,581966
2024,2,2C,学前教育,D403,石家庄科技信息职业学院,3,633463
2024,2,15,新能源汽车技术,D419,江西科技职业学院,2,497302
2024,2,26,电子商务,D419,江西科技职业学院,1,481867
2024,2,28,城市轨道交通运营管理,D419,江西科技职业学院,2,471244
2024,2,43,护理,D419,江西科技职业学院,2,461760
2024,2,48,护理(中外合作办学),D419,江西科技职业学院,2,537205
2024,2,49,电子商务(中外合作办学),D419,江西科技职业学院,4,654285
2024,2,32,智能焊接技术,D420,南昌职业大学,1,619315
2024,2,35,电气自动化技术,D420,南昌职业大学,1,331880
2024,2,38,计算机网络技术,D420,南昌职业大学,1,353838
2024,2,03,软件技术,D421,南昌工学院,4,365378
2024,2,17,大数据与会计,D421,南昌工学院,2,352785
2024,2,23,商务英语,D421,南昌工学院,6,654622
2024,2,01,护理,D424,宜春职业技术学院,4,338065
2024,2,05,药学,D424,宜春职业技术学院,2,310798
2024,2,06,医学检验技术,D424,宜春职业技术学院,2,343646
2024,2,31,医学影像技术,D424,宜春职业技术学院,2,332010
2024,2,01,机电一体化技术,D425,江西应用工程职业学院,2,404443
2024,2,02,智能控制技术,D425,江西应用工程职业学院,2,416759
2024,2,03,工业机器人技术,D425,江西应用工程职业学院,2,415480
2024,2,04,电气自动化技术,D425,江西应用工程职业学院,2,373913
2024,2,05,无人机应用技术,D425,江西应用工程职业学院,2,409897
2024,2,06,新能源汽车检测与维修技术,D425,江西应用工程职业学院,2,428704
2024,2,10,计算机应用技术,D425,江西应用工程职业学院,2,318153
2024,2,11,软件技术,D425,江西应用工程职业学院,2,405436
2024,2,12,计算机网络技术,D425,江西应用工程职业学院,2,390415
2024,2,13,工程测量技术,D425,江西应用工程职业学院,2,503298
2024,2,01,畜牧兽医,D426,江西生物科技职业学院,1,262019
2024,2,04,动物医学,D426,江西生物科技职业学院,1,251987
2024,2,07,水产养殖技术,D426,江西生物科技职业学院,1,376357
2024,2,14,机电一体化技术,D426,江西生物科技职业学院,1,278470
2024,2,17,数控技术,D426,江西生物科技职业学院,1,366740
2024,2,24,现代物流管理,D426,江西生物科技职业学院,1,385738
2024,2,31,建筑工程技术,D426,江西生物科技职业学院,1,399448
2024,2,33,现代农业技术,D426,江西生物科技职业学院,1,331402
2024,2,34,工程造价,D426,江西生物科技职业学院,1,403686
2024,2,37,计算机应用技术,D426,江西生物科技职业学院,1,364120
2024,2,03,建筑设计,D427,江西建设职业技术学院,3,425649
2024,2,08,建筑室内设计,D427,江西建设职业技术学院,3,441086
2024,2,17,建筑消防技术,D427,江西建设职业技术学院,2,508180
2024,2,18,工程造价,D427,江西建设职业技术学院,7,532749
2024,2,19,建设工程管理,D427,江西建设职业技术学院,2,551602
2024,2,21,市政工程技术,D427,江西建设职业技术学院,2,470784
2024,2,25,道路与桥梁工程技术,D427,江西建设职业技术学院,2,375035
2024,2,34,建筑工程技术,D427,江西建设职业技术学院,5,563989
2024,2,38,建筑装饰材料技术,D427,江西建设职业技术学院,2,571050
2024,2,39,建筑材料检测技术,D427,江西建设职业技术学院,2,552559
2024,2,01,民航运输服务,D428,抚州职业技术学院,3,492845
2024,2,02,空中乘务,D428,抚州职业技术学院,3,536123
2024,2,11,数控技术,D428,抚州职业技术学院,2,440360
2024,2,12,模具设计与制造,D428,抚州职业技术学院,2,455703
2024,2,19,电子商务,D428,抚州职业技术学院,3,463256
2024,2,20,大数据与会计,D428,抚州职业技术学院,3,417678
2024,2,25,机电一体化技术,D428,抚州职业技术学院,2,433297
2024,2,26,工业机器人技术,D428,抚州职业技术学院,2,439381
2024,2,A7,建筑设计,D435,景德镇艺术职业大学,4,636449
2024,2,A9,建筑室内设计,D435,景德镇艺术职业大学,5,638565
2024,2,B3,数控技术,D435,景德镇艺术职业大学,5,640227
2024,2,B4,机械制造及自动化,D435,景德镇艺术职业大学,5,635698
2024,2,C6,电子信息工程技术,D435,景德镇艺术职业大学,5,643306
2024,2,D2,软件技术,D435,景德镇艺术职业大学,2,645566
2024,2,D3,数字媒体技术,D435,景德镇艺术职业大学,5,617493
2024,2,D4,大数据技术,D435,景德镇艺术职业大学,5,643134
2024,2,D5,虚拟现实技术应用,D435,景德镇艺术职业大学,5,650127
2024,2,D6,人工智能技术应用,D435,景德镇艺术职业大学,5,648656
2024,2,E2,大数据与财务管理,D435,景德镇艺术职业大学,2,575321
2024,2,E9,现代物流管理,D435,景德镇艺术职业大学,5,652516
2024,2,F1,中文(师范类),D440,南昌应用技术师范学院,1,437979
2024,2,F3,电气自动化技术,D440,南昌应用技术师范学院,1,405057
2024,2,F8,数字媒体技术,D440,南昌应用技术师范学院,2,438719
2024,2,G3,大数据与财务管理,D440,南昌应用技术师范学院,2,441728
2024,2,01,大数据与会计(注册会计师),D448,黑龙江商业职业学院,10,341827
2024,2,02,法律事务,D499,河南检察职业学院,15,262276
2024,2,01,计算机网络技术,D526,桂林山水职业学院,5,627137
2024,2,02,计算机应用技术,D526,桂林山水职业学院,5,625318
2024,2,0A,工商企业管理,D526,桂林山水职业学院,5,638324
2024,2,0G,室内艺术设计,D526,桂林山水职业学院,5,633552
2024,2,0H,旅游管理,D526,桂林山水职业学院,5,628946
2024,2,09,工程造价,D528,山西职业技术学院,1,322997
2024,2,10,计算机应用技术,D528,山西职业技术学院,1,289160
2024,2,12,大数据技术,D528,山西职业技术学院,1,282667
2024,2,19,大数据与会计,D528,山西职业技术学院,1,256019
2024,2,1Q,建筑室内设计,D528,山西职业技术学院,1,294894
2024,2,02,金融科技应用(人工智能),D530,山西金融职业学院,5,411029
2024,2,10,数字媒体技术,D530,山西金融职业学院,5,382957
2024,2,08,软件技术,D541,山西信息职业技术学院,20,633625
2024,2,09,数字媒体技术,D541,山西信息职业技术学院,20,615418
2024,2,0M,视觉传达设计(装潢艺术设计方向),D541,山西信息职业技术学院,10,611797
2024,2,04,安全技术与管理,D566,陕西铁路工程职业技术学院,3,323017
2024,2,09,地下与隧道工程技术(盾构施工),D566,陕西铁路工程职业技术学院,2,349683
2024,2,11,土木工程检测技术,D566,陕西铁路工程职业技术学院,2,358981
2024,2,14,建设工程监理,D566,陕西铁路工程职业技术学院,3,362147
2024,2,19,机电一体化技术,D566,陕西铁路工程职业技术学院,4,292319
2024,2,21,铁道工程技术,D566,陕西铁路工程职业技术学院,3,274760
2024,2,25,铁道机车运用与维护,D566,陕西铁路工程职业技术学院,2,265500
2024,2,29,铁道交通运营管理,D566,陕西铁路工程职业技术学院,3,267376
2024,2,31,道路与桥梁工程技术,D566,陕西铁路工程职业技术学院,2,323686
2024,2,37,城市轨道交通运营管理,D566,陕西铁路工程职业技术学院,1,259862
2024,2,44,高速铁路综合维修技术,D566,陕西铁路工程职业技术学院,2,280470
2024,2,45,铁道信号自动控制,D566,陕西铁路工程职业技术学院,2,277299
2024,2,23,高速铁路施工与维护(中外合作办学),D566,陕西铁路工程职业技术学院,1,348671
2024,2,31,机械设计与制造,D568,陕西航空职业技术学院,4,369345
2024,2,33,机械制造及自动化,D568,陕西航空职业技术学院,4,367660
2024,2,35,智能焊接技术,D568,陕西航空职业技术学院,4,387861
2024,2,36,增材制造技术,D568,陕西航空职业技术学院,4,404383
2024,2,37,智能制造装备技术,D568,陕西航空职业技术学院,4,385645
2024,2,38,机电一体化技术,D568,陕西航空职业技术学院,4,350956
2024,2,40,工业机器人技术,D568,陕西航空职业技术学院,4,370686
2024,2,41,电气自动化技术,D568,陕西航空职业技术学院,4,344700
2024,2,42,飞行器数字化制造技术,D568,陕西航空职业技术学院,4,380379
2024,2,45,无人机应用技术,D568,陕西航空职业技术学院,4,358018
2024,2,46,航空材料精密成型技术,D568,陕西航空职业技术学院,4,380218
2024,2,48,高速铁路客运服务,D568,陕西航空职业技术学院,4,372256
2024,2,49,应用电子技术,D568,陕西航空职业技术学院,4,381259
2024,2,53,大数据与会计,D568,陕西航空职业技术学院,4,310779
2024,2,57,复合材料智能制造技术,D568,陕西航空职业技术学院,3,391853
2024,2,58,航空发动机制造技术,D568,陕西航空职业技术学院,3,364823
2024,2,60,飞机机电设备维修,D568,陕西航空职业技术学院,4,350209
2024,2,61,飞机电子设备维修,D568,陕西航空职业技术学院,4,360662
2024,2,20,城市轨道交通运营管理,D569,西安交通工程学院,20,510286
2024,2,26,电气自动化技术,D569,西安交通工程学院,10,485578
2024,2,30,城市轨道交通通信信号技术,D569,西安交通工程学院,10,502366
2024,2,37,城市轨道交通工程技术,D569,西安交通工程学院,10,528280
2024,2,39,学前教育(师范类),D569,西安交通工程学院,10,520973
2024,2,40,大数据与会计,D569,西安交通工程学院,25,455240
2024,2,42,现代物流管理,D569,西安交通工程学院,15,525474
2024,2,01,建筑智能化工程技术,D570,陕西电子信息职业技术学院,3,554509
2024,2,02,数控技术,D570,陕西电子信息职业技术学院,3,551489
2024,2,03,机电一体化技术,D570,陕西电子信息职业技术学院,3,419186
2024,2,04,电气自动化技术,D570,陕西电子信息职业技术学院,3,427366
2024,2,05,应用电子技术,D570,陕西电子信息职业技术学院,3,533747
2024,2,06,计算机网络技术,D570,陕西电子信息职业技术学院,3,531532
2024,2,07,软件技术,D570,陕西电子信息职业技术学院,3,508728
2024,2,08,数字媒体技术,D570,陕西电子信息职业技术学院,3,498364
2024,2,09,大数据技术,D570,陕西电子信息职业技术学院,8,544550
2024,2,0A,云计算技术应用,D570,陕西电子信息职业技术学院,3,547582
2024,2,0B,信息安全技术应用,D570,陕西电子信息职业技术学院,3,532594
2024,2,0C,现代移动通信技术,D570,陕西电子信息职业技术学院,3,552683
2024,2,0D,大数据与财务管理,D570,陕西电子信息职业技术学院,7,499968
2024,2,0E,大数据与会计,D570,陕西电子信息职业技术学院,3,477217
2024,2,0F,电子商务,D570,陕西电子信息职业技术学院,3,549141
2024,2,0G,现代物流管理,D570,陕西电子信息职业技术学院,6,558973
2024,2,01,软件技术,D575,海南软件职业技术学院,2,370620
2024,2,02,人工智能技术应用,D575,海南软件职业技术学院,2,423469
2024,2,06,信息安全技术应用,D575,海南软件职业技术学院,2,395851
2024,2,07,动漫制作技术,D575,海南软件职业技术学院,2,411941
2024,2,08,广告艺术设计,D575,海南软件职业技术学院,2,464109
2024,2,10,数字媒体艺术设计,D575,海南软件职业技术学院,2,398373
2024,2,11,新能源汽车检测与维修技术,D575,海南软件职业技术学院,2,440785
2024,2,15,旅游管理,D575,海南软件职业技术学院,2,479143
2024,2,16,烹饪工艺与营养,D575,海南软件职业技术学院,2,480348
2024,2,17,电子商务,D575,海南软件职业技术学院,2,464293
2024,2,27,应用韩语,D577,海南外国语职业学院,2,354613
2024,2,37,应用俄语(商务俄语),D577,海南外国语职业学院,2,341558
2024,2,S1,旅游管理,D599,大连艺术学院,10,576578
2024,2,S2,应用韩语,D599,大连艺术学院,5,553075
2024,2,31,护理,D606,长春科技学院,12,539495
2024,2,32,口腔医学,D606,长春科技学院,20,411966
2024,2,33,医学影像技术,D606,长春科技学院,4,508002
2024,2,34,医学检验技术,D606,长春科技学院,4,505114
2024,2,35,药学,D606,长春科技学院,2,452533
2024,2,36,中药学,D606,长春科技学院,2,454862
2024,2,38,学前教育,D606,长春科技学院,2,501630
2024,2,44,大数据与会计,D606,长春科技学院,4,505013
2024,2,41,计算机应用技术,D624,泰山科技学院,83,634487
2024,2,42,大数据技术,D624,泰山科技学院,78,643021
2024,2,43,虚拟现实技术应用,D624,泰山科技学院,34,639439
2024,2,44,软件技术,D624,泰山科技学院,75,643526
2024,2,45,计算机网络技术,D624,泰山科技学院,73,642340
2024,2,46,机械制造及自动化,D624,泰山科技学院,79,638438
2024,2,47,机电一体化技术,D624,泰山科技学院,69,631214
2024,2,48,电气自动化技术,D624,泰山科技学院,65,628683
2024,2,49,智能机器人技术,D624,泰山科技学院,34,633067
2024,2,50,智能控制技术,D624,泰山科技学院,57,642361
2024,2,51,智能网联汽车技术,D624,泰山科技学院,51,639156
2024,2,52,建筑工程技术,D624,泰山科技学院,83,645079
2024,2,53,工程造价,D624,泰山科技学院,79,644940
2024,2,54,智能建造技术,D624,泰山科技学院,76,644622
2024,2,55,市政工程技术,D624,泰山科技学院,75,642457
2024,2,56,建设工程管理,D624,泰山科技学院,44,645539
2024,2,57,智能互联网络技术,D624,泰山科技学院,31,642966
2024,2,59,电子信息工程技术,D624,泰山科技学院,40,642924
2024,2,60,物联网应用技术,D624,泰山科技学院,38,643786
2024,2,62,大数据与会计,D624,泰山科技学院,60,623689
2024,2,63,大数据与审计,D624,泰山科技学院,76,639603
2024,2,64,大数据与财务管理,D624,泰山科技学院,76,641353
2024,2,65,旅游管理,D624,泰山科技学院,22,639312
2024,2,66,国际经济与贸易,D624,泰山科技学院,40,641544
2024,2,67,市场营销,D624,泰山科技学院,34,640089
2024,2,68,电子商务,D624,泰山科技学院,39,640624
2024,2,69,法律事务,D624,泰山科技学院,71,616242
2024,2,70,现代文秘,D624,泰山科技学院,34,641089
2024,2,H1,计算机应用技术,D631,大连东软信息学院,5,387367
2024,2,H3,软件技术,D631,大连东软信息学院,15,501340
2024,2,H8,大数据技术,D631,大连东软信息学院,5,483496
2024,2,28,工程造价,D664,武汉工程科技学院,2,419482
2024,2,30,电子信息工程技术,D664,武汉工程科技学院,2,402666
2024,2,31,机电一体化技术,D664,武汉工程科技学院,2,402310
2024,2,32,电气自动化技术,D664,武汉工程科技学院,2,388647
2024,2,33,计算机网络技术,D664,武汉工程科技学院,2,379209
2024,2,34,信息安全技术应用,D664,武汉工程科技学院,2,402252
2024,2,35,大数据与会计,D664,武汉工程科技学院,2,363178
2024,2,36,电子商务,D664,武汉工程科技学院,2,413997
2024,2,37,网络营销与直播电商,D664,武汉工程科技学院,2,441668
2024,2,38,商务英语,D664,武汉工程科技学院,2,432203
2024,2,H1,空中乘务,D669,四川传媒学院,30,603188
2024,2,H3,民航空中安全保卫,D669,四川传媒学院,7,592230
2024,2,14,计算机网络技术,D673,成都外国语学院,1,286680
2024,2,1G,应用英语,D673,成都外国语学院,1,298389
2024,2,1K,应用日语,D673,成都外国语学院,1,342496
2024,2,1N,应用俄语,D673,成都外国语学院,1,296481
2024,2,1P,应用法语,D673,成都外国语学院,1,323534
2024,2,K1,智能机器人技术,D682,西安工商学院,27,496704
2024,2,K2,集成电路技术,D682,西安工商学院,10,496339
2024,2,K3,中文,D682,西安工商学院,12,412840
2024,2,K4,大数据与财务管理,D682,西安工商学院,16,444305
2024,2,K5,跨境电子商务,D682,西安工商学院,12,488124
2024,2,K6,网络新闻与传播,D682,西安工商学院,16,460700
2024,2,K7,大数据与会计,D682,西安工商学院,16,423990
2024,2,K8,人力资源管理,D682,西安工商学院,10,494916
2024,2,K9,数字媒体技术,D682,西安工商学院,18,477193
2024,2,01,刑事执行,D690,河北司法警官职业学院,8,283840
2024,2,02,行政执行,D690,河北司法警官职业学院,2,275044
2024,2,04,刑事侦查技术,D690,河北司法警官职业学院,5,256765
2024,2,05,司法信息安全,D690,河北司法警官职业学院,4,291697
2024,2,06,司法警务,D690,河北司法警官职业学院,6,301677
2024,2,02,大数据与财务管理,D698,山西管理职业学院,10,423845
2024,2,04,现代物流管理,D698,山西管理职业学院,5,475900
2024,2,0M,工业设计,D698,山西管理职业学院,5,468408
2024,2,11,电气自动化技术,D700,天津工业职业学院,2,292863
2024,2,16,大数据技术,D700,天津工业职业学院,2,304518
2024,2,17,云计算技术应用,D700,天津工业职业学院,2,331223
2024,2,19,现代通信技术,D700,天津工业职业学院,2,330098
2024,2,20,智能互联网络技术,D700,天津工业职业学院,2,332449
2024,2,21,大数据与会计,D700,天津工业职业学院,2,279134
2024,2,01,应用化工技术,D701,天津石油职业技术学院,9,384734
2024,2,05,石油工程技术,D701,天津石油职业技术学院,9,386894
2024,2,06,油气储运技术,D701,天津石油职业技术学院,9,389389
2024,2,07,油气地质勘探技术,D701,天津石油职业技术学院,9,414211
2024,2,11,工程造价,D701,天津石油职业技术学院,9,419332
2024,2,14,汽车制造与试验技术,D701,天津石油职业技术学院,8,415588
2024,2,17,机械制造及自动化(智能制造方向),D701,天津石油职业技术学院,9,379203
2024,2,19,数控技术,D701,天津石油职业技术学院,9,396427
2024,2,24,电气自动化技术,D701,天津石油职业技术学院,9,367053
2024,2,02,电子商务,D702,天津城市职业学院,1,343174
2024,2,03,市场营销,D702,天津城市职业学院,1,338351
2024,2,05,金融科技应用,D702,天津城市职业学院,1,290249
2024,2,08,动漫制作技术,D702,天津城市职业学院,1,264242
2024,2,20,云计算技术应用,D702,天津城市职业学院,1,311092
2024,2,07,计算机应用技术,D703,北京科技职业学院,1,368610
2024,2,09,计算机网络技术,D703,北京科技职业学院,1,390333
2024,2,10,软件技术,D703,北京科技职业学院,2,405064
2024,2,13,护理,D703,北京科技职业学院,4,461462
2024,2,14,康复治疗技术,D703,北京科技职业学院,2,437864
2024,2,15,婴幼儿托育服务与管理,D703,北京科技职业学院,4,564394
2024,2,27,学前教育,D703,北京科技职业学院,2,430015
2024,2,09,空中乘务(民航服务),D727,新疆天山职业技术大学,2,599392
2024,2,0G,软件技术,D727,新疆天山职业技术大学,2,595287
2024,2,0J,信息安全技术应用,D727,新疆天山职业技术大学,2,609000
2024,2,0N,大数据与审计,D727,新疆天山职业技术大学,2,612529
2024,2,0R,现代物流管理,D727,新疆天山职业技术大学,2,614152
2024,2,01,金融服务与管理,D728,北京培黎职业学院,22,657641
2024,2,02,大数据与会计,D728,北京培黎职业学院,2,372591
2024,2,03,工程造价,D728,北京培黎职业学院,2,401700
2024,2,09,新闻采编与制作,D728,北京培黎职业学院,4,417473
2024,2,11,大数据技术,D728,北京培黎职业学院,3,432935
2024,2,12,计算机应用技术,D728,北京培黎职业学院,2,413196
2024,2,13,国际经济与贸易(国际商务管理),D728,北京培黎职业学院,4,514813
2024,2,16,商务英语(涉外经贸),D728,北京培黎职业学院,4,491020
2024,2,17,商务日语,D728,北京培黎职业学院,1,534837
2024,2,18,应用西班牙语,D728,北京培黎职业学院,1,516873
2024,2,21,学前教育,D728,北京培黎职业学院,3,454494
2024,2,23,中医养生保健,D728,北京培黎职业学院,3,470075
2024,2,01,旅游管理,D729,黑龙江旅游职业技术学院,2,451643
2024,2,10,中西面点工艺,D729,黑龙江旅游职业技术学院,2,423793
2024,2,11,西式烹饪工艺,D729,黑龙江旅游职业技术学院,2,433532
2024,2,27,城市轨道交通运营管理,D729,黑龙江旅游职业技术学院,2,379812
2024,2,29,计算机网络技术,D729,黑龙江旅游职业技术学院,2,373902
2024,2,04,服装设计与工艺,D730,黑龙江三江美术职业学院,2,584686
2024,2,06,动漫制作技术,D730,黑龙江三江美术职业学院,2,564607
2024,2,1L,环境监测技术,D731,黑龙江生态工程职业学院,2,421212
2024,2,1N,建筑室内设计,D731,黑龙江生态工程职业学院,4,432870
2024,2,1Q,工程造价,D731,黑龙江生态工程职业学院,4,439040
2024,2,1S,家具设计与制造,D731,黑龙江生态工程职业学院,3,473905
2024,2,1T,大数据与会计,D731,黑龙江生态工程职业学院,3,323227
2024,2,2E,无人机应用技术,D731,黑龙江生态工程职业学院,4,426088
2024,2,01,学前教育(师范类),D732,黑龙江能源职业学院,10,485517
2024,2,08,大数据与财务管理,D732,黑龙江能源职业学院,10,432725
2024,2,0C,机电一体化技术,D732,黑龙江能源职业学院,10,436131
2024,2,46,水利工程,D735,重庆水利电力职业技术学院,4,312479
2024,2,50,环境工程技术,D735,重庆水利电力职业技术学院,2,318656
2024,2,54,电力系统自动化技术,D735,重庆水利电力职业技术学院,4,293014
2024,2,01,工业机器人技术,D736,陕西邮电职业技术学院,2,331979
2024,2,02,铁道通信与信息化技术,D736,陕西邮电职业技术学院,1,344924
2024,2,04,物联网应用技术,D736,陕西邮电职业技术学院,1,312703
2024,2,05,汽车智能技术,D736,陕西邮电职业技术学院,1,358651
2024,2,07,软件技术,D736,陕西邮电职业技术学院,2,335443
2024,2,10,云计算技术应用,D736,陕西邮电职业技术学院,1,287531
2024,2,11,信息安全技术应用,D736,陕西邮电职业技术学院,1,289667
2024,2,12,人工智能技术应用,D736,陕西邮电职业技术学院,2,332084
2024,2,14,现代通信技术,D736,陕西邮电职业技术学院,1,330671
2024,2,16,通信工程设计与监理,D736,陕西邮电职业技术学院,1,339041
2024,2,17,金融服务与管理,D736,陕西邮电职业技术学院,2,329378
2024,2,18,大数据与财务管理,D736,陕西邮电职业技术学院,2,281856
2024,2,21,电子商务,D736,陕西邮电职业技术学院,1,362321
2024,2,22,网络营销与直播电商,D736,陕西邮电职业技术学院,1,363406
2024,2,23,现代物流管理,D736,陕西邮电职业技术学院,1,361498
2024,2,01,动物医学,D737,西安海棠职业学院,4,431026
2024,2,02,建筑装饰工程技术,D737,西安海棠职业学院,3,550763
2024,2,03,建筑消防技术,D737,西安海棠职业学院,3,542844
2024,2,04,工程造价,D737,西安海棠职业学院,3,545912
2024,2,07,护理,D737,西安海棠职业学院,16,496544
2024,2,08,助产,D737,西安海棠职业学院,3,551524
2024,2,09,中药学,D737,西安海棠职业学院,12,514963
2024,2,10,中医康复技术,D737,西安海棠职业学院,4,504315
2024,2,11,医学检验技术,D737,西安海棠职业学院,16,544621
2024,2,12,医学影像技术,D737,西安海棠职业学院,16,536946
2024,2,13,口腔医学技术,D737,西安海棠职业学院,10,527335
2024,2,14,医学美容技术,D737,西安海棠职业学院,6,517057
2024,2,17,大数据与会计,D737,西安海棠职业学院,3,483775
2024,2,19,人物形象设计,D737,西安海棠职业学院,3,541662
2024,2,20,司法鉴定技术,D737,西安海棠职业学院,3,453069
2024,2,A0,新能源汽车技术,D738,西安汽车职业大学,5,500935
2024,2,A1,铁道机车运用与维护,D738,西安汽车职业大学,2,378763
2024,2,A2,高速铁路客运服务,D738,西安汽车职业大学,2,430594
2024,2,A3,道路运输管理,D738,西安汽车职业大学,2,520317
2024,2,A4,汽车技术服务与营销,D738,西安汽车职业大学,2,496809
2024,2,A5,汽车检测与维修技术,D738,西安汽车职业大学,4,553782
2024,2,A6,新能源汽车检测与维修技术,D738,西安汽车职业大学,5,545921
2024,2,A7,城市轨道交通通信信号技术,D738,西安汽车职业大学,4,550204
2024,2,A8,城市轨道交通运营管理,D738,西安汽车职业大学,2,523733
2024,2,A9,移动互联应用技术,D738,西安汽车职业大学,2,504967
2024,2,B0,数字媒体技术,D738,西安汽车职业大学,2,457492
2024,2,B1,虚拟现实技术应用,D738,西安汽车职业大学,2,554402
2024,2,B2,大数据与会计,D738,西安汽车职业大学,2,471686
2024,2,B3,现代物流管理,D738,西安汽车职业大学,2,524830
2024,2,B4,数字媒体艺术设计,D738,西安汽车职业大学,2,495239
2024,2,B5,广告艺术设计,D738,西安汽车职业大学,2,528070
2024,2,B6,电子竞技运动与管理,D738,西安汽车职业大学,2,565720
2024,2,B7,人力资源管理,D738,西安汽车职业大学,2,494658
2024,2,B8,中文,D738,西安汽车职业大学,5,442182
2024,2,B9,室内艺术设计,D738,西安汽车职业大学,2,539979
2024,2,C0,导航与位置服务,D738,西安汽车职业大学,2,557331
2024,2,C1,机械制造及自动化,D738,西安汽车职业大学,2,468805
2024,2,C2,电梯工程技术,D738,西安汽车职业大学,2,539802
2024,2,C3,机电一体化技术,D738,西安汽车职业大学,2,497800
2024,2,C4,工业机器人技术,D738,西安汽车职业大学,2,510086
2024,2,C5,无人机应用技术,D738,西安汽车职业大学,2,448266
2024,2,C6,汽车制造与试验技术,D738,西安汽车职业大学,4,538943
2024,2,C7,汽车电子技术,D738,西安汽车职业大学,5,552389
2024,2,C8,智能网联汽车技术,D738,西安汽车职业大学,5,557901
2024,2,C9,汽车造型与改装技术,D738,西安汽车职业大学,2,529143
2024,2,D0,道路与桥梁工程技术,D738,西安汽车职业大学,2,480159
2024,2,D1,城市轨道交通工程技术,D738,西安汽车职业大学,2,548902
2024,2,D2,城市轨道车辆应用技术,D738,西安汽车职业大学,4,494556
2024,2,D3,汽车智能技术,D738,西安汽车职业大学,3,527832
2024,2,D4,云计算技术应用,D738,西安汽车职业大学,2,513941
2024,2,D5,跨境电子商务,D738,西安汽车职业大学,2,510836
2024,2,D6,氢能技术应用,D738,西安汽车职业大学,4,555479
2024,2,19,临床医学,D743,白城医学高等专科学校,2,252602
2024,2,22,口腔医学,D743,白城医学高等专科学校,3,239797
2024,2,D1,影视编导,D747,上海电影艺术职业学院,5,515930
2024,2,01,建筑装饰工程技术,D748,无锡城市职业技术学院,6,346086
2024,2,10,国际经济与贸易,D748,无锡城市职业技术学院,2,290627
2024,2,14,商务英语,D748,无锡城市职业技术学院,2,260503
2024,2,18,大数据与会计,D748,无锡城市职业技术学院,7,267838
2024,2,24,会计信息管理,D748,无锡城市职业技术学院,5,291586
2024,2,26,空中乘务,D748,无锡城市职业技术学院,1,312672
2024,2,29,旅游管理,D748,无锡城市职业技术学院,2,306796
2024,2,31,酒店管理与数字化运营,D748,无锡城市职业技术学院,2,312798
2024,2,53,计算机网络技术,D748,无锡城市职业技术学院,2,292463
2024,2,55,软件技术,D748,无锡城市职业技术学院,4,301561
2024,2,59,工业互联网技术,D748,无锡城市职业技术学院,4,327536
2024,2,87,影视编导,D748,无锡城市职业技术学院,6,295515
2024,2,02,工程造价,D750,金山职业技术学院,5,638153
2024,2,03,建设工程管理,D750,金山职业技术学院,5,646331
2024,2,04,数控技术,D750,金山职业技术学院,5,618119
2024,2,05,智能制造装备技术,D750,金山职业技术学院,10,638667
2024,2,06,机电一体化技术,D750,金山职业技术学院,20,584408
2024,2,07,工业机器人技术,D750,金山职业技术学院,5,635761
2024,2,08,电气自动化技术,D750,金山职业技术学院,5,542377
2024,2,09,无人机应用技术,D750,金山职业技术学院,5,586355
2024,2,10,新能源汽车技术,D750,金山职业技术学院,5,585839
2024,2,13,城市轨道交通运营管理,D750,金山职业技术学院,5,545231
2024,2,14,计算机网络技术,D750,金山职业技术学院,10,604898
2024,2,15,民航运输服务,D750,金山职业技术学院,9,647550
2024,2,16,大数据与会计,D750,金山职业技术学院,5,505881
2024,2,17,市场营销,D750,金山职业技术学院,5,617208
2024,2,18,电子商务,D750,金山职业技术学院,5,624237
2024,2,19,现代物流管理,D750,金山职业技术学院,5,619823
2024,2,20,高速铁路客运服务,D750,金山职业技术学院,5,566845
2024,2,21,婴幼儿托育服务与管理,D750,金山职业技术学院,2,593921
2024,2,22,连锁经营与管理,D750,金山职业技术学院,2,611957
2024,2,23,旅游管理,D750,金山职业技术学院,2,620468
2024,2,24,酒店管理与数字化运营,D750,金山职业技术学院,5,630777
2024,2,27,数字媒体技术,D750,金山职业技术学院,5,523151
2024,2,25,智能产品开发与应用,D751,苏州健雄职业技术学院,5,389806
2024,2,2B,现代物流管理,D751,苏州健雄职业技术学院,5,394660
2024,2,0F,电子商务,D752,盐城工业职业技术学院,4,382284
2024,2,0L,建筑室内设计,D752,盐城工业职业技术学院,4,381454
2024,2,11,工程造价,D752,盐城工业职业技术学院,4,402282
2024,2,49,大数据与会计,D753,江苏财经职业技术学院,8,277186
2024,2,53,财税大数据应用,D753,江苏财经职业技术学院,3,296879
2024,2,57,工程造价,D753,江苏财经职业技术学院,5,329193
2024,2,64,大数据与财务管理,D753,江苏财经职业技术学院,6,282719
2024,2,71,计算机应用技术,D753,江苏财经职业技术学院,3,313446
2024,2,78,食品药品监督管理,D753,江苏财经职业技术学院,5,323147
2024,2,01,应用化工技术,D754,扬州工业职业技术学院,5,361782
2024,2,13,建筑工程技术,D754,扬州工业职业技术学院,10,403596
2024,2,21,建筑消防技术,D754,扬州工业职业技术学院,5,400092
2024,2,23,建筑装饰工程技术,D754,扬州工业职业技术学院,5,394649
2024,2,29,机械制造及自动化,D754,扬州工业职业技术学院,4,357749
2024,2,31,电气自动化技术,D754,扬州工业职业技术学院,5,353211
2024,2,41,物联网应用技术,D754,扬州工业职业技术学院,5,349444
2024,2,51,大数据与会计,D754,扬州工业职业技术学院,5,297221
2024,2,53,大数据与财务管理,D754,扬州工业职业技术学院,1,303913
2024,2,61,商务数据分析与应用,D754,扬州工业职业技术学院,5,364446
2024,2,02,林业技术,D758,云南林业职业技术学院,2,354642
2024,2,08,环境监测技术,D758,云南林业职业技术学院,2,372344
2024,2,25,园艺技术,D758,云南林业职业技术学院,2,394667
2024,2,26,园林技术,D758,云南林业职业技术学院,2,395923
2024,2,33,大数据与财务管理,D758,云南林业职业技术学院,2,375559
2024,2,41,森林生态旅游与康养,D758,云南林业职业技术学院,2,421550
2024,2,04,医学影像技术,D761,云南工程职业学院,2,578278
2024,2,07,口腔医学技术,D761,云南工程职业学院,2,586422
2024,2,10,电气自动化技术,D761,云南工程职业学院,1,576874
2024,2,12,机电一体化技术,D761,云南工程职业学院,2,602053
2024,2,13,新能源汽车技术,D761,云南工程职业学院,1,606212
2024,2,39,学前教育,D761,云南工程职业学院,2,626201
2024,2,02,婴幼儿托育服务与管理,D767,厦门演艺职业学院,2,620586
2024,2,03,电子商务,D767,厦门演艺职业学院,2,605730
2024,2,16,网络直播与运营,D767,厦门演艺职业学院,2,601663
2024,2,04,智能制造装备技术,D768,厦门华天涉外职业技术学院,2,584587
2024,2,11,动漫制作技术,D768,厦门华天涉外职业技术学院,2,513041
2024,2,17,电子商务,D768,厦门华天涉外职业技术学院,2,590203
2024,2,20,药品经营与管理,D768,厦门华天涉外职业技术学院,2,580360
2024,2,23,空中乘务,D768,厦门华天涉外职业技术学院,2,638225
2024,2,34,学前教育(师范类),D768,厦门华天涉外职业技术学院,1,589817
2024,2,17,应用化工技术,D772,湄洲湾职业技术学院,10,468923
2024,2,G1,无人机应用技术(国防教育方向),D772,湄洲湾职业技术学院,20,460846
2024,2,G2,计算机应用技术(国防教育方向),D772,湄洲湾职业技术学院,20,437849
2024,2,03,计算机网络技术,D776,江西软件职业技术大学,5,584995
2024,2,07,学前教育,D776,江西软件职业技术大学,5,597473
2024,2,08,虚拟现实技术应用,D776,江西软件职业技术大学,5,596345
2024,2,16,人工智能技术应用,D776,江西软件职业技术大学,5,585507
2024,2,01,小学语文教育(师范类),D777,淄博师范高等专科学校,15,260551
2024,2,02,小学数学教育(师范类),D777,淄博师范高等专科学校,15,272632
2024,2,03,小学英语教育(师范类),D777,淄博师范高等专科学校,15,269944
2024,2,04,小学教育(师范类),D777,淄博师范高等专科学校,15,257422
2024,2,05,学前教育(师范类),D777,淄博师范高等专科学校,160,359170
2024,2,07,特殊教育(师范类),D777,淄博师范高等专科学校,60,342503
2024,2,08,早期教育,D777,淄博师范高等专科学校,90,502695
2024,2,09,婴幼儿托育服务与管理,D777,淄博师范高等专科学校,90,525872
2024,2,10,现代教育技术(师范类),D777,淄博师范高等专科学校,60,377589
2024,2,11,信息安全技术应用,D777,淄博师范高等专科学校,130,439628
2024,2,12,人工智能技术应用,D777,淄博师范高等专科学校,130,445330
2024,2,13,智慧健康养老服务与管理,D777,淄博师范高等专科学校,130,436955
2024,2,14,社区管理与服务,D777,淄博师范高等专科学校,130,493913
2024,2,15,研学旅行管理与服务,D777,淄博师范高等专科学校,130,518204
2024,2,16,动漫制作技术,D777,淄博师范高等专科学校,130,476817
2024,2,17,文物修复与保护,D777,淄博师范高等专科学校,90,419425
2024,2,18,跨境电子商务,D777,淄博师范高等专科学校,90,536219
2024,2,19,统计与大数据分析,D777,淄博师范高等专科学校,80,460414
2024,2,20,大数据技术,D777,淄博师范高等专科学校,80,447301
2024,2,06,学前教育(中外合作办学)(师范类，与韩国湖原大学合作),D777,淄博师范高等专科学校,100,654489
2024,2,01,中医学,D778,山东中医药高等专科学校,399,299282
2024,2,02,中药学,D778,山东中医药高等专科学校,170,331009
2024,2,03,护理,D778,山东中医药高等专科学校,195,318280
2024,2,04,针灸推拿,D778,山东中医药高等专科学校,100,289868
2024,2,05,中医骨伤,D778,山东中医药高等专科学校,40,268034
2024,2,06,中医养生保健,D778,山东中医药高等专科学校,20,322328
2024,2,07,健康管理,D778,山东中医药高等专科学校,20,330391
2024,2,08,药品经营与管理,D778,山东中医药高等专科学校,35,333326
2024,2,09,药物制剂技术,D778,山东中医药高等专科学校,30,313782
2024,2,10,中药制药,D778,山东中医药高等专科学校,35,312915
2024,2,11,生物制药技术,D778,山东中医药高等专科学校,35,278946
2024,2,12,药学,D778,山东中医药高等专科学校,40,316377
2024,2,13,助产,D778,山东中医药高等专科学校,25,336093
2024,2,14,康复治疗技术,D778,山东中医药高等专科学校,50,316402
2024,2,15,医学美容技术,D778,山东中医药高等专科学校,35,285112
2024,2,16,医学营养,D778,山东中医药高等专科学校,30,327875
2024,2,17,医学检验技术,D778,山东中医药高等专科学校,80,316065
2024,2,18,口腔医学,D778,山东中医药高等专科学校,105,252278
2024,2,19,医学影像技术,D778,山东中医药高等专科学校,115,303144
2024,2,20,公共卫生管理,D778,山东中医药高等专科学校,20,339050
2024,2,21,预防医学,D778,山东中医药高等专科学校,30,323164
2024,2,22,中药学(高职3+2贯通培养，衔接山东中医药大学中药学专业),D778,山东中医药高等专科学校,50,184431
2024,2,23,护理(高职3+2贯通培养，衔接山东中医药大学护理学专业),D778,山东中医药高等专科学校,50,184825
2024,2,26,中医学(省属公费医学生，面向青岛市就业),D778,山东中医药高等专科学校,2,47158
2024,2,27,中医学(省属公费医学生，面向淄博市就业),D778,山东中医药高等专科学校,1,83003
2024,2,30,中医学(省属公费医学生，面向烟台市就业),D778,山东中医药高等专科学校,3,79732
2024,2,32,中医学(省属公费医学生，面向济宁市就业),D778,山东中医药高等专科学校,2,128444
2024,2,33,中医学(省属公费医学生，面向泰安市就业),D778,山东中医药高等专科学校,2,117489
2024,2,37,中医学(省属公费医学生，面向德州市就业),D778,山东中医药高等专科学校,2,137415
2024,2,40,中医学(省属公费医学生，面向菏泽市就业),D778,山东中医药高等专科学校,1,118252
2024,2,04,护理,D780,漯河医学高等专科学校,5,285270
2024,2,18,临床医学,D780,漯河医学高等专科学校,10,289975
2024,2,19,口腔医学,D780,漯河医学高等专科学校,8,254685
2024,2,01,临床医学,D781,南阳医学高等专科学校,2,256512
2024,2,02,口腔医学,D781,南阳医学高等专科学校,3,249028
2024,2,03,护理,D781,南阳医学高等专科学校,3,263719
2024,2,05,中医学,D781,南阳医学高等专科学校,2,248084
2024,2,06,中医骨伤,D781,南阳医学高等专科学校,1,259857
2024,2,13,康复治疗技术,D781,南阳医学高等专科学校,5,267287
2024,2,01,临床医学,D782,商丘医学高等专科学校,10,299576
2024,2,02,口腔医学,D782,商丘医学高等专科学校,10,255797
2024,2,08,护理,D782,商丘医学高等专科学校,10,319051
2024,2,A4,工商企业管理,D786,郑州工业安全职业学院,60,423483
2024,2,G9,计算机应用技术,D786,郑州工业安全职业学院,60,418563
2024,2,02,计算机网络技术,D787,永城职业学院,11,285988
2024,2,0U,大数据与会计,D787,永城职业学院,10,255160
2024,2,01,财富管理,D788,河南经贸职业学院,15,496527
2024,2,05,大数据与会计,D788,河南经贸职业学院,15,316254
2024,2,08,财税大数据应用,D788,河南经贸职业学院,40,474081
2024,2,25,商务英语,D788,河南经贸职业学院,20,452282
2024,2,36,计算机应用技术,D788,河南经贸职业学院,10,328104
2024,2,10,园林技术,D790,河南农业职业学院,10,433303
2024,2,18,动物医学,D790,河南农业职业学院,10,325822
2024,2,01,旅游管理,D791,郑州旅游职业学院,6,435827
2024,2,08,酒店管理与数字化运营,D791,郑州旅游职业学院,7,497146
2024,2,32,烹饪工艺与营养,D791,郑州旅游职业学院,2,422334
2024,2,16,新闻采编与制作,D793,江汉艺术职业学院,3,359915
2024,2,19,学前教育(师范类),D793,江汉艺术职业学院,9,444197
2024,2,20,软件技术,D793,江汉艺术职业学院,5,385917
2024,2,23,人工智能技术应用,D793,江汉艺术职业学院,3,393989
2024,2,24,小学教育(师范类),D793,江汉艺术职业学院,8,367526
2024,2,25,小学教育(师范类，语文方向),D793,江汉艺术职业学院,8,351981
2024,2,26,小学英语教育(师范类),D793,江汉艺术职业学院,5,352222
2024,2,03,信息安全技术应用,D797,湖北黄冈应急管理职业技术学院,2,319647
2024,2,04,应急救援技术,D797,湖北黄冈应急管理职业技术学院,3,382673
2024,2,06,工程安全评价与监理,D797,湖北黄冈应急管理职业技术学院,2,432989
2024,2,09,安全智能监测技术,D797,湖北黄冈应急管理职业技术学院,2,451031
2024,2,0B,安全技术与管理,D797,湖北黄冈应急管理职业技术学院,2,450626
2024,2,0C,化工安全技术,D797,湖北黄冈应急管理职业技术学院,2,416857
2024,2,0R,智能物流技术,D797,湖北黄冈应急管理职业技术学院,2,425254
2024,2,5D,建筑消防技术,D797,湖北黄冈应急管理职业技术学院,2,452864
2024,2,01,计算机应用技术,D799,黄冈科技职业学院,2,417023
2024,2,07,机电一体化技术,D799,黄冈科技职业学院,2,498345
2024,2,0B,学前教育(师范类),D799,黄冈科技职业学院,65,640102
2024,2,0C,智能控制技术,D799,黄冈科技职业学院,89,630566
2024,2,0D,会计信息管理,D799,黄冈科技职业学院,45,615648
2024,2,0E,市场营销,D799,黄冈科技职业学院,40,630752
2024,2,0H,健康管理,D799,黄冈科技职业学院,2,546639
2024,2,0K,电子商务,D799,黄冈科技职业学院,5,586121
2024,2,0L,数字媒体艺术设计,D799,黄冈科技职业学院,5,558204
2024,2,0M,动漫设计,D799,黄冈科技职业学院,5,553827
2024,2,0N,大数据技术,D799,黄冈科技职业学院,2,489611
2024,2,0R,空中乘务,D799,黄冈科技职业学院,2,601534
2024,2,0V,影视编导,D799,黄冈科技职业学院,2,564888
2024,2,0X,新能源汽车技术,D799,黄冈科技职业学院,5,590447
2024,2,0Y,汽车检测与维修技术,D799,黄冈科技职业学院,5,570869
2024,2,0Z,智能网联汽车技术,D799,黄冈科技职业学院,50,650352
2024,2,01,国土资源调查与管理,D800,湖北国土资源职业学院,9,360158
2024,2,03,宝玉石鉴定与加工,D800,湖北国土资源职业学院,5,395091
2024,2,05,测绘地理信息技术,D800,湖北国土资源职业学院,6,381315
2024,2,06,摄影测量与遥感技术,D800,湖北国土资源职业学院,4,387181
2024,2,08,国土空间规划与测绘,D800,湖北国土资源职业学院,4,383076
2024,2,14,地质灾害调查与防治,D800,湖北国土资源职业学院,4,381843
2024,2,15,工程安全评价与监理,D800,湖北国土资源职业学院,3,402138
2024,2,17,工程造价,D800,湖北国土资源职业学院,5,367630
2024,2,19,工业机器人技术,D800,湖北国土资源职业学院,4,378252
2024,2,24,物联网应用技术,D800,湖北国土资源职业学院,4,348214
2024,2,32,网络营销与直播电商,D800,湖北国土资源职业学院,4,387257
2024,2,01,园艺技术,D801,湖北生态工程职业技术学院,3,389477
2024,2,0A,环境监测技术,D801,湖北生态工程职业技术学院,3,405042
2024,2,0B,环境工程技术,D801,湖北生态工程职业技术学院,3,412639
2024,2,0C,环境管理与评价,D801,湖北生态工程职业技术学院,4,416346
2024,2,0E,古建筑工程技术,D801,湖北生态工程职业技术学院,3,415939
2024,2,0F,园林工程技术,D801,湖北生态工程职业技术学院,3,399107
2024,2,0G,建筑室内设计,D801,湖北生态工程职业技术学院,3,375252
2024,2,0H,工程造价,D801,湖北生态工程职业技术学院,3,400704
2024,2,0J,机电一体化技术,D801,湖北生态工程职业技术学院,5,369653
2024,2,0K,工业机器人技术,D801,湖北生态工程职业技术学院,2,378389
2024,2,0L,药品生物技术,D801,湖北生态工程职业技术学院,3,364515
2024,2,0P,计算机应用技术,D801,湖北生态工程职业技术学院,3,329521
2024,2,0R,云计算技术应用,D801,湖北生态工程职业技术学院,4,366084
2024,2,0T,移动应用开发,D801,湖北生态工程职业技术学院,5,374471
2024,2,0U,大数据与会计,D801,湖北生态工程职业技术学院,6,300704
2024,2,0V,电子商务,D801,湖北生态工程职业技术学院,6,403256
2024,2,0W,跨境电子商务,D801,湖北生态工程职业技术学院,2,404704
2024,2,0Y,酒店管理与数字化运营,D801,湖北生态工程职业技术学院,2,409655
2024,2,16,中草药栽培与加工技术,D801,湖北生态工程职业技术学院,2,376145
2024,2,1G,物联网应用技术,D801,湖北生态工程职业技术学院,3,364954
2024,2,1N,茶叶生产与加工技术,D801,湖北生态工程职业技术学院,3,433136
2024,2,20,信息安全技术应用,D801,湖北生态工程职业技术学院,3,354852
2024,2,25,现代物流管理,D801,湖北生态工程职业技术学院,3,410903
2024,2,2P,林草生态保护与修复,D801,湖北生态工程职业技术学院,3,375426
2024,2,01,临床医学,D810,肇庆医学院,1,269828
2024,2,02,口腔医学,D810,肇庆医学院,1,196458
2024,2,04,中医学,D810,肇庆医学院,1,241019
2024,2,08,护理,D810,肇庆医学院,1,232246
2024,2,12,药学,D810,肇庆医学院,1,305016
2024,2,0D,大数据技术,D818,贵州轻工职业技术学院,5,400727
2024,2,0F,大数据与会计,D818,贵州轻工职业技术学院,5,359526
2024,2,11,法律事务,D819,陕西警察学院,5,247468
2024,2,12,法律文秘,D819,陕西警察学院,1,234882
2024,2,13,司法警务,D819,陕西警察学院,16,263162
2024,2,14,安全保卫管理,D819,陕西警察学院,1,272184
2024,2,0D,临床医学,D821,忻州职业技术学院,3,314155
2024,2,0E,针灸推拿,D821,忻州职业技术学院,3,313694
2024,2,03,护理,D822,河北女子职业技术学院,10,388245
2024,2,05,智能网联汽车技术,D824,内蒙古交通职业技术学院,10,526930
2024,2,08,铁道交通运营管理,D824,内蒙古交通职业技术学院,20,423498
2024,2,11,城市轨道交通通信信号技术,D824,内蒙古交通职业技术学院,13,449555
2024,2,17,铁道工程技术,D824,内蒙古交通职业技术学院,22,406755
2024,2,24,建筑室内设计,D824,内蒙古交通职业技术学院,25,554956
2024,2,38,空中乘务,D824,内蒙古交通职业技术学院,10,583052
2024,2,01,发电厂及电力系统,D831,广西电力职业技术学院,14,351015
2024,2,03,输配电工程技术,D831,广西电力职业技术学院,5,357779
2024,2,04,电力系统自动化技术,D831,广西电力职业技术学院,15,344796
2024,2,05,电力系统继电保护技术,D831,广西电力职业技术学院,2,319832
2024,2,07,热能动力工程技术,D831,广西电力职业技术学院,10,385641
2024,2,13,新能源装备技术,D831,广西电力职业技术学院,4,400657
2024,2,15,移动互联应用技术,D831,广西电力职业技术学院,7,472892
2024,2,28,电气自动化技术,D831,广西电力职业技术学院,4,325785
2024,2,29,机电一体化技术,D831,广西电力职业技术学院,4,365098
2024,2,30,机电设备技术,D831,广西电力职业技术学院,3,404577
2024,2,31,理化测试与质检技术,D831,广西电力职业技术学院,2,405017
2024,2,36,工程造价,D831,广西电力职业技术学院,8,496079
2024,2,37,建筑室内设计,D831,广西电力职业技术学院,4,481261
2024,2,38,建筑工程技术,D831,广西电力职业技术学院,2,502786
2024,2,39,新能源汽车技术,D831,广西电力职业技术学院,7,438641
2024,2,40,新能源汽车检测与维修技术,D831,广西电力职业技术学院,5,480569
2024,2,43,民航运输服务,D831,广西电力职业技术学院,4,465873
2024,2,38,计算机应用技术,D845,安徽财贸职业学院,20,455389
2024,2,02,国际商务,D846,安徽国际商务职业学院,5,449167
2024,2,06,市场营销,D846,安徽国际商务职业学院,5,467926
2024,2,0B,商务英语,D846,安徽国际商务职业学院,5,417819
2024,2,0G,计算机应用技术,D846,安徽国际商务职业学院,5,384600
2024,2,0Q,大数据与会计,D846,安徽国际商务职业学院,5,355420
2024,2,0S,金融科技应用,D846,安徽国际商务职业学院,5,458788
2024,2,0V,旅游管理,D846,安徽国际商务职业学院,5,470354
2024,2,0W,酒店管理与数字化运营,D846,安徽国际商务职业学院,5,481231
2024,2,14,电子商务,D846,安徽国际商务职业学院,5,449006
2024,2,15,移动商务,D846,安徽国际商务职业学院,5,472731
2024,2,0J,大数据与会计,D849,安徽审计职业学院,5,286984
2024,2,0K,大数据与审计,D849,安徽审计职业学院,5,282666
2024,2,01,新闻采编与制作,D850,安徽新闻出版职业技术学院,2,343481
2024,2,02,广播影视节目制作,D850,安徽新闻出版职业技术学院,2,409927
2024,2,08,网络新闻与传播,D850,安徽新闻出版职业技术学院,3,371619
2024,2,10,数字出版,D850,安徽新闻出版职业技术学院,2,386944
2024,2,11,融媒体技术与运营,D850,安徽新闻出版职业技术学院,2,373823
2024,2,21,信息安全技术应用,D850,安徽新闻出版职业技术学院,2,446984
2024,2,25,新能源汽车技术,D850,安徽新闻出版职业技术学院,2,415339
2024,2,26,印刷媒体技术,D850,安徽新闻出版职业技术学院,2,438755
2024,2,27,包装策划与设计,D850,安徽新闻出版职业技术学院,2,434440
2024,2,33,工程造价,D850,安徽新闻出版职业技术学院,2,443045
2024,2,34,网络营销与直播电商,D850,安徽新闻出版职业技术学院,2,455659
2024,2,01,建筑工程技术,D855,济南工程职业技术学院,111,521319
2024,2,02,道路与桥梁工程技术,D855,济南工程职业技术学院,30,403236
2024,2,03,工程测量技术,D855,济南工程职业技术学院,20,469008
2024,2,04,光伏工程技术,D855,济南工程职业技术学院,20,424510
2024,2,05,园林工程技术,D855,济南工程职业技术学院,20,454291
2024,2,06,建筑装饰工程技术,D855,济南工程职业技术学院,30,477325
2024,2,07,智能建造技术,D855,济南工程职业技术学院,45,495795
2024,2,08,市场营销,D855,济南工程职业技术学院,50,489277
2024,2,09,服装设计与工艺,D855,济南工程职业技术学院,25,458090
2024,2,10,国际经济与贸易,D855,济南工程职业技术学院,20,455831
2024,2,11,服装与服饰设计,D855,济南工程职业技术学院,25,457083
2024,2,12,服装陈列与展示设计,D855,济南工程职业技术学院,20,467632
2024,2,13,电子商务,D855,济南工程职业技术学院,30,444796
2024,2,14,现代物流管理,D855,济南工程职业技术学院,20,451280
2024,2,15,机电一体化技术,D855,济南工程职业技术学院,95,392583
2024,2,16,机械制造及自动化,D855,济南工程职业技术学院,30,394483
2024,2,17,电气自动化技术,D855,济南工程职业技术学院,30,357429
2024,2,18,电梯工程技术,D855,济南工程职业技术学院,25,427280
2024,2,19,工业互联网应用,D855,济南工程职业技术学院,25,437634
2024,2,20,汽车制造与试验技术,D855,济南工程职业技术学院,35,453549
2024,2,21,汽车技术服务与营销,D855,济南工程职业技术学院,30,481490
2024,2,22,新能源汽车技术,D855,济南工程职业技术学院,30,403123
2024,2,23,智能网联汽车技术,D855,济南工程职业技术学院,30,452862
2024,2,24,汽车检测与维修技术,D855,济南工程职业技术学院,30,444639
2024,2,25,城市轨道交通运营管理,D855,济南工程职业技术学院,64,326590
2024,2,26,城市轨道交通机电技术,D855,济南工程职业技术学院,95,384051
2024,2,27,城市轨道交通通信信号技术,D855,济南工程职业技术学院,75,355760
2024,2,28,城市轨道车辆应用技术,D855,济南工程职业技术学院,95,391753
2024,2,29,工程造价,D855,济南工程职业技术学院,155,513171
2024,2,30,建设工程监理,D855,济南工程职业技术学院,50,573703
2024,2,31,建设工程管理,D855,济南工程职业技术学院,50,627170
2024,2,32,大数据与会计,D855,济南工程职业技术学院,115,353097
2024,2,33,大数据与财务管理,D855,济南工程职业技术学院,35,363236
2024,2,34,大数据与审计,D855,济南工程职业技术学院,30,355775
2024,2,35,财税大数据应用,D855,济南工程职业技术学院,35,420220
2024,2,36,会展策划与管理,D855,济南工程职业技术学院,20,447913
2024,2,37,动漫制作技术,D855,济南工程职业技术学院,20,398911
2024,2,38,数字媒体技术,D855,济南工程职业技术学院,30,355585
2024,2,39,云计算技术应用,D855,济南工程职业技术学院,35,417743
2024,2,40,移动互联应用技术,D855,济南工程职业技术学院,25,437219
2024,2,41,大数据技术,D855,济南工程职业技术学院,25,395439
2024,2,42,人工智能技术应用,D855,济南工程职业技术学院,25,418190
2024,2,43,电子信息工程技术,D855,济南工程职业技术学院,80,427762
2024,2,71,动漫制作技术(中外合作办学),D855,济南工程职业技术学院,40,488470
2024,2,72,服装设计与工艺(中外合作办学),D855,济南工程职业技术学院,45,533465
2024,2,73,国际经济与贸易(中外合作办学),D855,济南工程职业技术学院,47,534635
2024,2,91,建筑工程技术(高职3+2贯通培养，衔接山东建筑大学智能建造专业),D855,济南工程职业技术学院,40,239453
2024,2,92,工程造价(高职3+2贯通培养，衔接山东建筑大学工程造价专业),D855,济南工程职业技术学院,40,217846
2024,2,93,城市轨道交通通信信号技术(高职3+2贯通培养，衔接临沂大学通信工程专,D855,济南工程职业技术学院,40,213642
2024,2,94,机电一体化技术(高职3+2贯通培养，衔接山东工商学院自动化专业),D855,济南工程职业技术学院,30,241017
2024,2,01,电子信息工程技术,D856,山东电子职业技术学院,65,395547
2024,2,02,集成电路技术,D856,山东电子职业技术学院,130,452841
2024,2,03,智能医疗装备技术,D856,山东电子职业技术学院,80,466941
2024,2,04,城市轨道交通运营管理,D856,山东电子职业技术学院,12,285854
2024,2,05,智能产品开发与应用,D856,山东电子职业技术学院,30,417492
2024,2,06,软件技术,D856,山东电子职业技术学院,105,369200
2024,2,07,云计算技术应用,D856,山东电子职业技术学院,50,384994
2024,2,08,移动应用开发,D856,山东电子职业技术学院,20,387136
2024,2,09,大数据技术,D856,山东电子职业技术学院,50,344314
2024,2,10,人工智能技术应用,D856,山东电子职业技术学院,50,378488
2024,2,11,建筑智能化工程技术,D856,山东电子职业技术学院,12,442982
2024,2,12,物联网应用技术,D856,山东电子职业技术学院,30,387010
2024,2,13,机电一体化技术,D856,山东电子职业技术学院,30,333711
2024,2,14,电气自动化技术,D856,山东电子职业技术学院,47,351628
2024,2,15,工业互联网应用,D856,山东电子职业技术学院,20,392110
2024,2,16,无人机应用技术,D856,山东电子职业技术学院,8,361870
2024,2,17,工业机器人技术,D856,山东电子职业技术学院,50,386383
2024,2,18,新能源汽车技术,D856,山东电子职业技术学院,17,370812
2024,2,19,电子商务,D856,山东电子职业技术学院,49,474046
2024,2,20,连锁经营与管理,D856,山东电子职业技术学院,23,508005
2024,2,21,跨境电子商务,D856,山东电子职业技术学院,30,481528
2024,2,22,现代物流管理,D856,山东电子职业技术学院,54,495373
2024,2,23,网络营销与直播电商,D856,山东电子职业技术学院,12,450467
2024,2,24,市场营销,D856,山东电子职业技术学院,30,491874
2024,2,25,大数据与会计,D856,山东电子职业技术学院,35,335268
2024,2,26,大数据与财务管理,D856,山东电子职业技术学院,12,344983
2024,2,27,金融服务与管理,D856,山东电子职业技术学院,55,470303
2024,2,28,数字媒体技术,D856,山东电子职业技术学院,75,335548
2024,2,29,动漫制作技术,D856,山东电子职业技术学院,55,375049
2024,2,30,数字媒体艺术设计,D856,山东电子职业技术学院,30,370953
2024,2,31,游戏艺术设计,D856,山东电子职业技术学院,5,367985
2024,2,32,虚拟现实技术应用,D856,山东电子职业技术学院,25,389577
2024,2,33,会展策划与管理,D856,山东电子职业技术学院,34,509630
2024,2,34,计算机网络技术,D856,山东电子职业技术学院,20,350320
2024,2,35,信息安全技术应用,D856,山东电子职业技术学院,25,371904
2024,2,36,现代通信技术,D856,山东电子职业技术学院,80,409190
2024,2,37,计算机应用技术,D856,山东电子职业技术学院,50,345417
2024,2,38,通信工程设计与监理,D856,山东电子职业技术学院,35,451487
2024,2,52,软件技术(中外合作办学),D856,山东电子职业技术学院,49,527606
2024,2,53,电子商务(中外合作办学),D856,山东电子职业技术学院,87,564830
2024,2,54,动漫制作技术(中外合作办学),D856,山东电子职业技术学院,82,557225
2024,2,39,电子信息工程技术(高职3+2贯通培养，衔接枣庄学院电子信息工程专业),D856,山东电子职业技术学院,40,243490
2024,2,40,软件技术(高职3+2贯通培养，衔接山东青年政治学院计算机科学与技术专,D856,山东电子职业技术学院,40,222293
2024,2,41,移动应用开发(高职3+2贯通培养，衔接山东女子学院软件工程专业),D856,山东电子职业技术学院,50,238392
2024,2,42,大数据技术(高职3+2贯通培养，衔接德州学院数据科学与大数据技术专业,D856,山东电子职业技术学院,40,238195
2024,2,43,电气自动化技术(高职3+2贯通培养，衔接菏泽学院自动化专业),D856,山东电子职业技术学院,40,238602
2024,2,44,电子商务(高职3+2贯通培养，衔接山东管理学院电子商务专业),D856,山东电子职业技术学院,30,245635
2024,2,45,跨境电子商务(高职3+2贯通培养，衔接菏泽学院跨境电子商务专业),D856,山东电子职业技术学院,40,248330
2024,2,46,大数据与会计(高职3+2贯通培养，衔接菏泽学院财务管理专业),D856,山东电子职业技术学院,60,208062
2024,2,47,大数据与财务管理(高职3+2贯通培养，衔接山东政法学院大数据管理与应,D856,山东电子职业技术学院,50,209286
2024,2,48,数字媒体技术(高职3+2贯通培养，衔接山东女子学院数字媒体技术专业),D856,山东电子职业技术学院,40,229617
2024,2,49,数字媒体艺术设计(高职3+2贯通培养，衔接山东工艺美术学院数字媒体技,D856,山东电子职业技术学院,30,237311
2024,2,51,信息安全技术应用(高职3+2贯通培养，衔接齐鲁师范学院网络空间安全专,D856,山东电子职业技术学院,60,234379
2024,2,37,建筑工程技术,D857,山东华宇工学院,190,636861
2024,2,38,机械制造及自动化,D857,山东华宇工学院,130,603445
2024,2,39,制冷与空调技术,D857,山东华宇工学院,150,649180
2024,2,40,机电一体化技术,D857,山东华宇工学院,223,611691
2024,2,41,汽车制造与试验技术,D857,山东华宇工学院,116,633230
2024,2,42,计算机网络技术,D857,山东华宇工学院,269,657468
2024,2,43,大数据与会计,D857,山东华宇工学院,327,654355
2024,2,44,视觉传达设计,D857,山东华宇工学院,285,649459
2024,2,A1,酒店管理与数字化运营,D858,山东旅游职业学院,100,540480
2024,2,A2,会展策划与管理,D858,山东旅游职业学院,46,506700
2024,2,A3,葡萄酒文化与营销,D858,山东旅游职业学院,25,537720
2024,2,B1,旅游管理,D858,山东旅游职业学院,90,524012
2024,2,B2,导游,D858,山东旅游职业学院,20,500740
2024,2,B3,智慧景区开发与管理,D858,山东旅游职业学院,50,540448
2024,2,B4,旅行社经营与管理,D858,山东旅游职业学院,38,543675
2024,2,B5,研学旅行管理与服务,D858,山东旅游职业学院,25,514835
2024,2,C1,现代物业管理,D858,山东旅游职业学院,35,522017
2024,2,C2,空中乘务,D858,山东旅游职业学院,160,610606
2024,2,C3,民航安全技术管理,D858,山东旅游职业学院,55,504112
2024,2,C4,民航运输服务,D858,山东旅游职业学院,40,518844
2024,2,D1,烹饪工艺与营养,D858,山东旅游职业学院,88,526466
2024,2,D2,中西面点工艺,D858,山东旅游职业学院,63,470591
2024,2,D3,西式烹饪工艺,D858,山东旅游职业学院,20,499719
2024,2,D4,餐饮智能管理,D858,山东旅游职业学院,20,529723
2024,2,E1,旅游英语,D858,山东旅游职业学院,146,545327
2024,2,E2,旅游日语,D858,山东旅游职业学院,15,454432
2024,2,E3,应用韩语,D858,山东旅游职业学院,15,513651
2024,2,F1,数字媒体技术,D858,山东旅游职业学院,32,378186
2024,2,F2,电子商务,D858,山东旅游职业学院,26,471707
2024,2,F3,智慧旅游技术应用,D858,山东旅游职业学院,25,533353
2024,2,F4,市场营销,D858,山东旅游职业学院,30,510482
2024,2,G1,公共文化服务与管理,D858,山东旅游职业学院,34,507301
2024,2,G2,文物考古技术,D858,山东旅游职业学院,40,484721
2024,2,X1,酒店管理与数字化运营,D858,山东旅游职业学院,15,540582
2024,2,X2,餐饮智能管理,D858,山东旅游职业学院,50,548839
2024,2,X3,大数据与会计,D858,山东旅游职业学院,20,385740
2024,2,H1,酒店管理与数字化运营(中外合作办学)(与韩国尚志大学合作),D858,山东旅游职业学院,50,563053
2024,2,S1,旅游管理(高职3+2贯通培养，衔接山东女子学院旅游管理专业),D858,山东旅游职业学院,40,248296
2024,2,71,电子商务,D859,山东铝业职业学院,42,539348
2024,2,72,市场营销,D859,山东铝业职业学院,29,543923
2024,2,73,大数据与财务管理,D859,山东铝业职业学院,2,383585
2024,2,74,网络营销与直播电商,D859,山东铝业职业学院,51,544698
2024,2,75,财税大数据应用,D859,山东铝业职业学院,36,486231
2024,2,76,电子竞技运动与管理,D859,山东铝业职业学院,21,539151
2024,2,77,计算机网络技术,D859,山东铝业职业学院,68,497667
2024,2,78,软件技术,D859,山东铝业职业学院,21,457002
2024,2,79,计算机应用技术,D859,山东铝业职业学院,73,493905
2024,2,80,数字媒体技术,D859,山东铝业职业学院,68,487126
2024,2,81,融媒体技术与运营,D859,山东铝业职业学院,22,513521
2024,2,82,早期教育,D859,山东铝业职业学院,122,574002
2024,2,83,婴幼儿托育服务与管理,D859,山东铝业职业学院,238,591444
2024,2,84,大数据与会计,D859,山东铝业职业学院,10,430633
2024,2,85,旅游管理,D859,山东铝业职业学院,120,554018
2024,2,86,酒店管理与数字化运营,D859,山东铝业职业学院,99,554358
2024,2,87,现代物流管理,D859,山东铝业职业学院,88,544343
2024,2,88,播音与主持,D859,山东铝业职业学院,1,354203
2024,2,89,空中乘务,D859,山东铝业职业学院,84,571043
2024,2,91,应用化工技术,D859,山东铝业职业学院,13,502417
2024,2,92,分析检验技术,D859,山东铝业职业学院,22,492253
2024,2,93,建筑工程技术,D859,山东铝业职业学院,20,519727
2024,2,94,工程造价,D859,山东铝业职业学院,26,508193
2024,2,95,机械制造及自动化,D859,山东铝业职业学院,21,477425
2024,2,96,数控技术,D859,山东铝业职业学院,13,483165
2024,2,97,机电一体化技术,D859,山东铝业职业学院,8,435509
2024,2,98,工业机器人技术,D859,山东铝业职业学院,43,506531
2024,2,99,新能源汽车技术,D859,山东铝业职业学院,43,492652
2024,2,E1,汽车制造与试验技术,D859,山东铝业职业学院,34,518496
2024,2,E2,电力系统自动化技术,D859,山东铝业职业学院,21,454812
2024,2,E3,物联网应用技术,D859,山东铝业职业学院,11,494674
2024,2,E4,电气自动化技术,D859,山东铝业职业学院,171,473571
2024,2,E5,无人机应用技术,D859,山东铝业职业学院,19,483753
2024,2,L1,电子竞技运动与管理(高职3+2贯通培养，衔接山东体育学院电子竞技运动,D859,山东铝业职业学院,30,252139
2024,2,L2,有色金属智能冶金技术(高职3+2贯通培养，衔接聊城大学金属材料工程专,D859,山东铝业职业学院,30,250513
2024,2,01,大数据与会计,D861,泰山职业技术学院,60,424249
2024,2,02,电子商务,D861,泰山职业技术学院,55,524732
2024,2,03,现代物流管理,D861,泰山职业技术学院,89,545723
2024,2,04,国际经济与贸易,D861,泰山职业技术学院,65,526901
2024,2,05,机电一体化技术,D861,泰山职业技术学院,70,447220
2024,2,06,数控技术,D861,泰山职业技术学院,10,429604
2024,2,07,工业机器人技术,D861,泰山职业技术学院,12,466195
2024,2,08,数字化设计与制造技术,D861,泰山职业技术学院,17,483475
2024,2,09,建筑工程技术,D861,泰山职业技术学院,95,573492
2024,2,10,工程造价,D861,泰山职业技术学院,65,606056
2024,2,11,服装与服饰设计,D861,泰山职业技术学院,15,496402
2024,2,12,环境艺术设计,D861,泰山职业技术学院,53,531800
2024,2,13,首饰设计与工艺,D861,泰山职业技术学院,10,522541
2024,2,14,宝玉石鉴定与加工,D861,泰山职业技术学院,17,535235
2024,2,15,视觉传达设计,D861,泰山职业技术学院,20,473112
2024,2,16,早期教育,D861,泰山职业技术学院,54,567045
2024,2,17,应用电子技术,D861,泰山职业技术学院,24,481601
2024,2,18,新能源汽车技术,D861,泰山职业技术学院,45,445897
2024,2,19,畜牧兽医,D861,泰山职业技术学院,42,415626
2024,2,20,园艺技术,D861,泰山职业技术学院,38,519648
2024,2,21,园林技术,D861,泰山职业技术学院,48,510369
2024,2,22,食品检验检测技术,D861,泰山职业技术学院,62,473094
2024,2,23,茶叶生产与加工技术,D861,泰山职业技术学院,10,523754
2024,2,24,花卉生产与花艺,D861,泰山职业技术学院,11,503478
2024,2,25,计算机应用技术,D861,泰山职业技术学院,6,406484
2024,2,26,动漫制作技术,D861,泰山职业技术学院,7,399089
2024,2,27,物联网应用技术,D861,泰山职业技术学院,23,465105
2024,2,28,云计算技术应用,D861,泰山职业技术学院,10,465970
2024,2,29,大数据技术,D861,泰山职业技术学院,5,426823
2024,2,30,酒店管理与数字化运营,D861,泰山职业技术学院,26,536430
2024,2,31,旅游管理,D861,泰山职业技术学院,30,525932
2024,2,32,研学旅行管理与服务,D861,泰山职业技术学院,27,538532
2024,2,48,健身指导与管理,D861,泰山职业技术学院,36,537748
2024,2,49,应用英语,D861,泰山职业技术学院,25,478038
2024,2,50,应用俄语,D861,泰山职业技术学院,25,514488
2024,2,52,智能制造装备技术,D861,泰山职业技术学院,25,499853
2024,2,53,光伏工程技术,D861,泰山职业技术学院,15,504770
2024,2,54,工业互联网应用,D861,泰山职业技术学院,20,506167
2024,2,55,无人机应用技术,D861,泰山职业技术学院,43,496616
2024,2,56,道路与桥梁工程技术,D861,泰山职业技术学院,20,465345
2024,2,57,建设工程管理,D861,泰山职业技术学院,40,546254
2024,2,58,供热通风与空调工程技术,D861,泰山职业技术学院,40,534928
2024,2,59,学前教育(师范类),D861,泰山职业技术学院,89,470357
2024,2,60,电气自动化技术,D861,泰山职业技术学院,77,410377
2024,2,61,汽车技术服务与营销,D861,泰山职业技术学院,10,532285
2024,2,62,汽车制造与试验技术,D861,泰山职业技术学院,20,485352
2024,2,63,现代通信技术,D861,泰山职业技术学院,30,476544
2024,2,64,安全技术与管理,D861,泰山职业技术学院,15,500757
2024,2,65,智能控制技术,D861,泰山职业技术学院,25,492533
2024,2,66,消防救援技术,D861,泰山职业技术学院,15,479448
2024,2,67,绿色低碳技术,D861,泰山职业技术学院,27,534079
2024,2,68,软件技术,D861,泰山职业技术学院,15,395255
2024,2,69,虚拟现实技术应用,D861,泰山职业技术学院,22,496926
2024,2,70,人工智能技术应用,D861,泰山职业技术学院,25,462318
2024,2,71,空中乘务,D861,泰山职业技术学院,27,531012
2024,2,72,党务工作,D861,泰山职业技术学院,40,459289
2024,2,73,烹饪工艺与营养,D861,泰山职业技术学院,63,534531
2024,2,74,国际邮轮乘务管理,D861,泰山职业技术学院,23,548972
2024,2,A1,机电一体化技术(中外合作办学)(与澳大利亚启思蒙学院合作),D861,泰山职业技术学院,13,528761
2024,2,J1,电气自动化技术(高职技师合作培养，在泰安技师学院就读),D861,泰山职业技术学院,45,511622
2024,2,B1,应用电子技术(高职3+2贯通培养，衔接泰山学院电子信息科学与技术专业,D861,泰山职业技术学院,40,241122
2024,2,B2,物联网应用技术(高职3+2贯通培养，衔接山东农业工程学院物联网工程专,D861,泰山职业技术学院,60,245327
2024,2,02,应急救援技术,D862,山西同文职业技术学院,10,587100
2024,2,18,护理,D862,山西同文职业技术学院,35,543825
2024,2,22,医学检验技术,D862,山西同文职业技术学院,5,513064
2024,2,23,医学影像技术,D862,山西同文职业技术学院,5,491296
2024,2,24,口腔医学技术,D862,山西同文职业技术学院,35,558489
2024,2,01,铁道工程技术,D863,天津铁道职业技术学院,10,274355
2024,2,02,高速铁路施工与维护,D863,天津铁道职业技术学院,10,292282
2024,2,03,高速铁路综合维修技术,D863,天津铁道职业技术学院,10,297300
2024,2,04,工程测量技术,D863,天津铁道职业技术学院,6,316789
2024,2,05,铁道养路机械应用技术,D863,天津铁道职业技术学院,12,303284
2024,2,06,铁道交通运营管理,D863,天津铁道职业技术学院,10,253827
2024,2,08,铁路物流管理,D863,天津铁道职业技术学院,10,294887
2024,2,11,铁道信号自动控制,D863,天津铁道职业技术学院,8,255267
2024,2,13,现代通信技术,D863,天津铁道职业技术学院,2,317416
2024,2,17,铁道机车运用与维护,D863,天津铁道职业技术学院,20,261395
2024,2,18,铁道车辆技术,D863,天津铁道职业技术学院,15,278605
2024,2,19,铁道供电技术,D863,天津铁道职业技术学院,5,274610
2024,2,20,动车组检修技术,D863,天津铁道职业技术学院,17,279720
2024,2,21,电气自动化技术,D863,天津铁道职业技术学院,5,288210
2024,2,22,高速铁路动车组制造与维护,D863,天津铁道职业技术学院,3,279968
2024,2,23,铁道桥梁隧道工程技术,D863,天津铁道职业技术学院,5,302285
2024,2,25,建筑工程技术,D863,天津铁道职业技术学院,2,309414
2024,2,15,数字媒体技术,D867,江西制造职业技术学院,2,325766
2024,2,32,机械制造及自动化,D867,江西制造职业技术学院,2,327360
2024,2,34,数控技术,D867,江西制造职业技术学院,2,385947
2024,2,38,新能源汽车技术,D867,江西制造职业技术学院,2,374909
2024,2,43,机电一体化技术,D867,江西制造职业技术学院,2,368386
2024,2,07,机电一体化技术,D870,上饶职业技术学院,2,414304
2024,2,08,工业机器人技术,D870,上饶职业技术学院,4,415594
2024,2,09,无人机应用技术,D870,上饶职业技术学院,2,450639
2024,2,10,电子信息工程技术,D870,上饶职业技术学院,2,422713
2024,2,11,应用电子技术,D870,上饶职业技术学院,2,446103
2024,2,15,大数据技术,D870,上饶职业技术学院,2,438954
2024,2,18,新能源汽车技术,D870,上饶职业技术学院,3,446861
2024,2,22,光伏工程技术,D870,上饶职业技术学院,2,466324
2024,2,23,数控技术,D870,上饶职业技术学院,3,425067
2024,2,28,大数据与会计,D870,上饶职业技术学院,2,359424
2024,2,30,电子商务,D870,上饶职业技术学院,3,492045
2024,2,31,网络营销与直播电商,D870,上饶职业技术学院,2,461360
2024,2,33,空中乘务,D870,上饶职业技术学院,2,468729
2024,2,35,旅游管理,D870,上饶职业技术学院,2,478203
2024,2,36,酒店管理与数字化运营,D870,上饶职业技术学院,1,490010
2024,2,37,酒店管理与数字化运营(烹饪工艺与营养方向),D870,上饶职业技术学院,1,552080
2024,2,39,应急救援技术,D870,上饶职业技术学院,2,500067
2024,2,40,电梯工程技术,D870,上饶职业技术学院,3,454883
2024,2,31,飞行器数字化制造技术,D871,江西航空职业技术学院,6,488126
2024,2,32,飞行器维修技术,D871,江西航空职业技术学院,2,402106
2024,2,33,飞机机电设备维修,D871,江西航空职业技术学院,2,398678
2024,2,34,通用航空器维修,D871,江西航空职业技术学院,2,472208
2024,2,35,导弹维修技术,D871,江西航空职业技术学院,5,300756
2024,2,36,无人机应用技术,D871,江西航空职业技术学院,2,442892
2024,2,37,无人机测绘技术,D871,江西航空职业技术学院,4,511708
2024,2,38,导航与位置服务,D871,江西航空职业技术学院,2,540360
2024,2,39,飞机电子设备维修,D871,江西航空职业技术学院,5,470209
2024,2,40,电子信息工程技术,D871,江西航空职业技术学院,3,510253
2024,2,41,电气自动化技术,D871,江西航空职业技术学院,2,453166
2024,2,42,核与辐射检测防护技术,D871,江西航空职业技术学院,2,502129
2024,2,43,环境监测技术,D871,江西航空职业技术学院,2,565483
2024,2,44,应用电子技术,D871,江西航空职业技术学院,1,513086
2024,2,45,工业互联网应用,D871,江西航空职业技术学院,3,585942
2024,2,46,计算机应用技术,D871,江西航空职业技术学院,3,551630
2024,2,47,计算机网络技术,D871,江西航空职业技术学院,1,437038
2024,2,48,信息安全技术应用,D871,江西航空职业技术学院,1,548029
2024,2,49,大数据技术,D871,江西航空职业技术学院,3,585178
2024,2,52,机电一体化技术,D871,江西航空职业技术学院,3,500810
2024,2,53,工业机器人技术,D871,江西航空职业技术学院,3,543179
2024,2,54,材料成型及控制技术(3D打印方向),D871,江西航空职业技术学院,2,561473
2024,2,55,空中乘务,D871,江西航空职业技术学院,20,616580
2024,2,56,民航运输服务,D871,江西航空职业技术学院,3,571340
2024,2,57,通用航空航务技术,D871,江西航空职业技术学院,2,542226
2024,2,58,民航安全技术管理,D871,江西航空职业技术学院,2,485381
2024,2,59,航空物流管理,D871,江西航空职业技术学院,2,592474
2024,2,60,酒店管理与数字化运营,D871,江西航空职业技术学院,2,599320
2024,2,05,应急救援技术,D873,赣西科技职业学院,6,633659
2024,2,15,工业互联网应用,D873,赣西科技职业学院,6,623460
2024,2,17,新能源汽车技术,D873,赣西科技职业学院,6,596839
2024,2,19,高速铁路客运服务,D873,赣西科技职业学院,3,575607
2024,2,22,计算机应用技术,D873,赣西科技职业学院,6,623796
2024,2,24,护理,D873,赣西科技职业学院,6,564537
2024,2,27,金融服务与管理,D873,赣西科技职业学院,4,606762
2024,2,28,大数据与会计,D873,赣西科技职业学院,4,570547
2024,2,31,学前教育(师范类),D873,赣西科技职业学院,4,617395
2024,2,33,法律事务,D873,赣西科技职业学院,15,527372
2024,2,0A,建筑装饰工程技术,D874,山东外事职业大学,120,660567
2024,2,0B,建筑室内设计,D874,山东外事职业大学,120,627029
2024,2,0C,工程造价,D874,山东外事职业大学,150,665799
2024,2,0D,智能机电技术,D874,山东外事职业大学,300,659076
2024,2,0E,空中乘务,D874,山东外事职业大学,10,658990
2024,2,0F,电子信息工程技术,D874,山东外事职业大学,150,665534
2024,2,0G,物联网应用技术,D874,山东外事职业大学,130,665985
2024,2,0H,计算机应用技术,D874,山东外事职业大学,70,594843
2024,2,0J,软件技术,D874,山东外事职业大学,160,665614
2024,2,0K,数字媒体技术,D874,山东外事职业大学,90,620315
2024,2,0L,云计算技术应用,D874,山东外事职业大学,188,665971
2024,2,0M,动漫制作技术,D874,山东外事职业大学,80,631497
2024,2,0N,护理,D874,山东外事职业大学,196,589669
2024,2,0P,婴幼儿托育服务与管理,D874,山东外事职业大学,232,665677
2024,2,0Q,国际金融,D874,山东外事职业大学,50,665400
2024,2,0R,大数据与会计,D874,山东外事职业大学,100,567500
2024,2,0S,国际经济与贸易,D874,山东外事职业大学,70,659207
2024,2,0T,工商企业管理,D874,山东外事职业大学,70,664596
2024,2,0U,市场营销,D874,山东外事职业大学,100,665326
2024,2,0V,电子商务,D874,山东外事职业大学,121,654029
2024,2,0W,现代物流管理,D874,山东外事职业大学,100,665892
2024,2,0X,旅游管理,D874,山东外事职业大学,20,600312
2024,2,0Y,视觉传达设计,D874,山东外事职业大学,80,661700
2024,2,0Z,书画艺术,D874,山东外事职业大学,40,655315
2024,2,1A,商务英语,D874,山东外事职业大学,40,632179
2024,2,1B,商务英语,D874,山东外事职业大学,80,653417
2024,2,1C,应用韩语,D874,山东外事职业大学,20,655379
2024,2,1D,商务日语,D874,山东外事职业大学,20,587737
2024,2,1E,应用俄语,D874,山东外事职业大学,15,656669
2024,2,1F,应用法语,D874,山东外事职业大学,15,650401
2024,2,1G,应用德语,D874,山东外事职业大学,15,650849
2024,2,1H,体育艺术表演,D874,山东外事职业大学,30,648515
2024,2,1J,法律事务,D874,山东外事职业大学,50,486691
2024,2,23,数字媒体技术,D875,海南经贸职业技术学院,1,299664
2024,2,24,人工智能技术应用,D875,海南经贸职业技术学院,1,327571
2024,2,28,新能源汽车技术,D875,海南经贸职业技术学院,1,301530
2024,2,45,商务英语,D875,海南经贸职业技术学院,1,328127
2024,2,46,旅游英语,D875,海南经贸职业技术学院,1,334268
2024,2,47,应用韩语,D875,海南经贸职业技术学院,2,338460
2024,2,24,酒店管理与数字化运营,D876,海南工商职业学院,2,575444
2024,2,39,移动应用开发,D876,海南工商职业学院,3,576337
2024,2,40,现代通信技术,D894,西安明德理工学院,2,449379
2024,2,43,机械制造及自动化,D894,西安明德理工学院,2,347181
2024,2,44,工业机器人技术,D894,西安明德理工学院,2,446771
2024,2,47,电气自动化技术(电气设备应用与维护),D894,西安明德理工学院,3,452655
2024,2,52,财富管理,D894,西安明德理工学院,2,421715
2024,2,57,健康管理,D894,西安明德理工学院,2,461880
2024,2,59,网络营销与直播电商,D894,西安明德理工学院,2,416370
2024,2,29,机电一体化技术,D895,燕京理工学院,3,499241
2024,2,2D,金融服务与管理,D895,燕京理工学院,3,490206
2024,2,2F,大数据与财务管理,D895,燕京理工学院,5,516951
2024,2,2P,摄影摄像技术,D895,燕京理工学院,3,593471
2024,2,2R,环境工程技术,D895,燕京理工学院,3,524049
2024,2,2S,工程造价,D895,燕京理工学院,5,604963
2024,2,2T,建设工程管理,D895,燕京理工学院,4,519730
2024,2,2W,药品生产技术,D895,燕京理工学院,4,529798
2024,2,2Y,计算机应用技术,D895,燕京理工学院,5,438328
2024,2,2Z,护理,D895,燕京理工学院,5,488523
2024,2,30,医学检验技术,D895,燕京理工学院,5,524462
2024,2,32,大数据与会计,D895,燕京理工学院,5,416287
2024,2,G1,大数据与审计,D903,成都锦城学院,2,310739
2024,2,G2,大数据与会计,D903,成都锦城学院,2,321180
2024,2,G3,文化创意与策划,D903,成都锦城学院,2,311180
2024,2,G4,建筑工程技术,D903,成都锦城学院,2,444261
2024,2,G5,给排水工程技术,D903,成都锦城学院,2,408854
2024,2,G6,商务英语,D903,成都锦城学院,2,376637
2024,2,G7,机械设计与制造,D903,成都锦城学院,2,382999
2024,2,G8,移动互联应用技术,D903,成都锦城学院,2,370720
2024,2,G9,数字媒体技术,D903,成都锦城学院,2,289640
2024,2,H2,金融科技应用,D903,成都锦城学院,2,363804
2024,2,0W,护理,D909,云南工商学院,45,645878
2024,2,17,学前教育,D909,云南工商学院,50,650188
2024,2,1C,大数据与会计,D909,云南工商学院,20,642191
2024,2,1E,电子商务,D909,云南工商学院,10,644356
2024,2,1M,空中乘务,D909,云南工商学院,25,648886
2024,2,1S,机电一体化技术,D909,云南工商学院,25,645172
2024,2,03,城市轨道交通通信信号技术,D910,北京交通职业技术学院,3,257185
2024,2,04,城市轨道交通机电技术,D910,北京交通职业技术学院,3,266928
2024,2,09,计算机应用技术,D910,北京交通职业技术学院,4,286133
2024,2,11,工程造价,D910,北京交通职业技术学院,4,303359
2024,2,12,建设工程管理(BIM),D910,北京交通职业技术学院,3,319535
2024,2,15,智能建造技术,D910,北京交通职业技术学院,2,288839
2024,2,17,环境艺术设计,D910,北京交通职业技术学院,3,321892
2024,2,08,新能源汽车技术,D916,长春信息技术职业学院,5,602416
2024,2,09,高速铁路客运服务,D916,长春信息技术职业学院,10,584403
2024,2,0B,汽车检测与维修技术,D916,长春信息技术职业学院,10,589706
2024,2,0G,计算机应用技术,D916,长春信息技术职业学院,12,573080
2024,2,0K,数字媒体技术,D916,长春信息技术职业学院,8,591568
2024,2,0R,现代移动通信技术,D916,长春信息技术职业学院,3,608895
2024,2,0T,护理,D916,长春信息技术职业学院,10,557664
2024,2,0U,大数据与会计,D916,长春信息技术职业学院,10,578403
2024,2,0W,网络营销与直播电商,D916,长春信息技术职业学院,2,608412
2024,2,10,学前教育(师范类),D916,长春信息技术职业学院,10,592170
2024,2,09,智能焊接技术,D917,松原职业技术学院,5,476690
2024,2,0R,护理,D917,松原职业技术学院,5,421497
2024,2,02,护理,D918,七台河职业学院,15,441332
2024,2,03,医学检验技术,D918,七台河职业学院,5,379564
2024,2,02,新能源汽车技术,D923,湖南理工职业技术学院,4,396262
2024,2,0A,无人机应用技术,D923,湖南理工职业技术学院,4,396125
2024,2,0D,道路与桥梁工程技术,D926,新疆交通职业技术学院,5,477732
2024,2,0K,汽车检测与维修技术,D926,新疆交通职业技术学院,5,497651
2024,2,0Q,计算机网络技术,D926,新疆交通职业技术学院,5,486477
2024,2,0W,现代物流管理,D926,新疆交通职业技术学院,5,547475
2024,2,01,电力系统自动化技术,D928,广州华立科技职业学院,3,476469
2024,2,23,电子商务,D928,广州华立科技职业学院,3,565499
2024,2,27,计算机应用技术,D928,广州华立科技职业学院,3,520552
2024,2,55,中医学,D928,广州华立科技职业学院,3,399565
2024,2,61,学前教育,D928,广州华立科技职业学院,3,580452
2024,2,65,动物医学,D928,广州华立科技职业学院,2,522806
2024,2,67,畜牧兽医,D928,广州华立科技职业学院,3,560154
2024,2,01,飞机机电设备维修,D931,三亚航空旅游职业学院,24,639030
2024,2,02,飞机电子设备维修,D931,三亚航空旅游职业学院,6,647419
2024,2,03,航空发动机维修技术,D931,三亚航空旅游职业学院,4,568149
2024,2,04,无人机应用技术,D931,三亚航空旅游职业学院,4,631573
2024,2,05,新能源汽车技术,D931,三亚航空旅游职业学院,4,618476
2024,2,07,民航安全技术管理,D931,三亚航空旅游职业学院,8,642928
2024,2,08,民航运输服务,D931,三亚航空旅游职业学院,8,649554
2024,2,09,航空物流管理,D931,三亚航空旅游职业学院,4,658421
2024,2,0A,机场运行服务与管理,D931,三亚航空旅游职业学院,6,568915
2024,2,0C,工程造价,D931,三亚航空旅游职业学院,4,648897
2024,2,0F,空中乘务,D931,三亚航空旅游职业学院,10,649644
2024,2,0G,民航空中安全保卫,D931,三亚航空旅游职业学院,5,661051
2024,2,0H,高速铁路客运服务,D931,三亚航空旅游职业学院,11,647481
2024,2,0T,航海技术,D931,三亚航空旅游职业学院,8,634631
2024,2,0U,轮机工程技术,D931,三亚航空旅游职业学院,4,636525
2024,2,0V,港口与航运管理,D931,三亚航空旅游职业学院,4,636880
2024,2,0W,国际邮轮乘务管理,D931,三亚航空旅游职业学院,3,648667
2024,2,0X,酒店管理与数字化运营,D931,三亚航空旅游职业学院,4,651349
2024,2,0Y,烹饪工艺与营养,D931,三亚航空旅游职业学院,2,617425
2024,2,0Z,市场营销(奢侈品运营与管理),D931,三亚航空旅游职业学院,6,638350
2024,2,11,大数据与财务管理,D931,三亚航空旅游职业学院,6,627095
2024,2,12,大数据与会计,D931,三亚航空旅游职业学院,6,635244
2024,2,13,跨境电子商务,D931,三亚航空旅游职业学院,6,627295
2024,2,14,应用俄语(国际航空旅游服务),D931,三亚航空旅游职业学院,4,643383
2024,2,15,网络营销与直播电商,D931,三亚航空旅游职业学院,4,635417
2024,2,16,茶艺与茶文化,D931,三亚航空旅游职业学院,4,638512
2024,2,0E,学前教育(师范类),D935,黑龙江民族职业学院,20,551226
2024,2,0P,大数据与财务管理,D936,河南工业贸易职业学院,10,355226
2024,2,BU,汽车检测与维修技术,D937,湖南汽车工程职业大学,5,397864
2024,2,CS,大数据与会计,D937,湖南汽车工程职业大学,5,418089
2024,2,DB,软件技术,D937,湖南汽车工程职业大学,5,417242
2024,2,DK,时尚表演与传播,D937,湖南汽车工程职业大学,5,504507
2024,2,01,发电厂及电力系统,D938,长沙电力职业技术学院,1,263002
2024,2,02,分布式发电与智能微电网技术,D938,长沙电力职业技术学院,2,272886
2024,2,05,输配电工程技术,D938,长沙电力职业技术学院,1,280793
2024,2,09,热能动力工程技术,D938,长沙电力职业技术学院,3,291461
2024,2,0A,发电运行技术,D938,长沙电力职业技术学院,3,279875
2024,2,05,供用电技术,D939,湖南水利水电职业技术学院,5,361843
2024,2,06,光伏工程技术,D939,湖南水利水电职业技术学院,5,385129
2024,2,13,水利工程,D939,湖南水利水电职业技术学院,5,357079
2024,2,01,现代物流管理(企业物流方向),D940,湖南现代物流职业技术学院,4,414594
2024,2,06,邮政快递运营管理,D940,湖南现代物流职业技术学院,2,425183
2024,2,08,物流工程技术,D940,湖南现代物流职业技术学院,2,431433
2024,2,28,智能物流技术,D940,湖南现代物流职业技术学院,2,409594
2024,2,01,铁道工程技术,D941,湖南高速铁路职业技术学院,6,301358
2024,2,07,铁道交通运营管理,D941,湖南高速铁路职业技术学院,6,272690
2024,2,0J,铁道信号自动控制,D941,湖南高速铁路职业技术学院,2,276823
2024,2,0M,铁道机车运用与维护,D941,湖南高速铁路职业技术学院,3,285648
2024,2,0N,铁道车辆技术,D941,湖南高速铁路职业技术学院,4,285179
2024,2,0P,铁道供电技术,D941,湖南高速铁路职业技术学院,4,298410
2024,2,01,铁道机车运用与维护,D942,湖南铁路科技职业技术学院,8,301801
2024,2,06,铁道车辆技术,D942,湖南铁路科技职业技术学院,8,313981
2024,2,10,铁道交通运营管理,D942,湖南铁路科技职业技术学院,8,287718
2024,2,22,铁道供电技术,D942,湖南铁路科技职业技术学院,6,311337
2024,2,01,铁道运输类,D943,广州铁路职业技术学院,5,301161
2024,2,05,电气自动化技术,D943,广州铁路职业技术学院,3,317120
2024,2,07,铁道工程技术,D943,广州铁路职业技术学院,3,313173
2024,2,08,道路与桥梁工程技术,D943,广州铁路职业技术学院,3,337779
2024,2,09,高速铁路综合维修技术,D943,广州铁路职业技术学院,3,302327
2024,2,11,集装箱运输管理,D943,广州铁路职业技术学院,4,330719
2024,2,18,计算机类,D943,广州铁路职业技术学院,4,316905
2024,2,12,铁道工程技术,D945,西安铁路职业技术学院,5,279150
2024,2,40,铁道机车运用与维护,D945,西安铁路职业技术学院,15,280317
2024,2,41,铁道供电技术,D945,西安铁路职业技术学院,5,277615
2024,2,08,电子信息工程技术,D947,西安职业技术学院,10,318549
2024,2,39,工程造价,D947,西安职业技术学院,10,352239
2024,2,08,高速铁路客运服务,D948,商洛职业技术学院,3,376070
2024,2,0A,民航运输服务,D948,商洛职业技术学院,3,405443
2024,2,0B,通用航空器维修,D948,商洛职业技术学院,2,369328
2024,2,0C,大数据技术,D948,商洛职业技术学院,3,381681
2024,2,0D,云计算技术应用,D948,商洛职业技术学院,3,395909
2024,2,0E,临床医学,D948,商洛职业技术学院,8,320460
2024,2,0F,中医学,D948,商洛职业技术学院,3,311067
2024,2,0G,医学检验技术,D948,商洛职业技术学院,2,312130
2024,2,0H,医学影像技术,D948,商洛职业技术学院,2,329424
2024,2,0K,护理,D948,商洛职业技术学院,3,325023
2024,2,0L,助产,D948,商洛职业技术学院,2,394824
2024,2,0M,药学,D948,商洛职业技术学院,3,360917
2024,2,0Q,老年保健与管理,D948,商洛职业技术学院,3,414288
2024,2,0R,智慧健康养老服务与管理,D948,商洛职业技术学院,10,416017
2024,2,2D,畜牧兽医,D949,汉中职业技术学院,2,300638
2024,2,2E,动物医学,D949,汉中职业技术学院,2,268562
2024,2,2G,工程测量技术,D949,汉中职业技术学院,2,407240
2024,2,2H,建筑室内设计,D949,汉中职业技术学院,2,385407
2024,2,2K,建筑工程技术,D949,汉中职业技术学院,2,414419
2024,2,2M,新能源汽车技术,D949,汉中职业技术学院,2,357545
2024,2,2N,机械制造及自动化,D949,汉中职业技术学院,2,355980
2024,2,2R,计算机网络技术,D949,汉中职业技术学院,2,349713
2024,2,2S,电气自动化技术,D949,汉中职业技术学院,2,333023
2024,2,2U,护理,D949,汉中职业技术学院,2,314891
2024,2,2V,护理(口腔护理),D949,汉中职业技术学院,2,347361
2024,2,2Z,临床医学,D949,汉中职业技术学院,5,309206
2024,2,3A,口腔医学,D949,汉中职业技术学院,3,256866
2024,2,3B,中药学,D949,汉中职业技术学院,2,324818
2024,2,3E,药学,D949,汉中职业技术学院,3,348783
2024,2,3F,康复治疗技术,D949,汉中职业技术学院,2,332012
2024,2,3H,医学检验技术,D949,汉中职业技术学院,3,342430
2024,2,3J,医学影像技术,D949,汉中职业技术学院,2,330943
2024,2,3N,大数据与会计,D949,汉中职业技术学院,2,284298
2024,2,3P,电子商务,D949,汉中职业技术学院,2,332454
2024,2,3S,学前教育(师范类),D949,汉中职业技术学院,2,367963
2024,2,3T,小学教育(师范类),D949,汉中职业技术学院,2,278065
2024,2,16,汽车制造与试验技术,D951,渭南职业技术学院,2,367208
2024,2,25,临床医学,D951,渭南职业技术学院,3,294005
2024,2,26,护理,D951,渭南职业技术学院,2,271870
2024,2,28,中医学,D951,渭南职业技术学院,3,262769
2024,2,29,针灸推拿,D951,渭南职业技术学院,2,286372
2024,2,43,小学教育,D951,渭南职业技术学院,3,277190
2024,2,01,工程测量技术,D952,安康职业技术学院,2,422395
2024,2,09,汽车检测与维修技术,D952,安康职业技术学院,2,398580
2024,2,0F,临床医学,D952,安康职业技术学院,2,316304
2024,2,0J,药学,D952,安康职业技术学院,2,381108
2024,2,0K,中药学,D952,安康职业技术学院,2,338168
2024,2,0L,中医康复技术,D952,安康职业技术学院,2,385669
2024,2,0M,医学检验技术,D952,安康职业技术学院,4,367056
2024,2,0N,医学影像技术,D952,安康职业技术学院,4,377127
2024,2,0S,婴幼儿托育服务与管理,D952,安康职业技术学院,5,539147
2024,2,0U,大数据与会计,D952,安康职业技术学院,1,311356
2024,2,10,学前教育(师范类),D952,安康职业技术学院,4,437141
2024,2,11,小学教育(师范类),D952,安康职业技术学院,10,391591
2024,2,C4,畜牧兽医,D955,甘肃畜牧工程职业技术学院,2,425314
2024,2,C7,动物医学,D955,甘肃畜牧工程职业技术学院,2,336555
2024,2,D1,宠物医疗技术,D955,甘肃畜牧工程职业技术学院,2,362433
2024,2,E1,食品智能加工技术,D955,甘肃畜牧工程职业技术学院,2,520098
2024,2,E3,智能焊接技术,D955,甘肃畜牧工程职业技术学院,2,485095
2024,2,E4,机械制造及自动化,D955,甘肃畜牧工程职业技术学院,2,535089
2024,2,F1,汽车检测与维修技术,D955,甘肃畜牧工程职业技术学院,2,534022
2024,2,F5,智能网联汽车技术,D955,甘肃畜牧工程职业技术学院,2,535984
2024,2,F7,电气自动化技术,D955,甘肃畜牧工程职业技术学院,4,505451
2024,2,G1,电子商务,D955,甘肃畜牧工程职业技术学院,4,568585
2024,2,G4,大数据与会计,D955,甘肃畜牧工程职业技术学院,6,504635
2024,2,N2,化工安全技术,D956,新疆石河子职业技术学院,5,580898
2024,2,N4,硅材料制备技术,D956,新疆石河子职业技术学院,5,566493
2024,2,N5,建筑工程技术,D956,新疆石河子职业技术学院,7,549052
2024,2,N6,工程造价,D956,新疆石河子职业技术学院,10,542105
2024,2,N8,水利工程,D956,新疆石河子职业技术学院,5,497975
2024,2,N9,机电排灌工程技术,D956,新疆石河子职业技术学院,7,585766
2024,2,NB,智能焊接技术,D956,新疆石河子职业技术学院,8,546413
2024,2,NC,机电一体化技术,D956,新疆石河子职业技术学院,5,490850
2024,2,ND,智能控制技术,D956,新疆石河子职业技术学院,5,541223
2024,2,NG,无人机应用技术,D956,新疆石河子职业技术学院,5,534448
2024,2,NJ,应用化工技术,D956,新疆石河子职业技术学院,7,535899
2024,2,NL,食品智能加工技术,D956,新疆石河子职业技术学院,7,563108
2024,2,NM,食品质量与安全,D956,新疆石河子职业技术学院,7,547375
2024,2,NN,食品检验检测技术,D956,新疆石河子职业技术学院,7,551123
2024,2,NP,道路与桥梁工程技术,D956,新疆石河子职业技术学院,7,554460
2024,2,NQ,汽车检测与维修技术,D956,新疆石河子职业技术学院,7,549692
2024,2,NR,民航安全技术管理,D956,新疆石河子职业技术学院,7,552267
2024,2,NS,通用航空器维修,D956,新疆石河子职业技术学院,7,554435
2024,2,NT,物联网应用技术,D956,新疆石河子职业技术学院,7,538146
2024,2,NV,计算机网络技术,D956,新疆石河子职业技术学院,7,513631
2024,2,NW,数字媒体技术,D956,新疆石河子职业技术学院,7,496302
2024,2,NX,大数据技术,D956,新疆石河子职业技术学院,3,542777
2024,2,NY,工业互联网技术,D956,新疆石河子职业技术学院,5,572834
2024,2,NZ,现代移动通信技术,D956,新疆石河子职业技术学院,7,567577
2024,2,P1,护理,D956,新疆石河子职业技术学院,7,446948
2024,2,P3,市场营销,D956,新疆石河子职业技术学院,4,554894
2024,2,P4,电子商务,D956,新疆石河子职业技术学院,7,574089
2024,2,P5,现代物流管理,D956,新疆石河子职业技术学院,8,552587
2024,2,P7,旅游管理,D956,新疆石河子职业技术学院,10,560577
2024,2,32,建筑室内设计,D957,辽宁传媒学院,10,495474
2024,2,33,动漫制作技术,D957,辽宁传媒学院,10,462106
2024,2,02,应急救援技术,D961,大连枫叶职业技术学院,3,587652
2024,2,03,消防救援技术,D961,大连枫叶职业技术学院,3,581216
2024,2,05,新能源装备技术,D961,大连枫叶职业技术学院,2,536345
2024,2,06,智能机器人技术,D961,大连枫叶职业技术学院,3,524551
2024,2,09,船舶工程技术,D961,大连枫叶职业技术学院,2,504495
2024,2,11,高速铁路客运服务,D961,大连枫叶职业技术学院,2,522547
2024,2,14,空中乘务,D961,大连枫叶职业技术学院,2,582134
2024,2,15,物联网应用技术,D961,大连枫叶职业技术学院,5,579797
2024,2,17,数字媒体技术,D961,大连枫叶职业技术学院,6,513823
2024,2,21,人工智能技术应用,D961,大连枫叶职业技术学院,3,559457
2024,2,27,护理,D961,大连枫叶职业技术学院,3,483023
2024,2,29,中医康复技术,D961,大连枫叶职业技术学院,3,475275
2024,2,30,医学美容技术,D961,大连枫叶职业技术学院,2,500488
2024,2,34,大数据与会计,D961,大连枫叶职业技术学院,2,408069
2024,2,38,电子商务,D961,大连枫叶职业技术学院,5,554261
2024,2,43,环境艺术设计,D961,大连枫叶职业技术学院,2,510492
2024,2,48,休闲体育,D961,大连枫叶职业技术学院,2,581120
2024,2,01,建筑设计(中外合作办学),D962,苏州百年职业学院,6,591707
2024,2,02,风景园林设计(中外合作办学),D962,苏州百年职业学院,8,599246
2024,2,03,建筑室内设计(中外合作办学),D962,苏州百年职业学院,8,633541
2024,2,05,智能控制技术(中外合作办学),D962,苏州百年职业学院,8,598992
2024,2,06,软件技术(中外合作办学),D962,苏州百年职业学院,8,522826
2024,2,07,大数据技术(中外合作办学),D962,苏州百年职业学院,8,567557
2024,2,08,云计算技术应用(中外合作办学),D962,苏州百年职业学院,6,613482
2024,2,09,信息安全技术应用(中外合作办学),D962,苏州百年职业学院,6,629649
2024,2,10,人工智能技术应用(中外合作办学),D962,苏州百年职业学院,6,597855
2024,2,11,工业互联网技术(中外合作办学),D962,苏州百年职业学院,6,611693
2024,2,12,动漫制作技术(中外合作办学),D962,苏州百年职业学院,6,558865
2024,2,13,国际金融(中外合作办学),D962,苏州百年职业学院,6,622580
2024,2,14,大数据与会计(中外合作办学),D962,苏州百年职业学院,6,509859
2024,2,15,国际经济与贸易(中外合作办学),D962,苏州百年职业学院,8,603828
2024,2,16,工商企业管理(中外合作办学),D962,苏州百年职业学院,6,629082
2024,2,17,市场营销(中外合作办学),D962,苏州百年职业学院,8,621026
2024,2,18,电子商务(中外合作办学),D962,苏州百年职业学院,6,587926
2024,2,19,酒店管理与数字化运营(中外合作办学),D962,苏州百年职业学院,6,623205
2024,2,22,商务英语(中外合作办学),D962,苏州百年职业学院,8,553971
2024,2,02,新能源汽车技术,D963,昆山登云科技职业学院,10,619172
2024,2,05,计算机应用技术,D963,昆山登云科技职业学院,10,611292
2024,2,0K,建筑室内设计,D963,昆山登云科技职业学院,10,614912
2024,2,0M,大数据与财务管理,D963,昆山登云科技职业学院,10,607110
2024,2,0V,婴幼儿托育服务与管理,D963,昆山登云科技职业学院,10,641372
2024,2,01,建筑设计,D964,南京视觉艺术职业学院,5,511207
2024,2,02,建筑室内设计,D964,南京视觉艺术职业学院,5,455948
2024,2,20,影视编导,D964,南京视觉艺术职业学院,5,496450
2024,2,01,药品生产技术,D966,山东药品食品职业学院,27,424258
2024,2,02,药物制剂技术,D966,山东药品食品职业学院,68,425873
2024,2,03,生物制药技术,D966,山东药品食品职业学院,61,400927
2024,2,04,化学制药技术,D966,山东药品食品职业学院,43,442260
2024,2,05,化妆品经营与管理,D966,山东药品食品职业学院,38,470398
2024,2,06,化妆品技术,D966,山东药品食品职业学院,15,437453
2024,2,07,生物产品检验检疫,D966,山东药品食品职业学院,11,436344
2024,2,08,药品质量与安全,D966,山东药品食品职业学院,120,445874
2024,2,09,食品药品监督管理,D966,山东药品食品职业学院,68,448152
2024,2,10,医学检验技术,D966,山东药品食品职业学院,70,376539
2024,2,11,质量管理与认证,D966,山东药品食品职业学院,94,489803
2024,2,12,食品检验检测技术,D966,山东药品食品职业学院,113,442923
2024,2,13,食品质量与安全,D966,山东药品食品职业学院,76,422768
2024,2,14,食品生物技术,D966,山东药品食品职业学院,15,433077
2024,2,15,医学营养,D966,山东药品食品职业学院,40,429468
2024,2,16,药品经营与管理,D966,山东药品食品职业学院,165,469327
2024,2,17,药学,D966,山东药品食品职业学院,214,405631
2024,2,18,中药学,D966,山东药品食品职业学院,157,391623
2024,2,19,中药制药,D966,山东药品食品职业学院,29,403120
2024,2,20,中医养生保健,D966,山东药品食品职业学院,25,407063
2024,2,21,中医康复技术,D966,山东药品食品职业学院,47,409016
2024,2,22,医疗器械维护与管理,D966,山东药品食品职业学院,75,474406
2024,2,23,智能医疗装备技术,D966,山东药品食品职业学院,71,461861
2024,2,24,制药设备应用技术,D966,山东药品食品职业学院,38,466936
2024,2,25,医疗器械经营与服务,D966,山东药品食品职业学院,30,480307
2024,2,26,医用电子仪器技术,D966,山东药品食品职业学院,35,468463
2024,2,27,机电一体化技术,D966,山东药品食品职业学院,20,408988
2024,2,28,护理,D966,山东药品食品职业学院,130,366699
2024,2,29,健康管理,D966,山东药品食品职业学院,40,469994
2024,2,30,老年保健与管理,D966,山东药品食品职业学院,30,443679
2024,2,31,康复治疗技术,D966,山东药品食品职业学院,73,388850
2024,2,32,大数据技术,D966,山东药品食品职业学院,50,465320
2024,2,33,电子商务,D966,山东药品食品职业学院,59,496828
2024,2,34,数字媒体技术,D966,山东药品食品职业学院,95,444543
2024,2,36,食品检验检测技术(中外合作办学),D966,山东药品食品职业学院,80,534920
2024,2,37,智能医疗装备技术(中外合作办学),D966,山东药品食品职业学院,80,548332
2024,2,35,中药学(高职技师合作培养，在山东医药技师学院就读),D966,山东药品食品职业学院,40,370905
2024,2,38,药品经营与管理(高职3+2贯通培养，衔接山东中医药大学市场营销专业),D966,山东药品食品职业学院,40,227135
2024,2,39,药物制剂技术(高职3+2贯通培养，衔接枣庄学院制药工程专业),D966,山东药品食品职业学院,40,232676
2024,2,40,食品生物技术(高职3+2贯通培养，衔接聊城大学食品科学与工程专业),D966,山东药品食品职业学院,30,227203
2024,2,07,智能建造技术,D967,重庆工商职业学院,2,323588
2024,2,16,工商管理类,D967,重庆工商职业学院,2,308732
2024,2,17,市场营销,D967,重庆工商职业学院,3,320653
2024,2,23,网络营销与直播电商,D967,重庆工商职业学院,2,295598
2024,2,24,供应链运营,D967,重庆工商职业学院,3,417581
2024,2,28,财税大数据应用,D967,重庆工商职业学院,2,285322
2024,2,29,自动化类,D967,重庆工商职业学院,5,295292
2024,2,30,汽车制造类,D967,重庆工商职业学院,4,311595
2024,2,31,汽车智能技术,D967,重庆工商职业学院,2,297958
2024,2,35,工业互联网应用,D967,重庆工商职业学院,2,319794
2024,2,45,建筑室内设计(中外合作办学),D967,重庆工商职业学院,3,425465
2024,2,08,智能产品开发与应用,D973,厦门城市职业学院,3,355558
2024,2,0A,云计算技术应用,D973,厦门城市职业学院,3,353962
2024,2,0C,城市轨道交通运营管理,D973,厦门城市职业学院,3,356872
2024,2,0D,城市轨道车辆应用技术,D973,厦门城市职业学院,3,364671
2024,2,0F,机械设计与制造,D973,厦门城市职业学院,3,358906
2024,2,0H,数控技术,D973,厦门城市职业学院,3,352536
2024,2,0J,智能控制技术,D973,厦门城市职业学院,3,359996
2024,2,0L,空中乘务,D973,厦门城市职业学院,3,391032
2024,2,0M,会展策划与管理,D973,厦门城市职业学院,3,308534
2024,2,0P,酒店管理与数字化运营,D973,厦门城市职业学院,2,336419
2024,2,0W,学前教育(师范类),D973,厦门城市职业学院,3,309277
2024,2,01,建筑室内设计,D979,厦门兴才职业技术学院,3,619217
2024,2,02,工程造价,D979,厦门兴才职业技术学院,4,614429
2024,2,05,物联网应用技术,D979,厦门兴才职业技术学院,3,621411
2024,2,12,大数据与会计,D979,厦门兴才职业技术学院,5,614748
2024,2,15,电子商务,D979,厦门兴才职业技术学院,3,617874
2024,2,20,室内艺术设计,D979,厦门兴才职业技术学院,3,628708
2024,2,21,动漫设计,D979,厦门兴才职业技术学院,4,584452
2024,2,24,学前教育,D979,厦门兴才职业技术学院,5,641509
2024,2,36,应用英语,D995,青岛工学院,120,645456
2024,2,38,现代物流管理,D995,青岛工学院,60,632751
2024,2,39,大数据与会计,D995,青岛工学院,120,618645
2024,2,40,工业设计,D995,青岛工学院,120,636441
2024,2,42,电子商务,D995,青岛工学院,120,636405
2024,2,43,酒店管理与数字化运营,D995,青岛工学院,60,635008
2024,2,46,航空物流管理,D995,青岛工学院,60,635427
2024,2,30,畜牧兽医,D997,青岛农业大学海都学院,57,500366
2024,2,31,大数据技术,D997,青岛农业大学海都学院,127,628261
2024,2,32,大数据与财务管理,D997,青岛农业大学海都学院,158,620874
2024,2,33,电气自动化技术,D997,青岛农业大学海都学院,94,583744
2024,2,34,动物医学,D997,青岛农业大学海都学院,74,439759
2024,2,35,工程造价,D997,青岛农业大学海都学院,60,634111
2024,2,37,国际经济与贸易,D997,青岛农业大学海都学院,60,631600
2024,2,38,机械制造及自动化,D997,青岛农业大学海都学院,96,613253
2024,2,39,机械装备制造技术,D997,青岛农业大学海都学院,96,620820
2024,2,40,建筑工程技术,D997,青岛农业大学海都学院,57,630551
2024,2,41,跨境电子商务,D997,青岛农业大学海都学院,61,631434
2024,2,42,软件技术,D997,青岛农业大学海都学院,73,618106
2024,2,43,虚拟现实技术应用,D997,青岛农业大学海都学院,65,634280
2024,2,45,食品检验检测技术,D997,青岛农业大学海都学院,95,589354
2024,2,46,食品智能加工技术,D997,青岛农业大学海都学院,96,631928
2024,2,47,园林技术,D997,青岛农业大学海都学院,58,609735
2024,2,48,中小企业创业与经营,D997,青岛农业大学海都学院,68,624766
2024,2,53,机电一体化技术,D998,齐鲁理工学院,43,570156
2024,2,54,电气自动化技术,D998,齐鲁理工学院,48,581128
2024,2,55,数控技术,D998,齐鲁理工学院,50,599217
2024,2,56,食品生物技术,D998,齐鲁理工学院,49,601556
2024,2,57,护理,D998,齐鲁理工学院,29,495140
2024,2,58,医学影像技术,D998,齐鲁理工学院,35,495387
2024,2,59,医学检验技术,D998,齐鲁理工学院,34,512005
2024,2,60,口腔医学技术,D998,齐鲁理工学院,34,479123
2024,2,61,助产,D998,齐鲁理工学院,48,602026
2024,2,62,药学,D998,齐鲁理工学院,46,534185
2024,2,63,工程造价,D998,齐鲁理工学院,50,637188
2024,2,64,建筑工程技术,D998,齐鲁理工学院,59,624534
2024,2,66,电子商务,D998,齐鲁理工学院,85,635848
2024,2,67,大数据与会计,D998,齐鲁理工学院,74,571869
2024,2,68,国际经济与贸易,D998,齐鲁理工学院,73,649586
2024,2,69,金融服务与管理,D998,齐鲁理工学院,78,636187
2024,2,70,学前教育(师范类),D998,齐鲁理工学院,13,586043
2024,2,71,计算机应用技术,D998,齐鲁理工学院,55,597528
2024,2,72,软件技术,D998,齐鲁理工学院,70,629576
2024,2,73,电子信息工程技术,D998,齐鲁理工学院,78,634948
2024,2,61,大数据与会计,D999,山东财经大学东方学院,145,517441
2024,2,62,金融服务与管理,D999,山东财经大学东方学院,150,602968
2024,2,64,大数据技术,D999,山东财经大学东方学院,100,568223
2024,2,65,商务管理,D999,山东财经大学东方学院,50,580623
2024,2,67,大数据与财务管理,D999,山东财经大学东方学院,145,574875
2024,2,69,国际商务,D999,山东财经大学东方学院,100,623547
2024,2,70,网络营销与直播电商,D999,山东财经大学东方学院,150,626271
2024,2,36,融媒体技术与运营,E000,潍坊理工学院,83,612020
2024,2,37,动漫制作技术,E000,潍坊理工学院,115,612787
2024,2,38,网络直播与运营,E000,潍坊理工学院,150,634202
2024,2,39,智能控制技术,E000,潍坊理工学院,135,611618
2024,2,40,工业机器人技术,E000,潍坊理工学院,77,598320
2024,2,41,智能机器人技术,E000,潍坊理工学院,83,613584
2024,2,42,城市燃气工程技术,E000,潍坊理工学院,88,616093
2024,2,43,电气自动化技术,E000,潍坊理工学院,83,537487
2024,2,44,城市热能应用技术,E000,潍坊理工学院,100,621446
2024,2,45,新能源汽车技术,E000,潍坊理工学院,120,609454
2024,2,46,药品生物技术,E000,潍坊理工学院,248,608232
2024,2,47,化妆品质量与安全,E000,潍坊理工学院,50,613803
2024,2,48,动物医学,E000,潍坊理工学院,80,522864
2024,2,49,体育艺术表演,E000,潍坊理工学院,245,640079
2024,2,50,学前教育(师范类),E000,潍坊理工学院,48,587269
2024,2,51,现代文秘,E000,潍坊理工学院,192,630810
2024,2,54,中文,E000,潍坊理工学院,300,642806
2024,2,55,党务工作,E000,潍坊理工学院,279,632247
2024,2,56,国际经济与贸易,E000,潍坊理工学院,201,637134
2024,2,57,电子商务,E000,潍坊理工学院,217,627543
2024,2,58,大数据与财务管理,E000,潍坊理工学院,76,611835
2024,2,60,大数据与会计,E000,潍坊理工学院,370,602905
2024,2,61,标准化技术,E000,潍坊理工学院,200,644683
2024,2,62,空中乘务,E000,潍坊理工学院,269,640566
2024,2,63,酒店管理与数字化运营,E000,潍坊理工学院,112,631272
2024,2,64,旅游管理,E000,潍坊理工学院,121,630221
2024,2,65,大数据技术,E000,潍坊理工学院,70,614130
2024,2,67,商务英语,E000,潍坊理工学院,150,649440
2024,2,68,应用英语,E000,潍坊理工学院,150,654761
2024,2,69,口腔医学技术,E000,潍坊理工学院,120,590474
2024,2,70,眼视光技术,E000,潍坊理工学院,120,614280
2024,2,71,智慧健康养老服务与管理,E000,潍坊理工学院,150,636723
2024,2,72,中医康复技术,E000,潍坊理工学院,150,608693
2024,2,51,工程造价,E001,聊城大学东昌学院,100,577047
2024,2,52,大数据与会计,E001,聊城大学东昌学院,200,525555
2024,2,53,学前教育(师范类),E001,聊城大学东昌学院,40,498050
2024,2,54,中文,E001,聊城大学东昌学院,300,584115
2024,2,55,商务英语,E001,聊城大学东昌学院,180,631360
2024,2,56,机电一体化技术,E001,聊城大学东昌学院,100,565490
2024,2,57,计算机应用技术,E001,聊城大学东昌学院,150,581502
2024,2,59,现代家政服务与管理,E001,聊城大学东昌学院,60,607943
2024,2,61,药品生物技术,E001,聊城大学东昌学院,160,609052
2024,2,A1,机械制造及自动化,E002,烟台科技学院,250,640115
2024,2,A2,工业机器人技术,E002,烟台科技学院,300,664416
2024,2,A3,海洋工程装备技术,E002,烟台科技学院,240,665435
2024,2,A4,计算机应用技术,E002,烟台科技学院,50,595958
2024,2,A5,计算机网络技术,E002,烟台科技学院,290,665227
2024,2,A6,软件技术,E002,烟台科技学院,255,665672
2024,2,A7,大数据技术,E002,烟台科技学院,380,665576
2024,2,A8,大数据与财务管理,E002,烟台科技学院,50,592049
2024,2,A9,大数据与会计,E002,烟台科技学院,130,623314
2024,2,C1,市场营销,E002,烟台科技学院,50,612154
2024,2,C2,电子商务,E002,烟台科技学院,10,562789
2024,2,C3,旅游管理,E002,烟台科技学院,30,607629
2024,2,C4,葡萄酒文化与营销,E002,烟台科技学院,50,625300
2024,2,C5,新闻采编与制作,E002,烟台科技学院,50,583395
2024,2,C6,商务英语,E002,烟台科技学院,35,625838
2024,2,YB,广告艺术设计,E002,烟台科技学院,30,586999
2024,2,YJ,数字媒体艺术设计,E002,烟台科技学院,10,527080
2024,2,YT,艺术设计,E002,烟台科技学院,15,576466
2024,2,54,会计信息管理,E004,四川文化传媒职业学院,3,624566
2024,2,61,无人机应用技术,E004,四川文化传媒职业学院,3,571103
2024,2,64,计算机应用技术,E004,四川文化传媒职业学院,1,527200
2024,2,65,学前教育,E004,四川文化传媒职业学院,5,641168
2024,2,66,城市轨道交通运营管理,E004,四川文化传媒职业学院,1,548025
2024,2,80,艺术教育,E004,四川文化传媒职业学院,2,553930
2024,2,06,电子商务,E005,四川华新现代职业学院,3,650752
2024,2,13,大数据技术,E005,四川华新现代职业学院,4,644838
2024,2,15,计算机应用技术,E005,四川华新现代职业学院,5,629630
2024,2,24,新能源汽车技术,E005,四川华新现代职业学院,2,616047
2024,2,29,烹饪工艺与营养,E005,四川华新现代职业学院,2,637791
2024,2,58,临床医学,E009,重庆医药高等专科学校,1,215174
2024,2,59,口腔医学,E009,重庆医药高等专科学校,1,177327
2024,2,60,护理,E009,重庆医药高等专科学校,2,244889
2024,2,62,药学,E009,重庆医药高等专科学校,2,256894
2024,2,63,中医学,E009,重庆医药高等专科学校,2,192041
2024,2,67,医学检验技术,E009,重庆医药高等专科学校,2,250569
2024,2,07,临床医学,E011,遵义医药高等专科学校,1,274353
2024,2,08,口腔医学,E011,遵义医药高等专科学校,1,262284
2024,2,0E,医学影像技术,E011,遵义医药高等专科学校,1,292917
2024,2,0F,医学检验技术,E011,遵义医药高等专科学校,1,256647
2024,2,11,临床医学,E013,楚雄医药高等专科学校,3,325988
2024,2,17,口腔医学,E013,楚雄医药高等专科学校,2,286858
2024,2,21,护理,E013,楚雄医药高等专科学校,2,290235
2024,2,31,药学,E013,楚雄医药高等专科学校,1,314580
2024,2,33,中药学,E013,楚雄医药高等专科学校,1,341236
2024,2,41,医学检验技术,E013,楚雄医药高等专科学校,1,320260
2024,2,1A,中医学,E014,保山中医药高等专科学校,1,240802
2024,2,1B,针灸推拿,E014,保山中医药高等专科学校,1,325656
2024,2,2A,中药学,E014,保山中医药高等专科学校,2,367176
2024,2,2B,药学,E014,保山中医药高等专科学校,2,394709
2024,2,3A,临床医学,E014,保山中医药高等专科学校,1,349935
2024,2,3C,康复治疗技术,E014,保山中医药高等专科学校,1,409183
2024,2,4A,医学检验技术,E014,保山中医药高等专科学校,1,396447
2024,2,5B,老年保健与管理,E014,保山中医药高等专科学校,1,479411
2024,2,08,小学道德与法治教育(师范类),E015,丽江师范学院,3,283651
2024,2,23,小学数学教育(师范类),E015,丽江师范学院,3,305803
2024,2,27,小学语文教育(师范类),E015,丽江师范学院,2,264711
2024,2,01,临床医学,E017,大庆医学高等专科学校,4,267475
2024,2,02,口腔医学,E017,大庆医学高等专科学校,4,255688
2024,2,03,针灸推拿,E017,大庆医学高等专科学校,1,261918
2024,2,04,护理,E017,大庆医学高等专科学校,5,274845
2024,2,06,药学,E017,大庆医学高等专科学校,1,254438
2024,2,08,医学检验技术,E017,大庆医学高等专科学校,2,283953
2024,2,09,康复治疗技术,E017,大庆医学高等专科学校,4,330743
2024,2,10,药物制剂技术,E017,大庆医学高等专科学校,2,315972
2024,2,11,药品经营与管理,E017,大庆医学高等专科学校,2,352879
2024,2,12,中医康复技术,E017,大庆医学高等专科学校,1,275168
2024,2,13,中医学,E017,大庆医学高等专科学校,3,264380
2024,2,15,健康管理,E017,大庆医学高等专科学校,1,347701
2024,2,05,临床医学,E018,石家庄医学高等专科学校,8,378501
2024,2,06,口腔医学,E018,石家庄医学高等专科学校,17,314740
2024,2,08,药学,E018,石家庄医学高等专科学校,2,389729
2024,2,09,中医学,E018,石家庄医学高等专科学校,7,365215
2024,2,0A,中医骨伤,E018,石家庄医学高等专科学校,4,380561
2024,2,0B,针灸推拿,E018,石家庄医学高等专科学校,2,363517
2024,2,0C,中药学,E018,石家庄医学高等专科学校,2,404370
2024,2,0G,医学检验技术,E018,石家庄医学高等专科学校,4,450356
2024,2,0H,医学影像技术,E018,石家庄医学高等专科学校,4,397457
2024,2,0N,心理咨询,E018,石家庄医学高等专科学校,2,394713
2024,2,0R,护理,E018,石家庄医学高等专科学校,6,427275
2024,2,0W,口腔医学(中外合作办学),E018,石家庄医学高等专科学校,2,319753
2024,2,01,工程测量技术,E020,天津城市建设管理职业技术学院,4,415753
2024,2,04,建筑工程技术,E020,天津城市建设管理职业技术学院,5,428457
2024,2,05,工程造价(建筑工程造价),E020,天津城市建设管理职业技术学院,10,419527
2024,2,10,计算机应用技术,E020,天津城市建设管理职业技术学院,5,369643
2024,2,14,大数据与会计,E020,天津城市建设管理职业技术学院,10,352724
2024,2,21,电气自动化技术,E020,天津城市建设管理职业技术学院,5,370914
2024,2,22,新能源汽车技术,E020,天津城市建设管理职业技术学院,5,388107
2024,2,24,建筑装饰工程技术,E020,天津城市建设管理职业技术学院,3,397324
2024,2,0F,中药材生产与加工(中药炮制与配制),E021,天津生物工程职业技术学院,1,222417
2024,2,01,航海技术,E022,天津海运职业学院,8,384248
2024,2,02,轮机工程技术,E022,天津海运职业学院,4,391291
2024,2,03,船舶电子电气技术,E022,天津海运职业学院,3,397525
2024,2,05,港口机械与智能控制,E022,天津海运职业学院,3,388882
2024,2,06,船舶检验,E022,天津海运职业学院,5,408651
2024,2,08,海洋工程装备技术,E022,天津海运职业学院,4,419684
2024,2,09,现代物流管理,E022,天津海运职业学院,6,406618
2024,2,10,港口与航运管理,E022,天津海运职业学院,5,395931
2024,2,11,金融服务与管理,E022,天津海运职业学院,5,382452
2024,2,12,大数据与会计,E022,天津海运职业学院,3,326356
2024,2,13,电子商务,E022,天津海运职业学院,7,390416
2024,2,14,港口物流管理,E022,天津海运职业学院,5,405407
2024,2,15,计算机网络技术,E022,天津海运职业学院,6,366532
2024,2,16,软件技术,E022,天津海运职业学院,9,364591
2024,2,17,船舶通信装备技术,E022,天津海运职业学院,3,411726
2024,2,18,理化测试与质检技术(无损检测技术),E022,天津海运职业学院,5,406494
2024,2,19,智能焊接技术,E022,天津海运职业学院,5,414694
2024,2,20,制冷与空调技术,E022,天津海运职业学院,4,422703
2024,2,21,电梯工程技术,E022,天津海运职业学院,3,417538
2024,2,22,安全技术与管理,E022,天津海运职业学院,3,402668
2024,2,23,国际邮轮乘务管理,E022,天津海运职业学院,3,427481
2024,2,24,旅游管理,E022,天津海运职业学院,3,404006
2024,2,25,烹饪工艺与营养(邮轮烹饪),E022,天津海运职业学院,3,421491
2024,2,26,酒店管理与数字化运营,E022,天津海运职业学院,5,424426
2024,2,63,安全技术与管理(爆破现场工程师),E025,湖南安全技术职业学院,10,511658
2024,2,09,城市轨道交通运营管理,E026,广西英华国际职业学院,10,649331
2024,2,25,护理,E029,陕西工商职业学院,20,335354
2024,2,28,大数据与会计,E029,陕西工商职业学院,20,295198
2024,2,42,学前教育(师范类),E029,陕西工商职业学院,20,387398
2024,2,01,建筑工程技术,E030,西安信息职业大学,1,440724
2024,2,02,建筑电气工程技术,E030,西安信息职业大学,1,559461
2024,2,03,建筑经济信息化管理,E030,西安信息职业大学,1,493171
2024,2,04,机械制造及自动化,E030,西安信息职业大学,1,389379
2024,2,05,机电一体化技术,E030,西安信息职业大学,1,425136
2024,2,06,智能控制技术,E030,西安信息职业大学,1,430559
2024,2,07,工业机器人技术,E030,西安信息职业大学,1,443098
2024,2,08,无人机应用技术,E030,西安信息职业大学,1,468295
2024,2,09,城市轨道交通工程技术,E030,西安信息职业大学,1,444600
2024,2,10,城市轨道交通机电技术,E030,西安信息职业大学,1,431964
2024,2,11,城市轨道交通通信信号技术,E030,西安信息职业大学,1,405335
2024,2,12,城市轨道交通运营管理,E030,西安信息职业大学,1,252401
2024,2,13,电子信息工程技术,E030,西安信息职业大学,1,391467
2024,2,14,物联网应用技术,E030,西安信息职业大学,1,351435
2024,2,15,应用电子技术,E030,西安信息职业大学,1,446945
2024,2,16,汽车智能技术,E030,西安信息职业大学,1,430118
2024,2,17,计算机应用技术,E030,西安信息职业大学,1,337777
2024,2,18,计算机网络技术,E030,西安信息职业大学,1,394974
2024,2,19,软件技术,E030,西安信息职业大学,1,377110
2024,2,20,大数据技术,E030,西安信息职业大学,1,391120
2024,2,21,云计算技术应用,E030,西安信息职业大学,1,434869
2024,2,22,信息安全技术应用,E030,西安信息职业大学,1,436728
2024,2,23,虚拟现实技术应用,E030,西安信息职业大学,1,508578
2024,2,24,人工智能技术应用,E030,西安信息职业大学,1,408716
2024,2,25,区块链技术应用,E030,西安信息职业大学,1,454406
2024,2,26,动漫制作技术,E030,西安信息职业大学,1,433426
2024,2,27,现代通信技术,E030,西安信息职业大学,1,463332
2024,2,28,现代移动通信技术,E030,西安信息职业大学,1,508377
2024,2,29,通信软件技术,E030,西安信息职业大学,1,478176
2024,2,30,通信工程设计与监理,E030,西安信息职业大学,1,513111
2024,2,31,通信系统运行管理,E030,西安信息职业大学,1,481241
2024,2,32,智能互联网络技术,E030,西安信息职业大学,1,501970
2024,2,33,集成电路技术,E030,西安信息职业大学,1,427858
2024,2,34,微电子技术,E030,西安信息职业大学,1,459271
2024,2,35,金融科技应用,E030,西安信息职业大学,1,415205
2024,2,36,大数据与财务管理,E030,西安信息职业大学,1,413660
2024,2,37,大数据与会计,E030,西安信息职业大学,1,354575
2024,2,38,电子商务,E030,西安信息职业大学,1,457554
2024,2,39,现代物流管理,E030,西安信息职业大学,1,456221
2024,2,40,数字媒体艺术设计,E030,西安信息职业大学,1,338422
2024,2,A1,高速铁路客运服务,E031,陕西旅游烹饪职业学院,4,556628
2024,2,A2,空中乘务,E031,陕西旅游烹饪职业学院,4,598990
2024,2,A3,计算机应用技术,E031,陕西旅游烹饪职业学院,45,648209
2024,2,A4,信息安全技术应用,E031,陕西旅游烹饪职业学院,4,575657
2024,2,A5,电子商务,E031,陕西旅游烹饪职业学院,4,562423
2024,2,A6,旅游管理,E031,陕西旅游烹饪职业学院,4,580776
2024,2,A7,研学旅行管理与服务,E031,陕西旅游烹饪职业学院,4,592138
2024,2,A8,酒店管理与数字化运营,E031,陕西旅游烹饪职业学院,4,574590
2024,2,B0,烹饪工艺与营养,E031,陕西旅游烹饪职业学院,35,625199
2024,2,B1,中西面点工艺,E031,陕西旅游烹饪职业学院,4,594643
2024,2,B2,西式烹饪工艺,E031,陕西旅游烹饪职业学院,5,593737
2024,2,B3,舞蹈表演,E031,陕西旅游烹饪职业学院,10,665436
2024,2,B4,电子竞技运动与管理,E031,陕西旅游烹饪职业学院,3,591958
2024,2,02,助产,E032,云南新兴职业学院,2,649746
2024,2,03,药学,E032,云南新兴职业学院,3,603176
2024,2,05,医学检验技术,E032,云南新兴职业学院,3,616761
2024,2,06,医学影像技术,E032,云南新兴职业学院,3,623728
2024,2,07,口腔医学技术,E032,云南新兴职业学院,2,592545
2024,2,08,医学美容技术,E032,云南新兴职业学院,2,542661
2024,2,24,针灸推拿,E032,云南新兴职业学院,30,533823
2024,2,36,学前教育,E032,云南新兴职业学院,6,642140
2024,2,39,应急救援技术,E032,云南新兴职业学院,2,641620
2024,2,42,大数据技术,E032,云南新兴职业学院,2,619945
2024,2,43,动物医学,E032,云南新兴职业学院,5,525567
2024,2,51,大数据与会计,E037,西南财经大学天府学院,12,375041
2024,2,78,网络新闻与传播,E037,西南财经大学天府学院,8,378253
2024,2,98,影视编导,E043,四川文化艺术学院,1,417838
2024,2,01,中医学,E049,内蒙古北方职业技术学院,3,409082
2024,2,03,中药学,E049,内蒙古北方职业技术学院,1,476319
2024,2,04,护理,E049,内蒙古北方职业技术学院,2,482544
2024,2,05,助产,E049,内蒙古北方职业技术学院,1,533356
2024,2,06,康复治疗技术,E049,内蒙古北方职业技术学院,1,479756
2024,2,07,口腔医学技术,E049,内蒙古北方职业技术学院,1,529729
2024,2,08,医学检验技术,E049,内蒙古北方职业技术学院,1,467300
2024,2,09,学前教育(师范类),E049,内蒙古北方职业技术学院,1,572117
2024,2,10,药品经营与管理,E049,内蒙古北方职业技术学院,1,533083
2024,2,11,动物医学,E049,内蒙古北方职业技术学院,1,402820
2024,2,12,畜牧兽医,E049,内蒙古北方职业技术学院,1,485537
2024,2,13,信息安全技术应用,E049,内蒙古北方职业技术学院,1,504996
2024,2,14,计算机网络技术,E049,内蒙古北方职业技术学院,1,500080
2024,2,15,大数据与会计,E049,内蒙古北方职业技术学院,1,538915
2024,2,16,城市轨道交通运营管理,E049,内蒙古北方职业技术学院,1,473171
2024,2,17,高速铁路客运服务,E049,内蒙古北方职业技术学院,1,544813
2024,2,18,机电一体化技术,E049,内蒙古北方职业技术学院,1,567146
2024,2,01,铁路物流管理,E052,吉林铁道职业技术学院,3,298378
2024,2,02,铁道通信与信息化技术,E052,吉林铁道职业技术学院,3,275316
2024,2,03,轨道交通通信信号设备制造与维护,E052,吉林铁道职业技术学院,2,298665
2024,2,04,高速铁路综合维修技术,E052,吉林铁道职业技术学院,2,278103
2024,2,05,铁道工程技术,E052,吉林铁道职业技术学院,2,282734
2024,2,06,高速铁路施工与维护,E052,吉林铁道职业技术学院,4,305822
2024,2,07,铁道桥梁隧道工程技术,E052,吉林铁道职业技术学院,4,306071
2024,2,19,铁道机车车辆制造与维护,E052,吉林铁道职业技术学院,4,301947
2024,2,28,铁道交通运营管理,E052,吉林铁道职业技术学院,1,259694
2024,2,30,铁道机车运用与维护,E052,吉林铁道职业技术学院,1,270227
2024,2,31,铁道车辆技术,E052,吉林铁道职业技术学院,3,290221
2024,2,32,高速铁路动车组制造与维护,E052,吉林铁道职业技术学院,4,300446
2024,2,34,铁道供电技术,E052,吉林铁道职业技术学院,1,279510
2024,2,35,供用电技术,E052,吉林铁道职业技术学院,2,295986
2024,2,36,电气自动化技术,E052,吉林铁道职业技术学院,2,272033
2024,2,39,现代物流管理,E052,吉林铁道职业技术学院,2,330434
2024,2,06,铁道工程技术,E053,黑龙江交通职业技术学院,5,299666
2024,2,08,铁道桥梁隧道工程技术,E053,黑龙江交通职业技术学院,5,331689
2024,2,09,铁道养路机械应用技术,E053,黑龙江交通职业技术学院,6,321588
2024,2,10,铁道机车运用与维护,E053,黑龙江交通职业技术学院,15,306055
2024,2,11,铁道车辆技术,E053,黑龙江交通职业技术学院,5,309739
2024,2,12,铁道供电技术,E053,黑龙江交通职业技术学院,5,302737
2024,2,13,动车组检修技术,E053,黑龙江交通职业技术学院,6,314661
2024,2,14,高速铁路综合维修技术,E053,黑龙江交通职业技术学院,2,323760
2024,2,15,铁道信号自动控制,E053,黑龙江交通职业技术学院,6,302359
2024,2,17,铁道交通运营管理,E053,黑龙江交通职业技术学院,5,285183
2024,2,01,建筑室内设计,E055,哈尔滨应用职业技术学院,10,631470
2024,2,08,机械制造及自动化,E055,哈尔滨应用职业技术学院,10,632077
2024,2,0L,计算机网络技术,E055,哈尔滨应用职业技术学院,8,632300
2024,2,0N,大数据技术,E055,哈尔滨应用职业技术学院,9,633276
2024,2,0T,电子商务,E055,哈尔滨应用职业技术学院,8,633126
2024,2,01,机电一体化技术,E056,南京机电职业技术学院,5,292497
2024,2,02,电气自动化技术,E056,南京机电职业技术学院,2,251482
2024,2,03,供用电技术,E056,南京机电职业技术学院,1,280021
2024,2,04,智能控制技术,E056,南京机电职业技术学院,1,296735
2024,2,05,机械制造及自动化,E056,南京机电职业技术学院,2,296405
2024,2,07,工业设计,E056,南京机电职业技术学院,1,292179
2024,2,08,机械设计与制造,E056,南京机电职业技术学院,1,301941
2024,2,09,智能制造装备技术,E056,南京机电职业技术学院,1,308256
2024,2,10,电子信息工程技术,E056,南京机电职业技术学院,1,287167
2024,2,13,无人机应用技术,E056,南京机电职业技术学院,2,288256
2024,2,14,软件技术,E056,南京机电职业技术学院,2,270276
2024,2,15,现代通信技术,E056,南京机电职业技术学院,1,296949
2024,2,16,移动商务,E056,南京机电职业技术学院,1,323385
2024,2,18,卫星通信与导航技术,E056,南京机电职业技术学院,1,286142
2024,2,20,数字媒体技术,E056,南京机电职业技术学院,2,259221
2024,2,21,金融科技应用,E056,南京机电职业技术学院,1,262006
2024,2,13,软件技术(程序设计),E059,厦门软件职业技术学院,5,490817
2024,2,02,工程测量技术,E061,三峡电力职业学院,6,401063
2024,2,05,建设工程管理,E061,三峡电力职业学院,6,419254
2024,2,07,发电厂及电力系统,E061,三峡电力职业学院,10,327388
2024,2,08,电力系统继电保护技术,E061,三峡电力职业学院,13,329742
2024,2,12,电力系统自动化技术,E061,三峡电力职业学院,10,310075
2024,2,13,机电一体化技术,E061,三峡电力职业学院,15,362578
2024,2,05,供用电技术,E062,郑州电力职业技术学院,2,293807
2024,2,10,光伏工程技术,E062,郑州电力职业技术学院,2,460696
2024,2,11,智能制造装备技术,E062,郑州电力职业技术学院,2,524898
2024,2,15,机电一体化技术,E062,郑州电力职业技术学院,2,370745
2024,2,22,新能源汽车技术,E062,郑州电力职业技术学院,2,378475
2024,2,27,计算机应用技术,E062,郑州电力职业技术学院,2,555085
2024,2,41,电子商务,E062,郑州电力职业技术学院,2,578871
2024,2,02,金融服务与管理,E065,广州科技贸易职业学院,3,340221
2024,2,10,云计算技术应用,E065,广州科技贸易职业学院,6,360566
2024,2,25,健康大数据管理与服务,E065,广州科技贸易职业学院,5,384104
2024,2,27,智能医疗装备技术,E065,广州科技贸易职业学院,6,380400
2024,2,10,计算机应用技术,E070,四川科技职业学院,4,430916
2024,2,02,旅游管理,E073,北京经济管理职业学院,6,349821
2024,2,04,国际商务(海关事务方向),E073,北京经济管理职业学院,7,306929
2024,2,07,财税大数据应用,E073,北京经济管理职业学院,6,292609
2024,2,08,金融科技应用(银行方向),E073,北京经济管理职业学院,5,312686
2024,2,0A,学前教育,E073,北京经济管理职业学院,5,347370
2024,2,0H,工商企业管理,E073,北京经济管理职业学院,4,315840
2024,2,0K,智慧城市管理技术(数字建模方向),E073,北京经济管理职业学院,6,347851
2024,2,0L,智能机电技术,E073,北京经济管理职业学院,6,359586
2024,2,A4,数控技术,E076,辽宁装备制造职业技术学院,10,368462
2024,2,B2,智能焊接技术(机器人焊接),E076,辽宁装备制造职业技术学院,10,390987
2024,2,01,大数据与会计,E078,山东商务职业学院,160,332646
2024,2,02,大数据与审计,E078,山东商务职业学院,50,323182
2024,2,03,大数据与财务管理,E078,山东商务职业学院,50,345565
2024,2,04,金融服务与管理,E078,山东商务职业学院,40,415859
2024,2,05,国际经济与贸易,E078,山东商务职业学院,40,427078
2024,2,06,连锁经营与管理,E078,山东商务职业学院,35,495279
2024,2,07,市场营销,E078,山东商务职业学院,60,482255
2024,2,08,电子商务,E078,山东商务职业学院,50,429205
2024,2,10,现代物流管理,E078,山东商务职业学院,90,532451
2024,2,11,粮食工程技术与管理,E078,山东商务职业学院,90,517250
2024,2,12,食品质量与安全,E078,山东商务职业学院,100,395240
2024,2,13,食品检验检测技术,E078,山东商务职业学院,90,385513
2024,2,14,粮食储运与质量安全,E078,山东商务职业学院,120,659915
2024,2,15,药品质量与安全,E078,山东商务职业学院,110,415980
2024,2,16,机械制造及自动化,E078,山东商务职业学院,60,373779
2024,2,17,数控技术,E078,山东商务职业学院,65,391177
2024,2,18,机电一体化技术,E078,山东商务职业学院,90,366541
2024,2,19,电气自动化技术,E078,山东商务职业学院,140,351125
2024,2,20,工业机器人技术,E078,山东商务职业学院,70,398713
2024,2,21,计算机网络技术,E078,山东商务职业学院,40,356354
2024,2,22,计算机应用技术,E078,山东商务职业学院,80,364853
2024,2,23,大数据技术,E078,山东商务职业学院,100,385022
2024,2,24,软件技术,E078,山东商务职业学院,80,374211
2024,2,25,物联网应用技术,E078,山东商务职业学院,120,405702
2024,2,26,人工智能技术应用,E078,山东商务职业学院,100,406611
2024,2,27,应用英语,E078,山东商务职业学院,90,427919
2024,2,28,应用韩语,E078,山东商务职业学院,40,588414
2024,2,29,商务日语,E078,山东商务职业学院,30,408558
2024,2,30,旅游管理,E078,山东商务职业学院,20,444551
2024,2,31,酒店管理与数字化运营,E078,山东商务职业学院,48,491453
2024,2,32,学前教育(师范类),E078,山东商务职业学院,37,378235
2024,2,33,婴幼儿托育服务与管理,E078,山东商务职业学院,50,503513
2024,2,34,建筑工程技术,E078,山东商务职业学院,170,665464
2024,2,35,建筑装饰工程技术,E078,山东商务职业学院,80,657763
2024,2,36,建设工程管理,E078,山东商务职业学院,70,531405
2024,2,37,工程造价,E078,山东商务职业学院,135,663178
2024,2,38,建筑设计,E078,山东商务职业学院,85,534423
2024,2,39,动漫制作技术,E078,山东商务职业学院,75,389246
2024,2,40,视觉传达设计,E078,山东商务职业学院,40,405601
2024,2,41,环境艺术设计,E078,山东商务职业学院,35,467492
2024,2,42,广告艺术设计,E078,山东商务职业学院,40,411355
2024,2,43,室内艺术设计,E078,山东商务职业学院,35,463437
2024,2,58,软件技术(中外合作办学),E078,山东商务职业学院,100,552087
2024,2,51,粮食工程技术与管理(高职3+2贯通培养，衔接德州学院食品质量与安全专,E078,山东商务职业学院,40,240664
2024,2,52,电子商务(高职3+2贯通培养，衔接山东工商学院电子商务专业),E078,山东商务职业学院,40,245105
2024,2,53,软件技术(高职3+2贯通培养，衔接山东工商学院软件工程专业),E078,山东商务职业学院,40,228459
2024,2,54,工业机器人技术(高职3+2贯通培养，衔接枣庄学院机器人工程专业),E078,山东商务职业学院,40,245987
2024,2,11,电子商务,E079,山东轻工职业学院,20,503067
2024,2,12,跨境电子商务,E079,山东轻工职业学院,45,537726
2024,2,13,市场营销,E079,山东轻工职业学院,10,516753
2024,2,14,现代物流管理,E079,山东轻工职业学院,12,508839
2024,2,21,食品检验检测技术,E079,山东轻工职业学院,28,475567
2024,2,22,药品生产技术,E079,山东轻工职业学院,40,471545
2024,2,23,应用化工技术,E079,山东轻工职业学院,30,498792
2024,2,24,婴幼儿托育服务与管理,E079,山东轻工职业学院,23,523981
2024,2,32,工业机器人技术,E079,山东轻工职业学院,30,496720
2024,2,33,机电设备技术,E079,山东轻工职业学院,53,496834
2024,2,34,机械设计与制造,E079,山东轻工职业学院,67,487504
2024,2,41,纺织品检验与贸易,E079,山东轻工职业学院,32,533124
2024,2,42,纺织品设计,E079,山东轻工职业学院,30,518220
2024,2,43,数字化染整技术,E079,山东轻工职业学院,30,527330
2024,2,52,计算机应用技术,E079,山东轻工职业学院,17,438305
2024,2,54,人工智能技术应用,E079,山东轻工职业学院,10,484637
2024,2,61,动漫制作技术,E079,山东轻工职业学院,65,503930
2024,2,71,大数据与财务管理,E079,山东轻工职业学院,25,447140
2024,2,72,大数据与会计,E079,山东轻工职业学院,30,440479
2024,2,73,统计与会计核算,E079,山东轻工职业学院,19,456002
2024,2,74,研学旅行管理与服务,E079,山东轻工职业学院,33,537601
2024,2,91,计算机应用技术,E079,山东轻工职业学院,57,469937
2024,2,92,软件技术,E079,山东轻工职业学院,52,479898
2024,2,93,物联网应用技术,E079,山东轻工职业学院,40,509632
2024,2,94,现代通信技术,E079,山东轻工职业学院,162,534584
2024,2,95,现代移动通信技术,E079,山东轻工职业学院,198,542359
2024,2,15,现代物流管理(中外合作办学),E079,山东轻工职业学院,42,571205
2024,2,53,计算机应用技术(中外合作办学),E079,山东轻工职业学院,46,543371
2024,2,B1,电气自动化技术(高职3+2贯通培养，衔接山东农业工程学院电气工程及其,E079,山东轻工职业学院,60,241831
2024,2,B2,大数据技术(高职3+2贯通培养，衔接山东青年政治学院数据科学与大数据,E079,山东轻工职业学院,40,239087
2024,2,B4,服装设计与工艺(高职3+2贯通培养，衔接山东工艺美术学院服装设计与工,E079,山东轻工职业学院,50,248916
2024,2,B5,环境艺术设计(高职3+2贯通培养，衔接山东工艺美术学院家具设计与工程,E079,山东轻工职业学院,50,251599
2024,2,01,建筑工程技术,E080,山东城市建设职业学院,90,548379
2024,2,03,建筑钢结构工程技术,E080,山东城市建设职业学院,25,486133
2024,2,04,智能建造技术,E080,山东城市建设职业学院,55,483871
2024,2,05,地下与隧道工程技术,E080,山东城市建设职业学院,15,453002
2024,2,06,土木工程检测技术,E080,山东城市建设职业学院,30,486314
2024,2,07,工程测量技术,E080,山东城市建设职业学院,30,544312
2024,2,08,建筑设计,E080,山东城市建设职业学院,20,415043
2024,2,09,古建筑工程技术,E080,山东城市建设职业学院,50,533397
2024,2,10,园林工程技术,E080,山东城市建设职业学院,35,380905
2024,2,11,风景园林设计,E080,山东城市建设职业学院,24,393127
2024,2,12,城乡规划,E080,山东城市建设职业学院,35,432904
2024,2,13,智慧城市管理技术,E080,山东城市建设职业学院,23,473457
2024,2,17,建筑消防技术,E080,山东城市建设职业学院,76,478089
2024,2,18,市政工程技术,E080,山东城市建设职业学院,50,459295
2024,2,19,城市燃气工程技术,E080,山东城市建设职业学院,40,421464
2024,2,20,市政管网智能检测与维护,E080,山东城市建设职业学院,40,496599
2024,2,22,城市轨道交通工程技术,E080,山东城市建设职业学院,37,353103
2024,2,23,信息安全技术应用,E080,山东城市建设职业学院,28,391874
2024,2,24,人工智能技术应用,E080,山东城市建设职业学院,38,396446
2024,2,25,建设工程管理,E080,山东城市建设职业学院,71,612951
2024,2,26,建设工程监理,E080,山东城市建设职业学院,35,570071
2024,2,27,房地产经营与管理,E080,山东城市建设职业学院,23,507942
2024,2,28,现代物业管理,E080,山东城市建设职业学院,80,572058
2024,2,29,工程造价,E080,山东城市建设职业学院,115,543166
2024,2,31,大数据与财务管理,E080,山东城市建设职业学院,40,336971
2024,2,32,电子商务,E080,山东城市建设职业学院,30,439220
2024,2,33,环境工程技术,E080,山东城市建设职业学院,37,486905
2024,2,34,环境监测技术,E080,山东城市建设职业学院,63,469072
2024,2,35,生态环境修复技术,E080,山东城市建设职业学院,26,480516
2024,2,36,绿色低碳技术,E080,山东城市建设职业学院,38,480354
2024,2,37,给排水工程技术,E080,山东城市建设职业学院,20,453961
2024,2,38,建筑装饰工程技术,E080,山东城市建设职业学院,63,604516
2024,2,39,环境艺术设计,E080,山东城市建设职业学院,65,463151
2024,2,40,展示艺术设计,E080,山东城市建设职业学院,15,470114
2024,2,41,数字媒体艺术设计,E080,山东城市建设职业学院,58,397647
2024,2,42,视觉传达设计,E080,山东城市建设职业学院,38,417704
2024,2,H1,环境艺术设计(中外合作办学),E080,山东城市建设职业学院,70,557731
2024,2,H2,建筑设计(中外合作办学),E080,山东城市建设职业学院,50,550255
2024,2,60,园林工程技术(高职3+2贯通培养，衔接山东建筑大学风景园林专业),E080,山东城市建设职业学院,60,227907
2024,2,61,现代物业管理(高职3+2贯通培养，衔接山东青年政治学院物业管理专业),E080,山东城市建设职业学院,40,243460
2024,2,62,建筑钢结构工程技术(高职3+2贯通培养，衔接山东建筑大学焊接技术与工,E080,山东城市建设职业学院,80,250502
2024,2,63,建筑工程技术(高职3+2贯通培养，衔接聊城大学土木工程专业),E080,山东城市建设职业学院,30,250814
2024,2,64,建筑设计(高职3+2贯通培养，衔接临沂大学建筑学专业),E080,山东城市建设职业学院,40,242769
2024,2,65,建设工程管理(高职3+2贯通培养，衔接临沂大学土木工程专业),E080,山东城市建设职业学院,40,250828
2024,2,66,电子商务(高职3+2贯通培养，衔接临沂大学电子商务专业),E080,山东城市建设职业学院,40,235483
2024,2,67,城乡规划(高职3+2贯通培养，衔接山东工艺美术学院城乡规划专业),E080,山东城市建设职业学院,30,242521
2024,2,68,风景园林设计(高职3+2贯通培养，衔接山东工艺美术学院风景园林专业),E080,山东城市建设职业学院,30,242905
2024,2,71,生态环境修复技术(高职3+2贯通培养，衔接山东农业工程学院环境生态工,E080,山东城市建设职业学院,40,246979
2024,2,72,给排水工程技术(高职3+2贯通培养，衔接枣庄学院给排水科学与工程专业,E080,山东城市建设职业学院,40,250460
2024,2,01,学前教育(师范类),E081,烟台汽车工程职业学院,60,480372
2024,2,02,早期教育,E081,烟台汽车工程职业学院,103,570647
2024,2,03,婴幼儿托育服务与管理,E081,烟台汽车工程职业学院,160,560140
2024,2,04,音乐表演,E081,烟台汽车工程职业学院,50,562013
2024,2,05,民航安全技术管理,E081,烟台汽车工程职业学院,77,547170
2024,2,06,民航运输服务,E081,烟台汽车工程职业学院,70,547601
2024,2,07,空中乘务,E081,烟台汽车工程职业学院,10,549858
2024,2,08,民航空中安全保卫,E081,烟台汽车工程职业学院,10,541401
2024,2,09,安全技术与管理,E081,烟台汽车工程职业学院,100,547066
2024,2,10,安全智能监测技术,E081,烟台汽车工程职业学院,40,545865
2024,2,11,网络营销与直播电商,E081,烟台汽车工程职业学院,56,549309
2024,2,12,市场营销,E081,烟台汽车工程职业学院,75,552109
2024,2,13,现代物流管理,E081,烟台汽车工程职业学院,34,540118
2024,2,14,大数据与会计,E081,烟台汽车工程职业学院,120,473333
2024,2,15,电子商务,E081,烟台汽车工程职业学院,131,548727
2024,2,16,关务与外贸服务,E081,烟台汽车工程职业学院,24,546648
2024,2,17,数控技术,E081,烟台汽车工程职业学院,20,503636
2024,2,18,机电一体化技术,E081,烟台汽车工程职业学院,160,500441
2024,2,19,工业机器人技术,E081,烟台汽车工程职业学院,68,527276
2024,2,20,机械制造及自动化,E081,烟台汽车工程职业学院,80,512554
2024,2,21,机械设计与制造,E081,烟台汽车工程职业学院,50,520312
2024,2,22,工业互联网应用,E081,烟台汽车工程职业学院,25,530544
2024,2,23,模具设计与制造,E081,烟台汽车工程职业学院,50,537465
2024,2,24,增材制造技术,E081,烟台汽车工程职业学院,10,530909
2024,2,25,现代通信技术,E081,烟台汽车工程职业学院,40,528718
2024,2,26,电梯工程技术,E081,烟台汽车工程职业学院,60,526486
2024,2,27,无人机应用技术,E081,烟台汽车工程职业学院,55,522781
2024,2,28,人工智能技术应用,E081,烟台汽车工程职业学院,30,518309
2024,2,29,智能控制技术,E081,烟台汽车工程职业学院,12,512993
2024,2,30,电子信息工程技术,E081,烟台汽车工程职业学院,85,520785
2024,2,31,电气自动化技术,E081,烟台汽车工程职业学院,90,480043
2024,2,32,电子产品制造技术,E081,烟台汽车工程职业学院,45,519687
2024,2,33,物联网应用技术,E081,烟台汽车工程职业学院,117,524504
2024,2,34,虚拟现实技术应用,E081,烟台汽车工程职业学院,63,539327
2024,2,35,大数据技术,E081,烟台汽车工程职业学院,67,500142
2024,2,36,计算机网络技术,E081,烟台汽车工程职业学院,215,513866
2024,2,37,数字媒体技术,E081,烟台汽车工程职业学院,100,485314
2024,2,38,汽车制造与试验技术,E081,烟台汽车工程职业学院,74,535855
2024,2,39,汽车检测与维修技术,E081,烟台汽车工程职业学院,135,537232
2024,2,40,汽车造型与改装技术,E081,烟台汽车工程职业学院,65,541341
2024,2,41,智能工程机械运用技术,E081,烟台汽车工程职业学院,66,532117
2024,2,42,汽车技术服务与营销,E081,烟台汽车工程职业学院,70,548191
2024,2,43,新能源汽车技术,E081,烟台汽车工程职业学院,79,508484
2024,2,44,汽车电子技术,E081,烟台汽车工程职业学院,126,543002
2024,2,45,汽车智能技术,E081,烟台汽车工程职业学院,43,535548
2024,2,46,新能源汽车检测与维修技术,E081,烟台汽车工程职业学院,120,524534
2024,2,47,智能网联汽车技术,E081,烟台汽车工程职业学院,109,541077
2024,2,48,智能交通技术,E081,烟台汽车工程职业学院,25,529656
2024,2,51,电气自动化技术(高职3+2贯通培养，衔接临沂大学电气工程及其自动化专,E081,烟台汽车工程职业学院,40,215035
2024,2,52,机械制造及自动化(高职3+2贯通培养，衔接临沂大学智能制造工程专业),E081,烟台汽车工程职业学院,40,240004
2024,2,53,市场营销(高职3+2贯通培养，衔接枣庄学院市场营销专业),E081,烟台汽车工程职业学院,40,250145
2024,2,54,汽车检测与维修技术(高职3+2贯通培养，衔接聊城大学车辆工程专业),E081,烟台汽车工程职业学院,30,248310
2024,2,01,刑事执行,E082,山东司法警官职业学院,80,234887
2024,2,02,刑事执行,E082,山东司法警官职业学院,9,164403
2024,2,03,刑事侦查技术,E082,山东司法警官职业学院,80,256721
2024,2,04,刑事侦查技术,E082,山东司法警官职业学院,9,192470
2024,2,05,司法信息安全,E082,山东司法警官职业学院,51,265647
2024,2,06,司法信息安全,E082,山东司法警官职业学院,5,198384
2024,2,07,行政执行,E082,山东司法警官职业学院,50,272436
2024,2,08,行政执行,E082,山东司法警官职业学院,4,193678
2024,2,21,法律事务,E082,山东司法警官职业学院,352,320836
2024,2,22,法律文秘,E082,山东司法警官职业学院,100,312813
2024,2,23,民事执行,E082,山东司法警官职业学院,100,332058
2024,2,24,司法警务,E082,山东司法警官职业学院,320,340368
2024,2,25,安全技术与管理,E082,山东司法警官职业学院,70,358519
2024,2,26,应急救援技术,E082,山东司法警官职业学院,70,369461
2024,2,27,安全防范技术,E082,山东司法警官职业学院,50,356410
2024,2,28,智能安防运营管理,E082,山东司法警官职业学院,70,374058
2024,2,29,司法信息技术,E082,山东司法警官职业学院,70,334384
2024,2,31,信息安全技术应用,E082,山东司法警官职业学院,70,330815
2024,2,32,大数据技术,E082,山东司法警官职业学院,50,338831
2024,2,51,法律事务,E082,山东司法警官职业学院,100,289211
2024,2,52,法律文秘,E082,山东司法警官职业学院,100,325502
2024,2,53,安全防范技术,E082,山东司法警官职业学院,100,590679
2024,2,11,法律事务(高职3+2贯通培养，衔接临沂大学法学专业),E082,山东司法警官职业学院,40,174595
2024,2,12,法律文秘(高职3+2贯通培养，衔接山东政法学院新闻学专业),E082,山东司法警官职业学院,50,194212
2024,2,13,民事执行(高职3+2贯通培养，衔接山东政法学院知识产权专业),E082,山东司法警官职业学院,50,186351
2024,2,14,司法警务(高职3+2贯通培养，衔接菏泽学院信用风险管理与法律防控专业,E082,山东司法警官职业学院,40,200219
2024,2,15,社区矫正(高职3+2贯通培养，衔接山东政法学院社区矫正专业),E082,山东司法警官职业学院,50,195086
2024,2,16,信息安全技术应用(高职3+2贯通培养，衔接山东政法学院网络空间安全专,E082,山东司法警官职业学院,30,198616
2024,2,01,作物生产与经营管理,E085,西藏职业技术学院,1,430063
2024,2,03,现代农业经济管理,E085,西藏职业技术学院,4,466031
2024,2,04,林业技术,E085,西藏职业技术学院,5,565007
2024,2,09,动物防疫与检疫,E085,西藏职业技术学院,10,594614
2024,2,0B,发电厂及电力系统,E085,西藏职业技术学院,5,448898
2024,2,0C,供用电技术,E085,西藏职业技术学院,5,477716
2024,2,0D,建筑工程技术,E085,西藏职业技术学院,5,546333
2024,2,0E,工程造价,E085,西藏职业技术学院,5,469259
2024,2,0K,信息安全技术应用,E085,西藏职业技术学院,5,464743
2024,2,0L,大数据与会计,E085,西藏职业技术学院,10,591893
2024,2,0Q,旅游管理,E085,西藏职业技术学院,5,553083
2024,2,0R,酒店管理与数字化运营,E085,西藏职业技术学院,5,555305
2024,2,0U,广告艺术设计,E085,西藏职业技术学院,5,648247
2024,2,12,新闻采编与制作,E086,四川文化产业职业学院,5,325232
2024,2,13,网络舆情监测,E086,四川文化产业职业学院,5,347690
2024,2,14,影视多媒体技术,E086,四川文化产业职业学院,5,321815
2024,2,22,文化产业经营与管理,E086,四川文化产业职业学院,5,311821
2024,2,29,文化创意与策划,E086,四川文化产业职业学院,5,341638
2024,2,AC,空中乘务,E090,浙江横店影视职业学院,4,518750
2024,2,06,学前教育(师范类),E093,运城幼儿师范高等专科学校,20,638698
2024,2,07,小学语文教育(师范类),E093,运城幼儿师范高等专科学校,20,354874
2024,2,08,小学英语教育(师范类),E093,运城幼儿师范高等专科学校,10,374071
2024,2,02,学前教育(师范类),E095,黑龙江幼儿师范高等专科学校,18,585032
2024,2,04,小学语文教育(师范类),E095,黑龙江幼儿师范高等专科学校,8,343198
2024,2,05,小学数学教育(师范类),E095,黑龙江幼儿师范高等专科学校,2,331869
2024,2,06,小学英语教育(师范类),E095,黑龙江幼儿师范高等专科学校,8,374159
2024,2,17,小学道德与法治教育(师范类),E095,黑龙江幼儿师范高等专科学校,4,357843
2024,2,22,早期教育(师范类),E095,黑龙江幼儿师范高等专科学校,5,514481
2024,2,05,临床医学,E097,益阳医学高等专科学校,5,292181
2024,2,06,口腔医学,E097,益阳医学高等专科学校,2,216942
2024,2,07,护理,E097,益阳医学高等专科学校,2,285568
2024,2,0E,康复治疗技术,E097,益阳医学高等专科学校,1,271800
2024,2,0Z,法律事务,E100,山东政法学院,40,235669
2024,2,10,行政管理,E100,山东政法学院,40,247584
2024,2,11,大数据与财务管理,E100,山东政法学院,100,252524
2024,2,12,跨境电子商务,E100,山东政法学院,100,272967
2024,2,01,建筑工程技术,E103,冀中职业学院,5,518625
2024,2,0M,广告艺术设计,E103,冀中职业学院,5,507156
2024,2,02,护理,E105,山西老区职业技术学院,5,530782
2024,2,25,小学教育(师范类),E107,白城职业技术学院,10,373471
2024,2,01,学前教育(师范类),E108,哈尔滨科学技术职业学院,5,408238
2024,2,03,小学语文教育(师范类),E108,哈尔滨科学技术职业学院,5,329431
2024,2,04,小学英语教育(师范类),E108,哈尔滨科学技术职业学院,5,374084
2024,2,0A,计算机网络技术,E108,哈尔滨科学技术职业学院,5,364528
2024,2,0B,大数据技术,E108,哈尔滨科学技术职业学院,5,380180
2024,2,0H,城市轨道交通运营管理,E108,哈尔滨科学技术职业学院,5,369264
2024,2,0K,新能源汽车技术,E108,哈尔滨科学技术职业学院,5,391922
2024,2,0R,大数据与会计,E108,哈尔滨科学技术职业学院,5,337365
2024,2,10,心理咨询,E108,哈尔滨科学技术职业学院,5,347547
2024,2,12,空中乘务,E111,厦门南洋职业学院,2,614922
2024,2,32,数字媒体艺术设计,E111,厦门南洋职业学院,3,550872
2024,2,14,空中乘务,E112,厦门东海职业技术学院,5,649836
2024,2,01,茶叶生产与加工技术,E113,漳州科技职业学院,5,641739
2024,2,12,人工智能技术应用,E113,漳州科技职业学院,5,626941
2024,2,13,护理,E113,漳州科技职业学院,5,603282
2024,2,14,助产,E113,漳州科技职业学院,5,633517
2024,2,20,大数据与财务管理,E113,漳州科技职业学院,5,632547
2024,2,21,大数据与会计,E113,漳州科技职业学院,5,620995
2024,2,29,茶艺与茶文化,E113,漳州科技职业学院,5,619512
2024,2,37,学前教育,E113,漳州科技职业学院,5,639594
2024,2,03,计算机网络技术,E115,漳州理工职业学院,2,550929
2024,2,01,口腔医学,E118,菏泽家政职业学院,120,290972
2024,2,02,针灸推拿,E118,菏泽家政职业学院,120,387391
2024,2,03,药品生产技术,E118,菏泽家政职业学院,34,482446
2024,2,04,药学,E118,菏泽家政职业学院,70,471131
2024,2,05,中药学,E118,菏泽家政职业学院,65,464794
2024,2,06,助产,E118,菏泽家政职业学院,100,489333
2024,2,07,护理,E118,菏泽家政职业学院,427,444160
2024,2,08,医学影像技术,E118,菏泽家政职业学院,70,425506
2024,2,09,口腔医学技术,E118,菏泽家政职业学院,48,427792
2024,2,0B,康复治疗技术,E118,菏泽家政职业学院,130,470618
2024,2,0C,医学检验技术,E118,菏泽家政职业学院,35,426456
2024,2,0D,中医康复技术,E118,菏泽家政职业学院,65,462968
2024,2,0E,健康大数据管理与服务,E118,菏泽家政职业学院,15,517093
2024,2,0F,婴幼儿托育服务与管理,E118,菏泽家政职业学院,5,512779
2024,2,0G,早期教育,E118,菏泽家政职业学院,100,548143
2024,2,0H,智慧健康养老服务与管理,E118,菏泽家政职业学院,10,495326
2024,2,0J,酒店管理与数字化运营,E118,菏泽家政职业学院,30,549758
2024,2,0K,社会工作,E118,菏泽家政职业学院,35,529407
2024,2,0L,现代家政服务与管理,E118,菏泽家政职业学院,5,492033
2024,2,0M,老年保健与管理,E118,菏泽家政职业学院,5,481556
2024,2,0N,舞蹈表演,E118,菏泽家政职业学院,40,563631
2024,2,0P,健康管理,E118,菏泽家政职业学院,5,482358
2024,2,0A,康复治疗技术(高职3+2贯通培养，衔接济宁医学院康复治疗学专业),E118,菏泽家政职业学院,40,215011
2024,2,5A,护理(高职3+2贯通培养，衔接临沂大学护理学专业),E118,菏泽家政职业学院,40,205247
2024,2,5B,药学(高职3+2贯通培养，衔接菏泽学院药学专业),E118,菏泽家政职业学院,40,215358
2024,2,5C,医学检验技术(高职3+2贯通培养，衔接临沂大学医学检验技术专业),E118,菏泽家政职业学院,40,211833
2024,2,5D,健康管理(高职3+2贯通培养，衔接山东中医药大学健康服务与管理专业),E118,菏泽家政职业学院,40,220851
2024,2,A3,机电一体化技术,E119,湖北科技职业学院,5,376153
2024,2,AE,物联网应用技术,E119,湖北科技职业学院,10,375523
2024,2,AK,市场营销,E119,湖北科技职业学院,10,414193
2024,2,AV,建筑室内设计,E119,湖北科技职业学院,5,386273
2024,2,02,新能源汽车技术,E126,广东文理职业学院,2,443336
2024,2,10,计算机应用技术,E126,广东文理职业学院,2,396992
2024,2,19,药学,E126,广东文理职业学院,2,460989
2024,2,1D,护理,E126,广东文理职业学院,2,433822
2024,2,21,口腔医学技术,E126,广东文理职业学院,2,439029
2024,2,03,连锁经营与管理,E128,重庆财经职业学院,2,323418
2024,2,17,统计与大数据分析,E128,重庆财经职业学院,2,315354
2024,2,18,大数据与会计,E128,重庆财经职业学院,2,250851
2024,2,19,财务会计类,E128,重庆财经职业学院,3,280182
2024,2,22,工程造价,E128,重庆财经职业学院,2,331772
2024,2,24,大数据技术,E128,重庆财经职业学院,2,305116
2024,2,25,计算机应用技术,E128,重庆财经职业学院,2,283916
2024,2,30,人工智能技术应用,E128,重庆财经职业学院,2,311194
2024,2,31,数字媒体技术,E128,重庆财经职业学院,3,302798
2024,2,11,建筑室内设计,E129,贵阳职业技术学院,3,442084
2024,2,19,现代物流管理,E129,贵阳职业技术学院,3,475710
2024,2,20,旅游管理,E129,贵阳职业技术学院,1,383932
2024,2,01,工程造价,E137,蚌埠经济技术职业学院,5,559836
2024,2,03,智能机电技术,E137,蚌埠经济技术职业学院,8,607503
2024,2,06,高速铁路客运服务,E137,蚌埠经济技术职业学院,2,503889
2024,2,0D,护理,E137,蚌埠经济技术职业学院,5,486729
2024,2,0F,医学生物技术,E137,蚌埠经济技术职业学院,8,551916
2024,2,0G,口腔医学技术,E137,蚌埠经济技术职业学院,2,484025
2024,2,09,大数据与会计,E138,新疆职业大学,2,347574
2024,2,10,工商企业管理,E138,新疆职业大学,2,465014
2024,2,11,市场营销,E138,新疆职业大学,2,513888
2024,2,12,电子商务,E138,新疆职业大学,2,479618
2024,2,13,现代物流管理,E138,新疆职业大学,2,509645
2024,2,14,社会工作,E138,新疆职业大学,2,490117
2024,2,15,人力资源管理,E138,新疆职业大学,2,415795
2024,2,16,宝玉石鉴定与加工(玉雕),E138,新疆职业大学,2,466927
2024,2,17,宝玉石鉴定与加工(鉴定),E138,新疆职业大学,2,499076
2024,2,20,传播与策划,E138,新疆职业大学,3,499784
2024,2,21,现代文秘(涉外秘书),E138,新疆职业大学,2,423738
2024,2,22,学前教育(师范类),E138,新疆职业大学,2,450281
2024,2,24,小学英语教育(师范类),E138,新疆职业大学,2,411042
2024,2,25,旅游英语,E138,新疆职业大学,2,560437
2024,2,26,商务英语,E138,新疆职业大学,2,473523
2024,2,27,应用俄语,E138,新疆职业大学,2,484478
2024,2,28,电力系统继电保护技术,E138,新疆职业大学,3,429641
2024,2,29,机电一体化技术,E138,新疆职业大学,3,386276
2024,2,30,电气自动化技术,E138,新疆职业大学,3,399783
2024,2,31,工业机器人技术,E138,新疆职业大学,2,444626
2024,2,32,汽车检测与维修技术,E138,新疆职业大学,3,471996
2024,2,33,飞机机电设备维修,E138,新疆职业大学,2,439434
2024,2,34,新能源汽车检测与维修技术,E138,新疆职业大学,3,474417
2024,2,35,物联网应用技术,E138,新疆职业大学,2,418296
2024,2,37,计算机网络技术(网络构建),E138,新疆职业大学,2,424041
2024,2,38,计算机网络技术(现代安防),E138,新疆职业大学,2,400925
2024,2,39,软件技术(移动应用软件开发),E138,新疆职业大学,2,459578
2024,2,40,信息安全技术应用,E138,新疆职业大学,2,463635
2024,2,41,大数据技术,E138,新疆职业大学,2,441385
2024,2,43,空中乘务(航空服务),E138,新疆职业大学,2,542100
2024,2,44,民航安全技术管理,E138,新疆职业大学,2,452715
2024,2,45,旅游管理,E138,新疆职业大学,3,510408
2024,2,46,酒店管理与数字化运营,E138,新疆职业大学,3,537780
2024,2,47,智慧健康养老服务与管理,E138,新疆职业大学,3,469560
2024,2,48,导游,E138,新疆职业大学,2,493391
2024,2,49,食品智能加工技术(焙烤食品加工技术),E138,新疆职业大学,2,508264
2024,2,50,餐饮智能管理,E138,新疆职业大学,2,481244
2024,2,51,烹饪工艺与营养(中餐烹调),E138,新疆职业大学,3,518786
2024,2,52,烹饪工艺与营养(西餐烹调),E138,新疆职业大学,2,496336
2024,2,XA,智能焊接技术,E138,新疆职业大学,2,430421
2024,2,14,公益慈善事业管理,E139,民政职业大学,5,277999
2024,2,16,社会工作,E139,民政职业大学,6,260385
2024,2,1D,学前教育,E139,民政职业大学,3,294979
2024,2,1E,早期教育,E139,民政职业大学,3,313276
2024,2,1F,现代家政服务与管理(婴幼儿照护),E139,民政职业大学,3,296614
2024,2,1G,现代殡葬技术与管理,E139,民政职业大学,4,220388
2024,2,1M,民政服务与管理,E139,民政职业大学,3,240660
2024,2,1N,大数据与会计,E139,民政职业大学,3,254936
2024,2,1P,影视多媒体技术,E139,民政职业大学,3,277827
2024,2,16,新闻采编与制作,E140,北京艺术传媒职业学院,2,405002
2024,2,01,临床医学,E158,石家庄人民医学高等专科学校,4,358246
2024,2,02,口腔医学,E158,石家庄人民医学高等专科学校,4,298924
2024,2,03,护理,E158,石家庄人民医学高等专科学校,2,379633
2024,2,01,软件技术,E163,苏州高博职业学院,5,467203
2024,2,08,城市轨道交通运营管理,E163,苏州高博职业学院,5,490034
2024,2,16,建筑室内设计,E163,苏州高博职业学院,5,549715
2024,2,28,大数据与会计,E163,苏州高博职业学院,10,477100
2024,2,30,护理,E163,苏州高博职业学院,5,484819
2024,2,05,光伏材料制备技术,E166,江西新能源科技职业学院,5,586099
2024,2,07,光伏工程技术(光伏发电),E166,江西新能源科技职业学院,5,582458
2024,2,10,智能光电技术应用,E166,江西新能源科技职业学院,5,618787
2024,2,18,工业机器人技术,E166,江西新能源科技职业学院,5,591541
2024,2,19,新能源汽车技术,E166,江西新能源科技职业学院,5,582424
2024,2,22,智能网联汽车技术,E166,江西新能源科技职业学院,5,621568
2024,2,27,护理,E166,江西新能源科技职业学院,5,561948
2024,2,32,学前教育,E166,江西新能源科技职业学院,5,617235
2024,2,01,护理,E167,江西枫林涉外经贸职业学院,20,601835
2024,2,05,电子商务,E167,江西枫林涉外经贸职业学院,5,612566
2024,2,08,大数据与会计,E167,江西枫林涉外经贸职业学院,5,589314
2024,2,0B,广告艺术设计,E167,江西枫林涉外经贸职业学院,2,556657
2024,2,0C,建筑室内设计,E167,江西枫林涉外经贸职业学院,5,604334
2024,2,0E,建筑工程技术,E167,江西枫林涉外经贸职业学院,3,619572
2024,2,0H,计算机应用技术,E167,江西枫林涉外经贸职业学院,10,596513
2024,2,0P,机电一体化技术,E167,江西枫林涉外经贸职业学院,10,583885
2024,2,0R,工业机器人技术,E167,江西枫林涉外经贸职业学院,10,621278
2024,2,0T,工业互联网应用,E167,江西枫林涉外经贸职业学院,5,630580
2024,2,0Y,网络营销与直播电商,E167,江西枫林涉外经贸职业学院,10,640720
2024,2,10,护理(中外合作办学),E167,江西枫林涉外经贸职业学院,5,652230
2024,2,02,动漫制作技术,E168,江西泰豪动漫职业学院,5,608119
2024,2,06,虚拟现实技术应用,E168,江西泰豪动漫职业学院,3,618862
2024,2,07,软件技术,E168,江西泰豪动漫职业学院,3,636848
2024,2,10,计算机应用技术(华为ICT),E168,江西泰豪动漫职业学院,3,628588
2024,2,11,云计算技术应用(华为ICT),E168,江西泰豪动漫职业学院,3,647737
2024,2,12,移动互联应用技术(华为ICT),E168,江西泰豪动漫职业学院,3,639799
2024,2,13,大数据技术(华为ICT),E168,江西泰豪动漫职业学院,3,628263
2024,2,31,无人机应用技术,E168,江西泰豪动漫职业学院,3,644740
2024,2,33,智能机电技术,E168,江西泰豪动漫职业学院,3,643643
2024,2,39,跨境电子商务,E168,江西泰豪动漫职业学院,3,648671
2024,2,01,茶叶生产与加工技术,E171,梧州职业学院,2,492752
2024,2,12,智能机器人技术,E171,梧州职业学院,2,505016
2024,2,18,移动互联应用技术,E171,梧州职业学院,2,505831
2024,2,20,数字媒体技术,E171,梧州职业学院,2,449768
2024,2,21,大数据技术,E171,梧州职业学院,2,497230
2024,2,24,护理,E171,梧州职业学院,3,424711
2024,2,25,药学,E171,梧州职业学院,2,441183
2024,2,32,电子商务,E171,梧州职业学院,2,518891
2024,2,36,学前教育,E171,梧州职业学院,3,488731
2024,2,05,工程造价,E172,海南科技职业大学,4,653421
2024,2,0D,新能源汽车技术,E172,海南科技职业大学,6,630920
2024,2,0E,石油化工技术,E172,海南科技职业大学,3,606271
2024,2,0F,食品检验检测技术,E172,海南科技职业大学,3,640898
2024,2,0H,航海技术,E172,海南科技职业大学,9,636334
2024,2,0J,轮机工程技术,E172,海南科技职业大学,4,641395
2024,2,0K,国际邮轮乘务管理,E172,海南科技职业大学,4,638352
2024,2,0L,水路运输安全管理,E172,海南科技职业大学,4,641639
2024,2,0M,计算机网络技术,E172,海南科技职业大学,6,597283
2024,2,0P,大数据技术,E172,海南科技职业大学,6,658219
2024,2,0Q,护理,E172,海南科技职业大学,3,478741
2024,2,0R,助产,E172,海南科技职业大学,4,635614
2024,2,0S,中药学,E172,海南科技职业大学,4,623593
2024,2,0T,医学检验技术,E172,海南科技职业大学,3,566900
2024,2,0W,金融服务与管理,E172,海南科技职业大学,3,658506
2024,2,0Y,大数据与财务管理,E172,海南科技职业大学,4,601103
2024,2,10,工商企业管理,E172,海南科技职业大学,3,628018
2024,2,13,现代物流管理,E172,海南科技职业大学,2,637269
2024,2,16,烹饪工艺与营养,E172,海南科技职业大学,3,644474
2024,2,21,学前教育,E175,四川城市职业学院,25,646309
2024,2,47,护理,E175,四川城市职业学院,25,623381
2024,2,51,口腔医学技术,E175,四川城市职业学院,40,626907
2024,2,01,电子信息工程技术,E176,四川现代职业学院,2,550518
2024,2,05,数字媒体技术,E176,四川现代职业学院,2,526448
2024,2,07,软件技术,E176,四川现代职业学院,2,549012
2024,2,13,数控技术,E176,四川现代职业学院,2,572259
2024,2,19,建设工程管理,E176,四川现代职业学院,2,608534
2024,2,22,药品质量与安全,E176,四川现代职业学院,2,594521
2024,2,25,大数据与会计,E176,四川现代职业学院,2,519994
2024,2,30,旅游管理,E176,四川现代职业学院,2,602406
2024,2,34,市场营销,E176,四川现代职业学院,2,565940
2024,2,40,工业产品质量检测技术,E176,四川现代职业学院,2,607929
2024,2,04,小学英语教育(师范类),E178,佳木斯职业学院,50,481886
2024,2,01,酒店管理与数字化运营,E180,南京旅游职业学院,10,391680
2024,2,05,葡萄酒文化与营销,E180,南京旅游职业学院,2,390094
2024,2,06,人工智能技术应用,E180,南京旅游职业学院,1,310967
2024,2,07,茶艺与茶文化,E180,南京旅游职业学院,1,350622
2024,2,08,旅游管理,E180,南京旅游职业学院,6,328122
2024,2,09,电子商务,E180,南京旅游职业学院,2,310795
2024,2,11,研学旅行管理与服务,E180,南京旅游职业学院,1,356107
2024,2,13,智慧旅游技术应用,E180,南京旅游职业学院,2,370138
2024,2,14,空中乘务,E180,南京旅游职业学院,20,426969
2024,2,17,会展策划与管理,E180,南京旅游职业学院,2,336108
2024,2,19,烹饪工艺与营养,E180,南京旅游职业学院,2,362622
2024,2,20,西式烹饪工艺,E180,南京旅游职业学院,4,308814
2024,2,21,中西面点工艺,E180,南京旅游职业学院,2,293874
2024,2,23,旅游英语,E180,南京旅游职业学院,5,341869
2024,2,24,旅游日语,E180,南京旅游职业学院,2,289873
2024,2,25,应用韩语,E180,南京旅游职业学院,7,390515
2024,2,26,应用西班牙语,E180,南京旅游职业学院,1,248412
2024,2,24,物联网应用技术,E182,湖南国防工业职业技术学院,5,403741
2024,2,25,智能制造装备技术,E182,湖南国防工业职业技术学院,5,417681
2024,2,26,建筑工程技术,E182,湖南国防工业职业技术学院,10,449283
2024,2,14,护理,E186,朔州职业技术学院,10,430878
2024,2,01,铁道机车运用与维护,E187,包头铁道职业技术学院,6,302198
2024,2,06,铁道信号自动控制,E187,包头铁道职业技术学院,10,304277
2024,2,09,铁道交通运营管理,E187,包头铁道职业技术学院,6,293996
2024,2,16,铁道桥梁隧道工程技术,E187,包头铁道职业技术学院,8,331855
2024,2,02,铁道交通运营管理(铁路行车),E188,辽宁铁道职业技术学院,4,265630
2024,2,03,铁路物流管理,E188,辽宁铁道职业技术学院,2,270325
2024,2,05,铁道信号自动控制,E188,辽宁铁道职业技术学院,6,287016
2024,2,06,铁道供电技术,E188,辽宁铁道职业技术学院,6,290943
2024,2,10,铁道机车运用与维护,E188,辽宁铁道职业技术学院,2,274635
2024,2,11,铁道机车车辆制造与维护,E188,辽宁铁道职业技术学院,2,289099
2024,2,12,铁道车辆技术,E188,辽宁铁道职业技术学院,2,278925
2024,2,13,动车组检修技术,E188,辽宁铁道职业技术学院,2,283054
2024,2,15,铁道工程技术,E188,辽宁铁道职业技术学院,4,300718
2024,2,17,铁道桥梁隧道工程技术,E188,辽宁铁道职业技术学院,2,295238
2024,2,18,铁道养路机械应用技术,E188,辽宁铁道职业技术学院,2,319097
2024,2,20,铁道通信与信息化技术,E188,辽宁铁道职业技术学院,4,298286
2024,2,26,城市轨道交通通信信号技术,E188,辽宁铁道职业技术学院,2,298639
2024,2,07,针灸推拿,E190,长白山职业技术学院,10,350825
2024,2,10,康复治疗技术,E190,长白山职业技术学院,10,401942
2024,2,03,广播影视节目制作,E193,山东传媒职业学院,158,415949
2024,2,04,影视编导,E193,山东传媒职业学院,70,407874
2024,2,13,录音技术与艺术,E193,山东传媒职业学院,28,401320
2024,2,14,电子商务,E193,山东传媒职业学院,10,389327
2024,2,15,新闻采编与制作,E193,山东传媒职业学院,132,370746
2024,2,16,传播与策划,E193,山东传媒职业学院,60,380396
2024,2,17,网络新闻与传播,E193,山东传媒职业学院,20,296845
2024,2,18,网络直播与运营,E193,山东传媒职业学院,53,382760
2024,2,19,数字广播电视技术,E193,山东传媒职业学院,10,390291
2024,2,20,软件技术,E193,山东传媒职业学院,85,356327
2024,2,21,数字媒体技术,E193,山东传媒职业学院,84,326820
2024,2,22,融媒体技术与运营,E193,山东传媒职业学院,45,354349
2024,2,23,影视多媒体技术,E193,山东传媒职业学院,35,341454
2024,2,25,数字图文信息处理技术,E193,山东传媒职业学院,5,355621
2024,2,26,全媒体广告策划与营销,E193,山东传媒职业学院,70,400555
2024,2,27,学前教育(师范类),E193,山东传媒职业学院,40,392107
2024,2,28,早期教育,E193,山东传媒职业学院,45,448262
2024,2,29,婴幼儿托育服务与管理,E193,山东传媒职业学院,45,492571
2024,2,78,影视编导(高职3+2贯通培养，衔接枣庄学院广播电视编导专业),E193,山东传媒职业学院,40,239204
2024,2,79,网络新闻与传播(高职3+2贯通培养，衔接山东政法学院网络与新媒体专业,E193,山东传媒职业学院,50,213968
2024,2,10,大数据与会计,E195,临沂职业学院,35,325432
2024,2,11,现代物流管理,E195,临沂职业学院,60,485230
2024,2,12,市场营销,E195,临沂职业学院,25,512168
2024,2,13,电子商务,E195,临沂职业学院,60,511557
2024,2,14,跨境电子商务,E195,临沂职业学院,45,541785
2024,2,15,金融服务与管理,E195,临沂职业学院,30,502177
2024,2,16,工程测量技术,E195,临沂职业学院,45,518530
2024,2,17,建筑装饰工程技术,E195,临沂职业学院,60,544460
2024,2,18,建筑工程技术,E195,临沂职业学院,10,485435
2024,2,19,工程造价,E195,临沂职业学院,50,485333
2024,2,20,学前教育(师范类),E195,临沂职业学院,45,429895
2024,2,21,早期教育,E195,临沂职业学院,20,487837
2024,2,22,中医康复技术,E195,临沂职业学院,85,427547
2024,2,23,康复治疗技术,E195,临沂职业学院,95,437720
2024,2,26,智慧健康养老服务与管理,E195,临沂职业学院,90,492659
2024,2,27,现代物业管理,E195,临沂职业学院,45,520569
2024,2,28,旅游管理,E195,临沂职业学院,60,523133
2024,2,29,大数据与财务管理,E195,临沂职业学院,25,403490
2024,2,30,汽车技术服务与营销,E195,临沂职业学院,20,511762
2024,2,31,农村电子商务,E195,临沂职业学院,25,547802
2024,2,32,环境监测技术,E195,临沂职业学院,45,512539
2024,2,33,安全技术与管理,E195,临沂职业学院,90,521951
2024,2,34,物联网应用技术,E195,临沂职业学院,70,497231
2024,2,35,计算机网络技术,E195,临沂职业学院,45,448624
2024,2,36,软件技术,E195,临沂职业学院,70,442628
2024,2,37,大数据技术,E195,临沂职业学院,50,466882
2024,2,38,智能互联网络技术,E195,临沂职业学院,110,523320
2024,2,39,数控技术,E195,临沂职业学院,40,464651
2024,2,40,机械制造及自动化,E195,临沂职业学院,40,446343
2024,2,41,智能焊接技术,E195,临沂职业学院,40,487292
2024,2,42,机电一体化技术,E195,临沂职业学院,25,421014
2024,2,44,智能控制技术,E195,临沂职业学院,35,477771
2024,2,45,工业机器人技术,E195,临沂职业学院,25,470138
2024,2,46,数字媒体艺术设计,E195,临沂职业学院,70,433951
2024,2,47,环境艺术设计,E195,临沂职业学院,90,519496
2024,2,48,广告艺术设计,E195,临沂职业学院,45,456369
2024,2,49,室内艺术设计,E195,临沂职业学院,45,488184
2024,2,50,虚拟现实技术应用,E195,临沂职业学院,55,515173
2024,2,H1,现代物流管理(中外合作办学),E195,临沂职业学院,100,609451
2024,2,43,机电一体化技术(高职技师合作培养，在临沂市技师学院就读),E195,临沂职业学院,40,494908
2024,2,G1,大数据与会计(高职3+2贯通培养，衔接青岛理工大学会计学专业),E195,临沂职业学院,40,177637
2024,2,G2,现代物流管理(高职3+2贯通培养，衔接临沂大学物流管理专业),E195,临沂职业学院,40,220500
2024,2,G3,市场营销(高职3+2贯通培养，衔接枣庄学院市场营销专业),E195,临沂职业学院,40,245402
2024,2,G4,建筑工程技术(高职3+2贯通培养，衔接青岛理工大学智能建造专业),E195,临沂职业学院,80,240075
2024,2,G6,机械制造及自动化(高职3+2贯通培养，衔接临沂大学机械设计制造及其自,E195,临沂职业学院,40,226436
2024,2,G7,智能控制技术(高职3+2贯通培养，衔接临沂大学自动化专业),E195,临沂职业学院,40,223012
2024,2,01,口腔医学,E196,枣庄职业学院,100,265044
2024,2,02,护理,E196,枣庄职业学院,40,396996
2024,2,03,康复治疗技术,E196,枣庄职业学院,60,438969
2024,2,04,口腔医学技术,E196,枣庄职业学院,35,364922
2024,2,05,口腔卫生保健,E196,枣庄职业学院,35,395143
2024,2,06,老年保健与管理,E196,枣庄职业学院,24,479810
2024,2,08,大数据技术,E196,枣庄职业学院,37,445419
2024,2,09,大数据与会计,E196,枣庄职业学院,44,376154
2024,2,10,电子商务,E196,枣庄职业学院,34,522439
2024,2,11,动漫制作技术,E196,枣庄职业学院,25,466072
2024,2,12,计算机应用技术,E196,枣庄职业学院,52,433289
2024,2,13,信息安全技术应用,E196,枣庄职业学院,43,493859
2024,2,14,虚拟现实技术应用,E196,枣庄职业学院,28,505480
2024,2,15,现代物流管理,E196,枣庄职业学院,40,539395
2024,2,16,电气自动化技术,E196,枣庄职业学院,90,422062
2024,2,17,工业机器人技术,E196,枣庄职业学院,25,488765
2024,2,18,机电一体化技术,E196,枣庄职业学院,52,446717
2024,2,19,机械制造及自动化,E196,枣庄职业学院,60,461722
2024,2,20,人工智能技术应用,E196,枣庄职业学院,30,492963
2024,2,21,数控技术,E196,枣庄职业学院,48,396522
2024,2,22,无人机应用技术,E196,枣庄职业学院,40,498530
2024,2,23,物联网应用技术,E196,枣庄职业学院,30,496740
2024,2,24,汽车检测与维修技术,E196,枣庄职业学院,20,489150
2024,2,25,汽车制造与试验技术,E196,枣庄职业学院,15,501019
2024,2,26,新能源材料应用技术,E196,枣庄职业学院,85,510044
2024,2,27,新能源汽车技术,E196,枣庄职业学院,29,452458
2024,2,28,智能网联汽车技术,E196,枣庄职业学院,20,498499
2024,2,31,畜牧兽医,E196,枣庄职业学院,69,415184
2024,2,32,动物医学,E196,枣庄职业学院,29,336675
2024,2,33,食品检验检测技术,E196,枣庄职业学院,54,466164
2024,2,35,现代农业技术,E196,枣庄职业学院,54,482605
2024,2,37,分析检验技术,E196,枣庄职业学院,45,478299
2024,2,39,环境工程技术,E196,枣庄职业学院,35,526860
2024,2,40,精细化工技术,E196,枣庄职业学院,35,519734
2024,2,41,药品生产技术,E196,枣庄职业学院,45,472336
2024,2,44,应用化工技术,E196,枣庄职业学院,45,431251
2024,2,45,酒店管理与数字化运营,E196,枣庄职业学院,55,542449
2024,2,47,空中乘务,E196,枣庄职业学院,10,511346
2024,2,48,婴幼儿托育服务与管理,E196,枣庄职业学院,10,527558
2024,2,49,旅游管理,E196,枣庄职业学院,61,535686
2024,2,50,智慧景区开发与管理,E196,枣庄职业学院,20,546533
2024,2,51,工程造价,E196,枣庄职业学院,47,579012
2024,2,53,建筑工程技术,E196,枣庄职业学院,52,537697
2024,2,54,建筑装饰工程技术,E196,枣庄职业学院,47,551084
2024,2,55,建筑消防技术,E196,枣庄职业学院,27,507327
2024,2,57,网络新闻与传播,E196,枣庄职业学院,40,464676
2024,2,65,党务工作(台儿庄区农村基层管理人才定制培养),E196,枣庄职业学院,30,325665
2024,2,66,现代农业技术(台儿庄区农村基层管理人才定制培养),E196,枣庄职业学院,30,373028
2024,2,67,旅游管理(订单培养班),E196,枣庄职业学院,20,509776
2024,2,68,酒店管理与数字化运营(订单培养班),E196,枣庄职业学院,20,526984
2024,2,69,高速铁路客运服务(订单培养班),E196,枣庄职业学院,60,345036
2024,2,62,口腔医学(中外合作办学)(与韩国南首尔大学合作),E196,枣庄职业学院,50,293808
2024,2,63,护理(中外合作办学)(与韩国南首尔大学合作),E196,枣庄职业学院,50,452924
2024,2,64,汽车制造与试验技术(中外合作办学)(与德国比勒费尔德中等企业应用技,E196,枣庄职业学院,50,559996
2024,2,80,数控技术(高职3+2贯通培养，衔接枣庄学院机械设计制造及其自动化专业,E196,枣庄职业学院,40,247349
2024,2,81,应用化工技术(高职3+2贯通培养，衔接枣庄学院化学工程与工艺专业),E196,枣庄职业学院,40,247413
2024,2,83,动物医学(高职3+2贯通培养，衔接山东农业工程学院动物医学专业),E196,枣庄职业学院,60,215729
2024,2,84,旅游管理(高职3+2贯通培养，衔接枣庄学院旅游管理专业),E196,枣庄职业学院,40,250276
2024,2,85,计算机应用技术(高职3+2贯通培养，衔接山东体育学院电子竞技运动与管,E196,枣庄职业学院,30,244941
2024,2,01,电气自动化技术,E197,湖北工程职业学院,4,345857
2024,2,08,计算机应用技术,E197,湖北工程职业学院,4,329652
2024,2,16,建筑工程技术,E197,湖北工程职业学院,4,396584
2024,2,24,新能源汽车技术,E197,湖北工程职业学院,3,350155
2024,2,28,学前教育,E197,湖北工程职业学院,2,400770
2024,2,30,电子商务,E197,湖北工程职业学院,4,397146
2024,2,35,护理,E197,湖北工程职业学院,2,301263
2024,2,38,机电一体化技术,E197,湖北工程职业学院,7,361331
2024,2,09,航海技术,E209,大连航运职业技术学院,2,557555
2024,2,10,轮机工程技术,E209,大连航运职业技术学院,2,482368
2024,2,11,国际邮轮乘务管理,E209,大连航运职业技术学院,2,547871
2024,2,19,国际商务,E209,大连航运职业技术学院,2,493796
2024,2,26,港口物流管理,E209,大连航运职业技术学院,2,540789
2024,2,01,建筑工程技术,E211,广西经济职业学院,6,639192
2024,2,02,工程造价,E211,广西经济职业学院,6,640767
2024,2,03,建设工程监理,E211,广西经济职业学院,4,648732
2024,2,04,建筑工程技术(建筑节能技术方向),E211,广西经济职业学院,6,643910
2024,2,05,建筑消防技术,E211,广西经济职业学院,6,645179
2024,2,06,机电一体化技术,E211,广西经济职业学院,6,614499
2024,2,07,无人机应用技术,E211,广西经济职业学院,6,644775
2024,2,08,新能源汽车技术,E211,广西经济职业学院,6,636996
2024,2,09,食品检验检测技术,E211,广西经济职业学院,6,637176
2024,2,10,汽车检测与维修技术,E211,广西经济职业学院,4,637942
2024,2,11,高速铁路客运服务,E211,广西经济职业学院,6,637249
2024,2,12,应用电子技术,E211,广西经济职业学院,4,646725
2024,2,13,计算机应用技术,E211,广西经济职业学院,8,640847
2024,2,14,云计算技术应用,E211,广西经济职业学院,6,645572
2024,2,15,大数据技术,E211,广西经济职业学院,6,644544
2024,2,16,婴幼儿托育服务与管理,E211,广西经济职业学院,6,645291
2024,2,17,老年保健与管理,E211,广西经济职业学院,2,628994
2024,2,18,金融服务与管理,E211,广西经济职业学院,4,646631
2024,2,19,大数据与财务管理,E211,广西经济职业学院,6,647192
2024,2,20,大数据与会计,E211,广西经济职业学院,4,638456
2024,2,21,大数据与会计(国际会计方向),E211,广西经济职业学院,2,636754
2024,2,22,工商企业管理,E211,广西经济职业学院,4,641076
2024,2,23,市场营销,E211,广西经济职业学院,4,643853
2024,2,24,电子商务,E211,广西经济职业学院,4,649768
2024,2,25,现代物流管理,E211,广西经济职业学院,6,639754
2024,2,26,现代物流管理(国际物流方向),E211,广西经济职业学院,4,645916
2024,2,27,酒店管理与数字化运营,E211,广西经济职业学院,6,638187
2024,2,28,烹饪工艺与营养,E211,广西经济职业学院,2,635460
2024,2,29,烹饪工艺与营养(公众营养方向),E211,广西经济职业学院,2,635658
2024,2,30,烹饪工艺与营养(西餐工艺方向),E211,广西经济职业学院,2,639724
2024,2,35,美容美体艺术,E211,广西经济职业学院,2,648848
2024,2,36,人力资源管理,E211,广西经济职业学院,4,651816
2024,2,37,行政管理,E211,广西经济职业学院,4,640476
2024,2,38,舞蹈表演,E211,广西经济职业学院,2,647899
2024,2,39,智慧健康养老服务与管理,E211,广西经济职业学院,2,646480
2024,2,40,现代家政服务与管理,E211,广西经济职业学院,2,635660
2024,2,41,表演艺术,E211,广西经济职业学院,4,643874
2024,2,42,舞蹈表演(流行舞方向),E211,广西经济职业学院,2,648767
2024,2,43,工业机器人技术,E211,广西经济职业学院,6,648114
2024,2,01,护理,E212,云南经贸外事职业学院,3,632820
2024,2,02,助产,E212,云南经贸外事职业学院,6,647449
2024,2,03,药学,E212,云南经贸外事职业学院,15,636331
2024,2,05,医学影像技术,E212,云南经贸外事职业学院,15,640022
2024,2,06,口腔医学技术,E212,云南经贸外事职业学院,15,644582
2024,2,07,医学美容技术,E212,云南经贸外事职业学院,6,640465
2024,2,15,学前教育,E212,云南经贸外事职业学院,15,650196
2024,2,22,建筑工程技术,E212,云南经贸外事职业学院,5,650209
2024,2,12,新能源汽车技术,E213,石家庄科技职业学院,5,578227
2024,2,21,高速铁路客运服务,E213,石家庄科技职业学院,5,484681
2024,2,27,计算机网络技术,E213,石家庄科技职业学院,3,473795
2024,2,28,软件技术,E213,石家庄科技职业学院,3,558991
2024,2,30,大数据技术,E213,石家庄科技职业学院,5,578158
2024,2,32,护理,E213,石家庄科技职业学院,3,475933
2024,2,33,中药学,E213,石家庄科技职业学院,5,540044
2024,2,34,医学检验技术,E213,石家庄科技职业学院,3,534213
2024,2,39,大数据与财务管理,E213,石家庄科技职业学院,3,593679
2024,2,22,学前教育(师范类),E220,广西幼儿师范高等专科学校,5,561385
2024,2,01,汽车电子技术,E228,大连汽车职业技术学院,1,480253
2024,2,03,汽车检测与维修技术,E228,大连汽车职业技术学院,2,498302
2024,2,04,表演艺术,E228,大连汽车职业技术学院,2,581537
2024,2,05,影视动画,E228,大连汽车职业技术学院,3,543893
2024,2,08,新能源汽车技术,E228,大连汽车职业技术学院,2,484581
2024,2,21,飞机机电设备维修,E228,大连汽车职业技术学院,4,564732
2024,2,22,交通运营管理,E228,大连汽车职业技术学院,3,566389
2024,2,23,新能源装备技术,E228,大连汽车职业技术学院,3,558411
2024,2,06,机电一体化技术,E229,安徽矿业职业技术学院,15,559377
2024,2,08,新能源汽车技术,E229,安徽矿业职业技术学院,15,567727
2024,2,03,工业机器人技术,E231,泉州海洋职业学院,5,631565
2024,2,05,游艇设计与制造,E231,泉州海洋职业学院,4,624440
2024,2,07,无人机应用技术,E231,泉州海洋职业学院,5,573193
2024,2,09,石油化工技术,E231,泉州海洋职业学院,5,612264
2024,2,12,航海技术,E231,泉州海洋职业学院,40,619240
2024,2,13,轮机工程技术,E231,泉州海洋职业学院,30,628535
2024,2,14,国际邮轮乘务管理,E231,泉州海洋职业学院,3,631122
2024,2,17,电子信息工程技术,E231,泉州海洋职业学院,30,626879
2024,2,19,计算机应用技术,E231,泉州海洋职业学院,5,542989
2024,2,23,护理,E231,泉州海洋职业学院,40,628577
2024,2,25,大数据与财务管理,E231,泉州海洋职业学院,2,571723
2024,2,27,工商企业管理,E231,泉州海洋职业学院,2,599854
2024,2,33,休闲服务与管理,E231,泉州海洋职业学院,4,633264
2024,2,05,机电一体化技术,E232,泉州轻工职业学院,2,579885
2024,2,06,工业机器人技术,E232,泉州轻工职业学院,2,587811
2024,2,10,食品质量与安全,E232,泉州轻工职业学院,2,534674
2024,2,12,化妆品经营与管理,E232,泉州轻工职业学院,2,643466
2024,2,16,人工智能技术应用,E232,泉州轻工职业学院,2,580185
2024,2,13,工商企业管理,E233,漯河食品工程职业大学,40,618896
2024,2,20,电气自动化技术,E233,漯河食品工程职业大学,8,528929
2024,2,32,交通运营管理,E233,漯河食品工程职业大学,40,633607
2024,2,37,软件技术,E233,漯河食品工程职业大学,8,502676
2024,2,01,新能源汽车技术,E236,三亚理工职业学院,1,513680
2024,2,03,护理,E236,三亚理工职业学院,2,523253
2024,2,05,酒店管理与数字化运营,E236,三亚理工职业学院,1,540085
2024,2,07,会展策划与管理,E236,三亚理工职业学院,1,598868
2024,2,09,旅游管理,E236,三亚理工职业学院,1,570517
2024,2,10,大数据与会计,E236,三亚理工职业学院,3,486906
2024,2,11,国际邮轮乘务管理,E236,三亚理工职业学院,4,629465
2024,2,12,旅游管理(游艇服务与管理),E236,三亚理工职业学院,2,619687
2024,2,02,建筑工程技术,E237,重庆电讯职业学院,3,626826
2024,2,03,建筑消防技术,E237,重庆电讯职业学院,3,636828
2024,2,06,机电一体化技术,E237,重庆电讯职业学院,12,631669
2024,2,07,工业机器人技术,E237,重庆电讯职业学院,9,636710
2024,2,10,新能源汽车技术,E237,重庆电讯职业学院,13,619152
2024,2,15,民航运输服务,E237,重庆电讯职业学院,4,639891
2024,2,18,软件技术,E237,重庆电讯职业学院,5,617034
2024,2,19,数字媒体技术,E237,重庆电讯职业学院,5,616041
2024,2,20,大数据技术,E237,重庆电讯职业学院,5,628989
2024,2,26,现代移动通信技术,E237,重庆电讯职业学院,5,614643
2024,2,40,城市轨道交通运营管理,E237,重庆电讯职业学院,6,611188
2024,2,09,汽车制造与试验技术(中外合作办学),E237,重庆电讯职业学院,5,641765
2024,2,27,通信系统运行管理(中外合作办学),E237,重庆电讯职业学院,5,638891
2024,2,01,护理,E238,重庆能源职业学院,4,498936
2024,2,13,城市轨道交通运营管理,E238,重庆能源职业学院,4,479264
2024,2,24,计算机类,E238,重庆能源职业学院,4,502228
2024,2,30,学前教育(师范类),E238,重庆能源职业学院,4,545994
2024,2,34,大数据与会计,E238,重庆能源职业学院,4,490120
2024,2,02,药学,E239,云南三鑫职业技术学院,8,600014
2024,2,04,口腔医学技术,E239,云南三鑫职业技术学院,12,609604
2024,2,02,大数据与会计,E241,江西冶金职业技术学院,1,355057
2024,2,06,现代物流管理,E241,江西冶金职业技术学院,1,459536
2024,2,08,智慧健康养老服务与管理,E241,江西冶金职业技术学院,1,428601
2024,2,09,视觉传达设计,E241,江西冶金职业技术学院,1,403342
2024,2,19,智能产品开发与应用,E241,江西冶金职业技术学院,1,474045
2024,2,21,软件技术,E241,江西冶金职业技术学院,1,433407
2024,2,24,机电一体化技术,E241,江西冶金职业技术学院,1,430460
2024,2,25,电气自动化技术,E241,江西冶金职业技术学院,2,380998
2024,2,27,新能源汽车技术,E241,江西冶金职业技术学院,1,425962
2024,2,30,机械制造及自动化,E241,江西冶金职业技术学院,1,420580
2024,2,33,工业机器人技术,E241,江西冶金职业技术学院,2,455527
2024,2,37,装配式建筑工程技术,E241,江西冶金职业技术学院,1,569072
2024,2,38,数字化设计与制造技术,E241,江西冶金职业技术学院,1,486201
2024,2,39,智能焊接技术,E241,江西冶金职业技术学院,1,451803
2024,2,40,智能机电技术,E241,江西冶金职业技术学院,1,474263
2024,2,42,新能源汽车检测与维修技术,E241,江西冶金职业技术学院,1,449043
2024,2,43,物联网应用技术,E241,江西冶金职业技术学院,1,457596
2024,2,44,人工智能技术应用,E241,江西冶金职业技术学院,1,450524
2024,2,01,机电一体化技术,E242,山东理工职业学院,89,419170
2024,2,02,工业互联网应用,E242,山东理工职业学院,54,485204
2024,2,03,汽车检测与维修技术,E242,山东理工职业学院,77,483739
2024,2,05,汽车技术服务与营销,E242,山东理工职业学院,20,513959
2024,2,06,新能源汽车技术,E242,山东理工职业学院,84,449028
2024,2,07,智能网联汽车技术,E242,山东理工职业学院,20,472876
2024,2,08,空中乘务,E242,山东理工职业学院,60,531122
2024,2,09,飞机机电设备维修,E242,山东理工职业学院,40,431667
2024,2,10,无人机应用技术,E242,山东理工职业学院,110,455910
2024,2,11,航海技术,E242,山东理工职业学院,47,483588
2024,2,12,轮机工程技术,E242,山东理工职业学院,10,466992
2024,2,13,国际邮轮乘务管理,E242,山东理工职业学院,22,511831
2024,2,15,计算机网络技术,E242,山东理工职业学院,70,404139
2024,2,16,物联网应用技术,E242,山东理工职业学院,50,460159
2024,2,17,光伏工程技术,E242,山东理工职业学院,34,468546
2024,2,18,电气自动化技术,E242,山东理工职业学院,65,387776
2024,2,19,环境工程技术,E242,山东理工职业学院,59,508300
2024,2,20,应用化工技术,E242,山东理工职业学院,94,490892
2024,2,21,药品生产技术,E242,山东理工职业学院,59,437070
2024,2,22,储能材料技术,E242,山东理工职业学院,56,517027
2024,2,23,分布式发电与智能微电网技术,E242,山东理工职业学院,10,442911
2024,2,24,新能源装备技术,E242,山东理工职业学院,10,436950
2024,2,25,工程造价,E242,山东理工职业学院,180,562016
2024,2,26,古建筑工程技术,E242,山东理工职业学院,37,500378
2024,2,27,大数据与会计,E242,山东理工职业学院,119,413025
2024,2,28,大数据与财务管理,E242,山东理工职业学院,60,428968
2024,2,29,财税大数据应用,E242,山东理工职业学院,60,457016
2024,2,30,金融科技应用,E242,山东理工职业学院,10,473063
2024,2,31,市场营销,E242,山东理工职业学院,70,513084
2024,2,32,电子商务,E242,山东理工职业学院,15,454012
2024,2,33,现代物流管理,E242,山东理工职业学院,85,495709
2024,2,34,视觉传达设计,E242,山东理工职业学院,38,439799
2024,2,35,环境艺术设计,E242,山东理工职业学院,30,485359
2024,2,36,宝玉石鉴定与加工,E242,山东理工职业学院,30,512090
2024,2,37,研学旅行管理与服务,E242,山东理工职业学院,46,516500
2024,2,38,旅游管理,E242,山东理工职业学院,49,499044
2024,2,39,酒店管理与数字化运营,E242,山东理工职业学院,25,516845
2024,2,40,知识产权管理,E242,山东理工职业学院,7,330924
2024,2,42,婴幼儿托育服务与管理,E242,山东理工职业学院,25,487045
2024,2,43,中医康复技术,E242,山东理工职业学院,55,418989
2024,2,44,智慧健康养老服务与管理,E242,山东理工职业学院,90,473129
2024,2,49,安全技术与管理,E242,山东理工职业学院,50,492409
2024,2,50,应急救援技术,E242,山东理工职业学院,46,485732
2024,2,51,数控技术,E242,山东理工职业学院,25,443218
2024,2,52,机械制造及自动化,E242,山东理工职业学院,35,433443
2024,2,53,工业机器人技术,E242,山东理工职业学院,66,476248
2024,2,55,软件技术,E242,山东理工职业学院,65,410411
2024,2,56,现代移动通信技术,E242,山东理工职业学院,35,487583
2024,2,57,人工智能技术应用,E242,山东理工职业学院,35,444784
2024,2,58,大数据技术,E242,山东理工职业学院,35,418913
2024,2,59,虚拟现实技术应用,E242,山东理工职业学院,40,479524
2024,2,60,光伏材料制备技术,E242,山东理工职业学院,40,494931
2024,2,61,建筑工程技术,E242,山东理工职业学院,220,551190
2024,2,62,跨境电子商务,E242,山东理工职业学院,25,498358
2024,2,64,"旅游管理(订单培养,资助一年学费)",E242,山东理工职业学院,41,507217
2024,2,65,"酒店管理与数字化运营(订单培养,资助三年学费)",E242,山东理工职业学院,35,509317
2024,2,67,书画艺术,E242,山东理工职业学院,30,502744
2024,2,68,质量管理与认证,E242,山东理工职业学院,30,507732
2024,2,72,中药学,E242,山东理工职业学院,123,416015
2024,2,04,汽车检测与维修技术(中外合作办学)(中德合作办学),E242,山东理工职业学院,30,543646
2024,2,41,大数据与会计(中外合作办学)(中澳合作办学),E242,山东理工职业学院,52,489823
2024,2,45,数控技术(中外合作办学)(中德合作办学),E242,山东理工职业学院,50,597836
2024,2,46,机械制造及自动化(中外合作办学)(中德合作办学),E242,山东理工职业学院,50,557223
2024,2,47,工业机器人技术(中外合作办学)(中德合作办学),E242,山东理工职业学院,50,584899
2024,2,48,大数据技术(中外合作办学)(中德合作办学),E242,山东理工职业学院,50,613850
2024,2,69,计算机应用技术(中外合作办学)(中英合作办学),E242,山东理工职业学院,60,505169
2024,2,70,旅游管理(中外合作办学)(中国和新西兰合作办学),E242,山东理工职业学院,60,560418
2024,2,71,视觉传达设计(中外合作办学)(中韩合作办学),E242,山东理工职业学院,50,520574
2024,2,73,汽车检测与维修技术(高职技师合作培养，在山东理工职业学院就读),E242,山东理工职业学院,40,514424
2024,2,74,机电一体化技术(高职技师合作培养，在山东理工职业学院就读),E242,山东理工职业学院,40,448127
2024,2,76,新能源汽车技术(高职3+2贯通培养，衔接聊城大学车辆工程专业),E242,山东理工职业学院,30,233552
2024,2,77,研学旅行管理与服务(高职3+2贯通培养，衔接山东管理学院旅游管理与服,E242,山东理工职业学院,40,249910
2024,2,78,光伏工程技术(高职3+2贯通培养，衔接济宁学院新能源科学与工程专业),E242,山东理工职业学院,40,246405
2024,2,79,知识产权管理(高职3+2贯通培养，衔接山东政法学院知识产权专业),E242,山东理工职业学院,30,189782
2024,2,39,新能源汽车技术,E243,安阳职业技术学院,5,427150
2024,2,54,护理,E243,安阳职业技术学院,10,420870
2024,2,62,医学影像技术,E243,安阳职业技术学院,5,396699
2024,2,63,口腔医学技术,E243,安阳职业技术学院,5,374301
2024,2,64,康复治疗技术,E243,安阳职业技术学院,5,411891
2024,2,71,会计信息管理,E245,新乡职业技术学院,80,308728
2024,2,72,现代物流管理,E245,新乡职业技术学院,40,362325
2024,2,73,应用电子技术,E245,新乡职业技术学院,80,350786
2024,2,07,铁道信号自动控制,E247,山西铁道职业技术学院,8,318535
2024,2,0V,数字媒体艺术设计,E247,山西铁道职业技术学院,4,398941
2024,2,16,计算机网络技术,E247,山西铁道职业技术学院,3,384053
2024,2,10,工程造价,E251,驻马店职业技术学院,40,405612
2024,2,13,会计信息管理,E251,驻马店职业技术学院,30,333402
2024,2,55,小学英语教育(师范类),E251,驻马店职业技术学院,40,661012
2024,2,64,应用电子技术,E251,驻马店职业技术学院,40,420578
2024,2,01,临床医学,E255,江苏卫生健康职业学院,2,300253
2024,2,02,护理,E255,江苏卫生健康职业学院,4,245671
2024,2,03,助产,E255,江苏卫生健康职业学院,2,276940
2024,2,04,药学,E255,江苏卫生健康职业学院,1,220399
2024,2,05,中医学,E255,江苏卫生健康职业学院,1,207411
2024,2,09,医学检验技术,E255,江苏卫生健康职业学院,2,250426
2024,2,02,机电一体化技术,E256,苏州信息职业技术学院,20,356764
2024,2,08,财税大数据应用,E256,苏州信息职业技术学院,20,350665
2024,2,0A,酒店管理与数字化运营,E256,苏州信息职业技术学院,20,403332
2024,2,0H,电子信息工程技术,E256,苏州信息职业技术学院,20,357397
2024,2,02,建筑工程技术,E257,厦门安防科技职业学院,1,545828
2024,2,07,城市轨道交通运营管理,E257,厦门安防科技职业学院,2,530464
2024,2,0E,护理,E257,厦门安防科技职业学院,1,535410
2024,2,0P,影视动画,E257,厦门安防科技职业学院,1,598104
2024,2,05,智能制造装备技术,E258,三峡旅游职业技术学院,5,474409
2024,2,06,工业机器人技术,E258,三峡旅游职业技术学院,5,466659
2024,2,07,无人机应用技术,E258,三峡旅游职业技术学院,5,472053
2024,2,0K,大数据与会计,E258,三峡旅游职业技术学院,5,376661
2024,2,0M,网络营销与直播电商,E258,三峡旅游职业技术学院,5,474305
2024,2,0N,旅游管理,E258,三峡旅游职业技术学院,5,492956
2024,2,0R,酒店管理与数字化运营,E258,三峡旅游职业技术学院,5,543319
2024,2,0X,西式烹饪工艺,E258,三峡旅游职业技术学院,5,537326
2024,2,11,学前教育(师范类),E258,三峡旅游职业技术学院,10,500826
2024,2,02,光伏工程技术,E260,宣化科技职业学院,3,439230
2024,2,03,风力发电工程技术,E260,宣化科技职业学院,3,431386
2024,2,04,氢能技术应用,E260,宣化科技职业学院,2,423366
2024,2,07,建筑消防技术,E260,宣化科技职业学院,2,444541
2024,2,10,智能控制技术,E260,宣化科技职业学院,2,459703
2024,2,11,汽车制造与试验技术,E260,宣化科技职业学院,2,466366
2024,2,14,铁道交通运营管理,E260,宣化科技职业学院,2,379165
2024,2,23,人工智能技术应用,E260,宣化科技职业学院,2,425025
2024,2,28,电子商务,E260,宣化科技职业学院,2,480113
2024,2,1J,动漫制作技术,E261,山东文化产业职业学院,10,567063
2024,2,1K,铁道通信与信息化技术,E261,山东文化产业职业学院,30,588434
2024,2,1L,康复治疗技术,E261,山东文化产业职业学院,20,546919
2024,2,1M,跨境电子商务,E261,山东文化产业职业学院,66,652396
2024,2,1P,公共文化服务与管理,E261,山东文化产业职业学院,10,572131
2024,2,2J,通信软件技术,E261,山东文化产业职业学院,25,626899
2024,2,2K,高速铁路客运服务,E261,山东文化产业职业学院,25,585876
2024,2,2L,健康大数据管理与服务,E261,山东文化产业职业学院,55,621723
2024,2,2M,旅游管理,E261,山东文化产业职业学院,23,587758
2024,2,2P,新闻采编与制作,E261,山东文化产业职业学院,20,552216
2024,2,3J,机械制造及自动化,E261,山东文化产业职业学院,80,639043
2024,2,3K,空中乘务,E261,山东文化产业职业学院,16,606273
2024,2,3L,健康管理,E261,山东文化产业职业学院,43,598063
2024,2,3M,酒店管理与数字化运营,E261,山东文化产业职业学院,20,573027
2024,2,3N,文物修复与保护,E261,山东文化产业职业学院,40,610473
2024,2,3P,融媒体技术与运营,E261,山东文化产业职业学院,55,662516
2024,2,4J,智能机电技术,E261,山东文化产业职业学院,70,642790
2024,2,4K,城市轨道交通运营管理,E261,山东文化产业职业学院,55,589572
2024,2,4L,婴幼儿托育服务与管理,E261,山东文化产业职业学院,20,649017
2024,2,4M,会展策划与管理,E261,山东文化产业职业学院,20,588484
2024,2,4N,人物形象设计,E261,山东文化产业职业学院,10,645052
2024,2,4P,网络直播与运营,E261,山东文化产业职业学院,8,593001
2024,2,5J,工业机器人技术,E261,山东文化产业职业学院,85,654674
2024,2,5K,铁路物流管理,E261,山东文化产业职业学院,45,604301
2024,2,5L,民族传统体育,E261,山东文化产业职业学院,40,649741
2024,2,5M,艺术设计,E261,山东文化产业职业学院,30,629525
2024,2,5N,戏剧影视表演,E261,山东文化产业职业学院,8,623449
2024,2,5P,应用日语,E261,山东文化产业职业学院,13,562993
2024,2,6J,电气自动化技术,E261,山东文化产业职业学院,20,586675
2024,2,6K,物联网应用技术,E261,山东文化产业职业学院,10,584154
2024,2,6L,资产评估与管理,E261,山东文化产业职业学院,15,597548
2024,2,6M,数字媒体艺术设计,E261,山东文化产业职业学院,5,552315
2024,2,6N,舞台艺术设计与制作,E261,山东文化产业职业学院,5,615145
2024,2,6P,党务工作,E261,山东文化产业职业学院,15,567178
2024,2,7H,建筑工程技术,E261,山东文化产业职业学院,15,599812
2024,2,7J,无人机应用技术,E261,山东文化产业职业学院,85,625124
2024,2,7K,计算机网络技术,E261,山东文化产业职业学院,10,563026
2024,2,7L,大数据与会计,E261,山东文化产业职业学院,25,563785
2024,2,7M,环境艺术设计,E261,山东文化产业职业学院,25,622136
2024,2,7N,广播影视节目制作,E261,山东文化产业职业学院,5,635791
2024,2,7P,现代文秘,E261,山东文化产业职业学院,8,535581
2024,2,8H,装配式建筑工程技术,E261,山东文化产业职业学院,14,616109
2024,2,8J,新能源汽车技术,E261,山东文化产业职业学院,10,556609
2024,2,8K,软件技术,E261,山东文化产业职业学院,30,618352
2024,2,8L,商务管理,E261,山东文化产业职业学院,20,603132
2024,2,8N,影视多媒体技术,E261,山东文化产业职业学院,5,634171
2024,2,9H,大数据技术,E261,山东文化产业职业学院,120,663688
2024,2,9J,高速铁路动车组制造与维护,E261,山东文化产业职业学院,20,543996
2024,2,9K,人工智能技术应用,E261,山东文化产业职业学院,42,609074
2024,2,9L,市场营销,E261,山东文化产业职业学院,5,571642
2024,2,9M,工艺美术品设计,E261,山东文化产业职业学院,5,586322
2024,2,9N,摄影摄像技术,E261,山东文化产业职业学院,21,635701
2024,2,01,道路与桥梁工程技术,E267,重庆交通职业学院,10,549505
2024,2,0B,学前教育(师范类),E271,阳泉师范高等专科学校,10,614948
2024,2,0C,小学语文教育(师范类),E271,阳泉师范高等专科学校,60,390866
2024,2,0F,小学英语教育(师范类),E271,阳泉师范高等专科学校,5,338209
2024,2,0J,特殊教育(师范类),E271,阳泉师范高等专科学校,5,348226
2024,2,01,口腔医学,E272,黑龙江护理高等专科学校,10,261975
2024,2,03,医学检验技术,E272,黑龙江护理高等专科学校,10,361335
2024,2,08,护理,E272,黑龙江护理高等专科学校,20,338246
2024,2,09,助产,E272,黑龙江护理高等专科学校,10,456806
2024,2,15,针灸推拿,E272,黑龙江护理高等专科学校,10,312910
2024,2,64,学前教育(师范类),E276,齐鲁师范学院,68,258039
2024,2,65,现代文秘,E276,齐鲁师范学院,57,267881
2024,2,66,商务英语,E276,齐鲁师范学院,65,267165
2024,2,67,旅游管理,E276,齐鲁师范学院,76,307215
2024,2,68,统计与会计核算,E276,齐鲁师范学院,116,268052
2024,2,70,应用电子技术,E276,齐鲁师范学院,76,340751
2024,2,71,应用化工技术,E276,齐鲁师范学院,75,346442
2024,2,72,食品检验检测技术,E276,齐鲁师范学院,75,340910
2024,2,73,计算机应用技术,E276,齐鲁师范学院,76,323725
2024,2,74,计算机网络技术,E276,齐鲁师范学院,40,333053
2024,2,61,社会工作,E277,山东青年政治学院,80,272846
2024,2,62,法律事务,E277,山东青年政治学院,120,254813
2024,2,63,国际经济与贸易,E277,山东青年政治学院,80,294071
2024,2,65,大数据与会计,E277,山东青年政治学院,120,255379
2024,2,66,旅游管理,E277,山东青年政治学院,80,315789
2024,2,67,现代物业管理,E277,山东青年政治学院,80,308302
2024,2,68,智慧健康养老服务与管理,E277,山东青年政治学院,80,281504
2024,2,64,国际商务(中外合作办学)(与英国朴茨茅斯大学合作),E277,山东青年政治学院,100,382812
2024,2,01,临床医学,E281,承德护理职业学院,4,305765
2024,2,02,口腔医学,E281,承德护理职业学院,6,260118
2024,2,A1,护理,E283,呼伦贝尔职业技术学院,1,449621
2024,2,A8,机电一体化技术,E283,呼伦贝尔职业技术学院,2,504427
2024,2,AK,新能源汽车技术,E283,呼伦贝尔职业技术学院,2,489945
2024,2,AL,婴幼儿托育服务与管理,E283,呼伦贝尔职业技术学院,2,555084
2024,2,AT,学前教育(师范类),E283,呼伦贝尔职业技术学院,10,519073
2024,2,AX,药学,E283,呼伦贝尔职业技术学院,3,452522
2024,2,AZ,早期教育(师范类),E283,呼伦贝尔职业技术学院,4,555482
2024,2,B2,针灸推拿,E283,呼伦贝尔职业技术学院,2,365264
2024,2,B3,老年保健与管理,E283,呼伦贝尔职业技术学院,4,515539
2024,2,A1,应用俄语,E285,满洲里俄语职业学院,12,386476
2024,2,B1,大数据与会计,E285,满洲里俄语职业学院,8,461727
2024,2,G1,法律事务,E285,满洲里俄语职业学院,8,360007
2024,2,H1,机电一体化技术,E285,满洲里俄语职业学院,6,514392
2024,2,H2,汽车检测与维修技术,E285,满洲里俄语职业学院,8,557981
2024,2,J3,人工智能技术应用,E285,满洲里俄语职业学院,10,527166
2024,2,K1,护理,E285,满洲里俄语职业学院,20,473134
2024,2,L1,社区管理与服务,E285,满洲里俄语职业学院,8,555572
2024,2,0A,电气自动化技术,E291,吉林科技职业技术学院,6,590775
2024,2,0D,新能源汽车技术,E291,吉林科技职业技术学院,10,611066
2024,2,0E,高速铁路客运服务,E291,吉林科技职业技术学院,3,579834
2024,2,0P,计算机应用技术,E291,吉林科技职业技术学院,8,588697
2024,2,0S,护理,E291,吉林科技职业技术学院,8,580149
2024,2,12,学前教育(师范类),E291,吉林科技职业技术学院,5,583668
2024,2,01,机电一体化技术(国防教育方向),E293,宿迁泽达职业技术学院,10,508071
2024,2,02,工业机器人技术(国防教育方向),E293,宿迁泽达职业技术学院,7,547330
2024,2,03,无人机应用技术(国防教育方向),E293,宿迁泽达职业技术学院,10,508013
2024,2,04,汽车检测与维修技术(国防教育方向),E293,宿迁泽达职业技术学院,7,557182
2024,2,05,计算机应用技术(国防教育方向),E293,宿迁泽达职业技术学院,10,546551
2024,2,12,建筑工程技术,E293,宿迁泽达职业技术学院,5,587375
2024,2,21,物联网应用技术,E293,宿迁泽达职业技术学院,5,588550
2024,2,36,新能源汽车检测与维修技术,E293,宿迁泽达职业技术学院,5,585239
2024,2,45,电子商务,E293,宿迁泽达职业技术学院,5,550865
2024,2,51,高速铁路客运服务,E293,宿迁泽达职业技术学院,5,531748
2024,2,02,金融科技应用,E295,苏州工业园区服务外包职业学院,5,341627
2024,2,04,大数据与会计,E295,苏州工业园区服务外包职业学院,5,282603
2024,2,10,智能产品开发与应用,E295,苏州工业园区服务外包职业学院,5,349854
2024,2,14,电子商务,E295,苏州工业园区服务外包职业学院,8,361482
2024,2,15,商务管理,E295,苏州工业园区服务外包职业学院,14,364371
2024,2,16,采购与供应管理,E295,苏州工业园区服务外包职业学院,15,389347
2024,2,25,数字出版,E295,苏州工业园区服务外包职业学院,4,322843
2024,2,01,护理,E299,皖西卫生职业学院,10,419107
2024,2,03,康复治疗技术,E299,皖西卫生职业学院,10,441365
2024,2,01,烹饪工艺与营养,E305,长垣烹饪职业技术学院,2,562260
2024,2,05,中西面点工艺,E305,长垣烹饪职业技术学院,2,581237
2024,2,14,电子商务,E305,长垣烹饪职业技术学院,2,610324
2024,2,17,学前教育(师范类),E305,长垣烹饪职业技术学院,2,565777
2024,2,19,计算机应用技术,E305,长垣烹饪职业技术学院,2,573543
2024,2,16,小学语文教育(师范类),E306,开封文化艺术职业学院,14,389127
2024,2,17,小学数学教育(师范类),E306,开封文化艺术职业学院,6,366263
2024,2,18,小学英语教育(师范类),E306,开封文化艺术职业学院,6,391451
2024,2,08,机电一体化技术,E307,河南应用技术职业学院,4,416661
2024,2,13,应用化工技术,E307,河南应用技术职业学院,6,483881
2024,2,04,计算机网络技术,E312,广西科技职业学院,1,598537
2024,2,0Q,软件技术,E312,广西科技职业学院,1,613173
2024,2,54,化工智能制造技术,E315,重庆化工职业学院,5,401397
2024,2,58,石油化工技术,E315,重庆化工职业学院,5,407442
2024,2,60,应用化工技术,E315,重庆化工职业学院,5,373669
2024,2,61,大数据与财务管理,E315,重庆化工职业学院,5,315970
2024,2,00,旅游管理,E316,重庆旅游职业学院,10,422576
2024,2,05,酒店管理与数字化运营,E316,重庆旅游职业学院,5,428528
2024,2,07,中西面点工艺,E316,重庆旅游职业学院,10,423769
2024,2,09,商务英语,E316,重庆旅游职业学院,8,386953
2024,2,12,空中乘务,E316,重庆旅游职业学院,12,495344
2024,2,17,高速铁路客运服务,E316,重庆旅游职业学院,5,418349
2024,2,01,航海技术,E320,青岛远洋船员职业学院,55,357001
2024,2,02,轮机工程技术,E320,青岛远洋船员职业学院,40,383962
2024,2,03,船舶电子电气技术,E320,青岛远洋船员职业学院,15,375027
2024,2,04,船舶工程技术,E320,青岛远洋船员职业学院,10,354257
2024,2,05,港口与航运管理,E320,青岛远洋船员职业学院,10,316514
2024,2,06,国际邮轮乘务管理,E320,青岛远洋船员职业学院,10,398973
2024,2,07,航海技术(高职3+2贯通培养，衔接山东交通学院航海技术专业),E320,青岛远洋船员职业学院,30,242689
2024,2,10,建筑工程技术,E321,江西工商职业技术学院,2,554514
2024,2,11,工程造价,E321,江西工商职业技术学院,2,570524
2024,2,12,机电一体化技术,E321,江西工商职业技术学院,2,547419
2024,2,18,食品检验检测技术,E321,江西工商职业技术学院,2,587859
2024,2,23,计算机应用技术,E321,江西工商职业技术学院,2,603349
2024,2,24,计算机网络技术,E321,江西工商职业技术学院,2,601689
2024,2,30,护理,E321,江西工商职业技术学院,2,539715
2024,2,31,助产,E321,江西工商职业技术学院,2,592111
2024,2,32,药学,E321,江西工商职业技术学院,2,549503
2024,2,37,大数据与财务管理,E321,江西工商职业技术学院,2,603366
2024,2,38,大数据与会计,E321,江西工商职业技术学院,2,599386
2024,2,39,工商企业管理,E321,江西工商职业技术学院,2,609580
2024,2,45,现代物流管理,E321,江西工商职业技术学院,2,625330
2024,2,48,学前教育,E321,江西工商职业技术学院,2,612187
2024,2,50,法律事务,E321,江西工商职业技术学院,2,486794
2024,2,51,护理(中外合作办学),E321,江西工商职业技术学院,4,609692
2024,2,52,室内艺术设计(中外合作办学),E321,江西工商职业技术学院,4,652424
2024,2,53,学前教育(中外合作办学),E321,江西工商职业技术学院,4,656954
2024,2,54,工商企业管理(中外合作办学),E321,江西工商职业技术学院,4,651361
2024,2,55,大数据与会计(中外合作办学),E321,江西工商职业技术学院,4,652776
2024,2,07,机电一体化技术,E322,湖南三一工业职业技术学院,1,519491
2024,2,08,工业机器人技术,E322,湖南三一工业职业技术学院,1,505238
2024,2,0A,新能源汽车技术,E322,湖南三一工业职业技术学院,1,536741
2024,2,0B,智能工程机械运用技术,E322,湖南三一工业职业技术学院,1,581392
2024,2,01,现代通信技术,E323,四川长江职业学院,5,602054
2024,2,13,软件技术,E323,四川长江职业学院,30,652771
2024,2,19,护理,E323,四川长江职业学院,5,588862
2024,2,22,建筑室内设计,E323,四川长江职业学院,20,657445
2024,2,26,学前教育,E323,四川长江职业学院,5,656363
2024,2,39,现代物流管理,E323,四川长江职业学院,20,652251
2024,2,54,宠物医疗技术,E323,四川长江职业学院,30,606549
2024,2,55,烹饪工艺与营养,E323,四川长江职业学院,30,659906
2024,2,F1,虚拟现实技术应用,E327,青岛电影学院,240,645447
2024,2,07,学前教育(师范类),E328,石家庄幼儿师范高等专科学校,20,437886
2024,2,3E,小学英语教育(师范类),E329,徐州幼儿师范高等专科学校,10,279296
2024,2,41,人工智能技术应用,E329,徐州幼儿师范高等专科学校,10,400202
2024,2,33,小学英语教育(中外合作办学)(师范类),E329,徐州幼儿师范高等专科学校,30,477398
2024,2,01,学前教育(师范类),E330,合肥幼儿师范高等专科学校,4,321389
2024,2,02,早期教育(师范类),E330,合肥幼儿师范高等专科学校,2,405305
2024,2,03,特殊教育(师范类),E330,合肥幼儿师范高等专科学校,2,284729
2024,2,07,婴幼儿托育服务与管理,E330,合肥幼儿师范高等专科学校,2,413048
2024,2,01,数字媒体技术,E332,济南幼儿师范高等专科学校,46,398193
2024,2,02,大数据技术,E332,济南幼儿师范高等专科学校,104,451832
2024,2,03,人工智能技术应用,E332,济南幼儿师范高等专科学校,53,457979
2024,2,04,婴幼儿托育服务与管理,E332,济南幼儿师范高等专科学校,140,509154
2024,2,05,金融科技应用,E332,济南幼儿师范高等专科学校,46,501430
2024,2,06,大数据与会计,E332,济南幼儿师范高等专科学校,50,319909
2024,2,07,市场营销,E332,济南幼儿师范高等专科学校,47,512356
2024,2,09,研学旅行管理与服务,E332,济南幼儿师范高等专科学校,90,506584
2024,2,0B,早期教育,E332,济南幼儿师范高等专科学校,150,480147
2024,2,0C,学前教育(师范类),E332,济南幼儿师范高等专科学校,260,391790
2024,2,0N,中文,E332,济南幼儿师范高等专科学校,100,341357
2024,2,0D,学前教育(师范类，高职3+2贯通培养，衔接山东女子学院学前教育专业),E332,济南幼儿师范高等专科学校,50,226491
2024,2,0R,早期教育(高职3+2贯通培养，衔接聊城大学学前教育专业),E332,济南幼儿师范高等专科学校,30,227870
2024,2,0S,小学教育(师范类，高职3+2贯通培养，衔接枣庄学院小学教育专业),E332,济南幼儿师范高等专科学校,40,202286
2024,2,0T,小学英语教育(师范类，高职3+2贯通培养，衔接山东航空学院英语专业),E332,济南幼儿师范高等专科学校,30,202669
2024,2,0Y,研学旅行管理与服务(高职3+2贯通培养，衔接山东管理学院旅游管理与服,E332,济南幼儿师范高等专科学校,30,248856
2024,2,02,临床医学,E335,廊坊卫生职业学院,20,334086
2024,2,04,护理,E335,廊坊卫生职业学院,20,415990
2024,2,05,助产,E335,廊坊卫生职业学院,5,444163
2024,2,06,药学,E335,廊坊卫生职业学院,10,394551
2024,2,0D,医学美容技术,E335,廊坊卫生职业学院,5,423812
2024,2,0E,康复治疗技术,E335,廊坊卫生职业学院,5,404162
2024,2,01,机电一体化技术,E338,赤峰工业职业技术学院,7,482649
2024,2,12,风力发电工程技术,E338,赤峰工业职业技术学院,7,515034
2024,2,18,人工智能技术应用,E338,赤峰工业职业技术学院,7,515239
2024,2,20,药学,E338,赤峰工业职业技术学院,6,472305
2024,2,22,分析检验技术,E338,赤峰工业职业技术学院,9,549192
2024,2,25,建筑装饰工程技术,E338,赤峰工业职业技术学院,8,546252
2024,2,27,动漫制作技术,E338,赤峰工业职业技术学院,8,525294
2024,2,28,大数据与会计,E338,赤峰工业职业技术学院,8,483177
2024,2,0E,工业机器人技术,E339,阿拉善职业技术学院,5,557411
2024,2,01,建筑工程技术,E340,延边职业技术学院,2,441584
2024,2,04,机电一体化技术,E340,延边职业技术学院,2,403650
2024,2,0B,计算机应用技术,E340,延边职业技术学院,4,408459
2024,2,0F,大数据与会计,E340,延边职业技术学院,3,345850
2024,2,0K,应用韩语,E340,延边职业技术学院,4,475216
2024,2,01,药学,E343,济南护理职业学院,101,369674
2024,2,02,中药学,E343,济南护理职业学院,85,375338
2024,2,03,助产,E343,济南护理职业学院,32,392691
2024,2,04,医学美容技术,E343,济南护理职业学院,86,378360
2024,2,05,婴幼儿托育服务与管理,E343,济南护理职业学院,20,456985
2024,2,06,口腔医学技术,E343,济南护理职业学院,95,359366
2024,2,07,智能医疗装备技术,E343,济南护理职业学院,50,438265
2024,2,08,食品检验检测技术,E343,济南护理职业学院,55,395579
2024,2,09,医学营养,E343,济南护理职业学院,20,386103
2024,2,10,护理,E343,济南护理职业学院,350,352031
2024,2,11,药品生产技术,E343,济南护理职业学院,40,393312
2024,2,12,药品经营与管理,E343,济南护理职业学院,55,422247
2024,2,13,医学影像技术,E343,济南护理职业学院,62,311036
2024,2,14,医学检验技术,E343,济南护理职业学院,75,349415
2024,2,15,眼视光技术,E343,济南护理职业学院,60,366756
2024,2,16,健康大数据管理与服务,E343,济南护理职业学院,100,497671
2024,2,17,公共卫生管理,E343,济南护理职业学院,70,466720
2024,2,18,针灸推拿,E343,济南护理职业学院,102,327015
2024,2,19,康复治疗技术,E343,济南护理职业学院,62,360516
2024,2,20,中医康复技术,E343,济南护理职业学院,35,364524
2024,2,21,智慧健康养老服务与管理,E343,济南护理职业学院,45,423867
2024,2,22,体育保健与康复,E343,济南护理职业学院,30,452767
2024,2,23,口腔卫生保健,E343,济南护理职业学院,60,407140
2024,2,27,医学影像技术(中外合作办学),E343,济南护理职业学院,60,442731
2024,2,24,护理(高职3+2贯通培养，衔接聊城大学护理学专业),E343,济南护理职业学院,30,198636
2024,2,25,公共卫生管理(高职3+2贯通培养，衔接山东女子学院健康服务与管理专业,E343,济南护理职业学院,40,237848
2024,2,26,智慧健康养老服务与管理(高职3+2贯通培养，衔接山东青年政治学院健康,E343,济南护理职业学院,80,235745
2024,2,01,护理,E345,泰山护理职业学院,625,410204
2024,2,02,助产,E345,泰山护理职业学院,160,475407
2024,2,03,医学影像技术,E345,泰山护理职业学院,185,401017
2024,2,04,口腔医学技术,E345,泰山护理职业学院,59,382898
2024,2,05,放射治疗技术,E345,泰山护理职业学院,35,430388
2024,2,06,眼视光技术,E345,泰山护理职业学院,50,405084
2024,2,07,医学检验技术,E345,泰山护理职业学院,40,404637
2024,2,08,康复治疗技术,E345,泰山护理职业学院,175,449390
2024,2,09,中医康复技术,E345,泰山护理职业学院,90,438160
2024,2,10,言语听觉康复技术,E345,泰山护理职业学院,60,471113
2024,2,11,药学,E345,泰山护理职业学院,180,442881
2024,2,12,中药学,E345,泰山护理职业学院,190,450750
2024,2,14,健康管理,E345,泰山护理职业学院,90,495495
2024,2,15,婴幼儿托育服务与管理,E345,泰山护理职业学院,40,529520
2024,2,16,老年保健与管理,E345,泰山护理职业学院,20,472492
2024,2,17,预防医学,E345,泰山护理职业学院,80,444263
2024,2,H1,药学(中外合作办学),E345,泰山护理职业学院,100,532660
2024,2,G1,护理(高职3+2贯通培养，衔接济宁医学院护理学专业),E345,泰山护理职业学院,40,202611
2024,2,51,大数据与会计,E346,山东海事职业学院,231,574162
2024,2,52,金融服务与管理,E346,山东海事职业学院,75,604728
2024,2,53,现代物流管理,E346,山东海事职业学院,82,600568
2024,2,54,港口与航运管理,E346,山东海事职业学院,91,606779
2024,2,55,集装箱运输管理,E346,山东海事职业学院,37,612018
2024,2,56,关务与外贸服务,E346,山东海事职业学院,136,610253
2024,2,57,国际邮轮乘务管理,E346,山东海事职业学院,127,613751
2024,2,58,旅游管理,E346,山东海事职业学院,87,601688
2024,2,59,酒店管理与数字化运营,E346,山东海事职业学院,114,613057
2024,2,60,烹饪工艺与营养,E346,山东海事职业学院,58,586493
2024,2,61,航海技术,E346,山东海事职业学院,121,567319
2024,2,62,轮机工程技术,E346,山东海事职业学院,34,560772
2024,2,63,船舶电子电气技术,E346,山东海事职业学院,5,513160
2024,2,64,海洋工程装备技术,E346,山东海事职业学院,85,600693
2024,2,65,机械制造及自动化,E346,山东海事职业学院,40,553054
2024,2,66,船舶工程技术,E346,山东海事职业学院,85,591837
2024,2,67,机电一体化技术,E346,山东海事职业学院,195,581348
2024,2,68,电气自动化技术,E346,山东海事职业学院,221,576198
2024,2,69,港口机械与智能控制,E346,山东海事职业学院,20,579507
2024,2,70,无人机应用技术,E346,山东海事职业学院,80,586865
2024,2,71,发电厂及电力系统,E346,山东海事职业学院,20,553447
2024,2,72,新能源装备技术,E346,山东海事职业学院,11,569886
2024,2,73,计算机应用技术,E346,山东海事职业学院,8,546723
2024,2,74,大数据技术,E346,山东海事职业学院,10,561590
2024,2,75,信息安全技术应用,E346,山东海事职业学院,20,578257
2024,2,76,工业机器人技术,E346,山东海事职业学院,61,587141
2024,2,77,智能控制技术,E346,山东海事职业学院,15,578942
2024,2,78,婴幼儿托育服务与管理,E346,山东海事职业学院,15,581738
2024,2,79,智慧健康养老服务与管理,E346,山东海事职业学院,24,566155
2024,2,80,健康管理,E346,山东海事职业学院,55,579668
2024,2,81,中医康复技术,E346,山东海事职业学院,76,535724
2024,2,82,电子商务,E346,山东海事职业学院,178,614344
2024,2,83,物联网应用技术,E346,山东海事职业学院,96,594670
2024,2,84,数字媒体技术,E346,山东海事职业学院,125,571114
2024,2,85,虚拟现实技术应用,E346,山东海事职业学院,26,595044
2024,2,86,空中乘务,E346,山东海事职业学院,32,606026
2024,2,87,高速铁路客运服务,E346,山东海事职业学院,54,568832
2024,2,88,表演艺术,E346,山东海事职业学院,11,593014
2024,2,89,民航安全技术管理,E346,山东海事职业学院,5,567953
2024,2,90,机场运行服务与管理,E346,山东海事职业学院,10,572592
2024,2,91,氢能技术应用,E346,山东海事职业学院,30,583245
2024,2,92,风力发电工程技术,E346,山东海事职业学院,30,583871
2024,2,M1,烹饪工艺与营养(高职技师合作培养，在潍坊技师学院就读),E346,山东海事职业学院,120,612874
2024,2,GT,旅游管理(高职3+2贯通培养，衔接潍坊学院旅游管理专业),E346,山东海事职业学院,40,251654
2024,2,01,护理,E347,潍坊护理职业学院,407,381870
2024,2,02,药学,E347,潍坊护理职业学院,330,429593
2024,2,03,中药学,E347,潍坊护理职业学院,190,415268
2024,2,04,医学营养,E347,潍坊护理职业学院,56,437563
2024,2,05,医学检验技术,E347,潍坊护理职业学院,85,369280
2024,2,06,医学影像技术,E347,潍坊护理职业学院,85,359899
2024,2,07,康复治疗技术,E347,潍坊护理职业学院,98,396465
2024,2,08,应急救援技术,E347,潍坊护理职业学院,90,512902
2024,2,09,医学生物技术,E347,潍坊护理职业学院,30,455552
2024,2,10,中医学,E347,潍坊护理职业学院,140,332822
2024,2,11,针灸推拿,E347,潍坊护理职业学院,190,358508
2024,2,12,口腔医学,E347,潍坊护理职业学院,310,282733
2024,2,13,医学美容技术,E347,潍坊护理职业学院,130,421310
2024,2,14,大数据技术,E347,潍坊护理职业学院,22,458029
2024,2,15,中医康复技术,E347,潍坊护理职业学院,38,382250
2024,2,16,口腔医学技术,E347,潍坊护理职业学院,40,318198
2024,2,17,健康大数据管理与服务,E347,潍坊护理职业学院,14,497489
2024,2,18,健康管理,E347,潍坊护理职业学院,65,500645
2024,2,19,老年保健与管理,E347,潍坊护理职业学院,15,472620
2024,2,20,眼视光技术,E347,潍坊护理职业学院,25,372486
2024,2,21,社会工作,E347,潍坊护理职业学院,26,491931
2024,2,22,现代家政服务与管理,E347,潍坊护理职业学院,16,511535
2024,2,23,智慧健康养老服务与管理,E347,潍坊护理职业学院,39,455384
2024,2,24,助产,E347,潍坊护理职业学院,10,420134
2024,2,25,婴幼儿托育服务与管理,E347,潍坊护理职业学院,80,561174
2024,2,26,心理咨询,E347,潍坊护理职业学院,46,322115
2024,2,27,生殖健康管理,E347,潍坊护理职业学院,70,532249
2024,2,2A,智能医疗装备技术,E347,潍坊护理职业学院,35,492807
2024,2,2B,中医养生保健,E347,潍坊护理职业学院,100,461242
2024,2,F1,护理,E347,潍坊护理职业学院,40,375517
2024,2,F2,护理,E347,潍坊护理职业学院,40,381162
2024,2,F3,护理,E347,潍坊护理职业学院,25,388701
2024,2,F5,言语听觉康复技术,E347,潍坊护理职业学院,30,442978
2024,2,W1,智慧健康养老服务与管理(中外合作办学),E347,潍坊护理职业学院,30,531112
2024,2,S1,护理(高职3+2贯通培养，衔接山东第二医科大学护理学专业),E347,潍坊护理职业学院,35,189450
2024,2,S2,智慧健康养老服务与管理(高职3+2贯通培养，衔接山东女子学院养老服务,E347,潍坊护理职业学院,50,227637
2024,2,S3,口腔医学技术(高职3+2贯通培养，衔接聊城大学口腔医学技术专业),E347,潍坊护理职业学院,40,202039
2024,2,S4,针灸推拿(高职3+2贯通培养，衔接济宁医学院针灸推拿学专业),E347,潍坊护理职业学院,40,187127
2024,2,04,护理,E349,河南护理职业学院,10,343571
2024,2,0V,学前教育(师范类),E351,信阳涉外职业技术学院,16,590281
2024,2,0X,应用韩语,E351,信阳涉外职业技术学院,16,629243
2024,2,0Y,应用日语,E351,信阳涉外职业技术学院,16,630860
2024,2,A4,机电一体化技术,E352,鹤壁汽车工程职业学院,5,615165
2024,2,A7,新能源汽车技术,E352,鹤壁汽车工程职业学院,10,631170
2024,2,B4,物联网应用技术,E352,鹤壁汽车工程职业学院,5,636751
2024,2,B9,人工智能技术应用,E352,鹤壁汽车工程职业学院,5,627723
2024,2,C1,大数据与财务管理,E352,鹤壁汽车工程职业学院,5,640177
2024,2,05,建设工程管理,E353,南阳职业学院,80,613370
2024,2,13,机电一体化技术,E353,南阳职业学院,80,611339
2024,2,21,护理,E353,南阳职业学院,5,487114
2024,2,31,软件技术,E353,南阳职业学院,150,615718
2024,2,35,小学教育(师范类),E353,南阳职业学院,5,468070
2024,2,37,市场营销,E353,南阳职业学院,80,618027
2024,2,01,建筑工程技术,E357,襄阳汽车职业技术学院,4,452945
2024,2,02,工程造价,E357,襄阳汽车职业技术学院,4,432800
2024,2,03,建设工程管理,E357,襄阳汽车职业技术学院,4,463159
2024,2,04,市政工程技术,E357,襄阳汽车职业技术学院,2,486318
2024,2,05,机械制造及自动化,E357,襄阳汽车职业技术学院,1,386621
2024,2,06,模具设计与制造,E357,襄阳汽车职业技术学院,1,439620
2024,2,07,电梯工程技术,E357,襄阳汽车职业技术学院,2,445292
2024,2,08,机电一体化技术,E357,襄阳汽车职业技术学院,4,394965
2024,2,09,工业机器人技术,E357,襄阳汽车职业技术学院,4,422965
2024,2,10,无人机应用技术,E357,襄阳汽车职业技术学院,2,430403
2024,2,11,汽车制造与试验技术,E357,襄阳汽车职业技术学院,2,457695
2024,2,12,新能源汽车技术,E357,襄阳汽车职业技术学院,4,410044
2024,2,13,汽车电子技术,E357,襄阳汽车职业技术学院,2,448785
2024,2,14,智能网联汽车技术,E357,襄阳汽车职业技术学院,3,444962
2024,2,15,汽车造型与改装技术,E357,襄阳汽车职业技术学院,2,446939
2024,2,16,高速铁路客运服务,E357,襄阳汽车职业技术学院,2,407009
2024,2,17,汽车技术服务与营销,E357,襄阳汽车职业技术学院,3,490208
2024,2,18,汽车检测与维修技术,E357,襄阳汽车职业技术学院,4,468008
2024,2,19,空中乘务,E357,襄阳汽车职业技术学院,2,518158
2024,2,20,城市轨道交通运营管理,E357,襄阳汽车职业技术学院,2,402525
2024,2,21,物联网应用技术,E357,襄阳汽车职业技术学院,4,420522
2024,2,22,软件技术,E357,襄阳汽车职业技术学院,2,406333
2024,2,23,数字媒体技术,E357,襄阳汽车职业技术学院,3,366947
2024,2,24,大数据技术,E357,襄阳汽车职业技术学院,3,407269
2024,2,25,信息安全技术应用,E357,襄阳汽车职业技术学院,2,421318
2024,2,26,虚拟现实技术应用,E357,襄阳汽车职业技术学院,2,433287
2024,2,27,现代移动通信技术,E357,襄阳汽车职业技术学院,3,434846
2024,2,28,集成电路技术,E357,襄阳汽车职业技术学院,3,453873
2024,2,29,婴幼儿托育服务与管理,E357,襄阳汽车职业技术学院,2,497359
2024,2,30,大数据与财务管理,E357,襄阳汽车职业技术学院,2,396292
2024,2,31,电子商务,E357,襄阳汽车职业技术学院,4,437447
2024,2,01,药学,E359,湖南食品药品职业学院,5,366976
2024,2,06,中药学,E359,湖南食品药品职业学院,5,365534
2024,2,10,有色金属智能冶金技术,E360,湖南有色金属职业技术学院,3,462626
2024,2,11,材料成型及控制技术,E360,湖南有色金属职业技术学院,2,438019
2024,2,82,学前教育(师范类),E367,重庆艺术工程职业学院,2,559247
2024,2,84,建筑设计,E367,重庆艺术工程职业学院,4,613623
2024,2,86,建筑室内设计,E367,重庆艺术工程职业学院,6,593457
2024,2,87,古建筑工程技术,E367,重庆艺术工程职业学院,4,564677
2024,2,89,市政工程技术,E367,重庆艺术工程职业学院,4,614010
2024,2,91,风景园林设计,E367,重庆艺术工程职业学院,6,598835
2024,2,92,建筑智能化工程技术,E367,重庆艺术工程职业学院,3,610626
2024,2,93,物联网应用技术,E367,重庆艺术工程职业学院,6,570113
2024,2,94,工程造价,E367,重庆艺术工程职业学院,4,620269
2024,2,96,统计与会计核算,E367,重庆艺术工程职业学院,5,587175
2024,2,97,大数据技术,E367,重庆艺术工程职业学院,7,604744
2024,2,98,摄影摄像技术,E367,重庆艺术工程职业学院,4,579457
2024,2,99,动漫制作技术,E367,重庆艺术工程职业学院,5,505415
2024,2,D1,融媒体技术与运营,E367,重庆艺术工程职业学院,2,562379
2024,2,D2,虚拟现实技术应用,E367,重庆艺术工程职业学院,4,616224
2024,2,D4,数字化设计与制造技术,E367,重庆艺术工程职业学院,6,641960
2024,2,85,建筑设计(中外合作办学),E367,重庆艺术工程职业学院,5,643233
2024,2,01,机电一体化技术,E368,重庆轻工职业学院,1,561940
2024,2,02,工业机器人技术,E368,重庆轻工职业学院,2,639081
2024,2,03,新能源汽车技术,E368,重庆轻工职业学院,5,630908
2024,2,04,人工智能技术应用,E368,重庆轻工职业学院,1,552645
2024,2,05,智能安防运营管理,E368,重庆轻工职业学院,1,579452
2024,2,06,消防救援技术,E368,重庆轻工职业学院,2,642727
2024,2,07,包装策划与设计,E368,重庆轻工职业学院,1,551429
2024,2,08,数字媒体技术,E368,重庆轻工职业学院,4,565031
2024,2,09,物联网应用技术,E368,重庆轻工职业学院,2,649559
2024,2,10,大数据技术,E368,重庆轻工职业学院,1,623658
2024,2,11,食品智能加工技术,E368,重庆轻工职业学院,1,631841
2024,2,12,食品检验检测技术,E368,重庆轻工职业学院,2,613982
2024,2,13,烹饪工艺与营养,E368,重庆轻工职业学院,1,601650
2024,2,14,药品质量与安全,E368,重庆轻工职业学院,1,602011
2024,2,15,药物制剂技术,E368,重庆轻工职业学院,2,625062
2024,2,16,药品经营与管理,E368,重庆轻工职业学院,1,617523
2024,2,17,社区康复,E368,重庆轻工职业学院,1,613427
2024,2,19,大数据与财务管理,E368,重庆轻工职业学院,2,570730
2024,2,21,电子商务,E368,重庆轻工职业学院,1,638624
2024,2,22,网络营销与直播电商,E368,重庆轻工职业学院,1,606177
2024,2,24,城市轨道交通运营管理,E368,重庆轻工职业学院,2,624083
2024,2,26,学前教育,E368,重庆轻工职业学院,2,639879
2024,2,28,智能网联汽车技术,E368,重庆轻工职业学院,1,530477
2024,2,29,中西面点工艺,E368,重庆轻工职业学院,1,588402
2024,2,30,安全技术与管理,E368,重庆轻工职业学院,1,637871
2024,2,01,软件技术,E369,重庆电信职业学院,2,595668
2024,2,13,建筑室内设计,E369,重庆电信职业学院,2,613589
2024,2,14,大数据与财务管理,E369,重庆电信职业学院,3,558407
2024,2,17,旅游管理,E369,重庆电信职业学院,4,640348
2024,2,24,机电一体化技术,E369,重庆电信职业学院,5,613469
2024,2,26,应急救援技术,E369,重庆电信职业学院,5,637096
2024,2,32,学前教育(师范类),E369,重庆电信职业学院,2,595493
2024,2,33,铁道车辆技术,E369,重庆电信职业学院,8,618264
2024,2,36,铁道交通运营管理,E369,重庆电信职业学院,7,594636
2024,2,01,大数据与会计,E370,重庆经贸职业学院,6,541521
2024,2,05,电子商务,E370,重庆经贸职业学院,5,600917
2024,2,09,网络营销与直播电商,E370,重庆经贸职业学院,5,628077
2024,2,12,学前教育,E370,重庆经贸职业学院,4,610834
2024,2,18,汽车制造与试验技术,E370,重庆经贸职业学院,5,629043
2024,2,20,空中乘务,E370,重庆经贸职业学院,5,630056
2024,2,22,机电一体化技术,E370,重庆经贸职业学院,10,621458
2024,2,23,电子信息工程技术,E370,重庆经贸职业学院,5,621257
2024,2,29,数字媒体技术,E370,重庆经贸职业学院,5,586389
2024,2,30,云计算技术应用,E370,重庆经贸职业学院,10,627199
2024,2,31,软件技术,E370,重庆经贸职业学院,5,623260
2024,2,01,电子商务,E371,贵州盛华职业学院,2,570409
2024,2,02,市场营销,E371,贵州盛华职业学院,2,633076
2024,2,08,大数据技术,E371,贵州盛华职业学院,3,595764
2024,2,13,大数据与会计,E371,贵州盛华职业学院,3,517199
2024,2,27,药品质量与安全,E372,昆明卫生职业学院,10,640144
2024,2,29,口腔医学,E372,昆明卫生职业学院,2,296710
2024,2,31,助产,E372,昆明卫生职业学院,4,589606
2024,2,32,药学,E372,昆明卫生职业学院,10,613977
2024,2,33,中医学,E372,昆明卫生职业学院,2,400139
2024,2,34,中医骨伤,E372,昆明卫生职业学院,8,530957
2024,2,35,针灸推拿,E372,昆明卫生职业学院,3,460532
2024,2,36,中药学,E372,昆明卫生职业学院,10,598088
2024,2,38,医学检验技术,E372,昆明卫生职业学院,10,621035
2024,2,39,医学影像技术,E372,昆明卫生职业学院,10,622513
2024,2,40,医学生物技术,E372,昆明卫生职业学院,17,645938
2024,2,42,卫生检验与检疫技术,E372,昆明卫生职业学院,12,647403
2024,2,43,康复治疗技术,E372,昆明卫生职业学院,10,629705
2024,2,44,公共卫生管理,E372,昆明卫生职业学院,10,649010
2024,2,45,预防医学,E372,昆明卫生职业学院,5,617121
2024,2,47,老年保健与管理,E372,昆明卫生职业学院,11,649529
2024,2,02,应用化工技术,E375,甘肃有色冶金职业技术学院,2,462045
2024,2,03,石油化工技术,E375,甘肃有色冶金职业技术学院,1,405110
2024,2,0F,电气自动化技术,E375,甘肃有色冶金职业技术学院,2,456665
2024,2,C9,机电一体化技术,E376,白银矿冶职业技术学院,8,527267
2024,2,D3,应用化工技术,E376,白银矿冶职业技术学院,8,532778
2024,2,D4,智能网联汽车技术,E376,白银矿冶职业技术学院,8,551757
2024,2,D7,数字媒体技术,E376,白银矿冶职业技术学院,8,529297
2024,2,E2,有色金属智能冶金技术,E376,白银矿冶职业技术学院,8,554150
2024,2,A1,数字媒体技术,E379,潍坊工程职业学院,40,429300
2024,2,A2,摄影摄像技术,E379,潍坊工程职业学院,30,508686
2024,2,B1,飞机机电设备维修,E379,潍坊工程职业学院,40,447543
2024,2,B4,高速铁路客运服务,E379,潍坊工程职业学院,20,401089
2024,2,B5,民航安全技术管理,E379,潍坊工程职业学院,51,499885
2024,2,C1,工业机器人技术,E379,潍坊工程职业学院,30,435066
2024,2,C2,无人机应用技术,E379,潍坊工程职业学院,30,443896
2024,2,C3,工业互联网应用,E379,潍坊工程职业学院,15,474374
2024,2,C4,机电一体化技术,E379,潍坊工程职业学院,167,412300
2024,2,C5,数控技术,E379,潍坊工程职业学院,20,325374
2024,2,D1,建筑工程技术,E379,潍坊工程职业学院,80,651805
2024,2,D2,工程造价,E379,潍坊工程职业学院,60,635787
2024,2,D3,建筑装饰工程技术,E379,潍坊工程职业学院,40,639201
2024,2,D5,智能建造技术,E379,潍坊工程职业学院,50,532880
2024,2,E1,汽车检测与维修技术,E379,潍坊工程职业学院,60,480109
2024,2,E2,新能源汽车技术,E379,潍坊工程职业学院,60,430925
2024,2,F1,早期教育,E379,潍坊工程职业学院,25,500432
2024,2,F2,婴幼儿托育服务与管理,E379,潍坊工程职业学院,10,503347
2024,2,F3,学前教育(师范类),E379,潍坊工程职业学院,40,421620
2024,2,G1,园艺技术,E379,潍坊工程职业学院,74,517839
2024,2,G2,食品检验检测技术,E379,潍坊工程职业学院,94,447737
2024,2,G3,电子商务,E379,潍坊工程职业学院,10,467609
2024,2,G4,花卉生产与花艺,E379,潍坊工程职业学院,50,515783
2024,2,G6,植物保护与检疫技术,E379,潍坊工程职业学院,30,500448
2024,2,G7,种子生产与经营,E379,潍坊工程职业学院,50,545727
2024,2,H1,大数据与会计,E379,潍坊工程职业学院,60,411107
2024,2,H2,市场营销,E379,潍坊工程职业学院,35,531309
2024,2,H3,旅游管理,E379,潍坊工程职业学院,30,519498
2024,2,H6,金融服务与管理,E379,潍坊工程职业学院,20,489469
2024,2,H7,现代物流管理,E379,潍坊工程职业学院,55,517472
2024,2,J0,微电子技术,E379,潍坊工程职业学院,50,509986
2024,2,J1,人工智能技术应用,E379,潍坊工程职业学院,60,440638
2024,2,J3,物联网应用技术,E379,潍坊工程职业学院,49,437576
2024,2,J5,虚拟现实技术应用,E379,潍坊工程职业学院,23,455130
2024,2,J7,大数据技术,E379,潍坊工程职业学院,40,409486
2024,2,J9,现代通信技术,E379,潍坊工程职业学院,50,423257
2024,2,JS,机电一体化技术(高职技师合作培养，在潍坊市技师学院就读),E379,潍坊工程职业学院,40,413255
2024,2,S1,建筑工程技术(高职3+2贯通培养，衔接潍坊学院土木工程专业),E379,潍坊工程职业学院,40,252422
2024,2,S3,学前教育(师范类，高职3+2贯通培养，衔接枣庄学院学前教育专业),E379,潍坊工程职业学院,40,234367
2024,2,S4,工业机器人技术(高职3+2贯通培养，衔接临沂大学机器人工程专业),E379,潍坊工程职业学院,40,233112
2024,2,S5,数控技术(高职3+2贯通培养，衔接济宁学院机械设计制造及其自动化专业,E379,潍坊工程职业学院,40,247936
2024,2,S6,现代物流管理(高职3+2贯通培养，衔接山东农业工程学院物流工程专业),E379,潍坊工程职业学院,40,247819
2024,2,S7,汽车检测与维修技术(高职3+2贯通培养，衔接临沂大学车辆工程专业),E379,潍坊工程职业学院,40,248377
2024,2,S8,大数据技术(高职3+2贯通培养，衔接临沂大学数据科学与大数据技术专业,E379,潍坊工程职业学院,40,214306
2024,2,S9,虚拟现实技术应用(高职3+2贯通培养，衔接山东工艺美术学院数字媒体技,E379,潍坊工程职业学院,60,245134
2024,2,SA,微电子技术(高职3+2贯通培养，衔接齐鲁师范学院电子信息工程专业),E379,潍坊工程职业学院,30,244133
2024,2,SD,电子商务(高职3+2贯通培养，衔接山东管理学院电子商务专业),E379,潍坊工程职业学院,40,247581
2024,2,D6,大数据与财务管理,E380,郑州商贸旅游职业学院,50,616277
2024,2,E1,建设工程管理,E380,郑州商贸旅游职业学院,50,639107
2024,2,01,针灸推拿,E382,河南推拿职业学院,35,348700
2024,2,01,软件技术,E385,沈阳北软信息职业技术学院,5,456936
2024,2,02,计算机应用技术,E385,沈阳北软信息职业技术学院,7,431308
2024,2,07,电子商务,E385,沈阳北软信息职业技术学院,4,488994
2024,2,09,动漫制作技术,E385,沈阳北软信息职业技术学院,4,484971
2024,2,01,学前教育(师范类),E391,郑州幼儿师范高等专科学校,10,391656
2024,2,13,学前教育(师范类),E392,安阳幼儿师范高等专科学校,12,646382
2024,2,14,小学教育(师范类),E392,安阳幼儿师范高等专科学校,13,333962
2024,2,01,空中乘务,E394,上海民航职业技术学院,110,634143
2024,2,02,民航空中安全保卫,E394,上海民航职业技术学院,106,650819
2024,2,03,民航运输服务,E394,上海民航职业技术学院,16,334794
2024,2,04,民航运输服务(民航电子商务),E394,上海民航职业技术学院,4,316520
2024,2,05,航空物流管理,E394,上海民航职业技术学院,6,333540
2024,2,06,民航运输服务(航空旅游服务),E394,上海民航职业技术学院,8,337334
2024,2,07,民航运输服务(航空旅游服务),E394,上海民航职业技术学院,8,258134
2024,2,09,机场运行服务与管理(航空港管理),E394,上海民航职业技术学院,8,279542
2024,2,10,民航安全技术管理,E394,上海民航职业技术学院,10,296912
2024,2,11,机场电工技术,E394,上海民航职业技术学院,6,320464
2024,2,12,飞机机电设备维修,E394,上海民航职业技术学院,15,281911
2024,2,14,飞机结构修理,E394,上海民航职业技术学院,5,294721
2024,2,16,通用航空器维修,E394,上海民航职业技术学院,6,329447
2024,2,17,无人机应用技术,E394,上海民航职业技术学院,6,309516
2024,2,19,飞行器数字化制造技术,E394,上海民航职业技术学院,6,327756
2024,2,20,飞行器数字化制造技术(通航飞机制造),E394,上海民航职业技术学院,5,332477
2024,2,21,机场运行服务与管理(航空器机坪管制),E394,上海民航职业技术学院,4,275590
2024,2,22,航空发动机装配调试技术,E394,上海民航职业技术学院,5,312459
2024,2,23,航空复合材料成型与加工技术,E394,上海民航职业技术学院,5,345873
2024,2,18,飞机机电设备维修(中外合作办学),E394,上海民航职业技术学院,10,362291
2024,2,01,铁道交通运营管理,E396,河北轨道运输职业技术学院,2,254636
2024,2,02,铁道信号自动控制,E396,河北轨道运输职业技术学院,6,260614
2024,2,08,铁道机车运用与维护,E396,河北轨道运输职业技术学院,3,255691
2024,2,09,动车组检修技术,E396,河北轨道运输职业技术学院,2,260133
2024,2,0A,铁道车辆技术,E396,河北轨道运输职业技术学院,3,273982
2024,2,0G,铁道供电技术,E396,河北轨道运输职业技术学院,2,270392
2024,2,0U,铁道工程技术,E396,河北轨道运输职业技术学院,2,271739
2024,2,11,护理,E401,徐州生物工程职业技术学院,8,295940
2024,2,12,康复治疗技术,E401,徐州生物工程职业技术学院,6,319700
2024,2,13,药学,E401,徐州生物工程职业技术学院,7,345896
2024,2,17,药品质量与安全,E401,徐州生物工程职业技术学院,7,358453
2024,2,18,现代农业技术,E401,徐州生物工程职业技术学院,7,382984
2024,2,19,园艺技术,E401,徐州生物工程职业技术学院,3,362336
2024,2,1A,植物保护与检疫技术,E401,徐州生物工程职业技术学院,4,369885
2024,2,1C,动物医学,E401,徐州生物工程职业技术学院,6,271806
2024,2,1D,宠物医疗技术,E401,徐州生物工程职业技术学院,4,277818
2024,2,1E,畜牧兽医,E401,徐州生物工程职业技术学院,4,289323
2024,2,1F,医用电子仪器技术,E401,徐州生物工程职业技术学院,4,377496
2024,2,1G,智能医疗装备技术,E401,徐州生物工程职业技术学院,4,379139
2024,2,1J,康复工程技术,E401,徐州生物工程职业技术学院,4,357678
2024,2,1K,机电一体化技术,E401,徐州生物工程职业技术学院,2,351962
2024,2,1L,环境监测技术,E401,徐州生物工程职业技术学院,2,389539
2024,2,1M,环境工程技术,E401,徐州生物工程职业技术学院,4,389101
2024,2,1N,物联网应用技术,E401,徐州生物工程职业技术学院,4,357712
2024,2,1P,计算机应用技术,E401,徐州生物工程职业技术学院,3,325398
2024,2,1Q,大数据与会计,E401,徐州生物工程职业技术学院,3,304524
2024,2,1R,电子商务,E401,徐州生物工程职业技术学院,4,382454
2024,2,03,文物修复与保护,E402,景德镇陶瓷职业技术学院,15,626662
2024,2,07,书画艺术(少儿美术方向),E402,景德镇陶瓷职业技术学院,5,594346
2024,2,14,陶瓷制造技术与工艺,E402,景德镇陶瓷职业技术学院,20,616346
2024,2,15,大数据与会计,E402,景德镇陶瓷职业技术学院,20,624208
2024,2,20,游戏艺术设计,E402,景德镇陶瓷职业技术学院,5,595669
2024,2,23,数字媒体艺术设计(影视动画方向),E402,景德镇陶瓷职业技术学院,20,631194
2024,2,31,金融科技应用,E402,景德镇陶瓷职业技术学院,10,635647
2024,2,32,网络营销与直播电商,E402,景德镇陶瓷职业技术学院,10,635529
2024,2,J4,材料工程技术,E402,景德镇陶瓷职业技术学院,10,625908
2024,2,J5,现代物流管理,E402,景德镇陶瓷职业技术学院,10,626733
2024,2,J6,旅游管理,E402,景德镇陶瓷职业技术学院,10,620236
2024,2,J7,婴幼儿托育服务与管理,E402,景德镇陶瓷职业技术学院,10,628603
2024,2,B6,影视编导(电影方向),E410,四川电影电视学院,10,426623
2024,2,B7,影视编导(电视方向),E410,四川电影电视学院,14,484603
2024,2,B8,民航空中安全保卫,E410,四川电影电视学院,25,611752
2024,2,B9,空中乘务,E410,四川电影电视学院,35,586393
2024,2,01,新能源汽车技术,E411,四川汽车职业技术学院,5,621972
2024,2,19,大数据与会计,E411,四川汽车职业技术学院,5,628848
2024,2,27,学前教育,E411,四川汽车职业技术学院,5,646165
2024,2,30,助产,E411,四川汽车职业技术学院,5,641484
2024,2,0S,护理,E412,贵州工商职业学院,10,620582
2024,2,21,护理,E413,红河卫生职业学院,10,448822
2024,2,31,临床医学,E413,红河卫生职业学院,5,350989
2024,2,51,针灸推拿,E413,红河卫生职业学院,5,376502
2024,2,61,口腔医学,E413,红河卫生职业学院,5,289730
2024,2,02,休闲农业经营与管理,E417,新疆应用职业技术学院,3,551627
2024,2,04,环境工程技术,E417,新疆应用职业技术学院,2,552729
2024,2,05,园林工程技术,E417,新疆应用职业技术学院,2,528514
2024,2,06,建筑工程技术,E417,新疆应用职业技术学院,3,555655
2024,2,08,工程造价,E417,新疆应用职业技术学院,2,557267
2024,2,09,建设工程监理,E417,新疆应用职业技术学院,2,561956
2024,2,0A,市政工程技术,E417,新疆应用职业技术学院,2,528473
2024,2,0B,机械制造及自动化,E417,新疆应用职业技术学院,3,481496
2024,2,0D,电气自动化技术,E417,新疆应用职业技术学院,3,489240
2024,2,0E,化工生物技术,E417,新疆应用职业技术学院,4,549384
2024,2,0F,应用化工技术,E417,新疆应用职业技术学院,3,534342
2024,2,0G,石油化工技术,E417,新疆应用职业技术学院,3,535829
2024,2,0H,现代纺织技术(纺织工艺与设备管理),E417,新疆应用职业技术学院,2,565325
2024,2,0J,服装设计与工艺,E417,新疆应用职业技术学院,2,550046
2024,2,0K,纺织品检验与贸易,E417,新疆应用职业技术学院,2,565842
2024,2,0L,汽车检测与维修技术,E417,新疆应用职业技术学院,2,546110
2024,2,0P,虚拟现实技术应用,E417,新疆应用职业技术学院,2,537848
2024,2,0Q,护理,E417,新疆应用职业技术学院,5,488148
2024,2,0S,大数据与会计,E417,新疆应用职业技术学院,3,480627
2024,2,0T,移动商务(移动商务营运与管理),E417,新疆应用职业技术学院,2,552439
2024,2,0X,酒店管理与数字化运营,E417,新疆应用职业技术学院,2,558861
2024,2,10,公共文化服务与管理,E417,新疆应用职业技术学院,3,562684
2024,2,12,学前教育(师范类),E417,新疆应用职业技术学院,3,512695
2024,2,13,小学语文教育(师范类),E417,新疆应用职业技术学院,5,411500
2024,2,05,传播与策划,E422,南京城市职业学院,5,266980
2024,2,07,大数据与会计,E422,南京城市职业学院,5,265614
2024,2,09,跨境电子商务,E422,南京城市职业学院,4,314223
2024,2,10,网络营销与直播电商,E422,南京城市职业学院,2,298748
2024,2,11,商务数据分析与应用,E422,南京城市职业学院,4,322295
2024,2,12,现代物流管理,E422,南京城市职业学院,4,310863
2024,2,13,工程造价,E422,南京城市职业学院,5,316948
2024,2,16,智慧健康养老服务与管理,E422,南京城市职业学院,5,325461
2024,2,18,健康管理,E422,南京城市职业学院,2,319288
2024,2,19,营养配餐,E422,南京城市职业学院,2,317805
2024,2,20,计算机应用技术,E422,南京城市职业学院,9,308076
2024,2,21,计算机网络技术,E422,南京城市职业学院,6,303631
2024,2,22,云计算技术应用,E422,南京城市职业学院,4,315518
2024,2,23,电子信息工程技术,E422,南京城市职业学院,2,295762
2024,2,24,新能源汽车技术,E422,南京城市职业学院,3,300426
2024,2,25,智能控制技术,E422,南京城市职业学院,2,297313
2024,2,26,软件技术,E422,南京城市职业学院,16,310590
2024,2,38,旅游管理,E438,山东管理学院,45,313144
2024,2,40,电子商务,E438,山东管理学院,45,299727
2024,2,42,金融服务与管理,E438,山东管理学院,90,292034
2024,2,43,人力资源管理,E438,山东管理学院,90,278483
2024,2,44,新闻采编与制作,E438,山东管理学院,45,270442
2024,2,48,学前教育(师范类),E438,山东管理学院,40,272377
2024,2,49,电气自动化技术,E438,山东管理学院,135,270645
2024,2,50,大数据与会计(中外合作办学),E438,山东管理学院,100,353223
2024,2,51,国际商务(中外合作办学),E438,山东管理学院,100,485090
2024,2,52,工商企业管理(中外合作办学),E438,山东管理学院,100,508035
2024,2,30,食品质量与安全,E439,山东农业工程学院,90,300246
2024,2,31,食品检验检测技术,E439,山东农业工程学院,90,292939
2024,2,32,电气自动化技术,E439,山东农业工程学院,120,290222
2024,2,33,计算机网络技术,E439,山东农业工程学院,90,286302
2024,2,36,国土资源调查与管理,E439,山东农业工程学院,90,324468
2024,2,39,现代物流管理,E439,山东农业工程学院,120,335075
2024,2,40,市场营销,E439,山东农业工程学院,120,361643
2024,2,41,大数据与会计,E439,山东农业工程学院,180,272626
2024,2,42,商务英语,E439,山东农业工程学院,95,337063
2024,2,43,应用韩语,E439,山东农业工程学院,35,357028
2024,2,55,软件技术,E439,山东农业工程学院,150,303588
2024,2,10,小学语文教育(师范类),E462,朔州师范高等专科学校,6,292165
2024,2,11,小学数学教育(师范类),E462,朔州师范高等专科学校,6,330346
2024,2,12,小学英语教育(师范类),E462,朔州师范高等专科学校,6,334039
2024,2,01,小学语文教育(师范类),E465,赣州师范高等专科学校,2,280266
2024,2,02,小学数学教育(师范类),E465,赣州师范高等专科学校,3,323722
2024,2,05,小学教育(师范类),E465,赣州师范高等专科学校,2,265148
2024,2,0B,商务英语,E465,赣州师范高等专科学校,2,403106
2024,2,0J,统计与大数据分析,E465,赣州师范高等专科学校,2,383736
2024,2,0Q,应用日语,E465,赣州师范高等专科学校,2,323562
2024,2,0S,学前教育(中外合作办学)(师范类，含自闭症儿童教育方向),E465,赣州师范高等专科学校,2,520860
2024,2,01,学前教育(师范类),E468,湖南幼儿师范高等专科学校,10,598433
2024,2,04,小学教育(师范类),E468,湖南幼儿师范高等专科学校,5,297204
2024,2,01,学前教育(师范类),E470,铜仁幼儿师范高等专科学校,5,630384
2024,2,20,影视多媒体技术,E471,河北工艺美术职业学院,5,430331
2024,2,02,建筑室内设计,E472,渤海理工职业学院,20,614668
2024,2,28,护理,E472,渤海理工职业学院,20,583838
2024,2,37,商务管理,E472,渤海理工职业学院,10,602282
2024,2,01,酒店管理与数字化运营,E473,辽宁轻工职业学院,6,432063
2024,2,06,旅游管理,E473,辽宁轻工职业学院,5,387540
2024,2,24,机械制造及自动化,E473,辽宁轻工职业学院,3,322049
2024,2,25,机电一体化技术,E473,辽宁轻工职业学院,5,320839
2024,2,30,数字媒体技术,E473,辽宁轻工职业学院,5,287020
2024,2,31,物联网应用技术,E473,辽宁轻工职业学院,8,313810
2024,2,33,电子信息工程技术,E473,辽宁轻工职业学院,5,330380
2024,2,41,服装设计与工艺,E473,辽宁轻工职业学院,6,390906
2024,2,50,建筑装饰工程技术,E473,辽宁轻工职业学院,4,373653
2024,2,60,空中乘务,E473,辽宁轻工职业学院,15,550772
2024,2,64,国际邮轮乘务管理,E473,辽宁轻工职业学院,8,515042
2024,2,01,大数据与会计,E475,江苏商贸职业学院,3,275324
2024,2,02,大数据与审计,E475,江苏商贸职业学院,2,271506
2024,2,03,大数据与财务管理,E475,江苏商贸职业学院,3,284722
2024,2,04,金融服务与管理,E475,江苏商贸职业学院,3,329390
2024,2,05,财富管理,E475,江苏商贸职业学院,3,352144
2024,2,06,旅游管理,E475,江苏商贸职业学院,5,368202
2024,2,09,空中乘务,E475,江苏商贸职业学院,4,406264
2024,2,10,研学旅行管理与服务,E475,江苏商贸职业学院,2,382457
2024,2,15,建筑室内设计,E475,江苏商贸职业学院,4,326384
2024,2,17,电子信息工程技术,E475,江苏商贸职业学院,3,323956
2024,2,22,大数据技术,E475,江苏商贸职业学院,2,294376
2024,2,23,信息安全技术应用,E475,江苏商贸职业学院,4,331766
2024,2,25,移动应用开发,E475,江苏商贸职业学院,5,355323
2024,2,26,关务与外贸服务,E475,江苏商贸职业学院,2,328842
2024,2,27,国际经济与贸易,E475,江苏商贸职业学院,2,296767
2024,2,28,市场营销,E475,江苏商贸职业学院,3,347486
2024,2,29,电子商务,E475,江苏商贸职业学院,4,323570
2024,2,30,跨境电子商务,E475,江苏商贸职业学院,2,341868
2024,2,33,智能物流技术,E475,江苏商贸职业学院,5,371525
2024,2,34,供应链运营,E475,江苏商贸职业学院,3,382318
2024,2,35,动漫制作技术,E475,江苏商贸职业学院,6,325631
2024,2,03,工程测量技术,E476,江西水利职业学院,2,438214
2024,2,06,电力系统自动化技术,E476,江西水利职业学院,2,328235
2024,2,08,园林工程技术,E476,江西水利职业学院,2,401800
2024,2,09,建筑工程技术,E476,江西水利职业学院,2,417944
2024,2,10,工程造价,E476,江西水利职业学院,3,428676
2024,2,12,给排水工程技术,E476,江西水利职业学院,2,410675
2024,2,14,水利工程,E476,江西水利职业学院,2,332471
2024,2,15,智慧水利技术,E476,江西水利职业学院,2,404964
2024,2,16,水利水电工程技术,E476,江西水利职业学院,2,344718
2024,2,17,水利水电建筑工程,E476,江西水利职业学院,2,382258
2024,2,19,水利机电设备智能管理,E476,江西水利职业学院,4,423446
2024,2,24,无人机应用技术,E476,江西水利职业学院,2,417802
2024,2,25,物联网应用技术,E476,江西水利职业学院,2,424654
2024,2,27,计算机应用技术,E476,江西水利职业学院,5,409172
2024,2,30,大数据与会计,E476,江西水利职业学院,3,366957
2024,2,11,旅游管理,E477,菏泽职业学院,150,545261
2024,2,12,音乐表演,E477,菏泽职业学院,190,565659
2024,2,13,酒店管理与数字化运营,E477,菏泽职业学院,100,546929
2024,2,15,空中乘务,E477,菏泽职业学院,60,551830
2024,2,16,物联网应用技术,E477,菏泽职业学院,21,482715
2024,2,17,计算机应用技术,E477,菏泽职业学院,71,463732
2024,2,18,信息安全技术应用,E477,菏泽职业学院,30,490365
2024,2,19,动漫制作技术,E477,菏泽职业学院,71,491483
2024,2,21,大数据技术,E477,菏泽职业学院,60,481791
2024,2,23,大数据与会计,E477,菏泽职业学院,140,443792
2024,2,24,会计信息管理,E477,菏泽职业学院,45,465080
2024,2,26,金融科技应用,E477,菏泽职业学院,44,523221
2024,2,27,现代物流管理,E477,菏泽职业学院,130,537879
2024,2,28,跨境电子商务,E477,菏泽职业学院,50,535756
2024,2,29,电子商务,E477,菏泽职业学院,90,526892
2024,2,2A,机电一体化技术,E477,菏泽职业学院,150,477251
2024,2,2B,智能制造装备技术,E477,菏泽职业学院,150,527944
2024,2,2C,电气自动化技术,E477,菏泽职业学院,50,430693
2024,2,2D,工业机器人技术,E477,菏泽职业学院,60,505342
2024,2,2F,新能源汽车技术,E477,菏泽职业学院,150,494789
2024,2,2G,汽车检测与维修技术,E477,菏泽职业学院,100,526417
2024,2,2H,城市轨道交通运营管理,E477,菏泽职业学院,80,455065
2024,2,2L,汽车技术服务与营销,E477,菏泽职业学院,50,542109
2024,2,2M,工程造价,E477,菏泽职业学院,50,508660
2024,2,2N,建筑装饰工程技术,E477,菏泽职业学院,80,545015
2024,2,2P,建筑工程技术,E477,菏泽职业学院,69,539823
2024,2,2Q,应用化工技术,E477,菏泽职业学院,220,530615
2024,2,2R,食品生物技术,E477,菏泽职业学院,80,493168
2024,2,2S,人物形象设计,E477,菏泽职业学院,41,528151
2024,2,2T,药品生物技术,E477,菏泽职业学院,49,464847
2024,2,2U,学前教育(师范类),E477,菏泽职业学院,80,450199
2024,2,2V,婴幼儿托育服务与管理,E477,菏泽职业学院,50,515671
2024,2,49,旅游管理(中外合作办学),E477,菏泽职业学院,29,561078
2024,2,4B,物联网应用技术(中外合作办学),E477,菏泽职业学院,70,561741
2024,2,47,应用化工技术(高职3+2贯通培养，衔接齐鲁工业大学化学工程与工艺专业,E477,菏泽职业学院,80,241938
2024,2,48,物联网应用技术(高职3+2贯通培养，衔接菏泽学院物联网工程专业),E477,菏泽职业学院,40,246706
2024,2,09,大数据与审计(ACCA),E478,郑州财税金融职业学院,15,383920
2024,2,61,学前教育(师范类),E479,南阳农业职业学院,15,491852
2024,2,10,新能源汽车技术,E480,洛阳科技职业学院,13,621633
2024,2,16,计算机应用技术,E480,洛阳科技职业学院,13,613951
2024,2,25,电子商务,E480,洛阳科技职业学院,13,616551
2024,2,30,学前教育(师范类),E480,洛阳科技职业学院,11,612325
2024,2,01,临床医学,E483,巴中职业技术学院,5,404179
2024,2,02,护理,E483,巴中职业技术学院,5,607279
2024,2,04,康复治疗技术,E483,巴中职业技术学院,5,597719
2024,2,07,医学检验技术,E483,巴中职业技术学院,10,622836
2024,2,08,医学影像技术,E483,巴中职业技术学院,10,623567
2024,2,10,学前教育(师范类),E483,巴中职业技术学院,15,633168
2024,2,12,小学教育(师范类),E483,巴中职业技术学院,10,567869
2024,2,14,旅游管理,E483,巴中职业技术学院,5,653148
2024,2,16,法律事务,E483,巴中职业技术学院,5,564693
2024,2,20,新能源汽车技术,E483,巴中职业技术学院,5,631714
2024,2,29,智能机电技术,E483,巴中职业技术学院,5,655282
2024,2,06,新能源汽车技术,E484,四川希望汽车职业学院,5,627052
2024,2,13,城市轨道交通运营管理,E484,四川希望汽车职业学院,5,634442
2024,2,16,计算机应用技术,E484,四川希望汽车职业学院,5,633042
2024,2,19,护理,E484,四川希望汽车职业学院,5,634413
2024,2,24,大数据与会计,E484,四川希望汽车职业学院,5,643315
2024,2,28,学前教育,E484,四川希望汽车职业学院,5,651507
2024,2,01,电子信息工程技术,E485,四川电子机械职业技术学院,5,636724
2024,2,04,计算机应用技术,E485,四川电子机械职业技术学院,8,636758
2024,2,13,物联网应用技术,E485,四川电子机械职业技术学院,5,639721
2024,2,17,机械制造及自动化,E485,四川电子机械职业技术学院,8,630932
2024,2,18,机电一体化技术,E485,四川电子机械职业技术学院,5,606018
2024,2,20,工业机器人技术,E485,四川电子机械职业技术学院,8,627221
2024,2,23,大数据与会计,E485,四川电子机械职业技术学院,8,631922
2024,2,29,婴幼儿托育服务与管理,E485,四川电子机械职业技术学院,8,642708
2024,2,01,学前教育,E486,四川文轩职业学院,4,640185
2024,2,05,护理,E486,四川文轩职业学院,8,627492
2024,2,06,口腔医学技术,E486,四川文轩职业学院,4,583487
2024,2,07,康复治疗技术,E486,四川文轩职业学院,2,628134
2024,2,08,助产,E486,四川文轩职业学院,2,654076
2024,2,10,空中乘务,E486,四川文轩职业学院,2,621560
2024,2,11,高速铁路客运服务,E486,四川文轩职业学院,2,621297
2024,2,14,计算机应用技术,E486,四川文轩职业学院,2,628518
2024,2,15,计算机网络技术,E486,四川文轩职业学院,2,641391
2024,2,17,数字媒体技术,E486,四川文轩职业学院,2,571086
2024,2,21,大数据与会计,E486,四川文轩职业学院,2,581913
2024,2,29,艺术设计,E486,四川文轩职业学院,2,648058
2024,2,35,建筑工程技术,E486,四川文轩职业学院,2,652736
2024,2,38,机械制造及自动化,E486,四川文轩职业学院,2,606935
2024,2,41,数控技术,E486,四川文轩职业学院,2,642117
2024,2,04,铁道工程技术,E489,新疆铁道职业技术学院,2,321265
2024,2,06,铁道机车运用与维护,E489,新疆铁道职业技术学院,2,317209
2024,2,08,铁道供电技术,E489,新疆铁道职业技术学院,2,335809
2024,2,12,铁道通信与信息化技术,E489,新疆铁道职业技术学院,2,335114
2024,2,13,铁道交通运营管理,E489,新疆铁道职业技术学院,2,311832
2024,2,1A,城市轨道交通运营管理,E491,重庆科技职业学院,6,575722
2024,2,2C,新能源汽车技术,E491,重庆科技职业学院,5,569360
2024,2,3A,大数据与会计,E491,重庆科技职业学院,6,543377
2024,2,3C,学前教育,E491,重庆科技职业学院,5,631584
2024,2,5A,电子信息工程技术,E491,重庆科技职业学院,6,585772
2024,2,8A,机械制造及自动化,E491,重庆科技职业学院,6,568550
2024,2,8C,智能控制技术,E491,重庆科技职业学院,5,586800
2024,2,9A,计算机应用技术,E491,重庆科技职业学院,6,538141
2024,2,9B,物联网应用技术,E491,重庆科技职业学院,5,606344
2024,2,11,学前教育(师范类),E494,宜春幼儿师范高等专科学校,5,429899
2024,2,12,早期教育(师范类),E494,宜春幼儿师范高等专科学校,2,454281
2024,2,15,婴幼儿托育服务与管理,E494,宜春幼儿师范高等专科学校,3,631072
2024,2,17,小学教育(师范类),E494,宜春幼儿师范高等专科学校,4,330035
2024,2,18,小学语文教育(师范类),E494,宜春幼儿师范高等专科学校,10,335040
2024,2,19,小学数学教育(师范类),E494,宜春幼儿师范高等专科学校,5,340653
2024,2,1A,中文,E494,宜春幼儿师范高等专科学校,4,343400
2024,2,1B,小学英语教育(师范类),E494,宜春幼儿师范高等专科学校,5,333762
2024,2,1H,信息安全技术应用,E494,宜春幼儿师范高等专科学校,5,488447
2024,2,05,学前教育(师范类),E498,宁夏幼儿师范高等专科学校,10,621360
2024,2,08,小学教育(师范类),E498,宁夏幼儿师范高等专科学校,2,335605
2024,2,10,小学英语教育(师范类),E498,宁夏幼儿师范高等专科学校,2,429070
2024,2,11,机电一体化技术,E504,吉安职业技术学院,2,421339
2024,2,15,数控技术,E504,吉安职业技术学院,2,446542
2024,2,34,园林工程技术,E504,吉安职业技术学院,2,450630
2024,2,41,现代物流管理,E504,吉安职业技术学院,2,463302
2024,2,56,民宿管理与运营,E504,吉安职业技术学院,2,482237
2024,2,5H,旅游管理(中外合作办学),E504,吉安职业技术学院,20,665890
2024,2,20,建筑装饰工程技术,E506,山东艺术设计职业学院,43,611974
2024,2,30,风景园林设计,E506,山东艺术设计职业学院,16,571958
2024,2,40,园艺技术,E506,山东艺术设计职业学院,10,583116
2024,2,90,工业设计,E506,山东艺术设计职业学院,5,584471
2024,2,A0,虚拟现实技术应用,E506,山东艺术设计职业学院,8,582254
2024,2,C0,软件技术,E506,山东艺术设计职业学院,8,577011
2024,2,D0,文化产业经营与管理,E506,山东艺术设计职业学院,6,588668
2024,2,F0,全媒体广告策划与营销,E506,山东艺术设计职业学院,6,566523
2024,2,J0,文物修复与保护,E506,山东艺术设计职业学院,11,548252
2024,2,M0,空中乘务,E506,山东艺术设计职业学院,48,626076
2024,2,N0,婴幼儿托育服务与管理,E506,山东艺术设计职业学院,20,607797
2024,2,P0,智慧健康养老服务与管理,E506,山东艺术设计职业学院,5,568484
2024,2,Q0,民航安全技术管理,E506,山东艺术设计职业学院,35,630051
2024,2,U0,网络营销与直播电商,E506,山东艺术设计职业学院,6,559419
2024,2,V0,酒店管理与数字化运营,E506,山东艺术设计职业学院,35,628524
2024,2,W0,旅游管理,E506,山东艺术设计职业学院,45,631367
2024,2,01,水产养殖技术,E507,威海海洋职业学院,45,453489
2024,2,02,动物药学,E507,威海海洋职业学院,55,419874
2024,2,03,水生动物医学,E507,威海海洋职业学院,65,439894
2024,2,04,水环境智能监测与治理,E507,威海海洋职业学院,82,488481
2024,2,05,食品智能加工技术,E507,威海海洋职业学院,40,463847
2024,2,06,食品质量与安全,E507,威海海洋职业学院,75,438302
2024,2,07,食品检验检测技术,E507,威海海洋职业学院,90,453165
2024,2,08,药品生物技术,E507,威海海洋职业学院,106,406287
2024,2,09,食品药品监督管理,E507,威海海洋职业学院,79,463041
2024,2,10,中药学,E507,威海海洋职业学院,43,410568
2024,2,11,医疗器械经营与服务,E507,威海海洋职业学院,80,493748
2024,2,12,药品经营与管理,E507,威海海洋职业学院,61,451362
2024,2,13,船舶工程技术,E507,威海海洋职业学院,54,416979
2024,2,14,船舶检验,E507,威海海洋职业学院,31,453126
2024,2,15,港口与航道工程技术,E507,威海海洋职业学院,80,479643
2024,2,16,船舶电子电气技术,E507,威海海洋职业学院,87,462696
2024,2,18,轮机工程技术,E507,威海海洋职业学院,30,429211
2024,2,19,电气自动化技术,E507,威海海洋职业学院,140,413795
2024,2,20,机电一体化技术,E507,威海海洋职业学院,124,424972
2024,2,21,工业机器人技术,E507,威海海洋职业学院,80,455336
2024,2,22,智能控制技术,E507,威海海洋职业学院,60,459729
2024,2,23,酒店管理与数字化运营,E507,威海海洋职业学院,135,524250
2024,2,24,国际邮轮乘务管理,E507,威海海洋职业学院,75,519350
2024,2,25,大数据与会计,E507,威海海洋职业学院,137,408889
2024,2,26,连锁经营与管理,E507,威海海洋职业学院,80,520508
2024,2,27,电子商务,E507,威海海洋职业学院,138,504553
2024,2,28,数字媒体技术,E507,威海海洋职业学院,80,371948
2024,2,29,跨境电子商务,E507,威海海洋职业学院,50,498020
2024,2,30,港口物流管理,E507,威海海洋职业学院,98,491564
2024,2,31,物联网应用技术,E507,威海海洋职业学院,92,446059
2024,2,32,云计算技术应用,E507,威海海洋职业学院,120,427704
2024,2,33,人工智能技术应用,E507,威海海洋职业学院,60,438749
2024,2,34,信息安全技术应用,E507,威海海洋职业学院,125,432297
2024,2,17,船舶工程技术(中外合作办学),E507,威海海洋职业学院,50,541452
2024,2,35,物联网应用技术(中外合作办学),E507,威海海洋职业学院,50,538731
2024,2,38,水生动物医学(高职3+2贯通培养，衔接临沂大学动物医学专业),E507,威海海洋职业学院,40,209731
2024,2,64,港口物流管理(高职3+2贯通培养，衔接山东管理学院物流管理专业),E507,威海海洋职业学院,40,247392
2024,2,67,人工智能技术应用(高职3+2贯通培养，衔接山东农业工程学院人工智能专,E507,威海海洋职业学院,40,241158
2024,2,01,空中乘务,E515,四川西南航空职业学院,48,634360
2024,2,02,民航空中安全保卫,E515,四川西南航空职业学院,12,630493
2024,2,03,民航安全技术管理,E515,四川西南航空职业学院,10,621976
2024,2,05,消防救援技术,E515,四川西南航空职业学院,15,636777
2024,2,06,飞机机电设备维修,E515,四川西南航空职业学院,15,569019
2024,2,10,民航运输服务,E515,四川西南航空职业学院,10,634647
2024,2,11,航空物流管理,E515,四川西南航空职业学院,10,629081
2024,2,12,机场运行服务与管理,E515,四川西南航空职业学院,10,624856
2024,2,13,人工智能技术应用,E515,四川西南航空职业学院,10,552264
2024,2,18,直升机驾驶技术,E515,四川西南航空职业学院,2,614606
2024,2,22,高速铁路客运服务,E515,四川西南航空职业学院,10,639129
2024,2,26,电子商务,E515,四川西南航空职业学院,10,623752
2024,2,28,网络直播与运营,E515,四川西南航空职业学院,12,639350
2024,2,29,影视编导,E515,四川西南航空职业学院,10,616199
2024,2,30,城市轨道交通工程技术,E515,四川西南航空职业学院,9,636430
2024,2,31,动漫制作技术,E515,四川西南航空职业学院,9,640234
2024,2,01,现代农业技术,E523,新疆生产建设兵团兴新职业技术学院,1,351883
2024,2,02,消防救援技术,E523,新疆生产建设兵团兴新职业技术学院,3,455103
2024,2,03,电力系统自动化技术,E523,新疆生产建设兵团兴新职业技术学院,2,321870
2024,2,06,风景园林设计,E523,新疆生产建设兵团兴新职业技术学院,4,584516
2024,2,09,工程造价,E523,新疆生产建设兵团兴新职业技术学院,4,499095
2024,2,18,新能源汽车技术,E523,新疆生产建设兵团兴新职业技术学院,3,456418
2024,2,22,服装设计与工艺,E523,新疆生产建设兵团兴新职业技术学院,4,585394
2024,2,24,计算机网络技术,E523,新疆生产建设兵团兴新职业技术学院,4,420174
2024,2,30,婴幼儿托育服务与管理,E523,新疆生产建设兵团兴新职业技术学院,2,611419
2024,2,31,大数据与财务管理,E523,新疆生产建设兵团兴新职业技术学院,1,242946
2024,2,33,现代物流管理,E523,新疆生产建设兵团兴新职业技术学院,1,518962
2024,2,34,烹饪工艺与营养,E523,新疆生产建设兵团兴新职业技术学院,3,530531
2024,2,35,融媒体技术与运营,E523,新疆生产建设兵团兴新职业技术学院,1,487287
2024,2,36,学前教育,E523,新疆生产建设兵团兴新职业技术学院,6,582447
2024,2,37,社会工作,E523,新疆生产建设兵团兴新职业技术学院,4,533894
2024,2,02,机械制造及自动化,E524,哈密职业技术学院,1,457029
2024,2,04,机电一体化技术,E524,哈密职业技术学院,2,507756
2024,2,05,电气自动化技术,E524,哈密职业技术学院,2,500263
2024,2,06,汽车电子技术,E524,哈密职业技术学院,1,551862
2024,2,07,应用化工技术,E524,哈密职业技术学院,1,557956
2024,2,10,汽车技术服务与营销,E524,哈密职业技术学院,1,524850
2024,2,11,汽车检测与维修技术,E524,哈密职业技术学院,1,499259
2024,2,12,护理,E524,哈密职业技术学院,1,447261
2024,2,15,老年保健与管理,E524,哈密职业技术学院,1,553490
2024,2,16,大数据与财务管理,E524,哈密职业技术学院,1,373077
2024,2,17,大数据与会计,E524,哈密职业技术学院,1,488870
2024,2,18,电子商务,E524,哈密职业技术学院,1,477638
2024,2,19,现代物流管理,E524,哈密职业技术学院,2,557852
2024,2,21,酒店管理与数字化运营,E524,哈密职业技术学院,2,572177
2024,2,22,学前教育(师范类),E524,哈密职业技术学院,2,532882
2024,2,01,酒店管理与数字化运营,E528,扬州中瑞酒店职业学院,5,638700
2024,2,02,西式烹饪工艺,E528,扬州中瑞酒店职业学院,5,639186
2024,2,03,餐饮智能管理,E528,扬州中瑞酒店职业学院,2,641075
2024,2,04,烹饪工艺与营养,E528,扬州中瑞酒店职业学院,5,637593
2024,2,05,中西面点工艺,E528,扬州中瑞酒店职业学院,4,639412
2024,2,06,空中乘务,E528,扬州中瑞酒店职业学院,2,617829
2024,2,07,高速铁路客运服务,E528,扬州中瑞酒店职业学院,2,567764
2024,2,09,大数据与财务管理,E528,扬州中瑞酒店职业学院,2,520214
2024,2,12,市场营销,E528,扬州中瑞酒店职业学院,2,587554
2024,2,13,计算机网络技术,E528,扬州中瑞酒店职业学院,2,577168
2024,2,14,软件技术,E528,扬州中瑞酒店职业学院,3,574023
2024,2,16,婴幼儿托育服务与管理,E528,扬州中瑞酒店职业学院,2,637507
2024,2,17,建设工程管理,E528,扬州中瑞酒店职业学院,2,621609
2024,2,18,建筑工程技术,E528,扬州中瑞酒店职业学院,2,642392
2024,2,1N,大数据与会计,E529,鹤壁能源化工职业学院,96,432161
2024,2,1P,电子商务,E529,鹤壁能源化工职业学院,44,469185
2024,2,1D,小学教育(师范类),E537,江西师范高等专科学校,5,308586
2024,2,1B,绿色食品生产技术,E539,扎兰屯职业学院,1,458394
2024,2,1P,食品生物技术,E539,扎兰屯职业学院,6,586380
2024,2,2G,园林技术,E539,扎兰屯职业学院,2,548454
2024,2,4A,护理,E539,扎兰屯职业学院,2,445122
2024,2,4G,药学,E539,扎兰屯职业学院,2,378452
2024,2,4K,临床医学,E539,扎兰屯职业学院,2,336814
2024,2,5D,大数据与会计,E539,扎兰屯职业学院,2,449761
2024,2,6G,工业机器人技术,E539,扎兰屯职业学院,2,468704
2024,2,71,电气自动化技术,E539,扎兰屯职业学院,4,464144
2024,2,7S,飞机机电设备维修,E539,扎兰屯职业学院,3,457821
2024,2,8B,学前教育(师范类),E539,扎兰屯职业学院,2,485791
2024,2,8L,小学教育(师范类),E539,扎兰屯职业学院,2,427208
2024,2,05,康复治疗技术,E540,黑龙江冰雪体育职业学院,5,394384
2024,2,01,大数据与会计,E542,江苏财会职业学院,5,278002
2024,2,02,统计与会计核算,E542,江苏财会职业学院,5,310562
2024,2,03,大数据与财务管理,E542,江苏财会职业学院,10,298336
2024,2,04,金融服务与管理,E542,江苏财会职业学院,10,346486
2024,2,05,市场营销,E542,江苏财会职业学院,5,337311
2024,2,10,软件技术,E542,江苏财会职业学院,10,327166
2024,2,11,大数据技术,E542,江苏财会职业学院,8,331686
2024,2,12,人工智能技术应用,E542,江苏财会职业学院,10,349983
2024,2,13,信息安全技术应用,E542,江苏财会职业学院,5,336380
2024,2,14,云计算技术应用,E542,江苏财会职业学院,5,342384
2024,2,15,大数据与审计,E542,江苏财会职业学院,6,296238
2024,2,16,财税大数据应用,E542,江苏财会职业学院,5,313508
2024,2,17,应用韩语,E542,江苏财会职业学院,5,350500
2024,2,18,网络新闻与传播,E542,江苏财会职业学院,6,295024
2024,2,19,传播与策划,E542,江苏财会职业学院,5,292686
2024,2,20,网络营销与直播电商,E542,江苏财会职业学院,5,346149
2024,2,50,电子商务,E542,江苏财会职业学院,5,343692
2024,2,03,无人机测绘技术,E543,江苏城乡建设职业学院,3,380921
2024,2,05,生态保护技术,E543,江苏城乡建设职业学院,3,378330
2024,2,08,建筑装饰工程技术,E543,江苏城乡建设职业学院,3,402749
2024,2,09,古建筑工程技术,E543,江苏城乡建设职业学院,3,384337
2024,2,10,园林工程技术,E543,江苏城乡建设职业学院,3,371772
2024,2,13,建筑工程技术,E543,江苏城乡建设职业学院,13,413562
2024,2,15,建筑钢结构工程技术,E543,江苏城乡建设职业学院,3,406046
2024,2,16,智能建造技术,E543,江苏城乡建设职业学院,6,409467
2024,2,19,建筑电气工程技术,E543,江苏城乡建设职业学院,3,394790
2024,2,20,供热通风与空调工程技术,E543,江苏城乡建设职业学院,3,405773
2024,2,21,建筑智能化工程技术,E543,江苏城乡建设职业学院,3,400304
2024,2,22,工程造价,E543,江苏城乡建设职业学院,6,383623
2024,2,23,建设工程管理,E543,江苏城乡建设职业学院,3,399264
2024,2,25,给排水工程技术,E543,江苏城乡建设职业学院,3,391980
2024,2,26,城市燃气工程技术,E543,江苏城乡建设职业学院,3,397302
2024,2,27,房地产经营与管理,E543,江苏城乡建设职业学院,3,409149
2024,2,29,无人机应用技术,E543,江苏城乡建设职业学院,3,382070
2024,2,30,道路与桥梁工程技术,E543,江苏城乡建设职业学院,3,411002
2024,2,31,交通运营管理,E543,江苏城乡建设职业学院,3,360092
2024,2,32,城市轨道交通机电技术,E543,江苏城乡建设职业学院,3,369315
2024,2,35,移动互联应用技术,E543,江苏城乡建设职业学院,3,377145
2024,2,36,计算机网络技术,E543,江苏城乡建设职业学院,3,356042
2024,2,05,计算机应用技术,E544,南昌影视传播职业学院,6,519268
2024,2,08,电子商务,E544,南昌影视传播职业学院,3,563708
2024,2,09,城市轨道交通运营管理,E544,南昌影视传播职业学院,3,551059
2024,2,04,康复治疗技术,E545,山东特殊教育职业学院,80,397113
2024,2,06,特殊教育(师范类),E545,山东特殊教育职业学院,120,325034
2024,2,08,言语听觉康复技术,E545,山东特殊教育职业学院,80,421320
2024,2,09,计算机应用技术,E545,山东特殊教育职业学院,40,400409
2024,2,10,数字媒体技术,E545,山东特殊教育职业学院,40,402353
2024,2,07,特殊教育(师范类，高职3+2贯通培养，衔接济南大学特殊教育专业),E545,山东特殊教育职业学院,40,190808
2024,2,11,康复治疗技术(高职3+2贯通培养，衔接山东中医药大学康复治疗学专业),E545,山东特殊教育职业学院,40,197093
2024,2,24,航空发动机制造技术,E547,成都工贸职业技术学院,5,388066
2024,2,00,学前教育(师范类),E548,四川应用技术职业学院,10,639535
2024,2,02,小学教育(师范类),E548,四川应用技术职业学院,20,618289
2024,2,10,护理,E548,四川应用技术职业学院,10,628273
2024,2,14,计算机应用技术,E548,四川应用技术职业学院,10,636240
2024,2,09,铁道机车运用与维护,E553,湖北铁道运输职业学院,15,302463
2024,2,12,动车组检修技术,E553,湖北铁道运输职业学院,15,317626
2024,2,0A,资源综合利用技术,E555,长江艺术工程职业学院,5,614695
2024,2,10,智慧健康养老服务与管理,E555,长江艺术工程职业学院,3,586117
2024,2,1A,建筑室内设计,E555,长江艺术工程职业学院,5,608575
2024,2,2A,机械制造及自动化,E555,长江艺术工程职业学院,3,584082
2024,2,3A,智能控制技术,E555,长江艺术工程职业学院,3,609021
2024,2,4A,工业机器人技术,E555,长江艺术工程职业学院,5,620015
2024,2,5A,无人机应用技术,E555,长江艺术工程职业学院,5,599421
2024,2,6A,汽车制造与试验技术,E555,长江艺术工程职业学院,3,588252
2024,2,7A,新能源汽车技术,E555,长江艺术工程职业学院,3,594090
2024,2,8A,智能网联汽车技术,E555,长江艺术工程职业学院,3,621218
2024,2,9A,服装设计与工艺,E555,长江艺术工程职业学院,5,612115
2024,2,A1,护理,E555,长江艺术工程职业学院,5,521835
2024,2,AA,物联网应用技术,E555,长江艺术工程职业学院,3,620921
2024,2,B1,助产,E555,长江艺术工程职业学院,3,577283
2024,2,BA,计算机应用技术,E555,长江艺术工程职业学院,5,583091
2024,2,C1,中医康复技术,E555,长江艺术工程职业学院,5,558266
2024,2,CA,软件技术,E555,长江艺术工程职业学院,5,609602
2024,2,DA,大数据技术,E555,长江艺术工程职业学院,5,597481
2024,2,EA,人工智能技术应用,E555,长江艺术工程职业学院,5,612495
2024,2,FA,移动应用开发,E555,长江艺术工程职业学院,5,626339
2024,2,GA,婴幼儿托育服务与管理,E555,长江艺术工程职业学院,5,638055
2024,2,HA,金融服务与管理,E555,长江艺术工程职业学院,4,624387
2024,2,JA,财富管理,E555,长江艺术工程职业学院,3,627735
2024,2,KA,大数据与财务管理,E555,长江艺术工程职业学院,3,578047
2024,2,LA,统计与会计核算,E555,长江艺术工程职业学院,3,598641
2024,2,MA,市场营销,E555,长江艺术工程职业学院,4,614539
2024,2,NA,电子商务,E555,长江艺术工程职业学院,4,612901
2024,2,PA,网络营销与直播电商,E555,长江艺术工程职业学院,3,624598
2024,2,QA,现代物流管理,E555,长江艺术工程职业学院,3,585723
2024,2,RA,旅游管理,E555,长江艺术工程职业学院,3,622692
2024,2,SA,酒店管理与数字化运营,E555,长江艺术工程职业学院,3,616090
2024,2,TA,数字媒体艺术设计,E555,长江艺术工程职业学院,5,580032
2024,2,UA,工艺美术品设计,E555,长江艺术工程职业学院,3,582176
2024,2,XA,文物修复与保护,E555,长江艺术工程职业学院,5,553688
2024,2,YA,社会体育,E555,长江艺术工程职业学院,5,621078
2024,2,31,环境工程技术,E557,重庆资源与环境保护职业学院,13,647657
2024,2,32,环境管理与评价,E557,重庆资源与环境保护职业学院,6,633309
2024,2,33,生态环境修复技术,E557,重庆资源与环境保护职业学院,10,626671
2024,2,34,绿色低碳技术,E557,重庆资源与环境保护职业学院,5,624672
2024,2,35,环境监测技术,E557,重庆资源与环境保护职业学院,6,629789
2024,2,37,大数据与会计,E557,重庆资源与环境保护职业学院,5,555636
2024,2,38,金融科技应用,E557,重庆资源与环境保护职业学院,3,597982
2024,2,39,社区康复,E557,重庆资源与环境保护职业学院,4,631551
2024,2,40,药品经营与管理,E557,重庆资源与环境保护职业学院,7,610919
2024,2,41,药品质量与安全,E557,重庆资源与环境保护职业学院,7,626748
2024,2,45,学前教育(师范类),E557,重庆资源与环境保护职业学院,2,595277
2024,2,48,城市轨道交通运营管理,E557,重庆资源与环境保护职业学院,10,622382
2024,2,49,大数据技术,E557,重庆资源与环境保护职业学院,6,654309
2024,2,52,建筑室内设计,E557,重庆资源与环境保护职业学院,3,614270
2024,2,53,汽车电子技术,E557,重庆资源与环境保护职业学院,4,633941
2024,2,54,人工智能技术应用,E557,重庆资源与环境保护职业学院,2,583975
2024,2,55,市政工程技术,E557,重庆资源与环境保护职业学院,2,614777
2024,2,56,数字媒体技术,E557,重庆资源与环境保护职业学院,2,575408
2024,2,57,新能源汽车检测与维修技术,E557,重庆资源与环境保护职业学院,7,633258
2024,2,58,移动互联应用技术,E557,重庆资源与环境保护职业学院,2,629782
2024,2,59,智能机电技术,E557,重庆资源与环境保护职业学院,2,616015
2024,2,04,大数据技术,E559,贵州工贸职业学院,5,605698
2024,2,0H,工程造价,E559,贵州工贸职业学院,5,598286
2024,2,0J,护理,E559,贵州工贸职业学院,8,624033
2024,2,0K,药学,E559,贵州工贸职业学院,5,626897
2024,2,0L,中医康复技术,E559,贵州工贸职业学院,5,616982
2024,2,0M,健康管理,E559,贵州工贸职业学院,5,595638
2024,2,01,中医学,E567,吉林职业技术学院,2,425602
2024,2,04,医学影像技术,E567,吉林职业技术学院,4,497810
2024,2,07,医学检验技术,E567,吉林职业技术学院,4,526674
2024,2,01,无人机测绘技术,E568,江苏航空职业技术学院,2,384775
2024,2,02,航空复合材料成型与加工技术,E568,江苏航空职业技术学院,8,394418
2024,2,03,智能控制技术,E568,江苏航空职业技术学院,8,389341
2024,2,04,智能机器人技术,E568,江苏航空职业技术学院,7,387027
2024,2,05,飞行器数字化制造技术,E568,江苏航空职业技术学院,7,380171
2024,2,06,飞行器数字化装配技术,E568,江苏航空职业技术学院,7,385620
2024,2,07,航空发动机制造技术,E568,江苏航空职业技术学院,7,371964
2024,2,08,飞机机载设备装配调试技术,E568,江苏航空职业技术学院,9,381553
2024,2,09,飞行器维修技术,E568,江苏航空职业技术学院,7,359340
2024,2,0A,航空发动机维修技术,E568,江苏航空职业技术学院,7,351094
2024,2,0B,无人机应用技术,E568,江苏航空职业技术学院,7,356696
2024,2,0C,航空材料精密成型技术,E568,江苏航空职业技术学院,10,394702
2024,2,0D,民航运输服务,E568,江苏航空职业技术学院,8,395305
2024,2,0E,民航通信技术,E568,江苏航空职业技术学院,8,390832
2024,2,0F,空中乘务,E568,江苏航空职业技术学院,15,625805
2024,2,0G,民航安全技术管理,E568,江苏航空职业技术学院,8,358947
2024,2,0H,民航空中安全保卫,E568,江苏航空职业技术学院,6,594826
2024,2,0J,机场运行服务与管理,E568,江苏航空职业技术学院,10,393243
2024,2,0K,飞机机电设备维修,E568,江苏航空职业技术学院,12,350847
2024,2,0L,飞机电子设备维修,E568,江苏航空职业技术学院,8,353151
2024,2,0M,通用航空器维修,E568,江苏航空职业技术学院,8,381495
2024,2,0N,飞机结构修理,E568,江苏航空职业技术学院,8,367078
2024,2,0P,航空物流管理,E568,江苏航空职业技术学院,8,393498
2024,2,11,康复治疗技术,E569,赣南卫生健康职业学院,5,423138
2024,2,6A,电子商务,E570,烟台黄金职业学院,15,577934
2024,2,6B,大数据与财务管理,E570,烟台黄金职业学院,10,550761
2024,2,6C,市场营销,E570,烟台黄金职业学院,12,578489
2024,2,6D,金融服务与管理,E570,烟台黄金职业学院,23,587460
2024,2,6E,跨境电子商务,E570,烟台黄金职业学院,25,602425
2024,2,6F,计算机网络技术,E570,烟台黄金职业学院,95,602483
2024,2,6G,大数据技术,E570,烟台黄金职业学院,20,579716
2024,2,6H,软件技术,E570,烟台黄金职业学院,18,572607
2024,2,6J,虚拟现实技术应用,E570,烟台黄金职业学院,25,603710
2024,2,6K,计算机应用技术,E570,烟台黄金职业学院,60,576311
2024,2,6L,云计算技术应用,E570,烟台黄金职业学院,25,590303
2024,2,6M,信息安全技术应用,E570,烟台黄金职业学院,10,603179
2024,2,6N,机电一体化技术,E570,烟台黄金职业学院,56,566661
2024,2,6P,机械设计与制造,E570,烟台黄金职业学院,97,598096
2024,2,6Q,工业机器人技术,E570,烟台黄金职业学院,52,597630
2024,2,6R,电气自动化技术,E570,烟台黄金职业学院,54,560807
2024,2,6S,智能机电技术,E570,烟台黄金职业学院,70,606162
2024,2,6T,表演艺术,E570,烟台黄金职业学院,7,610647
2024,2,6U,运动健康指导,E570,烟台黄金职业学院,60,611506
2024,2,6V,商务英语,E570,烟台黄金职业学院,24,583528
2024,2,6W,运动训练,E570,烟台黄金职业学院,6,579359
2024,2,6X,婴幼儿托育服务与管理,E570,烟台黄金职业学院,20,582088
2024,2,6Y,宝玉石鉴定与加工,E570,烟台黄金职业学院,95,605342
2024,2,7A,首饰设计与工艺,E570,烟台黄金职业学院,10,568543
2024,2,7B,数字媒体艺术设计,E570,烟台黄金职业学院,5,546356
2024,2,7C,艺术设计,E570,烟台黄金职业学院,27,592142
2024,2,7D,融媒体技术与运营,E570,烟台黄金职业学院,27,612242
2024,2,7E,无人机测绘技术,E570,烟台黄金职业学院,30,598020
2024,2,7F,测绘工程技术,E570,烟台黄金职业学院,17,590188
2024,2,7G,工程地质勘查,E570,烟台黄金职业学院,15,586440
2024,2,7H,矿产地质勘查,E570,烟台黄金职业学院,15,586829
2024,2,7J,建筑工程技术,E570,烟台黄金职业学院,28,599231
2024,2,7K,工程造价,E570,烟台黄金职业学院,20,587028
2024,2,7L,矿山智能开采技术,E570,烟台黄金职业学院,30,595520
2024,2,7M,通风技术与安全管理,E570,烟台黄金职业学院,12,591912
2024,2,7N,环境工程技术,E570,烟台黄金职业学院,22,596506
2024,2,7P,矿物加工技术,E570,烟台黄金职业学院,18,585907
2024,2,7Q,新型建筑材料技术,E570,烟台黄金职业学院,35,604740
2024,2,7U,影视多媒体技术,E570,烟台黄金职业学院,35,607691
2024,2,01,护理,E571,荆门职业学院,5,386463
2024,2,02,助产,E571,荆门职业学院,2,429598
2024,2,03,康复治疗技术,E571,荆门职业学院,2,375428
2024,2,04,学前教育,E571,荆门职业学院,5,448153
2024,2,06,大数据与会计,E571,荆门职业学院,5,347974
2024,2,07,电子商务,E571,荆门职业学院,5,418267
2024,2,10,汽车制造与试验技术,E571,荆门职业学院,5,440043
2024,2,14,新能源汽车技术,E571,荆门职业学院,6,419501
2024,2,15,智能制造装备技术,E571,荆门职业学院,5,439373
2024,2,16,智能网联汽车技术,E571,荆门职业学院,5,455412
2024,2,17,数字媒体技术,E571,荆门职业学院,5,332197
2024,2,19,工业机器人技术,E571,荆门职业学院,5,421402
2024,2,20,机电一体化技术,E571,荆门职业学院,5,408539
2024,2,21,软件技术,E571,荆门职业学院,5,406924
2024,2,22,应用电子技术,E571,荆门职业学院,5,433133
2024,2,23,电气自动化技术,E571,荆门职业学院,5,400213
2024,2,26,工程造价,E571,荆门职业学院,5,429566
2024,2,27,建筑工程技术,E571,荆门职业学院,5,448957
2024,2,28,药品生产技术,E571,荆门职业学院,5,431242
2024,2,01,护理,E576,重庆护理职业学院,2,496911
2024,2,02,助产,E576,重庆护理职业学院,1,597579
2024,2,03,婴幼儿托育服务与管理,E576,重庆护理职业学院,2,641417
2024,2,04,康复治疗技术,E576,重庆护理职业学院,2,513988
2024,2,06,老年保健与管理,E576,重庆护理职业学院,2,631059
2024,2,09,言语听觉康复技术,E576,重庆护理职业学院,1,559069
2024,2,12,大数据技术(中外合作办学),E577,贵州水利水电职业技术学院,15,571658
2024,2,A2,护理,E579,贵州应用技术职业学院,8,610459
2024,2,B2,药学,E579,贵州应用技术职业学院,4,621308
2024,2,L2,大数据与会计,E579,贵州应用技术职业学院,4,643596
2024,2,P2,建设工程管理,E579,贵州应用技术职业学院,4,627533
2024,2,01,护理,E583,大理护理职业学院,5,431805
2024,2,08,康复治疗技术,E583,大理护理职业学院,2,443466
2024,2,11,眼视光技术,E583,大理护理职业学院,3,435556
2024,2,W1,机电一体化技术,E585,吐鲁番职业技术学院,1,478685
2024,2,W3,计算机网络技术(网络工程方向),E585,吐鲁番职业技术学院,2,489971
2024,2,W5,护理(临床护理),E585,吐鲁番职业技术学院,2,435935
2024,2,W7,学前教育,E585,吐鲁番职业技术学院,1,500416
2024,2,WD,助产,E585,吐鲁番职业技术学院,2,515302
2024,2,WF,应用化工技术,E585,吐鲁番职业技术学院,2,498002
2024,2,02,学前教育(师范类),E586,唐山幼儿师范高等专科学校,2,408279
2024,2,03,小学教育(师范类，全科教育),E586,唐山幼儿师范高等专科学校,1,217108
2024,2,04,小学语文教育(师范类),E586,唐山幼儿师范高等专科学校,1,293213
2024,2,01,学前教育(师范类),E587,广东茂名幼儿师范专科学校,2,384028
2024,2,15,小学语文教育(师范类),E587,广东茂名幼儿师范专科学校,2,308938
2024,2,18,小学数学教育(师范类),E587,广东茂名幼儿师范专科学校,2,354477
2024,2,23,应用英语,E587,广东茂名幼儿师范专科学校,2,355115
2024,2,28,氢能技术应用,E587,广东茂名幼儿师范专科学校,3,409093
2024,2,0N,计算机网络技术,E588,北京网络职业学院,6,414486
2024,2,0R,软件技术,E588,北京网络职业学院,4,459213
2024,2,0T,网络新闻与传播,E588,北京网络职业学院,6,406942
2024,2,0U,广播影视节目制作,E588,北京网络职业学院,4,376630
2024,2,01,安全技术与管理,E589,江苏安全技术职业学院,9,387698
2024,2,02,工程安全评价与监理,E589,江苏安全技术职业学院,5,397573
2024,2,04,应急救援技术,E589,江苏安全技术职业学院,2,408294
2024,2,06,城市轨道交通机电技术,E589,江苏安全技术职业学院,3,336391
2024,2,07,城市轨道交通运营管理,E589,江苏安全技术职业学院,2,308150
2024,2,08,汽车检测与维修技术,E589,江苏安全技术职业学院,6,394077
2024,2,09,新能源汽车检测与维修技术,E589,江苏安全技术职业学院,2,376003
2024,2,10,智能网联汽车技术,E589,江苏安全技术职业学院,4,385882
2024,2,11,人工智能技术应用,E589,江苏安全技术职业学院,6,369809
2024,2,12,数字媒体技术,E589,江苏安全技术职业学院,10,319704
2024,2,13,信息安全技术应用,E589,江苏安全技术职业学院,4,347645
2024,2,14,云计算技术应用,E589,江苏安全技术职业学院,4,356942
2024,2,16,材料成型及控制技术,E589,江苏安全技术职业学院,2,394550
2024,2,17,电梯工程技术,E589,江苏安全技术职业学院,7,409932
2024,2,18,工业机器人技术,E589,江苏安全技术职业学院,4,379233
2024,2,20,机电一体化技术,E589,江苏安全技术职业学院,8,364594
2024,2,21,机械制造及自动化,E589,江苏安全技术职业学院,4,371885
2024,2,22,数控技术,E589,江苏安全技术职业学院,7,388778
2024,2,25,智能控制技术,E589,江苏安全技术职业学院,3,369238
2024,2,26,智能制造装备技术,E589,江苏安全技术职业学院,6,392410
2024,2,27,电子商务,E589,江苏安全技术职业学院,3,385442
2024,2,28,网络营销与直播电商,E589,江苏安全技术职业学院,2,354608
2024,2,01,铁道桥梁隧道工程技术,E590,武汉铁路桥梁职业学院,5,327366
2024,2,02,道路与桥梁工程技术,E590,武汉铁路桥梁职业学院,10,338192
2024,2,03,铁道交通运营管理,E590,武汉铁路桥梁职业学院,8,297815
2024,2,16,工程物流管理,E590,武汉铁路桥梁职业学院,7,352296
2024,2,02,工程造价,E591,武汉光谷职业学院,10,578020
2024,2,04,智能制造装备技术,E591,武汉光谷职业学院,5,556596
2024,2,05,机电一体化技术,E591,武汉光谷职业学院,8,544545
2024,2,07,工业机器人技术,E591,武汉光谷职业学院,6,555621
2024,2,13,光电显示技术,E591,武汉光谷职业学院,5,564771
2024,2,18,康复治疗技术,E591,武汉光谷职业学院,8,526739
2024,2,19,婴幼儿托育服务与管理,E591,武汉光谷职业学院,5,589945
2024,2,20,医学营养,E591,武汉光谷职业学院,5,578733
2024,2,21,金融科技应用,E591,武汉光谷职业学院,5,561320
2024,2,22,大数据与会计,E591,武汉光谷职业学院,8,526499
2024,2,24,电子商务,E591,武汉光谷职业学院,5,563845
2024,2,25,网络营销与直播电商,E591,武汉光谷职业学院,5,580417
2024,2,29,视觉传达设计,E591,武汉光谷职业学院,5,530132
2024,2,31,动漫设计,E591,武汉光谷职业学院,5,524351
2024,2,32,播音与主持,E591,武汉光谷职业学院,5,550745
2024,2,01,护理,E592,广州卫生职业技术学院,2,276368
2024,2,02,助产,E592,广州卫生职业技术学院,2,365652
2024,2,10,卫生检验与检疫技术,E592,广州卫生职业技术学院,3,354489
2024,2,13,视觉训练与康复,E592,广州卫生职业技术学院,3,369985
2024,2,16,健康大数据管理与服务,E592,广州卫生职业技术学院,2,373398
2024,2,18,口腔医学,E592,广州卫生职业技术学院,2,252210
2024,2,19,口腔医学技术,E592,广州卫生职业技术学院,2,273764
2024,2,25,中医养生保健,E592,广州卫生职业技术学院,2,355087
2024,2,01,临床医学,E597,濮阳医学高等专科学校,10,308531
2024,2,02,中医学,E597,濮阳医学高等专科学校,10,307885
2024,2,04,预防医学,E597,濮阳医学高等专科学校,5,378631
2024,2,07,护理,E597,濮阳医学高等专科学校,4,333953
2024,2,09,药学,E597,濮阳医学高等专科学校,4,366063
2024,2,0A,中药学,E597,濮阳医学高等专科学校,4,358908
2024,2,0B,康复治疗技术,E597,濮阳医学高等专科学校,3,363586
2024,2,0C,中医康复技术,E597,濮阳医学高等专科学校,2,354305
2024,2,0D,医学检验技术,E597,濮阳医学高等专科学校,4,353530
2024,2,0E,医学影像技术,E597,濮阳医学高等专科学校,4,348423
2024,2,01,新能源汽车技术,E600,天津滨海汽车工程职业学院,10,511314
2024,2,02,汽车电子技术,E600,天津滨海汽车工程职业学院,6,541529
2024,2,06,汽车检测与维修技术,E600,天津滨海汽车工程职业学院,8,563475
2024,2,10,软件技术,E600,天津滨海汽车工程职业学院,4,513723
2024,2,11,大数据技术,E600,天津滨海汽车工程职业学院,6,536532
2024,2,14,护理(康复护理),E600,天津滨海汽车工程职业学院,6,543929
2024,2,15,口腔医学技术,E600,天津滨海汽车工程职业学院,8,512379
2024,2,16,康复治疗技术,E600,天津滨海汽车工程职业学院,8,539277
2024,2,19,眼视光技术,E600,天津滨海汽车工程职业学院,6,519962
2024,2,20,金融服务与管理(汽车金融),E600,天津滨海汽车工程职业学院,8,559108
2024,2,21,电子商务,E600,天津滨海汽车工程职业学院,6,545684
2024,2,22,现代物流管理,E600,天津滨海汽车工程职业学院,4,555506
2024,2,02,水利水电工程技术,E602,吉林水利电力职业学院,5,371635
2024,2,07,发电厂及电力系统,E602,吉林水利电力职业学院,3,351273
2024,2,01,宠物医疗技术,E603,长春健康职业学院,10,542410
2024,2,02,智能机器人技术,E603,长春健康职业学院,2,607087
2024,2,03,生物信息技术,E603,长春健康职业学院,4,644913
2024,2,04,食品检验检测技术,E603,长春健康职业学院,6,617106
2024,2,05,药品经营与管理,E603,长春健康职业学院,2,599191
2024,2,06,智能产品开发与应用,E603,长春健康职业学院,2,620684
2024,2,07,大数据技术,E603,长春健康职业学院,4,610394
2024,2,08,护理,E603,长春健康职业学院,14,573119
2024,2,09,助产,E603,长春健康职业学院,4,626876
2024,2,10,药学,E603,长春健康职业学院,8,624631
2024,2,11,中医康复技术,E603,长春健康职业学院,8,613631
2024,2,12,中医养生保健,E603,长春健康职业学院,6,601910
2024,2,13,药膳与食疗,E603,长春健康职业学院,4,616037
2024,2,14,口腔医学技术,E603,长春健康职业学院,10,580784
2024,2,15,医学美容技术,E603,长春健康职业学院,10,627712
2024,2,16,康复治疗技术,E603,长春健康职业学院,10,594217
2024,2,17,健康管理,E603,长春健康职业学院,2,626435
2024,2,18,婴幼儿托育服务与管理,E603,长春健康职业学院,2,639913
2024,2,20,医学营养,E603,长春健康职业学院,4,630179
2024,2,21,眼视光技术,E603,长春健康职业学院,6,568551
2024,2,22,早期教育,E603,长春健康职业学院,4,633358
2024,2,23,学前教育,E603,长春健康职业学院,10,644774
2024,2,24,休闲体育,E603,长春健康职业学院,4,636328
2024,2,25,电子竞技运动与管理,E603,长春健康职业学院,4,625772
2024,2,42,建筑室内设计,E604,江苏旅游职业学院,4,385976
2024,2,43,高速铁路客运服务,E604,江苏旅游职业学院,5,372909
2024,2,45,电子信息工程技术,E604,江苏旅游职业学院,4,361702
2024,2,46,物联网应用技术,E604,江苏旅游职业学院,4,370719
2024,2,47,计算机网络技术,E604,江苏旅游职业学院,4,353793
2024,2,48,软件技术,E604,江苏旅游职业学院,4,368613
2024,2,4A,云计算技术应用,E604,江苏旅游职业学院,2,369547
2024,2,4B,金融服务与管理,E604,江苏旅游职业学院,3,362150
2024,2,4D,大数据与会计,E604,江苏旅游职业学院,4,298057
2024,2,4E,连锁经营与管理,E604,江苏旅游职业学院,3,401736
2024,2,4J,现代物流管理,E604,江苏旅游职业学院,3,372115
2024,2,4K,旅游管理,E604,江苏旅游职业学院,5,381150
2024,2,4L,导游,E604,江苏旅游职业学院,3,393162
2024,2,4M,酒店管理与数字化运营,E604,江苏旅游职业学院,4,403612
2024,2,4Q,中西面点工艺,E604,江苏旅游职业学院,3,362534
2024,2,1A,物联网应用技术,E605,日照航海工程职业学院,40,598986
2024,2,1B,计算机网络技术,E605,日照航海工程职业学院,60,598717
2024,2,1C,软件技术,E605,日照航海工程职业学院,40,593112
2024,2,1D,信息安全技术应用,E605,日照航海工程职业学院,45,606875
2024,2,1E,融媒体技术与运营,E605,日照航海工程职业学院,40,596950
2024,2,1F,网络直播与运营,E605,日照航海工程职业学院,40,604682
2024,2,1M,安全技术与管理,E605,日照航海工程职业学院,50,616642
2024,2,1R,工业机器人技术,E605,日照航海工程职业学院,45,604347
2024,2,71,航海技术,E605,日照航海工程职业学院,65,585408
2024,2,72,轮机工程技术,E605,日照航海工程职业学院,55,608929
2024,2,73,港口与航运管理,E605,日照航海工程职业学院,35,581415
2024,2,74,建筑室内设计,E605,日照航海工程职业学院,40,578176
2024,2,75,建筑工程技术,E605,日照航海工程职业学院,40,602996
2024,2,76,工程造价,E605,日照航海工程职业学院,50,608823
2024,2,77,电梯工程技术,E605,日照航海工程职业学院,70,598619
2024,2,78,机电一体化技术,E605,日照航海工程职业学院,53,583928
2024,2,79,智能控制技术,E605,日照航海工程职业学院,40,594466
2024,2,80,新能源汽车技术,E605,日照航海工程职业学院,45,579984
2024,2,81,应急救援技术,E605,日照航海工程职业学院,45,604348
2024,2,82,建筑消防技术,E605,日照航海工程职业学院,45,603342
2024,2,83,高速铁路客运服务,E605,日照航海工程职业学院,40,566750
2024,2,84,国际邮轮乘务管理,E605,日照航海工程职业学院,35,615279
2024,2,85,婴幼儿托育服务与管理,E605,日照航海工程职业学院,40,604195
2024,2,86,大数据与财务管理,E605,日照航海工程职业学院,35,559922
2024,2,87,电子商务,E605,日照航海工程职业学院,55,606171
2024,2,88,现代物流管理,E605,日照航海工程职业学院,30,591534
2024,2,89,酒店管理与数字化运营,E605,日照航海工程职业学院,45,604893
2024,2,90,艺术设计,E605,日照航海工程职业学院,30,594550
2024,2,91,表演艺术,E605,日照航海工程职业学院,25,616868
2024,2,92,药品经营与管理,E605,日照航海工程职业学院,30,563915
2024,2,93,中医养生保健,E605,日照航海工程职业学院,40,562771
2024,2,94,医学检验技术,E605,日照航海工程职业学院,45,546512
2024,2,95,口腔医学技术,E605,日照航海工程职业学院,50,524377
2024,2,96,康复治疗技术,E605,日照航海工程职业学院,40,550827
2024,2,97,健康管理,E605,日照航海工程职业学院,45,580011
2024,2,98,眼视光技术,E605,日照航海工程职业学院,35,528818
2024,2,99,电子信息工程技术,E605,日照航海工程职业学院,40,596706
2024,2,05,应急救援技术,E606,三门峡社会管理职业学院,5,558983
2024,2,10,智慧健康养老服务与管理,E606,三门峡社会管理职业学院,5,389863
2024,2,13,现代殡葬技术与管理,E606,三门峡社会管理职业学院,5,245703
2024,2,29,统计与会计核算,E606,三门峡社会管理职业学院,95,472988
2024,2,33,大数据技术,E606,三门峡社会管理职业学院,10,440059
2024,2,34,软件技术,E606,三门峡社会管理职业学院,5,413023
2024,2,37,学前教育,E606,三门峡社会管理职业学院,15,520176
2024,2,41,中文,E606,三门峡社会管理职业学院,10,380021
2024,2,16,工业设计,E607,河南轻工职业学院,5,501066
2024,2,19,电子信息工程技术,E607,河南轻工职业学院,5,453254
2024,2,42,智能制造装备技术,E607,河南轻工职业学院,5,502514
2024,2,47,软件技术,E607,河南轻工职业学院,5,437021
2024,2,01,工程测量技术,E608,河南测绘职业学院,5,525543
2024,2,13,摄影测量与遥感技术,E608,河南测绘职业学院,5,464030
2024,2,02,酒店管理与数字化运营(互联网营销官方向),E612,三亚中瑞酒店管理职业学院,10,654581
2024,2,11,空中乘务,E612,三亚中瑞酒店管理职业学院,6,645191
2024,2,29,工商企业管理,E612,三亚中瑞酒店管理职业学院,4,647180
2024,2,0D,云计算技术应用,E616,贵州经贸职业技术学院,20,559913
2024,2,53,新能源汽车检测与维修技术,E621,云南交通运输职业学院,3,491682
2024,2,63,飞机机电设备维修,E621,云南交通运输职业学院,3,436744
2024,2,70,航海技术,E621,云南交通运输职业学院,2,423684
2024,2,80,智能交通技术,E621,云南交通运输职业学院,2,485285
2024,2,12,信息安全技术应用,E622,博尔塔拉职业技术学院,3,549299
2024,2,22,网络营销与直播电商,E622,博尔塔拉职业技术学院,2,565545
2024,2,B2,机电一体化技术(自动控制方向),E622,博尔塔拉职业技术学院,2,531943
2024,2,F2,软件技术,E622,博尔塔拉职业技术学院,2,529393
2024,2,H2,护理,E622,博尔塔拉职业技术学院,2,485545
2024,2,L2,学前教育(师范类),E622,博尔塔拉职业技术学院,2,546608
2024,2,P2,旅游管理,E622,博尔塔拉职业技术学院,2,551130
2024,2,Q2,汽车技术服务与营销,E622,博尔塔拉职业技术学院,2,568704
2024,2,Y2,跨境电子商务,E622,博尔塔拉职业技术学院,3,562042
2024,2,01,小学语文教育(师范类),E627,大同师范高等专科学校,6,306401
2024,2,02,小学数学教育(师范类),E627,大同师范高等专科学校,6,316500
2024,2,03,小学英语教育(师范类),E627,大同师范高等专科学校,3,293025
2024,2,04,学前教育(师范类),E627,大同师范高等专科学校,5,458706
2024,2,05,小学教育(师范类),E627,大同师范高等专科学校,3,299360
2024,2,09,中文,E627,大同师范高等专科学校,2,273236
2024,2,0B,旅游英语,E627,大同师范高等专科学校,2,405292
2024,2,0C,心理咨询,E627,大同师范高等专科学校,2,280134
2024,2,0D,计算机应用技术,E627,大同师范高等专科学校,4,364416
2024,2,0E,大数据技术,E627,大同师范高等专科学校,4,391176
2024,2,0F,云计算技术应用,E627,大同师范高等专科学校,3,414686
2024,2,02,服装设计与工艺,E628,太原幼儿师范高等专科学校,2,444578
2024,2,03,旅游英语,E628,太原幼儿师范高等专科学校,5,450143
2024,2,11,学前教育(师范类),E628,太原幼儿师范高等专科学校,5,396814
2024,2,01,无人机测绘技术,E633,哈尔滨北方航空职业技术学院,8,662051
2024,2,02,应急救援技术,E633,哈尔滨北方航空职业技术学院,10,664804
2024,2,03,机场电工技术,E633,哈尔滨北方航空职业技术学院,8,661063
2024,2,04,现代物业管理,E633,哈尔滨北方航空职业技术学院,6,663928
2024,2,05,机械制造及自动化,E633,哈尔滨北方航空职业技术学院,15,659546
2024,2,06,飞机机载设备装配调试技术,E633,哈尔滨北方航空职业技术学院,15,662365
2024,2,07,无人机应用技术,E633,哈尔滨北方航空职业技术学院,6,651373
2024,2,08,高速铁路客运服务,E633,哈尔滨北方航空职业技术学院,16,662343
2024,2,09,空中乘务,E633,哈尔滨北方航空职业技术学院,48,664307
2024,2,10,民航安全技术管理,E633,哈尔滨北方航空职业技术学院,6,657958
2024,2,11,民航空中安全保卫,E633,哈尔滨北方航空职业技术学院,5,661352
2024,2,12,机场运行服务与管理,E633,哈尔滨北方航空职业技术学院,12,649495
2024,2,13,通用航空器维修,E633,哈尔滨北方航空职业技术学院,22,663122
2024,2,14,通用航空航务技术,E633,哈尔滨北方航空职业技术学院,4,656906
2024,2,15,城市轨道交通运营管理,E633,哈尔滨北方航空职业技术学院,6,662717
2024,2,16,航空物流管理,E633,哈尔滨北方航空职业技术学院,4,664045
2024,2,17,旅游管理,E633,哈尔滨北方航空职业技术学院,3,652597
2024,2,19,应急救援技术(航空医护与急救),E633,哈尔滨北方航空职业技术学院,6,658512
2024,2,01,飞机机电设备维修,E634,信阳航空职业学院,10,609309
2024,2,08,空中乘务,E634,信阳航空职业学院,10,612658
2024,2,0E,无人机应用技术,E634,信阳航空职业学院,20,615779
2024,2,0P,学前教育(师范类),E634,信阳航空职业学院,10,637563
2024,2,01,护理,E635,郑州卫生健康职业学院,15,411782
2024,2,06,医学检验技术,E635,郑州卫生健康职业学院,5,376975
2024,2,07,地质调查与矿产普查,E637,河南地矿职业学院,4,450462
2024,2,09,工程测量技术,E637,河南地矿职业学院,2,466244
2024,2,13,计算机应用技术,E637,河南地矿职业学院,2,433661
2024,2,21,水文与工程地质,E637,河南地矿职业学院,2,411845
2024,2,01,健康管理,E639,海南健康管理职业技术学院,7,643471
2024,2,02,康复治疗技术,E639,海南健康管理职业技术学院,7,622814
2024,2,04,医学美容技术,E639,海南健康管理职业技术学院,4,603220
2024,2,05,护理,E639,海南健康管理职业技术学院,7,591905
2024,2,0A,药学,E639,海南健康管理职业技术学院,6,614624
2024,2,0B,医疗器械经营与服务,E639,海南健康管理职业技术学院,4,659417
2024,2,0D,云计算技术应用(数字医疗技术),E639,海南健康管理职业技术学院,5,629056
2024,2,01,护理,E640,眉山药科职业学院,12,617130
2024,2,11,药学,E640,眉山药科职业学院,10,580804
2024,2,21,中药学,E640,眉山药科职业学院,8,597868
2024,2,L1,医学影像技术,E640,眉山药科职业学院,2,601321
2024,2,N1,生物制药技术,E640,眉山药科职业学院,8,654592
2024,2,P1,医学美容技术,E640,眉山药科职业学院,10,664441
2024,2,01,新能源汽车技术,E641,天府新区信息职业学院,10,632112
2024,2,03,汽车智能技术,E641,天府新区信息职业学院,10,659591
2024,2,05,汽车检测与维修技术,E641,天府新区信息职业学院,10,644013
2024,2,07,民航运输服务,E641,天府新区信息职业学院,10,664682
2024,2,09,城市轨道交通运营管理,E641,天府新区信息职业学院,10,644451
2024,2,10,高速铁路客运服务,E641,天府新区信息职业学院,10,627424
2024,2,11,民航安全技术管理,E641,天府新区信息职业学院,8,663615
2024,2,12,智能控制技术,E641,天府新区信息职业学院,8,648110
2024,2,14,工业机器人技术,E641,天府新区信息职业学院,10,641935
2024,2,15,无人机应用技术,E641,天府新区信息职业学院,10,656431
2024,2,18,安全技术与管理,E641,天府新区信息职业学院,10,665621
2024,2,28,计算机网络技术,E641,天府新区信息职业学院,10,663469
2024,2,30,集成电路技术,E641,天府新区信息职业学院,8,657455
2024,2,31,物联网应用技术,E641,天府新区信息职业学院,10,655965
2024,2,32,金融科技应用,E641,天府新区信息职业学院,8,663851
2024,2,34,电子商务,E641,天府新区信息职业学院,8,652109
2024,2,38,文化创意与策划,E641,天府新区信息职业学院,8,664504
2024,2,40,电子竞技运动与管理,E641,天府新区信息职业学院,8,652359
2024,2,42,数字媒体技术,E641,天府新区信息职业学院,8,641795
2024,2,44,视觉传达设计,E641,天府新区信息职业学院,8,653730
2024,2,45,学前教育,E641,天府新区信息职业学院,26,661339
2024,2,48,智慧健康养老服务与管理,E641,天府新区信息职业学院,8,656141
2024,2,50,婴幼儿托育服务与管理,E641,天府新区信息职业学院,8,664315
2024,2,05,城市轨道交通供配电技术,E642,德阳城市轨道交通职业学院,10,624463
2024,2,06,铁道车辆技术,E642,德阳城市轨道交通职业学院,10,612178
2024,2,07,城市轨道车辆应用技术,E642,德阳城市轨道交通职业学院,10,633186
2024,2,08,城市轨道交通车辆制造与维护,E642,德阳城市轨道交通职业学院,10,640322
2024,2,11,城市轨道交通工程技术,E642,德阳城市轨道交通职业学院,10,636521
2024,2,19,城市轨道交通通信信号技术,E642,德阳城市轨道交通职业学院,10,636191
2024,2,01,学前教育,E643,德阳科贸职业学院,10,644878
2024,2,05,大数据与会计,E643,德阳科贸职业学院,6,549246
2024,2,08,金融服务与管理,E643,德阳科贸职业学院,10,644446
2024,2,10,工业互联网技术,E643,德阳科贸职业学院,6,646657
2024,2,12,智能产品开发与应用,E643,德阳科贸职业学院,6,641629
2024,2,13,人工智能技术应用,E643,德阳科贸职业学院,6,636675
2024,2,22,视觉传达设计,E643,德阳科贸职业学院,6,631831
2024,2,23,应急救援技术,E643,德阳科贸职业学院,6,642022
2024,2,25,建筑消防技术,E643,德阳科贸职业学院,6,644817
2024,2,26,安全技术与管理,E643,德阳科贸职业学院,6,649366
2024,2,27,护理,E643,德阳科贸职业学院,6,610821
2024,2,31,康复治疗技术,E643,德阳科贸职业学院,6,583324
2024,2,04,建筑工程技术,E644,江阳城建职业学院,8,655768
2024,2,0C,铁道工程技术,E644,江阳城建职业学院,16,657409
2024,2,0H,城市轨道交通运营管理,E644,江阳城建职业学院,16,654203
2024,2,0K,计算机应用技术,E644,江阳城建职业学院,10,661098
2024,2,16,大数据与会计,E644,江阳城建职业学院,20,662689
2024,2,01,空中乘务,E645,天府新区航空旅游职业学院,4,638776
2024,2,04,民航运输服务,E645,天府新区航空旅游职业学院,4,648460
2024,2,06,医学检验技术,E645,天府新区航空旅游职业学院,5,633002
2024,2,07,生物产品检验检疫,E645,天府新区航空旅游职业学院,2,637093
2024,2,08,康复治疗技术,E645,天府新区航空旅游职业学院,3,625220
2024,2,09,婴幼儿托育服务与管理,E645,天府新区航空旅游职业学院,3,648763
2024,2,0A,健康管理,E645,天府新区航空旅游职业学院,2,635337
2024,2,0C,高速铁路客运服务,E645,天府新区航空旅游职业学院,2,641841
2024,2,0D,城市轨道交通运营管理,E645,天府新区航空旅游职业学院,4,633262
2024,2,0E,旅游管理,E645,天府新区航空旅游职业学院,4,649588
2024,2,0F,会展策划与管理,E645,天府新区航空旅游职业学院,2,643049
2024,2,0G,飞机机电设备维修,E645,天府新区航空旅游职业学院,4,546118
2024,2,0H,飞机电子设备维修,E645,天府新区航空旅游职业学院,3,635043
2024,2,0J,无人机应用技术,E645,天府新区航空旅游职业学院,3,629076
2024,2,0K,电子商务,E645,天府新区航空旅游职业学院,4,641492
2024,2,0L,软件技术,E645,天府新区航空旅游职业学院,3,647638
2024,2,0M,计算机应用技术,E645,天府新区航空旅游职业学院,4,636771
2024,2,0N,法律事务,E645,天府新区航空旅游职业学院,4,606708
2024,2,01,临床医学,E649,云南医药健康职业学院,12,432165
2024,2,02,口腔医学,E649,云南医药健康职业学院,30,349540
2024,2,05,护理,E649,云南医药健康职业学院,8,567934
2024,2,07,针灸推拿,E649,云南医药健康职业学院,12,448596
2024,2,10,康复治疗技术,E649,云南医药健康职业学院,6,590141
2024,2,13,药学,E649,云南医药健康职业学院,8,602676
2024,2,14,中药学,E649,云南医药健康职业学院,6,570713
2024,2,15,医学检验技术,E649,云南医药健康职业学院,8,608665
2024,2,16,医学影像技术,E649,云南医药健康职业学院,10,621989
2024,2,G1,煤矿智能开采技术,E650,神木职业技术学院,4,469641
2024,2,G6,机电一体化技术,E650,神木职业技术学院,4,399186
2024,2,H1,应用化工技术,E650,神木职业技术学院,4,458420
2024,2,H5,护理,E650,神木职业技术学院,4,380364
2024,2,J0,学前教育,E650,神木职业技术学院,2,443905
2024,2,J2,社会工作,E650,神木职业技术学院,2,419375
2024,2,02,机电一体化技术,E651,宝鸡三和职业学院,8,564610
2024,2,05,铁道交通运营管理,E651,宝鸡三和职业学院,7,546011
2024,2,06,护理,E651,宝鸡三和职业学院,15,538411
2024,2,01,电子商务,E652,和田职业技术学院,1,570351
2024,2,05,汽车制造与试验技术,E652,和田职业技术学院,1,573624
2024,2,06,计算机网络技术,E652,和田职业技术学院,1,571201
2024,2,08,新能源汽车技术,E652,和田职业技术学院,1,490621
2024,2,10,旅游管理,E652,和田职业技术学院,1,562392
2024,2,11,酒店管理与数字化运营,E652,和田职业技术学院,1,546727
2024,2,14,畜牧兽医,E652,和田职业技术学院,1,373241
2024,2,16,服装设计与工艺,E652,和田职业技术学院,1,592681
2024,2,18,民政服务与管理,E652,和田职业技术学院,1,506926
2024,2,20,社区管理与服务,E652,和田职业技术学院,1,525139
2024,2,01,护理,E656,萍乡卫生职业学院,3,381456
2024,2,05,临床医学,E656,萍乡卫生职业学院,4,327941
2024,2,07,中医学,E656,萍乡卫生职业学院,2,297324
2024,2,16,医学检验技术,E656,萍乡卫生职业学院,2,339271
2024,2,17,医学生物技术,E656,萍乡卫生职业学院,2,395074
2024,2,18,医学影像技术,E656,萍乡卫生职业学院,2,329504
2024,2,01,茶艺与茶文化,E657,江西婺源茶业职业学院,16,521486
2024,2,03,茶叶生产与加工技术,E657,江西婺源茶业职业学院,4,493818
2024,2,07,酒店管理与数字化运营,E657,江西婺源茶业职业学院,4,531051
2024,2,0A,旅游管理,E657,江西婺源茶业职业学院,8,524244
2024,2,0B,学前教育,E657,江西婺源茶业职业学院,4,459447
2024,2,0C,婴幼儿托育服务与管理,E657,江西婺源茶业职业学院,14,554458
2024,2,0D,电子商务,E657,江西婺源茶业职业学院,4,513036
2024,2,C3,社会工作,E660,铁门关职业技术学院,6,570842
2024,2,C4,党务工作,E660,铁门关职业技术学院,6,560141
2024,2,CA,棉花加工与经营管理,E660,铁门关职业技术学院,5,570880
2024,2,CB,现代农业经济管理,E660,铁门关职业技术学院,5,566538
2024,2,CC,畜牧兽医,E660,铁门关职业技术学院,10,498880
2024,2,CD,油气储运技术,E660,铁门关职业技术学院,10,579672
2024,2,CE,数字化设计与制造技术,E660,铁门关职业技术学院,10,580120
2024,2,CG,智能焊接技术,E660,铁门关职业技术学院,10,569275
2024,2,CN,汽车技术服务与营销,E660,铁门关职业技术学院,5,585173
2024,2,CQ,新能源汽车检测与维修技术,E660,铁门关职业技术学院,5,541370
2024,2,CS,汽车智能技术,E660,铁门关职业技术学院,5,568289
2024,2,01,机电一体化技术,E661,石河子工程职业技术学院,2,478889
2024,2,12,应用化工技术,E661,石河子工程职业技术学院,2,477918
2024,2,18,新能源汽车技术,E661,石河子工程职业技术学院,3,527654
2024,2,28,护理,E661,石河子工程职业技术学院,3,463084
2024,2,08,大数据与会计,E665,赣州职业技术学院,2,400423
2024,2,09,跨境电子商务,E665,赣州职业技术学院,2,467421
2024,2,10,网络营销与直播电商,E665,赣州职业技术学院,2,564456
2024,2,11,智能物流技术,E665,赣州职业技术学院,2,416686
2024,2,31,工业机器人技术,E665,赣州职业技术学院,3,410721
2024,2,32,数字化设计与制造技术,E665,赣州职业技术学院,2,414574
2024,2,34,智能制造装备技术,E665,赣州职业技术学院,2,435061
2024,2,21,机电一体化技术,E666,青岛工程职业学院,34,330937
2024,2,22,工业机器人技术,E666,青岛工程职业学院,27,375782
2024,2,23,智能产品开发与应用,E666,青岛工程职业学院,82,414856
2024,2,24,电气自动化技术,E666,青岛工程职业学院,40,333208
2024,2,25,新能源汽车检测与维修技术,E666,青岛工程职业学院,56,371472
2024,2,26,汽车检测与维修技术,E666,青岛工程职业学院,34,403374
2024,2,27,城市轨道交通运营管理,E666,青岛工程职业学院,78,295001
2024,2,28,城市轨道车辆应用技术,E666,青岛工程职业学院,29,308542
2024,2,2A,工业设计,E666,青岛工程职业学院,28,398536
2024,2,2B,材料成型及控制技术,E666,青岛工程职业学院,25,414933
2024,2,2C,智能控制技术,E666,青岛工程职业学院,41,379887
2024,2,2D,智能焊接技术,E666,青岛工程职业学院,29,404941
2024,2,2E,工业产品质量检测技术,E666,青岛工程职业学院,37,420210
2024,2,2F,无人机应用技术,E666,青岛工程职业学院,41,391794
2024,2,2G,智能制造装备技术,E666,青岛工程职业学院,25,394872
2024,2,2H,机械制造及自动化,E666,青岛工程职业学院,30,355283
2024,2,2J,数控技术,E666,青岛工程职业学院,23,376126
2024,2,2K,现代移动通信技术,E666,青岛工程职业学院,94,404636
2024,2,2L,物联网应用技术,E666,青岛工程职业学院,54,372818
2024,2,2M,工业互联网技术,E666,青岛工程职业学院,35,401984
2024,2,2N,信息安全技术应用,E666,青岛工程职业学院,75,383979
2024,2,2P,人工智能技术应用,E666,青岛工程职业学院,68,390193
2024,2,2Q,集成电路技术,E666,青岛工程职业学院,87,412317
2024,2,2R,软件技术,E666,青岛工程职业学院,42,369062
2024,2,2S,大数据技术,E666,青岛工程职业学院,42,379642
2024,2,2T,药品生物技术,E666,青岛工程职业学院,43,366120
2024,2,2U,药品质量与安全,E666,青岛工程职业学院,115,399909
2024,2,2V,药品经营与管理,E666,青岛工程职业学院,75,415262
2024,2,2W,健康管理,E666,青岛工程职业学院,51,400623
2024,2,2X,食品检验检测技术,E666,青岛工程职业学院,79,399196
2024,2,2Y,大数据与财务管理,E666,青岛工程职业学院,23,289346
2024,2,2Z,现代物流管理,E666,青岛工程职业学院,42,417306
2024,2,31,电子商务,E666,青岛工程职业学院,40,418143
2024,2,32,跨境电子商务,E666,青岛工程职业学院,24,416446
2024,2,34,工业机器人技术(高职3+2贯通培养，衔接聊城大学机械电子工程专业),E666,青岛工程职业学院,30,225511
2024,2,35,模具设计与制造(高职3+2贯通培养，衔接临沂大学智能制造工程专业),E666,青岛工程职业学院,40,239405
2024,2,36,药品生物技术(高职3+2贯通培养，衔接临沂大学生物技术专业),E666,青岛工程职业学院,40,218093
2024,2,00,国土资源调查与管理,E668,广西自然资源职业技术学院,3,514126
2024,2,06,工程测量技术,E668,广西自然资源职业技术学院,3,553729
2024,2,08,国土空间规划与测绘,E668,广西自然资源职业技术学院,2,525734
2024,2,0A,建设工程管理,E668,广西自然资源职业技术学院,2,525881
2024,2,0B,道路工程造价,E668,广西自然资源职业技术学院,2,528233
2024,2,0D,绿色低碳技术,E668,广西自然资源职业技术学院,3,495301
2024,2,0F,智能建造技术,E668,广西自然资源职业技术学院,3,547881
2024,2,0G,机电一体化技术,E668,广西自然资源职业技术学院,5,500596
2024,2,0L,工业机器人技术,E668,广西自然资源职业技术学院,10,527287
2024,2,0P,新能源汽车技术,E668,广西自然资源职业技术学院,10,534115
2024,2,0Q,软件技术,E668,广西自然资源职业技术学院,8,493134
2024,2,0S,大数据与会计,E668,广西自然资源职业技术学院,10,461698
2024,2,0T,电子商务,E668,广西自然资源职业技术学院,4,518984
2024,2,0V,信息安全技术应用,E668,广西自然资源职业技术学院,5,511369
2024,2,07,助产,E671,南充科技职业学院,1,596701
2024,2,16,智能网联汽车技术,E671,南充科技职业学院,1,584457
2024,2,17,智能机器人技术,E671,南充科技职业学院,1,571860
2024,2,21,人工智能技术应用,E671,南充科技职业学院,1,552877
2024,2,22,现代移动通信技术,E671,南充科技职业学院,1,621418
2024,2,26,烹饪工艺与营养,E671,南充科技职业学院,1,601511
2024,2,27,农产品加工与质量检测,E671,南充科技职业学院,2,614937
2024,2,04,机电设备技术,E672,攀枝花攀西职业学院,2,619613
2024,2,07,人工智能技术应用,E672,攀枝花攀西职业学院,5,629209
2024,2,0A,网络营销与直播电商,E672,攀枝花攀西职业学院,5,640017
2024,2,0B,数字媒体艺术设计,E672,攀枝花攀西职业学院,3,566165
2024,2,0C,环境艺术设计,E672,攀枝花攀西职业学院,2,628111
2024,2,0E,行政管理,E672,攀枝花攀西职业学院,3,620645
2024,2,01,口腔医学,E673,资阳口腔职业学院,15,371662
2024,2,04,护理,E673,资阳口腔职业学院,10,596272
2024,2,01,药学,E674,资阳环境科技职业学院,10,624379
2024,2,02,宠物医疗技术,E674,资阳环境科技职业学院,8,552237
2024,2,03,婴幼儿托育服务与管理,E674,资阳环境科技职业学院,10,646505
2024,2,04,护理,E674,资阳环境科技职业学院,6,604703
2024,2,05,康复治疗技术,E674,资阳环境科技职业学院,10,619015
2024,2,06,环境工程技术,E674,资阳环境科技职业学院,10,639731
2024,2,07,食品质量与安全,E674,资阳环境科技职业学院,6,635095
2024,2,08,烹饪工艺与营养,E674,资阳环境科技职业学院,10,641840
2024,2,09,数字媒体技术,E674,资阳环境科技职业学院,8,630767
2024,2,10,高速铁路客运服务,E674,资阳环境科技职业学院,15,635321
2024,2,11,大数据与会计,E674,资阳环境科技职业学院,2,616285
2024,2,12,环境监测技术,E674,资阳环境科技职业学院,3,643695
2024,2,13,新能源汽车技术,E674,资阳环境科技职业学院,5,636386
2024,2,14,工业机器人技术,E674,资阳环境科技职业学院,6,642628
2024,2,15,建筑消防技术,E674,资阳环境科技职业学院,4,640094
2024,2,16,生态环境大数据技术,E674,资阳环境科技职业学院,5,635684
2024,2,17,水环境智能监测与治理,E674,资阳环境科技职业学院,8,639480
2024,2,18,环境管理与评价,E674,资阳环境科技职业学院,6,645334
2024,2,19,旅游管理,E674,资阳环境科技职业学院,6,639070
2024,2,20,电子商务,E674,资阳环境科技职业学院,6,642951
2024,2,21,中小企业创业与经营,E674,资阳环境科技职业学院,6,635450
2024,2,01,城市轨道交通机电技术,E675,云南理工职业学院,2,625888
2024,2,02,城市轨道交通运营管理,E675,云南理工职业学院,2,625716
2024,2,03,城市轨道车辆应用技术,E675,云南理工职业学院,2,637888
2024,2,07,大数据技术,E675,云南理工职业学院,2,632638
2024,2,17,工业机器人技术,E675,云南理工职业学院,2,635747
2024,2,25,风力发电工程技术,E675,云南理工职业学院,2,604205
2024,2,29,学前教育,E675,云南理工职业学院,2,613748
2024,2,01,学前教育,E677,喀什职业技术学院,8,547004
2024,2,21,酒店管理与数字化运营,E677,喀什职业技术学院,14,577756
2024,2,31,旅游管理,E677,喀什职业技术学院,18,597200
2024,2,41,临床医学,E677,喀什职业技术学院,19,464104
2024,2,51,护理,E677,喀什职业技术学院,40,514648
2024,2,61,医学检验技术,E677,喀什职业技术学院,12,593638
2024,2,71,医学影像技术,E677,喀什职业技术学院,9,554858
2024,2,81,药学,E677,喀什职业技术学院,12,464834
2024,2,91,大数据与会计,E677,喀什职业技术学院,17,571599
2024,2,A1,电子商务,E677,喀什职业技术学院,18,570940
2024,2,B1,现代物流管理,E677,喀什职业技术学院,17,557250
2024,2,C1,冷链物流技术与管理,E677,喀什职业技术学院,17,591560
2024,2,D1,机电一体化技术,E677,喀什职业技术学院,30,555915
2024,2,E1,建筑工程技术,E677,喀什职业技术学院,9,556809
2024,2,F1,计算机应用技术,E677,喀什职业技术学院,14,535852
2024,2,G1,智能制造装备技术,E677,喀什职业技术学院,9,593357
2024,2,H1,电气自动化技术,E677,喀什职业技术学院,9,514981
2024,2,J1,畜牧兽医,E677,喀什职业技术学院,21,636040
2024,2,K1,园艺技术,E677,喀什职业技术学院,9,572001
2024,2,L1,动物医学,E677,喀什职业技术学院,9,437534
2024,2,M1,服装设计与工艺,E677,喀什职业技术学院,19,570513
2024,2,N1,食品质量与安全,E677,喀什职业技术学院,16,595781
2024,2,P1,工程造价,E677,喀什职业技术学院,9,587884
2024,2,Q1,现代纺织技术,E677,喀什职业技术学院,18,650379
2024,2,A1,物联网应用技术,E679,新疆科信职业技术学院,2,597768
2024,2,C1,大数据技术,E679,新疆科信职业技术学院,3,579704
2024,2,Q1,护理,E679,新疆科信职业技术学院,2,567733
2024,2,R1,康复治疗技术,E679,新疆科信职业技术学院,4,571430
2024,2,S1,数字媒体技术,E679,新疆科信职业技术学院,3,580461
2024,2,T1,智能互联网络技术,E679,新疆科信职业技术学院,3,604331
2024,2,21,休闲农业经营与管理,E680,阿勒泰职业技术学院,2,552341
2024,2,22,畜牧兽医,E680,阿勒泰职业技术学院,4,458268
2024,2,23,环境工程技术,E680,阿勒泰职业技术学院,1,557401
2024,2,24,机电一体化技术,E680,阿勒泰职业技术学院,5,538648
2024,2,25,电气自动化技术,E680,阿勒泰职业技术学院,4,513320
2024,2,26,食品智能加工技术,E680,阿勒泰职业技术学院,2,570808
2024,2,27,汽车检测与维修技术,E680,阿勒泰职业技术学院,2,518655
2024,2,29,中医康复技术,E680,阿勒泰职业技术学院,3,472413
2024,2,30,大数据与财务管理,E680,阿勒泰职业技术学院,4,541736
2024,2,31,旅游管理,E680,阿勒泰职业技术学院,4,554900
2024,2,32,酒店管理与数字化运营,E680,阿勒泰职业技术学院,3,560088
2024,2,34,学前教育,E680,阿勒泰职业技术学院,2,538797
2024,2,35,休闲体育,E680,阿勒泰职业技术学院,2,558137
2024,2,36,运动训练,E680,阿勒泰职业技术学院,2,524987
2024,2,37,运动防护,E680,阿勒泰职业技术学院,2,557245
2024,2,38,冰雪运动与管理,E680,阿勒泰职业技术学院,2,556875
2024,2,39,冰雪设施运维与管理,E680,阿勒泰职业技术学院,2,555244
2024,2,40,体育艺术表演,E680,阿勒泰职业技术学院,2,562082
2024,2,02,学前教育(师范类),E688,青岛幼儿师范高等专科学校,230,376514
2024,2,03,特殊教育(师范类),E688,青岛幼儿师范高等专科学校,32,330009
2024,2,04,音乐教育(师范类),E688,青岛幼儿师范高等专科学校,90,434344
2024,2,05,美术教育(师范类),E688,青岛幼儿师范高等专科学校,45,397044
2024,2,07,国际商务,E688,青岛幼儿师范高等专科学校,45,432792
2024,2,09,现代物流管理,E688,青岛幼儿师范高等专科学校,45,446559
2024,2,10,供应链运营,E688,青岛幼儿师范高等专科学校,45,464315
2024,2,11,首饰设计与工艺,E688,青岛幼儿师范高等专科学校,46,464388
2024,2,13,宝玉石鉴定与加工,E688,青岛幼儿师范高等专科学校,90,488714
2024,2,14,珠宝首饰技术与管理,E688,青岛幼儿师范高等专科学校,90,498314
2024,2,15,中文,E688,青岛幼儿师范高等专科学校,90,304659
2024,2,16,研学旅行管理与服务,E688,青岛幼儿师范高等专科学校,45,447685
2024,2,17,休闲服务与管理,E688,青岛幼儿师范高等专科学校,45,454783
2024,2,18,智慧旅游技术应用,E688,青岛幼儿师范高等专科学校,45,470067
2024,2,19,软件技术,E688,青岛幼儿师范高等专科学校,88,415629
2024,2,20,大数据技术,E688,青岛幼儿师范高等专科学校,40,398294
2024,2,21,信息安全技术应用,E688,青岛幼儿师范高等专科学校,40,427406
2024,2,22,移动应用开发,E688,青岛幼儿师范高等专科学校,40,445476
2024,2,23,计算机网络技术,E688,青岛幼儿师范高等专科学校,80,427192
2024,2,27,商务英语,E688,青岛幼儿师范高等专科学校,40,371998
2024,2,28,商务日语,E688,青岛幼儿师范高等专科学校,40,430448
2024,2,4A,学前教育(师范类，高职3+2贯通培养，衔接临沂大学学前教育专业),E688,青岛幼儿师范高等专科学校,40,209984
2024,2,01,学前教育(师范类),E689,烟台幼儿师范高等专科学校,420,544150
2024,2,10,计算机应用技术,E689,烟台幼儿师范高等专科学校,60,477725
2024,2,11,大数据技术,E689,烟台幼儿师范高等专科学校,55,486204
2024,2,12,软件技术,E689,烟台幼儿师范高等专科学校,110,509909
2024,2,13,数字媒体技术,E689,烟台幼儿师范高等专科学校,65,470558
2024,2,14,动漫制作技术,E689,烟台幼儿师范高等专科学校,110,528168
2024,2,15,早期教育,E689,烟台幼儿师范高等专科学校,130,598270
2024,2,16,研学旅行管理与服务,E689,烟台幼儿师范高等专科学校,100,565746
2024,2,17,健康管理,E689,烟台幼儿师范高等专科学校,50,510512
2024,2,18,婴幼儿托育服务与管理,E689,烟台幼儿师范高等专科学校,100,553137
2024,2,19,社区管理与服务,E689,烟台幼儿师范高等专科学校,50,538727
2024,2,20,现代家政服务与管理,E689,烟台幼儿师范高等专科学校,50,535644
2024,2,21,智慧健康养老服务与管理,E689,烟台幼儿师范高等专科学校,50,495984
2024,2,02,学前教育(师范类，高职3+2贯通培养，衔接聊城大学学前教育专业),E689,烟台幼儿师范高等专科学校,30,222687
2024,2,01,学前教育(师范类),E693,钦州幼儿师范高等专科学校,20,599049
2024,2,07,物联网应用技术,E695,邯郸科技职业学院,8,458125
2024,2,18,电子商务,E695,邯郸科技职业学院,2,456535
2024,2,52,畜牧兽医,E699,赤峰应用技术职业学院,4,433714
2024,2,76,大数据与会计,E699,赤峰应用技术职业学院,14,562609
2024,2,85,护理,E699,赤峰应用技术职业学院,14,475639
2024,2,92,计算机应用技术,E699,赤峰应用技术职业学院,20,562000
2024,2,94,信息安全技术应用,E699,赤峰应用技术职业学院,8,566996
2024,2,01,畜牧兽医,E700,鞍山职业技术学院,2,289850
2024,2,04,建筑装饰工程技术,E700,鞍山职业技术学院,2,399562
2024,2,05,机械制造及自动化,E700,鞍山职业技术学院,3,325373
2024,2,07,电气自动化技术,E700,鞍山职业技术学院,3,295728
2024,2,18,学前教育(师范类),E700,鞍山职业技术学院,10,407471
2024,2,01,早期教育(师范类),E701,长春早期教育职业学院,32,649458
2024,2,02,学前教育(师范类),E701,长春早期教育职业学院,72,648923
2024,2,03,体育教育(师范类),E701,长春早期教育职业学院,25,640616
2024,2,04,舞蹈教育(师范类),E701,长春早期教育职业学院,16,646273
2024,2,05,特殊教育(师范类),E701,长春早期教育职业学院,16,641226
2024,2,06,音乐教育(师范类),E701,长春早期教育职业学院,16,648615
2024,2,07,婴幼儿托育服务与管理,E701,长春早期教育职业学院,16,646195
2024,2,08,康复治疗技术,E701,长春早期教育职业学院,32,636031
2024,2,09,口腔医学技术,E701,长春早期教育职业学院,20,625690
2024,2,01,护理,E704,黄山健康职业学院,10,524406
2024,2,02,助产,E704,黄山健康职业学院,10,578490
2024,2,03,药学,E704,黄山健康职业学院,10,550664
2024,2,04,中药学,E704,黄山健康职业学院,10,555690
2024,2,A0,新能源汽车技术,E706,九江理工职业学院,2,573836
2024,2,A1,软件技术,E706,九江理工职业学院,3,568616
2024,2,A5,机电一体化技术,E706,九江理工职业学院,3,570978
2024,2,B1,电子商务,E706,九江理工职业学院,6,607783
2024,2,B2,大数据与会计,E706,九江理工职业学院,6,590774
2024,2,A1,旅游管理,E707,烟台文化旅游职业学院,154,554061
2024,2,A4,老年保健与管理,E707,烟台文化旅游职业学院,15,505537
2024,2,B1,酒店管理与数字化运营,E707,烟台文化旅游职业学院,55,551780
2024,2,C1,国际邮轮乘务管理,E707,烟台文化旅游职业学院,79,554767
2024,2,D1,葡萄酒文化与营销,E707,烟台文化旅游职业学院,100,558392
2024,2,E1,婴幼儿托育服务与管理,E707,烟台文化旅游职业学院,65,549197
2024,2,F1,空中乘务,E707,烟台文化旅游职业学院,81,569473
2024,2,G1,中西面点工艺,E707,烟台文化旅游职业学院,67,517123
2024,2,H1,烹饪工艺与营养,E707,烟台文化旅游职业学院,111,550266
2024,2,J1,广告艺术设计,E707,烟台文化旅游职业学院,30,513841
2024,2,K1,摄影摄像技术,E707,烟台文化旅游职业学院,35,532376
2024,2,L1,广播影视节目制作,E707,烟台文化旅游职业学院,39,528564
2024,2,M1,大数据与会计,E707,烟台文化旅游职业学院,70,456843
2024,2,N1,电子商务,E707,烟台文化旅游职业学院,25,525249
2024,2,P1,机械制造及自动化,E707,烟台文化旅游职业学院,141,521022
2024,2,Q1,电气自动化技术,E707,烟台文化旅游职业学院,173,504107
2024,2,R1,网络营销与直播电商,E707,烟台文化旅游职业学院,20,531750
2024,2,S1,民宿管理与运营,E707,烟台文化旅游职业学院,41,554107
2024,2,T1,餐饮智能管理,E707,烟台文化旅游职业学院,52,550942
2024,2,U1,人物形象设计,E707,烟台文化旅游职业学院,63,539669
2024,2,V1,数字化设计与制造技术,E707,烟台文化旅游职业学院,109,541874
2024,2,W1,人工智能技术应用,E707,烟台文化旅游职业学院,135,532844
2024,2,1A,旅游管理(高职3+2贯通培养，衔接山东工商学院旅游管理专业),E707,烟台文化旅游职业学院,30,249817
2024,2,1B,酒店管理与数字化运营(高职3+2贯通培养，衔接枣庄学院酒店管理专业),E707,烟台文化旅游职业学院,40,252074
2024,2,1H,烹饪工艺与营养(高职3+2贯通培养，衔接济南大学烹饪与营养教育专业),E707,烟台文化旅游职业学院,40,241268
2024,2,1N,电子商务(高职3+2贯通培养，衔接山东工商学院电子商务专业),E707,烟台文化旅游职业学院,30,247801
2024,2,01,现代农业技术,E708,临沂科技职业学院,35,457595
2024,2,03,休闲农业经营与管理,E708,临沂科技职业学院,69,530898
2024,2,04,农产品流通与管理,E708,临沂科技职业学院,62,529509
2024,2,05,种子生产与经营,E708,临沂科技职业学院,57,522590
2024,2,06,园林技术,E708,临沂科技职业学院,59,486955
2024,2,07,动物医学,E708,临沂科技职业学院,68,348369
2024,2,09,宠物医疗技术,E708,临沂科技职业学院,74,414583
2024,2,10,食品质量与安全,E708,临沂科技职业学院,111,479518
2024,2,12,食品营养与健康,E708,临沂科技职业学院,74,487240
2024,2,14,食品检验检测技术,E708,临沂科技职业学院,76,470309
2024,2,16,环境监测技术,E708,临沂科技职业学院,76,517204
2024,2,18,药品经营与管理,E708,临沂科技职业学院,92,475503
2024,2,20,跨境电子商务,E708,临沂科技职业学院,38,503274
2024,2,22,网络营销与直播电商,E708,临沂科技职业学院,40,490314
2024,2,24,供应链运营,E708,临沂科技职业学院,82,516591
2024,2,28,软件技术,E708,临沂科技职业学院,46,422684
2024,2,30,物联网应用技术,E708,临沂科技职业学院,67,467959
2024,2,32,计算机网络技术,E708,临沂科技职业学院,40,425588
2024,2,34,数字媒体技术,E708,临沂科技职业学院,38,395251
2024,2,36,大数据技术,E708,临沂科技职业学院,41,439001
2024,2,38,机械制造及自动化,E708,临沂科技职业学院,27,415314
2024,2,40,机电一体化技术,E708,临沂科技职业学院,17,395939
2024,2,42,工业机器人技术,E708,临沂科技职业学院,60,462654
2024,2,45,包装工程技术,E708,临沂科技职业学院,26,526232
2024,2,48,工业互联网应用,E708,临沂科技职业学院,78,495297
2024,2,49,汽车检测与维修技术,E708,临沂科技职业学院,66,497791
2024,2,51,新能源汽车技术,E708,临沂科技职业学院,60,443843
2024,2,52,建筑工程技术,E708,临沂科技职业学院,128,541853
2024,2,55,环境工程技术,E708,临沂科技职业学院,120,529357
2024,2,56,光伏工程技术,E708,临沂科技职业学院,30,467248
2024,2,57,数字化设计与制造技术,E708,临沂科技职业学院,75,494510
2024,2,59,大数据与会计,E708,临沂科技职业学院,90,381648
2024,2,61,会展策划与管理,E708,临沂科技职业学院,78,536362
2024,2,F1,现代农业技术(高职3+2贯通培养，衔接临沂大学园艺专业),E708,临沂科技职业学院,40,234322
2024,2,G8,机电一体化技术(高职3+2贯通培养，衔接青岛理工大学机械工程专业),E708,临沂科技职业学院,80,211618
2024,2,K7,早期教育(高职3+2贯通培养，衔接临沂大学家庭教育专业),E708,临沂科技职业学院,40,235417
2024,2,18,定翼机驾驶技术,E709,青岛航空科技职业学院,5,663983
2024,2,19,直升机驾驶技术,E709,青岛航空科技职业学院,5,665416
2024,2,20,空中乘务,E709,青岛航空科技职业学院,5,633295
2024,2,22,民航空中安全保卫,E709,青岛航空科技职业学院,5,638132
2024,2,27,物联网应用技术,E709,青岛航空科技职业学院,15,578434
2024,2,31,数字媒体技术,E709,青岛航空科技职业学院,40,632802
2024,2,36,跨境电子商务,E709,青岛航空科技职业学院,15,596815
2024,2,86,人工智能技术应用,E709,青岛航空科技职业学院,10,589317
2024,2,01,环境监测技术,E710,潍坊环境工程职业学院,22,574322
2024,2,03,环境工程技术,E710,潍坊环境工程职业学院,26,579480
2024,2,05,环境管理与评价,E710,潍坊环境工程职业学院,20,574609
2024,2,07,生态环境修复技术,E710,潍坊环境工程职业学院,40,580511
2024,2,09,水净化与安全技术,E710,潍坊环境工程职业学院,26,577162
2024,2,11,化工安全技术,E710,潍坊环境工程职业学院,28,571791
2024,2,13,建筑工程技术,E710,潍坊环境工程职业学院,10,581465
2024,2,15,工程造价,E710,潍坊环境工程职业学院,18,576503
2024,2,17,机械制造及自动化,E710,潍坊环境工程职业学院,54,571073
2024,2,21,工业机器人技术,E710,潍坊环境工程职业学院,57,583514
2024,2,23,机电一体化技术,E710,潍坊环境工程职业学院,53,563493
2024,2,27,智能机电技术,E710,潍坊环境工程职业学院,40,579852
2024,2,29,电气自动化技术,E710,潍坊环境工程职业学院,61,560755
2024,2,33,光伏工程技术,E710,潍坊环境工程职业学院,40,580920
2024,2,35,热能动力工程技术,E710,潍坊环境工程职业学院,37,584487
2024,2,37,物联网应用技术,E710,潍坊环境工程职业学院,30,568211
2024,2,39,计算机应用技术,E710,潍坊环境工程职业学院,20,549690
2024,2,43,大数据技术,E710,潍坊环境工程职业学院,20,558985
2024,2,45,信息安全技术应用,E710,潍坊环境工程职业学院,14,563818
2024,2,47,虚拟现实技术应用,E710,潍坊环境工程职业学院,30,578879
2024,2,49,人工智能技术应用,E710,潍坊环境工程职业学院,50,581962
2024,2,51,电子商务,E710,潍坊环境工程职业学院,74,586100
2024,2,53,大数据与财务管理,E710,潍坊环境工程职业学院,20,549016
2024,2,59,中医康复技术,E710,潍坊环境工程职业学院,60,545340
2024,2,61,婴幼儿托育服务与管理,E710,潍坊环境工程职业学院,10,570228
2024,2,63,空中乘务,E710,潍坊环境工程职业学院,20,597672
2024,2,65,中药学,E710,潍坊环境工程职业学院,40,537883
2024,2,67,康复治疗技术,E710,潍坊环境工程职业学院,40,553100
2024,2,69,网络直播与运营,E710,潍坊环境工程职业学院,40,589680
2024,2,2A,石油工程技术,E713,濮阳石油化工职业技术学院,10,497390
2024,2,2B,材料工程技术,E713,濮阳石油化工职业技术学院,10,539912
2024,2,3A,油气储运技术,E713,濮阳石油化工职业技术学院,10,527234
2024,2,5A,分析检验技术,E713,濮阳石油化工职业技术学院,10,521308
2024,2,6A,精细化工技术,E713,濮阳石油化工职业技术学院,10,506886
2024,2,7A,石油化工技术,E713,濮阳石油化工职业技术学院,10,496131
2024,2,04,电气自动化技术,E714,南阳科技职业学院,4,403008
2024,2,05,机电一体化技术,E714,南阳科技职业学院,4,483703
2024,2,07,新能源汽车检测与维修技术,E714,南阳科技职业学院,4,434499
2024,2,09,护理,E714,南阳科技职业学院,4,433868
2024,2,0L,电子商务,E714,南阳科技职业学院,4,548958
2024,2,04,应急救援技术,E715,兰考三农职业学院,5,539290
2024,2,0B,智能制造装备技术,E715,兰考三农职业学院,5,552843
2024,2,2A,电子商务,E716,汝州职业技术学院,2,528254
2024,2,4A,大数据与会计,E716,汝州职业技术学院,2,439633
2024,2,5A,计算机应用技术,E716,汝州职业技术学院,2,440377
2024,2,9A,人工智能技术应用,E716,汝州职业技术学院,2,516121
2024,2,9M,智能网联汽车技术,E716,汝州职业技术学院,2,539229
2024,2,01,护理,E721,湖北健康职业学院,30,577677
2024,2,04,药学,E721,湖北健康职业学院,5,587291
2024,2,05,口腔医学技术,E721,湖北健康职业学院,10,569903
2024,2,08,医学检验技术,E721,湖北健康职业学院,10,579613
2024,2,09,卫生检验与检疫技术,E721,湖北健康职业学院,5,589941
2024,2,07,新能源汽车检测与维修技术,E723,广西物流职业技术学院,5,495147
2024,2,10,大数据与财务管理,E723,广西物流职业技术学院,5,513308
2024,2,19,现代物流管理,E723,广西物流职业技术学院,5,573274
2024,2,21,智能物流技术,E723,广西物流职业技术学院,5,553058
2024,2,01,护理,E724,海南卫生健康职业学院,3,388043
2024,2,02,护理(健康与社会照护),E724,海南卫生健康职业学院,1,386199
2024,2,03,护理(医学美容),E724,海南卫生健康职业学院,1,390715
2024,2,04,婴幼儿托育服务与管理,E724,海南卫生健康职业学院,1,438656
2024,2,05,药学,E724,海南卫生健康职业学院,3,445202
2024,2,06,中药学,E724,海南卫生健康职业学院,1,391523
2024,2,07,药品质量与安全,E724,海南卫生健康职业学院,1,432170
2024,2,0B,康复治疗技术,E724,海南卫生健康职业学院,2,436870
2024,2,0C,医学检验技术,E724,海南卫生健康职业学院,1,350211
2024,2,0D,医学影像技术,E724,海南卫生健康职业学院,1,357382
2024,2,0E,预防医学,E724,海南卫生健康职业学院,1,287548
2024,2,0F,眼视光技术,E724,海南卫生健康职业学院,1,378664
2024,2,0L,助产,E724,海南卫生健康职业学院,1,402055
2024,2,99,数字媒体技术,E725,重庆理工职业学院,3,509968
2024,2,9A,大数据技术,E725,重庆理工职业学院,2,539627
2024,2,9D,婴幼儿托育服务与管理,E725,重庆理工职业学院,2,566138
2024,2,9J,社区康复,E725,重庆理工职业学院,2,601505
2024,2,9K,城市轨道交通运营管理,E725,重庆理工职业学院,5,548576
2024,2,9L,智慧城市管理技术,E725,重庆理工职业学院,2,597747
2024,2,9M,数字化设计与制造技术,E725,重庆理工职业学院,2,578452
2024,2,9N,虚拟现实技术应用,E725,重庆理工职业学院,2,588685
2024,2,01,人工智能技术应用,E726,重庆智能工程职业学院,15,588016
2024,2,10,医学检验技术,E726,重庆智能工程职业学院,12,581553
2024,2,13,数字媒体技术,E726,重庆智能工程职业学院,13,597339
2024,2,19,无人机应用技术,E726,重庆智能工程职业学院,10,619330
2024,2,P1,药品经营与管理,E727,重庆健康职业学院,8,616756
2024,2,P4,健康管理,E727,重庆健康职业学院,7,629308
2024,2,P6,婴幼儿托育服务与管理,E727,重庆健康职业学院,10,634470
2024,2,P7,人工智能技术应用,E727,重庆健康职业学院,15,636742
2024,2,01,旅游管理,E728,南充文化旅游职业学院,4,454139
2024,2,06,酒店管理与数字化运营,E728,南充文化旅游职业学院,5,472877
2024,2,10,电子商务,E728,南充文化旅游职业学院,5,467847
2024,2,19,智慧健康养老服务与管理,E728,南充文化旅游职业学院,4,479391
2024,2,06,动漫制作技术,E729,南充电影工业职业学院,8,648160
2024,2,07,动漫制作技术(动画电影制作),E729,南充电影工业职业学院,4,640397
2024,2,08,数字媒体技术,E729,南充电影工业职业学院,18,643151
2024,2,10,数字媒体技术(影视与短视频制作),E729,南充电影工业职业学院,2,584966
2024,2,11,虚拟现实技术应用,E729,南充电影工业职业学院,2,642379
2024,2,28,影视制片管理,E729,南充电影工业职业学院,2,619069
2024,2,33,电子商务,E729,南充电影工业职业学院,4,644675
2024,2,35,城市轨道交通运营管理,E729,南充电影工业职业学院,12,646300
2024,2,44,大数据技术,E729,南充电影工业职业学院,22,642798
2024,2,48,智能机电技术,E729,南充电影工业职业学院,12,649265
2024,2,49,新能源汽车技术,E729,南充电影工业职业学院,16,647591
2024,2,01,安全智能监测技术,E730,绵阳飞行职业学院,3,627202
2024,2,02,消防救援技术,E730,绵阳飞行职业学院,3,626510
2024,2,04,无人机应用技术,E730,绵阳飞行职业学院,4,628558
2024,2,06,汽车检测与维修技术,E730,绵阳飞行职业学院,2,624020
2024,2,09,空中乘务,E730,绵阳飞行职业学院,8,639274
2024,2,11,飞机机电设备维修,E730,绵阳飞行职业学院,2,588107
2024,2,15,人工智能技术应用,E730,绵阳飞行职业学院,4,630672
2024,2,19,休闲体育,E730,绵阳飞行职业学院,4,630415
2024,2,01,现代农业技术,E731,德阳农业科技职业学院,10,655650
2024,2,05,设施农业与装备,E731,德阳农业科技职业学院,6,637714
2024,2,08,农村新型经济组织管理,E731,德阳农业科技职业学院,5,648901
2024,2,11,宠物医疗技术,E731,德阳农业科技职业学院,5,564177
2024,2,15,消防救援技术,E731,德阳农业科技职业学院,10,643726
2024,2,16,供用电技术,E731,德阳农业科技职业学院,6,634116
2024,2,17,工程造价,E731,德阳农业科技职业学院,5,657364
2024,2,21,药品经营与管理,E731,德阳农业科技职业学院,6,645395
2024,2,22,新能源汽车检测与维修技术,E731,德阳农业科技职业学院,6,632241
2024,2,23,物联网应用技术,E731,德阳农业科技职业学院,10,648583
2024,2,24,智能产品开发与应用,E731,德阳农业科技职业学院,5,651547
2024,2,25,软件技术,E731,德阳农业科技职业学院,6,652434
2024,2,30,通信软件技术,E731,德阳农业科技职业学院,10,646800
2024,2,33,护理,E731,德阳农业科技职业学院,6,616187
2024,2,36,大数据与会计,E731,德阳农业科技职业学院,6,633524
2024,2,37,研学旅行管理与服务,E731,德阳农业科技职业学院,6,648122
2024,2,53,网络直播与运营,E731,德阳农业科技职业学院,30,663131
2024,2,62,电子竞技运动与管理,E731,德阳农业科技职业学院,6,651062
2024,2,01,护理,E732,泸州医疗器械职业学院,20,571196
2024,2,02,药学,E732,泸州医疗器械职业学院,5,583062
2024,2,03,康复治疗技术,E732,泸州医疗器械职业学院,7,603233
2024,2,06,医学影像技术,E732,泸州医疗器械职业学院,8,580822
2024,2,07,医学检验技术,E732,泸州医疗器械职业学院,5,586655
2024,2,08,放射治疗技术,E732,泸州医疗器械职业学院,6,609965
2024,2,11,医疗器械维护与管理,E732,泸州医疗器械职业学院,3,613735
2024,2,15,机电一体化技术,E732,泸州医疗器械职业学院,3,597959
2024,2,19,人工智能技术应用,E732,泸州医疗器械职业学院,3,601225
2024,2,04,新能源汽车检测与维修技术,E735,贵州民用航空职业学院,10,645629
2024,2,0D,护理,E735,贵州民用航空职业学院,20,647735
2024,2,0F,大数据与会计,E735,贵州民用航空职业学院,10,646032
2024,2,0G,网络营销与直播电商,E735,贵州民用航空职业学院,10,652426
2024,2,01,安全技术与管理,E737,榆林能源科技职业学院,10,576810
2024,2,02,机电设备技术,E737,榆林能源科技职业学院,10,560822
2024,2,03,智能控制技术,E737,榆林能源科技职业学院,10,576053
2024,2,04,汽车制造与试验技术,E737,榆林能源科技职业学院,6,582399
2024,2,05,新能源汽车技术,E737,榆林能源科技职业学院,8,561944
2024,2,06,煤化工技术,E737,榆林能源科技职业学院,10,587619
2024,2,07,化工自动化技术,E737,榆林能源科技职业学院,12,574137
2024,2,08,高速铁路客运服务,E737,榆林能源科技职业学院,10,565755
2024,2,09,物联网应用技术,E737,榆林能源科技职业学院,10,572684
2024,2,0A,护理,E737,榆林能源科技职业学院,30,552381
2024,2,0B,医学检验技术,E737,榆林能源科技职业学院,10,544619
2024,2,0C,口腔医学技术,E737,榆林能源科技职业学院,12,549730
2024,2,0D,环境艺术设计,E737,榆林能源科技职业学院,10,583663
2024,2,0E,学前教育,E737,榆林能源科技职业学院,10,584783
2024,2,0F,美术教育,E737,榆林能源科技职业学院,6,582560
2024,2,0G,畜牧兽医,E737,榆林能源科技职业学院,6,512171
2024,2,01,种子生产与经营,E738,培黎职业学院,8,553040
2024,2,03,园艺技术,E738,培黎职业学院,5,546534
2024,2,05,制冷与空调技术,E738,培黎职业学院,5,543288
2024,2,0E,集成电路技术,E738,培黎职业学院,8,533839
2024,2,0H,电子商务,E738,培黎职业学院,8,552363
2024,2,0K,研学旅行管理与服务,E738,培黎职业学院,6,557054
2024,2,02,汽车检测与维修技术,E741,塔里木职业技术学院,2,544672
2024,2,04,电子商务,E741,塔里木职业技术学院,2,565099
2024,2,09,学前教育,E741,塔里木职业技术学院,2,520457
2024,2,0D,旅游管理,E741,塔里木职业技术学院,2,548142
2024,2,0E,空中乘务,E741,塔里木职业技术学院,2,564182
2024,2,0G,工业机器人技术,E741,塔里木职业技术学院,2,511421
2024,2,0H,无人机应用技术,E741,塔里木职业技术学院,1,505394
2024,2,0J,纺织品检验与贸易,E741,塔里木职业技术学院,1,372628
2024,2,0K,康复治疗技术,E741,塔里木职业技术学院,2,478736
2024,2,0M,智能物流技术,E741,塔里木职业技术学院,2,551882
2024,2,0N,现代农业装备应用技术,E741,塔里木职业技术学院,2,537911
2024,2,0P,服装设计与工艺,E741,塔里木职业技术学院,2,539274
2024,2,0Q,机场运行服务与管理,E741,塔里木职业技术学院,4,557667
2024,2,05,机电一体化技术,E743,吉林通用航空职业技术学院,10,441827
2024,2,13,空中乘务,E743,吉林通用航空职业技术学院,10,500111
2024,2,02,生物制药技术,E744,通化医药健康职业学院,6,408313
2024,2,03,护理,E744,通化医药健康职业学院,4,377591
2024,2,04,医学检验技术,E744,通化医药健康职业学院,2,406512
2024,2,05,口腔医学技术,E744,通化医药健康职业学院,6,375603
2024,2,06,药学,E744,通化医药健康职业学院,2,373948
2024,2,02,无人机应用技术,E747,宿州航空职业学院,5,624833
2024,2,06,空中乘务,E747,宿州航空职业学院,5,621160
2024,2,07,民航安全技术管理,E747,宿州航空职业学院,5,625964
2024,2,0D,人工智能技术应用,E747,宿州航空职业学院,5,620892
2024,2,0E,大数据与会计,E747,宿州航空职业学院,5,627068
2024,2,0G,社会体育,E747,宿州航空职业学院,5,626486
2024,2,01,证券实务,E748,和君职业学院,5,662922
2024,2,07,新能源材料应用技术,E748,和君职业学院,3,632914
2024,2,08,智能机电技术,E748,和君职业学院,3,649767
2024,2,12,社会体育(篮足羽乒等球类方向),E748,和君职业学院,3,625265
2024,2,13,休闲体育(高尔夫、户外运动、瑜伽方向),E748,和君职业学院,3,641616
2024,2,14,体育运营与管理(马术运动与管理方向),E748,和君职业学院,3,649316
2024,2,0A,法律事务,E749,滨州科技职业学院,60,607892
2024,2,0C,分析检验技术,E749,滨州科技职业学院,50,608023
2024,2,0D,工业机器人技术,E749,滨州科技职业学院,105,627004
2024,2,0E,公共艺术设计,E749,滨州科技职业学院,50,618585
2024,2,0F,计算机网络技术,E749,滨州科技职业学院,180,626848
2024,2,0G,融媒体技术与运营,E749,滨州科技职业学院,265,633101
2024,2,0H,文化创意与策划,E749,滨州科技职业学院,50,616213
2024,2,0J,医学影像技术,E749,滨州科技职业学院,54,573864
2024,2,0K,应用化工技术,E749,滨州科技职业学院,50,616800
2024,2,0L,智能网联汽车技术,E749,滨州科技职业学院,86,630397
2024,2,28,现代物流管理,E749,滨州科技职业学院,37,598734
2024,2,38,大数据技术,E749,滨州科技职业学院,125,612370
2024,2,39,大数据与会计,E749,滨州科技职业学院,52,582392
2024,2,40,电气自动化技术,E749,滨州科技职业学院,249,611791
2024,2,41,电子商务,E749,滨州科技职业学院,10,576221
2024,2,42,高速铁路客运服务,E749,滨州科技职业学院,26,584443
2024,2,43,机电一体化技术,E749,滨州科技职业学院,195,608423
2024,2,44,计算机应用技术,E749,滨州科技职业学院,66,595298
2024,2,45,康复治疗技术,E749,滨州科技职业学院,43,565884
2024,2,46,空中乘务,E749,滨州科技职业学院,12,597581
2024,2,47,口腔医学技术,E749,滨州科技职业学院,30,556215
2024,2,48,跨境电子商务,E749,滨州科技职业学院,55,608088
2024,2,49,旅游管理,E749,滨州科技职业学院,67,609624
2024,2,50,人工智能技术应用,E749,滨州科技职业学院,116,616079
2024,2,51,数字媒体技术,E749,滨州科技职业学院,113,595351
2024,2,52,网络营销与直播电商,E749,滨州科技职业学院,20,596710
2024,2,53,无人机应用技术,E749,滨州科技职业学院,258,623319
2024,2,54,新能源汽车技术,E749,滨州科技职业学院,56,593906
2024,2,55,眼视光技术,E749,滨州科技职业学院,22,548831
2024,2,56,医学检验技术,E749,滨州科技职业学院,20,563890
2024,2,58,智能控制技术,E749,滨州科技职业学院,189,619803
2024,2,59,中药学,E749,滨州科技职业学院,131,577786
2024,2,01,护理,E754,郑州医药健康职业学院,1,478753
2024,2,0D,康复治疗技术,E754,郑州医药健康职业学院,2,519133
2024,2,13,医学影像技术,E754,郑州医药健康职业学院,2,502932
2024,2,1A,工业机器人技术,E755,湖北孝感美珈职业学院,8,634543
2024,2,1B,电气自动化技术,E755,湖北孝感美珈职业学院,8,621982
2024,2,1C,机电一体化技术,E755,湖北孝感美珈职业学院,8,632094
2024,2,1D,软件技术,E755,湖北孝感美珈职业学院,5,625108
2024,2,1E,计算机应用技术,E755,湖北孝感美珈职业学院,5,606200
2024,2,1F,计算机网络技术,E755,湖北孝感美珈职业学院,5,624021
2024,2,1G,大数据技术,E755,湖北孝感美珈职业学院,5,610569
2024,2,1H,人工智能技术应用,E755,湖北孝感美珈职业学院,5,625114
2024,2,1J,护理,E755,湖北孝感美珈职业学院,15,593920
2024,2,1K,中医康复技术,E755,湖北孝感美珈职业学院,10,592476
2024,2,1L,大数据与会计,E755,湖北孝感美珈职业学院,2,538600
2024,2,1M,跨境电子商务,E755,湖北孝感美珈职业学院,2,596310
2024,2,1N,商务英语,E755,湖北孝感美珈职业学院,2,606842
2024,2,05,空中乘务,E761,广东肇庆航空职业学院,17,663094
2024,2,07,民航安全技术管理,E761,广东肇庆航空职业学院,8,660697
2024,2,0A,飞机机电设备维修,E761,广东肇庆航空职业学院,20,665079
2024,2,0B,飞机电子设备维修,E761,广东肇庆航空职业学院,8,659887
2024,2,0C,通用航空器维修,E761,广东肇庆航空职业学院,10,662098
2024,2,12,护理,E761,广东肇庆航空职业学院,16,661023
2024,2,05,口腔医学技术,E765,北海康养职业学院,10,598180
2024,2,06,医学美容技术,E765,北海康养职业学院,10,610249
2024,2,07,中医康复技术,E765,北海康养职业学院,10,598291
2024,2,0B,学前教育(师范类),E765,北海康养职业学院,10,613416
2024,2,01,无人机应用技术(无人机航测应用技术),E768,自贡职业技术学院,25,642550
2024,2,08,社区康复,E768,自贡职业技术学院,25,647500
2024,2,01,智能光电制造技术,E770,宝鸡中北职业学院,5,571363
2024,2,02,工业机器人技术,E770,宝鸡中北职业学院,5,557052
2024,2,03,铁道供电技术,E770,宝鸡中北职业学院,5,511939
2024,2,04,高速铁路客运服务,E770,宝鸡中北职业学院,5,561185
2024,2,05,空中乘务,E770,宝鸡中北职业学院,5,605602
2024,2,06,跨境电子商务,E770,宝鸡中北职业学院,5,576162
2024,2,07,数字媒体艺术设计,E770,宝鸡中北职业学院,10,544574
2024,2,08,网络新闻与传播,E770,宝鸡中北职业学院,10,568873
2024,2,09,学前教育(师范类),E770,宝鸡中北职业学院,50,612405
2024,2,02,新能源汽车技术,E772,白银希望职业技术学院,9,615679
2024,2,09,人工智能技术应用,E772,白银希望职业技术学院,8,620105
2024,2,10,眼视光技术,E772,白银希望职业技术学院,8,620681
2024,2,06,机械设计与制造,E776,重庆五一职业技术学院,8,412460
2024,2,07,机电一体化技术,E776,重庆五一职业技术学院,10,400672
2024,2,10,电梯工程技术,E776,重庆五一职业技术学院,10,456945
2024,2,13,汽车检测与维修技术,E776,重庆五一职业技术学院,6,438400
2024,2,39,康复治疗技术,E776,重庆五一职业技术学院,6,413002
2024,2,01,工业机器人技术,E778,上海科创职业技术学院,2,364067
2024,2,02,工业互联网技术,E778,上海科创职业技术学院,2,357087
2024,2,03,数控技术,E778,上海科创职业技术学院,2,353581
2024,2,04,电气自动化技术,E778,上海科创职业技术学院,4,345119
2024,2,05,新能源汽车技术,E778,上海科创职业技术学院,3,361747
2024,2,06,智能网联汽车技术,E778,上海科创职业技术学院,3,371955
2024,2,08,建筑装饰工程技术,E778,上海科创职业技术学院,2,381716
2024,2,09,烹饪工艺与营养,E778,上海科创职业技术学院,2,373551
2024,2,10,跨境电子商务,E778,上海科创职业技术学院,3,364417
2024,2,01,智能机电技术,E779,上海闵行职业技术学院,4,370035
2024,2,04,建筑室内设计,E779,上海闵行职业技术学院,2,352268
2024,2,08,婴幼儿托育服务与管理,E779,上海闵行职业技术学院,2,397077
2024,2,09,云计算技术应用,E779,上海闵行职业技术学院,2,355734
2024,2,01,机电一体化技术,E780,上海现代化工职业学院,4,326347
2024,2,02,数字化设计与制造技术,E780,上海现代化工职业学院,3,362792
2024,2,03,应用化工技术,E780,上海现代化工职业学院,6,377220
2024,2,06,现代物流管理,E780,上海现代化工职业学院,2,367804
2024,2,07,工业互联网应用,E780,上海现代化工职业学院,4,368465
2024,2,08,化工安全技术,E780,上海现代化工职业学院,5,404276
2024,2,09,智能控制技术,E780,上海现代化工职业学院,5,369343
2024,2,01,装配式建筑工程技术,E781,上海建设管理职业技术学院,1,371807
2024,2,05,园林技术,E781,上海建设管理职业技术学院,2,316706
2024,2,06,风景园林设计,E781,上海建设管理职业技术学院,2,298692
2024,2,08,建筑智能化工程技术,E781,上海建设管理职业技术学院,3,419383
2024,2,09,智能建造技术,E781,上海建设管理职业技术学院,7,422447
2024,2,10,花卉生产与花艺,E781,上海建设管理职业技术学院,4,391330
2024,2,11,物联网应用技术,E781,上海建设管理职业技术学院,9,375788
2024,2,01,现代农业技术,E790,濮阳科技职业学院,2,475578
2024,2,04,电梯工程技术,E790,濮阳科技职业学院,2,525963
2024,2,05,智能机器人技术,E790,濮阳科技职业学院,2,440593
2024,2,06,新能源汽车技术,E790,濮阳科技职业学院,2,449535
2024,2,0A,大数据技术,E790,濮阳科技职业学院,2,418457
2024,2,01,城市轨道交通运营管理,E800,贵州铜仁数据职业学院,12,629678
2024,2,09,酒店管理与数字化运营,E800,贵州铜仁数据职业学院,8,634482
2024,2,2A,刑事执行,E805,新疆司法警官职业学院,18,384567
2024,2,2B,行政执行,E805,新疆司法警官职业学院,6,385522
2024,2,2C,司法警务,E805,新疆司法警官职业学院,5,370656
2024,2,2D,社区矫正,E805,新疆司法警官职业学院,1,327995
2024,2,2E,法律事务,E805,新疆司法警官职业学院,1,278133
2024,2,4L,油气储运技术,E806,阿克苏工业职业技术学院,2,499335
2024,2,5L,机械制造及自动化,E806,阿克苏工业职业技术学院,5,566754
2024,2,9L,电气自动化技术,E806,阿克苏工业职业技术学院,3,555707
2024,2,01,烹饪工艺与营养,E809,山东城市服务职业学院,130,552962
2024,2,02,餐饮智能管理,E809,山东城市服务职业学院,25,556050
2024,2,03,食品检验检测技术,E809,山东城市服务职业学院,158,524683
2024,2,04,食品营养与健康,E809,山东城市服务职业学院,30,530643
2024,2,05,食品智能加工技术,E809,山东城市服务职业学院,40,540366
2024,2,06,西式烹饪工艺,E809,山东城市服务职业学院,133,554736
2024,2,07,中西面点工艺,E809,山东城市服务职业学院,180,557846
2024,2,08,营养配餐,E809,山东城市服务职业学院,39,554516
2024,2,09,葡萄酒文化与营销,E809,山东城市服务职业学院,40,560629
2024,2,10,智能制造装备技术,E809,山东城市服务职业学院,72,535848
2024,2,11,工业互联网应用,E809,山东城市服务职业学院,170,549218
2024,2,12,物联网应用技术,E809,山东城市服务职业学院,80,536587
2024,2,13,智能光电技术应用,E809,山东城市服务职业学院,60,544623
2024,2,14,大数据与会计,E809,山东城市服务职业学院,92,468200
2024,2,15,大数据与财务管理,E809,山东城市服务职业学院,102,479233
2024,2,16,电子商务,E809,山东城市服务职业学院,100,546380
2024,2,17,商务数据分析与应用,E809,山东城市服务职业学院,50,552614
2024,2,18,数字媒体技术,E809,山东城市服务职业学院,179,507091
2024,2,19,美容美体艺术,E809,山东城市服务职业学院,110,558373
2024,2,21,人物形象设计,E809,山东城市服务职业学院,49,551880
2024,2,22,酒店管理与数字化运营,E809,山东城市服务职业学院,70,550259
2024,2,23,国际邮轮乘务管理,E809,山东城市服务职业学院,54,561262
2024,2,24,智慧旅游技术应用,E809,山东城市服务职业学院,65,559925
2024,2,25,婴幼儿托育服务与管理,E809,山东城市服务职业学院,48,546943
2024,2,56,环境艺术设计(高职3+2贯通培养，衔接山东工艺美术学院家具设计与工程,E809,山东城市服务职业学院,30,252072
2024,2,01,食品生物技术,E810,潍坊食品科技职业学院,100,547870
2024,2,02,食品质量与安全,E810,潍坊食品科技职业学院,48,515742
2024,2,03,康复工程技术,E810,潍坊食品科技职业学院,33,544696
2024,2,04,机电一体化技术,E810,潍坊食品科技职业学院,22,520261
2024,2,05,数字媒体艺术设计,E810,潍坊食品科技职业学院,18,525302
2024,2,06,计算机应用技术,E810,潍坊食品科技职业学院,31,535729
2024,2,07,酿酒技术,E810,潍坊食品科技职业学院,91,559315
2024,2,08,保健食品质量与管理,E810,潍坊食品科技职业学院,95,568504
2024,2,09,智能控制技术,E810,潍坊食品科技职业学院,30,549262
2024,2,10,计算机网络技术,E810,潍坊食品科技职业学院,40,549660
2024,2,11,大数据技术,E810,潍坊食品科技职业学院,40,552599
2024,2,12,智慧健康养老服务与管理,E810,潍坊食品科技职业学院,40,556041
2024,2,13,婴幼儿托育服务与管理,E810,潍坊食品科技职业学院,25,560805
2024,2,14,艺术设计,E810,潍坊食品科技职业学院,50,567916
2024,2,15,视觉传达设计,E810,潍坊食品科技职业学院,20,550275
2024,2,16,中小企业创业与经营,E810,潍坊食品科技职业学院,110,576382
2024,2,17,社会体育,E810,潍坊食品科技职业学院,80,584346
2024,2,18,电子竞技运动与管理,E810,潍坊食品科技职业学院,75,583682
2024,2,19,建筑消防技术,E810,潍坊食品科技职业学院,35,567571
2024,2,30,高速铁路客运服务,E810,潍坊食品科技职业学院,269,605207
2024,2,32,应急救援技术,E810,潍坊食品科技职业学院,247,632297
2024,2,1A,工业机器人技术,E811,烟台城市科技职业学院,82,592935
2024,2,1B,智能控制技术,E811,烟台城市科技职业学院,40,569895
2024,2,1C,大数据技术,E811,烟台城市科技职业学院,112,591930
2024,2,1D,现代通信技术,E811,烟台城市科技职业学院,85,589017
2024,2,1E,计算机网络技术,E811,烟台城市科技职业学院,110,581775
2024,2,1F,电子商务,E811,烟台城市科技职业学院,85,595367
2024,2,1G,网络营销与直播电商,E811,烟台城市科技职业学院,115,601108
2024,2,1H,大数据与会计,E811,烟台城市科技职业学院,80,568884
2024,2,1J,康复治疗技术,E811,烟台城市科技职业学院,25,540549
2024,2,1K,智能机电技术,E811,烟台城市科技职业学院,15,569542
2024,2,1L,人工智能技术应用,E811,烟台城市科技职业学院,85,616529
2024,2,1M,大数据与财务管理,E811,烟台城市科技职业学院,45,587443
2024,2,1N,物联网应用技术,E811,烟台城市科技职业学院,80,635746
2024,2,1P,集成电路技术,E811,烟台城市科技职业学院,30,601970
2024,2,1Q,现代物流管理,E811,烟台城市科技职业学院,55,617349
2024,2,1R,健康管理,E811,烟台城市科技职业学院,35,589728
2024,2,1S,中医康复技术,E811,烟台城市科技职业学院,20,552339
2024,2,1T,中小企业创业与经营,E811,烟台城市科技职业学院,55,618273
2024,2,1U,智慧健康养老服务与管理,E811,烟台城市科技职业学院,25,581605
2024,2,1V,工程造价,E811,烟台城市科技职业学院,45,616814
2024,2,1W,民航运输服务,E811,烟台城市科技职业学院,50,642911
2024,2,1X,宠物医疗技术,E811,烟台城市科技职业学院,100,577345
2024,2,1Y,飞机机电设备维修,E811,烟台城市科技职业学院,50,635880
2024,2,03,大数据与会计,E822,桂林信息工程职业学院,5,645955
2024,2,06,大数据技术,E822,桂林信息工程职业学院,5,654876
2024,2,0A,机电一体化技术,E822,桂林信息工程职业学院,7,637061
2024,2,01,建筑工程技术,E824,喀什理工职业技术学院,12,608000
2024,2,08,建筑钢结构工程技术,E824,喀什理工职业技术学院,9,625157
2024,2,15,电力系统自动化技术,E824,喀什理工职业技术学院,10,540936
2024,2,22,电气自动化技术,E824,喀什理工职业技术学院,12,559156
2024,2,29,机电一体化技术,E824,喀什理工职业技术学院,12,575887
2024,2,36,新能源汽车检测与维修技术,E824,喀什理工职业技术学院,17,602870
2024,2,43,汽车检测与维修技术,E824,喀什理工职业技术学院,22,612605
2024,2,50,跨境电子商务,E824,喀什理工职业技术学院,12,621192
2024,2,57,计算机网络技术,E824,喀什理工职业技术学院,13,583866
2024,2,64,现代通信技术,E824,喀什理工职业技术学院,12,612792
2024,2,78,护理,E824,喀什理工职业技术学院,19,530849
2024,2,01,机电一体化技术,E825,图木舒克职业技术学院,19,593552
2024,2,02,电气自动化技术,E825,图木舒克职业技术学院,18,588309
2024,2,03,计算机网络技术,E825,图木舒克职业技术学院,19,595892
2024,2,04,汽车检测与维修技术,E825,图木舒克职业技术学院,10,600614
2024,2,05,现代纺织技术,E825,图木舒克职业技术学院,5,585648
2024,2,06,服装设计与工艺,E825,图木舒克职业技术学院,5,584041
2024,2,07,电子商务,E825,图木舒克职业技术学院,19,609531
2024,2,08,设施农业与装备,E825,图木舒克职业技术学院,5,589164
2024,2,01,现代农业技术,E826,可克达拉职业技术学院,25,624281
2024,2,0A,网络营销与直播电商,E826,可克达拉职业技术学院,20,633237
2024,2,0B,酒店管理与数字化运营,E826,可克达拉职业技术学院,35,642681
2024,2,11,建设工程管理,E826,可克达拉职业技术学院,33,639375
2024,2,21,机械制造及自动化,E826,可克达拉职业技术学院,25,618530
2024,2,31,机电一体化技术,E826,可克达拉职业技术学院,39,614341
2024,2,41,食品检验检测技术,E826,可克达拉职业技术学院,30,625092
2024,2,51,酿酒技术,E826,可克达拉职业技术学院,25,630422
2024,2,61,物联网应用技术,E826,可克达拉职业技术学院,25,630871
2024,2,71,康复治疗技术,E826,可克达拉职业技术学院,10,539864
2024,2,81,大数据与会计,E826,可克达拉职业技术学院,30,626569
2024,2,AA,机电一体化技术,E827,新星职业技术学院,20,579075
2024,2,AB,机械制造及自动化,E827,新星职业技术学院,20,600567
2024,2,AC,电气自动化技术,E827,新星职业技术学院,11,573920
2024,2,AF,分析检验技术,E827,新星职业技术学院,13,611976
2024,2,AG,网络营销与直播电商,E827,新星职业技术学院,16,616548
2024,2,41,现代农业技术,E828,昆玉职业技术学院,15,568424
2024,2,42,宝玉石鉴定与加工,E828,昆玉职业技术学院,10,581766
2024,2,43,矿山机电与智能装备,E828,昆玉职业技术学院,10,587240
2024,2,44,建筑工程技术,E828,昆玉职业技术学院,40,604384
2024,2,45,机电一体化技术,E828,昆玉职业技术学院,35,570825
2024,2,46,电气自动化技术,E828,昆玉职业技术学院,30,560883
2024,2,47,汽车检测与维修技术,E828,昆玉职业技术学院,25,593453
2024,2,48,新能源汽车检测与维修技术,E828,昆玉职业技术学院,35,590369
2024,2,49,计算机网络技术,E828,昆玉职业技术学院,40,587072
2024,2,4A,大数据与会计,E828,昆玉职业技术学院,40,589072
2024,2,4B,电子商务,E828,昆玉职业技术学院,15,601440
2024,2,4C,烹饪工艺与营养,E828,昆玉职业技术学院,5,568522
2024,2,T1,数字化设计与制造技术,E832,襄阳科技职业学院,5,460620
2024,2,T2,模具设计与制造,E832,襄阳科技职业学院,2,473356
2024,2,T3,机电一体化技术,E832,襄阳科技职业学院,2,391002
2024,2,T4,智能机器人技术,E832,襄阳科技职业学院,3,451009
2024,2,T5,新能源汽车技术,E832,襄阳科技职业学院,3,418293
2024,2,T6,汽车检测与维修技术,E832,襄阳科技职业学院,5,486809
2024,2,T7,物联网应用技术,E832,襄阳科技职业学院,2,434647
2024,2,T8,工业互联网技术,E832,襄阳科技职业学院,3,470127
2024,2,T9,婴幼儿托育服务与管理,E832,襄阳科技职业学院,5,538223
2024,2,01,数字化设计与制造技术,E833,宜昌科技职业学院,14,496728
2024,2,02,机械制造及自动化,E833,宜昌科技职业学院,8,446655
2024,2,03,智能机电技术,E833,宜昌科技职业学院,3,473107
2024,2,04,工业机器人技术,E833,宜昌科技职业学院,3,450390
2024,2,05,无人机应用技术,E833,宜昌科技职业学院,1,406366
2024,2,07,汽车检测与维修技术,E833,宜昌科技职业学院,4,494805
2024,2,08,新能源汽车检测与维修技术,E833,宜昌科技职业学院,5,471556
2024,2,09,计算机应用技术,E833,宜昌科技职业学院,6,422099
2024,2,10,人工智能技术应用,E833,宜昌科技职业学院,5,465498
2024,2,11,婴幼儿托育服务与管理,E833,宜昌科技职业学院,3,505593
2024,2,12,财税大数据应用,E833,宜昌科技职业学院,8,454187
2024,2,01,软件技术,E835,遂宁工程职业学院,30,665774
2024,2,02,数字媒体技术,E835,遂宁工程职业学院,20,665258
2024,2,03,信息安全技术应用,E835,遂宁工程职业学院,5,662067
2024,2,04,大数据技术,E835,遂宁工程职业学院,10,663605
2024,2,05,大数据与会计,E835,遂宁工程职业学院,20,660210
2024,2,09,建筑装饰工程技术,E835,遂宁工程职业学院,5,659498
2024,2,01,护理,E836,遂宁职业学院,24,653089
2024,2,02,康复治疗技术,E836,遂宁职业学院,20,653968
2024,2,03,新能源材料应用技术,E836,遂宁职业学院,8,658358
2024,2,05,建筑消防技术,E836,遂宁职业学院,12,657816
2024,2,07,城市轨道交通运营管理,E836,遂宁职业学院,16,663993
2024,2,08,电子信息工程技术,E836,遂宁职业学院,20,665590
2024,2,01,中药学,E837,江西樟树中医药职业学院,3,483290
2024,2,03,康复治疗技术,E837,江西樟树中医药职业学院,3,571487
2024,2,04,护理,E837,江西樟树中医药职业学院,4,571634
2024,2,01,大数据技术,E838,重庆数字产业职业技术学院,5,650339
2024,2,02,虚拟现实技术应用,E838,重庆数字产业职业技术学院,5,658417
2024,2,03,会计信息管理,E838,重庆数字产业职业技术学院,5,654165
2024,2,04,移动商务,E838,重庆数字产业职业技术学院,5,661914
2024,2,01,智能机器人技术,E839,长春数字科技职业学院,5,646222
2024,2,02,智能网联汽车技术,E839,长春数字科技职业学院,5,652859
2024,2,03,城市轨道车辆应用技术,E839,长春数字科技职业学院,8,654028
2024,2,04,计算机应用技术,E839,长春数字科技职业学院,8,650044
2024,2,05,计算机网络技术,E839,长春数字科技职业学院,6,656326
2024,2,06,软件技术,E839,长春数字科技职业学院,8,655581
2024,2,01,新能源材料应用技术,E846,海南东方新丝路职业学院,20,665360
2024,2,02,软件技术,E846,海南东方新丝路职业学院,3,651749
2024,2,03,电子商务,E846,海南东方新丝路职业学院,2,656663
2024,2,04,数字媒体艺术设计,E846,海南东方新丝路职业学院,20,665104
2024,2,05,舞蹈表演,E846,海南东方新丝路职业学院,3,656868
2024,2,06,休闲体育,E846,海南东方新丝路职业学院,2,652763
2024,2,02,计算机网络技术,E848,贵州传媒职业学院,5,520737
2024,2,04,电子商务,E848,贵州传媒职业学院,5,563954
2024,2,01,机电一体化技术,E857,德州工程职业学院,206,600570
2024,2,02,工业机器人技术,E857,德州工程职业学院,154,632849
2024,2,03,工业互联网应用,E857,德州工程职业学院,200,643297
2024,2,04,无人机应用技术,E857,德州工程职业学院,159,643624
2024,2,05,汽车制造与试验技术,E857,德州工程职业学院,130,631914
2024,2,06,智能网联汽车技术,E857,德州工程职业学院,140,645773
2024,2,07,汽车检测与维修技术,E857,德州工程职业学院,140,643004
2024,2,08,新能源汽车检测与维修技术,E857,德州工程职业学院,185,633177
2024,2,09,物联网应用技术,E857,德州工程职业学院,98,643580
2024,2,10,数字媒体技术,E857,德州工程职业学院,330,644465
2024,2,11,云计算技术应用,E857,德州工程职业学院,200,648372
2024,2,12,大数据与会计,E857,德州工程职业学院,238,629662
2024,2,13,跨境电子商务,E857,德州工程职业学院,220,651113
2024,2,14,供应链运营,E857,德州工程职业学院,100,646854
2024,2,01,护理,E858,日照康养职业学院,100,502244
2024,2,02,口腔医学技术,E858,日照康养职业学院,190,572474
2024,2,03,药学,E858,日照康养职业学院,200,580925
2024,2,04,康复治疗技术,E858,日照康养职业学院,180,575352
2024,2,05,体育保健与康复,E858,日照康养职业学院,140,602379
2024,2,06,智慧健康养老服务与管理,E858,日照康养职业学院,100,587786
2024,2,07,中医康复技术,E858,日照康养职业学院,150,577354
2024,2,08,医学检验技术,E858,日照康养职业学院,190,585141
2024,2,09,社会体育,E858,日照康养职业学院,100,608853
2024,2,A1,护理,E859,烟台卫生健康职业学院,250,410298
2024,2,A2,药学,E859,烟台卫生健康职业学院,300,455461
2024,2,A3,医学检验技术,E859,烟台卫生健康职业学院,200,448198
2024,2,A4,医学影像技术,E859,烟台卫生健康职业学院,200,444561
2024,2,A5,口腔医学技术,E859,烟台卫生健康职业学院,200,438577
2024,2,A6,康复治疗技术,E859,烟台卫生健康职业学院,200,441676
2024,2,X8,文物修复与保护,E860,山东文化艺术职业学院,30,406419
2024,2,1A,机械制造及自动化,E870,重庆现代制造职业学院,7,643217
2024,2,1B,新能源装备技术,E870,重庆现代制造职业学院,5,619107
2024,2,1C,智能机电技术,E870,重庆现代制造职业学院,7,645544
2024,2,1D,电气自动化技术,E870,重庆现代制造职业学院,7,645636
2024,2,1E,国际商务,E870,重庆现代制造职业学院,4,647373
2024,2,07,石窟寺保护技术,F201,山西工程科技职业大学,6,345720
2024,2,18,给排水工程技术,F201,山西工程科技职业大学,6,392719
2024,2,20,土木工程检测技术,F201,山西工程科技职业大学,5,372327
2024,2,25,现代物业管理,F201,山西工程科技职业大学,4,397522
2024,2,27,安全技术与管理,F201,山西工程科技职业大学,4,345866
2024,2,31,智能工程机械运用技术,F201,山西工程科技职业大学,6,331925
2024,2,51,电子商务,F201,山西工程科技职业大学,5,355552
2024,2,58,网络新闻与传播,F201,山西工程科技职业大学,4,299154
2024,2,08,财富管理,F203,河北科技工程职业技术大学,3,358368
2024,2,10,大数据与会计,F203,河北科技工程职业技术大学,3,277234
2024,2,20,工商企业管理,F203,河北科技工程职业技术大学,2,314305
2024,2,22,市场营销,F203,河北科技工程职业技术大学,3,369519
2024,2,33,全媒体广告策划与营销,F203,河北科技工程职业技术大学,2,343107
2024,2,18,工业机器人技术,F208,兰州资源环境职业技术大学,8,387894
2024,2,26,电力系统继电保护技术,F208,兰州资源环境职业技术大学,10,364477
2024,2,27,电气自动化技术,F208,兰州资源环境职业技术大学,4,336130
2024,2,30,计算机应用技术,F208,兰州资源环境职业技术大学,3,355964
2024,2,37,有色金属智能冶金技术,F208,兰州资源环境职业技术大学,5,414729
2024,2,1E,应用英语(涉外工程),F209,兰州石化职业技术大学,2,280288
2024,2,2U,大数据与会计,F209,兰州石化职业技术大学,2,269615
2024,2,4P,移动应用开发,F209,兰州石化职业技术大学,2,274254
2024,2,53,信息安全技术应用,F209,兰州石化职业技术大学,2,345484
2024,2,5P,智能焊接技术,F209,兰州石化职业技术大学,2,362962
2024,2,6E,油气储运技术,F209,兰州石化职业技术大学,2,326551
2024,2,6W,电气自动化技术,F209,兰州石化职业技术大学,2,296696
2024,2,76,工业自动化仪表技术,F209,兰州石化职业技术大学,2,344811
2024,2,8E,石油化工技术,F209,兰州石化职业技术大学,2,296465
2024,2,8L,石油炼制技术,F209,兰州石化职业技术大学,2,310976
2024,2,8S,高分子合成技术,F209,兰州石化职业技术大学,2,315143
2024,2,8X,分析检验技术,F209,兰州石化职业技术大学,2,298145
2024,2,97,材料工程技术(高分子),F209,兰州石化职业技术大学,3,351966
2024,2,9B,化工智能制造技术,F209,兰州石化职业技术大学,2,372179
2024,2,9M,应用化工技术(化学工程与工艺),F209,兰州石化职业技术大学,4,299020
2024,2,9X,应用化工技术(有机化工),F209,兰州石化职业技术大学,3,328006
2024,2,A5,应用化工技术(公用工程),F209,兰州石化职业技术大学,2,319315
2024,2,AG,精细化工技术,F209,兰州石化职业技术大学,2,345103
2024,2,01,大数据与会计(中外合作办学),F411,福州墨尔本理工职业学院,10,337310
2024,2,02,国际金融(中外合作办学),F411,福州墨尔本理工职业学院,5,429930
2024,2,03,国际经济与贸易(中外合作办学),F411,福州墨尔本理工职业学院,10,384590
2024,2,04,跨境电子商务(中外合作办学),F411,福州墨尔本理工职业学院,4,490804
2024,2,05,电子商务(中外合作办学),F411,福州墨尔本理工职业学院,5,465157
2024,2,06,商务英语(中外合作办学),F411,福州墨尔本理工职业学院,7,407983
2024,2,07,计算机应用技术(中外合作办学),F411,福州墨尔本理工职业学院,10,454582
2024,2,08,大数据技术(中外合作办学),F411,福州墨尔本理工职业学院,9,522497
2024,2,10,人工智能技术应用(中外合作办学),F411,福州墨尔本理工职业学院,5,446907
2024,2,11,酒店管理与数字化运营(中外合作办学),F411,福州墨尔本理工职业学院,10,591578
2024,2,13,智慧旅游技术应用(中外合作办学),F411,福州墨尔本理工职业学院,5,580967
2024,2,01,建筑工程技术,K084,陕西机电职业技术学院,3,375780
2024,2,03,建设工程管理,K084,陕西机电职业技术学院,2,388396
2024,2,04,数控技术,K084,陕西机电职业技术学院,4,327428
2024,2,05,机械制造及自动化,K084,陕西机电职业技术学院,4,341466
2024,2,06,机电一体化技术,K084,陕西机电职业技术学院,6,315541
2024,2,09,电气自动化技术,K084,陕西机电职业技术学院,2,309251
2024,2,11,新能源汽车技术,K084,陕西机电职业技术学院,4,358111
2024,2,14,铁道交通运营管理,K084,陕西机电职业技术学院,3,301184
2024,2,17,城市轨道交通通信信号技术,K084,陕西机电职业技术学院,3,339162
2024,2,19,物联网应用技术,K084,陕西机电职业技术学院,3,351468
2024,2,20,计算机网络技术,K084,陕西机电职业技术学院,2,318842
2024,2,21,软件技术,K084,陕西机电职业技术学院,5,339324
2024,2,23,动漫制作技术,K084,陕西机电职业技术学院,2,312556
2024,2,25,大数据与会计,K084,陕西机电职业技术学院,4,285335
2024,2,27,酒店管理与数字化运营,K084,陕西机电职业技术学院,2,387929
2024,2,28,智能建造技术,K084,陕西机电职业技术学院,2,385552
2024,2,29,汽车检测与维修技术,K084,陕西机电职业技术学院,3,387966
2024,2,30,数字媒体技术,K084,陕西机电职业技术学院,5,322581
2024,2,31,云计算技术应用,K084,陕西机电职业技术学院,4,361152
2024,2,33,人工智能技术应用,K084,陕西机电职业技术学院,2,348504
2024,2,34,无人机应用技术,K084,陕西机电职业技术学院,4,356371
2024,2,35,智能网联汽车技术,K084,陕西机电职业技术学院,2,380389
2024,2,36,建筑消防技术,K084,陕西机电职业技术学院,3,410846
2024,2,37,集成电路技术,K084,陕西机电职业技术学院,3,377967
2024,2,38,大数据与财务管理,K084,陕西机电职业技术学院,3,289892
2024,2,03,工程地质勘查,K139,河北资源环境职业技术学院,10,520656
2024,2,02,智慧健康养老服务与管理,K371,上海南湖职业技术学院,7,360307
2024,2,03,数字媒体技术,K371,上海南湖职业技术学院,6,305217
2024,2,04,虚拟现实技术应用,K371,上海南湖职业技术学院,8,371686
2024,2,06,网络营销与直播电商,K371,上海南湖职业技术学院,6,362784
2024,2,07,国际邮轮乘务管理,K371,上海南湖职业技术学院,9,407465
2024,2,08,新能源汽车检测与维修技术,K371,上海南湖职业技术学院,6,367250
2024,2,03,核电站动力设备运行与维护,K881,广元中核职业技术学院,6,434896
2024,2,04,数控技术,K881,广元中核职业技术学院,10,553436
2024,2,08,工业自动化仪表技术,K881,广元中核职业技术学院,4,460705
2024,2,01,数控技术,K963,贵州航空职业技术学院,2,462112
2024,2,04,航空材料精密成型技术,K963,贵州航空职业技术学院,2,411492
2024,2,05,工业机器人技术,K963,贵州航空职业技术学院,2,416674
2024,2,0G,大数据技术,K963,贵州航空职业技术学院,2,427653
2024,2,0K,空中乘务,K963,贵州航空职业技术学院,2,530929
2024,2,0M,数字媒体技术,K963,贵州航空职业技术学院,2,398314
2024,2,0N,智慧健康养老服务与管理,K963,贵州航空职业技术学院,2,506995
2024,2,18,电力系统自动化技术,M060,新疆工业职业技术学院,5,469977
2024,2,65,有色金属智能冶金技术,M060,新疆工业职业技术学院,5,558787
2024,2,07,粮食储运与质量安全,M378,甘肃财贸职业学院,4,481051
2024,2,0E,人工智能技术应用,M378,甘肃财贸职业学院,4,458411
2024,2,0H,大数据与财务管理,M378,甘肃财贸职业学院,4,392852
2024,2,0Q,现代物流管理,M378,甘肃财贸职业学院,3,453819
2024,2,37,铁道信号自动控制,M759,重庆工信职业学院,5,341971
2024,2,45,智能控制技术,M759,重庆工信职业学院,5,387108
2024,2,02,药学,T035,桂林生命与健康职业技术学院,3,535209
2024,2,03,中药学,T035,桂林生命与健康职业技术学院,2,486224
2024,2,04,中医康复技术,T035,桂林生命与健康职业技术学院,3,505039
2024,2,06,康复治疗技术,T035,桂林生命与健康职业技术学院,2,557566
2024,2,01,早期教育(师范类),T312,上饶幼儿师范高等专科学校,2,486997
2024,2,02,学前教育(师范类),T312,上饶幼儿师范高等专科学校,5,402408
2024,2,10,跨境电子商务,T312,上饶幼儿师范高等专科学校,2,495557
2024,2,11,信息安全技术应用,T312,上饶幼儿师范高等专科学校,2,393030
2024,2,12,研学旅行管理与服务,T312,上饶幼儿师范高等专科学校,2,417783
2024,2,14,社会体育,T312,上饶幼儿师范高等专科学校,2,463432
2024,2,16,学前教育(中外合作办学)(师范类),T312,上饶幼儿师范高等专科学校,3,594326
2024,2,0Q,青少年工作与管理,T335,长春师范高等专科学校,1,373452
2024,2,0X,学前教育(中外合作办学)(师范类),T335,长春师范高等专科学校,4,494369
2024,2,B0,学前教育(师范类),T466,盐城幼儿师范高等专科学校,2,294744
2024,2,B4,智慧健康养老服务与管理,T466,盐城幼儿师范高等专科学校,1,336312
2024,2,C0,特殊教育(师范类),T466,盐城幼儿师范高等专科学校,2,294940
2024,2,H0,小学教育(师范类),T466,盐城幼儿师范高等专科学校,9,291893
2024,2,H2,商务英语,T466,盐城幼儿师范高等专科学校,2,302289
2024,2,T3,食品生物技术(招全省体育专业测试合格考生),Y008,山东商业职业技术学院,45,494106
2024,2,T4,食品检验检测技术(招全省体育专业测试合格考生),Y008,山东商业职业技术学院,5,488443
2024,2,T5,中医康复技术(招全省体育专业测试合格考生),Y008,山东商业职业技术学院,10,445191
2024,2,T6,智慧健康养老服务与管理(招全省体育专业测试合格考生),Y008,山东商业职业技术学院,10,486382
2024,2,35,国际经济与贸易(大一泰安校区，大二、大三青岛本部),Y012,山东外贸职业学院,150,441764
2024,2,36,大数据与会计(大一泰安校区，大二、大三青岛本部),Y012,山东外贸职业学院,100,296408
2024,2,37,商务英语(大一泰安校区，大二、大三青岛本部),Y012,山东外贸职业学院,100,446426
2024,2,41,市场营销(大一泰安校区，大二、大三青岛本部),Y012,山东外贸职业学院,45,447763
