year,round,major_code,major_name,school_code,school_name,plan_count,min_rank
2025,2,52,城乡规划,A019,中国农业大学,1,41446
2025,2,75,广播电视编导,A209,吉林艺术学院,2,164523
2025,2,76,戏剧影视文学,A209,吉林艺术学院,2,169985
2025,2,77,艺术管理,A209,吉林艺术学院,3,179738
2025,2,30,考古学,A212,黑龙江大学,1,49049
2025,2,0B,资源勘查工程(中外高水平大学学生交流计划),A405,东华理工大学,1,217479
2025,2,0Z,化学工程与工艺(中外高水平大学学生交流计划),A405,东华理工大学,2,289205
2025,2,E7,数学与应用数学(中外合作办学),A446,曲阜师范大学,5,271235
2025,2,33,材料类,A524,中南民族大学,1,60944
2025,2,8D,化学工程与工艺,A531,吉首大学,1,62062
2025,2,9A,康复治疗学(中澳学分互认联合培养项目),A600,广西中医药大学,2,255223
2025,2,51,思想政治教育(师范类),A603,南宁师范大学,1,57811
2025,2,13,工商管理,A671,贵州财经大学,1,90407
2025,2,29,化学(师范类),A681,云南师范大学,1,113848
2025,2,44,应用心理学,A681,云南师范大学,1,71549
2025,2,30,化学(中外合作办学),A736,西北师范大学,3,203213
2025,2,02,植物保护,A757,塔里木大学,1,175863
2025,2,20,水产养殖学,A757,塔里木大学,1,195042
2025,2,23,电子与计算机工程,A846,江西科技学院,1,271312
2025,2,21,数字经济,A868,青岛滨海学院,70,336204
2025,2,22,工程管理,A868,青岛滨海学院,31,341923
2025,2,23,工程造价,A868,青岛滨海学院,28,346352
2025,2,24,工业工程,A868,青岛滨海学院,27,340815
2025,2,26,工业设计,A868,青岛滨海学院,2,275324
2025,2,28,金属材料工程,A868,青岛滨海学院,51,338359
2025,2,34,物联网工程,A868,青岛滨海学院,13,304948
2025,2,36,土木工程,A868,青岛滨海学院,34,350628
2025,2,37,建筑环境与能源应用工程,A868,青岛滨海学院,51,348901
2025,2,38,给排水科学与工程,A868,青岛滨海学院,46,350282
2025,2,39,智能建造,A868,青岛滨海学院,29,347790
2025,2,41,食品营养与健康,A868,青岛滨海学院,4,275715
2025,2,43,预防医学,A868,青岛滨海学院,60,339561
2025,2,44,医学检验技术,A868,青岛滨海学院,14,293104
2025,2,45,医学影像技术,A868,青岛滨海学院,25,324660
2025,2,46,康复治疗学,A868,青岛滨海学院,8,290637
2025,2,47,智能医学工程,A868,青岛滨海学院,6,324817
2025,2,W1,工业设计(中外合作办学),A908,山东工艺美术学院,52,333759
2025,2,BN,飞行器制造工程,A997,昌吉学院,1,129209
2025,2,8B,生物技术(中外合作办学),B065,青岛大学,1,146824
2025,2,23,地质工程(智慧地质方向),B075,三峡大学,1,55916
2025,2,25,城乡规划(智慧城市与城市更新、乡村振兴方向),B075,三峡大学,1,70189
2025,2,YK,本科预科班（招收边防军人子女）,B242,太原学院,3,323170
2025,2,YK,本科预科班（招收边防军人子女）,B313,福建商学院,4,337631
2025,2,20,金融工程,B400,西安培华学院,2,282464
2025,2,29,医学检验技术,B400,西安培华学院,2,273806
2025,2,31,口腔医学技术,B400,西安培华学院,2,277462
2025,2,56,食品质量与安全,B418,北京城市学院,1,280254
2025,2,59,中药学,B418,北京城市学院,1,220438
2025,2,60,康复治疗学,B418,北京城市学院,1,269820
2025,2,62,人工智能(数字技术产业学院),B418,北京城市学院,1,254714
2025,2,63,计算机科学与技术(数字技术产业学院),B418,北京城市学院,5,275251
2025,2,65,物联网工程(数字技术产业学院),B418,北京城市学院,6,295451
2025,2,66,数据科学与大数据技术(数字技术产业学院),B418,北京城市学院,5,290903
2025,2,YK,本科预科班（招收边防军人子女）,B437,长春工程学院,1,176817
2025,2,16,生物工程,B446,黑龙江东方学院,6,310622
2025,2,19,智能建造,B446,黑龙江东方学院,14,343210
2025,2,1T,食品科学与工程,B460,南京晓庄学院,1,90069
2025,2,G1,计算机科学与技术(中外高水平大学学生交流计划),B548,广西财经学院,1,267102
2025,2,11,工程造价,B549,南宁学院,2,307278
2025,2,13,土木工程,B549,南宁学院,1,322423
2025,2,15,食品质量与安全,B549,南宁学院,2,295171
2025,2,20,物联网工程,B549,南宁学院,3,284552
2025,2,01,软件工程,B635,哈尔滨信息工程学院,20,333611
2025,2,31,护理学(中外合作办学),B810,海南医科大学,3,286138
2025,2,82,数据科学与大数据技术(中外合作办学),B837,桂林旅游学院,14,334849
2025,2,15,计算机科学与技术,C216,安徽新华学院,6,286291
2025,2,X5,电子信息科学与技术,C303,湖南涉外经济学院,1,327251
2025,2,X6,软件工程,C303,湖南涉外经济学院,2,333484
2025,2,X9,物联网工程,C303,湖南涉外经济学院,1,317472
2025,2,1V,电气工程及其自动化(智能控制),C308,海口经济学院,2,290718
2025,2,2A,计算机科学与技术,C308,海口经济学院,1,333629
2025,2,2B,金融工程,C308,海口经济学院,6,344240
2025,2,49,网络与新媒体(AI媒介应用),C308,海口经济学院,5,206705
2025,2,4A,人力资源管理,C308,海口经济学院,5,233915
2025,2,9C,英语(教育、翻译、商务方向),C308,海口经济学院,5,256199
2025,2,9V,计算机科学与技术(网络安全),C308,海口经济学院,1,334231
2025,2,A7,经济学类,C308,海口经济学院,4,251571
2025,2,BC,管理科学与工程类,C308,海口经济学院,10,361635
2025,2,BD,地理空间信息工程,C308,海口经济学院,10,357746
2025,2,BH,智能科学与技术,C308,海口经济学院,10,352801
2025,2,BJ,健康服务与管理,C308,海口经济学院,5,258678
2025,2,BM,数据科学与大数据技术(智能数据分析),C308,海口经济学院,1,339097
2025,2,B1,数据科学与大数据技术(中外合作办学),C310,武昌理工学院,2,338520
2025,2,B3,金融工程,C332,烟台南山学院,33,279888
2025,2,B4,工程管理,C332,烟台南山学院,29,277922
2025,2,B6,数字经济,C332,烟台南山学院,12,273744
2025,2,B8,计算金融,C332,烟台南山学院,6,273808
2025,2,28,数学与应用数学,C560,云南经济管理学院,1,279370
2025,2,0B,大数据管理与应用,C574,广东东软学院,3,339392
2025,2,X9,软件工程(中外合作办学),C574,广东东软学院,3,347757
2025,2,11,人工智能,C587,上海立达学院,21,352993
2025,2,12,计算机科学与技术,C587,上海立达学院,18,353607
2025,2,13,数据科学与大数据技术,C587,上海立达学院,16,355615
2025,2,12,数据科学与大数据技术(中外合作办学),C636,成都东软学院,5,352779
2025,2,04,应用化学,C658,岳阳学院,1,271399
2025,2,05,通信工程,C709,厦门华厦学院,1,310193
2025,2,14,物流工程,C709,厦门华厦学院,2,334871
2025,2,01,机械设计制造及其自动化,C729,齐齐哈尔工程学院,6,301166
2025,2,05,机器人工程,C729,齐齐哈尔工程学院,7,335430
2025,2,09,电子科学与技术,C729,齐齐哈尔工程学院,7,334865
2025,2,0K,康复治疗学,C729,齐齐哈尔工程学院,9,338208
2025,2,Y3,工程造价,C729,齐齐哈尔工程学院,5,358467
2025,2,04,大数据管理与应用,C779,山西应用科技学院,5,270689
2025,2,08,工程管理,C779,山西应用科技学院,4,275175
2025,2,04,大数据管理与应用,C795,南昌理工学院,2,283049
2025,2,26,智能建造,C795,南昌理工学院,3,291972
2025,2,11,大数据管理与应用,C802,吉利学院,10,337817
2025,2,13,金融科技,C802,吉利学院,10,341813
2025,2,10,工程管理,C843,潍坊科技学院,16,270394
2025,2,18,金融工程,C843,潍坊科技学院,13,270204
2025,2,24,食品质量与安全(中外合作办学),C915,上海中侨职业技术大学,1,334984
2025,2,06,装备智能化技术,C928,泉州职业技术大学,4,334489
2025,2,09,智能网联汽车工程技术,C928,泉州职业技术大学,3,295344
2025,2,10,应用化工技术,C928,泉州职业技术大学,6,336950
2025,2,03,区块链工程,C938,江西应用科技学院,3,341030
2025,2,0S,土木工程,C938,江西应用科技学院,3,347925
2025,2,0T,工程造价,C938,江西应用科技学院,1,290333
2025,2,0X,财务管理,C938,江西应用科技学院,1,191806
2025,2,03,机械设计制造及其自动化,D006,山东英才学院,5,284559
2025,2,06,智能制造工程,D006,山东英才学院,12,334877
2025,2,07,电子信息工程,D006,山东英才学院,6,327435
2025,2,08,计算机科学与技术,D006,山东英才学院,24,336418
2025,2,19,审计学,D006,山东英才学院,10,218632
2025,2,24,金融工程,D006,山东英才学院,18,350735
2025,2,25,土木工程,D006,山东英才学院,25,359187
2025,2,32,康复治疗学,D006,山东英才学院,56,343020
2025,2,33,汽车服务工程,D006,山东英才学院,26,352277
2025,2,36,金融工程(国家留学基金委AISEC项目详见我校招生简章，外语单科成绩不低于105分）,D006,山东英才学院,93,472591
2025,2,39,数据科学与大数据技术,D006,山东英才学院,38,343621
2025,2,42,工程造价,D006,山东英才学院,12,359333
2025,2,56,通信工程,D006,山东英才学院,15,339720
2025,2,57,智能车辆工程,D006,山东英才学院,24,343028
2025,2,74,智能建造,D006,山东英才学院,38,357267
2025,2,1C,机械工程,D015,青岛恒星科技学院,26,337211
2025,2,1D,车辆工程,D015,青岛恒星科技学院,12,338534
2025,2,1E,汽车服务工程,D015,青岛恒星科技学院,17,348603
2025,2,1F,机器人工程,D015,青岛恒星科技学院,41,343893
2025,2,1G,智能制造工程,D015,青岛恒星科技学院,39,344033
2025,2,1H,软件工程,D015,青岛恒星科技学院,73,344429
2025,2,1J,网络工程,D015,青岛恒星科技学院,76,348870
2025,2,1K,人工智能,D015,青岛恒星科技学院,58,347653
2025,2,1L,数据科学与大数据技术,D015,青岛恒星科技学院,56,348295
2025,2,1N,工程造价,D015,青岛恒星科技学院,66,366557
2025,2,1Q,金融工程,D015,青岛恒星科技学院,9,348984
2025,2,1S,工商管理,D015,青岛恒星科技学院,10,222294
2025,2,22,教育技术学,D015,青岛恒星科技学院,72,366694
2025,2,25,种子科学与工程,D015,青岛恒星科技学院,66,355260
2025,2,26,智慧农业,D015,青岛恒星科技学院,28,351571
2025,2,27,农业智能装备工程,D015,青岛恒星科技学院,73,355287
2025,2,2B,生物工程,D015,青岛恒星科技学院,36,350008
2025,2,2F,印刷工程,D015,青岛恒星科技学院,55,359170
2025,2,2H,会计学,D015,青岛恒星科技学院,10,212668
2025,2,2J,工程管理,D015,青岛恒星科技学院,78,368353
2025,2,2K,智能装备与系统,D015,青岛恒星科技学院,13,340853
2025,2,38,数字媒体技术,D075,河北美术学院,4,336253
2025,2,13,财务管理,D123,陕西国际商贸学院,6,209099
2025,2,30,汉语言文学,D123,陕西国际商贸学院,4,203709
2025,2,15,工程造价,D125,陕西服装工程学院,28,377815
2025,2,AA,工程管理,D234,湖北大学知行学院,1,252882
2025,2,22,工程造价,D241,武昌工学院,1,275079
2025,2,27,增材制造工程,D262,文华学院,1,255174
2025,2,36,工程管理,D262,文华学院,1,272450
2025,2,05,石油工程,D299,哈尔滨石油学院,11,291875
2025,2,06,油气储运工程,D299,哈尔滨石油学院,11,323031
2025,2,08,化学工程与工艺,D299,哈尔滨石油学院,12,325555
2025,2,0C,车辆工程,D300,黑龙江工商学院,10,338598
2025,2,01,经济统计学,D320,青岛黄海学院,45,334825
2025,2,02,金融科技,D320,青岛黄海学院,65,342190
2025,2,03,数字经济,D320,青岛黄海学院,59,340798
2025,2,20,土木工程,D320,青岛黄海学院,28,347663
2025,2,21,智能建造,D320,青岛黄海学院,24,333781
2025,2,26,工程管理,D320,青岛黄海学院,67,352628
2025,2,27,工程造价,D320,青岛黄海学院,62,356485
2025,2,37,智能海洋装备,D320,青岛黄海学院,1,273127
2025,2,38,计算机科学与技术(中外合作办学),D320,青岛黄海学院,29,361737
2025,2,39,数据科学与大数据技术(中外合作办学),D320,青岛黄海学院,28,366897
2025,2,07,助产学,D322,山东现代学院,7,306164
2025,2,23,土木工程,D322,山东现代学院,15,337029
2025,2,24,工程造价,D322,山东现代学院,20,336035
2025,2,05,金融科技,D324,山东协和学院,26,286594
2025,2,24,土木工程,D324,山东协和学院,21,305257
2025,2,32,智能影像工程,D324,山东协和学院,24,293354
2025,2,35,工程管理,D324,山东协和学院,35,298681
2025,2,01,经济学,D326,滇池学院,2,189155
2025,2,11,汉语言文学,D326,滇池学院,2,188705
2025,2,3B,建筑工程,D356,山东工程职业技术大学,40,349796
2025,2,3C,智能建造工程,D356,山东工程职业技术大学,7,322069
2025,2,3D,工程造价,D356,山东工程职业技术大学,40,350539
2025,2,3E,建设工程管理,D356,山东工程职业技术大学,83,358208
2025,2,3Q,物联网工程技术,D356,山东工程职业技术大学,50,339593
2025,2,3S,大数据工程技术,D356,山东工程职业技术大学,91,343310
2025,2,3T,云计算技术,D356,山东工程职业技术大学,26,319781
2025,2,3U,现代通信工程,D356,山东工程职业技术大学,44,327174
2025,2,18,工程管理,D359,烟台理工学院,29,334835
2025,2,30,数据科学与大数据技术,D359,烟台理工学院,35,333997
2025,2,31,智能制造工程,D359,烟台理工学院,43,334779
2025,2,39,食品营养与健康,D359,烟台理工学院,25,303295
2025,2,40,机械设计制造及其自动化(中外合作办学),D359,烟台理工学院,45,344945
2025,2,03,机器人工程,D378,青岛城市学院,18,297631
2025,2,05,软件工程,D378,青岛城市学院,31,316997
2025,2,06,网络工程,D378,青岛城市学院,22,331325
2025,2,07,物联网工程,D378,青岛城市学院,16,331835
2025,2,08,数据科学与大数据技术,D378,青岛城市学院,4,300688
2025,2,09,人工智能,D378,青岛城市学院,26,327445
2025,2,10,土木工程,D378,青岛城市学院,62,355934
2025,2,11,智能建造,D378,青岛城市学院,54,352384
2025,2,12,大数据管理与应用,D378,青岛城市学院,36,336566
2025,2,13,金融科技,D378,青岛城市学院,62,349004
2025,2,14,工程造价,D378,青岛城市学院,89,360236
2025,2,15,工程管理,D378,青岛城市学院,70,364972
2025,2,3P,物流工程技术,D387,山东外国语职业技术大学,74,338839
2025,2,3R,信息安全与管理,D387,山东外国语职业技术大学,22,314681
2025,2,3U,金融管理,D387,山东外国语职业技术大学,34,339578
2025,2,0S,工程管理,D391,河北科技学院,8,340134
2025,2,0T,土木工程,D391,河北科技学院,2,307426
2025,2,15,工业设计,D391,河北科技学院,4,304042
2025,2,A5,纺织工程,D418,江西服装学院,4,354156
2025,2,C2,数据科学与大数据技术,D418,江西服装学院,13,338924
2025,2,C3,物联网工程,D418,江西服装学院,7,340931
2025,2,C4,软件工程,D418,江西服装学院,12,336664
2025,2,C5,区块链工程,D418,江西服装学院,11,348207
2025,2,31,土木工程,D421,南昌工学院,2,345630
2025,2,37,工程管理,D421,南昌工学院,1,276851
2025,2,38,工程造价,D421,南昌工学院,3,336334
2025,2,0E,软件工程,D468,阳光学院,1,336411
2025,2,0G,物联网工程,D468,阳光学院,1,343846
2025,2,0H,数字媒体技术,D468,阳光学院,1,338419
2025,2,0J,数据科学与大数据技术,D468,阳光学院,2,340952
2025,2,0K,土木工程,D468,阳光学院,2,345891
2025,2,11,电子商务(中外合作办学),D468,阳光学院,7,362367
2025,2,21,大数据管理与应用,D514,兰州博文科技学院,2,285343
2025,2,22,工程管理,D514,兰州博文科技学院,2,308017
2025,2,24,物流工程,D514,兰州博文科技学院,2,292665
2025,2,30,道路桥梁与渡河工程,D514,兰州博文科技学院,1,312554
2025,2,09,测绘工程(无人机应用技术方向),D515,兰州信息科技学院,1,288759
2025,2,29,康复治疗学,D561,新疆科技学院,1,113852
2025,2,T4,智能交互设计,D599,大连艺术学院,3,346846
2025,2,T5,园艺,D599,大连艺术学院,16,355512
2025,2,23,机械工程,D600,长春光华学院,2,292859
2025,2,27,机器人工程,D600,长春光华学院,5,304218
2025,2,30,人工智能,D600,长春光华学院,2,309859
2025,2,32,物联网工程,D600,长春光华学院,4,334887
2025,2,18,土木工程,D601,长春工业大学人文信息学院,2,338470
2025,2,03,土木工程,D604,吉林建筑科技学院,1,344001
2025,2,03,通信工程,D605,长春建筑学院,1,317225
2025,2,12,土木工程,D605,长春建筑学院,6,353559
2025,2,13,城市地下空间工程,D605,长春建筑学院,1,328478
2025,2,18,道路桥梁与渡河工程,D605,长春建筑学院,4,346516
2025,2,20,交通工程,D605,长春建筑学院,1,336942
2025,2,26,工程管理,D605,长春建筑学院,2,355412
2025,2,27,工程造价,D605,长春建筑学院,3,354908
2025,2,46,机器人工程,D606,长春科技学院,1,316876
2025,2,30,新媒体技术,D607,吉林动画学院,2,289174
2025,2,31,软件工程,D607,吉林动画学院,5,335031
2025,2,33,虚拟现实技术,D607,吉林动画学院,5,340420
2025,2,34,飞行器制造工程,D607,吉林动画学院,3,303140
2025,2,36,飞行器控制与信息工程,D607,吉林动画学院,1,300397
2025,2,04,数据科学与大数据技术,D624,泰山科技学院,4,312131
2025,2,05,虚拟现实技术,D624,泰山科技学院,24,345668
2025,2,07,信息管理与信息系统,D624,泰山科技学院,12,342490
2025,2,08,大数据管理与应用,D624,泰山科技学院,11,338564
2025,2,12,智能车辆工程,D624,泰山科技学院,10,336835
2025,2,17,土木工程,D624,泰山科技学院,28,359261
2025,2,18,智能建造,D624,泰山科技学院,28,354711
2025,2,19,工程管理,D624,泰山科技学院,23,366273
2025,2,20,工程造价,D624,泰山科技学院,37,364909
2025,2,21,电子信息工程,D624,泰山科技学院,9,334048
2025,2,22,通信工程,D624,泰山科技学院,27,340745
2025,2,23,电信工程及管理,D624,泰山科技学院,23,344495
2025,2,24,人工智能,D624,泰山科技学院,20,338665
2025,2,26,物联网工程,D624,泰山科技学院,26,341783
2025,2,N3,计算机科学与技术,D624,泰山科技学院,10,336013
2025,2,N5,机械设计制造及其自动化,D624,泰山科技学院,2,333603
2025,2,14,广播电视编导,D632,上海视觉艺术学院,1,221588
2025,2,65,工程造价,D641,桂林学院,3,319645
2025,2,12,人工智能,D644,桂林信息科技学院,21,343795
2025,2,13,网络空间安全,D644,桂林信息科技学院,22,343874
2025,2,24,新能源科学与工程,D644,桂林信息科技学院,21,345788
2025,2,X6,电气工程及其自动化(国际班),D645,南宁理工学院,2,284312
2025,2,0Q,工程造价,D650,贵阳信息科技学院,1,275308
2025,2,16,计算机科学与技术,D656,广州华立学院,1,334091
2025,2,10,金融科技,D682,西安工商学院,30,358231
2025,2,81,数据科学与大数据技术(中外合作办学),D714,广州工商学院,10,362642
2025,2,82,软件工程(中外合作办学),D714,广州工商学院,13,367695
2025,2,83,通信工程(中外合作办学),D714,广州工商学院,12,368772
2025,2,0H,软件工程技术,D721,广东工商职业技术大学,1,338701
2025,2,0P,物联网工程技术,D721,广东工商职业技术大学,1,336594
2025,2,51,智能建造工程,D727,新疆天山职业技术大学,3,277354
2025,2,8N,智能制造工程技术,D727,新疆天山职业技术大学,5,274292
2025,2,8S,大数据工程技术,D727,新疆天山职业技术大学,12,277444
2025,2,0F,数字经济,D762,福州外语外贸学院,2,336497
2025,2,0S,智能建造,D762,福州外语外贸学院,2,355638
2025,2,0T,土木工程,D762,福州外语外贸学院,2,359428
2025,2,16,土木工程,D766,泉州信息工程学院,3,352874
2025,2,17,工程造价,D766,泉州信息工程学院,2,351167
2025,2,29,软件工程(中外合作办学),D766,泉州信息工程学院,8,346536
2025,2,01,电子信息工程,D773,福州理工学院,4,339464
2025,2,04,网络工程,D773,福州理工学院,3,345968
2025,2,0C,数学与应用数学,D773,福州理工学院,1,292881
2025,2,0T,建筑电气与智能化,D773,福州理工学院,4,350637
2025,2,0B,智能制造工程,D820,银川能源学院,1,271311
2025,2,0L,数据科学与大数据技术,D820,银川能源学院,1,267702
2025,2,0N,土木工程,D820,银川能源学院,1,280526
2025,2,0R,智能建造,D820,银川能源学院,2,350134
2025,2,18,计算机科学与技术,D830,广西外国语学院,1,295103
2025,2,53,机器人工程(中美人才培养计划121双学位项目),D844,东莞城市学院,2,358205
2025,2,01,数字经济,D857,山东华宇工学院,60,289755
2025,2,25,建筑环境与能源应用工程,D857,山东华宇工学院,54,307275
2025,2,26,道路桥梁与渡河工程,D857,山东华宇工学院,24,307755
2025,2,28,信息管理与信息系统,D857,山东华宇工学院,14,276540
2025,2,29,工程管理,D857,山东华宇工学院,59,318760
2025,2,30,房地产开发与管理,D857,山东华宇工学院,16,324329
2025,2,31,工程造价,D857,山东华宇工学院,84,329965
2025,2,33,物流工程,D857,山东华宇工学院,71,323297
2025,2,34,工业工程,D857,山东华宇工学院,35,305804
2025,2,4B,工程造价,D874,山东外事职业大学,39,344014
2025,2,4C,计算机应用工程,D874,山东外事职业大学,37,335896
2025,2,4D,软件工程技术,D874,山东外事职业大学,55,341815
2025,2,4E,大数据工程技术,D874,山东外事职业大学,61,345618
2025,2,4F,虚拟现实技术,D874,山东外事职业大学,56,350384
2025,2,4G,人工智能工程技术,D874,山东外事职业大学,52,346249
2025,2,4K,大数据与会计,D874,山东外事职业大学,12,209814
2025,2,4Q,数字动画,D874,山东外事职业大学,5,225635
2025,2,4W,中文国际教育,D874,山东外事职业大学,5,210135
2025,2,22,金融工程,D891,保定理工学院,2,297379
2025,2,07,土木工程(中外合作办学),D891,保定理工学院,29,373226
2025,2,B1,投资学(量化投资),D892,三亚学院,6,264037
2025,2,B4,数字经济,D892,三亚学院,6,355688
2025,2,B5,金融科技,D892,三亚学院,6,362256
2025,2,B6,区块链工程(数据资产管理),D892,三亚学院,5,348379
2025,2,B2,国际经济与贸易(中外合作办学),D892,三亚学院,10,271558
2025,2,24,金融工程,D902,广州新华学院,2,334248
2025,2,C7,工程造价,D903,成都锦城学院,4,273872
2025,2,58,智能制造工程技术,D920,广西城市职业大学,14,355636
2025,2,62,新能源汽车工程技术,D920,广西城市职业大学,15,355770
2025,2,08,数字媒体技术,D957,辽宁传媒学院,13,341830
2025,2,10,工程造价,D957,辽宁传媒学院,1,359604
2025,2,11,大数据管理与应用,D957,辽宁传媒学院,5,345435
2025,2,01,环境工程,D985,苏州科技大学天平学院,1,263367
2025,2,03,工业设计,D995,青岛工学院,4,283844
2025,2,17,工程管理,D995,青岛工学院,64,353337
2025,2,20,食品科学与工程,D995,青岛工学院,16,333888
2025,2,21,食品营养与检验教育,D995,青岛工学院,12,332090
2025,2,23,化学工程与工业生物工程,D995,青岛工学院,11,315400
2025,2,30,金融工程,D995,青岛工学院,35,331429
2025,2,48,人工智能,D995,青岛工学院,6,277895
2025,2,51,智能建造,D995,青岛工学院,12,338721
2025,2,05,工程造价,D997,青岛农业大学海都学院,43,337461
2025,2,25,园林,D997,青岛农业大学海都学院,19,338917
2025,2,16,生物工程,D998,齐鲁理工学院,8,291944
2025,2,17,生物制药,D998,齐鲁理工学院,13,308098
2025,2,18,生物医学工程,D998,齐鲁理工学院,32,334169
2025,2,20,制药工程,D998,齐鲁理工学院,14,335366
2025,2,28,智能影像工程,D998,齐鲁理工学院,42,338538
2025,2,30,土木工程,D998,齐鲁理工学院,23,347884
2025,2,31,智能建造,D998,齐鲁理工学院,33,346207
2025,2,32,测绘工程,D998,齐鲁理工学院,17,338424
2025,2,33,工程造价,D998,齐鲁理工学院,36,352973
2025,2,34,工程管理,D998,齐鲁理工学院,40,358075
2025,2,42,数字经济,D998,齐鲁理工学院,25,337480
2025,2,44,新媒体技术,D998,齐鲁理工学院,3,281689
2025,2,13,园艺,E000,潍坊理工学院,1,271227
2025,2,15,植物保护,E000,潍坊理工学院,5,282761
2025,2,27,金融工程,E000,潍坊理工学院,28,312410
2025,2,77,动物科学,E000,潍坊理工学院,4,273733
2025,2,G2,数字经济,E002,烟台科技学院,4,277894
2025,2,G3,金融工程,E002,烟台科技学院,27,336079
2025,2,H3,应用统计学,E002,烟台科技学院,18,322095
2025,2,J8,葡萄与葡萄酒工程,E002,烟台科技学院,21,337738
2025,2,B5,云计算技术,E030,西安信息职业大学,9,336475
2025,2,C3,卫星通信工程,E030,西安信息职业大学,9,345732
2025,2,C4,集成电路工程技术,E030,西安信息职业大学,8,338921
2025,2,17,土木工程,E038,天津仁爱学院,1,305528
2025,2,19,水利水电工程,E038,天津仁爱学院,1,334313
2025,2,25,金融工程,E038,天津仁爱学院,1,300939
2025,2,26,工业工程,E038,天津仁爱学院,1,336284
2025,2,11,工程造价,E040,郑州商学院,2,269659
2025,2,29,大数据工程技术,E172,海南科技职业大学,1,292974
2025,2,16,工程管理,E202,沧州交通学院,3,278228
2025,2,17,金融工程,E202,沧州交通学院,7,283233
2025,2,52,工程造价,E202,沧州交通学院,4,281193
2025,2,06,土木工程,E203,皖江工学院,2,349024
2025,2,27,工程管理,E203,皖江工学院,2,322518
2025,2,01,金融工程,E225,河北东方学院,2,275709
2025,2,0C,建筑工程,E226,运城职业技术大学,1,249787
2025,2,A2,广播电视编导,E327,青岛电影学院,2,225639
2025,2,A4,影视技术,E327,青岛电影学院,2,263986
2025,2,A5,广告学,E327,青岛电影学院,2,264124
2025,2,A7,虚拟现实技术,E327,青岛电影学院,19,359882
2025,2,A8,电影学,E327,青岛电影学院,2,266844
2025,2,A9,网络与新媒体,E327,青岛电影学院,5,261947
2025,2,04,物流工程,E829,海南比勒费尔德应用科学大学,6,333730
2025,2,04,生物医学工程,E878,康复大学,1,39797
2025,2,05,理工学院(学费每年104750港元),N012,香港珠海学院,2,113996
2025,2,11,智能制造装备技术,A171,朝阳师范学院,3,304710
2025,2,12,机电一体化技术,A171,朝阳师范学院,5,293232
2025,2,13,电气自动化技术,A171,朝阳师范学院,5,280390
2025,2,14,汽车制造与试验技术,A171,朝阳师范学院,5,322570
2025,2,15,新能源汽车技术,A171,朝阳师范学院,3,284698
2025,2,16,化工生物技术,A171,朝阳师范学院,2,292283
2025,2,17,食品智能加工技术,A171,朝阳师范学院,2,284965
2025,2,18,食品检验检测技术,A171,朝阳师范学院,2,274943
2025,2,20,应用电子技术,A171,朝阳师范学院,5,301897
2025,2,22,数字媒体技术,A171,朝阳师范学院,2,276392
2025,2,23,大数据技术,A171,朝阳师范学院,2,282148
2025,2,24,动漫制作技术,A171,朝阳师范学院,2,283577
2025,2,25,大数据与会计,A171,朝阳师范学院,4,276216
2025,2,26,市场营销,A171,朝阳师范学院,5,325590
2025,2,28,旅游管理,A171,朝阳师范学院,3,299071
2025,2,30,广告艺术设计,A171,朝阳师范学院,3,309082
2025,2,37,现代文秘,A171,朝阳师范学院,2,261568
2025,2,03,旅游管理,A180,锦州师范高等专科学校,5,373481
2025,2,09,小学英语教育(师范类),A180,锦州师范高等专科学校,10,341411
2025,2,0F,计算机应用技术,A180,锦州师范高等专科学校,7,343739
2025,2,10,小学教育(师范类),A180,锦州师范高等专科学校,8,349299
2025,2,08,电气自动化技术,A181,营口职业技术学院,2,326354
2025,2,17,护理,A181,营口职业技术学院,4,330919
2025,2,31,学前教育(师范类),A181,营口职业技术学院,4,421118
2025,2,06,小学数学教育(师范类),A182,铁岭师范高等专科学校,5,333029
2025,2,11,小学教育(师范类),A182,铁岭师范高等专科学校,10,356790
2025,2,17,大数据与会计(智能财务),A182,铁岭师范高等专科学校,4,301858
2025,2,18,小学语文教育(师范类),A182,铁岭师范高等专科学校,4,312654
2025,2,20,艺术教育(师范类),A182,铁岭师范高等专科学校,17,485229
2025,2,21,小学英语教育(师范类),A182,铁岭师范高等专科学校,7,351945
2025,2,26,音乐教育(师范类),A182,铁岭师范高等专科学校,5,568148
2025,2,27,美术教育(师范类),A182,铁岭师范高等专科学校,5,536726
2025,2,31,学前教育(师范类),A182,铁岭师范高等专科学校,3,374113
2025,2,32,早期教育(师范类),A182,铁岭师范高等专科学校,5,495084
2025,2,07,计算机应用技术,A238,齐齐哈尔高等师范专科学校,3,361989
2025,2,0A,电子商务,A238,齐齐哈尔高等师范专科学校,3,429918
2025,2,0G,早期教育(师范类),A238,齐齐哈尔高等师范专科学校,4,563350
2025,2,0L,小学数学教育(师范类),A238,齐齐哈尔高等师范专科学校,3,370304
2025,2,0T,现代教育技术(师范类),A238,齐齐哈尔高等师范专科学校,5,413154
2025,2,1B,电子商务(电商直播),A238,齐齐哈尔高等师范专科学校,3,444150
2025,2,01,空中乘务,A275,上海旅游高等专科学校,25,503941
2025,2,02,大数据与财务管理,A275,上海旅游高等专科学校,7,276992
2025,2,03,大数据与会计,A275,上海旅游高等专科学校,6,270709
2025,2,04,电子商务,A275,上海旅游高等专科学校,6,304294
2025,2,05,旅游管理,A275,上海旅游高等专科学校,2,291236
2025,2,07,酒店管理与数字化运营,A275,上海旅游高等专科学校,9,332223
2025,2,08,葡萄酒文化与营销,A275,上海旅游高等专科学校,4,356013
2025,2,0A,会展策划与管理,A275,上海旅游高等专科学校,2,297202
2025,2,0B,休闲服务与管理,A275,上海旅游高等专科学校,3,311982
2025,2,0C,餐饮智能管理,A275,上海旅游高等专科学校,2,339923
2025,2,0F,西式烹饪工艺,A275,上海旅游高等专科学校,5,289687
2025,2,0J,旅游英语,A275,上海旅游高等专科学校,2,269218
2025,2,0K,应用韩语,A275,上海旅游高等专科学校,3,346999
2025,2,0L,旅游日语,A275,上海旅游高等专科学校,4,287403
2025,2,0M,应用西班牙语,A275,上海旅游高等专科学校,3,304529
2025,2,01,临床医学,A442,山东医学高等专科学校,409,320093
2025,2,02,口腔医学,A442,山东医学高等专科学校,385,276490
2025,2,03,护理,A442,山东医学高等专科学校,460,327358
2025,2,05,药学,A442,山东医学高等专科学校,288,358150
2025,2,06,中医学,A442,山东医学高等专科学校,50,260897
2025,2,07,针灸推拿,A442,山东医学高等专科学校,50,264053
2025,2,08,中药学,A442,山东医学高等专科学校,100,313501
2025,2,10,医学检验技术,A442,山东医学高等专科学校,199,343160
2025,2,11,医学影像技术,A442,山东医学高等专科学校,100,309432
2025,2,12,医学生物技术,A442,山东医学高等专科学校,50,355879
2025,2,15,卫生检验与检疫技术,A442,山东医学高等专科学校,50,365258
2025,2,16,康复治疗技术,A442,山东医学高等专科学校,100,307386
2025,2,17,卫生信息管理,A442,山东医学高等专科学校,30,377086
2025,2,18,预防医学,A442,山东医学高等专科学校,40,349740
2025,2,19,健康大数据管理与服务,A442,山东医学高等专科学校,50,381196
2025,2,21,眼视光技术,A442,山东医学高等专科学校,50,288585
2025,2,28,智能医疗装备技术,A442,山东医学高等专科学校,50,374526
2025,2,37,临床医学,A442,山东医学高等专科学校,222,297322
2025,2,38,口腔医学,A442,山东医学高等专科学校,245,268738
2025,2,39,护理,A442,山东医学高等专科学校,667,339121
2025,2,41,药学,A442,山东医学高等专科学校,205,358370
2025,2,42,中医学,A442,山东医学高等专科学校,50,253521
2025,2,43,针灸推拿,A442,山东医学高等专科学校,50,260790
2025,2,44,中药学,A442,山东医学高等专科学校,140,344894
2025,2,46,医学检验技术,A442,山东医学高等专科学校,185,348383
2025,2,47,医学影像技术,A442,山东医学高等专科学校,159,324528
2025,2,48,医学生物技术,A442,山东医学高等专科学校,40,358220
2025,2,49,放射治疗技术,A442,山东医学高等专科学校,80,367111
2025,2,51,卫生检验与检疫技术,A442,山东医学高等专科学校,40,364324
2025,2,52,康复治疗技术,A442,山东医学高等专科学校,110,321602
2025,2,54,预防医学,A442,山东医学高等专科学校,60,361765
2025,2,55,健康大数据管理与服务,A442,山东医学高等专科学校,40,378445
2025,2,57,眼视光技术,A442,山东医学高等专科学校,70,308896
2025,2,58,智慧健康养老服务与管理,A442,山东医学高等专科学校,10,298445
2025,2,60,食品检验检测技术,A442,山东医学高等专科学校,30,321990
2025,2,62,药物制剂技术,A442,山东医学高等专科学校,40,353968
2025,2,64,智能医疗装备技术,A442,山东医学高等专科学校,80,379047
2025,2,65,医疗器械维护与管理,A442,山东医学高等专科学校,40,380066
2025,2,66,职业健康安全技术,A442,山东医学高等专科学校,20,384316
2025,2,36,护理(中外合作办学),A442,山东医学高等专科学校,100,396588
2025,2,76,眼视光技术(中外合作办学),A442,山东医学高等专科学校,60,405797
2025,2,81,药学(高职3+2贯通培养，衔接山东中医药大学药学专业),A442,山东医学高等专科学校,40,188973
2025,2,82,眼视光技术(高职3+2贯通培养，衔接临沂大学眼视光学专业),A442,山东医学高等专科学校,40,196223
2025,2,83,医学检验技术(高职3+2贯通培养，衔接临沂大学医学检验技术专业),A442,山东医学高等专科学校,40,199420
2025,2,84,预防医学(高职3+2贯通培养，衔接枣庄学院健康服务与管理专业),A442,山东医学高等专科学校,40,218437
2025,2,95,医学影像技术(高职3+2贯通培养，衔接临沂大学医学影像技术专业),A442,山东医学高等专科学校,40,201419
2025,2,96,智慧健康养老服务与管理(高职3+2贯通培养，衔接山东女子学院养老服务,A442,山东医学高等专科学校,40,217584
2025,2,1C,临床医学(省属公费医学生，面向淄博市就业),A442,山东医学高等专科学校,2,90944
2025,2,1D,临床医学(省属公费医学生，面向枣庄市就业),A442,山东医学高等专科学校,2,135782
2025,2,1J,临床医学(省属公费医学生，面向泰安市就业),A442,山东医学高等专科学校,1,103647
2025,2,1L,临床医学(省属公费医学生，面向日照市就业),A442,山东医学高等专科学校,2,98898
2025,2,1P,临床医学(省属公费医学生，面向聊城市就业),A442,山东医学高等专科学校,2,121613
2025,2,1R,临床医学(省属公费医学生，面向菏泽市就业),A442,山东医学高等专科学校,1,114347
2025,2,01,临床医学,A444,菏泽医学专科学校,450,382038
2025,2,02,口腔医学,A444,菏泽医学专科学校,300,334758
2025,2,03,护理,A444,菏泽医学专科学校,672,368204
2025,2,06,助产,A444,菏泽医学专科学校,25,384669
2025,2,07,医学影像技术,A444,菏泽医学专科学校,160,384268
2025,2,09,眼视光技术,A444,菏泽医学专科学校,149,363405
2025,2,11,康复治疗技术,A444,菏泽医学专科学校,156,368505
2025,2,12,医学检验技术,A444,菏泽医学专科学校,141,365303
2025,2,14,药学,A444,菏泽医学专科学校,286,416360
2025,2,16,药品生产技术,A444,菏泽医学专科学校,155,404485
2025,2,17,药品经营与管理,A444,菏泽医学专科学校,169,423238
2025,2,18,中医学,A444,菏泽医学专科学校,174,309542
2025,2,19,中药学,A444,菏泽医学专科学校,195,370342
2025,2,20,中医康复技术,A444,菏泽医学专科学校,124,362142
2025,2,21,针灸推拿,A444,菏泽医学专科学校,87,291546
2025,2,22,预防医学,A444,菏泽医学专科学校,100,388501
2025,2,23,智慧健康养老服务与管理,A444,菏泽医学专科学校,99,394814
2025,2,24,老年保健与管理,A444,菏泽医学专科学校,90,421467
2025,2,25,健康管理,A444,菏泽医学专科学校,40,409182
2025,2,26,医学营养,A444,菏泽医学专科学校,15,372597
2025,2,28,视觉训练与康复,A444,菏泽医学专科学校,55,401681
2025,2,05,护理(中外合作办学),A444,菏泽医学专科学校,80,411717
2025,2,04,护理(高职3+2贯通培养，衔接山东第二医科大学护理学专业),A444,菏泽医学专科学校,30,193735
2025,2,08,医学影像技术(高职3+2贯通培养，衔接临沂大学医学影像技术专业),A444,菏泽医学专科学校,40,273093
2025,2,10,眼视光技术(高职3+2贯通培养，衔接临沂大学眼视光学专业),A444,菏泽医学专科学校,40,207807
2025,2,13,医学检验技术(高职3+2贯通培养，衔接临沂大学医学检验技术专业),A444,菏泽医学专科学校,40,206052
2025,2,15,药学(高职3+2贯通培养，衔接济宁医学院药学专业),A444,菏泽医学专科学校,40,258844
2025,2,27,医学营养(高职3+2贯通培养，衔接山东中医药大学食品卫生与营养学专业,A444,菏泽医学专科学校,40,206821
2025,2,1C,临床医学(省属公费医学生，面向淄博市就业),A444,菏泽医学专科学校,1,94440
2025,2,1D,临床医学(省属公费医学生，面向枣庄市就业),A444,菏泽医学专科学校,2,178267
2025,2,1L,临床医学(省属公费医学生，面向日照市就业),A444,菏泽医学专科学校,2,144481
2025,2,1P,临床医学(省属公费医学生，面向聊城市就业),A444,菏泽医学专科学校,2,178207
2025,2,1R,临床医学(省属公费医学生，面向菏泽市就业),A444,菏泽医学专科学校,1,119521
2025,2,2C,中医学(省属公费医学生，面向淄博市就业),A444,菏泽医学专科学校,1,79585
2025,2,2D,中医学(省属公费医学生，面向枣庄市就业),A444,菏泽医学专科学校,1,98547
2025,2,2P,中医学(省属公费医学生，面向聊城市就业),A444,菏泽医学专科学校,3,140698
2025,2,2R,中医学(省属公费医学生，面向菏泽市就业),A444,菏泽医学专科学校,1,111646
2025,2,73,机械制造及自动化,A448,德州学院,200,299235
2025,2,74,汽车制造与试验技术,A448,德州学院,200,345850
2025,2,76,旅游管理,A448,德州学院,400,420771
2025,2,78,国际经济与贸易,A448,德州学院,480,404731
2025,2,61,无人机应用技术,A449,山东航空学院,390,362040
2025,2,62,空中乘务,A449,山东航空学院,300,500106
2025,2,63,应用电子技术,A449,山东航空学院,385,375546
2025,2,64,软件技术,A449,山东航空学院,540,342808
2025,2,65,市场营销,A449,山东航空学院,540,451811
2025,2,66,学前教育(师范类),A449,山东航空学院,45,327478
2025,2,CF,学前教育(师范类，就读于费县校区),A452,临沂大学,100,318990
2025,2,CH,早期教育(就读于费县校区),A452,临沂大学,200,393739
2025,2,LB,商务英语(就读于费县校区),A452,临沂大学,310,346819
2025,2,M4,大数据与会计(就读于费县校区),A452,临沂大学,400,284817
2025,2,M6,软件技术(就读于费县校区),A452,临沂大学,300,356937
2025,2,MM,计算机网络技术(就读于费县校区),A452,临沂大学,300,362176
2025,2,MN,计算机网络技术(就读于沂水校区),A452,临沂大学,300,352753
2025,2,MP,旅游管理(就读于沂水校区),A452,临沂大学,100,349600
2025,2,MQ,大数据与会计(就读于沂水校区),A452,临沂大学,400,284610
2025,2,MR,国际经济与贸易(就读于沂水校区),A452,临沂大学,300,326442
2025,2,MS,电子商务(就读于沂水校区),A452,临沂大学,200,343578
2025,2,MT,市场营销(就读于沂水校区),A452,临沂大学,200,363175
2025,2,N8,学前教育(师范类，就读于沂水校区),A452,临沂大学,68,301438
2025,2,N9,早期教育(就读于沂水校区),A452,临沂大学,132,377873
2025,2,NC,工商企业管理(就读于沂水校区),A452,临沂大学,100,326632
2025,2,NF,商务英语(就读于沂水校区),A452,临沂大学,200,309572
2025,2,8M,建筑工程技术,A453,泰山学院,80,390469
2025,2,8N,机电一体化技术,A453,泰山学院,200,300655
2025,2,8P,应用化工技术,A453,泰山学院,120,349214
2025,2,8Q,应用电子技术,A453,泰山学院,100,331679
2025,2,8R,计算机应用技术,A453,泰山学院,80,291960
2025,2,8S,大数据与会计,A453,泰山学院,200,289014
2025,2,8T,国际经济与贸易,A453,泰山学院,200,374636
2025,2,8U,商务英语,A453,泰山学院,120,358716
2025,2,8V,市场营销,A453,泰山学院,160,398286
2025,2,8W,旅游管理,A453,泰山学院,120,396287
2025,2,8Z,智能建造技术,A453,泰山学院,120,398238
2025,2,54,旅游管理,A454,济宁学院,80,367992
2025,2,57,心理咨询,A454,济宁学院,80,307018
2025,2,59,计算机应用技术,A454,济宁学院,70,329733
2025,2,61,电子信息工程技术,A454,济宁学院,80,342027
2025,2,62,应用化工技术,A454,济宁学院,80,352267
2025,2,63,食品生物技术,A454,济宁学院,110,328538
2025,2,64,药品生物技术,A454,济宁学院,110,322295
2025,2,18,行政管理,A455,菏泽学院,100,333828
2025,2,21,现代文秘,A455,菏泽学院,80,328285
2025,2,24,商务英语,A455,菏泽学院,100,370330
2025,2,26,应用电子技术,A455,菏泽学院,55,348875
2025,2,27,电气自动化技术,A455,菏泽学院,60,305551
2025,2,28,电子信息工程技术,A455,菏泽学院,60,336806
2025,2,30,应用化工技术,A455,菏泽学院,120,376102
2025,2,31,园艺技术,A455,菏泽学院,35,387358
2025,2,32,药品生物技术,A455,菏泽学院,35,368433
2025,2,34,设施农业与装备,A455,菏泽学院,35,388397
2025,2,35,种子生产与经营,A455,菏泽学院,35,394637
2025,2,36,机电一体化技术,A455,菏泽学院,40,312389
2025,2,37,计算机应用技术,A455,菏泽学院,80,359994
2025,2,38,建筑工程技术,A455,菏泽学院,80,395370
2025,2,39,城乡规划,A455,菏泽学院,100,380453
2025,2,40,畜牧兽医,A455,菏泽学院,67,357521
2025,2,41,药品生产技术,A455,菏泽学院,40,368552
2025,2,42,药品质量与安全,A455,菏泽学院,40,366285
2025,2,45,电子商务,A455,菏泽学院,40,342500
2025,2,47,市场营销,A455,菏泽学院,40,374200
2025,2,48,大数据与会计,A455,菏泽学院,40,277888
2025,2,49,法律事务,A455,菏泽学院,100,287398
2025,2,1B,无人机应用技术,A518,汉江师范学院,3,291910
2025,2,1C,计算机应用技术,A518,汉江师范学院,5,285532
2025,2,1D,大数据技术,A518,汉江师范学院,5,289931
2025,2,1E,大数据与会计,A518,汉江师范学院,4,276774
2025,2,1H,学前教育(师范类),A518,汉江师范学院,3,298702
2025,2,1M,小学英语教育(师范类),A518,汉江师范学院,3,278631
2025,2,1P,商务英语,A518,汉江师范学院,4,289433
2025,2,1A,电气自动化技术,A596,桂林理工大学,4,253139
2025,2,1B,机电一体化技术,A596,桂林理工大学,4,285798
2025,2,1D,电子信息工程技术,A596,桂林理工大学,4,284829
2025,2,1F,现代通信技术,A596,桂林理工大学,4,288349
2025,2,1G,工业机器人技术,A596,桂林理工大学,4,282438
2025,2,1H,智能制造装备技术,A596,桂林理工大学,4,288321
2025,2,2B,机械设计与制造,A596,桂林理工大学,4,296102
2025,2,2C,机械制造及自动化,A596,桂林理工大学,4,284454
2025,2,2E,数控技术,A596,桂林理工大学,4,285255
2025,2,3C,计算机应用技术,A596,桂林理工大学,4,276629
2025,2,3D,大数据技术,A596,桂林理工大学,4,286696
2025,2,3E,网络营销与直播电商,A596,桂林理工大学,4,294125
2025,2,3G,大数据与会计,A596,桂林理工大学,4,275829
2025,2,4F,测绘地理信息技术,A596,桂林理工大学,4,281757
2025,2,5C,市政工程技术,A596,桂林理工大学,4,306218
2025,2,5G,应用化工技术,A596,桂林理工大学,4,309596
2025,2,5H,环境工程技术,A596,桂林理工大学,4,319879
2025,2,5J,有色金属智能冶金技术,A596,桂林理工大学,4,298994
2025,2,14,飞机机电设备维修,A624,中国民用航空飞行学院,8,275842
2025,2,00,法律事务,A765,新疆和田学院,3,324028
2025,2,03,小学科学教育(师范类),A765,新疆和田学院,4,388962
2025,2,07,现代文秘,A765,新疆和田学院,9,513897
2025,2,09,小学英语教育(师范类),A765,新疆和田学院,3,361396
2025,2,18,康复治疗技术,A765,新疆和田学院,14,568023
2025,2,19,公共卫生管理,A765,新疆和田学院,3,558757
2025,2,23,护理,A765,新疆和田学院,14,550848
2025,2,24,助产,A765,新疆和田学院,2,554128
2025,2,25,医学影像技术,A765,新疆和田学院,1,407869
2025,2,27,小学数学教育(师范类),A765,新疆和田学院,11,476603
2025,2,28,统计与大数据分析,A765,新疆和田学院,13,510229
2025,2,34,应用化工技术,A765,新疆和田学院,12,512811
2025,2,36,农产品加工与质量检测,A765,新疆和田学院,9,548946
2025,2,37,旅游管理,A765,新疆和田学院,12,555034
2025,2,38,维医学,A765,新疆和田学院,5,461846
2025,2,40,中药学,A765,新疆和田学院,4,474889
2025,2,41,维药学,A765,新疆和田学院,3,494221
2025,2,03,机电一体化技术,A824,河南职业技术学院,5,339786
2025,2,04,数控技术,A824,河南职业技术学院,5,349604
2025,2,08,工业机器人技术,A824,河南职业技术学院,5,345339
2025,2,18,电子信息工程技术,A824,河南职业技术学院,5,348012
2025,2,26,药品经营与管理,A825,齐鲁医药学院,27,500996
2025,2,27,临床医学,A825,齐鲁医药学院,406,451726
2025,2,28,口腔医学,A825,齐鲁医药学院,411,426309
2025,2,29,护理,A825,齐鲁医药学院,272,494143
2025,2,30,药学,A825,齐鲁医药学院,177,543126
2025,2,31,针灸推拿,A825,齐鲁医药学院,256,402602
2025,2,32,中药学,A825,齐鲁医药学院,97,499471
2025,2,33,医学检验技术,A825,齐鲁医药学院,171,567414
2025,2,34,医学影像技术,A825,齐鲁医药学院,171,560501
2025,2,35,口腔医学技术,A825,齐鲁医药学院,32,433387
2025,2,36,医学美容技术,A825,齐鲁医药学院,20,445219
2025,2,01,建筑工程技术,A826,明达职业技术学院,2,607244
2025,2,07,高速铁路客运服务,A826,明达职业技术学院,2,578824
2025,2,0H,人工智能技术应用,A826,明达职业技术学院,2,544121
2025,2,0J,婴幼儿托育服务与管理,A826,明达职业技术学院,2,509121
2025,2,0K,财税大数据应用,A826,明达职业技术学院,2,550356
2025,2,0L,大数据与会计,A826,明达职业技术学院,2,560216
2025,2,0N,电子商务,A826,明达职业技术学院,2,578933
2025,2,0P,网络营销与直播电商,A826,明达职业技术学院,2,615645
2025,2,03,工业机器人技术,A827,长沙民政职业技术学院,2,290378
2025,2,09,软件技术(企业信息化管理方向),A827,长沙民政职业技术学院,2,281606
2025,2,30,现代物流管理,A827,长沙民政职业技术学院,2,284227
2025,2,48,现代殡葬技术与管理,A827,长沙民政职业技术学院,2,159005
2025,2,49,殡葬设备维护技术,A827,长沙民政职业技术学院,4,256463
2025,2,50,陵园服务与管理,A827,长沙民政职业技术学院,3,233885
2025,2,10,软件技术,A830,湖南工业职业技术学院,3,322484
2025,2,31,电气自动化技术,A830,湖南工业职业技术学院,2,303338
2025,2,01,市场营销,A832,山东商业职业技术学院,15,297278
2025,2,02,网络营销与直播电商,A832,山东商业职业技术学院,13,330069
2025,2,03,国际商务,A832,山东商业职业技术学院,13,331002
2025,2,04,电子商务,A832,山东商业职业技术学院,24,323851
2025,2,05,云计算技术应用,A832,山东商业职业技术学院,45,303844
2025,2,06,大数据技术,A832,山东商业职业技术学院,80,307802
2025,2,07,软件技术,A832,山东商业职业技术学院,75,307917
2025,2,08,人工智能技术应用,A832,山东商业职业技术学院,80,314381
2025,2,09,物联网应用技术,A832,山东商业职业技术学院,45,310528
2025,2,10,大数据与会计,A832,山东商业职业技术学院,80,258538
2025,2,11,大数据与审计,A832,山东商业职业技术学院,40,274568
2025,2,12,大数据与财务管理,A832,山东商业职业技术学院,40,281437
2025,2,13,旅游管理,A832,山东商业职业技术学院,5,339421
2025,2,14,休闲农业经营与管理,A832,山东商业职业技术学院,30,411430
2025,2,15,现代物流管理,A832,山东商业职业技术学院,30,347093
2025,2,16,冷链物流技术与管理,A832,山东商业职业技术学院,40,334629
2025,2,17,制冷与空调技术,A832,山东商业职业技术学院,40,326998
2025,2,18,电气自动化技术,A832,山东商业职业技术学院,75,283079
2025,2,19,食品检验检测技术,A832,山东商业职业技术学院,65,360191
2025,2,20,食品生物技术,A832,山东商业职业技术学院,28,330275
2025,2,21,食品营养与健康,A832,山东商业职业技术学院,40,360267
2025,2,22,金融科技应用,A832,山东商业职业技术学院,20,354804
2025,2,23,金融服务与管理,A832,山东商业职业技术学院,40,327857
2025,2,24,智慧健康养老服务与管理,A832,山东商业职业技术学院,45,301627
2025,2,25,生物制药技术,A832,山东商业职业技术学院,70,320764
2025,2,26,中医康复技术,A832,山东商业职业技术学院,15,306796
2025,2,27,融媒体技术与运营,A832,山东商业职业技术学院,15,307730
2025,2,28,虚拟现实技术应用,A832,山东商业职业技术学院,40,353950
2025,2,29,中小企业创业与经营,A832,山东商业职业技术学院,10,365354
2025,2,30,工商企业管理,A832,山东商业职业技术学院,16,346980
2025,2,31,连锁经营与管理,A832,山东商业职业技术学院,23,375620
2025,2,32,商务管理,A832,山东商业职业技术学院,17,356266
2025,2,33,知识产权管理,A832,山东商业职业技术学院,27,342563
2025,2,34,信息安全技术应用,A832,山东商业职业技术学院,40,323818
2025,2,35,密码技术应用,A832,山东商业职业技术学院,40,370318
2025,2,36,区块链技术应用,A832,山东商业职业技术学院,40,372824
2025,2,37,应用电子技术,A832,山东商业职业技术学院,80,333658
2025,2,38,机电一体化技术,A832,山东商业职业技术学院,45,289221
2025,2,39,智能产品开发与应用,A832,山东商业职业技术学院,14,344064
2025,2,40,智能机器人技术,A832,山东商业职业技术学院,40,315218
2025,2,C1,国际商务(中外合作办学),A832,山东商业职业技术学院,100,564699
2025,2,C2,大数据与会计(中外合作办学),A832,山东商业职业技术学院,100,385624
2025,2,C3,金融服务与管理(中外合作办学),A832,山东商业职业技术学院,100,545509
2025,2,C4,商务管理(中外合作办学),A832,山东商业职业技术学院,100,573561
2025,2,N0,市场营销(高职院校专项计划),A832,山东商业职业技术学院,5,495979
2025,2,N1,网络营销与直播电商(高职院校专项计划),A832,山东商业职业技术学院,5,546764
2025,2,N2,电子商务(高职院校专项计划),A832,山东商业职业技术学院,5,543833
2025,2,N3,电气自动化技术(高职院校专项计划),A832,山东商业职业技术学院,5,368310
2025,2,N4,金融科技应用(高职院校专项计划),A832,山东商业职业技术学院,10,576702
2025,2,N5,融媒体技术与运营(高职院校专项计划),A832,山东商业职业技术学院,5,439938
2025,2,N6,中小企业创业与经营(高职院校专项计划),A832,山东商业职业技术学院,5,621580
2025,2,A1,市场营销(高职3+2贯通培养，衔接山东青年政治学院市场营销专业),A832,山东商业职业技术学院,40,230399
2025,2,A2,云计算技术应用(高职3+2贯通培养，衔接枣庄学院计算机科学与技术专业,A832,山东商业职业技术学院,40,217508
2025,2,A3,大数据与会计(高职3+2贯通培养，衔接山东青年政治学院会计学专业),A832,山东商业职业技术学院,40,187953
2025,2,A4,冷链物流技术与管理(高职3+2贯通培养，衔接临沂大学物流工程专业),A832,山东商业职业技术学院,40,221469
2025,2,A5,食品检验检测技术(高职3+2贯通培养，衔接临沂大学食品科学与工程专业,A832,山东商业职业技术学院,40,265098
2025,2,A6,食品生物技术(高职3+2贯通培养，衔接聊城大学食品科学与工程专业),A832,山东商业职业技术学院,30,213433
2025,2,A7,金融科技应用(高职3+2贯通培养，衔接山东工商学院金融科技专业),A832,山东商业职业技术学院,30,218099
2025,2,A8,生物制药技术(高职3+2贯通培养，衔接临沂大学生物技术专业),A832,山东商业职业技术学院,40,211082
2025,2,03,现代物流管理,A833,广东轻工职业技术大学,2,274147
2025,2,30,汽车智能技术,A833,广东轻工职业技术大学,2,296708
2025,2,32,卫星通信与导航技术,A833,广东轻工职业技术大学,2,283833
2025,2,46,环境工程技术,A833,广东轻工职业技术大学,2,280625
2025,2,14,现代通信技术,A834,武汉职业技术大学,3,278882
2025,2,25,电气自动化技术,A834,武汉职业技术大学,5,262637
2025,2,33,软件技术,A834,武汉职业技术大学,6,254147
2025,2,39,智慧城市管理技术,A834,武汉职业技术大学,4,298469
2025,2,48,商务英语,A834,武汉职业技术大学,6,281907
2025,2,56,服装设计与工艺,A834,武汉职业技术大学,7,293716
2025,2,01,食品检验检测技术,A835,漯河职业技术学院,4,450367
2025,2,02,食品营养与健康,A835,漯河职业技术学院,2,466079
2025,2,04,食品智能加工技术,A835,漯河职业技术学院,2,434578
2025,2,06,机电一体化技术,A835,漯河职业技术学院,4,404450
2025,2,0A,智能控制技术,A835,漯河职业技术学院,2,525195
2025,2,0C,工业机器人技术,A835,漯河职业技术学院,2,422295
2025,2,0F,大数据技术,A835,漯河职业技术学院,4,465603
2025,2,0M,电子商务,A835,漯河职业技术学院,2,542000
2025,2,0R,网络营销与直播电商,A835,漯河职业技术学院,2,428505
2025,2,0T,大数据与会计,A835,漯河职业技术学院,4,412130
2025,2,11,工程测量技术,A835,漯河职业技术学院,2,575865
2025,2,12,工程造价,A835,漯河职业技术学院,2,486716
2025,2,17,服装设计与工艺,A835,漯河职业技术学院,2,376420
2025,2,1A,商务英语,A835,漯河职业技术学院,4,561626
2025,2,1C,小学语文教育(师范类),A835,漯河职业技术学院,2,383688
2025,2,14,大数据与会计,A842,三门峡职业技术学院,5,358908
2025,2,20,机电一体化技术,A842,三门峡职业技术学院,10,407065
2025,2,51,软件技术,A842,三门峡职业技术学院,4,435228
2025,2,64,机械制造及自动化,A842,三门峡职业技术学院,5,405816
2025,2,03,城市轨道车辆应用技术(检修方向),A843,郑州铁路职业技术学院,5,259382
2025,2,05,动车组检修技术,A843,郑州铁路职业技术学院,5,223128
2025,2,21,铁道信号自动控制,A843,郑州铁路职业技术学院,5,214013
2025,2,01,数控技术,A845,大连职业技术学院,5,312817
2025,2,02,机械设计与制造,A845,大连职业技术学院,5,302094
2025,2,04,工业机器人技术,A845,大连职业技术学院,5,305519
2025,2,08,船舶工程技术,A845,大连职业技术学院,5,317047
2025,2,12,汽车技术服务与营销,A845,大连职业技术学院,5,373934
2025,2,13,新能源汽车技术,A845,大连职业技术学院,5,315967
2025,2,18,现代移动通信技术,A845,大连职业技术学院,5,293462
2025,2,19,软件技术,A845,大连职业技术学院,5,278244
2025,2,24,工程造价,A845,大连职业技术学院,5,365599
2025,2,31,大数据与会计,A845,大连职业技术学院,5,271164
2025,2,34,学前教育(师范类),A845,大连职业技术学院,5,336574
2025,2,37,商务日语,A845,大连职业技术学院,5,311449
2025,2,03,材料成型及控制技术,A848,无锡职业技术大学,5,264377
2025,2,06,机电一体化技术,A848,无锡职业技术大学,5,226563
2025,2,13,智能控制技术,A848,无锡职业技术大学,5,236606
2025,2,16,嵌入式技术应用,A848,无锡职业技术大学,5,261763
2025,2,18,微电子技术,A848,无锡职业技术大学,2,248743
2025,2,36,大数据与会计,A848,无锡职业技术大学,10,221695
2025,2,40,汽车制造与试验技术,A848,无锡职业技术大学,3,269100
2025,2,41,空中乘务,A848,无锡职业技术大学,20,382257
2025,2,45,葡萄酒文化与营销,A848,无锡职业技术大学,5,273799
2025,2,5F,建筑工程技术,A849,江苏建筑职业技术学院,5,341082
2025,2,5K,建筑装饰工程技术,A849,江苏建筑职业技术学院,5,331650
2025,2,5N,装配化装修技术,A849,江苏建筑职业技术学院,5,368689
2025,2,5P,供热通风与空调工程技术,A849,江苏建筑职业技术学院,7,364862
2025,2,5U,建筑消防技术,A849,江苏建筑职业技术学院,3,368844
2025,2,60,道路与桥梁工程技术,A849,江苏建筑职业技术学院,3,336888
2025,2,61,城市轨道交通工程技术,A849,江苏建筑职业技术学院,4,301467
2025,2,01,学前教育,A851,上海东海职业技术学院,5,622777
2025,2,02,婴幼儿托育服务与管理,A851,上海东海职业技术学院,3,612528
2025,2,04,大数据与会计(高本贯通),A851,上海东海职业技术学院,5,264338
2025,2,07,关务与外贸服务(高本贯通),A851,上海东海职业技术学院,5,276762
2025,2,09,电子商务(高本贯通),A851,上海东海职业技术学院,5,277209
2025,2,11,新能源汽车技术,A851,上海东海职业技术学院,5,592837
2025,2,12,工业机器人技术,A851,上海东海职业技术学院,5,523129
2025,2,13,机械制造及自动化,A851,上海东海职业技术学院,5,573614
2025,2,14,集成电路技术,A851,上海东海职业技术学院,5,607023
2025,2,15,智能网联汽车技术,A851,上海东海职业技术学院,5,612485
2025,2,16,汽车检测与维修技术(高本贯通),A851,上海东海职业技术学院,5,284503
2025,2,17,护理,A851,上海东海职业技术学院,8,538229
2025,2,19,智慧健康养老服务与管理,A851,上海东海职业技术学院,2,518220
2025,2,20,空中乘务,A851,上海东海职业技术学院,40,626849
2025,2,21,民航运输服务,A851,上海东海职业技术学院,25,642541
2025,2,22,民航空中安全保卫,A851,上海东海职业技术学院,15,643009
2025,2,23,计算机应用技术,A851,上海东海职业技术学院,8,588022
2025,2,24,大数据技术,A851,上海东海职业技术学院,4,586604
2025,2,25,信息安全技术应用,A851,上海东海职业技术学院,5,610025
2025,2,26,人工智能技术应用,A851,上海东海职业技术学院,5,607228
2025,2,30,广播影视节目制作,A851,上海东海职业技术学院,3,458842
2025,2,31,广播影视节目制作(高本贯通),A851,上海东海职业技术学院,8,276922
2025,2,02,工业机器人技术,A852,上海工商职业技术学院,3,519131
2025,2,06,新能源汽车技术,A852,上海工商职业技术学院,2,532478
2025,2,08,计算机网络技术,A852,上海工商职业技术学院,3,481701
2025,2,09,计算机应用技术(移动互联网应用软件开发),A852,上海工商职业技术学院,4,437613
2025,2,12,学前教育,A852,上海工商职业技术学院,2,627226
2025,2,13,药学,A852,上海工商职业技术学院,3,598014
2025,2,17,电子商务,A852,上海工商职业技术学院,2,529894
2025,2,21,酒店管理与数字化运营,A852,上海工商职业技术学院,2,608314
2025,2,22,护理,A852,上海工商职业技术学院,5,609372
2025,2,23,空中乘务,A852,上海工商职业技术学院,8,621283
2025,2,29,新能源汽车检测与维修技术(高本贯通),A852,上海工商职业技术学院,3,279607
2025,2,30,餐饮智能管理(高本贯通),A852,上海工商职业技术学院,4,284736
2025,2,24,餐饮智能管理(中外合作办学)(中马合作),A852,上海工商职业技术学院,2,619342
2025,2,25,酒店管理与数字化运营(中外合作办学)(中马合作),A852,上海工商职业技术学院,2,566535
2025,2,01,人工智能技术应用,A853,北京工业职业技术学院,4,288361
2025,2,06,信息安全技术应用,A853,北京工业职业技术学院,3,289517
2025,2,07,动漫制作技术,A853,北京工业职业技术学院,4,262425
2025,2,10,数字化设计与制造技术,A853,北京工业职业技术学院,2,289330
2025,2,12,工业互联网应用,A853,北京工业职业技术学院,2,298120
2025,2,14,机械制造及自动化,A853,北京工业职业技术学院,4,275992
2025,2,15,智能机电技术,A853,北京工业职业技术学院,3,291728
2025,2,17,工程造价,A853,北京工业职业技术学院,3,308214
2025,2,19,建筑装饰工程技术,A853,北京工业职业技术学院,2,305647
2025,2,20,智能建造技术,A853,北京工业职业技术学院,6,329235
2025,2,21,工程测量技术,A853,北京工业职业技术学院,2,321160
2025,2,25,电气自动化技术,A853,北京工业职业技术学院,6,282250
2025,2,27,大数据与会计,A853,北京工业职业技术学院,5,266199
2025,2,28,工商企业管理,A853,北京工业职业技术学院,8,314051
2025,2,30,法律事务,A853,北京工业职业技术学院,5,253367
2025,2,31,旅游管理,A853,北京工业职业技术学院,9,321149
2025,2,32,电子商务,A853,北京工业职业技术学院,4,299441
2025,2,28,人工智能技术应用,A857,北京信息职业技术学院,10,279482
2025,2,32,信息安全技术应用,A857,北京信息职业技术学院,12,291869
2025,2,12,新能源汽车技术,A858,北京科技职业大学,2,255924
2025,2,13,汽车检测与维修技术,A858,北京科技职业大学,2,252621
2025,2,14,城市轨道交通机电技术,A858,北京科技职业大学,2,259596
2025,2,16,物联网应用技术,A858,北京科技职业大学,2,277881
2025,2,19,计算机网络技术,A858,北京科技职业大学,2,277531
2025,2,20,计算机应用技术,A858,北京科技职业大学,2,275169
2025,2,21,人工智能技术应用,A858,北京科技职业大学,4,283546
2025,2,22,生物产品检验检疫,A858,北京科技职业大学,2,253972
2025,2,23,药品生物技术,A858,北京科技职业大学,2,230631
2025,2,26,食品营养与健康,A858,北京科技职业大学,2,260385
2025,2,27,大数据与会计,A858,北京科技职业大学,2,206330
2025,2,28,统计与大数据分析,A858,北京科技职业大学,2,255503
2025,2,31,商务英语,A858,北京科技职业大学,2,213720
2025,2,34,环境艺术设计,A858,北京科技职业大学,3,282624
2025,2,35,数字媒体艺术设计,A858,北京科技职业大学,2,246507
2025,2,56,电子信息工程技术,A858,北京科技职业大学,2,272993
2025,2,07,机械设计与制造,A867,广西机电职业技术学院,5,432829
2025,2,11,智能焊接技术,A867,广西机电职业技术学院,5,423258
2025,2,14,智能制造装备技术,A867,广西机电职业技术学院,5,449314
2025,2,24,汽车检测与维修技术,A867,广西机电职业技术学院,5,462587
2025,2,30,计算机应用技术,A867,广西机电职业技术学院,5,371281
2025,2,35,人工智能技术应用,A867,广西机电职业技术学院,5,390300
2025,2,38,大数据与财务管理,A867,广西机电职业技术学院,5,412699
2025,2,40,工商企业管理,A867,广西机电职业技术学院,5,459001
2025,2,42,电子商务,A867,广西机电职业技术学院,5,530352
2025,2,44,商务数据分析与应用,A867,广西机电职业技术学院,5,571639
2025,2,54,工程造价,A868,青岛滨海学院,76,679162
2025,2,58,电气自动化技术,A868,青岛滨海学院,94,631658
2025,2,61,护理,A868,青岛滨海学院,75,614658
2025,2,64,市场营销,A868,青岛滨海学院,85,678978
2025,2,65,现代物流管理,A868,青岛滨海学院,60,672410
2025,2,66,旅游管理,A868,青岛滨海学院,105,678164
2025,2,72,应用英语,A868,青岛滨海学院,60,681106
2025,2,73,应用韩语,A868,青岛滨海学院,70,681113
2025,2,74,应用日语,A868,青岛滨海学院,525,676461
2025,2,03,机电一体化技术,A869,安徽职业技术大学,5,311840
2025,2,07,智能网联汽车技术,A869,安徽职业技术大学,5,337203
2025,2,15,建筑工程技术,A869,安徽职业技术大学,5,369859
2025,2,20,应用化工技术,A869,安徽职业技术大学,5,335928
2025,2,03,森林和草原资源保护,A872,伊春职业学院,4,473059
2025,2,06,钢铁智能冶金技术,A872,伊春职业学院,4,525221
2025,2,07,智能轧钢技术,A872,伊春职业学院,4,532838
2025,2,08,机电一体化技术,A872,伊春职业学院,4,377181
2025,2,13,计算机应用技术,A872,伊春职业学院,4,405215
2025,2,14,口腔医学,A872,伊春职业学院,10,296152
2025,2,15,护理,A872,伊春职业学院,6,399932
2025,2,18,针灸推拿,A872,伊春职业学院,8,335628
2025,2,19,中医康复技术,A872,伊春职业学院,8,450579
2025,2,22,婴幼儿托育服务与管理,A872,伊春职业学院,4,610269
2025,2,23,大数据与会计,A872,伊春职业学院,4,379023
2025,2,24,电子商务,A872,伊春职业学院,6,514532
2025,2,25,旅游管理,A872,伊春职业学院,4,556278
2025,2,30,学前教育(师范类),A872,伊春职业学院,4,593633
2025,2,34,智慧健康养老服务与管理,A872,伊春职业学院,4,486851
2025,2,01,临床医学,A888,江西医学高等专科学校,2,322620
2025,2,02,临床医学(全科医学方向),A888,江西医学高等专科学校,2,301287
2025,2,05,临床医学(病理方向),A888,江西医学高等专科学校,1,322322
2025,2,06,预防医学,A888,江西医学高等专科学校,1,338498
2025,2,07,口腔医学,A888,江西医学高等专科学校,1,280139
2025,2,08,中医学,A888,江西医学高等专科学校,2,290183
2025,2,09,针灸推拿,A888,江西医学高等专科学校,1,280289
2025,2,0A,中医康复技术,A888,江西医学高等专科学校,1,325479
2025,2,0B,护理,A888,江西医学高等专科学校,4,296909
2025,2,0E,医学影像技术,A888,江西医学高等专科学校,2,348828
2025,2,0F,放射治疗技术,A888,江西医学高等专科学校,1,355390
2025,2,0G,医疗器械维护与管理,A888,江西医学高等专科学校,2,343422
2025,2,0J,眼视光技术,A888,江西医学高等专科学校,1,334257
2025,2,0R,药品生产技术,A888,江西医学高等专科学校,1,318174
2025,2,0T,中药学,A888,江西医学高等专科学校,1,332419
2025,2,0S,医学生物技术(中外合作办学),A888,江西医学高等专科学校,2,509567
2025,2,41,网络新闻与传播,A904,枣庄学院,90,328865
2025,2,43,智慧健康养老服务与管理,A904,枣庄学院,90,390292
2025,2,44,商务英语,A904,枣庄学院,120,361346
2025,2,47,机电一体化技术,A904,枣庄学院,300,352555
2025,2,48,应用电子技术,A904,枣庄学院,400,384179
2025,2,4A,化工安全技术,A904,枣庄学院,180,397287
2025,2,4B,应用化工技术,A904,枣庄学院,180,383934
2025,2,4C,旅游管理,A904,枣庄学院,170,411317
2025,2,4E,空中乘务,A904,枣庄学院,200,532401
2025,2,4F,大数据与会计,A904,枣庄学院,100,289393
2025,2,4G,市场营销,A904,枣庄学院,50,378813
2025,2,4J,计算机应用技术,A904,枣庄学院,180,357030
2025,2,4K,影视编导,A904,枣庄学院,140,399306
2025,2,4L,智能建造技术,A904,枣庄学院,300,434926
2025,2,P6,影视多媒体技术,A908,山东工艺美术学院,90,337345
2025,2,19,新能源汽车技术,A955,黄冈职业技术学院,6,332751
2025,2,37,临床医学,A955,黄冈职业技术学院,8,327576
2025,2,38,口腔医学,A955,黄冈职业技术学院,8,279577
2025,2,45,护理,A955,黄冈职业技术学院,8,329903
2025,2,12,纺织品检验与贸易,A958,江苏工程职业技术学院,2,346730
2025,2,14,化妆品技术,A958,江苏工程职业技术学院,5,316792
2025,2,16,生物制药技术,A958,江苏工程职业技术学院,8,323549
2025,2,20,电气自动化技术,A958,江苏工程职业技术学院,6,295697
2025,2,22,机电一体化技术,A958,江苏工程职业技术学院,6,302218
2025,2,29,国际经济与贸易,A958,江苏工程职业技术学院,2,294586
2025,2,33,现代物流管理,A958,江苏工程职业技术学院,3,318707
2025,2,36,建筑室内设计,A958,江苏工程职业技术学院,2,315005
2025,2,37,数字媒体技术,A958,江苏工程职业技术学院,2,238876
2025,2,38,现代家用纺织品设计,A958,江苏工程职业技术学院,2,344414
2025,2,40,道路与桥梁工程技术,A958,江苏工程职业技术学院,3,352667
2025,2,41,工程造价,A958,江苏工程职业技术学院,2,338060
2025,2,50,空中乘务,A958,江苏工程职业技术学院,6,374467
2025,2,54,新能源装备技术,A958,江苏工程职业技术学院,8,308645
2025,2,57,计算机应用技术,A958,江苏工程职业技术学院,14,308110
2025,2,01,小学教育(师范类),A963,淮北职业技术学院,5,342835
2025,2,02,学前教育(师范类),A963,淮北职业技术学院,5,428282
2025,2,03,植物保护与检疫技术(航空植保方向),A995,新疆农业职业技术大学,2,351075
2025,2,04,现代农业装备应用技术,A995,新疆农业职业技术大学,2,428572
2025,2,07,动物医学,A995,新疆农业职业技术大学,2,301847
2025,2,08,畜牧兽医,A995,新疆农业职业技术大学,6,315427
2025,2,10,动物防疫与检疫,A995,新疆农业职业技术大学,2,376432
2025,2,12,宠物养护与驯导,A995,新疆农业职业技术大学,3,332506
2025,2,15,环境工程技术,A995,新疆农业职业技术大学,3,445139
2025,2,16,园林工程技术,A995,新疆农业职业技术大学,3,425996
2025,2,17,风景园林设计,A995,新疆农业职业技术大学,3,491103
2025,2,20,水利工程,A995,新疆农业职业技术大学,2,395296
2025,2,21,机电一体化技术,A995,新疆农业职业技术大学,4,373273
2025,2,22,电气自动化技术,A995,新疆农业职业技术大学,3,353839
2025,2,23,食品智能加工技术,A995,新疆农业职业技术大学,3,448440
2025,2,24,食品检验检测技术,A995,新疆农业职业技术大学,3,378933
2025,2,25,药品生产技术,A995,新疆农业职业技术大学,3,425136
2025,2,26,药品质量与安全,A995,新疆农业职业技术大学,4,419610
2025,2,27,粮食储运与质量安全,A995,新疆农业职业技术大学,2,421075
2025,2,28,物联网应用技术,A995,新疆农业职业技术大学,3,428012
2025,2,29,计算机网络技术,A995,新疆农业职业技术大学,5,399054
2025,2,31,数字媒体技术,A995,新疆农业职业技术大学,2,395201
2025,2,32,大数据技术,A995,新疆农业职业技术大学,2,428651
2025,2,34,人工智能技术应用,A995,新疆农业职业技术大学,4,393135
2025,2,35,财税大数据应用,A995,新疆农业职业技术大学,4,480926
2025,2,36,大数据与会计,A995,新疆农业职业技术大学,3,349169
2025,2,37,国际商务,A995,新疆农业职业技术大学,3,489767
2025,2,39,商务管理(中亚贸易方向),A995,新疆农业职业技术大学,2,377557
2025,2,41,电子商务,A995,新疆农业职业技术大学,2,445531
2025,2,42,现代物流管理(农产品方向),A995,新疆农业职业技术大学,2,443329
2025,2,43,定制旅行管理与服务,A995,新疆农业职业技术大学,2,556488
2025,2,44,酒店管理与数字化运营,A995,新疆农业职业技术大学,2,650237
2025,2,45,广播影视节目制作,A995,新疆农业职业技术大学,2,508449
2025,2,47,智慧健康养老服务与管理,A995,新疆农业职业技术大学,2,432196
2025,2,01,电气自动化技术,B032,天津市职业大学,10,272124
2025,2,02,模具设计与制造,B032,天津市职业大学,9,296687
2025,2,03,增材制造技术,B032,天津市职业大学,5,296806
2025,2,04,机械制造及自动化,B032,天津市职业大学,9,277122
2025,2,05,化工技术类,B032,天津市职业大学,10,296976
2025,2,06,药品生产技术,B032,天津市职业大学,8,271708
2025,2,08,环境监测技术,B032,天津市职业大学,3,284496
2025,2,09,药品生物技术,B032,天津市职业大学,5,276694
2025,2,10,工程造价,B032,天津市职业大学,2,277103
2025,2,11,大数据与会计,B032,天津市职业大学,2,208337
2025,2,12,连锁经营与管理,B032,天津市职业大学,4,304467
2025,2,13,国际商务,B032,天津市职业大学,5,286301
2025,2,14,现代物流管理,B032,天津市职业大学,7,288946
2025,2,15,电子商务,B032,天津市职业大学,5,287026
2025,2,16,软件技术,B032,天津市职业大学,12,274563
2025,2,17,信息安全技术应用,B032,天津市职业大学,12,286683
2025,2,18,现代通信技术,B032,天津市职业大学,7,278264
2025,2,19,人工智能技术应用,B032,天津市职业大学,3,269009
2025,2,20,物联网应用技术,B032,天津市职业大学,6,277493
2025,2,21,电子信息工程技术,B032,天津市职业大学,4,274247
2025,2,22,眼视光技术,B032,天津市职业大学,8,215302
2025,2,24,眼视光仪器技术,B032,天津市职业大学,4,261062
2025,2,26,酒店管理与数字化运营,B032,天津市职业大学,4,299017
2025,2,27,空中乘务,B032,天津市职业大学,8,467867
2025,2,29,烹饪工艺与营养,B032,天津市职业大学,2,285414
2025,2,30,西式烹饪工艺,B032,天津市职业大学,2,236366
2025,2,36,包装工程技术,B032,天津市职业大学,7,277175
2025,2,37,印刷数字图文技术,B032,天津市职业大学,6,286973
2025,2,38,包装策划与设计,B032,天津市职业大学,7,284314
2025,2,39,印刷媒体技术,B032,天津市职业大学,3,291091
2025,2,40,学前教育,B032,天津市职业大学,3,291357
2025,2,41,社区管理与服务,B032,天津市职业大学,4,288966
2025,2,42,人力资源管理,B032,天津市职业大学,7,284701
2025,2,43,智慧健康养老服务与管理,B032,天津市职业大学,3,275678
2025,2,44,早期教育,B032,天津市职业大学,3,309177
2025,2,45,汽车智能技术,B032,天津市职业大学,4,283110
2025,2,47,新能源汽车检测与维修技术,B032,天津市职业大学,6,286849
2025,2,48,新能源汽车技术,B032,天津市职业大学,5,275416
2025,2,17,大数据与会计,B034,邯郸职业技术学院,15,360639
2025,2,01,光伏工程技术,B046,牡丹江大学,2,313491
2025,2,02,建筑室内设计,B046,牡丹江大学,2,315388
2025,2,03,建筑工程技术,B046,牡丹江大学,2,337024
2025,2,04,工程造价,B046,牡丹江大学,2,347397
2025,2,10,食品检验检测技术,B046,牡丹江大学,2,288995
2025,2,13,道路与桥梁工程技术,B046,牡丹江大学,2,342019
2025,2,16,大数据技术,B046,牡丹江大学,2,299249
2025,2,20,助产,B046,牡丹江大学,2,353640
2025,2,21,康复治疗技术,B046,牡丹江大学,2,311726
2025,2,22,大数据与会计,B046,牡丹江大学,4,284884
2025,2,25,网络营销与直播电商,B046,牡丹江大学,2,362983
2025,2,32,影视动画,B046,牡丹江大学,6,337684
2025,2,35,应用英语,B046,牡丹江大学,5,311974
2025,2,37,应用俄语,B046,牡丹江大学,8,335828
2025,2,40,智慧健康养老服务与管理,B046,牡丹江大学,4,321316
2025,2,01,机电一体化技术,B050,连云港职业技术学院,5,317554
2025,2,02,电气自动化技术,B050,连云港职业技术学院,5,314522
2025,2,03,工业机器人技术,B050,连云港职业技术学院,5,339812
2025,2,04,数控技术,B050,连云港职业技术学院,5,342526
2025,2,07,石油化工技术,B050,连云港职业技术学院,5,360150
2025,2,09,材料工程技术,B050,连云港职业技术学院,5,368548
2025,2,11,生物制药技术,B050,连云港职业技术学院,5,353668
2025,2,18,旅游管理,B050,连云港职业技术学院,5,352174
2025,2,20,大数据与会计,B050,连云港职业技术学院,10,291447
2025,2,22,电子商务,B050,连云港职业技术学院,5,338102
2025,2,23,跨境电子商务,B050,连云港职业技术学院,5,361147
2025,2,28,数字媒体技术,B050,连云港职业技术学院,5,289593
2025,2,29,人工智能技术应用,B050,连云港职业技术学院,5,334030
2025,2,32,建筑工程技术,B050,连云港职业技术学院,5,374174
2025,2,33,工程造价,B050,连云港职业技术学院,5,381104
2025,2,07,电气自动化技术,B051,镇江市高等专科学校,4,306533
2025,2,15,计算机应用技术,B051,镇江市高等专科学校,4,306372
2025,2,17,护理,B051,镇江市高等专科学校,4,294689
2025,2,19,医学检验技术,B051,镇江市高等专科学校,4,307410
2025,2,26,大数据与会计,B051,镇江市高等专科学校,4,269114
2025,2,04,建筑室内设计,B052,南通职业大学,5,306848
2025,2,10,机械制造及自动化,B052,南通职业大学,10,302863
2025,2,12,机电一体化技术,B052,南通职业大学,10,285920
2025,2,17,新能源汽车技术,B052,南通职业大学,10,292449
2025,2,19,应用化工技术,B052,南通职业大学,5,317584
2025,2,21,药品生产技术,B052,南通职业大学,5,306674
2025,2,34,计算机应用技术,B052,南通职业大学,10,305729
2025,2,36,数字媒体技术,B052,南通职业大学,5,283154
2025,2,38,人工智能技术应用,B052,南通职业大学,5,298810
2025,2,43,大数据与会计,B052,南通职业大学,10,279642
2025,2,50,商务英语,B052,南通职业大学,10,287267
2025,2,10,无人机应用技术,B054,苏州职业技术大学,5,283581
2025,2,12,智能网联汽车技术,B054,苏州职业技术大学,5,307869
2025,2,15,生物制药技术,B054,苏州职业技术大学,5,290655
2025,2,16,电子信息工程技术,B054,苏州职业技术大学,5,276171
2025,2,27,动漫制作技术,B054,苏州职业技术大学,4,271516
2025,2,30,金融科技应用,B054,苏州职业技术大学,5,271848
2025,2,31,大数据与财务管理,B054,苏州职业技术大学,5,236524
2025,2,45,网络新闻与传播,B054,苏州职业技术大学,5,268236
2025,2,47,商务英语,B054,苏州职业技术大学,5,271452
2025,2,48,应用英语,B054,苏州职业技术大学,4,266708
2025,2,49,商务日语,B054,苏州职业技术大学,5,271826
2025,2,50,法律事务,B054,苏州职业技术大学,2,219526
2025,2,51,人力资源管理,B054,苏州职业技术大学,5,274123
2025,2,56,学前教育(中外合作办学)(师范类),B054,苏州职业技术大学,5,406320
2025,2,65,智能物流技术,B061,芜湖职业技术大学,5,292234
2025,2,66,智能焊接技术,B061,芜湖职业技术大学,5,341592
2025,2,79,电气自动化技术,B067,潍坊学院,110,295668
2025,2,80,应用电子技术,B067,潍坊学院,75,315280
2025,2,83,特殊教育(师范类),B067,潍坊学院,40,279388
2025,2,84,学前教育(师范类),B067,潍坊学院,60,319614
2025,2,85,大数据与会计,B067,潍坊学院,120,274522
2025,2,86,工商企业管理,B067,潍坊学院,115,311882
2025,2,87,汽车技术服务与营销,B067,潍坊学院,80,358992
2025,2,88,商务英语,B067,潍坊学院,120,309360
2025,2,0C,应用化工技术,B069,开封大学,3,276522
2025,2,0E,物联网应用技术,B069,开封大学,3,275305
2025,2,0G,计算机网络技术,B069,开封大学,4,261045
2025,2,0T,旅游管理,B069,开封大学,4,282357
2025,2,0Y,新闻采编与制作,B069,开封大学,4,273896
2025,2,01,智能光电技术应用,B074,荆州理工职业学院,7,423434
2025,2,04,集成电路技术,B074,荆州理工职业学院,6,415161
2025,2,06,风力发电工程技术,B074,荆州理工职业学院,8,417212
2025,2,08,建筑工程技术,B074,荆州理工职业学院,4,453706
2025,2,09,工程造价,B074,荆州理工职业学院,4,412310
2025,2,0A,应用化工技术,B074,荆州理工职业学院,5,425535
2025,2,0E,计算机应用技术,B074,荆州理工职业学院,9,364423
2025,2,0F,大数据技术,B074,荆州理工职业学院,6,373868
2025,2,0J,电子商务,B074,荆州理工职业学院,6,432480
2025,2,0K,中小企业创业与经营,B074,荆州理工职业学院,3,450001
2025,2,0L,大数据与会计,B074,荆州理工职业学院,6,331048
2025,2,0N,机电一体化技术,B074,荆州理工职业学院,6,368754
2025,2,0S,工业机器人技术,B074,荆州理工职业学院,8,387860
2025,2,0T,电气自动化技术,B074,荆州理工职业学院,6,364529
2025,2,0U,工业互联网应用,B074,荆州理工职业学院,7,421839
2025,2,0V,艺术设计,B074,荆州理工职业学院,5,437937
2025,2,0W,动漫制作技术,B074,荆州理工职业学院,5,378395
2025,2,0Y,学前教育(师范类),B074,荆州理工职业学院,6,478079
2025,2,10,小学教育(师范类),B074,荆州理工职业学院,6,391316
2025,2,12,现代教育技术(师范类),B074,荆州理工职业学院,4,441209
2025,2,02,建筑工程技术,B090,北京京北职业技术学院,2,334466
2025,2,03,工程造价,B090,北京京北职业技术学院,2,360003
2025,2,04,影视多媒体技术,B090,北京京北职业技术学院,2,296135
2025,2,05,电子竞技运动与管理,B090,北京京北职业技术学院,2,329990
2025,2,06,大数据与会计,B090,北京京北职业技术学院,2,279301
2025,2,07,网络营销与直播电商,B090,北京京北职业技术学院,2,317120
2025,2,0B,社区康复(康复技术),B090,北京京北职业技术学院,2,314202
2025,2,0C,安全智能监测技术,B090,北京京北职业技术学院,2,321304
2025,2,0D,机电一体化技术,B090,北京京北职业技术学院,2,298989
2025,2,0D,现代通信技术,B113,深圳职业技术大学,5,197156
2025,2,0U,电气自动化技术,B113,深圳职业技术大学,8,193985
2025,2,13,智能建造技术,B113,深圳职业技术大学,6,236225
2025,2,1A,环境工程技术,B113,深圳职业技术大学,7,243206
2025,2,1M,数字出版,B113,深圳职业技术大学,8,213605
2025,2,20,旅游管理,B113,深圳职业技术大学,7,264441
2025,2,2C,应用德语,B113,深圳职业技术大学,4,216439
2025,2,03,人力资源管理,B114,广东南华工商职业学院,1,285328
2025,2,12,酒店管理与数字化运营,B114,广东南华工商职业学院,2,298116
2025,2,17,云计算技术应用,B114,广东南华工商职业学院,1,277082
2025,2,26,早期教育,B114,广东南华工商职业学院,4,598640
2025,2,07,工程造价,B238,石家庄职业技术学院,1,342075
2025,2,18,药品生产技术,B238,石家庄职业技术学院,2,316342
2025,2,20,药品经营与管理,B238,石家庄职业技术学院,1,325274
2025,2,23,物联网应用技术,B238,石家庄职业技术学院,1,284333
2025,2,32,动漫制作技术,B238,石家庄职业技术学院,2,273873
2025,2,45,数字媒体艺术设计,B238,石家庄职业技术学院,1,284796
2025,2,A2,动物药学,B248,辽宁农业职业技术学院,5,289506
2025,2,D1,机械制造及自动化,B248,辽宁农业职业技术学院,5,311477
2025,2,K1,宠物医疗技术,B248,辽宁农业职业技术学院,5,303474
2025,2,R3,中药学,B248,辽宁农业职业技术学院,5,295335
2025,2,32,学前教育(师范类),B250,阜新高等专科学校,2,430219
2025,2,33,小学教育(师范类),B250,阜新高等专科学校,8,404910
2025,2,04,工程造价,B288,沙洲职业工学院,7,401719
2025,2,14,电子信息工程技术,B288,沙洲职业工学院,4,340828
2025,2,24,机械制造及自动化,B288,沙洲职业工学院,5,341758
2025,2,30,大数据与会计,B288,沙洲职业工学院,7,297036
2025,2,35,电子商务,B288,沙洲职业工学院,7,351898
2025,2,02,电气自动化技术,B308,淮南联合大学,3,283941
2025,2,03,机电一体化技术,B308,淮南联合大学,2,299669
2025,2,08,药学,B308,淮南联合大学,1,233573
2025,2,10,现代工业清洗技术,B308,淮南联合大学,2,414091
2025,2,19,护理,B308,淮南联合大学,2,277429
2025,2,52,畜牧兽医,B326,信阳农林学院,10,369066
2025,2,49,网络营销与直播电商,B334,湖北工业职业技术学院,4,389079
2025,2,F8,新能源汽车技术,B334,湖北工业职业技术学院,4,364768
2025,2,G3,数控技术,B334,湖北工业职业技术学院,2,370483
2025,2,G6,计算机应用技术,B334,湖北工业职业技术学院,6,337526
2025,2,H3,计算机网络技术,B334,湖北工业职业技术学院,3,355387
2025,2,H7,电子商务,B334,湖北工业职业技术学院,2,366646
2025,2,PP,数字化设计与制造技术,B334,湖北工业职业技术学院,2,374030
2025,2,S1,商务数据分析与应用,B334,湖北工业职业技术学院,4,392304
2025,2,AA,药品生物技术(中外合作办学),B334,湖北工业职业技术学院,3,553183
2025,2,04,建筑工程技术,B335,鄂州职业大学,6,417201
2025,2,05,工程造价,B335,鄂州职业大学,6,437844
2025,2,09,机电一体化技术,B335,鄂州职业大学,7,363634
2025,2,16,民航安全技术管理,B335,鄂州职业大学,6,396491
2025,2,22,应用电子技术,B335,鄂州职业大学,6,379570
2025,2,24,计算机应用技术,B335,鄂州职业大学,8,371949
2025,2,27,护理,B335,鄂州职业大学,8,370000
2025,2,29,药学,B335,鄂州职业大学,7,379681
2025,2,36,跨境电子商务,B335,鄂州职业大学,6,406966
2025,2,37,现代物流管理,B335,鄂州职业大学,6,425329
2025,2,44,小学教育(师范类),B335,鄂州职业大学,10,378829
2025,2,62,护理(中外合作办学),B335,鄂州职业大学,4,475972
2025,2,13,中医养生保健,B350,广西体育高等专科学校,4,454203
2025,2,12,现代物业管理,B355,南宁职业技术大学,5,432876
2025,2,25,物联网应用技术,B355,南宁职业技术大学,5,359721
2025,2,28,信息安全技术应用,B355,南宁职业技术大学,5,359959
2025,2,32,电子商务,B355,南宁职业技术大学,10,417268
2025,2,34,现代物流管理,B355,南宁职业技术大学,5,437013
2025,2,14,电气自动化技术,B436,长春汽车职业技术大学,10,310144
2025,2,24,人工智能技术应用,B436,长春汽车职业技术大学,10,353855
2025,2,25,大数据技术,B436,长春汽车职业技术大学,10,357387
2025,2,01,金融服务与管理,B440,长春金融高等专科学校,6,383343
2025,2,02,国际金融,B440,长春金融高等专科学校,2,325008
2025,2,03,金融科技应用,B440,长春金融高等专科学校,2,392165
2025,2,04,大数据与会计,B440,长春金融高等专科学校,6,296003
2025,2,05,会计信息管理,B440,长春金融高等专科学校,2,318525
2025,2,06,财税大数据应用,B440,长春金融高等专科学校,2,313541
2025,2,07,财富管理,B440,长春金融高等专科学校,2,360151
2025,2,08,证券实务,B440,长春金融高等专科学校,1,362684
2025,2,09,大数据与财务管理,B440,长春金融高等专科学校,3,309276
2025,2,10,资产评估与管理,B440,长春金融高等专科学校,2,330966
2025,2,11,市场营销,B440,长春金融高等专科学校,2,398537
2025,2,12,现代物流管理,B440,长春金融高等专科学校,2,386642
2025,2,13,电子商务,B440,长春金融高等专科学校,2,381590
2025,2,14,跨境电子商务,B440,长春金融高等专科学校,2,421682
2025,2,16,供应链运营,B440,长春金融高等专科学校,2,412539
2025,2,18,商务数据分析与应用,B440,长春金融高等专科学校,2,395781
2025,2,20,计算机网络技术,B440,长春金融高等专科学校,2,314696
2025,2,21,大数据技术,B440,长春金融高等专科学校,2,318638
2025,2,22,云计算技术应用,B440,长春金融高等专科学校,2,351883
2025,2,24,人工智能技术应用,B440,长春金融高等专科学校,2,352815
2025,2,25,计算机应用技术,B440,长春金融高等专科学校,3,320786
2025,2,27,虚拟现实技术应用,B440,长春金融高等专科学校,2,368323
2025,2,28,融媒体技术与运营,B440,长春金融高等专科学校,2,368964
2025,2,30,国际金融(中外合作办学),B440,长春金融高等专科学校,4,439958
2025,2,31,大数据与会计(中外合作办学),B440,长春金融高等专科学校,6,405406
2025,2,01,电气自动化技术,B449,黑龙江职业学院,4,330692
2025,2,02,机械制造及自动化,B449,黑龙江职业学院,4,345549
2025,2,04,数控技术,B449,黑龙江职业学院,4,361982
2025,2,09,工业互联网应用,B449,黑龙江职业学院,2,361484
2025,2,10,城市热能应用技术,B449,黑龙江职业学院,2,385873
2025,2,11,智能焊接技术,B449,黑龙江职业学院,2,382828
2025,2,12,电子信息工程技术,B449,黑龙江职业学院,2,356324
2025,2,14,智能网联汽车技术,B449,黑龙江职业学院,2,402945
2025,2,15,智能建造技术,B449,黑龙江职业学院,2,411990
2025,2,16,工程造价,B449,黑龙江职业学院,4,412369
2025,2,17,建筑工程技术,B449,黑龙江职业学院,2,422526
2025,2,18,建筑装饰工程技术,B449,黑龙江职业学院,2,424382
2025,2,19,建筑室内设计,B449,黑龙江职业学院,2,405427
2025,2,20,工商企业管理,B449,黑龙江职业学院,2,414198
2025,2,23,电子商务,B449,黑龙江职业学院,2,396924
2025,2,24,现代物流管理,B449,黑龙江职业学院,2,394119
2025,2,25,网络直播与运营,B449,黑龙江职业学院,2,391675
2025,2,26,大数据与会计,B449,黑龙江职业学院,10,296251
2025,2,27,大数据与财务管理,B449,黑龙江职业学院,2,308883
2025,2,28,金融服务与管理,B449,黑龙江职业学院,2,378350
2025,2,31,会展策划与管理,B449,黑龙江职业学院,2,398556
2025,2,32,酒店管理与数字化运营,B449,黑龙江职业学院,2,448122
2025,2,34,旅游管理,B449,黑龙江职业学院,2,425921
2025,2,35,智慧旅游技术应用,B449,黑龙江职业学院,2,427168
2025,2,36,畜牧兽医,B449,黑龙江职业学院,2,294324
2025,2,37,动物医学,B449,黑龙江职业学院,4,274461
2025,2,38,宠物养护与驯导,B449,黑龙江职业学院,2,346379
2025,2,39,宠物医疗技术,B449,黑龙江职业学院,4,308157
2025,2,40,中药制药,B449,黑龙江职业学院,2,329944
2025,2,41,生物制药技术,B449,黑龙江职业学院,2,315665
2025,2,43,食品质量与安全,B449,黑龙江职业学院,2,354517
2025,2,44,食品营养与健康,B449,黑龙江职业学院,2,359647
2025,2,46,软件技术,B449,黑龙江职业学院,2,344260
2025,2,47,大数据技术,B449,黑龙江职业学院,2,347754
2025,2,48,人工智能技术应用,B449,黑龙江职业学院,2,310970
2025,2,49,动漫制作技术,B449,黑龙江职业学院,2,361394
2025,2,50,计算机网络技术,B449,黑龙江职业学院,8,341450
2025,2,5Z,模具设计与制造,B462,扬州职业技术大学,2,276938
2025,2,61,电气自动化技术,B462,扬州职业技术大学,2,249967
2025,2,62,建筑工程技术,B462,扬州职业技术大学,2,308294
2025,2,6A,酒店管理与数字化运营,B462,扬州职业技术大学,2,283768
2025,2,6D,商务英语,B462,扬州职业技术大学,2,276943
2025,2,78,计算机网络技术,B462,扬州职业技术大学,4,274692
2025,2,01,工程测量技术,B500,辽宁省交通高等专科学校,2,335660
2025,2,06,大数据与会计,B500,辽宁省交通高等专科学校,3,273203
2025,2,08,旅游管理,B500,辽宁省交通高等专科学校,3,340064
2025,2,09,城市轨道车辆应用技术,B500,辽宁省交通高等专科学校,4,302812
2025,2,0A,城市轨道交通机电技术,B500,辽宁省交通高等专科学校,2,298138
2025,2,0B,城市轨道交通通信信号技术,B500,辽宁省交通高等专科学校,2,291622
2025,2,0C,城市轨道交通运营管理,B500,辽宁省交通高等专科学校,2,292372
2025,2,0F,数控技术,B500,辽宁省交通高等专科学校,2,279279
2025,2,0L,汽车技术服务与营销,B500,辽宁省交通高等专科学校,3,358696
2025,2,0N,新能源汽车技术,B500,辽宁省交通高等专科学校,3,304340
2025,2,0R,现代物流管理,B500,辽宁省交通高等专科学校,2,298029
2025,2,0U,人工智能技术应用,B500,辽宁省交通高等专科学校,2,277102
2025,2,0V,云计算技术应用,B500,辽宁省交通高等专科学校,2,282871
2025,2,0Y,无人机测绘技术,B500,辽宁省交通高等专科学校,3,298240
2025,2,13,数字化设计与制造技术,B500,辽宁省交通高等专科学校,2,297805
2025,2,14,智能建造技术,B500,辽宁省交通高等专科学校,2,356909
2025,2,15,大数据技术,B500,辽宁省交通高等专科学校,4,286887
2025,2,16,道路与桥梁工程技术,B500,辽宁省交通高等专科学校,2,286730
2025,2,23,数字媒体技术,B505,九江职业大学,4,308418
2025,2,25,人工智能技术应用,B505,九江职业大学,4,355249
2025,2,26,软件技术,B505,九江职业大学,4,342928
2025,2,28,电子信息工程技术,B505,九江职业大学,4,355067
2025,2,32,电子商务,B505,九江职业大学,4,388097
2025,2,33,大数据与会计,B505,九江职业大学,4,309630
2025,2,36,商务英语,B505,九江职业大学,6,419396
2025,2,1E,环境工程技术,B522,焦作大学,5,323079
2025,2,1Q,电气自动化技术,B522,焦作大学,10,303252
2025,2,20,大数据技术,B522,焦作大学,10,342850
2025,2,26,大数据与会计,B522,焦作大学,5,279865
2025,2,05,数字化染整技术,B553,成都纺织高等专科学校,2,346196
2025,2,25,工程造价,B553,成都纺织高等专科学校,4,357126
2025,2,29,连锁经营与管理,B553,成都纺织高等专科学校,2,408013
2025,2,31,商务英语,B553,成都纺织高等专科学校,4,302203
2025,2,13,电力系统自动化技术,B557,昆明冶金高等专科学校,3,354982
2025,2,15,机械制造及自动化,B557,昆明冶金高等专科学校,2,354816
2025,2,18,工业机器人技术,B557,昆明冶金高等专科学校,2,373432
2025,2,26,建筑工程技术,B557,昆明冶金高等专科学校,3,445363
2025,2,27,智能建造技术,B557,昆明冶金高等专科学校,3,519967
2025,2,37,应用化工技术,B557,昆明冶金高等专科学校,2,382570
2025,2,45,现代通信技术,B557,昆明冶金高等专科学校,2,377511
2025,2,46,大数据与会计,B557,昆明冶金高等专科学校,3,289010
2025,2,12,会展策划与管理,B565,乌鲁木齐职业大学,4,580129
2025,2,13,智慧健康养老服务与管理,B565,乌鲁木齐职业大学,4,379009
2025,2,15,社区管理与服务,B565,乌鲁木齐职业大学,4,432364
2025,2,16,现代家政服务与管理,B565,乌鲁木齐职业大学,3,618964
2025,2,17,工商企业管理,B565,乌鲁木齐职业大学,5,454308
2025,2,19,人力资源管理,B565,乌鲁木齐职业大学,5,360811
2025,2,23,跨境电子商务,B565,乌鲁木齐职业大学,5,482063
2025,2,27,智慧景区开发与管理,B565,乌鲁木齐职业大学,3,613462
2025,2,28,酒店管理与数字化运营,B565,乌鲁木齐职业大学,5,522819
2025,2,31,小学教育(师范类),B565,乌鲁木齐职业大学,4,340453
2025,2,38,应用英语,B565,乌鲁木齐职业大学,4,404816
2025,2,43,眼视光技术,B565,乌鲁木齐职业大学,3,490039
2025,2,45,印刷媒体技术,B565,乌鲁木齐职业大学,4,538552
2025,2,47,早期教育(师范类),B565,乌鲁木齐职业大学,4,627410
2025,2,48,电气自动化技术,B565,乌鲁木齐职业大学,3,373070
2025,2,49,工程造价,B565,乌鲁木齐职业大学,6,580585
2025,2,50,机械制造及自动化,B565,乌鲁木齐职业大学,3,405740
2025,2,51,建筑工程技术,B565,乌鲁木齐职业大学,3,519907
2025,2,52,汽车检测与维修技术,B565,乌鲁木齐职业大学,3,496032
2025,2,PU,光伏工程技术,B565,乌鲁木齐职业大学,3,416193
2025,2,QL,新能源材料应用技术,B565,乌鲁木齐职业大学,3,441161
2025,2,QM,新能源汽车检测与维修技术,B565,乌鲁木齐职业大学,4,449038
2025,2,QN,动漫制作技术,B565,乌鲁木齐职业大学,4,390763
2025,2,QP,虚拟现实技术应用,B565,乌鲁木齐职业大学,4,383893
2025,2,QQ,云计算技术应用,B565,乌鲁木齐职业大学,3,446397
2025,2,QR,数字媒体技术,B565,乌鲁木齐职业大学,4,391406
2025,2,0F,电力系统自动化技术,B608,广西水利电力职业技术学院,5,367879
2025,2,0U,数控技术,B608,广西水利电力职业技术学院,5,441880
2025,2,1G,现代物流管理,B608,广西水利电力职业技术学院,5,548681
2025,2,21,电气自动化技术,B608,广西水利电力职业技术学院,5,371473
2025,2,01,财税大数据应用,B630,山西省财政税务专科学校,5,323389
2025,2,02,政府采购管理,B630,山西省财政税务专科学校,3,393092
2025,2,05,大数据与会计,B630,山西省财政税务专科学校,6,274535
2025,2,06,会计信息管理,B630,山西省财政税务专科学校,3,315857
2025,2,07,大数据与财务管理,B630,山西省财政税务专科学校,8,306419
2025,2,08,金融服务与管理,B630,山西省财政税务专科学校,4,371290
2025,2,09,金融科技应用,B630,山西省财政税务专科学校,3,368714
2025,2,13,市场营销,B630,山西省财政税务专科学校,2,367113
2025,2,14,跨境电子商务,B630,山西省财政税务专科学校,1,318838
2025,2,15,连锁经营与管理,B630,山西省财政税务专科学校,2,415150
2025,2,18,计算机应用技术,B630,山西省财政税务专科学校,2,335192
2025,2,19,软件技术,B630,山西省财政税务专科学校,2,342015
2025,2,20,移动应用开发,B630,山西省财政税务专科学校,2,383829
2025,2,22,区块链技术应用,B630,山西省财政税务专科学校,2,389157
2025,2,26,文化创意与策划,B630,山西省财政税务专科学校,2,398896
2025,2,34,工业互联网技术,B630,山西省财政税务专科学校,3,397206
2025,2,91,发电厂及电力系统(中外合作办学),B632,沈阳工程学院,2,277946
2025,2,93,热能动力工程技术(中外合作办学),B632,沈阳工程学院,3,324815
2025,2,94,工业过程自动化技术(中外合作办学),B632,沈阳工程学院,3,337725
2025,2,01,临床医学,B663,黔南民族医学高等专科学校,6,386938
2025,2,02,护理,B663,黔南民族医学高等专科学校,6,417769
2025,2,03,医学检验技术,B663,黔南民族医学高等专科学校,3,418671
2025,2,04,药学,B663,黔南民族医学高等专科学校,3,422243
2025,2,05,中药学,B663,黔南民族医学高等专科学校,3,399950
2025,2,06,医学影像技术,B663,黔南民族医学高等专科学校,2,407876
2025,2,07,药品生产技术(中药制药技术方向),B663,黔南民族医学高等专科学校,3,463932
2025,2,08,口腔医学技术,B663,黔南民族医学高等专科学校,2,418695
2025,2,0B,中医康复技术,B663,黔南民族医学高等专科学校,2,423098
2025,2,0C,口腔医学,B663,黔南民族医学高等专科学校,5,326648
2025,2,0D,中医学,B663,黔南民族医学高等专科学校,6,347708
2025,2,0E,针灸推拿,B663,黔南民族医学高等专科学校,3,351028
2025,2,0F,预防医学,B663,黔南民族医学高等专科学校,2,466925
2025,2,0H,护理(中医护理方向),B663,黔南民族医学高等专科学校,5,461819
2025,2,0J,护理(老年护理方向),B663,黔南民族医学高等专科学校,2,461284
2025,2,0K,医学美容技术,B663,黔南民族医学高等专科学校,2,444993
2025,2,01,工业设计,B733,上海出版印刷高等专科学校,7,319258
2025,2,03,包装工程技术(高本贯通),B733,上海出版印刷高等专科学校,5,189323
2025,2,09,大数据技术,B733,上海出版印刷高等专科学校,3,312238
2025,2,10,虚拟现实技术应用,B733,上海出版印刷高等专科学校,5,316305
2025,2,12,移动应用开发,B733,上海出版印刷高等专科学校,5,334933
2025,2,13,动漫制作技术,B733,上海出版印刷高等专科学校,5,291828
2025,2,16,文化产业经营与管理,B733,上海出版印刷高等专科学校,2,276763
2025,2,18,数字出版(高本贯通),B733,上海出版印刷高等专科学校,2,184863
2025,2,20,电子竞技运动与管理,B733,上海出版印刷高等专科学校,2,316295
2025,2,21,广播影视节目制作,B733,上海出版印刷高等专科学校,3,292344
2025,2,22,广播影视节目制作(高本贯通),B733,上海出版印刷高等专科学校,5,268045
2025,2,23,商务英语,B733,上海出版印刷高等专科学校,5,291871
2025,2,24,数字影像档案技术,B733,上海出版印刷高等专科学校,4,284446
2025,2,34,出版商务(中外合作办学)(文化媒介与版权经纪中法合作),B733,上海出版印刷高等专科学校,4,340317
2025,2,37,广播影视节目制作(中外合作办学)(中法合作),B733,上海出版印刷高等专科学校,4,361201
2025,2,05,智能制造装备技术,B785,江西职业技术大学,2,330038
2025,2,06,机电一体化技术,B785,江西职业技术大学,2,303603
2025,2,08,工业机器人技术,B785,江西职业技术大学,2,303011
2025,2,09,船舶电气工程技术,B785,江西职业技术大学,4,324471
2025,2,11,电子信息工程技术,B785,江西职业技术大学,4,324971
2025,2,12,应用电子技术,B785,江西职业技术大学,2,335073
2025,2,26,电子商务,B785,江西职业技术大学,2,312848
2025,2,30,移动互联应用技术,B785,江西职业技术大学,4,336744
2025,2,31,计算机网络技术,B785,江西职业技术大学,4,308720
2025,2,32,软件技术,B785,江西职业技术大学,4,294488
2025,2,37,建筑室内设计,B785,江西职业技术大学,2,326823
2025,2,43,大数据与会计,B785,江西职业技术大学,5,284073
2025,2,45,商务英语,B785,江西职业技术大学,3,309455
2025,2,0R,食品检验检测技术,B787,濮阳职业技术学院,10,526414
2025,2,0T,应用化工技术,B787,濮阳职业技术学院,40,554109
2025,2,0U,环境工程技术,B787,濮阳职业技术学院,35,574463
2025,2,0V,石油工程技术,B787,濮阳职业技术学院,40,552492
2025,2,0W,材料工程技术,B787,濮阳职业技术学院,40,566879
2025,2,0Y,机电一体化技术,B787,濮阳职业技术学院,5,458860
2025,2,19,工程测量技术,B787,濮阳职业技术学院,10,548773
2025,2,1A,建筑室内设计,B787,濮阳职业技术学院,10,540975
2025,2,1D,大数据与会计,B787,濮阳职业技术学院,10,484811
2025,2,01,学前教育(师范类),B796,武汉城市职业学院,6,352090
2025,2,06,融媒体技术与运营,B796,武汉城市职业学院,5,299429
2025,2,07,文化创意与策划,B796,武汉城市职业学院,6,306961
2025,2,0D,大数据与会计,B796,武汉城市职业学院,7,269211
2025,2,0L,大数据技术,B796,武汉城市职业学院,3,278695
2025,2,0N,移动应用开发,B796,武汉城市职业学院,3,313892
2025,2,18,旅游英语,B796,武汉城市职业学院,2,311064
2025,2,19,应用韩语,B796,武汉城市职业学院,2,309380
2025,2,1J,建筑工程技术,B796,武汉城市职业学院,5,358369
2025,2,1Q,机械制造及自动化,B796,武汉城市职业学院,15,305453
2025,2,2A,商务英语,B796,武汉城市职业学院,6,304380
2025,2,0Z,空中乘务,B800,汉口学院,5,540455
2025,2,10,电子信息工程技术,B800,汉口学院,5,427468
2025,2,11,计算机应用技术,B800,汉口学院,5,403297
2025,2,12,大数据与会计,B800,汉口学院,10,429109
2025,2,13,工商企业管理,B800,汉口学院,10,502972
2025,2,19,中文,B800,汉口学院,5,414766
2025,2,1A,人力资源管理,B800,汉口学院,10,520168
2025,2,06,临床医学,B823,长春医学高等专科学校,3,263020
2025,2,07,口腔医学,B823,长春医学高等专科学校,2,215995
2025,2,08,护理,B823,长春医学高等专科学校,3,279821
2025,2,0B,中医学,B823,长春医学高等专科学校,2,227976
2025,2,04,人力资源管理,B824,桂林师范学院,2,313240
2025,2,05,电子商务,B824,桂林师范学院,3,311624
2025,2,07,中文,B824,桂林师范学院,4,289590
2025,2,11,商务英语,B824,桂林师范学院,3,335020
2025,2,14,小学数学教育(师范类),B824,桂林师范学院,3,331729
2025,2,15,计算机应用技术,B824,桂林师范学院,2,305064
2025,2,16,计算机网络技术,B824,桂林师范学院,2,307925
2025,2,19,现代教育技术(师范类),B824,桂林师范学院,2,333128
2025,2,22,机电一体化技术,B824,桂林师范学院,3,323728
2025,2,24,分析检验技术,B824,桂林师范学院,2,347792
2025,2,25,药品生产技术,B824,桂林师范学院,3,354289
2025,2,34,舞蹈教育(中外合作办学)(师范类),B824,桂林师范学院,8,667240
2025,2,35,音乐教育(中外合作办学)(师范类),B824,桂林师范学院,8,673360
2025,2,11,发电厂及电力系统,B826,西安电力高等专科学校,1,276371
2025,2,12,电力系统继电保护技术,B826,西安电力高等专科学校,1,273253
2025,2,13,供用电技术,B826,西安电力高等专科学校,1,277392
2025,2,14,输配电工程技术,B826,西安电力高等专科学校,1,277368
2025,2,17,光伏工程技术,B826,西安电力高等专科学校,1,283985
2025,2,21,热能动力工程技术,B826,西安电力高等专科学校,1,278109
2025,2,22,发电运行技术,B826,西安电力高等专科学校,2,277665
2025,2,23,工业过程自动化技术,B826,西安电力高等专科学校,1,300157
2025,2,01,发电厂及电力系统,B827,山东电力高等专科学校,220,264753
2025,2,02,电力系统继电保护技术,B827,山东电力高等专科学校,100,244834
2025,2,03,电力系统自动化技术,B827,山东电力高等专科学校,100,221550
2025,2,04,供用电技术,B827,山东电力高等专科学校,150,269110
2025,2,08,发电运行技术,B827,山东电力高等专科学校,220,277067
2025,2,01,发电厂及电力系统,B828,郑州电力高等专科学校,10,285489
2025,2,04,输配电工程技术,B828,郑州电力高等专科学校,10,292998
2025,2,08,分布式发电与智能微电网技术,B828,郑州电力高等专科学校,5,289446
2025,2,09,热能动力工程技术,B828,郑州电力高等专科学校,10,305799
2025,2,10,新能源装备技术,B828,郑州电力高等专科学校,5,303519
2025,2,11,发电运行技术,B828,郑州电力高等专科学校,10,296036
2025,2,1K,机电一体化技术(高本贯通),B833,上海杉达学院,2,273377
2025,2,1L,智能控制技术,B833,上海杉达学院,1,323964
2025,2,1M,电气自动化技术,B833,上海杉达学院,1,286275
2025,2,1P,现代物流管理(国际多式联运),B833,上海杉达学院,2,362260
2025,2,40,旅游管理,B837,桂林旅游学院,2,363205
2025,2,41,空中乘务,B837,桂林旅游学院,4,466384
2025,2,42,酒店管理与数字化运营,B837,桂林旅游学院,2,358775
2025,2,43,国际邮轮乘务管理,B837,桂林旅游学院,2,417913
2025,2,44,休闲服务与管理,B837,桂林旅游学院,2,390521
2025,2,46,工商企业管理,B837,桂林旅游学院,2,294548
2025,2,47,国际商务,B837,桂林旅游学院,2,331189
2025,2,48,西式烹饪工艺,B837,桂林旅游学院,2,376896
2025,2,49,烹饪工艺与营养,B837,桂林旅游学院,2,383521
2025,2,52,导游,B837,桂林旅游学院,2,371256
2025,2,53,现代文秘,B837,桂林旅游学院,2,345981
2025,2,01,护理,B841,民办四川天一学院,30,678612
2025,2,02,药学,B841,民办四川天一学院,16,677053
2025,2,03,动物医学,B841,民办四川天一学院,18,598556
2025,2,04,畜牧兽医,B841,民办四川天一学院,12,630763
2025,2,06,中药学,B841,民办四川天一学院,12,680234
2025,2,07,医学检验技术,B841,民办四川天一学院,20,674612
2025,2,08,医学影像技术,B841,民办四川天一学院,20,678635
2025,2,09,口腔医学技术,B841,民办四川天一学院,28,674144
2025,2,10,医学美容技术,B841,民办四川天一学院,10,655576
2025,2,11,婴幼儿托育服务与管理,B841,民办四川天一学院,7,678520
2025,2,25,物联网应用技术,B841,民办四川天一学院,7,680823
2025,2,29,大数据与会计,B841,民办四川天一学院,11,657710
2025,2,30,工商企业管理,B841,民办四川天一学院,10,670509
2025,2,40,动漫制作技术,B841,民办四川天一学院,6,679837
2025,2,43,康复治疗技术,B841,民办四川天一学院,7,665306
2025,2,01,医学营养,B908,天津医学高等专科学校,2,273888
2025,2,04,预防医学,B908,天津医学高等专科学校,2,341503
2025,2,05,护理,B908,天津医学高等专科学校,5,329357
2025,2,06,助产,B908,天津医学高等专科学校,1,388605
2025,2,08,医学影像技术,B908,天津医学高等专科学校,1,298579
2025,2,10,医学美容技术,B908,天津医学高等专科学校,1,309754
2025,2,11,美容美体艺术,B908,天津医学高等专科学校,1,273758
2025,2,12,口腔医学,B908,天津医学高等专科学校,4,281631
2025,2,15,药物制剂技术,B908,天津医学高等专科学校,1,298441
2025,2,16,中药学,B908,天津医学高等专科学校,1,290732
2025,2,18,医学检验技术,B908,天津医学高等专科学校,1,269771
2025,2,20,针灸推拿,B908,天津医学高等专科学校,1,222576
2025,2,21,康复治疗技术,B908,天津医学高等专科学校,1,281040
2025,2,22,临床医学,B908,天津医学高等专科学校,1,251073
2025,2,A1,发电厂及电力系统,B916,重庆电力高等专科学校,7,272385
2025,2,B1,电力系统继电保护技术,B916,重庆电力高等专科学校,5,277114
2025,2,C1,电力系统自动化技术,B916,重庆电力高等专科学校,5,266379
2025,2,E1,供用电技术,B916,重庆电力高等专科学校,8,279815
2025,2,K1,新能源装备技术,B916,重庆电力高等专科学校,5,286640
2025,2,M1,风力发电工程技术,B916,重庆电力高等专科学校,10,292244
2025,2,N1,分布式发电与智能微电网技术,B916,重庆电力高等专科学校,5,281551
2025,2,R1,发电运行技术,B916,重庆电力高等专科学校,5,281255
2025,2,S1,核电站动力设备运行与维护,B916,重庆电力高等专科学校,5,284678
2025,2,U1,热工自动化技术,B916,重庆电力高等专科学校,5,289488
2025,2,V1,智能控制技术,B916,重庆电力高等专科学校,5,289263
2025,2,2C,中文,B939,连云港师范学院,2,236498
2025,2,2M,早期教育(师范类),B939,连云港师范学院,3,288521
2025,2,2Q,小学英语教育(师范类),B939,连云港师范学院,25,289610
2025,2,01,小学语文教育(师范类),B959,鹤岗师范高等专科学校,5,340562
2025,2,04,小学数学教育(师范类),B959,鹤岗师范高等专科学校,5,406964
2025,2,09,小学英语教育(师范类),B959,鹤岗师范高等专科学校,5,423246
2025,2,01,临床医学,B961,安徽第二医学院,15,323137
2025,2,02,医学影像技术,B961,安徽第二医学院,2,283944
2025,2,03,康复治疗技术,B961,安徽第二医学院,2,257989
2025,2,05,口腔医学,B961,安徽第二医学院,15,292477
2025,2,06,口腔医学技术,B961,安徽第二医学院,2,280854
2025,2,08,护理,B961,安徽第二医学院,4,266861
2025,2,0C,医学检验技术,B961,安徽第二医学院,2,306536
2025,2,0D,眼视光技术,B961,安徽第二医学院,2,275953
2025,2,0E,智能医疗装备技术,B961,安徽第二医学院,2,306393
2025,2,0G,药学,B961,安徽第二医学院,2,275484
2025,2,0J,生物制药技术,B961,安徽第二医学院,2,298710
2025,2,1A,临床医学,B964,邢台医学院,4,307310
2025,2,2A,中医学,B964,邢台医学院,7,271318
2025,2,3A,口腔医学,B964,邢台医学院,7,293320
2025,2,4A,护理,B964,邢台医学院,5,294402
2025,2,4J,智慧健康养老服务与管理,B964,邢台医学院,5,313265
2025,2,01,药品质量与安全,B965,湖北中医药高等专科学校,1,300927
2025,2,03,智能医疗装备技术,B965,湖北中医药高等专科学校,1,287911
2025,2,04,临床医学,B965,湖北中医药高等专科学校,2,239604
2025,2,05,口腔医学,B965,湖北中医药高等专科学校,2,259727
2025,2,06,护理,B965,湖北中医药高等专科学校,1,226021
2025,2,07,助产,B965,湖北中医药高等专科学校,1,296507
2025,2,08,药学,B965,湖北中医药高等专科学校,1,246645
2025,2,09,中医学,B965,湖北中医药高等专科学校,2,201672
2025,2,0A,中医骨伤,B965,湖北中医药高等专科学校,1,196310
2025,2,0B,针灸推拿,B965,湖北中医药高等专科学校,1,177173
2025,2,0C,中药学,B965,湖北中医药高等专科学校,1,199370
2025,2,0E,中医养生保健,B965,湖北中医药高等专科学校,1,255816
2025,2,0F,医学检验技术,B965,湖北中医药高等专科学校,1,253487
2025,2,0G,医学美容技术,B965,湖北中医药高等专科学校,1,243978
2025,2,0H,康复治疗技术,B965,湖北中医药高等专科学校,1,256331
2025,2,0M,智慧健康养老服务与管理,B965,湖北中医药高等专科学校,1,267059
2025,2,0T,婴幼儿托育服务与管理,B965,湖北中医药高等专科学校,1,261384
2025,2,11,小学语文教育(师范类),B967,焦作师范高等专科学校,5,295546
2025,2,01,中医学,B968,安徽中医药高等专科学校,4,226268
2025,2,03,健康管理(中医健康管理方向),B968,安徽中医药高等专科学校,4,347569
2025,2,05,中药学,B968,安徽中医药高等专科学校,4,296546
2025,2,06,药物制剂技术,B968,安徽中医药高等专科学校,4,340981
2025,2,08,中药制药,B968,安徽中医药高等专科学校,4,330856
2025,2,15,智慧健康养老服务与管理,B968,安徽中医药高等专科学校,7,369489
2025,2,16,老年保健与管理,B968,安徽中医药高等专科学校,2,354411
2025,2,17,口腔医学,B968,安徽中医药高等专科学校,2,248103
2025,2,19,临床医学,B968,安徽中医药高等专科学校,5,281406
2025,2,21,医学检验技术,B968,安徽中医药高等专科学校,4,327833
2025,2,01,大数据技术,B999,海南职业技术学院,3,408247
2025,2,02,计算机网络技术,B999,海南职业技术学院,4,409855
2025,2,03,计算机应用技术,B999,海南职业技术学院,4,416464
2025,2,04,工程造价,B999,海南职业技术学院,3,539300
2025,2,05,建筑工程技术,B999,海南职业技术学院,3,601770
2025,2,06,新能源汽车技术,B999,海南职业技术学院,5,461779
2025,2,07,智能网联汽车技术,B999,海南职业技术学院,4,505823
2025,2,08,新能源装备技术,B999,海南职业技术学院,4,474564
2025,2,0A,空中乘务,B999,海南职业技术学院,4,547237
2025,2,0B,旅游管理,B999,海南职业技术学院,3,540891
2025,2,0C,民航安全技术管理,B999,海南职业技术学院,4,522606
2025,2,0D,珠宝首饰技术与管理,B999,海南职业技术学院,4,564908
2025,2,0E,中药学,B999,海南职业技术学院,4,455443
2025,2,0F,园林技术,B999,海南职业技术学院,3,594345
2025,2,0G,药学,B999,海南职业技术学院,4,476433
2025,2,0H,现代农业技术,B999,海南职业技术学院,4,541150
2025,2,0J,食品质量与安全,B999,海南职业技术学院,3,510546
2025,2,0K,畜牧兽医,B999,海南职业技术学院,3,403625
2025,2,0M,供应链运营,B999,海南职业技术学院,4,540614
2025,2,0N,港口与航运管理,B999,海南职业技术学院,4,494761
2025,2,0P,现代物流管理,B999,海南职业技术学院,4,510353
2025,2,0Q,人力资源管理,B999,海南职业技术学院,4,598061
2025,2,0R,跨境电子商务,B999,海南职业技术学院,3,486818
2025,2,0S,电子商务,B999,海南职业技术学院,3,440952
2025,2,0T,大数据与会计,B999,海南职业技术学院,3,412788
2025,2,0U,大数据与财务管理,B999,海南职业技术学院,4,403975
2025,2,0Y,婴幼儿托育服务与管理,B999,海南职业技术学院,4,583876
2025,2,0Z,融媒体技术与运营,B999,海南职业技术学院,3,487977
2025,2,18,现代物流管理,C036,浙江交通职业技术学院,5,284787
2025,2,19,商务英语,C036,浙江交通职业技术学院,5,273866
2025,2,30,航海技术,C036,浙江交通职业技术学院,5,282476
2025,2,04,飞机机电设备维修,C040,广州民航职业技术学院,6,280393
2025,2,05,飞机部件修理,C040,广州民航职业技术学院,1,275257
2025,2,06,通用航空器维修,C040,广州民航职业技术学院,2,280067
2025,2,07,航空发动机维修技术,C040,广州民航职业技术学院,4,287766
2025,2,10,民航空中安全保卫,C040,广州民航职业技术学院,128,552967
2025,2,12,电子商务,C040,广州民航职业技术学院,1,284323
2025,2,13,航空物流管理,C040,广州民航职业技术学院,1,256028
2025,2,14,航空物流管理,C040,广州民航职业技术学院,2,287290
2025,2,15,大数据与会计,C040,广州民航职业技术学院,1,266834
2025,2,16,民航安全技术管理(民航旅客安全检查),C040,广州民航职业技术学院,1,240964
2025,2,17,民航安全技术管理(民航货邮安全检查),C040,广州民航职业技术学院,4,271403
2025,2,22,通用航空航务技术(通航管制),C040,广州民航职业技术学院,1,278434
2025,2,23,电子信息工程技术,C040,广州民航职业技术学院,2,322893
2025,2,26,机场电工技术,C040,广州民航职业技术学院,2,293195
2025,2,28,民航通信技术(通信设备维修),C040,广州民航职业技术学院,1,276284
2025,2,31,人工智能技术应用,C040,广州民航职业技术学院,1,293857
2025,2,32,物联网应用技术,C040,广州民航职业技术学院,1,287954
2025,2,33,无人机应用技术,C040,广州民航职业技术学院,2,292997
2025,2,01,飞机机电设备维修(中外合作办学),C040,广州民航职业技术学院,9,353232
2025,2,02,飞机结构修理(中外合作办学),C040,广州民航职业技术学院,5,366320
2025,2,03,飞机电子设备维修(中外合作办学),C040,广州民航职业技术学院,5,359539
2025,2,09,空中乘务(中外合作办学),C040,广州民航职业技术学院,117,509294
2025,2,0E,国际金融,C047,江苏经贸职业技术学院,5,284219
2025,2,0F,大数据与财务管理,C047,江苏经贸职业技术学院,5,249041
2025,2,0J,国际经济与贸易,C047,江苏经贸职业技术学院,5,269335
2025,2,0K,工商企业管理,C047,江苏经贸职业技术学院,5,286593
2025,2,0N,电子商务,C047,江苏经贸职业技术学院,5,279361
2025,2,0R,现代物流管理,C047,江苏经贸职业技术学院,5,289694
2025,2,0S,旅游管理,C047,江苏经贸职业技术学院,5,298917
2025,2,0D,新能源汽车技术,C049,吉林交通职业技术学院,2,366299
2025,2,0G,智能工程机械运用技术,C049,吉林交通职业技术学院,2,370603
2025,2,0T,城市轨道交通运营管理,C049,吉林交通职业技术学院,5,335057
2025,2,0U,电子信息工程技术,C049,吉林交通职业技术学院,4,382642
2025,2,11,现代物流管理,C049,吉林交通职业技术学院,2,388431
2025,2,16,软件技术,C051,湖北职业技术学院,5,311551
2025,2,21,临床医学,C051,湖北职业技术学院,5,301159
2025,2,22,口腔医学,C051,湖北职业技术学院,8,267987
2025,2,23,护理,C051,湖北职业技术学院,4,287926
2025,2,30,医学美容技术,C051,湖北职业技术学院,3,299139
2025,2,31,康复治疗技术,C051,湖北职业技术学院,2,286802
2025,2,39,学前教育(师范类),C051,湖北职业技术学院,3,376965
2025,2,01,机械设计与制造,C052,武汉船舶职业技术学院,2,322362
2025,2,03,数字化设计与制造技术,C052,武汉船舶职业技术学院,2,343512
2025,2,04,智能光电制造技术,C052,武汉船舶职业技术学院,2,325262
2025,2,05,工业机器人技术,C052,武汉船舶职业技术学院,2,307704
2025,2,06,智能控制技术,C052,武汉船舶职业技术学院,2,304147
2025,2,10,船舶动力工程技术,C052,武汉船舶职业技术学院,2,310780
2025,2,13,新能源汽车技术,C052,武汉船舶职业技术学院,2,310372
2025,2,14,船舶工程技术,C052,武汉船舶职业技术学院,4,292182
2025,2,18,船舶智能焊接技术,C052,武汉船舶职业技术学院,2,292733
2025,2,20,电气自动化技术,C052,武汉船舶职业技术学院,2,277955
2025,2,22,工业互联网应用,C052,武汉船舶职业技术学院,2,315551
2025,2,28,业财数据应用与管理,C052,武汉船舶职业技术学院,2,308921
2025,2,37,人工智能技术应用,C052,武汉船舶职业技术学院,2,313939
2025,2,38,计算机网络技术,C052,武汉船舶职业技术学院,3,313148
2025,2,39,软件技术,C052,武汉船舶职业技术学院,2,303345
2025,2,40,数字媒体技术,C052,武汉船舶职业技术学院,2,286338
2025,2,41,云计算技术应用,C052,武汉船舶职业技术学院,2,322018
2025,2,42,大数据技术,C052,武汉船舶职业技术学院,4,308368
2025,2,69,机电一体化技术,C052,武汉船舶职业技术学院,3,284933
2025,2,71,船舶电气工程技术,C052,武汉船舶职业技术学院,2,298889
2025,2,75,大数据与会计,C052,武汉船舶职业技术学院,2,264246
2025,2,76,旅游管理,C052,武汉船舶职业技术学院,2,357939
2025,2,77,酒店管理与数字化运营,C052,武汉船舶职业技术学院,2,356006
2025,2,83,建筑工程技术,C052,武汉船舶职业技术学院,2,371403
2025,2,84,建筑钢结构工程技术,C052,武汉船舶职业技术学院,2,401398
2025,2,93,电子商务,C052,武汉船舶职业技术学院,2,318548
2025,2,94,供应链运营,C052,武汉船舶职业技术学院,2,356408
2025,2,95,市场营销,C052,武汉船舶职业技术学院,2,328870
2025,2,96,现代物流管理,C052,武汉船舶职业技术学院,2,336927
2025,2,98,商务数据分析与应用,C052,武汉船舶职业技术学院,2,319294
2025,2,01,建筑工程技术,C053,黑龙江建筑职业技术学院,2,389809
2025,2,11,市政工程技术,C053,黑龙江建筑职业技术学院,2,357443
2025,2,14,建筑设计,C053,黑龙江建筑职业技术学院,3,366931
2025,2,29,工程造价,C053,黑龙江建筑职业技术学院,5,396211
2025,2,33,大数据与会计,C053,黑龙江建筑职业技术学院,5,304499
2025,2,41,计算机网络技术,C053,黑龙江建筑职业技术学院,3,317803
2025,2,43,机电一体化技术,C054,九州职业技术学院,6,545725
2025,2,47,计算机网络技术,C054,九州职业技术学院,6,570801
2025,2,48,汽车检测与维修技术,C054,九州职业技术学院,3,586176
2025,2,49,新能源汽车技术,C054,九州职业技术学院,6,587143
2025,2,4A,护理,C054,九州职业技术学院,35,678248
2025,2,4B,康复治疗技术,C054,九州职业技术学院,25,653300
2025,2,4E,建筑工程技术,C054,九州职业技术学院,3,601851
2025,2,4K,城市轨道交通工程技术,C054,九州职业技术学院,3,494033
2025,2,4L,建筑消防技术,C054,九州职业技术学院,3,630622
2025,2,4M,电子商务,C054,九州职业技术学院,5,573512
2025,2,4P,大数据与会计,C054,九州职业技术学院,5,492742
2025,2,4R,法律事务,C054,九州职业技术学院,12,478345
2025,2,4Z,飞机机电设备维修,C054,九州职业技术学院,3,572231
2025,2,50,通用航空器维修,C054,九州职业技术学院,3,600017
2025,2,52,智能制造装备技术,C054,九州职业技术学院,6,615842
2025,2,01,飞行器维修技术,C055,长沙航空职业技术学院,6,197440
2025,2,02,航空发动机维修技术,C055,长沙航空职业技术学院,2,201378
2025,2,03,通用航空器维修,C055,长沙航空职业技术学院,2,239814
2025,2,05,理化测试与质检技术,C055,长沙航空职业技术学院,2,216105
2025,2,07,飞机电子设备维修,C055,长沙航空职业技术学院,3,219858
2025,2,08,民航通信技术,C055,长沙航空职业技术学院,2,255999
2025,2,09,应用电子技术,C055,长沙航空职业技术学院,3,277772
2025,2,10,电气自动化技术,C055,长沙航空职业技术学院,4,271699
2025,2,11,导弹维修技术,C055,长沙航空职业技术学院,3,179400
2025,2,12,飞行器数字化制造技术,C055,长沙航空职业技术学院,5,260941
2025,2,13,航空发动机制造技术,C055,长沙航空职业技术学院,3,251879
2025,2,14,航空发动机装配调试技术,C055,长沙航空职业技术学院,2,261350
2025,2,15,机电一体化技术,C055,长沙航空职业技术学院,2,270341
2025,2,16,数控技术,C055,长沙航空职业技术学院,3,284599
2025,2,17,工业机器人技术,C055,长沙航空职业技术学院,2,273152
2025,2,18,智能焊接技术,C055,长沙航空职业技术学院,2,280779
2025,2,19,空中乘务,C055,长沙航空职业技术学院,10,421904
2025,2,21,民航安全技术管理,C055,长沙航空职业技术学院,3,266257
2025,2,04,机电一体化技术,C057,包头职业技术学院,10,441073
2025,2,06,智能焊接技术,C057,包头职业技术学院,5,451012
2025,2,25,机械制造及自动化,C057,包头职业技术学院,5,423781
2025,2,04,水利水电建筑工程,C058,黄河水利职业技术大学,5,235920
2025,2,06,水利水电工程技术,C058,黄河水利职业技术大学,5,259022
2025,2,09,智慧水利技术,C058,黄河水利职业技术大学,5,279344
2025,2,0D,道路与桥梁工程技术,C058,黄河水利职业技术大学,5,313612
2025,2,0E,工程造价,C058,黄河水利职业技术大学,5,329870
2025,2,0M,测绘地理信息技术,C058,黄河水利职业技术大学,5,275446
2025,2,0N,地籍测绘与土地管理,C058,黄河水利职业技术大学,5,290201
2025,2,0R,机电一体化技术,C058,黄河水利职业技术大学,5,279688
2025,2,0S,工业机器人技术,C058,黄河水利职业技术大学,5,302046
2025,2,0U,新能源汽车技术,C058,黄河水利职业技术大学,5,322660
2025,2,12,电子信息工程技术,C058,黄河水利职业技术大学,5,299075
2025,2,14,大数据与财务管理,C058,黄河水利职业技术大学,5,297084
2025,2,16,大数据与会计,C058,黄河水利职业技术大学,5,288641
2025,2,1B,现代物流管理,C058,黄河水利职业技术大学,5,330786
2025,2,1D,环境工程技术,C058,黄河水利职业技术大学,5,318282
2025,2,1F,生态环境修复技术,C058,黄河水利职业技术大学,5,302092
2025,2,1H,计算机网络技术,C058,黄河水利职业技术大学,5,290373
2025,2,1M,软件技术,C058,黄河水利职业技术大学,5,292469
2025,2,1N,旅游管理,C058,黄河水利职业技术大学,5,364679
2025,2,1P,酒店管理与数字化运营,C058,黄河水利职业技术大学,5,378676
2025,2,01,环境工程技术,C062,日照职业技术学院,31,384071
2025,2,02,食品检验检测技术,C062,日照职业技术学院,47,321649
2025,2,03,食品生物技术,C062,日照职业技术学院,33,354225
2025,2,04,食品智能加工技术,C062,日照职业技术学院,38,350727
2025,2,05,生物制药技术,C062,日照职业技术学院,31,352990
2025,2,06,水产养殖技术,C062,日照职业技术学院,34,372194
2025,2,07,工程造价,C062,日照职业技术学院,80,432693
2025,2,08,建设工程管理,C062,日照职业技术学院,30,419734
2025,2,09,建筑工程技术,C062,日照职业技术学院,65,420773
2025,2,10,智慧城市管理技术,C062,日照职业技术学院,30,429593
2025,2,11,智能建造技术,C062,日照职业技术学院,29,399646
2025,2,12,电气自动化技术,C062,日照职业技术学院,40,296992
2025,2,13,钢铁冶金设备维护,C062,日照职业技术学院,20,417686
2025,2,14,钢铁智能冶金技术,C062,日照职业技术学院,26,391939
2025,2,15,工业机器人技术,C062,日照职业技术学院,44,338818
2025,2,17,机电一体化技术,C062,日照职业技术学院,40,305045
2025,2,18,金属材料检测技术,C062,日照职业技术学院,15,414549
2025,2,19,数控技术,C062,日照职业技术学院,40,339887
2025,2,1A,智能轧钢技术,C062,日照职业技术学院,15,431441
2025,2,1B,飞行器数字化制造技术,C062,日照职业技术学院,30,372996
2025,2,1C,飞行器维修技术,C062,日照职业技术学院,50,368704
2025,2,1D,通用航空航务技术,C062,日照职业技术学院,44,382831
2025,2,1E,无人机应用技术,C062,日照职业技术学院,45,344482
2025,2,1G,汽车检测与维修技术,C062,日照职业技术学院,39,360177
2025,2,1H,汽车制造与试验技术,C062,日照职业技术学院,35,371714
2025,2,1J,新能源汽车技术,C062,日照职业技术学院,35,318887
2025,2,1K,新能源汽车检测与维修技术,C062,日照职业技术学院,25,338960
2025,2,1L,智能网联汽车技术,C062,日照职业技术学院,30,375207
2025,2,1M,工业互联网技术,C062,日照职业技术学院,42,362616
2025,2,1N,人工智能技术应用(北京华晟经世班),C062,日照职业技术学院,60,378213
2025,2,1P,软件技术,C062,日照职业技术学院,73,324262
2025,2,1Q,物联网应用技术(北京华晟经世班),C062,日照职业技术学院,55,384534
2025,2,1R,现代移动通信技术(北京华晟经世班),C062,日照职业技术学院,55,398535
2025,2,1S,信息安全技术应用,C062,日照职业技术学院,42,350142
2025,2,1T,云计算技术应用,C062,日照职业技术学院,45,341915
2025,2,1U,大数据与会计,C062,日照职业技术学院,40,274248
2025,2,1V,大数据与审计,C062,日照职业技术学院,34,292285
2025,2,1W,统计与会计核算,C062,日照职业技术学院,38,304938
2025,2,1X,电子商务,C062,日照职业技术学院,30,356740
2025,2,1Y,工商企业管理,C062,日照职业技术学院,40,393736
2025,2,1Z,国际经济与贸易,C062,日照职业技术学院,40,385271
2025,2,20,网络营销与直播电商,C062,日照职业技术学院,35,393976
2025,2,21,现代物流管理,C062,日照职业技术学院,60,382808
2025,2,22,酒店管理与数字化运营,C062,日照职业技术学院,28,412924
2025,2,23,旅游管理,C062,日照职业技术学院,32,396612
2025,2,24,学前教育(师范类),C062,日照职业技术学院,25,337375
2025,2,25,研学旅行管理与服务,C062,日照职业技术学院,35,433913
2025,2,26,动漫制作技术,C062,日照职业技术学院,44,316670
2025,2,27,党务工作,C062,日照职业技术学院,30,352362
2025,2,2D,酒店管理与数字化运营(北京礼信年年团餐管理班),C062,日照职业技术学院,40,456784
2025,2,2F,酒店管理与数字化运营(万豪国际班),C062,日照职业技术学院,39,459353
2025,2,2G,旅游管理(北京国际度假区人才储备班),C062,日照职业技术学院,40,435828
2025,2,2H,旅游管理(上海迪士尼储备人才班),C062,日照职业技术学院,39,422169
2025,2,2J,汽车技术服务与营销(山东临工班),C062,日照职业技术学院,39,450564
2025,2,2C,汽车检测与维修技术(中外合作办学)(与韩国新星大学合作),C062,日照职业技术学院,38,523264
2025,2,2B,汽车制造与试验技术(高职技师合作培养，在日照市技师学院就读),C062,日照职业技术学院,80,531502
2025,2,60,食品生物技术(高职院校专项计划),C062,日照职业技术学院,3,482802
2025,2,61,水产养殖技术(高职院校专项计划),C062,日照职业技术学院,3,533130
2025,2,62,工程造价(高职院校专项计划),C062,日照职业技术学院,5,639774
2025,2,63,智能轧钢技术(高职院校专项计划，天台山校区就读),C062,日照职业技术学院,3,568323
2025,2,65,飞行器维修技术(高职院校专项计划，天台山校区就读),C062,日照职业技术学院,3,429304
2025,2,66,通用航空航务技术(高职院校专项计划，天台山校区就读),C062,日照职业技术学院,3,524719
2025,2,67,飞行器数字化制造技术(高职院校专项计划，天台山校区就读),C062,日照职业技术学院,3,493638
2025,2,68,学前教育(师范类，高职院校专项计划),C062,日照职业技术学院,5,580994
2025,2,6A,电子商务(高职院校专项计划),C062,日照职业技术学院,3,558834
2025,2,6D,汽车检测与维修技术(高职院校专项计划，天台山校区就读),C062,日照职业技术学院,3,532986
2025,2,6E,软件技术(高职院校专项计划),C062,日照职业技术学院,3,458021
2025,2,6G,大数据与审计(高职院校专项计划),C062,日照职业技术学院,3,368507
2025,2,28,大数据与会计(高职3+2贯通培养，衔接临沂大学会计学专业),C062,日照职业技术学院,40,186160
2025,2,29,旅游管理(高职3+2贯通培养，衔接山东女子学院旅游管理专业),C062,日照职业技术学院,40,246299
2025,2,2A,建筑工程技术(高职3+2贯通培养，衔接枣庄学院土木工程专业),C062,日照职业技术学院,40,269083
2025,2,A1,护理,C063,盘锦职业技术学院,4,311265
2025,2,A2,助产,C063,盘锦职业技术学院,3,402274
2025,2,B5,机械制造及自动化,C063,盘锦职业技术学院,10,349837
2025,2,B6,电气自动化技术,C063,盘锦职业技术学院,6,332571
2025,2,B7,汽车检测与维修技术,C063,盘锦职业技术学院,5,387113
2025,2,B8,汽车制造与试验技术,C063,盘锦职业技术学院,5,381780
2025,2,C1,智能制造装备技术,C063,盘锦职业技术学院,3,361730
2025,2,C2,石油化工技术,C063,盘锦职业技术学院,10,401274
2025,2,C3,应用化工技术,C063,盘锦职业技术学院,7,388277
2025,2,C4,精细化工技术,C063,盘锦职业技术学院,2,384899
2025,2,C6,化工安全技术,C063,盘锦职业技术学院,1,390981
2025,2,C9,石油工程技术,C063,盘锦职业技术学院,2,389958
2025,2,D3,数字媒体技术,C063,盘锦职业技术学院,2,336917
2025,2,00,航空复合材料成型与加工技术,C064,成都航空职业技术大学,5,327666
2025,2,04,电气自动化技术,C064,成都航空职业技术大学,4,300668
2025,2,06,飞行器数字化装配技术,C064,成都航空职业技术大学,3,316741
2025,2,07,航空材料精密成型技术,C064,成都航空职业技术大学,5,329361
2025,2,10,工业机器人技术,C064,成都航空职业技术大学,3,329446
2025,2,12,航空发动机维修技术,C064,成都航空职业技术大学,5,302486
2025,2,13,飞机机电设备维修,C064,成都航空职业技术大学,6,295051
2025,2,14,飞机电子设备维修,C064,成都航空职业技术大学,3,295910
2025,2,15,通用航空器维修,C064,成都航空职业技术大学,5,301655
2025,2,18,无人机应用技术,C064,成都航空职业技术大学,5,301065
2025,2,21,电子信息工程技术,C064,成都航空职业技术大学,3,324271
2025,2,22,应用电子技术,C064,成都航空职业技术大学,3,341078
2025,2,35,航空物流管理,C064,成都航空职业技术大学,3,304531
2025,2,37,空中乘务,C064,成都航空职业技术大学,20,481913
2025,2,01,动物医学,C070,曲阜远东职业技术学院,17,565987
2025,2,02,建筑设计,C070,曲阜远东职业技术学院,46,679888
2025,2,03,建筑装饰工程技术,C070,曲阜远东职业技术学院,77,680127
2025,2,04,古建筑工程技术,C070,曲阜远东职业技术学院,71,677728
2025,2,05,工程造价,C070,曲阜远东职业技术学院,28,678559
2025,2,06,电气自动化技术,C070,曲阜远东职业技术学院,39,567872
2025,2,08,无人机应用技术,C070,曲阜远东职业技术学院,1,501310
2025,2,09,新能源汽车技术,C070,曲阜远东职业技术学院,1,523305
2025,2,11,食品智能加工技术,C070,曲阜远东职业技术学院,58,680649
2025,2,12,食品检验检测技术,C070,曲阜远东职业技术学院,49,640528
2025,2,13,高速铁路客运服务,C070,曲阜远东职业技术学院,50,644123
2025,2,15,应用电子技术,C070,曲阜远东职业技术学院,40,648997
2025,2,16,计算机应用技术,C070,曲阜远东职业技术学院,50,626335
2025,2,17,计算机网络技术,C070,曲阜远东职业技术学院,73,670829
2025,2,19,大数据技术,C070,曲阜远东职业技术学院,59,680364
2025,2,20,现代通信技术,C070,曲阜远东职业技术学院,34,680771
2025,2,22,集成电路技术,C070,曲阜远东职业技术学院,40,679776
2025,2,23,护理,C070,曲阜远东职业技术学院,78,625288
2025,2,24,助产,C070,曲阜远东职业技术学院,15,674885
2025,2,25,中药学,C070,曲阜远东职业技术学院,14,550422
2025,2,26,中医康复技术,C070,曲阜远东职业技术学院,2,527284
2025,2,27,医学检验技术,C070,曲阜远东职业技术学院,2,519986
2025,2,28,口腔医学技术,C070,曲阜远东职业技术学院,14,512735
2025,2,29,康复治疗技术,C070,曲阜远东职业技术学院,5,531716
2025,2,30,婴幼儿托育服务与管理,C070,曲阜远东职业技术学院,23,658075
2025,2,31,口腔卫生保健,C070,曲阜远东职业技术学院,13,585062
2025,2,34,大数据与会计,C070,曲阜远东职业技术学院,67,656880
2025,2,36,市场营销,C070,曲阜远东职业技术学院,17,654738
2025,2,37,电子商务,C070,曲阜远东职业技术学院,49,680848
2025,2,38,网络营销与直播电商,C070,曲阜远东职业技术学院,33,676850
2025,2,39,旅游管理,C070,曲阜远东职业技术学院,83,679690
2025,2,40,酒店管理与数字化运营,C070,曲阜远东职业技术学院,86,679936
2025,2,41,餐饮智能管理,C070,曲阜远东职业技术学院,68,679583
2025,2,42,数字媒体艺术设计,C070,曲阜远东职业技术学院,7,632829
2025,2,43,环境艺术设计,C070,曲阜远东职业技术学院,24,678277
2025,2,44,书画艺术,C070,曲阜远东职业技术学院,13,677806
2025,2,45,动漫设计,C070,曲阜远东职业技术学院,21,643487
2025,2,46,雕刻艺术设计,C070,曲阜远东职业技术学院,21,672754
2025,2,47,陶瓷设计与工艺,C070,曲阜远东职业技术学院,25,679685
2025,2,48,音乐表演,C070,曲阜远东职业技术学院,28,680840
2025,2,49,舞蹈表演,C070,曲阜远东职业技术学院,26,671853
2025,2,52,网络新闻与传播,C070,曲阜远东职业技术学院,54,679875
2025,2,54,融媒体技术与运营,C070,曲阜远东职业技术学院,52,679589
2025,2,55,网络直播与运营,C070,曲阜远东职业技术学院,57,679224
2025,2,56,早期教育,C070,曲阜远东职业技术学院,7,648686
2025,2,58,社区管理与服务,C070,曲阜远东职业技术学院,62,680650
2025,2,59,智慧健康养老服务与管理,C070,曲阜远东职业技术学院,30,635668
2025,2,60,现代殡葬技术与管理,C070,曲阜远东职业技术学院,10,476370
2025,2,07,计算机应用技术,C072,安徽商贸职业技术学院,10,358092
2025,2,08,计算机网络技术,C072,安徽商贸职业技术学院,10,370967
2025,2,0F,大数据与财务管理,C072,安徽商贸职业技术学院,5,299744
2025,2,0K,国际经济与贸易,C072,安徽商贸职业技术学院,5,337662
2025,2,18,高速铁路客运服务,C074,阜阳职业技术学院,4,391809
2025,2,25,护理,C074,阜阳职业技术学院,4,367383
2025,2,26,药学,C074,阜阳职业技术学院,4,384499
2025,2,32,大数据与会计,C074,阜阳职业技术学院,2,351827
2025,2,33,电子商务,C074,阜阳职业技术学院,4,445735
2025,2,34,网络营销与直播电商,C074,阜阳职业技术学院,4,432781
2025,2,35,智能物流技术,C074,阜阳职业技术学院,4,474012
2025,2,36,酒店管理与数字化运营,C074,阜阳职业技术学院,4,480879
2025,2,05,机电一体化技术,C078,硅湖职业技术学院,5,525712
2025,2,10,计算机应用技术,C078,硅湖职业技术学院,5,511314
2025,2,17,智能医疗装备技术,C078,硅湖职业技术学院,5,618672
2025,2,23,现代殡葬技术与管理,C078,硅湖职业技术学院,5,361507
2025,2,25,数字媒体技术,C078,硅湖职业技术学院,5,501795
2025,2,28,人工智能技术应用,C078,硅湖职业技术学院,5,548980
2025,2,0U,机电一体化技术,C105,天津中德应用技术大学,15,305591
2025,2,0V,电气自动化技术,C105,天津中德应用技术大学,10,295385
2025,2,0X,电子商务,C105,天津中德应用技术大学,10,294296
2025,2,70,机械设计制造类,C215,重庆工业职业技术学院,3,326697
2025,2,90,自动化类,C215,重庆工业职业技术学院,3,313122
2025,2,78,软件技术(中外合作办学),C215,重庆工业职业技术学院,4,402631
2025,2,04,机电一体化技术,C217,铜陵职业技术学院,3,321086
2025,2,12,计算机应用技术,C217,铜陵职业技术学院,2,357817
2025,2,17,信息安全技术应用,C217,铜陵职业技术学院,2,379797
2025,2,18,护理,C217,铜陵职业技术学院,7,387052
2025,2,20,药学,C217,铜陵职业技术学院,2,363420
2025,2,21,医学检验技术,C217,铜陵职业技术学院,3,370847
2025,2,22,医学影像技术,C217,铜陵职业技术学院,3,362912
2025,2,26,电子商务,C217,铜陵职业技术学院,2,420300
2025,2,33,环境艺术设计,C217,铜陵职业技术学院,2,442208
2025,2,36,动漫设计,C217,铜陵职业技术学院,2,344036
2025,2,37,学前教育(师范类),C217,铜陵职业技术学院,2,447074
2025,2,01,法律事务,C219,安徽警官职业学院,5,285662
2025,2,02,道路养护与管理,C222,贵州交通职业大学,3,505176
2025,2,10,空中乘务,C222,贵州交通职业大学,10,535668
2025,2,16,电气自动化技术,C222,贵州交通职业大学,3,297341
2025,2,19,建筑工程技术,C222,贵州交通职业大学,3,375642
2025,2,01,新闻采编与制作,C300,湖南大众传媒职业技术学院,3,289599
2025,2,02,广播影视节目制作,C300,湖南大众传媒职业技术学院,2,276301
2025,2,07,数字广播电视技术,C300,湖南大众传媒职业技术学院,2,299322
2025,2,0M,数字媒体技术,C300,湖南大众传媒职业技术学院,2,271125
2025,2,0W,电子商务,C300,湖南大众传媒职业技术学院,2,325462
2025,2,0Y,大数据与会计,C300,湖南大众传媒职业技术学院,2,301533
2025,2,10,商务英语,C300,湖南大众传媒职业技术学院,2,333291
2025,2,01,临床医学,C301,永州职业技术学院,2,322176
2025,2,02,口腔医学,C301,永州职业技术学院,2,278560
2025,2,0B,医学影像技术,C301,永州职业技术学院,1,281830
2025,2,07,铁道机车车辆制造与维护,C302,湖南铁道职业技术学院,4,291754
2025,2,0F,铁道工程技术,C302,湖南铁道职业技术学院,2,283916
2025,2,0G,高速铁路施工与维护,C302,湖南铁道职业技术学院,5,308420
2025,2,13,物联网应用技术,C302,湖南铁道职业技术学院,4,395494
2025,2,14,信息安全技术应用,C302,湖南铁道职业技术学院,2,314095
2025,2,21,铁道车辆技术,C302,湖南铁道职业技术学院,3,292330
2025,2,22,铁道机车运用与维护,C302,湖南铁道职业技术学院,3,229058
2025,2,23,动车组检修技术,C302,湖南铁道职业技术学院,5,289881
2025,2,24,城市轨道车辆应用技术,C302,湖南铁道职业技术学院,6,296647
2025,2,25,铁道供电技术,C302,湖南铁道职业技术学院,1,271500
2025,2,26,铁道信号自动控制,C302,湖南铁道职业技术学院,2,283208
2025,2,2J,高速铁路综合维修技术,C302,湖南铁道职业技术学院,8,310900
2025,2,32,铁道交通运营管理,C302,湖南铁道职业技术学院,10,278963
2025,2,01,软件技术,C304,湖南科技职业学院,1,291462
2025,2,0U,商务管理,C304,湖南科技职业学院,7,393775
2025,2,01,护理,C306,长春东方职业学院,4,615388
2025,2,11,药学,C306,长春东方职业学院,2,585922
2025,2,19,医学影像技术,C306,长春东方职业学院,2,600418
2025,2,20,医学检验技术,C306,长春东方职业学院,2,647232
2025,2,2G,工程造价,C308,海口经济学院,2,650976
2025,2,2M,人力资源管理,C308,海口经济学院,3,654230
2025,2,2P,电子商务,C308,海口经济学院,2,552097
2025,2,2R,商务英语,C308,海口经济学院,2,519414
2025,2,2S,商务日语,C308,海口经济学院,2,675830
2025,2,2T,国际经济与贸易(跨境电商),C308,海口经济学院,2,414926
2025,2,2V,计算机网络技术,C308,海口经济学院,3,646194
2025,2,2Z,电子竞技运动与管理,C308,海口经济学院,2,675824
2025,2,3C,空中乘务,C308,海口经济学院,2,613680
2025,2,47,影视编导,C308,海口经济学院,3,652735
2025,2,9G,市场营销(奢饰品营销),C308,海口经济学院,2,624766
2025,2,9L,市场营销,C308,海口经济学院,2,633029
2025,2,9N,人力资源管理(人力资本管理与分析师),C308,海口经济学院,2,670130
2025,2,9P,电子商务(商业分析与大数据),C308,海口经济学院,2,640926
2025,2,AK,汽车智能技术,C308,海口经济学院,2,641385
2025,2,AM,环境监测技术,C308,海口经济学院,2,665177
2025,2,AS,金融科技应用,C308,海口经济学院,3,654370
2025,2,AT,飞机机电设备维修,C308,海口经济学院,2,609583
2025,2,AV,建筑室内设计,C308,海口经济学院,3,656332
2025,2,AW,健康管理,C308,海口经济学院,2,605425
2025,2,AX,商务管理,C308,海口经济学院,3,643285
2025,2,AY,新能源汽车技术,C308,海口经济学院,2,660557
2025,2,AZ,无人机应用技术,C308,海口经济学院,2,643185
2025,2,BP,网络新闻与传播,C308,海口经济学院,2,662880
2025,2,40,计算机应用技术(华为云特色班),C309,武昌首义学院,2,378525
2025,2,41,计算机应用技术(腾讯云特色班),C309,武昌首义学院,2,364338
2025,2,44,电子信息工程技术,C309,武昌首义学院,2,402675
2025,2,47,机械制造及自动化,C309,武昌首义学院,2,427345
2025,2,49,电气自动化技术,C309,武昌首义学院,2,393089
2025,2,53,应用英语,C309,武昌首义学院,2,448718
2025,2,54,大数据与财务管理(腾讯云特色班),C309,武昌首义学院,2,339120
2025,2,57,市场营销(腾讯云特色班),C309,武昌首义学院,2,371276
2025,2,58,工业机器人技术,C309,武昌首义学院,2,434985
2025,2,59,集成电路技术,C309,武昌首义学院,2,450227
2025,2,37,装配化装修技术,C310,武昌理工学院,4,521713
2025,2,38,智慧城市管理技术,C310,武昌理工学院,3,443052
2025,2,39,建筑工程技术,C310,武昌理工学院,3,516486
2025,2,40,工程造价,C310,武昌理工学院,5,509627
2025,2,41,机电一体化技术,C310,武昌理工学院,4,388651
2025,2,42,生物制药技术,C310,武昌理工学院,5,489461
2025,2,43,药品经营与管理,C310,武昌理工学院,4,503285
2025,2,44,空中乘务,C310,武昌理工学院,5,547997
2025,2,45,计算机网络技术,C310,武昌理工学院,5,374236
2025,2,46,护理,C310,武昌理工学院,4,416004
2025,2,47,证券实务,C310,武昌理工学院,3,440089
2025,2,49,旅游管理,C310,武昌理工学院,4,460123
2025,2,C1,大数据与财务管理,C310,武昌理工学院,5,472309
2025,2,01,光伏工程技术,C317,常州信息职业技术学院,2,286283
2025,2,02,机械设计与制造,C317,常州信息职业技术学院,4,278424
2025,2,05,机电一体化技术,C317,常州信息职业技术学院,5,266282
2025,2,06,智能控制技术,C317,常州信息职业技术学院,2,258138
2025,2,08,电气自动化技术,C317,常州信息职业技术学院,4,266060
2025,2,09,工业互联网应用,C317,常州信息职业技术学院,1,283455
2025,2,0A,新能源汽车技术,C317,常州信息职业技术学院,2,270496
2025,2,0C,物联网应用技术,C317,常州信息职业技术学院,1,282294
2025,2,0F,计算机应用技术,C317,常州信息职业技术学院,2,255447
2025,2,0H,软件技术,C317,常州信息职业技术学院,1,196576
2025,2,0J,大数据技术,C317,常州信息职业技术学院,3,276855
2025,2,0L,信息安全技术应用,C317,常州信息职业技术学院,2,270178
2025,2,1F,工业软件开发技术,C317,常州信息职业技术学院,1,288690
2025,2,02,机电一体化技术,C324,青岛职业技术学院,100,308498
2025,2,03,电气自动化技术,C324,青岛职业技术学院,33,289785
2025,2,04,工业机器人技术,C324,青岛职业技术学院,40,332598
2025,2,05,模具设计与制造,C324,青岛职业技术学院,40,367040
2025,2,06,制冷与空调技术,C324,青岛职业技术学院,40,370630
2025,2,07,物联网应用技术,C324,青岛职业技术学院,41,350375
2025,2,08,软件技术,C324,青岛职业技术学院,142,349323
2025,2,09,人工智能技术应用,C324,青岛职业技术学院,79,361546
2025,2,0B,云计算技术应用,C324,青岛职业技术学院,29,359370
2025,2,0C,信息安全技术应用,C324,青岛职业技术学院,36,363943
2025,2,0D,集成电路技术,C324,青岛职业技术学院,90,375824
2025,2,0E,应用化工技术,C324,青岛职业技术学院,146,391187
2025,2,0F,海洋化工技术,C324,青岛职业技术学院,31,386012
2025,2,0G,生物制药技术,C324,青岛职业技术学院,80,361509
2025,2,0H,分析检验技术,C324,青岛职业技术学院,32,375593
2025,2,0J,环境监测技术,C324,青岛职业技术学院,39,388840
2025,2,0L,电子商务,C324,青岛职业技术学院,74,389020
2025,2,0M,市场营销,C324,青岛职业技术学院,10,372761
2025,2,0N,大数据与会计,C324,青岛职业技术学院,77,289005
2025,2,0P,现代物流管理,C324,青岛职业技术学院,36,377600
2025,2,0Q,传播与策划,C324,青岛职业技术学院,42,351997
2025,2,0R,财富管理,C324,青岛职业技术学院,78,435282
2025,2,0S,旅游管理,C324,青岛职业技术学院,28,406843
2025,2,0T,酒店管理与数字化运营,C324,青岛职业技术学院,60,446633
2025,2,0U,休闲服务与管理,C324,青岛职业技术学院,48,443476
2025,2,0V,商务日语,C324,青岛职业技术学院,47,409358
2025,2,0W,研学旅行管理与服务,C324,青岛职业技术学院,48,450348
2025,2,0X,茶艺与茶文化,C324,青岛职业技术学院,9,401442
2025,2,0Z,婴幼儿托育服务与管理,C324,青岛职业技术学院,111,482389
2025,2,11,人力资源管理,C324,青岛职业技术学院,32,354229
2025,2,17,影视多媒体技术,C324,青岛职业技术学院,70,380420
2025,2,X1,化工智能制造技术,C324,青岛职业技术学院,80,415212
2025,2,G1,机电一体化技术(中外合作办学),C324,青岛职业技术学院,80,463385
2025,2,G2,电气自动化技术(中外合作办学),C324,青岛职业技术学院,80,447257
2025,2,G3,数控技术(中外合作办学),C324,青岛职业技术学院,80,501221
2025,2,G4,旅游管理(中外合作办学),C324,青岛职业技术学院,9,504848
2025,2,S1,机电一体化技术(高职技师合作培养，在青岛市技师学院就读),C324,青岛职业技术学院,40,382580
2025,2,J8,机电一体化技术(高职院校专项计划),C324,青岛职业技术学院,3,348477
2025,2,JA,软件技术(高职院校专项计划),C324,青岛职业技术学院,7,484861
2025,2,JB,应用化工技术(高职院校专项计划，色盲、色弱考生不予录取),C324,青岛职业技术学院,5,572410
2025,2,JC,分析检验技术(高职院校专项计划，色盲、色弱考生不予录取),C324,青岛职业技术学院,2,496728
2025,2,JD,大数据与会计(高职院校专项计划),C324,青岛职业技术学院,3,363606
2025,2,JE,酒店管理与数字化运营(高职院校专项计划),C324,青岛职业技术学院,2,536821
2025,2,JF,商务日语(高职院校专项计划),C324,青岛职业技术学院,3,645974
2025,2,JG,学前教育(师范类，高职院校专项计划，色盲、色弱考生不予录取),C324,青岛职业技术学院,4,561152
2025,2,JH,婴幼儿托育服务与管理(高职院校专项计划，色盲、色弱考生不予录取),C324,青岛职业技术学院,5,599250
2025,2,A1,软件技术(高职3+2贯通培养，衔接枣庄学院计算机科学与技术专业),C324,青岛职业技术学院,50,230768
2025,2,A2,人工智能技术应用(高职3+2贯通培养，衔接齐鲁师范学院人工智能专业),C324,青岛职业技术学院,30,223323
2025,2,A3,集成电路技术(高职3+2贯通培养，衔接临沂大学微电子科学与工程专业),C324,青岛职业技术学院,30,228146
2025,2,A4,旅游管理(高职3+2贯通培养，衔接泰山学院旅游管理专业),C324,青岛职业技术学院,40,256190
2025,2,A5,学前教育(师范类，高职3+2贯通培养，衔接聊城大学学前教育专业),C324,青岛职业技术学院,30,226992
2025,2,A6,体育保健与康复(高职3+2贯通培养，衔接山东体育学院运动康复专业),C324,青岛职业技术学院,30,232122
2025,2,01,电子信息工程技术,C326,威海职业学院,67,371552
2025,2,02,物联网应用技术,C326,威海职业学院,48,374125
2025,2,03,计算机应用技术,C326,威海职业学院,82,337420
2025,2,04,软件技术,C326,威海职业学院,64,365819
2025,2,05,大数据技术,C326,威海职业学院,59,359707
2025,2,06,人工智能技术应用,C326,威海职业学院,30,366098
2025,2,07,现代通信技术,C326,威海职业学院,54,381327
2025,2,08,机械设计与制造,C326,威海职业学院,64,361494
2025,2,09,数控技术,C326,威海职业学院,75,371298
2025,2,10,智能焊接技术,C326,威海职业学院,42,382463
2025,2,11,工业机器人技术,C326,威海职业学院,40,366348
2025,2,12,电气自动化技术,C326,威海职业学院,37,320226
2025,2,13,数字媒体技术,C326,威海职业学院,83,347021
2025,2,14,服装与服饰设计,C326,威海职业学院,25,445417
2025,2,15,广告艺术设计,C326,威海职业学院,26,383978
2025,2,16,大数据与会计,C326,威海职业学院,51,300875
2025,2,17,工商企业管理,C326,威海职业学院,10,412065
2025,2,18,市场营销,C326,威海职业学院,35,446297
2025,2,19,现代物流管理,C326,威海职业学院,105,447348
2025,2,20,建筑装饰工程技术,C326,威海职业学院,47,485342
2025,2,21,风景园林设计,C326,威海职业学院,34,435298
2025,2,22,建筑工程技术,C326,威海职业学院,31,472991
2025,2,23,装配式建筑工程技术,C326,威海职业学院,29,507846
2025,2,24,建筑电气工程技术,C326,威海职业学院,48,435264
2025,2,25,工程造价,C326,威海职业学院,23,432978
2025,2,26,药品生物技术,C326,威海职业学院,114,406052
2025,2,27,食品检验检测技术,C326,威海职业学院,114,380351
2025,2,28,药品质量与安全,C326,威海职业学院,90,405613
2025,2,29,医疗器械经营与服务,C326,威海职业学院,60,505966
2025,2,30,机电一体化技术,C326,威海职业学院,87,338351
2025,2,31,船舶工程技术,C326,威海职业学院,43,362461
2025,2,32,船舶动力工程技术,C326,威海职业学院,42,401908
2025,2,33,无人机应用技术,C326,威海职业学院,22,371564
2025,2,34,新能源汽车检测与维修技术,C326,威海职业学院,40,383293
2025,2,35,婴幼儿托育服务与管理,C326,威海职业学院,45,511081
2025,2,36,学前教育(师范类),C326,威海职业学院,23,357845
2025,2,37,体育艺术表演,C326,威海职业学院,28,562878
2025,2,38,航海技术,C326,威海职业学院,80,426027
2025,2,39,轮机工程技术,C326,威海职业学院,80,448208
2025,2,40,国际邮轮乘务管理,C326,威海职业学院,60,534637
2025,2,41,港口与航运管理,C326,威海职业学院,50,427162
2025,2,42,船舶电子电气技术,C326,威海职业学院,80,467329
2025,2,43,电子商务,C326,威海职业学院,108,438694
2025,2,44,跨境电子商务,C326,威海职业学院,92,480385
2025,2,45,网络营销与直播电商,C326,威海职业学院,57,468628
2025,2,46,旅游管理,C326,威海职业学院,153,523943
2025,2,47,酒店管理与数字化运营,C326,威海职业学院,62,499421
2025,2,48,烹饪工艺与营养,C326,威海职业学院,42,436076
2025,2,W1,软件技术(中外合作办学)(与俄罗斯阿尔泰波尔祖诺夫国立技术大学合作),C326,威海职业学院,32,488084
2025,2,W2,电气自动化技术(中外合作办学)(与俄罗斯阿尔泰波尔祖诺夫国立技术大,C326,威海职业学院,40,449076
2025,2,W3,广告艺术设计(中外合作办学)(与韩国水原大学合作),C326,威海职业学院,70,607432
2025,2,W4,建筑装饰工程技术(中外合作办学)(与芬兰坦佩雷应用科学大学合作),C326,威海职业学院,70,602173
2025,2,T1,数控技术(高职技师合作培养，在威海技师学院就读),C326,威海职业学院,40,470262
2025,2,P1,计算机应用技术(高职院校专项计划),C326,威海职业学院,2,478045
2025,2,P2,机械设计与制造(高职院校专项计划),C326,威海职业学院,2,463080
2025,2,P3,电气自动化技术(高职院校专项计划),C326,威海职业学院,1,426548
2025,2,P4,数字媒体技术(高职院校专项计划),C326,威海职业学院,2,474023
2025,2,P5,市场营销(高职院校专项计划),C326,威海职业学院,6,642854
2025,2,P6,工程造价(高职院校专项计划),C326,威海职业学院,2,653819
2025,2,P7,学前教育(师范类，高职院校专项计划),C326,威海职业学院,2,574644
2025,2,P8,旅游管理(高职院校专项计划),C326,威海职业学院,2,603568
2025,2,P9,酒店管理与数字化运营(高职院校专项计划),C326,威海职业学院,2,670153
2025,2,L1,软件技术(高职3+2贯通培养，衔接山东工商学院软件工程专业),C326,威海职业学院,30,227903
2025,2,L2,市场营销(高职3+2贯通培养，衔接山东工商学院工商管理专业),C326,威海职业学院,30,236000
2025,2,L4,建筑工程技术(高职3+2贯通培养，衔接菏泽学院土木工程专业),C326,威海职业学院,30,271810
2025,2,10,铁道机车运用与维护,C328,山东职业学院,54,230703
2025,2,11,铁道车辆技术,C328,山东职业学院,49,245254
2025,2,12,动车组检修技术,C328,山东职业学院,55,188745
2025,2,16,铁道交通运营管理,C328,山东职业学院,35,161707
2025,2,17,高速铁路综合维修技术,C328,山东职业学院,34,196682
2025,2,18,城市轨道车辆应用技术,C328,山东职业学院,70,236757
2025,2,19,城市轨道交通机电技术,C328,山东职业学院,54,231365
2025,2,20,城市轨道交通运营管理,C328,山东职业学院,79,224094
2025,2,21,城市轨道交通通信信号技术,C328,山东职业学院,52,277636
2025,2,22,城市轨道交通供配电技术,C328,山东职业学院,47,281454
2025,2,23,机电一体化技术,C328,山东职业学院,46,289932
2025,2,24,机械制造及自动化,C328,山东职业学院,32,292961
2025,2,25,电子信息工程技术,C328,山东职业学院,38,301320
2025,2,26,电气自动化技术,C328,山东职业学院,66,286292
2025,2,27,工业互联网应用,C328,山东职业学院,57,327349
2025,2,28,增材制造技术,C328,山东职业学院,42,335109
2025,2,29,港口机械与智能控制,C328,山东职业学院,57,304208
2025,2,30,计算机网络技术,C328,山东职业学院,60,278120
2025,2,31,软件技术,C328,山东职业学院,66,310743
2025,2,32,动漫制作技术,C328,山东职业学院,66,310711
2025,2,34,信息安全技术应用,C328,山东职业学院,42,300748
2025,2,35,大数据技术,C328,山东职业学院,42,285405
2025,2,36,食品检验检测技术,C328,山东职业学院,40,302842
2025,2,37,药品质量与安全,C328,山东职业学院,33,308625
2025,2,39,建筑工程技术,C328,山东职业学院,34,311559
2025,2,40,道路与桥梁工程技术,C328,山东职业学院,59,284151
2025,2,41,智能建造技术,C328,山东职业学院,53,324346
2025,2,42,国际商务,C328,山东职业学院,27,325380
2025,2,43,网络营销与直播电商,C328,山东职业学院,36,326055
2025,2,44,现代物流管理,C328,山东职业学院,48,297436
2025,2,45,大数据与会计,C328,山东职业学院,46,266773
2025,2,46,民航安全技术管理,C328,山东职业学院,51,319003
2025,2,13,铁道供电技术(中外合作办学)(与俄罗斯乌拉尔国立交通大学合作),C328,山东职业学院,152,339458
2025,2,14,铁道信号自动控制(中外合作办学)(与俄罗斯乌拉尔国立交通大学合作),C328,山东职业学院,79,282893
2025,2,15,铁道工程技术(中外合作办学)(与俄罗斯乌拉尔国立交通大学合作),C328,山东职业学院,223,357644
2025,2,38,药品生产技术(中外合作办学)(与俄罗斯托木斯克国立大学合作),C328,山东职业学院,75,389988
2025,2,47,铁道机车运用与维护(高职院校专项计划),C328,山东职业学院,8,364871
2025,2,50,铁道交通运营管理(高职院校专项计划),C328,山东职业学院,2,278260
2025,2,52,城市轨道车辆应用技术(高职院校专项计划),C328,山东职业学院,6,361839
2025,2,54,城市轨道交通运营管理(高职院校专项计划),C328,山东职业学院,3,317388
2025,2,58,电气自动化技术(高职院校专项计划),C328,山东职业学院,11,422854
2025,2,63,食品检验检测技术(高职院校专项计划),C328,山东职业学院,2,398842
2025,2,64,药品质量与安全(高职院校专项计划),C328,山东职业学院,2,406299
2025,2,65,道路与桥梁工程技术(高职院校专项计划),C328,山东职业学院,4,417671
2025,2,A6,软件技术(高职院校专项计划),C328,山东职业学院,6,419729
2025,2,A7,民航安全技术管理(高职院校专项计划),C328,山东职业学院,6,421207
2025,2,67,机械制造及自动化(高职3+2贯通培养，衔接山东科技大学应急装备技术与,C328,山东职业学院,30,257085
2025,2,68,道路与桥梁工程技术(高职3+2贯通培养，衔接山东交通学院土木工程专业,C328,山东职业学院,30,228159
2025,2,69,电子信息工程技术(高职3+2贯通培养，衔接山东建筑大学电子信息工程专,C328,山东职业学院,40,269671
2025,2,70,人工智能技术应用(高职3+2贯通培养，衔接齐鲁师范学院人工智能专业),C328,山东职业学院,30,216011
2025,2,71,国际商务(高职3+2贯通培养，衔接山东女子学院跨境电子商务专业),C328,山东职业学院,30,225828
2025,2,72,大数据与会计(高职3+2贯通培养，衔接山东青年政治学院财务管理专业),C328,山东职业学院,30,193353
2025,2,73,药品质量与安全(高职3+2贯通培养，衔接济宁学院生物制药专业),C328,山东职业学院,40,220011
2025,2,01,数控技术,C329,山东劳动职业技术学院,38,408591
2025,2,02,机电设备技术,C329,山东劳动职业技术学院,30,409656
2025,2,03,模具设计与制造,C329,山东劳动职业技术学院,40,447096
2025,2,04,智能控制技术,C329,山东劳动职业技术学院,40,424568
2025,2,05,机械制造及自动化,C329,山东劳动职业技术学院,22,379699
2025,2,06,机械设计与制造,C329,山东劳动职业技术学院,39,411928
2025,2,07,工业机器人技术,C329,山东劳动职业技术学院,30,417087
2025,2,08,智能焊接技术,C329,山东劳动职业技术学院,50,459365
2025,2,09,汽车检测与维修技术,C329,山东劳动职业技术学院,52,454749
2025,2,10,汽车技术服务与营销,C329,山东劳动职业技术学院,50,528875
2025,2,11,新能源汽车技术,C329,山东劳动职业技术学院,52,422305
2025,2,12,智能网联汽车技术,C329,山东劳动职业技术学院,40,472950
2025,2,13,电气自动化技术,C329,山东劳动职业技术学院,41,360205
2025,2,14,应用电子技术,C329,山东劳动职业技术学院,40,433576
2025,2,15,机电一体化技术,C329,山东劳动职业技术学院,30,361515
2025,2,16,工业互联网应用,C329,山东劳动职业技术学院,20,448965
2025,2,17,集成电路技术,C329,山东劳动职业技术学院,30,458519
2025,2,18,计算机应用技术,C329,山东劳动职业技术学院,20,363818
2025,2,19,计算机网络技术,C329,山东劳动职业技术学院,30,379329
2025,2,20,软件技术,C329,山东劳动职业技术学院,30,368585
2025,2,21,云计算技术应用,C329,山东劳动职业技术学院,25,411690
2025,2,22,大数据技术,C329,山东劳动职业技术学院,16,384099
2025,2,23,人工智能技术应用,C329,山东劳动职业技术学院,20,414226
2025,2,24,区块链技术应用,C329,山东劳动职业技术学院,40,489145
2025,2,25,建筑装饰工程技术,C329,山东劳动职业技术学院,5,486199
2025,2,26,数字媒体艺术设计,C329,山东劳动职业技术学院,65,423636
2025,2,27,虚拟现实技术应用,C329,山东劳动职业技术学院,47,467938
2025,2,29,建设工程管理,C329,山东劳动职业技术学院,30,524300
2025,2,30,电子商务,C329,山东劳动职业技术学院,40,446431
2025,2,32,现代物流管理,C329,山东劳动职业技术学院,30,482938
2025,2,33,国际商务,C329,山东劳动职业技术学院,27,495558
2025,2,34,商务数据分析与应用,C329,山东劳动职业技术学院,30,499298
2025,2,35,供应链运营,C329,山东劳动职业技术学院,50,513725
2025,2,36,大数据与会计,C329,山东劳动职业技术学院,20,326028
2025,2,37,劳动与社会保障,C329,山东劳动职业技术学院,40,508433
2025,2,38,金融服务与管理,C329,山东劳动职业技术学院,30,472581
2025,2,39,人力资源管理,C329,山东劳动职业技术学院,40,426684
2025,2,40,婴幼儿托育服务与管理,C329,山东劳动职业技术学院,30,534657
2025,2,41,职业指导与服务,C329,山东劳动职业技术学院,30,528499
2025,2,42,家具设计与制造,C329,山东劳动职业技术学院,50,566536
2025,2,43,机电一体化技术(中外合作办学),C329,山东劳动职业技术学院,40,513710
2025,2,44,软件技术(中外合作办学),C329,山东劳动职业技术学院,40,562174
2025,2,F1,汽车检测与维修技术(高职技师合作培养，在潍坊工程技师学院就读),C329,山东劳动职业技术学院,40,541394
2025,2,F2,电子商务(高职技师合作培养，在山东工程技师学院就读),C329,山东劳动职业技术学院,50,561700
2025,2,F3,汽车检测与维修技术(高职技师合作培养，在鲁南技师学院就读),C329,山东劳动职业技术学院,40,548005
2025,2,AB,大数据技术(高职3+2贯通培养，衔接山东女子学院数据科学与大数据技术,C329,山东劳动职业技术学院,40,240226
2025,2,AC,工业互联网应用(高职3+2贯通培养，衔接山东石油化工学院智能制造工程,C329,山东劳动职业技术学院,30,255562
2025,2,AD,工业机器人技术(高职3+2贯通培养，衔接山东管理学院机器人工程专业),C329,山东劳动职业技术学院,30,250322
2025,2,AE,现代物流管理(高职3+2贯通培养，衔接山东管理学院物流管理专业),C329,山东劳动职业技术学院,30,256416
2025,2,AF,人工智能技术应用(高职3+2贯通培养，衔接泰山学院人工智能专业),C329,山东劳动职业技术学院,30,253457
2025,2,26,钢铁智能冶金技术,C330,莱芜职业技术学院,55,529282
2025,2,27,有色金属智能冶金技术,C330,莱芜职业技术学院,40,548541
2025,2,28,金属精密成型技术,C330,莱芜职业技术学院,45,538202
2025,2,29,数控技术,C330,莱芜职业技术学院,80,427182
2025,2,30,模具设计与制造,C330,莱芜职业技术学院,34,467689
2025,2,31,机电一体化技术,C330,莱芜职业技术学院,170,388441
2025,2,32,工业机器人技术,C330,莱芜职业技术学院,40,439072
2025,2,33,电气自动化技术,C330,莱芜职业技术学院,35,364167
2025,2,34,无人机应用技术,C330,莱芜职业技术学院,80,427276
2025,2,35,建筑装饰工程技术,C330,莱芜职业技术学院,40,544809
2025,2,36,园林工程技术,C330,莱芜职业技术学院,40,551241
2025,2,37,城乡规划,C330,莱芜职业技术学院,40,551369
2025,2,39,工程造价,C330,莱芜职业技术学院,30,544463
2025,2,40,汽车制造与试验技术,C330,莱芜职业技术学院,64,485238
2025,2,41,新能源汽车技术,C330,莱芜职业技术学院,57,420761
2025,2,42,智能网联汽车技术,C330,莱芜职业技术学院,80,508186
2025,2,43,大数据与会计,C330,莱芜职业技术学院,57,368761
2025,2,44,市场营销,C330,莱芜职业技术学院,70,523418
2025,2,45,电子商务,C330,莱芜职业技术学院,60,474246
2025,2,46,现代物流管理,C330,莱芜职业技术学院,30,525453
2025,2,47,酒店管理与数字化运营,C330,莱芜职业技术学院,30,516700
2025,2,48,传播与策划,C330,莱芜职业技术学院,80,501816
2025,2,49,文物修复与保护,C330,莱芜职业技术学院,72,455877
2025,2,50,文物考古技术,C330,莱芜职业技术学院,60,429264
2025,2,51,文物展示利用技术,C330,莱芜职业技术学院,30,485165
2025,2,52,文物数字技术,C330,莱芜职业技术学院,30,496699
2025,2,53,电子信息工程技术,C330,莱芜职业技术学院,34,463202
2025,2,54,软件技术,C330,莱芜职业技术学院,69,408341
2025,2,55,大数据技术,C330,莱芜职业技术学院,55,428690
2025,2,56,信息安全技术应用,C330,莱芜职业技术学院,30,462954
2025,2,57,人工智能技术应用,C330,莱芜职业技术学院,52,447818
2025,2,58,早期教育,C330,莱芜职业技术学院,50,553784
2025,2,60,智慧健康养老服务与管理,C330,莱芜职业技术学院,90,494554
2025,2,61,护理,C330,莱芜职业技术学院,55,398786
2025,2,62,康复治疗技术,C330,莱芜职业技术学院,40,414279
2025,2,63,老年保健与管理,C330,莱芜职业技术学院,35,489134
2025,2,64,眼视光技术,C330,莱芜职业技术学院,70,386855
2025,2,65,现代农业技术,C330,莱芜职业技术学院,80,532298
2025,2,66,食品检验检测技术,C330,莱芜职业技术学院,74,434264
2025,2,67,生物制药技术,C330,莱芜职业技术学院,94,483339
2025,2,68,药品质量与安全,C330,莱芜职业技术学院,80,482945
2025,2,69,中药学,C330,莱芜职业技术学院,63,434975
2025,2,98,护理(中外合作办学),C330,莱芜职业技术学院,60,506130
2025,2,99,康复治疗技术(中外合作办学),C330,莱芜职业技术学院,60,573291
2025,2,9A,老年保健与管理(中外合作办学),C330,莱芜职业技术学院,60,626861
2025,2,9B,学前教育(中外合作办学)(师范类),C330,莱芜职业技术学院,40,679254
2025,2,89,机电一体化技术(高职3+2贯通培养，衔接山东农业大学机械电子工程专业,C330,莱芜职业技术学院,40,189026
2025,2,90,工业机器人技术(高职3+2贯通培养，衔接山东管理学院机器人工程专业),C330,莱芜职业技术学院,30,254133
2025,2,91,建筑工程技术(高职3+2贯通培养，衔接枣庄学院土木工程专业),C330,莱芜职业技术学院,40,274087
2025,2,92,文物展示利用技术(高职3+2贯通培养，衔接齐鲁师范学院文化遗产专业),C330,莱芜职业技术学院,30,230512
2025,2,93,大数据技术(高职3+2贯通培养，衔接山东体育学院数据科学与大数据技术,C330,莱芜职业技术学院,30,246218
2025,2,94,人工智能技术应用(高职3+2贯通培养，衔接聊城大学人工智能专业),C330,莱芜职业技术学院,30,223385
2025,2,95,学前教育(师范类，高职3+2贯通培养，衔接齐鲁师范学院学前教育专业),C330,莱芜职业技术学院,30,248240
2025,2,96,康复治疗技术(高职3+2贯通培养，衔接山东体育学院运动康复专业),C330,莱芜职业技术学院,30,226059
2025,2,97,中药学(高职3+2贯通培养，衔接山东农业工程学院中药资源与开发专业),C330,莱芜职业技术学院,40,220018
2025,2,95,新闻采编与制作,C331,山东女子学院,80,303459
2025,2,96,旅游管理,C331,山东女子学院,50,331578
2025,2,PW,大数据与会计(中外合作办学)(中澳合作办学，中澳双大专文凭),C331,山东女子学院,50,327919
2025,2,C6,材料成型及控制技术,C332,烟台南山学院,156,669792
2025,2,C7,电气自动化技术,C332,烟台南山学院,190,583133
2025,2,C8,高分子合成技术,C332,烟台南山学院,247,680570
2025,2,C9,机电一体化技术,C332,烟台南山学院,63,573135
2025,2,D1,机械制造及自动化,C332,烟台南山学院,91,591738
2025,2,D2,高分子材料智能制造技术,C332,烟台南山学院,97,680293
2025,2,D3,石油化工技术,C332,烟台南山学院,178,641265
2025,2,D4,金属智能加工技术,C332,烟台南山学院,96,679453
2025,2,D5,电子商务,C332,烟台南山学院,10,577099
2025,2,D6,动漫制作技术,C332,烟台南山学院,139,637384
2025,2,D7,工程造价,C332,烟台南山学院,228,681007
2025,2,D8,工商企业管理,C332,烟台南山学院,35,649696
2025,2,D9,商务数据分析与应用,C332,烟台南山学院,38,680801
2025,2,E1,金融服务与管理,C332,烟台南山学院,59,663578
2025,2,E2,智慧健康养老服务与管理,C332,烟台南山学院,50,608562
2025,2,E3,旅游管理,C332,烟台南山学院,20,619463
2025,2,E4,现代家用纺织品设计,C332,烟台南山学院,133,678641
2025,2,E5,人力资源管理,C332,烟台南山学院,48,653290
2025,2,E6,商务英语,C332,烟台南山学院,85,672529
2025,2,E7,社区康复,C332,烟台南山学院,60,640584
2025,2,E8,智能建造技术,C332,烟台南山学院,82,680995
2025,2,E9,食品生物技术,C332,烟台南山学院,260,680894
2025,2,F1,运动健康指导,C332,烟台南山学院,51,642150
2025,2,F2,酒店管理与数字化运营,C332,烟台南山学院,17,628631
2025,2,F3,现代物流管理,C332,烟台南山学院,48,624228
2025,2,F4,大数据技术,C332,烟台南山学院,233,679881
2025,2,F5,护理,C332,烟台南山学院,73,522246
2025,2,F6,大数据与会计,C332,烟台南山学院,42,563011
2025,2,F7,计算机网络技术,C332,烟台南山学院,91,627174
2025,2,F8,空中乘务,C332,烟台南山学院,176,675203
2025,2,F9,软件技术,C332,烟台南山学院,173,681089
2025,2,G1,婴幼儿托育服务与管理,C332,烟台南山学院,151,680394
2025,2,G2,广告艺术设计,C332,烟台南山学院,61,664289
2025,2,G4,服装与服饰设计,C332,烟台南山学院,32,668922
2025,2,01,机电一体化技术,C335,济宁职业技术学院,110,419666
2025,2,02,机械制造及自动化,C335,济宁职业技术学院,60,419864
2025,2,03,工业机器人技术,C335,济宁职业技术学院,90,459855
2025,2,04,电气自动化技术,C335,济宁职业技术学院,55,387028
2025,2,05,智能控制技术,C335,济宁职业技术学院,110,489034
2025,2,06,数控技术,C335,济宁职业技术学院,50,453408
2025,2,07,储能材料技术,C335,济宁职业技术学院,100,523186
2025,2,08,计算机应用技术,C335,济宁职业技术学院,60,417850
2025,2,09,计算机网络技术,C335,济宁职业技术学院,20,420920
2025,2,10,软件技术,C335,济宁职业技术学院,70,421955
2025,2,11,云计算技术应用,C335,济宁职业技术学院,50,477698
2025,2,12,电子信息工程技术,C335,济宁职业技术学院,20,478903
2025,2,13,大数据技术,C335,济宁职业技术学院,50,471652
2025,2,14,人工智能技术应用,C335,济宁职业技术学院,90,494385
2025,2,15,卫星通信与导航技术,C335,济宁职业技术学院,40,515912
2025,2,16,建筑工程技术,C335,济宁职业技术学院,103,563719
2025,2,17,建筑装饰工程技术,C335,济宁职业技术学院,45,556058
2025,2,18,工程造价,C335,济宁职业技术学院,20,553297
2025,2,19,智能建造技术,C335,济宁职业技术学院,40,539754
2025,2,20,汽车检测与维修技术,C335,济宁职业技术学院,30,464878
2025,2,21,新能源汽车技术,C335,济宁职业技术学院,40,444611
2025,2,22,汽车智能技术,C335,济宁职业技术学院,50,510837
2025,2,23,安全技术与管理,C335,济宁职业技术学院,40,531382
2025,2,24,无人机应用技术,C335,济宁职业技术学院,90,471587
2025,2,25,应用化工技术,C335,济宁职业技术学院,30,481278
2025,2,26,眼视光技术,C335,济宁职业技术学院,80,433297
2025,2,27,眼视光仪器技术,C335,济宁职业技术学院,20,452319
2025,2,28,药品生产技术,C335,济宁职业技术学院,45,477912
2025,2,29,医学美容技术,C335,济宁职业技术学院,45,432813
2025,2,30,医学营养,C335,济宁职业技术学院,45,469741
2025,2,31,康复治疗技术,C335,济宁职业技术学院,30,419907
2025,2,32,视觉训练与康复,C335,济宁职业技术学院,30,474580
2025,2,33,健康大数据管理与服务,C335,济宁职业技术学院,15,504932
2025,2,34,艺术设计,C335,济宁职业技术学院,10,499300
2025,2,35,数字媒体艺术设计,C335,济宁职业技术学院,10,426363
2025,2,36,服装与服饰设计,C335,济宁职业技术学院,30,525665
2025,2,37,环境艺术设计,C335,济宁职业技术学院,55,553626
2025,2,38,广告艺术设计,C335,济宁职业技术学院,55,474135
2025,2,39,书画艺术,C335,济宁职业技术学院,10,527436
2025,2,40,动漫制作技术,C335,济宁职业技术学院,30,452696
2025,2,41,大数据与会计,C335,济宁职业技术学院,80,397855
2025,2,42,电子商务,C335,济宁职业技术学院,20,504215
2025,2,43,市场营销,C335,济宁职业技术学院,50,538152
2025,2,44,网络营销与直播电商,C335,济宁职业技术学院,10,502701
2025,2,45,现代物流管理,C335,济宁职业技术学院,30,515459
2025,2,46,学前教育(师范类),C335,济宁职业技术学院,15,459891
2025,2,47,早期教育,C335,济宁职业技术学院,25,532141
2025,2,48,婴幼儿托育服务与管理,C335,济宁职业技术学院,25,545094
2025,2,49,旅游管理,C335,济宁职业技术学院,120,559643
2025,2,50,酒店管理与数字化运营,C335,济宁职业技术学院,45,554842
2025,2,51,护理,C335,济宁职业技术学院,20,391343
2025,2,52,空中乘务,C335,济宁职业技术学院,105,568284
2025,2,53,老年保健与管理,C335,济宁职业技术学院,80,529892
2025,2,54,研学旅行管理与服务,C335,济宁职业技术学院,65,560363
2025,2,H1,建筑工程技术(中外合作办学),C335,济宁职业技术学院,40,606382
2025,2,H2,医学美容技术(中外合作办学),C335,济宁职业技术学院,40,503229
2025,2,H3,现代物流管理(中外合作办学),C335,济宁职业技术学院,30,569566
2025,2,S1,机电一体化技术(高职技师合作培养，在菏泽技师学院就读),C335,济宁职业技术学院,200,523794
2025,2,S2,眼视光技术(高职技师合作培养，在日照技师学院就读),C335,济宁职业技术学院,200,522756
2025,2,G1,软件技术(高职3+2贯通培养，衔接济宁学院软件工程专业),C335,济宁职业技术学院,40,235722
2025,2,G2,大数据技术(高职3+2贯通培养，衔接济宁学院数据科学与大数据技术专业,C335,济宁职业技术学院,40,244063
2025,2,G3,云计算技术应用(高职3+2贯通培养，衔接临沂大学计算机科学与技术专业,C335,济宁职业技术学院,40,206426
2025,2,G4,建筑工程技术(高职3+2贯通培养，衔接聊城大学土木工程专业),C335,济宁职业技术学院,30,272289
2025,2,G5,汽车检测与维修技术(高职3+2贯通培养，衔接临沂大学车辆工程专业),C335,济宁职业技术学院,40,259836
2025,2,G6,眼视光技术(高职3+2贯通培养，衔接临沂大学眼视光学专业),C335,济宁职业技术学院,40,213762
2025,2,G7,大数据与会计(高职3+2贯通培养，衔接枣庄学院财务管理专业),C335,济宁职业技术学院,40,206487
2025,2,G8,人工智能技术应用(高职3+2贯通培养，衔接临沂大学人工智能专业),C335,济宁职业技术学院,30,231322
2025,2,01,机电一体化技术,C336,贵州电子信息职业技术学院,12,384238
2025,2,02,数字化设计与制造技术,C336,贵州电子信息职业技术学院,10,595152
2025,2,03,工业机器人技术,C336,贵州电子信息职业技术学院,3,398735
2025,2,04,工业互联网应用,C336,贵州电子信息职业技术学院,3,631408
2025,2,05,大数据技术,C336,贵州电子信息职业技术学院,8,643212
2025,2,06,软件技术,C336,贵州电子信息职业技术学院,10,626611
2025,2,07,计算机网络技术,C336,贵州电子信息职业技术学院,4,409659
2025,2,08,信息安全技术应用,C336,贵州电子信息职业技术学院,4,637644
2025,2,09,电子信息工程技术,C336,贵州电子信息职业技术学院,8,449030
2025,2,0A,计算机应用技术,C336,贵州电子信息职业技术学院,10,559343
2025,2,0C,集成电路技术,C336,贵州电子信息职业技术学院,6,658854
2025,2,0D,电子商务,C336,贵州电子信息职业技术学院,11,675792
2025,2,0E,现代物流管理,C336,贵州电子信息职业技术学院,6,679559
2025,2,0F,大数据与会计,C336,贵州电子信息职业技术学院,6,541380
2025,2,0G,大数据与财务管理,C336,贵州电子信息职业技术学院,6,425379
2025,2,0J,影视动画,C336,贵州电子信息职业技术学院,6,485805
2025,2,0K,新能源汽车技术,C336,贵州电子信息职业技术学院,9,411926
2025,2,0L,汽车检测与维修技术,C336,贵州电子信息职业技术学院,6,604291
2025,2,0M,电力系统自动化技术,C336,贵州电子信息职业技术学院,12,471481
2025,2,0N,发电运行技术,C336,贵州电子信息职业技术学院,10,585724
2025,2,01,现代农业技术,C347,恩施职业技术学院,3,441230
2025,2,02,茶叶生产与加工技术,C347,恩施职业技术学院,5,517640
2025,2,07,机械制造及自动化,C347,恩施职业技术学院,5,440559
2025,2,09,工业机器人技术,C347,恩施职业技术学院,5,443579
2025,2,10,新能源汽车技术,C347,恩施职业技术学院,5,453740
2025,2,12,药品经营与管理,C347,恩施职业技术学院,5,483862
2025,2,13,道路与桥梁工程技术,C347,恩施职业技术学院,5,521953
2025,2,17,信息安全技术应用,C347,恩施职业技术学院,5,433501
2025,2,21,药学,C347,恩施职业技术学院,5,445381
2025,2,24,大数据与会计,C347,恩施职业技术学院,5,379872
2025,2,31,中文,C347,恩施职业技术学院,8,423604
2025,2,59,酒店管理与数字化运营,C347,恩施职业技术学院,3,473180
2025,2,66,旅游管理,C347,恩施职业技术学院,3,487453
2025,2,73,无人机应用技术,C347,恩施职业技术学院,6,453087
2025,2,78,木业产品设计与制造,C347,恩施职业技术学院,2,522891
2025,2,04,宝玉石鉴定与加工,C349,云南国土资源职业学院,3,478695
2025,2,52,雕刻艺术设计,C349,云南国土资源职业学院,3,486680
2025,2,53,首饰设计与工艺,C349,云南国土资源职业学院,4,454022
2025,2,01,软件技术,C352,河北软件职业技术学院,10,412639
2025,2,18,电子商务,C352,河北软件职业技术学院,5,456004
2025,2,04,工业机器人技术,C354,襄阳职业技术学院,5,367126
2025,2,07,智能网联汽车技术,C354,襄阳职业技术学院,5,389340
2025,2,10,动物医学,C354,襄阳职业技术学院,4,281014
2025,2,11,现代农业技术,C354,襄阳职业技术学院,4,371001
2025,2,13,园林工程技术,C354,襄阳职业技术学院,4,397127
2025,2,16,人工智能技术应用,C354,襄阳职业技术学院,4,338707
2025,2,19,物联网应用技术,C354,襄阳职业技术学院,4,367303
2025,2,22,临床医学,C354,襄阳职业技术学院,2,306998
2025,2,23,口腔医学,C354,襄阳职业技术学院,9,279655
2025,2,24,中医学,C354,襄阳职业技术学院,3,277158
2025,2,27,医学影像技术,C354,襄阳职业技术学院,3,335183
2025,2,31,特殊教育(师范类),C354,襄阳职业技术学院,4,351878
2025,2,36,小学英语教育(师范类),C354,襄阳职业技术学院,3,333311
2025,2,41,现代物流管理,C354,襄阳职业技术学院,2,380799
2025,2,42,中小企业创业与经营,C354,襄阳职业技术学院,2,386208
2025,2,49,酒店管理与数字化运营,C354,襄阳职业技术学院,2,404374
2025,2,08,市政工程技术,C356,广西交通职业技术学院,10,596364
2025,2,0F,智能网联汽车技术,C356,广西交通职业技术学院,5,494593
2025,2,0G,铁道工程技术,C356,广西交通职业技术学院,5,390095
2025,2,0K,道路工程检测技术,C356,广西交通职业技术学院,5,495349
2025,2,0R,港口与航道工程技术,C356,广西交通职业技术学院,5,470551
2025,2,14,计算机网络技术,C356,广西交通职业技术学院,10,456560
2025,2,51,食品检验检测技术,C362,武汉生物工程学院,2,348709
2025,2,52,药品经营与管理,C362,武汉生物工程学院,2,371864
2025,2,53,药品生产技术,C362,武汉生物工程学院,2,402305
2025,2,55,园林技术,C362,武汉生物工程学院,2,465410
2025,2,60,计算机网络技术,C362,武汉生物工程学院,2,334953
2025,2,64,电子商务,C362,武汉生物工程学院,2,406867
2025,2,65,商务英语,C362,武汉生物工程学院,2,356718
2025,2,69,建筑工程技术,C362,武汉生物工程学院,2,453282
2025,2,70,工程造价,C362,武汉生物工程学院,2,458956
2025,2,72,机电一体化技术,C362,武汉生物工程学院,2,341593
2025,2,73,药品生物技术,C362,武汉生物工程学院,3,392833
2025,2,74,计算机应用技术,C362,武汉生物工程学院,3,357144
2025,2,75,软件技术,C362,武汉生物工程学院,2,364902
2025,2,76,大数据与财务管理,C362,武汉生物工程学院,2,327810
2025,2,07,石油化工技术,C364,广西工业职业技术学院,2,383527
2025,2,15,大数据与会计,C364,广西工业职业技术学院,2,378638
2025,2,23,小学语文教育,C364,广西工业职业技术学院,2,453371
2025,2,28,新能源汽车检测与维修技术,C364,广西工业职业技术学院,3,427733
2025,2,35,机电一体化技术,C364,广西工业职业技术学院,3,384501
2025,2,49,药学,C364,广西工业职业技术学院,3,395700
2025,2,04,关务与外贸服务,C379,广西国际商务职业技术学院,3,471001
2025,2,09,商务英语,C379,广西国际商务职业技术学院,4,462586
2025,2,19,现代物流管理,C379,广西国际商务职业技术学院,5,580115
2025,2,23,市场营销,C379,广西国际商务职业技术学院,5,589600
2025,2,28,酒店管理与数字化运营,C379,广西国际商务职业技术学院,5,598428
2025,2,35,大数据技术,C379,广西国际商务职业技术学院,6,514434
2025,2,40,金融服务与管理,C379,广西国际商务职业技术学院,7,614122
2025,2,02,建筑材料工程技术,C389,河北建材职业技术学院,4,500749
2025,2,09,工程造价,C389,河北建材职业技术学院,4,588374
2025,2,0X,旅游管理,C389,河北建材职业技术学院,3,532525
2025,2,1A,计算机类,C389,河北建材职业技术学院,4,370460
2025,2,1B,财务会计类,C389,河北建材职业技术学院,2,322286
2025,2,04,园林技术,C391,潍坊职业学院,115,592469
2025,2,05,园艺技术,C391,潍坊职业学院,113,610022
2025,2,06,园林工程技术,C391,潍坊职业学院,72,581441
2025,2,08,建筑工程技术,C391,潍坊职业学院,20,507209
2025,2,10,现代农业技术,C391,潍坊职业学院,116,472502
2025,2,12,食品检验检测技术,C391,潍坊职业学院,131,438925
2025,2,13,食品质量与安全,C391,潍坊职业学院,82,431618
2025,2,14,药品生物技术,C391,潍坊职业学院,100,458961
2025,2,16,药品生产技术,C391,潍坊职业学院,126,463033
2025,2,18,食品智能加工技术,C391,潍坊职业学院,90,487966
2025,2,20,机电一体化技术,C391,潍坊职业学院,100,367043
2025,2,23,数控技术,C391,潍坊职业学院,60,399642
2025,2,24,电气自动化技术,C391,潍坊职业学院,60,337574
2025,2,28,机械设计与制造,C391,潍坊职业学院,41,372244
2025,2,29,无人机应用技术,C391,潍坊职业学院,40,396859
2025,2,31,飞行器数字化制造技术,C391,潍坊职业学院,40,424488
2025,2,34,汽车检测与维修技术,C391,潍坊职业学院,80,459085
2025,2,36,新能源汽车技术,C391,潍坊职业学院,81,405544
2025,2,38,汽车制造与试验技术,C391,潍坊职业学院,33,439247
2025,2,40,智能网联汽车技术,C391,潍坊职业学院,87,461892
2025,2,42,现代农业装备应用技术,C391,潍坊职业学院,43,562094
2025,2,44,新能源汽车技术(现场工程师),C391,潍坊职业学院,44,379121
2025,2,45,汽车制造与试验技术(现场工程师),C391,潍坊职业学院,44,400532
2025,2,47,大数据技术,C391,潍坊职业学院,78,403352
2025,2,48,计算机应用技术,C391,潍坊职业学院,127,364588
2025,2,49,电子商务,C391,潍坊职业学院,75,507019
2025,2,50,物联网应用技术,C391,潍坊职业学院,100,404147
2025,2,52,虚拟现实技术应用,C391,潍坊职业学院,97,458124
2025,2,54,人工智能技术应用,C391,潍坊职业学院,30,403393
2025,2,55,国际经济与贸易,C391,潍坊职业学院,165,518087
2025,2,57,商务管理,C391,潍坊职业学院,73,534067
2025,2,59,商务英语,C391,潍坊职业学院,180,507178
2025,2,60,旅游管理,C391,潍坊职业学院,73,534118
2025,2,62,酒店管理与数字化运营,C391,潍坊职业学院,40,556595
2025,2,64,应用化工技术,C391,潍坊职业学院,40,467706
2025,2,65,分析检验技术,C391,潍坊职业学院,70,465294
2025,2,66,海洋化工技术,C391,潍坊职业学院,131,534196
2025,2,67,化工智能制造技术,C391,潍坊职业学院,85,537350
2025,2,70,现代物流管理,C391,潍坊职业学院,158,529056
2025,2,71,物流工程技术,C391,潍坊职业学院,40,553704
2025,2,72,金融服务与管理,C391,潍坊职业学院,80,468115
2025,2,73,大数据与会计,C391,潍坊职业学院,250,343829
2025,2,74,市场营销,C391,潍坊职业学院,50,511482
2025,2,77,数字媒体艺术设计,C391,潍坊职业学院,132,448884
2025,2,79,广告艺术设计,C391,潍坊职业学院,125,515329
2025,2,81,动漫制作技术,C391,潍坊职业学院,135,460186
2025,2,83,学前教育(师范类),C391,潍坊职业学院,40,438236
2025,2,84,体育运营与管理,C391,潍坊职业学院,78,557223
2025,2,86,化妆品技术,C391,潍坊职业学院,35,468359
2025,2,90,数控技术(现场工程师),C391,潍坊职业学院,20,378262
2025,2,91,电气自动化技术(现场工程师),C391,潍坊职业学院,20,325140
2025,2,26,电气自动化技术(中外合作办学)(与俄罗斯伏尔加格勒国立技术大学合作),C391,潍坊职业学院,80,476368
2025,2,68,化妆品技术(中外合作办学)(与韩国建阳大学合作),C391,潍坊职业学院,70,593367
2025,2,01,园林技术(高职3+2贯通培养，衔接临沂大学园林专业),C391,潍坊职业学院,40,241536
2025,2,02,园艺技术(高职3+2贯通培养，衔接山东农业大学园艺专业),C391,潍坊职业学院,80,227622
2025,2,03,园林工程技术(高职3+2贯通培养，衔接山东农业大学风景园林专业),C391,潍坊职业学院,30,216637
2025,2,11,食品智能加工技术(高职3+2贯通培养，衔接聊城大学食品科学与工程专业,C391,潍坊职业学院,30,229115
2025,2,19,机械设计与制造(高职3+2贯通培养，衔接济宁学院机械设计制造及其自动,C391,潍坊职业学院,40,250956
2025,2,46,大数据技术(高职3+2贯通培养，衔接潍坊学院数据科学与大数据技术专业,C391,潍坊职业学院,40,235936
2025,2,63,分析检验技术(高职3+2贯通培养，衔接临沂大学化学测量学与技术专业),C391,潍坊职业学院,40,246526
2025,2,08,铁路物流管理(多式联运),C392,柳州铁道职业技术学院,5,321247
2025,2,11,铁道机车运用与维护,C392,柳州铁道职业技术学院,5,298323
2025,2,20,城市轨道车辆应用技术,C392,柳州铁道职业技术学院,5,346104
2025,2,21,城市轨道交通机电技术,C392,柳州铁道职业技术学院,5,336583
2025,2,22,城市轨道交通通信信号技术,C392,柳州铁道职业技术学院,5,329254
2025,2,23,城市轨道交通运营管理,C392,柳州铁道职业技术学院,5,323715
2025,2,01,机电一体化技术,C396,烟台职业学院,94,344900
2025,2,02,机械制造及自动化,C396,烟台职业学院,83,361523
2025,2,03,数控技术,C396,烟台职业学院,70,377691
2025,2,04,工业设计,C396,烟台职业学院,50,433044
2025,2,05,模具设计与制造,C396,烟台职业学院,42,392761
2025,2,06,电气自动化技术,C396,烟台职业学院,77,347268
2025,2,07,电力系统自动化技术,C396,烟台职业学院,85,336771
2025,2,08,工业机器人技术,C396,烟台职业学院,51,379956
2025,2,09,应用电子技术,C396,烟台职业学院,84,401336
2025,2,10,无人机应用技术,C396,烟台职业学院,100,393086
2025,2,11,新能源装备技术,C396,烟台职业学院,45,413583
2025,2,12,计算机网络技术,C396,烟台职业学院,80,344146
2025,2,13,软件技术,C396,烟台职业学院,110,371805
2025,2,14,数字媒体技术,C396,烟台职业学院,55,320180
2025,2,15,物联网应用技术,C396,烟台职业学院,80,385159
2025,2,16,动漫制作技术,C396,烟台职业学院,55,361237
2025,2,17,人工智能技术应用,C396,烟台职业学院,90,399258
2025,2,18,大数据与会计,C396,烟台职业学院,122,348647
2025,2,19,大数据与审计,C396,烟台职业学院,15,325778
2025,2,20,大数据与财务管理,C396,烟台职业学院,60,356879
2025,2,21,金融服务与管理,C396,烟台职业学院,15,408359
2025,2,22,市场营销,C396,烟台职业学院,45,518412
2025,2,23,电子商务,C396,烟台职业学院,43,440407
2025,2,24,现代物流管理,C396,烟台职业学院,120,517952
2025,2,25,商务英语,C396,烟台职业学院,65,456796
2025,2,26,国际商务,C396,烟台职业学院,36,530952
2025,2,28,广告艺术设计,C396,烟台职业学院,50,432522
2025,2,29,艺术设计,C396,烟台职业学院,45,461904
2025,2,30,旅游管理,C396,烟台职业学院,40,522691
2025,2,31,酒店管理与数字化运营,C396,烟台职业学院,35,530491
2025,2,32,建筑工程技术,C396,烟台职业学院,62,553215
2025,2,33,市政工程技术,C396,烟台职业学院,50,559715
2025,2,34,道路与桥梁工程技术,C396,烟台职业学院,82,437675
2025,2,35,工程造价,C396,烟台职业学院,72,556300
2025,2,36,建筑智能化工程技术,C396,烟台职业学院,50,567318
2025,2,37,汽车检测与维修技术,C396,烟台职业学院,51,420700
2025,2,38,汽车制造与试验技术,C396,烟台职业学院,22,415713
2025,2,39,新能源汽车技术,C396,烟台职业学院,90,382805
2025,2,40,船舶工程技术,C396,烟台职业学院,90,414278
2025,2,41,制冷与空调技术,C396,烟台职业学院,40,420102
2025,2,43,海洋工程装备技术,C396,烟台职业学院,45,461729
2025,2,44,应用化工技术,C396,烟台职业学院,333,517092
2025,2,45,生物制药技术,C396,烟台职业学院,70,409262
2025,2,46,食品营养与健康,C396,烟台职业学院,45,432235
2025,2,47,食品检验检测技术,C396,烟台职业学院,70,410671
2025,2,48,石油化工技术,C396,烟台职业学院,50,461217
2025,2,49,高分子合成技术,C396,烟台职业学院,50,519512
2025,2,70,电气自动化技术(中外合作办学),C396,烟台职业学院,100,514498
2025,2,71,大数据与会计(中外合作办学),C396,烟台职业学院,100,514888
2025,2,72,智能网联汽车技术(中外合作办学),C396,烟台职业学院,100,605161
2025,2,80,机电一体化技术(高职院校专项计划),C396,烟台职业学院,15,564819
2025,2,81,软件技术(高职院校专项计划),C396,烟台职业学院,15,630810
2025,2,82,大数据与会计(高职院校专项计划),C396,烟台职业学院,15,516661
2025,2,50,工业设计(高职3+2贯通培养，衔接山东工艺美术学院工业设计专业),C396,烟台职业学院,30,264554
2025,2,51,电气自动化技术(高职3+2贯通培养，衔接山东工商学院自动化专业),C396,烟台职业学院,30,218672
2025,2,53,软件技术(高职3+2贯通培养，衔接山东工商学院软件工程专业),C396,烟台职业学院,30,229858
2025,2,54,人工智能技术应用(高职3+2贯通培养，衔接烟台大学人工智能专业),C396,烟台职业学院,30,201200
2025,2,55,商务英语(高职3+2贯通培养，衔接临沂大学商务英语专业),C396,烟台职业学院,40,213406
2025,2,56,生物制药技术(高职3+2贯通培养，衔接山东建筑大学生物工程专业),C396,烟台职业学院,40,222051
2025,2,04,道路与桥梁工程技术,C397,湖南交通职业技术学院,2,349122
2025,2,27,大数据与会计,C397,湖南交通职业技术学院,3,335424
2025,2,01,法律事务,C408,河北政法职业学院,3,270797
2025,2,03,法律事务(律师方向),C408,河北政法职业学院,3,281902
2025,2,06,民事执行,C408,河北政法职业学院,2,288810
2025,2,09,检察事务,C408,河北政法职业学院,2,284264
2025,2,01,安全技术与管理,C410,合肥通用职业技术学院,3,398251
2025,2,02,氢能技术应用,C410,合肥通用职业技术学院,2,362836
2025,2,33,机电一体化技术,C415,沧州职业技术学院,12,439422
2025,2,37,大数据与会计,C415,沧州职业技术学院,16,434911
2025,2,58,大数据技术,C415,沧州职业技术学院,12,452991
2025,2,24,电气自动化技术,C418,河北能源职业技术学院,2,310011
2025,2,25,供用电技术,C418,河北能源职业技术学院,3,350325
2025,2,01,地下与隧道工程技术,C424,石家庄铁路职业技术学院,5,327347
2025,2,02,铁道工程技术,C424,石家庄铁路职业技术学院,5,228994
2025,2,04,高速铁路综合维修技术,C424,石家庄铁路职业技术学院,5,270439
2025,2,05,城市轨道交通工程技术,C424,石家庄铁路职业技术学院,5,272743
2025,2,06,建筑工程技术,C424,石家庄铁路职业技术学院,5,359716
2025,2,08,工程测量技术,C424,石家庄铁路职业技术学院,5,332056
2025,2,12,铁道通信与信息化技术,C424,石家庄铁路职业技术学院,5,228306
2025,2,16,铁道供电技术,C424,石家庄铁路职业技术学院,5,240908
2025,2,17,机电一体化技术,C424,石家庄铁路职业技术学院,5,286919
2025,2,18,城市轨道交通机电技术,C424,石家庄铁路职业技术学院,5,276721
2025,2,19,铁道信号自动控制,C424,石家庄铁路职业技术学院,5,211347
2025,2,20,城市轨道车辆应用技术,C424,石家庄铁路职业技术学院,5,274597
2025,2,21,铁道机车运用与维护,C424,石家庄铁路职业技术学院,5,203975
2025,2,22,铁道交通运营管理,C424,石家庄铁路职业技术学院,5,210702
2025,2,23,动车组检修技术,C424,石家庄铁路职业技术学院,5,241352
2025,2,25,铁路物流管理,C424,石家庄铁路职业技术学院,5,258667
2025,2,01,测绘地理信息技术,C425,湖南工程职业技术学院,1,295795
2025,2,04,工程测量技术,C425,湖南工程职业技术学院,1,364153
2025,2,08,宝玉石鉴定与加工,C425,湖南工程职业技术学院,1,290377
2025,2,09,地质调查与矿产普查,C425,湖南工程职业技术学院,1,383729
2025,2,11,环境地质工程,C425,湖南工程职业技术学院,1,324006
2025,2,13,岩土工程技术,C425,湖南工程职业技术学院,1,388698
2025,2,15,钻探工程技术,C425,湖南工程职业技术学院,1,390938
2025,2,23,道路与桥梁工程技术,C425,湖南工程职业技术学院,2,368456
2025,2,24,地下与隧道工程技术,C425,湖南工程职业技术学院,1,389993
2025,2,28,房地产经营与管理,C425,湖南工程职业技术学院,1,378999
2025,2,29,工程造价,C425,湖南工程职业技术学院,1,363745
2025,2,31,建设工程管理,C425,湖南工程职业技术学院,1,417084
2025,2,32,建筑经济信息化管理,C425,湖南工程职业技术学院,1,401856
2025,2,34,环境艺术设计,C425,湖南工程职业技术学院,1,317916
2025,2,35,建筑室内设计,C425,湖南工程职业技术学院,1,362708
2025,2,36,建筑装饰工程技术(装饰设计与数字建造方向),C425,湖南工程职业技术学院,1,400710
2025,2,37,大数据与会计,C425,湖南工程职业技术学院,2,306794
2025,2,46,应用英语,C425,湖南工程职业技术学院,1,335311
2025,2,01,石油化工技术,C440,东营职业学院,250,505170
2025,2,02,石油化工技术,C440,东营职业学院,40,443533
2025,2,03,应用化工技术,C440,东营职业学院,223,530442
2025,2,04,化工装备技术,C440,东营职业学院,27,511253
2025,2,05,化工智能制造技术,C440,东营职业学院,82,534500
2025,2,06,新能源材料应用技术,C440,东营职业学院,24,462606
2025,2,07,化工安全技术,C440,东营职业学院,19,520534
2025,2,08,工业机器人技术,C440,东营职业学院,25,413905
2025,2,09,机电一体化技术,C440,东营职业学院,246,398948
2025,2,10,机械制造及自动化,C440,东营职业学院,56,391516
2025,2,11,汽车检测与维修技术,C440,东营职业学院,40,475435
2025,2,12,新能源汽车技术,C440,东营职业学院,40,418006
2025,2,13,现代农业装备应用技术,C440,东营职业学院,32,553509
2025,2,14,新能源装备技术,C440,东营职业学院,38,437302
2025,2,15,智能控制技术,C440,东营职业学院,39,426757
2025,2,16,建筑工程技术,C440,东营职业学院,82,561718
2025,2,17,智能建造技术,C440,东营职业学院,76,547702
2025,2,18,智能建造技术,C440,东营职业学院,30,485293
2025,2,19,工程造价,C440,东营职业学院,64,556873
2025,2,20,建筑装饰工程技术,C440,东营职业学院,85,564706
2025,2,21,大数据与会计,C440,东营职业学院,148,372109
2025,2,22,金融服务与管理,C440,东营职业学院,66,522329
2025,2,23,知识产权管理,C440,东营职业学院,33,454730
2025,2,24,电子商务,C440,东营职业学院,61,491147
2025,2,25,现代物流管理,C440,东营职业学院,69,547700
2025,2,26,国际经济与贸易,C440,东营职业学院,31,518347
2025,2,27,市场营销,C440,东营职业学院,62,539368
2025,2,28,计算机网络技术,C440,东营职业学院,113,394611
2025,2,29,软件技术,C440,东营职业学院,118,412096
2025,2,30,软件技术,C440,东营职业学院,35,402954
2025,2,31,物联网应用技术,C440,东营职业学院,48,425728
2025,2,32,物联网应用技术,C440,东营职业学院,35,422240
2025,2,33,人工智能技术应用,C440,东营职业学院,107,440150
2025,2,34,数字媒体技术,C440,东营职业学院,97,381550
2025,2,35,园林技术,C440,东营职业学院,80,558650
2025,2,36,食品检验检测技术,C440,东营职业学院,80,458224
2025,2,37,现代农业技术,C440,东营职业学院,80,536946
2025,2,38,化工生物技术,C440,东营职业学院,60,513601
2025,2,39,药品生产技术,C440,东营职业学院,32,466914
2025,2,40,畜禽智能化养殖,C440,东营职业学院,22,502274
2025,2,41,学前教育(师范类),C440,东营职业学院,17,443450
2025,2,42,健康管理,C440,东营职业学院,67,494336
2025,2,43,旅游管理,C440,东营职业学院,106,559805
2025,2,44,空中乘务,C440,东营职业学院,45,561161
2025,2,45,民航安全技术管理,C440,东营职业学院,111,547414
2025,2,46,飞机机电设备维修,C440,东营职业学院,160,471730
2025,2,71,石油化工技术(中外合作办学)(与俄罗斯乌法国立石油技术大学合作),C440,东营职业学院,80,575014
2025,2,72,机械制造及自动化(中外合作办学)(与马来西亚世纪大学合作),C440,东营职业学院,80,558344
2025,2,73,建筑工程技术(中外合作办学)(与俄罗斯乌法国立石油技术大学合作),C440,东营职业学院,100,618266
2025,2,81,化工安全技术(高职院校专项计划),C440,东营职业学院,7,659684
2025,2,82,机械制造及自动化(高职院校专项计划),C440,东营职业学院,7,581328
2025,2,83,工程造价(高职院校专项计划),C440,东营职业学院,7,670812
2025,2,84,大数据与会计(高职院校专项计划),C440,东营职业学院,7,530867
2025,2,85,数字媒体技术(高职院校专项计划),C440,东营职业学院,6,521606
2025,2,86,药品生产技术(高职院校专项计划),C440,东营职业学院,6,578112
2025,2,87,学前教育(师范类，高职院校专项计划),C440,东营职业学院,3,673372
2025,2,61,石油化工技术(高职3+2贯通培养，衔接枣庄学院化学工程与工艺专业),C440,东营职业学院,40,266771
2025,2,62,应用化工技术(高职3+2贯通培养，衔接山东石油化工学院化学工程与工艺,C440,东营职业学院,30,261950
2025,2,63,大数据与会计(高职3+2贯通培养，衔接山东女子学院会计学专业),C440,东营职业学院,40,199133
2025,2,64,现代物流管理(高职3+2贯通培养，衔接菏泽学院物流管理专业),C440,东营职业学院,40,261786
2025,2,65,人工智能技术应用(高职3+2贯通培养，衔接临沂大学人工智能专业),C440,东营职业学院,30,231247
2025,2,66,园林技术(高职3+2贯通培养，衔接山东农业工程学院园林专业),C440,东营职业学院,40,261975
2025,2,67,畜禽智能化养殖(高职3+2贯通培养，衔接临沂大学动物科学专业),C440,东营职业学院,40,237281
2025,2,1A,园艺技术,C441,聊城职业技术学院,82,568740
2025,2,1B,绿色食品生产技术,C441,聊城职业技术学院,50,540878
2025,2,1C,畜牧兽医,C441,聊城职业技术学院,74,419410
2025,2,1D,安全技术与管理,C441,聊城职业技术学院,67,552814
2025,2,1E,安全智能监测技术,C441,聊城职业技术学院,51,549719
2025,2,1F,建筑消防技术,C441,聊城职业技术学院,59,552453
2025,2,1G,电梯工程技术,C441,聊城职业技术学院,63,506830
2025,2,1H,测绘地理信息技术,C441,聊城职业技术学院,78,555338
2025,2,1K,测绘工程技术,C441,聊城职业技术学院,80,570679
2025,2,1L,无人机测绘技术,C441,聊城职业技术学院,189,535986
2025,2,1M,工业互联网应用,C441,聊城职业技术学院,42,529414
2025,2,1N,机械制造及自动化,C441,聊城职业技术学院,42,437577
2025,2,1P,机电一体化技术,C441,聊城职业技术学院,39,420895
2025,2,1Q,工业机器人技术,C441,聊城职业技术学院,50,489702
2025,2,1R,电气自动化技术,C441,聊城职业技术学院,30,419177
2025,2,1T,增材制造技术,C441,聊城职业技术学院,43,533482
2025,2,1U,新能源汽车技术,C441,聊城职业技术学院,20,479236
2025,2,1V,信息安全技术应用,C441,聊城职业技术学院,125,530403
2025,2,1W,云计算技术应用,C441,聊城职业技术学院,35,506428
2025,2,1X,密码技术应用,C441,聊城职业技术学院,90,552389
2025,2,1Y,软件技术,C441,聊城职业技术学院,83,483427
2025,2,1Z,动漫制作技术,C441,聊城职业技术学院,28,475721
2025,2,2A,护理,C441,聊城职业技术学院,52,420848
2025,2,2C,健康管理,C441,聊城职业技术学院,41,515377
2025,2,2D,婴幼儿托育服务与管理,C441,聊城职业技术学院,40,570578
2025,2,2E,智慧健康养老服务与管理,C441,聊城职业技术学院,35,508390
2025,2,2F,药学,C441,聊城职业技术学院,54,464062
2025,2,2G,中药学,C441,聊城职业技术学院,65,471871
2025,2,2H,医学检验技术,C441,聊城职业技术学院,40,432330
2025,2,2K,医学生物技术,C441,聊城职业技术学院,14,474484
2025,2,2L,口腔医学技术,C441,聊城职业技术学院,59,409164
2025,2,2M,康复治疗技术,C441,聊城职业技术学院,63,471837
2025,2,2N,金融服务与管理,C441,聊城职业技术学院,50,539631
2025,2,2P,大数据与会计,C441,聊城职业技术学院,52,378389
2025,2,2Q,电子商务,C441,聊城职业技术学院,48,542408
2025,2,2R,现代物流管理,C441,聊城职业技术学院,46,554854
2025,2,2S,商务数据分析与应用,C441,聊城职业技术学院,60,573668
2025,2,2T,酒店管理与数字化运营,C441,聊城职业技术学院,135,570232
2025,2,2U,烹饪工艺与营养,C441,聊城职业技术学院,46,533332
2025,2,2V,机电一体化技术(现场工程师),C441,聊城职业技术学院,40,433572
2025,2,1S,电气自动化技术(高职技师合作培养，在聊城技师学院就读),C441,聊城职业技术学院,100,501139
2025,2,3A,护理(高职3+2贯通培养，衔接聊城大学本科护理学专业),C441,聊城职业技术学院,30,206318
2025,2,3B,机电一体化技术(高职3+2贯通培养，衔接聊城大学本科机械电子工程专业,C441,聊城职业技术学院,30,214072
2025,2,3C,信息安全技术应用(高职3+2贯通培养，衔接山东政法学院本科网络空间安,C441,聊城职业技术学院,30,218825
2025,2,3D,软件技术(高职3+2贯通培养，衔接山东政法学院本科计算机科学与技术专,C441,聊城职业技术学院,30,221044
2025,2,3E,大数据与会计(高职3+2贯通培养，衔接山东政法学院本科财务管理专业),C441,聊城职业技术学院,50,198875
2025,2,3F,口腔医学技术(高职3+2贯通培养，衔接聊城大学本科口腔医学技术专业),C441,聊城职业技术学院,30,203559
2025,2,3G,工业互联网应用(高职3+2贯通培养，衔接菏泽学院本科智能制造工程专业,C441,聊城职业技术学院,30,255567
2025,2,60,建筑消防技术,C443,兴安职业技术大学,10,544268
2025,2,65,森林草原防火技术,C443,兴安职业技术大学,5,576784
2025,2,74,消防救援技术,C443,兴安职业技术大学,5,526091
2025,2,02,园林技术,C448,北京农业职业学院,4,263580
2025,2,05,动物医学,C448,北京农业职业学院,4,206464
2025,2,08,食品质量与安全,C448,北京农业职业学院,4,269595
2025,2,01,法律文秘,C451,北京政法职业学院,2,236365
2025,2,03,法律事务(金融法律实务),C451,北京政法职业学院,2,209210
2025,2,05,刑事执行(司法助理),C451,北京政法职业学院,1,206966
2025,2,12,安全保卫管理(警务管理),C451,北京政法职业学院,2,278238
2025,2,15,空中乘务,C451,北京政法职业学院,3,310451
2025,2,20,劳动与社会保障(仲裁与监察),C451,北京政法职业学院,3,277171
2025,2,24,职业指导与服务(人才测评技术),C451,北京政法职业学院,2,284089
2025,2,0C,小学英语教育(师范类),C481,拉萨师范学院,10,374953
2025,2,0N,数字媒体技术,C481,拉萨师范学院,10,550645
2025,2,0P,计算机应用技术,C481,拉萨师范学院,10,459943
2025,2,0Q,旅游管理,C481,拉萨师范学院,10,548600
2025,2,01,油气储运技术,C482,克拉玛依职业技术学院,2,394320
2025,2,02,油气地质勘探技术,C482,克拉玛依职业技术学院,2,434482
2025,2,03,钻井技术,C482,克拉玛依职业技术学院,2,407514
2025,2,04,油气智能开采技术,C482,克拉玛依职业技术学院,2,445230
2025,2,05,油田化学应用技术,C482,克拉玛依职业技术学院,2,401285
2025,2,06,石油工程技术,C482,克拉玛依职业技术学院,2,393554
2025,2,07,环境监测技术,C482,克拉玛依职业技术学院,2,516377
2025,2,08,供用电技术,C482,克拉玛依职业技术学院,2,445729
2025,2,09,热能动力工程技术,C482,克拉玛依职业技术学院,2,441070
2025,2,0A,光伏工程技术,C482,克拉玛依职业技术学院,2,474547
2025,2,0B,风力发电工程技术,C482,克拉玛依职业技术学院,2,410134
2025,2,0C,氢能技术应用,C482,克拉玛依职业技术学院,2,432031
2025,2,0E,机械制造及自动化,C482,克拉玛依职业技术学院,2,424054
2025,2,0F,智能焊接技术,C482,克拉玛依职业技术学院,2,453919
2025,2,0G,智能制造装备技术,C482,克拉玛依职业技术学院,2,466336
2025,2,0H,机电设备技术,C482,克拉玛依职业技术学院,2,459080
2025,2,0J,电气自动化技术,C482,克拉玛依职业技术学院,2,401424
2025,2,0L,无人机应用技术,C482,克拉玛依职业技术学院,2,467227
2025,2,0N,应用化工技术,C482,克拉玛依职业技术学院,2,445348
2025,2,0P,石油化工技术,C482,克拉玛依职业技术学院,2,366995
2025,2,0Q,分析检验技术,C482,克拉玛依职业技术学院,2,459110
2025,2,0R,化工装备技术,C482,克拉玛依职业技术学院,2,469802
2025,2,0T,新能源汽车检测与维修技术,C482,克拉玛依职业技术学院,2,533644
2025,2,0V,计算机应用技术,C482,克拉玛依职业技术学院,2,412855
2025,2,0W,计算机网络技术,C482,克拉玛依职业技术学院,2,603971
2025,2,0X,软件技术,C482,克拉玛依职业技术学院,2,585000
2025,2,0Z,云计算技术应用,C482,克拉玛依职业技术学院,2,411744
2025,2,10,大数据与会计,C482,克拉玛依职业技术学院,2,422873
2025,2,01,智能焊接技术,C484,天津滨海职业学院,2,316435
2025,2,03,机电一体化技术,C484,天津滨海职业学院,2,301630
2025,2,05,电气自动化技术,C484,天津滨海职业学院,2,308729
2025,2,09,计算机网络技术,C484,天津滨海职业学院,2,339468
2025,2,0A,软件技术,C484,天津滨海职业学院,2,309928
2025,2,0B,人工智能技术应用,C484,天津滨海职业学院,2,340366
2025,2,0G,现代物流管理,C484,天津滨海职业学院,2,345318
2025,2,0J,商务英语,C484,天津滨海职业学院,2,306834
2025,2,0M,工程造价,C484,天津滨海职业学院,2,363159
2025,2,0P,老年保健与管理,C484,天津滨海职业学院,2,327512
2025,2,0Q,大数据与会计,C484,天津滨海职业学院,2,282179
2025,2,0S,党务工作,C484,天津滨海职业学院,2,301902
2025,2,01,应用英语,C493,上海行健职业学院,3,294453
2025,2,18,汽车检测与维修技术,C493,上海行健职业学院,3,348151
2025,2,20,软件技术,C493,上海行健职业学院,2,276261
2025,2,21,机电一体化技术,C493,上海行健职业学院,3,301182
2025,2,22,信息安全技术应用,C493,上海行健职业学院,2,308747
2025,2,24,人工智能技术应用,C493,上海行健职业学院,2,308656
2025,2,06,工商企业管理(中外合作办学)(中法合作),C493,上海行健职业学院,5,360849
2025,2,01,空间数字建模与应用技术,C495,上海城建职业学院,2,323761
2025,2,02,建筑工程技术,C495,上海城建职业学院,4,339746
2025,2,04,装配式建筑工程技术,C495,上海城建职业学院,3,359834
2025,2,06,工程造价,C495,上海城建职业学院,3,316754
2025,2,09,智慧城市管理技术,C495,上海城建职业学院,2,328912
2025,2,12,现代物业管理,C495,上海城建职业学院,2,325399
2025,2,13,园林技术,C495,上海城建职业学院,3,306943
2025,2,14,环境工程技术,C495,上海城建职业学院,4,345154
2025,2,16,市政工程技术,C495,上海城建职业学院,5,348184
2025,2,17,道路与桥梁工程技术,C495,上海城建职业学院,3,361506
2025,2,18,机电一体化技术,C495,上海城建职业学院,7,296854
2025,2,19,智能控制技术,C495,上海城建职业学院,3,312821
2025,2,20,区块链技术应用,C495,上海城建职业学院,3,337010
2025,2,21,计算机应用技术,C495,上海城建职业学院,9,294059
2025,2,22,大数据技术,C495,上海城建职业学院,7,298728
2025,2,23,人工智能技术应用,C495,上海城建职业学院,3,285865
2025,2,24,食品质量与安全,C495,上海城建职业学院,7,319241
2025,2,25,食品检验检测技术,C495,上海城建职业学院,5,311512
2025,2,26,食品检验检测技术(高本贯通),C495,上海城建职业学院,4,187845
2025,2,28,会展策划与管理,C495,上海城建职业学院,4,301702
2025,2,29,护理,C495,上海城建职业学院,8,286577
2025,2,31,医学检验技术,C495,上海城建职业学院,7,306445
2025,2,32,健康管理(医学美容),C495,上海城建职业学院,3,308240
2025,2,33,智慧健康养老服务与管理,C495,上海城建职业学院,3,310759
2025,2,34,社会工作,C495,上海城建职业学院,6,315731
2025,2,35,康复治疗技术,C495,上海城建职业学院,3,293843
2025,2,36,大数据与会计,C495,上海城建职业学院,5,259225
2025,2,37,国际商务,C495,上海城建职业学院,3,279256
2025,2,40,现代物流管理(铁路运输),C495,上海城建职业学院,3,318562
2025,2,41,人力资源管理,C495,上海城建职业学院,4,295570
2025,2,42,建筑设计,C495,上海城建职业学院,3,296963
2025,2,44,古建筑工程技术,C495,上海城建职业学院,4,311400
2025,2,45,文物修复与保护,C495,上海城建职业学院,5,277342
2025,2,01,城市轨道车辆应用技术,C497,上海交通职业技术学院,2,279235
2025,2,02,城市轨道交通工程技术,C497,上海交通职业技术学院,3,288741
2025,2,03,城市轨道交通供配电技术,C497,上海交通职业技术学院,3,289085
2025,2,07,汽车技术服务与营销,C497,上海交通职业技术学院,6,369350
2025,2,10,新能源汽车技术,C497,上海交通职业技术学院,6,323208
2025,2,11,智能网联汽车技术,C497,上海交通职业技术学院,5,343399
2025,2,18,港口机械与智能控制,C497,上海交通职业技术学院,3,323570
2025,2,19,集装箱运输管理,C497,上海交通职业技术学院,3,335337
2025,2,20,智能机电技术,C497,上海交通职业技术学院,3,308484
2025,2,21,轮机工程技术,C497,上海交通职业技术学院,5,308748
2025,2,27,国际商务,C497,上海交通职业技术学院,6,307017
2025,2,01,应用电子技术,C499,上海电子信息职业技术学院,25,338198
2025,2,02,智能控制技术,C499,上海电子信息职业技术学院,12,338092
2025,2,03,微电子技术,C499,上海电子信息职业技术学院,20,347076
2025,2,06,工业机器人技术,C499,上海电子信息职业技术学院,8,311981
2025,2,07,电气自动化技术,C499,上海电子信息职业技术学院,10,293213
2025,2,09,智能机器人技术,C499,上海电子信息职业技术学院,10,301418
2025,2,10,机电一体化技术,C499,上海电子信息职业技术学院,16,318720
2025,2,20,密码技术应用,C499,上海电子信息职业技术学院,10,350485
2025,2,21,信息安全技术应用,C499,上海电子信息职业技术学院,6,312323
2025,2,23,大数据技术,C499,上海电子信息职业技术学院,10,304505
2025,2,25,建筑智能化工程技术(楼宇智能化方向),C499,上海电子信息职业技术学院,2,328426
2025,2,26,智能互联网络技术,C499,上海电子信息职业技术学院,5,329531
2025,2,27,软件技术,C499,上海电子信息职业技术学院,20,309445
2025,2,28,计算机应用技术,C499,上海电子信息职业技术学院,20,291437
2025,2,29,现代通信技术,C499,上海电子信息职业技术学院,10,329971
2025,2,30,计算机网络技术,C499,上海电子信息职业技术学院,20,310963
2025,2,33,应用英语,C499,上海电子信息职业技术学院,16,323329
2025,2,35,飞机机电设备维修,C499,上海电子信息职业技术学院,10,339590
2025,2,37,飞机电子设备维修,C499,上海电子信息职业技术学院,10,342225
2025,2,39,数字化设计与制造技术,C499,上海电子信息职业技术学院,10,343343
2025,2,02,钻探工程技术,C510,陕西能源职业技术学院,5,405032
2025,2,03,工程测量技术,C510,陕西能源职业技术学院,5,386585
2025,2,04,无人机测绘技术,C510,陕西能源职业技术学院,4,356895
2025,2,33,护理,C510,陕西能源职业技术学院,6,337249
2025,2,35,针灸推拿,C510,陕西能源职业技术学院,5,299400
2025,2,48,智慧健康养老服务与管理,C510,陕西能源职业技术学院,5,351874
2025,2,01,建筑工程技术,C511,甘肃建筑职业技术学院,8,573338
2025,2,02,建设工程监理,C511,甘肃建筑职业技术学院,6,568939
2025,2,0A,道路与桥梁工程技术,C511,甘肃建筑职业技术学院,4,483343
2025,2,0F,道路工程检测技术,C511,甘肃建筑职业技术学院,6,522413
2025,2,0S,建筑设计,C511,甘肃建筑职业技术学院,6,583169
2025,2,0X,工程造价,C511,甘肃建筑职业技术学院,6,571771
2025,2,13,工程测量技术,C511,甘肃建筑职业技术学院,4,560984
2025,2,6T,食品检验检测技术,C514,新疆轻工职业技术学院,10,553471
2025,2,7A,食品质量与安全,C514,新疆轻工职业技术学院,10,550136
2025,2,A3,分析检验技术,C514,新疆轻工职业技术学院,10,526420
2025,2,AN,石油化工技术,C514,新疆轻工职业技术学院,10,505200
2025,2,C2,应用化工技术,C514,新疆轻工职业技术学院,10,510843
2025,2,DZ,工业过程自动化技术,C514,新疆轻工职业技术学院,10,453555
2025,2,12,电力系统继电保护技术,C539,酒泉职业技术大学,4,396151
2025,2,17,光伏工程技术,C539,酒泉职业技术大学,3,417861
2025,2,18,风力发电工程技术,C539,酒泉职业技术大学,2,404605
2025,2,30,电气自动化技术,C539,酒泉职业技术大学,8,390941
2025,2,34,应用化工技术,C539,酒泉职业技术大学,4,444906
2025,2,36,石油化工技术,C539,酒泉职业技术大学,4,459301
2025,2,01,畜牧兽医,C555,云南农业职业技术学院,3,431099
2025,2,08,现代农业技术,C555,云南农业职业技术学院,2,380529
2025,2,48,大数据与会计,C560,云南经济管理学院,4,551659
2025,2,50,建筑工程技术,C560,云南经济管理学院,5,668297
2025,2,52,高速铁路客运服务,C560,云南经济管理学院,6,640823
2025,2,58,计算机应用技术,C560,云南经济管理学院,5,574408
2025,2,63,小学教育,C560,云南经济管理学院,5,670267
2025,2,65,护理,C560,云南经济管理学院,6,679011
2025,2,67,医学检验技术,C560,云南经济管理学院,6,680437
2025,2,77,建筑室内设计,C560,云南经济管理学院,4,627270
2025,2,01,大数据与会计,C561,北京财贸职业学院,4,256144
2025,2,02,大数据与会计(税务会计),C561,北京财贸职业学院,3,261473
2025,2,03,大数据与财务管理,C561,北京财贸职业学院,3,266326
2025,2,04,会计信息管理,C561,北京财贸职业学院,2,281873
2025,2,05,资产评估与管理,C561,北京财贸职业学院,4,324953
2025,2,06,金融服务与管理,C561,北京财贸职业学院,2,289073
2025,2,07,金融科技应用,C561,北京财贸职业学院,2,310465
2025,2,08,财富管理,C561,北京财贸职业学院,2,322731
2025,2,09,工商企业管理(人力资源),C561,北京财贸职业学院,2,277935
2025,2,0A,人工智能技术应用,C561,北京财贸职业学院,3,286759
2025,2,0C,连锁经营与管理,C561,北京财贸职业学院,3,329702
2025,2,0D,供应链运营,C561,北京财贸职业学院,3,302145
2025,2,0E,大数据技术,C561,北京财贸职业学院,2,286500
2025,2,0F,酒店管理与数字化运营,C561,北京财贸职业学院,2,330707
2025,2,0G,导游(研学旅行策划与管理),C561,北京财贸职业学院,2,315988
2025,2,0J,空中乘务(航空服务与管理),C561,北京财贸职业学院,2,318517
2025,2,0K,会展策划与管理,C561,北京财贸职业学院,3,306306
2025,2,0L,影视多媒体技术,C561,北京财贸职业学院,2,278146
2025,2,0M,影视多媒体技术(电竞新媒体技术),C561,北京财贸职业学院,3,313222
2025,2,0P,工程造价,C561,北京财贸职业学院,2,333851
2025,2,0Q,建筑室内设计,C561,北京财贸职业学院,2,297327
2025,2,0S,建筑智能化工程技术,C561,北京财贸职业学院,2,329839
2025,2,0T,学前教育,C561,北京财贸职业学院,3,326347
2025,2,0U,婴幼儿托育服务与管理,C561,北京财贸职业学院,2,336947
2025,2,01,临床医学,C562,青海卫生职业技术学院,2,388808
2025,2,02,护理,C562,青海卫生职业技术学院,2,432770
2025,2,04,药学,C562,青海卫生职业技术学院,1,396803
2025,2,05,医学检验技术,C562,青海卫生职业技术学院,1,406702
2025,2,08,口腔医学,C562,青海卫生职业技术学院,2,338680
2025,2,0A,康复治疗技术,C562,青海卫生职业技术学院,1,416660
2025,2,0B,针灸推拿,C562,青海卫生职业技术学院,1,364185
2025,2,0C,中药学,C562,青海卫生职业技术学院,1,386162
2025,2,0F,婴幼儿托育服务与管理,C562,青海卫生职业技术学院,1,663550
2025,2,0G,中医学,C562,青海卫生职业技术学院,2,364066
2025,2,0K,老年保健与管理,C562,青海卫生职业技术学院,1,438870
2025,2,01,护理,C564,北京北大方正软件职业技术学院,20,677330
2025,2,02,康复治疗技术,C564,北京北大方正软件职业技术学院,8,669743
2025,2,04,软件技术,C564,北京北大方正软件职业技术学院,18,678111
2025,2,05,计算机网络技术,C564,北京北大方正软件职业技术学院,12,652951
2025,2,06,人工智能技术应用,C564,北京北大方正软件职业技术学院,6,631171
2025,2,08,影视多媒体技术,C564,北京北大方正软件职业技术学院,6,670313
2025,2,01,大数据与会计,C565,北京经贸职业学院,3,421167
2025,2,02,大数据与会计(银行业务方向),C565,北京经贸职业学院,2,439304
2025,2,03,学前教育,C565,北京经贸职业学院,2,517993
2025,2,04,人力资源管理,C565,北京经贸职业学院,3,506280
2025,2,05,智慧健康养老服务与管理,C565,北京经贸职业学院,3,480567
2025,2,06,计算机应用技术(5G软件开发),C565,北京经贸职业学院,3,429191
2025,2,07,信息安全技术应用,C565,北京经贸职业学院,3,465258
2025,2,08,人工智能技术应用,C565,北京经贸职业学院,6,512494
2025,2,09,建筑室内设计,C565,北京经贸职业学院,2,528233
2025,2,0A,影视动画(影视特效),C565,北京经贸职业学院,3,486591
2025,2,0A,大数据与会计(智能化会计班),C566,北京经济技术职业学院,2,358794
2025,2,0B,大数据与财务管理(网中网财务管理班),C566,北京经济技术职业学院,2,414137
2025,2,0F,软件技术(高德班),C566,北京经济技术职业学院,2,342005
2025,2,0G,计算机应用技术(三六零班),C566,北京经济技术职业学院,2,386308
2025,2,0L,智慧健康养老服务与管理(泰康班),C566,北京经济技术职业学院,1,283905
2025,2,12,护理,C566,北京经济技术职业学院,2,646835
2025,2,04,体育运营与管理(青少年体适能),C568,北京汇佳职业学院,2,595842
2025,2,06,护理,C568,北京汇佳职业学院,6,584363
2025,2,08,智慧健康养老服务与管理,C568,北京汇佳职业学院,2,582936
2025,2,10,影视制片管理,C568,北京汇佳职业学院,14,615615
2025,2,13,数字媒体技术,C568,北京汇佳职业学院,2,516883
2025,2,14,软件技术,C568,北京汇佳职业学院,2,477020
2025,2,18,空中乘务,C568,北京汇佳职业学院,12,615289
2025,2,19,机场运行服务与管理,C568,北京汇佳职业学院,8,618443
2025,2,20,网络营销与直播电商,C568,北京汇佳职业学院,2,569583
2025,2,21,电子商务(数字化新居住运营),C568,北京汇佳职业学院,6,580722
2025,2,23,人力资源管理,C568,北京汇佳职业学院,2,468489
2025,2,24,国际商务,C568,北京汇佳职业学院,2,508279
2025,2,1A,新能源材料应用技术,C570,新疆能源职业技术学院,7,603201
2025,2,2A,智能制造装备技术,C570,新疆能源职业技术学院,7,618745
2025,2,3A,大数据技术,C570,新疆能源职业技术学院,8,640611
2025,2,P1,人工智能技术应用,C570,新疆能源职业技术学院,6,606172
2025,2,R1,业财数据应用与管理,C570,新疆能源职业技术学院,5,655000
2025,2,U1,云计算技术应用,C570,新疆能源职业技术学院,5,628376
2025,2,V1,信息安全技术应用,C570,新疆能源职业技术学院,5,644893
2025,2,W1,工业互联网技术,C570,新疆能源职业技术学院,7,645205
2025,2,01,护理,C575,广州康大职业技术学院,4,559426
2025,2,02,中医康复技术,C575,广州康大职业技术学院,2,580992
2025,2,03,康复治疗技术,C575,广州康大职业技术学院,2,546055
2025,2,0A,计算机应用技术,C575,广州康大职业技术学院,2,522420
2025,2,0C,软件技术,C575,广州康大职业技术学院,2,534466
2025,2,0D,人工智能技术应用,C575,广州康大职业技术学院,4,666496
2025,2,0E,集成电路技术,C575,广州康大职业技术学院,4,637497
2025,2,02,测绘工程技术,C581,河南工业和信息化职业学院,5,506983
2025,2,07,数字化设计与制造技术,C581,河南工业和信息化职业学院,5,473253
2025,2,08,机械制造及自动化,C581,河南工业和信息化职业学院,5,448285
2025,2,10,新能源汽车技术,C581,河南工业和信息化职业学院,10,476949
2025,2,13,模具设计与制造,C581,河南工业和信息化职业学院,20,553433
2025,2,14,工业设计,C581,河南工业和信息化职业学院,20,618867
2025,2,15,电线电缆制造技术,C581,河南工业和信息化职业学院,5,535105
2025,2,16,机电一体化技术,C581,河南工业和信息化职业学院,5,437274
2025,2,18,智能控制技术,C581,河南工业和信息化职业学院,5,462965
2025,2,23,计算机应用技术(JAVA开发方向),C581,河南工业和信息化职业学院,10,470136
2025,2,26,嵌入式技术应用,C581,河南工业和信息化职业学院,5,516900
2025,2,40,工程造价,C581,河南工业和信息化职业学院,5,575811
2025,2,01,护理,C583,上海震旦职业学院,5,575099
2025,2,02,药学,C583,上海震旦职业学院,5,590985
2025,2,05,宠物医疗技术,C583,上海震旦职业学院,2,501550
2025,2,06,康复治疗技术,C583,上海震旦职业学院,2,576168
2025,2,08,数字媒体技术,C583,上海震旦职业学院,3,525623
2025,2,14,无人机测绘技术,C583,上海震旦职业学院,2,535740
2025,2,16,电子商务,C583,上海震旦职业学院,2,503583
2025,2,19,酒店管理与数字化运营(高本贯通),C583,上海震旦职业学院,8,288972
2025,2,21,学前教育,C583,上海震旦职业学院,2,598421
2025,2,23,传播与策划,C583,上海震旦职业学院,2,536405
2025,2,29,影视编导,C583,上海震旦职业学院,2,484115
2025,2,30,影视多媒体技术,C583,上海震旦职业学院,3,583679
2025,2,01,宠物医疗技术,C584,上海民远职业技术学院,4,541148
2025,2,02,大数据与会计,C584,上海民远职业技术学院,3,458993
2025,2,08,工业机器人技术,C584,上海民远职业技术学院,3,543534
2025,2,09,智能医疗装备技术,C584,上海民远职业技术学院,2,566182
2025,2,10,酒店管理与数字化运营,C584,上海民远职业技术学院,4,621761
2025,2,12,电子商务,C584,上海民远职业技术学院,5,589477
2025,2,13,跨境电子商务,C584,上海民远职业技术学院,5,617229
2025,2,18,宠物养护与驯导,C584,上海民远职业技术学院,4,614592
2025,2,02,护理(涉外护理方向),C586,上海思博职业技术学院,2,532459
2025,2,04,卫生信息管理(病案管理与医疗文秘方向),C586,上海思博职业技术学院,2,606618
2025,2,05,现代物流管理(国际物流管理方向),C586,上海思博职业技术学院,2,626761
2025,2,12,新能源汽车技术,C586,上海思博职业技术学院,4,603767
2025,2,13,机电一体化技术,C586,上海思博职业技术学院,4,591415
2025,2,14,数控技术(智能制造方向),C586,上海思博职业技术学院,2,608237
2025,2,15,健身指导与管理,C586,上海思博职业技术学院,2,611662
2025,2,06,应用英语(中外合作办学)(涉外服务管理方向),C586,上海思博职业技术学院,2,553235
2025,2,22,传播与策划,C588,上海工艺美术职业学院,3,262443
2025,2,24,数字媒体技术,C588,上海工艺美术职业学院,3,240395
2025,2,25,美术教育,C588,上海工艺美术职业学院,3,315236
2025,2,28,风景园林设计,C588,上海工艺美术职业学院,3,294079
2025,2,29,空间数字建模与应用技术,C588,上海工艺美术职业学院,3,284831
2025,2,13,园林技术,C593,辽宁生态工程职业学院,5,358584
2025,2,33,家具设计与制造,C593,辽宁生态工程职业学院,5,402205
2025,2,G7,金融服务与管理,C594,沈阳职业技术学院,4,342811
2025,2,J6,飞行器数字化制造技术,C594,沈阳职业技术学院,5,334651
2025,2,L3,摄影与摄像艺术,C594,沈阳职业技术学院,2,331753
2025,2,L4,休闲服务与管理,C594,沈阳职业技术学院,2,321835
2025,2,L6,烹饪工艺与营养,C594,沈阳职业技术学院,3,362432
2025,2,P3,工程造价,C594,沈阳职业技术学院,2,362171
2025,2,P4,建筑设计,C594,沈阳职业技术学院,2,354371
2025,2,X8,人工智能技术应用,C594,沈阳职业技术学院,5,306107
2025,2,05,动物医学,C600,邵阳职业技术学院,4,338691
2025,2,08,现代农业技术,C600,邵阳职业技术学院,4,468582
2025,2,18,电梯工程技术,C600,邵阳职业技术学院,4,480800
2025,2,22,新能源汽车技术,C600,邵阳职业技术学院,4,463203
2025,2,23,工业机器人技术,C600,邵阳职业技术学院,4,468588
2025,2,07,法律事务,C601,湖南司法警官职业学院,10,311558
2025,2,09,司法警务,C601,湖南司法警官职业学院,5,306197
2025,2,0B,司法鉴定技术,C601,湖南司法警官职业学院,5,292896
2025,2,01,畜牧兽医,C605,重庆三峡职业学院,6,298634
2025,2,0A,植物保护与检疫技术,C605,重庆三峡职业学院,4,370618
2025,2,0Z,电子商务类,C609,重庆电子科技职业大学,5,296539
2025,2,10,广播影视类,C609,重庆电子科技职业大学,5,298826
2025,2,11,建筑智能化工程技术,C609,重庆电子科技职业大学,5,377505
2025,2,16,物流类,C609,重庆电子科技职业大学,5,287356
2025,2,18,建设工程管理类,C609,重庆电子科技职业大学,5,341410
2025,2,05,发电厂及电力系统,C627,福建水利电力职业技术学院,5,330415
2025,2,01,电气自动化技术,C637,四川化工职业技术学院,16,366114
2025,2,32,药品生产技术,C637,四川化工职业技术学院,12,433142
2025,2,3A,应用化工技术,C637,四川化工职业技术学院,12,404963
2025,2,09,电力系统自动化技术,C638,四川水利职业技术学院,5,311385
2025,2,10,供用电技术,C638,四川水利职业技术学院,5,302893
2025,2,B1,建筑工程技术,C640,内江职业技术学院,2,544614
2025,2,B3,道路与桥梁工程技术,C640,内江职业技术学院,2,528877
2025,2,B5,机电一体化技术,C640,内江职业技术学院,6,430107
2025,2,36,工业机器人技术,C641,四川航天职业技术学院,5,343927
2025,2,44,现代物流管理,C641,四川航天职业技术学院,5,373358
2025,2,57,信息安全技术应用,C641,四川航天职业技术学院,5,347625
2025,2,3A,机电一体化技术(中外合作办学),C641,四川航天职业技术学院,4,380592
2025,2,44,医学影像技术,C662,张家界学院,3,605468
2025,2,45,医学影像技术(智慧影像方向),C662,张家界学院,3,661972
2025,2,47,商务英语(跨境电子商务运营服务与管理方向),C662,张家界学院,1,662728
2025,2,48,商务英语(报关报检方向),C662,张家界学院,1,649516
2025,2,G9,铁道交通运营管理,C670,呼和浩特职业技术大学,15,312521
2025,2,H1,铁道车辆技术,C670,呼和浩特职业技术大学,10,323653
2025,2,18,应用化工技术,C677,锡林郭勒职业学院,10,588271
2025,2,24,飞机机电设备维修,C677,锡林郭勒职业学院,2,467669
2025,2,25,畜牧兽医,C677,锡林郭勒职业学院,8,476748
2025,2,51,音乐教育(师范类),C677,锡林郭勒职业学院,5,614309
2025,2,80,空中乘务,C677,锡林郭勒职业学院,5,577208
2025,2,93,民航安全技术管理,C677,锡林郭勒职业学院,5,578498
2025,2,P1,园林技术,C677,锡林郭勒职业学院,5,599786
2025,2,02,航海技术,C679,江苏海事职业技术学院,50,337464
2025,2,10,水路运输安全管理,C679,江苏海事职业技术学院,10,330303
2025,2,14,轮机工程技术,C679,江苏海事职业技术学院,30,342661
2025,2,23,船舶电子电气技术,C679,江苏海事职业技术学院,10,338495
2025,2,31,电气自动化技术,C679,江苏海事职业技术学院,5,291416
2025,2,42,机电一体化技术,C679,江苏海事职业技术学院,5,294990
2025,2,46,工业机器人技术,C679,江苏海事职业技术学院,5,306771
2025,2,50,船舶工程技术,C679,江苏海事职业技术学院,5,324129
2025,2,55,机械制造及自动化,C679,江苏海事职业技术学院,5,298714
2025,2,57,海洋工程装备技术,C679,江苏海事职业技术学院,5,340118
2025,2,60,集装箱运输管理,C679,江苏海事职业技术学院,4,328488
2025,2,63,关务与外贸服务,C679,江苏海事职业技术学院,4,286188
2025,2,66,港口与航运管理,C679,江苏海事职业技术学院,5,299292
2025,2,75,商务英语,C679,江苏海事职业技术学院,5,286383
2025,2,79,现代物流管理,C679,江苏海事职业技术学院,5,296830
2025,2,83,软件技术,C679,江苏海事职业技术学院,5,283221
2025,2,86,电子信息工程技术,C679,江苏海事职业技术学院,2,261030
2025,2,89,现代移动通信技术,C679,江苏海事职业技术学院,2,294606
2025,2,96,大数据技术,C679,江苏海事职业技术学院,2,271359
2025,2,99,人工智能技术应用,C679,江苏海事职业技术学院,5,284952
2025,2,A8,国际邮轮乘务管理,C679,江苏海事职业技术学院,12,349782
2025,2,B2,邮轮内装技术,C679,江苏海事职业技术学院,5,349862
2025,2,01,物联网应用技术,C681,无锡科技职业学院,10,303855
2025,2,09,集成电路技术,C681,无锡科技职业学院,10,313218
2025,2,12,安全技术与管理,C681,无锡科技职业学院,10,330507
2025,2,01,临床医学,C682,江苏医药职业学院,5,335903
2025,2,02,口腔医学,C682,江苏医药职业学院,5,302622
2025,2,04,护理,C682,江苏医药职业学院,5,278451
2025,2,10,药学,C682,江苏医药职业学院,5,275518
2025,2,16,针灸推拿,C682,江苏医药职业学院,5,277188
2025,2,17,医学影像技术,C682,江苏医药职业学院,5,279668
2025,2,25,医学检验技术,C682,江苏医药职业学院,5,286727
2025,2,05,园艺技术,C684,南通科技职业学院,4,361631
2025,2,12,环境监测技术,C684,南通科技职业学院,4,373878
2025,2,21,机电一体化技术,C684,南通科技职业学院,4,318740
2025,2,30,软件技术,C684,南通科技职业学院,4,336551
2025,2,34,现代物流管理,C684,南通科技职业学院,4,360255
2025,2,01,市场营销,C685,苏州经贸职业技术学院,2,264078
2025,2,05,网络营销与直播电商,C685,苏州经贸职业技术学院,2,273238
2025,2,08,计算机应用技术,C685,苏州经贸职业技术学院,2,266274
2025,2,15,大数据与会计,C685,苏州经贸职业技术学院,2,206713
2025,2,20,机电一体化技术,C685,苏州经贸职业技术学院,2,248203
2025,2,3B,物联网应用技术,C686,苏州工业职业技术学院,4,276792
2025,2,4C,大数据技术,C686,苏州工业职业技术学院,4,279683
2025,2,62,工程造价,C686,苏州工业职业技术学院,4,306134
2025,2,8C,汽车检测与维修技术,C686,苏州工业职业技术学院,3,289919
2025,2,02,国际经济与贸易,C702,无锡商业职业技术学院,4,284702
2025,2,05,电子商务,C702,无锡商业职业技术学院,4,292000
2025,2,09,网络营销与直播电商,C702,无锡商业职业技术学院,4,302159
2025,2,10,大数据与财务管理,C702,无锡商业职业技术学院,4,254189
2025,2,11,大数据与会计,C702,无锡商业职业技术学院,2,241752
2025,2,14,金融服务与管理,C702,无锡商业职业技术学院,3,291117
2025,2,15,酒店管理与数字化运营,C702,无锡商业职业技术学院,4,318334
2025,2,16,旅游管理,C702,无锡商业职业技术学院,4,313132
2025,2,20,建筑室内设计,C702,无锡商业职业技术学院,4,313649
2025,2,27,计算机网络技术,C702,无锡商业职业技术学院,4,289644
2025,2,28,软件技术,C702,无锡商业职业技术学院,4,287041
2025,2,29,物联网应用技术,C702,无锡商业职业技术学院,4,310645
2025,2,33,工业机器人技术,C702,无锡商业职业技术学院,5,297394
2025,2,01,航海技术,C703,江苏航运职业技术学院,15,342089
2025,2,02,轮机工程技术,C703,江苏航运职业技术学院,12,350995
2025,2,03,船舶电子电气技术,C703,江苏航运职业技术学院,5,352247
2025,2,06,船舶工程技术,C703,江苏航运职业技术学院,8,361423
2025,2,09,港口与航道工程技术,C703,江苏航运职业技术学院,5,364172
2025,2,20,港口机械与智能控制,C703,江苏航运职业技术学院,8,362984
2025,2,23,智能网联汽车技术,C703,江苏航运职业技术学院,5,356495
2025,2,26,城市轨道交通通信信号技术,C703,江苏航运职业技术学院,5,341120
2025,2,31,飞机机电设备维修,C703,江苏航运职业技术学院,5,357903
2025,2,37,国际邮轮乘务管理,C703,江苏航运职业技术学院,4,360925
2025,2,04,服装设计与工艺,C711,泉州纺织服装职业学院,2,619220
2025,2,06,数字化染整技术,C711,泉州纺织服装职业学院,2,606805
2025,2,26,网络营销与直播电商,C711,泉州纺织服装职业学院,2,636066
2025,2,31,广告艺术设计,C711,泉州纺织服装职业学院,2,598384
2025,2,50,大数据与会计,C713,西安外事学院,8,340337
2025,2,51,电子商务,C713,西安外事学院,5,427639
2025,2,52,现代物流管理,C713,西安外事学院,10,547194
2025,2,53,高速铁路客运服务,C713,西安外事学院,10,460685
2025,2,54,工商企业管理,C713,西安外事学院,5,396520
2025,2,55,空中乘务,C713,西安外事学院,15,587981
2025,2,56,旅游管理,C713,西安外事学院,15,678016
2025,2,57,新闻采编与制作,C713,西安外事学院,5,356864
2025,2,58,学前教育,C713,西安外事学院,4,529548
2025,2,59,应用英语,C713,西安外事学院,8,362720
2025,2,60,应用日语,C713,西安外事学院,8,499349
2025,2,61,应用法语,C713,西安外事学院,4,444014
2025,2,62,大数据技术,C713,西安外事学院,5,370554
2025,2,64,工程造价,C713,西安外事学院,6,499994
2025,2,66,汽车制造与试验技术,C713,西安外事学院,4,463132
2025,2,68,护理,C713,西安外事学院,8,478213
2025,2,39,空中乘务,C714,西安翻译学院,70,623140
2025,2,01,建筑工程技术,C717,三亚城市职业学院,2,676472
2025,2,03,新能源汽车技术,C717,三亚城市职业学院,2,669046
2025,2,06,大数据与会计,C717,三亚城市职业学院,3,623289
2025,2,07,市场营销(新媒体运营),C717,三亚城市职业学院,2,656588
2025,2,09,智慧健康养老服务与管理,C717,三亚城市职业学院,3,659511
2025,2,11,宠物养护与驯导,C717,三亚城市职业学院,2,454802
2025,2,12,旅游管理,C717,三亚城市职业学院,3,644620
2025,2,13,烹饪工艺与营养,C717,三亚城市职业学院,3,653686
2025,2,14,高速铁路客运服务,C717,三亚城市职业学院,8,655156
2025,2,15,空中乘务,C717,三亚城市职业学院,8,680933
2025,2,16,计算机应用技术,C717,三亚城市职业学院,7,640128
2025,2,18,电子商务,C717,三亚城市职业学院,8,641424
2025,2,23,应用英语,C717,三亚城市职业学院,2,608064
2025,2,68,大数据与会计(中外合作办学),C717,三亚城市职业学院,10,673441
2025,2,69,现代物流管理(中外合作办学),C717,三亚城市职业学院,10,680783
2025,2,A1,石油工程技术,C718,大庆职业学院,2,379229
2025,2,A6,石油化工技术,C718,大庆职业学院,2,368304
2025,2,A7,应用化工技术,C718,大庆职业学院,2,403543
2025,2,B2,电气自动化技术,C718,大庆职业学院,2,359995
2025,2,C1,大数据与会计,C718,大庆职业学院,2,394372
2025,2,27,无人机应用技术,C719,天津渤海职业技术学院,1,304631
2025,2,28,新能源汽车技术,C719,天津渤海职业技术学院,1,268181
2025,2,41,智能建造技术,C719,天津渤海职业技术学院,1,416192
2025,2,42,工程造价,C719,天津渤海职业技术学院,1,319613
2025,2,01,软件技术,C720,天津电子信息职业技术学院,10,285222
2025,2,04,人工智能技术应用,C720,天津电子信息职业技术学院,5,301927
2025,2,07,动漫制作技术,C720,天津电子信息职业技术学院,5,289058
2025,2,08,数字媒体技术,C720,天津电子信息职业技术学院,5,274204
2025,2,10,电子商务,C720,天津电子信息职业技术学院,5,306681
2025,2,11,大数据与会计,C720,天津电子信息职业技术学院,10,276941
2025,2,14,现代通信技术,C720,天津电子信息职业技术学院,5,316496
2025,2,15,计算机网络技术,C720,天津电子信息职业技术学院,5,290885
2025,2,17,计算机应用技术,C720,天津电子信息职业技术学院,10,300619
2025,2,18,物联网应用技术,C720,天津电子信息职业技术学院,10,315067
2025,2,22,电气自动化技术,C720,天津电子信息职业技术学院,10,291581
2025,2,25,机械制造及自动化,C720,天津电子信息职业技术学院,10,306728
2025,2,26,电子信息工程技术,C720,天津电子信息职业技术学院,10,310554
2025,2,01,电力系统自动化技术,C721,天津机电职业技术学院,1,277398
2025,2,02,机电一体化技术,C721,天津机电职业技术学院,1,261522
2025,2,03,电气自动化技术,C721,天津机电职业技术学院,1,281285
2025,2,04,工业机器人技术,C721,天津机电职业技术学院,1,283686
2025,2,05,物联网应用技术,C721,天津机电职业技术学院,1,295676
2025,2,06,智能控制技术,C721,天津机电职业技术学院,1,314788
2025,2,07,工业互联网应用,C721,天津机电职业技术学院,1,345400
2025,2,08,数控技术,C721,天津机电职业技术学院,2,327480
2025,2,10,模具设计与制造,C721,天津机电职业技术学院,1,340621
2025,2,11,新能源汽车技术,C721,天津机电职业技术学院,1,283939
2025,2,12,智能焊接技术,C721,天津机电职业技术学院,2,312141
2025,2,13,机械设计与制造,C721,天津机电职业技术学院,2,313694
2025,2,15,飞行器数字化制造技术,C721,天津机电职业技术学院,2,318275
2025,2,16,飞机机载设备装配调试技术,C721,天津机电职业技术学院,1,286777
2025,2,17,航空发动机制造技术,C721,天津机电职业技术学院,1,294260
2025,2,18,智能制造装备技术,C721,天津机电职业技术学院,1,316483
2025,2,19,数字媒体技术,C721,天津机电职业技术学院,1,282027
2025,2,20,大数据技术,C721,天津机电职业技术学院,2,323083
2025,2,21,软件技术,C721,天津机电职业技术学院,1,294419
2025,2,22,人工智能技术应用,C721,天津机电职业技术学院,2,325583
2025,2,23,大数据与会计,C721,天津机电职业技术学院,2,287921
2025,2,24,电子商务,C721,天津机电职业技术学院,1,339294
2025,2,25,现代物流管理,C721,天津机电职业技术学院,1,299995
2025,2,01,环境工程技术,C722,天津现代职业技术学院,4,328224
2025,2,02,环境管理与评价,C722,天津现代职业技术学院,5,338241
2025,2,03,安全技术与管理,C722,天津现代职业技术学院,5,341258
2025,2,04,光伏工程技术,C722,天津现代职业技术学院,5,320789
2025,2,05,储能材料技术,C722,天津现代职业技术学院,5,337545
2025,2,06,数控技术,C722,天津现代职业技术学院,4,325485
2025,2,07,机械制造及自动化,C722,天津现代职业技术学院,4,312550
2025,2,08,机电一体化技术,C722,天津现代职业技术学院,4,298087
2025,2,09,工业机器人技术,C722,天津现代职业技术学院,4,299520
2025,2,0A,电气自动化技术,C722,天津现代职业技术学院,4,287163
2025,2,0B,无人机应用技术,C722,天津现代职业技术学院,3,280270
2025,2,0C,食品生物技术,C722,天津现代职业技术学院,4,312236
2025,2,0D,药品生物技术,C722,天津现代职业技术学院,3,309240
2025,2,0E,包装策划与设计,C722,天津现代职业技术学院,4,320942
2025,2,0F,食品智能加工技术,C722,天津现代职业技术学院,5,309672
2025,2,0G,食品营养与健康,C722,天津现代职业技术学院,4,323899
2025,2,0H,食品检验检测技术,C722,天津现代职业技术学院,3,291578
2025,2,0J,药品生产技术,C722,天津现代职业技术学院,3,302998
2025,2,0K,物联网应用技术,C722,天津现代职业技术学院,5,315345
2025,2,0L,应用电子技术,C722,天津现代职业技术学院,5,330054
2025,2,0M,计算机网络技术,C722,天津现代职业技术学院,4,304967
2025,2,0N,软件技术,C722,天津现代职业技术学院,4,287781
2025,2,0P,大数据技术,C722,天津现代职业技术学院,4,297878
2025,2,0Q,云计算技术应用,C722,天津现代职业技术学院,4,310826
2025,2,0R,人工智能技术应用,C722,天津现代职业技术学院,4,321541
2025,2,0S,卫星通信与导航技术,C722,天津现代职业技术学院,5,355908
2025,2,0T,金融服务与管理,C722,天津现代职业技术学院,4,295129
2025,2,0U,大数据与会计,C722,天津现代职业技术学院,4,267202
2025,2,0V,电子商务,C722,天津现代职业技术学院,4,311847
2025,2,0W,旅游管理,C722,天津现代职业技术学院,5,342828
2025,2,0Z,数字图文信息处理技术,C722,天津现代职业技术学院,4,316772
2025,2,10,影视动画,C722,天津现代职业技术学院,4,298626
2025,2,11,传播与策划,C722,天津现代职业技术学院,4,284640
2025,2,12,商务英语,C722,天津现代职业技术学院,4,297187
2025,2,13,电子竞技运动与管理,C722,天津现代职业技术学院,5,344126
2025,2,14,智慧健康养老服务与管理,C722,天津现代职业技术学院,4,296669
2025,2,01,学前教育(师范类),C724,黑龙江林业职业技术学院,10,576267
2025,2,10,家具设计与制造,C724,黑龙江林业职业技术学院,10,547506
2025,2,18,新能源汽车技术,C724,黑龙江林业职业技术学院,10,464219
2025,2,20,工业机器人技术,C724,黑龙江林业职业技术学院,10,451334
2025,2,21,电气自动化技术,C724,黑龙江林业职业技术学院,10,397473
2025,2,28,药品质量与安全,C724,黑龙江林业职业技术学院,10,465141
2025,2,3C,园艺技术,C725,黑龙江农业职业技术学院,10,578259
2025,2,3L,大数据技术,C725,黑龙江农业职业技术学院,10,461282
2025,2,3N,人工智能技术应用,C725,黑龙江农业职业技术学院,10,479524
2025,2,3R,食品智能加工技术,C725,黑龙江农业职业技术学院,10,555669
2025,2,45,无人机应用技术,C725,黑龙江农业职业技术学院,10,464245
2025,2,09,宠物医疗技术,C726,黑龙江农业工程职业学院,2,289378
2025,2,18,数控技术,C726,黑龙江农业工程职业学院,2,353168
2025,2,22,机电一体化技术,C726,黑龙江农业工程职业学院,2,325019
2025,2,31,食品检验检测技术,C726,黑龙江农业工程职业学院,2,347656
2025,2,41,软件技术,C726,黑龙江农业工程职业学院,2,361978
2025,2,01,护理,C727,黑龙江农垦职业学院,20,446758
2025,2,03,医学检验技术,C727,黑龙江农垦职业学院,5,436874
2025,2,04,康复治疗技术,C727,黑龙江农垦职业学院,5,399478
2025,2,05,小学语文教育(师范类),C727,黑龙江农垦职业学院,25,623483
2025,2,06,学前教育(师范类),C727,黑龙江农垦职业学院,15,672362
2025,2,08,婴幼儿托育服务与管理,C727,黑龙江农垦职业学院,15,661891
2025,2,29,软件技术,C727,黑龙江农垦职业学院,10,441518
2025,2,34,人工智能技术应用,C727,黑龙江农垦职业学院,5,430639
2025,2,09,法律事务,C728,黑龙江司法警官职业学院,10,303705
2025,2,0B,司法警务,C728,黑龙江司法警官职业学院,15,344616
2025,2,0C,司法信息技术,C728,黑龙江司法警官职业学院,15,357567
2025,2,06,服装设计与工艺,C732,天津轻工职业技术学院,2,333258
2025,2,07,文物修复与保护(中国书画),C732,天津轻工职业技术学院,2,274628
2025,2,08,传播与策划,C732,天津轻工职业技术学院,2,296564
2025,2,0C,智能制造装备技术,C732,天津轻工职业技术学院,2,316338
2025,2,0E,工业产品质量检测技术,C732,天津轻工职业技术学院,2,346345
2025,2,0J,工业机器人技术,C732,天津轻工职业技术学院,2,309393
2025,2,0K,光伏工程技术,C732,天津轻工职业技术学院,2,321636
2025,2,0L,风力发电工程技术,C732,天津轻工职业技术学院,2,325523
2025,2,0M,电力系统自动化技术,C732,天津轻工职业技术学院,2,305240
2025,2,0N,大数据技术,C732,天津轻工职业技术学院,2,297210
2025,2,0U,电气自动化技术,C732,天津轻工职业技术学院,2,305007
2025,2,0V,电子商务,C732,天津轻工职业技术学院,3,346055
2025,2,0Z,大数据与财务管理,C732,天津轻工职业技术学院,2,296661
2025,2,12,商务数据分析与应用,C732,天津轻工职业技术学院,4,365095
2025,2,13,金融科技应用,C732,天津轻工职业技术学院,4,349141
2025,2,02,计算机应用技术(人工智能),C733,北京科技经营管理学院,2,407268
2025,2,03,计算机应用技术(软件应用技术),C733,北京科技经营管理学院,2,377858
2025,2,06,大数据与会计,C733,北京科技经营管理学院,2,440111
2025,2,PN,安全防范技术,C734,新疆警察学院,12,320444
2025,2,R3,安全保卫管理,C734,新疆警察学院,6,311535
2025,2,01,工业机器人技术,C737,荆州职业技术学院,15,408824
2025,2,02,机电一体化技术,C737,荆州职业技术学院,15,400519
2025,2,04,模具设计与制造,C737,荆州职业技术学院,5,417451
2025,2,05,数控技术,C737,荆州职业技术学院,5,409721
2025,2,07,汽车制造与试验技术,C737,荆州职业技术学院,5,430153
2025,2,08,新能源汽车技术,C737,荆州职业技术学院,5,427401
2025,2,09,智能网联汽车技术,C737,荆州职业技术学院,5,437238
2025,2,10,汽车技术服务与营销,C737,荆州职业技术学院,5,464063
2025,2,11,汽车检测与维修技术,C737,荆州职业技术学院,5,454867
2025,2,12,电子商务,C737,荆州职业技术学院,5,424014
2025,2,13,大数据与会计,C737,荆州职业技术学院,5,334641
2025,2,15,人力资源管理,C737,荆州职业技术学院,5,409191
2025,2,17,药学,C737,荆州职业技术学院,10,402072
2025,2,18,口腔医学技术,C737,荆州职业技术学院,5,369542
2025,2,19,医学美容技术,C737,荆州职业技术学院,5,395900
2025,2,20,护理,C737,荆州职业技术学院,20,427664
2025,2,23,计算机应用技术,C737,荆州职业技术学院,5,382871
2025,2,24,人工智能技术应用,C737,荆州职业技术学院,5,386871
2025,2,26,信息安全技术应用,C737,荆州职业技术学院,5,402346
2025,2,30,广告艺术设计,C737,荆州职业技术学院,5,449722
2025,2,32,室内艺术设计,C737,荆州职业技术学院,5,454364
2025,2,37,应用化工技术,C737,荆州职业技术学院,10,431438
2025,2,39,动物医学,C737,荆州职业技术学院,10,350054
2025,2,41,学前教育(师范类),C737,荆州职业技术学院,5,471567
2025,2,01,临床医学,C740,仙桃职业学院,14,349341
2025,2,02,护理,C740,仙桃职业学院,14,391084
2025,2,03,医学影像技术,C740,仙桃职业学院,14,400980
2025,2,04,康复治疗技术,C740,仙桃职业学院,14,424885
2025,2,21,学前教育,C740,仙桃职业学院,6,503852
2025,2,22,小学教育,C740,仙桃职业学院,10,460055
2025,2,23,早期教育,C740,仙桃职业学院,8,532826
2025,2,29,电气自动化技术,C740,仙桃职业学院,10,399949
2025,2,31,人工智能技术应用,C740,仙桃职业学院,10,423503
2025,2,06,大数据与会计,C744,湖北轻工职业技术学院,6,311617
2025,2,08,电子商务,C744,湖北轻工职业技术学院,4,395388
2025,2,12,机电一体化技术,C744,湖北轻工职业技术学院,4,360664
2025,2,15,酿酒技术,C744,湖北轻工职业技术学院,4,408062
2025,2,16,食品智能加工技术,C744,湖北轻工职业技术学院,4,404224
2025,2,24,建筑装饰工程技术,C744,湖北轻工职业技术学院,4,418353
2025,2,27,广告艺术设计,C744,湖北轻工职业技术学院,4,399806
2025,2,0W,计算机应用技术,C745,商丘职业技术学院,30,429121
2025,2,1N,学前教育(师范类),C745,商丘职业技术学院,20,552639
2025,2,1P,小学教育(师范类),C745,商丘职业技术学院,70,630109
2025,2,1Q,小学语文教育(师范类),C745,商丘职业技术学院,40,536375
2025,2,1R,小学英语教育(师范类),C745,商丘职业技术学院,40,538105
2025,2,01,电气自动化技术,C748,平顶山工业职业技术学院,15,480680
2025,2,0A,机电一体化技术,C748,平顶山工业职业技术学院,60,530680
2025,2,0P,建筑工程技术,C748,平顶山工业职业技术学院,15,565088
2025,2,1J,空中乘务,C748,平顶山工业职业技术学院,10,574831
2025,2,03,医学影像技术,C750,周口职业技术学院,10,414023
2025,2,05,护理,C750,周口职业技术学院,10,430487
2025,2,0Y,小学教育(师范类),C750,周口职业技术学院,50,636529
2025,2,13,学前教育(师范类),C750,周口职业技术学院,10,568354
2025,2,01,道路与桥梁工程技术,C752,湖北交通职业技术学院,5,371828
2025,2,13,人工智能技术应用,C752,湖北交通职业技术学院,5,333197
2025,2,21,建筑工程技术,C752,湖北交通职业技术学院,5,386099
2025,2,24,无人机应用技术,C752,湖北交通职业技术学院,2,311587
2025,2,25,机电一体化技术,C752,湖北交通职业技术学院,3,311051
2025,2,28,飞机机电设备维修,C752,湖北交通职业技术学院,3,339682
2025,2,2C,航海技术,C752,湖北交通职业技术学院,5,368004
2025,2,19,机械设计与制造,C753,绵阳职业技术学院,5,382288
2025,2,28,统计与会计核算,C753,绵阳职业技术学院,5,382483
2025,2,01,空中乘务,C754,重庆海联职业技术学院,5,587703
2025,2,02,民航空中安全保卫,C754,重庆海联职业技术学院,3,592145
2025,2,03,民航运输服务,C754,重庆海联职业技术学院,1,621518
2025,2,04,机场运行服务与管理,C754,重庆海联职业技术学院,3,652739
2025,2,05,高速铁路客运服务,C754,重庆海联职业技术学院,2,582597
2025,2,06,民航安全技术管理,C754,重庆海联职业技术学院,2,622544
2025,2,07,航空物流管理,C754,重庆海联职业技术学院,1,612827
2025,2,08,飞机机电设备维修,C754,重庆海联职业技术学院,2,570227
2025,2,09,航空地面设备维修,C754,重庆海联职业技术学院,2,446270
2025,2,0A,无人机应用技术,C754,重庆海联职业技术学院,2,555560
2025,2,0B,无人机测绘技术,C754,重庆海联职业技术学院,2,580728
2025,2,0C,飞行器数字化制造技术,C754,重庆海联职业技术学院,2,581425
2025,2,0D,应急救援技术,C754,重庆海联职业技术学院,2,648166
2025,2,0E,通用航空器维修,C754,重庆海联职业技术学院,2,571210
2025,2,0F,新能源汽车技术,C754,重庆海联职业技术学院,2,544203
2025,2,0G,汽车制造与试验技术,C754,重庆海联职业技术学院,2,593059
2025,2,0H,智能网联汽车技术,C754,重庆海联职业技术学院,2,594190
2025,2,0J,虚拟现实技术应用,C754,重庆海联职业技术学院,1,538089
2025,2,0K,旅游管理,C754,重庆海联职业技术学院,2,618682
2025,2,0L,定制旅行管理与服务,C754,重庆海联职业技术学院,2,604889
2025,2,0N,法律事务,C754,重庆海联职业技术学院,1,360099
2025,2,0Q,社区康复,C754,重庆海联职业技术学院,1,644616
2025,2,0R,电子竞技运动与管理,C754,重庆海联职业技术学院,1,400900
2025,2,0S,跨境电子商务,C754,重庆海联职业技术学院,1,530115
2025,2,55,机械设计与制造,C755,重庆信息技术职业学院,5,576377
2025,2,59,智能控制技术,C755,重庆信息技术职业学院,3,581658
2025,2,62,汽车制造与试验技术,C755,重庆信息技术职业学院,3,660146
2025,2,63,新能源汽车技术,C755,重庆信息技术职业学院,5,585154
2025,2,64,电子信息工程技术,C755,重庆信息技术职业学院,5,517776
2025,2,65,物联网应用技术,C755,重庆信息技术职业学院,3,490248
2025,2,66,计算机网络技术,C755,重庆信息技术职业学院,4,467604
2025,2,67,软件技术,C755,重庆信息技术职业学院,3,440495
2025,2,69,大数据技术,C755,重庆信息技术职业学院,2,419323
2025,2,79,康复治疗技术,C755,重庆信息技术职业学院,5,594012
2025,2,80,婴幼儿托育服务与管理,C755,重庆信息技术职业学院,2,674064
2025,2,01,数字媒体技术,C756,重庆传媒职业学院,2,389843
2025,2,02,大数据技术,C756,重庆传媒职业学院,2,493525
2025,2,04,动漫制作技术,C756,重庆传媒职业学院,2,485106
2025,2,05,康复治疗技术,C756,重庆传媒职业学院,2,528231
2025,2,11,广播影视节目制作,C756,重庆传媒职业学院,2,509715
2025,2,13,录音技术与艺术,C756,重庆传媒职业学院,2,554764
2025,2,14,摄影摄像技术,C756,重庆传媒职业学院,2,456245
2025,2,16,传播与策划,C756,重庆传媒职业学院,2,492171
2025,2,17,学前教育(师范类),C756,重庆传媒职业学院,2,573588
2025,2,22,影视制片管理,C756,重庆传媒职业学院,2,514537
2025,2,23,艺术教育(师范类),C756,重庆传媒职业学院,2,618104
2025,2,24,人工智能技术应用,C756,重庆传媒职业学院,2,545516
2025,2,29,大数据与会计,C758,重庆城市管理职业学院,2,227656
2025,2,11,机械设计与制造,C759,重庆工程职业技术学院,1,274327
2025,2,13,机电一体化技术,C759,重庆工程职业技术学院,1,221596
2025,2,22,计算机类,C759,重庆工程职业技术学院,3,272319
2025,2,39,工程测量技术,C759,重庆工程职业技术学院,1,271581
2025,2,14,机电一体化技术(中外合作办学),C759,重庆工程职业技术学院,5,387304
2025,2,18,工业机器人技术(中外合作办学),C759,重庆工程职业技术学院,5,385086
2025,2,23,软件技术(中外合作办学),C759,重庆工程职业技术学院,5,389332
2025,2,06,物联网应用技术,C761,四川交通职业技术学院,5,341521
2025,2,07,机械制造及自动化,C761,四川交通职业技术学院,5,331444
2025,2,02,现代造纸技术,C762,四川工商职业技术学院,10,462848
2025,2,01,机械制造及自动化,C763,四川工程职业技术大学,4,277644
2025,2,02,模具设计与制造,C763,四川工程职业技术大学,1,343296
2025,2,03,机电一体化技术,C763,四川工程职业技术大学,2,256896
2025,2,04,数字化设计与制造技术,C763,四川工程职业技术大学,3,334657
2025,2,05,电子信息工程技术,C763,四川工程职业技术大学,1,318009
2025,2,08,航空材料精密成型技术,C763,四川工程职业技术大学,4,334931
2025,2,09,智能焊接技术,C763,四川工程职业技术大学,4,297122
2025,2,11,增材制造技术,C763,四川工程职业技术大学,3,339128
2025,2,12,现代锻压技术,C763,四川工程职业技术大学,3,520844
2025,2,15,电子商务,C763,四川工程职业技术大学,2,312046
2025,2,16,大数据与会计,C763,四川工程职业技术大学,2,263052
2025,2,18,现代物流管理,C763,四川工程职业技术大学,2,323592
2025,2,20,物联网应用技术,C763,四川工程职业技术大学,2,336009
2025,2,21,大数据技术,C763,四川工程职业技术大学,2,334951
2025,2,22,信息安全技术应用,C763,四川工程职业技术大学,2,335940
2025,2,23,园林工程技术,C763,四川工程职业技术大学,4,377974
2025,2,24,工程造价,C763,四川工程职业技术大学,2,411043
2025,2,26,建筑装饰工程技术,C763,四川工程职业技术大学,3,564469
2025,2,27,酒店管理与数字化运营,C763,四川工程职业技术大学,6,493217
2025,2,28,旅游管理,C763,四川工程职业技术大学,6,368675
2025,2,32,城市轨道交通机电技术,C763,四川工程职业技术大学,2,304442
2025,2,07,工程造价,C764,四川建筑职业技术学院,1,318907
2025,2,16,现代物流管理,C764,四川建筑职业技术学院,4,374534
2025,2,22,文物修复与保护,C764,四川建筑职业技术学院,3,300444
2025,2,41,道路与桥梁工程技术,C764,四川建筑职业技术学院,4,370655
2025,2,59,建筑工程技术,C764,四川建筑职业技术学院,4,405811
2025,2,01,机电一体化技术,C768,济源职业技术学院,10,451315
2025,2,0B,新能源汽车技术,C768,济源职业技术学院,10,487489
2025,2,0F,大数据与会计,C768,济源职业技术学院,10,456866
2025,2,0L,计算机应用技术,C768,济源职业技术学院,10,496426
2025,2,0R,应用化工技术,C768,济源职业技术学院,10,554874
2025,2,0T,有色金属智能冶金技术,C768,济源职业技术学院,10,552851
2025,2,1A,学前教育(师范类),C768,济源职业技术学院,6,537646
2025,2,1F,护理,C768,济源职业技术学院,14,446069
2025,2,1G,康复治疗技术,C768,济源职业技术学院,10,462113
2025,2,1M,钢铁智能冶金技术,C777,山西工程职业学院,2,390944
2025,2,1U,机电一体化技术,C777,山西工程职业学院,2,290976
2025,2,1V,智能控制技术,C777,山西工程职业学院,3,371946
2025,2,1Y,新能源汽车技术,C777,山西工程职业学院,2,310155
2025,2,2F,计算机网络技术,C777,山西工程职业学院,2,329095
2025,2,2H,软件技术,C777,山西工程职业学院,2,363953
2025,2,2L,信息安全技术应用,C777,山西工程职业学院,2,360240
2025,2,2T,融媒体技术与运营,C777,山西工程职业学院,2,382186
2025,2,3B,建筑工程技术,C777,山西工程职业学院,3,434398
2025,2,05,法律事务,C781,河南司法警官职业学院,10,316598
2025,2,04,机电一体化技术,C783,石家庄城市经济职业学院,20,638772
2025,2,22,护理,C783,石家庄城市经济职业学院,20,680346
2025,2,01,国际经济与贸易,C788,天津商务职业学院,6,349135
2025,2,02,国际商务,C788,天津商务职业学院,2,347973
2025,2,03,跨境电子商务,C788,天津商务职业学院,4,356426
2025,2,04,关务与外贸服务,C788,天津商务职业学院,7,356097
2025,2,05,港口与航运管理,C788,天津商务职业学院,2,311404
2025,2,06,商务英语,C788,天津商务职业学院,9,330870
2025,2,07,应用德语,C788,天津商务职业学院,2,311926
2025,2,08,应用日语,C788,天津商务职业学院,3,316561
2025,2,09,现代物流管理,C788,天津商务职业学院,4,342292
2025,2,10,市场营销,C788,天津商务职业学院,4,356319
2025,2,11,电子商务,C788,天津商务职业学院,4,352794
2025,2,12,商务数据分析与应用,C788,天津商务职业学院,2,356626
2025,2,13,大数据与会计,C788,天津商务职业学院,7,288174
2025,2,15,大数据与审计(审计助理方向),C788,天津商务职业学院,4,292569
2025,2,16,软件技术(欧美软件外包方向),C788,天津商务职业学院,4,336945
2025,2,17,软件技术(欧美软件测试方向),C788,天津商务职业学院,2,350840
2025,2,18,移动应用开发,C788,天津商务职业学院,3,344741
2025,2,19,大数据技术,C788,天津商务职业学院,3,307880
2025,2,20,人工智能技术应用,C788,天津商务职业学院,2,319674
2025,2,21,旅游管理,C788,天津商务职业学院,2,369853
2025,2,23,酒店管理与数字化运营,C788,天津商务职业学院,2,368308
2025,2,24,会展策划与管理,C788,天津商务职业学院,4,342977
2025,2,25,现代文秘,C788,天津商务职业学院,1,309379
2025,2,26,茶艺与茶文化,C788,天津商务职业学院,2,367646
2025,2,27,金融类,C788,天津商务职业学院,6,353170
2025,2,28,金融科技应用,C788,天津商务职业学院,2,355338
2025,2,29,全媒体广告策划与营销,C788,天津商务职业学院,2,321944
2025,2,22,旅游管理(中外合作办学),C788,天津商务职业学院,2,454926
2025,2,06,护理,C793,鹤壁职业技术学院,10,465959
2025,2,08,康复治疗技术,C793,鹤壁职业技术学院,10,468569
2025,2,13,学前教育(师范类),C793,鹤壁职业技术学院,10,566950
2025,2,15,小学教育(师范类),C793,鹤壁职业技术学院,10,526026
2025,2,22,机械制造及自动化,C793,鹤壁职业技术学院,10,521021
2025,2,14,学前教育(中外合作办学)(师范类),C793,鹤壁职业技术学院,10,608432
2025,2,0B,机械设计与制造,C794,河南工业职业技术学院,15,370649
2025,2,13,计算机网络技术,C794,河南工业职业技术学院,15,373162
2025,2,57,工程造价,C795,南昌理工学院,4,607507
2025,2,61,电气自动化技术,C795,南昌理工学院,6,472648
2025,2,63,无人机应用技术,C795,南昌理工学院,6,568836
2025,2,64,汽车制造与试验技术,C795,南昌理工学院,6,650892
2025,2,65,药品生物技术,C795,南昌理工学院,5,575938
2025,2,66,空中乘务,C795,南昌理工学院,20,607936
2025,2,68,电子信息工程技术,C795,南昌理工学院,6,547783
2025,2,70,计算机网络技术,C795,南昌理工学院,6,553685
2025,2,72,动漫制作技术,C795,南昌理工学院,8,617562
2025,2,73,集成电路技术,C795,南昌理工学院,6,669436
2025,2,74,护理,C795,南昌理工学院,6,495037
2025,2,77,大数据与会计,C795,南昌理工学院,6,517116
2025,2,78,工商企业管理,C795,南昌理工学院,5,520027
2025,2,80,电子商务,C795,南昌理工学院,6,601786
2025,2,82,法律事务,C795,南昌理工学院,6,377114
2025,2,84,商务英语,C795,南昌理工学院,6,617834
2025,2,85,影视编导,C795,南昌理工学院,6,648467
2025,2,A1,汽车智能技术,C795,南昌理工学院,3,585336
2025,2,A2,工业机器人技术,C795,南昌理工学院,3,611161
2025,2,A3,飞行器数字化制造技术,C795,南昌理工学院,3,556998
2025,2,01,建筑设计,C798,上海济光职业技术学院,5,586146
2025,2,02,风景园林设计,C798,上海济光职业技术学院,4,604994
2025,2,03,数字媒体技术,C798,上海济光职业技术学院,10,485073
2025,2,04,智慧城市管理技术,C798,上海济光职业技术学院,4,620449
2025,2,06,建筑智能化工程技术,C798,上海济光职业技术学院,4,602504
2025,2,09,空间数字建模与应用技术,C798,上海济光职业技术学院,5,636148
2025,2,10,大数据与会计,C798,上海济光职业技术学院,5,480283
2025,2,13,国际邮轮乘务管理,C798,上海济光职业技术学院,3,576538
2025,2,16,新能源汽车技术,C798,上海济光职业技术学院,6,556629
2025,2,20,护理,C798,上海济光职业技术学院,10,597142
2025,2,22,计算机网络技术,C798,上海济光职业技术学院,10,538273
2025,2,23,软件技术,C798,上海济光职业技术学院,10,503883
2025,2,24,信息安全技术应用,C798,上海济光职业技术学院,5,546005
2025,2,25,建筑室内设计,C798,上海济光职业技术学院,10,591587
2025,2,26,学前教育,C798,上海济光职业技术学院,8,612899
2025,2,27,建筑工程技术(高本贯通),C798,上海济光职业技术学院,10,289816
2025,2,28,建设工程管理(房屋建筑方向，高本贯通),C798,上海济光职业技术学院,10,283486
2025,2,29,酒店管理与数字化运营(高本贯通),C798,上海济光职业技术学院,15,289692
2025,2,09,软件技术,C800,上海工商外国语职业学院,2,491792
2025,2,08,大数据技术(中外合作办学)(大数据分析中美合作),C800,上海工商外国语职业学院,2,471252
2025,2,01,现代通信技术,C801,上海科学技术职业学院,2,318953
2025,2,02,安全防范技术(集成技术与产品制造),C801,上海科学技术职业学院,2,206792
2025,2,03,信息安全技术应用,C801,上海科学技术职业学院,2,308142
2025,2,04,移动互联应用技术,C801,上海科学技术职业学院,2,318321
2025,2,05,人工智能技术应用,C801,上海科学技术职业学院,2,294139
2025,2,06,物联网应用技术,C801,上海科学技术职业学院,1,286694
2025,2,07,智能网联汽车技术,C801,上海科学技术职业学院,2,346418
2025,2,08,新能源汽车技术,C801,上海科学技术职业学院,1,290835
2025,2,09,新能源汽车检测与维修技术,C801,上海科学技术职业学院,2,323917
2025,2,10,机电一体化技术,C801,上海科学技术职业学院,2,277325
2025,2,11,机械制造及自动化,C801,上海科学技术职业学院,2,310919
2025,2,13,智能控制技术,C801,上海科学技术职业学院,2,317397
2025,2,14,网络营销与直播电商,C801,上海科学技术职业学院,1,308082
2025,2,15,跨境电子商务,C801,上海科学技术职业学院,1,284777
2025,2,16,大数据与会计,C801,上海科学技术职业学院,2,277138
2025,2,17,电子商务,C801,上海科学技术职业学院,2,287245
2025,2,25,汽车检测与维修技术(高本贯通),C801,上海科学技术职业学院,2,270653
2025,2,26,工业机器人技术(高本贯通),C801,上海科学技术职业学院,2,256646
2025,2,27,现代物流管理(高本贯通),C801,上海科学技术职业学院,1,253584
2025,2,28,旅游管理(高本贯通),C801,上海科学技术职业学院,2,246054
2025,2,29,社会工作(高本贯通),C801,上海科学技术职业学院,1,179342
2025,2,03,宝玉石鉴定与加工,C803,天津国土资源和房屋职业学院,4,394970
2025,2,06,建筑装饰工程技术,C803,天津国土资源和房屋职业学院,6,434541
2025,2,07,古建筑工程技术,C803,天津国土资源和房屋职业学院,4,401696
2025,2,09,建筑工程技术,C803,天津国土资源和房屋职业学院,4,433007
2025,2,12,建筑智能化工程技术,C803,天津国土资源和房屋职业学院,4,414134
2025,2,13,工程造价,C803,天津国土资源和房屋职业学院,10,424652
2025,2,18,电梯工程技术,C803,天津国土资源和房屋职业学院,4,399721
2025,2,20,大数据与会计,C803,天津国土资源和房屋职业学院,8,319936
2025,2,21,工商企业管理,C803,天津国土资源和房屋职业学院,6,378377
2025,2,06,道路与桥梁工程技术,C804,南京交通职业技术学院,10,323401
2025,2,14,现代物流管理,C804,南京交通职业技术学院,5,313357
2025,2,17,城市轨道交通运营管理,C804,南京交通职业技术学院,5,285583
2025,2,21,大数据技术,C804,南京交通职业技术学院,5,286573
2025,2,31,城市轨道车辆应用技术,C804,南京交通职业技术学院,5,299385
2025,2,32,建筑工程技术,C804,南京交通职业技术学院,5,348387
2025,2,33,工程造价,C804,南京交通职业技术学院,5,363417
2025,2,11,电子信息工程技术,C805,江苏电子信息职业学院,8,325534
2025,2,14,集成电路技术,C805,江苏电子信息职业学院,6,346798
2025,2,16,无人机应用技术,C805,江苏电子信息职业学院,3,318671
2025,2,21,机械制造及自动化,C805,江苏电子信息职业学院,5,340722
2025,2,24,数字化设计与制造技术,C805,江苏电子信息职业学院,8,350620
2025,2,37,云计算技术应用,C805,江苏电子信息职业学院,3,330273
2025,2,41,电气自动化技术,C805,江苏电子信息职业学院,5,334239
2025,2,46,工业机器人技术,C805,江苏电子信息职业学院,3,342067
2025,2,53,财税大数据应用,C805,江苏电子信息职业学院,5,317489
2025,2,56,跨境电子商务,C805,江苏电子信息职业学院,7,357854
2025,2,84,新能源汽车技术,C805,江苏电子信息职业学院,5,353320
2025,2,01,畜牧兽医,C806,江苏农牧科技职业学院,5,258969
2025,2,04,动物医学,C806,江苏农牧科技职业学院,23,249232
2025,2,09,中药制药,C806,江苏农牧科技职业学院,5,310730
2025,2,0A,食品检验检测技术,C806,江苏农牧科技职业学院,8,311647
2025,2,0D,宠物医疗技术,C806,江苏农牧科技职业学院,2,266471
2025,2,0F,水产养殖技术,C806,江苏农牧科技职业学院,5,335067
2025,2,0H,现代农业技术,C806,江苏农牧科技职业学院,8,313640
2025,2,0M,花卉生产与花艺,C806,江苏农牧科技职业学院,11,370929
2025,2,0R,智能物流技术,C806,江苏农牧科技职业学院,4,330576
2025,2,0Y,机械制造及自动化,C806,江苏农牧科技职业学院,4,296169
2025,2,83,婴幼儿托育服务与管理,C807,常州纺织服装职业技术学院,5,498811
2025,2,85,市场营销,C807,常州纺织服装职业技术学院,5,370473
2025,2,31,机械设计与制造,C809,苏州工业园区职业技术学院,2,403791
2025,2,32,数控技术,C809,苏州工业园区职业技术学院,2,406324
2025,2,33,模具设计与制造,C809,苏州工业园区职业技术学院,2,386302
2025,2,34,机电一体化技术,C809,苏州工业园区职业技术学院,2,374678
2025,2,35,智能机电技术,C809,苏州工业园区职业技术学院,2,391752
2025,2,36,工业机器人技术,C809,苏州工业园区职业技术学院,2,409707
2025,2,37,汽车检测与维修技术,C809,苏州工业园区职业技术学院,2,427203
2025,2,38,智能网联汽车技术,C809,苏州工业园区职业技术学院,2,431277
2025,2,39,电气自动化技术,C809,苏州工业园区职业技术学院,2,398677
2025,2,40,药品生物技术,C809,苏州工业园区职业技术学院,2,438583
2025,2,41,城市轨道交通通信信号技术,C809,苏州工业园区职业技术学院,2,396462
2025,2,42,电子信息工程技术,C809,苏州工业园区职业技术学院,2,379442
2025,2,43,物联网应用技术,C809,苏州工业园区职业技术学院,2,416096
2025,2,44,计算机网络技术,C809,苏州工业园区职业技术学院,2,396813
2025,2,45,软件技术,C809,苏州工业园区职业技术学院,2,375498
2025,2,46,人工智能技术应用,C809,苏州工业园区职业技术学院,2,396237
2025,2,47,集成电路技术,C809,苏州工业园区职业技术学院,2,410388
2025,2,48,微电子技术,C809,苏州工业园区职业技术学院,2,416590
2025,2,49,金融科技应用,C809,苏州工业园区职业技术学院,2,407970
2025,2,50,大数据与会计,C809,苏州工业园区职业技术学院,2,356567
2025,2,52,市场营销,C809,苏州工业园区职业技术学院,2,421250
2025,2,53,现代物流管理,C809,苏州工业园区职业技术学院,2,427448
2025,2,54,旅游管理,C809,苏州工业园区职业技术学院,2,439106
2025,2,58,风景园林设计,C809,苏州工业园区职业技术学院,2,428046
2025,2,62,应用日语,C809,苏州工业园区职业技术学院,2,402776
2025,2,02,中草药栽培与加工技术,C813,六安职业技术学院,5,450358
2025,2,03,园林技术,C813,六安职业技术学院,3,473683
2025,2,05,建筑工程技术,C813,六安职业技术学院,6,509322
2025,2,0A,数字化设计与制造技术,C813,六安职业技术学院,2,434466
2025,2,0F,工业机器人技术,C813,六安职业技术学院,2,416844
2025,2,0G,电气自动化技术,C813,六安职业技术学院,6,392385
2025,2,0H,无人机应用技术,C813,六安职业技术学院,2,390927
2025,2,0J,智能网联汽车技术,C813,六安职业技术学院,2,443236
2025,2,0R,计算机应用技术,C813,六安职业技术学院,6,410112
2025,2,0S,软件技术,C813,六安职业技术学院,4,393918
2025,2,0W,婴幼儿托育服务与管理,C813,六安职业技术学院,2,490849
2025,2,0Z,大数据与会计,C813,六安职业技术学院,8,393435
2025,2,11,电子商务,C813,六安职业技术学院,8,480685
2025,2,14,旅游管理,C813,六安职业技术学院,8,496310
2025,2,17,学前教育(师范类),C813,六安职业技术学院,6,481723
2025,2,11,道路与桥梁工程技术,C816,安徽交通职业技术学院,20,420768
2025,2,01,婴幼儿托育服务与管理,C818,滨州职业学院,65,561639
2025,2,03,园林技术,C818,滨州职业学院,54,531966
2025,2,04,药品生产技术,C818,滨州职业学院,117,467564
2025,2,05,化工生物技术,C818,滨州职业学院,63,482472
2025,2,06,环境监测技术,C818,滨州职业学院,60,557415
2025,2,07,机电一体化技术,C818,滨州职业学院,86,365214
2025,2,08,电气自动化技术,C818,滨州职业学院,105,357739
2025,2,09,智能控制技术,C818,滨州职业学院,125,420943
2025,2,10,数控技术,C818,滨州职业学院,55,383619
2025,2,11,机械制造及自动化,C818,滨州职业学院,40,373093
2025,2,12,工业机器人技术,C818,滨州职业学院,80,404302
2025,2,13,金属精密成型技术,C818,滨州职业学院,57,549932
2025,2,14,应用化工技术,C818,滨州职业学院,120,467742
2025,2,15,石油化工技术,C818,滨州职业学院,40,465015
2025,2,16,电厂化学与环保技术,C818,滨州职业学院,100,522216
2025,2,17,新能源材料应用技术,C818,滨州职业学院,100,470172
2025,2,18,护理,C818,滨州职业学院,170,355623
2025,2,19,智慧健康养老服务与管理,C818,滨州职业学院,19,421847
2025,2,20,康复治疗技术,C818,滨州职业学院,20,376911
2025,2,21,健康管理,C818,滨州职业学院,50,465983
2025,2,22,助产,C818,滨州职业学院,30,429568
2025,2,23,药学,C818,滨州职业学院,93,400787
2025,2,24,医学检验技术,C818,滨州职业学院,60,370106
2025,2,25,口腔医学技术,C818,滨州职业学院,59,360418
2025,2,26,眼视光技术,C818,滨州职业学院,75,382124
2025,2,27,大数据与会计,C818,滨州职业学院,100,363097
2025,2,28,金融服务与管理,C818,滨州职业学院,50,480979
2025,2,29,市场营销,C818,滨州职业学院,20,521996
2025,2,30,旅游管理,C818,滨州职业学院,25,531128
2025,2,31,知识产权管理,C818,滨州职业学院,35,427130
2025,2,32,物流工程技术,C818,滨州职业学院,50,562356
2025,2,33,供应链运营,C818,滨州职业学院,60,567420
2025,2,34,电子商务,C818,滨州职业学院,80,487266
2025,2,35,计算机网络技术,C818,滨州职业学院,15,366392
2025,2,36,云计算技术应用,C818,滨州职业学院,60,431060
2025,2,37,大数据技术,C818,滨州职业学院,35,401556
2025,2,38,工业互联网技术,C818,滨州职业学院,65,462321
2025,2,39,信息安全技术应用,C818,滨州职业学院,60,449558
2025,2,40,人工智能技术应用,C818,滨州职业学院,65,424579
2025,2,41,建筑工程技术,C818,滨州职业学院,35,519539
2025,2,43,建筑室内设计,C818,滨州职业学院,120,551453
2025,2,44,城市轨道交通工程技术,C818,滨州职业学院,60,414316
2025,2,45,航海技术,C818,滨州职业学院,27,388829
2025,2,46,轮机工程技术,C818,滨州职业学院,22,400037
2025,2,47,海洋工程装备技术,C818,滨州职业学院,30,475991
2025,2,H1,护理(中外合作办学)(与加拿大诺奎斯特学院中外合作),C818,滨州职业学院,55,472319
2025,2,H2,口腔医学技术(中外合作办学)(与德国格拉健康应用技术大学中外合作),C818,滨州职业学院,45,503309
2025,2,H3,康复治疗技术(中外合作办学)(与德国格拉健康应用技术大学中外合作),C818,滨州职业学院,90,543595
2025,2,H4,智慧健康养老服务与管理(中外合作办学)(与日本鹿儿岛医疗技术专门学,C818,滨州职业学院,90,587213
2025,2,H5,大数据与会计(中外合作办学),C818,滨州职业学院,45,488575
2025,2,A1,园林技术(高职院校专项计划),C818,滨州职业学院,3,620158
2025,2,A2,机电一体化技术(高职院校专项计划),C818,滨州职业学院,4,503344
2025,2,A3,应用化工技术(高职院校专项计划),C818,滨州职业学院,3,612837
2025,2,A4,护理(高职院校专项计划),C818,滨州职业学院,5,455136
2025,2,A5,口腔医学技术(高职院校专项计划),C818,滨州职业学院,3,450201
2025,2,A6,建筑工程技术(高职院校专项计划),C818,滨州职业学院,3,663960
2025,2,F1,数控技术(高职3+2贯通培养，衔接山东航空学院机械设计制造及其自动化,C818,滨州职业学院,30,236812
2025,2,F2,市场营销(高职3+2贯通培养，衔接山东女子学院市场营销专业),C818,滨州职业学院,40,266440
2025,2,F3,学前教育(师范类，高职3+2贯通培养，衔接枣庄学院学前教育专业),C818,滨州职业学院,40,254327
2025,2,F4,人工智能技术应用(高职3+2贯通培养，衔接临沂大学人工智能专业),C818,滨州职业学院,30,235169
2025,2,18,服装陈列与展示设计,C819,山东科技职业学院,30,486771
2025,2,20,服装与服饰设计,C819,山东科技职业学院,35,434705
2025,2,21,现代纺织技术,C819,山东科技职业学院,25,481171
2025,2,22,现代非织造技术,C819,山东科技职业学院,25,513168
2025,2,25,数控技术,C819,山东科技职业学院,20,363448
2025,2,26,数字化设计与制造技术,C819,山东科技职业学院,20,387910
2025,2,27,药品生物技术,C819,山东科技职业学院,44,373914
2025,2,29,婴幼儿托育服务与管理,C819,山东科技职业学院,50,520741
2025,2,30,工程造价,C819,山东科技职业学院,10,418645
2025,2,32,建筑装饰工程技术,C819,山东科技职业学院,12,443465
2025,2,33,智能建造技术,C819,山东科技职业学院,15,440955
2025,2,35,大数据与会计,C819,山东科技职业学院,60,303973
2025,2,36,电子商务,C819,山东科技职业学院,30,435995
2025,2,37,国际经济与贸易,C819,山东科技职业学院,30,426792
2025,2,38,现代物流管理,C819,山东科技职业学院,30,431554
2025,2,39,汽车检测与维修技术,C819,山东科技职业学院,28,412567
2025,2,40,汽车制造与试验技术,C819,山东科技职业学院,28,409190
2025,2,41,无人机应用技术,C819,山东科技职业学院,38,377830
2025,2,42,新能源汽车技术,C819,山东科技职业学院,36,368519
2025,2,43,环境工程技术,C819,山东科技职业学院,35,474721
2025,2,45,眼视光技术,C819,山东科技职业学院,30,351502
2025,2,47,分析检验技术,C819,山东科技职业学院,41,415398
2025,2,48,大数据技术,C819,山东科技职业学院,68,375615
2025,2,49,计算机网络技术,C819,山东科技职业学院,10,346593
2025,2,53,物联网应用技术,C819,山东科技职业学院,35,390142
2025,2,54,动漫制作技术,C819,山东科技职业学院,25,377802
2025,2,55,环境艺术设计,C819,山东科技职业学院,30,474421
2025,2,56,数字媒体技术,C819,山东科技职业学院,25,324695
2025,2,62,工业互联网应用,C819,山东科技职业学院,30,399792
2025,2,H1,服装设计与工艺(现代学徒制),C819,山东科技职业学院,35,439815
2025,2,H2,机械制造及自动化(现场工程师),C819,山东科技职业学院,40,349578
2025,2,H3,模具设计与制造(歌尔股份工匠班),C819,山东科技职业学院,40,389087
2025,2,H4,数控技术(豪迈集团工匠班),C819,山东科技职业学院,23,367600
2025,2,H5,数字化设计与制造技术(鲁丽集团工匠班),C819,山东科技职业学院,30,375232
2025,2,H6,药品生物技术(东晓生物工匠班),C819,山东科技职业学院,40,375940
2025,2,H7,工程造价(中核二三建设工匠班),C819,山东科技职业学院,40,400856
2025,2,H8,智能建造技术(深圳先河工匠班),C819,山东科技职业学院,30,461930
2025,2,H9,模具设计与制造(道恩集团工匠班),C819,山东科技职业学院,30,405937
2025,2,K2,汽车制造与试验技术(潍柴动力工匠班),C819,山东科技职业学院,40,378516
2025,2,K3,新能源汽车技术(潍柴动力工匠班),C819,山东科技职业学院,40,355105
2025,2,K5,应用化工技术(东明石化工匠班),C819,山东科技职业学院,35,398792
2025,2,K6,应用化工技术(道恩集团工匠班),C819,山东科技职业学院,35,404769
2025,2,K8,人工智能技术应用(现场工程师),C819,山东科技职业学院,40,388828
2025,2,K9,物联网应用技术(现场工程师),C819,山东科技职业学院,40,397991
2025,2,M3,环境艺术设计(新视觉数码订单班),C819,山东科技职业学院,35,475003
2025,2,M8,机电一体化技术(现代学徒制),C819,山东科技职业学院,30,340285
2025,2,TR,智能控制技术(鲁丽集团订单班),C819,山东科技职业学院,30,321857
2025,2,TS,数字化设计与制造技术(潍柴动力工匠班),C819,山东科技职业学院,30,354399
2025,2,TU,电气自动化技术(现场工程师),C819,山东科技职业学院,40,316525
2025,2,TW,工业机器人技术(潍柴动力工匠班),C819,山东科技职业学院,30,339450
2025,2,G1,市场营销(中外合作办学)(英国北安普顿大学合作),C819,山东科技职业学院,65,602151
2025,2,G2,电气自动化技术(中外合作办学)(德国北黑森应用技术大学合作),C819,山东科技职业学院,40,476026
2025,2,G3,建筑工程技术(中外合作办学)(韩国岭南大学合作),C819,山东科技职业学院,16,583188
2025,2,G4,现代物流管理(中外合作办学)(德国北黑森应用技术大学合作),C819,山东科技职业学院,42,600808
2025,2,G5,学前教育(中外合作办学)(师范类，韩国西原大学合作),C819,山东科技职业学院,40,623913
2025,2,90,现代纺织技术(高职院校专项计划),C819,山东科技职业学院,5,653451
2025,2,D4,汽车检测与维修技术(高职院校专项计划),C819,山东科技职业学院,5,640972
2025,2,E2,应用化工技术(高职院校专项计划),C819,山东科技职业学院,5,607876
2025,2,E5,计算机网络技术(高职院校专项计划),C819,山东科技职业学院,5,577574
2025,2,F7,机电一体化技术(高职院校专项计划),C819,山东科技职业学院,5,466849
2025,2,76,机电一体化技术(高职3+2贯通培养，衔接潍坊学院自动化专业),C819,山东科技职业学院,40,219994
2025,2,77,机械制造及自动化(高职3+2贯通培养，衔接山东科技大学应急装备技术与,C819,山东科技职业学院,30,188776
2025,2,78,建筑工程技术(高职3+2贯通培养，衔接山东建筑大学工程管理专业),C819,山东科技职业学院,40,250189
2025,2,79,应用化工技术(高职3+2贯通培养，衔接临沂大学化学工程与工艺专业),C819,山东科技职业学院,40,246422
2025,2,80,新能源汽车技术(高职3+2贯通培养，衔接临沂大学车辆工程专业),C819,山东科技职业学院,40,226898
2025,2,81,软件技术(高职3+2贯通培养，衔接山东青年政治学院计算机科学与技术专,C819,山东科技职业学院,40,226254
2025,2,82,人工智能技术应用(高职3+2贯通培养，衔接德州学院人工智能专业),C819,山东科技职业学院,30,235786
2025,2,01,建筑工程技术,C820,重庆建筑科技职业学院,2,623558
2025,2,05,工程造价,C820,重庆建筑科技职业学院,2,649982
2025,2,14,新能源汽车技术,C820,重庆建筑科技职业学院,1,452329
2025,2,18,大数据技术,C820,重庆建筑科技职业学院,2,467026
2025,2,20,人工智能数据工程技术,C820,重庆建筑科技职业学院,1,479196
2025,2,24,酒店管理与数字化运营,C820,重庆建筑科技职业学院,1,520805
2025,2,25,研学旅行管理与服务,C820,重庆建筑科技职业学院,2,626206
2025,2,27,学前教育,C820,重庆建筑科技职业学院,1,560742
2025,2,28,大数据与财务管理,C820,重庆建筑科技职业学院,1,423890
2025,2,31,电子商务,C820,重庆建筑科技职业学院,1,577384
2025,2,36,网络直播与运营,C820,重庆建筑科技职业学院,1,568813
2025,2,37,建筑设计,C820,重庆建筑科技职业学院,1,483148
2025,2,38,建筑室内设计,C820,重庆建筑科技职业学院,2,568020
2025,2,39,数字媒体技术,C820,重庆建筑科技职业学院,1,419469
2025,2,X5,新能源汽车技术(中外合作办学),C820,重庆建筑科技职业学院,1,675000
2025,2,20,临床医学,C822,黔东南民族职业技术学院,2,346950
2025,2,22,口腔医学,C822,黔东南民族职业技术学院,2,290586
2025,2,24,护理,C822,黔东南民族职业技术学院,2,384350
2025,2,25,药学,C822,黔东南民族职业技术学院,2,387682
2025,2,26,医学检验技术,C822,黔东南民族职业技术学院,2,390450
2025,2,05,数字化设计与制造技术,C827,陕西国防工业职业技术学院,3,279506
2025,2,07,机械制造及自动化,C827,陕西国防工业职业技术学院,4,270536
2025,2,09,机电一体化技术,C827,陕西国防工业职业技术学院,4,279037
2025,2,14,新能源汽车技术,C827,陕西国防工业职业技术学院,3,275847
2025,2,22,计算机网络技术,C827,陕西国防工业职业技术学院,3,275621
2025,2,31,大数据与会计,C827,陕西国防工业职业技术学院,3,274023
2025,2,01,摄影测量与遥感技术,C828,西安航空职业技术学院,3,321331
2025,2,06,机械设计与制造,C828,西安航空职业技术学院,3,321984
2025,2,08,数控技术,C828,西安航空职业技术学院,3,317453
2025,2,09,机械制造及自动化,C828,西安航空职业技术学院,3,297483
2025,2,11,材料成型及控制技术,C828,西安航空职业技术学院,3,337072
2025,2,12,智能焊接技术,C828,西安航空职业技术学院,3,301578
2025,2,15,机电一体化技术,C828,西安航空职业技术学院,3,307385
2025,2,17,电气自动化技术(电气控制技术),C828,西安航空职业技术学院,3,274323
2025,2,21,飞行器数字化制造技术,C828,西安航空职业技术学院,3,320981
2025,2,26,无人机应用技术,C828,西安航空职业技术学院,2,326089
2025,2,28,新能源汽车技术,C828,西安航空职业技术学院,3,318401
2025,2,35,飞机机电设备维修,C828,西安航空职业技术学院,2,290486
2025,2,37,通用航空器维修,C828,西安航空职业技术学院,3,321767
2025,2,38,航空地面设备维修,C828,西安航空职业技术学院,3,307896
2025,2,39,电子信息工程技术,C828,西安航空职业技术学院,2,265984
2025,2,42,软件技术,C828,西安航空职业技术学院,3,294458
2025,2,01,大数据与会计,C829,陕西财经职业技术学院,7,279007
2025,2,02,大数据与财务管理,C829,陕西财经职业技术学院,5,289132
2025,2,03,大数据与审计,C829,陕西财经职业技术学院,4,291177
2025,2,06,数字媒体技术,C829,陕西财经职业技术学院,4,314654
2025,2,07,大数据技术,C829,陕西财经职业技术学院,3,332106
2025,2,16,电子商务,C829,陕西财经职业技术学院,5,329935
2025,2,17,现代物流管理,C829,陕西财经职业技术学院,4,374964
2025,2,23,连锁经营与管理,C829,陕西财经职业技术学院,3,345200
2025,2,A0,工程测量技术,C830,陕西交通职业技术学院,1,360599
2025,2,A4,智能建造技术,C830,陕西交通职业技术学院,1,306094
2025,2,A7,汽车制造与试验技术,C830,陕西交通职业技术学院,2,341911
2025,2,A8,新能源汽车技术,C830,陕西交通职业技术学院,1,286623
2025,2,B0,铁道工程技术,C830,陕西交通职业技术学院,2,290325
2025,2,B3,铁道信号自动控制,C830,陕西交通职业技术学院,2,292141
2025,2,B4,铁道通信与信息化技术,C830,陕西交通职业技术学院,2,292474
2025,2,B5,铁道交通运营管理,C830,陕西交通职业技术学院,1,277856
2025,2,B7,道路工程检测技术,C830,陕西交通职业技术学院,2,344016
2025,2,B8,道路养护与管理,C830,陕西交通职业技术学院,2,364540
2025,2,B9,智能交通技术,C830,陕西交通职业技术学院,2,347159
2025,2,C0,交通运营管理,C830,陕西交通职业技术学院,2,325688
2025,2,C3,新能源汽车检测与维修技术,C830,陕西交通职业技术学院,2,347102
2025,2,C4,城市轨道交通工程技术,C830,陕西交通职业技术学院,2,299231
2025,2,C6,城市轨道交通机电技术,C830,陕西交通职业技术学院,2,301120
2025,2,C8,城市轨道交通供配电技术,C830,陕西交通职业技术学院,1,319193
2025,2,C9,城市轨道交通运营管理,C830,陕西交通职业技术学院,3,279211
2025,2,D1,汽车智能技术,C830,陕西交通职业技术学院,2,337676
2025,2,D3,软件技术,C830,陕西交通职业技术学院,1,291475
2025,2,D4,数字媒体技术,C830,陕西交通职业技术学院,1,276857
2025,2,D6,人工智能技术应用,C830,陕西交通职业技术学院,2,290305
2025,2,D8,大数据与财务管理,C830,陕西交通职业技术学院,3,280429
2025,2,D9,大数据与会计,C830,陕西交通职业技术学院,2,271402
2025,2,E0,会计信息管理,C830,陕西交通职业技术学院,1,283231
2025,2,E1,电子商务,C830,陕西交通职业技术学院,2,320108
2025,2,E2,现代物流管理,C830,陕西交通职业技术学院,2,328499
2025,2,E4,工程造价(公路工程造价),C830,陕西交通职业技术学院,1,364093
2025,2,E6,道路与桥梁工程技术(公路设计与工程管理),C830,陕西交通职业技术学院,1,356179
2025,2,E9,电子商务(新媒体运营),C830,陕西交通职业技术学院,2,325221
2025,2,59,护理,C832,兰州外语职业学院,8,678891
2025,2,60,学前教育(师范类),C832,兰州外语职业学院,3,676807
2025,2,61,小学英语教育(师范类),C832,兰州外语职业学院,3,642038
2025,2,62,计算机应用技术,C832,兰州外语职业学院,3,619667
2025,2,64,电气自动化技术,C832,兰州外语职业学院,5,603580
2025,2,66,口腔医学技术,C832,兰州外语职业学院,16,663014
2025,2,67,药学,C832,兰州外语职业学院,5,590479
2025,2,70,铁道交通运营管理,C832,兰州外语职业学院,3,615484
2025,2,01,学前教育,C833,兰州职业技术学院,6,536716
2025,2,13,机电一体化技术,C833,兰州职业技术学院,5,391466
2025,2,15,电气自动化技术,C833,兰州职业技术学院,5,375497
2025,2,20,新能源汽车技术,C833,兰州职业技术学院,5,429081
2025,2,22,计算机应用技术,C833,兰州职业技术学院,5,420548
2025,2,27,大数据与会计,C833,兰州职业技术学院,6,395361
2025,2,39,动漫设计,C833,兰州职业技术学院,6,490977
2025,2,46,现代家政服务与管理,C833,兰州职业技术学院,5,560468
2025,2,02,森林生态旅游与康养,C835,甘肃林业职业技术大学,2,420966
2025,2,03,森林和草原资源保护,C835,甘肃林业职业技术大学,2,433981
2025,2,05,林业技术,C835,甘肃林业职业技术大学,2,427297
2025,2,06,草业技术,C835,甘肃林业职业技术大学,2,450424
2025,2,08,园林工程技术,C835,甘肃林业职业技术大学,2,498134
2025,2,09,环境工程技术,C835,甘肃林业职业技术大学,2,445411
2025,2,0A,环境监测技术,C835,甘肃林业职业技术大学,2,435534
2025,2,0E,测绘地理信息技术,C835,甘肃林业职业技术大学,2,372373
2025,2,0N,工程造价,C835,甘肃林业职业技术大学,2,488864
2025,2,0P,建筑装饰工程技术,C835,甘肃林业职业技术大学,2,474056
2025,2,0Q,市政工程技术,C835,甘肃林业职业技术大学,2,432627
2025,2,0R,现代物流管理,C835,甘肃林业职业技术大学,2,464659
2025,2,0S,大数据与会计,C835,甘肃林业职业技术大学,2,347520
2025,2,11,现代农业技术,C835,甘肃林业职业技术大学,2,419631
2025,2,12,园艺技术,C835,甘肃林业职业技术大学,2,469141
2025,2,04,工程测量技术,C836,甘肃工业职业技术大学,1,447476
2025,2,05,大数据与会计,C836,甘肃工业职业技术大学,1,344752
2025,2,06,模具设计与制造,C836,甘肃工业职业技术大学,2,426064
2025,2,08,电子商务,C836,甘肃工业职业技术大学,1,449750
2025,2,11,分析检验技术,C836,甘肃工业职业技术大学,1,393050
2025,2,17,智能控制技术,C836,甘肃工业职业技术大学,2,387356
2025,2,21,室内艺术设计,C836,甘肃工业职业技术大学,1,481137
2025,2,29,视觉传达设计,C836,甘肃工业职业技术大学,2,474047
2025,2,31,工业机器人技术,C836,甘肃工业职业技术大学,2,395288
2025,2,34,智能建造技术,C836,甘肃工业职业技术大学,2,479155
2025,2,35,核与辐射检测防护技术,C836,甘肃工业职业技术大学,1,289187
2025,2,45,地质调查与矿产普查,C836,甘肃工业职业技术大学,2,361472
2025,2,46,核电站动力设备运行与维护,C836,甘肃工业职业技术大学,2,350826
2025,2,48,安全技术与管理(核工程安装技术与管理),C836,甘肃工业职业技术大学,1,381837
2025,2,51,输配电工程技术,C836,甘肃工业职业技术大学,2,390293
2025,2,52,智能建造技术,C836,甘肃工业职业技术大学,2,470594
2025,2,01,服装与服饰设计,C841,山东服装职业学院,13,515331
2025,2,02,服装设计与工艺,C841,山东服装职业学院,18,522970
2025,2,03,现代家用纺织品设计,C841,山东服装职业学院,10,549758
2025,2,04,纺织品检验与贸易,C841,山东服装职业学院,10,551941
2025,2,05,针织技术与针织服装,C841,山东服装职业学院,20,562565
2025,2,06,服装陈列与展示设计,C841,山东服装职业学院,40,568347
2025,2,07,网络新闻与传播,C841,山东服装职业学院,100,523066
2025,2,08,数字媒体艺术设计,C841,山东服装职业学院,19,475456
2025,2,09,市场营销,C841,山东服装职业学院,33,559076
2025,2,10,电子商务,C841,山东服装职业学院,28,527514
2025,2,11,国际经济与贸易,C841,山东服装职业学院,50,555172
2025,2,12,工商企业管理,C841,山东服装职业学院,60,564525
2025,2,13,机电一体化技术,C841,山东服装职业学院,10,444011
2025,2,14,计算机应用技术,C841,山东服装职业学院,100,499431
2025,2,15,计算机网络技术,C841,山东服装职业学院,34,490180
2025,2,16,虚拟现实技术应用,C841,山东服装职业学院,42,534620
2025,2,17,智能控制技术,C841,山东服装职业学院,52,517639
2025,2,18,人工智能技术应用,C841,山东服装职业学院,45,521778
2025,2,19,大数据技术,C841,山东服装职业学院,54,524227
2025,2,20,数字化设计与制造技术,C841,山东服装职业学院,20,517874
2025,2,21,旅游管理,C841,山东服装职业学院,85,568990
2025,2,22,酒店管理与数字化运营,C841,山东服装职业学院,22,550826
2025,2,23,大数据与会计,C841,山东服装职业学院,26,435164
2025,2,24,大数据与财务管理,C841,山东服装职业学院,85,467157
2025,2,27,服装设计与工艺,C841,山东服装职业学院,30,554520
2025,2,39,服装与服饰设计(中外合作办学),C841,山东服装职业学院,50,616041
2025,2,25,大数据与会计(高职3+2贯通培养，衔接山东农业大学会计学专业),C841,山东服装职业学院,30,184833
2025,2,26,人工智能技术应用(高职3+2贯通培养，衔接泰山学院人工智能专业),C841,山东服装职业学院,30,249793
2025,2,01,宠物医疗技术,C842,德州科技职业学院,59,568477
2025,2,02,航空复合材料成型与加工技术,C842,德州科技职业学院,6,585216
2025,2,03,数控技术,C842,德州科技职业学院,10,564955
2025,2,05,机电一体化技术,C842,德州科技职业学院,27,547957
2025,2,06,智能控制技术,C842,德州科技职业学院,10,581305
2025,2,07,工业机器人技术,C842,德州科技职业学院,50,612493
2025,2,08,工业互联网应用,C842,德州科技职业学院,46,664569
2025,2,09,飞行器数字化制造技术,C842,德州科技职业学院,8,634248
2025,2,10,飞行器维修技术,C842,德州科技职业学院,72,645872
2025,2,11,无人机应用技术,C842,德州科技职业学院,121,623045
2025,2,12,汽车制造与试验技术,C842,德州科技职业学院,75,664764
2025,2,13,新能源汽车技术,C842,德州科技职业学院,104,604108
2025,2,14,智能网联汽车技术,C842,德州科技职业学院,51,651721
2025,2,15,食品生物技术,C842,德州科技职业学院,70,647957
2025,2,16,药品经营与管理,C842,德州科技职业学院,10,592713
2025,2,17,铁道机车运用与维护,C842,德州科技职业学院,73,629350
2025,2,18,铁道供电技术,C842,德州科技职业学院,72,621249
2025,2,19,高速铁路综合维修技术,C842,德州科技职业学院,94,668652
2025,2,20,高速铁路客运服务,C842,德州科技职业学院,31,608246
2025,2,21,空中乘务,C842,德州科技职业学院,52,645697
2025,2,22,民航安全技术管理,C842,德州科技职业学院,26,661827
2025,2,23,飞机机电设备维修,C842,德州科技职业学院,66,639748
2025,2,24,航空地面设备维修,C842,德州科技职业学院,92,660728
2025,2,25,计算机应用技术,C842,德州科技职业学院,164,639702
2025,2,26,计算机网络技术,C842,德州科技职业学院,81,673559
2025,2,27,软件技术,C842,德州科技职业学院,67,676133
2025,2,28,大数据技术,C842,德州科技职业学院,80,680294
2025,2,29,云计算技术应用,C842,德州科技职业学院,84,680669
2025,2,30,信息安全技术应用,C842,德州科技职业学院,45,681079
2025,2,31,人工智能技术应用,C842,德州科技职业学院,49,640152
2025,2,32,动漫制作技术,C842,德州科技职业学院,23,605488
2025,2,33,集成电路技术,C842,德州科技职业学院,60,643825
2025,2,34,护理,C842,德州科技职业学院,20,547484
2025,2,36,医学影像技术,C842,德州科技职业学院,63,630300
2025,2,37,口腔医学技术,C842,德州科技职业学院,40,571566
2025,2,38,医学美容技术,C842,德州科技职业学院,16,572956
2025,2,39,康复治疗技术,C842,德州科技职业学院,29,565900
2025,2,40,婴幼儿托育服务与管理,C842,德州科技职业学院,23,622751
2025,2,41,大数据与会计,C842,德州科技职业学院,60,565386
2025,2,42,电子商务,C842,德州科技职业学院,84,646472
2025,2,43,现代物流管理,C842,德州科技职业学院,72,664486
2025,2,44,早期教育,C842,德州科技职业学院,49,646072
2025,2,51,电气自动化技术,C843,潍坊科技学院,10,403717
2025,2,53,计算机网络技术,C843,潍坊科技学院,10,417766
2025,2,55,建设工程管理,C843,潍坊科技学院,75,630971
2025,2,56,市场营销,C843,潍坊科技学院,95,617697
2025,2,57,数字媒体技术,C843,潍坊科技学院,10,414710
2025,2,58,学前教育(师范类),C843,潍坊科技学院,35,588741
2025,2,59,应用化工技术,C843,潍坊科技学院,35,524761
2025,2,60,园艺技术,C843,潍坊科技学院,80,590459
2025,2,61,应用电子技术,C843,潍坊科技学院,10,441996
2025,2,01,中医学,C844,山东力明科技职业学院,128,507930
2025,2,02,中药学,C844,山东力明科技职业学院,35,614571
2025,2,03,药学,C844,山东力明科技职业学院,35,631304
2025,2,04,针灸推拿,C844,山东力明科技职业学院,204,557228
2025,2,05,医学检验技术,C844,山东力明科技职业学院,35,634365
2025,2,06,医学影像技术,C844,山东力明科技职业学院,35,628406
2025,2,07,康复治疗技术,C844,山东力明科技职业学院,35,636513
2025,2,08,护理,C844,山东力明科技职业学院,180,655389
2025,2,09,智慧健康养老服务与管理,C844,山东力明科技职业学院,20,652606
2025,2,10,计算机应用技术,C844,山东力明科技职业学院,20,657665
2025,2,11,计算机网络技术,C844,山东力明科技职业学院,35,660670
2025,2,12,大数据与会计,C844,山东力明科技职业学院,15,658876
2025,2,13,空中乘务,C844,山东力明科技职业学院,15,662786
2025,2,14,工业机器人技术,C844,山东力明科技职业学院,20,654059
2025,2,15,旅游管理,C844,山东力明科技职业学院,20,663989
2025,2,17,文物修复与保护,C844,山东力明科技职业学院,35,666758
2025,2,18,无人机应用技术,C844,山东力明科技职业学院,30,664737
2025,2,20,婴幼儿托育服务与管理,C844,山东力明科技职业学院,20,667293
2025,2,21,眼视光技术,C844,山东力明科技职业学院,35,645556
2025,2,22,电子商务,C844,山东力明科技职业学院,35,668857
2025,2,23,中医康复技术,C844,山东力明科技职业学院,35,610383
2025,2,24,早期教育,C844,山东力明科技职业学院,20,665714
2025,2,25,心理咨询,C844,山东力明科技职业学院,15,634923
2025,2,26,文物考古技术,C844,山东力明科技职业学院,35,669147
2025,2,31,宠物医疗技术,C844,山东力明科技职业学院,35,606537
2025,2,34,大数据与审计,C844,山东力明科技职业学院,20,670335
2025,2,35,电子竞技运动与管理,C844,山东力明科技职业学院,20,669975
2025,2,36,大数据与财务管理,C844,山东力明科技职业学院,20,671152
2025,2,37,视觉训练与康复,C844,山东力明科技职业学院,35,665129
2025,2,38,广播影视节目制作,C844,山东力明科技职业学院,25,654702
2025,2,39,食品检验检测技术,C844,山东力明科技职业学院,35,671499
2025,2,40,食品生物技术,C844,山东力明科技职业学院,20,666731
2025,2,60,口腔医学,C844,山东力明科技职业学院,200,613808
2025,2,61,临床医学,C844,山东力明科技职业学院,232,600945
2025,2,62,助产,C844,山东力明科技职业学院,20,663466
2025,2,63,新能源汽车检测与维修技术,C844,山东力明科技职业学院,20,668013
2025,2,75,民航安全技术管理,C844,山东力明科技职业学院,15,671544
2025,2,77,智能医疗装备技术,C844,山东力明科技职业学院,20,670655
2025,2,78,药品生物技术,C844,山东力明科技职业学院,20,668487
2025,2,79,智能机电技术,C844,山东力明科技职业学院,20,668618
2025,2,80,食品质量与安全,C844,山东力明科技职业学院,20,665874
2025,2,59,口腔医学(中外合作办学),C844,山东力明科技职业学院,50,622747
2025,2,01,现代通信技术,C845,湖南邮电职业技术学院,10,374975
2025,2,11,飞行器数字化制造技术,C849,张家界航空工业职业技术学院,2,338647
2025,2,14,机械设计与制造,C849,张家界航空工业职业技术学院,2,352656
2025,2,16,飞行器数字化装配技术,C849,张家界航空工业职业技术学院,2,356354
2025,2,21,飞机机电设备维修,C849,张家界航空工业职业技术学院,4,342865
2025,2,22,航空发动机装配调试技术,C849,张家界航空工业职业技术学院,4,353679
2025,2,23,无人机应用技术,C849,张家界航空工业职业技术学院,2,308532
2025,2,24,通用航空器维修,C849,张家界航空工业职业技术学院,2,347084
2025,2,25,智能制造装备技术,C849,张家界航空工业职业技术学院,2,368503
2025,2,31,飞机电子设备维修,C849,张家界航空工业职业技术学院,4,347087
2025,2,33,电气自动化技术,C849,张家界航空工业职业技术学院,2,319107
2025,2,35,应用电子技术,C849,张家界航空工业职业技术学院,2,378144
2025,2,41,民航运输服务,C849,张家界航空工业职业技术学院,5,380171
2025,2,42,机场运行服务与管理,C849,张家界航空工业职业技术学院,2,347546
2025,2,43,航空物流管理,C849,张家界航空工业职业技术学院,2,385541
2025,2,45,大数据与会计,C849,张家界航空工业职业技术学院,2,343868
2025,2,51,软件技术(游戏软件方向),C849,张家界航空工业职业技术学院,2,378332
2025,2,62,旅游管理,C849,张家界航空工业职业技术学院,2,407842
2025,2,64,空中乘务,C849,张家界航空工业职业技术学院,2,427243
2025,2,01,大数据与会计,C850,贵州城市职业学院,10,675126
2025,2,06,机场运行服务与管理,C850,贵州城市职业学院,10,668649
2025,2,08,工程造价,C850,贵州城市职业学院,7,662985
2025,2,11,无人机测绘技术,C850,贵州城市职业学院,8,669536
2025,2,14,机电一体化技术,C850,贵州城市职业学院,10,666489
2025,2,17,汽车制造与试验技术,C850,贵州城市职业学院,9,612152
2025,2,23,护理,C850,贵州城市职业学院,16,675189
2025,2,25,康复治疗技术,C850,贵州城市职业学院,15,678077
2025,2,28,大数据技术,C850,贵州城市职业学院,5,654376
2025,2,32,歌舞表演(舞蹈表演方向),C850,贵州城市职业学院,30,614326
2025,2,07,法律事务,C852,青海警官职业学院,8,342553
2025,2,08,法律文秘,C852,青海警官职业学院,4,352135
2025,2,09,信息安全技术应用,C852,青海警官职业学院,4,358748
2025,2,11,建筑工程技术,C862,浙江建设职业技术学院,3,319969
2025,2,21,工程造价,C862,浙江建设职业技术学院,3,302942
2025,2,23,建筑经济信息化管理,C862,浙江建设职业技术学院,2,307103
2025,2,31,建筑设备工程技术,C862,浙江建设职业技术学院,4,307555
2025,2,32,建筑电气工程技术,C862,浙江建设职业技术学院,2,334371
2025,2,34,建筑智能化工程技术,C862,浙江建设职业技术学院,3,311240
2025,2,36,给排水工程技术,C862,浙江建设职业技术学院,3,363824
2025,2,46,园林工程技术,C862,浙江建设职业技术学院,2,290303
2025,2,52,现代文秘,C862,浙江建设职业技术学院,1,253997
2025,2,53,人力资源管理,C862,浙江建设职业技术学院,2,279467
2025,2,54,信息安全技术应用,C862,浙江建设职业技术学院,2,289664
2025,2,56,物联网应用技术,C862,浙江建设职业技术学院,2,277422
2025,2,57,无人机应用技术,C862,浙江建设职业技术学院,1,269479
2025,2,03,大数据技术,C864,浙江经贸职业技术学院,1,248653
2025,2,05,电子商务,C864,浙江经贸职业技术学院,1,225487
2025,2,06,食品营养与健康,C864,浙江经贸职业技术学院,1,266643
2025,2,07,食品检验检测技术,C864,浙江经贸职业技术学院,1,261220
2025,2,0A,药品生物技术,C864,浙江经贸职业技术学院,1,284080
2025,2,0B,市场营销,C864,浙江经贸职业技术学院,1,271052
2025,2,0C,现代物流管理,C864,浙江经贸职业技术学院,1,271803
2025,2,0D,国际经济与贸易,C864,浙江经贸职业技术学院,1,256560
2025,2,0E,应用英语,C864,浙江经贸职业技术学院,2,272085
2025,2,0F,跨境电子商务,C864,浙江经贸职业技术学院,1,206697
2025,2,0G,商务数据分析与应用,C864,浙江经贸职业技术学院,1,251678
2025,2,0H,大数据与会计,C864,浙江经贸职业技术学院,1,248573
2025,2,0J,财税大数据应用,C864,浙江经贸职业技术学院,1,255804
2025,2,0K,财富管理,C864,浙江经贸职业技术学院,1,278015
2025,2,0L,金融科技应用,C864,浙江经贸职业技术学院,1,266122
2025,2,0M,会展策划与管理,C864,浙江经贸职业技术学院,1,264278
2025,2,0R,工业机器人技术,C864,浙江经贸职业技术学院,1,273717
2025,2,0S,新能源汽车技术,C864,浙江经贸职业技术学院,1,276585
2025,2,0T,智能光电制造技术,C864,浙江经贸职业技术学院,1,276714
2025,2,C8,国际经济与贸易,C866,浙江经济职业技术学院,2,256829
2025,2,E1,大数据与会计,C866,浙江经济职业技术学院,4,255120
2025,2,E7,大数据技术,C866,浙江经济职业技术学院,4,266287
2025,2,G5,文化产业经营与管理,C866,浙江经济职业技术学院,3,274644
2025,2,J3,商务数据分析与应用,C866,浙江经济职业技术学院,6,281516
2025,2,01,酒店管理与数字化运营,C867,浙江旅游职业学院,5,311300
2025,2,11,金融服务与管理,C870,浙江金融职业学院,3,208988
2025,2,15,国际金融,C870,浙江金融职业学院,3,251194
2025,2,17,金融科技应用,C870,浙江金融职业学院,3,228396
2025,2,21,财富管理,C870,浙江金融职业学院,3,254365
2025,2,31,大数据与会计,C870,浙江金融职业学院,3,213940
2025,2,35,信用管理,C870,浙江金融职业学院,2,226040
2025,2,41,市场营销,C870,浙江金融职业学院,3,256801
2025,2,47,现代物流管理,C870,浙江金融职业学院,3,268135
2025,2,51,国际经济与贸易,C870,浙江金融职业学院,4,236626
2025,2,65,人工智能技术应用,C870,浙江金融职业学院,3,249212
2025,2,1B,市政工程技术,C875,湖州职业技术学院,5,318795
2025,2,2B,集成电路技术,C875,湖州职业技术学院,5,311724
2025,2,3B,大数据与会计,C875,湖州职业技术学院,5,274405
2025,2,4B,商务英语,C875,湖州职业技术学院,5,289836
2025,2,10,旅游管理,C882,天津艺术职业学院,1,373500
2025,2,11,会展策划与管理,C882,天津艺术职业学院,1,328465
2025,2,12,摄影摄像技术,C882,天津艺术职业学院,1,333164
2025,2,13,艺术教育,C882,天津艺术职业学院,2,349317
2025,2,14,服装设计与工艺(剧装戏具),C882,天津艺术职业学院,1,303703
2025,2,15,研学旅行管理与服务,C882,天津艺术职业学院,2,366194
2025,2,03,新能源汽车技术,C883,天津交通职业学院,4,318156
2025,2,04,汽车智能技术,C883,天津交通职业学院,4,366550
2025,2,06,现代物流管理,C883,天津交通职业学院,4,347027
2025,2,19,智能工程机械运用技术,C883,天津交通职业学院,4,350836
2025,2,20,汽车制造与试验技术,C883,天津交通职业学院,4,350921
2025,2,21,工业机器人技术,C883,天津交通职业学院,4,335942
2025,2,22,智能交通技术,C883,天津交通职业学院,2,326465
2025,2,23,城市轨道交通运营管理,C883,天津交通职业学院,2,261605
2025,2,24,城市轨道车辆应用技术,C883,天津交通职业学院,2,306616
2025,2,25,城市轨道交通通信信号技术,C883,天津交通职业学院,2,285860
2025,2,26,城市轨道交通机电技术,C883,天津交通职业学院,2,300128
2025,2,27,空中乘务,C883,天津交通职业学院,10,501545
2025,2,30,道路与桥梁工程技术,C883,天津交通职业学院,4,343139
2025,2,31,市政工程技术,C883,天津交通职业学院,4,438941
2025,2,32,工程测量技术,C883,天津交通职业学院,4,374008
2025,2,33,建筑工程技术,C883,天津交通职业学院,4,390303
2025,2,01,旅游管理,C887,河北旅游职业学院,5,515610
2025,2,16,园林工程技术,C887,河北旅游职业学院,5,544513
2025,2,20,动物医学,C887,河北旅游职业学院,5,355877
2025,2,06,数控技术,C888,山西机电职业技术学院,3,353961
2025,2,13,电气自动化技术,C888,山西机电职业技术学院,2,306610
2025,2,05,工程造价,C892,山西水利职业技术学院,20,568659
2025,2,08,摄影测量与遥感技术,C892,山西水利职业技术学院,20,539034
2025,2,15,新能源汽车检测与维修技术,C892,山西水利职业技术学院,27,540064
2025,2,01,环境监测技术,C893,阳泉职业技术学院,3,432691
2025,2,04,机电一体化技术,C893,阳泉职业技术学院,3,360198
2025,2,09,新能源汽车检测与维修技术,C893,阳泉职业技术学院,3,432679
2025,2,0B,计算机应用技术,C893,阳泉职业技术学院,3,406474
2025,2,0H,护理,C893,阳泉职业技术学院,2,407963
2025,2,0M,中药学,C893,阳泉职业技术学院,3,392829
2025,2,0P,大数据与会计,C893,阳泉职业技术学院,3,350227
2025,2,01,金融服务与管理,C895,辽宁金融职业学院,10,363213
2025,2,06,大数据与会计,C895,辽宁金融职业学院,15,311521
2025,2,23,云计算技术应用,C895,辽宁金融职业学院,5,328496
2025,2,01,铁道机车运用与维护,C896,辽宁轨道交通职业学院,5,281458
2025,2,02,铁道车辆技术,C896,辽宁轨道交通职业学院,5,304893
2025,2,09,数控技术,C896,辽宁轨道交通职业学院,5,331925
2025,2,0L,高速铁路综合维修技术,C896,辽宁轨道交通职业学院,5,305093
2025,2,0S,铁路物流管理,C896,辽宁轨道交通职业学院,2,296741
2025,2,0W,铁道机车车辆制造与维护,C896,辽宁轨道交通职业学院,5,307053
2025,2,0Y,高速铁路动车组制造与维护,C896,辽宁轨道交通职业学院,5,308618
2025,2,10,铁道工程技术,C896,辽宁轨道交通职业学院,5,309311
2025,2,04,全媒体广告策划与营销,C897,辽宁广告职业学院,5,556062
2025,2,10,旅游管理,C897,辽宁广告职业学院,5,576562
2025,2,18,高速铁路客运服务,C897,辽宁广告职业学院,5,584861
2025,2,01,电气自动化技术,C898,辽宁机电职业技术学院,4,266528
2025,2,03,工业机器人技术,C898,辽宁机电职业技术学院,4,328518
2025,2,10,机械制造及自动化,C898,辽宁机电职业技术学院,4,303592
2025,2,15,智能焊接技术,C898,辽宁机电职业技术学院,3,338223
2025,2,0A,大数据与会计,C899,辽宁经济职业技术学院,13,295374
2025,2,0B,大数据与审计,C899,辽宁经济职业技术学院,3,303352
2025,2,01,建筑消防技术,C901,吉林司法警官职业学院,10,391580
2025,2,03,法律事务,C901,吉林司法警官职业学院,10,304621
2025,2,04,法律文秘,C901,吉林司法警官职业学院,10,323382
2025,2,05,社区矫正,C901,吉林司法警官职业学院,10,340111
2025,2,13,司法信息技术,C901,吉林司法警官职业学院,10,356877
2025,2,02,电气自动化技术,C902,吉林电子信息职业技术学院,10,373305
2025,2,19,工程造价,C902,吉林电子信息职业技术学院,10,447738
2025,2,01,应用化工技术,C903,吉林工业职业技术学院,8,420086
2025,2,09,工业机器人技术,C903,吉林工业职业技术学院,9,414384
2025,2,27,分析检验技术,C903,吉林工业职业技术学院,8,428061
2025,2,37,民航运输服务,C903,吉林工业职业技术学院,10,454770
2025,2,01,电子商务,C904,吉林工程职业学院,3,426390
2025,2,07,工业机器人技术,C904,吉林工程职业学院,4,388281
2025,2,12,计算机网络技术,C904,吉林工程职业学院,3,395654
2025,2,01,发电厂及电力系统,C906,哈尔滨电力职业技术学院,4,292424
2025,2,02,电力系统继电保护技术,C906,哈尔滨电力职业技术学院,2,290768
2025,2,03,供用电技术,C906,哈尔滨电力职业技术学院,2,295089
2025,2,04,热能动力工程技术,C906,哈尔滨电力职业技术学院,2,301348
2025,2,05,发电运行技术,C906,哈尔滨电力职业技术学院,2,296950
2025,2,06,热工自动化技术,C906,哈尔滨电力职业技术学院,2,310462
2025,2,07,光伏工程技术,C906,哈尔滨电力职业技术学院,2,313726
2025,2,08,风力发电工程技术,C906,哈尔滨电力职业技术学院,2,304699
2025,2,09,生物质能应用技术,C906,哈尔滨电力职业技术学院,2,320127
2025,2,0B,高速铁路施工与维护,C907,哈尔滨铁道职业技术学院,10,309385
2025,2,0C,铁道养路机械应用技术,C907,哈尔滨铁道职业技术学院,10,314321
2025,2,0F,铁道供电技术,C907,哈尔滨铁道职业技术学院,10,294420
2025,2,0G,动车组检修技术,C907,哈尔滨铁道职业技术学院,10,288785
2025,2,0J,铁道信号自动控制,C907,哈尔滨铁道职业技术学院,10,278139
2025,2,0K,铁道交通运营管理,C907,哈尔滨铁道职业技术学院,10,248705
2025,2,0L,道路与桥梁工程技术,C907,哈尔滨铁道职业技术学院,10,336541
2025,2,0N,城市轨道交通工程技术,C907,哈尔滨铁道职业技术学院,10,315555
2025,2,04,风力发电工程技术,C908,大兴安岭职业学院,2,397079
2025,2,05,智能机电技术,C908,大兴安岭职业学院,2,408294
2025,2,06,无人机应用技术,C908,大兴安岭职业学院,2,414784
2025,2,07,飞机机电设备维修,C908,大兴安岭职业学院,4,418127
2025,2,09,临床医学,C908,大兴安岭职业学院,5,386743
2025,2,10,口腔医学,C908,大兴安岭职业学院,10,340802
2025,2,11,中医学,C908,大兴安岭职业学院,2,343482
2025,2,12,护理,C908,大兴安岭职业学院,4,402654
2025,2,13,医学检验技术,C908,大兴安岭职业学院,2,406280
2025,2,18,旅游管理,C908,大兴安岭职业学院,4,530274
2025,2,20,烹饪工艺与营养,C908,大兴安岭职业学院,4,572795
2025,2,24,学前教育(师范类),C908,大兴安岭职业学院,4,511511
2025,2,02,畜禽智能化养殖,C910,黑龙江农业经济职业学院,5,491401
2025,2,0K,水利工程,C910,黑龙江农业经济职业学院,6,470820
2025,2,0M,机电一体化技术,C910,黑龙江农业经济职业学院,8,406529
2025,2,0Z,软件技术,C910,黑龙江农业经济职业学院,10,468277
2025,2,14,婴幼儿托育服务与管理,C910,黑龙江农业经济职业学院,10,566512
2025,2,1A,电子商务,C910,黑龙江农业经济职业学院,11,510721
2025,2,07,机械制造及自动化,C911,哈尔滨职业技术大学,3,294882
2025,2,43,新能源汽车技术,C911,哈尔滨职业技术大学,2,304609
2025,2,02,园艺技术,C912,上海农林职业技术学院,5,361958
2025,2,07,宠物医疗技术,C912,上海农林职业技术学院,5,276217
2025,2,10,环境工程技术,C912,上海农林职业技术学院,5,365504
2025,2,13,生物制药技术,C912,上海农林职业技术学院,5,343870
2025,2,16,文化创意与策划,C912,上海农林职业技术学院,5,319722
2025,2,22,软件技术,C912,上海农林职业技术学院,5,256121
2025,2,23,人工智能技术应用,C912,上海农林职业技术学院,5,321561
2025,2,01,现代物流管理(货代),C913,上海邦德职业技术学院,5,618128
2025,2,03,大数据与会计,C913,上海邦德职业技术学院,5,587947
2025,2,04,社会工作,C913,上海邦德职业技术学院,4,628812
2025,2,08,旅游管理,C913,上海邦德职业技术学院,5,631166
2025,2,09,酒店管理与数字化运营,C913,上海邦德职业技术学院,4,628540
2025,2,13,应用法语(奢侈品管理),C913,上海邦德职业技术学院,5,631566
2025,2,14,应用日语(商务与旅游),C913,上海邦德职业技术学院,4,542151
2025,2,15,计算机应用技术(网络应用技术),C913,上海邦德职业技术学院,6,602658
2025,2,17,数字媒体技术(虚拟现实VR设计),C913,上海邦德职业技术学院,5,568805
2025,2,25,护理,C913,上海邦德职业技术学院,6,610355
2025,2,26,汽车智能技术,C913,上海邦德职业技术学院,5,622584
2025,2,30,应用英语,C915,上海中侨职业技术大学,1,403378
2025,2,33,金融服务与管理,C915,上海中侨职业技术大学,1,402296
2025,2,36,计算机应用技术,C915,上海中侨职业技术大学,1,372976
2025,2,37,无人机应用技术,C915,上海中侨职业技术大学,1,340122
2025,2,41,旅游管理,C915,上海中侨职业技术大学,1,414510
2025,2,42,食品质量与安全,C915,上海中侨职业技术大学,1,441686
2025,2,43,生物制药技术,C915,上海中侨职业技术大学,1,392932
2025,2,44,护理(康复护理),C915,上海中侨职业技术大学,1,386090
2025,2,1G,大数据与会计,C919,炎黄职业技术学院,1,622728
2025,2,1L,电子商务,C919,炎黄职业技术学院,1,613139
2025,2,08,应急救援技术,C920,南京科技职业学院,6,343319
2025,2,0L,数字化设计与制造技术,C920,南京科技职业学院,4,303142
2025,2,0M,机械制造及自动化,C920,南京科技职业学院,5,287278
2025,2,0R,机电一体化技术,C920,南京科技职业学院,5,286693
2025,2,0T,电气自动化技术,C920,南京科技职业学院,4,273636
2025,2,0Z,云计算技术应用,C920,南京科技职业学院,7,292151
2025,2,10,人工智能技术应用,C920,南京科技职业学院,5,296745
2025,2,19,数字媒体技术,C920,南京科技职业学院,4,279776
2025,2,0B,空中乘务,C921,正德职业技术学院,2,538046
2025,2,0F,电子信息工程技术,C921,正德职业技术学院,2,443145
2025,2,0M,婴幼儿托育服务与管理,C921,正德职业技术学院,2,518952
2025,2,0R,网络营销与直播电商,C921,正德职业技术学院,2,494838
2025,2,0W,智慧健康养老服务与管理,C921,正德职业技术学院,2,481317
2025,2,A3,药学,C922,钟山职业技术学院,1,433333
2025,2,A6,体育保健与康复,C922,钟山职业技术学院,1,457489
2025,2,A7,现代家政服务与管理,C922,钟山职业技术学院,2,541960
2025,2,A9,政府采购管理,C922,钟山职业技术学院,3,453278
2025,2,B1,大数据与会计,C922,钟山职业技术学院,3,406819
2025,2,B3,市场营销,C922,钟山职业技术学院,3,479035
2025,2,C6,工程造价,C922,钟山职业技术学院,3,524872
2025,2,C8,康复工程技术,C922,钟山职业技术学院,4,462631
2025,2,02,新能源汽车技术,C923,无锡南洋职业技术学院,4,461275
2025,2,09,建筑装饰工程技术,C923,无锡南洋职业技术学院,4,606222
2025,2,0G,计算机应用技术,C923,无锡南洋职业技术学院,4,524962
2025,2,0P,人工智能技术应用,C923,无锡南洋职业技术学院,4,565164
2025,2,16,智慧健康养老服务与管理,C923,无锡南洋职业技术学院,4,567023
2025,2,17,应急救援技术,C927,泉州华光职业学院,5,669547
2025,2,23,数字媒体技术,C927,泉州华光职业学院,2,638776
2025,2,24,虚拟现实技术应用,C927,泉州华光职业学院,1,637692
2025,2,26,产品艺术设计,C927,泉州华光职业学院,5,676513
2025,2,33,信息安全技术应用,C927,泉州华光职业学院,2,670468
2025,2,35,服装与服饰设计,C927,泉州华光职业学院,3,666226
2025,2,39,大数据技术,C927,泉州华光职业学院,5,652316
2025,2,47,无人机应用技术,C927,泉州华光职业学院,3,625928
2025,2,16,新闻采编与制作,C929,江西司法警官职业学院,2,321045
2025,2,17,法律事务,C929,江西司法警官职业学院,3,276535
2025,2,02,船舶工程技术,C931,渤海船舶职业学院,10,365337
2025,2,10,船舶动力工程技术,C931,渤海船舶职业学院,5,368947
2025,2,16,船舶电气工程技术,C931,渤海船舶职业学院,5,344280
2025,2,21,数控技术,C931,渤海船舶职业学院,5,359904
2025,2,25,智能焊接技术,C931,渤海船舶职业学院,5,372423
2025,2,26,理化测试与质检技术(无损检测技术),C931,渤海船舶职业学院,5,372349
2025,2,RB,空中乘务,C932,江西旅游商贸职业学院,4,487537
2025,2,RW,大数据与会计,C932,江西旅游商贸职业学院,4,372223
2025,2,RX,商务英语,C932,江西旅游商贸职业学院,4,443920
2025,2,RZ,跨境电子商务,C932,江西旅游商贸职业学院,4,453628
2025,2,SJ,新能源汽车技术,C932,江西旅游商贸职业学院,4,418107
2025,2,SR,计算机应用技术,C932,江西旅游商贸职业学院,4,364617
2025,2,SU,数字媒体技术,C932,江西旅游商贸职业学院,4,369100
2025,2,01,发电厂及电力系统,C933,江西电力职业技术学院,5,289502
2025,2,03,电力系统自动化技术,C933,江西电力职业技术学院,5,303890
2025,2,06,供用电技术,C933,江西电力职业技术学院,5,291245
2025,2,07,电力储能应用技术,C933,江西电力职业技术学院,5,316800
2025,2,08,热能动力工程技术,C933,江西电力职业技术学院,5,326378
2025,2,09,发电运行技术,C933,江西电力职业技术学院,5,306295
2025,2,0F,电气自动化技术(中外合作办学),C933,江西电力职业技术学院,5,355099
2025,2,06,环境工程技术,C934,江西环境工程职业学院,5,439707
2025,2,08,食品检验检测技术,C934,江西环境工程职业学院,3,422484
2025,2,15,建筑室内设计,C934,江西环境工程职业学院,2,418009
2025,2,18,数字媒体技术,C934,江西环境工程职业学院,5,357312
2025,2,24,现代通信技术,C934,江西环境工程职业学院,5,412709
2025,2,26,软件技术,C934,江西环境工程职业学院,5,418336
2025,2,27,人工智能技术应用,C934,江西环境工程职业学院,4,418630
2025,2,37,新能源汽车技术,C934,江西环境工程职业学院,5,407971
2025,2,39,机电一体化技术,C934,江西环境工程职业学院,5,373947
2025,2,41,家具设计与制造,C934,江西环境工程职业学院,2,455434
2025,2,45,物联网应用技术,C934,江西环境工程职业学院,5,437891
2025,2,47,数控技术,C934,江西环境工程职业学院,4,392447
2025,2,48,水土保持技术,C934,江西环境工程职业学院,2,561451
2025,2,0A,软件技术,C938,江西应用科技学院,6,554537
2025,2,0P,机电一体化技术,C938,江西应用科技学院,6,554412
2025,2,13,大数据与会计,C938,江西应用科技学院,4,523627
2025,2,14,大数据与财务管理,C938,江西应用科技学院,4,582432
2025,2,15,市场营销,C938,江西应用科技学院,6,629153
2025,2,1C,电子商务,C938,江西应用科技学院,9,674564
2025,2,06,大气探测技术,C939,江西信息应用职业技术学院,2,370943
2025,2,08,雷电防护技术,C939,江西信息应用职业技术学院,2,386944
2025,2,18,软件技术,C939,江西信息应用职业技术学院,10,409437
2025,2,B1,道路与桥梁工程技术,C940,江西交通职业技术学院,5,375031
2025,2,E2,城市轨道交通通信信号技术,C940,江西交通职业技术学院,5,355990
2025,2,F2,计算机网络技术,C940,江西交通职业技术学院,5,367460
2025,2,G4,电气自动化技术,C940,江西交通职业技术学院,5,345800
2025,2,01,大数据与会计,C941,江西财经职业学院,20,346083
2025,2,03,会计信息管理,C941,江西财经职业学院,3,364938
2025,2,04,大数据与财务管理,C941,江西财经职业学院,12,360435
2025,2,11,工程造价,C941,江西财经职业学院,7,413916
2025,2,19,工商企业管理,C941,江西财经职业学院,4,368020
2025,2,20,市场营销,C941,江西财经职业学院,3,369790
2025,2,22,现代物流管理,C941,江西财经职业学院,2,378255
2025,2,27,旅游管理,C941,江西财经职业学院,2,374052
2025,2,29,计算机网络技术,C941,江西财经职业学院,4,372581
2025,2,33,软件技术,C941,江西财经职业学院,6,371978
2025,2,36,商务英语,C941,江西财经职业学院,7,394528
2025,2,01,国土资源调查与管理,C942,江西应用技术职业学院,1,320147
2025,2,02,水文与工程地质,C942,江西应用技术职业学院,2,321655
2025,2,04,宝玉石鉴定与加工,C942,江西应用技术职业学院,1,357820
2025,2,09,汽车智能技术,C942,江西应用技术职业学院,2,362757
2025,2,10,机械制造及自动化,C942,江西应用技术职业学院,2,335404
2025,2,16,物联网应用技术,C942,江西应用技术职业学院,1,380940
2025,2,27,测绘地理信息技术,C942,江西应用技术职业学院,2,328638
2025,2,30,电子商务,C942,江西应用技术职业学院,2,411737
2025,2,34,稀土材料技术,C942,江西应用技术职业学院,1,316353
2025,2,37,应用化工技术,C942,江西应用技术职业学院,1,336918
2025,2,01,电子商务,C943,江西现代职业技术学院,4,425673
2025,2,03,现代物流管理,C943,江西现代职业技术学院,4,453821
2025,2,10,虚拟现实技术应用,C943,江西现代职业技术学院,3,400772
2025,2,13,广告艺术设计,C943,江西现代职业技术学院,3,440210
2025,2,21,人工智能技术应用,C943,江西现代职业技术学院,3,368974
2025,2,25,智能互联网络技术,C943,江西现代职业技术学院,3,397176
2025,2,06,新能源汽车技术,C944,江西工业工程职业技术学院,6,447048
2025,2,18,工程造价,C944,江西工业工程职业技术学院,7,504162
2025,2,19,大数据与会计,C944,江西工业工程职业技术学院,7,407763
2025,2,30,电气自动化技术,C944,江西工业工程职业技术学院,7,411056
2025,2,34,软件技术,C944,江西工业工程职业技术学院,7,455807
2025,2,03,工商企业管理,C945,山东圣翰财贸职业学院,26,655335
2025,2,05,康复治疗技术,C945,山东圣翰财贸职业学院,100,660241
2025,2,11,数字媒体技术,C945,山东圣翰财贸职业学院,54,640518
2025,2,13,软件技术,C945,山东圣翰财贸职业学院,128,681008
2025,2,16,电气自动化技术,C945,山东圣翰财贸职业学院,120,607697
2025,2,17,数控技术,C945,山东圣翰财贸职业学院,65,652784
2025,2,27,大数据与会计,C945,山东圣翰财贸职业学院,160,672323
2025,2,30,网络营销与直播电商,C945,山东圣翰财贸职业学院,119,674432
2025,2,35,财税大数据应用,C945,山东圣翰财贸职业学院,65,681064
2025,2,42,大数据技术,C945,山东圣翰财贸职业学院,60,679955
2025,2,43,计算机网络技术,C945,山东圣翰财贸职业学院,95,680748
2025,2,44,计算机应用技术,C945,山东圣翰财贸职业学院,83,679248
2025,2,47,中药学,C945,山东圣翰财贸职业学院,60,643656
2025,2,49,药学,C945,山东圣翰财贸职业学院,127,674606
2025,2,50,医学检验技术,C945,山东圣翰财贸职业学院,85,675307
2025,2,51,药品经营与管理,C945,山东圣翰财贸职业学院,60,680343
2025,2,53,机电一体化技术,C945,山东圣翰财贸职业学院,220,630766
2025,2,54,智能机电技术,C945,山东圣翰财贸职业学院,63,663258
2025,2,55,电梯工程技术,C945,山东圣翰财贸职业学院,50,640120
2025,2,01,水利工程,C946,山东水利职业学院,154,400457
2025,2,02,水利水电建筑工程,C946,山东水利职业学院,90,383946
2025,2,03,水利水电工程智能管理,C946,山东水利职业学院,80,348989
2025,2,04,智慧水利技术,C946,山东水利职业学院,50,362554
2025,2,06,道路与桥梁工程技术,C946,山东水利职业学院,80,424628
2025,2,07,高速铁路施工与维护,C946,山东水利职业学院,40,364126
2025,2,08,城市轨道交通工程技术,C946,山东水利职业学院,50,412851
2025,2,09,工程测量技术,C946,山东水利职业学院,37,457114
2025,2,10,无人机测绘技术,C946,山东水利职业学院,35,420448
2025,2,11,建筑工程技术,C946,山东水利职业学院,55,484445
2025,2,12,土木工程检测技术,C946,山东水利职业学院,28,491382
2025,2,14,智能建造技术,C946,山东水利职业学院,60,516058
2025,2,15,建筑装饰工程技术,C946,山东水利职业学院,48,508776
2025,2,16,工程造价,C946,山东水利职业学院,60,478142
2025,2,17,水文与水资源技术,C946,山东水利职业学院,50,384614
2025,2,18,水生态修复技术,C946,山东水利职业学院,60,432631
2025,2,19,智能水务管理,C946,山东水利职业学院,50,408665
2025,2,20,环境工程技术,C946,山东水利职业学院,50,501007
2025,2,21,园林工程技术,C946,山东水利职业学院,55,465937
2025,2,22,机电一体化技术,C946,山东水利职业学院,90,373438
2025,2,23,机械制造及自动化,C946,山东水利职业学院,50,378842
2025,2,24,工业机器人技术,C946,山东水利职业学院,70,410104
2025,2,25,汽车检测与维修技术,C946,山东水利职业学院,35,433588
2025,2,26,新能源汽车技术,C946,山东水利职业学院,35,411637
2025,2,27,无人机应用技术,C946,山东水利职业学院,70,408208
2025,2,28,电气自动化技术,C946,山东水利职业学院,50,359856
2025,2,29,电子信息工程技术,C946,山东水利职业学院,70,394849
2025,2,30,现代通信技术,C946,山东水利职业学院,40,417103
2025,2,31,信息安全技术应用,C946,山东水利职业学院,60,437715
2025,2,32,物联网应用技术,C946,山东水利职业学院,60,393595
2025,2,33,计算机应用技术,C946,山东水利职业学院,50,382695
2025,2,34,软件技术,C946,山东水利职业学院,55,397901
2025,2,35,大数据技术,C946,山东水利职业学院,45,385756
2025,2,36,人工智能技术应用,C946,山东水利职业学院,53,404659
2025,2,37,动漫制作技术,C946,山东水利职业学院,70,422022
2025,2,38,大数据与会计,C946,山东水利职业学院,90,347370
2025,2,39,财税大数据应用,C946,山东水利职业学院,40,405609
2025,2,40,金融服务与管理,C946,山东水利职业学院,30,438316
2025,2,41,酒店管理与数字化运营,C946,山东水利职业学院,30,493624
2025,2,42,电子商务,C946,山东水利职业学院,35,450263
2025,2,43,跨境电子商务,C946,山东水利职业学院,39,480176
2025,2,44,网络营销与直播电商,C946,山东水利职业学院,26,462061
2025,2,45,现代物流管理,C946,山东水利职业学院,75,471485
2025,2,46,旅游管理,C946,山东水利职业学院,83,501261
2025,2,E1,水利工程(中外合作办学),C946,山东水利职业学院,50,476252
2025,2,E2,机电一体化技术(中外合作办学),C946,山东水利职业学院,50,474965
2025,2,A1,水利工程(高职3+2贯通培养，衔接山东农业大学水利水电工程专业),C946,山东水利职业学院,40,274682
2025,2,A2,机电一体化技术(高职3+2贯通培养，衔接临沂大学电气工程及其自动化专,C946,山东水利职业学院,40,271223
2025,2,A3,金融服务与管理(高职3+2贯通培养，衔接齐鲁师范学院经济与金融专业),C946,山东水利职业学院,30,228872
2025,2,A4,道路与桥梁工程技术(高职3+2贯通培养，衔接菏泽学院土木工程专业),C946,山东水利职业学院,60,274183
2025,2,A5,大数据技术(高职3+2贯通培养，衔接山东体育学院数据科学与大数据技术,C946,山东水利职业学院,30,244009
2025,2,A6,大数据与会计(高职3+2贯通培养，衔接枣庄学院财务管理专业),C946,山东水利职业学院,40,203737
2025,2,A7,电子信息工程技术(高职3+2贯通培养，衔接济宁学院电子信息工程专业),C946,山东水利职业学院,40,247476
2025,2,A8,人工智能技术应用(高职3+2贯通培养，衔接菏泽学院人工智能专业),C946,山东水利职业学院,30,251089
2025,2,02,畜牧兽医,C947,山东畜牧兽医职业学院,21,349979
2025,2,03,畜牧兽医,C947,山东畜牧兽医职业学院,14,329403
2025,2,04,畜牧兽医,C947,山东畜牧兽医职业学院,6,350094
2025,2,05,畜牧兽医,C947,山东畜牧兽医职业学院,14,353659
2025,2,06,畜牧兽医,C947,山东畜牧兽医职业学院,14,341896
2025,2,09,畜禽智能化养殖,C947,山东畜牧兽医职业学院,14,418616
2025,2,10,畜禽智能化养殖,C947,山东畜牧兽医职业学院,9,407947
2025,2,14,动物医学,C947,山东畜牧兽医职业学院,10,285822
2025,2,15,动物医学,C947,山东畜牧兽医职业学院,15,291552
2025,2,16,动物医学,C947,山东畜牧兽医职业学院,15,311905
2025,2,17,动物医学,C947,山东畜牧兽医职业学院,15,315937
2025,2,18,动物防疫与检疫,C947,山东畜牧兽医职业学院,10,387893
2025,2,39,电子商务,C947,山东畜牧兽医职业学院,26,510652
2025,2,50,畜牧兽医,C947,山东畜牧兽医职业学院,256,394026
2025,2,51,畜禽智能化养殖,C947,山东畜牧兽医职业学院,30,438845
2025,2,52,水产养殖技术,C947,山东畜牧兽医职业学院,47,441910
2025,2,53,动物营养与饲料,C947,山东畜牧兽医职业学院,10,311556
2025,2,54,动物医学,C947,山东畜牧兽医职业学院,305,339879
2025,2,55,动物防疫与检疫,C947,山东畜牧兽医职业学院,30,401436
2025,2,57,宠物医疗技术,C947,山东畜牧兽医职业学院,234,397073
2025,2,58,宠物养护与驯导,C947,山东畜牧兽医职业学院,66,392018
2025,2,59,动物药学,C947,山东畜牧兽医职业学院,87,390523
2025,2,60,中兽医,C947,山东畜牧兽医职业学院,28,392653
2025,2,61,食品检验检测技术,C947,山东畜牧兽医职业学院,55,429550
2025,2,63,食品药品监督管理,C947,山东畜牧兽医职业学院,29,412023
2025,2,64,药品生产技术,C947,山东畜牧兽医职业学院,30,377663
2025,2,65,药品质量与安全,C947,山东畜牧兽医职业学院,30,430844
2025,2,66,机电一体化技术,C947,山东畜牧兽医职业学院,54,421011
2025,2,67,智能控制技术,C947,山东畜牧兽医职业学院,25,439460
2025,2,68,物联网应用技术,C947,山东畜牧兽医职业学院,70,473315
2025,2,69,现代物流管理,C947,山东畜牧兽医职业学院,50,512187
2025,2,70,工业机器人技术,C947,山东畜牧兽医职业学院,23,437372
2025,2,71,计算机应用技术,C947,山东畜牧兽医职业学院,67,433112
2025,2,72,大数据与会计,C947,山东畜牧兽医职业学院,83,411514
2025,2,73,大数据与财务管理,C947,山东畜牧兽医职业学院,44,427484
2025,2,74,金融科技应用,C947,山东畜牧兽医职业学院,36,517400
2025,2,75,现代农业经济管理,C947,山东畜牧兽医职业学院,72,511803
2025,2,76,电子商务,C947,山东畜牧兽医职业学院,41,512624
2025,2,77,网络营销与直播电商,C947,山东畜牧兽医职业学院,27,516227
2025,2,82,畜牧兽医(高职院校专项计划),C947,山东畜牧兽医职业学院,12,621830
2025,2,86,动物医学(高职院校专项计划),C947,山东畜牧兽医职业学院,12,463591
2025,2,88,野生动植物资源保护与利用(高职院校专项计划),C947,山东畜牧兽医职业学院,1,613090
2025,2,89,宠物医疗技术(高职院校专项计划),C947,山东畜牧兽医职业学院,5,531843
2025,2,90,宠物养护与驯导(高职院校专项计划),C947,山东畜牧兽医职业学院,2,566456
2025,2,91,动物药学(高职院校专项计划),C947,山东畜牧兽医职业学院,3,511922
2025,2,92,中兽医(高职院校专项计划),C947,山东畜牧兽医职业学院,2,572982
2025,2,93,食品检验检测技术(高职院校专项计划),C947,山东畜牧兽医职业学院,2,538272
2025,2,98,机电一体化技术(高职院校专项计划),C947,山东畜牧兽医职业学院,3,561169
2025,2,9C,工业机器人技术(高职院校专项计划),C947,山东畜牧兽医职业学院,2,582285
2025,2,9E,大数据与会计(高职院校专项计划),C947,山东畜牧兽医职业学院,3,516858
2025,2,9J,电子商务(高职院校专项计划),C947,山东畜牧兽医职业学院,3,628082
2025,2,78,畜牧兽医(高职3+2贯通培养，衔接山东农业大学动物科学专业),C947,山东畜牧兽医职业学院,80,211970
2025,2,79,动物医学(高职3+2贯通培养，衔接聊城大学动物医学专业),C947,山东畜牧兽医职业学院,40,196919
2025,2,80,食品智能加工技术(高职3+2贯通培养，衔接山东农业工程学院食品科学与,C947,山东畜牧兽医职业学院,80,251481
2025,2,81,药品生产技术(高职3+2贯通培养，衔接潍坊学院制药工程专业),C947,山东畜牧兽医职业学院,40,237326
2025,2,13,临床医学,C948,郑州健康学院,4,400704
2025,2,14,口腔医学,C948,郑州健康学院,2,326224
2025,2,15,中医学,C948,郑州健康学院,2,351577
2025,2,16,针灸推拿,C948,郑州健康学院,2,412591
2025,2,01,航海技术,C952,武汉航海职业技术学院,4,354995
2025,2,02,轮机工程技术,C952,武汉航海职业技术学院,4,362287
2025,2,8Z,计算机应用技术,C957,深圳信息职业技术大学,5,218852
2025,2,91,物联网应用技术,C957,深圳信息职业技术大学,4,278026
2025,2,92,集成电路技术,C957,深圳信息职业技术大学,7,285620
2025,2,9C,电子商务,C957,深圳信息职业技术大学,5,254225
2025,2,9E,大数据与会计,C957,深圳信息职业技术大学,5,241540
2025,2,9G,工业机器人技术,C957,深圳信息职业技术大学,4,230966
2025,2,15,大数据与财务管理,C961,广东亚视演艺职业学院,2,646872
2025,2,17,大数据与会计,C961,广东亚视演艺职业学院,2,607379
2025,2,21,电子商务,C961,广东亚视演艺职业学院,2,596206
2025,2,25,网络营销与直播电商,C961,广东亚视演艺职业学院,2,553864
2025,2,27,跨境电子商务,C961,广东亚视演艺职业学院,2,621735
2025,2,29,大数据技术,C961,广东亚视演艺职业学院,2,613041
2025,2,31,人工智能技术应用,C961,广东亚视演艺职业学院,2,674504
2025,2,33,计算机应用技术,C961,广东亚视演艺职业学院,2,581196
2025,2,35,软件技术,C961,广东亚视演艺职业学院,2,660174
2025,2,37,计算机网络技术,C961,广东亚视演艺职业学院,2,665739
2025,2,39,信息安全技术应用,C961,广东亚视演艺职业学院,3,679442
2025,2,41,物联网应用技术,C961,广东亚视演艺职业学院,2,641254
2025,2,45,学前教育,C961,广东亚视演艺职业学院,2,637753
2025,2,51,中文,C961,广东亚视演艺职业学院,2,592856
2025,2,53,护理,C961,广东亚视演艺职业学院,5,616433
2025,2,55,医学检验技术,C961,广东亚视演艺职业学院,4,663143
2025,2,57,药学,C961,广东亚视演艺职业学院,4,617638
2025,2,E4,空中乘务,C962,广东省外语艺术职业学院,20,558202
2025,2,01,软件技术,C963,四川托普信息技术职业学院,5,632345
2025,2,02,计算机网络技术,C963,四川托普信息技术职业学院,5,614751
2025,2,15,光伏工程技术,C963,四川托普信息技术职业学院,5,664847
2025,2,17,机电一体化技术,C963,四川托普信息技术职业学院,5,649002
2025,2,27,学前教育,C963,四川托普信息技术职业学院,5,674138
2025,2,35,护理,C963,四川托普信息技术职业学院,5,627297
2025,2,01,护理,C964,四川国际标榜职业学院,10,671943
2025,2,04,康复治疗技术,C964,四川国际标榜职业学院,5,662537
2025,2,20,软件技术(互联网游戏动漫开发),C964,四川国际标榜职业学院,8,666351
2025,2,21,影视多媒体技术(媒体创意与策划),C964,四川国际标榜职业学院,10,658260
2025,2,25,家具设计与制造,C964,四川国际标榜职业学院,8,680844
2025,2,43,中文,C964,四川国际标榜职业学院,8,677129
2025,2,YH,人工智能技术应用,C964,四川国际标榜职业学院,8,661215
2025,2,YL,数字媒体技术,C964,四川国际标榜职业学院,8,655296
2025,2,01,储能材料技术,C967,泸州职业技术学院,5,395287
2025,2,08,软件技术,C967,泸州职业技术学院,5,360409
2025,2,30,无人机应用技术,C967,泸州职业技术学院,5,377741
2025,2,32,酿酒技术,C967,泸州职业技术学院,5,389584
2025,2,90,大数据与财务管理,C969,成都艺术职业大学,10,602191
2025,2,93,数字媒体技术,C969,成都艺术职业大学,20,599264
2025,2,20,智能医疗装备技术,C970,四川职业技术学院,10,442094
2025,2,25,现代物流管理,C970,四川职业技术学院,5,479744
2025,2,50,新能源材料应用技术,C970,四川职业技术学院,5,407081
2025,2,53,新能源装备技术,C970,四川职业技术学院,10,425134
2025,2,03,机电设备技术,C975,伊犁职业技术学院,2,495444
2025,2,05,电气自动化技术,C975,伊犁职业技术学院,4,399501
2025,2,07,机电一体化技术,C975,伊犁职业技术学院,4,447244
2025,2,11,应用化工技术,C975,伊犁职业技术学院,2,575790
2025,2,31,大数据与财务管理,C975,伊犁职业技术学院,2,507416
2025,2,35,现代物流管理,C975,伊犁职业技术学院,2,583965
2025,2,37,旅游管理,C975,伊犁职业技术学院,2,580158
2025,2,41,导游,C975,伊犁职业技术学院,2,575560
2025,2,55,植物保护与检疫技术,C975,伊犁职业技术学院,2,615818
2025,2,61,园艺技术,C975,伊犁职业技术学院,2,592320
2025,2,63,现代农业技术,C975,伊犁职业技术学院,2,513768
2025,2,67,食品检验检测技术,C975,伊犁职业技术学院,2,528271
2025,2,71,畜牧兽医,C975,伊犁职业技术学院,4,425101
2025,2,73,动物防疫与检疫,C975,伊犁职业技术学院,2,518430
2025,2,75,动物医学(宠物医学),C975,伊犁职业技术学院,4,361812
2025,2,77,动物医学(兽医医学),C975,伊犁职业技术学院,2,343602
2025,2,83,护理,C975,伊犁职业技术学院,8,490686
2025,2,91,中药学,C975,伊犁职业技术学院,2,452065
2025,2,N1,物联网应用技术,C975,伊犁职业技术学院,2,563945
2025,2,N3,移动应用开发,C975,伊犁职业技术学院,3,573145
2025,2,N5,计算机网络技术,C975,伊犁职业技术学院,3,523110
2025,2,N7,计算机应用技术,C975,伊犁职业技术学院,2,543002
2025,2,04,数控技术,C976,江西机电职业技术学院,5,423996
2025,2,08,模具设计与制造,C976,江西机电职业技术学院,5,446915
2025,2,0B,机电设备技术,C976,江西机电职业技术学院,5,424953
2025,2,0D,机电一体化技术,C976,江西机电职业技术学院,5,379626
2025,2,0G,工业机器人技术,C976,江西机电职业技术学院,5,402017
2025,2,0H,电气自动化技术,C976,江西机电职业技术学院,8,371463
2025,2,0M,汽车制造与试验技术,C976,江西机电职业技术学院,5,449588
2025,2,0N,新能源汽车技术,C976,江西机电职业技术学院,3,436318
2025,2,0W,智能产品开发与应用,C976,江西机电职业技术学院,4,442930
2025,2,0Z,软件技术,C976,江西机电职业技术学院,10,412353
2025,2,18,集成电路技术,C976,江西机电职业技术学院,3,427410
2025,2,1C,跨境电子商务,C976,江西机电职业技术学院,2,431474
2025,2,97,铁道交通运营管理,C977,武汉铁路职业技术学院,3,216658
2025,2,98,城市轨道交通运营管理,C977,武汉铁路职业技术学院,3,256590
2025,2,A0,铁路物流管理,C977,武汉铁路职业技术学院,3,246548
2025,2,A1,铁道机车运用与维护,C977,武汉铁路职业技术学院,2,184796
2025,2,A2,动车组检修技术,C977,武汉铁路职业技术学院,2,203310
2025,2,A3,铁道车辆技术,C977,武汉铁路职业技术学院,2,233400
2025,2,A4,城市轨道车辆应用技术,C977,武汉铁路职业技术学院,2,246221
2025,2,A5,铁道机车车辆制造与维护,C977,武汉铁路职业技术学院,2,275846
2025,2,A7,铁道信号自动控制,C977,武汉铁路职业技术学院,2,220602
2025,2,B1,轨道交通通信信号设备制造与维护,C977,武汉铁路职业技术学院,2,246594
2025,2,B2,铁道供电技术,C977,武汉铁路职业技术学院,2,231034
2025,2,B4,高速铁路综合维修技术,C977,武汉铁路职业技术学院,2,256707
2025,2,B6,铁道工程技术,C977,武汉铁路职业技术学院,3,226298
2025,2,01,软件技术,C978,武汉软件工程职业学院,4,276614
2025,2,06,信息安全技术应用,C978,武汉软件工程职业学院,2,276627
2025,2,08,移动互联应用技术,C978,武汉软件工程职业学院,2,293625
2025,2,09,人工智能技术应用,C978,武汉软件工程职业学院,3,281900
2025,2,10,机械设计与制造,C978,武汉软件工程职业学院,2,297846
2025,2,12,机械制造及自动化,C978,武汉软件工程职业学院,1,281951
2025,2,23,新能源汽车检测与维修技术,C978,武汉软件工程职业学院,2,288182
2025,2,27,应用化工技术,C978,武汉软件工程职业学院,4,322426
2025,2,28,药品生产技术,C978,武汉软件工程职业学院,2,315532
2025,2,29,食品检验检测技术,C978,武汉软件工程职业学院,2,294597
2025,2,36,商务数据分析与应用,C978,武汉软件工程职业学院,2,291957
2025,2,37,文化创意与策划,C978,武汉软件工程职业学院,2,276626
2025,2,39,旅游管理,C978,武汉软件工程职业学院,2,289527
2025,2,01,畜牧兽医,C979,湖北三峡职业技术学院,3,313341
2025,2,04,现代农业技术,C979,湖北三峡职业技术学院,5,396808
2025,2,06,工程造价,C979,湖北三峡职业技术学院,4,426745
2025,2,08,市政工程技术,C979,湖北三峡职业技术学院,4,447820
2025,2,12,电气自动化技术,C979,湖北三峡职业技术学院,3,329873
2025,2,22,大数据与会计,C979,湖北三峡职业技术学院,2,304288
2025,2,27,口腔医学,C979,湖北三峡职业技术学院,4,277966
2025,2,29,临床医学,C979,湖北三峡职业技术学院,2,307928
2025,2,30,药学,C979,湖北三峡职业技术学院,3,368745
2025,2,01,临床医学,C980,随州职业技术学院,10,351257
2025,2,02,护理,C980,随州职业技术学院,6,391921
2025,2,03,康复治疗技术,C980,随州职业技术学院,10,420420
2025,2,16,建筑工程技术,C980,随州职业技术学院,12,529665
2025,2,28,无人机应用技术,C980,随州职业技术学院,12,439210
2025,2,02,发电厂及电力系统,C982,湖北水利水电职业技术学院,5,339053
2025,2,03,电力储能应用技术,C982,湖北水利水电职业技术学院,5,349043
2025,2,05,风力发电工程技术,C982,湖北水利水电职业技术学院,5,353149
2025,2,14,水利水电工程技术,C982,湖北水利水电职业技术学院,5,325797
2025,2,20,机电一体化技术,C982,湖北水利水电职业技术学院,5,334964
2025,2,21,智能机电技术,C982,湖北水利水电职业技术学院,5,348515
2025,2,23,电气自动化技术,C982,湖北水利水电职业技术学院,5,341255
2025,2,24,新能源汽车技术,C982,湖北水利水电职业技术学院,5,357370
2025,2,27,大数据技术,C982,湖北水利水电职业技术学院,4,339760
2025,2,28,大数据与会计,C982,湖北水利水电职业技术学院,6,306578
2025,2,Y1,建筑工程技术,C983,湖北城市建设职业技术学院,5,387690
2025,2,Y3,智能建造技术,C983,湖北城市建设职业技术学院,2,378134
2025,2,Y4,建筑钢结构工程技术,C983,湖北城市建设职业技术学院,2,416074
2025,2,Y5,工程测量技术,C983,湖北城市建设职业技术学院,2,380597
2025,2,Y7,市政工程技术,C983,湖北城市建设职业技术学院,2,378940
2025,2,Y8,道路与桥梁工程技术,C983,湖北城市建设职业技术学院,2,371493
2025,2,03,应急救援技术,C984,武汉警官职业学院,2,321155
2025,2,07,物联网应用技术,C984,武汉警官职业学院,4,319381
2025,2,08,计算机网络技术,C984,武汉警官职业学院,2,301524
2025,2,10,软件技术,C984,武汉警官职业学院,2,281629
2025,2,11,计算机应用技术,C984,武汉警官职业学院,2,289830
2025,2,12,信息安全技术应用,C984,武汉警官职业学院,4,316863
2025,2,15,现代移动通信技术,C984,武汉警官职业学院,3,307169
2025,2,17,法律事务,C984,武汉警官职业学院,2,256664
2025,2,19,刑事执行,C984,武汉警官职业学院,5,292200
2025,2,21,司法警务,C984,武汉警官职业学院,6,290376
2025,2,23,刑事侦查技术,C984,武汉警官职业学院,5,279800
2025,2,24,司法信息技术,C984,武汉警官职业学院,4,292297
2025,2,25,司法鉴定技术,C984,武汉警官职业学院,3,291342
2025,2,26,司法信息安全,C984,武汉警官职业学院,6,298112
2025,2,05,动物医学,C985,湖北生物科技职业学院,10,306644
2025,2,07,宠物医疗技术,C985,湖北生物科技职业学院,5,301773
2025,2,13,建筑室内设计,C985,湖北生物科技职业学院,8,409061
2025,2,15,药品生物技术,C985,湖北生物科技职业学院,5,338733
2025,2,19,食品检验检测技术,C985,湖北生物科技职业学院,6,331198
2025,2,25,计算机应用技术,C985,湖北生物科技职业学院,5,325977
2025,2,29,信息安全技术应用,C985,湖北生物科技职业学院,10,347810
2025,2,32,药学,C985,湖北生物科技职业学院,10,328161
2025,2,34,大数据与会计,C985,湖北生物科技职业学院,6,309167
2025,2,35,电子商务,C985,湖北生物科技职业学院,5,376487
2025,2,01,铁道机车运用与维护,C987,武汉科技职业学院,2,416642
2025,2,02,城市轨道车辆应用技术,C987,武汉科技职业学院,2,489072
2025,2,04,铁道交通运营管理,C987,武汉科技职业学院,1,391045
2025,2,09,大数据与会计,C987,武汉科技职业学院,1,400757
2025,2,10,电子商务,C987,武汉科技职业学院,1,449019
2025,2,64,人工智能技术应用,C987,武汉科技职业学院,3,477446
2025,2,01,数字化设计与制造技术,C989,武汉信息传播职业技术学院,3,564502
2025,2,02,智能控制技术,C989,武汉信息传播职业技术学院,5,545611
2025,2,03,工业机器人技术,C989,武汉信息传播职业技术学院,5,552202
2025,2,04,新能源汽车技术,C989,武汉信息传播职业技术学院,5,555205
2025,2,09,计算机网络技术,C989,武汉信息传播职业技术学院,5,477350
2025,2,11,数字媒体技术,C989,武汉信息传播职业技术学院,5,457617
2025,2,15,人工智能技术应用,C989,武汉信息传播职业技术学院,5,519382
2025,2,18,大数据与会计,C989,武汉信息传播职业技术学院,5,421806
2025,2,19,电子商务,C989,武汉信息传播职业技术学院,5,569910
2025,2,20,网络营销与直播电商,C989,武汉信息传播职业技术学院,5,581958
2025,2,21,现代物流管理,C989,武汉信息传播职业技术学院,5,583153
2025,2,22,旅游管理,C989,武汉信息传播职业技术学院,2,545831
2025,2,23,酒店管理与数字化运营,C989,武汉信息传播职业技术学院,2,578374
2025,2,28,广播影视节目制作,C989,武汉信息传播职业技术学院,5,526635
2025,2,29,新闻采编与制作,C989,武汉信息传播职业技术学院,3,463069
2025,2,30,融媒体技术与运营,C989,武汉信息传播职业技术学院,5,566925
2025,2,01,电子商务,C990,武昌职业学院,5,580101
2025,2,07,运动健康指导,C990,武昌职业学院,5,609340
2025,2,14,电子信息工程技术,C990,武昌职业学院,5,492074
2025,2,15,物联网应用技术,C990,武昌职业学院,5,563639
2025,2,16,现代通信技术,C990,武昌职业学院,5,557692
2025,2,17,计算机网络技术,C990,武昌职业学院,5,477577
2025,2,18,信息安全技术应用,C990,武昌职业学院,5,555779
2025,2,19,集成电路技术,C990,武昌职业学院,10,603169
2025,2,20,航空材料精密成型技术,C990,武昌职业学院,10,607574
2025,2,22,通用航空器维修,C990,武昌职业学院,5,554364
2025,2,23,无人机应用技术,C990,武昌职业学院,10,527571
2025,2,24,无人机测绘技术,C990,武昌职业学院,5,559766
2025,2,25,摄影测量与遥感技术,C990,武昌职业学院,10,630468
2025,2,26,机电一体化技术,C990,武昌职业学院,10,517894
2025,2,27,数字化设计与制造技术,C990,武昌职业学院,5,589759
2025,2,32,智慧健康养老服务与管理,C990,武昌职业学院,5,577379
2025,2,33,工业机器人技术,C990,武昌职业学院,5,563520
2025,2,34,机械制造及自动化,C990,武昌职业学院,10,567045
2025,2,35,人工智能技术应用,C990,武昌职业学院,10,558830
2025,2,37,软件技术,C990,武昌职业学院,10,591426
2025,2,38,云计算技术应用,C990,武昌职业学院,5,570547
2025,2,39,大数据技术,C990,武昌职业学院,5,530336
2025,2,01,建筑设计,C991,武汉商贸职业学院,15,578060
2025,2,02,工程造价,C991,武汉商贸职业学院,10,605658
2025,2,03,建设工程管理,C991,武汉商贸职业学院,5,586974
2025,2,05,机电一体化技术,C991,武汉商贸职业学院,8,489047
2025,2,06,智能控制技术,C991,武汉商贸职业学院,5,509013
2025,2,07,工业机器人技术,C991,武汉商贸职业学院,5,495579
2025,2,08,新能源汽车技术,C991,武汉商贸职业学院,5,489496
2025,2,09,智能网联汽车技术,C991,武汉商贸职业学院,5,539169
2025,2,11,空中乘务,C991,武汉商贸职业学院,14,622803
2025,2,12,机场运行服务与管理,C991,武汉商贸职业学院,6,573425
2025,2,13,高速铁路客运服务,C991,武汉商贸职业学院,5,551322
2025,2,14,护理,C991,武汉商贸职业学院,17,494496
2025,2,15,食品营养与健康,C991,武汉商贸职业学院,14,566294
2025,2,16,健康管理,C991,武汉商贸职业学院,15,587757
2025,2,17,医学美容技术,C991,武汉商贸职业学院,13,532155
2025,2,18,婴幼儿托育服务与管理,C991,武汉商贸职业学院,10,623883
2025,2,20,数字媒体技术,C991,武汉商贸职业学院,12,503577
2025,2,21,信息安全技术应用,C991,武汉商贸职业学院,5,539929
2025,2,22,市场营销,C991,武汉商贸职业学院,9,555868
2025,2,23,电子商务,C991,武汉商贸职业学院,7,532463
2025,2,24,跨境电子商务,C991,武汉商贸职业学院,5,514486
2025,2,25,网络营销与直播电商,C991,武汉商贸职业学院,7,524508
2025,2,26,现代物流管理,C991,武汉商贸职业学院,6,548266
2025,2,28,商务英语,C991,武汉商贸职业学院,5,526678
2025,2,30,智能建造技术,C991,武汉商贸职业学院,5,578971
2025,2,31,酒店管理与数字化运营,C991,武汉商贸职业学院,4,580896
2025,2,32,旅游管理,C991,武汉商贸职业学院,5,541897
2025,2,33,西式烹饪工艺,C991,武汉商贸职业学院,5,533976
2025,2,34,大数据与会计,C991,武汉商贸职业学院,12,448689
2025,2,35,大数据与财务管理,C991,武汉商贸职业学院,6,455484
2025,2,36,工商企业管理,C991,武汉商贸职业学院,2,570438
2025,2,37,软件技术,C991,武汉商贸职业学院,15,539068
2025,2,38,计算机网络技术,C991,武汉商贸职业学院,15,514632
2025,2,39,物联网应用技术,C991,武汉商贸职业学院,8,569808
2025,2,40,大数据技术,C991,武汉商贸职业学院,10,558062
2025,2,41,人工智能技术应用,C991,武汉商贸职业学院,7,529179
2025,2,42,工业互联网技术,C991,武汉商贸职业学院,3,554086
2025,2,59,新闻采编与制作,C991,武汉商贸职业学院,8,546828
2025,2,A0,电气自动化技术,D006,山东英才学院,15,570907
2025,2,A1,机械制造及自动化,D006,山东英才学院,41,619313
2025,2,A2,数控技术,D006,山东英才学院,39,633030
2025,2,A3,市场营销,D006,山东英才学院,65,679616
2025,2,A4,现代物流管理,D006,山东英才学院,67,680677
2025,2,A5,电子商务,D006,山东英才学院,32,654554
2025,2,A8,动漫制作技术,D006,山东英才学院,47,679574
2025,2,B2,工程造价,D006,山东英才学院,49,680131
2025,2,B3,建设工程监理,D006,山东英才学院,47,680927
2025,2,B4,建筑工程技术,D006,山东英才学院,58,680504
2025,2,B5,大数据与会计,D006,山东英才学院,43,629162
2025,2,B6,工商企业管理,D006,山东英才学院,33,679818
2025,2,B8,新闻采编与制作,D006,山东英才学院,17,637391
2025,2,B9,护理,D006,山东英才学院,89,578393
2025,2,C0,康复治疗技术,D006,山东英才学院,49,598930
2025,2,C1,智慧健康养老服务与管理,D006,山东英才学院,60,679973
2025,2,C3,电子信息工程技术,D006,山东英才学院,29,648541
2025,2,C4,计算机网络技术,D006,山东英才学院,48,658778
2025,2,C5,大数据技术,D006,山东英才学院,55,680251
2025,2,C6,计算机应用技术,D006,山东英才学院,38,644943
2025,2,D0,商务英语,D006,山东英才学院,43,677662
2025,2,D2,应用英语,D006,山东英才学院,23,678797
2025,2,D7,旅游管理,D006,山东英才学院,37,676254
2025,2,E1,学前教育(师范类),D006,山东英才学院,40,660186
2025,2,E2,早期教育,D006,山东英才学院,70,680956
2025,2,E4,新能源汽车技术,D006,山东英才学院,16,600746
2025,2,A1,婴幼儿托育服务与管理,D007,东营科技职业学院,120,560373
2025,2,A2,艺术设计,D007,东营科技职业学院,60,529391
2025,2,A3,音乐表演,D007,东营科技职业学院,66,572328
2025,2,B0,大数据技术,D007,东营科技职业学院,50,471862
2025,2,B1,计算机应用技术,D007,东营科技职业学院,15,439565
2025,2,B2,软件技术,D007,东营科技职业学院,150,507258
2025,2,C0,市场营销,D007,东营科技职业学院,24,530827
2025,2,C1,电子商务,D007,东营科技职业学院,90,529844
2025,2,C2,跨境电子商务,D007,东营科技职业学院,67,536180
2025,2,C3,现代物流管理,D007,东营科技职业学院,56,532420
2025,2,C4,大数据与会计,D007,东营科技职业学院,49,425604
2025,2,C5,社会工作,D007,东营科技职业学院,46,509628
2025,2,D0,石油化工技术,D007,东营科技职业学院,80,508703
2025,2,D1,应用化工技术,D007,东营科技职业学院,129,524246
2025,2,D2,分析检验技术,D007,东营科技职业学院,30,481363
2025,2,D3,药品生物技术,D007,东营科技职业学院,40,477469
2025,2,D4,食品营养与健康,D007,东营科技职业学院,34,492891
2025,2,D5,智能建造技术,D007,东营科技职业学院,23,534544
2025,2,D6,园林技术,D007,东营科技职业学院,21,499529
2025,2,D7,现代农业技术,D007,东营科技职业学院,70,544360
2025,2,E0,无人机应用技术,D007,东营科技职业学院,97,491552
2025,2,E1,智能控制技术,D007,东营科技职业学院,60,483810
2025,2,E2,机电一体化技术,D007,东营科技职业学院,80,441572
2025,2,E3,高分子材料智能制造技术,D007,东营科技职业学院,65,534911
2025,2,E4,电气自动化技术,D007,东营科技职业学院,106,435240
2025,2,E5,工业机器人技术,D007,东营科技职业学院,40,465521
2025,2,E6,机械制造及自动化,D007,东营科技职业学院,15,445441
2025,2,F0,旅游管理,D007,东营科技职业学院,69,545719
2025,2,F1,酒店管理与数字化运营,D007,东营科技职业学院,61,542119
2025,2,F3,智慧健康养老服务与管理,D007,东营科技职业学院,30,502439
2025,2,G0,工业互联网技术,D007,东营科技职业学院,80,525455
2025,2,G1,云计算技术应用,D007,东营科技职业学院,55,521665
2025,2,G2,人工智能技术应用,D007,东营科技职业学院,25,470315
2025,2,G3,物联网应用技术,D007,东营科技职业学院,22,501336
2025,2,G4,现代移动通信技术,D007,东营科技职业学院,18,508864
2025,2,K0,空中乘务,D007,东营科技职业学院,30,549528
2025,2,K1,高速铁路客运服务,D007,东营科技职业学院,100,502464
2025,2,Q0,新能源汽车技术,D007,东营科技职业学院,71,492141
2025,2,Q1,智能网联汽车技术,D007,东营科技职业学院,85,529114
2025,2,Q2,汽车制造与试验技术,D007,东营科技职业学院,120,522236
2025,2,W0,石油化工技术(中外合作办学)(与俄罗斯萨马拉国立技术大学合作),D007,东营科技职业学院,49,580645
2025,2,W1,机械制造及自动化(中外合作办学)(与俄罗斯萨马拉国立技术大学合作),D007,东营科技职业学院,52,570063
2025,2,T0,人工智能技术应用(高职3+2贯通培养，衔接山东石油化工学院智能科学与,D007,东营科技职业学院,30,256659
2025,2,50,汽车检测与维修技术,D008,山东交通职业学院,61,459293
2025,2,51,汽车技术服务与营销,D008,山东交通职业学院,66,501066
2025,2,52,汽车制造与试验技术,D008,山东交通职业学院,74,467697
2025,2,53,新能源汽车检测与维修技术,D008,山东交通职业学院,148,445983
2025,2,54,智能网联汽车技术,D008,山东交通职业学院,64,466959
2025,2,55,道路与桥梁工程技术,D008,山东交通职业学院,137,462077
2025,2,56,道路工程检测技术,D008,山东交通职业学院,100,476235
2025,2,57,道路工程造价,D008,山东交通职业学院,80,500511
2025,2,58,城市轨道交通工程技术,D008,山东交通职业学院,124,377363
2025,2,59,现代物流管理,D008,山东交通职业学院,98,475149
2025,2,5A,道路运输管理,D008,山东交通职业学院,25,385362
2025,2,5B,电子商务,D008,山东交通职业学院,37,454552
2025,2,5C,物联网应用技术,D008,山东交通职业学院,75,425169
2025,2,5D,大数据与会计,D008,山东交通职业学院,38,341618
2025,2,5E,城市轨道交通运营管理,D008,山东交通职业学院,52,313202
2025,2,5F,云计算技术应用,D008,山东交通职业学院,60,445626
2025,2,5G,城市轨道交通通信信号技术,D008,山东交通职业学院,69,346614
2025,2,5H,大数据技术,D008,山东交通职业学院,54,412607
2025,2,5J,机电一体化技术,D008,山东交通职业学院,44,340965
2025,2,5K,机械设计与制造,D008,山东交通职业学院,20,374992
2025,2,5L,工业机器人技术,D008,山东交通职业学院,35,397457
2025,2,5M,飞机机电设备维修,D008,山东交通职业学院,33,389075
2025,2,5N,飞机电子设备维修,D008,山东交通职业学院,62,411612
2025,2,5P,民航安全技术管理,D008,山东交通职业学院,20,430006
2025,2,5Q,城市轨道车辆应用技术,D008,山东交通职业学院,24,352011
2025,2,5R,无人机应用技术,D008,山东交通职业学院,35,399759
2025,2,5S,航海技术,D008,山东交通职业学院,118,437812
2025,2,5T,轮机工程技术,D008,山东交通职业学院,47,442945
2025,2,5U,船舶电子电气技术,D008,山东交通职业学院,64,438856
2025,2,5V,船舶动力工程技术,D008,山东交通职业学院,55,460911
2025,2,5W,高速铁路客运服务,D008,山东交通职业学院,36,306326
2025,2,5X,国际邮轮乘务管理,D008,山东交通职业学院,10,471023
2025,2,5Y,计算机应用技术,D008,山东交通职业学院,57,397246
2025,2,5Z,空中乘务,D008,山东交通职业学院,11,443803
2025,2,A1,建设工程监理,D008,山东交通职业学院,38,505178
2025,2,70,机械设计与制造(中外合作办学)(与俄罗斯鄂木斯克国立交通大学合作办,D008,山东交通职业学院,24,500658
2025,2,71,工业机器人技术(中外合作办学)(与俄罗斯鄂木斯克国立交通大学合作办,D008,山东交通职业学院,40,509086
2025,2,40,道路与桥梁工程技术(高职技师合作培养，在山东公路技师学院就读),D008,山东交通职业学院,40,471866
2025,2,41,机电一体化技术(高职技师合作培养，在山东交通职业学院就读),D008,山东交通职业学院,40,396925
2025,2,20,道路与桥梁工程技术(高职3+2贯通培养，衔接山东交通学院土木工程专业,D008,山东交通职业学院,30,265636
2025,2,21,现代物流管理(高职3+2贯通培养，衔接山东交通学院物流工程专业),D008,山东交通职业学院,30,245946
2025,2,22,道路工程造价(高职3+2贯通培养，衔接山东农业工程学院工程造价专业),D008,山东交通职业学院,40,269480
2025,2,23,电子商务(高职3+2贯通培养，衔接山东管理学院电子商务专业),D008,山东交通职业学院,30,253967
2025,2,24,新能源汽车检测与维修技术(高职3+2贯通培养，衔接潍坊学院新能源汽车,D008,山东交通职业学院,40,248470
2025,2,25,机械设计与制造(高职3+2贯通培养，衔接泰山学院机械设计制造及其自动,D008,山东交通职业学院,40,252338
2025,2,01,数控技术,D009,淄博职业技术大学,41,322728
2025,2,02,机械制造及自动化,D009,淄博职业技术大学,54,304846
2025,2,03,电气自动化技术,D009,淄博职业技术大学,85,283236
2025,2,04,工业机器人技术,D009,淄博职业技术大学,65,325929
2025,2,05,机电一体化技术,D009,淄博职业技术大学,75,298381
2025,2,06,智能控制技术,D009,淄博职业技术大学,65,341367
2025,2,07,电子信息工程技术,D009,淄博职业技术大学,90,338230
2025,2,08,电力系统自动化技术,D009,淄博职业技术大学,50,295316
2025,2,09,集成电路技术,D009,淄博职业技术大学,90,362670
2025,2,10,安全智能监测技术,D009,淄博职业技术大学,50,368043
2025,2,12,新能源汽车技术,D009,淄博职业技术大学,30,299866
2025,2,13,汽车技术服务与营销,D009,淄博职业技术大学,44,428842
2025,2,14,汽车智能技术,D009,淄博职业技术大学,70,367149
2025,2,15,计算机应用技术,D009,淄博职业技术大学,40,309041
2025,2,16,软件技术,D009,淄博职业技术大学,90,320347
2025,2,17,大数据技术,D009,淄博职业技术大学,50,320701
2025,2,18,人工智能技术应用,D009,淄博职业技术大学,70,340681
2025,2,20,信息安全技术应用,D009,淄博职业技术大学,71,348946
2025,2,21,应用化工技术,D009,淄博职业技术大学,110,362820
2025,2,22,分析检验技术,D009,淄博职业技术大学,80,366389
2025,2,23,石油化工技术,D009,淄博职业技术大学,85,366010
2025,2,24,食品生物技术,D009,淄博职业技术大学,65,359478
2025,2,25,食品检验检测技术,D009,淄博职业技术大学,80,322937
2025,2,27,药物制剂技术,D009,淄博职业技术大学,75,360429
2025,2,29,工程造价,D009,淄博职业技术大学,140,426561
2025,2,30,建设工程管理,D009,淄博职业技术大学,90,440523
2025,2,31,大数据与会计,D009,淄博职业技术大学,55,278692
2025,2,32,大数据与财务管理,D009,淄博职业技术大学,65,292253
2025,2,33,金融服务与管理,D009,淄博职业技术大学,45,364496
2025,2,34,财富管理,D009,淄博职业技术大学,40,416799
2025,2,35,市场营销,D009,淄博职业技术大学,165,419086
2025,2,36,电子商务,D009,淄博职业技术大学,68,360386
2025,2,37,现代物流管理,D009,淄博职业技术大学,120,399280
2025,2,38,国际商务,D009,淄博职业技术大学,85,413386
2025,2,39,邮政快递运营管理,D009,淄博职业技术大学,45,368388
2025,2,41,旅游管理,D009,淄博职业技术大学,80,434051
2025,2,42,酒店管理与数字化运营,D009,淄博职业技术大学,83,450114
2025,2,43,智慧旅游技术应用,D009,淄博职业技术大学,70,449542
2025,2,44,护理,D009,淄博职业技术大学,228,353741
2025,2,46,智慧健康养老服务与管理,D009,淄博职业技术大学,80,370214
2025,2,47,临床医学,D009,淄博职业技术大学,118,326397
2025,2,48,口腔医学技术,D009,淄博职业技术大学,73,289887
2025,2,49,康复治疗技术,D009,淄博职业技术大学,38,330643
2025,2,50,药学,D009,淄博职业技术大学,117,354223
2025,2,51,中药学,D009,淄博职业技术大学,117,333381
2025,2,52,中医养生保健,D009,淄博职业技术大学,35,351245
2025,2,53,建筑装饰工程技术,D009,淄博职业技术大学,75,431136
2025,2,54,动漫制作技术,D009,淄博职业技术大学,56,300658
2025,2,55,数字媒体技术,D009,淄博职业技术大学,95,278957
2025,2,56,广播影视节目制作,D009,淄博职业技术大学,50,338968
2025,2,57,融媒体技术与运营,D009,淄博职业技术大学,50,319038
2025,2,58,工艺美术品设计,D009,淄博职业技术大学,85,447667
2025,2,59,陶瓷设计与工艺,D009,淄博职业技术大学,90,449805
2025,2,60,学前教育(师范类),D009,淄博职业技术大学,19,349234
2025,2,61,早期教育,D009,淄博职业技术大学,87,416882
2025,2,62,婴幼儿托育服务与管理,D009,淄博职业技术大学,87,463616
2025,2,63,商务英语,D009,淄博职业技术大学,105,376356
2025,2,64,应用英语,D009,淄博职业技术大学,130,383213
2025,2,65,应用韩语,D009,淄博职业技术大学,40,427431
2025,2,W1,新能源汽车技术(中外合作办学),D009,淄博职业技术大学,80,473994
2025,2,1H,数字媒体技术(高职院校专项计划),D009,淄博职业技术大学,10,447899
2025,2,3C,新能源汽车技术(高职院校专项计划),D009,淄博职业技术大学,10,469840
2025,2,3D,应用化工技术(高职院校专项计划),D009,淄博职业技术大学,10,564162
2025,2,5A,机电一体化技术(高职院校专项计划),D009,淄博职业技术大学,10,447118
2025,2,6C,计算机应用技术(高职院校专项计划),D009,淄博职业技术大学,5,459039
2025,2,6D,食品生物技术(高职院校专项计划),D009,淄博职业技术大学,10,514843
2025,2,6H,学前教育(师范类，高职院校专项计划),D009,淄博职业技术大学,10,651159
2025,2,8A,电力系统自动化技术(高职院校专项计划),D009,淄博职业技术大学,5,408058
2025,2,9E,电子商务(高职院校专项计划),D009,淄博职业技术大学,10,576140
2025,2,91,电气自动化技术(高职3+2贯通培养，衔接德州学院电气工程及其自动化专,D009,淄博职业技术大学,40,202699
2025,2,92,汽车制造与试验技术(高职3+2贯通培养，衔接德州学院车辆工程专业),D009,淄博职业技术大学,40,236799
2025,2,93,护理(高职3+2贯通培养，衔接聊城大学护理学专业),D009,淄博职业技术大学,30,203967
2025,2,94,大数据与财务管理(高职3+2贯通培养，衔接山东农业工程学院财务管理专,D009,淄博职业技术大学,40,194270
2025,2,11,国际经济与贸易,D010,山东外贸职业学院,150,369025
2025,2,12,国际经济与贸易(上合实验班),D010,山东外贸职业学院,140,385734
2025,2,13,国际商务,D010,山东外贸职业学院,38,406483
2025,2,14,国际商务(美国华盛顿州分校项目),D010,山东外贸职业学院,45,453739
2025,2,15,大数据与会计,D010,山东外贸职业学院,153,297292
2025,2,16,国际金融,D010,山东外贸职业学院,79,445957
2025,2,17,金融服务与管理,D010,山东外贸职业学院,33,398869
2025,2,18,商务英语(外语语种为英语),D010,山东外贸职业学院,223,419060
2025,2,19,商务日语,D010,山东外贸职业学院,68,444462
2025,2,20,应用韩语,D010,山东外贸职业学院,33,472700
2025,2,21,应用法语,D010,山东外贸职业学院,28,475094
2025,2,22,应用西班牙语,D010,山东外贸职业学院,33,474275
2025,2,23,市场营销,D010,山东外贸职业学院,83,450177
2025,2,24,旅游管理,D010,山东外贸职业学院,93,500337
2025,2,25,会展策划与管理,D010,山东外贸职业学院,39,432694
2025,2,26,软件技术,D010,山东外贸职业学院,95,359022
2025,2,27,动漫制作技术,D010,山东外贸职业学院,47,364532
2025,2,28,人工智能技术应用,D010,山东外贸职业学院,89,373831
2025,2,29,虚拟现实技术应用,D010,山东外贸职业学院,40,430646
2025,2,30,现代物流管理,D010,山东外贸职业学院,137,455950
2025,2,31,关务与外贸服务,D010,山东外贸职业学院,89,407133
2025,2,33,集装箱运输管理,D010,山东外贸职业学院,50,489722
2025,2,34,电子商务,D010,山东外贸职业学院,95,415289
2025,2,35,跨境电子商务,D010,山东外贸职业学院,143,444555
2025,2,49,国际经济与贸易(高职3+2贯通培养，衔接山东青年政治学院国际经济与贸,D010,山东外贸职业学院,40,221694
2025,2,50,大数据与会计(高职3+2贯通培养，衔接齐鲁师范学院财务管理专业),D010,山东外贸职业学院,30,190390
2025,2,51,金融服务与管理(高职3+2贯通培养，衔接枣庄学院金融工程专业),D010,山东外贸职业学院,40,245367
2025,2,52,市场营销(高职3+2贯通培养，衔接临沂大学工商管理专业),D010,山东外贸职业学院,40,221450
2025,2,53,旅游管理(高职3+2贯通培养，衔接临沂大学旅游管理专业),D010,山东外贸职业学院,40,246334
2025,2,54,会展策划与管理(高职3+2贯通培养，衔接山东女子学院会展经济与管理专,D010,山东外贸职业学院,40,256359
2025,2,01,酒店管理与数字化运营,D011,青岛酒店管理职业技术学院,250,509535
2025,2,02,国际邮轮乘务管理,D011,青岛酒店管理职业技术学院,40,501827
2025,2,03,民宿管理与运营,D011,青岛酒店管理职业技术学院,40,505111
2025,2,04,葡萄酒文化与营销,D011,青岛酒店管理职业技术学院,36,502395
2025,2,05,茶艺与茶文化,D011,青岛酒店管理职业技术学院,10,476558
2025,2,06,旅游管理,D011,青岛酒店管理职业技术学院,150,505972
2025,2,07,研学旅行管理与服务,D011,青岛酒店管理职业技术学院,28,482158
2025,2,08,文化创意与策划,D011,青岛酒店管理职业技术学院,28,442697
2025,2,09,烹饪工艺与营养,D011,青岛酒店管理职业技术学院,39,434041
2025,2,10,中西面点工艺,D011,青岛酒店管理职业技术学院,6,297250
2025,2,11,西式烹饪工艺,D011,青岛酒店管理职业技术学院,38,437080
2025,2,12,餐饮智能管理,D011,青岛酒店管理职业技术学院,23,487227
2025,2,14,工程造价,D011,青岛酒店管理职业技术学院,53,516594
2025,2,15,建筑工程技术,D011,青岛酒店管理职业技术学院,60,514387
2025,2,16,现代物业管理,D011,青岛酒店管理职业技术学院,54,487863
2025,2,17,建筑设备工程技术,D011,青岛酒店管理职业技术学院,47,521492
2025,2,18,新能源装备技术,D011,青岛酒店管理职业技术学院,45,399516
2025,2,19,电梯工程技术,D011,青岛酒店管理职业技术学院,45,431974
2025,2,20,节电技术与管理,D011,青岛酒店管理职业技术学院,25,439596
2025,2,21,电子商务,D011,青岛酒店管理职业技术学院,84,467912
2025,2,22,现代物流管理,D011,青岛酒店管理职业技术学院,77,464336
2025,2,23,国际经济与贸易,D011,青岛酒店管理职业技术学院,39,455925
2025,2,24,商务英语,D011,青岛酒店管理职业技术学院,96,472685
2025,2,26,大数据与会计,D011,青岛酒店管理职业技术学院,141,360092
2025,2,27,大数据与财务管理,D011,青岛酒店管理职业技术学院,85,372407
2025,2,28,金融服务与管理,D011,青岛酒店管理职业技术学院,45,461642
2025,2,29,财税大数据应用,D011,青岛酒店管理职业技术学院,82,434945
2025,2,30,计算机应用技术,D011,青岛酒店管理职业技术学院,29,372221
2025,2,31,数字媒体技术,D011,青岛酒店管理职业技术学院,56,329712
2025,2,32,物联网应用技术,D011,青岛酒店管理职业技术学院,64,402279
2025,2,33,信息安全技术应用,D011,青岛酒店管理职业技术学院,39,406451
2025,2,34,大数据技术,D011,青岛酒店管理职业技术学院,38,393929
2025,2,35,虚拟现实技术应用,D011,青岛酒店管理职业技术学院,38,441982
2025,2,43,智慧健康养老服务与管理,D011,青岛酒店管理职业技术学院,8,373580
2025,2,W1,大数据与会计(中外合作办学),D011,青岛酒店管理职业技术学院,40,456358
2025,2,G1,酒店管理与数字化运营(高职3+2贯通培养，衔接山东工商学院旅游管理专,D011,青岛酒店管理职业技术学院,30,266117
2025,2,G2,民宿管理与运营(高职3+2贯通培养，衔接山东管理学院旅游管理与服务教,D011,青岛酒店管理职业技术学院,30,270388
2025,2,G3,旅游管理(高职3+2贯通培养，衔接山东青年政治学院旅游管理专业),D011,青岛酒店管理职业技术学院,40,268321
2025,2,G4,研学旅行管理与服务(高职3+2贯通培养，衔接临沂大学旅游管理专业),D011,青岛酒店管理职业技术学院,40,260914
2025,2,G5,烹饪工艺与营养(高职3+2贯通培养，衔接济南大学烹饪与营养教育专业),D011,青岛酒店管理职业技术学院,40,238476
2025,2,G6,中西面点工艺(高职3+2贯通培养，衔接济宁学院食品科学与工程专业),D011,青岛酒店管理职业技术学院,40,258522
2025,2,G7,现代物业管理(高职3+2贯通培养，衔接山东青年政治学院物业管理专业),D011,青岛酒店管理职业技术学院,40,269188
2025,2,G8,电子商务(高职3+2贯通培养，衔接枣庄学院市场营销专业),D011,青岛酒店管理职业技术学院,40,267478
2025,2,G9,连锁经营与管理(高职3+2贯通培养，衔接山东女子学院工商管理专业),D011,青岛酒店管理职业技术学院,40,265987
2025,2,H1,金融服务与管理(高职3+2贯通培养，衔接山东工商学院金融科技专业),D011,青岛酒店管理职业技术学院,30,243290
2025,2,H2,大数据技术(高职3+2贯通培养，衔接临沂大学软件工程专业),D011,青岛酒店管理职业技术学院,40,215146
2025,2,0D,软件技术,D012,山东信息职业技术学院,30,415777
2025,2,11,电子信息工程技术,D012,山东信息职业技术学院,33,391234
2025,2,12,集成电路技术,D012,山东信息职业技术学院,33,467083
2025,2,13,计算机网络技术,D012,山东信息职业技术学院,39,394083
2025,2,14,区块链技术应用,D012,山东信息职业技术学院,30,491824
2025,2,15,物联网应用技术,D012,山东信息职业技术学院,35,432333
2025,2,16,现代通信技术,D012,山东信息职业技术学院,48,451062
2025,2,17,现代移动通信技术,D012,山东信息职业技术学院,25,459593
2025,2,18,信息安全技术应用,D012,山东信息职业技术学院,34,432950
2025,2,19,应用电子技术,D012,山东信息职业技术学院,73,459063
2025,2,21,大数据技术,D012,山东信息职业技术学院,107,453252
2025,2,22,计算机应用技术,D012,山东信息职业技术学院,55,402570
2025,2,23,人工智能技术应用,D012,山东信息职业技术学院,74,477713
2025,2,24,软件技术,D012,山东信息职业技术学院,110,421488
2025,2,25,云计算技术应用,D012,山东信息职业技术学院,52,472252
2025,2,31,动漫制作技术,D012,山东信息职业技术学院,102,446600
2025,2,32,数字媒体技术,D012,山东信息职业技术学院,39,370995
2025,2,33,无人机测绘技术,D012,山东信息职业技术学院,76,484382
2025,2,34,虚拟现实技术应用,D012,山东信息职业技术学院,48,516087
2025,2,41,电气自动化技术,D012,山东信息职业技术学院,81,402300
2025,2,42,工业互联网技术,D012,山东信息职业技术学院,49,494304
2025,2,43,工业互联网应用,D012,山东信息职业技术学院,55,519371
2025,2,44,工业机器人技术,D012,山东信息职业技术学院,55,461235
2025,2,45,机电一体化技术,D012,山东信息职业技术学院,70,412446
2025,2,46,无人机应用技术,D012,山东信息职业技术学院,46,429162
2025,2,47,智能控制技术,D012,山东信息职业技术学院,84,475038
2025,2,51,大数据与会计,D012,山东信息职业技术学院,76,384434
2025,2,52,电子商务,D012,山东信息职业技术学院,30,506289
2025,2,53,跨境电子商务,D012,山东信息职业技术学院,18,530634
2025,2,54,商务管理,D012,山东信息职业技术学院,38,543106
2025,2,55,现代物流管理,D012,山东信息职业技术学院,93,550522
2025,2,61,城市轨道交通运营管理,D012,山东信息职业技术学院,92,404636
2025,2,62,高速铁路客运服务,D012,山东信息职业技术学院,30,395856
2025,2,63,空中乘务,D012,山东信息职业技术学院,64,568252
2025,2,64,婴幼儿托育服务与管理,D012,山东信息职业技术学院,45,583051
2025,2,65,早期教育,D012,山东信息职业技术学院,40,549157
2025,2,W1,物联网应用技术(中外合作办学)(与匈牙利米什科尔茨大学合作),D012,山东信息职业技术学院,66,622073
2025,2,W2,计算机网络技术(中外合作办学)(与匈牙利米什科尔茨大学合作),D012,山东信息职业技术学院,80,605135
2025,2,W3,软件技术(中外合作办学)(与匈牙利米什科尔茨大学合作),D012,山东信息职业技术学院,82,583104
2025,2,W4,大数据技术(中外合作办学)(与匈牙利米什科尔茨大学合作),D012,山东信息职业技术学院,45,608799
2025,2,W5,电气自动化技术(中外合作办学)(与匈牙利米什科尔茨大学合作),D012,山东信息职业技术学院,40,536349
2025,2,B1,信息安全技术应用(高职3+2贯通培养，衔接山东政法学院计算机科学与技,D012,山东信息职业技术学院,30,217664
2025,2,B2,集成电路技术(高职3+2贯通培养，衔接枣庄学院集成电路设计与集成系统,D012,山东信息职业技术学院,30,266590
2025,2,B3,人工智能技术应用(高职3+2贯通培养，衔接聊城大学人工智能专业),D012,山东信息职业技术学院,30,227919
2025,2,B4,软件技术(高职3+2贯通培养，衔接潍坊学院软件工程专业),D012,山东信息职业技术学院,40,237447
2025,2,B5,工业互联网应用(高职3+2贯通培养，衔接山东石油化工学院智能制造工程,D012,山东信息职业技术学院,30,263847
2025,2,B6,跨境电子商务(高职3+2贯通培养，衔接山东政法学院国际经济与贸易专业,D012,山东信息职业技术学院,50,243726
2025,2,01,港口机械与智能控制,D014,青岛港湾职业技术学院,71,292099
2025,2,02,机电一体化技术,D014,青岛港湾职业技术学院,70,313989
2025,2,03,电气自动化技术,D014,青岛港湾职业技术学院,45,300090
2025,2,04,工业机器人技术,D014,青岛港湾职业技术学院,23,337508
2025,2,05,航海技术,D014,青岛港湾职业技术学院,60,332617
2025,2,06,轮机工程技术,D014,青岛港湾职业技术学院,50,354573
2025,2,07,船舶电气工程技术,D014,青岛港湾职业技术学院,10,326627
2025,2,08,船舶电子电气技术,D014,青岛港湾职业技术学院,10,343318
2025,2,09,船舶动力工程技术,D014,青岛港湾职业技术学院,10,336657
2025,2,10,港口与航运管理,D014,青岛港湾职业技术学院,40,305640
2025,2,11,关务与外贸服务,D014,青岛港湾职业技术学院,31,372355
2025,2,12,集装箱运输管理,D014,青岛港湾职业技术学院,48,340800
2025,2,13,现代物流管理,D014,青岛港湾职业技术学院,52,357425
2025,2,14,港口与航道工程技术,D014,青岛港湾职业技术学院,50,333657
2025,2,15,建筑工程技术,D014,青岛港湾职业技术学院,23,421537
2025,2,16,无人机应用技术,D014,青岛港湾职业技术学院,40,355942
2025,2,17,安全技术与管理,D014,青岛港湾职业技术学院,33,383365
2025,2,18,油气储运技术,D014,青岛港湾职业技术学院,50,384459
2025,2,19,电子商务,D014,青岛港湾职业技术学院,19,389347
2025,2,20,国际经济与贸易,D014,青岛港湾职业技术学院,18,384446
2025,2,21,国际商务,D014,青岛港湾职业技术学院,20,411302
2025,2,22,国际邮轮乘务管理,D014,青岛港湾职业技术学院,10,383995
2025,2,23,跨境电子商务,D014,青岛港湾职业技术学院,15,402228
2025,2,24,大数据技术,D014,青岛港湾职业技术学院,10,309466
2025,2,25,电子信息工程技术,D014,青岛港湾职业技术学院,25,314491
2025,2,26,软件技术,D014,青岛港湾职业技术学院,15,327189
2025,2,27,数字媒体技术,D014,青岛港湾职业技术学院,25,323534
2025,2,28,智能物流技术,D014,青岛港湾职业技术学院,50,305475
2025,2,29,人工智能技术应用,D014,青岛港湾职业技术学院,23,343689
2025,2,30,机械制造及自动化,D014,青岛港湾职业技术学院,33,317509
2025,2,31,汽车检测与维修技术,D014,青岛港湾职业技术学院,10,362024
2025,2,32,汽车智能技术,D014,青岛港湾职业技术学院,24,341966
2025,2,33,数控技术,D014,青岛港湾职业技术学院,30,350949
2025,2,34,数字化设计与制造技术,D014,青岛港湾职业技术学院,20,356795
2025,2,35,新能源汽车技术,D014,青岛港湾职业技术学院,10,326109
2025,2,X3,建筑消防技术,D014,青岛港湾职业技术学院,45,437434
2025,2,X4,应急救援技术,D014,青岛港湾职业技术学院,25,405622
2025,2,X5,空中乘务,D014,青岛港湾职业技术学院,75,530303
2025,2,H5,电子信息工程技术(中外合作办学),D014,青岛港湾职业技术学院,60,479106
2025,2,H6,机械制造及自动化(中外合作办学),D014,青岛港湾职业技术学院,100,443110
2025,2,H7,软件技术(中外合作办学),D014,青岛港湾职业技术学院,100,525241
2025,2,H8,现代物流管理(中外合作办学),D014,青岛港湾职业技术学院,100,531759
2025,2,N3,航海技术(高职院校专项计划),D014,青岛港湾职业技术学院,5,623646
2025,2,N4,轮机工程技术(高职院校专项计划),D014,青岛港湾职业技术学院,5,616077
2025,2,N5,现代物流管理(高职院校专项计划),D014,青岛港湾职业技术学院,5,626362
2025,2,N6,建筑工程技术(高职院校专项计划),D014,青岛港湾职业技术学院,5,665563
2025,2,N7,安全技术与管理(高职院校专项计划),D014,青岛港湾职业技术学院,5,573120
2025,2,N8,油气储运技术(高职院校专项计划),D014,青岛港湾职业技术学院,5,497570
2025,2,N9,电子商务(高职院校专项计划),D014,青岛港湾职业技术学院,5,621441
2025,2,H1,电气自动化技术(高职3+2贯通培养，衔接枣庄学院电气工程及其自动化专,D014,青岛港湾职业技术学院,40,225201
2025,2,H2,航海技术(高职3+2贯通培养，衔接山东交通学院航海技术专业),D014,青岛港湾职业技术学院,30,250078
2025,2,H3,轮机工程技术(高职3+2贯通培养，衔接山东交通学院轮机工程专业),D014,青岛港湾职业技术学院,30,254342
2025,2,H4,应用韩语(高职3+2贯通培养，衔接潍坊学院朝鲜语专业),D014,青岛港湾职业技术学院,40,265867
2025,2,2L,电气自动化技术,D015,青岛恒星科技学院,42,611022
2025,2,2M,机电一体化技术,D015,青岛恒星科技学院,50,622168
2025,2,2N,汽车检测与维修技术,D015,青岛恒星科技学院,30,650198
2025,2,2P,应用电子技术,D015,青岛恒星科技学院,55,668143
2025,2,2Q,电子产品检测技术,D015,青岛恒星科技学院,52,666804
2025,2,2R,汽车技术服务与营销,D015,青岛恒星科技学院,28,654560
2025,2,2S,计算机网络技术,D015,青岛恒星科技学院,55,646337
2025,2,2T,大数据技术,D015,青岛恒星科技学院,60,674101
2025,2,2U,软件技术,D015,青岛恒星科技学院,70,676840
2025,2,2V,建筑室内设计,D015,青岛恒星科技学院,40,663784
2025,2,2W,建筑消防技术,D015,青岛恒星科技学院,65,680689
2025,2,2X,建筑工程技术,D015,青岛恒星科技学院,66,679610
2025,2,2Y,工程造价,D015,青岛恒星科技学院,65,679756
2025,2,2Z,电子商务,D015,青岛恒星科技学院,35,660237
2025,2,35,国际经济与贸易,D015,青岛恒星科技学院,31,628164
2025,2,36,关务与外贸服务,D015,青岛恒星科技学院,55,677449
2025,2,37,现代物流管理,D015,青岛恒星科技学院,40,670755
2025,2,38,市场营销,D015,青岛恒星科技学院,38,681068
2025,2,39,连锁经营与管理,D015,青岛恒星科技学院,50,679909
2025,2,3A,金融服务与管理,D015,青岛恒星科技学院,70,680145
2025,2,3B,大数据与会计,D015,青岛恒星科技学院,30,564635
2025,2,3C,空中乘务,D015,青岛恒星科技学院,40,652213
2025,2,3D,旅游管理,D015,青岛恒星科技学院,66,680075
2025,2,3E,烹饪工艺与营养,D015,青岛恒星科技学院,37,640326
2025,2,3F,应用日语,D015,青岛恒星科技学院,62,680695
2025,2,3G,应用韩语,D015,青岛恒星科技学院,66,680696
2025,2,3J,早期教育,D015,青岛恒星科技学院,45,680846
2025,2,3K,婴幼儿托育服务与管理,D015,青岛恒星科技学院,55,680308
2025,2,3L,护理,D015,青岛恒星科技学院,55,591655
2025,2,3M,中医康复技术,D015,青岛恒星科技学院,50,617553
2025,2,3N,健康管理,D015,青岛恒星科技学院,35,658193
2025,2,3P,智慧健康养老服务与管理,D015,青岛恒星科技学院,61,653902
2025,2,3Q,包装策划与设计,D015,青岛恒星科技学院,50,669101
2025,2,38,人工智能技术应用,D017,江南影视艺术职业学院,3,553791
2025,2,C1,环境监测技术,D031,长沙环境保护职业技术学院,5,430099
2025,2,G1,环境工程技术,D031,长沙环境保护职业技术学院,5,435145
2025,2,P1,环境管理与评价,D031,长沙环境保护职业技术学院,5,455560
2025,2,17,工业工程技术,D033,湖南机电职业技术学院,10,432998
2025,2,01,临床医学,D039,常德职业技术学院,3,337442
2025,2,05,护理,D039,常德职业技术学院,3,374325
2025,2,11,药学,D039,常德职业技术学院,4,368995
2025,2,07,机械制造及自动化,D041,长沙南方职业学院,6,628229
2025,2,0A,无人机应用技术,D041,长沙南方职业学院,6,662774
2025,2,0B,新能源汽车技术,D041,长沙南方职业学院,8,647580
2025,2,0E,空中乘务,D041,长沙南方职业学院,10,674911
2025,2,0L,人工智能技术应用,D041,长沙南方职业学院,10,680421
2025,2,0M,动漫制作技术,D041,长沙南方职业学院,5,643255
2025,2,01,体育教育,D042,潇湘职业学院,2,675782
2025,2,03,体育保健与康复,D042,潇湘职业学院,2,666790
2025,2,14,汽车检测与维修技术,D042,潇湘职业学院,2,670398
2025,2,17,机电一体化技术,D042,潇湘职业学院,2,628508
2025,2,20,工业机器人技术,D042,潇湘职业学院,2,585919
2025,2,22,人工智能技术应用,D042,潇湘职业学院,2,616830
2025,2,28,大数据技术,D042,潇湘职业学院,2,590279
2025,2,29,现代移动通信技术,D042,潇湘职业学院,2,639539
2025,2,04,石油化工技术,D043,湖南化工职业技术学院,2,298581
2025,2,22,电气自动化技术,D043,湖南化工职业技术学院,1,279362
2025,2,A1,石油化工技术,D045,湖南石油化工职业技术学院,3,357698
2025,2,C1,电气自动化技术,D045,湖南石油化工职业技术学院,2,366134
2025,2,C2,工业过程自动化技术,D045,湖南石油化工职业技术学院,3,399081
2025,2,C3,化工装备技术,D045,湖南石油化工职业技术学院,2,401243
2025,2,01,应用化工技术,D052,贵州工业职业技术学院,5,580269
2025,2,02,分析检验技术,D052,贵州工业职业技术学院,5,547564
2025,2,08,机械制造及自动化,D052,贵州工业职业技术学院,5,430751
2025,2,15,物联网应用技术,D052,贵州工业职业技术学院,5,508617
2025,2,07,机电一体化技术,D054,六盘水职业技术学院,7,447607
2025,2,0B,计算机网络技术,D054,六盘水职业技术学院,4,501413
2025,2,0C,大数据技术,D054,六盘水职业技术学院,4,529124
2025,2,0E,护理,D054,六盘水职业技术学院,6,480634
2025,2,0G,康复治疗技术,D054,六盘水职业技术学院,4,504335
2025,2,0J,大数据与会计,D054,六盘水职业技术学院,4,556037
2025,2,0L,现代物流管理,D054,六盘水职业技术学院,4,610895
2025,2,07,药学,D055,铜仁职业技术大学,2,357470
2025,2,08,中药学,D055,铜仁职业技术大学,2,353965
2025,2,0B,康复治疗技术,D055,铜仁职业技术大学,2,358559
2025,2,0D,临床医学,D055,铜仁职业技术大学,2,332772
2025,2,0V,计算机网络技术(中外联合办学班),D055,铜仁职业技术大学,2,377167
2025,2,06,建筑工程技术,D059,滁州职业技术学院,5,422645
2025,2,0E,工业机器人技术,D059,滁州职业技术学院,5,375019
2025,2,0Y,大数据与会计,D059,滁州职业技术学院,5,347538
2025,2,12,现代物流管理,D059,滁州职业技术学院,5,429457
2025,2,0A,广告艺术设计,D062,安徽广播影视职业技术学院,5,378880
2025,2,0F,新闻采编与制作,D062,安徽广播影视职业技术学院,5,375276
2025,2,0L,融媒体技术与运营,D062,安徽广播影视职业技术学院,10,381360
2025,2,01,道路与桥梁工程技术,D071,河北交通职业技术学院,2,372159
2025,2,03,道路工程造价,D071,河北交通职业技术学院,2,379638
2025,2,07,高速铁路施工与维护,D071,河北交通职业技术学院,2,293575
2025,2,08,现代物流管理,D071,河北交通职业技术学院,2,384776
2025,2,01,应用化工技术,D072,河北化工医药职业技术学院,20,409662
2025,2,02,精细化工技术,D072,河北化工医药职业技术学院,13,425665
2025,2,03,化工智能制造技术,D072,河北化工医药职业技术学院,10,433593
2025,2,08,药品生产技术,D072,河北化工医药职业技术学院,13,443453
2025,2,09,化学制药技术,D072,河北化工医药职业技术学院,12,431769
2025,2,10,药物制剂技术,D072,河北化工医药职业技术学院,8,447337
2025,2,14,机电一体化技术,D072,河北化工医药职业技术学院,6,380518
2025,2,17,智能医疗装备技术,D072,河北化工医药职业技术学院,4,383239
2025,2,18,工业过程自动化技术,D072,河北化工医药职业技术学院,6,427578
2025,2,26,大数据与会计,D072,河北化工医药职业技术学院,2,376711
2025,2,29,分析检验技术,D072,河北化工医药职业技术学院,8,438994
2025,2,30,环境监测技术,D072,河北化工医药职业技术学院,8,467426
2025,2,39,电气自动化技术,D072,河北化工医药职业技术学院,5,363362
2025,2,42,无人机应用技术,D072,河北化工医药职业技术学院,5,402164
2025,2,06,数字媒体技术,D073,石家庄信息工程职业学院,2,288777
2025,2,12,计算机应用技术,D073,石家庄信息工程职业学院,3,320681
2025,2,17,计算机网络技术,D073,石家庄信息工程职业学院,3,337468
2025,2,30,电子商务,D073,石家庄信息工程职业学院,3,378724
2025,2,33,大数据与会计,D073,石家庄信息工程职业学院,4,309247
2025,2,30,应用英语,D074,河北对外经贸职业学院,8,403988
2025,2,36,小学英语教育(师范类),D074,河北对外经贸职业学院,7,383118
2025,2,A2,机电一体化技术,D086,宁夏职业技术大学,5,376371
2025,2,A7,电气自动化技术,D086,宁夏职业技术大学,5,379785
2025,2,C0,计算机应用技术,D086,宁夏职业技术大学,5,407992
2025,2,D4,中药制药,D086,宁夏职业技术大学,5,398021
2025,2,L8,电气自动化技术,D087,宁夏工商职业技术大学,3,386421
2025,2,LG,智能制造装备技术,D087,宁夏工商职业技术大学,3,439732
2025,2,LH,大数据与会计,D087,宁夏工商职业技术大学,3,374583
2025,2,LM,现代物流管理,D087,宁夏工商职业技术大学,3,483222
2025,2,LP,旅游管理,D087,宁夏工商职业技术大学,3,465611
2025,2,1E,飞机机电设备维修,D093,阿克苏职业技术学院,25,578605
2025,2,27,护理,D093,阿克苏职业技术学院,17,536305
2025,2,2E,民航安全技术管理,D093,阿克苏职业技术学院,15,597448
2025,2,2F,中医康复技术,D093,阿克苏职业技术学院,8,552333
2025,2,2G,生物产品检验检疫,D093,阿克苏职业技术学院,10,616248
2025,2,30,临床医学,D093,阿克苏职业技术学院,2,394696
2025,2,34,软件技术,D093,阿克苏职业技术学院,4,590792
2025,2,3E,飞行器数字化制造技术,D093,阿克苏职业技术学院,25,628109
2025,2,41,大数据与会计,D093,阿克苏职业技术学院,4,545819
2025,2,48,汽车制造与试验技术,D093,阿克苏职业技术学院,20,607582
2025,2,01,电子信息工程技术,D094,巴音郭楞职业技术学院,4,587530
2025,2,02,计算机应用技术,D094,巴音郭楞职业技术学院,8,549237
2025,2,03,计算机网络技术,D094,巴音郭楞职业技术学院,8,579934
2025,2,04,大数据技术,D094,巴音郭楞职业技术学院,3,552371
2025,2,05,现代移动通信技术,D094,巴音郭楞职业技术学院,3,595547
2025,2,06,智能互联网络技术,D094,巴音郭楞职业技术学院,3,573901
2025,2,07,大数据与会计,D094,巴音郭楞职业技术学院,10,589762
2025,2,08,现代物流管理,D094,巴音郭楞职业技术学院,6,588106
2025,2,09,旅游管理,D094,巴音郭楞职业技术学院,4,603891
2025,2,0A,烹饪工艺与营养,D094,巴音郭楞职业技术学院,4,589068
2025,2,0B,园艺技术,D094,巴音郭楞职业技术学院,4,631749
2025,2,0C,植物保护与检疫技术,D094,巴音郭楞职业技术学院,3,604390
2025,2,0D,园林技术,D094,巴音郭楞职业技术学院,4,648242
2025,2,0E,畜牧兽医,D094,巴音郭楞职业技术学院,10,501760
2025,2,0F,食品智能加工技术,D094,巴音郭楞职业技术学院,6,618907
2025,2,0G,油田化学应用技术,D094,巴音郭楞职业技术学院,3,582986
2025,2,0H,安全技术与管理,D094,巴音郭楞职业技术学院,5,626239
2025,2,0K,应用化工技术,D094,巴音郭楞职业技术学院,3,571495
2025,2,0L,石油化工技术,D094,巴音郭楞职业技术学院,10,574811
2025,2,0M,数字化设计与制造技术,D094,巴音郭楞职业技术学院,4,595033
2025,2,0N,机电设备技术,D094,巴音郭楞职业技术学院,6,578845
2025,2,0R,电气自动化技术,D094,巴音郭楞职业技术学院,10,519618
2025,2,0U,婴幼儿托育服务与管理,D094,巴音郭楞职业技术学院,4,628514
2025,2,0W,影视多媒体技术,D094,巴音郭楞职业技术学院,4,568588
2025,2,0Y,油气储运技术,D094,巴音郭楞职业技术学院,3,555076
2025,2,0Z,油气地质勘探技术,D094,巴音郭楞职业技术学院,3,603792
2025,2,1A,油气智能开采技术,D094,巴音郭楞职业技术学院,4,507864
2025,2,1B,环境监测技术,D094,巴音郭楞职业技术学院,4,611972
2025,2,1C,生态保护技术,D094,巴音郭楞职业技术学院,3,582912
2025,2,1D,工业节能技术,D094,巴音郭楞职业技术学院,3,622566
2025,2,1E,汽车电子技术,D094,巴音郭楞职业技术学院,2,576798
2025,2,1H,新能源汽车检测与维修技术,D094,巴音郭楞职业技术学院,12,567326
2025,2,1J,现代纺织技术,D094,巴音郭楞职业技术学院,9,622509
2025,2,1L,服装设计与工艺,D094,巴音郭楞职业技术学院,13,666511
2025,2,1M,纺织品设计,D094,巴音郭楞职业技术学院,4,600461
2025,2,1N,纺织品检验与贸易,D094,巴音郭楞职业技术学院,3,628369
2025,2,1P,电子商务,D094,巴音郭楞职业技术学院,3,584740
2025,2,1R,网络直播与运营,D094,巴音郭楞职业技术学院,4,633615
2025,2,1S,安全技术与管理,D094,巴音郭楞职业技术学院,3,629592
2025,2,1T,智能控制技术,D094,巴音郭楞职业技术学院,7,575388
2025,2,1U,应用化工技术,D094,巴音郭楞职业技术学院,4,577836
2025,2,01,机电一体化技术,D100,金肯职业技术学院,4,448735
2025,2,11,消防救援技术,D100,金肯职业技术学院,4,521272
2025,2,24,大数据与会计,D100,金肯职业技术学院,4,433696
2025,2,02,药品质量与安全,D102,常州工程职业技术学院,5,340590
2025,2,07,大数据与会计,D102,常州工程职业技术学院,5,279124
2025,2,14,数字媒体技术,D102,常州工程职业技术学院,5,282314
2025,2,16,电气自动化技术,D102,常州工程职业技术学院,5,297868
2025,2,20,新能源汽车技术,D102,常州工程职业技术学院,5,337311
2025,2,24,机械制造及自动化,D102,常州工程职业技术学院,5,309397
2025,2,25,应用化工技术,D102,常州工程职业技术学院,5,337388
2025,2,27,药品生产技术,D102,常州工程职业技术学院,10,346008
2025,2,30,高分子材料智能制造技术,D102,常州工程职业技术学院,5,350386
2025,2,01,园林技术,D103,江苏农林职业技术学院,12,317412
2025,2,07,作物生产与经营管理,D103,江苏农林职业技术学院,5,350549
2025,2,09,园艺技术,D103,江苏农林职业技术学院,10,307698
2025,2,12,动物医学,D103,江苏农林职业技术学院,20,271102
2025,2,13,宠物医疗技术,D103,江苏农林职业技术学院,12,281728
2025,2,14,宠物养护与驯导,D103,江苏农林职业技术学院,10,297850
2025,2,15,畜牧兽医,D103,江苏农林职业技术学院,15,307043
2025,2,19,农产品加工与质量检测,D103,江苏农林职业技术学院,8,355495
2025,2,24,大数据与财务管理,D103,江苏农林职业技术学院,3,282026
2025,2,25,现代物流管理,D103,江苏农林职业技术学院,10,331223
2025,2,26,旅游管理,D103,江苏农林职业技术学院,5,353513
2025,2,35,电气自动化技术,D103,江苏农林职业技术学院,5,300133
2025,2,39,数字媒体技术,D103,江苏农林职业技术学院,8,277797
2025,2,40,物联网应用技术,D103,江苏农林职业技术学院,10,338629
2025,2,72,园林工程技术(中外合作办学),D103,江苏农林职业技术学院,15,497761
2025,2,06,食品药品监督管理,D104,江苏食品药品职业技术学院,10,342962
2025,2,07,药学,D104,江苏食品药品职业技术学院,15,345988
2025,2,15,卫生检验与检疫技术,D104,江苏食品药品职业技术学院,5,351604
2025,2,42,护理,D104,江苏食品药品职业技术学院,10,322308
2025,2,08,机电一体化技术,D105,建东职业技术学院,3,519397
2025,2,14,计算机应用技术,D105,建东职业技术学院,3,545847
2025,2,02,城市轨道交通运营管理,D106,南京铁道职业技术学院,2,191768
2025,2,03,铁道交通运营管理,D106,南京铁道职业技术学院,2,169863
2025,2,05,铁道信号自动控制,D106,南京铁道职业技术学院,5,195797
2025,2,14,城市轨道车辆应用技术,D106,南京铁道职业技术学院,2,204945
2025,2,17,铁道机车运用与维护,D106,南京铁道职业技术学院,2,161263
2025,2,20,铁道供电技术,D106,南京铁道职业技术学院,2,183941
2025,2,24,铁道工程技术,D106,南京铁道职业技术学院,3,198275
2025,2,26,高速铁路综合维修技术,D106,南京铁道职业技术学院,2,203339
2025,2,03,高分子材料智能制造技术,D107,徐州工业职业技术学院,20,367291
2025,2,10,机械制造及自动化,D107,徐州工业职业技术学院,10,337320
2025,2,11,机电一体化技术,D107,徐州工业职业技术学院,10,330604
2025,2,12,工业机器人技术,D107,徐州工业职业技术学院,10,343679
2025,2,13,电气自动化技术,D107,徐州工业职业技术学院,20,329321
2025,2,15,新能源汽车技术,D107,徐州工业职业技术学院,10,349854
2025,2,17,应用化工技术,D107,徐州工业职业技术学院,20,376388
2025,2,22,生物制药技术,D107,徐州工业职业技术学院,25,369732
2025,2,35,现代物流管理,D107,徐州工业职业技术学院,20,378797
2025,2,02,微电子技术,D108,江苏信息职业技术学院,2,299772
2025,2,0B,电气自动化技术,D108,江苏信息职业技术学院,2,263975
2025,2,0D,新能源汽车技术,D108,江苏信息职业技术学院,2,286613
2025,2,0J,物联网应用技术,D108,江苏信息职业技术学院,2,306386
2025,2,0K,软件技术,D108,江苏信息职业技术学院,2,295874
2025,2,01,建筑装饰工程技术,D110,宿迁职业技术学院,1,521544
2025,2,02,智能产品开发与应用,D110,宿迁职业技术学院,2,503767
2025,2,03,计算机应用技术,D110,宿迁职业技术学院,2,516498
2025,2,04,计算机网络技术,D110,宿迁职业技术学院,2,458211
2025,2,05,软件技术,D110,宿迁职业技术学院,2,572733
2025,2,06,数字媒体技术,D110,宿迁职业技术学院,3,450814
2025,2,07,大数据技术,D110,宿迁职业技术学院,2,454884
2025,2,08,云计算技术应用,D110,宿迁职业技术学院,2,498220
2025,2,09,虚拟现实技术应用,D110,宿迁职业技术学院,3,569463
2025,2,0A,人工智能技术应用,D110,宿迁职业技术学院,2,497858
2025,2,0B,移动应用开发,D110,宿迁职业技术学院,2,505416
2025,2,0C,动漫制作技术,D110,宿迁职业技术学院,2,552063
2025,2,0D,智能互联网络技术,D110,宿迁职业技术学院,2,512509
2025,2,0M,应用英语,D110,宿迁职业技术学院,1,455229
2025,2,01,光伏工程技术,D112,南京信息职业技术学院,3,263321
2025,2,03,机电一体化技术,D112,南京信息职业技术学院,1,218940
2025,2,09,智能网联汽车技术,D112,南京信息职业技术学院,3,272122
2025,2,10,智能交通技术,D112,南京信息职业技术学院,3,281327
2025,2,12,电子信息工程技术,D112,南京信息职业技术学院,1,188627
2025,2,22,云计算技术应用,D112,南京信息职业技术学院,3,257915
2025,2,24,虚拟现实技术应用,D112,南京信息职业技术学院,2,282702
2025,2,26,嵌入式技术应用,D112,南京信息职业技术学院,6,281294
2025,2,27,移动应用开发,D112,南京信息职业技术学院,6,273951
2025,2,28,人工智能数据工程技术,D112,南京信息职业技术学院,1,256310
2025,2,35,电子商务,D112,南京信息职业技术学院,5,282138
2025,2,38,商务数据分析与应用,D112,南京信息职业技术学院,3,279287
2025,2,40,智能物流技术,D112,南京信息职业技术学院,3,289352
2025,2,08,计算机应用技术,D113,江海职业技术学院,6,551035
2025,2,09,物联网应用技术,D113,江海职业技术学院,3,621082
2025,2,13,建筑工程技术,D113,江海职业技术学院,5,654121
2025,2,14,工程造价,D113,江海职业技术学院,3,605031
2025,2,17,建筑室内设计,D113,江海职业技术学院,5,613515
2025,2,20,电子商务,D113,江海职业技术学院,3,569487
2025,2,24,旅游管理,D113,江海职业技术学院,3,620993
2025,2,25,空中乘务,D113,江海职业技术学院,2,635455
2025,2,27,高速铁路客运服务,D113,江海职业技术学院,2,573211
2025,2,31,婴幼儿托育服务与管理,D113,江海职业技术学院,5,634674
2025,2,33,体育保健与康复,D113,江海职业技术学院,3,652612
2025,2,07,机电一体化技术,D114,常州机电职业技术学院,3,271269
2025,2,12,智能机器人技术,D114,常州机电职业技术学院,9,319827
2025,2,14,工业产品质量检测技术,D114,常州机电职业技术学院,5,353368
2025,2,19,新能源汽车技术,D114,常州机电职业技术学院,5,313970
2025,2,23,智能网联汽车技术,D114,常州机电职业技术学院,5,332874
2025,2,28,云计算技术应用,D114,常州机电职业技术学院,3,290886
2025,2,61,建筑工程技术,D121,西安思源学院,5,651055
2025,2,63,机电一体化技术,D121,西安思源学院,8,474878
2025,2,66,计算机网络技术,D121,西安思源学院,8,461500
2025,2,67,软件技术,D121,西安思源学院,5,495458
2025,2,68,护理,D121,西安思源学院,8,490483
2025,2,69,医学检验技术,D121,西安思源学院,5,505318
2025,2,70,口腔医学技术,D121,西安思源学院,5,515871
2025,2,71,金融服务与管理,D121,西安思源学院,2,443491
2025,2,72,大数据与财务管理,D121,西安思源学院,8,438268
2025,2,73,大数据与会计,D121,西安思源学院,13,418852
2025,2,74,工商企业管理,D121,西安思源学院,2,505367
2025,2,80,文物修复与保护,D121,西安思源学院,2,485373
2025,2,82,广播影视节目制作,D121,西安思源学院,2,514388
2025,2,84,早期教育,D121,西安思源学院,2,617430
2025,2,85,学前教育,D121,西安思源学院,6,601880
2025,2,86,应用英语,D121,西安思源学院,4,575761
2025,2,87,冰雪运动与管理,D121,西安思源学院,2,564290
2025,2,88,人力资源管理,D121,西安思源学院,2,534966
2025,2,11,计算机网络技术,D122,西安高新科技职业学院,5,528971
2025,2,12,大数据技术,D122,西安高新科技职业学院,3,498232
2025,2,13,软件技术,D122,西安高新科技职业学院,4,480969
2025,2,21,风景园林设计,D122,西安高新科技职业学院,3,560871
2025,2,22,建筑室内设计,D122,西安高新科技职业学院,3,641313
2025,2,23,建筑电气工程技术,D122,西安高新科技职业学院,2,586554
2025,2,24,工程造价,D122,西安高新科技职业学院,2,549722
2025,2,25,建设工程管理,D122,西安高新科技职业学院,2,632446
2025,2,26,建设工程监理,D122,西安高新科技职业学院,2,601716
2025,2,28,道路与桥梁工程技术,D122,西安高新科技职业学院,2,532286
2025,2,31,机械制造及自动化,D122,西安高新科技职业学院,5,523535
2025,2,32,机电一体化技术,D122,西安高新科技职业学院,5,519522
2025,2,33,智能控制技术,D122,西安高新科技职业学院,2,520263
2025,2,34,工业机器人技术,D122,西安高新科技职业学院,2,531400
2025,2,35,电子信息工程技术,D122,西安高新科技职业学院,2,479804
2025,2,41,大数据与会计,D122,西安高新科技职业学院,5,433720
2025,2,42,会计信息管理,D122,西安高新科技职业学院,1,529381
2025,2,43,电子商务,D122,西安高新科技职业学院,5,602009
2025,2,44,工商企业管理,D122,西安高新科技职业学院,2,476511
2025,2,45,现代物流管理,D122,西安高新科技职业学院,2,509198
2025,2,51,现代教育技术,D122,西安高新科技职业学院,1,478200
2025,2,61,动漫制作技术,D122,西安高新科技职业学院,3,531551
2025,2,62,数字媒体艺术设计,D122,西安高新科技职业学院,2,505689
2025,2,63,数字媒体技术,D122,西安高新科技职业学院,5,516546
2025,2,41,大数据与会计,D123,陕西国际商贸学院,6,482416
2025,2,44,药学,D123,陕西国际商贸学院,2,437306
2025,2,46,护理,D123,陕西国际商贸学院,2,481360
2025,2,47,康复治疗技术,D123,陕西国际商贸学院,3,492878
2025,2,48,中药制药,D123,陕西国际商贸学院,2,549789
2025,2,49,电子商务,D123,陕西国际商贸学院,3,536675
2025,2,56,中药学,D123,陕西国际商贸学院,2,446928
2025,2,03,建筑室内设计,D124,西安城市建设职业学院,5,633212
2025,2,07,工程造价,D124,西安城市建设职业学院,4,621199
2025,2,09,建设工程管理,D124,西安城市建设职业学院,2,633595
2025,2,15,高速铁路客运服务,D124,西安城市建设职业学院,4,552854
2025,2,22,计算机应用技术,D124,西安城市建设职业学院,2,463315
2025,2,27,大数据技术,D124,西安城市建设职业学院,2,596498
2025,2,28,动漫制作技术,D124,西安城市建设职业学院,2,539869
2025,2,30,大数据与会计,D124,西安城市建设职业学院,2,471907
2025,2,37,学前教育,D124,西安城市建设职业学院,5,600474
2025,2,30,智能控制技术,D125,陕西服装工程学院,4,641220
2025,2,31,铁道机车车辆制造与维护,D125,陕西服装工程学院,2,554828
2025,2,35,空中乘务,D125,陕西服装工程学院,2,588831
2025,2,37,城市轨道交通运营管理,D125,陕西服装工程学院,3,567041
2025,2,38,计算机网络技术,D125,陕西服装工程学院,9,657030
2025,2,42,软件技术,D125,陕西服装工程学院,4,519605
2025,2,44,护理,D125,陕西服装工程学院,3,540102
2025,2,62,电子商务,D125,陕西服装工程学院,5,645203
2025,2,69,建筑工程技术,D125,陕西服装工程学院,3,540973
2025,2,71,大数据与会计,D125,陕西服装工程学院,13,632616
2025,2,72,人工智能技术应用,D125,陕西服装工程学院,5,549097
2025,2,75,电子信息工程技术,D125,陕西服装工程学院,3,639063
2025,2,11,药品经营与管理,D136,云南能源职业技术学院,2,482718
2025,2,19,机械制造及自动化,D136,云南能源职业技术学院,2,428719
2025,2,22,电气自动化技术,D136,云南能源职业技术学院,4,439117
2025,2,11,药品生产技术,D137,江阴职业技术学院,3,361964
2025,2,22,大数据与会计,D137,江阴职业技术学院,3,288770
2025,2,31,服装设计与工艺,D137,江阴职业技术学院,4,364777
2025,2,01,建筑工程技术,D138,广西建设职业技术学院,5,586874
2025,2,12,建筑室内设计,D138,广西建设职业技术学院,5,636630
2025,2,01,建筑工程技术,D151,宁夏建设职业技术学院,2,496376
2025,2,09,建设工程监理,D151,宁夏建设职业技术学院,2,518778
2025,2,24,市政工程技术,D151,宁夏建设职业技术学院,2,516053
2025,2,04,计算机应用技术,D161,长春职业技术大学,5,324944
2025,2,15,宠物医疗技术,D161,长春职业技术大学,5,320018
2025,2,24,康复治疗技术,D171,临汾职业技术学院,3,361017
2025,2,G3,计算机网络技术,D201,沈阳工学院,2,325359
2025,2,G6,电气自动化技术,D201,沈阳工学院,2,353429
2025,2,G8,无人机应用技术,D201,沈阳工学院,2,376225
2025,2,G1,发电厂及电力系统,D236,三峡大学科技学院,4,351962
2025,2,G2,输配电工程技术,D236,三峡大学科技学院,2,360263
2025,2,G4,水利水电建筑工程,D236,三峡大学科技学院,3,352397
2025,2,G5,智能机电技术,D236,三峡大学科技学院,3,389687
2025,2,G6,生物制药技术,D236,三峡大学科技学院,2,374390
2025,2,G8,计算机应用技术,D236,三峡大学科技学院,2,377889
2025,2,G9,护理,D236,三峡大学科技学院,2,392264
2025,2,GA,大数据与会计,D236,三峡大学科技学院,2,347679
2025,2,29,计算机应用技术,D240,武汉纺织大学外经贸学院,1,305188
2025,2,33,市场营销,D240,武汉纺织大学外经贸学院,1,304673
2025,2,34,跨境电子商务,D240,武汉纺织大学外经贸学院,1,332510
2025,2,38,油气智能开采技术,D245,荆州学院,4,580943
2025,2,39,园林工程技术,D245,荆州学院,2,579117
2025,2,42,机电一体化技术,D245,荆州学院,5,515893
2025,2,43,无人机应用技术,D245,荆州学院,4,535794
2025,2,44,应用化工技术,D245,荆州学院,4,561938
2025,2,45,药物制剂技术,D245,荆州学院,6,587573
2025,2,46,电子信息工程技术,D245,荆州学院,5,544522
2025,2,47,智能产品开发与应用,D245,荆州学院,5,585535
2025,2,48,计算机应用技术,D245,荆州学院,5,497217
2025,2,49,计算机网络技术,D245,荆州学院,5,536220
2025,2,50,中医康复技术,D245,荆州学院,8,577673
2025,2,51,医学检验技术,D245,荆州学院,6,544038
2025,2,52,康复治疗技术,D245,荆州学院,6,534515
2025,2,54,大数据与会计,D245,荆州学院,6,487073
2025,2,55,工商企业管理,D245,荆州学院,2,527751
2025,2,56,市场营销,D245,荆州学院,2,534843
2025,2,57,电子商务,D245,荆州学院,2,556190
2025,2,59,应用英语,D245,荆州学院,3,553805
2025,2,71,电子商务(中软信创班),D247,湖北商贸学院,5,521728
2025,2,76,大数据与会计,D247,湖北商贸学院,5,358765
2025,2,82,人工智能技术应用,D247,湖北商贸学院,5,456919
2025,2,84,机电一体化技术(工业机器人),D247,湖北商贸学院,5,475962
2025,2,87,建筑工程技术,D247,湖北商贸学院,10,570468
2025,2,93,工程造价,D247,湖北商贸学院,5,556517
2025,2,13,宠物医疗技术,D250,湖北恩施学院,10,512515
2025,2,1A,临床医学,D250,湖北恩施学院,15,414366
2025,2,1E,大数据与财务管理,D250,湖北恩施学院,15,530544
2025,2,1F,大数据与会计,D250,湖北恩施学院,5,471959
2025,2,1N,护理,D250,湖北恩施学院,20,602200
2025,2,1P,医学检验技术,D250,湖北恩施学院,10,598828
2025,2,2A,工业机器人技术,D256,湖北师范大学文理学院,3,403689
2025,2,2B,新能源汽车技术,D256,湖北师范大学文理学院,2,422355
2025,2,2D,计算机应用技术,D256,湖北师范大学文理学院,2,374054
2025,2,2E,计算机网络技术,D256,湖北师范大学文理学院,2,382559
2025,2,2F,信息安全技术应用,D256,湖北师范大学文理学院,3,455988
2025,2,2G,人工智能技术应用,D256,湖北师范大学文理学院,3,447344
2025,2,2K,市场营销,D256,湖北师范大学文理学院,2,507415
2025,2,2M,无人机应用技术,D256,湖北师范大学文理学院,3,455465
2025,2,2N,应用英语,D256,湖北师范大学文理学院,3,433837
2025,2,2P,中文,D256,湖北师范大学文理学院,10,401505
2025,2,2R,大数据技术,D256,湖北师范大学文理学院,2,405336
2025,2,2S,航空物流管理,D256,湖北师范大学文理学院,3,557880
2025,2,2T,空中乘务,D256,湖北师范大学文理学院,6,537849
2025,2,2U,民航运输服务,D256,湖北师范大学文理学院,3,577773
2025,2,2V,数字媒体技术,D256,湖北师范大学文理学院,3,361437
2025,2,45,机械设计与制造,D262,文华学院,3,440084
2025,2,46,工业机器人技术,D262,文华学院,2,429576
2025,2,47,无人机应用技术,D262,文华学院,2,408306
2025,2,48,计算机应用技术,D262,文华学院,3,423140
2025,2,49,建筑工程技术,D262,文华学院,2,517388
2025,2,50,环境监测技术,D262,文华学院,2,515777
2025,2,51,工程造价,D262,文华学院,2,527064
2025,2,52,大数据与财务管理,D262,文华学院,6,399740
2025,2,53,市场营销,D262,文华学院,4,487533
2025,2,54,应用英语,D262,文华学院,4,470336
2025,2,01,船舶电气工程技术,D264,武汉交通职业学院,6,364784
2025,2,02,船舶动力工程技术,D264,武汉交通职业学院,4,367844
2025,2,03,船舶工程技术,D264,武汉交通职业学院,6,360703
2025,2,04,船舶电子电气技术,D264,武汉交通职业学院,2,373828
2025,2,05,航海技术,D264,武汉交通职业学院,3,351207
2025,2,06,轮机工程技术,D264,武汉交通职业学院,2,357819
2025,2,07,港口与航运管理,D264,武汉交通职业学院,4,360213
2025,2,14,工程造价,D264,武汉交通职业学院,5,375825
2025,2,19,工业机器人技术,D264,武汉交通职业学院,6,350313
2025,2,22,机械制造及自动化,D264,武汉交通职业学院,4,325781
2025,2,25,大数据技术,D264,武汉交通职业学院,4,327744
2025,2,33,电子商务,D264,武汉交通职业学院,4,358969
2025,2,02,农产品加工与质量检测,D265,咸宁职业技术学院,2,443768
2025,2,16,新能源汽车技术,D265,咸宁职业技术学院,9,418333
2025,2,19,电子信息工程技术,D265,咸宁职业技术学院,4,380271
2025,2,21,计算机网络技术,D265,咸宁职业技术学院,5,375921
2025,2,26,护理,D265,咸宁职业技术学院,2,333754
2025,2,33,网络营销与直播电商,D265,咸宁职业技术学院,3,458745
2025,2,35,旅游管理,D265,咸宁职业技术学院,5,462207
2025,2,41,小学教育(师范类),D265,咸宁职业技术学院,2,298561
2025,2,44,智慧健康养老服务与管理,D265,咸宁职业技术学院,2,400670
2025,2,06,视觉传达设计,D302,哈尔滨传媒职业学院,2,665641
2025,2,10,影视编导,D302,哈尔滨传媒职业学院,3,630508
2025,2,13,动漫制作技术,D302,哈尔滨传媒职业学院,3,618919
2025,2,14,计算机网络技术,D302,哈尔滨传媒职业学院,3,660373
2025,2,15,软件技术,D302,哈尔滨传媒职业学院,3,673097
2025,2,16,汽车制造与试验技术,D302,哈尔滨传媒职业学院,2,532921
2025,2,17,网络营销与直播电商,D302,哈尔滨传媒职业学院,3,669180
2025,2,21,旅游管理,D302,哈尔滨传媒职业学院,2,622255
2025,2,22,酒店管理与数字化运营,D302,哈尔滨传媒职业学院,2,660509
2025,2,11,材料工程技术,D316,山东胜利职业学院,31,540266
2025,2,12,电气自动化技术,D316,山东胜利职业学院,30,431261
2025,2,13,电子商务,D316,山东胜利职业学院,30,511465
2025,2,14,工业互联网应用,D316,山东胜利职业学院,10,515969
2025,2,15,护理,D316,山东胜利职业学院,150,439775
2025,2,16,环境工程技术,D316,山东胜利职业学院,40,552126
2025,2,17,机电一体化技术,D316,山东胜利职业学院,25,439002
2025,2,18,计算机应用技术,D316,山东胜利职业学院,155,465137
2025,2,19,建筑工程技术,D316,山东胜利职业学院,40,559005
2025,2,1A,酒店管理与数字化运营,D316,山东胜利职业学院,85,558324
2025,2,1B,康复治疗技术,D316,山东胜利职业学院,130,466989
2025,2,1C,口腔医学技术,D316,山东胜利职业学院,210,443093
2025,2,1D,跨境电子商务,D316,山东胜利职业学院,15,511517
2025,2,1E,烹饪工艺与营养,D316,山东胜利职业学院,160,537157
2025,2,1F,人工智能技术应用,D316,山东胜利职业学院,40,484503
2025,2,1G,石油工程技术,D316,山东胜利职业学院,30,464019
2025,2,1H,石油化工技术,D316,山东胜利职业学院,45,496406
2025,2,1J,物联网应用技术,D316,山东胜利职业学院,52,515535
2025,2,1K,现代物流管理,D316,山东胜利职业学院,50,544877
2025,2,1L,药学,D316,山东胜利职业学院,332,497875
2025,2,1M,油气储运技术,D316,山东胜利职业学院,30,504478
2025,2,1N,油气智能开采技术,D316,山东胜利职业学院,15,510778
2025,2,1P,智慧健康养老服务与管理,D316,山东胜利职业学院,30,501586
2025,2,1Q,智能制造装备技术,D316,山东胜利职业学院,30,507139
2025,2,1R,中西面点工艺,D316,山东胜利职业学院,155,495336
2025,2,AA,石油工程技术(中外合作办学)(与俄罗斯乌拉尔国立矿业大学合作办学),D316,山东胜利职业学院,100,609813
2025,2,25,护理(高职3+2贯通培养，衔接山东石油化工学院护理学专业),D316,山东胜利职业学院,30,215545
2025,2,01,大数据与会计,D317,山东经贸职业学院,188,392482
2025,2,03,大数据与审计,D317,山东经贸职业学院,52,334772
2025,2,04,统计与会计核算,D317,山东经贸职业学院,26,409158
2025,2,05,会计信息管理,D317,山东经贸职业学院,25,428807
2025,2,06,金融服务与管理,D317,山东经贸职业学院,72,518094
2025,2,07,证券实务,D317,山东经贸职业学院,23,537345
2025,2,09,大数据与财务管理,D317,山东经贸职业学院,26,383515
2025,2,10,财税大数据应用,D317,山东经贸职业学院,18,434634
2025,2,11,资产评估与管理,D317,山东经贸职业学院,22,509019
2025,2,12,金融科技应用,D317,山东经贸职业学院,29,524286
2025,2,13,连锁经营与管理,D317,山东经贸职业学院,68,560466
2025,2,14,跨境电子商务,D317,山东经贸职业学院,39,534253
2025,2,15,电子商务,D317,山东经贸职业学院,48,517204
2025,2,16,市场营销,D317,山东经贸职业学院,93,556487
2025,2,17,人力资源管理,D317,山东经贸职业学院,79,497596
2025,2,18,无人机应用技术,D317,山东经贸职业学院,37,480490
2025,2,19,电气自动化技术,D317,山东经贸职业学院,71,397260
2025,2,20,工业机器人技术,D317,山东经贸职业学院,82,455798
2025,2,21,现代物流管理,D317,山东经贸职业学院,87,554902
2025,2,22,冷链物流技术与管理,D317,山东经贸职业学院,21,498833
2025,2,23,婴幼儿托育服务与管理,D317,山东经贸职业学院,37,565998
2025,2,24,国际经济与贸易,D317,山东经贸职业学院,25,476588
2025,2,25,旅游管理,D317,山东经贸职业学院,42,548938
2025,2,26,智慧健康养老服务与管理,D317,山东经贸职业学院,44,484812
2025,2,27,酒店管理与数字化运营,D317,山东经贸职业学院,25,541806
2025,2,28,计算机应用技术,D317,山东经贸职业学院,26,398407
2025,2,30,计算机网络技术,D317,山东经贸职业学院,31,412034
2025,2,31,动漫制作技术,D317,山东经贸职业学院,25,455245
2025,2,33,智能互联网络技术,D317,山东经贸职业学院,47,524512
2025,2,34,数字媒体技术,D317,山东经贸职业学院,29,400196
2025,2,35,人工智能技术应用,D317,山东经贸职业学院,36,464137
2025,2,37,关务与外贸服务,D317,山东经贸职业学院,40,526061
2025,2,38,商务英语,D317,山东经贸职业学院,49,495152
2025,2,02,大数据与会计(中外合作办学)(与韩国湖南大学合作办学),D317,山东经贸职业学院,64,493954
2025,2,29,计算机应用技术(中外合作办学)(与韩国又石大学合作办学),D317,山东经贸职业学院,66,565182
2025,2,08,金融服务与管理(高职3+2贯通培养，衔接潍坊学院经济与金融专业),D317,山东经贸职业学院,40,238452
2025,2,76,大数据与审计(高职3+2贯通培养，衔接山东政法学院审计学专业),D317,山东经贸职业学院,50,195382
2025,2,77,金融科技应用(高职3+2贯通培养，衔接山东政法学院金融工程专业),D317,山东经贸职业学院,30,230838
2025,2,78,资产评估与管理(高职3+2贯通培养，衔接山东青年政治学院资产评估专业,D317,山东经贸职业学院,40,229158
2025,2,79,大数据与财务管理(高职3+2贯通培养，衔接枣庄学院财务管理专业),D317,山东经贸职业学院,40,208446
2025,2,80,人工智能技术应用(高职3+2贯通培养，衔接德州学院人工智能专业),D317,山东经贸职业学院,30,248489
2025,2,01,机械制造及自动化,D318,山东工业职业学院,90,411820
2025,2,02,数控技术,D318,山东工业职业学院,84,438633
2025,2,04,机电设备技术,D318,山东工业职业学院,70,463963
2025,2,05,智能焊接技术,D318,山东工业职业学院,60,494965
2025,2,06,无人机应用技术,D318,山东工业职业学院,110,469138
2025,2,07,城市轨道交通机电技术,D318,山东工业职业学院,25,392873
2025,2,08,工业机器人技术,D318,山东工业职业学院,30,453204
2025,2,09,机电一体化技术,D318,山东工业职业学院,88,403402
2025,2,10,电力系统自动化技术,D318,山东工业职业学院,70,396266
2025,2,11,电气自动化技术,D318,山东工业职业学院,110,381176
2025,2,13,通信工程设计与监理,D318,山东工业职业学院,35,530254
2025,2,14,通信系统运行管理,D318,山东工业职业学院,35,532361
2025,2,15,现代通信技术,D318,山东工业职业学院,70,527074
2025,2,16,工业互联网应用,D318,山东工业职业学院,50,521134
2025,2,17,新能源汽车检测与维修技术,D318,山东工业职业学院,40,437616
2025,2,19,汽车检测与维修技术,D318,山东工业职业学院,40,459088
2025,2,20,分析检验技术,D318,山东工业职业学院,50,497644
2025,2,21,钢铁智能冶金技术,D318,山东工业职业学院,106,551925
2025,2,22,材料成型及控制技术,D318,山东工业职业学院,40,507059
2025,2,23,应用化工技术,D318,山东工业职业学院,100,508274
2025,2,24,环境监测技术,D318,山东工业职业学院,50,538954
2025,2,25,计算机应用技术,D318,山东工业职业学院,89,422439
2025,2,26,计算机网络技术,D318,山东工业职业学院,20,397516
2025,2,27,物联网应用技术,D318,山东工业职业学院,35,478891
2025,2,28,移动互联应用技术,D318,山东工业职业学院,35,523317
2025,2,29,大数据技术,D318,山东工业职业学院,45,451284
2025,2,30,人工智能技术应用,D318,山东工业职业学院,45,471253
2025,2,31,虚拟现实技术应用,D318,山东工业职业学院,45,526823
2025,2,32,工程造价,D318,山东工业职业学院,42,558417
2025,2,33,建筑工程技术,D318,山东工业职业学院,72,564441
2025,2,34,建设工程管理,D318,山东工业职业学院,35,565938
2025,2,35,电子商务,D318,山东工业职业学院,105,548080
2025,2,36,全媒体广告策划与营销,D318,山东工业职业学院,115,564545
2025,2,37,大数据与会计,D318,山东工业职业学院,130,425465
2025,2,38,现代物流管理,D318,山东工业职业学院,50,552938
2025,2,39,大数据与审计,D318,山东工业职业学院,80,440367
2025,2,40,财税大数据应用,D318,山东工业职业学院,30,469355
2025,2,41,学前教育(师范类),D318,山东工业职业学院,30,477962
2025,2,42,婴幼儿托育服务与管理,D318,山东工业职业学院,130,577094
2025,2,43,产品艺术设计,D318,山东工业职业学院,70,556391
2025,2,44,视觉传达设计,D318,山东工业职业学院,82,502036
2025,2,45,环境艺术设计,D318,山东工业职业学院,70,563656
2025,2,46,运动健康指导,D318,山东工业职业学院,82,565839
2025,2,X1,机电设备技术,D318,山东工业职业学院,17,410009
2025,2,X2,电气自动化技术,D318,山东工业职业学院,20,374241
2025,2,X3,钢铁智能冶金技术,D318,山东工业职业学院,34,507233
2025,2,H1,机械制造及自动化(中外合作办学),D318,山东工业职业学院,56,536164
2025,2,H2,机电一体化技术(中外合作办学),D318,山东工业职业学院,40,553457
2025,2,H3,计算机应用技术(中外合作办学),D318,山东工业职业学院,40,558685
2025,2,G1,机械制造及自动化(高职3+2贯通培养，衔接枣庄学院机械设计制造及其自,D318,山东工业职业学院,40,258174
2025,2,G2,材料成型及控制技术(高职3+2贯通培养，衔接聊城大学金属材料工程专业,D318,山东工业职业学院,40,268173
2025,2,G3,工业机器人技术(高职3+2贯通培养，衔接山东女子学院人工智能专业),D318,山东工业职业学院,40,263691
2025,2,01,应用化工技术,D319,山东化工职业学院,200,496149
2025,2,02,石油化工技术,D319,山东化工职业学院,170,488339
2025,2,03,高分子材料智能制造技术,D319,山东化工职业学院,40,527558
2025,2,04,精细化工技术,D319,山东化工职业学院,74,523138
2025,2,05,化工安全技术,D319,山东化工职业学院,40,519746
2025,2,06,分析检验技术,D319,山东化工职业学院,40,429888
2025,2,07,海洋化工技术,D319,山东化工职业学院,40,523193
2025,2,08,环境工程技术,D319,山东化工职业学院,40,546868
2025,2,09,化学制药技术,D319,山东化工职业学院,40,485841
2025,2,10,电气自动化技术,D319,山东化工职业学院,80,401770
2025,2,11,工业过程自动化技术,D319,山东化工职业学院,25,489239
2025,2,12,工业自动化仪表技术,D319,山东化工职业学院,25,501255
2025,2,13,供用电技术,D319,山东化工职业学院,20,448046
2025,2,14,机电一体化技术,D319,山东化工职业学院,70,419317
2025,2,15,工业机器人技术,D319,山东化工职业学院,35,447939
2025,2,16,机械制造及自动化,D319,山东化工职业学院,50,443687
2025,2,17,新能源汽车技术,D319,山东化工职业学院,50,491030
2025,2,18,应用电子技术,D319,山东化工职业学院,25,503953
2025,2,19,物联网应用技术,D319,山东化工职业学院,25,474476
2025,2,20,数字媒体技术,D319,山东化工职业学院,100,441546
2025,2,21,软件技术,D319,山东化工职业学院,100,462598
2025,2,22,人工智能技术应用,D319,山东化工职业学院,100,502658
2025,2,23,大数据技术,D319,山东化工职业学院,110,498412
2025,2,24,计算机应用技术,D319,山东化工职业学院,34,451856
2025,2,25,计算机网络技术,D319,山东化工职业学院,100,490436
2025,2,26,大数据与会计,D319,山东化工职业学院,182,447366
2025,2,27,金融科技应用,D319,山东化工职业学院,80,563571
2025,2,28,化工智能制造技术,D319,山东化工职业学院,40,545811
2025,2,29,市场营销,D319,山东化工职业学院,140,571756
2025,2,30,网络营销与直播电商,D319,山东化工职业学院,80,558574
2025,2,31,电子商务,D319,山东化工职业学院,180,567294
2025,2,32,跨境电子商务,D319,山东化工职业学院,80,568488
2025,2,33,现代物流管理,D319,山东化工职业学院,80,562692
2025,2,34,信息安全技术应用,D319,山东化工职业学院,90,535604
2025,2,37,航空物流管理,D319,山东化工职业学院,64,537505
2025,2,38,旅游管理,D319,山东化工职业学院,65,569681
2025,2,90,精细化工技术(高职3+2贯通培养，衔接临沂大学精细化工专业),D319,山东化工职业学院,40,260901
2025,2,91,人工智能技术应用(高职3+2贯通培养，衔接临沂大学人工智能专业),D319,山东化工职业学院,30,243642
2025,2,61,建筑工程技术,D320,青岛黄海学院,37,650391
2025,2,62,工程造价,D320,青岛黄海学院,132,680608
2025,2,63,机电一体化技术,D320,青岛黄海学院,38,560238
2025,2,64,新能源汽车技术,D320,青岛黄海学院,128,624533
2025,2,65,空中乘务,D320,青岛黄海学院,56,650746
2025,2,66,大数据技术,D320,青岛黄海学院,71,625263
2025,2,67,口腔医学,D320,青岛黄海学院,168,584344
2025,2,68,护理,D320,青岛黄海学院,32,551763
2025,2,69,康复治疗技术,D320,青岛黄海学院,21,552264
2025,2,70,大数据与财务管理,D320,青岛黄海学院,175,681086
2025,2,71,大数据与会计,D320,青岛黄海学院,228,632939
2025,2,72,电子商务,D320,青岛黄海学院,56,636101
2025,2,73,早期教育,D320,青岛黄海学院,36,679388
2025,2,74,学前教育(师范类),D320,青岛黄海学院,16,619998
2025,2,01,现代农业技术,D321,青岛求实职业技术学院,15,614869
2025,2,03,园林技术,D321,青岛求实职业技术学院,20,621308
2025,2,05,动物医学,D321,青岛求实职业技术学院,50,555705
2025,2,07,动物药学,D321,青岛求实职业技术学院,15,579847
2025,2,09,宠物医疗技术,D321,青岛求实职业技术学院,30,562631
2025,2,11,动物防疫与检疫,D321,青岛求实职业技术学院,15,604739
2025,2,13,建筑工程技术,D321,青岛求实职业技术学院,25,624408
2025,2,15,建筑消防技术,D321,青岛求实职业技术学院,25,630441
2025,2,17,工程造价,D321,青岛求实职业技术学院,20,623067
2025,2,19,智能制造装备技术,D321,青岛求实职业技术学院,20,595446
2025,2,21,机电一体化技术,D321,青岛求实职业技术学院,35,561741
2025,2,23,电气自动化技术,D321,青岛求实职业技术学院,25,554110
2025,2,25,无人机应用技术,D321,青岛求实职业技术学院,25,576731
2025,2,27,汽车制造与试验技术,D321,青岛求实职业技术学院,30,598620
2025,2,29,新能源汽车技术,D321,青岛求实职业技术学院,30,572021
2025,2,31,高速铁路客运服务,D321,青岛求实职业技术学院,20,588697
2025,2,33,民航运输服务,D321,青岛求实职业技术学院,25,616677
2025,2,35,空中乘务,D321,青岛求实职业技术学院,30,620931
2025,2,37,城市轨道交通运营管理,D321,青岛求实职业技术学院,30,589959
2025,2,39,计算机应用技术,D321,青岛求实职业技术学院,30,582144
2025,2,41,计算机网络技术,D321,青岛求实职业技术学院,30,597200
2025,2,43,软件技术,D321,青岛求实职业技术学院,30,612581
2025,2,45,数字媒体技术,D321,青岛求实职业技术学院,25,571680
2025,2,47,大数据技术,D321,青岛求实职业技术学院,25,607664
2025,2,49,信息安全技术应用,D321,青岛求实职业技术学院,20,609487
2025,2,51,动漫制作技术,D321,青岛求实职业技术学院,15,582712
2025,2,53,护理,D321,青岛求实职业技术学院,70,582271
2025,2,55,药学,D321,青岛求实职业技术学院,40,620142
2025,2,57,中药学,D321,青岛求实职业技术学院,22,581296
2025,2,59,医学检验技术,D321,青岛求实职业技术学院,30,611937
2025,2,61,医学影像技术,D321,青岛求实职业技术学院,30,603770
2025,2,63,康复治疗技术,D321,青岛求实职业技术学院,25,580554
2025,2,65,婴幼儿托育服务与管理,D321,青岛求实职业技术学院,20,613787
2025,2,67,眼视光技术,D321,青岛求实职业技术学院,30,596531
2025,2,69,大数据与财务管理,D321,青岛求实职业技术学院,25,582832
2025,2,71,大数据与会计,D321,青岛求实职业技术学院,35,554997
2025,2,73,国际经济与贸易,D321,青岛求实职业技术学院,20,608122
2025,2,75,电子商务,D321,青岛求实职业技术学院,30,602619
2025,2,77,旅游管理,D321,青岛求实职业技术学院,25,619068
2025,2,79,酒店管理与数字化运营,D321,青岛求实职业技术学院,25,619375
2025,2,81,烹饪工艺与营养,D321,青岛求实职业技术学院,20,585910
2025,2,85,数字媒体艺术设计,D321,青岛求实职业技术学院,30,608709
2025,2,95,全媒体广告策划与营销,D321,青岛求实职业技术学院,15,623202
2025,2,97,商务英语,D321,青岛求实职业技术学院,20,616425
2025,2,A2,人力资源管理,D321,青岛求实职业技术学院,20,606230
2025,2,B7,电子商务(中外合作办学)(与美国汉弗莱斯大学合作),D321,青岛求实职业技术学院,40,680273
2025,2,30,临床医学,D322,山东现代学院,109,553599
2025,2,31,口腔医学,D322,山东现代学院,120,607623
2025,2,32,康复治疗技术,D322,山东现代学院,98,620352
2025,2,33,针灸推拿,D322,山东现代学院,130,481056
2025,2,34,中药学,D322,山东现代学院,286,656870
2025,2,35,护理,D322,山东现代学院,378,660104
2025,2,36,助产,D322,山东现代学院,50,660413
2025,2,38,市场营销,D322,山东现代学院,44,651768
2025,2,39,工商企业管理,D322,山东现代学院,91,659742
2025,2,40,计算机应用技术,D322,山东现代学院,59,645809
2025,2,41,计算机网络技术,D322,山东现代学院,68,649430
2025,2,42,大数据与会计,D322,山东现代学院,56,621926
2025,2,43,电子商务,D322,山东现代学院,50,649357
2025,2,44,机电一体化技术,D322,山东现代学院,48,601071
2025,2,45,工程造价,D322,山东现代学院,84,661793
2025,2,46,建筑工程技术,D322,山东现代学院,50,658543
2025,2,47,汽车制造与试验技术,D322,山东现代学院,88,648483
2025,2,01,机械设计与制造,D323,济南职业学院,40,317636
2025,2,02,电梯工程技术,D323,济南职业学院,60,378563
2025,2,03,机电一体化技术,D323,济南职业学院,60,305176
2025,2,05,工业机器人技术,D323,济南职业学院,40,348948
2025,2,06,电气自动化技术,D323,济南职业学院,50,296574
2025,2,07,工业互联网应用,D323,济南职业学院,40,387255
2025,2,08,无人机应用技术,D323,济南职业学院,40,371051
2025,2,09,飞机机电设备维修,D323,济南职业学院,35,368613
2025,2,10,通用航空器维修,D323,济南职业学院,40,384039
2025,2,11,数控技术,D323,济南职业学院,50,347791
2025,2,12,工业过程自动化技术,D323,济南职业学院,50,367048
2025,2,13,汽车制造与试验技术,D323,济南职业学院,60,390653
2025,2,14,新能源汽车技术,D323,济南职业学院,110,357206
2025,2,15,智能网联汽车技术,D323,济南职业学院,65,391715
2025,2,16,汽车技术服务与营销,D323,济南职业学院,30,438392
2025,2,17,电子信息工程技术,D323,济南职业学院,70,353284
2025,2,18,应用电子技术,D323,济南职业学院,70,371179
2025,2,20,智能产品开发与应用,D323,济南职业学院,80,409987
2025,2,21,集成电路技术,D323,济南职业学院,80,387938
2025,2,22,计算机网络技术,D323,济南职业学院,30,323425
2025,2,23,软件技术,D323,济南职业学院,80,346870
2025,2,24,大数据技术,D323,济南职业学院,40,340966
2025,2,27,云计算技术应用,D323,济南职业学院,40,362719
2025,2,29,信息安全技术应用,D323,济南职业学院,40,374344
2025,2,30,虚拟现实技术应用,D323,济南职业学院,40,392628
2025,2,31,人工智能技术应用,D323,济南职业学院,80,371795
2025,2,32,金融服务与管理,D323,济南职业学院,35,373336
2025,2,33,大数据与财务管理,D323,济南职业学院,15,290096
2025,2,34,大数据与会计,D323,济南职业学院,20,285103
2025,2,36,市场营销,D323,济南职业学院,25,410555
2025,2,37,电子商务,D323,济南职业学院,15,357780
2025,2,38,网络营销与直播电商,D323,济南职业学院,40,416770
2025,2,39,现代物流管理,D323,济南职业学院,40,382659
2025,2,41,供应链运营,D323,济南职业学院,40,423948
2025,2,42,旅游管理,D323,济南职业学院,60,443903
2025,2,43,酒店管理与数字化运营,D323,济南职业学院,70,466856
2025,2,44,会展策划与管理,D323,济南职业学院,35,413516
2025,2,45,早期教育,D323,济南职业学院,30,436389
2025,2,48,婴幼儿托育服务与管理,D323,济南职业学院,30,460287
2025,2,52,文化创意与策划,D323,济南职业学院,40,401721
2025,2,26,大数据技术(中外合作办学),D323,济南职业学院,80,484774
2025,2,35,大数据与会计(中外合作办学),D323,济南职业学院,80,410293
2025,2,47,学前教育(中外合作办学)(师范类),D323,济南职业学院,80,628712
2025,2,53,数控技术(高职院校专项计划),D323,济南职业学院,5,532796
2025,2,54,电子信息工程技术(高职院校专项计划),D323,济南职业学院,5,515054
2025,2,55,计算机网络技术(高职院校专项计划),D323,济南职业学院,5,525549
2025,2,56,网络营销与直播电商(高职院校专项计划),D323,济南职业学院,5,609680
2025,2,04,机电一体化技术(高职3+2贯通培养，衔接聊城大学机械电子工程专业),D323,济南职业学院,30,198366
2025,2,19,应用电子技术(高职3+2贯通培养，衔接山东女子学院人工智能专业),D323,济南职业学院,40,243663
2025,2,25,大数据技术(高职3+2贯通培养，衔接山东青年政治学院数据科学与大数据,D323,济南职业学院,80,225419
2025,2,28,云计算技术应用(高职3+2贯通培养，衔接山东女子学院计算机科学与技术,D323,济南职业学院,40,230491
2025,2,40,现代物流管理(高职3+2贯通培养，衔接山东管理学院物流管理专业),D323,济南职业学院,30,246720
2025,2,50,建筑工程技术,D324,山东协和学院,16,644836
2025,2,52,建设工程管理,D324,山东协和学院,30,644733
2025,2,53,机械制造及自动化,D324,山东协和学院,80,591161
2025,2,54,机电一体化技术,D324,山东协和学院,14,550980
2025,2,55,电气自动化技术,D324,山东协和学院,170,569939
2025,2,56,电子信息工程技术,D324,山东协和学院,72,642398
2025,2,57,物联网应用技术,D324,山东协和学院,220,658111
2025,2,58,计算机应用技术,D324,山东协和学院,100,611474
2025,2,59,计算机网络技术,D324,山东协和学院,68,633249
2025,2,60,软件技术,D324,山东协和学院,80,621228
2025,2,61,数字媒体技术,D324,山东协和学院,80,598019
2025,2,62,临床医学,D324,山东协和学院,200,515469
2025,2,63,口腔医学,D324,山东协和学院,250,589075
2025,2,64,护理,D324,山东协和学院,200,537768
2025,2,65,中医学,D324,山东协和学院,115,419687
2025,2,66,针灸推拿,D324,山东协和学院,100,426947
2025,2,73,大数据与会计,D324,山东协和学院,70,596133
2025,2,75,市场营销,D324,山东协和学院,80,669891
2025,2,76,电子商务,D324,山东协和学院,80,650298
2025,2,77,旅游管理,D324,山东协和学院,90,674219
2025,2,78,早期教育,D324,山东协和学院,75,680502
2025,2,79,学前教育(师范类),D324,山东协和学院,40,650676
2025,2,B3,人工智能技术应用,D330,昆明城市学院,5,647607
2025,2,B7,软件技术,D330,昆明城市学院,5,677406
2025,2,B8,信息安全技术应用,D330,昆明城市学院,5,670831
2025,2,B8,数字媒体技术,D333,昆明传媒学院,4,668923
2025,2,C3,视觉传达设计,D333,昆明传媒学院,2,677211
2025,2,C5,融媒体技术与运营,D333,昆明传媒学院,5,663246
2025,2,C7,全媒体广告策划与营销,D333,昆明传媒学院,5,680764
2025,2,2N,大数据与财务管理,D338,安徽城市管理职业学院,5,377342
2025,2,32,现代家政服务与管理,D338,安徽城市管理职业学院,5,404343
2025,2,A2,机电一体化技术,D342,阜阳科技职业学院,10,559332
2025,2,A3,计算机应用技术,D342,阜阳科技职业学院,5,572648
2025,2,A5,新能源汽车技术,D342,阜阳科技职业学院,5,575561
2025,2,06,机械制造及自动化,D344,安徽国防科技职业学院,10,382001
2025,2,0G,汽车检测与维修技术,D344,安徽国防科技职业学院,10,427103
2025,2,01,安全技术与管理,D355,烟台工程职业技术学院,120,558619
2025,2,02,安全智能监测技术,D355,烟台工程职业技术学院,55,549233
2025,2,03,环境监测技术,D355,烟台工程职业技术学院,20,540925
2025,2,04,民航安全技术管理,D355,烟台工程职业技术学院,30,530955
2025,2,05,食品检验检测技术,D355,烟台工程职业技术学院,70,500041
2025,2,06,应急救援技术,D355,烟台工程职业技术学院,84,557037
2025,2,07,应用化工技术,D355,烟台工程职业技术学院,71,528637
2025,2,08,大数据与会计,D355,烟台工程职业技术学院,65,440928
2025,2,09,电子商务,D355,烟台工程职业技术学院,79,561429
2025,2,10,跨境电子商务,D355,烟台工程职业技术学院,65,566576
2025,2,11,农村电子商务,D355,烟台工程职业技术学院,50,573329
2025,2,12,市场营销,D355,烟台工程职业技术学院,50,566894
2025,2,13,现代物流管理,D355,烟台工程职业技术学院,40,555028
2025,2,14,动漫制作技术,D355,烟台工程职业技术学院,70,505514
2025,2,15,服装与服饰设计,D355,烟台工程职业技术学院,70,567212
2025,2,16,空中乘务,D355,烟台工程职业技术学院,50,572042
2025,2,17,数字媒体技术,D355,烟台工程职业技术学院,155,461384
2025,2,18,婴幼儿托育服务与管理,D355,烟台工程职业技术学院,44,580941
2025,2,19,城市轨道车辆应用技术,D355,烟台工程职业技术学院,60,467182
2025,2,20,城市轨道交通供配电技术,D355,烟台工程职业技术学院,55,460616
2025,2,21,城市轨道交通通信信号技术,D355,烟台工程职业技术学院,55,463020
2025,2,22,城市轨道交通运营管理,D355,烟台工程职业技术学院,45,429270
2025,2,23,汽车检测与维修技术,D355,烟台工程职业技术学院,90,516358
2025,2,24,新能源汽车技术,D355,烟台工程职业技术学院,98,483084
2025,2,25,大数据技术,D355,烟台工程职业技术学院,36,481662
2025,2,26,计算机应用技术,D355,烟台工程职业技术学院,83,476752
2025,2,27,人工智能技术应用,D355,烟台工程职业技术学院,37,497880
2025,2,28,物联网应用技术,D355,烟台工程职业技术学院,97,527240
2025,2,29,移动互联应用技术,D355,烟台工程职业技术学院,87,538115
2025,2,30,云计算技术应用,D355,烟台工程职业技术学院,38,523663
2025,2,31,电气自动化技术,D355,烟台工程职业技术学院,68,424742
2025,2,32,工业互联网技术,D355,烟台工程职业技术学院,19,510949
2025,2,33,工业机器人技术,D355,烟台工程职业技术学院,89,493061
2025,2,34,机电一体化技术,D355,烟台工程职业技术学院,110,443520
2025,2,35,应用电子技术,D355,烟台工程职业技术学院,55,513132
2025,2,36,智能控制技术,D355,烟台工程职业技术学院,21,497755
2025,2,37,机械制造及自动化,D355,烟台工程职业技术学院,40,449104
2025,2,38,模具设计与制造,D355,烟台工程职业技术学院,60,520308
2025,2,39,数控技术,D355,烟台工程职业技术学院,42,463602
2025,2,40,数字化设计与制造技术,D355,烟台工程职业技术学院,70,523159
2025,2,41,增材制造技术,D355,烟台工程职业技术学院,59,541800
2025,2,42,智能焊接技术,D355,烟台工程职业技术学院,65,494985
2025,2,43,机械制造及自动化(高职3+2贯通培养，衔接山东航空学院机械设计制造及,D355,烟台工程职业技术学院,30,243659
2025,2,44,智能焊接技术(高职3+2贯通培养，衔接山东建筑大学焊接技术与工程专业,D355,烟台工程职业技术学院,40,253969
2025,2,45,工业机器人技术(高职3+2贯通培养，衔接山东管理学院机器人工程专业),D355,烟台工程职业技术学院,30,263954
2025,2,46,人工智能技术应用(高职3+2贯通培养，衔接山东工商学院人工智能专业),D355,烟台工程职业技术学院,30,254358
2025,2,01,建筑工程技术,D356,山东工程职业技术大学,10,603921
2025,2,02,口腔医学技术,D356,山东工程职业技术大学,60,587236
2025,2,10,电子信息工程技术,D356,山东工程职业技术大学,50,589716
2025,2,13,城市轨道交通运营管理,D356,山东工程职业技术大学,42,574794
2025,2,15,大数据技术,D356,山东工程职业技术大学,25,609255
2025,2,16,软件技术,D356,山东工程职业技术大学,34,635116
2025,2,17,市场营销,D356,山东工程职业技术大学,5,597406
2025,2,18,动漫制作技术,D356,山东工程职业技术大学,40,631621
2025,2,21,数字媒体技术,D356,山东工程职业技术大学,55,619985
2025,2,22,工商企业管理,D356,山东工程职业技术大学,65,651254
2025,2,23,网络营销与直播电商,D356,山东工程职业技术大学,40,646986
2025,2,24,酒店管理与数字化运营,D356,山东工程职业技术大学,35,654651
2025,2,25,金融科技应用,D356,山东工程职业技术大学,12,634020
2025,2,26,健康大数据管理与服务,D356,山东工程职业技术大学,50,651131
2025,2,27,康复治疗技术,D356,山东工程职业技术大学,52,607934
2025,2,28,医学检验技术,D356,山东工程职业技术大学,110,634355
2025,2,29,物联网应用技术,D356,山东工程职业技术大学,16,642754
2025,2,30,现代移动通信技术,D356,山东工程职业技术大学,50,680863
2025,2,31,计算机应用技术,D356,山东工程职业技术大学,15,610466
2025,2,32,移动应用开发,D356,山东工程职业技术大学,60,679684
2025,2,33,工业机器人技术,D356,山东工程职业技术大学,35,632812
2025,2,34,空中乘务,D356,山东工程职业技术大学,20,650848
2025,2,36,定翼机驾驶技术,D356,山东工程职业技术大学,15,670860
2025,2,38,民航运输服务,D356,山东工程职业技术大学,130,680687
2025,2,41,机电一体化技术,D359,烟台理工学院,40,566423
2025,2,42,建设工程管理,D359,烟台理工学院,40,648454
2025,2,43,食品检验检测技术,D359,烟台理工学院,40,614403
2025,2,44,人工智能技术应用,D359,烟台理工学院,40,604901
2025,2,45,大数据技术,D359,烟台理工学院,40,628574
2025,2,46,现代通信技术,D359,烟台理工学院,40,647101
2025,2,47,大数据与会计,D359,烟台理工学院,78,571150
2025,2,48,大数据与财务管理,D359,烟台理工学院,43,583127
2025,2,52,现代文秘,D359,烟台理工学院,40,647400
2025,2,53,商务英语,D359,烟台理工学院,40,666392
2025,2,54,商务日语,D359,烟台理工学院,30,667945
2025,2,55,应用韩语,D359,烟台理工学院,35,680877
2025,2,56,软件技术,D359,烟台理工学院,30,677705
2025,2,41,机电一体化技术,D378,青岛城市学院,60,592538
2025,2,42,电气自动化技术,D378,青岛城市学院,40,595592
2025,2,43,计算机应用技术,D378,青岛城市学院,80,615524
2025,2,44,工程造价,D378,青岛城市学院,75,681110
2025,2,45,建筑工程技术,D378,青岛城市学院,80,678812
2025,2,46,建筑设计,D378,青岛城市学院,70,680386
2025,2,47,大数据与会计,D378,青岛城市学院,45,577531
2025,2,48,国际经济与贸易,D378,青岛城市学院,35,623127
2025,2,49,市场营销,D378,青岛城市学院,35,634242
2025,2,51,商务英语,D378,青岛城市学院,40,649492
2025,2,0Q,大数据与财务管理,D383,山东财经大学燕山学院,300,612081
2025,2,0S,金融服务与管理,D383,山东财经大学燕山学院,200,659021
2025,2,0T,导游,D383,山东财经大学燕山学院,150,667930
2025,2,0U,国际经济与贸易,D383,山东财经大学燕山学院,50,637237
2025,2,0V,跨境电子商务,D383,山东财经大学燕山学院,100,658877
2025,2,0W,软件技术,D383,山东财经大学燕山学院,200,649391
2025,2,0X,嵌入式技术应用,D383,山东财经大学燕山学院,200,676725
2025,2,1A,油气储运技术,D387,山东外国语职业技术大学,35,660439
2025,2,1B,工业机器人技术,D387,山东外国语职业技术大学,125,657034
2025,2,1C,无人机应用技术,D387,山东外国语职业技术大学,113,655569
2025,2,1D,婴幼儿托育服务与管理,D387,山东外国语职业技术大学,133,646672
2025,2,1F,环境艺术设计,D387,山东外国语职业技术大学,50,613185
2025,2,1G,酒店管理与数字化运营,D387,山东外国语职业技术大学,83,617704
2025,2,1H,空中乘务,D387,山东外国语职业技术大学,100,639745
2025,2,1J,旅游管理,D387,山东外国语职业技术大学,100,612997
2025,2,1K,艺术设计,D387,山东外国语职业技术大学,50,594378
2025,2,1L,计算机网络技术,D387,山东外国语职业技术大学,190,635090
2025,2,1M,物联网应用技术,D387,山东外国语职业技术大学,70,648962
2025,2,1N,大数据与会计,D387,山东外国语职业技术大学,100,563083
2025,2,1R,电子商务,D387,山东外国语职业技术大学,78,591365
2025,2,1T,应用法语,D387,山东外国语职业技术大学,95,639755
2025,2,1U,应用西班牙语,D387,山东外国语职业技术大学,90,660964
2025,2,1W,应用德语,D387,山东外国语职业技术大学,95,661281
2025,2,1X,应用阿拉伯语,D387,山东外国语职业技术大学,90,673986
2025,2,A1,电气自动化技术,D388,潍坊工商职业学院,54,551251
2025,2,A3,工业机器人技术,D388,潍坊工商职业学院,48,589869
2025,2,A4,机电一体化技术,D388,潍坊工商职业学院,31,583111
2025,2,A5,机械制造及自动化,D388,潍坊工商职业学院,31,591079
2025,2,A6,民航安全技术管理,D388,潍坊工商职业学院,34,680284
2025,2,A7,汽车技术服务与营销,D388,潍坊工商职业学院,46,680712
2025,2,A8,汽车制造与试验技术,D388,潍坊工商职业学院,39,629790
2025,2,A9,数控技术,D388,潍坊工商职业学院,32,597431
2025,2,B1,通用航空航务技术,D388,潍坊工商职业学院,30,679753
2025,2,B2,通用航空器维修,D388,潍坊工商职业学院,45,680753
2025,2,B3,新能源汽车技术,D388,潍坊工商职业学院,33,572987
2025,2,C1,大数据与财务管理,D388,潍坊工商职业学院,28,579190
2025,2,C2,大数据与会计,D388,潍坊工商职业学院,54,559181
2025,2,C4,电子商务,D388,潍坊工商职业学院,36,644424
2025,2,C6,金融服务与管理,D388,潍坊工商职业学院,76,665347
2025,2,C8,酒店管理与数字化运营,D388,潍坊工商职业学院,23,650336
2025,2,C9,城市轨道交通运营管理,D388,潍坊工商职业学院,118,680328
2025,2,D1,跨境电子商务,D388,潍坊工商职业学院,32,657013
2025,2,D2,旅游管理,D388,潍坊工商职业学院,33,648265
2025,2,D3,市场营销,D388,潍坊工商职业学院,65,680742
2025,2,E1,畜牧兽医,D388,潍坊工商职业学院,34,507715
2025,2,E2,工程造价,D388,潍坊工商职业学院,23,671614
2025,2,E3,建筑工程技术,D388,潍坊工商职业学院,22,671731
2025,2,E4,生态农业技术,D388,潍坊工商职业学院,22,677257
2025,2,E5,食品检验检测技术,D388,潍坊工商职业学院,50,599373
2025,2,E6,食品质量与安全,D388,潍坊工商职业学院,55,678555
2025,2,E7,食品智能加工技术,D388,潍坊工商职业学院,54,669317
2025,2,E8,现代农业经济管理,D388,潍坊工商职业学院,35,670266
2025,2,E9,休闲农业经营与管理,D388,潍坊工商职业学院,55,680672
2025,2,F1,餐饮智能管理,D388,潍坊工商职业学院,43,680874
2025,2,F3,建筑装饰工程技术,D388,潍坊工商职业学院,46,673191
2025,2,G1,护理,D388,潍坊工商职业学院,318,639404
2025,2,G2,康复治疗技术,D388,潍坊工商职业学院,23,552410
2025,2,G3,口腔医学技术,D388,潍坊工商职业学院,26,549725
2025,2,G4,医学检验技术,D388,潍坊工商职业学院,44,616837
2025,2,G5,医学营养,D388,潍坊工商职业学院,49,630780
2025,2,G6,医学影像技术,D388,潍坊工商职业学院,46,626579
2025,2,G7,智慧健康养老服务与管理,D388,潍坊工商职业学院,64,641579
2025,2,G9,中医养生保健,D388,潍坊工商职业学院,28,597560
2025,2,H1,学前教育(师范类),D388,潍坊工商职业学院,24,633218
2025,2,H2,婴幼儿托育服务与管理,D388,潍坊工商职业学院,10,626587
2025,2,H3,服装设计与工艺,D388,潍坊工商职业学院,38,667982
2025,2,H4,空中乘务,D388,潍坊工商职业学院,128,680336
2025,2,K1,大数据技术,D388,潍坊工商职业学院,13,656243
2025,2,K2,电子信息工程技术,D388,潍坊工商职业学院,32,657807
2025,2,K4,计算机应用技术,D388,潍坊工商职业学院,189,680671
2025,2,K7,软件技术,D388,潍坊工商职业学院,116,679701
2025,2,K8,物联网应用技术,D388,潍坊工商职业学院,65,675097
2025,2,N1,动漫制作技术,D388,潍坊工商职业学院,53,641708
2025,2,L1,护理(高职3+2贯通培养，衔接山东第二医科大学护理学专业),D388,潍坊工商职业学院,30,224220
2025,2,L2,电子商务(高职3+2贯通培养，衔接山东工商学院电子商务专业),D388,潍坊工商职业学院,30,273134
2025,2,L3,市场营销(高职3+2贯通培养，衔接山东工商学院工商管理专业),D388,潍坊工商职业学院,30,271799
2025,2,L4,机械制造及自动化(高职3+2贯通培养，衔接山东石油化工学院机械设计制,D388,潍坊工商职业学院,30,271721
2025,2,D1,机械制造及自动化,D389,德州职业技术学院,158,477471
2025,2,D2,机械设计与制造,D389,德州职业技术学院,160,495701
2025,2,D3,数控技术,D389,德州职业技术学院,120,408913
2025,2,D4,智能光电制造技术,D389,德州职业技术学院,40,517022
2025,2,D5,机电一体化技术,D389,德州职业技术学院,157,431514
2025,2,D6,电气自动化技术,D389,德州职业技术学院,160,441090
2025,2,D7,工业机器人技术,D389,德州职业技术学院,112,502340
2025,2,D8,智能控制技术,D389,德州职业技术学院,40,499466
2025,2,D9,大数据与会计,D389,德州职业技术学院,40,427753
2025,2,E1,烹饪工艺与营养,D389,德州职业技术学院,14,533398
2025,2,E2,酒店管理与数字化运营,D389,德州职业技术学院,34,568466
2025,2,E3,现代物流管理,D389,德州职业技术学院,43,558080
2025,2,E4,金融服务与管理,D389,德州职业技术学院,6,522330
2025,2,E5,电子商务,D389,德州职业技术学院,23,528863
2025,2,E6,数字媒体技术,D389,德州职业技术学院,35,413659
2025,2,E7,计算机应用技术,D389,德州职业技术学院,26,459629
2025,2,E8,计算机网络技术,D389,德州职业技术学院,40,441321
2025,2,E9,环境艺术设计,D389,德州职业技术学院,21,549991
2025,2,F1,物联网应用技术,D389,德州职业技术学院,80,521863
2025,2,F2,人工智能技术应用,D389,德州职业技术学院,39,490932
2025,2,F3,药品生物技术,D389,德州职业技术学院,35,503246
2025,2,F4,食品生物技术,D389,德州职业技术学院,80,531306
2025,2,F5,应用化工技术,D389,德州职业技术学院,71,533909
2025,2,F6,粮食储运与质量安全,D389,德州职业技术学院,13,544250
2025,2,F7,粮食工程技术与管理,D389,德州职业技术学院,22,552756
2025,2,F8,汽车检测与维修技术,D389,德州职业技术学院,14,503962
2025,2,F9,新能源汽车技术,D389,德州职业技术学院,74,474901
2025,2,G1,动车组检修技术,D389,德州职业技术学院,40,441700
2025,2,G2,汽车技术服务与营销,D389,德州职业技术学院,4,535773
2025,2,G3,集成电路技术,D389,德州职业技术学院,110,542431
2025,2,G4,电子信息工程技术,D389,德州职业技术学院,120,516530
2025,2,G5,光伏工程技术,D389,德州职业技术学院,33,514779
2025,2,G6,分布式发电与智能微电网技术,D389,德州职业技术学院,88,494140
2025,2,G7,空间数字建模与应用技术,D389,德州职业技术学院,32,547903
2025,2,G8,园林工程技术,D389,德州职业技术学院,10,545878
2025,2,G9,建筑工程技术,D389,德州职业技术学院,15,555170
2025,2,H1,工程造价,D389,德州职业技术学院,7,541858
2025,2,H2,婴幼儿托育服务与管理,D389,德州职业技术学院,30,564947
2025,2,H4,智慧健康养老服务与管理,D389,德州职业技术学院,40,524131
2025,2,H5,康复治疗技术,D389,德州职业技术学院,35,462429
2025,2,H6,健康管理,D389,德州职业技术学院,40,521961
2025,2,H7,健康大数据管理与服务,D389,德州职业技术学院,29,539628
2025,2,W1,学前教育(中外合作办学)(师范类，与韩国松源大学合作),D389,德州职业技术学院,35,644802
2025,2,Y1,数控技术(高职技师合作培养，在德州职业技术学院就读),D389,德州职业技术学院,40,521942
2025,2,Y2,机电一体化技术(高职技师合作培养，在德州职业技术学院就读),D389,德州职业技术学院,40,478673
2025,2,Y3,智能控制技术(高职技师合作培养，在德州职业技术学院就读),D389,德州职业技术学院,40,533114
2025,2,Y4,工业机器人技术(高职技师合作培养，在德州职业技术学院就读),D389,德州职业技术学院,40,525705
2025,2,Y5,集成电路技术(高职技师合作培养，在德州职业技术学院就读),D389,德州职业技术学院,40,551289
2025,2,Y6,人工智能技术应用(高职技师合作培养，在德州职业技术学院就读),D389,德州职业技术学院,40,537923
2025,2,Y7,汽车检测与维修技术(高职技师合作培养，在德州职业技术学院就读),D389,德州职业技术学院,40,547422
2025,2,Y8,烹饪工艺与营养(高职技师合作培养，在德州职业技术学院就读),D389,德州职业技术学院,40,567298
2025,2,X1,数控技术(高职3+2贯通培养，衔接德州学院机械设计制造及其自动化专业,D389,德州职业技术学院,40,265569
2025,2,X2,金融服务与管理(高职3+2贯通培养，衔接山东女子学院金融工程专业),D389,德州职业技术学院,40,253945
2025,2,X3,粮食工程技术与管理(高职3+2贯通培养，衔接德州学院食品质量与安全专,D389,德州职业技术学院,40,260789
2025,2,X4,汽车检测与维修技术(高职3+2贯通培养，衔接聊城大学车辆工程专业),D389,德州职业技术学院,30,267383
2025,2,X5,电子信息工程技术(高职3+2贯通培养，衔接枣庄学院电子信息工程专业),D389,德州职业技术学院,40,266065
2025,2,X6,人工智能技术应用(高职3+2贯通培养，衔接枣庄学院人工智能专业),D389,德州职业技术学院,30,261192
2025,2,X8,集成电路技术(高职3+2贯通培养，衔接德州学院电子信息工程专业),D389,德州职业技术学院,30,268867
2025,2,01,矿山机电与智能装备,D390,枣庄科技职业学院,15,526209
2025,2,02,安全技术与管理,D390,枣庄科技职业学院,15,535463
2025,2,03,机械设计与制造,D390,枣庄科技职业学院,12,460286
2025,2,04,机械设计与制造,D390,枣庄科技职业学院,10,351833
2025,2,05,机械设计与制造,D390,枣庄科技职业学院,10,340827
2025,2,06,数控技术,D390,枣庄科技职业学院,10,468205
2025,2,07,智能焊接技术,D390,枣庄科技职业学院,10,495599
2025,2,08,机电一体化技术,D390,枣庄科技职业学院,37,443113
2025,2,09,工业机器人技术,D390,枣庄科技职业学院,15,492477
2025,2,10,电气自动化技术,D390,枣庄科技职业学院,17,426720
2025,2,11,工业互联网应用,D390,枣庄科技职业学院,17,515722
2025,2,12,无人机应用技术,D390,枣庄科技职业学院,19,491519
2025,2,13,新能源汽车技术,D390,枣庄科技职业学院,37,491992
2025,2,14,汽车检测与维修技术,D390,枣庄科技职业学院,16,512819
2025,2,16,电子信息工程技术,D390,枣庄科技职业学院,63,493331
2025,2,17,物联网应用技术,D390,枣庄科技职业学院,45,505313
2025,2,19,计算机应用技术,D390,枣庄科技职业学院,45,463749
2025,2,21,软件技术,D390,枣庄科技职业学院,55,477335
2025,2,22,数字媒体技术,D390,枣庄科技职业学院,56,441930
2025,2,23,大数据技术,D390,枣庄科技职业学院,23,473116
2025,2,27,人工智能技术应用,D390,枣庄科技职业学院,25,493920
2025,2,28,国土资源调查与管理,D390,枣庄科技职业学院,29,554244
2025,2,29,工程测量技术,D390,枣庄科技职业学院,24,561646
2025,2,30,电力储能应用技术,D390,枣庄科技职业学院,20,497148
2025,2,31,装配式建筑构件智能制造技术,D390,枣庄科技职业学院,29,563668
2025,2,33,建筑装饰工程技术,D390,枣庄科技职业学院,29,566162
2025,2,34,建筑工程技术,D390,枣庄科技职业学院,14,561660
2025,2,35,建筑工程技术,D390,枣庄科技职业学院,20,508924
2025,2,37,智能建造技术,D390,枣庄科技职业学院,24,552714
2025,2,38,建筑加固与修复技术,D390,枣庄科技职业学院,30,576980
2025,2,39,工程造价,D390,枣庄科技职业学院,29,564315
2025,2,40,药品经营与管理,D390,枣庄科技职业学院,20,498296
2025,2,41,护理,D390,枣庄科技职业学院,133,435439
2025,2,42,药学,D390,枣庄科技职业学院,71,422121
2025,2,43,中医学,D390,枣庄科技职业学院,115,358219
2025,2,44,口腔医学技术,D390,枣庄科技职业学院,55,395168
2025,2,46,康复治疗技术,D390,枣庄科技职业学院,50,437892
2025,2,47,婴幼儿托育服务与管理,D390,枣庄科技职业学院,26,566371
2025,2,48,智慧健康养老服务与管理,D390,枣庄科技职业学院,45,507554
2025,2,49,金融服务与管理,D390,枣庄科技职业学院,15,517584
2025,2,50,大数据与会计,D390,枣庄科技职业学院,69,400459
2025,2,51,电子商务,D390,枣庄科技职业学院,55,552483
2025,2,54,现代物流管理,D390,枣庄科技职业学院,72,557748
2025,2,55,智慧旅游技术应用,D390,枣庄科技职业学院,75,581792
2025,2,56,文物修复与保护,D390,枣庄科技职业学院,15,503552
2025,2,57,文物数字技术,D390,枣庄科技职业学院,20,536366
2025,2,58,学前教育(师范类),D390,枣庄科技职业学院,20,487515
2025,2,59,运动健康指导,D390,枣庄科技职业学院,65,568390
2025,2,P1,电气自动化技术(中外合作办学),D390,枣庄科技职业学院,25,542361
2025,2,P2,建筑工程技术(中外合作办学),D390,枣庄科技职业学院,40,618174
2025,2,M1,机械设计与制造(高职3+2贯通培养，衔接山东建筑大学机械工程专业),D390,枣庄科技职业学院,40,213630
2025,2,M2,工业互联网应用(高职3+2贯通培养，衔接菏泽学院自动化专业),D390,枣庄科技职业学院,30,259315
2025,2,M3,人工智能技术应用(高职3+2贯通培养，衔接枣庄学院人工智能专业),D390,枣庄科技职业学院,30,253160
2025,2,M4,工程测量技术(高职3+2贯通培养，衔接临沂大学测绘工程专业),D390,枣庄科技职业学院,40,271804
2025,2,M5,建筑工程技术(高职3+2贯通培养，衔接枣庄学院土木工程专业),D390,枣庄科技职业学院,40,276116
2025,2,M6,康复治疗技术(高职3+2贯通培养，衔接济宁医学院康复治疗学专业),D390,枣庄科技职业学院,40,219174
2025,2,M7,智慧健康养老服务与管理(高职3+2贯通培养，衔接枣庄学院健康服务与管,D390,枣庄科技职业学院,40,241689
2025,2,M8,大数据与会计(高职3+2贯通培养，衔接山东政法学院金融工程专业),D390,枣庄科技职业学院,30,211189
2025,2,01,发电厂及电力系统,D392,保定电力职业技术学院,4,282527
2025,2,02,输配电工程技术,D392,保定电力职业技术学院,3,292843
2025,2,03,供用电技术,D392,保定电力职业技术学院,4,284387
2025,2,04,电力系统继电保护技术,D392,保定电力职业技术学院,4,278859
2025,2,07,热能动力工程技术,D392,保定电力职业技术学院,3,303239
2025,2,08,发电运行技术,D392,保定电力职业技术学院,2,291882
2025,2,02,工业机器人技术,D395,廊坊职业技术学院,5,427389
2025,2,31,邮政快递运营管理,D397,石家庄邮电职业技术学院,15,216126
2025,2,32,邮政快递运营管理,D397,石家庄邮电职业技术学院,14,199007
2025,2,33,邮政快递运营管理,D397,石家庄邮电职业技术学院,9,225314
2025,2,34,邮政快递运营管理,D397,石家庄邮电职业技术学院,4,214885
2025,2,35,邮政快递运营管理,D397,石家庄邮电职业技术学院,4,230300
2025,2,36,邮政快递运营管理,D397,石家庄邮电职业技术学院,14,225972
2025,2,37,邮政快递运营管理,D397,石家庄邮电职业技术学院,9,218774
2025,2,38,邮政快递运营管理,D397,石家庄邮电职业技术学院,13,227556
2025,2,39,邮政快递运营管理,D397,石家庄邮电职业技术学院,7,201096
2025,2,3A,邮政快递运营管理,D397,石家庄邮电职业技术学院,5,229028
2025,2,3B,邮政快递运营管理,D397,石家庄邮电职业技术学院,6,212625
2025,2,3C,邮政快递运营管理,D397,石家庄邮电职业技术学院,2,221277
2025,2,3D,邮政快递运营管理,D397,石家庄邮电职业技术学院,7,231421
2025,2,3E,邮政快递运营管理,D397,石家庄邮电职业技术学院,7,216229
2025,2,3F,邮政快递运营管理,D397,石家庄邮电职业技术学院,10,228068
2025,2,3G,邮政快递运营管理,D397,石家庄邮电职业技术学院,15,220590
2025,2,3H,邮政快递运营管理,D397,石家庄邮电职业技术学院,9,210826
2025,2,01,工程造价(造价师方向),D403,石家庄科技信息职业学院,3,593303
2025,2,02,建设工程管理,D403,石家庄科技信息职业学院,3,673452
2025,2,03,财税大数据应用,D403,石家庄科技信息职业学院,3,666532
2025,2,04,大数据与财务管理,D403,石家庄科技信息职业学院,3,616369
2025,2,05,大数据与会计,D403,石家庄科技信息职业学院,3,551974
2025,2,06,大数据与会计(注册会计师方向),D403,石家庄科技信息职业学院,3,579216
2025,2,0C,智慧旅游技术应用,D403,石家庄科技信息职业学院,3,645161
2025,2,0E,机电一体化技术,D403,石家庄科技信息职业学院,4,572812
2025,2,0F,智能机器人技术,D403,石家庄科技信息职业学院,4,621622
2025,2,0H,电气自动化技术,D403,石家庄科技信息职业学院,5,535872
2025,2,0K,无人机应用技术,D403,石家庄科技信息职业学院,5,585289
2025,2,0M,智能网联汽车技术,D403,石家庄科技信息职业学院,5,679475
2025,2,0R,药品经营与管理,D403,石家庄科技信息职业学院,4,617036
2025,2,0S,护理,D403,石家庄科技信息职业学院,5,568913
2025,2,0T,药学,D403,石家庄科技信息职业学院,4,551076
2025,2,0V,健康管理,D403,石家庄科技信息职业学院,4,654575
2025,2,0Y,新能源汽车检测与维修技术,D403,石家庄科技信息职业学院,4,581706
2025,2,0Z,空中乘务,D403,石家庄科技信息职业学院,2,591705
2025,2,11,机场运行服务与管理,D403,石家庄科技信息职业学院,2,622021
2025,2,12,城市轨道交通通信信号技术,D403,石家庄科技信息职业学院,4,583393
2025,2,13,城市轨道交通运营管理,D403,石家庄科技信息职业学院,3,558555
2025,2,16,计算机网络技术,D403,石家庄科技信息职业学院,4,641158
2025,2,17,信息安全技术应用,D403,石家庄科技信息职业学院,4,638383
2025,2,1B,智能互联网络技术,D403,石家庄科技信息职业学院,5,666130
2025,2,1C,高速铁路客运服务,D403,石家庄科技信息职业学院,3,587592
2025,2,1D,网络规划与优化技术,D403,石家庄科技信息职业学院,5,674319
2025,2,1F,软件技术,D403,石家庄科技信息职业学院,4,660991
2025,2,1G,软件技术(JAVA方向),D403,石家庄科技信息职业学院,4,677635
2025,2,1H,大数据技术,D403,石家庄科技信息职业学院,5,640374
2025,2,1J,云计算技术应用,D403,石家庄科技信息职业学院,5,646483
2025,2,1K,人工智能技术应用,D403,石家庄科技信息职业学院,5,677473
2025,2,1L,人工智能技术应用(新工业智能化方向),D403,石家庄科技信息职业学院,5,624090
2025,2,1Q,室内艺术设计,D403,石家庄科技信息职业学院,2,591010
2025,2,1R,影视多媒体技术,D403,石家庄科技信息职业学院,3,623673
2025,2,08,机械设计与制造,D419,江西科技职业学院,1,485579
2025,2,13,工业机器人技术,D419,江西科技职业学院,2,525645
2025,2,14,电气自动化技术,D419,江西科技职业学院,1,480319
2025,2,26,护理,D419,江西科技职业学院,2,586809
2025,2,27,中医养生保健,D419,江西科技职业学院,1,489494
2025,2,29,康复治疗技术,D419,江西科技职业学院,2,586322
2025,2,34,城市轨道交通工程技术,D419,江西科技职业学院,2,501441
2025,2,35,城市轨道交通运营管理,D419,江西科技职业学院,2,501555
2025,2,46,学前教育,D419,江西科技职业学院,2,670861
2025,2,47,电子竞技运动与管理,D419,江西科技职业学院,2,648182
2025,2,48,空中乘务(中外合作办学),D419,江西科技职业学院,2,635763
2025,2,34,云计算技术应用,D420,南昌职业大学,3,606639
2025,2,47,建筑材料工程技术,D421,南昌工学院,2,677235
2025,2,57,智能网联汽车技术,D421,南昌工学院,2,607339
2025,2,62,软件技术,D421,南昌工学院,3,520415
2025,2,65,大数据与会计,D421,南昌工学院,2,391486
2025,2,68,商务英语,D421,南昌工学院,3,543908
2025,2,03,跨境电子商务,D422,江西外语外贸职业学院,3,378962
2025,2,10,应用德语,D422,江西外语外贸职业学院,2,492289
2025,2,LT,大数据与会计,D423,江西工业贸易职业技术学院,5,374198
2025,2,RA,物联网应用技术,D423,江西工业贸易职业技术学院,3,416739
2025,2,RF,信息安全技术应用,D423,江西工业贸易职业技术学院,4,445009
2025,2,RG,人工智能技术应用,D423,江西工业贸易职业技术学院,4,442588
2025,2,SC,工程造价,D423,江西工业贸易职业技术学院,4,555332
2025,2,SH,食品检验检测技术,D423,江西工业贸易职业技术学院,6,429328
2025,2,SJ,粮食工程技术与管理,D423,江西工业贸易职业技术学院,4,558264
2025,2,L0,护理,D424,宜春职业技术学院,4,371488
2025,2,L4,药学,D424,宜春职业技术学院,2,342919
2025,2,T7,医学检验技术,D424,宜春职业技术学院,2,367852
2025,2,T8,医学影像技术,D424,宜春职业技术学院,2,338340
2025,2,L1,工业机器人技术,D425,江西应用工程职业学院,2,403255
2025,2,L2,机电一体化技术,D425,江西应用工程职业学院,2,389138
2025,2,L3,智能控制技术,D425,江西应用工程职业学院,2,423911
2025,2,L4,电气自动化技术,D425,江西应用工程职业学院,2,361279
2025,2,L5,无人机应用技术,D425,江西应用工程职业学院,2,406125
2025,2,L8,软件技术,D425,江西应用工程职业学院,2,401138
2025,2,L9,计算机应用技术,D425,江西应用工程职业学院,2,335158
2025,2,S1,计算机网络技术,D425,江西应用工程职业学院,2,390640
2025,2,T7,新能源汽车技术,D425,江西应用工程职业学院,2,417299
2025,2,T8,人工智能技术应用,D425,江西应用工程职业学院,2,469545
2025,2,01,畜牧兽医,D426,江西生物科技职业学院,1,272957
2025,2,02,宠物医疗技术,D426,江西生物科技职业学院,1,279807
2025,2,04,动物医学,D426,江西生物科技职业学院,1,213350
2025,2,10,食品检验检测技术,D426,江西生物科技职业学院,1,295832
2025,2,14,机电一体化技术,D426,江西生物科技职业学院,1,294830
2025,2,20,新能源汽车技术,D426,江西生物科技职业学院,1,358601
2025,2,21,大数据与会计,D426,江西生物科技职业学院,1,305853
2025,2,23,现代物流管理,D426,江西生物科技职业学院,1,391272
2025,2,36,软件技术,D426,江西生物科技职业学院,1,330340
2025,2,43,广告艺术设计,D426,江西生物科技职业学院,1,384525
2025,2,W1,建筑装饰工程技术,D427,江西建设职业技术学院,2,513337
2025,2,W2,建筑工程技术,D427,江西建设职业技术学院,5,520015
2025,2,W3,工程造价,D427,江西建设职业技术学院,5,499435
2025,2,W4,市政工程技术,D427,江西建设职业技术学院,4,497368
2025,2,W5,数控技术,D427,江西建设职业技术学院,2,446875
2025,2,W6,电梯工程技术,D427,江西建设职业技术学院,2,441528
2025,2,W7,工业机器人技术,D427,江西建设职业技术学院,4,449492
2025,2,W8,道路与桥梁工程技术,D427,江西建设职业技术学院,4,407645
2025,2,W9,物联网应用技术,D427,江西建设职业技术学院,2,466067
2025,2,01,机电一体化技术,D428,抚州职业技术学院,3,407858
2025,2,03,工业机器人技术,D428,抚州职业技术学院,3,431042
2025,2,04,模具设计与制造,D428,抚州职业技术学院,3,457859
2025,2,0G,电子商务,D428,抚州职业技术学院,2,449380
2025,2,0H,大数据与会计,D428,抚州职业技术学院,3,397920
2025,2,0L,民航运输服务,D428,抚州职业技术学院,3,466140
2025,2,0M,空中乘务,D428,抚州职业技术学院,3,502118
2025,2,A3,数字媒体技术,D435,景德镇艺术职业大学,4,535201
2025,2,A4,大数据技术,D435,景德镇艺术职业大学,5,618375
2025,2,A5,虚拟现实技术应用,D435,景德镇艺术职业大学,4,608945
2025,2,A6,人工智能技术应用,D435,景德镇艺术职业大学,2,619805
2025,2,AF,建筑设计,D435,景德镇艺术职业大学,4,625082
2025,2,AL,数控技术,D435,景德镇艺术职业大学,2,581318
2025,2,BD,大数据与财务管理,D435,景德镇艺术职业大学,2,544323
2025,2,BL,现代物流管理,D435,景德镇艺术职业大学,2,586074
2025,2,E1,电气自动化技术,D440,南昌应用技术师范学院,2,432614
2025,2,E4,软件技术,D440,南昌应用技术师范学院,2,447388
2025,2,E8,大数据与会计,D440,南昌应用技术师范学院,2,489483
2025,2,01,大数据与会计(注册会计师),D448,黑龙江商业职业学院,10,343285
2025,2,03,财税大数据应用,D448,黑龙江商业职业学院,5,375767
2025,2,08,智慧健康养老服务与管理,D448,黑龙江商业职业学院,5,478105
2025,2,23,人工智能技术应用,D448,黑龙江商业职业学院,5,392129
2025,2,26,视觉传达设计,D448,黑龙江商业职业学院,5,403153
2025,2,01,法律事务,D499,河南检察职业学院,10,276970
2025,2,02,法律事务(书记员方向),D499,河南检察职业学院,5,283722
2025,2,12,机电一体化技术,D500,商丘工学院,10,639154
2025,2,04,铁道工程技术,D519,甘肃交通职业技术学院,4,377604
2025,2,21,机电一体化技术,D519,甘肃交通职业技术学院,4,407589
2025,2,35,现代通信技术,D519,甘肃交通职业技术学院,4,451201
2025,2,36,铁道通信与信息化技术,D519,甘肃交通职业技术学院,4,371378
2025,2,01,学前教育(师范类),D523,北海职业学院,4,594117
2025,2,02,小学教育(师范类),D523,北海职业学院,2,471004
2025,2,09,室内艺术设计(全屋定制设计),D523,北海职业学院,2,484100
2025,2,12,产品艺术设计,D523,北海职业学院,2,583833
2025,2,20,现代物流管理,D523,北海职业学院,2,582261
2025,2,21,大数据与会计,D523,北海职业学院,2,414419
2025,2,34,市场营销(新媒体与数字营销),D523,北海职业学院,2,564695
2025,2,38,新能源汽车技术,D523,北海职业学院,2,413229
2025,2,43,电气自动化技术,D523,北海职业学院,4,408720
2025,2,48,无人机应用技术,D523,北海职业学院,4,433015
2025,2,51,计算机应用技术,D523,北海职业学院,4,475473
2025,2,02,汽车检测与维修技术,D526,桂林山水职业学院,8,672916
2025,2,03,计算机应用技术,D526,桂林山水职业学院,8,631997
2025,2,04,计算机网络技术,D526,桂林山水职业学院,9,652941
2025,2,0A,工程造价,D528,山西职业技术学院,1,339802
2025,2,0H,建筑室内设计,D528,山西职业技术学院,1,296023
2025,2,0M,大数据与会计,D528,山西职业技术学院,1,263415
2025,2,0S,计算机应用技术,D528,山西职业技术学院,1,308664
2025,2,0U,大数据技术,D528,山西职业技术学院,1,272725
2025,2,02,金融科技应用(人工智能方向),D530,山西金融职业学院,5,399722
2025,2,18,数字媒体艺术设计(数字文创设计方向),D530,山西金融职业学院,5,420795
2025,2,03,智能机器人技术,D541,山西信息职业技术学院,20,674388
2025,2,08,软件技术,D541,山西信息职业技术学院,10,663958
2025,2,09,数字媒体技术,D541,山西信息职业技术学院,20,668066
2025,2,0D,人工智能技术应用,D541,山西信息职业技术学院,10,649681
2025,2,01,工程测量技术,D566,陕西铁路工程职业技术学院,3,348193
2025,2,16,给排水工程技术,D566,陕西铁路工程职业技术学院,2,356504
2025,2,18,智能焊接技术,D566,陕西铁路工程职业技术学院,2,325799
2025,2,22,铁道工程技术,D566,陕西铁路工程职业技术学院,2,274574
2025,2,23,高速铁路施工与维护,D566,陕西铁路工程职业技术学院,2,282859
2025,2,27,铁道机车运用与维护,D566,陕西铁路工程职业技术学院,2,238632
2025,2,29,铁道供电技术,D566,陕西铁路工程职业技术学院,2,285866
2025,2,32,铁道信号自动控制,D566,陕西铁路工程职业技术学院,2,270896
2025,2,34,铁道通信与信息化技术,D566,陕西铁路工程职业技术学院,2,272002
2025,2,37,道路与桥梁工程技术,D566,陕西铁路工程职业技术学院,2,332627
2025,2,39,城市轨道交通工程技术,D566,陕西铁路工程职业技术学院,3,286606
2025,2,36,铁道交通运营管理(中外合作办学),D566,陕西铁路工程职业技术学院,1,321250
2025,2,01,复合材料智能制造技术,D568,陕西航空职业技术学院,3,388924
2025,2,04,机械设计与制造,D568,陕西航空职业技术学院,4,356157
2025,2,06,机械制造及自动化,D568,陕西航空职业技术学院,4,360454
2025,2,08,智能焊接技术,D568,陕西航空职业技术学院,4,371445
2025,2,09,增材制造技术,D568,陕西航空职业技术学院,4,394180
2025,2,10,智能制造装备技术,D568,陕西航空职业技术学院,4,369022
2025,2,11,机电一体化技术,D568,陕西航空职业技术学院,4,348031
2025,2,13,工业机器人技术,D568,陕西航空职业技术学院,4,361971
2025,2,14,电气自动化技术,D568,陕西航空职业技术学院,4,329904
2025,2,17,飞行器数字化制造技术,D568,陕西航空职业技术学院,4,360868
2025,2,19,航空发动机制造技术,D568,陕西航空职业技术学院,3,357937
2025,2,22,无人机应用技术,D568,陕西航空职业技术学院,4,361204
2025,2,23,航空材料精密成型技术,D568,陕西航空职业技术学院,4,365230
2025,2,25,高速铁路客运服务,D568,陕西航空职业技术学院,4,372318
2025,2,26,飞机机电设备维修,D568,陕西航空职业技术学院,4,347280
2025,2,27,飞机电子设备维修,D568,陕西航空职业技术学院,4,351532
2025,2,29,应用电子技术,D568,陕西航空职业技术学院,4,375194
2025,2,33,大数据与会计,D568,陕西航空职业技术学院,4,303434
2025,2,20,城市轨道交通运营管理,D569,西安交通工程学院,20,548967
2025,2,26,电气自动化技术,D569,西安交通工程学院,15,496301
2025,2,31,现代通信技术,D569,西安交通工程学院,10,571578
2025,2,39,学前教育(师范类),D569,西安交通工程学院,5,585263
2025,2,40,大数据与会计,D569,西安交通工程学院,30,521779
2025,2,42,现代物流管理,D569,西安交通工程学院,10,558537
2025,2,43,电子商务,D569,西安交通工程学院,10,589339
2025,2,01,建筑智能化工程技术,D570,陕西电子信息职业技术学院,6,667200
2025,2,03,机电一体化技术,D570,陕西电子信息职业技术学院,9,467085
2025,2,04,电气自动化技术,D570,陕西电子信息职业技术学院,7,455745
2025,2,07,软件技术,D570,陕西电子信息职业技术学院,6,537183
2025,2,08,数字媒体技术,D570,陕西电子信息职业技术学院,6,527902
2025,2,09,大数据技术,D570,陕西电子信息职业技术学院,8,567774
2025,2,0D,大数据与财务管理,D570,陕西电子信息职业技术学院,6,519138
2025,2,0E,大数据与会计,D570,陕西电子信息职业技术学院,6,472296
2025,2,0G,现代物流管理,D570,陕西电子信息职业技术学院,6,587062
2025,2,02,人工智能技术应用,D575,海南软件职业技术学院,2,350609
2025,2,06,信息安全技术应用,D575,海南软件职业技术学院,2,367301
2025,2,09,广告艺术设计,D575,海南软件职业技术学院,2,422678
2025,2,11,数字媒体艺术设计,D575,海南软件职业技术学院,2,408508
2025,2,22,应用韩语,D577,海南外国语职业学院,1,335712
2025,2,29,应用俄语,D577,海南外国语职业学院,1,304480
2025,2,S1,风景园林设计,D599,大连艺术学院,8,636690
2025,2,S2,数字媒体技术,D599,大连艺术学院,2,504963
2025,2,S3,旅游管理,D599,大连艺术学院,2,564569
2025,2,S4,应用韩语,D599,大连艺术学院,3,591892
2025,2,30,护理,D606,长春科技学院,6,564447
2025,2,31,口腔医学,D606,长春科技学院,28,486264
2025,2,32,医学影像技术,D606,长春科技学院,4,642322
2025,2,33,医学检验技术,D606,长春科技学院,4,646239
2025,2,34,药学,D606,长春科技学院,2,467988
2025,2,35,中药学,D606,长春科技学院,2,479405
2025,2,37,学前教育,D606,长春科技学院,2,621914
2025,2,43,大数据与会计,D606,长春科技学院,2,515322
2025,2,41,计算机应用技术,D624,泰山科技学院,48,654864
2025,2,42,计算机网络技术,D624,泰山科技学院,39,669517
2025,2,43,软件技术,D624,泰山科技学院,47,679535
2025,2,44,大数据技术,D624,泰山科技学院,44,680133
2025,2,45,虚拟现实技术应用,D624,泰山科技学院,38,679104
2025,2,46,智能制造装备技术,D624,泰山科技学院,17,670127
2025,2,47,新能源汽车技术,D624,泰山科技学院,22,665602
2025,2,48,机械制造及自动化,D624,泰山科技学院,37,651562
2025,2,49,机电一体化技术,D624,泰山科技学院,41,636320
2025,2,50,智能控制技术,D624,泰山科技学院,58,680194
2025,2,51,智能机器人技术,D624,泰山科技学院,56,669325
2025,2,52,电气自动化技术,D624,泰山科技学院,49,636651
2025,2,53,智能网联汽车技术,D624,泰山科技学院,49,679605
2025,2,54,建筑工程技术,D624,泰山科技学院,51,680600
2025,2,55,智能建造技术,D624,泰山科技学院,73,679942
2025,2,56,工程造价,D624,泰山科技学院,65,677810
2025,2,57,建设工程管理,D624,泰山科技学院,48,677216
2025,2,58,市政工程技术,D624,泰山科技学院,48,679619
2025,2,59,电子信息工程技术,D624,泰山科技学院,25,673081
2025,2,60,物联网应用技术,D624,泰山科技学院,42,676962
2025,2,61,智能产品开发与应用,D624,泰山科技学院,52,678888
2025,2,62,人工智能技术应用,D624,泰山科技学院,20,680749
2025,2,63,智能互联网络技术,D624,泰山科技学院,40,679970
2025,2,64,电信服务与管理,D624,泰山科技学院,45,675385
2025,2,65,大数据与财务管理,D624,泰山科技学院,62,680315
2025,2,66,大数据与会计,D624,泰山科技学院,53,673644
2025,2,67,大数据与审计,D624,泰山科技学院,63,668704
2025,2,68,国际经济与贸易,D624,泰山科技学院,19,679513
2025,2,69,商务管理,D624,泰山科技学院,20,680477
2025,2,70,市场营销,D624,泰山科技学院,32,679706
2025,2,71,电子商务,D624,泰山科技学院,22,679006
2025,2,72,旅游管理,D624,泰山科技学院,32,679594
2025,2,73,法律事务,D624,泰山科技学院,55,635513
2025,2,74,现代文秘,D624,泰山科技学院,13,665659
2025,2,P1,计算机应用技术,D631,大连东软信息学院,5,412700
2025,2,P2,护理,D631,大连东软信息学院,2,639450
2025,2,P3,软件技术,D631,大连东软信息学院,11,516554
2025,2,P4,老年保健与管理,D631,大连东软信息学院,2,449736
2025,2,P8,大数据技术,D631,大连东软信息学院,2,452237
2025,2,P9,虚拟现实技术应用(中外合作办学),D631,大连东软信息学院,3,666592
2025,2,33,电子信息工程技术,D664,武汉工程科技学院,2,416444
2025,2,34,机电一体化技术,D664,武汉工程科技学院,2,403276
2025,2,35,电气自动化技术,D664,武汉工程科技学院,2,402483
2025,2,36,无人机应用技术,D664,武汉工程科技学院,2,422082
2025,2,37,机械制造及自动化,D664,武汉工程科技学院,2,423867
2025,2,38,计算机网络技术,D664,武汉工程科技学院,2,384775
2025,2,42,大数据与会计,D664,武汉工程科技学院,6,385866
2025,2,44,网络营销与直播电商,D664,武汉工程科技学院,2,455339
2025,2,P1,空中乘务,D669,四川传媒学院,5,556025
2025,2,46,婴幼儿托育服务与管理,D672,四川工商学院,5,667763
2025,2,47,计算机应用技术,D672,四川工商学院,5,600324
2025,2,48,电气自动化技术,D672,四川工商学院,5,514370
2025,2,19,信息安全技术应用,D673,成都外国语学院,1,348801
2025,2,1E,研学旅行管理与服务,D673,成都外国语学院,1,364396
2025,2,1J,融媒体技术与运营,D673,成都外国语学院,1,299313
2025,2,K1,智能机器人技术,D682,西安工商学院,27,655566
2025,2,K2,集成电路技术,D682,西安工商学院,10,677855
2025,2,K3,中文,D682,西安工商学院,15,460507
2025,2,K4,大数据与财务管理,D682,西安工商学院,20,512096
2025,2,K5,跨境电子商务,D682,西安工商学院,12,674985
2025,2,K6,网络新闻与传播,D682,西安工商学院,16,621349
2025,2,K7,大数据与会计,D682,西安工商学院,20,466799
2025,2,K8,人力资源管理,D682,西安工商学院,12,605989
2025,2,K9,数字媒体技术,D682,西安工商学院,18,514190
2025,2,01,刑事执行,D690,河北司法警官职业学院,8,302301
2025,2,02,行政执行,D690,河北司法警官职业学院,2,284540
2025,2,04,刑事侦查技术,D690,河北司法警官职业学院,5,282087
2025,2,05,司法警务,D690,河北司法警官职业学院,6,308738
2025,2,06,司法信息安全,D690,河北司法警官职业学院,4,302151
2025,2,01,大数据与财务管理,D698,山西管理职业学院,10,409214
2025,2,04,现代物流管理,D698,山西管理职业学院,5,457195
2025,2,0L,室内艺术设计,D698,山西管理职业学院,5,507871
2025,2,12,电气自动化技术,D700,天津工业职业学院,2,298036
2025,2,17,大数据技术,D700,天津工业职业学院,2,308399
2025,2,18,云计算技术应用,D700,天津工业职业学院,2,342938
2025,2,20,现代通信技术,D700,天津工业职业学院,2,344229
2025,2,21,智能互联网络技术,D700,天津工业职业学院,2,344428
2025,2,22,大数据与会计,D700,天津工业职业学院,2,290779
2025,2,01,石油工程技术,D701,天津石油职业技术学院,9,366123
2025,2,02,油气储运技术,D701,天津石油职业技术学院,9,374672
2025,2,08,云计算技术应用,D701,天津石油职业技术学院,9,397131
2025,2,09,物联网应用技术,D701,天津石油职业技术学院,9,403539
2025,2,11,电气自动化技术,D701,天津石油职业技术学院,9,359480
2025,2,12,机电一体化技术,D701,天津石油职业技术学院,9,374010
2025,2,18,石油化工技术,D701,天津石油职业技术学院,9,374173
2025,2,19,应用化工技术,D701,天津石油职业技术学院,9,378314
2025,2,22,工程造价,D701,天津石油职业技术学院,9,424627
2025,2,25,无人机应用技术,D701,天津石油职业技术学院,9,382392
2025,2,02,电子商务,D702,天津城市职业学院,1,347253
2025,2,03,市场营销,D702,天津城市职业学院,1,357339
2025,2,05,金融科技应用,D702,天津城市职业学院,1,304693
2025,2,08,动漫制作技术,D702,天津城市职业学院,1,279955
2025,2,20,云计算技术应用,D702,天津城市职业学院,1,329648
2025,2,01,护理,D703,北京科技职业学院,2,471091
2025,2,02,康复治疗技术,D703,北京科技职业学院,2,463863
2025,2,03,药品生物技术,D703,北京科技职业学院,2,467376
2025,2,04,学前教育,D703,北京科技职业学院,2,467896
2025,2,05,婴幼儿托育服务与管理,D703,北京科技职业学院,4,566991
2025,2,21,计算机应用技术,D703,北京科技职业学院,1,366291
2025,2,22,计算机网络技术,D703,北京科技职业学院,1,375412
2025,2,23,软件技术,D703,北京科技职业学院,1,426667
2025,2,26,人工智能技术应用,D703,北京科技职业学院,1,437554
2025,2,00,工商企业管理,D715,广州涉外经济职业技术学院,4,669495
2025,2,01,中文,D715,广州涉外经济职业技术学院,4,675326
2025,2,04,大数据与会计,D715,广州涉外经济职业技术学院,4,677675
2025,2,05,跨境电子商务,D715,广州涉外经济职业技术学院,4,680623
2025,2,08,空中乘务(民航服务),D727,新疆天山职业技术大学,2,581809
2025,2,0C,数字媒体技术,D727,新疆天山职业技术大学,2,574988
2025,2,0G,人工智能技术应用,D727,新疆天山职业技术大学,3,597951
2025,2,1J,学前教育,D727,新疆天山职业技术大学,3,657246
2025,2,01,大数据与会计,D728,北京培黎职业学院,2,382917
2025,2,02,金融服务与管理,D728,北京培黎职业学院,2,472134
2025,2,03,国际经济与贸易(国际商务管理),D728,北京培黎职业学院,4,465692
2025,2,07,工程造价,D728,北京培黎职业学院,3,471514
2025,2,12,新闻采编与制作,D728,北京培黎职业学院,6,553206
2025,2,13,商务英语(涉外经贸),D728,北京培黎职业学院,4,558129
2025,2,14,学前教育,D728,北京培黎职业学院,4,593656
2025,2,15,计算机应用技术,D728,北京培黎职业学院,6,530874
2025,2,16,软件技术,D728,北京培黎职业学院,2,449142
2025,2,17,大数据技术,D728,北京培黎职业学院,4,554133
2025,2,18,信息安全技术应用,D728,北京培黎职业学院,5,582320
2025,2,19,人工智能技术应用,D728,北京培黎职业学院,4,572001
2025,2,21,中医养生保健,D728,北京培黎职业学院,5,538386
2025,2,Y1,商务日语,D728,北京培黎职业学院,1,513780
2025,2,Y2,应用西班牙语,D728,北京培黎职业学院,1,608904
2025,2,01,旅游管理,D729,黑龙江旅游职业技术学院,5,492638
2025,2,10,中西面点工艺,D729,黑龙江旅游职业技术学院,4,433426
2025,2,27,计算机网络技术,D729,黑龙江旅游职业技术学院,2,385995
2025,2,29,数字媒体艺术设计,D729,黑龙江旅游职业技术学院,4,430467
2025,2,31,大数据与财务管理,D729,黑龙江旅游职业技术学院,5,386826
2025,2,04,服装设计与工艺,D730,黑龙江三江美术职业学院,2,630577
2025,2,06,动漫制作技术,D730,黑龙江三江美术职业学院,2,590709
2025,2,2Q,家具设计与制造,D731,黑龙江生态工程职业学院,15,593048
2025,2,30,人工智能技术应用,D731,黑龙江生态工程职业学院,5,445196
2025,2,0P,学前教育(师范类),D732,黑龙江能源职业学院,10,633846
2025,2,0X,大数据与财务管理,D732,黑龙江能源职业学院,10,430430
2025,2,0Z,空中乘务,D732,黑龙江能源职业学院,10,577457
2025,2,1A,煤矿智能开采技术,D732,黑龙江能源职业学院,10,596788
2025,2,48,智能水务管理,D735,重庆水利电力职业技术学院,2,328153
2025,2,53,电力系统继电保护技术,D735,重庆水利电力职业技术学院,4,303992
2025,2,56,电力系统自动化技术,D735,重庆水利电力职业技术学院,4,293759
2025,2,01,工业机器人技术,D736,陕西邮电职业技术学院,1,338320
2025,2,02,铁道通信与信息化技术,D736,陕西邮电职业技术学院,1,328512
2025,2,03,电子信息工程技术,D736,陕西邮电职业技术学院,2,342462
2025,2,04,物联网应用技术,D736,陕西邮电职业技术学院,1,316345
2025,2,05,汽车智能技术,D736,陕西邮电职业技术学院,1,361917
2025,2,06,计算机网络技术,D736,陕西邮电职业技术学院,1,337586
2025,2,07,软件技术,D736,陕西邮电职业技术学院,1,322396
2025,2,08,数字媒体技术,D736,陕西邮电职业技术学院,1,316896
2025,2,11,人工智能技术应用,D736,陕西邮电职业技术学院,2,349649
2025,2,13,现代通信技术,D736,陕西邮电职业技术学院,1,325587
2025,2,15,通信工程设计与监理,D736,陕西邮电职业技术学院,1,353539
2025,2,16,金融服务与管理,D736,陕西邮电职业技术学院,1,323669
2025,2,17,大数据与财务管理,D736,陕西邮电职业技术学院,2,293885
2025,2,20,电子商务,D736,陕西邮电职业技术学院,2,344031
2025,2,22,现代物流管理,D736,陕西邮电职业技术学院,2,374714
2025,2,01,花卉生产与花艺,D737,西安海棠职业学院,2,582047
2025,2,02,动物医学,D737,西安海棠职业学院,12,452305
2025,2,04,建筑消防技术,D737,西安海棠职业学院,3,618025
2025,2,06,建设工程管理,D737,西安海棠职业学院,2,623481
2025,2,08,护理,D737,西安海棠职业学院,16,525451
2025,2,10,中药学,D737,西安海棠职业学院,10,538880
2025,2,11,中医康复技术,D737,西安海棠职业学院,5,523048
2025,2,12,医学检验技术,D737,西安海棠职业学院,12,588458
2025,2,13,医学影像技术,D737,西安海棠职业学院,12,560218
2025,2,14,口腔医学技术,D737,西安海棠职业学院,11,559489
2025,2,15,医学美容技术,D737,西安海棠职业学院,28,642475
2025,2,16,康复治疗技术,D737,西安海棠职业学院,3,528413
2025,2,17,眼视光技术,D737,西安海棠职业学院,4,580061
2025,2,18,大数据与会计,D737,西安海棠职业学院,5,501208
2025,2,A0,新能源汽车技术,D738,西安汽车职业大学,5,514285
2025,2,A1,铁道机车运用与维护,D738,西安汽车职业大学,2,369621
2025,2,A2,高速铁路客运服务,D738,西安汽车职业大学,2,566779
2025,2,A3,道路运输管理,D738,西安汽车职业大学,2,549509
2025,2,A4,汽车技术服务与营销,D738,西安汽车职业大学,2,597120
2025,2,A5,汽车检测与维修技术,D738,西安汽车职业大学,4,579588
2025,2,A6,新能源汽车检测与维修技术,D738,西安汽车职业大学,5,550713
2025,2,A7,城市轨道交通通信信号技术,D738,西安汽车职业大学,4,587742
2025,2,A8,城市轨道交通运营管理,D738,西安汽车职业大学,2,567994
2025,2,A9,移动互联应用技术,D738,西安汽车职业大学,2,533643
2025,2,B0,数字媒体技术,D738,西安汽车职业大学,2,461438
2025,2,B1,虚拟现实技术应用,D738,西安汽车职业大学,2,581290
2025,2,B2,大数据与会计,D738,西安汽车职业大学,2,485935
2025,2,B3,现代物流管理,D738,西安汽车职业大学,2,583353
2025,2,B4,数字媒体艺术设计,D738,西安汽车职业大学,2,517868
2025,2,B5,广告艺术设计,D738,西安汽车职业大学,2,527853
2025,2,B6,室内艺术设计,D738,西安汽车职业大学,2,588324
2025,2,B7,中文,D738,西安汽车职业大学,5,533084
2025,2,B8,电子竞技运动与管理,D738,西安汽车职业大学,2,593297
2025,2,B9,人力资源管理,D738,西安汽车职业大学,2,584660
2025,2,C0,导航与位置服务,D738,西安汽车职业大学,2,591237
2025,2,C1,氢能技术应用,D738,西安汽车职业大学,4,588479
2025,2,C2,机械制造及自动化,D738,西安汽车职业大学,2,464171
2025,2,C3,电梯工程技术,D738,西安汽车职业大学,2,559688
2025,2,C4,机电一体化技术,D738,西安汽车职业大学,2,507256
2025,2,C5,工业机器人技术,D738,西安汽车职业大学,2,515385
2025,2,C6,无人机应用技术,D738,西安汽车职业大学,2,441559
2025,2,C7,汽车制造与试验技术,D738,西安汽车职业大学,4,576831
2025,2,C8,汽车电子技术,D738,西安汽车职业大学,5,628954
2025,2,C9,智能网联汽车技术,D738,西安汽车职业大学,5,590630
2025,2,D0,汽车造型与改装技术,D738,西安汽车职业大学,4,590338
2025,2,D1,城市轨道交通工程技术,D738,西安汽车职业大学,2,567916
2025,2,D2,城市轨道车辆应用技术,D738,西安汽车职业大学,4,529352
2025,2,D3,汽车智能技术,D738,西安汽车职业大学,5,566883
2025,2,D4,云计算技术应用,D738,西安汽车职业大学,2,552350
2025,2,02,临床医学,D743,白城医学高等专科学校,2,275959
2025,2,03,口腔医学,D743,白城医学高等专科学校,3,249671
2025,2,D1,影视编导,D747,上海电影艺术职业学院,10,620080
2025,2,D2,摄影摄像技术,D747,上海电影艺术职业学院,10,608224
2025,2,D3,影视多媒体技术(影视特效后期制作),D747,上海电影艺术职业学院,10,623936
2025,2,GE,影视编导(双语教学),D747,上海电影艺术职业学院,10,677941
2025,2,0B,国际经济与贸易,D748,无锡城市职业技术学院,2,282304
2025,2,0D,商务英语,D748,无锡城市职业技术学院,3,281387
2025,2,0K,大数据与会计,D748,无锡城市职业技术学院,6,272923
2025,2,0Q,会计信息管理,D748,无锡城市职业技术学院,6,293605
2025,2,0S,空中乘务,D748,无锡城市职业技术学院,1,318358
2025,2,0U,旅游管理,D748,无锡城市职业技术学院,2,311678
2025,2,0X,酒店管理与数字化运营,D748,无锡城市职业技术学院,4,320686
2025,2,2K,工业互联网技术,D748,无锡城市职业技术学院,3,324667
2025,2,2M,人工智能技术应用,D748,无锡城市职业技术学院,8,324830
2025,2,2W,建筑装饰工程技术,D748,无锡城市职业技术学院,8,367153
2025,2,01,建筑室内设计,D750,金山职业技术学院,5,675553
2025,2,02,工程造价,D750,金山职业技术学院,5,665300
2025,2,03,建设工程管理,D750,金山职业技术学院,5,657883
2025,2,04,数控技术,D750,金山职业技术学院,5,636744
2025,2,05,智能制造装备技术,D750,金山职业技术学院,5,651432
2025,2,06,机电一体化技术,D750,金山职业技术学院,5,603958
2025,2,07,工业机器人技术,D750,金山职业技术学院,5,643684
2025,2,08,电气自动化技术,D750,金山职业技术学院,5,532217
2025,2,09,无人机应用技术,D750,金山职业技术学院,5,606831
2025,2,10,新能源汽车技术,D750,金山职业技术学院,5,624528
2025,2,11,汽车电子技术,D750,金山职业技术学院,5,664220
2025,2,12,高速铁路客运服务,D750,金山职业技术学院,5,642078
2025,2,13,汽车技术服务与营销,D750,金山职业技术学院,5,666361
2025,2,14,民航运输服务,D750,金山职业技术学院,5,656914
2025,2,15,城市轨道交通运营管理,D750,金山职业技术学院,5,579850
2025,2,16,计算机网络技术,D750,金山职业技术学院,5,643600
2025,2,17,数字媒体技术,D750,金山职业技术学院,5,539350
2025,2,18,人工智能技术应用,D750,金山职业技术学院,5,661786
2025,2,19,婴幼儿托育服务与管理,D750,金山职业技术学院,5,667074
2025,2,20,大数据与会计,D750,金山职业技术学院,5,532585
2025,2,21,连锁经营与管理,D750,金山职业技术学院,5,639660
2025,2,22,市场营销,D750,金山职业技术学院,5,671297
2025,2,23,电子商务,D750,金山职业技术学院,5,651338
2025,2,24,现代物流管理,D750,金山职业技术学院,5,665867
2025,2,25,旅游管理,D750,金山职业技术学院,5,674662
2025,2,26,酒店管理与数字化运营,D750,金山职业技术学院,5,663136
2025,2,29,融媒体技术与运营,D750,金山职业技术学院,5,647049
2025,2,30,应用英语,D750,金山职业技术学院,5,605530
2025,2,1S,无人机应用技术,D751,苏州健雄职业技术学院,5,346708
2025,2,2D,现代物流管理,D751,苏州健雄职业技术学院,5,374365
2025,2,03,建筑室内设计,D752,盐城工业职业技术学院,5,384440
2025,2,06,工程造价,D752,盐城工业职业技术学院,5,389240
2025,2,55,大数据与会计,D753,江苏财经职业技术学院,2,271515
2025,2,59,财税大数据应用,D753,江苏财经职业技术学院,3,291846
2025,2,63,工程造价,D753,江苏财经职业技术学院,5,345250
2025,2,71,大数据与财务管理,D753,江苏财经职业技术学院,2,279620
2025,2,78,计算机应用技术,D753,江苏财经职业技术学院,3,311160
2025,2,85,食品药品监督管理,D753,江苏财经职业技术学院,5,317435
2025,2,05,分析检验技术,D754,扬州工业职业技术学院,5,361321
2025,2,11,复合材料智能制造技术,D754,扬州工业职业技术学院,5,370266
2025,2,25,机电一体化技术,D754,扬州工业职业技术学院,5,328573
2025,2,29,电气自动化技术,D754,扬州工业职业技术学院,10,337518
2025,2,31,工业机器人技术,D754,扬州工业职业技术学院,10,347073
2025,2,35,飞行器数字化制造技术,D754,扬州工业职业技术学院,5,359312
2025,2,01,园艺技术,D758,云南林业职业技术学院,2,392515
2025,2,04,林业技术,D758,云南林业职业技术学院,2,393394
2025,2,05,园林技术,D758,云南林业职业技术学院,2,438336
2025,2,11,森林生态旅游与康养,D758,云南林业职业技术学院,2,404967
2025,2,14,环境监测技术,D758,云南林业职业技术学院,2,400560
2025,2,38,大数据与财务管理,D758,云南林业职业技术学院,2,371814
2025,2,23,人工智能技术应用,D759,云南城市建设职业学院,5,674677
2025,2,25,护理,D759,云南城市建设职业学院,5,679015
2025,2,26,口腔医学技术,D759,云南城市建设职业学院,5,587128
2025,2,27,医学美容技术,D759,云南城市建设职业学院,5,668154
2025,2,01,电气自动化技术,D761,云南工程职业学院,2,591080
2025,2,03,新能源汽车技术,D761,云南工程职业学院,2,634089
2025,2,05,机电一体化技术,D761,云南工程职业学院,3,627074
2025,2,06,口腔医学技术,D761,云南工程职业学院,2,627450
2025,2,13,高速铁路客运服务,D761,云南工程职业学院,2,678811
2025,2,15,康复治疗技术,D761,云南工程职业学院,1,510404
2025,2,03,智能制造装备技术,D768,厦门华天涉外职业技术学院,2,547166
2025,2,11,动漫制作技术,D768,厦门华天涉外职业技术学院,1,443081
2025,2,25,空中乘务,D768,厦门华天涉外职业技术学院,2,593313
2025,2,14,电气自动化技术,D772,湄洲湾职业技术学院,5,388227
2025,2,17,应用化工技术,D772,湄洲湾职业技术学院,5,426869
2025,2,G3,计算机应用技术,D772,湄洲湾职业技术学院,20,434036
2025,2,G4,无人机应用技术,D772,湄洲湾职业技术学院,20,428008
2025,2,L1,机电一体化技术,D776,江西软件职业技术大学,1,540085
2025,2,L5,电子竞技运动与管理,D776,江西软件职业技术大学,1,625421
2025,2,R2,云计算技术应用,D776,江西软件职业技术大学,5,480618
2025,2,R3,工业软件开发技术,D776,江西软件职业技术大学,1,592528
2025,2,R5,信息安全技术应用,D776,江西软件职业技术大学,1,595453
2025,2,R6,软件技术,D776,江西软件职业技术大学,5,654597
2025,2,R9,区块链技术应用,D776,江西软件职业技术大学,1,587417
2025,2,01,小学语文教育(师范类),D777,淄博师范高等专科学校,10,279023
2025,2,02,小学数学教育(师范类),D777,淄博师范高等专科学校,10,285032
2025,2,03,小学英语教育(师范类),D777,淄博师范高等专科学校,10,283285
2025,2,04,小学教育(师范类),D777,淄博师范高等专科学校,15,278160
2025,2,05,学前教育(师范类),D777,淄博师范高等专科学校,89,404145
2025,2,07,特殊教育(师范类),D777,淄博师范高等专科学校,90,381119
2025,2,08,早期教育,D777,淄博师范高等专科学校,40,520073
2025,2,09,婴幼儿托育服务与管理,D777,淄博师范高等专科学校,40,556844
2025,2,10,现代教育技术(师范类),D777,淄博师范高等专科学校,50,415597
2025,2,11,信息安全技术应用,D777,淄博师范高等专科学校,90,469440
2025,2,12,人工智能技术应用,D777,淄博师范高等专科学校,90,467087
2025,2,13,智慧健康养老服务与管理,D777,淄博师范高等专科学校,130,471948
2025,2,14,社区管理与服务,D777,淄博师范高等专科学校,130,549172
2025,2,15,研学旅行管理与服务,D777,淄博师范高等专科学校,110,568063
2025,2,16,动漫制作技术,D777,淄博师范高等专科学校,85,493476
2025,2,17,文物修复与保护,D777,淄博师范高等专科学校,90,479763
2025,2,18,跨境电子商务,D777,淄博师范高等专科学校,50,539009
2025,2,19,统计与大数据分析,D777,淄博师范高等专科学校,90,484114
2025,2,20,大数据技术,D777,淄博师范高等专科学校,120,475730
2025,2,21,文化创意与策划,D777,淄博师范高等专科学校,90,558514
2025,2,22,微电子技术,D777,淄博师范高等专科学校,45,512652
2025,2,23,商务英语,D777,淄博师范高等专科学校,90,510287
2025,2,24,电气自动化技术,D777,淄博师范高等专科学校,70,409283
2025,2,H1,学前教育(中外合作办学)(师范类),D777,淄博师范高等专科学校,80,598810
2025,2,G7,人工智能技术应用(高职3+2贯通培养，衔接临沂大学人工智能专业),D777,淄博师范高等专科学校,30,236409
2025,2,G9,微电子技术(高职3+2贯通培养，衔接德州学院电子信息工程专业),D777,淄博师范高等专科学校,30,266511
2025,2,01,中医学,D778,山东中医药高等专科学校,410,311887
2025,2,02,中药学,D778,山东中医药高等专科学校,190,362650
2025,2,03,护理,D778,山东中医药高等专科学校,245,352025
2025,2,04,针灸推拿,D778,山东中医药高等专科学校,150,286002
2025,2,05,中医骨伤,D778,山东中医药高等专科学校,40,286921
2025,2,06,中医养生保健,D778,山东中医药高等专科学校,20,340993
2025,2,07,健康管理,D778,山东中医药高等专科学校,20,361105
2025,2,08,药品经营与管理,D778,山东中医药高等专科学校,40,366836
2025,2,09,药物制剂技术,D778,山东中医药高等专科学校,40,350563
2025,2,10,中药制药,D778,山东中医药高等专科学校,40,343625
2025,2,11,生物制药技术,D778,山东中医药高等专科学校,35,299914
2025,2,12,药学,D778,山东中医药高等专科学校,55,341331
2025,2,13,助产,D778,山东中医药高等专科学校,25,371815
2025,2,14,康复治疗技术,D778,山东中医药高等专科学校,50,331213
2025,2,15,医学美容技术,D778,山东中医药高等专科学校,40,303622
2025,2,16,医学营养,D778,山东中医药高等专科学校,30,360743
2025,2,17,医学检验技术,D778,山东中医药高等专科学校,100,353052
2025,2,18,口腔医学,D778,山东中医药高等专科学校,110,278269
2025,2,19,医学影像技术,D778,山东中医药高等专科学校,113,338925
2025,2,20,公共卫生管理,D778,山东中医药高等专科学校,20,370880
2025,2,21,预防医学,D778,山东中医药高等专科学校,20,353768
2025,2,22,中药学(高职3+2贯通培养，衔接山东中医药大学中药学专业),D778,山东中医药高等专科学校,50,191246
2025,2,23,护理(高职3+2贯通培养，衔接山东中医药大学护理学专业),D778,山东中医药高等专科学校,50,193133
2025,2,26,中医学(省属公费医学生，面向淄博市就业),D778,山东中医药高等专科学校,2,82676
2025,2,27,中医学(省属公费医学生，面向枣庄市就业),D778,山东中医药高等专科学校,1,76925
2025,2,37,中医学(省属公费医学生，面向聊城市就业),D778,山东中医药高等专科学校,4,139276
2025,2,39,中医学(省属公费医学生，面向菏泽市就业),D778,山东中医药高等专科学校,1,123757
2025,2,04,临床医学,D779,沧州医学高等专科学校,2,279036
2025,2,05,口腔医学,D779,沧州医学高等专科学校,2,235932
2025,2,06,护理,D779,沧州医学高等专科学校,2,306747
2025,2,A2,医学检验技术,D779,沧州医学高等专科学校,2,308612
2025,2,A3,医学影像技术,D779,沧州医学高等专科学校,2,293683
2025,2,04,临床医学,D780,漯河医学高等专科学校,10,325806
2025,2,05,口腔医学,D780,漯河医学高等专科学校,8,280244
2025,2,06,护理,D780,漯河医学高等专科学校,15,340452
2025,2,08,药学,D780,漯河医学高等专科学校,5,353817
2025,2,09,中药学,D780,漯河医学高等专科学校,5,408669
2025,2,10,中医学,D780,漯河医学高等专科学校,2,294383
2025,2,11,中医康复技术,D780,漯河医学高等专科学校,2,298359
2025,2,12,医学检验技术,D780,漯河医学高等专科学校,5,411720
2025,2,13,医学影像技术,D780,漯河医学高等专科学校,5,371401
2025,2,15,康复治疗技术,D780,漯河医学高等专科学校,4,313633
2025,2,01,临床医学,D781,南阳医学高等专科学校,2,284054
2025,2,02,口腔医学,D781,南阳医学高等专科学校,2,263244
2025,2,03,中医学,D781,南阳医学高等专科学校,1,253748
2025,2,04,中医骨伤,D781,南阳医学高等专科学校,3,287149
2025,2,05,针灸推拿,D781,南阳医学高等专科学校,8,290984
2025,2,06,护理,D781,南阳医学高等专科学校,5,289697
2025,2,08,药学,D781,南阳医学高等专科学校,2,346661
2025,2,09,中药学,D781,南阳医学高等专科学校,3,291516
2025,2,11,医学影像技术,D781,南阳医学高等专科学校,3,284091
2025,2,13,康复治疗技术,D781,南阳医学高等专科学校,3,282295
2025,2,01,临床医学,D782,商丘医学高等专科学校,10,329054
2025,2,02,口腔医学,D782,商丘医学高等专科学校,10,279434
2025,2,06,护理,D782,商丘医学高等专科学校,10,353219
2025,2,35,大数据与会计,D784,信阳职业技术学院,10,445713
2025,2,5C,小学教育(师范类),D784,信阳职业技术学院,10,483088
2025,2,H1,软件技术,D786,郑州工业安全职业学院,30,445342
2025,2,11,机电一体化技术,D787,永城职业学院,10,402509
2025,2,24,计算机应用技术,D787,永城职业学院,12,549672
2025,2,01,财税大数据应用,D788,河南经贸职业学院,3,348281
2025,2,06,大数据与会计,D788,河南经贸职业学院,8,307081
2025,2,11,财富管理,D788,河南经贸职业学院,11,438804
2025,2,27,计算机应用技术,D788,河南经贸职业学院,3,323228
2025,2,53,商务英语,D788,河南经贸职业学院,5,393467
2025,2,09,园林技术,D790,河南农业职业学院,10,464054
2025,2,17,动物医学,D790,河南农业职业学院,10,321364
2025,2,01,旅游管理,D791,郑州旅游职业学院,5,453848
2025,2,08,酒店管理与数字化运营,D791,郑州旅游职业学院,5,503743
2025,2,34,智慧旅游技术应用(旅游大数据分析方向),D791,郑州旅游职业学院,5,497435
2025,2,0H,新闻采编与制作,D793,江汉艺术职业学院,3,376704
2025,2,0L,学前教育(师范类),D793,江汉艺术职业学院,6,466029
2025,2,0X,软件技术,D793,江汉艺术职业学院,5,386207
2025,2,10,人工智能技术应用,D793,江汉艺术职业学院,2,388189
2025,2,11,小学教育(师范类),D793,江汉艺术职业学院,4,388575
2025,2,12,小学教育(师范类，语文方向),D793,江汉艺术职业学院,5,372711
2025,2,13,小学英语教育(师范类),D793,江汉艺术职业学院,5,380507
2025,2,14,无人机应用技术,D793,江汉艺术职业学院,3,403484
2025,2,1A,网络营销与直播电商,D793,江汉艺术职业学院,2,431223
2025,2,1C,酒店管理与数字化运营(普通班),D793,江汉艺术职业学院,3,460614
2025,2,03,信息安全技术应用,D797,湖北黄冈应急管理职业技术学院,2,344477
2025,2,04,应急救援技术,D797,湖北黄冈应急管理职业技术学院,3,380161
2025,2,06,工程安全评价与监理,D797,湖北黄冈应急管理职业技术学院,2,434030
2025,2,09,安全智能监测技术,D797,湖北黄冈应急管理职业技术学院,2,427216
2025,2,0B,安全技术与管理,D797,湖北黄冈应急管理职业技术学院,2,403442
2025,2,0C,化工安全技术,D797,湖北黄冈应急管理职业技术学院,2,414975
2025,2,0R,智能物流技术,D797,湖北黄冈应急管理职业技术学院,2,415812
2025,2,5D,建筑消防技术,D797,湖北黄冈应急管理职业技术学院,2,450590
2025,2,01,机电一体化技术,D799,黄冈科技职业学院,2,497697
2025,2,08,大数据技术,D799,黄冈科技职业学院,2,500217
2025,2,09,智能网联汽车技术,D799,黄冈科技职业学院,50,678170
2025,2,0A,新能源汽车技术,D799,黄冈科技职业学院,5,596243
2025,2,0B,汽车检测与维修技术,D799,黄冈科技职业学院,5,587273
2025,2,0C,电子商务,D799,黄冈科技职业学院,7,618667
2025,2,0D,数字媒体艺术设计,D799,黄冈科技职业学院,7,583375
2025,2,0E,动漫设计,D799,黄冈科技职业学院,5,618603
2025,2,0G,健康管理,D799,黄冈科技职业学院,2,573101
2025,2,0N,空中乘务,D799,黄冈科技职业学院,2,621775
2025,2,0P,影视编导,D799,黄冈科技职业学院,2,547895
2025,2,0Q,市场营销,D799,黄冈科技职业学院,20,679859
2025,2,0T,智能控制技术,D799,黄冈科技职业学院,40,664085
2025,2,0U,新能源材料应用技术,D799,黄冈科技职业学院,40,672950
2025,2,0V,会计信息管理,D799,黄冈科技职业学院,25,637443
2025,2,0W,学前教育(师范类),D799,黄冈科技职业学院,30,675535
2025,2,0X,计算机应用技术,D799,黄冈科技职业学院,49,668021
2025,2,0Y,融媒体技术与运营,D799,黄冈科技职业学院,2,615203
2025,2,10,移动应用开发,D799,黄冈科技职业学院,35,666522
2025,2,01,国土资源调查与管理,D800,湖北国土资源职业学院,9,360824
2025,2,03,宝玉石鉴定与加工,D800,湖北国土资源职业学院,5,388898
2025,2,05,测绘地理信息技术,D800,湖北国土资源职业学院,6,376823
2025,2,07,摄影测量与遥感技术,D800,湖北国土资源职业学院,5,382731
2025,2,08,国土空间规划与测绘,D800,湖北国土资源职业学院,5,382800
2025,2,10,无人机应用技术,D800,湖北国土资源职业学院,4,365169
2025,2,12,工程造价,D800,湖北国土资源职业学院,5,397051
2025,2,15,地质灾害调查与防治,D800,湖北国土资源职业学院,4,374187
2025,2,16,工程安全评价与监理,D800,湖北国土资源职业学院,4,394730
2025,2,19,工业机器人技术,D800,湖北国土资源职业学院,4,364474
2025,2,30,网络营销与直播电商,D800,湖北国土资源职业学院,4,383520
2025,2,01,园艺技术,D801,湖北生态工程职业技术学院,3,387217
2025,2,03,药品生物技术,D801,湖北生态工程职业技术学院,5,375102
2025,2,0C,园林工程技术,D801,湖北生态工程职业技术学院,3,404698
2025,2,0U,云计算技术应用,D801,湖北生态工程职业技术学院,5,359925
2025,2,0W,移动应用开发,D801,湖北生态工程职业技术学院,3,366542
2025,2,19,中草药栽培与加工技术,D801,湖北生态工程职业技术学院,3,374728
2025,2,1F,计算机应用技术,D801,湖北生态工程职业技术学院,3,325935
2025,2,1N,物联网应用技术,D801,湖北生态工程职业技术学院,5,364860
2025,2,1U,现代物流管理,D801,湖北生态工程职业技术学院,5,405921
2025,2,23,酒店管理与数字化运营,D801,湖北生态工程职业技术学院,2,397575
2025,2,25,机电一体化技术,D801,湖北生态工程职业技术学院,3,352971
2025,2,26,工业机器人技术,D801,湖北生态工程职业技术学院,3,367752
2025,2,2H,林草生态保护与修复,D801,湖北生态工程职业技术学院,3,386357
2025,2,2K,环境监测技术,D801,湖北生态工程职业技术学院,3,392589
2025,2,2L,无人机测绘技术,D801,湖北生态工程职业技术学院,3,368958
2025,2,2R,信息安全技术应用,D801,湖北生态工程职业技术学院,5,354777
2025,2,2T,大数据与会计,D801,湖北生态工程职业技术学院,5,297166
2025,2,2V,跨境电子商务,D801,湖北生态工程职业技术学院,3,396212
2025,2,32,古建筑工程技术,D801,湖北生态工程职业技术学院,3,398377
2025,2,34,建筑室内设计,D801,湖北生态工程职业技术学院,6,397616
2025,2,35,工程造价,D801,湖北生态工程职业技术学院,3,415560
2025,2,38,电子商务,D801,湖北生态工程职业技术学院,3,387751
2025,2,01,临床医学,D810,肇庆医学院,1,273625
2025,2,02,口腔医学,D810,肇庆医学院,1,240298
2025,2,04,中医学,D810,肇庆医学院,1,272915
2025,2,08,护理,D810,肇庆医学院,1,235800
2025,2,10,药学,D810,肇庆医学院,1,287553
2025,2,16,机电一体化技术,D816,四川工业科技学院,1,448374
2025,2,59,大数据与会计,D816,四川工业科技学院,1,391835
2025,2,01,园艺技术,D817,黔西南民族职业技术学院,2,641592
2025,2,0D,空中乘务,D817,黔西南民族职业技术学院,4,566479
2025,2,0H,旅游管理,D817,黔西南民族职业技术学院,2,591241
2025,2,0L,药学,D817,黔西南民族职业技术学院,2,540049
2025,2,0M,中药学,D817,黔西南民族职业技术学院,2,426961
2025,2,0P,康复治疗技术,D817,黔西南民族职业技术学院,2,430651
2025,2,0R,护理,D817,黔西南民族职业技术学院,6,499954
2025,2,0D,大数据技术,D818,贵州轻工职业大学,10,386306
2025,2,0G,大数据与会计,D818,贵州轻工职业大学,10,361802
2025,2,D1,法律事务,D819,陕西警察学院,8,258985
2025,2,D2,法律文秘,D819,陕西警察学院,5,269655
2025,2,D3,司法警务,D819,陕西警察学院,9,276075
2025,2,D4,安全保卫管理,D819,陕西警察学院,1,275821
2025,2,03,临床医学,D821,忻州职业技术学院,3,335245
2025,2,04,针灸推拿,D821,忻州职业技术学院,3,311692
2025,2,03,护理,D822,河北女子职业技术学院,10,409074
2025,2,05,智能网联汽车技术,D824,内蒙古交通职业技术学院,20,548714
2025,2,10,城市轨道交通通信信号技术,D824,内蒙古交通职业技术学院,15,448864
2025,2,15,铁道工程技术,D824,内蒙古交通职业技术学院,15,398193
2025,2,21,工程造价,D824,内蒙古交通职业技术学院,20,609786
2025,2,35,空中乘务,D824,内蒙古交通职业技术学院,30,592311
2025,2,01,发电厂及电力系统,D831,广西电力职业技术学院,14,357929
2025,2,03,输配电工程技术,D831,广西电力职业技术学院,5,362449
2025,2,04,电力系统自动化技术,D831,广西电力职业技术学院,15,350197
2025,2,05,电力系统继电保护技术,D831,广西电力职业技术学院,2,309418
2025,2,07,热能动力工程技术,D831,广西电力职业技术学院,10,390924
2025,2,0D,新能源装备技术,D831,广西电力职业技术学院,4,392822
2025,2,0F,移动互联应用技术,D831,广西电力职业技术学院,7,456570
2025,2,0M,市场营销,D831,广西电力职业技术学院,5,492102
2025,2,0P,大数据与会计,D831,广西电力职业技术学院,4,387287
2025,2,0R,跨境电子商务,D831,广西电力职业技术学院,11,550838
2025,2,0T,电气自动化技术,D831,广西电力职业技术学院,4,325229
2025,2,0U,机电一体化技术,D831,广西电力职业技术学院,4,361950
2025,2,0V,机电设备技术,D831,广西电力职业技术学院,3,399005
2025,2,0W,理化测试与质检技术,D831,广西电力职业技术学院,2,384809
2025,2,11,工程造价,D831,广西电力职业技术学院,8,522268
2025,2,12,建筑室内设计,D831,广西电力职业技术学院,4,501111
2025,2,13,建筑工程技术,D831,广西电力职业技术学院,2,485318
2025,2,14,新能源汽车技术,D831,广西电力职业技术学院,7,431298
2025,2,15,新能源汽车检测与维修技术,D831,广西电力职业技术学院,5,474679
2025,2,18,民航运输服务,D831,广西电力职业技术学院,4,492444
2025,2,32,计算机应用技术,D845,安徽财贸职业学院,10,420946
2025,2,33,旅游管理,D845,安徽财贸职业学院,10,499073
2025,2,02,国际商务,D846,安徽国际商务职业学院,5,425867
2025,2,06,市场营销,D846,安徽国际商务职业学院,5,446012
2025,2,0B,商务英语,D846,安徽国际商务职业学院,5,387744
2025,2,0F,计算机应用技术,D846,安徽国际商务职业学院,5,384505
2025,2,0Q,大数据与会计,D846,安徽国际商务职业学院,10,353105
2025,2,0U,旅游管理,D846,安徽国际商务职业学院,5,493301
2025,2,0V,酒店管理与数字化运营,D846,安徽国际商务职业学院,5,461018
2025,2,13,电子商务,D846,安徽国际商务职业学院,5,440389
2025,2,14,移动商务,D846,安徽国际商务职业学院,5,475831
2025,2,01,大数据与审计,D849,安徽审计职业学院,5,291865
2025,2,03,大数据与会计,D849,安徽审计职业学院,5,294409
2025,2,01,新闻采编与制作,D850,安徽新闻出版职业技术学院,2,376289
2025,2,02,摄影摄像技术,D850,安徽新闻出版职业技术学院,1,408919
2025,2,08,数字出版,D850,安徽新闻出版职业技术学院,1,389727
2025,2,09,影视编导,D850,安徽新闻出版职业技术学院,4,405001
2025,2,10,影视动画,D850,安徽新闻出版职业技术学院,4,418595
2025,2,11,融媒体技术与运营,D850,安徽新闻出版职业技术学院,1,342356
2025,2,17,建筑室内设计,D850,安徽新闻出版职业技术学院,2,398633
2025,2,18,数字媒体技术,D850,安徽新闻出版职业技术学院,2,351884
2025,2,20,物联网应用技术,D850,安徽新闻出版职业技术学院,3,414487
2025,2,21,信息安全技术应用,D850,安徽新闻出版职业技术学院,4,422248
2025,2,24,智能控制技术,D850,安徽新闻出版职业技术学院,3,411779
2025,2,26,印刷媒体技术,D850,安徽新闻出版职业技术学院,6,452913
2025,2,30,旅游管理,D850,安徽新闻出版职业技术学院,3,474650
2025,2,33,工程造价,D850,安徽新闻出版职业技术学院,2,455489
2025,2,34,网络营销与直播电商,D850,安徽新闻出版职业技术学院,2,417765
2025,2,01,建筑工程技术,D855,济南工程职业技术学院,50,514239
2025,2,02,道路与桥梁工程技术,D855,济南工程职业技术学院,45,435062
2025,2,03,工程测量技术,D855,济南工程职业技术学院,20,485954
2025,2,04,光伏工程技术,D855,济南工程职业技术学院,40,434025
2025,2,05,园林工程技术,D855,济南工程职业技术学院,30,487784
2025,2,06,建筑装饰工程技术,D855,济南工程职业技术学院,33,514189
2025,2,07,智能建造技术,D855,济南工程职业技术学院,30,495086
2025,2,08,市场营销,D855,济南工程职业技术学院,30,497809
2025,2,09,服装设计与工艺,D855,济南工程职业技术学院,20,480772
2025,2,10,国际经济与贸易,D855,济南工程职业技术学院,20,455945
2025,2,11,服装与服饰设计,D855,济南工程职业技术学院,25,475177
2025,2,12,服装陈列与展示设计,D855,济南工程职业技术学院,25,506135
2025,2,13,电子商务,D855,济南工程职业技术学院,30,454896
2025,2,14,现代物流管理,D855,济南工程职业技术学院,30,468983
2025,2,15,机电一体化技术,D855,济南工程职业技术学院,70,379333
2025,2,16,机械制造及自动化,D855,济南工程职业技术学院,40,388187
2025,2,17,电气自动化技术,D855,济南工程职业技术学院,45,356051
2025,2,18,电梯工程技术,D855,济南工程职业技术学院,25,420241
2025,2,19,工业互联网应用,D855,济南工程职业技术学院,30,437330
2025,2,20,汽车制造与试验技术,D855,济南工程职业技术学院,30,448822
2025,2,21,汽车技术服务与营销,D855,济南工程职业技术学院,25,496858
2025,2,22,新能源汽车技术,D855,济南工程职业技术学院,45,404152
2025,2,23,智能网联汽车技术,D855,济南工程职业技术学院,30,458483
2025,2,24,汽车检测与维修技术,D855,济南工程职业技术学院,30,442986
2025,2,25,城市轨道交通运营管理,D855,济南工程职业技术学院,50,330363
2025,2,26,城市轨道交通机电技术,D855,济南工程职业技术学院,80,386000
2025,2,27,城市轨道交通通信信号技术,D855,济南工程职业技术学院,80,367916
2025,2,28,城市轨道车辆应用技术,D855,济南工程职业技术学院,70,392870
2025,2,29,铁道供电技术,D855,济南工程职业技术学院,45,381009
2025,2,30,工程造价,D855,济南工程职业技术学院,95,537104
2025,2,31,建设工程监理,D855,济南工程职业技术学院,20,528272
2025,2,32,建设工程管理,D855,济南工程职业技术学院,20,538646
2025,2,33,大数据与会计,D855,济南工程职业技术学院,115,362834
2025,2,34,大数据与财务管理,D855,济南工程职业技术学院,35,371534
2025,2,35,大数据与审计,D855,济南工程职业技术学院,40,369010
2025,2,36,财税大数据应用,D855,济南工程职业技术学院,40,426463
2025,2,37,会展策划与管理,D855,济南工程职业技术学院,20,461836
2025,2,38,动漫制作技术,D855,济南工程职业技术学院,20,400169
2025,2,39,数字媒体技术,D855,济南工程职业技术学院,30,346079
2025,2,40,云计算技术应用,D855,济南工程职业技术学院,35,430907
2025,2,41,大数据技术,D855,济南工程职业技术学院,40,407670
2025,2,42,人工智能技术应用,D855,济南工程职业技术学院,45,423719
2025,2,43,电子信息工程技术,D855,济南工程职业技术学院,41,423754
2025,2,44,信息安全技术应用,D855,济南工程职业技术学院,60,430541
2025,2,81,电子信息工程技术,D855,济南工程职业技术学院,40,378606
2025,2,71,国际经济与贸易(中外合作办学),D855,济南工程职业技术学院,35,578791
2025,2,72,机电一体化技术(中外合作办学),D855,济南工程职业技术学院,31,497658
2025,2,91,建筑工程技术(高职3+2贯通培养，衔接山东建筑大学智能建造专业),D855,济南工程职业技术学院,40,263278
2025,2,92,工程造价(高职3+2贯通培养，衔接山东建筑大学工程造价专业),D855,济南工程职业技术学院,40,241890
2025,2,93,城市轨道交通通信信号技术(高职3+2贯通培养，衔接临沂大学通信工程专,D855,济南工程职业技术学院,40,215772
2025,2,94,机电一体化技术(高职3+2贯通培养，衔接山东工商学院自动化专业),D855,济南工程职业技术学院,30,235831
2025,2,95,人工智能技术应用(高职3+2贯通培养，衔接临沂大学人工智能专业),D855,济南工程职业技术学院,30,232328
2025,2,17,电子信息工程技术,D856,山东电子职业技术学院,25,394693
2025,2,18,集成电路技术,D856,山东电子职业技术学院,97,466045
2025,2,19,微电子技术,D856,山东电子职业技术学院,67,482461
2025,2,20,智能医疗装备技术,D856,山东电子职业技术学院,45,471681
2025,2,21,智能产品开发与应用,D856,山东电子职业技术学院,45,438289
2025,2,22,软件技术,D856,山东电子职业技术学院,65,385181
2025,2,23,云计算技术应用,D856,山东电子职业技术学院,45,409973
2025,2,24,移动应用开发,D856,山东电子职业技术学院,45,439953
2025,2,25,大数据技术,D856,山东电子职业技术学院,110,375350
2025,2,26,人工智能技术应用,D856,山东电子职业技术学院,70,397355
2025,2,27,人工智能数据工程技术,D856,山东电子职业技术学院,45,430558
2025,2,28,物联网应用技术,D856,山东电子职业技术学院,35,405718
2025,2,29,电气自动化技术,D856,山东电子职业技术学院,45,348998
2025,2,30,工业互联网应用,D856,山东电子职业技术学院,71,423143
2025,2,31,无人机应用技术,D856,山东电子职业技术学院,95,378571
2025,2,32,工业机器人技术,D856,山东电子职业技术学院,90,396749
2025,2,33,智能控制技术,D856,山东电子职业技术学院,50,406452
2025,2,34,智能网联汽车技术,D856,山东电子职业技术学院,50,453528
2025,2,35,电子商务,D856,山东电子职业技术学院,40,490290
2025,2,36,跨境电子商务,D856,山东电子职业技术学院,60,508301
2025,2,37,商务数据分析与应用,D856,山东电子职业技术学院,30,516296
2025,2,38,现代物流管理,D856,山东电子职业技术学院,80,518916
2025,2,40,大数据与会计,D856,山东电子职业技术学院,67,346642
2025,2,41,大数据与财务管理,D856,山东电子职业技术学院,40,359868
2025,2,42,金融科技应用,D856,山东电子职业技术学院,38,516558
2025,2,43,数字媒体技术,D856,山东电子职业技术学院,40,334543
2025,2,44,动漫制作技术,D856,山东电子职业技术学院,40,394309
2025,2,45,数字媒体艺术设计,D856,山东电子职业技术学院,52,393569
2025,2,46,游戏艺术设计,D856,山东电子职业技术学院,45,434462
2025,2,47,虚拟现实技术应用,D856,山东电子职业技术学院,45,425292
2025,2,48,计算机网络技术,D856,山东电子职业技术学院,70,372966
2025,2,49,信息安全技术应用,D856,山东电子职业技术学院,50,389914
2025,2,50,现代通信技术,D856,山东电子职业技术学院,90,433643
2025,2,51,计算机应用技术,D856,山东电子职业技术学院,25,358207
2025,2,01,电子信息工程技术(高职3+2贯通培养，衔接枣庄学院电子信息工程专业),D856,山东电子职业技术学院,40,258218
2025,2,02,集成电路技术(高职3+2贯通培养，衔接山东工商学院集成电路设计与集成,D856,山东电子职业技术学院,30,264210
2025,2,03,微电子技术(高职3+2贯通培养，衔接枣庄学院集成电路设计与集成系统专,D856,山东电子职业技术学院,30,266883
2025,2,04,软件技术(高职3+2贯通培养，衔接山东青年政治学院计算机科学与技术专,D856,山东电子职业技术学院,40,228423
2025,2,05,移动应用开发(高职3+2贯通培养，衔接山东女子学院软件工程专业),D856,山东电子职业技术学院,50,251756
2025,2,06,大数据技术(高职3+2贯通培养，衔接德州学院数据科学与大数据技术专业,D856,山东电子职业技术学院,40,244137
2025,2,07,人工智能技术应用(高职3+2贯通培养，衔接临沂大学人工智能专业),D856,山东电子职业技术学院,30,231433
2025,2,08,电气自动化技术(高职3+2贯通培养，衔接菏泽学院自动化专业),D856,山东电子职业技术学院,40,238696
2025,2,09,工业互联网应用(高职3+2贯通培养，衔接菏泽学院智能制造工程专业),D856,山东电子职业技术学院,30,265884
2025,2,10,电子商务(高职3+2贯通培养，衔接山东管理学院电子商务专业),D856,山东电子职业技术学院,30,257088
2025,2,11,跨境电子商务(高职3+2贯通培养，衔接菏泽学院跨境电子商务专业),D856,山东电子职业技术学院,40,265994
2025,2,12,大数据与会计(高职3+2贯通培养，衔接菏泽学院财务管理专业),D856,山东电子职业技术学院,60,211251
2025,2,13,大数据与财务管理(高职3+2贯通培养，衔接山东政法学院大数据管理与应,D856,山东电子职业技术学院,50,211478
2025,2,14,数字媒体技术(高职3+2贯通培养，衔接山东女子学院数字媒体技术专业),D856,山东电子职业技术学院,40,225583
2025,2,15,数字媒体艺术设计(高职3+2贯通培养，衔接山东工艺美术学院数字媒体技,D856,山东电子职业技术学院,30,235610
2025,2,16,信息安全技术应用(高职3+2贯通培养，衔接齐鲁师范学院网络空间安全专,D856,山东电子职业技术学院,60,239062
2025,2,40,建筑工程技术,D857,山东华宇工学院,70,632029
2025,2,41,机械制造及自动化,D857,山东华宇工学院,135,600964
2025,2,42,制冷与空调技术,D857,山东华宇工学院,147,635968
2025,2,43,机电一体化技术,D857,山东华宇工学院,98,584315
2025,2,44,电气自动化技术,D857,山东华宇工学院,150,598038
2025,2,45,汽车制造与试验技术,D857,山东华宇工学院,22,608002
2025,2,46,新能源汽车技术,D857,山东华宇工学院,80,614637
2025,2,47,计算机网络技术,D857,山东华宇工学院,112,615402
2025,2,48,软件技术,D857,山东华宇工学院,160,638561
2025,2,49,大数据与会计,D857,山东华宇工学院,61,572668
2025,2,50,跨境电子商务,D857,山东华宇工学院,240,657502
2025,2,51,视觉传达设计,D857,山东华宇工学院,196,631147
2025,2,A1,酒店管理与数字化运营,D858,山东旅游职业学院,78,554211
2025,2,A2,会展策划与管理,D858,山东旅游职业学院,35,527756
2025,2,A3,葡萄酒文化与营销,D858,山东旅游职业学院,15,546612
2025,2,A4,民宿管理与运营,D858,山东旅游职业学院,12,553073
2025,2,B1,旅游管理,D858,山东旅游职业学院,119,550780
2025,2,B2,导游,D858,山东旅游职业学院,40,532569
2025,2,B3,智慧景区开发与管理,D858,山东旅游职业学院,30,557594
2025,2,B4,旅行社经营与管理,D858,山东旅游职业学院,18,554345
2025,2,B5,研学旅行管理与服务,D858,山东旅游职业学院,25,539863
2025,2,C1,现代物业管理,D858,山东旅游职业学院,30,537386
2025,2,C2,空中乘务,D858,山东旅游职业学院,136,550448
2025,2,C3,民航安全技术管理,D858,山东旅游职业学院,73,522507
2025,2,C4,民航运输服务,D858,山东旅游职业学院,35,523969
2025,2,D1,烹饪工艺与营养,D858,山东旅游职业学院,84,525994
2025,2,D2,中西面点工艺,D858,山东旅游职业学院,66,460375
2025,2,D3,西式烹饪工艺,D858,山东旅游职业学院,10,475930
2025,2,D4,餐饮智能管理,D858,山东旅游职业学院,60,555415
2025,2,E1,旅游英语,D858,山东旅游职业学院,115,558221
2025,2,E2,旅游日语,D858,山东旅游职业学院,20,470777
2025,2,E3,应用韩语,D858,山东旅游职业学院,24,527660
2025,2,F1,数字媒体技术,D858,山东旅游职业学院,99,395439
2025,2,F2,电子商务,D858,山东旅游职业学院,25,481829
2025,2,F3,智慧旅游技术应用,D858,山东旅游职业学院,15,544678
2025,2,F4,市场营销,D858,山东旅游职业学院,34,529171
2025,2,G1,公共文化服务与管理,D858,山东旅游职业学院,40,545867
2025,2,G2,文物考古技术,D858,山东旅游职业学院,35,498422
2025,2,X1,酒店管理与数字化运营,D858,山东旅游职业学院,10,532712
2025,2,X3,大数据与会计,D858,山东旅游职业学院,40,380974
2025,2,H1,酒店管理与数字化运营(中外合作办学),D858,山东旅游职业学院,50,586409
2025,2,H3,西式烹饪工艺(中外合作办学),D858,山东旅游职业学院,50,621049
2025,2,S1,旅游管理(高职3+2贯通培养，衔接山东女子学院旅游管理专业),D858,山东旅游职业学院,40,269566
2025,2,70,市场营销,D859,山东铝业职业学院,40,570492
2025,2,71,大数据与财务管理,D859,山东铝业职业学院,23,394855
2025,2,72,网络营销与直播电商,D859,山东铝业职业学院,14,558687
2025,2,73,财税大数据应用,D859,山东铝业职业学院,23,489147
2025,2,74,电子竞技运动与管理,D859,山东铝业职业学院,22,557061
2025,2,75,计算机网络技术,D859,山东铝业职业学院,65,517086
2025,2,76,软件技术,D859,山东铝业职业学院,73,484090
2025,2,77,计算机应用技术,D859,山东铝业职业学院,73,508787
2025,2,78,数字媒体技术,D859,山东铝业职业学院,72,495556
2025,2,79,融媒体技术与运营,D859,山东铝业职业学院,72,539384
2025,2,80,早期教育,D859,山东铝业职业学院,105,579638
2025,2,81,婴幼儿托育服务与管理,D859,山东铝业职业学院,106,580000
2025,2,82,大数据与会计,D859,山东铝业职业学院,68,436107
2025,2,83,旅游管理,D859,山东铝业职业学院,125,575901
2025,2,84,现代物流管理,D859,山东铝业职业学院,46,561847
2025,2,85,酒店管理与数字化运营,D859,山东铝业职业学院,54,572788
2025,2,86,播音与主持,D859,山东铝业职业学院,81,609268
2025,2,87,空中乘务,D859,山东铝业职业学院,73,573749
2025,2,88,有色金属智能冶金技术,D859,山东铝业职业学院,11,474383
2025,2,89,应用化工技术,D859,山东铝业职业学院,33,522263
2025,2,90,分析检验技术,D859,山东铝业职业学院,33,514119
2025,2,91,建筑工程技术,D859,山东铝业职业学院,35,562037
2025,2,92,工程造价,D859,山东铝业职业学院,31,558333
2025,2,93,矿山智能开采技术,D859,山东铝业职业学院,44,583998
2025,2,94,矿物加工技术,D859,山东铝业职业学院,44,588290
2025,2,95,机械制造及自动化,D859,山东铝业职业学院,25,462577
2025,2,96,数控技术,D859,山东铝业职业学院,41,481009
2025,2,97,机电一体化技术,D859,山东铝业职业学院,30,427643
2025,2,98,工业机器人技术,D859,山东铝业职业学院,57,507363
2025,2,99,电子商务,D859,山东铝业职业学院,36,554276
2025,2,E1,新能源汽车技术,D859,山东铝业职业学院,9,484997
2025,2,E2,汽车制造与试验技术,D859,山东铝业职业学院,17,517826
2025,2,E3,电力系统自动化技术,D859,山东铝业职业学院,28,446973
2025,2,E4,物联网应用技术,D859,山东铝业职业学院,71,524144
2025,2,E5,电气自动化技术,D859,山东铝业职业学院,69,451022
2025,2,E6,无人机应用技术,D859,山东铝业职业学院,29,480715
2025,2,L3,应用化工技术(高职技师合作培养，在山东铝业职业学院淄博校区就读),D859,山东铝业职业学院,150,565613
2025,2,L1,电子竞技运动与管理(高职3+2贯通培养，衔接山东体育学院电子竞技运动,D859,山东铝业职业学院,30,274313
2025,2,L2,有色金属智能冶金技术(高职3+2贯通培养，衔接聊城大学金属材料工程专,D859,山东铝业职业学院,30,272348
2025,2,01,大数据与会计,D861,泰山职业技术学院,61,417826
2025,2,02,电子商务,D861,泰山职业技术学院,38,538254
2025,2,03,现代物流管理,D861,泰山职业技术学院,57,558976
2025,2,04,国际经济与贸易,D861,泰山职业技术学院,60,551130
2025,2,05,机电一体化技术,D861,泰山职业技术学院,52,433578
2025,2,06,数控技术,D861,泰山职业技术学院,10,429154
2025,2,07,工业机器人技术,D861,泰山职业技术学院,29,465882
2025,2,10,工业互联网应用,D861,泰山职业技术学院,22,514129
2025,2,12,数字化设计与制造技术,D861,泰山职业技术学院,10,473959
2025,2,15,道路与桥梁工程技术,D861,泰山职业技术学院,42,499868
2025,2,18,服装与服饰设计,D861,泰山职业技术学院,10,511596
2025,2,19,环境艺术设计,D861,泰山职业技术学院,30,557907
2025,2,20,首饰设计与工艺,D861,泰山职业技术学院,5,537474
2025,2,21,宝玉石鉴定与加工,D861,泰山职业技术学院,10,544010
2025,2,22,视觉传达设计,D861,泰山职业技术学院,15,491239
2025,2,23,早期教育,D861,泰山职业技术学院,27,564610
2025,2,24,学前教育(师范类),D861,泰山职业技术学院,18,486300
2025,2,26,电气自动化技术,D861,泰山职业技术学院,25,402038
2025,2,29,汽车制造与试验技术,D861,泰山职业技术学院,12,487149
2025,2,30,现代通信技术,D861,泰山职业技术学院,59,503477
2025,2,32,新能源汽车技术,D861,泰山职业技术学院,20,448349
2025,2,34,消防救援技术,D861,泰山职业技术学院,25,497492
2025,2,43,绿色低碳技术,D861,泰山职业技术学院,24,545866
2025,2,47,物联网应用技术,D861,泰山职业技术学院,186,518253
2025,2,49,大数据技术,D861,泰山职业技术学院,15,437981
2025,2,50,虚拟现实技术应用,D861,泰山职业技术学院,25,519441
2025,2,51,人工智能技术应用,D861,泰山职业技术学院,172,494313
2025,2,53,旅游管理,D861,泰山职业技术学院,37,564349
2025,2,54,空中乘务,D861,泰山职业技术学院,22,548319
2025,2,55,研学旅行管理与服务,D861,泰山职业技术学院,32,565458
2025,2,57,国际邮轮乘务管理,D861,泰山职业技术学院,80,571057
2025,2,58,健身指导与管理,D861,泰山职业技术学院,32,560931
2025,2,59,党务工作,D861,泰山职业技术学院,35,479666
2025,2,60,应用英语,D861,泰山职业技术学院,45,515043
2025,2,61,应用俄语,D861,泰山职业技术学院,38,566174
2025,2,62,现代农业技术,D861,泰山职业技术学院,13,532288
2025,2,63,卫星通信与导航技术,D861,泰山职业技术学院,25,516388
2025,2,64,无人机应用技术,D861,泰山职业技术学院,49,484569
2025,2,65,建筑工程技术,D861,泰山职业技术学院,71,565380
2025,2,66,工程造价,D861,泰山职业技术学院,11,557537
2025,2,67,建设工程管理,D861,泰山职业技术学院,20,561576
2025,2,68,供热通风与空调工程技术,D861,泰山职业技术学院,22,532116
2025,2,69,应用电子技术,D861,泰山职业技术学院,15,490347
2025,2,70,畜牧兽医,D861,泰山职业技术学院,6,397683
2025,2,71,园艺技术,D861,泰山职业技术学院,15,553160
2025,2,72,园林技术,D861,泰山职业技术学院,15,538596
2025,2,73,茶叶生产与加工技术,D861,泰山职业技术学院,12,541848
2025,2,74,花卉生产与花艺,D861,泰山职业技术学院,12,532109
2025,2,75,食品检验检测技术,D861,泰山职业技术学院,18,482539
2025,2,76,烹饪工艺与营养,D861,泰山职业技术学院,11,522977
2025,2,77,计算机应用技术,D861,泰山职业技术学院,25,422308
2025,2,78,酒店管理与数字化运营,D861,泰山职业技术学院,16,556979
2025,2,X1,电气自动化技术(潍柴动力工匠班),D861,泰山职业技术学院,35,391050
2025,2,X2,电气自动化技术(石横特钢现场工程师),D861,泰山职业技术学院,35,411962
2025,2,W4,机电一体化技术(中外合作办学)(中外合作，与澳大利亚启思蒙学院合作),D861,泰山职业技术学院,16,512501
2025,2,W6,计算机应用技术(中外合作办学)(中外合作，与俄罗斯新大学合作),D861,泰山职业技术学院,65,584594
2025,2,27,电气自动化技术(高职技师合作培养，在泰安技师学院就读),D861,泰山职业技术学院,74,501053
2025,2,35,应用电子技术(高职3+2贯通培养，衔接泰山学院电子信息科学与技术专业,D861,泰山职业技术学院,40,257680
2025,2,36,物联网应用技术(高职3+2贯通培养，衔接山东农业工程学院物联网工程专,D861,泰山职业技术学院,60,265416
2025,2,79,人工智能技术应用(高职3+2贯通培养，衔接临沂大学人工智能专业),D861,泰山职业技术学院,30,241682
2025,2,81,工业互联网应用(高职3+2贯通培养，衔接临沂大学自动化专业),D861,泰山职业技术学院,30,240526
2025,2,03,机电设备技术,D862,山西同文职业技术学院,5,585972
2025,2,06,飞行器数字化制造技术,D862,山西同文职业技术学院,20,626992
2025,2,0C,铁道供电技术,D862,山西同文职业技术学院,20,616941
2025,2,0M,中医康复技术,D862,山西同文职业技术学院,5,585915
2025,2,0R,医学美容技术,D862,山西同文职业技术学院,10,580555
2025,2,10,医疗器械维护与管理,D862,山西同文职业技术学院,20,659542
2025,2,01,铁道工程技术,D863,天津铁道职业技术学院,10,272516
2025,2,02,高速铁路施工与维护,D863,天津铁道职业技术学院,10,294400
2025,2,03,高速铁路综合维修技术,D863,天津铁道职业技术学院,10,295228
2025,2,04,工程测量技术,D863,天津铁道职业技术学院,6,331839
2025,2,05,铁道养路机械应用技术,D863,天津铁道职业技术学院,12,306487
2025,2,06,铁道交通运营管理,D863,天津铁道职业技术学院,12,241656
2025,2,07,高速铁路客运服务,D863,天津铁道职业技术学院,2,263018
2025,2,08,铁路物流管理,D863,天津铁道职业技术学院,10,290194
2025,2,10,集装箱运输管理,D863,天津铁道职业技术学院,4,349590
2025,2,11,铁道信号自动控制,D863,天津铁道职业技术学院,8,256870
2025,2,13,现代通信技术,D863,天津铁道职业技术学院,2,307630
2025,2,14,人工智能技术应用,D863,天津铁道职业技术学院,3,314113
2025,2,15,计算机网络技术,D863,天津铁道职业技术学院,2,319699
2025,2,17,铁道机车运用与维护,D863,天津铁道职业技术学院,20,256392
2025,2,18,铁道车辆技术,D863,天津铁道职业技术学院,15,283895
2025,2,19,铁道供电技术,D863,天津铁道职业技术学院,4,271691
2025,2,20,动车组检修技术,D863,天津铁道职业技术学院,17,283971
2025,2,21,电气自动化技术,D863,天津铁道职业技术学院,5,295391
2025,2,22,高速铁路动车组制造与维护,D863,天津铁道职业技术学院,3,277977
2025,2,23,铁道桥梁隧道工程技术,D863,天津铁道职业技术学院,5,303042
2025,2,25,建筑工程技术,D863,天津铁道职业技术学院,2,336492
2025,2,32,城市轨道交通运营管理,D863,天津铁道职业技术学院,5,270793
2025,2,34,铁道机车车辆制造与维护,D863,天津铁道职业技术学院,3,279053
2025,2,L2,机械制造及自动化,D867,江西制造职业技术学院,2,334139
2025,2,L6,数字媒体技术,D867,江西制造职业技术学院,2,326385
2025,2,R9,新能源汽车技术,D867,江西制造职业技术学院,2,375415
2025,2,T2,智能机电技术,D867,江西制造职业技术学院,2,351862
2025,2,T5,数控技术,D867,江西制造职业技术学院,2,372257
2025,2,06,光伏工程技术,D870,上饶职业技术学院,2,463851
2025,2,L0,机电一体化技术,D870,上饶职业技术学院,2,395668
2025,2,L1,工业机器人技术,D870,上饶职业技术学院,4,414154
2025,2,L2,无人机应用技术,D870,上饶职业技术学院,2,425176
2025,2,L3,电子信息工程技术,D870,上饶职业技术学院,2,407519
2025,2,L4,应用电子技术,D870,上饶职业技术学院,2,424746
2025,2,L7,大数据技术,D870,上饶职业技术学院,2,414628
2025,2,R3,新能源汽车技术,D870,上饶职业技术学院,3,449414
2025,2,R7,数控技术,D870,上饶职业技术学院,3,433666
2025,2,S0,大数据与会计,D870,上饶职业技术学院,2,363544
2025,2,S1,电子商务,D870,上饶职业技术学院,3,500235
2025,2,S2,网络营销与直播电商,D870,上饶职业技术学院,2,466298
2025,2,S3,空中乘务,D870,上饶职业技术学院,2,534085
2025,2,S4,旅游管理,D870,上饶职业技术学院,2,470688
2025,2,S5,酒店管理与数字化运营,D870,上饶职业技术学院,2,525154
2025,2,S8,应急救援技术,D870,上饶职业技术学院,2,475294
2025,2,S9,电梯工程技术,D870,上饶职业技术学院,3,451187
2025,2,01,飞行器数字化制造技术,D871,江西航空职业技术学院,6,447783
2025,2,04,材料成型及控制技术(3D打印方向),D871,江西航空职业技术学院,5,594818
2025,2,05,飞行器维修技术,D871,江西航空职业技术学院,5,421546
2025,2,06,飞机机电设备维修,D871,江西航空职业技术学院,5,389152
2025,2,07,通用航空器维修,D871,江西航空职业技术学院,2,434922
2025,2,09,导弹维修技术,D871,江西航空职业技术学院,5,298734
2025,2,10,无人机应用技术,D871,江西航空职业技术学院,3,419716
2025,2,11,无人机测绘技术,D871,江西航空职业技术学院,5,524425
2025,2,12,导航与位置服务,D871,江西航空职业技术学院,2,578364
2025,2,13,飞机电子设备维修,D871,江西航空职业技术学院,5,427195
2025,2,14,电子信息工程技术,D871,江西航空职业技术学院,3,519678
2025,2,15,应用电子技术,D871,江西航空职业技术学院,1,531192
2025,2,16,计算机应用技术,D871,江西航空职业技术学院,1,535666
2025,2,17,计算机网络技术,D871,江西航空职业技术学院,1,523275
2025,2,18,大数据技术,D871,江西航空职业技术学院,3,568901
2025,2,19,信息安全技术应用,D871,江西航空职业技术学院,1,543916
2025,2,20,软件技术,D871,江西航空职业技术学院,2,575441
2025,2,21,智能制造装备技术,D871,江西航空职业技术学院,2,587642
2025,2,22,机电一体化技术,D871,江西航空职业技术学院,5,505429
2025,2,23,工业机器人技术,D871,江西航空职业技术学院,3,547900
2025,2,24,电气自动化技术,D871,江西航空职业技术学院,5,475173
2025,2,25,工业互联网应用,D871,江西航空职业技术学院,3,574470
2025,2,26,核与辐射检测防护技术,D871,江西航空职业技术学院,4,501153
2025,2,27,环境监测技术,D871,江西航空职业技术学院,3,587150
2025,2,28,空中乘务,D871,江西航空职业技术学院,14,581041
2025,2,29,航空物流管理,D871,江西航空职业技术学院,3,602792
2025,2,30,民航安全技术管理,D871,江西航空职业技术学院,4,523329
2025,2,31,民航运输服务,D871,江西航空职业技术学院,1,527562
2025,2,33,酒店管理与数字化运营,D871,江西航空职业技术学院,3,595861
2025,2,09,建筑消防技术,D873,赣西科技职业学院,5,669307
2025,2,14,机电一体化技术,D873,赣西科技职业学院,5,603272
2025,2,18,新能源汽车技术,D873,赣西科技职业学院,8,624477
2025,2,20,高速铁路客运服务,D873,赣西科技职业学院,4,599578
2025,2,22,电子信息工程技术,D873,赣西科技职业学院,5,650982
2025,2,26,护理,D873,赣西科技职业学院,9,655844
2025,2,29,大数据与会计,D873,赣西科技职业学院,5,620954
2025,2,34,法律事务,D873,赣西科技职业学院,10,663308
2025,2,0A,建筑装饰工程技术,D874,山东外事职业大学,150,680402
2025,2,0B,建筑室内设计,D874,山东外事职业大学,120,680487
2025,2,0C,智能机电技术,D874,山东外事职业大学,150,656024
2025,2,0D,空中乘务,D874,山东外事职业大学,80,673621
2025,2,0E,电子信息工程技术,D874,山东外事职业大学,170,671716
2025,2,0F,物联网应用技术,D874,山东外事职业大学,120,671901
2025,2,0G,计算机应用技术,D874,山东外事职业大学,220,678546
2025,2,0H,数字媒体技术,D874,山东外事职业大学,150,681099
2025,2,0J,云计算技术应用,D874,山东外事职业大学,150,670236
2025,2,0K,动漫制作技术,D874,山东外事职业大学,130,680710
2025,2,0L,护理,D874,山东外事职业大学,300,673088
2025,2,0M,婴幼儿托育服务与管理,D874,山东外事职业大学,200,680942
2025,2,0N,大数据与会计,D874,山东外事职业大学,240,681004
2025,2,0P,国际经济与贸易,D874,山东外事职业大学,150,677915
2025,2,0Q,电子商务,D874,山东外事职业大学,200,680613
2025,2,0R,旅游管理,D874,山东外事职业大学,90,680041
2025,2,0S,视觉传达设计,D874,山东外事职业大学,100,676264
2025,2,0T,书画艺术,D874,山东外事职业大学,100,680254
2025,2,0U,商务英语,D874,山东外事职业大学,130,680743
2025,2,0V,商务英语,D874,山东外事职业大学,80,677060
2025,2,0W,应用韩语,D874,山东外事职业大学,40,674637
2025,2,0X,商务日语,D874,山东外事职业大学,25,673351
2025,2,0Y,应用俄语,D874,山东外事职业大学,30,669121
2025,2,0Z,应用法语,D874,山东外事职业大学,40,678892
2025,2,1A,应用德语,D874,山东外事职业大学,40,672054
2025,2,1B,体育艺术表演,D874,山东外事职业大学,64,681002
2025,2,1C,法律事务,D874,山东外事职业大学,150,649892
2025,2,11,电气自动化技术,D876,海南工商职业学院,3,633827
2025,2,12,人工智能技术应用,D876,海南工商职业学院,2,641521
2025,2,32,健康管理,D894,西安明德理工学院,1,429701
2025,2,33,大数据与财务管理,D894,西安明德理工学院,2,401491
2025,2,34,会计信息管理,D894,西安明德理工学院,2,428278
2025,2,37,应用英语,D894,西安明德理工学院,1,413644
2025,2,38,机械制造及自动化,D894,西安明德理工学院,2,402144
2025,2,41,电气自动化技术(电气工程技术),D894,西安明德理工学院,2,425246
2025,2,44,计算机应用技术,D894,西安明德理工学院,3,412191
2025,2,46,人工智能技术应用,D894,西安明德理工学院,2,420381
2025,2,29,机电一体化技术,D895,燕京理工学院,2,509177
2025,2,2D,金融服务与管理,D895,燕京理工学院,1,460777
2025,2,2F,大数据与财务管理,D895,燕京理工学院,2,523134
2025,2,2P,摄影摄像技术,D895,燕京理工学院,1,446011
2025,2,2R,环境工程技术,D895,燕京理工学院,1,482112
2025,2,2S,工程造价,D895,燕京理工学院,1,515702
2025,2,2T,建设工程管理,D895,燕京理工学院,1,447657
2025,2,2W,药品生产技术,D895,燕京理工学院,1,514117
2025,2,2Y,计算机应用技术,D895,燕京理工学院,2,507395
2025,2,2Z,护理,D895,燕京理工学院,2,492930
2025,2,30,医学检验技术,D895,燕京理工学院,1,520075
2025,2,32,大数据与会计,D895,燕京理工学院,2,453288
2025,2,34,网络直播与运营,D895,燕京理工学院,1,468567
2025,2,35,电子信息工程技术,D895,燕京理工学院,1,363275
2025,2,36,电气自动化技术,D895,燕京理工学院,1,406199
2025,2,0Y,护理,D909,云南工商学院,100,679931
2025,2,1D,大数据与会计,D909,云南工商学院,30,669127
2025,2,1N,中文,D909,云南工商学院,10,665485
2025,2,1P,法律事务,D909,云南工商学院,10,641387
2025,2,1R,电气自动化技术,D909,云南工商学院,30,674845
2025,2,1S,机电一体化技术,D909,云南工商学院,10,663395
2025,2,1T,新能源汽车技术,D909,云南工商学院,10,652278
2025,2,1U,计算机网络技术,D909,云南工商学院,30,658927
2025,2,03,城市轨道交通通信信号技术,D910,北京交通职业技术学院,3,271805
2025,2,04,城市轨道交通机电技术,D910,北京交通职业技术学院,3,276140
2025,2,06,无人机应用技术,D910,北京交通职业技术学院,4,295700
2025,2,11,工程造价,D910,北京交通职业技术学院,4,376236
2025,2,12,建设工程管理(BIM),D910,北京交通职业技术学院,3,334750
2025,2,14,智能建造技术,D910,北京交通职业技术学院,2,317400
2025,2,16,环境艺术设计,D910,北京交通职业技术学院,3,344489
2025,2,02,机电一体化技术,D916,长春信息技术职业学院,5,589391
2025,2,04,电气自动化技术,D916,长春信息技术职业学院,5,600493
2025,2,05,飞行器维修技术,D916,长春信息技术职业学院,3,677986
2025,2,07,汽车制造与试验技术,D916,长春信息技术职业学院,3,599132
2025,2,08,新能源汽车技术,D916,长春信息技术职业学院,11,631489
2025,2,09,高速铁路客运服务,D916,长春信息技术职业学院,5,620465
2025,2,0B,汽车检测与维修技术,D916,长春信息技术职业学院,3,624828
2025,2,0G,计算机应用技术,D916,长春信息技术职业学院,10,615439
2025,2,0H,计算机网络技术,D916,长春信息技术职业学院,3,621970
2025,2,0K,数字媒体技术,D916,长春信息技术职业学院,3,607802
2025,2,0L,大数据技术,D916,长春信息技术职业学院,9,636903
2025,2,0Q,现代移动通信技术,D916,长春信息技术职业学院,7,677056
2025,2,0S,护理,D916,长春信息技术职业学院,7,607867
2025,2,0T,大数据与会计,D916,长春信息技术职业学院,7,675018
2025,2,0V,数字媒体艺术设计,D916,长春信息技术职业学院,6,666722
2025,2,0X,网络营销与直播电商,D916,长春信息技术职业学院,1,679634
2025,2,0Y,学前教育(师范类),D916,长春信息技术职业学院,6,672910
2025,2,02,婴幼儿托育服务与管理,D917,松原职业技术学院,7,672943
2025,2,03,小学教育(师范类),D917,松原职业技术学院,3,429742
2025,2,0A,动物医学,D917,松原职业技术学院,3,379740
2025,2,0D,空中乘务,D917,松原职业技术学院,4,573513
2025,2,0E,大数据与会计,D917,松原职业技术学院,4,430384
2025,2,0F,市场营销,D917,松原职业技术学院,3,590204
2025,2,0G,电子商务,D917,松原职业技术学院,4,491016
2025,2,0H,酒店管理与数字化运营,D917,松原职业技术学院,4,605629
2025,2,0J,计算机应用技术,D917,松原职业技术学院,5,434915
2025,2,0N,室内艺术设计,D917,松原职业技术学院,5,551878
2025,2,0P,现代农业装备应用技术,D917,松原职业技术学院,5,595681
2025,2,0U,无人机应用技术,D917,松原职业技术学院,3,442430
2025,2,02,护理,D918,七台河职业学院,15,473885
2025,2,03,医学检验技术,D918,七台河职业学院,5,413835
2025,2,0A,无人机应用技术,D923,湖南理工职业技术学院,4,380998
2025,2,0B,新能源汽车技术,D923,湖南理工职业技术学院,4,389411
2025,2,11,机械设计与制造,D924,湖南交通工程学院,4,667972
2025,2,13,高速铁路施工与维护,D924,湖南交通工程学院,3,669687
2025,2,14,高速铁路客运服务,D924,湖南交通工程学院,3,659427
2025,2,02,建筑工程技术,D926,新疆交通职业技术大学,6,573090
2025,2,03,土木工程检测技术,D926,新疆交通职业技术大学,6,639544
2025,2,04,市政工程技术,D926,新疆交通职业技术大学,5,643323
2025,2,06,机电一体化技术,D926,新疆交通职业技术大学,7,440716
2025,2,08,电气自动化技术,D926,新疆交通职业技术大学,6,436633
2025,2,0B,汽车造型与改装技术,D926,新疆交通职业技术大学,5,557933
2025,2,0D,铁道供电技术,D926,新疆交通职业技术大学,6,409897
2025,2,0E,道路与桥梁工程技术,D926,新疆交通职业技术大学,5,465693
2025,2,0H,智能交通技术,D926,新疆交通职业技术大学,7,505071
2025,2,0J,汽车技术服务与营销,D926,新疆交通职业技术大学,9,652067
2025,2,0K,汽车检测与维修技术,D926,新疆交通职业技术大学,6,475223
2025,2,0L,新能源汽车检测与维修技术,D926,新疆交通职业技术大学,8,519586
2025,2,0P,飞机机电设备维修,D926,新疆交通职业技术大学,7,459126
2025,2,0Q,城市轨道交通机电技术,D926,新疆交通职业技术大学,6,442471
2025,2,0S,计算机网络技术,D926,新疆交通职业技术大学,6,445382
2025,2,0T,大数据技术,D926,新疆交通职业技术大学,4,481483
2025,2,0V,移动应用开发,D926,新疆交通职业技术大学,6,550742
2025,2,0W,大数据与会计,D926,新疆交通职业技术大学,8,445132
2025,2,0X,关务与外贸服务,D926,新疆交通职业技术大学,8,566391
2025,2,0Y,现代物流管理,D926,新疆交通职业技术大学,9,536274
2025,2,01,电力系统自动化技术,D928,广州华立科技职业学院,3,461697
2025,2,12,计算机应用技术,D928,广州华立科技职业学院,3,509083
2025,2,17,心理咨询,D928,广州华立科技职业学院,3,532300
2025,2,21,播音与主持,D928,广州华立科技职业学院,3,605061
2025,2,27,眼视光技术,D928,广州华立科技职业学院,3,578979
2025,2,28,医学检验技术,D928,广州华立科技职业学院,3,618743
2025,2,34,动物医学,D928,广州华立科技职业学院,2,494938
2025,2,01,飞机机电设备维修,D931,三亚航空旅游职业学院,22,676683
2025,2,05,航空发动机维修技术,D931,三亚航空旅游职业学院,4,610768
2025,2,06,无人机应用技术,D931,三亚航空旅游职业学院,4,639061
2025,2,07,新能源汽车技术,D931,三亚航空旅游职业学院,2,592753
2025,2,0A,民航安全技术管理,D931,三亚航空旅游职业学院,4,623868
2025,2,0D,机场运行服务与管理,D931,三亚航空旅游职业学院,2,604956
2025,2,0E,航空物流管理,D931,三亚航空旅游职业学院,2,645484
2025,2,0G,空中乘务,D931,三亚航空旅游职业学院,85,646307
2025,2,0H,民航空中安全保卫,D931,三亚航空旅游职业学院,20,626173
2025,2,0J,高速铁路客运服务,D931,三亚航空旅游职业学院,4,652262
2025,2,0Q,航海技术,D931,三亚航空旅游职业学院,4,620071
2025,2,0S,国际邮轮乘务管理,D931,三亚航空旅游职业学院,2,640837
2025,2,0V,市场营销(奢侈品运营与管理),D931,三亚航空旅游职业学院,2,649139
2025,2,0W,旅游管理,D931,三亚航空旅游职业学院,2,631387
2025,2,0X,大数据与财务管理,D931,三亚航空旅游职业学院,2,630721
2025,2,10,应用俄语(国际航空旅游服务),D931,三亚航空旅游职业学院,6,671097
2025,2,11,跨境电子商务,D931,三亚航空旅游职业学院,2,598418
2025,2,12,网络营销与直播电商,D931,三亚航空旅游职业学院,2,629140
2025,2,13,茶艺与茶文化,D931,三亚航空旅游职业学院,2,660290
2025,2,07,学前教育(师范类),D935,黑龙江民族职业学院,20,599013
2025,2,0P,大数据与财务管理,D936,河南工业贸易职业学院,20,373933
2025,2,07,智能控制技术,D937,湖南汽车工程职业大学,6,397226
2025,2,0Q,大数据技术,D937,湖南汽车工程职业大学,5,403600
2025,2,0T,大数据与会计,D937,湖南汽车工程职业大学,5,403099
2025,2,0U,汽车检测与维修技术,D937,湖南汽车工程职业大学,4,397718
2025,2,01,发电厂及电力系统,D938,长沙电力职业技术学院,1,208863
2025,2,02,分布式发电与智能微电网技术,D938,长沙电力职业技术学院,2,283069
2025,2,05,输配电工程技术,D938,长沙电力职业技术学院,1,271202
2025,2,09,热能动力工程技术,D938,长沙电力职业技术学院,3,294215
2025,2,0A,发电运行技术,D938,长沙电力职业技术学院,3,283955
2025,2,04,供用电技术,D939,湖南水利水电职业技术学院,5,357298
2025,2,05,光伏工程技术,D939,湖南水利水电职业技术学院,5,381715
2025,2,11,水利工程,D939,湖南水利水电职业技术学院,5,350135
2025,2,06,现代物流管理,D940,湖南现代物流职业技术学院,3,407761
2025,2,11,供应链运营,D940,湖南现代物流职业技术学院,3,433927
2025,2,13,航空物流管理,D940,湖南现代物流职业技术学院,2,430636
2025,2,21,大数据与会计,D940,湖南现代物流职业技术学院,2,375622
2025,2,09,铁道工程技术,D941,湖南高速铁路职业技术学院,6,302915
2025,2,0D,铁道机车运用与维护,D941,湖南高速铁路职业技术学院,3,271250
2025,2,0E,铁道车辆技术,D941,湖南高速铁路职业技术学院,4,294354
2025,2,0F,铁道供电技术,D941,湖南高速铁路职业技术学院,4,301576
2025,2,0J,铁道信号自动控制,D941,湖南高速铁路职业技术学院,2,281521
2025,2,0L,铁道交通运营管理,D941,湖南高速铁路职业技术学院,6,269183
2025,2,01,铁道运输类,D943,广州铁路职业技术学院,6,310974
2025,2,04,电气自动化技术,D943,广州铁路职业技术学院,2,323657
2025,2,07,道路与桥梁工程技术,D943,广州铁路职业技术学院,5,345991
2025,2,08,高速铁路综合维修技术,D943,广州铁路职业技术学院,3,310287
2025,2,09,土木工程检测技术,D943,广州铁路职业技术学院,5,394882
2025,2,10,集装箱运输管理,D943,广州铁路职业技术学院,4,328564
2025,2,12,铁道工程技术,D945,西安铁路职业技术学院,5,281019
2025,2,40,铁道机车运用与维护,D945,西安铁路职业技术学院,15,278459
2025,2,41,铁道供电技术,D945,西安铁路职业技术学院,5,279193
2025,2,08,电子信息工程技术,D947,西安职业技术学院,10,336422
2025,2,36,工程造价,D947,西安职业技术学院,10,389986
2025,2,13,临床医学,D948,商洛职业技术学院,2,331142
2025,2,14,护理,D948,商洛职业技术学院,2,349358
2025,2,17,中医学,D948,商洛职业技术学院,5,318944
2025,2,22,康复治疗技术,D948,商洛职业技术学院,5,380078
2025,2,24,老年保健与管理,D948,商洛职业技术学院,3,445577
2025,2,25,大数据与会计,D948,商洛职业技术学院,5,313324
2025,2,27,学前教育,D948,商洛职业技术学院,3,514686
2025,2,28,小学教育,D948,商洛职业技术学院,5,419022
2025,2,29,智慧健康养老服务与管理,D948,商洛职业技术学院,20,459518
2025,2,01,中草药栽培与加工技术,D949,汉中职业技术学院,2,367972
2025,2,02,园林技术,D949,汉中职业技术学院,2,491692
2025,2,05,水产养殖技术,D949,汉中职业技术学院,2,408970
2025,2,06,食品检验检测技术,D949,汉中职业技术学院,2,341740
2025,2,07,工程测量技术,D949,汉中职业技术学院,2,422360
2025,2,08,建筑室内设计,D949,汉中职业技术学院,2,385683
2025,2,09,建筑工程技术,D949,汉中职业技术学院,2,436740
2025,2,10,建设工程监理,D949,汉中职业技术学院,2,441058
2025,2,16,电子信息工程技术,D949,汉中职业技术学院,2,381773
2025,2,18,应用电子技术,D949,汉中职业技术学院,2,384388
2025,2,19,临床医学,D949,汉中职业技术学院,2,332005
2025,2,20,口腔医学,D949,汉中职业技术学院,4,284409
2025,2,22,助产,D949,汉中职业技术学院,2,420036
2025,2,23,老年保健与管理,D949,汉中职业技术学院,2,418449
2025,2,24,药学,D949,汉中职业技术学院,2,361843
2025,2,25,中药学,D949,汉中职业技术学院,2,353362
2025,2,31,电子商务,D949,汉中职业技术学院,2,368129
2025,2,32,网络营销与直播电商,D949,汉中职业技术学院,2,394347
2025,2,33,现代物流管理,D949,汉中职业技术学院,2,390858
2025,2,34,旅游管理,D949,汉中职业技术学院,2,408385
2025,2,35,酒店管理与数字化运营,D949,汉中职业技术学院,2,428306
2025,2,36,数字媒体艺术设计,D949,汉中职业技术学院,2,366383
2025,2,37,早期教育(师范类),D949,汉中职业技术学院,2,534649
2025,2,39,小学教育(师范类),D949,汉中职业技术学院,2,323637
2025,2,15,汽车制造与试验技术,D951,渭南职业技术学院,2,371382
2025,2,23,临床医学,D951,渭南职业技术学院,3,308632
2025,2,24,护理,D951,渭南职业技术学院,2,292220
2025,2,26,中医学,D951,渭南职业技术学院,3,284692
2025,2,27,针灸推拿,D951,渭南职业技术学院,2,286854
2025,2,40,小学教育(师范类),D951,渭南职业技术学院,3,299528
2025,2,02,工程测量技术,D952,安康职业技术学院,2,452708
2025,2,0B,汽车检测与维修技术,D952,安康职业技术学院,2,407545
2025,2,0G,临床医学,D952,安康职业技术学院,2,336693
2025,2,0H,护理,D952,安康职业技术学院,2,391681
2025,2,0S,老年保健与管理,D952,安康职业技术学院,2,439290
2025,2,0U,旅游管理,D952,安康职业技术学院,3,481404
2025,2,0V,酒店管理与数字化运营,D952,安康职业技术学院,3,531263
2025,2,0W,烹饪工艺与营养,D952,安康职业技术学院,4,494000
2025,2,0Z,学前教育(师范类),D952,安康职业技术学院,10,526543
2025,2,10,小学教育(师范类),D952,安康职业技术学院,10,460323
2025,2,01,新能源材料应用技术,D953,铜川职业技术学院,3,402384
2025,2,06,电气自动化技术,D953,铜川职业技术学院,3,372604
2025,2,23,康复治疗技术,D953,铜川职业技术学院,2,421337
2025,2,28,智慧健康养老服务与管理,D953,铜川职业技术学院,2,454514
2025,2,01,畜牧兽医,D955,甘肃畜牧工程职业技术学院,15,455093
2025,2,03,动物营养与饲料,D955,甘肃畜牧工程职业技术学院,10,589939
2025,2,05,动物医学,D955,甘肃畜牧工程职业技术学院,15,374025
2025,2,06,动物药学,D955,甘肃畜牧工程职业技术学院,5,463155
2025,2,07,宠物养护与驯导,D955,甘肃畜牧工程职业技术学院,10,505224
2025,2,08,宠物医疗技术,D955,甘肃畜牧工程职业技术学院,10,400085
2025,2,09,食品检验检测技术,D955,甘肃畜牧工程职业技术学院,10,584353
2025,2,10,食品药品监督管理,D955,甘肃畜牧工程职业技术学院,5,593863
2025,2,11,食品智能加工技术,D955,甘肃畜牧工程职业技术学院,5,556949
2025,2,17,机械设计与制造,D955,甘肃畜牧工程职业技术学院,5,534558
2025,2,18,机械制造及自动化,D955,甘肃畜牧工程职业技术学院,5,519910
2025,2,20,智能焊接技术,D955,甘肃畜牧工程职业技术学院,5,499903
2025,2,24,工业产品质量检测技术,D955,甘肃畜牧工程职业技术学院,10,605354
2025,2,25,汽车检测与维修技术,D955,甘肃畜牧工程职业技术学院,5,549815
2025,2,26,现代农业装备应用技术,D955,甘肃畜牧工程职业技术学院,5,622139
2025,2,28,新能源汽车技术,D955,甘肃畜牧工程职业技术学院,10,560872
2025,2,32,电子商务,D955,甘肃畜牧工程职业技术学院,5,572743
2025,2,33,电子信息工程技术,D955,甘肃畜牧工程职业技术学院,15,584213
2025,2,38,农村电子商务,D955,甘肃畜牧工程职业技术学院,10,624076
2025,2,39,现代家政服务与管理,D955,甘肃畜牧工程职业技术学院,10,650770
2025,2,41,婴幼儿托育服务与管理,D955,甘肃畜牧工程职业技术学院,10,664634
2025,2,N0,现代农业技术,D956,新疆石河子职业技术学院,7,582006
2025,2,N1,现代农业装备应用技术,D956,新疆石河子职业技术学院,7,589853
2025,2,N2,环境监测技术,D956,新疆石河子职业技术学院,7,592304
2025,2,N3,化工安全技术,D956,新疆石河子职业技术学院,5,571521
2025,2,N4,电力系统自动化技术,D956,新疆石河子职业技术学院,15,502087
2025,2,N5,热能动力工程技术,D956,新疆石河子职业技术学院,7,558410
2025,2,N6,建筑工程技术,D956,新疆石河子职业技术学院,15,606823
2025,2,N7,土木工程检测技术,D956,新疆石河子职业技术学院,5,625892
2025,2,N8,工程造价,D956,新疆石河子职业技术学院,5,594382
2025,2,N9,建设工程管理,D956,新疆石河子职业技术学院,5,605672
2025,2,NA,水利工程,D956,新疆石河子职业技术学院,15,547330
2025,2,NB,机电排灌工程技术,D956,新疆石河子职业技术学院,7,574213
2025,2,NC,机械制造及自动化,D956,新疆石河子职业技术学院,15,517921
2025,2,ND,机电一体化技术,D956,新疆石河子职业技术学院,15,493627
2025,2,NE,智能控制技术,D956,新疆石河子职业技术学院,5,535497
2025,2,NF,电气自动化技术,D956,新疆石河子职业技术学院,15,497604
2025,2,NG,无人机应用技术,D956,新疆石河子职业技术学院,15,515214
2025,2,NH,新能源汽车技术,D956,新疆石河子职业技术学院,7,541627
2025,2,NJ,应用化工技术,D956,新疆石河子职业技术学院,7,555557
2025,2,NL,食品智能加工技术,D956,新疆石河子职业技术学院,7,575642
2025,2,NM,食品质量与安全,D956,新疆石河子职业技术学院,15,591276
2025,2,NN,食品检验检测技术,D956,新疆石河子职业技术学院,7,570972
2025,2,NP,汽车检测与维修技术,D956,新疆石河子职业技术学院,3,549041
2025,2,NQ,民航安全技术管理,D956,新疆石河子职业技术学院,5,574578
2025,2,NR,物联网应用技术,D956,新疆石河子职业技术学院,5,563445
2025,2,NS,计算机网络技术,D956,新疆石河子职业技术学院,15,551336
2025,2,NT,数字媒体技术,D956,新疆石河子职业技术学院,15,540091
2025,2,NU,大数据技术,D956,新疆石河子职业技术学院,3,552447
2025,2,NV,信息安全技术应用,D956,新疆石河子职业技术学院,5,576501
2025,2,NW,工业互联网技术,D956,新疆石河子职业技术学院,5,572418
2025,2,NX,现代移动通信技术,D956,新疆石河子职业技术学院,7,572269
2025,2,NY,护理,D956,新疆石河子职业技术学院,15,460444
2025,2,NZ,大数据与会计,D956,新疆石河子职业技术学院,5,505608
2025,2,P1,电子商务,D956,新疆石河子职业技术学院,15,594044
2025,2,P2,现代物流管理,D956,新疆石河子职业技术学院,15,626462
2025,2,P4,旅游管理,D956,新疆石河子职业技术学院,7,593600
2025,2,P5,酒店管理与数字化运营,D956,新疆石河子职业技术学院,7,634767
2025,2,P6,学前教育,D956,新疆石河子职业技术学院,5,602733
2025,2,40,建筑室内设计,D957,辽宁传媒学院,10,677685
2025,2,41,动漫制作技术,D957,辽宁传媒学院,10,488784
2025,2,43,虚拟现实技术应用,D957,辽宁传媒学院,5,675423
2025,2,02,消防救援技术,D961,大连枫叶职业技术学院,3,596825
2025,2,04,新能源装备技术,D961,大连枫叶职业技术学院,2,532118
2025,2,05,智能机器人技术,D961,大连枫叶职业技术学院,2,546043
2025,2,08,船舶工程技术,D961,大连枫叶职业技术学院,3,531186
2025,2,09,无人机应用技术,D961,大连枫叶职业技术学院,3,557955
2025,2,10,高速铁路客运服务,D961,大连枫叶职业技术学院,3,536818
2025,2,12,空中乘务,D961,大连枫叶职业技术学院,3,583963
2025,2,13,物联网应用技术,D961,大连枫叶职业技术学院,2,617857
2025,2,14,计算机网络技术,D961,大连枫叶职业技术学院,3,516960
2025,2,16,数字媒体技术,D961,大连枫叶职业技术学院,3,518389
2025,2,20,人工智能技术应用,D961,大连枫叶职业技术学院,3,570853
2025,2,21,工业互联网技术,D961,大连枫叶职业技术学院,2,632545
2025,2,24,密码技术应用,D961,大连枫叶职业技术学院,3,680214
2025,2,26,护理,D961,大连枫叶职业技术学院,5,511348
2025,2,28,中医康复技术,D961,大连枫叶职业技术学院,3,477039
2025,2,29,医学美容技术,D961,大连枫叶职业技术学院,2,582903
2025,2,33,大数据与会计,D961,大连枫叶职业技术学院,2,397394
2025,2,35,电子商务,D961,大连枫叶职业技术学院,3,599119
2025,2,01,建筑设计(中外合作办学),D962,苏州百年职业学院,9,673902
2025,2,02,风景园林设计(中外合作办学),D962,苏州百年职业学院,11,654265
2025,2,03,建筑室内设计(中外合作办学),D962,苏州百年职业学院,11,669954
2025,2,04,机电一体化技术(中外合作办学),D962,苏州百年职业学院,10,649208
2025,2,05,智能控制技术(中外合作办学),D962,苏州百年职业学院,11,676040
2025,2,06,软件技术(中外合作办学),D962,苏州百年职业学院,13,659184
2025,2,07,大数据技术(中外合作办学),D962,苏州百年职业学院,12,666561
2025,2,08,云计算技术应用(中外合作办学),D962,苏州百年职业学院,9,666942
2025,2,09,信息安全技术应用(中外合作办学),D962,苏州百年职业学院,11,675342
2025,2,10,人工智能技术应用(中外合作办学),D962,苏州百年职业学院,10,631223
2025,2,11,工业互联网技术(中外合作办学),D962,苏州百年职业学院,10,680428
2025,2,12,动漫制作技术(中外合作办学),D962,苏州百年职业学院,10,556720
2025,2,13,国际金融(中外合作办学),D962,苏州百年职业学院,4,618761
2025,2,14,大数据与会计(中外合作办学),D962,苏州百年职业学院,12,545947
2025,2,15,国际经济与贸易(中外合作办学),D962,苏州百年职业学院,12,619844
2025,2,16,工商企业管理(中外合作办学),D962,苏州百年职业学院,9,657982
2025,2,17,市场营销(中外合作办学),D962,苏州百年职业学院,10,672159
2025,2,18,电子商务(中外合作办学),D962,苏州百年职业学院,10,614322
2025,2,21,商务英语(中外合作办学),D962,苏州百年职业学院,11,564310
2025,2,04,智慧健康养老服务与管理,D963,昆山登云科技职业学院,3,574107
2025,2,05,新能源汽车技术,D963,昆山登云科技职业学院,3,596041
2025,2,06,汽车检测与维修技术,D963,昆山登云科技职业学院,3,619644
2025,2,07,汽车智能技术,D963,昆山登云科技职业学院,2,591420
2025,2,08,计算机网络技术,D963,昆山登云科技职业学院,2,553050
2025,2,10,人工智能技术应用,D963,昆山登云科技职业学院,2,502130
2025,2,12,工业机器人技术,D963,昆山登云科技职业学院,2,586472
2025,2,16,模具设计与制造,D963,昆山登云科技职业学院,3,632807
2025,2,17,建筑室内设计,D963,昆山登云科技职业学院,2,587358
2025,2,19,建设工程管理,D963,昆山登云科技职业学院,3,654645
2025,2,20,工程造价,D963,昆山登云科技职业学院,3,631888
2025,2,21,动漫制作技术,D963,昆山登云科技职业学院,3,628629
2025,2,26,电子商务,D963,昆山登云科技职业学院,3,543507
2025,2,27,工商企业管理,D963,昆山登云科技职业学院,3,538603
2025,2,31,婴幼儿托育服务与管理,D963,昆山登云科技职业学院,3,615212
2025,2,01,建筑设计,D964,南京视觉艺术职业学院,5,529758
2025,2,02,建筑室内设计,D964,南京视觉艺术职业学院,5,555771
2025,2,03,数字媒体技术,D964,南京视觉艺术职业学院,5,431785
2025,2,20,影视编导,D964,南京视觉艺术职业学院,5,535341
2025,2,22,摄影摄像技术,D964,南京视觉艺术职业学院,5,583489
2025,2,24,全媒体广告策划与营销,D964,南京视觉艺术职业学院,5,596983
2025,2,01,药品生产技术,D966,山东药品食品职业学院,36,438552
2025,2,02,药物制剂技术,D966,山东药品食品职业学院,92,444237
2025,2,03,生物制药技术,D966,山东药品食品职业学院,80,425015
2025,2,04,化学制药技术,D966,山东药品食品职业学院,59,467124
2025,2,05,化妆品经营与管理,D966,山东药品食品职业学院,61,494491
2025,2,06,化妆品技术,D966,山东药品食品职业学院,75,464282
2025,2,07,生物产品检验检疫,D966,山东药品食品职业学院,26,465095
2025,2,08,药品质量与安全,D966,山东药品食品职业学院,144,471070
2025,2,09,食品药品监督管理,D966,山东药品食品职业学院,75,471380
2025,2,10,医学检验技术,D966,山东药品食品职业学院,60,398109
2025,2,11,质量管理与认证,D966,山东药品食品职业学院,72,506148
2025,2,12,食品检验检测技术,D966,山东药品食品职业学院,91,447649
2025,2,13,食品质量与安全,D966,山东药品食品职业学院,75,440383
2025,2,14,食品生物技术,D966,山东药品食品职业学院,95,463807
2025,2,15,医学营养,D966,山东药品食品职业学院,63,453168
2025,2,16,药品经营与管理,D966,山东药品食品职业学院,194,502273
2025,2,17,药学,D966,山东药品食品职业学院,181,426603
2025,2,18,中药学,D966,山东药品食品职业学院,222,415770
2025,2,19,中药制药,D966,山东药品食品职业学院,24,418893
2025,2,20,中医养生保健,D966,山东药品食品职业学院,18,414347
2025,2,21,中医康复技术,D966,山东药品食品职业学院,108,421738
2025,2,22,医疗器械维护与管理,D966,山东药品食品职业学院,97,503907
2025,2,23,智能医疗装备技术,D966,山东药品食品职业学院,154,491539
2025,2,24,制药设备应用技术,D966,山东药品食品职业学院,57,498041
2025,2,25,医疗器械经营与服务,D966,山东药品食品职业学院,60,508969
2025,2,26,医用电子仪器技术,D966,山东药品食品职业学院,49,493191
2025,2,27,机电一体化技术,D966,山东药品食品职业学院,14,401739
2025,2,28,护理,D966,山东药品食品职业学院,190,389512
2025,2,29,健康管理,D966,山东药品食品职业学院,22,476067
2025,2,30,老年保健与管理,D966,山东药品食品职业学院,32,469378
2025,2,31,康复治疗技术,D966,山东药品食品职业学院,64,397884
2025,2,32,智慧健康养老服务与管理,D966,山东药品食品职业学院,45,462379
2025,2,33,大数据技术,D966,山东药品食品职业学院,46,474521
2025,2,34,电子商务,D966,山东药品食品职业学院,78,512941
2025,2,35,数字媒体技术,D966,山东药品食品职业学院,130,441117
2025,2,37,食品检验检测技术(中外合作办学),D966,山东药品食品职业学院,80,552972
2025,2,36,中药学(高职技师合作培养，在山东医药技师学院就读),D966,山东药品食品职业学院,40,392648
2025,2,39,药品经营与管理(高职3+2贯通培养，衔接山东中医药大学市场营销专业),D966,山东药品食品职业学院,40,233681
2025,2,40,药物制剂技术(高职3+2贯通培养，衔接枣庄学院制药工程专业),D966,山东药品食品职业学院,40,236773
2025,2,41,食品生物技术(高职3+2贯通培养，衔接聊城大学食品科学与工程专业),D966,山东药品食品职业学院,30,227844
2025,2,06,自动化类,D967,重庆工商职业学院,3,301737
2025,2,09,应用电子技术,D967,重庆工商职业学院,2,313886
2025,2,11,汽车制造类,D967,重庆工商职业学院,4,326478
2025,2,12,汽车检测与维修技术,D967,重庆工商职业学院,1,355611
2025,2,14,建筑室内设计,D967,重庆工商职业学院,2,331850
2025,2,20,智能建造技术,D967,重庆工商职业学院,2,322614
2025,2,23,道路与桥梁工程技术,D967,重庆工商职业学院,2,354805
2025,2,25,网络营销与直播电商,D967,重庆工商职业学院,3,304475
2025,2,26,旅游管理,D967,重庆工商职业学院,2,355868
2025,2,36,工商企业管理,D967,重庆工商职业学院,3,315761
2025,2,37,市场营销,D967,重庆工商职业学院,2,316567
2025,2,41,财税大数据应用,D967,重庆工商职业学院,2,292140
2025,2,18,建筑室内设计(中外合作办学),D967,重庆工商职业学院,2,403254
2025,2,04,机械设计与制造,D973,厦门城市职业学院,3,363082
2025,2,05,数控技术,D973,厦门城市职业学院,3,358974
2025,2,07,智能控制技术,D973,厦门城市职业学院,3,364741
2025,2,0A,飞机机电设备维修,D973,厦门城市职业学院,5,373492
2025,2,0B,城市轨道车辆应用技术,D973,厦门城市职业学院,3,366604
2025,2,0C,城市轨道交通运营管理,D973,厦门城市职业学院,3,368862
2025,2,0E,智能产品开发与应用,D973,厦门城市职业学院,3,361838
2025,2,0G,云计算技术应用,D973,厦门城市职业学院,3,357417
2025,2,0S,会展策划与管理,D973,厦门城市职业学院,3,333465
2025,2,04,机电一体化技术,D979,厦门兴才职业技术学院,3,647767
2025,2,07,计算机应用技术,D979,厦门兴才职业技术学院,2,674689
2025,2,08,软件技术,D979,厦门兴才职业技术学院,2,655521
2025,2,10,人工智能技术应用,D979,厦门兴才职业技术学院,2,640991
2025,2,11,护理,D979,厦门兴才职业技术学院,2,651414
2025,2,14,大数据与会计,D979,厦门兴才职业技术学院,2,587607
2025,2,16,电子商务,D979,厦门兴才职业技术学院,2,663639
2025,2,18,网络营销与直播电商,D979,厦门兴才职业技术学院,3,664546
2025,2,24,文化创意与策划,D979,厦门兴才职业技术学院,3,647557
2025,2,25,融媒体技术与运营,D979,厦门兴才职业技术学院,2,594901
2025,2,26,学前教育,D979,厦门兴才职业技术学院,2,665760
2025,2,39,大数据与会计,D995,青岛工学院,70,629998
2025,2,40,工业设计,D995,青岛工学院,140,679696
2025,2,42,电子商务,D995,青岛工学院,70,669606
2025,2,44,数字媒体艺术设计,D995,青岛工学院,120,680556
2025,2,46,航空物流管理,D995,青岛工学院,70,680864
2025,2,52,机电一体化技术,D995,青岛工学院,130,636268
2025,2,30,畜牧兽医,D997,青岛农业大学海都学院,35,510591
2025,2,31,大数据技术,D997,青岛农业大学海都学院,61,670226
2025,2,32,大数据与财务管理,D997,青岛农业大学海都学院,121,679944
2025,2,33,电气自动化技术,D997,青岛农业大学海都学院,81,598991
2025,2,34,动物医学,D997,青岛农业大学海都学院,56,464102
2025,2,35,工程造价,D997,青岛农业大学海都学院,34,672015
2025,2,37,国际经济与贸易,D997,青岛农业大学海都学院,15,644191
2025,2,38,机械制造及自动化,D997,青岛农业大学海都学院,47,611864
2025,2,39,机械装备制造技术,D997,青岛农业大学海都学院,53,635255
2025,2,40,建筑工程技术,D997,青岛农业大学海都学院,39,678932
2025,2,41,跨境电子商务,D997,青岛农业大学海都学院,33,663798
2025,2,42,软件技术,D997,青岛农业大学海都学院,62,654466
2025,2,43,虚拟现实技术应用,D997,青岛农业大学海都学院,35,654636
2025,2,45,食品检验检测技术,D997,青岛农业大学海都学院,42,612221
2025,2,46,食品智能加工技术,D997,青岛农业大学海都学院,66,680202
2025,2,47,园林技术,D997,青岛农业大学海都学院,41,680390
2025,2,48,中小企业创业与经营,D997,青岛农业大学海都学院,33,673582
2025,2,59,电气自动化技术,D998,齐鲁理工学院,34,554524
2025,2,61,食品生物技术,D998,齐鲁理工学院,20,601687
2025,2,62,护理,D998,齐鲁理工学院,20,515048
2025,2,63,医学影像技术,D998,齐鲁理工学院,13,521805
2025,2,64,医学检验技术,D998,齐鲁理工学院,10,530780
2025,2,65,口腔医学技术,D998,齐鲁理工学院,13,511553
2025,2,66,助产,D998,齐鲁理工学院,25,628636
2025,2,67,药学,D998,齐鲁理工学院,20,547474
2025,2,68,工程造价,D998,齐鲁理工学院,20,633788
2025,2,69,建筑工程技术,D998,齐鲁理工学院,20,636678
2025,2,70,计算机应用技术,D998,齐鲁理工学院,12,590083
2025,2,71,软件技术,D998,齐鲁理工学院,40,639361
2025,2,72,电子信息工程技术,D998,齐鲁理工学院,38,641584
2025,2,73,电子商务,D998,齐鲁理工学院,28,645862
2025,2,74,大数据与会计,D998,齐鲁理工学院,13,501496
2025,2,75,国际经济与贸易,D998,齐鲁理工学院,25,630943
2025,2,76,金融服务与管理,D998,齐鲁理工学院,30,648890
2025,2,61,大数据与会计,D999,山东财经大学东方学院,75,483840
2025,2,62,金融服务与管理,D999,山东财经大学东方学院,75,583753
2025,2,67,大数据与财务管理,D999,山东财经大学东方学院,39,508281
2025,2,68,大数据与审计,D999,山东财经大学东方学院,40,524350
2025,2,69,国际商务,D999,山东财经大学东方学院,45,597926
2025,2,70,网络营销与直播电商,D999,山东财经大学东方学院,71,601079
2025,2,36,融媒体技术与运营,E000,潍坊理工学院,76,623672
2025,2,37,动漫制作技术,E000,潍坊理工学院,129,656764
2025,2,38,网络直播与运营,E000,潍坊理工学院,198,678933
2025,2,39,智能控制技术,E000,潍坊理工学院,133,623018
2025,2,40,工业机器人技术,E000,潍坊理工学院,81,592726
2025,2,41,智能机器人技术,E000,潍坊理工学院,76,622074
2025,2,42,城市燃气工程技术,E000,潍坊理工学院,87,672937
2025,2,43,电气自动化技术,E000,潍坊理工学院,30,514184
2025,2,44,城市热能应用技术,E000,潍坊理工学院,100,680871
2025,2,45,新能源汽车技术,E000,潍坊理工学院,140,617784
2025,2,46,药品生物技术,E000,潍坊理工学院,248,681033
2025,2,47,化妆品质量与安全,E000,潍坊理工学院,50,653429
2025,2,49,体育艺术表演,E000,潍坊理工学院,299,680920
2025,2,50,学前教育(师范类),E000,潍坊理工学院,20,605308
2025,2,51,现代文秘,E000,潍坊理工学院,194,672552
2025,2,54,中文,E000,潍坊理工学院,200,680393
2025,2,55,党务工作,E000,潍坊理工学院,359,680967
2025,2,56,国际经济与贸易,E000,潍坊理工学院,215,679640
2025,2,57,电子商务,E000,潍坊理工学院,100,641072
2025,2,58,大数据与财务管理,E000,潍坊理工学院,108,671408
2025,2,60,大数据与会计,E000,潍坊理工学院,298,630663
2025,2,61,标准化技术,E000,潍坊理工学院,200,680110
2025,2,62,空中乘务,E000,潍坊理工学院,286,664920
2025,2,63,酒店管理与数字化运营,E000,潍坊理工学院,105,681077
2025,2,64,旅游管理,E000,潍坊理工学院,173,679052
2025,2,65,大数据技术,E000,潍坊理工学院,65,641607
2025,2,67,商务英语,E000,潍坊理工学院,150,677127
2025,2,68,应用英语,E000,潍坊理工学院,150,676428
2025,2,69,口腔医学技术,E000,潍坊理工学院,75,604704
2025,2,70,眼视光技术,E000,潍坊理工学院,117,642792
2025,2,71,智慧健康养老服务与管理,E000,潍坊理工学院,150,651085
2025,2,72,中医康复技术,E000,潍坊理工学院,108,621854
2025,2,51,工程造价,E001,聊城大学东昌学院,90,648697
2025,2,54,中文,E001,聊城大学东昌学院,243,671618
2025,2,55,商务英语,E001,聊城大学东昌学院,190,681116
2025,2,57,计算机应用技术,E001,聊城大学东昌学院,50,586279
2025,2,59,现代家政服务与管理,E001,聊城大学东昌学院,40,619819
2025,2,61,药品生物技术,E001,聊城大学东昌学院,130,680668
2025,2,62,智能制造装备技术,E001,聊城大学东昌学院,90,606861
2025,2,63,应用化工技术,E001,聊城大学东昌学院,100,646350
2025,2,64,融媒体技术与运营,E001,聊城大学东昌学院,100,623665
2025,2,A1,机械制造及自动化,E002,烟台科技学院,280,623559
2025,2,A2,工业机器人技术,E002,烟台科技学院,340,645326
2025,2,A3,计算机应用技术,E002,烟台科技学院,45,595176
2025,2,A5,大数据技术,E002,烟台科技学院,40,627551
2025,2,A6,软件技术,E002,烟台科技学院,60,623678
2025,2,A8,市场营销,E002,烟台科技学院,20,618176
2025,2,A9,旅游管理,E002,烟台科技学院,26,621843
2025,2,C1,葡萄酒文化与营销,E002,烟台科技学院,35,639967
2025,2,C2,大数据与会计,E002,烟台科技学院,20,590830
2025,2,C3,大数据与财务管理,E002,烟台科技学院,47,596880
2025,2,C4,新闻采编与制作,E002,烟台科技学院,32,599005
2025,2,C5,商务英语,E002,烟台科技学院,49,662231
2025,2,C6,海洋工程装备技术,E002,烟台科技学院,400,660860
2025,2,C7,虚拟现实技术应用,E002,烟台科技学院,70,655704
2025,2,YT,艺术设计,E002,烟台科技学院,120,672083
2025,2,41,学前教育,E004,四川文化传媒职业学院,3,630914
2025,2,43,城市轨道交通运营管理,E004,四川文化传媒职业学院,3,577004
2025,2,44,大数据技术,E004,四川文化传媒职业学院,3,583992
2025,2,48,会计信息管理,E004,四川文化传媒职业学院,3,611874
2025,2,61,无人机应用技术,E004,四川文化传媒职业学院,3,561530
2025,2,63,艺术教育,E004,四川文化传媒职业学院,3,599577
2025,2,09,计算机应用技术,E005,四川华新现代职业学院,5,611582
2025,2,10,软件技术,E005,四川华新现代职业学院,5,629435
2025,2,11,计算机网络技术,E005,四川华新现代职业学院,6,636910
2025,2,18,动漫制作技术,E005,四川华新现代职业学院,4,635752
2025,2,61,临床医学,E009,重庆医药高等专科学校,1,191614
2025,2,62,口腔医学,E009,重庆医药高等专科学校,1,188787
2025,2,67,药学,E009,重庆医药高等专科学校,2,282416
2025,2,74,护理,E009,重庆医药高等专科学校,2,264894
2025,2,77,医学检验技术,E009,重庆医药高等专科学校,2,277303
2025,2,82,中医学,E009,重庆医药高等专科学校,2,193587
2025,2,01,护理,E010,四川中医药高等专科学校,3,362884
2025,2,03,临床医学,E010,四川中医药高等专科学校,3,337687
2025,2,04,口腔医学,E010,四川中医药高等专科学校,1,292916
2025,2,11,药学,E010,四川中医药高等专科学校,1,364675
2025,2,12,中药学,E010,四川中医药高等专科学校,1,357062
2025,2,18,中医骨伤,E010,四川中医药高等专科学校,1,324657
2025,2,19,针灸推拿,E010,四川中医药高等专科学校,2,285105
2025,2,23,中医学,E010,四川中医药高等专科学校,3,285659
2025,2,01,临床医学,E011,遵义医药高等专科学校,2,301208
2025,2,02,口腔医学,E011,遵义医药高等专科学校,2,298343
2025,2,0G,医学影像技术,E011,遵义医药高等专科学校,2,397406
2025,2,0H,医学检验技术,E011,遵义医药高等专科学校,2,336310
2025,2,41,中医学,E013,楚雄医药高等专科学校,2,305242
2025,2,43,针灸推拿,E013,楚雄医药高等专科学校,2,360422
2025,2,51,护理,E013,楚雄医药高等专科学校,2,335490
2025,2,61,临床医学,E013,楚雄医药高等专科学校,2,346487
2025,2,62,口腔医学,E013,楚雄医药高等专科学校,2,341647
2025,2,1G,中医学,E014,保山中医药高等专科学校,1,261677
2025,2,1H,针灸推拿,E014,保山中医药高等专科学校,1,298080
2025,2,2G,中药学,E014,保山中医药高等专科学校,2,396652
2025,2,2H,药学,E014,保山中医药高等专科学校,3,424680
2025,2,3G,临床医学,E014,保山中医药高等专科学校,1,370904
2025,2,4G,医学检验技术,E014,保山中医药高等专科学校,1,384121
2025,2,5P,老年保健与管理,E014,保山中医药高等专科学校,1,448933
2025,2,25,小学数学教育(师范类),E015,丽江师范学院,3,316793
2025,2,31,小学语文教育(师范类),E015,丽江师范学院,2,256786
2025,2,44,小学道德与法治教育(师范类),E015,丽江师范学院,3,296691
2025,2,01,临床医学,E017,大庆医学高等专科学校,4,289672
2025,2,02,口腔医学,E017,大庆医学高等专科学校,4,279526
2025,2,03,针灸推拿,E017,大庆医学高等专科学校,1,213681
2025,2,04,护理,E017,大庆医学高等专科学校,8,313857
2025,2,06,药学,E017,大庆医学高等专科学校,1,274588
2025,2,08,医学检验技术,E017,大庆医学高等专科学校,2,304312
2025,2,09,康复治疗技术,E017,大庆医学高等专科学校,1,274639
2025,2,10,药物制剂技术,E017,大庆医学高等专科学校,2,340072
2025,2,11,药品经营与管理,E017,大庆医学高等专科学校,2,375968
2025,2,12,中医康复技术,E017,大庆医学高等专科学校,1,265481
2025,2,13,中医学,E017,大庆医学高等专科学校,3,255625
2025,2,15,健康管理,E017,大庆医学高等专科学校,1,355826
2025,2,01,药品生产技术,E018,石家庄医学高等专科学校,2,576218
2025,2,02,药品经营与管理,E018,石家庄医学高等专科学校,2,666674
2025,2,03,医疗器械维护与管理,E018,石家庄医学高等专科学校,2,670644
2025,2,04,临床医学,E018,石家庄医学高等专科学校,1,372117
2025,2,05,口腔医学,E018,石家庄医学高等专科学校,5,326922
2025,2,06,护理,E018,石家庄医学高等专科学校,10,512281
2025,2,07,助产,E018,石家庄医学高等专科学校,2,677687
2025,2,08,药学,E018,石家庄医学高等专科学校,3,504572
2025,2,09,中医学,E018,石家庄医学高等专科学校,2,358879
2025,2,10,中医骨伤,E018,石家庄医学高等专科学校,3,410024
2025,2,11,针灸推拿,E018,石家庄医学高等专科学校,8,403311
2025,2,12,中药学,E018,石家庄医学高等专科学校,3,436453
2025,2,13,中药制药,E018,石家庄医学高等专科学校,2,649106
2025,2,14,中医康复技术,E018,石家庄医学高等专科学校,2,511278
2025,2,15,中医养生保健,E018,石家庄医学高等专科学校,2,657358
2025,2,16,医学检验技术,E018,石家庄医学高等专科学校,4,611628
2025,2,17,医学影像技术,E018,石家庄医学高等专科学校,4,457455
2025,2,18,口腔医学技术,E018,石家庄医学高等专科学校,2,631001
2025,2,19,医学美容技术,E018,石家庄医学高等专科学校,2,597616
2025,2,20,康复治疗技术,E018,石家庄医学高等专科学校,3,577088
2025,2,21,心理咨询,E018,石家庄医学高等专科学校,2,422314
2025,2,23,口腔医学(中外合作办学),E018,石家庄医学高等专科学校,1,344165
2025,2,26,临床医学(中外合作办学),E018,石家庄医学高等专科学校,1,455891
2025,2,01,工程测量技术,E020,天津城市建设管理职业技术学院,4,421962
2025,2,04,建筑工程技术,E020,天津城市建设管理职业技术学院,5,434306
2025,2,05,工程造价(建筑工程造价),E020,天津城市建设管理职业技术学院,10,443035
2025,2,07,无人机应用技术,E020,天津城市建设管理职业技术学院,3,370151
2025,2,11,计算机应用技术,E020,天津城市建设管理职业技术学院,5,370006
2025,2,12,数字媒体技术,E020,天津城市建设管理职业技术学院,4,339804
2025,2,15,大数据与会计,E020,天津城市建设管理职业技术学院,5,346755
2025,2,16,社区管理与服务,E020,天津城市建设管理职业技术学院,5,400967
2025,2,22,电气自动化技术,E020,天津城市建设管理职业技术学院,5,370261
2025,2,23,新能源汽车技术,E020,天津城市建设管理职业技术学院,5,379665
2025,2,25,建筑装饰工程技术,E020,天津城市建设管理职业技术学院,3,434165
2025,2,09,药品经营与管理,E021,天津生物工程职业技术学院,1,284437
2025,2,01,航海技术,E022,天津海运职业学院,10,357083
2025,2,02,轮机工程技术,E022,天津海运职业学院,8,361740
2025,2,03,船舶电子电气技术,E022,天津海运职业学院,4,369929
2025,2,05,港口机械与智能控制,E022,天津海运职业学院,3,380988
2025,2,06,船舶检验,E022,天津海运职业学院,5,395764
2025,2,07,船舶工程技术,E022,天津海运职业学院,5,393358
2025,2,08,海洋工程装备技术,E022,天津海运职业学院,4,400344
2025,2,09,现代物流管理,E022,天津海运职业学院,5,405637
2025,2,10,港口与航运管理,E022,天津海运职业学院,5,371765
2025,2,11,金融服务与管理,E022,天津海运职业学院,5,396563
2025,2,13,电子商务,E022,天津海运职业学院,3,389531
2025,2,14,港口物流管理,E022,天津海运职业学院,5,382117
2025,2,15,计算机网络技术,E022,天津海运职业学院,5,370954
2025,2,16,软件技术,E022,天津海运职业学院,10,369565
2025,2,17,船舶通信装备技术,E022,天津海运职业学院,3,396517
2025,2,18,理化测试与质检技术(无损检测技术),E022,天津海运职业学院,5,394860
2025,2,19,智能焊接技术,E022,天津海运职业学院,3,381599
2025,2,20,制冷与空调技术,E022,天津海运职业学院,3,419825
2025,2,21,电梯工程技术,E022,天津海运职业学院,3,409600
2025,2,22,安全技术与管理,E022,天津海运职业学院,3,398147
2025,2,23,国际邮轮乘务管理,E022,天津海运职业学院,3,393662
2025,2,24,旅游管理,E022,天津海运职业学院,3,409448
2025,2,25,烹饪工艺与营养(邮轮烹饪),E022,天津海运职业学院,3,416183
2025,2,26,酒店管理与数字化运营,E022,天津海运职业学院,4,410021
2025,2,02,安全技术与管理(爆破现场工程师),E025,湖南安全技术职业学院,10,482299
2025,2,0E,大数据技术,E026,广西英华国际职业学院,15,641086
2025,2,0K,大数据与会计,E026,广西英华国际职业学院,20,678998
2025,2,0M,电子商务,E026,广西英华国际职业学院,15,678571
2025,2,30,大数据与会计,E029,陕西工商职业学院,20,304377
2025,2,41,学前教育(师范类),E029,陕西工商职业学院,10,407388
2025,2,43,护理,E029,陕西工商职业学院,30,365833
2025,2,01,建筑工程技术,E030,西安信息职业大学,1,475100
2025,2,02,建筑电气工程技术,E030,西安信息职业大学,1,576883
2025,2,03,建筑经济信息化管理,E030,西安信息职业大学,1,516838
2025,2,04,机械制造及自动化,E030,西安信息职业大学,1,399697
2025,2,05,机电一体化技术,E030,西安信息职业大学,1,429331
2025,2,06,智能控制技术,E030,西安信息职业大学,1,447697
2025,2,07,工业机器人技术,E030,西安信息职业大学,1,461481
2025,2,08,无人机应用技术,E030,西安信息职业大学,1,365002
2025,2,09,城市轨道交通工程技术,E030,西安信息职业大学,1,418791
2025,2,10,城市轨道交通机电技术,E030,西安信息职业大学,1,389922
2025,2,11,城市轨道交通通信信号技术,E030,西安信息职业大学,1,426272
2025,2,12,城市轨道交通运营管理,E030,西安信息职业大学,1,276921
2025,2,13,电子信息工程技术,E030,西安信息职业大学,1,424673
2025,2,14,物联网应用技术,E030,西安信息职业大学,1,388648
2025,2,15,应用电子技术,E030,西安信息职业大学,1,464885
2025,2,16,汽车智能技术,E030,西安信息职业大学,1,527087
2025,2,17,计算机应用技术,E030,西安信息职业大学,1,373510
2025,2,18,计算机网络技术,E030,西安信息职业大学,1,423904
2025,2,19,软件技术,E030,西安信息职业大学,1,319487
2025,2,20,大数据技术,E030,西安信息职业大学,1,420763
2025,2,21,云计算技术应用,E030,西安信息职业大学,1,432944
2025,2,22,信息安全技术应用,E030,西安信息职业大学,1,458893
2025,2,23,虚拟现实技术应用,E030,西安信息职业大学,1,463049
2025,2,24,人工智能技术应用,E030,西安信息职业大学,1,427223
2025,2,25,区块链技术应用,E030,西安信息职业大学,1,475763
2025,2,26,动漫制作技术,E030,西安信息职业大学,1,442936
2025,2,27,现代通信技术,E030,西安信息职业大学,1,492235
2025,2,28,现代移动通信技术,E030,西安信息职业大学,1,505167
2025,2,29,通信软件技术,E030,西安信息职业大学,1,520558
2025,2,30,通信工程设计与监理,E030,西安信息职业大学,1,520391
2025,2,31,通信系统运行管理,E030,西安信息职业大学,1,503244
2025,2,32,智能互联网络技术,E030,西安信息职业大学,1,507112
2025,2,33,集成电路技术,E030,西安信息职业大学,1,403828
2025,2,34,微电子技术,E030,西安信息职业大学,1,482327
2025,2,35,金融科技应用,E030,西安信息职业大学,1,382895
2025,2,36,大数据与财务管理,E030,西安信息职业大学,1,400760
2025,2,37,大数据与会计,E030,西安信息职业大学,1,378779
2025,2,38,电子商务,E030,西安信息职业大学,1,572329
2025,2,39,现代物流管理,E030,西安信息职业大学,1,545211
2025,2,40,数字媒体艺术设计,E030,西安信息职业大学,1,296893
2025,2,A1,高速铁路客运服务,E031,陕西旅游烹饪职业学院,4,629139
2025,2,A2,空中乘务,E031,陕西旅游烹饪职业学院,4,671394
2025,2,A3,计算机应用技术,E031,陕西旅游烹饪职业学院,45,668391
2025,2,A4,信息安全技术应用,E031,陕西旅游烹饪职业学院,4,593226
2025,2,A5,电子商务,E031,陕西旅游烹饪职业学院,4,599936
2025,2,A6,旅游管理,E031,陕西旅游烹饪职业学院,4,628368
2025,2,A7,研学旅行管理与服务,E031,陕西旅游烹饪职业学院,4,659539
2025,2,A8,酒店管理与数字化运营,E031,陕西旅游烹饪职业学院,4,641937
2025,2,B0,烹饪工艺与营养,E031,陕西旅游烹饪职业学院,35,680479
2025,2,B1,中西面点工艺,E031,陕西旅游烹饪职业学院,4,603700
2025,2,B2,西式烹饪工艺,E031,陕西旅游烹饪职业学院,5,643078
2025,2,B3,舞蹈表演,E031,陕西旅游烹饪职业学院,10,676964
2025,2,B4,电子竞技运动与管理,E031,陕西旅游烹饪职业学院,3,604415
2025,2,03,动物医学,E032,云南新兴职业学院,4,563861
2025,2,13,大数据技术,E032,云南新兴职业学院,2,638600
2025,2,15,护理,E032,云南新兴职业学院,4,670059
2025,2,17,药学,E032,云南新兴职业学院,2,618574
2025,2,18,针灸推拿,E032,云南新兴职业学院,40,578910
2025,2,22,医学检验技术,E032,云南新兴职业学院,2,613030
2025,2,23,医学影像技术,E032,云南新兴职业学院,4,633808
2025,2,24,口腔医学技术,E032,云南新兴职业学院,2,592143
2025,2,01,中医学,E049,内蒙古北方职业技术学院,5,413596
2025,2,02,针灸推拿,E049,内蒙古北方职业技术学院,2,427189
2025,2,03,中药学,E049,内蒙古北方职业技术学院,2,530089
2025,2,04,护理,E049,内蒙古北方职业技术学院,3,521610
2025,2,05,助产,E049,内蒙古北方职业技术学院,1,674180
2025,2,06,康复治疗技术,E049,内蒙古北方职业技术学院,1,455894
2025,2,07,口腔医学技术,E049,内蒙古北方职业技术学院,1,551315
2025,2,08,医学检验技术,E049,内蒙古北方职业技术学院,1,467934
2025,2,10,计算机网络技术,E049,内蒙古北方职业技术学院,2,572371
2025,2,11,动物医学,E049,内蒙古北方职业技术学院,2,440810
2025,2,12,畜牧兽医,E049,内蒙古北方职业技术学院,2,482680
2025,2,13,药品经营与管理,E049,内蒙古北方职业技术学院,1,530733
2025,2,14,学前教育(师范类),E049,内蒙古北方职业技术学院,1,585706
2025,2,15,大数据与会计,E049,内蒙古北方职业技术学院,1,541173
2025,2,16,城市轨道交通运营管理,E049,内蒙古北方职业技术学院,1,470406
2025,2,17,高速铁路客运服务,E049,内蒙古北方职业技术学院,1,541864
2025,2,18,机电一体化技术,E049,内蒙古北方职业技术学院,2,541400
2025,2,01,铁道机车运用与维护,E052,吉林铁道职业技术大学,2,206307
2025,2,08,铁道信号自动控制,E052,吉林铁道职业技术大学,2,240754
2025,2,09,高速铁路综合维修技术,E052,吉林铁道职业技术大学,2,279261
2025,2,10,铁道通信与信息化技术,E052,吉林铁道职业技术大学,2,228919
2025,2,11,铁道供电技术,E052,吉林铁道职业技术大学,2,266533
2025,2,12,铁道工程技术,E052,吉林铁道职业技术大学,2,266485
2025,2,13,高速铁路施工与维护,E052,吉林铁道职业技术大学,2,292038
2025,2,14,铁道桥梁隧道工程技术,E052,吉林铁道职业技术大学,2,293956
2025,2,15,铁道养路机械应用技术,E052,吉林铁道职业技术大学,3,294680
2025,2,16,轨道交通通信信号设备制造与维护,E052,吉林铁道职业技术大学,3,283244
2025,2,17,城市轨道交通运营管理,E052,吉林铁道职业技术大学,2,264147
2025,2,18,城市轨道车辆应用技术,E052,吉林铁道职业技术大学,3,301875
2025,2,19,城市轨道交通机电技术,E052,吉林铁道职业技术大学,3,313093
2025,2,21,城市轨道交通工程技术,E052,吉林铁道职业技术大学,3,309795
2025,2,22,城市轨道交通供配电技术,E052,吉林铁道职业技术大学,3,303675
2025,2,23,城市轨道交通车辆制造与维护,E052,吉林铁道职业技术大学,1,291113
2025,2,24,建筑工程技术,E052,吉林铁道职业技术大学,3,326433
2025,2,01,铁道机车运用与维护,E053,黑龙江交通职业技术学院,13,293671
2025,2,02,铁道养路机械应用技术,E053,黑龙江交通职业技术学院,5,315556
2025,2,03,铁道车辆技术,E053,黑龙江交通职业技术学院,5,301034
2025,2,04,动车组检修技术,E053,黑龙江交通职业技术学院,5,306626
2025,2,05,铁道供电技术,E053,黑龙江交通职业技术学院,5,309713
2025,2,07,铁道信号自动控制,E053,黑龙江交通职业技术学院,5,303027
2025,2,08,铁道交通运营管理,E053,黑龙江交通职业技术学院,5,270364
2025,2,09,铁道工程技术,E053,黑龙江交通职业技术学院,5,296665
2025,2,10,铁道桥梁隧道工程技术,E053,黑龙江交通职业技术学院,5,329699
2025,2,12,高速铁路综合维修技术,E053,黑龙江交通职业技术学院,2,314432
2025,2,13,电梯工程技术,E053,黑龙江交通职业技术学院,5,362564
2025,2,01,建筑室内设计,E055,哈尔滨应用职业技术学院,10,675168
2025,2,08,机械制造及自动化,E055,哈尔滨应用职业技术学院,5,632541
2025,2,0C,机电一体化技术,E055,哈尔滨应用职业技术学院,10,657173
2025,2,0F,新能源汽车技术,E055,哈尔滨应用职业技术学院,10,678406
2025,2,0L,计算机网络技术,E055,哈尔滨应用职业技术学院,5,662089
2025,2,0V,电子商务,E055,哈尔滨应用职业技术学院,5,655445
2025,2,01,机电一体化技术,E056,南京机电职业技术学院,2,272427
2025,2,02,电气自动化技术,E056,南京机电职业技术学院,1,233019
2025,2,03,供用电技术,E056,南京机电职业技术学院,1,278149
2025,2,04,智能控制技术,E056,南京机电职业技术学院,1,289933
2025,2,05,机械制造及自动化,E056,南京机电职业技术学院,2,279680
2025,2,06,数控技术,E056,南京机电职业技术学院,1,271972
2025,2,07,工业设计,E056,南京机电职业技术学院,1,278183
2025,2,08,机械设计与制造,E056,南京机电职业技术学院,2,292829
2025,2,09,智能制造装备技术,E056,南京机电职业技术学院,1,287838
2025,2,10,电子信息工程技术,E056,南京机电职业技术学院,1,266336
2025,2,11,物联网应用技术,E056,南京机电职业技术学院,2,291867
2025,2,12,智能产品开发与应用,E056,南京机电职业技术学院,1,295321
2025,2,13,无人机应用技术,E056,南京机电职业技术学院,1,210801
2025,2,14,软件技术,E056,南京机电职业技术学院,1,265502
2025,2,15,现代通信技术,E056,南京机电职业技术学院,2,291863
2025,2,16,移动商务,E056,南京机电职业技术学院,2,319078
2025,2,17,云计算技术应用,E056,南京机电职业技术学院,1,301116
2025,2,18,卫星通信与导航技术,E056,南京机电职业技术学院,1,281453
2025,2,20,数字媒体技术,E056,南京机电职业技术学院,1,244316
2025,2,17,软件技术(程序设计),E059,厦门软件职业技术学院,5,459154
2025,2,01,发电厂及电力系统,E061,三峡电力职业学院,20,323126
2025,2,02,电力系统继电保护技术,E061,三峡电力职业学院,10,321899
2025,2,06,电力系统自动化技术,E061,三峡电力职业学院,20,315580
2025,2,07,机电一体化技术,E061,三峡电力职业学院,10,337151
2025,2,02,电力系统自动化技术,E062,郑州电力职业技术学院,2,308069
2025,2,04,供用电技术,E062,郑州电力职业技术学院,3,314794
2025,2,07,电气自动化技术,E062,郑州电力职业技术学院,2,373791
2025,2,09,数控技术,E062,郑州电力职业技术学院,2,515052
2025,2,11,机电一体化技术,E062,郑州电力职业技术学院,3,384296
2025,2,12,工业机器人技术,E062,郑州电力职业技术学院,2,543812
2025,2,03,金融服务与管理,E065,广州科技贸易职业学院,3,326827
2025,2,17,云计算技术应用,E065,广州科技贸易职业学院,6,357098
2025,2,31,健康大数据管理与服务,E065,广州科技贸易职业学院,5,381194
2025,2,33,智能医疗装备技术,E065,广州科技贸易职业学院,6,360520
2025,2,15,计算机应用技术,E070,四川科技职业学院,3,471900
2025,2,X4,学前教育,E070,四川科技职业学院,2,610952
2025,2,06,财税大数据应用,E073,北京经济管理职业学院,6,301583
2025,2,07,金融科技应用(银行方向),E073,北京经济管理职业学院,5,328026
2025,2,08,业财数据应用与管理,E073,北京经济管理职业学院,6,333174
2025,2,0K,智能机电技术,E073,北京经济管理职业学院,8,349406
2025,2,0M,集成电路技术,E073,北京经济管理职业学院,8,350241
2025,2,0S,国际商务(海关事务方向),E073,北京经济管理职业学院,6,341599
2025,2,0T,旅游管理,E073,北京经济管理职业学院,6,369335
2025,2,A4,数控技术,E076,辽宁装备制造职业技术学院,10,359710
2025,2,B2,智能焊接技术(机器人焊接),E076,辽宁装备制造职业技术学院,10,375439
2025,2,01,金融服务与管理,E078,山东商务职业学院,40,433735
2025,2,02,大数据与财务管理,E078,山东商务职业学院,65,358805
2025,2,03,大数据与会计,E078,山东商务职业学院,170,338717
2025,2,04,大数据与审计,E078,山东商务职业学院,65,334979
2025,2,05,国际经济与贸易,E078,山东商务职业学院,40,447296
2025,2,06,连锁经营与管理,E078,山东商务职业学院,30,510649
2025,2,07,市场营销,E078,山东商务职业学院,40,489253
2025,2,08,电子商务,E078,山东商务职业学院,45,447742
2025,2,09,跨境电子商务,E078,山东商务职业学院,25,446087
2025,2,10,现代物流管理,E078,山东商务职业学院,50,507293
2025,2,11,储备物资储藏与管理,E078,山东商务职业学院,30,501785
2025,2,12,食品质量与安全,E078,山东商务职业学院,110,418213
2025,2,13,食品检验检测技术,E078,山东商务职业学院,100,399251
2025,2,14,药品质量与安全,E078,山东商务职业学院,105,442437
2025,2,15,粮食工程技术与管理,E078,山东商务职业学院,50,483232
2025,2,16,粮食储运与质量安全,E078,山东商务职业学院,70,522373
2025,2,17,数控技术,E078,山东商务职业学院,60,401888
2025,2,18,机械制造及自动化,E078,山东商务职业学院,65,377870
2025,2,19,机电一体化技术,E078,山东商务职业学院,55,366058
2025,2,20,工业机器人技术,E078,山东商务职业学院,30,398010
2025,2,21,电气自动化技术,E078,山东商务职业学院,120,357622
2025,2,22,物联网应用技术,E078,山东商务职业学院,105,430686
2025,2,23,计算机应用技术,E078,山东商务职业学院,95,380748
2025,2,24,软件技术,E078,山东商务职业学院,90,392852
2025,2,25,大数据技术,E078,山东商务职业学院,100,405507
2025,2,26,信息安全技术应用,E078,山东商务职业学院,50,438774
2025,2,27,人工智能技术应用,E078,山东商务职业学院,90,423264
2025,2,28,婴幼儿托育服务与管理,E078,山东商务职业学院,22,524486
2025,2,29,旅游管理,E078,山东商务职业学院,22,464583
2025,2,30,酒店管理与数字化运营,E078,山东商务职业学院,20,502169
2025,2,31,学前教育(师范类),E078,山东商务职业学院,20,407406
2025,2,32,应用英语,E078,山东商务职业学院,80,452496
2025,2,33,应用韩语,E078,山东商务职业学院,21,511797
2025,2,34,商务日语,E078,山东商务职业学院,30,440432
2025,2,35,智慧健康养老服务与管理,E078,山东商务职业学院,20,414341
2025,2,36,建筑设计,E078,山东商务职业学院,40,527038
2025,2,37,建筑装饰工程技术,E078,山东商务职业学院,20,532867
2025,2,39,工程造价,E078,山东商务职业学院,35,549335
2025,2,41,动漫制作技术,E078,山东商务职业学院,90,416986
2025,2,42,视觉传达设计,E078,山东商务职业学院,45,437053
2025,2,43,环境艺术设计,E078,山东商务职业学院,25,490902
2025,2,44,广告艺术设计,E078,山东商务职业学院,40,450083
2025,2,45,室内艺术设计,E078,山东商务职业学院,25,479330
2025,2,T1,数控技术(顺捷精密制造现场工程师班),E078,山东商务职业学院,40,396321
2025,2,T2,机电一体化技术(莱茵科斯特智造现场工程师班),E078,山东商务职业学院,30,367366
2025,2,T3,机电一体化技术(华宇航天现场工程师班),E078,山东商务职业学院,30,368460
2025,2,T4,工业机器人技术(艾创机器人现场工程师班),E078,山东商务职业学院,40,399823
2025,2,T5,酒店管理与数字化运营(舜和酒店管理精英班),E078,山东商务职业学院,25,516360
2025,2,T6,建设工程管理(清大东方消防工程师班),E078,山东商务职业学院,20,524484
2025,2,T7,智能建造技术(机器人应用工程师班),E078,山东商务职业学院,30,518680
2025,2,58,软件技术(中外合作办学),E078,山东商务职业学院,100,575534
2025,2,59,婴幼儿托育服务与管理(中外合作办学),E078,山东商务职业学院,40,637165
2025,2,51,粮食工程技术与管理(高职3+2贯通培养，衔接德州学院食品质量与安全专,E078,山东商务职业学院,40,249220
2025,2,52,电子商务(高职3+2贯通培养，衔接山东工商学院电子商务专业),E078,山东商务职业学院,40,256367
2025,2,53,软件技术(高职3+2贯通培养，衔接山东工商学院软件工程专业),E078,山东商务职业学院,40,233462
2025,2,54,工业机器人技术(高职3+2贯通培养，衔接枣庄学院机器人工程专业),E078,山东商务职业学院,40,260807
2025,2,55,人工智能技术应用(高职3+2贯通培养，衔接烟台大学人工智能专业),E078,山东商务职业学院,30,209029
2025,2,11,电子商务,E079,山东轻工职业学院,40,529261
2025,2,12,跨境电子商务,E079,山东轻工职业学院,42,556066
2025,2,13,市场营销,E079,山东轻工职业学院,55,561893
2025,2,14,现代物流管理,E079,山东轻工职业学院,48,538302
2025,2,21,食品检验检测技术,E079,山东轻工职业学院,53,488370
2025,2,22,药品生产技术,E079,山东轻工职业学院,70,498297
2025,2,23,应用化工技术,E079,山东轻工职业学院,72,517379
2025,2,24,婴幼儿托育服务与管理,E079,山东轻工职业学院,19,560513
2025,2,31,电气自动化技术,E079,山东轻工职业学院,80,439343
2025,2,32,工业机器人技术,E079,山东轻工职业学院,46,493622
2025,2,33,智能制造装备技术,E079,山东轻工职业学院,48,510720
2025,2,34,机械设计与制造,E079,山东轻工职业学院,85,493012
2025,2,41,纺织品检验与贸易,E079,山东轻工职业学院,30,553463
2025,2,42,纺织品设计,E079,山东轻工职业学院,10,527473
2025,2,43,数字化染整技术,E079,山东轻工职业学院,35,551368
2025,2,51,大数据技术,E079,山东轻工职业学院,88,509381
2025,2,54,人工智能技术应用,E079,山东轻工职业学院,5,462028
2025,2,61,动漫制作技术,E079,山东轻工职业学院,52,507207
2025,2,62,数字媒体技术,E079,山东轻工职业学院,30,447272
2025,2,71,大数据与会计,E079,山东轻工职业学院,38,431911
2025,2,72,统计与会计核算,E079,山东轻工职业学院,17,450159
2025,2,73,研学旅行管理与服务,E079,山东轻工职业学院,38,569126
2025,2,74,政务服务,E079,山东轻工职业学院,35,527253
2025,2,81,服装设计与工艺,E079,山东轻工职业学院,22,532744
2025,2,92,软件技术,E079,山东轻工职业学院,100,495848
2025,2,93,物联网应用技术,E079,山东轻工职业学院,100,526973
2025,2,94,现代通信技术,E079,山东轻工职业学院,124,543657
2025,2,95,现代移动通信技术,E079,山东轻工职业学院,157,552487
2025,2,96,人工智能技术应用,E079,山东轻工职业学院,141,514874
2025,2,15,现代物流管理(中外合作办学),E079,山东轻工职业学院,37,589996
2025,2,53,计算机应用技术(中外合作办学),E079,山东轻工职业学院,37,560327
2025,2,B1,电气自动化技术(高职3+2贯通培养，衔接山东农业工程学院电气工程及其,E079,山东轻工职业学院,60,241351
2025,2,B2,大数据技术(高职3+2贯通培养，衔接山东青年政治学院数据科学与大数据,E079,山东轻工职业学院,40,245893
2025,2,B3,人工智能技术应用(高职3+2贯通培养，衔接山东农业工程学院人工智能专,E079,山东轻工职业学院,30,259244
2025,2,B4,环境艺术设计(高职3+2贯通培养，衔接山东工艺美术学院家具设计与工程,E079,山东轻工职业学院,30,271556
2025,2,B5,服装设计与工艺(高职3+2贯通培养，衔接山东工艺美术学院服装设计与工,E079,山东轻工职业学院,50,270820
2025,2,01,建筑工程技术,E080,山东城市建设职业学院,30,539465
2025,2,02,建筑钢结构工程技术,E080,山东城市建设职业学院,30,551881
2025,2,03,智能建造技术,E080,山东城市建设职业学院,40,515868
2025,2,04,地下与隧道工程技术,E080,山东城市建设职业学院,25,483181
2025,2,05,土木工程检测技术,E080,山东城市建设职业学院,25,537096
2025,2,06,工程测量技术,E080,山东城市建设职业学院,30,541577
2025,2,07,花卉生产与花艺,E080,山东城市建设职业学院,12,498361
2025,2,08,建筑设计,E080,山东城市建设职业学院,20,479178
2025,2,09,古建筑工程技术,E080,山东城市建设职业学院,44,542445
2025,2,10,园林工程技术,E080,山东城市建设职业学院,30,466711
2025,2,11,风景园林设计,E080,山东城市建设职业学院,20,481932
2025,2,12,城乡规划,E080,山东城市建设职业学院,25,464540
2025,2,13,智慧城市管理技术,E080,山东城市建设职业学院,23,501374
2025,2,14,新能源材料应用技术,E080,山东城市建设职业学院,5,396973
2025,2,15,建筑电气工程技术,E080,山东城市建设职业学院,22,472349
2025,2,16,供热通风与空调工程技术,E080,山东城市建设职业学院,30,479988
2025,2,17,建筑消防技术,E080,山东城市建设职业学院,63,520928
2025,2,18,市政工程技术,E080,山东城市建设职业学院,40,497460
2025,2,19,城市燃气工程技术,E080,山东城市建设职业学院,40,439421
2025,2,20,市政管网智能检测与维护,E080,山东城市建设职业学院,25,513670
2025,2,21,城市轨道交通工程技术,E080,山东城市建设职业学院,25,365960
2025,2,22,软件技术,E080,山东城市建设职业学院,15,415546
2025,2,23,信息安全技术应用,E080,山东城市建设职业学院,72,423386
2025,2,24,人工智能技术应用,E080,山东城市建设职业学院,80,417155
2025,2,25,安全技术与管理,E080,山东城市建设职业学院,22,513547
2025,2,26,建设工程管理,E080,山东城市建设职业学院,6,521904
2025,2,27,房地产经营与管理,E080,山东城市建设职业学院,40,565457
2025,2,28,现代物业管理,E080,山东城市建设职业学院,40,536161
2025,2,29,工程造价,E080,山东城市建设职业学院,40,530467
2025,2,30,大数据与财务管理,E080,山东城市建设职业学院,60,352084
2025,2,31,电子商务,E080,山东城市建设职业学院,78,472438
2025,2,32,环境监测技术,E080,山东城市建设职业学院,55,505473
2025,2,33,环境工程技术,E080,山东城市建设职业学院,78,540176
2025,2,34,环境管理与评价,E080,山东城市建设职业学院,28,546688
2025,2,35,生态环境修复技术,E080,山东城市建设职业学院,32,520414
2025,2,36,绿色低碳技术,E080,山东城市建设职业学院,30,505102
2025,2,37,给排水工程技术,E080,山东城市建设职业学院,30,488976
2025,2,38,建筑装饰工程技术,E080,山东城市建设职业学院,28,540261
2025,2,39,环境艺术设计,E080,山东城市建设职业学院,20,485917
2025,2,40,展示艺术设计,E080,山东城市建设职业学院,20,505244
2025,2,41,数字媒体艺术设计,E080,山东城市建设职业学院,40,415499
2025,2,42,视觉传达设计,E080,山东城市建设职业学院,20,439265
2025,2,44,建设工程管理,E080,山东城市建设职业学院,20,553461
2025,2,H1,环境艺术设计(中外合作办学),E080,山东城市建设职业学院,80,594711
2025,2,61,园林工程技术(高职3+2贯通培养，衔接山东建筑大学风景园林专业),E080,山东城市建设职业学院,60,248093
2025,2,62,现代物业管理(高职3+2贯通培养，衔接山东青年政治学院物业管理专业),E080,山东城市建设职业学院,40,268396
2025,2,63,建筑钢结构工程技术(高职3+2贯通培养，衔接山东建筑大学焊接技术与工,E080,山东城市建设职业学院,80,276455
2025,2,64,建筑工程技术(高职3+2贯通培养，衔接聊城大学土木工程专业),E080,山东城市建设职业学院,30,273352
2025,2,65,建筑设计(高职3+2贯通培养，衔接临沂大学建筑学专业),E080,山东城市建设职业学院,40,265623
2025,2,66,建设工程管理(高职3+2贯通培养，衔接临沂大学土木工程专业),E080,山东城市建设职业学院,40,275851
2025,2,67,电子商务(高职3+2贯通培养，衔接临沂大学电子商务专业),E080,山东城市建设职业学院,40,239778
2025,2,68,城乡规划(高职3+2贯通培养，衔接山东工艺美术学院城乡规划专业),E080,山东城市建设职业学院,30,262901
2025,2,69,风景园林设计(高职3+2贯通培养，衔接山东工艺美术学院风景园林专业),E080,山东城市建设职业学院,30,268529
2025,2,70,生态环境修复技术(高职3+2贯通培养，衔接山东农业工程学院环境生态工,E080,山东城市建设职业学院,40,269173
2025,2,71,给排水工程技术(高职3+2贯通培养，衔接枣庄学院给排水科学与工程专业,E080,山东城市建设职业学院,40,273992
2025,2,72,人工智能技术应用(高职3+2贯通培养，衔接泰山学院人工智能专业),E080,山东城市建设职业学院,30,255599
2025,2,01,学前教育(师范类),E081,烟台汽车工程职业学院,28,520021
2025,2,02,早期教育,E081,烟台汽车工程职业学院,32,575261
2025,2,03,婴幼儿托育服务与管理,E081,烟台汽车工程职业学院,30,576795
2025,2,04,音乐表演,E081,烟台汽车工程职业学院,15,576955
2025,2,05,民航安全技术管理,E081,烟台汽车工程职业学院,13,546462
2025,2,06,民航运输服务,E081,烟台汽车工程职业学院,20,548428
2025,2,07,空中乘务,E081,烟台汽车工程职业学院,15,559938
2025,2,08,安全技术与管理,E081,烟台汽车工程职业学院,8,549569
2025,2,09,安全智能监测技术,E081,烟台汽车工程职业学院,14,547363
2025,2,10,应急救援技术,E081,烟台汽车工程职业学院,35,560818
2025,2,11,网络营销与直播电商,E081,烟台汽车工程职业学院,60,566846
2025,2,12,市场营销,E081,烟台汽车工程职业学院,33,567211
2025,2,13,电子商务,E081,烟台汽车工程职业学院,66,567508
2025,2,14,现代物流管理,E081,烟台汽车工程职业学院,13,546814
2025,2,15,大数据与会计,E081,烟台汽车工程职业学院,60,469530
2025,2,16,数控技术,E081,烟台汽车工程职业学院,35,491913
2025,2,17,机电一体化技术,E081,烟台汽车工程职业学院,27,455207
2025,2,18,机械制造及自动化,E081,烟台汽车工程职业学院,29,480496
2025,2,19,机械设计与制造,E081,烟台汽车工程职业学院,27,501432
2025,2,20,工业机器人技术,E081,烟台汽车工程职业学院,35,507561
2025,2,21,工业互联网应用,E081,烟台汽车工程职业学院,38,536425
2025,2,22,模具设计与制造,E081,烟台汽车工程职业学院,36,531164
2025,2,23,增材制造技术,E081,烟台汽车工程职业学院,30,541981
2025,2,24,电子信息工程技术,E081,烟台汽车工程职业学院,59,530032
2025,2,25,现代通信技术,E081,烟台汽车工程职业学院,32,536170
2025,2,26,人工智能技术应用,E081,烟台汽车工程职业学院,32,520236
2025,2,27,电气自动化技术,E081,烟台汽车工程职业学院,37,451406
2025,2,28,无人机应用技术,E081,烟台汽车工程职业学院,54,507898
2025,2,29,电梯工程技术,E081,烟台汽车工程职业学院,25,516012
2025,2,30,集成电路技术,E081,烟台汽车工程职业学院,34,538996
2025,2,31,计算机网络技术,E081,烟台汽车工程职业学院,20,512322
2025,2,32,物联网应用技术,E081,烟台汽车工程职业学院,59,535085
2025,2,33,虚拟现实技术应用,E081,烟台汽车工程职业学院,55,549305
2025,2,34,数字媒体技术,E081,烟台汽车工程职业学院,54,495262
2025,2,35,信息安全技术应用,E081,烟台汽车工程职业学院,9,528997
2025,2,36,汽车检测与维修技术,E081,烟台汽车工程职业学院,33,520386
2025,2,37,汽车技术服务与营销,E081,烟台汽车工程职业学院,25,552462
2025,2,38,智能工程机械运用技术,E081,烟台汽车工程职业学院,25,528810
2025,2,39,汽车制造与试验技术,E081,烟台汽车工程职业学院,26,527595
2025,2,40,汽车造型与改装技术,E081,烟台汽车工程职业学院,23,538997
2025,2,41,新能源汽车技术,E081,烟台汽车工程职业学院,120,510806
2025,2,42,新能源汽车检测与维修技术,E081,烟台汽车工程职业学院,68,518792
2025,2,43,智能网联汽车技术,E081,烟台汽车工程职业学院,64,541723
2025,2,44,汽车智能技术,E081,烟台汽车工程职业学院,60,539132
2025,2,45,智能交通技术,E081,烟台汽车工程职业学院,32,541006
2025,2,46,汽车电子技术,E081,烟台汽车工程职业学院,21,528585
2025,2,51,电气自动化技术(高职3+2贯通培养，衔接临沂大学电气工程及其自动化专,E081,烟台汽车工程职业学院,40,210803
2025,2,52,机械制造及自动化(高职3+2贯通培养，衔接临沂大学智能制造工程专业),E081,烟台汽车工程职业学院,40,241730
2025,2,53,市场营销(高职3+2贯通培养，衔接枣庄学院市场营销专业),E081,烟台汽车工程职业学院,40,271127
2025,2,54,汽车检测与维修技术(高职3+2贯通培养，衔接聊城大学车辆工程专业),E081,烟台汽车工程职业学院,30,264298
2025,2,55,集成电路技术(高职3+2贯通培养，衔接山东工商学院集成电路设计与集成,E081,烟台汽车工程职业学院,30,276592
2025,2,56,人工智能技术应用(高职3+2贯通培养，衔接山东工商学院人工智能专业),E081,烟台汽车工程职业学院,30,255690
2025,2,01,刑事执行,E082,山东司法警官职业学院,65,197809
2025,2,02,刑事执行,E082,山东司法警官职业学院,5,164589
2025,2,03,刑事侦查技术,E082,山东司法警官职业学院,65,225603
2025,2,04,刑事侦查技术,E082,山东司法警官职业学院,5,174970
2025,2,05,司法信息安全,E082,山东司法警官职业学院,46,240195
2025,2,06,司法信息安全,E082,山东司法警官职业学院,4,191172
2025,2,07,行政执行,E082,山东司法警官职业学院,46,251261
2025,2,08,行政执行,E082,山东司法警官职业学院,4,186265
2025,2,21,法律事务,E082,山东司法警官职业学院,220,315527
2025,2,22,法律文秘,E082,山东司法警官职业学院,155,323883
2025,2,23,民事执行,E082,山东司法警官职业学院,100,337367
2025,2,24,司法警务,E082,山东司法警官职业学院,262,347291
2025,2,26,应急救援技术,E082,山东司法警官职业学院,72,370775
2025,2,27,安全保卫管理,E082,山东司法警官职业学院,65,389756
2025,2,28,建筑消防技术,E082,山东司法警官职业学院,65,405791
2025,2,31,司法信息技术,E082,山东司法警官职业学院,100,349819
2025,2,32,安全防范技术,E082,山东司法警官职业学院,40,359014
2025,2,33,大数据技术,E082,山东司法警官职业学院,40,351460
2025,2,34,智能安防运营管理,E082,山东司法警官职业学院,100,376531
2025,2,35,信息安全技术应用,E082,山东司法警官职业学院,70,351217
2025,2,51,法律事务,E082,山东司法警官职业学院,100,292313
2025,2,52,法律事务,E082,山东司法警官职业学院,70,295889
2025,2,54,安全防范技术,E082,山东司法警官职业学院,100,433428
2025,2,11,法律事务(高职3+2贯通培养，衔接临沂大学法学专业),E082,山东司法警官职业学院,40,182939
2025,2,12,法律文秘(高职3+2贯通培养，衔接山东政法学院新闻学专业),E082,山东司法警官职业学院,50,199106
2025,2,13,民事执行(高职3+2贯通培养，衔接山东政法学院知识产权专业),E082,山东司法警官职业学院,50,189264
2025,2,14,司法警务(高职3+2贯通培养，衔接菏泽学院信用风险管理与法律防控专业,E082,山东司法警官职业学院,40,200858
2025,2,15,社区矫正(高职3+2贯通培养，衔接山东政法学院社区矫正专业),E082,山东司法警官职业学院,50,197135
2025,2,16,信息安全技术应用(高职3+2贯通培养，衔接山东政法学院网络空间安全专,E082,山东司法警官职业学院,30,199258
2025,2,01,林业技术,E085,西藏职业技术学院,6,607505
2025,2,05,园艺技术,E085,西藏职业技术学院,10,625318
2025,2,06,畜牧兽医,E085,西藏职业技术学院,5,587216
2025,2,08,旅游管理,E085,西藏职业技术学院,10,606021
2025,2,09,酒店管理与数字化运营,E085,西藏职业技术学院,5,609668
2025,2,0D,市场营销,E085,西藏职业技术学院,8,679079
2025,2,0F,电子商务,E085,西藏职业技术学院,10,655377
2025,2,0K,建筑工程技术,E085,西藏职业技术学院,5,603836
2025,2,0L,工程造价,E085,西藏职业技术学院,5,586113
2025,2,0R,发电厂及电力系统,E085,西藏职业技术学院,6,477033
2025,2,0S,供用电技术,E085,西藏职业技术学院,6,504985
2025,2,0V,计算机网络技术,E085,西藏职业技术学院,11,602668
2025,2,0W,信息安全技术应用,E085,西藏职业技术学院,5,635329
2025,2,13,网络舆情监测,E086,四川文化产业职业学院,5,363918
2025,2,14,影视多媒体技术,E086,四川文化产业职业学院,5,332336
2025,2,22,文化产业经营与管理,E086,四川文化产业职业学院,5,330156
2025,2,28,文化创意与策划,E086,四川文化产业职业学院,5,346930
2025,2,31,文物展示利用技术,E086,四川文化产业职业学院,5,357720
2025,2,34,移动互联应用技术,E086,四川文化产业职业学院,5,373529
2025,2,36,数字媒体技术,E086,四川文化产业职业学院,5,316315
2025,2,AC,空中乘务,E090,浙江横店影视职业学院,4,483937
2025,2,06,学前教育(师范类),E093,运城幼儿师范高等专科学校,20,577067
2025,2,07,小学语文教育(师范类),E093,运城幼儿师范高等专科学校,20,437580
2025,2,08,小学英语教育(师范类),E093,运城幼儿师范高等专科学校,10,479846
2025,2,01,数字媒体技术,E095,黑龙江幼儿师范高等专科学校,5,460056
2025,2,02,学前教育(师范类),E095,黑龙江幼儿师范高等专科学校,17,580515
2025,2,03,小学教育(师范类),E095,黑龙江幼儿师范高等专科学校,8,510817
2025,2,04,小学语文教育(师范类),E095,黑龙江幼儿师范高等专科学校,14,421469
2025,2,05,小学数学教育(师范类),E095,黑龙江幼儿师范高等专科学校,10,412017
2025,2,06,小学英语教育(师范类),E095,黑龙江幼儿师范高等专科学校,18,598773
2025,2,11,特殊教育(师范类),E095,黑龙江幼儿师范高等专科学校,2,440339
2025,2,17,小学道德与法治教育(师范类),E095,黑龙江幼儿师范高等专科学校,8,478175
2025,2,19,网络营销与直播电商,E095,黑龙江幼儿师范高等专科学校,3,523444
2025,2,22,早期教育(师范类),E095,黑龙江幼儿师范高等专科学校,5,573070
2025,2,01,护理,E097,益阳医学高等专科学校,2,308843
2025,2,0B,临床医学,E097,益阳医学高等专科学校,5,333022
2025,2,0C,康复治疗技术,E097,益阳医学高等专科学校,1,276027
2025,2,0E,口腔医学,E097,益阳医学高等专科学校,2,228415
2025,2,12,法律事务,E100,山东政法学院,100,246716
2025,2,13,行政管理,E100,山东政法学院,100,271407
2025,2,14,旅游管理,E103,冀中职业学院,4,570337
2025,2,19,工业机器人技术,E103,冀中职业学院,2,456049
2025,2,25,婴幼儿托育服务与管理,E103,冀中职业学院,4,578521
2025,2,05,针灸推拿,E105,山西老区职业技术学院,5,437081
2025,2,A4,工程地质勘查,E106,辽宁地质工程职业学院,2,352232
2025,2,C2,机电一体化技术,E106,辽宁地质工程职业学院,4,359018
2025,2,F3,大数据技术,E106,辽宁地质工程职业学院,4,364360
2025,2,04,小学教育(师范类),E107,白城职业技术学院,10,611456
2025,2,01,学前教育(师范类),E108,哈尔滨科学技术职业学院,5,469092
2025,2,02,早期教育(师范类),E108,哈尔滨科学技术职业学院,5,508575
2025,2,03,小学语文教育(师范类),E108,哈尔滨科学技术职业学院,5,328757
2025,2,04,小学英语教育(师范类),E108,哈尔滨科学技术职业学院,5,415234
2025,2,06,数字媒体艺术设计,E108,哈尔滨科学技术职业学院,5,422090
2025,2,08,新闻采编与制作,E108,哈尔滨科学技术职业学院,5,410808
2025,2,0A,计算机网络技术,E108,哈尔滨科学技术职业学院,5,374274
2025,2,0C,软件技术,E108,哈尔滨科学技术职业学院,5,401293
2025,2,0D,物联网应用技术,E108,哈尔滨科学技术职业学院,7,410996
2025,2,0H,城市轨道交通运营管理,E108,哈尔滨科学技术职业学院,5,371670
2025,2,0K,新能源汽车技术,E108,哈尔滨科学技术职业学院,8,399571
2025,2,14,人工智能技术应用,E108,哈尔滨科学技术职业学院,5,393077
2025,2,1B,智能网联汽车技术,E108,哈尔滨科学技术职业学院,5,427218
2025,2,14,物联网应用技术,E111,厦门南洋职业学院,1,517336
2025,2,14,空中乘务,E112,厦门东海职业技术学院,5,643012
2025,2,24,学前教育,E112,厦门东海职业技术学院,2,628660
2025,2,26,护理,E112,厦门东海职业技术学院,3,587950
2025,2,01,茶叶生产与加工技术,E113,漳州科技职业学院,5,672149
2025,2,02,茶艺与茶文化,E113,漳州科技职业学院,5,654399
2025,2,24,大数据与会计,E113,漳州科技职业学院,5,660177
2025,2,28,康复治疗技术,E113,漳州科技职业学院,5,675071
2025,2,08,机电一体化技术,E115,漳州理工职业学院,2,572481
2025,2,01,口腔医学,E118,菏泽家政职业学院,150,318357
2025,2,02,针灸推拿,E118,菏泽家政职业学院,150,378276
2025,2,03,药品生产技术,E118,菏泽家政职业学院,20,502874
2025,2,04,药学,E118,菏泽家政职业学院,105,505867
2025,2,05,中药学,E118,菏泽家政职业学院,39,487829
2025,2,06,助产,E118,菏泽家政职业学院,90,537061
2025,2,07,护理,E118,菏泽家政职业学院,583,485912
2025,2,08,医学影像技术,E118,菏泽家政职业学院,80,462437
2025,2,09,口腔医学技术,E118,菏泽家政职业学院,58,451069
2025,2,0B,康复治疗技术,E118,菏泽家政职业学院,130,497461
2025,2,0C,医学检验技术,E118,菏泽家政职业学院,54,464079
2025,2,0D,中医康复技术,E118,菏泽家政职业学院,50,477279
2025,2,0E,健康大数据管理与服务,E118,菏泽家政职业学院,40,547596
2025,2,0F,婴幼儿托育服务与管理,E118,菏泽家政职业学院,40,582411
2025,2,0G,早期教育,E118,菏泽家政职业学院,80,579393
2025,2,0H,智慧健康养老服务与管理,E118,菏泽家政职业学院,42,521585
2025,2,0J,酒店管理与数字化运营,E118,菏泽家政职业学院,30,571970
2025,2,0K,社会工作,E118,菏泽家政职业学院,27,560842
2025,2,0M,老年保健与管理,E118,菏泽家政职业学院,15,516891
2025,2,0P,健康管理,E118,菏泽家政职业学院,10,507399
2025,2,0A,康复治疗技术(高职3+2贯通培养，衔接济宁医学院康复治疗学专业),E118,菏泽家政职业学院,40,223960
2025,2,5A,护理(高职3+2贯通培养，衔接临沂大学护理学专业),E118,菏泽家政职业学院,40,213192
2025,2,5B,药学(高职3+2贯通培养，衔接菏泽学院药学专业),E118,菏泽家政职业学院,40,225468
2025,2,5C,医学检验技术(高职3+2贯通培养，衔接临沂大学医学检验技术专业),E118,菏泽家政职业学院,40,221567
2025,2,5D,健康管理(高职3+2贯通培养，衔接山东中医药大学健康服务与管理专业),E118,菏泽家政职业学院,40,229008
2025,2,A4,机电一体化技术,E119,湖北科技职业学院,5,353255
2025,2,AF,物联网应用技术,E119,湖北科技职业学院,10,371300
2025,2,AL,市场营销,E119,湖北科技职业学院,10,398796
2025,2,AV,建筑室内设计,E119,湖北科技职业学院,5,390479
2025,2,01,护理,E122,湖南电子科技职业学院,4,668404
2025,2,05,医学美容技术,E122,湖南电子科技职业学院,4,594208
2025,2,0E,机电一体化技术,E122,湖南电子科技职业学院,4,622481
2025,2,0H,新能源汽车技术,E122,湖南电子科技职业学院,4,625548
2025,2,0K,城市轨道交通工程技术,E122,湖南电子科技职业学院,4,672566
2025,2,01,护理,E123,广州珠江职业技术学院,3,592822
2025,2,15,法律事务,E123,广州珠江职业技术学院,2,434232
2025,2,02,新能源汽车技术,E126,广东文理职业学院,2,439627
2025,2,20,药学,E126,广东文理职业学院,2,656157
2025,2,25,护理,E126,广东文理职业学院,2,611290
2025,2,29,口腔医学技术,E126,广东文理职业学院,2,506650
2025,2,45,计算机应用技术,E126,广东文理职业学院,2,451183
2025,2,0J,金属智能加工技术,E127,广西工程职业学院,5,670454
2025,2,13,网络营销与直播电商,E127,广西工程职业学院,5,669950
2025,2,51,大数据与会计,E128,重庆财经职业学院,1,235781
2025,2,52,财务会计类,E128,重庆财经职业学院,2,281849
2025,2,65,金融服务与管理,E128,重庆财经职业学院,2,320999
2025,2,68,统计与大数据分析,E128,重庆财经职业学院,2,313806
2025,2,70,旅游管理,E128,重庆财经职业学院,2,341054
2025,2,74,现代文秘,E128,重庆财经职业学院,2,318734
2025,2,76,计算机应用技术,E128,重庆财经职业学院,2,296378
2025,2,77,大数据技术,E128,重庆财经职业学院,2,308382
2025,2,80,人工智能技术应用,E128,重庆财经职业学院,2,338567
2025,2,83,移动互联应用技术,E128,重庆财经职业学院,2,364810
2025,2,85,智能网联汽车技术,E128,重庆财经职业学院,2,370223
2025,2,90,数字媒体技术,E128,重庆财经职业学院,2,290292
2025,2,93,影视动画,E128,重庆财经职业学院,2,312017
2025,2,05,高速铁路综合维修技术(工务方向),E129,贵阳职业技术学院,5,405847
2025,2,14,建筑室内设计,E129,贵阳职业技术学院,3,413066
2025,2,22,现代物流管理,E129,贵阳职业技术学院,3,476845
2025,2,02,机电一体化技术,E137,蚌埠经济技术职业学院,2,531327
2025,2,07,高速铁路客运服务,E137,蚌埠经济技术职业学院,2,505462
2025,2,10,计算机应用技术,E137,蚌埠经济技术职业学院,2,533763
2025,2,13,护理,E137,蚌埠经济技术职业学院,8,492853
2025,2,14,药学,E137,蚌埠经济技术职业学院,4,508098
2025,2,15,医学生物技术,E137,蚌埠经济技术职业学院,4,565432
2025,2,16,口腔医学技术,E137,蚌埠经济技术职业学院,4,479389
2025,2,17,康复治疗技术,E137,蚌埠经济技术职业学院,2,542139
2025,2,19,大数据与会计,E137,蚌埠经济技术职业学院,2,495750
2025,2,09,大数据与会计,E138,新疆职业大学,1,289807
2025,2,10,工商企业管理,E138,新疆职业大学,2,470960
2025,2,11,市场营销,E138,新疆职业大学,2,548750
2025,2,12,电子商务,E138,新疆职业大学,2,505101
2025,2,13,现代物流管理,E138,新疆职业大学,2,530016
2025,2,14,宝玉石鉴定与加工(鉴定),E138,新疆职业大学,2,491293
2025,2,15,宝玉石鉴定与加工(玉雕),E138,新疆职业大学,1,400025
2025,2,16,宝玉石鉴定与加工(玉雕设计),E138,新疆职业大学,1,496110
2025,2,17,新闻采编与制作,E138,新疆职业大学,2,408975
2025,2,18,传播与策划,E138,新疆职业大学,2,493066
2025,2,19,婴幼儿托育服务与管理,E138,新疆职业大学,2,606719
2025,2,20,学前教育(师范类),E138,新疆职业大学,2,490495
2025,2,21,小学英语教育(师范类),E138,新疆职业大学,2,381437
2025,2,22,商务英语,E138,新疆职业大学,2,499290
2025,2,23,旅游英语,E138,新疆职业大学,2,521903
2025,2,24,应用俄语,E138,新疆职业大学,2,463341
2025,2,25,智能制造装备技术,E138,新疆职业大学,1,416951
2025,2,26,机电一体化技术,E138,新疆职业大学,2,340355
2025,2,27,智能控制技术,E138,新疆职业大学,2,439552
2025,2,28,工业机器人技术,E138,新疆职业大学,2,399716
2025,2,29,电气自动化技术,E138,新疆职业大学,2,373827
2025,2,30,无人机应用技术,E138,新疆职业大学,1,362429
2025,2,31,物联网应用技术,E138,新疆职业大学,2,415880
2025,2,32,计算机应用技术(室内设计),E138,新疆职业大学,1,418504
2025,2,33,计算机网络技术(网络构建),E138,新疆职业大学,2,427326
2025,2,34,计算机网络技术(现代安防),E138,新疆职业大学,1,379539
2025,2,35,软件技术(移动应用软件开发),E138,新疆职业大学,1,407874
2025,2,36,大数据技术,E138,新疆职业大学,2,436860
2025,2,37,信息安全技术应用,E138,新疆职业大学,2,470252
2025,2,38,旅游管理,E138,新疆职业大学,2,485889
2025,2,39,导游,E138,新疆职业大学,2,490157
2025,2,40,酒店管理与数字化运营,E138,新疆职业大学,2,527196
2025,2,41,民宿管理与运营,E138,新疆职业大学,2,570767
2025,2,42,食品智能加工技术(焙烤食品加工技术),E138,新疆职业大学,2,506729
2025,2,43,餐饮智能管理,E138,新疆职业大学,2,639652
2025,2,44,烹饪工艺与营养,E138,新疆职业大学,1,516906
2025,2,45,烹饪工艺与营养(西餐烹调),E138,新疆职业大学,2,531076
2025,2,46,烹饪工艺与营养(中餐烹调),E138,新疆职业大学,2,532914
2025,2,47,水利工程(农业水利工程),E138,新疆职业大学,2,406101
2025,2,48,水利水电工程技术,E138,新疆职业大学,2,399710
2025,2,49,水利水电工程智能管理,E138,新疆职业大学,4,434714
2025,2,50,水环境智能监测与治理,E138,新疆职业大学,2,439233
2025,2,51,水电站机电设备与自动化,E138,新疆职业大学,2,428147
2025,2,52,电力系统继电保护技术,E138,新疆职业大学,2,393474
2025,2,53,供用电技术,E138,新疆职业大学,2,402019
2025,2,54,新能源装备技术,E138,新疆职业大学,3,467154
2025,2,55,智能网联汽车技术,E138,新疆职业大学,2,477810
2025,2,56,汽车检测与维修技术,E138,新疆职业大学,2,470899
2025,2,57,新能源汽车检测与维修技术,E138,新疆职业大学,2,468268
2025,2,59,空中乘务(航空服务),E138,新疆职业大学,2,525296
2025,2,60,民航安全技术管理,E138,新疆职业大学,2,462904
2025,2,61,飞机机电设备维修,E138,新疆职业大学,1,347474
2025,2,62,飞机电子设备维修,E138,新疆职业大学,2,382894
2025,2,63,法律事务,E138,新疆职业大学,2,321546
2025,2,64,社会工作,E138,新疆职业大学,2,397769
2025,2,65,人力资源管理,E138,新疆职业大学,2,432657
2025,2,66,现代家政服务与管理,E138,新疆职业大学,2,582521
2025,2,67,智慧健康养老服务与管理,E138,新疆职业大学,2,498392
2025,2,68,现代文秘(涉外秘书),E138,新疆职业大学,1,419968
2025,2,01,护理,E139,民政职业大学,6,286983
2025,2,02,健康管理,E139,民政职业大学,6,325952
2025,2,03,公益慈善事业管理,E139,民政职业大学,4,303989
2025,2,04,人力资源管理,E139,民政职业大学,5,294735
2025,2,05,社区管理与服务,E139,民政职业大学,5,317823
2025,2,06,康复治疗技术,E139,民政职业大学,2,310664
2025,2,07,言语听觉康复技术,E139,民政职业大学,5,323952
2025,2,08,现代家政服务与管理(婴幼儿照护),E139,民政职业大学,2,324106
2025,2,09,现代殡葬技术与管理,E139,民政职业大学,5,196586
2025,2,0A,陵园服务与管理,E139,民政职业大学,6,269586
2025,2,0B,殡葬设备维护技术,E139,民政职业大学,4,261695
2025,2,0C,婚庆服务与管理(主播与主持),E139,民政职业大学,5,346172
2025,2,0D,婚庆服务与管理(策划与设计),E139,民政职业大学,4,374080
2025,2,0E,民政服务与管理,E139,民政职业大学,5,288529
2025,2,0F,影视多媒体技术,E139,民政职业大学,5,308569
2025,2,0G,大数据与会计,E139,民政职业大学,6,276338
2025,2,0H,早期教育,E139,民政职业大学,2,345095
2025,2,0J,学前教育,E139,民政职业大学,5,343886
2025,2,12,动漫制作技术,E140,北京艺术传媒职业学院,2,462409
2025,2,01,临床医学,E158,石家庄人民医学高等专科学校,3,395062
2025,2,02,口腔医学,E158,石家庄人民医学高等专科学校,4,318952
2025,2,03,护理,E158,石家庄人民医学高等专科学校,3,464690
2025,2,01,软件技术,E163,苏州高博职业学院,5,458166
2025,2,10,机电一体化技术,E163,苏州高博职业学院,5,484771
2025,2,17,建筑室内设计,E163,苏州高博职业学院,5,531387
2025,2,28,大数据与会计,E163,苏州高博职业学院,5,448930
2025,2,32,护理,E163,苏州高博职业学院,5,470162
2025,2,36,药学,E163,苏州高博职业学院,5,516263
2025,2,L0,光伏工程技术(光伏发电),E166,江西新能源科技职业学院,5,608474
2025,2,L8,新能源汽车技术,E166,江西新能源科技职业学院,5,607884
2025,2,R1,工业机器人技术,E166,江西新能源科技职业学院,5,608833
2025,2,R2,机电一体化技术,E166,江西新能源科技职业学院,5,609427
2025,2,R8,人工智能技术应用,E166,江西新能源科技职业学院,5,676602
2025,2,S2,护理,E166,江西新能源科技职业学院,10,655820
2025,2,S6,大数据与会计,E166,江西新能源科技职业学院,5,669017
2025,2,04,建筑室内设计,E167,江西枫林涉外经贸职业学院,2,616190
2025,2,15,广告艺术设计,E167,江西枫林涉外经贸职业学院,2,658946
2025,2,17,机械制造及自动化,E167,江西枫林涉外经贸职业学院,11,664020
2025,2,1A,工业机器人技术,E167,江西枫林涉外经贸职业学院,10,658945
2025,2,1D,新能源汽车技术,E167,江西枫林涉外经贸职业学院,10,677671
2025,2,1G,数字媒体技术,E167,江西枫林涉外经贸职业学院,2,632904
2025,2,1K,护理,E167,江西枫林涉外经贸职业学院,30,678963
2025,2,1P,大数据与会计,E167,江西枫林涉外经贸职业学院,2,584625
2025,2,1Q,市场营销,E167,江西枫林涉外经贸职业学院,5,670820
2025,2,1R,电子商务,E167,江西枫林涉外经贸职业学院,2,638203
2025,2,1U,旅游管理,E167,江西枫林涉外经贸职业学院,5,656888
2025,2,1X,智慧健康养老服务与管理,E167,江西枫林涉外经贸职业学院,10,667902
2025,2,1Z,护理(中外合作办学),E167,江西枫林涉外经贸职业学院,5,674391
2025,2,L0,计算机应用技术,E168,江西泰豪动漫职业学院,2,675383
2025,2,L1,人工智能技术应用,E168,江西泰豪动漫职业学院,2,647720
2025,2,L5,智能控制技术,E168,江西泰豪动漫职业学院,2,669805
2025,2,L6,无人机应用技术,E168,江西泰豪动漫职业学院,2,666547
2025,2,R1,网络直播与运营,E168,江西泰豪动漫职业学院,2,679200
2025,2,R5,软件技术,E168,江西泰豪动漫职业学院,2,658282
2025,2,S1,跨境电子商务,E168,江西泰豪动漫职业学院,2,655912
2025,2,S2,网络营销与直播电商,E168,江西泰豪动漫职业学院,2,642288
2025,2,S5,大数据技术(华为ICT方向),E168,江西泰豪动漫职业学院,2,642880
2025,2,S6,云计算技术应用(华为ICT方向),E168,江西泰豪动漫职业学院,2,663033
2025,2,S8,动漫制作技术,E168,江西泰豪动漫职业学院,2,634715
2025,2,01,茶叶生产与加工技术,E171,梧州职业学院,3,523752
2025,2,04,无人机测绘技术,E171,梧州职业学院,3,503150
2025,2,07,智能建造技术,E171,梧州职业学院,3,546477
2025,2,11,机电一体化技术,E171,梧州职业学院,2,429826
2025,2,19,软件技术,E171,梧州职业学院,2,467063
2025,2,20,数字媒体技术,E171,梧州职业学院,3,437713
2025,2,21,大数据技术,E171,梧州职业学院,2,473539
2025,2,24,护理,E171,梧州职业学院,2,406913
2025,2,25,药学,E171,梧州职业学院,2,468081
2025,2,37,学前教育,E171,梧州职业学院,3,592117
2025,2,05,工程造价,E172,海南科技职业大学,4,675680
2025,2,0D,新能源汽车技术,E172,海南科技职业大学,6,676047
2025,2,0E,石油化工技术,E172,海南科技职业大学,3,636393
2025,2,0H,航海技术,E172,海南科技职业大学,9,658490
2025,2,0J,轮机工程技术,E172,海南科技职业大学,4,653524
2025,2,0K,水路运输安全管理,E172,海南科技职业大学,4,670654
2025,2,0L,计算机网络技术,E172,海南科技职业大学,6,620888
2025,2,0N,大数据技术,E172,海南科技职业大学,6,656695
2025,2,0P,护理,E172,海南科技职业大学,3,505348
2025,2,0R,中药学,E172,海南科技职业大学,4,635558
2025,2,0S,医学检验技术,E172,海南科技职业大学,3,558809
2025,2,0X,金融服务与管理,E172,海南科技职业大学,3,662351
2025,2,0Z,大数据与财务管理,E172,海南科技职业大学,4,625726
2025,2,11,工商企业管理,E172,海南科技职业大学,3,642551
2025,2,14,现代物流管理,E172,海南科技职业大学,2,667911
2025,2,22,学前教育,E175,四川城市职业学院,15,668830
2025,2,45,护理,E175,四川城市职业学院,15,672902
2025,2,47,医学检验技术,E175,四川城市职业学院,15,676614
2025,2,48,医学影像技术,E175,四川城市职业学院,15,677961
2025,2,49,口腔医学技术,E175,四川城市职业学院,15,643071
2025,2,04,工程造价,E176,四川现代职业学院,2,597741
2025,2,05,建设工程管理,E176,四川现代职业学院,2,601032
2025,2,06,机械设计与制造,E176,四川现代职业学院,2,599653
2025,2,16,药品生产技术,E176,四川现代职业学院,2,646706
2025,2,17,生物制药技术,E176,四川现代职业学院,2,521573
2025,2,18,药物制剂技术,E176,四川现代职业学院,2,594414
2025,2,19,药品质量与安全,E176,四川现代职业学院,2,653384
2025,2,20,电子信息工程技术,E176,四川现代职业学院,2,551057
2025,2,22,软件技术,E176,四川现代职业学院,2,519851
2025,2,23,数字媒体技术,E176,四川现代职业学院,2,521216
2025,2,23,小学英语教育(师范类，非英语语种考生慎重报考),E178,佳木斯职业学院,60,669660
2025,2,01,酒店管理与数字化运营,E180,南京旅游职业学院,12,383153
2025,2,02,大数据与财务管理,E180,南京旅游职业学院,3,284781
2025,2,07,人工智能技术应用,E180,南京旅游职业学院,3,315503
2025,2,08,旅游管理,E180,南京旅游职业学院,3,328156
2025,2,09,电子商务,E180,南京旅游职业学院,2,313943
2025,2,0A,研学旅行管理与服务,E180,南京旅游职业学院,1,322879
2025,2,0B,智慧旅游技术应用,E180,南京旅游职业学院,2,356351
2025,2,0E,烹饪工艺与营养,E180,南京旅游职业学院,2,334211
2025,2,0F,西式烹饪工艺,E180,南京旅游职业学院,6,316307
2025,2,0G,中西面点工艺,E180,南京旅游职业学院,4,297913
2025,2,0J,餐饮智能管理,E180,南京旅游职业学院,3,362730
2025,2,0K,空中乘务,E180,南京旅游职业学院,9,399183
2025,2,0P,旅游英语,E180,南京旅游职业学院,5,345196
2025,2,0Q,旅游日语,E180,南京旅游职业学院,4,292157
2025,2,0R,应用韩语,E180,南京旅游职业学院,3,374920
2025,2,0S,应用西班牙语,E180,南京旅游职业学院,3,277052
2025,2,0T,大数据技术,E180,南京旅游职业学院,5,314144
2025,2,25,物联网应用技术,E182,湖南国防工业职业技术学院,5,382815
2025,2,26,智能制造装备技术,E182,湖南国防工业职业技术学院,5,388287
2025,2,27,建筑工程技术,E182,湖南国防工业职业技术学院,5,449943
2025,2,18,护理,E186,朔州职业技术学院,10,445337
2025,2,01,铁道机车运用与维护,E187,包头铁道职业技术学院,5,281485
2025,2,04,动车组检修技术,E187,包头铁道职业技术学院,5,296840
2025,2,06,铁道信号自动控制,E187,包头铁道职业技术学院,5,288282
2025,2,09,铁道交通运营管理,E187,包头铁道职业技术学院,5,277558
2025,2,16,铁道桥梁隧道工程技术,E187,包头铁道职业技术学院,5,322353
2025,2,19,铁道供电技术,E187,包头铁道职业技术学院,5,300503
2025,2,01,铁道交通运营管理,E188,辽宁铁道职业技术学院,2,213839
2025,2,02,铁道交通运营管理(铁路行车),E188,辽宁铁道职业技术学院,2,209121
2025,2,03,铁路物流管理,E188,辽宁铁道职业技术学院,2,275221
2025,2,05,铁道信号自动控制,E188,辽宁铁道职业技术学院,4,289914
2025,2,06,铁道供电技术,E188,辽宁铁道职业技术学院,4,293967
2025,2,07,铁道机车运用与维护,E188,辽宁铁道职业技术学院,6,267215
2025,2,08,铁道机车车辆制造与维护,E188,辽宁铁道职业技术学院,2,290369
2025,2,09,铁道车辆技术,E188,辽宁铁道职业技术学院,2,284524
2025,2,10,动车组检修技术,E188,辽宁铁道职业技术学院,2,288929
2025,2,12,铁道工程技术,E188,辽宁铁道职业技术学院,2,287847
2025,2,14,铁道桥梁隧道工程技术,E188,辽宁铁道职业技术学院,2,310202
2025,2,16,高速铁路综合维修技术,E188,辽宁铁道职业技术学院,2,297691
2025,2,18,铁道通信与信息化技术,E188,辽宁铁道职业技术学院,2,297412
2025,2,22,城市轨道交通通信信号技术,E188,辽宁铁道职业技术学院,1,280999
2025,2,24,城市轨道车辆应用技术,E188,辽宁铁道职业技术学院,1,302918
2025,2,27,智能焊接技术,E188,辽宁铁道职业技术学院,2,319322
2025,2,28,电气自动化技术,E188,辽宁铁道职业技术学院,1,286959
2025,2,29,机电一体化技术,E188,辽宁铁道职业技术学院,1,285837
2025,2,06,护理,E190,长白山职业技术学院,10,460587
2025,2,10,康复治疗技术,E190,长白山职业技术学院,10,429072
2025,2,03,广播影视节目制作,E193,山东传媒职业学院,100,419311
2025,2,04,影视编导,E193,山东传媒职业学院,55,409551
2025,2,15,录音技术与艺术,E193,山东传媒职业学院,23,408668
2025,2,16,电子商务,E193,山东传媒职业学院,35,399602
2025,2,17,无人机应用技术,E193,山东传媒职业学院,30,368512
2025,2,18,新闻采编与制作,E193,山东传媒职业学院,137,388744
2025,2,19,传播与策划,E193,山东传媒职业学院,29,367871
2025,2,20,网络新闻与传播,E193,山东传媒职业学院,60,314077
2025,2,21,网络直播与运营,E193,山东传媒职业学院,46,393074
2025,2,22,数字广播电视技术,E193,山东传媒职业学院,14,398956
2025,2,23,软件技术,E193,山东传媒职业学院,45,366410
2025,2,24,数字媒体技术,E193,山东传媒职业学院,40,296905
2025,2,25,融媒体技术与运营,E193,山东传媒职业学院,50,349599
2025,2,26,人工智能技术应用,E193,山东传媒职业学院,45,394862
2025,2,27,移动应用开发,E193,山东传媒职业学院,45,427114
2025,2,28,影视多媒体技术,E193,山东传媒职业学院,54,348357
2025,2,29,动漫制作技术,E193,山东传媒职业学院,10,332614
2025,2,30,建筑动画技术,E193,山东传媒职业学院,7,415583
2025,2,31,全媒体广告策划与营销,E193,山东传媒职业学院,45,400138
2025,2,32,印刷媒体技术,E193,山东传媒职业学院,10,425931
2025,2,33,印刷数字图文技术,E193,山东传媒职业学院,12,426401
2025,2,34,包装策划与设计,E193,山东传媒职业学院,10,414201
2025,2,35,学前教育(师范类),E193,山东传媒职业学院,40,436421
2025,2,36,早期教育,E193,山东传媒职业学院,30,464283
2025,2,37,婴幼儿托育服务与管理,E193,山东传媒职业学院,28,493859
2025,2,78,印刷媒体技术(高职技师合作培养，在山东工业技师学院就读),E193,山东传媒职业学院,100,598111
2025,2,79,印刷数字图文技术(高职技师合作培养，在山东工业技师学院就读),E193,山东传媒职业学院,100,611525
2025,2,75,影视编导(高职3+2贯通培养，衔接临沂大学广播电视编导专业),E193,山东传媒职业学院,40,241175
2025,2,77,网络新闻与传播(高职3+2贯通培养，衔接山东政法学院网络与新媒体专业,E193,山东传媒职业学院,50,211560
2025,2,23,大数据与会计,E195,临沂职业学院,40,326479
2025,2,24,现代物流管理,E195,临沂职业学院,55,517537
2025,2,25,市场营销,E195,临沂职业学院,60,549654
2025,2,26,电子商务,E195,临沂职业学院,30,520008
2025,2,27,跨境电子商务,E195,临沂职业学院,90,552078
2025,2,28,网络营销与直播电商,E195,临沂职业学院,40,529545
2025,2,29,工程测量技术,E195,临沂职业学院,45,550652
2025,2,30,建筑装饰工程技术,E195,临沂职业学院,50,556568
2025,2,31,建筑工程技术,E195,临沂职业学院,40,557212
2025,2,32,工程造价,E195,临沂职业学院,75,575081
2025,2,34,早期教育,E195,临沂职业学院,65,557858
2025,2,35,中医康复技术,E195,临沂职业学院,110,444233
2025,2,36,康复治疗技术,E195,临沂职业学院,120,453259
2025,2,38,智慧健康养老服务与管理,E195,临沂职业学院,115,514538
2025,2,39,现代物业管理,E195,临沂职业学院,75,558557
2025,2,40,旅游管理,E195,临沂职业学院,65,553811
2025,2,41,大数据与财务管理,E195,临沂职业学院,40,401002
2025,2,42,农村电子商务,E195,临沂职业学院,25,553456
2025,2,43,环境监测技术,E195,临沂职业学院,45,546373
2025,2,44,安全技术与管理,E195,临沂职业学院,30,538090
2025,2,45,物联网应用技术,E195,临沂职业学院,110,521441
2025,2,46,计算机网络技术,E195,临沂职业学院,31,453293
2025,2,47,软件技术,E195,临沂职业学院,65,460026
2025,2,48,大数据技术,E195,临沂职业学院,60,478708
2025,2,49,智能互联网络技术,E195,临沂职业学院,110,531561
2025,2,50,数控技术,E195,临沂职业学院,29,455774
2025,2,51,机械制造及自动化,E195,临沂职业学院,16,414308
2025,2,52,智能焊接技术,E195,临沂职业学院,40,484057
2025,2,53,机电一体化技术,E195,临沂职业学院,25,409691
2025,2,55,智能控制技术,E195,临沂职业学院,35,474935
2025,2,56,工业机器人技术,E195,临沂职业学院,34,465253
2025,2,57,无人机应用技术,E195,临沂职业学院,45,473196
2025,2,58,数字媒体艺术设计,E195,临沂职业学院,74,456106
2025,2,59,室内艺术设计,E195,临沂职业学院,55,526201
2025,2,60,虚拟现实技术应用,E195,临沂职业学院,40,524101
2025,2,H1,现代物流管理(中外合作办学),E195,临沂职业学院,100,602920
2025,2,54,机电一体化技术(高职技师合作培养，在临沂市技师学院就读),E195,临沂职业学院,40,472808
2025,2,G1,大数据与会计(高职3+2贯通培养，衔接青岛理工大学会计学专业),E195,临沂职业学院,40,184212
2025,2,G2,现代物流管理(高职3+2贯通培养，衔接临沂大学物流管理专业),E195,临沂职业学院,40,228972
2025,2,G3,市场营销(高职3+2贯通培养，衔接枣庄学院市场营销专业),E195,临沂职业学院,40,265969
2025,2,G4,建筑工程技术(高职3+2贯通培养，衔接青岛理工大学智能建造专业),E195,临沂职业学院,80,268891
2025,2,G5,机械制造及自动化(高职3+2贯通培养，衔接临沂大学机械设计制造及其自,E195,临沂职业学院,40,220997
2025,2,G6,智能控制技术(高职3+2贯通培养，衔接临沂大学自动化专业),E195,临沂职业学院,40,221377
2025,2,01,口腔医学,E196,枣庄职业学院,100,287294
2025,2,02,护理,E196,枣庄职业学院,300,430249
2025,2,03,康复治疗技术,E196,枣庄职业学院,44,458256
2025,2,04,口腔医学技术,E196,枣庄职业学院,28,381472
2025,2,05,口腔卫生保健,E196,枣庄职业学院,35,426605
2025,2,06,老年保健与管理,E196,枣庄职业学院,45,516877
2025,2,07,大数据技术,E196,枣庄职业学院,61,472873
2025,2,08,大数据与会计,E196,枣庄职业学院,92,386307
2025,2,09,电子商务,E196,枣庄职业学院,65,554355
2025,2,10,动漫制作技术,E196,枣庄职业学院,96,502386
2025,2,11,计算机应用技术,E196,枣庄职业学院,58,444276
2025,2,12,信息安全技术应用,E196,枣庄职业学院,48,518986
2025,2,13,虚拟现实技术应用,E196,枣庄职业学院,99,539859
2025,2,14,现代物流管理,E196,枣庄职业学院,93,565479
2025,2,15,电气自动化技术,E196,枣庄职业学院,90,420801
2025,2,16,工业机器人技术,E196,枣庄职业学院,54,492165
2025,2,17,机电一体化技术,E196,枣庄职业学院,91,442664
2025,2,18,机械制造及自动化,E196,枣庄职业学院,44,452045
2025,2,19,人工智能技术应用,E196,枣庄职业学院,27,505832
2025,2,20,数控技术,E196,枣庄职业学院,45,412679
2025,2,21,无人机应用技术,E196,枣庄职业学院,32,490759
2025,2,22,物联网应用技术,E196,枣庄职业学院,28,517141
2025,2,23,汽车检测与维修技术,E196,枣庄职业学院,20,498122
2025,2,24,汽车制造与试验技术,E196,枣庄职业学院,39,518683
2025,2,25,新能源材料应用技术,E196,枣庄职业学院,25,512701
2025,2,26,新能源汽车技术,E196,枣庄职业学院,37,458972
2025,2,27,智能网联汽车技术,E196,枣庄职业学院,39,520796
2025,2,28,畜牧兽医,E196,枣庄职业学院,35,407498
2025,2,29,动物医学,E196,枣庄职业学院,35,348402
2025,2,30,宠物医疗技术,E196,枣庄职业学院,35,401283
2025,2,31,食品检验检测技术,E196,枣庄职业学院,35,480863
2025,2,32,食品智能加工技术,E196,枣庄职业学院,35,521016
2025,2,33,现代农业技术,E196,枣庄职业学院,35,510196
2025,2,34,分析检验技术,E196,枣庄职业学院,37,504234
2025,2,35,环境工程技术,E196,枣庄职业学院,20,547058
2025,2,36,精细化工技术,E196,枣庄职业学院,20,529187
2025,2,37,药品生产技术,E196,枣庄职业学院,56,501451
2025,2,38,应用化工技术,E196,枣庄职业学院,34,449133
2025,2,39,酒店管理与数字化运营,E196,枣庄职业学院,55,570453
2025,2,40,高速铁路客运服务,E196,枣庄职业学院,19,370512
2025,2,41,旅游管理,E196,枣庄职业学院,68,572141
2025,2,42,智慧景区开发与管理,E196,枣庄职业学院,39,569506
2025,2,43,工程造价,E196,枣庄职业学院,63,568554
2025,2,44,建筑工程技术,E196,枣庄职业学院,65,567933
2025,2,45,建筑装饰工程技术,E196,枣庄职业学院,65,568359
2025,2,46,建筑消防技术,E196,枣庄职业学院,27,538426
2025,2,47,网络新闻与传播,E196,枣庄职业学院,70,513421
2025,2,59,酒店管理与数字化运营(订单培养班),E196,枣庄职业学院,45,556254
2025,2,60,高速铁路客运服务(订单培养班),E196,枣庄职业学院,45,317629
2025,2,61,旅游管理(订单培养班),E196,枣庄职业学院,55,553573
2025,2,58,汽车制造与试验技术(中外合作办学)(与德国比勒费尔德中等企业应用技,E196,枣庄职业学院,50,585356
2025,2,80,数控技术(高职3+2贯通培养，衔接枣庄学院机械设计制造及其自动化专业,E196,枣庄职业学院,40,266099
2025,2,81,应用化工技术(高职3+2贯通培养，衔接枣庄学院化学工程与工艺专业),E196,枣庄职业学院,40,270021
2025,2,82,动物医学(高职3+2贯通培养，衔接山东农业工程学院动物医学专业),E196,枣庄职业学院,60,221604
2025,2,83,计算机应用技术(高职3+2贯通培养，衔接山东体育学院电子竞技运动与管,E196,枣庄职业学院,30,261427
2025,2,84,旅游管理(高职3+2贯通培养，衔接枣庄学院旅游管理专业),E196,枣庄职业学院,40,271669
2025,2,01,电气自动化技术,E197,湖北工程职业学院,15,346348
2025,2,24,新能源汽车技术,E197,湖北工程职业学院,5,351241
2025,2,31,护理,E197,湖北工程职业学院,5,316145
2025,2,42,数控技术,E197,湖北工程职业学院,5,356291
2025,2,10,航海技术,E209,大连航运职业技术学院,2,512401
2025,2,11,轮机工程技术,E209,大连航运职业技术学院,2,503124
2025,2,12,国际邮轮乘务管理,E209,大连航运职业技术学院,2,547814
2025,2,22,国际商务,E209,大连航运职业技术学院,2,504934
2025,2,26,港口物流管理,E209,大连航运职业技术学院,2,543725
2025,2,01,建筑工程技术,E211,广西经济职业学院,6,662649
2025,2,05,机电一体化技术,E211,广西经济职业学院,6,637334
2025,2,06,工业机器人技术,E211,广西经济职业学院,6,657399
2025,2,07,无人机应用技术,E211,广西经济职业学院,6,671919
2025,2,08,新能源汽车技术,E211,广西经济职业学院,6,677028
2025,2,09,食品检验检测技术,E211,广西经济职业学院,6,636085
2025,2,10,高速铁路客运服务,E211,广西经济职业学院,6,664459
2025,2,12,应用电子技术,E211,广西经济职业学院,4,664065
2025,2,13,计算机应用技术,E211,广西经济职业学院,8,667184
2025,2,15,云计算技术应用,E211,广西经济职业学院,6,668812
2025,2,16,婴幼儿托育服务与管理,E211,广西经济职业学院,6,673697
2025,2,17,老年保健与管理,E211,广西经济职业学院,2,644849
2025,2,19,大数据与财务管理,E211,广西经济职业学院,6,676859
2025,2,20,大数据与会计,E211,广西经济职业学院,4,621995
2025,2,22,市场营销,E211,广西经济职业学院,4,670301
2025,2,23,电子商务,E211,广西经济职业学院,4,675785
2025,2,26,烹饪工艺与营养,E211,广西经济职业学院,2,663904
2025,2,33,表演艺术,E211,广西经济职业学院,4,645669
2025,2,34,社会体育,E211,广西经济职业学院,5,674684
2025,2,35,人力资源管理,E211,广西经济职业学院,4,675889
2025,2,36,行政管理,E211,广西经济职业学院,4,609893
2025,2,37,现代家政服务与管理,E211,广西经济职业学院,2,664714
2025,2,39,建筑工程技术(建筑节能技术方向),E211,广西经济职业学院,6,666608
2025,2,40,大数据与会计(国际会计方向),E211,广西经济职业学院,2,662427
2025,2,41,烹饪工艺与营养(公众营养方向),E211,广西经济职业学院,2,669867
2025,2,42,烹饪工艺与营养(西餐工艺方向),E211,广西经济职业学院,2,652291
2025,2,43,现代物流管理(国际物流方向),E211,广西经济职业学院,4,646903
2025,2,44,舞蹈表演(流行舞方向),E211,广西经济职业学院,2,654869
2025,2,03,工程造价,E212,云南经贸外事职业学院,3,675098
2025,2,10,高速铁路客运服务,E212,云南经贸外事职业学院,2,656849
2025,2,12,音乐表演,E212,云南经贸外事职业学院,3,641997
2025,2,13,中文,E212,云南经贸外事职业学院,4,638131
2025,2,12,新能源汽车技术,E213,石家庄科技职业学院,5,618282
2025,2,21,高速铁路客运服务,E213,石家庄科技职业学院,5,514433
2025,2,27,计算机网络技术,E213,石家庄科技职业学院,3,538798
2025,2,28,软件技术,E213,石家庄科技职业学院,3,626486
2025,2,30,大数据技术,E213,石家庄科技职业学院,5,605893
2025,2,32,护理,E213,石家庄科技职业学院,3,536817
2025,2,33,中药学,E213,石家庄科技职业学院,5,577214
2025,2,34,医学检验技术,E213,石家庄科技职业学院,3,558792
2025,2,39,大数据与财务管理,E213,石家庄科技职业学院,3,603408
2025,2,20,学前教育(师范类),E220,广西幼儿师范高等专科学校,5,551055
2025,2,02,汽车电子技术,E228,大连汽车职业技术学院,1,457963
2025,2,03,汽车检测与维修技术,E228,大连汽车职业技术学院,2,495097
2025,2,05,新能源汽车技术,E228,大连汽车职业技术学院,2,470638
2025,2,09,飞机机电设备维修,E228,大连汽车职业技术学院,4,554758
2025,2,10,新能源装备技术,E228,大连汽车职业技术学院,3,537344
2025,2,11,交通运营管理,E228,大连汽车职业技术学院,3,590144
2025,2,14,表演艺术,E228,大连汽车职业技术学院,2,604850
2025,2,16,影视动画,E228,大连汽车职业技术学院,3,563566
2025,2,04,机电一体化技术,E229,安徽矿业职业技术学院,10,552519
2025,2,06,新能源汽车技术,E229,安徽矿业职业技术学院,10,563960
2025,2,A1,计算机应用技术,E229,安徽矿业职业技术学院,5,572457
2025,2,A4,电子商务,E229,安徽矿业职业技术学院,5,588100
2025,2,03,智能控制技术,E231,泉州海洋职业学院,13,640555
2025,2,04,工业机器人技术,E231,泉州海洋职业学院,5,630040
2025,2,05,船舶工程技术,E231,泉州海洋职业学院,5,678821
2025,2,07,游艇设计与制造,E231,泉州海洋职业学院,5,676499
2025,2,08,海洋工程装备技术,E231,泉州海洋职业学院,10,662788
2025,2,09,无人机应用技术,E231,泉州海洋职业学院,3,488715
2025,2,11,石油化工技术,E231,泉州海洋职业学院,5,638222
2025,2,13,高速铁路客运服务,E231,泉州海洋职业学院,8,665756
2025,2,14,航海技术,E231,泉州海洋职业学院,25,596046
2025,2,15,轮机工程技术,E231,泉州海洋职业学院,20,611400
2025,2,16,国际邮轮乘务管理,E231,泉州海洋职业学院,10,648359
2025,2,18,电子信息工程技术,E231,泉州海洋职业学院,22,676812
2025,2,19,移动互联应用技术,E231,泉州海洋职业学院,5,664266
2025,2,20,计算机应用技术,E231,泉州海洋职业学院,5,556314
2025,2,22,大数据技术,E231,泉州海洋职业学院,15,676271
2025,2,25,护理,E231,泉州海洋职业学院,7,668784
2025,2,27,大数据与财务管理,E231,泉州海洋职业学院,2,603061
2025,2,29,工商企业管理,E231,泉州海洋职业学院,1,666675
2025,2,30,市场营销,E231,泉州海洋职业学院,5,666742
2025,2,31,电子商务,E231,泉州海洋职业学院,3,658655
2025,2,34,港口物流管理,E231,泉州海洋职业学院,8,628570
2025,2,35,休闲服务与管理,E231,泉州海洋职业学院,7,671498
2025,2,05,机电一体化技术,E232,泉州轻工职业学院,2,586719
2025,2,06,工业机器人技术,E232,泉州轻工职业学院,2,590740
2025,2,14,化妆品经营与管理,E232,泉州轻工职业学院,2,665581
2025,2,18,人工智能技术应用,E232,泉州轻工职业学院,2,617514
2025,2,18,计算机网络技术,E233,漯河食品工程职业大学,90,675858
2025,2,26,大数据与会计,E233,漯河食品工程职业大学,90,670808
2025,2,0K,计算机应用技术,E235,郑州城市职业学院,10,664941
2025,2,0T,新能源汽车技术,E235,郑州城市职业学院,10,672316
2025,2,0W,大数据与会计,E235,郑州城市职业学院,10,667416
2025,2,01,国际邮轮乘务管理,E236,三亚理工职业学院,5,650762
2025,2,03,大数据与会计,E236,三亚理工职业学院,2,453595
2025,2,04,护理,E236,三亚理工职业学院,1,582830
2025,2,06,旅游管理,E236,三亚理工职业学院,1,480469
2025,2,07,酒店管理与数字化运营,E236,三亚理工职业学院,1,601347
2025,2,09,会展策划与管理,E236,三亚理工职业学院,1,606658
2025,2,11,新能源汽车技术,E236,三亚理工职业学院,1,543292
2025,2,04,市政工程技术,E237,重庆电讯职业学院,6,645611
2025,2,05,机电一体化技术,E237,重庆电讯职业学院,13,623415
2025,2,06,工业机器人技术,E237,重庆电讯职业学院,8,642006
2025,2,08,新能源汽车技术,E237,重庆电讯职业学院,13,643922
2025,2,14,民航运输服务,E237,重庆电讯职业学院,4,667463
2025,2,18,软件技术,E237,重庆电讯职业学院,5,619085
2025,2,19,数字媒体技术,E237,重庆电讯职业学院,5,587212
2025,2,20,大数据技术,E237,重庆电讯职业学院,5,637964
2025,2,25,现代通信技术,E237,重庆电讯职业学院,7,656809
2025,2,H1,汽车制造与试验技术(中外合作办学),E237,重庆电讯职业学院,7,676222
2025,2,H2,通信系统运行管理(中外合作办学),E237,重庆电讯职业学院,7,650036
2025,2,01,护理,E238,重庆能源职业学院,8,533369
2025,2,02,中药学,E238,重庆能源职业学院,8,640631
2025,2,15,城市轨道交通运营管理,E238,重庆能源职业学院,5,550672
2025,2,25,计算机类,E238,重庆能源职业学院,5,516721
2025,2,34,大数据与会计,E238,重庆能源职业学院,4,490745
2025,2,08,护理,E239,云南三鑫职业技术学院,10,672126
2025,2,09,药学,E239,云南三鑫职业技术学院,20,675654
2025,2,10,中医康复技术,E239,云南三鑫职业技术学院,10,677405
2025,2,13,口腔医学技术,E239,云南三鑫职业技术学院,20,674128
2025,2,21,动物医学,E239,云南三鑫职业技术学院,20,679896
2025,2,03,光伏工程技术,E241,江西冶金职业技术学院,1,420669
2025,2,04,钢铁智能冶金技术,E241,江西冶金职业技术学院,1,484355
2025,2,08,数字化设计与制造技术,E241,江西冶金职业技术学院,1,416289
2025,2,0A,机械制造及自动化,E241,江西冶金职业技术学院,1,402774
2025,2,0B,智能焊接技术,E241,江西冶金职业技术学院,1,442997
2025,2,0D,机电一体化技术,E241,江西冶金职业技术学院,1,411258
2025,2,0G,工业机器人技术,E241,江西冶金职业技术学院,2,450413
2025,2,0H,电气自动化技术,E241,江西冶金职业技术学院,2,372391
2025,2,0J,工业互联网应用,E241,江西冶金职业技术学院,1,488628
2025,2,0L,新能源汽车技术,E241,江西冶金职业技术学院,2,427550
2025,2,0M,汽车电子技术,E241,江西冶金职业技术学院,1,544317
2025,2,0Q,应用电子技术,E241,江西冶金职业技术学院,1,483790
2025,2,0S,软件技术,E241,江西冶金职业技术学院,1,401041
2025,2,0T,信息安全技术应用,E241,江西冶金职业技术学院,1,459760
2025,2,0V,人工智能技术应用,E241,江西冶金职业技术学院,1,454227
2025,2,0X,旅游管理,E241,江西冶金职业技术学院,1,464238
2025,2,0Y,智慧健康养老服务与管理,E241,江西冶金职业技术学院,1,400617
2025,2,01,机电一体化技术,E242,山东理工职业学院,136,416150
2025,2,02,工业互联网应用,E242,山东理工职业学院,78,500278
2025,2,04,工业机器人技术,E242,山东理工职业学院,67,463301
2025,2,06,航海技术,E242,山东理工职业学院,100,478261
2025,2,07,轮机工程技术,E242,山东理工职业学院,56,473049
2025,2,08,国际邮轮乘务管理,E242,山东理工职业学院,35,537986
2025,2,09,计算机网络技术,E242,山东理工职业学院,10,402502
2025,2,10,物联网应用技术,E242,山东理工职业学院,36,472699
2025,2,11,软件技术,E242,山东理工职业学院,25,412870
2025,2,12,光伏工程技术,E242,山东理工职业学院,20,455201
2025,2,13,环境工程技术,E242,山东理工职业学院,40,536583
2025,2,14,药品生产技术,E242,山东理工职业学院,45,460471
2025,2,15,分布式发电与智能微电网技术,E242,山东理工职业学院,12,436993
2025,2,16,新能源装备技术,E242,山东理工职业学院,20,441271
2025,2,17,工程造价,E242,山东理工职业学院,80,558240
2025,2,18,古建筑工程技术,E242,山东理工职业学院,50,548149
2025,2,19,建筑工程技术,E242,山东理工职业学院,70,553401
2025,2,20,建筑消防技术,E242,山东理工职业学院,110,574053
2025,2,21,大数据与财务管理,E242,山东理工职业学院,55,425839
2025,2,22,财税大数据应用,E242,山东理工职业学院,26,449469
2025,2,23,金融科技应用,E242,山东理工职业学院,26,490461
2025,2,24,市场营销,E242,山东理工职业学院,119,557132
2025,2,25,电子商务,E242,山东理工职业学院,55,478701
2025,2,26,现代物流管理,E242,山东理工职业学院,79,527338
2025,2,27,跨境电子商务,E242,山东理工职业学院,78,531828
2025,2,28,视觉传达设计,E242,山东理工职业学院,22,457140
2025,2,29,环境艺术设计,E242,山东理工职业学院,30,519284
2025,2,30,研学旅行管理与服务,E242,山东理工职业学院,56,560684
2025,2,31,旅游管理,E242,山东理工职业学院,53,536653
2025,2,32,酒店管理与数字化运营,E242,山东理工职业学院,30,533185
2025,2,33,知识产权管理,E242,山东理工职业学院,49,378346
2025,2,34,质量管理与认证,E242,山东理工职业学院,47,536679
2025,2,39,婴幼儿托育服务与管理,E242,山东理工职业学院,15,517276
2025,2,40,中医康复技术,E242,山东理工职业学院,65,433009
2025,2,41,智慧健康养老服务与管理,E242,山东理工职业学院,92,497989
2025,2,42,中药学,E242,山东理工职业学院,110,438571
2025,2,49,汽车检测与维修技术,E242,山东理工职业学院,64,494451
2025,2,50,汽车技术服务与营销,E242,山东理工职业学院,90,555166
2025,2,51,新能源汽车技术,E242,山东理工职业学院,90,453248
2025,2,52,智能网联汽车技术,E242,山东理工职业学院,65,490130
2025,2,53,空中乘务,E242,山东理工职业学院,80,552841
2025,2,54,飞机机电设备维修,E242,山东理工职业学院,72,435566
2025,2,55,无人机应用技术,E242,山东理工职业学院,135,459300
2025,2,56,安全技术与管理,E242,山东理工职业学院,90,530771
2025,2,57,应急救援技术,E242,山东理工职业学院,90,531691
2025,2,58,现代移动通信技术,E242,山东理工职业学院,60,507813
2025,2,59,人工智能技术应用,E242,山东理工职业学院,71,461428
2025,2,60,大数据技术,E242,山东理工职业学院,50,433126
2025,2,61,虚拟现实技术应用,E242,山东理工职业学院,45,498487
2025,2,62,电气自动化技术,E242,山东理工职业学院,55,379849
2025,2,63,应用化工技术,E242,山东理工职业学院,45,493165
2025,2,64,储能材料技术,E242,山东理工职业学院,45,492265
2025,2,65,光伏材料制备技术,E242,山东理工职业学院,40,505923
2025,2,66,大数据与会计,E242,山东理工职业学院,130,410087
2025,2,67,宝玉石鉴定与加工,E242,山东理工职业学院,45,542176
2025,2,68,"酒店管理与数字化运营(订单培养,资助三年学费)",E242,山东理工职业学院,30,508256
2025,2,69,书画艺术,E242,山东理工职业学院,10,534160
2025,2,70,标准化技术,E242,山东理工职业学院,50,574268
2025,2,05,汽车检测与维修技术(中外合作办学)(中德合作办学),E242,山东理工职业学院,35,561011
2025,2,35,大数据与会计(中外合作办学)(中澳合作办学),E242,山东理工职业学院,78,518043
2025,2,36,计算机应用技术(中外合作办学)(中英合作办学),E242,山东理工职业学院,53,539975
2025,2,37,旅游管理(中外合作办学)(中新合作办学),E242,山东理工职业学院,58,605091
2025,2,38,视觉传达设计(中外合作办学)(中韩合作办学),E242,山东理工职业学院,47,559551
2025,2,46,数控技术(中外合作办学)(中德合作办学),E242,山东理工职业学院,50,583804
2025,2,47,机械制造及自动化(中外合作办学)(中德合作办学),E242,山东理工职业学院,50,557475
2025,2,48,工业机器人技术(中外合作办学)(中德合作办学),E242,山东理工职业学院,100,582962
2025,2,71,汽车检测与维修技术(高职技师合作培养，在山东理工职业学院就读),E242,山东理工职业学院,40,524991
2025,2,72,机电一体化技术(高职技师合作培养，在山东理工职业学院就读),E242,山东理工职业学院,40,434394
2025,2,73,新能源汽车技术(高职3+2贯通培养，衔接聊城大学车辆工程专业),E242,山东理工职业学院,30,236512
2025,2,74,研学旅行管理与服务(高职3+2贯通培养，衔接山东管理学院旅游管理与服,E242,山东理工职业学院,40,271346
2025,2,75,光伏工程技术(高职3+2贯通培养，衔接济宁学院新能源科学与工程专业),E242,山东理工职业学院,40,264082
2025,2,76,知识产权管理(高职3+2贯通培养，衔接山东政法学院知识产权专业),E242,山东理工职业学院,30,191803
2025,2,77,人工智能技术应用(高职3+2贯通培养，衔接临沂大学人工智能专业),E242,山东理工职业学院,30,233064
2025,2,78,工业互联网应用(高职3+2贯通培养，衔接临沂大学自动化专业),E242,山东理工职业学院,30,230471
2025,2,01,无人机应用技术,E243,安阳职业技术学院,4,440708
2025,2,07,飞机机电设备维修,E243,安阳职业技术学院,5,425911
2025,2,12,机电一体化技术,E243,安阳职业技术学院,5,422213
2025,2,16,电子信息工程技术,E243,安阳职业技术学院,4,449253
2025,2,24,建筑室内设计,E243,安阳职业技术学院,4,596871
2025,2,34,旅游管理,E243,安阳职业技术学院,4,595507
2025,2,38,新能源汽车技术,E243,安阳职业技术学院,5,435575
2025,2,39,智能网联汽车技术,E243,安阳职业技术学院,4,552986
2025,2,55,护理,E243,安阳职业技术学院,5,446890
2025,2,59,护理(英语护理),E243,安阳职业技术学院,5,448645
2025,2,60,助产,E243,安阳职业技术学院,3,473419
2025,2,61,智慧健康养老服务与管理,E243,安阳职业技术学院,3,457224
2025,2,64,医学影像技术,E243,安阳职业技术学院,3,410168
2025,2,65,口腔医学技术,E243,安阳职业技术学院,3,384852
2025,2,66,康复治疗技术,E243,安阳职业技术学院,3,427065
2025,2,44,移动互联应用技术,E245,新乡职业技术学院,150,606065
2025,2,63,大数据与会计,E245,新乡职业技术学院,150,503130
2025,2,07,铁道信号自动控制,E247,山西铁道职业技术学院,8,308156
2025,2,0G,计算机网络技术,E247,山西铁道职业技术学院,3,367394
2025,2,0K,数字媒体艺术设计,E247,山西铁道职业技术学院,4,398315
2025,2,B1,煤矿智能开采技术,E248,鄂尔多斯职业学院,2,472467
2025,2,B2,矿山机电与智能装备,E248,鄂尔多斯职业学院,2,558612
2025,2,1N,小学英语教育(师范类),E251,驻马店职业技术学院,20,536611
2025,2,22,电子商务(商务系统设计与开发),E251,驻马店职业技术学院,25,581508
2025,2,23,大数据技术(智能应用开发),E251,驻马店职业技术学院,40,582723
2025,2,24,大数据与会计(企业财务分析),E251,驻马店职业技术学院,25,520799
2025,2,25,计算机应用技术(WEB前端工程师),E251,驻马店职业技术学院,40,569711
2025,2,04,飞机机电设备维修,E252,贵州职业技术学院,7,469004
2025,2,05,应急救援技术,E252,贵州职业技术学院,7,599465
2025,2,0B,大数据与会计,E252,贵州职业技术学院,10,547521
2025,2,0J,软件技术,E252,贵州职业技术学院,5,471116
2025,2,0K,人工智能技术应用,E252,贵州职业技术学院,5,533828
2025,2,01,临床医学,E255,江苏卫生健康职业学院,2,317182
2025,2,02,护理,E255,江苏卫生健康职业学院,4,240662
2025,2,04,药学,E255,江苏卫生健康职业学院,1,210759
2025,2,05,中医学,E255,江苏卫生健康职业学院,1,199119
2025,2,09,医学检验技术,E255,江苏卫生健康职业学院,2,251014
2025,2,02,机电一体化技术,E256,苏州信息职业技术学院,20,333227
2025,2,08,财税大数据应用,E256,苏州信息职业技术学院,20,331103
2025,2,1B,电子信息工程技术,E256,苏州信息职业技术学院,20,342728
2025,2,02,建筑工程技术,E257,厦门安防科技职业学院,1,588838
2025,2,04,建筑消防技术,E257,厦门安防科技职业学院,1,560933
2025,2,09,物联网应用技术,E257,厦门安防科技职业学院,2,527139
2025,2,0Q,影视动画,E257,厦门安防科技职业学院,1,528806
2025,2,06,工业机器人技术,E258,三峡旅游职业技术学院,8,439486
2025,2,07,无人机应用技术,E258,三峡旅游职业技术学院,7,443814
2025,2,0K,大数据与会计,E258,三峡旅游职业技术学院,8,351205
2025,2,0M,网络营销与直播电商,E258,三峡旅游职业技术学院,6,468140
2025,2,0N,旅游管理,E258,三峡旅游职业技术学院,7,470257
2025,2,0X,西式烹饪工艺,E258,三峡旅游职业技术学院,8,486101
2025,2,11,学前教育(师范类),E258,三峡旅游职业技术学院,6,497020
2025,2,01,学前教育(师范类),E259,沧州幼儿师范高等专科学校,2,464778
2025,2,07,特殊教育(师范类),E259,沧州幼儿师范高等专科学校,3,433640
2025,2,24,港口与航运管理,E259,沧州幼儿师范高等专科学校,5,557726
2025,2,02,动漫制作技术,E260,宣化科技职业学院,4,478821
2025,2,19,建筑消防技术,E260,宣化科技职业学院,2,457237
2025,2,23,电子商务,E260,宣化科技职业学院,2,493791
2025,2,26,光伏工程技术,E260,宣化科技职业学院,4,456628
2025,2,27,风力发电工程技术,E260,宣化科技职业学院,4,437921
2025,2,28,汽车制造与试验技术,E260,宣化科技职业学院,2,472000
2025,2,29,氢能技术应用,E260,宣化科技职业学院,2,418315
2025,2,33,智能控制技术,E260,宣化科技职业学院,4,468400
2025,2,36,信息安全技术应用,E260,宣化科技职业学院,2,468516
2025,2,37,电子信息工程技术,E260,宣化科技职业学院,4,488620
2025,2,42,建筑工程技术,E261,山东文化产业职业学院,8,627037
2025,2,44,通信软件技术,E261,山东文化产业职业学院,30,654593
2025,2,45,人工智能数据工程技术,E261,山东文化产业职业学院,28,662382
2025,2,46,物联网应用技术,E261,山东文化产业职业学院,37,662906
2025,2,48,软件技术,E261,山东文化产业职业学院,21,627781
2025,2,49,人工智能技术应用,E261,山东文化产业职业学院,11,614198
2025,2,50,机械制造及自动化,E261,山东文化产业职业学院,20,635840
2025,2,51,智能机电技术,E261,山东文化产业职业学院,85,668910
2025,2,52,工业机器人技术,E261,山东文化产业职业学院,78,669312
2025,2,53,电气自动化技术,E261,山东文化产业职业学院,37,612532
2025,2,54,无人机应用技术,E261,山东文化产业职业学院,84,652771
2025,2,55,新能源汽车技术,E261,山东文化产业职业学院,53,614870
2025,2,56,高速铁路动车组制造与维护,E261,山东文化产业职业学院,6,533631
2025,2,57,铁道通信与信息化技术,E261,山东文化产业职业学院,11,612309
2025,2,58,高速铁路客运服务,E261,山东文化产业职业学院,16,597270
2025,2,59,空中乘务,E261,山东文化产业职业学院,6,608551
2025,2,60,城市轨道交通运营管理,E261,山东文化产业职业学院,35,621535
2025,2,61,铁路物流管理,E261,山东文化产业职业学院,8,602946
2025,2,62,公共文化服务与管理,E261,山东文化产业职业学院,23,620035
2025,2,63,新闻采编与制作,E261,山东文化产业职业学院,28,611764
2025,2,64,网络直播与运营,E261,山东文化产业职业学院,8,610145
2025,2,65,党务工作,E261,山东文化产业职业学院,43,605783
2025,2,67,融媒体技术与运营,E261,山东文化产业职业学院,27,636258
2025,2,68,全媒体广告策划与营销,E261,山东文化产业职业学院,76,680495
2025,2,69,数字媒体艺术设计,E261,山东文化产业职业学院,30,632210
2025,2,70,康复治疗技术,E261,山东文化产业职业学院,3,560604
2025,2,71,健康大数据管理与服务,E261,山东文化产业职业学院,28,658434
2025,2,75,智慧健康养老服务与管理,E261,山东文化产业职业学院,11,631123
2025,2,77,大数据与会计,E261,山东文化产业职业学院,22,578201
2025,2,78,商务管理,E261,山东文化产业职业学院,33,664772
2025,2,79,市场营销,E261,山东文化产业职业学院,15,607800
2025,2,80,旅游管理,E261,山东文化产业职业学院,40,647905
2025,2,81,酒店管理与数字化运营,E261,山东文化产业职业学院,20,592827
2025,2,82,会展策划与管理,E261,山东文化产业职业学院,62,674261
2025,2,83,研学旅行管理与服务,E261,山东文化产业职业学院,69,673068
2025,2,84,大数据技术,E261,山东文化产业职业学院,50,667506
2025,2,85,跨境电子商务,E261,山东文化产业职业学院,92,681052
2025,2,86,数字媒体技术,E261,山东文化产业职业学院,121,680185
2025,2,87,艺术设计,E261,山东文化产业职业学院,23,670727
2025,2,88,环境艺术设计,E261,山东文化产业职业学院,30,672487
2025,2,90,工艺美术品设计,E261,山东文化产业职业学院,15,676495
2025,2,91,文物修复与保护,E261,山东文化产业职业学院,34,662098
2025,2,92,数字时尚设计,E261,山东文化产业职业学院,45,681038
2025,2,95,舞台艺术设计与制作,E261,山东文化产业职业学院,2,611149
2025,2,96,广播影视节目制作,E261,山东文化产业职业学院,2,632711
2025,2,97,影视多媒体技术,E261,山东文化产业职业学院,2,636036
2025,2,98,摄影摄像技术,E261,山东文化产业职业学院,4,648755
2025,2,01,道路与桥梁工程技术,E267,重庆交通职业学院,5,506407
2025,2,0C,学前教育(师范类),E271,阳泉师范高等专科学校,5,559679
2025,2,0D,小学语文教育(师范类),E271,阳泉师范高等专科学校,55,606094
2025,2,0F,小学英语教育(师范类),E271,阳泉师范高等专科学校,10,502577
2025,2,0K,特殊教育(师范类),E271,阳泉师范高等专科学校,10,524190
2025,2,01,口腔医学,E272,黑龙江护理高等专科学校,10,287831
2025,2,02,护理,E272,黑龙江护理高等专科学校,30,387276
2025,2,03,医学检验技术,E272,黑龙江护理高等专科学校,10,391698
2025,2,04,针灸推拿,E272,黑龙江护理高等专科学校,10,316035
2025,2,06,临床医学,E272,黑龙江护理高等专科学校,20,359136
2025,2,67,旅游管理,E276,齐鲁师范学院,71,335602
2025,2,68,统计与会计核算,E276,齐鲁师范学院,113,286364
2025,2,70,应用电子技术,E276,齐鲁师范学院,73,349962
2025,2,71,应用化工技术,E276,齐鲁师范学院,73,354881
2025,2,72,食品检验检测技术,E276,齐鲁师范学院,80,352296
2025,2,73,计算机应用技术,E276,齐鲁师范学院,40,328214
2025,2,74,计算机网络技术,E276,齐鲁师范学院,40,338405
2025,2,62,法律事务,E277,山东青年政治学院,160,276349
2025,2,63,国际经济与贸易,E277,山东青年政治学院,80,297139
2025,2,64,大数据与会计,E277,山东青年政治学院,160,271697
2025,2,66,智慧健康养老服务与管理,E277,山东青年政治学院,80,292948
2025,2,70,国际商务(中外合作办学)(与英国朴茨茅斯大学合作),E277,山东青年政治学院,100,407633
2025,2,01,临床医学,E281,承德护理职业学院,4,323360
2025,2,02,口腔医学,E281,承德护理职业学院,4,281720
2025,2,03,护理,E281,承德护理职业学院,2,299251
2025,2,A1,护理,E283,呼伦贝尔职业技术学院,2,455904
2025,2,A8,机电一体化技术,E283,呼伦贝尔职业技术学院,3,472980
2025,2,AH,口腔医学技术,E283,呼伦贝尔职业技术学院,2,407952
2025,2,AK,新能源汽车技术,E283,呼伦贝尔职业技术学院,3,501411
2025,2,AL,婴幼儿托育服务与管理,E283,呼伦贝尔职业技术学院,2,595527
2025,2,AM,旅游管理,E283,呼伦贝尔职业技术学院,5,647148
2025,2,AQ,计算机应用技术,E283,呼伦贝尔职业技术学院,3,463275
2025,2,AT,学前教育(师范类),E283,呼伦贝尔职业技术学院,5,621347
2025,2,AX,药学,E283,呼伦贝尔职业技术学院,2,467075
2025,2,AZ,早期教育(师范类),E283,呼伦贝尔职业技术学院,3,598269
2025,2,B2,针灸推拿,E283,呼伦贝尔职业技术学院,3,352728
2025,2,B3,老年保健与管理,E283,呼伦贝尔职业技术学院,2,547815
2025,2,A1,应用俄语,E285,满洲里俄语职业学院,11,491948
2025,2,B1,机电一体化技术,E285,满洲里俄语职业学院,5,527875
2025,2,B3,汽车检测与维修技术,E285,满洲里俄语职业学院,9,569574
2025,2,B7,人工智能技术应用,E285,满洲里俄语职业学院,11,564571
2025,2,C1,大数据与会计,E285,满洲里俄语职业学院,8,525168
2025,2,CA,社区管理与服务,E285,满洲里俄语职业学院,10,583663
2025,2,D5,法律事务,E285,满洲里俄语职业学院,6,353499
2025,2,G1,护理,E285,满洲里俄语职业学院,20,511829
2025,2,07,机电一体化技术,E291,吉林科技职业技术学院,6,630802
2025,2,09,电气自动化技术,E291,吉林科技职业技术学院,3,551407
2025,2,0A,无人机应用技术,E291,吉林科技职业技术学院,5,657053
2025,2,0C,新能源汽车技术,E291,吉林科技职业技术学院,18,666411
2025,2,0D,高速铁路客运服务,E291,吉林科技职业技术学院,7,648407
2025,2,0N,计算机应用技术,E291,吉林科技职业技术学院,23,675248
2025,2,0T,护理,E291,吉林科技职业技术学院,17,625259
2025,2,14,学前教育(师范类),E291,吉林科技职业技术学院,11,658746
2025,2,11,机电一体化技术,E293,宿迁泽达职业技术学院,15,596226
2025,2,12,工业机器人技术,E293,宿迁泽达职业技术学院,10,632066
2025,2,13,无人机应用技术,E293,宿迁泽达职业技术学院,15,610472
2025,2,14,汽车检测与维修技术,E293,宿迁泽达职业技术学院,15,677179
2025,2,15,计算机应用技术,E293,宿迁泽达职业技术学院,15,646550
2025,2,23,建筑装饰工程技术,E293,宿迁泽达职业技术学院,2,626626
2025,2,24,建筑工程技术,E293,宿迁泽达职业技术学院,2,585651
2025,2,27,动漫制作技术,E293,宿迁泽达职业技术学院,3,593246
2025,2,31,物联网应用技术,E293,宿迁泽达职业技术学院,3,589562
2025,2,33,软件技术,E293,宿迁泽达职业技术学院,2,588985
2025,2,34,工业互联网技术,E293,宿迁泽达职业技术学院,2,664055
2025,2,42,智能制造装备技术,E293,宿迁泽达职业技术学院,3,644662
2025,2,44,智能控制技术,E293,宿迁泽达职业技术学院,3,611375
2025,2,48,新能源汽车检测与维修技术,E293,宿迁泽达职业技术学院,3,610051
2025,2,51,大数据与财务管理,E293,宿迁泽达职业技术学院,2,547393
2025,2,52,大数据与会计,E293,宿迁泽达职业技术学院,3,528575
2025,2,55,电子商务,E293,宿迁泽达职业技术学院,3,575424
2025,2,58,社区康复,E293,宿迁泽达职业技术学院,2,663995
2025,2,61,高速铁路客运服务,E293,宿迁泽达职业技术学院,2,562525
2025,2,62,空中乘务,E293,宿迁泽达职业技术学院,5,666129
2025,2,63,婴幼儿托育服务与管理,E293,宿迁泽达职业技术学院,2,666667
2025,2,65,酒店管理与数字化运营,E293,宿迁泽达职业技术学院,3,637850
2025,2,02,大数据与会计,E295,苏州工业园区服务外包职业学院,9,279985
2025,2,05,采购与供应管理,E295,苏州工业园区服务外包职业学院,9,332445
2025,2,06,电子商务,E295,苏州工业园区服务外包职业学院,8,311058
2025,2,07,商务管理,E295,苏州工业园区服务外包职业学院,8,330056
2025,2,21,软件技术,E295,苏州工业园区服务外包职业学院,10,304358
2025,2,29,智能产品开发与应用,E295,苏州工业园区服务外包职业学院,12,335419
2025,2,01,护理,E299,皖西卫生职业学院,10,431321
2025,2,08,康复治疗技术,E299,皖西卫生职业学院,10,458824
2025,2,0E,国际邮轮乘务管理,E303,郑州信息工程职业学院,30,680173
2025,2,01,烹饪工艺与营养,E305,长垣烹饪职业技术学院,2,585841
2025,2,05,中西面点工艺,E305,长垣烹饪职业技术学院,2,571211
2025,2,13,电子商务,E305,长垣烹饪职业技术学院,2,598460
2025,2,17,学前教育(师范类),E305,长垣烹饪职业技术学院,2,589703
2025,2,19,计算机应用技术,E305,长垣烹饪职业技术学院,2,587484
2025,2,16,小学语文教育(师范类),E306,开封文化艺术职业学院,14,423891
2025,2,17,小学数学教育(师范类),E306,开封文化艺术职业学院,6,408277
2025,2,18,小学英语教育(师范类),E306,开封文化艺术职业学院,6,468810
2025,2,01,应用化工技术,E307,河南应用技术职业学院,10,479437
2025,2,0K,机电一体化技术,E307,河南应用技术职业学院,10,412830
2025,2,0J,电子商务,E312,广西科技职业学院,2,654072
2025,2,47,应用化工技术,E315,重庆化工职业学院,10,388148
2025,2,51,新能源材料应用技术,E315,重庆化工职业学院,5,390491
2025,2,52,化工智能制造技术,E315,重庆化工职业学院,5,392958
2025,2,00,旅游管理,E316,重庆旅游职业学院,10,432771
2025,2,05,酒店管理与数字化运营,E316,重庆旅游职业学院,5,439274
2025,2,07,中西面点工艺,E316,重庆旅游职业学院,10,424157
2025,2,12,空中乘务,E316,重庆旅游职业学院,12,507314
2025,2,17,高速铁路客运服务,E316,重庆旅游职业学院,5,413245
2025,2,45,商务英语,E316,重庆旅游职业学院,8,397558
2025,2,01,航海技术,E320,青岛远洋船员职业学院,62,301793
2025,2,02,轮机工程技术,E320,青岛远洋船员职业学院,40,326333
2025,2,03,船舶电子电气技术,E320,青岛远洋船员职业学院,15,328346
2025,2,04,船舶工程技术,E320,青岛远洋船员职业学院,9,336021
2025,2,05,港口与航运管理,E320,青岛远洋船员职业学院,10,293000
2025,2,06,国际邮轮乘务管理,E320,青岛远洋船员职业学院,15,394350
2025,2,07,航海技术(高职3+2贯通培养，衔接山东交通学院航海技术专业),E320,青岛远洋船员职业学院,30,238767
2025,2,11,建筑工程技术,E321,江西工商职业技术学院,2,609489
2025,2,12,机电一体化技术,E321,江西工商职业技术学院,3,534147
2025,2,15,汽车制造与试验技术,E321,江西工商职业技术学院,2,588287
2025,2,19,计算机网络技术,E321,江西工商职业技术学院,3,612622
2025,2,25,人工智能技术应用,E321,江西工商职业技术学院,2,593285
2025,2,28,城市轨道交通运营管理,E321,江西工商职业技术学院,3,669124
2025,2,29,大数据与会计,E321,江西工商职业技术学院,3,626876
2025,2,30,工商企业管理,E321,江西工商职业技术学院,2,675777
2025,2,35,现代物流管理,E321,江西工商职业技术学院,2,609417
2025,2,37,护理,E321,江西工商职业技术学院,3,578777
2025,2,38,药学,E321,江西工商职业技术学院,3,584457
2025,2,39,助产,E321,江西工商职业技术学院,3,626119
2025,2,40,康复治疗技术,E321,江西工商职业技术学院,2,629930
2025,2,42,口腔医学技术,E321,江西工商职业技术学院,3,675559
2025,2,43,口腔卫生保健,E321,江西工商职业技术学院,2,670991
2025,2,10,室内艺术设计(中外合作办学),E321,江西工商职业技术学院,1,625652
2025,2,44,护理(中外合作办学),E321,江西工商职业技术学院,2,635794
2025,2,45,大数据与会计(中外合作办学),E321,江西工商职业技术学院,2,654067
2025,2,46,工商企业管理(中外合作办学),E321,江西工商职业技术学院,2,665614
2025,2,47,学前教育(中外合作办学),E321,江西工商职业技术学院,1,651840
2025,2,06,机电一体化技术,E322,湖南三一工业职业技术学院,1,468860
2025,2,07,工业机器人技术,E322,湖南三一工业职业技术学院,1,488624
2025,2,09,新能源汽车技术,E322,湖南三一工业职业技术学院,1,538032
2025,2,0A,智能工程机械运用技术,E322,湖南三一工业职业技术学院,1,500279
2025,2,0C,软件技术,E322,湖南三一工业职业技术学院,1,542760
2025,2,0H,现代物流管理,E322,湖南三一工业职业技术学院,1,508867
2025,2,01,现代通信技术,E323,四川长江职业学院,12,660060
2025,2,17,护理,E323,四川长江职业学院,15,637524
2025,2,20,建筑室内设计,E323,四川长江职业学院,20,678745
2025,2,35,现代物流管理,E323,四川长江职业学院,20,678876
2025,2,41,应急救援技术,E323,四川长江职业学院,15,680523
2025,2,49,宠物医疗技术,E323,四川长江职业学院,30,619902
2025,2,52,无人机应用技术,E323,四川长江职业学院,30,675260
2025,2,53,智能控制技术,E323,四川长江职业学院,30,669553
2025,2,54,智能机器人技术,E323,四川长江职业学院,30,637496
2025,2,F1,虚拟现实技术应用,E327,青岛电影学院,270,680676
2025,2,08,学前教育(师范类),E328,石家庄幼儿师范高等专科学校,8,494922
2025,2,09,特殊教育(师范类),E328,石家庄幼儿师范高等专科学校,5,379507
2025,2,0L,婴幼儿托育服务与管理,E328,石家庄幼儿师范高等专科学校,7,611897
2025,2,46,信息安全技术应用,E329,徐州幼儿师范高等专科学校,5,358830
2025,2,38,小学英语教育(中外合作办学)(师范类),E329,徐州幼儿师范高等专科学校,30,631274
2025,2,01,学前教育(师范类),E330,合肥幼儿师范高等专科学校,2,322428
2025,2,02,早期教育(师范类),E330,合肥幼儿师范高等专科学校,2,379426
2025,2,03,特殊教育(师范类),E330,合肥幼儿师范高等专科学校,2,301944
2025,2,0C,婴幼儿托育服务与管理,E330,合肥幼儿师范高等专科学校,2,420436
2025,2,0G,智慧健康养老服务与管理,E330,合肥幼儿师范高等专科学校,2,387959
2025,2,01,物联网应用技术,E332,济南幼儿师范高等专科学校,100,490056
2025,2,02,数字媒体技术,E332,济南幼儿师范高等专科学校,55,388908
2025,2,03,大数据技术,E332,济南幼儿师范高等专科学校,50,435666
2025,2,04,人工智能技术应用,E332,济南幼儿师范高等专科学校,71,459586
2025,2,05,婴幼儿托育服务与管理,E332,济南幼儿师范高等专科学校,270,567199
2025,2,06,金融科技应用,E332,济南幼儿师范高等专科学校,37,503749
2025,2,07,大数据与会计,E332,济南幼儿师范高等专科学校,50,313978
2025,2,08,市场营销,E332,济南幼儿师范高等专科学校,72,520738
2025,2,09,电子商务,E332,济南幼儿师范高等专科学校,65,500354
2025,2,0A,研学旅行管理与服务,E332,济南幼儿师范高等专科学校,90,528012
2025,2,0D,融媒体技术与运营,E332,济南幼儿师范高等专科学校,100,465216
2025,2,0E,早期教育,E332,济南幼儿师范高等专科学校,180,540704
2025,2,0G,学前教育(师范类),E332,济南幼儿师范高等专科学校,190,448367
2025,2,0Q,中文,E332,济南幼儿师范高等专科学校,100,369526
2025,2,0B,研学旅行管理与服务(高职3+2贯通培养，衔接山东管理学院旅游管理与服,E332,济南幼儿师范高等专科学校,30,269397
2025,2,0F,早期教育(高职3+2贯通培养，衔接聊城大学学前教育专业),E332,济南幼儿师范高等专科学校,30,243630
2025,2,0H,学前教育(师范类，高职3+2贯通培养，衔接山东女子学院学前教育专业),E332,济南幼儿师范高等专科学校,50,246220
2025,2,0J,小学教育(师范类，高职3+2贯通培养，衔接枣庄学院小学教育专业),E332,济南幼儿师范高等专科学校,40,215643
2025,2,0K,小学英语教育(师范类，高职3+2贯通培养，衔接山东航空学院英语专业),E332,济南幼儿师范高等专科学校,30,212458
2025,2,02,临床医学,E335,廊坊卫生职业学院,10,347009
2025,2,05,助产,E335,廊坊卫生职业学院,28,607767
2025,2,06,药学,E335,廊坊卫生职业学院,2,381925
2025,2,0D,医学美容技术,E335,廊坊卫生职业学院,5,402486
2025,2,0E,康复治疗技术,E335,廊坊卫生职业学院,5,419299
2025,2,01,机电一体化技术,E338,赤峰工业职业技术学院,10,493916
2025,2,03,数控技术,E338,赤峰工业职业技术学院,10,541108
2025,2,04,工业机器人技术,E338,赤峰工业职业技术学院,10,554093
2025,2,07,有色金属智能冶金技术,E338,赤峰工业职业技术学院,10,633064
2025,2,08,大数据与会计,E338,赤峰工业职业技术学院,10,511259
2025,2,09,大数据与财务管理,E338,赤峰工业职业技术学院,10,574680
2025,2,10,电子商务,E338,赤峰工业职业技术学院,10,652014
2025,2,13,软件技术,E338,赤峰工业职业技术学院,10,588229
2025,2,15,数字媒体技术,E338,赤峰工业职业技术学院,10,553122
2025,2,17,计算机网络技术,E338,赤峰工业职业技术学院,10,607626
2025,2,21,热能动力工程技术,E338,赤峰工业职业技术学院,10,590515
2025,2,23,光伏工程技术,E338,赤峰工业职业技术学院,10,570451
2025,2,25,药品生产技术,E338,赤峰工业职业技术学院,10,591111
2025,2,26,药学,E338,赤峰工业职业技术学院,10,511496
2025,2,27,中药学,E338,赤峰工业职业技术学院,10,546170
2025,2,28,分析检验技术,E338,赤峰工业职业技术学院,10,564363
2025,2,29,应用化工技术,E338,赤峰工业职业技术学院,10,605966
2025,2,30,食品生物技术,E338,赤峰工业职业技术学院,10,617709
2025,2,31,建筑装饰工程技术,E338,赤峰工业职业技术学院,10,608740
2025,2,33,动漫制作技术,E338,赤峰工业职业技术学院,10,549128
2025,2,0B,电力系统自动化技术,E339,阿拉善职业技术学院,11,546580
2025,2,0D,新能源装备技术,E339,阿拉善职业技术学院,8,593682
2025,2,0E,工业机器人技术,E339,阿拉善职业技术学院,25,578715
2025,2,0G,电气自动化技术,E339,阿拉善职业技术学院,10,551343
2025,2,0M,口腔医学技术,E339,阿拉善职业技术学院,6,519590
2025,2,0N,无人机应用技术,E339,阿拉善职业技术学院,29,596445
2025,2,0T,应用化工技术,E339,阿拉善职业技术学院,10,619789
2025,2,04,机电一体化技术,E340,延边职业技术学院,5,393884
2025,2,07,无人机应用技术,E340,延边职业技术学院,5,427872
2025,2,0B,计算机应用技术,E340,延边职业技术学院,5,407853
2025,2,0E,大数据与会计,E340,延边职业技术学院,5,344825
2025,2,0G,电子商务,E340,延边职业技术学院,4,579073
2025,2,0K,应用韩语,E340,延边职业技术学院,6,483402
2025,2,A1,护理,E343,济南护理职业学院,418,378989
2025,2,A3,助产,E343,济南护理职业学院,34,422097
2025,2,B1,药学,E343,济南护理职业学院,129,389381
2025,2,B2,中药学,E343,济南护理职业学院,103,395101
2025,2,B3,药品生产技术,E343,济南护理职业学院,34,408696
2025,2,B4,药品经营与管理,E343,济南护理职业学院,58,443906
2025,2,C1,医学影像技术,E343,济南护理职业学院,65,349296
2025,2,C3,智能医疗装备技术,E343,济南护理职业学院,102,468514
2025,2,C4,医学检验技术,E343,济南护理职业学院,77,376411
2025,2,C5,医学美容技术,E343,济南护理职业学院,99,393249
2025,2,C6,眼视光技术,E343,济南护理职业学院,73,385691
2025,2,C7,健康大数据管理与服务,E343,济南护理职业学院,80,502799
2025,2,D1,医学营养,E343,济南护理职业学院,34,406631
2025,2,D2,食品检验检测技术,E343,济南护理职业学院,81,415715
2025,2,D3,公共卫生管理,E343,济南护理职业学院,30,475929
2025,2,D5,婴幼儿托育服务与管理,E343,济南护理职业学院,53,496577
2025,2,E1,针灸推拿,E343,济南护理职业学院,102,316158
2025,2,E2,康复治疗技术,E343,济南护理职业学院,73,375811
2025,2,E3,中医康复技术,E343,济南护理职业学院,41,374684
2025,2,E4,智慧健康养老服务与管理,E343,济南护理职业学院,30,419164
2025,2,E6,体育保健与康复,E343,济南护理职业学院,35,466369
2025,2,F1,口腔医学技术,E343,济南护理职业学院,105,379088
2025,2,F2,口腔卫生保健,E343,济南护理职业学院,63,425854
2025,2,G1,宠物医疗技术,E343,济南护理职业学院,32,370312
2025,2,G2,中兽医,E343,济南护理职业学院,21,402571
2025,2,C2,医学影像技术(中外合作办学),E343,济南护理职业学院,60,505683
2025,2,A2,护理(高职3+2贯通培养，衔接聊城大学护理学专业),E343,济南护理职业学院,30,204090
2025,2,D4,公共卫生管理(高职3+2贯通培养，衔接山东女子学院健康服务与管理专业,E343,济南护理职业学院,40,247801
2025,2,E5,智慧健康养老服务与管理(高职3+2贯通培养，衔接山东青年政治学院健康,E343,济南护理职业学院,80,243429
2025,2,01,护理,E345,泰山护理职业学院,635,439679
2025,2,02,助产,E345,泰山护理职业学院,165,514101
2025,2,03,医学影像技术,E345,泰山护理职业学院,165,432187
2025,2,04,口腔医学技术,E345,泰山护理职业学院,79,401139
2025,2,05,放射治疗技术,E345,泰山护理职业学院,35,454476
2025,2,06,眼视光技术,E345,泰山护理职业学院,100,428402
2025,2,07,医学检验技术,E345,泰山护理职业学院,60,426785
2025,2,08,康复治疗技术,E345,泰山护理职业学院,265,479815
2025,2,09,中医康复技术,E345,泰山护理职业学院,130,452057
2025,2,10,言语听觉康复技术,E345,泰山护理职业学院,30,487763
2025,2,11,药学,E345,泰山护理职业学院,185,473638
2025,2,12,中药学,E345,泰山护理职业学院,185,474448
2025,2,13,药品经营与管理,E345,泰山护理职业学院,60,504736
2025,2,14,健康管理,E345,泰山护理职业学院,55,518395
2025,2,15,婴幼儿托育服务与管理,E345,泰山护理职业学院,15,539295
2025,2,16,老年保健与管理,E345,泰山护理职业学院,90,509636
2025,2,17,预防医学,E345,泰山护理职业学院,60,479502
2025,2,18,智慧健康养老服务与管理,E345,泰山护理职业学院,35,498086
2025,2,H1,药学(中外合作办学),E345,泰山护理职业学院,100,551367
2025,2,G1,护理(高职3+2贯通培养，衔接济宁医学院护理学专业),E345,泰山护理职业学院,40,209039
2025,2,01,航海技术,E346,山东海事职业学院,82,548727
2025,2,02,轮机工程技术,E346,山东海事职业学院,34,529760
2025,2,03,船舶电子电气技术,E346,山东海事职业学院,4,477347
2025,2,04,海洋工程装备技术,E346,山东海事职业学院,115,629346
2025,2,05,机械制造及自动化,E346,山东海事职业学院,33,561484
2025,2,06,船舶工程技术,E346,山东海事职业学院,57,600781
2025,2,07,应急救援技术,E346,山东海事职业学院,55,648587
2025,2,08,国际邮轮乘务管理,E346,山东海事职业学院,116,643463
2025,2,09,旅游管理,E346,山东海事职业学院,102,670489
2025,2,10,酒店管理与数字化运营,E346,山东海事职业学院,142,663389
2025,2,11,烹饪工艺与营养,E346,山东海事职业学院,121,628756
2025,2,12,大数据与会计,E346,山东海事职业学院,261,637622
2025,2,13,金融服务与管理,E346,山东海事职业学院,93,680690
2025,2,14,现代物流管理,E346,山东海事职业学院,63,637720
2025,2,15,港口与航运管理,E346,山东海事职业学院,85,630484
2025,2,16,集装箱运输管理,E346,山东海事职业学院,4,594916
2025,2,17,关务与外贸服务,E346,山东海事职业学院,137,664165
2025,2,18,机电一体化技术,E346,山东海事职业学院,242,597941
2025,2,19,电气自动化技术,E346,山东海事职业学院,241,597102
2025,2,20,港口机械与智能控制,E346,山东海事职业学院,2,530279
2025,2,21,发电厂及电力系统,E346,山东海事职业学院,12,552950
2025,2,22,氢能技术应用,E346,山东海事职业学院,11,601334
2025,2,23,无人机应用技术,E346,山东海事职业学院,79,591828
2025,2,24,新能源装备技术,E346,山东海事职业学院,6,572961
2025,2,25,风力发电工程技术,E346,山东海事职业学院,11,598766
2025,2,26,工业互联网应用,E346,山东海事职业学院,30,631143
2025,2,27,计算机应用技术,E346,山东海事职业学院,56,573245
2025,2,28,大数据技术,E346,山东海事职业学院,64,604508
2025,2,29,信息安全技术应用,E346,山东海事职业学院,21,607445
2025,2,30,工业机器人技术,E346,山东海事职业学院,54,603037
2025,2,31,智能控制技术,E346,山东海事职业学院,12,597920
2025,2,32,婴幼儿托育服务与管理,E346,山东海事职业学院,8,620503
2025,2,33,智慧健康养老服务与管理,E346,山东海事职业学院,72,623255
2025,2,34,健康管理,E346,山东海事职业学院,60,668101
2025,2,35,中医康复技术,E346,山东海事职业学院,102,578953
2025,2,36,电子商务,E346,山东海事职业学院,164,648450
2025,2,37,物联网应用技术,E346,山东海事职业学院,84,628799
2025,2,38,数字媒体技术,E346,山东海事职业学院,164,609837
2025,2,39,虚拟现实技术应用,E346,山东海事职业学院,20,613015
2025,2,40,空中乘务,E346,山东海事职业学院,47,617567
2025,2,41,高速铁路客运服务,E346,山东海事职业学院,78,602955
2025,2,42,机场运行服务与管理,E346,山东海事职业学院,20,611414
2025,2,43,民航安全技术管理,E346,山东海事职业学院,8,586951
2025,2,LY,旅游管理(高职3+2贯通培养，衔接潍坊学院旅游管理专业),E346,山东海事职业学院,40,274213
2025,2,01,护理,E347,潍坊护理职业学院,697,410216
2025,2,02,运动健康指导,E347,潍坊护理职业学院,30,558134
2025,2,03,药学,E347,潍坊护理职业学院,258,458424
2025,2,04,中药学,E347,潍坊护理职业学院,165,443166
2025,2,05,医学营养,E347,潍坊护理职业学院,15,452219
2025,2,06,药品经营与管理,E347,潍坊护理职业学院,30,507025
2025,2,07,医学检验技术,E347,潍坊护理职业学院,140,402798
2025,2,08,医学影像技术,E347,潍坊护理职业学院,120,390797
2025,2,09,康复治疗技术,E347,潍坊护理职业学院,135,416812
2025,2,10,智能医疗装备技术,E347,潍坊护理职业学院,55,513152
2025,2,11,应急救援技术,E347,潍坊护理职业学院,65,534717
2025,2,12,医学生物技术,E347,潍坊护理职业学院,55,489594
2025,2,13,中医养生保健,E347,潍坊护理职业学院,50,477638
2025,2,14,药膳与食疗,E347,潍坊护理职业学院,30,494415
2025,2,15,医学美容技术,E347,潍坊护理职业学院,120,442625
2025,2,16,中医康复技术,E347,潍坊护理职业学院,50,394093
2025,2,17,口腔医学技术,E347,潍坊护理职业学院,50,341389
2025,2,18,健康大数据管理与服务,E347,潍坊护理职业学院,30,514410
2025,2,19,健康管理,E347,潍坊护理职业学院,45,520554
2025,2,20,老年保健与管理,E347,潍坊护理职业学院,45,505525
2025,2,21,眼视光技术,E347,潍坊护理职业学院,50,392356
2025,2,22,社会工作,E347,潍坊护理职业学院,35,528970
2025,2,23,智慧健康养老服务与管理,E347,潍坊护理职业学院,59,481746
2025,2,25,助产,E347,潍坊护理职业学院,50,457919
2025,2,26,言语听觉康复技术,E347,潍坊护理职业学院,90,486106
2025,2,27,婴幼儿托育服务与管理,E347,潍坊护理职业学院,80,568861
2025,2,28,心理咨询,E347,潍坊护理职业学院,80,391248
2025,2,29,生殖健康管理,E347,潍坊护理职业学院,80,545389
2025,2,F2,护理(母婴护理方向),E347,潍坊护理职业学院,50,412430
2025,2,K1,中医学,E347,潍坊护理职业学院,140,339527
2025,2,K2,针灸推拿,E347,潍坊护理职业学院,230,351656
2025,2,K3,口腔医学,E347,潍坊护理职业学院,260,303891
2025,2,S1,护理(高职3+2贯通培养，衔接山东第二医科大学护理学专业),E347,潍坊护理职业学院,35,196444
2025,2,S2,针灸推拿(高职3+2贯通培养，衔接济宁医学院针灸推拿学专业),E347,潍坊护理职业学院,40,181797
2025,2,S3,口腔医学技术(高职3+2贯通培养，衔接聊城大学口腔医学技术专业),E347,潍坊护理职业学院,40,210465
2025,2,S4,智慧健康养老服务与管理(高职3+2贯通培养，衔接山东女子学院养老服务,E347,潍坊护理职业学院,50,233906
2025,2,04,护理,E349,河南护理职业学院,10,372892
2025,2,0X,学前教育(师范类),E351,信阳涉外职业技术学院,20,673420
2025,2,0Z,应用韩语,E351,信阳涉外职业技术学院,20,668153
2025,2,1A,应用日语,E351,信阳涉外职业技术学院,20,656001
2025,2,A1,汽车检测与维修技术,E352,鹤壁汽车工程职业学院,10,642990
2025,2,A3,新能源汽车技术,E352,鹤壁汽车工程职业学院,18,678472
2025,2,B1,人工智能技术应用,E352,鹤壁汽车工程职业学院,18,670591
2025,2,B2,物联网应用技术,E352,鹤壁汽车工程职业学院,8,654954
2025,2,C1,机电一体化技术,E352,鹤壁汽车工程职业学院,10,642578
2025,2,C5,智能制造装备技术,E352,鹤壁汽车工程职业学院,10,673137
2025,2,C7,电气自动化技术,E352,鹤壁汽车工程职业学院,12,667459
2025,2,D2,网络营销与直播电商,E352,鹤壁汽车工程职业学院,5,678233
2025,2,D4,大数据与会计,E352,鹤壁汽车工程职业学院,8,661328
2025,2,15,智能控制技术,E353,南阳职业学院,30,679365
2025,2,20,工业机器人技术,E353,南阳职业学院,90,676623
2025,2,33,计算机应用技术,E353,南阳职业学院,80,679132
2025,2,39,人工智能技术应用,E353,南阳职业学院,30,583317
2025,2,44,大数据与会计,E353,南阳职业学院,80,669513
2025,2,46,电子商务,E353,南阳职业学院,80,680380
2025,2,49,现代物流管理,E353,南阳职业学院,10,669852
2025,2,02,融媒体技术与运营,E356,湖北体育职业学院,10,421555
2025,2,03,网络直播与运营,E356,湖北体育职业学院,10,452101
2025,2,03,建筑工程技术,E357,襄阳汽车职业技术学院,1,444935
2025,2,04,工程造价,E357,襄阳汽车职业技术学院,1,451452
2025,2,05,建设工程管理,E357,襄阳汽车职业技术学院,2,482954
2025,2,06,机械制造及自动化,E357,襄阳汽车职业技术学院,4,378007
2025,2,07,模具设计与制造,E357,襄阳汽车职业技术学院,4,443833
2025,2,08,电梯工程技术,E357,襄阳汽车职业技术学院,4,444843
2025,2,09,机电一体化技术,E357,襄阳汽车职业技术学院,2,379915
2025,2,10,工业机器人技术,E357,襄阳汽车职业技术学院,4,411029
2025,2,11,无人机应用技术,E357,襄阳汽车职业技术学院,5,420885
2025,2,12,汽车制造与试验技术,E357,襄阳汽车职业技术学院,4,449338
2025,2,13,新能源汽车技术,E357,襄阳汽车职业技术学院,13,416218
2025,2,14,汽车电子技术,E357,襄阳汽车职业技术学院,2,447703
2025,2,15,智能网联汽车技术,E357,襄阳汽车职业技术学院,3,446060
2025,2,16,汽车造型与改装技术,E357,襄阳汽车职业技术学院,2,447034
2025,2,17,高速铁路客运服务,E357,襄阳汽车职业技术学院,4,408706
2025,2,19,汽车检测与维修技术,E357,襄阳汽车职业技术学院,5,456154
2025,2,20,空中乘务,E357,襄阳汽车职业技术学院,4,514915
2025,2,21,城市轨道交通运营管理,E357,襄阳汽车职业技术学院,4,400081
2025,2,22,物联网应用技术,E357,襄阳汽车职业技术学院,4,406019
2025,2,23,软件技术,E357,襄阳汽车职业技术学院,2,381789
2025,2,28,人工智能技术应用,E357,襄阳汽车职业技术学院,2,417288
2025,2,29,集成电路技术,E357,襄阳汽车职业技术学院,2,424853
2025,2,30,婴幼儿托育服务与管理,E357,襄阳汽车职业技术学院,2,481429
2025,2,31,大数据与财务管理,E357,襄阳汽车职业技术学院,2,365582
2025,2,32,电子商务,E357,襄阳汽车职业技术学院,2,425516
2025,2,01,药学,E359,湖南食品药品职业学院,5,384766
2025,2,06,中药学,E359,湖南食品药品职业学院,5,374026
2025,2,11,有色金属智能冶金技术,E360,湖南有色金属职业技术学院,3,469002
2025,2,14,材料成型及控制技术,E360,湖南有色金属职业技术学院,2,438939
2025,2,86,建筑室内设计,E367,重庆艺术工程职业学院,5,639453
2025,2,89,市政工程技术,E367,重庆艺术工程职业学院,5,628469
2025,2,92,建筑智能化工程技术,E367,重庆艺术工程职业学院,5,608292
2025,2,93,物联网应用技术,E367,重庆艺术工程职业学院,5,632128
2025,2,98,摄影摄像技术,E367,重庆艺术工程职业学院,5,602976
2025,2,99,动漫制作技术,E367,重庆艺术工程职业学院,5,537788
2025,2,D2,虚拟现实技术应用,E367,重庆艺术工程职业学院,5,643527
2025,2,D6,智能物流技术,E367,重庆艺术工程职业学院,5,580681
2025,2,D7,空中乘务,E367,重庆艺术工程职业学院,10,667827
2025,2,D8,民航安全技术管理,E367,重庆艺术工程职业学院,10,648262
2025,2,85,建筑设计(中外合作办学),E367,重庆艺术工程职业学院,5,662329
2025,2,01,机电一体化技术,E368,重庆轻工职业学院,2,554515
2025,2,02,工业机器人技术,E368,重庆轻工职业学院,3,630187
2025,2,03,新能源汽车技术,E368,重庆轻工职业学院,3,629711
2025,2,04,人工智能技术应用,E368,重庆轻工职业学院,3,577212
2025,2,05,智能安防运营管理,E368,重庆轻工职业学院,2,676397
2025,2,08,数字媒体技术,E368,重庆轻工职业学院,2,527607
2025,2,09,物联网应用技术,E368,重庆轻工职业学院,3,643020
2025,2,10,大数据技术,E368,重庆轻工职业学院,3,642433
2025,2,11,食品智能加工技术,E368,重庆轻工职业学院,3,609380
2025,2,15,药物制剂技术,E368,重庆轻工职业学院,3,626424
2025,2,19,大数据与财务管理,E368,重庆轻工职业学院,3,595148
2025,2,20,酒店管理与数字化运营,E368,重庆轻工职业学院,1,592853
2025,2,26,智能网联汽车技术,E368,重庆轻工职业学院,2,561902
2025,2,29,护理,E368,重庆轻工职业学院,3,616175
2025,2,30,酿酒技术,E368,重庆轻工职业学院,1,588184
2025,2,31,跨境电子商务,E368,重庆轻工职业学院,3,641580
2025,2,01,软件技术,E369,重庆电信职业学院,2,616544
2025,2,13,建筑室内设计,E369,重庆电信职业学院,4,625673
2025,2,19,社区康复,E369,重庆电信职业学院,6,669532
2025,2,23,物联网应用技术,E369,重庆电信职业学院,4,675945
2025,2,24,机电一体化技术,E369,重庆电信职业学院,10,628626
2025,2,31,学前教育(师范类),E369,重庆电信职业学院,5,675472
2025,2,32,铁道车辆技术,E369,重庆电信职业学院,5,626346
2025,2,33,无人机应用技术,E369,重庆电信职业学院,13,673158
2025,2,34,铁道交通运营管理,E369,重庆电信职业学院,4,611680
2025,2,02,大数据与会计,E370,重庆经贸职业学院,15,604017
2025,2,13,大数据技术,E370,重庆经贸职业学院,15,673366
2025,2,18,新能源汽车技术,E370,重庆经贸职业学院,10,650119
2025,2,22,民航安全技术管理,E370,重庆经贸职业学院,5,676332
2025,2,29,物联网应用技术,E370,重庆经贸职业学院,10,650999
2025,2,32,机电一体化技术,E370,重庆经贸职业学院,10,620596
2025,2,06,人工智能技术应用(数据处理及应用),E371,贵州盛华职业学院,8,644856
2025,2,07,人工智能数据工程技术,E371,贵州盛华职业学院,8,640860
2025,2,08,大数据技术,E371,贵州盛华职业学院,8,606055
2025,2,12,人工智能技术应用(数智内容制作),E371,贵州盛华职业学院,8,671039
2025,2,14,康复治疗技术,E371,贵州盛华职业学院,8,671793
2025,2,02,临床医学,E372,昆明卫生职业学院,3,480629
2025,2,03,口腔医学,E372,昆明卫生职业学院,5,371031
2025,2,04,护理,E372,昆明卫生职业学院,80,680545
2025,2,05,助产,E372,昆明卫生职业学院,4,591200
2025,2,07,中医学,E372,昆明卫生职业学院,2,414022
2025,2,08,中医骨伤,E372,昆明卫生职业学院,3,547852
2025,2,09,针灸推拿,E372,昆明卫生职业学院,3,479083
2025,2,10,中药学,E372,昆明卫生职业学院,2,591867
2025,2,17,康复治疗技术,E372,昆明卫生职业学院,5,641838
2025,2,19,预防医学,E372,昆明卫生职业学院,2,598008
2025,2,20,婴幼儿托育服务与管理,E372,昆明卫生职业学院,10,675409
2025,2,21,老年保健与管理,E372,昆明卫生职业学院,15,676285
2025,2,02,应用化工技术,E375,甘肃有色冶金职业技术学院,20,519747
2025,2,05,石油化工技术,E375,甘肃有色冶金职业技术学院,20,640175
2025,2,06,储能材料技术,E375,甘肃有色冶金职业技术学院,20,657463
2025,2,09,机电一体化技术,E375,甘肃有色冶金职业技术学院,20,512691
2025,2,0A,智能焊接技术,E375,甘肃有色冶金职业技术学院,20,632237
2025,2,0D,工业过程自动化技术,E375,甘肃有色冶金职业技术学院,20,650741
2025,2,0E,金属智能加工技术,E375,甘肃有色冶金职业技术学院,20,677584
2025,2,0M,人工智能技术应用,E375,甘肃有色冶金职业技术学院,20,651047
2025,2,0P,旅游管理,E375,甘肃有色冶金职业技术学院,20,670725
2025,2,0V,舞蹈表演,E375,甘肃有色冶金职业技术学院,20,666079
2025,2,D6,人工智能技术应用,E376,白银矿冶职业技术学院,7,552751
2025,2,D7,数字媒体技术,E376,白银矿冶职业技术学院,7,496038
2025,2,E1,智能网联汽车技术,E376,白银矿冶职业技术学院,8,560205
2025,2,E2,智能交通技术,E376,白银矿冶职业技术学院,7,585192
2025,2,E4,机电一体化技术,E376,白银矿冶职业技术学院,8,493082
2025,2,E6,机械制造及自动化,E376,白银矿冶职业技术学院,7,528639
2025,2,E9,有色金属智能冶金技术,E376,白银矿冶职业技术学院,8,568004
2025,2,F1,应用化工技术,E376,白银矿冶职业技术学院,8,550984
2025,2,A1,数字媒体技术,E379,潍坊工程职业学院,69,422141
2025,2,A2,摄影摄像技术,E379,潍坊工程职业学院,30,520114
2025,2,B1,飞机机电设备维修,E379,潍坊工程职业学院,40,437484
2025,2,B2,高速铁路客运服务,E379,潍坊工程职业学院,45,412119
2025,2,B3,汽车检测与维修技术,E379,潍坊工程职业学院,45,480198
2025,2,B4,新能源汽车技术,E379,潍坊工程职业学院,45,435717
2025,2,B5,智能网联汽车技术,E379,潍坊工程职业学院,50,494818
2025,2,C1,工业机器人技术,E379,潍坊工程职业学院,50,434775
2025,2,C2,无人机应用技术,E379,潍坊工程职业学院,50,438931
2025,2,C3,工业互联网应用,E379,潍坊工程职业学院,50,492077
2025,2,C4,机电一体化技术,E379,潍坊工程职业学院,167,411741
2025,2,C5,数控技术,E379,潍坊工程职业学院,50,343907
2025,2,D1,建筑工程技术,E379,潍坊工程职业学院,45,567323
2025,2,D2,工程造价,E379,潍坊工程职业学院,40,566392
2025,2,D3,建筑装饰工程技术,E379,潍坊工程职业学院,40,568055
2025,2,D4,智能建造技术,E379,潍坊工程职业学院,40,544615
2025,2,E1,早期教育,E379,潍坊工程职业学院,41,574563
2025,2,E2,婴幼儿托育服务与管理,E379,潍坊工程职业学院,45,579916
2025,2,F1,园艺技术,E379,潍坊工程职业学院,90,581332
2025,2,F2,农产品加工与质量检测,E379,潍坊工程职业学院,95,577441
2025,2,F4,种子生产与经营,E379,潍坊工程职业学院,50,562536
2025,2,F5,植物保护与检疫技术,E379,潍坊工程职业学院,60,554386
2025,2,F6,花卉生产与花艺,E379,潍坊工程职业学院,55,572145
2025,2,G1,大数据与会计,E379,潍坊工程职业学院,65,407208
2025,2,G2,市场营销,E379,潍坊工程职业学院,30,557222
2025,2,G3,旅游管理,E379,潍坊工程职业学院,35,563741
2025,2,G5,金融服务与管理,E379,潍坊工程职业学院,45,529014
2025,2,G6,现代物流管理,E379,潍坊工程职业学院,55,545865
2025,2,H1,人工智能技术应用,E379,潍坊工程职业学院,60,460622
2025,2,H2,物联网应用技术,E379,潍坊工程职业学院,60,460982
2025,2,H3,虚拟现实技术应用,E379,潍坊工程职业学院,50,487317
2025,2,H4,微电子技术,E379,潍坊工程职业学院,50,520517
2025,2,H5,现代通信技术,E379,潍坊工程职业学院,50,443030
2025,2,H6,大数据技术,E379,潍坊工程职业学院,40,429012
2025,2,H7,计算机应用技术,E379,潍坊工程职业学院,50,430528
2025,2,S1,数控技术(高职3+2贯通培养，衔接济宁学院机械设计制造及其自动化专业,E379,潍坊工程职业学院,40,263767
2025,2,S2,工业机器人技术(高职3+2贯通培养，衔接临沂大学机器人工程专业),E379,潍坊工程职业学院,40,233665
2025,2,S3,大数据技术(高职3+2贯通培养，衔接临沂大学数据科学与大数据技术专业,E379,潍坊工程职业学院,40,219195
2025,2,S4,虚拟现实技术应用(高职3+2贯通培养，衔接山东工艺美术学院数字媒体技,E379,潍坊工程职业学院,60,256430
2025,2,S5,微电子技术(高职3+2贯通培养，衔接齐鲁师范学院电子信息工程专业),E379,潍坊工程职业学院,30,258825
2025,2,S6,人工智能技术应用(高职3+2贯通培养，衔接德州学院人工智能专业),E379,潍坊工程职业学院,30,259290
2025,2,S7,汽车检测与维修技术(高职3+2贯通培养，衔接临沂大学车辆工程专业),E379,潍坊工程职业学院,40,268366
2025,2,S8,建筑工程技术(高职3+2贯通培养，衔接潍坊学院土木工程专业),E379,潍坊工程职业学院,40,275097
2025,2,S9,学前教育(师范类，高职3+2贯通培养，衔接枣庄学院学前教育专业),E379,潍坊工程职业学院,40,258966
2025,2,SA,电子商务(高职3+2贯通培养，衔接山东管理学院电子商务专业),E379,潍坊工程职业学院,40,263942
2025,2,SC,现代物流管理(高职3+2贯通培养，衔接山东农业工程学院物流工程专业),E379,潍坊工程职业学院,40,268125
2025,2,05,大数据与会计,E380,郑州商贸旅游职业学院,50,671807
2025,2,01,针灸推拿,E382,河南推拿职业学院,35,332848
2025,2,01,护理,E383,洛阳职业技术学院,2,364270
2025,2,06,临床医学,E383,洛阳职业技术学院,3,332444
2025,2,02,计算机应用技术,E385,沈阳北软信息职业技术学院,7,423447
2025,2,07,电子商务,E385,沈阳北软信息职业技术学院,4,498519
2025,2,09,动漫制作技术,E385,沈阳北软信息职业技术学院,4,492842
2025,2,16,软件技术,E385,沈阳北软信息职业技术学院,5,430792
2025,2,0D,学前教育(师范类),E391,郑州幼儿师范高等专科学校,10,464495
2025,2,17,学前教育(师范类),E392,安阳幼儿师范高等专科学校,12,570520
2025,2,18,小学教育(师范类),E392,安阳幼儿师范高等专科学校,13,376899
2025,2,01,空中乘务,E394,上海民航职业技术学院,110,483493
2025,2,02,民航空中安全保卫,E394,上海民航职业技术学院,86,541317
2025,2,03,民航运输服务,E394,上海民航职业技术学院,16,327700
2025,2,04,民航运输服务(民航电子商务),E394,上海民航职业技术学院,5,317813
2025,2,05,民航运输服务(航空旅游服务),E394,上海民航职业技术学院,8,331163
2025,2,06,民航运输服务(航空旅游服务，高本贯通),E394,上海民航职业技术学院,8,271360
2025,2,07,航空物流管理,E394,上海民航职业技术学院,6,320779
2025,2,08,机场运行服务与管理(民航机场气象观测),E394,上海民航职业技术学院,5,265166
2025,2,09,机场运行服务与管理(航空港管理),E394,上海民航职业技术学院,8,282323
2025,2,10,机场运行服务与管理(航空器机坪管制),E394,上海民航职业技术学院,4,276336
2025,2,11,民航安全技术管理,E394,上海民航职业技术学院,10,301375
2025,2,12,航空地面设备维修,E394,上海民航职业技术学院,6,322280
2025,2,13,机场电工技术,E394,上海民航职业技术学院,5,322197
2025,2,14,飞机机电设备维修,E394,上海民航职业技术学院,15,281925
2025,2,17,飞机结构修理,E394,上海民航职业技术学院,5,289540
2025,2,18,航空发动机装配调试技术,E394,上海民航职业技术学院,5,304685
2025,2,19,航空复合材料成型与加工技术,E394,上海民航职业技术学院,4,333971
2025,2,21,航空发动机维修技术,E394,上海民航职业技术学院,6,290564
2025,2,23,飞行器数字化制造技术,E394,上海民航职业技术学院,5,308177
2025,2,24,飞行器数字化制造技术(通航飞机制造),E394,上海民航职业技术学院,5,328140
2025,2,25,通用航空器维修,E394,上海民航职业技术学院,6,315286
2025,2,26,无人机应用技术,E394,上海民航职业技术学院,5,294731
2025,2,15,飞机机电设备维修(中外合作办学),E394,上海民航职业技术学院,12,365780
2025,2,01,铁道交通运营管理,E396,河北轨道运输职业技术学院,1,216483
2025,2,02,铁道信号自动控制,E396,河北轨道运输职业技术学院,2,224766
2025,2,08,铁道机车运用与维护,E396,河北轨道运输职业技术学院,2,200392
2025,2,0A,铁道车辆技术,E396,河北轨道运输职业技术学院,5,275521
2025,2,12,城市轨道交通运营管理,E396,河北轨道运输职业技术学院,5,272084
2025,2,13,城市轨道车辆应用技术,E396,河北轨道运输职业技术学院,5,293835
2025,2,0B,电子商务,E400,齐齐哈尔理工职业学院,5,555613
2025,2,11,护理,E401,徐州生物工程职业技术学院,10,318070
2025,2,12,中医康复技术,E401,徐州生物工程职业技术学院,4,323784
2025,2,13,康复治疗技术,E401,徐州生物工程职业技术学院,9,330902
2025,2,14,口腔卫生保健,E401,徐州生物工程职业技术学院,3,313914
2025,2,18,药品生产技术,E401,徐州生物工程职业技术学院,4,370574
2025,2,1A,药品质量与安全,E401,徐州生物工程职业技术学院,2,353099
2025,2,1C,园艺技术,E401,徐州生物工程职业技术学院,1,327490
2025,2,1D,植物保护与检疫技术,E401,徐州生物工程职业技术学院,2,360513
2025,2,1E,园林技术,E401,徐州生物工程职业技术学院,2,377376
2025,2,1F,动物医学,E401,徐州生物工程职业技术学院,5,279714
2025,2,1G,畜牧兽医,E401,徐州生物工程职业技术学院,5,296535
2025,2,1K,机电一体化技术,E401,徐州生物工程职业技术学院,2,342357
2025,2,1L,智能医疗装备技术,E401,徐州生物工程职业技术学院,2,373289
2025,2,1M,医用电子仪器技术,E401,徐州生物工程职业技术学院,2,365049
2025,2,1N,康复工程技术,E401,徐州生物工程职业技术学院,3,353747
2025,2,1P,康复辅助器具技术,E401,徐州生物工程职业技术学院,3,370250
2025,2,1Q,环境监测技术,E401,徐州生物工程职业技术学院,2,382253
2025,2,1R,环境工程技术,E401,徐州生物工程职业技术学院,3,382274
2025,2,1T,计算机应用技术,E401,徐州生物工程职业技术学院,3,317116
2025,2,1V,电子商务,E401,徐州生物工程职业技术学院,3,357404
2025,2,07,书画艺术(少儿美术方向),E402,景德镇陶瓷职业技术学院,10,658285
2025,2,11,视觉传达设计,E402,景德镇陶瓷职业技术学院,10,647191
2025,2,23,数字媒体艺术设计(影视动画方向),E402,景德镇陶瓷职业技术学院,25,670990
2025,2,J1,陶瓷设计与工艺,E402,景德镇陶瓷职业技术学院,10,676554
2025,2,L1,材料工程技术,E402,景德镇陶瓷职业技术学院,10,675549
2025,2,L2,无人机应用技术,E402,景德镇陶瓷职业技术学院,10,670352
2025,2,L3,陶瓷制造技术与工艺,E402,景德镇陶瓷职业技术学院,20,630796
2025,2,L4,软件技术,E402,景德镇陶瓷职业技术学院,10,636733
2025,2,L5,计算机网络技术,E402,景德镇陶瓷职业技术学院,10,591319
2025,2,L8,应用电子技术,E402,景德镇陶瓷职业技术学院,10,632351
2025,2,R1,婴幼儿托育服务与管理,E402,景德镇陶瓷职业技术学院,10,676005
2025,2,R2,电子商务,E402,景德镇陶瓷职业技术学院,10,659556
2025,2,R3,网络营销与直播电商,E402,景德镇陶瓷职业技术学院,10,662355
2025,2,R4,大数据与会计,E402,景德镇陶瓷职业技术学院,5,622628
2025,2,R5,现代物流管理,E402,景德镇陶瓷职业技术学院,10,677166
2025,2,R6,金融科技应用,E402,景德镇陶瓷职业技术学院,10,659104
2025,2,R7,旅游管理,E402,景德镇陶瓷职业技术学院,10,668067
2025,2,T4,文物修复与保护,E402,景德镇陶瓷职业技术学院,10,670630
2025,2,04,新能源汽车技术,E406,湖南吉利汽车职业技术学院,4,652474
2025,2,4A,机电一体化技术,E406,湖南吉利汽车职业技术学院,2,631576
2025,2,C1,影视编导(电影方向),E410,四川电影电视学院,10,447990
2025,2,C2,影视编导(电视方向),E410,四川电影电视学院,14,511562
2025,2,C3,民航空中安全保卫,E410,四川电影电视学院,30,613206
2025,2,C7,空中乘务,E410,四川电影电视学院,35,583032
2025,2,01,新能源汽车技术,E411,四川汽车职业技术学院,5,637949
2025,2,02,汽车检测与维修技术,E411,四川汽车职业技术学院,5,651449
2025,2,19,大数据与会计,E411,四川汽车职业技术学院,5,634480
2025,2,27,学前教育,E411,四川汽车职业技术学院,5,672657
2025,2,01,建筑工程技术,E412,贵州工商职业学院,5,647933
2025,2,11,汽车制造与试验技术(新能源汽车技术方向),E412,贵州工商职业学院,3,670864
2025,2,16,大数据与会计(会计师实验班),E412,贵州工商职业学院,16,665351
2025,2,24,电子商务(新媒体运营方向),E412,贵州工商职业学院,3,644338
2025,2,36,护理,E412,贵州工商职业学院,45,677426
2025,2,38,护理(医疗美容方向),E412,贵州工商职业学院,5,665812
2025,2,39,护理(口腔护理方向),E412,贵州工商职业学院,5,667235
2025,2,41,中医康复技术,E412,贵州工商职业学院,8,673200
2025,2,43,大数据技术,E412,贵州工商职业学院,8,675053
2025,2,03,临床医学,E413,红河卫生职业学院,5,367935
2025,2,13,针灸推拿,E413,红河卫生职业学院,10,377744
2025,2,16,口腔医学,E413,红河卫生职业学院,20,344316
2025,2,06,新能源汽车检测与维修技术,E415,云南外事外语职业学院,2,591491
2025,2,11,护理,E415,云南外事外语职业学院,5,653567
2025,2,16,大数据与会计,E415,云南外事外语职业学院,1,494862
2025,2,01,现代农业技术,E417,新疆应用职业技术学院,3,591597
2025,2,02,休闲农业经营与管理,E417,新疆应用职业技术学院,3,642187
2025,2,03,园林技术,E417,新疆应用职业技术学院,3,651968
2025,2,04,环境工程技术,E417,新疆应用职业技术学院,4,606538
2025,2,05,园林工程技术,E417,新疆应用职业技术学院,3,622763
2025,2,06,建筑工程技术,E417,新疆应用职业技术学院,3,607948
2025,2,07,装配式建筑工程技术,E417,新疆应用职业技术学院,3,634138
2025,2,08,工程造价,E417,新疆应用职业技术学院,3,585582
2025,2,09,市政工程技术,E417,新疆应用职业技术学院,4,594986
2025,2,0A,机械制造及自动化,E417,新疆应用职业技术学院,4,488331
2025,2,0B,新能源装备技术,E417,新疆应用职业技术学院,4,611490
2025,2,0C,智能控制技术,E417,新疆应用职业技术学院,3,613357
2025,2,0D,电气自动化技术,E417,新疆应用职业技术学院,5,494068
2025,2,0E,化工生物技术,E417,新疆应用职业技术学院,5,582817
2025,2,0F,应用化工技术,E417,新疆应用职业技术学院,5,572600
2025,2,0G,石油化工技术,E417,新疆应用职业技术学院,5,572789
2025,2,0H,现代纺织技术(纺织工艺与设备管理),E417,新疆应用职业技术学院,3,592324
2025,2,0J,服装设计与工艺,E417,新疆应用职业技术学院,3,594004
2025,2,0K,纺织品检验与贸易,E417,新疆应用职业技术学院,3,581208
2025,2,0L,计算机应用技术,E417,新疆应用职业技术学院,2,510448
2025,2,0M,数字媒体技术,E417,新疆应用职业技术学院,3,584826
2025,2,0N,虚拟现实技术应用,E417,新疆应用职业技术学院,4,571036
2025,2,0P,护理,E417,新疆应用职业技术学院,5,599391
2025,2,0Q,婴幼儿托育服务与管理,E417,新疆应用职业技术学院,3,639080
2025,2,0R,大数据与财务管理,E417,新疆应用职业技术学院,4,555789
2025,2,0S,跨境电子商务,E417,新疆应用职业技术学院,3,589971
2025,2,0T,移动商务(移动商务营运与管理),E417,新疆应用职业技术学院,3,610117
2025,2,0U,现代物流管理,E417,新疆应用职业技术学院,4,621288
2025,2,0V,供应链运营,E417,新疆应用职业技术学院,3,600261
2025,2,0W,旅游管理,E417,新疆应用职业技术学院,4,631870
2025,2,0X,酒店管理与数字化运营,E417,新疆应用职业技术学院,3,598508
2025,2,12,公共文化服务与管理,E417,新疆应用职业技术学院,2,569726
2025,2,13,新闻采编与制作,E417,新疆应用职业技术学院,3,519580
2025,2,14,学前教育(师范类),E417,新疆应用职业技术学院,5,602350
2025,2,05,传播与策划,E422,南京城市职业学院,5,285568
2025,2,06,大数据与会计,E422,南京城市职业学院,5,269248
2025,2,08,跨境电子商务,E422,南京城市职业学院,2,292316
2025,2,09,网络营销与直播电商,E422,南京城市职业学院,2,292003
2025,2,10,商务数据分析与应用,E422,南京城市职业学院,6,316418
2025,2,11,现代物流管理,E422,南京城市职业学院,4,313503
2025,2,14,智慧健康养老服务与管理,E422,南京城市职业学院,6,321405
2025,2,16,健康管理,E422,南京城市职业学院,6,318813
2025,2,17,营养配餐,E422,南京城市职业学院,2,311807
2025,2,18,计算机应用技术,E422,南京城市职业学院,8,309197
2025,2,19,计算机网络技术,E422,南京城市职业学院,8,311913
2025,2,21,电子信息工程技术,E422,南京城市职业学院,4,302742
2025,2,22,新能源汽车技术,E422,南京城市职业学院,4,303983
2025,2,23,智能网联汽车技术,E422,南京城市职业学院,2,314700
2025,2,24,软件技术,E422,南京城市职业学院,16,317846
2025,2,41,人力资源管理,E438,山东管理学院,100,300965
2025,2,42,旅游管理,E438,山东管理学院,150,354445
2025,2,43,学前教育(师范类),E438,山东管理学院,40,294823
2025,2,45,电子商务,E438,山东管理学院,100,321178
2025,2,46,金融服务与管理,E438,山东管理学院,150,322152
2025,2,47,电气自动化技术,E438,山东管理学院,100,279926
2025,2,48,新闻采编与制作,E438,山东管理学院,100,292254
2025,2,49,工商企业管理,E438,山东管理学院,100,323437
2025,2,50,计算机应用技术,E438,山东管理学院,100,300058
2025,2,51,计算机网络技术,E438,山东管理学院,100,307971
2025,2,52,大数据与会计(中外合作办学),E438,山东管理学院,100,380169
2025,2,53,国际商务(中外合作办学),E438,山东管理学院,100,485412
2025,2,54,工商企业管理(中外合作办学),E438,山东管理学院,100,515430
2025,2,46,电气自动化技术,E439,山东农业工程学院,60,294436
2025,2,49,计算机网络技术,E439,山东农业工程学院,50,298288
2025,2,50,软件技术,E439,山东农业工程学院,90,314060
2025,2,52,现代物流管理,E439,山东农业工程学院,110,358672
2025,2,53,市场营销,E439,山东农业工程学院,90,371654
2025,2,54,大数据与会计,E439,山东农业工程学院,160,289939
2025,2,55,商务英语,E439,山东农业工程学院,50,333036
2025,2,56,应用韩语,E439,山东农业工程学院,25,369224
2025,2,0B,小学语文教育(师范类),E462,朔州师范高等专科学校,6,316572
2025,2,0C,小学数学教育(师范类),E462,朔州师范高等专科学校,6,371148
2025,2,0D,小学英语教育(师范类),E462,朔州师范高等专科学校,6,387979
2025,2,03,婴幼儿托育服务与管理,E468,湖南幼儿师范高等专科学校,10,586805
2025,2,0R,旅游管理,E468,湖南幼儿师范高等专科学校,5,585541
2025,2,01,学前教育(师范类),E470,铜仁幼儿师范高等专科学校,5,577367
2025,2,20,影视多媒体技术,E471,河北工艺美术职业学院,5,427137
2025,2,12,工程造价,E472,渤海理工职业学院,5,667730
2025,2,13,建筑工程技术,E472,渤海理工职业学院,5,676276
2025,2,15,建筑材料工程技术,E472,渤海理工职业学院,5,675541
2025,2,17,城市轨道交通机电技术,E472,渤海理工职业学院,5,659755
2025,2,18,城市轨道交通运营管理,E472,渤海理工职业学院,5,648759
2025,2,34,大数据技术,E472,渤海理工职业学院,5,671113
2025,2,47,影视多媒体技术,E472,渤海理工职业学院,5,676094
2025,2,48,环境艺术设计,E472,渤海理工职业学院,5,655213
2025,2,49,动漫设计,E472,渤海理工职业学院,3,662164
2025,2,01,建筑装饰工程技术,E473,辽宁轻工职业学院,4,375619
2025,2,04,机械制造及自动化,E473,辽宁轻工职业学院,3,319032
2025,2,06,机电一体化技术,E473,辽宁轻工职业学院,5,319882
2025,2,09,服装设计与工艺,E473,辽宁轻工职业学院,6,398592
2025,2,0C,国际邮轮乘务管理,E473,辽宁轻工职业学院,8,511618
2025,2,0E,空中乘务,E473,辽宁轻工职业学院,15,533420
2025,2,0G,电子信息工程技术,E473,辽宁轻工职业学院,5,336632
2025,2,0H,物联网应用技术,E473,辽宁轻工职业学院,8,335115
2025,2,0K,数字媒体技术,E473,辽宁轻工职业学院,5,299451
2025,2,0U,旅游管理,E473,辽宁轻工职业学院,5,401996
2025,2,0V,酒店管理与数字化运营,E473,辽宁轻工职业学院,6,426011
2025,2,01,大数据与财务管理,E475,江苏商贸职业学院,3,284756
2025,2,02,大数据与会计,E475,江苏商贸职业学院,4,279794
2025,2,03,大数据与审计,E475,江苏商贸职业学院,2,274339
2025,2,04,金融服务与管理,E475,江苏商贸职业学院,3,315329
2025,2,05,财富管理,E475,江苏商贸职业学院,3,348227
2025,2,07,关务与外贸服务,E475,江苏商贸职业学院,2,323381
2025,2,10,电子商务,E475,江苏商贸职业学院,4,323260
2025,2,13,冷链物流技术与管理,E475,江苏商贸职业学院,3,366866
2025,2,14,现代物流管理,E475,江苏商贸职业学院,5,347983
2025,2,15,供应链运营,E475,江苏商贸职业学院,3,368104
2025,2,17,电气自动化技术,E475,江苏商贸职业学院,3,308649
2025,2,18,电子信息工程技术,E475,江苏商贸职业学院,3,332551
2025,2,19,无人机应用技术,E475,江苏商贸职业学院,2,332272
2025,2,26,大数据技术,E475,江苏商贸职业学院,2,299475
2025,2,27,旅游管理,E475,江苏商贸职业学院,5,373923
2025,2,29,高速铁路客运服务,E475,江苏商贸职业学院,4,322356
2025,2,30,空中乘务,E475,江苏商贸职业学院,5,388394
2025,2,32,智慧健康养老服务与管理,E475,江苏商贸职业学院,3,311382
2025,2,34,建筑装饰工程技术,E475,江苏商贸职业学院,2,355620
2025,2,35,建筑室内设计,E475,江苏商贸职业学院,2,332443
2025,2,36,农产品流通与管理,E475,江苏商贸职业学院,2,380984
2025,2,37,动漫制作技术,E475,江苏商贸职业学院,5,319174
2025,2,03,工程测量技术,E476,江西水利职业学院,2,418122
2025,2,05,电力系统自动化技术,E476,江西水利职业学院,2,322015
2025,2,07,园林工程技术,E476,江西水利职业学院,2,425204
2025,2,08,建筑工程技术,E476,江西水利职业学院,2,447628
2025,2,09,工程造价,E476,江西水利职业学院,3,461191
2025,2,0A,给排水工程技术,E476,江西水利职业学院,2,415917
2025,2,0C,水利工程,E476,江西水利职业学院,2,340814
2025,2,0D,智慧水利技术,E476,江西水利职业学院,2,400969
2025,2,0E,水利水电工程技术,E476,江西水利职业学院,2,353958
2025,2,0F,水利水电建筑工程,E476,江西水利职业学院,2,388518
2025,2,0H,水利机电设备智能管理,E476,江西水利职业学院,4,414084
2025,2,0Q,无人机应用技术,E476,江西水利职业学院,2,386639
2025,2,0R,物联网应用技术,E476,江西水利职业学院,2,417840
2025,2,0T,计算机应用技术,E476,江西水利职业学院,5,392946
2025,2,0Y,大数据与会计,E476,江西水利职业学院,3,315696
2025,2,11,旅游管理,E477,菏泽职业学院,153,571580
2025,2,12,酒店管理与数字化运营,E477,菏泽职业学院,60,565428
2025,2,13,空中乘务,E477,菏泽职业学院,50,569381
2025,2,14,物联网应用技术,E477,菏泽职业学院,15,487750
2025,2,16,大数据技术,E477,菏泽职业学院,45,491677
2025,2,17,计算机应用技术,E477,菏泽职业学院,60,472608
2025,2,18,信息安全技术应用,E477,菏泽职业学院,75,514725
2025,2,19,动漫制作技术,E477,菏泽职业学院,87,510157
2025,2,20,大数据与会计,E477,菏泽职业学院,80,437310
2025,2,21,会计信息管理,E477,菏泽职业学院,50,465305
2025,2,22,金融科技应用,E477,菏泽职业学院,40,535912
2025,2,23,业财数据应用与管理,E477,菏泽职业学院,30,501661
2025,2,24,现代物流管理,E477,菏泽职业学院,84,552540
2025,2,25,跨境电子商务,E477,菏泽职业学院,45,547938
2025,2,26,电子商务,E477,菏泽职业学院,100,544733
2025,2,27,网络营销与直播电商,E477,菏泽职业学院,15,521928
2025,2,28,机电一体化技术,E477,菏泽职业学院,90,453338
2025,2,29,智能制造装备技术,E477,菏泽职业学院,100,525565
2025,2,30,电气自动化技术,E477,菏泽职业学院,163,433362
2025,2,31,工业机器人技术,E477,菏泽职业学院,60,497489
2025,2,32,数字化设计与制造技术,E477,菏泽职业学院,30,512419
2025,2,33,新能源汽车技术,E477,菏泽职业学院,75,501931
2025,2,34,汽车检测与维修技术,E477,菏泽职业学院,60,523093
2025,2,35,城市轨道交通运营管理,E477,菏泽职业学院,10,433393
2025,2,36,汽车技术服务与营销,E477,菏泽职业学院,29,550174
2025,2,37,智能网联汽车技术,E477,菏泽职业学院,40,527122
2025,2,38,工程造价,E477,菏泽职业学院,77,573745
2025,2,39,建筑装饰工程技术,E477,菏泽职业学院,71,567990
2025,2,40,建筑工程技术,E477,菏泽职业学院,77,566599
2025,2,41,装配化装修技术,E477,菏泽职业学院,82,585589
2025,2,42,应用化工技术,E477,菏泽职业学院,165,544506
2025,2,44,食品生物技术,E477,菏泽职业学院,70,510565
2025,2,45,药品生物技术,E477,菏泽职业学院,88,489770
2025,2,46,学前教育(师范类),E477,菏泽职业学院,20,472351
2025,2,48,旅游管理(中外合作办学),E477,菏泽职业学院,55,608526
2025,2,49,物联网应用技术(中外合作办学),E477,菏泽职业学院,34,573407
2025,2,15,物联网应用技术(高职3+2贯通培养，衔接菏泽学院物联网工程专业),E477,菏泽职业学院,40,266412
2025,2,43,应用化工技术(高职3+2贯通培养，衔接齐鲁工业大学化学工程与工艺专业,E477,菏泽职业学院,80,253821
2025,2,04,金融科技应用,E478,郑州财税金融职业学院,15,464328
2025,2,0B,大数据与审计(ACCA),E478,郑州财税金融职业学院,15,374759
2025,2,56,小学教育(师范类),E479,南阳农业职业学院,30,552956
2025,2,06,机电一体化技术,E480,洛阳科技职业学院,12,643781
2025,2,10,新能源汽车技术,E480,洛阳科技职业学院,12,642437
2025,2,11,药品生产技术,E480,洛阳科技职业学院,12,678543
2025,2,16,计算机应用技术,E480,洛阳科技职业学院,12,644340
2025,2,25,电子商务,E480,洛阳科技职业学院,12,630496
2025,2,08,播音与主持,E481,广西培贤国际职业学院,2,644411
2025,2,13,无人机应用技术,E481,广西培贤国际职业学院,2,609078
2025,2,14,大数据技术,E481,广西培贤国际职业学院,2,607319
2025,2,24,眼视光仪器技术,E481,广西培贤国际职业学院,2,658275
2025,2,31,商务英语,E481,广西培贤国际职业学院,1,594115
2025,2,33,国际商务,E481,广西培贤国际职业学院,1,655343
2025,2,01,临床医学,E483,巴中职业技术学院,5,432995
2025,2,02,护理,E483,巴中职业技术学院,6,646797
2025,2,04,康复治疗技术,E483,巴中职业技术学院,8,664305
2025,2,07,医学检验技术,E483,巴中职业技术学院,7,654168
2025,2,08,医学影像技术,E483,巴中职业技术学院,7,665897
2025,2,10,学前教育(师范类),E483,巴中职业技术学院,10,671999
2025,2,12,小学教育(师范类),E483,巴中职业技术学院,7,668498
2025,2,16,法律事务,E483,巴中职业技术学院,5,595668
2025,2,20,新能源汽车技术,E483,巴中职业技术学院,10,674465
2025,2,23,动物医学,E483,巴中职业技术学院,5,630749
2025,2,24,计算机网络技术,E483,巴中职业技术学院,5,673070
2025,2,03,新能源汽车技术,E484,四川希望汽车职业学院,15,675425
2025,2,15,城市轨道交通运营管理,E484,四川希望汽车职业学院,5,672166
2025,2,16,护理,E484,四川希望汽车职业学院,15,657757
2025,2,21,计算机应用技术,E484,四川希望汽车职业学院,5,629368
2025,2,22,大数据与会计,E484,四川希望汽车职业学院,5,664588
2025,2,30,学前教育,E484,四川希望汽车职业学院,10,665736
2025,2,01,电子信息工程技术,E485,四川电子机械职业技术学院,8,670530
2025,2,03,物联网应用技术,E485,四川电子机械职业技术学院,6,677365
2025,2,14,机械制造及自动化,E485,四川电子机械职业技术学院,8,648730
2025,2,16,机电一体化技术,E485,四川电子机械职业技术学院,8,623855
2025,2,18,智能控制技术,E485,四川电子机械职业技术学院,5,639431
2025,2,20,人工智能技术应用,E485,四川电子机械职业技术学院,8,626238
2025,2,21,智能机器人技术,E485,四川电子机械职业技术学院,5,645837
2025,2,24,大数据与会计,E485,四川电子机械职业技术学院,4,665393
2025,2,03,中文,E486,四川文轩职业学院,2,641222
2025,2,06,护理,E486,四川文轩职业学院,6,641411
2025,2,07,口腔医学技术,E486,四川文轩职业学院,6,617468
2025,2,08,康复治疗技术,E486,四川文轩职业学院,2,652313
2025,2,10,药学,E486,四川文轩职业学院,2,670224
2025,2,11,中药学,E486,四川文轩职业学院,6,680833
2025,2,13,空中乘务,E486,四川文轩职业学院,2,630743
2025,2,14,高速铁路客运服务,E486,四川文轩职业学院,2,673256
2025,2,17,计算机应用技术,E486,四川文轩职业学院,2,639259
2025,2,18,计算机网络技术,E486,四川文轩职业学院,2,656420
2025,2,20,数字媒体技术,E486,四川文轩职业学院,2,583897
2025,2,24,大数据与会计,E486,四川文轩职业学院,2,595934
2025,2,41,机械制造及自动化,E486,四川文轩职业学院,2,601850
2025,2,44,数控技术,E486,四川文轩职业学院,2,655519
2025,2,1B,高速铁路综合维修技术,E489,新疆铁道职业技术学院,2,330506
2025,2,2B,铁道信号自动控制,E489,新疆铁道职业技术学院,2,318997
2025,2,3B,铁道通信与信息化技术,E489,新疆铁道职业技术学院,2,309245
2025,2,4A,铁道工程技术,E489,新疆铁道职业技术学院,2,315935
2025,2,4B,铁道交通运营管理,E489,新疆铁道职业技术学院,2,301157
2025,2,6A,铁道机车运用与维护,E489,新疆铁道职业技术学院,2,301025
2025,2,6B,城市轨道车辆应用技术,E489,新疆铁道职业技术学院,2,334128
2025,2,8A,铁道供电技术,E489,新疆铁道职业技术学院,4,322259
2025,2,9A,动车组检修技术,E489,新疆铁道职业技术学院,2,327446
2025,2,1D,智能网联汽车技术,E491,重庆科技职业学院,4,643044
2025,2,2A,大数据技术,E491,重庆科技职业学院,5,578168
2025,2,2C,新能源汽车技术,E491,重庆科技职业学院,4,585973
2025,2,3C,学前教育,E491,重庆科技职业学院,5,646760
2025,2,5A,电子信息工程技术,E491,重庆科技职业学院,4,588051
2025,2,7B,汽车检测与维修技术,E491,重庆科技职业学院,4,588921
2025,2,7C,智慧健康养老服务与管理,E491,重庆科技职业学院,3,644700
2025,2,8A,机械制造及自动化,E491,重庆科技职业学院,5,571373
2025,2,8C,智能控制技术,E491,重庆科技职业学院,4,592309
2025,2,9A,计算机应用技术,E491,重庆科技职业学院,4,559318
2025,2,9B,物联网应用技术,E491,重庆科技职业学院,4,613072
2025,2,9C,人工智能技术应用,E491,重庆科技职业学院,4,586894
2025,2,0A,小学语文教育(师范类),E493,南通师范高等专科学校,5,305014
2025,2,0C,小学数学教育(师范类),E493,南通师范高等专科学校,5,325859
2025,2,0G,小学英语教育(师范类),E493,南通师范高等专科学校,5,331181
2025,2,12,应用电子技术,E494,宜春幼儿师范高等专科学校,5,473898
2025,2,13,软件技术,E494,宜春幼儿师范高等专科学校,8,526470
2025,2,14,大数据技术,E494,宜春幼儿师范高等专科学校,10,547455
2025,2,15,信息安全技术应用,E494,宜春幼儿师范高等专科学校,12,482591
2025,2,16,婴幼儿托育服务与管理,E494,宜春幼儿师范高等专科学校,3,572513
2025,2,17,统计与大数据分析,E494,宜春幼儿师范高等专科学校,5,518159
2025,2,19,跨境电子商务,E494,宜春幼儿师范高等专科学校,7,583211
2025,2,1F,现代家政服务与管理,E494,宜春幼儿师范高等专科学校,5,579253
2025,2,1G,中文,E494,宜春幼儿师范高等专科学校,4,360662
2025,2,1M,商务英语,E494,宜春幼儿师范高等专科学校,4,579759
2025,2,02,学前教育(师范类),E497,黔南民族幼儿师范高等专科学校,10,619877
2025,2,04,特殊教育(师范类),E497,黔南民族幼儿师范高等专科学校,2,445778
2025,2,09,音乐教育(师范类),E497,黔南民族幼儿师范高等专科学校,2,635911
2025,2,0B,美术教育(师范类),E497,黔南民族幼儿师范高等专科学校,2,589127
2025,2,0H,现代家政服务与管理,E497,黔南民族幼儿师范高等专科学校,4,623658
2025,2,0J,智慧健康养老服务与管理,E497,黔南民族幼儿师范高等专科学校,4,575527
2025,2,0K,社区管理与服务,E497,黔南民族幼儿师范高等专科学校,3,626918
2025,2,01,早期教育(师范类),E498,宁夏幼儿师范高等专科学校,2,576482
2025,2,05,学前教育(师范类),E498,宁夏幼儿师范高等专科学校,8,580407
2025,2,08,小学教育(师范类),E498,宁夏幼儿师范高等专科学校,2,449550
2025,2,10,小学英语教育(师范类),E498,宁夏幼儿师范高等专科学校,2,442192
2025,2,23,婴幼儿托育服务与管理,E498,宁夏幼儿师范高等专科学校,1,583797
2025,2,R0,机电一体化技术,E504,吉安职业技术学院,2,393106
2025,2,R1,智能光电技术应用,E504,吉安职业技术学院,2,472272
2025,2,RF,园林工程技术,E504,吉安职业技术学院,2,479477
2025,2,RG,现代物流管理,E504,吉安职业技术学院,2,459314
2025,2,RM,民宿管理与运营,E504,吉安职业技术学院,2,507129
2025,2,T1,旅游管理(中外合作办学),E504,吉安职业技术学院,20,607294
2025,2,00,无人机应用技术,E506,山东艺术设计职业学院,21,624934
2025,2,20,建筑装饰工程技术,E506,山东艺术设计职业学院,50,671485
2025,2,30,风景园林设计,E506,山东艺术设计职业学院,20,667780
2025,2,40,园艺技术,E506,山东艺术设计职业学院,15,666812
2025,2,80,电子竞技运动与管理,E506,山东艺术设计职业学院,5,635079
2025,2,90,工业设计,E506,山东艺术设计职业学院,27,669754
2025,2,A0,虚拟现实技术应用,E506,山东艺术设计职业学院,30,673934
2025,2,C0,软件技术,E506,山东艺术设计职业学院,45,664223
2025,2,D0,文化产业经营与管理,E506,山东艺术设计职业学院,20,669572
2025,2,F0,全媒体广告策划与营销,E506,山东艺术设计职业学院,35,651101
2025,2,J0,文物修复与保护,E506,山东艺术设计职业学院,35,641389
2025,2,M0,空中乘务,E506,山东艺术设计职业学院,18,633642
2025,2,N0,婴幼儿托育服务与管理,E506,山东艺术设计职业学院,5,634244
2025,2,P0,智慧健康养老服务与管理,E506,山东艺术设计职业学院,20,637268
2025,2,Q0,民航安全技术管理,E506,山东艺术设计职业学院,20,649812
2025,2,U0,网络营销与直播电商,E506,山东艺术设计职业学院,20,617531
2025,2,V0,酒店管理与数字化运营,E506,山东艺术设计职业学院,20,655241
2025,2,W0,旅游管理,E506,山东艺术设计职业学院,30,647192
2025,2,01,水产养殖技术,E507,威海海洋职业学院,40,472486
2025,2,02,动物药学,E507,威海海洋职业学院,58,425132
2025,2,03,水生动物医学,E507,威海海洋职业学院,65,460377
2025,2,04,水环境智能监测与治理,E507,威海海洋职业学院,82,515555
2025,2,05,食品智能加工技术,E507,威海海洋职业学院,40,482355
2025,2,06,食品质量与安全,E507,威海海洋职业学院,110,464655
2025,2,07,食品检验检测技术,E507,威海海洋职业学院,90,468075
2025,2,08,药品生物技术,E507,威海海洋职业学院,96,438667
2025,2,09,食品药品监督管理,E507,威海海洋职业学院,69,486777
2025,2,10,中药学,E507,威海海洋职业学院,40,423134
2025,2,11,药品经营与管理,E507,威海海洋职业学院,104,487915
2025,2,12,船舶工程技术,E507,威海海洋职业学院,54,425216
2025,2,13,船舶检验,E507,威海海洋职业学院,30,451625
2025,2,14,港口与航道工程技术,E507,威海海洋职业学院,87,486607
2025,2,15,轮机工程技术,E507,威海海洋职业学院,30,421619
2025,2,16,船舶电子电气技术,E507,威海海洋职业学院,95,467664
2025,2,18,电气自动化技术,E507,威海海洋职业学院,120,406420
2025,2,19,机电一体化技术,E507,威海海洋职业学院,129,419213
2025,2,20,工业机器人技术,E507,威海海洋职业学院,85,449494
2025,2,21,智能控制技术,E507,威海海洋职业学院,60,452732
2025,2,22,酒店管理与数字化运营,E507,威海海洋职业学院,110,543103
2025,2,23,国际邮轮乘务管理,E507,威海海洋职业学院,82,539522
2025,2,24,大数据与会计,E507,威海海洋职业学院,137,405774
2025,2,25,连锁经营与管理,E507,威海海洋职业学院,88,549256
2025,2,26,电子商务,E507,威海海洋职业学院,161,526577
2025,2,27,数字媒体技术,E507,威海海洋职业学院,90,383542
2025,2,28,跨境电子商务,E507,威海海洋职业学院,62,515412
2025,2,29,港口物流管理,E507,威海海洋职业学院,98,508919
2025,2,30,物联网应用技术,E507,威海海洋职业学院,143,473058
2025,2,31,云计算技术应用,E507,威海海洋职业学院,160,459180
2025,2,32,人工智能技术应用,E507,威海海洋职业学院,126,459094
2025,2,33,信息安全技术应用,E507,威海海洋职业学院,126,462303
2025,2,17,船舶工程技术(中外合作办学),E507,威海海洋职业学院,80,552775
2025,2,36,水生动物医学(高职3+2贯通培养，衔接临沂大学动物医学专业),E507,威海海洋职业学院,40,216434
2025,2,61,港口物流管理(高职3+2贯通培养，衔接山东管理学院物流管理专业),E507,威海海洋职业学院,40,260915
2025,2,64,人工智能技术应用(高职3+2贯通培养，衔接山东农业工程学院人工智能专,E507,威海海洋职业学院,40,252287
2025,2,01,金融服务与管理,E512,广西金融职业技术学院,10,598733
2025,2,03,金融服务与管理(金融大数据方向),E512,广西金融职业技术学院,10,621365
2025,2,04,金融服务与管理(财务数据分析方向),E512,广西金融职业技术学院,10,615821
2025,2,08,大数据与财务管理,E512,广西金融职业技术学院,10,494936
2025,2,09,大数据与会计,E512,广西金融职业技术学院,20,486678
2025,2,1A,移动互联应用技术,E512,广西金融职业技术学院,10,529237
2025,2,1C,大数据技术(金融信息安全方向),E512,广西金融职业技术学院,10,524177
2025,2,1D,融媒体技术与运营,E512,广西金融职业技术学院,10,581994
2025,2,1Q,财富管理,E512,广西金融职业技术学院,10,631718
2025,2,01,民航空中安全保卫,E515,四川西南航空职业学院,8,612585
2025,2,02,空中乘务,E515,四川西南航空职业学院,45,618754
2025,2,03,民航安全技术管理,E515,四川西南航空职业学院,10,665138
2025,2,04,应急救援技术,E515,四川西南航空职业学院,10,680107
2025,2,05,消防救援技术,E515,四川西南航空职业学院,5,646042
2025,2,06,安全智能监测技术,E515,四川西南航空职业学院,5,671864
2025,2,07,飞机机电设备维修,E515,四川西南航空职业学院,22,643366
2025,2,08,飞行器数字化制造技术,E515,四川西南航空职业学院,4,671918
2025,2,11,航空发动机维修技术,E515,四川西南航空职业学院,5,569188
2025,2,12,民航运输服务,E515,四川西南航空职业学院,11,663334
2025,2,13,机场运行服务与管理,E515,四川西南航空职业学院,10,672334
2025,2,14,航空物流管理,E515,四川西南航空职业学院,9,677866
2025,2,15,人工智能技术应用,E515,四川西南航空职业学院,10,594666
2025,2,18,计算机应用技术,E515,四川西南航空职业学院,6,662764
2025,2,19,数字媒体技术,E515,四川西南航空职业学院,5,646397
2025,2,20,高速铁路客运服务,E515,四川西南航空职业学院,8,669727
2025,2,21,旅游管理,E515,四川西南航空职业学院,6,633097
2025,2,24,直升机驾驶技术,E515,四川西南航空职业学院,2,600536
2025,2,26,无人机应用技术,E515,四川西南航空职业学院,10,639930
2025,2,28,播音与主持,E515,四川西南航空职业学院,4,658293
2025,2,29,影视编导,E515,四川西南航空职业学院,5,663988
2025,2,30,网络直播与运营,E515,四川西南航空职业学院,8,669264
2025,2,31,电子商务,E515,四川西南航空职业学院,4,641240
2025,2,32,动漫制作技术,E515,四川西南航空职业学院,4,633065
2025,2,33,城市轨道交通工程技术,E515,四川西南航空职业学院,4,661264
2025,2,01,护理,E518,兰州科技职业学院,2,521937
2025,2,03,药学,E518,兰州科技职业学院,1,632755
2025,2,04,口腔医学技术,E518,兰州科技职业学院,1,591787
2025,2,05,康复治疗技术,E518,兰州科技职业学院,1,646972
2025,2,06,医学检验技术,E518,兰州科技职业学院,1,634967
2025,2,07,医学影像技术,E518,兰州科技职业学院,1,609746
2025,2,0E,计算机应用技术,E518,兰州科技职业学院,1,588826
2025,2,0M,电气自动化技术,E518,兰州科技职业学院,1,600191
2025,2,0X,建筑消防技术,E518,兰州科技职业学院,1,634413
2025,2,02,化工安全技术,E523,新疆生产建设兵团兴新职业技术学院,3,451600
2025,2,03,消防救援技术,E523,新疆生产建设兵团兴新职业技术学院,4,465472
2025,2,11,工程造价,E523,新疆生产建设兵团兴新职业技术学院,4,500559
2025,2,13,市政工程技术,E523,新疆生产建设兵团兴新职业技术学院,2,508806
2025,2,26,智能交通技术,E523,新疆生产建设兵团兴新职业技术学院,3,432878
2025,2,44,学前教育,E523,新疆生产建设兵团兴新职业技术学院,2,555984
2025,2,L1,计算机网络技术,E523,新疆生产建设兵团兴新职业技术学院,4,266871
2025,2,L3,热能动力工程技术,E523,新疆生产建设兵团兴新职业技术学院,5,267746
2025,2,01,热能动力工程技术,E524,哈密职业技术学院,1,478865
2025,2,02,机械制造及自动化,E524,哈密职业技术学院,2,465691
2025,2,03,机电设备技术,E524,哈密职业技术学院,1,486697
2025,2,04,机电一体化技术,E524,哈密职业技术学院,3,480630
2025,2,05,工业机器人技术,E524,哈密职业技术学院,1,500397
2025,2,06,应用化工技术,E524,哈密职业技术学院,2,528303
2025,2,09,护理,E524,哈密职业技术学院,1,489788
2025,2,10,老年保健与管理,E524,哈密职业技术学院,2,548597
2025,2,12,大数据与财务管理,E524,哈密职业技术学院,2,391564
2025,2,13,现代物流管理,E524,哈密职业技术学院,2,575068
2025,2,14,酒店管理与数字化运营,E524,哈密职业技术学院,1,578937
2025,2,16,汽车检测与维修技术,E524,哈密职业技术学院,1,527350
2025,2,17,汽车技术服务与营销,E524,哈密职业技术学院,1,579568
2025,2,A1,智能控制技术,E525,新疆科技职业技术学院,3,648018
2025,2,B1,电气自动化技术,E525,新疆科技职业技术学院,4,624892
2025,2,C1,汽车检测与维修技术,E525,新疆科技职业技术学院,3,676144
2025,2,01,酒店管理与数字化运营,E528,扬州中瑞酒店职业学院,6,672407
2025,2,02,西式烹饪工艺,E528,扬州中瑞酒店职业学院,4,661476
2025,2,03,餐饮智能管理,E528,扬州中瑞酒店职业学院,4,658151
2025,2,04,烹饪工艺与营养,E528,扬州中瑞酒店职业学院,4,673445
2025,2,05,中西面点工艺,E528,扬州中瑞酒店职业学院,2,650910
2025,2,06,空中乘务,E528,扬州中瑞酒店职业学院,2,652745
2025,2,07,高速铁路客运服务,E528,扬州中瑞酒店职业学院,2,592857
2025,2,08,大数据与会计,E528,扬州中瑞酒店职业学院,2,564467
2025,2,0C,市场营销,E528,扬州中瑞酒店职业学院,2,638479
2025,2,0D,计算机网络技术,E528,扬州中瑞酒店职业学院,4,608223
2025,2,0F,无人机应用技术,E528,扬州中瑞酒店职业学院,2,655056
2025,2,0H,现代家政服务与管理,E528,扬州中瑞酒店职业学院,2,670901
2025,2,0J,婴幼儿托育服务与管理,E528,扬州中瑞酒店职业学院,2,670518
2025,2,0K,建筑工程技术,E528,扬州中瑞酒店职业学院,2,676373
2025,2,04,消防救援技术,E529,鹤壁能源化工职业学院,20,611422
2025,2,05,建设工程管理,E529,鹤壁能源化工职业学院,20,626220
2025,2,06,市政管网智能检测与维护,E529,鹤壁能源化工职业学院,20,642319
2025,2,07,智能制造装备技术,E529,鹤壁能源化工职业学院,20,598430
2025,2,08,机电一体化技术,E529,鹤壁能源化工职业学院,40,531975
2025,2,09,电气自动化技术,E529,鹤壁能源化工职业学院,20,497711
2025,2,10,无人机应用技术,E529,鹤壁能源化工职业学院,10,510945
2025,2,12,化工自动化技术,E529,鹤壁能源化工职业学院,20,604988
2025,2,15,婴幼儿托育服务与管理,E529,鹤壁能源化工职业学院,20,642026
2025,2,0W,小学教育(师范类),E537,江西师范高等专科学校,5,342188
2025,2,1A,绿色食品生产技术,E539,扎兰屯职业学院,3,625405
2025,2,1N,食品生物技术,E539,扎兰屯职业学院,8,572713
2025,2,2G,园林技术,E539,扎兰屯职业学院,4,574056
2025,2,4A,护理,E539,扎兰屯职业学院,9,500960
2025,2,4G,药学,E539,扎兰屯职业学院,8,495931
2025,2,4K,临床医学,E539,扎兰屯职业学院,8,372856
2025,2,5D,大数据与会计,E539,扎兰屯职业学院,4,467310
2025,2,6G,工业机器人技术,E539,扎兰屯职业学院,9,543993
2025,2,7C,电气自动化技术,E539,扎兰屯职业学院,7,470182
2025,2,7S,飞机机电设备维修,E539,扎兰屯职业学院,34,676357
2025,2,8A,学前教育(师范类),E539,扎兰屯职业学院,8,679707
2025,2,8L,小学教育(师范类),E539,扎兰屯职业学院,8,485979
2025,2,B4,农产品加工与质量检测,E539,扎兰屯职业学院,4,625680
2025,2,B6,网络营销与直播电商,E539,扎兰屯职业学院,6,605909
2025,2,05,康复治疗技术,E540,黑龙江冰雪体育职业学院,5,414524
2025,2,01,大数据与会计,E542,江苏财会职业学院,5,259775
2025,2,02,统计与会计核算,E542,江苏财会职业学院,5,294661
2025,2,04,金融服务与管理,E542,江苏财会职业学院,10,326422
2025,2,05,金融科技应用,E542,江苏财会职业学院,5,314287
2025,2,06,市场营销,E542,江苏财会职业学院,5,330864
2025,2,10,电子商务,E542,江苏财会职业学院,5,326049
2025,2,11,网络营销与直播电商,E542,江苏财会职业学院,5,333081
2025,2,12,软件技术,E542,江苏财会职业学院,10,309523
2025,2,13,大数据技术,E542,江苏财会职业学院,10,316553
2025,2,14,人工智能技术应用,E542,江苏财会职业学院,10,339730
2025,2,15,信息安全技术应用,E542,江苏财会职业学院,6,325662
2025,2,16,云计算技术应用,E542,江苏财会职业学院,6,333115
2025,2,17,大数据与审计,E542,江苏财会职业学院,6,282152
2025,2,18,财税大数据应用,E542,江苏财会职业学院,6,297150
2025,2,21,网络新闻与传播,E542,江苏财会职业学院,6,292111
2025,2,22,传播与策划,E542,江苏财会职业学院,10,297556
2025,2,03,无人机测绘技术,E543,江苏城乡建设职业学院,4,360683
2025,2,07,建筑设计,E543,江苏城乡建设职业学院,4,371059
2025,2,09,古建筑工程技术,E543,江苏城乡建设职业学院,4,388062
2025,2,11,风景园林设计,E543,江苏城乡建设职业学院,4,386019
2025,2,12,建筑室内设计,E543,江苏城乡建设职业学院,4,380179
2025,2,13,建筑工程技术,E543,江苏城乡建设职业学院,4,392844
2025,2,14,装配式建筑工程技术,E543,江苏城乡建设职业学院,4,402447
2025,2,21,工程造价,E543,江苏城乡建设职业学院,4,384143
2025,2,22,建设工程管理,E543,江苏城乡建设职业学院,4,388907
2025,2,63,给排水工程技术,E543,江苏城乡建设职业学院,4,398829
2025,2,64,城市燃气工程技术,E543,江苏城乡建设职业学院,4,396314
2025,2,67,无人机应用技术,E543,江苏城乡建设职业学院,4,355184
2025,2,68,道路与桥梁工程技术,E543,江苏城乡建设职业学院,4,393806
2025,2,71,城市轨道交通运营管理,E543,江苏城乡建设职业学院,4,346841
2025,2,72,物联网应用技术,E543,江苏城乡建设职业学院,4,359339
2025,2,73,移动互联应用技术,E543,江苏城乡建设职业学院,4,363498
2025,2,74,计算机网络技术,E543,江苏城乡建设职业学院,4,342330
2025,2,75,人工智能技术应用,E543,江苏城乡建设职业学院,4,359817
2025,2,76,大数据与会计,E543,江苏城乡建设职业学院,4,299745
2025,2,04,数字媒体技术,E544,南昌影视传播职业学院,2,549579
2025,2,04,康复治疗技术,E545,山东特殊教育职业学院,80,412727
2025,2,06,特殊教育(师范类),E545,山东特殊教育职业学院,80,350903
2025,2,08,言语听觉康复技术,E545,山东特殊教育职业学院,120,448666
2025,2,09,计算机应用技术,E545,山东特殊教育职业学院,40,414703
2025,2,10,数字媒体技术,E545,山东特殊教育职业学院,40,398802
2025,2,12,中西面点工艺,E545,山东特殊教育职业学院,30,423260
2025,2,13,现代家用纺织品设计,E545,山东特殊教育职业学院,30,589501
2025,2,07,特殊教育(师范类，高职3+2贯通培养，衔接济南大学特殊教育专业),E545,山东特殊教育职业学院,40,196596
2025,2,11,康复治疗技术(高职3+2贯通培养，衔接山东中医药大学康复治疗学专业),E545,山东特殊教育职业学院,40,200924
2025,2,24,航空发动机制造技术,E547,成都工贸职业技术学院,10,388564
2025,2,02,小学教育(师范类),E548,四川应用技术职业学院,10,675860
2025,2,01,物联网应用技术,E551,庆阳职业技术学院,6,598175
2025,2,07,计算机网络技术,E551,庆阳职业技术学院,6,540851
2025,2,08,信息安全技术应用,E551,庆阳职业技术学院,6,611004
2025,2,0A,石油工程技术,E551,庆阳职业技术学院,6,578844
2025,2,0D,光伏工程技术,E551,庆阳职业技术学院,6,546459
2025,2,0G,石油化工技术,E551,庆阳职业技术学院,6,583285
2025,2,0J,机电一体化技术,E551,庆阳职业技术学院,6,513779
2025,2,0M,无人机应用技术,E551,庆阳职业技术学院,6,532794
2025,2,0X,大数据与会计,E551,庆阳职业技术学院,6,504083
2025,2,11,艺术设计,E551,庆阳职业技术学院,6,634352
2025,2,07,城市轨道交通供配电技术,E553,湖北铁道运输职业学院,5,307861
2025,2,12,动车组检修技术,E553,湖北铁道运输职业学院,10,312983
2025,2,13,铁道交通运营管理,E553,湖北铁道运输职业学院,10,292705
2025,2,14,现代物流管理,E553,湖北铁道运输职业学院,5,361162
2025,2,00,资源综合利用技术,E555,长江艺术工程职业学院,10,678136
2025,2,10,建筑室内设计,E555,长江艺术工程职业学院,5,661701
2025,2,20,机械制造及自动化,E555,长江艺术工程职业学院,5,596231
2025,2,30,智能控制技术,E555,长江艺术工程职业学院,10,640418
2025,2,40,工业机器人技术,E555,长江艺术工程职业学院,5,654252
2025,2,50,无人机应用技术,E555,长江艺术工程职业学院,5,609569
2025,2,70,新能源汽车技术,E555,长江艺术工程职业学院,5,646110
2025,2,80,智能网联汽车技术,E555,长江艺术工程职业学院,5,660533
2025,2,90,服装设计与工艺,E555,长江艺术工程职业学院,5,673886
2025,2,A0,新能源汽车检测与维修技术,E555,长江艺术工程职业学院,10,649433
2025,2,B0,物联网应用技术,E555,长江艺术工程职业学院,10,636263
2025,2,C0,计算机应用技术,E555,长江艺术工程职业学院,5,600422
2025,2,D0,软件技术,E555,长江艺术工程职业学院,5,618370
2025,2,E0,大数据技术,E555,长江艺术工程职业学院,5,631270
2025,2,F0,人工智能技术应用,E555,长江艺术工程职业学院,5,646774
2025,2,G0,移动应用开发,E555,长江艺术工程职业学院,5,667124
2025,2,H0,护理,E555,长江艺术工程职业学院,5,575545
2025,2,K0,婴幼儿托育服务与管理,E555,长江艺术工程职业学院,5,675422
2025,2,L0,金融服务与管理,E555,长江艺术工程职业学院,10,649953
2025,2,N0,统计与会计核算,E555,长江艺术工程职业学院,5,637244
2025,2,P0,市场营销,E555,长江艺术工程职业学院,5,663280
2025,2,P1,智慧健康养老服务与管理,E555,长江艺术工程职业学院,10,647971
2025,2,Q0,电子商务,E555,长江艺术工程职业学院,5,633673
2025,2,R0,网络营销与直播电商,E555,长江艺术工程职业学院,5,675775
2025,2,S0,现代物流管理,E555,长江艺术工程职业学院,10,675508
2025,2,T0,旅游管理,E555,长江艺术工程职业学院,5,659407
2025,2,U0,数字媒体艺术设计,E555,长江艺术工程职业学院,5,611107
2025,2,Y0,文物数字技术,E555,长江艺术工程职业学院,10,657543
2025,2,1C,金融科技应用,E557,重庆资源与环境保护职业学院,6,650685
2025,2,1H,新能源汽车检测与维修技术,E557,重庆资源与环境保护职业学院,2,628947
2025,2,1R,大数据技术,E557,重庆资源与环境保护职业学院,5,657884
2025,2,2C,大数据与会计,E557,重庆资源与环境保护职业学院,3,592477
2025,2,2R,人工智能技术应用,E557,重庆资源与环境保护职业学院,5,639121
2025,2,2Y,药品质量与安全,E557,重庆资源与环境保护职业学院,8,638255
2025,2,3H,城市轨道交通运营管理,E557,重庆资源与环境保护职业学院,4,654054
2025,2,3R,数字媒体技术,E557,重庆资源与环境保护职业学院,5,619454
2025,2,3S,环境工程技术,E557,重庆资源与环境保护职业学院,7,677997
2025,2,3Y,药品经营与管理,E557,重庆资源与环境保护职业学院,8,574719
2025,2,4H,建筑室内设计,E557,重庆资源与环境保护职业学院,2,642777
2025,2,4R,物联网应用技术,E557,重庆资源与环境保护职业学院,3,663651
2025,2,4S,智能环保装备技术,E557,重庆资源与环境保护职业学院,3,663722
2025,2,4Y,智慧健康养老服务与管理,E557,重庆资源与环境保护职业学院,4,673915
2025,2,5R,计算机应用技术,E557,重庆资源与环境保护职业学院,4,652006
2025,2,6H,智能机电技术,E557,重庆资源与环境保护职业学院,2,631109
2025,2,6S,生态环境修复技术,E557,重庆资源与环境保护职业学院,3,653559
2025,2,6Y,康复治疗技术,E557,重庆资源与环境保护职业学院,8,672037
2025,2,7H,工业机器人技术,E557,重庆资源与环境保护职业学院,2,632848
2025,2,7S,绿色低碳技术,E557,重庆资源与环境保护职业学院,4,676932
2025,2,8H,电气自动化技术,E557,重庆资源与环境保护职业学院,2,601791
2025,2,9H,汽车电子技术,E557,重庆资源与环境保护职业学院,2,658116
2025,2,02,工程造价,E559,贵州工贸职业学院,5,618403
2025,2,03,机械设计与制造,E559,贵州工贸职业学院,6,625126
2025,2,04,新能源装备技术,E559,贵州工贸职业学院,6,652646
2025,2,08,高速铁路客运服务,E559,贵州工贸职业学院,5,669126
2025,2,0A,计算机应用技术,E559,贵州工贸职业学院,6,623957
2025,2,0C,护理,E559,贵州工贸职业学院,8,673472
2025,2,0D,药学,E559,贵州工贸职业学院,8,659546
2025,2,0H,大数据与会计,E559,贵州工贸职业学院,5,591856
2025,2,0K,跨境电子商务,E559,贵州工贸职业学院,5,672292
2025,2,02,中医学,E567,吉林职业技术学院,4,427388
2025,2,09,医学检验技术,E567,吉林职业技术学院,3,566403
2025,2,10,医学影像技术,E567,吉林职业技术学院,3,566327
2025,2,01,无人机测绘技术,E568,江苏航空职业技术学院,4,364982
2025,2,02,航空复合材料成型与加工技术,E568,江苏航空职业技术学院,7,379741
2025,2,03,智能控制技术,E568,江苏航空职业技术学院,8,370717
2025,2,04,智能机器人技术,E568,江苏航空职业技术学院,7,371581
2025,2,05,飞行器数字化制造技术,E568,江苏航空职业技术学院,5,367678
2025,2,06,飞行器数字化装配技术,E568,江苏航空职业技术学院,6,374377
2025,2,07,航空发动机制造技术,E568,江苏航空职业技术学院,7,364028
2025,2,08,飞机机载设备装配调试技术,E568,江苏航空职业技术学院,9,374957
2025,2,09,飞行器维修技术,E568,江苏航空职业技术学院,5,354548
2025,2,0A,航空发动机维修技术,E568,江苏航空职业技术学院,8,350244
2025,2,0B,无人机应用技术,E568,江苏航空职业技术学院,8,327440
2025,2,0C,航空材料精密成型技术,E568,江苏航空职业技术学院,6,377149
2025,2,0D,民航运输服务,E568,江苏航空职业技术学院,7,382883
2025,2,0E,民航通信技术,E568,江苏航空职业技术学院,2,370973
2025,2,0F,空中乘务,E568,江苏航空职业技术学院,16,439602
2025,2,0G,民航安全技术管理,E568,江苏航空职业技术学院,12,359613
2025,2,0H,民航空中安全保卫,E568,江苏航空职业技术学院,6,427422
2025,2,0J,机场运行服务与管理,E568,江苏航空职业技术学院,6,379485
2025,2,0K,飞机机电设备维修,E568,江苏航空职业技术学院,12,351776
2025,2,0L,飞机电子设备维修,E568,江苏航空职业技术学院,8,353112
2025,2,0M,通用航空器维修,E568,江苏航空职业技术学院,8,369329
2025,2,0N,飞机结构修理,E568,江苏航空职业技术学院,5,363507
2025,2,0P,航空物流管理,E568,江苏航空职业技术学院,8,386396
2025,2,11,康复治疗技术,E569,赣南卫生健康职业学院,5,439926
2025,2,6A,无人机测绘技术,E570,烟台黄金职业学院,28,625143
2025,2,6B,测绘工程技术,E570,烟台黄金职业学院,28,675186
2025,2,6C,工程地质勘查,E570,烟台黄金职业学院,30,677356
2025,2,6D,矿产地质勘查,E570,烟台黄金职业学院,72,679445
2025,2,6E,工程造价,E570,烟台黄金职业学院,32,680452
2025,2,6F,矿山智能开采技术,E570,烟台黄金职业学院,42,680733
2025,2,6G,通风技术与安全管理,E570,烟台黄金职业学院,10,647092
2025,2,6H,环境工程技术,E570,烟台黄金职业学院,29,662395
2025,2,6J,矿物加工技术,E570,烟台黄金职业学院,83,679045
2025,2,6K,安全技术与管理,E570,烟台黄金职业学院,31,680370
2025,2,6L,职业健康安全技术,E570,烟台黄金职业学院,21,678254
2025,2,6M,数字媒体艺术设计,E570,烟台黄金职业学院,14,584842
2025,2,6N,首饰设计与工艺,E570,烟台黄金职业学院,34,660549
2025,2,6P,艺术设计,E570,烟台黄金职业学院,32,680252
2025,2,6Q,宝玉石鉴定与加工,E570,烟台黄金职业学院,46,623156
2025,2,6R,融媒体技术与运营,E570,烟台黄金职业学院,45,662632
2025,2,6S,机电一体化技术,E570,烟台黄金职业学院,32,576636
2025,2,6T,机械设计与制造,E570,烟台黄金职业学院,10,597830
2025,2,6U,工业机器人技术,E570,烟台黄金职业学院,32,621460
2025,2,6V,电气自动化技术,E570,烟台黄金职业学院,46,586897
2025,2,6W,智能机电技术,E570,烟台黄金职业学院,33,626332
2025,2,6X,计算机网络技术,E570,烟台黄金职业学院,53,645940
2025,2,6Y,软件技术,E570,烟台黄金职业学院,30,674262
2025,2,7A,虚拟现实技术应用,E570,烟台黄金职业学院,56,680578
2025,2,7B,计算机应用技术,E570,烟台黄金职业学院,49,659550
2025,2,7C,云计算技术应用,E570,烟台黄金职业学院,93,669338
2025,2,7D,信息安全技术应用,E570,烟台黄金职业学院,22,680558
2025,2,7E,电子商务,E570,烟台黄金职业学院,55,680455
2025,2,7F,大数据与财务管理,E570,烟台黄金职业学院,32,584268
2025,2,7G,市场营销,E570,烟台黄金职业学院,81,679166
2025,2,7H,金融服务与管理,E570,烟台黄金职业学院,60,674713
2025,2,7J,跨境电子商务,E570,烟台黄金职业学院,32,669812
2025,2,7K,婴幼儿托育服务与管理,E570,烟台黄金职业学院,29,675040
2025,2,7L,表演艺术,E570,烟台黄金职业学院,25,676351
2025,2,7M,运动健康指导,E570,烟台黄金职业学院,51,678118
2025,2,7N,运动训练,E570,烟台黄金职业学院,51,681058
2025,2,7P,大数据技术,E570,烟台黄金职业学院,8,627751
2025,2,7Q,影视多媒体技术,E570,烟台黄金职业学院,20,665191
2025,2,01,机电一体化技术,E571,荆门职业学院,8,385008
2025,2,02,工业机器人技术,E571,荆门职业学院,5,407713
2025,2,03,电气自动化技术,E571,荆门职业学院,5,380132
2025,2,04,智能制造装备技术,E571,荆门职业学院,8,433967
2025,2,08,软件技术,E571,荆门职业学院,5,377210
2025,2,09,数字媒体技术,E571,荆门职业学院,5,322748
2025,2,10,应用电子技术,E571,荆门职业学院,5,419564
2025,2,11,汽车制造与试验技术,E571,荆门职业学院,5,439156
2025,2,13,新能源汽车技术,E571,荆门职业学院,3,404330
2025,2,14,智能网联汽车技术,E571,荆门职业学院,2,443300
2025,2,15,大数据与会计,E571,荆门职业学院,5,332067
2025,2,16,电子商务,E571,荆门职业学院,4,421221
2025,2,19,智能物流技术,E571,荆门职业学院,2,464044
2025,2,20,护理,E571,荆门职业学院,5,385043
2025,2,21,助产,E571,荆门职业学院,2,458441
2025,2,22,康复治疗技术,E571,荆门职业学院,2,328306
2025,2,23,智慧健康养老服务与管理,E571,荆门职业学院,2,397698
2025,2,25,学前教育,E571,荆门职业学院,2,438138
2025,2,26,婴幼儿托育服务与管理,E571,荆门职业学院,3,483544
2025,2,29,药品生产技术,E571,荆门职业学院,5,426235
2025,2,31,建筑工程技术,E571,荆门职业学院,5,460838
2025,2,32,新能源材料应用技术,E571,荆门职业学院,2,411294
2025,2,C1,护理,E576,重庆护理职业学院,3,494896
2025,2,C2,助产,E576,重庆护理职业学院,1,629793
2025,2,C3,婴幼儿托育服务与管理,E576,重庆护理职业学院,1,626908
2025,2,C4,医学美容技术,E576,重庆护理职业学院,1,352723
2025,2,C5,康复治疗技术,E576,重庆护理职业学院,1,509867
2025,2,C7,老年保健与管理,E576,重庆护理职业学院,2,615808
2025,2,CA,言语听觉康复技术,E576,重庆护理职业学院,1,518392
2025,2,1A,大数据技术(中外合作办学),E577,贵州水利水电职业技术学院,20,621392
2025,2,A2,护理,E579,贵州应用技术职业学院,14,675697
2025,2,N2,建设工程管理,E579,贵州应用技术职业学院,11,654221
2025,2,Q2,工程造价,E579,贵州应用技术职业学院,11,635068
2025,2,R2,建筑室内设计,E579,贵州应用技术职业学院,11,597271
2025,2,V2,网络营销与直播电商,E579,贵州应用技术职业学院,12,668876
2025,2,01,护理,E583,大理护理职业学院,10,466054
2025,2,08,中医康复技术,E583,大理护理职业学院,5,466946
2025,2,14,眼视光技术,E583,大理护理职业学院,5,452655
2025,2,P1,机电一体化技术,E585,吐鲁番职业技术学院,3,493956
2025,2,P3,计算机网络技术(网络工程方向),E585,吐鲁番职业技术学院,1,413083
2025,2,P4,软件技术,E585,吐鲁番职业技术学院,1,435651
2025,2,P6,导游,E585,吐鲁番职业技术学院,1,614361
2025,2,P7,学前教育,E585,吐鲁番职业技术学院,1,328814
2025,2,P8,社区管理与服务,E585,吐鲁番职业技术学院,1,586979
2025,2,P9,旅游管理,E585,吐鲁番职业技术学院,2,636496
2025,2,PB,汽车检测与维修技术,E585,吐鲁番职业技术学院,1,521338
2025,2,PD,助产,E585,吐鲁番职业技术学院,4,609287
2025,2,PF,应用化工技术,E585,吐鲁番职业技术学院,2,512466
2025,2,PH,机电设备技术,E585,吐鲁番职业技术学院,3,528054
2025,2,PK,智能制造装备技术,E585,吐鲁番职业技术学院,2,533674
2025,2,PM,电子商务,E585,吐鲁番职业技术学院,2,571152
2025,2,PP,老年保健与管理,E585,吐鲁番职业技术学院,1,599959
2025,2,PQ,煤化工技术,E585,吐鲁番职业技术学院,1,650562
2025,2,PS,中医康复技术,E585,吐鲁番职业技术学院,1,507307
2025,2,PT,早期教育,E585,吐鲁番职业技术学院,2,669982
2025,2,PY,储能材料技术,E585,吐鲁番职业技术学院,1,516122
2025,2,01,早期教育(师范类),E586,唐山幼儿师范高等专科学校,2,564722
2025,2,02,学前教育(师范类),E586,唐山幼儿师范高等专科学校,3,448814
2025,2,03,小学教育(师范类，全科教育),E586,唐山幼儿师范高等专科学校,2,238489
2025,2,04,小学语文教育(师范类),E586,唐山幼儿师范高等专科学校,2,276281
2025,2,13,中文,E586,唐山幼儿师范高等专科学校,2,350083
2025,2,15,数字媒体技术,E586,唐山幼儿师范高等专科学校,2,414648
2025,2,16,信息安全技术应用,E586,唐山幼儿师范高等专科学校,1,489352
2025,2,19,应用英语,E586,唐山幼儿师范高等专科学校,1,351029
2025,2,01,学前教育(师范类),E587,广东茂名幼儿师范专科学校,10,656916
2025,2,02,早期教育(师范类),E587,广东茂名幼儿师范专科学校,4,614741
2025,2,18,计算机网络技术,E588,北京网络职业学院,10,446189
2025,2,25,软件技术,E588,北京网络职业学院,2,423242
2025,2,2L,网络新闻与传播,E588,北京网络职业学院,6,457529
2025,2,2R,广播影视节目制作,E588,北京网络职业学院,2,418927
2025,2,01,安全技术与管理,E589,江苏安全技术职业学院,9,384272
2025,2,02,工程安全评价与监理,E589,江苏安全技术职业学院,4,389002
2025,2,04,无人机应用技术,E589,江苏安全技术职业学院,2,355943
2025,2,09,城市轨道交通运营管理,E589,江苏安全技术职业学院,3,314053
2025,2,10,汽车检测与维修技术,E589,江苏安全技术职业学院,3,381304
2025,2,11,新能源汽车技术,E589,江苏安全技术职业学院,3,368190
2025,2,13,智能网联汽车技术,E589,江苏安全技术职业学院,4,377704
2025,2,14,人工智能技术应用,E589,江苏安全技术职业学院,2,352737
2025,2,15,数字媒体技术,E589,江苏安全技术职业学院,5,288401
2025,2,16,信息安全技术应用,E589,江苏安全技术职业学院,4,338535
2025,2,17,云计算技术应用,E589,江苏安全技术职业学院,4,352321
2025,2,18,安全智能监测技术,E589,江苏安全技术职业学院,4,391146
2025,2,20,电梯工程技术,E589,江苏安全技术职业学院,5,382405
2025,2,21,工业机器人技术,E589,江苏安全技术职业学院,4,353447
2025,2,22,机电一体化技术,E589,江苏安全技术职业学院,6,341509
2025,2,23,机械制造及自动化,E589,江苏安全技术职业学院,6,347398
2025,2,24,数控技术,E589,江苏安全技术职业学院,5,368243
2025,2,25,智能安防运营管理,E589,江苏安全技术职业学院,3,391583
2025,2,26,智能机电技术,E589,江苏安全技术职业学院,3,366221
2025,2,28,智能制造装备技术,E589,江苏安全技术职业学院,2,357626
2025,2,30,网络营销与直播电商,E589,江苏安全技术职业学院,4,351047
2025,2,31,婴幼儿托育服务与管理,E589,江苏安全技术职业学院,6,402057
2025,2,01,铁道桥梁隧道工程技术,E590,武汉铁路桥梁职业学院,5,329108
2025,2,02,道路与桥梁工程技术,E590,武汉铁路桥梁职业学院,5,346360
2025,2,03,铁道交通运营管理,E590,武汉铁路桥梁职业学院,6,283965
2025,2,16,工程物流管理,E590,武汉铁路桥梁职业学院,7,384331
2025,2,17,高速铁路综合维修技术,E590,武汉铁路桥梁职业学院,7,322959
2025,2,02,工程造价(数字造价方向),E591,武汉光谷职业学院,10,580424
2025,2,04,智能制造装备技术,E591,武汉光谷职业学院,5,550708
2025,2,05,机电一体化技术(无人机技术应用方向),E591,武汉光谷职业学院,4,496915
2025,2,08,工业机器人技术,E591,武汉光谷职业学院,6,545784
2025,2,14,光电显示技术,E591,武汉光谷职业学院,5,566764
2025,2,23,康复治疗技术,E591,武汉光谷职业学院,4,515793
2025,2,24,婴幼儿托育服务与管理(学前教育方向),E591,武汉光谷职业学院,5,599669
2025,2,26,医学营养,E591,武汉光谷职业学院,5,565689
2025,2,27,金融科技应用,E591,武汉光谷职业学院,5,570766
2025,2,29,大数据与会计(税务筹划师方向),E591,武汉光谷职业学院,8,502322
2025,2,31,电子商务(新媒体运营方向),E591,武汉光谷职业学院,5,563122
2025,2,33,网络营销与直播电商,E591,武汉光谷职业学院,5,564621
2025,2,37,视觉传达设计(新媒体艺术方向),E591,武汉光谷职业学院,5,536028
2025,2,3H,数字化设计与制造技术,E591,武汉光谷职业学院,4,545504
2025,2,40,动漫设计(动画制作方向),E591,武汉光谷职业学院,5,530076
2025,2,41,播音与主持(融媒体方向),E591,武汉光谷职业学院,5,543444
2025,2,4K,医学美容技术,E591,武汉光谷职业学院,4,541718
2025,2,5A,护理,E592,广州卫生职业技术学院,2,297013
2025,2,5B,助产,E592,广州卫生职业技术学院,1,360736
2025,2,5K,卫生检验与检疫技术,E592,广州卫生职业技术学院,2,371789
2025,2,5L,临床医学,E592,广州卫生职业技术学院,2,318126
2025,2,5N,视觉训练与康复,E592,广州卫生职业技术学院,1,374070
2025,2,5S,健康管理,E592,广州卫生职业技术学院,1,379244
2025,2,5V,康复治疗技术,E592,广州卫生职业技术学院,1,311819
2025,2,5Y,针灸推拿,E592,广州卫生职业技术学院,2,311493
2025,2,5Z,中医养生保健,E592,广州卫生职业技术学院,2,353409
2025,2,BZ,工程造价,E594,兰州现代职业学院,7,603997
2025,2,CG,新能源汽车检测与维修技术,E594,兰州现代职业学院,7,542148
2025,2,CN,空中乘务,E594,兰州现代职业学院,7,585790
2025,2,CZ,食品检验检测技术,E594,兰州现代职业学院,7,520449
2025,2,01,临床医学,E597,濮阳医学高等专科学校,1,327451
2025,2,03,中医学,E597,濮阳医学高等专科学校,2,286967
2025,2,04,针灸推拿,E597,濮阳医学高等专科学校,2,291832
2025,2,06,预防医学,E597,濮阳医学高等专科学校,1,355560
2025,2,0A,护理,E597,濮阳医学高等专科学校,1,361596
2025,2,0C,药学,E597,濮阳医学高等专科学校,2,373487
2025,2,0E,康复治疗技术,E597,濮阳医学高等专科学校,1,360729
2025,2,26,汽车检测与维修技术,E600,天津滨海汽车工程职业学院,8,585964
2025,2,31,汽车电子技术,E600,天津滨海汽车工程职业学院,6,588811
2025,2,32,新能源汽车技术,E600,天津滨海汽车工程职业学院,10,563360
2025,2,34,金融服务与管理(汽车金融),E600,天津滨海汽车工程职业学院,4,614971
2025,2,36,康复治疗技术,E600,天津滨海汽车工程职业学院,10,662056
2025,2,37,口腔医学技术,E600,天津滨海汽车工程职业学院,10,544391
2025,2,38,护理(康复护理),E600,天津滨海汽车工程职业学院,10,668937
2025,2,39,眼视光技术,E600,天津滨海汽车工程职业学院,10,584158
2025,2,41,电子商务,E600,天津滨海汽车工程职业学院,8,674460
2025,2,42,大数据技术,E600,天津滨海汽车工程职业学院,8,633176
2025,2,43,软件技术,E600,天津滨海汽车工程职业学院,6,540852
2025,2,46,现代物流管理,E600,天津滨海汽车工程职业学院,6,623487
2025,2,48,新能源装备技术,E600,天津滨海汽车工程职业学院,4,576212
2025,2,05,机电设备技术,E601,曹妃甸职业技术学院,2,677032
2025,2,10,护理,E601,曹妃甸职业技术学院,4,673374
2025,2,02,水利水电工程技术,E602,吉林水利电力职业学院,10,376403
2025,2,07,发电厂及电力系统,E602,吉林水利电力职业学院,13,358081
2025,2,01,宠物医疗技术,E603,长春健康职业学院,12,583805
2025,2,03,生物信息技术,E603,长春健康职业学院,6,663707
2025,2,05,药品经营与管理,E603,长春健康职业学院,8,664645
2025,2,08,护理,E603,长春健康职业学院,24,678929
2025,2,10,药学,E603,长春健康职业学院,12,678865
2025,2,11,中医康复技术,E603,长春健康职业学院,8,653785
2025,2,12,中医养生保健,E603,长春健康职业学院,6,677931
2025,2,13,药膳与食疗,E603,长春健康职业学院,6,675743
2025,2,14,口腔医学技术,E603,长春健康职业学院,12,635121
2025,2,15,康复治疗技术,E603,长春健康职业学院,12,661372
2025,2,19,医学营养,E603,长春健康职业学院,6,659071
2025,2,20,眼视光技术,E603,长春健康职业学院,12,667960
2025,2,21,早期教育,E603,长春健康职业学院,6,614575
2025,2,22,学前教育,E603,长春健康职业学院,8,673410
2025,2,26,医学美容技术,E603,长春健康职业学院,12,676780
2025,2,43,高速铁路客运服务,E604,江苏旅游职业学院,7,360571
2025,2,45,电子信息工程技术,E604,江苏旅游职业学院,3,347980
2025,2,47,计算机网络技术,E604,江苏旅游职业学院,2,320510
2025,2,48,软件技术,E604,江苏旅游职业学院,4,335388
2025,2,49,数字媒体技术,E604,江苏旅游职业学院,2,299840
2025,2,4A,云计算技术应用,E604,江苏旅游职业学院,2,347197
2025,2,4B,金融服务与管理,E604,江苏旅游职业学院,3,342671
2025,2,4C,大数据与财务管理,E604,江苏旅游职业学院,2,296244
2025,2,4D,大数据与会计,E604,江苏旅游职业学院,3,292090
2025,2,4E,连锁经营与管理,E604,江苏旅游职业学院,3,384696
2025,2,4J,现代物流管理,E604,江苏旅游职业学院,4,372507
2025,2,4K,旅游管理,E604,江苏旅游职业学院,5,356180
2025,2,4L,导游,E604,江苏旅游职业学院,3,387484
2025,2,4M,酒店管理与数字化运营,E604,江苏旅游职业学院,6,385425
2025,2,4Q,中西面点工艺,E604,江苏旅游职业学院,5,304170
2025,2,4X,商务英语,E604,江苏旅游职业学院,4,328676
2025,2,1A,物联网应用技术,E605,日照航海工程职业学院,45,628974
2025,2,1B,计算机网络技术,E605,日照航海工程职业学院,60,655016
2025,2,1C,软件技术,E605,日照航海工程职业学院,40,614762
2025,2,1D,信息安全技术应用,E605,日照航海工程职业学院,40,652050
2025,2,1E,融媒体技术与运营,E605,日照航海工程职业学院,45,627291
2025,2,1F,网络直播与运营,E605,日照航海工程职业学院,40,632670
2025,2,1G,安全技术与管理,E605,日照航海工程职业学院,40,617505
2025,2,1H,工业机器人技术,E605,日照航海工程职业学院,45,607688
2025,2,2C,集装箱运输管理,E605,日照航海工程职业学院,35,657408
2025,2,2F,人工智能技术应用,E605,日照航海工程职业学院,30,620318
2025,2,2K,智慧健康养老服务与管理,E605,日照航海工程职业学院,35,635789
2025,2,71,航海技术,E605,日照航海工程职业学院,70,581805
2025,2,72,轮机工程技术,E605,日照航海工程职业学院,60,600531
2025,2,73,港口与航运管理,E605,日照航海工程职业学院,35,600644
2025,2,74,建筑室内设计,E605,日照航海工程职业学院,30,629816
2025,2,75,建筑工程技术,E605,日照航海工程职业学院,28,613738
2025,2,76,工程造价,E605,日照航海工程职业学院,30,611887
2025,2,77,电梯工程技术,E605,日照航海工程职业学院,70,615329
2025,2,78,机电一体化技术,E605,日照航海工程职业学院,53,587710
2025,2,79,智能控制技术,E605,日照航海工程职业学院,38,604627
2025,2,80,新能源汽车技术,E605,日照航海工程职业学院,45,595110
2025,2,81,应急救援技术,E605,日照航海工程职业学院,40,637971
2025,2,82,建筑消防技术,E605,日照航海工程职业学院,40,636981
2025,2,84,国际邮轮乘务管理,E605,日照航海工程职业学院,35,621692
2025,2,85,婴幼儿托育服务与管理,E605,日照航海工程职业学院,38,659851
2025,2,86,大数据与财务管理,E605,日照航海工程职业学院,33,582120
2025,2,87,电子商务,E605,日照航海工程职业学院,50,625558
2025,2,88,现代物流管理,E605,日照航海工程职业学院,28,601062
2025,2,89,酒店管理与数字化运营,E605,日照航海工程职业学院,45,654371
2025,2,90,艺术设计,E605,日照航海工程职业学院,30,625952
2025,2,91,表演艺术,E605,日照航海工程职业学院,25,650004
2025,2,92,药品经营与管理,E605,日照航海工程职业学院,28,588768
2025,2,93,中医养生保健,E605,日照航海工程职业学院,40,584371
2025,2,94,医学检验技术,E605,日照航海工程职业学院,42,588292
2025,2,95,口腔医学技术,E605,日照航海工程职业学院,48,559111
2025,2,96,康复治疗技术,E605,日照航海工程职业学院,40,577835
2025,2,97,健康管理,E605,日照航海工程职业学院,42,604762
2025,2,98,眼视光技术,E605,日照航海工程职业学院,35,560862
2025,2,99,电子信息工程技术,E605,日照航海工程职业学院,45,622789
2025,2,02,智慧健康养老服务与管理,E606,三门峡社会管理职业学院,10,428223
2025,2,04,社会工作,E606,三门峡社会管理职业学院,10,588099
2025,2,05,现代殡葬技术与管理,E606,三门峡社会管理职业学院,15,274634
2025,2,07,应急救援技术,E606,三门峡社会管理职业学院,10,557159
2025,2,13,电子商务,E606,三门峡社会管理职业学院,10,570728
2025,2,15,商务数据分析与应用,E606,三门峡社会管理职业学院,5,605194
2025,2,17,统计与会计核算,E606,三门峡社会管理职业学院,85,499590
2025,2,23,大数据技术,E606,三门峡社会管理职业学院,10,484919
2025,2,28,学前教育,E606,三门峡社会管理职业学院,15,625651
2025,2,38,中文,E606,三门峡社会管理职业学院,10,423007
2025,2,16,工业设计,E607,河南轻工职业学院,4,499496
2025,2,21,电子信息工程技术,E607,河南轻工职业学院,3,463550
2025,2,41,智能制造装备技术,E607,河南轻工职业学院,6,492059
2025,2,56,软件技术,E607,河南轻工职业学院,7,456955
2025,2,01,工程测量技术,E608,河南测绘职业学院,5,487458
2025,2,13,摄影测量与遥感技术,E608,河南测绘职业学院,5,447376
2025,2,A3,酒店管理与数字化运营(星级咖啡师方向),E612,三亚中瑞酒店管理职业学院,3,599053
2025,2,B1,空中乘务,E612,三亚中瑞酒店管理职业学院,5,676431
2025,2,B2,空中乘务(国际班),E612,三亚中瑞酒店管理职业学院,5,679674
2025,2,B3,民航空中安全保卫,E612,三亚中瑞酒店管理职业学院,5,676858
2025,2,D1,融媒体技术与运营,E612,三亚中瑞酒店管理职业学院,5,671938
2025,2,D3,市场营销(奢侈品营销方向),E612,三亚中瑞酒店管理职业学院,5,675347
2025,2,E3,人力资源管理,E612,三亚中瑞酒店管理职业学院,4,669092
2025,2,F1,跨境电子商务,E612,三亚中瑞酒店管理职业学院,5,663808
2025,2,F2,软件技术(NET全栈开发方向),E612,三亚中瑞酒店管理职业学院,5,663783
2025,2,F3,计算机应用技术,E612,三亚中瑞酒店管理职业学院,5,679926
2025,2,10,物联网应用技术,E616,贵州经贸职业技术学院,20,575577
2025,2,12,信息安全技术应用,E622,博尔塔拉职业技术学院,3,572875
2025,2,72,智能网联汽车技术,E622,博尔塔拉职业技术学院,2,593794
2025,2,B2,机电一体化技术(自动控制方向),E622,博尔塔拉职业技术学院,2,515915
2025,2,F2,软件技术,E622,博尔塔拉职业技术学院,3,559276
2025,2,G2,新能源汽车技术,E622,博尔塔拉职业技术学院,2,570668
2025,2,H2,护理,E622,博尔塔拉职业技术学院,2,499322
2025,2,L2,学前教育(师范类),E622,博尔塔拉职业技术学院,2,588041
2025,2,M2,小学教育(师范类),E622,博尔塔拉职业技术学院,2,518972
2025,2,P2,旅游管理,E622,博尔塔拉职业技术学院,2,608629
2025,2,P3,网络营销与直播电商,E622,博尔塔拉职业技术学院,2,573405
2025,2,Q2,汽车技术服务与营销,E622,博尔塔拉职业技术学院,2,579158
2025,2,U2,现代农业经济管理,E622,博尔塔拉职业技术学院,3,641098
2025,2,V2,大数据与会计,E622,博尔塔拉职业技术学院,4,579798
2025,2,X2,电子商务,E622,博尔塔拉职业技术学院,4,592265
2025,2,01,计算机应用技术,E627,大同师范高等专科学校,3,372121
2025,2,02,大数据技术,E627,大同师范高等专科学校,2,377882
2025,2,03,云计算技术应用,E627,大同师范高等专科学校,2,401335
2025,2,04,心理咨询,E627,大同师范高等专科学校,2,311778
2025,2,08,学前教育(师范类),E627,大同师范高等专科学校,4,435774
2025,2,09,小学教育(师范类),E627,大同师范高等专科学校,5,331133
2025,2,0A,小学语文教育(师范类),E627,大同师范高等专科学校,7,323082
2025,2,0B,小学数学教育(师范类),E627,大同师范高等专科学校,4,355226
2025,2,0C,小学英语教育(师范类),E627,大同师范高等专科学校,3,318130
2025,2,0F,现代教育技术(师范类),E627,大同师范高等专科学校,2,429351
2025,2,0H,旅游英语,E627,大同师范高等专科学校,3,417731
2025,2,0J,中文,E627,大同师范高等专科学校,3,276999
2025,2,05,旅游英语,E628,太原幼儿师范高等专科学校,5,487592
2025,2,14,服装设计与工艺,E628,太原幼儿师范高等专科学校,2,448659
2025,2,02,计算机应用技术,E630,六盘水幼儿师范高等专科学校,5,561842
2025,2,0A,学前教育(师范类),E630,六盘水幼儿师范高等专科学校,5,604968
2025,2,01,无人机测绘技术,E633,哈尔滨北方航空职业技术学院,8,670931
2025,2,02,应急救援技术,E633,哈尔滨北方航空职业技术学院,8,673354
2025,2,03,机场电工技术,E633,哈尔滨北方航空职业技术学院,5,671478
2025,2,05,数控技术,E633,哈尔滨北方航空职业技术学院,10,675949
2025,2,06,机械制造及自动化,E633,哈尔滨北方航空职业技术学院,15,670624
2025,2,07,智能机器人技术,E633,哈尔滨北方航空职业技术学院,12,678835
2025,2,08,飞机机载设备装配调试技术,E633,哈尔滨北方航空职业技术学院,15,681067
2025,2,09,无人机应用技术,E633,哈尔滨北方航空职业技术学院,3,652628
2025,2,10,高速铁路客运服务,E633,哈尔滨北方航空职业技术学院,12,680170
2025,2,11,空中乘务,E633,哈尔滨北方航空职业技术学院,40,680775
2025,2,12,民航安全技术管理,E633,哈尔滨北方航空职业技术学院,5,670520
2025,2,13,民航空中安全保卫,E633,哈尔滨北方航空职业技术学院,7,677361
2025,2,14,机场运行服务与管理,E633,哈尔滨北方航空职业技术学院,12,679795
2025,2,15,通用航空器维修,E633,哈尔滨北方航空职业技术学院,24,680045
2025,2,16,通用航空航务技术,E633,哈尔滨北方航空职业技术学院,6,671503
2025,2,17,城市轨道交通运营管理,E633,哈尔滨北方航空职业技术学院,2,664260
2025,2,18,航空物流管理,E633,哈尔滨北方航空职业技术学院,5,668068
2025,2,19,旅游管理,E633,哈尔滨北方航空职业技术学院,2,649273
2025,2,21,会展策划与管理,E633,哈尔滨北方航空职业技术学院,9,661226
2025,2,01,飞机机电设备维修,E634,信阳航空职业学院,10,650860
2025,2,02,飞机电子设备维修,E634,信阳航空职业学院,5,656127
2025,2,0A,空中乘务,E634,信阳航空职业学院,10,664789
2025,2,0C,高速铁路客运服务,E634,信阳航空职业学院,5,675496
2025,2,0H,无人机应用技术,E634,信阳航空职业学院,10,679713
2025,2,0Z,应急救援技术,E634,信阳航空职业学院,5,644675
2025,2,10,安全技术与管理,E634,信阳航空职业学院,5,679539
2025,2,01,护理,E635,郑州卫生健康职业学院,15,419797
2025,2,07,医学检验技术,E635,郑州卫生健康职业学院,5,399531
2025,2,01,水文与工程地质,E637,河南地矿职业学院,2,428387
2025,2,02,地质调查与矿产普查,E637,河南地矿职业学院,2,450246
2025,2,09,工程测量技术,E637,河南地矿职业学院,2,477767
2025,2,0A,摄影测量与遥感技术,E637,河南地矿职业学院,2,456372
2025,2,0E,计算机应用技术,E637,河南地矿职业学院,12,446937
2025,2,01,健康管理,E639,海南健康管理职业技术学院,30,680525
2025,2,06,护理,E639,海南健康管理职业技术学院,60,678429
2025,2,0F,计算机应用技术,E639,海南健康管理职业技术学院,30,676956
2025,2,0J,软件技术,E639,海南健康管理职业技术学院,20,586831
2025,2,01,护理,E640,眉山药科职业学院,12,678195
2025,2,11,药学,E640,眉山药科职业学院,12,672986
2025,2,21,中药学,E640,眉山药科职业学院,10,680148
2025,2,51,中医康复技术,E640,眉山药科职业学院,6,677376
2025,2,D1,中药制药,E640,眉山药科职业学院,4,673132
2025,2,K1,生物制药技术,E640,眉山药科职业学院,6,669089
2025,2,M1,口腔医学技术,E640,眉山药科职业学院,6,674252
2025,2,04,软件技术,E641,天府新区信息职业学院,15,680066
2025,2,05,集成电路技术,E641,天府新区信息职业学院,15,677518
2025,2,09,大数据技术,E641,天府新区信息职业学院,15,668042
2025,2,11,云计算技术应用,E641,天府新区信息职业学院,15,680815
2025,2,13,计算机网络技术,E641,天府新区信息职业学院,15,677423
2025,2,14,智能控制技术,E641,天府新区信息职业学院,15,675341
2025,2,16,工业机器人技术,E641,天府新区信息职业学院,15,674763
2025,2,17,无人机应用技术,E641,天府新区信息职业学院,15,672809
2025,2,20,物联网应用技术,E641,天府新区信息职业学院,15,680917
2025,2,21,新能源汽车技术,E641,天府新区信息职业学院,30,680377
2025,2,27,城市轨道交通运营管理,E641,天府新区信息职业学院,15,679771
2025,2,29,民航运输服务,E641,天府新区信息职业学院,15,676406
2025,2,37,现代物流管理,E641,天府新区信息职业学院,15,680724
2025,2,38,学前教育,E641,天府新区信息职业学院,30,678276
2025,2,45,电子竞技运动与管理,E641,天府新区信息职业学院,15,677154
2025,2,KM,机电一体化技术,E641,天府新区信息职业学院,15,674320
2025,2,05,城市轨道交通供配电技术,E642,德阳城市轨道交通职业学院,10,668796
2025,2,06,铁道车辆技术,E642,德阳城市轨道交通职业学院,5,618111
2025,2,07,电气自动化技术,E642,德阳城市轨道交通职业学院,5,613558
2025,2,08,城市轨道交通车辆制造与维护,E642,德阳城市轨道交通职业学院,5,644548
2025,2,11,城市轨道交通工程技术,E642,德阳城市轨道交通职业学院,10,670038
2025,2,13,高速铁路综合维修技术,E642,德阳城市轨道交通职业学院,5,657691
2025,2,16,铁道工程技术,E642,德阳城市轨道交通职业学院,5,652522
2025,2,21,铁道交通运营管理,E642,德阳城市轨道交通职业学院,10,672146
2025,2,26,城市轨道交通通信信号技术,E642,德阳城市轨道交通职业学院,10,668450
2025,2,05,大数据与会计,E643,德阳科贸职业学院,3,577535
2025,2,08,金融服务与管理,E643,德阳科贸职业学院,3,662316
2025,2,15,人工智能技术应用,E643,德阳科贸职业学院,4,641325
2025,2,25,应急救援技术,E643,德阳科贸职业学院,2,664411
2025,2,27,建筑消防技术,E643,德阳科贸职业学院,2,677939
2025,2,28,安全技术与管理,E643,德阳科贸职业学院,2,670159
2025,2,36,口腔医学技术,E643,德阳科贸职业学院,3,643901
2025,2,01,工程测量技术,E644,江阳城建职业学院,11,672893
2025,2,04,应急救援技术,E644,江阳城建职业学院,12,666666
2025,2,0A,机电一体化技术,E644,江阳城建职业学院,14,678479
2025,2,0C,工业机器人技术,E644,江阳城建职业学院,11,671234
2025,2,0D,无人机应用技术,E644,江阳城建职业学院,13,674339
2025,2,0H,道路与桥梁工程技术,E644,江阳城建职业学院,8,677185
2025,2,0J,道路工程造价,E644,江阳城建职业学院,12,670380
2025,2,0X,现代物流管理,E644,江阳城建职业学院,11,672974
2025,2,01,空中乘务,E645,天府新区航空旅游职业学院,3,647908
2025,2,04,民航安全技术管理,E645,天府新区航空旅游职业学院,3,622200
2025,2,08,医学检验技术,E645,天府新区航空旅游职业学院,7,679715
2025,2,09,生物产品检验检疫,E645,天府新区航空旅游职业学院,5,661798
2025,2,0D,社区康复,E645,天府新区航空旅游职业学院,5,676052
2025,2,0F,高速铁路客运服务,E645,天府新区航空旅游职业学院,8,664341
2025,2,0G,城市轨道交通运营管理,E645,天府新区航空旅游职业学院,5,675354
2025,2,0H,旅游管理,E645,天府新区航空旅游职业学院,4,664692
2025,2,0J,会展策划与管理,E645,天府新区航空旅游职业学院,5,658865
2025,2,0K,飞机机电设备维修,E645,天府新区航空旅游职业学院,7,667308
2025,2,0M,无人机应用技术,E645,天府新区航空旅游职业学院,10,677801
2025,2,0N,电子商务,E645,天府新区航空旅游职业学院,3,652037
2025,2,0P,软件技术,E645,天府新区航空旅游职业学院,5,663881
2025,2,0Q,计算机应用技术,E645,天府新区航空旅游职业学院,8,669778
2025,2,0R,法律事务,E645,天府新区航空旅游职业学院,4,663867
2025,2,0S,数字媒体技术,E645,天府新区航空旅游职业学院,8,676937
2025,2,01,无人机应用技术,E646,天府新区通用航空职业学院,1,632975
2025,2,03,直升机驾驶技术,E646,天府新区通用航空职业学院,1,549192
2025,2,10,空中乘务,E646,天府新区通用航空职业学院,2,661413
2025,2,01,口腔医学,E649,云南医药健康职业学院,30,426737
2025,2,02,临床医学,E649,云南医药健康职业学院,12,480837
2025,2,03,针灸推拿,E649,云南医药健康职业学院,18,504471
2025,2,05,护理,E649,云南医药健康职业学院,6,674847
2025,2,09,康复治疗技术,E649,云南医药健康职业学院,4,669666
2025,2,17,医学检验技术,E649,云南医药健康职业学院,6,655256
2025,2,18,医学影像技术,E649,云南医药健康职业学院,8,680624
2025,2,22,药学,E649,云南医药健康职业学院,6,672897
2025,2,23,中药学,E649,云南医药健康职业学院,6,674935
2025,2,24,动物医学,E649,云南医药健康职业学院,4,574055
2025,2,G1,煤矿智能开采技术,E650,神木职业技术学院,2,459697
2025,2,G2,矿山机电与智能装备,E650,神木职业技术学院,2,408383
2025,2,G6,机电一体化技术,E650,神木职业技术学院,2,376096
2025,2,H1,应用化工技术,E650,神木职业技术学院,2,403326
2025,2,H4,数字媒体技术,E650,神木职业技术学院,2,368417
2025,2,H6,护理,E650,神木职业技术学院,2,379177
2025,2,H9,婴幼儿托育服务与管理,E650,神木职业技术学院,2,519081
2025,2,J0,大数据与会计,E650,神木职业技术学院,2,319077
2025,2,J1,学前教育,E650,神木职业技术学院,2,486245
2025,2,J2,社会工作,E650,神木职业技术学院,2,447770
2025,2,02,机电一体化技术,E651,宝鸡三和职业学院,5,544785
2025,2,03,汽车制造与试验技术,E651,宝鸡三和职业学院,2,573994
2025,2,04,铁道交通运营管理,E651,宝鸡三和职业学院,5,570263
2025,2,05,人工智能技术应用,E651,宝鸡三和职业学院,3,577248
2025,2,06,护理,E651,宝鸡三和职业学院,15,579233
2025,2,02,大数据与会计,E652,和田职业技术学院,2,568013
2025,2,04,网络营销与直播电商,E652,和田职业技术学院,2,598504
2025,2,07,机电一体化技术,E652,和田职业技术学院,1,454920
2025,2,08,新能源汽车技术,E652,和田职业技术学院,1,499678
2025,2,09,物联网应用技术,E652,和田职业技术学院,2,606089
2025,2,11,旅游管理,E652,和田职业技术学院,2,590367
2025,2,12,酒店管理与数字化运营,E652,和田职业技术学院,2,615155
2025,2,16,现代农业技术,E652,和田职业技术学院,2,599382
2025,2,20,数字媒体技术,E652,和田职业技术学院,5,596718
2025,2,23,社区管理与服务,E652,和田职业技术学院,1,550111
2025,2,RA,护理,E656,萍乡卫生职业学院,3,393524
2025,2,RE,临床医学,E656,萍乡卫生职业学院,4,348212
2025,2,RF,中医学,E656,萍乡卫生职业学院,2,312081
2025,2,RQ,医学检验技术,E656,萍乡卫生职业学院,2,381038
2025,2,RR,医学影像技术,E656,萍乡卫生职业学院,2,358880
2025,2,RS,医学生物技术,E656,萍乡卫生职业学院,2,396890
2025,2,01,茶艺与茶文化,E657,江西婺源茶业职业学院,8,535855
2025,2,03,茶叶生产与加工技术,E657,江西婺源茶业职业学院,8,533540
2025,2,05,农产品加工与质量检测(茶叶方向),E657,江西婺源茶业职业学院,8,614298
2025,2,06,计算机网络技术,E657,江西婺源茶业职业学院,8,529468
2025,2,0A,旅游管理,E657,江西婺源茶业职业学院,8,563626
2025,2,0B,学前教育,E657,江西婺源茶业职业学院,4,498397
2025,2,0C,婴幼儿托育服务与管理,E657,江西婺源茶业职业学院,8,587800
2025,2,0D,电子商务,E657,江西婺源茶业职业学院,8,544493
2025,2,01,棉花加工与经营管理,E660,铁门关职业技术学院,5,598353
2025,2,03,畜牧兽医,E660,铁门关职业技术学院,10,503861
2025,2,04,油气储运技术,E660,铁门关职业技术学院,4,574097
2025,2,05,供用电技术,E660,铁门关职业技术学院,4,552876
2025,2,06,数字化设计与制造技术,E660,铁门关职业技术学院,7,572765
2025,2,07,机械制造及自动化,E660,铁门关职业技术学院,3,536121
2025,2,08,智能焊接技术,E660,铁门关职业技术学院,2,548519
2025,2,09,机电一体化技术,E660,铁门关职业技术学院,5,528375
2025,2,10,电气自动化技术,E660,铁门关职业技术学院,2,438972
2025,2,11,无人机应用技术,E660,铁门关职业技术学院,6,549968
2025,2,12,应用化工技术,E660,铁门关职业技术学院,19,589380
2025,2,13,分析检验技术,E660,铁门关职业技术学院,7,601205
2025,2,14,化工智能制造技术,E660,铁门关职业技术学院,4,593342
2025,2,15,化工自动化技术,E660,铁门关职业技术学院,3,583054
2025,2,16,汽车技术服务与营销,E660,铁门关职业技术学院,3,578861
2025,2,17,汽车检测与维修技术,E660,铁门关职业技术学院,3,583518
2025,2,18,新能源汽车检测与维修技术,E660,铁门关职业技术学院,5,555283
2025,2,19,物联网应用技术,E660,铁门关职业技术学院,3,587515
2025,2,20,汽车智能技术,E660,铁门关职业技术学院,9,574161
2025,2,21,计算机网络技术,E660,铁门关职业技术学院,8,588248
2025,2,22,软件技术,E660,铁门关职业技术学院,2,572553
2025,2,24,人工智能技术应用,E660,铁门关职业技术学院,24,605201
2025,2,25,婴幼儿托育服务与管理,E660,铁门关职业技术学院,3,616515
2025,2,26,大数据与会计,E660,铁门关职业技术学院,13,598450
2025,2,28,现代物流管理,E660,铁门关职业技术学院,8,615768
2025,2,31,早期教育,E660,铁门关职业技术学院,4,591974
2025,2,33,社会工作,E660,铁门关职业技术学院,7,603134
2025,2,34,党务工作,E660,铁门关职业技术学院,17,583229
2025,2,01,机电一体化技术,E661,石河子工程职业技术学院,7,479663
2025,2,02,电气自动化技术,E661,石河子工程职业技术学院,6,484850
2025,2,06,建设工程管理,E661,石河子工程职业技术学院,6,635693
2025,2,08,建筑室内设计,E661,石河子工程职业技术学院,10,650586
2025,2,09,水利水电建筑工程,E661,石河子工程职业技术学院,6,570595
2025,2,11,应用化工技术,E661,石河子工程职业技术学院,11,522396
2025,2,15,材料工程技术,E661,石河子工程职业技术学院,5,650245
2025,2,16,分析检验技术,E661,石河子工程职业技术学院,5,568368
2025,2,18,新能源汽车技术,E661,石河子工程职业技术学院,8,540374
2025,2,20,新能源汽车检测与维修技术,E661,石河子工程职业技术学院,10,599297
2025,2,25,物联网应用技术,E661,石河子工程职业技术学院,7,630836
2025,2,29,计算机网络技术,E661,石河子工程职业技术学院,11,625312
2025,2,32,护理,E661,石河子工程职业技术学院,8,501677
2025,2,L8,动物防疫与检疫,E665,赣州职业技术学院,4,462951
2025,2,LB,跨境电子商务,E665,赣州职业技术学院,2,476910
2025,2,LC,网络营销与直播电商,E665,赣州职业技术学院,2,510998
2025,2,LE,新能源汽车技术,E665,赣州职业技术学院,3,447071
2025,2,LQ,园林技术,E665,赣州职业技术学院,2,506413
2025,2,SJ,婴幼儿托育服务与管理,E665,赣州职业技术学院,2,583378
2025,2,11,机电一体化技术,E666,青岛工程职业学院,72,334105
2025,2,12,工业机器人技术,E666,青岛工程职业学院,33,370679
2025,2,13,智能产品开发与应用,E666,青岛工程职业学院,32,410676
2025,2,14,电气自动化技术,E666,青岛工程职业学院,80,334271
2025,2,15,新能源汽车检测与维修技术,E666,青岛工程职业学院,31,371518
2025,2,16,汽车检测与维修技术,E666,青岛工程职业学院,32,402271
2025,2,17,城市轨道交通运营管理,E666,青岛工程职业学院,73,310279
2025,2,18,城市轨道车辆应用技术,E666,青岛工程职业学院,31,317161
2025,2,19,应用电子技术,E666,青岛工程职业学院,39,407584
2025,2,20,智能网联汽车技术,E666,青岛工程职业学院,39,421080
2025,2,21,汽车技术服务与营销,E666,青岛工程职业学院,38,495160
2025,2,22,城市轨道交通机电技术,E666,青岛工程职业学院,39,344587
2025,2,23,现代移动通信技术,E666,青岛工程职业学院,21,409240
2025,2,24,物联网应用技术,E666,青岛工程职业学院,34,384449
2025,2,25,工业互联网技术,E666,青岛工程职业学院,72,413984
2025,2,26,信息安全技术应用,E666,青岛工程职业学院,35,393047
2025,2,27,人工智能技术应用,E666,青岛工程职业学院,76,399261
2025,2,28,集成电路技术,E666,青岛工程职业学院,71,416227
2025,2,29,软件技术,E666,青岛工程职业学院,79,378129
2025,2,30,大数据技术,E666,青岛工程职业学院,39,380238
2025,2,31,虚拟现实技术应用,E666,青岛工程职业学院,80,436811
2025,2,32,模具设计与制造,E666,青岛工程职业学院,38,423284
2025,2,33,工业设计,E666,青岛工程职业学院,31,409177
2025,2,34,材料成型及控制技术,E666,青岛工程职业学院,34,423568
2025,2,35,数控技术,E666,青岛工程职业学院,40,376485
2025,2,36,智能控制技术,E666,青岛工程职业学院,33,379932
2025,2,37,智能焊接技术,E666,青岛工程职业学院,74,406508
2025,2,38,工业产品质量检测技术,E666,青岛工程职业学院,39,426889
2025,2,39,无人机应用技术,E666,青岛工程职业学院,66,386779
2025,2,40,智能制造装备技术,E666,青岛工程职业学院,32,391568
2025,2,41,机械制造及自动化,E666,青岛工程职业学院,33,345969
2025,2,43,数字化设计与制造技术,E666,青岛工程职业学院,39,400687
2025,2,44,药品生物技术,E666,青岛工程职业学院,75,391043
2025,2,45,药品质量与安全,E666,青岛工程职业学院,71,419111
2025,2,46,药品经营与管理,E666,青岛工程职业学院,75,434074
2025,2,47,健康管理,E666,青岛工程职业学院,32,418936
2025,2,48,食品检验检测技术,E666,青岛工程职业学院,119,414440
2025,2,49,大数据与财务管理,E666,青岛工程职业学院,31,299682
2025,2,50,现代物流管理,E666,青岛工程职业学院,28,425277
2025,2,51,电子商务,E666,青岛工程职业学院,38,428640
2025,2,52,跨境电子商务,E666,青岛工程职业学院,74,444878
2025,2,53,供应链运营,E666,青岛工程职业学院,73,482377
2025,2,5A,工业机器人技术(高职3+2贯通培养，衔接聊城大学机械电子工程专业),E666,青岛工程职业学院,30,218710
2025,2,5B,人工智能技术应用(高职3+2贯通培养，衔接临沂大学人工智能专业),E666,青岛工程职业学院,30,227586
2025,2,5C,模具设计与制造(高职3+2贯通培养，衔接临沂大学智能制造工程专业),E666,青岛工程职业学院,40,241152
2025,2,5D,药品生物技术(高职3+2贯通培养，衔接临沂大学生物技术专业),E666,青岛工程职业学院,40,225275
2025,2,13,国土资源调查与管理,E668,广西自然资源职业技术学院,10,545148
2025,2,1C,建设工程管理,E668,广西自然资源职业技术学院,12,593597
2025,2,1D,智能建造技术,E668,广西自然资源职业技术学院,8,556474
2025,2,1F,机电一体化技术,E668,广西自然资源职业技术学院,6,469846
2025,2,1N,新能源汽车技术,E668,广西自然资源职业技术学院,17,541213
2025,2,1P,无人机应用技术,E668,广西自然资源职业技术学院,10,525227
2025,2,1Q,软件技术,E668,广西自然资源职业技术学院,19,525850
2025,2,1U,大数据与会计,E668,广西自然资源职业技术学院,13,479584
2025,2,1V,电子商务,E668,广西自然资源职业技术学院,7,550901
2025,2,01,老年保健与管理,E670,内江卫生与健康职业学院,5,544181
2025,2,06,药学,E670,内江卫生与健康职业学院,5,422842
2025,2,07,中药学,E670,内江卫生与健康职业学院,5,416352
2025,2,01,现代农业技术,E672,攀枝花攀西职业学院,7,675129
2025,2,02,新能源汽车技术,E672,攀枝花攀西职业学院,7,679584
2025,2,03,农产品加工与质量检测,E672,攀枝花攀西职业学院,5,674198
2025,2,04,消防救援技术,E672,攀枝花攀西职业学院,5,675639
2025,2,05,村镇建设与管理,E672,攀枝花攀西职业学院,5,674618
2025,2,06,机电设备技术,E672,攀枝花攀西职业学院,5,665556
2025,2,0G,社会体育,E672,攀枝花攀西职业学院,3,675253
2025,2,0H,行政管理,E672,攀枝花攀西职业学院,3,671568
2025,2,01,口腔医学,E673,资阳口腔职业学院,20,447666
2025,2,02,口腔医学技术,E673,资阳口腔职业学院,10,666375
2025,2,03,口腔卫生保健,E673,资阳口腔职业学院,10,671091
2025,2,01,环境工程技术,E674,资阳环境科技职业学院,10,674211
2025,2,02,环境监测技术,E674,资阳环境科技职业学院,4,668223
2025,2,03,环境管理与评价,E674,资阳环境科技职业学院,4,668606
2025,2,04,生态环境大数据技术,E674,资阳环境科技职业学院,5,665776
2025,2,05,水环境智能监测与治理,E674,资阳环境科技职业学院,5,657344
2025,2,07,电子商务,E674,资阳环境科技职业学院,6,640054
2025,2,08,机电一体化技术,E674,资阳环境科技职业学院,10,664626
2025,2,09,工业机器人技术,E674,资阳环境科技职业学院,6,650862
2025,2,10,新能源汽车技术,E674,资阳环境科技职业学院,5,660689
2025,2,12,食品质量与安全,E674,资阳环境科技职业学院,6,669526
2025,2,13,旅游管理,E674,资阳环境科技职业学院,4,671774
2025,2,14,烹饪工艺与营养,E674,资阳环境科技职业学院,10,660401
2025,2,15,婴幼儿托育服务与管理,E674,资阳环境科技职业学院,4,674355
2025,2,16,中医康复技术,E674,资阳环境科技职业学院,6,678312
2025,2,18,护理,E674,资阳环境科技职业学院,5,629817
2025,2,19,药学,E674,资阳环境科技职业学院,4,666537
2025,2,20,宠物医疗技术,E674,资阳环境科技职业学院,6,568777
2025,2,22,数字媒体技术,E674,资阳环境科技职业学院,2,639003
2025,2,23,高速铁路客运服务,E674,资阳环境科技职业学院,6,632146
2025,2,04,风力发电工程技术,E675,云南理工职业学院,2,633996
2025,2,12,工业机器人技术,E675,云南理工职业学院,2,654816
2025,2,17,城市轨道车辆应用技术,E675,云南理工职业学院,2,672985
2025,2,11,园艺技术,E677,喀什职业技术学院,10,593005
2025,2,21,动物医学,E677,喀什职业技术学院,10,440661
2025,2,31,畜牧兽医,E677,喀什职业技术学院,6,564824
2025,2,41,建筑工程技术,E677,喀什职业技术学院,1,561540
2025,2,51,工程造价,E677,喀什职业技术学院,5,587866
2025,2,61,智能制造装备技术,E677,喀什职业技术学院,8,588712
2025,2,71,机电一体化技术,E677,喀什职业技术学院,17,544040
2025,2,81,电气自动化技术,E677,喀什职业技术学院,9,507894
2025,2,91,新能源汽车技术,E677,喀什职业技术学院,3,540484
2025,2,A1,现代纺织技术,E677,喀什职业技术学院,9,590808
2025,2,B1,服装设计与工艺,E677,喀什职业技术学院,7,589097
2025,2,C1,食品质量与安全,E677,喀什职业技术学院,9,584325
2025,2,D4,计算机应用技术,E677,喀什职业技术学院,5,532409
2025,2,E4,大数据技术,E677,喀什职业技术学院,7,581573
2025,2,F1,临床医学,E677,喀什职业技术学院,16,462898
2025,2,G1,护理,E677,喀什职业技术学院,16,508378
2025,2,H1,药学,E677,喀什职业技术学院,6,526148
2025,2,J1,中药学,E677,喀什职业技术学院,6,522577
2025,2,K1,医学检验技术,E677,喀什职业技术学院,8,580756
2025,2,L1,医学影像技术,E677,喀什职业技术学院,8,564890
2025,2,M1,婴幼儿托育服务与管理,E677,喀什职业技术学院,4,620296
2025,2,N1,大数据与会计,E677,喀什职业技术学院,9,585874
2025,2,P1,电子商务,E677,喀什职业技术学院,10,594717
2025,2,Q1,现代物流管理,E677,喀什职业技术学院,6,585696
2025,2,R1,冷链物流技术与管理,E677,喀什职业技术学院,7,575923
2025,2,S1,旅游管理,E677,喀什职业技术学院,12,590918
2025,2,T1,酒店管理与数字化运营,E677,喀什职业技术学院,12,602274
2025,2,X1,学前教育,E677,喀什职业技术学院,3,590277
2025,2,03,畜牧兽医,E678,克孜勒苏职业技术学院,10,577545
2025,2,04,宠物医疗技术,E678,克孜勒苏职业技术学院,5,556869
2025,2,09,物联网应用技术,E678,克孜勒苏职业技术学院,5,606062
2025,2,0B,护理,E678,克孜勒苏职业技术学院,5,542352
2025,2,0C,中医康复技术,E678,克孜勒苏职业技术学院,5,540837
2025,2,0E,大数据与会计,E678,克孜勒苏职业技术学院,5,618070
2025,2,0F,电子商务,E678,克孜勒苏职业技术学院,5,621813
2025,2,A1,物联网应用技术,E679,新疆科信职业技术学院,5,615012
2025,2,C2,大数据技术,E679,新疆科信职业技术学院,5,651113
2025,2,P1,智慧旅游技术应用,E679,新疆科信职业技术学院,5,680104
2025,2,R1,康复治疗技术,E679,新疆科信职业技术学院,7,641788
2025,2,V1,中药学,E679,新疆科信职业技术学院,8,665814
2025,2,23,休闲农业经营与管理,E680,阿勒泰职业技术学院,2,588266
2025,2,24,畜牧兽医,E680,阿勒泰职业技术学院,4,477014
2025,2,25,环境工程技术,E680,阿勒泰职业技术学院,1,557586
2025,2,26,食品智能加工技术,E680,阿勒泰职业技术学院,2,574002
2025,2,27,电气自动化技术,E680,阿勒泰职业技术学院,3,508860
2025,2,28,机电一体化技术,E680,阿勒泰职业技术学院,3,524034
2025,2,29,汽车检测与维修技术,E680,阿勒泰职业技术学院,2,531528
2025,2,30,护理,E680,阿勒泰职业技术学院,2,514795
2025,2,31,中医康复技术,E680,阿勒泰职业技术学院,3,478692
2025,2,32,智慧健康养老服务与管理,E680,阿勒泰职业技术学院,1,555071
2025,2,33,旅游管理,E680,阿勒泰职业技术学院,4,609405
2025,2,34,酒店管理与数字化运营,E680,阿勒泰职业技术学院,2,584184
2025,2,35,智慧旅游技术应用,E680,阿勒泰职业技术学院,2,617741
2025,2,36,烹饪工艺与营养,E680,阿勒泰职业技术学院,1,569489
2025,2,38,休闲体育,E680,阿勒泰职业技术学院,2,579620
2025,2,39,运动训练,E680,阿勒泰职业技术学院,2,537058
2025,2,40,运动防护,E680,阿勒泰职业技术学院,2,575103
2025,2,41,冰雪运动与管理,E680,阿勒泰职业技术学院,3,557604
2025,2,42,冰雪设施运维与管理,E680,阿勒泰职业技术学院,2,581999
2025,2,43,体育艺术表演,E680,阿勒泰职业技术学院,2,595791
2025,2,44,大数据与财务管理,E680,阿勒泰职业技术学院,5,569577
2025,2,13,学前教育(师范类),E686,邯郸幼儿师范高等专科学校,6,483990
2025,2,14,小学语文教育(师范类),E686,邯郸幼儿师范高等专科学校,4,366744
2025,2,01,早期教育,E688,青岛幼儿师范高等专科学校,45,404661
2025,2,02,学前教育(师范类),E688,青岛幼儿师范高等专科学校,45,342990
2025,2,03,特殊教育(师范类),E688,青岛幼儿师范高等专科学校,45,314908
2025,2,04,音乐教育(师范类),E688,青岛幼儿师范高等专科学校,45,429855
2025,2,05,美术教育(师范类),E688,青岛幼儿师范高等专科学校,30,393790
2025,2,06,婴幼儿托育服务与管理,E688,青岛幼儿师范高等专科学校,45,432108
2025,2,07,国际商务,E688,青岛幼儿师范高等专科学校,45,385947
2025,2,08,跨境电子商务,E688,青岛幼儿师范高等专科学校,45,391648
2025,2,09,现代物流管理,E688,青岛幼儿师范高等专科学校,45,402418
2025,2,10,供应链运营,E688,青岛幼儿师范高等专科学校,45,408343
2025,2,12,视觉传达设计,E688,青岛幼儿师范高等专科学校,35,379353
2025,2,13,宝玉石鉴定与加工,E688,青岛幼儿师范高等专科学校,45,422216
2025,2,14,珠宝首饰技术与管理,E688,青岛幼儿师范高等专科学校,45,429335
2025,2,17,中文,E688,青岛幼儿师范高等专科学校,90,301429
2025,2,18,研学旅行管理与服务,E688,青岛幼儿师范高等专科学校,90,429286
2025,2,19,休闲服务与管理,E688,青岛幼儿师范高等专科学校,35,420793
2025,2,20,智慧旅游技术应用,E688,青岛幼儿师范高等专科学校,45,428210
2025,2,21,酒店管理与数字化运营,E688,青岛幼儿师范高等专科学校,45,429441
2025,2,22,软件技术,E688,青岛幼儿师范高等专科学校,45,364446
2025,2,23,大数据技术,E688,青岛幼儿师范高等专科学校,45,351434
2025,2,24,信息安全技术应用,E688,青岛幼儿师范高等专科学校,45,382595
2025,2,25,移动应用开发,E688,青岛幼儿师范高等专科学校,40,395405
2025,2,27,数字媒体技术,E688,青岛幼儿师范高等专科学校,35,294588
2025,2,28,人工智能技术应用,E688,青岛幼儿师范高等专科学校,45,376029
2025,2,29,虚拟现实技术应用,E688,青岛幼儿师范高等专科学校,45,393436
2025,2,30,商务英语,E688,青岛幼儿师范高等专科学校,45,332974
2025,2,32,应用俄语,E688,青岛幼儿师范高等专科学校,45,422083
2025,2,34,烹饪工艺与营养,E688,青岛幼儿师范高等专科学校,80,392277
2025,2,36,食品智能加工技术,E688,青岛幼儿师范高等专科学校,20,372432
2025,2,42,人物形象设计,E688,青岛幼儿师范高等专科学校,25,396069
2025,2,7A,学前教育(中外合作办学)(师范类),E688,青岛幼儿师范高等专科学校,100,612871
2025,2,6A,学前教育(师范类，高职3+2贯通培养，衔接临沂大学学前教育专业),E688,青岛幼儿师范高等专科学校,40,216674
2025,2,6B,人工智能技术应用(高职3+2贯通培养，衔接临沂大学人工智能专业),E688,青岛幼儿师范高等专科学校,30,209140
2025,2,01,计算机应用技术,E689,烟台幼儿师范高等专科学校,90,503764
2025,2,02,软件技术,E689,烟台幼儿师范高等专科学校,95,531044
2025,2,03,数字媒体技术,E689,烟台幼儿师范高等专科学校,160,491165
2025,2,04,大数据技术,E689,烟台幼儿师范高等专科学校,95,514113
2025,2,05,动漫制作技术,E689,烟台幼儿师范高等专科学校,160,548891
2025,2,06,健康管理,E689,烟台幼儿师范高等专科学校,60,549340
2025,2,07,婴幼儿托育服务与管理,E689,烟台幼儿师范高等专科学校,90,580528
2025,2,08,研学旅行管理与服务,E689,烟台幼儿师范高等专科学校,100,574159
2025,2,11,早期教育,E689,烟台幼儿师范高等专科学校,100,579376
2025,2,12,学前教育(师范类),E689,烟台幼儿师范高等专科学校,290,579281
2025,2,16,社区管理与服务,E689,烟台幼儿师范高等专科学校,100,571400
2025,2,17,现代家政服务与管理,E689,烟台幼儿师范高等专科学校,100,581463
2025,2,18,智慧健康养老服务与管理,E689,烟台幼儿师范高等专科学校,220,545978
2025,2,19,学前教育(师范类，高职3+2贯通培养，衔接聊城大学学前教育专业),E689,烟台幼儿师范高等专科学校,30,235908
2025,2,01,学前教育(师范类),E693,钦州幼儿师范高等专科学校,20,584576
2025,2,02,早期教育(师范类),E693,钦州幼儿师范高等专科学校,20,611393
2025,2,04,医学营养,E693,钦州幼儿师范高等专科学校,20,592010
2025,2,07,音乐教育(师范类),E693,钦州幼儿师范高等专科学校,20,634377
2025,2,09,美术教育(师范类),E693,钦州幼儿师范高等专科学校,20,621832
2025,2,0C,中文,E693,钦州幼儿师范高等专科学校,20,588783
2025,2,0D,应用英语,E693,钦州幼儿师范高等专科学校,10,598626
2025,2,0J,跨境电子商务,E693,钦州幼儿师范高等专科学校,20,613390
2025,2,08,物联网应用技术,E695,邯郸科技职业学院,8,472906
2025,2,0N,电子商务,E695,邯郸科技职业学院,2,469232
2025,2,02,船舶工程技术,E696,唐山海运职业学院,2,636817
2025,2,03,船舶电气工程技术,E696,唐山海运职业学院,2,581161
2025,2,09,机电设备技术,E696,唐山海运职业学院,2,640386
2025,2,0Z,大数据技术,E696,唐山海运职业学院,2,599995
2025,2,G2,畜牧兽医,E699,赤峰应用技术职业学院,6,439101
2025,2,G3,动物医学,E699,赤峰应用技术职业学院,2,388452
2025,2,G6,现代农业技术,E699,赤峰应用技术职业学院,6,599243
2025,2,G8,设施农业与装备,E699,赤峰应用技术职业学院,6,638715
2025,2,H5,水利工程,E699,赤峰应用技术职业学院,6,562526
2025,2,H8,村镇建设与管理,E699,赤峰应用技术职业学院,2,582682
2025,2,J4,酒店管理与数字化运营,E699,赤峰应用技术职业学院,9,675709
2025,2,J8,电子商务,E699,赤峰应用技术职业学院,8,622554
2025,2,P1,护理,E699,赤峰应用技术职业学院,6,485418
2025,2,P4,眼视光技术,E699,赤峰应用技术职业学院,2,486366
2025,2,R1,计算机应用技术,E699,赤峰应用技术职业学院,5,545720
2025,2,R3,信息安全技术应用,E699,赤峰应用技术职业学院,6,563247
2025,2,R5,游戏艺术设计,E699,赤峰应用技术职业学院,6,582406
2025,2,01,机械制造及自动化,E700,鞍山职业技术学院,3,331328
2025,2,02,电气自动化技术,E700,鞍山职业技术学院,3,292081
2025,2,0C,数字媒体技术,E700,鞍山职业技术学院,10,343213
2025,2,0K,畜牧兽医,E700,鞍山职业技术学院,2,290719
2025,2,0M,建筑装饰工程技术,E700,鞍山职业技术学院,2,398976
2025,2,01,早期教育(师范类),E701,长春早期教育职业学院,30,674236
2025,2,02,学前教育(师范类),E701,长春早期教育职业学院,50,675101
2025,2,03,体育教育(师范类),E701,长春早期教育职业学院,25,680037
2025,2,04,舞蹈教育(师范类),E701,长春早期教育职业学院,20,671552
2025,2,05,特殊教育(师范类),E701,长春早期教育职业学院,20,669407
2025,2,06,音乐教育(师范类),E701,长春早期教育职业学院,20,672423
2025,2,07,婴幼儿托育服务与管理,E701,长春早期教育职业学院,15,668352
2025,2,08,康复治疗技术,E701,长春早期教育职业学院,30,679956
2025,2,09,口腔医学技术,E701,长春早期教育职业学院,30,670797
2025,2,0A,医学营养,E701,长春早期教育职业学院,10,678244
2025,2,0B,眼视光技术,E701,长春早期教育职业学院,20,676520
2025,2,01,护理,E704,黄山健康职业学院,20,561238
2025,2,03,药学,E704,黄山健康职业学院,20,604862
2025,2,A1,旅游管理,E707,烟台文化旅游职业学院,157,578119
2025,2,B1,酒店管理与数字化运营,E707,烟台文化旅游职业学院,57,574849
2025,2,C1,国际邮轮乘务管理,E707,烟台文化旅游职业学院,66,576390
2025,2,D1,葡萄酒文化与营销,E707,烟台文化旅游职业学院,75,578240
2025,2,E1,婴幼儿托育服务与管理,E707,烟台文化旅游职业学院,27,576544
2025,2,F1,空中乘务,E707,烟台文化旅游职业学院,22,563614
2025,2,G1,中西面点工艺,E707,烟台文化旅游职业学院,53,525646
2025,2,H1,烹饪工艺与营养,E707,烟台文化旅游职业学院,55,555196
2025,2,J1,广告艺术设计,E707,烟台文化旅游职业学院,37,546530
2025,2,K1,摄影摄像技术,E707,烟台文化旅游职业学院,17,538762
2025,2,L1,广播影视节目制作,E707,烟台文化旅游职业学院,15,541720
2025,2,M1,大数据与会计,E707,烟台文化旅游职业学院,125,462529
2025,2,N1,电子商务,E707,烟台文化旅游职业学院,80,565740
2025,2,P1,机械制造及自动化,E707,烟台文化旅游职业学院,76,503451
2025,2,Q1,电气自动化技术,E707,烟台文化旅游职业学院,58,467617
2025,2,R1,网络营销与直播电商,E707,烟台文化旅游职业学院,70,565995
2025,2,S1,民宿管理与运营,E707,烟台文化旅游职业学院,15,569454
2025,2,T1,餐饮智能管理,E707,烟台文化旅游职业学院,73,575309
2025,2,U1,人物形象设计,E707,烟台文化旅游职业学院,56,559474
2025,2,V1,数字化设计与制造技术,E707,烟台文化旅游职业学院,91,545034
2025,2,W1,人工智能技术应用,E707,烟台文化旅游职业学院,94,540877
2025,2,X1,老年保健与管理,E707,烟台文化旅游职业学院,66,543481
2025,2,2J,广告艺术设计(中外合作办学),E707,烟台文化旅游职业学院,85,674710
2025,2,2K,摄影摄像技术(中外合作办学),E707,烟台文化旅游职业学院,45,677490
2025,2,2L,广播影视节目制作(中外合作办学),E707,烟台文化旅游职业学院,85,680615
2025,2,1A,旅游管理(高职3+2贯通培养，衔接山东工商学院旅游管理专业),E707,烟台文化旅游职业学院,30,270939
2025,2,1B,酒店管理与数字化运营(高职3+2贯通培养，衔接枣庄学院旅游管理专业),E707,烟台文化旅游职业学院,40,272090
2025,2,1H,烹饪工艺与营养(高职3+2贯通培养，衔接济南大学烹饪与营养教育专业),E707,烟台文化旅游职业学院,40,255532
2025,2,1N,电子商务(高职3+2贯通培养，衔接山东工商学院电子商务专业),E707,烟台文化旅游职业学院,30,266966
2025,2,1W,人工智能技术应用(高职3+2贯通培养，衔接山东工商学院人工智能专业),E707,烟台文化旅游职业学院,30,259097
2025,2,1Y,工业互联网应用(高职3+2贯通培养，衔接德州学院物联网工程专业),E707,烟台文化旅游职业学院,30,266900
2025,2,A1,种子生产与经营,E708,临沂科技职业学院,55,537325
2025,2,A2,现代农业技术,E708,临沂科技职业学院,43,456674
2025,2,A3,农产品流通与管理,E708,临沂科技职业学院,37,540956
2025,2,A5,园林技术,E708,临沂科技职业学院,70,523792
2025,2,A6,动物医学,E708,临沂科技职业学院,60,345658
2025,2,A7,宠物医疗技术,E708,临沂科技职业学院,75,397277
2025,2,A8,环境监测技术,E708,临沂科技职业学院,85,533422
2025,2,A9,环境工程技术,E708,临沂科技职业学院,88,546049
2025,2,B2,光伏工程技术,E708,临沂科技职业学院,36,470169
2025,2,B6,数字化设计与制造技术,E708,临沂科技职业学院,50,478102
2025,2,B7,机械制造及自动化,E708,临沂科技职业学院,55,408039
2025,2,B8,机电一体化技术,E708,临沂科技职业学院,20,369706
2025,2,B9,工业机器人技术,E708,临沂科技职业学院,30,440560
2025,2,C1,工业互联网应用,E708,临沂科技职业学院,26,481719
2025,2,C2,新能源汽车技术,E708,临沂科技职业学院,34,440643
2025,2,C3,智能网联汽车技术,E708,临沂科技职业学院,65,501980
2025,2,C4,包装工程技术,E708,临沂科技职业学院,30,523539
2025,2,C5,食品质量与安全,E708,临沂科技职业学院,94,497429
2025,2,C6,食品营养与健康,E708,临沂科技职业学院,94,503305
2025,2,C7,食品检验检测技术,E708,临沂科技职业学院,64,470597
2025,2,C8,药品经营与管理,E708,临沂科技职业学院,64,485236
2025,2,C9,汽车检测与维修技术,E708,临沂科技职业学院,72,500085
2025,2,D1,物联网应用技术,E708,临沂科技职业学院,46,471593
2025,2,D3,计算机网络技术,E708,临沂科技职业学院,45,428410
2025,2,D4,软件技术,E708,临沂科技职业学院,70,427660
2025,2,D5,数字媒体技术,E708,临沂科技职业学院,78,385935
2025,2,D6,大数据技术,E708,临沂科技职业学院,55,442957
2025,2,D8,大数据与会计,E708,临沂科技职业学院,45,367378
2025,2,D9,电子商务,E708,临沂科技职业学院,45,487716
2025,2,E1,跨境电子商务,E708,临沂科技职业学院,74,515261
2025,2,E2,网络营销与直播电商,E708,临沂科技职业学院,35,485505
2025,2,E3,供应链运营,E708,临沂科技职业学院,57,519917
2025,2,E4,会展策划与管理,E708,临沂科技职业学院,15,494109
2025,2,01,现代农业技术(高职3+2贯通培养，衔接临沂大学园艺专业),E708,临沂科技职业学院,40,245003
2025,2,23,早期教育(高职3+2贯通培养，衔接临沂大学家庭教育专业),E708,临沂科技职业学院,40,258490
2025,2,32,机电一体化技术(高职3+2贯通培养，衔接青岛理工大学机械工程专业),E708,临沂科技职业学院,80,203516
2025,2,37,工业互联网应用(高职3+2贯通培养，衔接菏泽学院智能制造工程专业),E708,临沂科技职业学院,30,261767
2025,2,34,定翼机驾驶技术,E709,青岛航空科技职业学院,20,658924
2025,2,35,直升机驾驶技术,E709,青岛航空科技职业学院,15,651364
2025,2,36,无人机应用技术,E709,青岛航空科技职业学院,17,593821
2025,2,39,飞机电子设备维修,E709,青岛航空科技职业学院,50,644174
2025,2,40,通用航空器维修,E709,青岛航空科技职业学院,5,575239
2025,2,41,通用航空航务技术,E709,青岛航空科技职业学院,50,669259
2025,2,42,空中乘务,E709,青岛航空科技职业学院,101,639823
2025,2,43,民航空中安全保卫,E709,青岛航空科技职业学院,10,616016
2025,2,44,民航安全技术管理,E709,青岛航空科技职业学院,20,654939
2025,2,45,民航运输服务,E709,青岛航空科技职业学院,35,665811
2025,2,46,人工智能技术应用,E709,青岛航空科技职业学院,70,678263
2025,2,47,虚拟现实技术应用,E709,青岛航空科技职业学院,10,639533
2025,2,49,物联网应用技术,E709,青岛航空科技职业学院,10,601352
2025,2,50,移动互联应用技术,E709,青岛航空科技职业学院,34,667521
2025,2,52,关务与外贸服务,E709,青岛航空科技职业学院,50,678753
2025,2,53,跨境电子商务,E709,青岛航空科技职业学院,5,622475
2025,2,54,现代物流管理,E709,青岛航空科技职业学院,50,678779
2025,2,55,数字媒体技术,E709,青岛航空科技职业学院,10,635584
2025,2,56,电气自动化技术,E709,青岛航空科技职业学院,44,630033
2025,2,57,网络直播与运营,E709,青岛航空科技职业学院,50,680901
2025,2,58,机场运行服务与管理,E709,青岛航空科技职业学院,50,675487
2025,2,A1,环境监测技术,E710,潍坊环境工程职业学院,72,618240
2025,2,A2,环境工程技术,E710,潍坊环境工程职业学院,82,631128
2025,2,A3,环境管理与评价,E710,潍坊环境工程职业学院,45,644052
2025,2,A4,生态环境修复技术,E710,潍坊环境工程职业学院,32,602895
2025,2,A5,水净化与安全技术,E710,潍坊环境工程职业学院,29,611725
2025,2,A6,化工安全技术,E710,潍坊环境工程职业学院,45,595849
2025,2,A7,机械制造及自动化,E710,潍坊环境工程职业学院,138,580364
2025,2,A9,工业机器人技术,E710,潍坊环境工程职业学院,56,582186
2025,2,B1,机电一体化技术,E710,潍坊环境工程职业学院,74,559015
2025,2,B3,智能机电技术,E710,潍坊环境工程职业学院,86,588443
2025,2,B4,电气自动化技术,E710,潍坊环境工程职业学院,63,557145
2025,2,B6,光伏工程技术,E710,潍坊环境工程职业学院,38,598437
2025,2,B7,热能动力工程技术,E710,潍坊环境工程职业学院,29,586612
2025,2,B8,物联网应用技术,E710,潍坊环境工程职业学院,26,582598
2025,2,B9,计算机应用技术,E710,潍坊环境工程职业学院,39,566490
2025,2,C2,大数据技术,E710,潍坊环境工程职业学院,26,574246
2025,2,C3,信息安全技术应用,E710,潍坊环境工程职业学院,23,583326
2025,2,C4,虚拟现实技术应用,E710,潍坊环境工程职业学院,17,590514
2025,2,C5,人工智能技术应用,E710,潍坊环境工程职业学院,48,587124
2025,2,C6,卫星通信与导航技术,E710,潍坊环境工程职业学院,18,604802
2025,2,C7,电子商务,E710,潍坊环境工程职业学院,36,584730
2025,2,C8,大数据与财务管理,E710,潍坊环境工程职业学院,20,564660
2025,2,C9,中医康复技术,E710,潍坊环境工程职业学院,78,572953
2025,2,D1,婴幼儿托育服务与管理,E710,潍坊环境工程职业学院,13,590384
2025,2,D2,空中乘务,E710,潍坊环境工程职业学院,27,596361
2025,2,D3,中药学,E710,潍坊环境工程职业学院,39,553902
2025,2,D4,康复治疗技术,E710,潍坊环境工程职业学院,72,576372
2025,2,D5,网络直播与运营,E710,潍坊环境工程职业学院,40,588901
2025,2,D6,数字媒体艺术设计,E710,潍坊环境工程职业学院,49,593464
2025,2,D8,书画艺术,E710,潍坊环境工程职业学院,12,596850
2025,2,48,人工智能技术应用(高职3+2贯通培养，衔接山东农业工程学院人工智能专,E710,潍坊环境工程职业学院,30,269475
2025,2,01,油气储运技术,E713,濮阳石油化工职业技术学院,10,534467
2025,2,04,石油工程技术,E713,濮阳石油化工职业技术学院,20,522009
2025,2,09,材料工程技术,E713,濮阳石油化工职业技术学院,10,554012
2025,2,0K,精细化工技术,E713,濮阳石油化工职业技术学院,10,531504
2025,2,0L,石油化工技术,E713,濮阳石油化工职业技术学院,20,512340
2025,2,0N,分析检验技术,E713,濮阳石油化工职业技术学院,10,530877
2025,2,05,电气自动化技术,E714,南阳科技职业学院,10,415416
2025,2,07,机电一体化技术,E714,南阳科技职业学院,10,463166
2025,2,0A,新能源汽车检测与维修技术,E714,南阳科技职业学院,10,455458
2025,2,0D,护理,E714,南阳科技职业学院,10,458735
2025,2,0R,电子商务,E714,南阳科技职业学院,10,545799
2025,2,06,植物保护与检疫技术,E715,兰考三农职业学院,10,545713
2025,2,0J,工业机器人技术,E715,兰考三农职业学院,10,529629
2025,2,0N,智能制造装备技术,E715,兰考三农职业学院,10,525570
2025,2,0P,工业产品质量检测技术,E715,兰考三农职业学院,10,557975
2025,2,0Z,应急救援技术,E715,兰考三农职业学院,10,546491
2025,2,10,消防救援技术,E715,兰考三农职业学院,10,558387
2025,2,01,畜牧兽医,E716,汝州职业技术学院,13,449229
2025,2,08,物联网应用技术,E716,汝州职业技术学院,15,555155
2025,2,09,数字媒体技术,E716,汝州职业技术学院,15,505134
2025,2,0N,智能网联汽车技术,E716,汝州职业技术学院,7,542456
2025,2,05,建筑工程技术,E717,林州建筑职业技术学院,6,669616
2025,2,0H,新能源汽车技术,E717,林州建筑职业技术学院,8,665925
2025,2,0J,计算机应用技术,E717,林州建筑职业技术学院,8,678456
2025,2,0U,大数据与会计,E717,林州建筑职业技术学院,8,671148
2025,2,01,护理,E721,湖北健康职业学院,30,665703
2025,2,03,药学,E721,湖北健康职业学院,5,622327
2025,2,04,口腔医学技术,E721,湖北健康职业学院,7,589639
2025,2,07,康复治疗技术,E721,湖北健康职业学院,5,618733
2025,2,08,医学检验技术,E721,湖北健康职业学院,8,633621
2025,2,10,卫生检验与检疫技术,E721,湖北健康职业学院,5,644684
2025,2,01,现代物流管理,E723,广西物流职业技术学院,5,557406
2025,2,05,智能物流技术,E723,广西物流职业技术学院,5,553250
2025,2,15,新能源汽车检测与维修技术,E723,广西物流职业技术学院,5,519636
2025,2,24,大数据与财务管理,E723,广西物流职业技术学院,5,504515
2025,2,02,护理,E724,海南卫生健康职业学院,1,414270
2025,2,03,护理(健康与社会照护),E724,海南卫生健康职业学院,1,382523
2025,2,04,护理(医学美容),E724,海南卫生健康职业学院,1,319920
2025,2,05,婴幼儿托育服务与管理,E724,海南卫生健康职业学院,1,469350
2025,2,06,药学,E724,海南卫生健康职业学院,1,396366
2025,2,08,药品质量与安全,E724,海南卫生健康职业学院,1,382953
2025,2,0D,医学影像技术,E724,海南卫生健康职业学院,1,336985
2025,2,04,数字化设计与制造技术,E725,重庆理工职业学院,2,587536
2025,2,05,新能源汽车技术,E725,重庆理工职业学院,2,581646
2025,2,06,智能网联汽车技术,E725,重庆理工职业学院,2,599100
2025,2,07,药品经营与管理,E725,重庆理工职业学院,2,662558
2025,2,08,汽车检测与维修技术,E725,重庆理工职业学院,2,640863
2025,2,0A,城市轨道交通通信信号技术,E725,重庆理工职业学院,2,579035
2025,2,0B,城市轨道交通运营管理,E725,重庆理工职业学院,2,559920
2025,2,0C,移动互联应用技术,E725,重庆理工职业学院,2,629898
2025,2,0D,软件技术,E725,重庆理工职业学院,2,638321
2025,2,0E,数字媒体技术,E725,重庆理工职业学院,2,463507
2025,2,0F,大数据技术,E725,重庆理工职业学院,2,573132
2025,2,0G,虚拟现实技术应用,E725,重庆理工职业学院,2,589299
2025,2,0H,人工智能技术应用,E725,重庆理工职业学院,2,569872
2025,2,0J,护理,E725,重庆理工职业学院,2,597325
2025,2,0K,工业互联网技术,E725,重庆理工职业学院,2,603999
2025,2,04,无人机应用技术,E726,重庆智能工程职业学院,13,615918
2025,2,12,数字媒体技术,E726,重庆智能工程职业学院,12,606755
2025,2,15,人工智能技术应用,E726,重庆智能工程职业学院,15,617913
2025,2,19,医学检验技术,E726,重庆智能工程职业学院,10,629980
2025,2,59,物联网应用技术,E727,重庆健康职业学院,10,663524
2025,2,60,人工智能技术应用,E727,重庆健康职业学院,20,675252
2025,2,61,护理,E727,重庆健康职业学院,10,644043
2025,2,63,药学,E727,重庆健康职业学院,20,674873
2025,2,01,旅游管理,E728,南充文化旅游职业学院,6,467950
2025,2,06,酒店管理与数字化运营,E728,南充文化旅游职业学院,6,478473
2025,2,10,电子商务,E728,南充文化旅游职业学院,6,471209
2025,2,19,智慧健康养老服务与管理,E728,南充文化旅游职业学院,6,467869
2025,2,14,动漫制作技术,E729,南充电影工业职业学院,10,669232
2025,2,16,数字媒体技术,E729,南充电影工业职业学院,18,667579
2025,2,18,摄影摄像技术,E729,南充电影工业职业学院,4,673923
2025,2,19,影视制片管理,E729,南充电影工业职业学院,2,626188
2025,2,22,电子商务,E729,南充电影工业职业学院,8,666466
2025,2,24,城市轨道交通运营管理,E729,南充电影工业职业学院,8,660687
2025,2,25,大数据技术,E729,南充电影工业职业学院,22,665968
2025,2,27,智能机电技术,E729,南充电影工业职业学院,18,663338
2025,2,28,新能源汽车技术,E729,南充电影工业职业学院,14,668693
2025,2,03,无人机应用技术,E730,绵阳飞行职业学院,6,674077
2025,2,04,飞机机电设备维修,E730,绵阳飞行职业学院,6,631277
2025,2,07,空中乘务,E730,绵阳飞行职业学院,12,666914
2025,2,08,民航空中安全保卫,E730,绵阳飞行职业学院,6,679877
2025,2,10,休闲体育,E730,绵阳飞行职业学院,8,679937
2025,2,12,民航安全技术管理,E730,绵阳飞行职业学院,4,679064
2025,2,21,消防救援技术,E730,绵阳飞行职业学院,6,626255
2025,2,08,茶叶生产与加工技术,E731,德阳农业科技职业学院,8,676556
2025,2,25,宠物医疗技术,E731,德阳农业科技职业学院,4,598284
2025,2,4G,药品经营与管理,E731,德阳农业科技职业学院,10,667868
2025,2,59,工程造价,E731,德阳农业科技职业学院,1,668708
2025,2,6C,新能源汽车检测与维修技术,E731,德阳农业科技职业学院,8,674553
2025,2,76,供用电技术,E731,德阳农业科技职业学院,12,680736
2025,2,7A,消防救援技术,E731,德阳农业科技职业学院,6,673668
2025,2,93,护理,E731,德阳农业科技职业学院,8,677025
2025,2,B6,连锁经营与管理,E731,德阳农业科技职业学院,8,575153
2025,2,F3,酿酒技术,E731,德阳农业科技职业学院,8,651925
2025,2,H2,烹饪工艺与营养,E731,德阳农业科技职业学院,8,675340
2025,2,L9,软件技术,E731,德阳农业科技职业学院,6,660629
2025,2,N8,设施农业与装备,E731,德阳农业科技职业学院,6,662215
2025,2,T2,网络直播与运营,E731,德阳农业科技职业学院,6,677372
2025,2,V1,无人机应用技术,E731,德阳农业科技职业学院,8,660361
2025,2,W9,物联网应用技术,E731,德阳农业科技职业学院,6,676403
2025,2,01,机械制造及自动化,E732,泸州医疗器械职业学院,5,638363
2025,2,05,医用材料与应用,E732,泸州医疗器械职业学院,4,631035
2025,2,06,医疗器械维护与管理,E732,泸州医疗器械职业学院,4,618588
2025,2,10,人工智能技术应用,E732,泸州医疗器械职业学院,4,611845
2025,2,11,移动应用开发,E732,泸州医疗器械职业学院,4,679846
2025,2,13,药学,E732,泸州医疗器械职业学院,4,599646
2025,2,14,医学检验技术,E732,泸州医疗器械职业学院,2,599268
2025,2,15,医学影像技术,E732,泸州医疗器械职业学院,2,618597
2025,2,16,口腔医学技术,E732,泸州医疗器械职业学院,2,586701
2025,2,17,放射治疗技术,E732,泸州医疗器械职业学院,2,619229
2025,2,18,医学美容技术,E732,泸州医疗器械职业学院,2,598933
2025,2,19,康复治疗技术,E732,泸州医疗器械职业学院,2,606325
2025,2,03,机械制造及自动化,E733,贵州机电职业技术学院,3,460285
2025,2,09,机电一体化技术,E733,贵州机电职业技术学院,3,444230
2025,2,0G,新能源汽车技术,E733,贵州机电职业技术学院,2,461894
2025,2,02,无人机应用技术,E735,贵州民用航空职业学院,10,668349
2025,2,05,新能源汽车检测与维修技术,E735,贵州民用航空职业学院,21,667425
2025,2,0A,计算机网络技术,E735,贵州民用航空职业学院,16,661525
2025,2,0B,软件技术,E735,贵州民用航空职业学院,5,655700
2025,2,0C,数字媒体技术,E735,贵州民用航空职业学院,12,645769
2025,2,0F,护理,E735,贵州民用航空职业学院,26,669320
2025,2,01,安全技术与管理,E737,榆林能源科技职业学院,10,643695
2025,2,03,智能控制技术,E737,榆林能源科技职业学院,10,592546
2025,2,04,汽车制造与试验技术,E737,榆林能源科技职业学院,8,590339
2025,2,05,新能源汽车技术,E737,榆林能源科技职业学院,8,584114
2025,2,08,高速铁路客运服务,E737,榆林能源科技职业学院,8,580214
2025,2,09,物联网应用技术,E737,榆林能源科技职业学院,14,666654
2025,2,0A,护理,E737,榆林能源科技职业学院,20,586892
2025,2,0B,医学检验技术,E737,榆林能源科技职业学院,15,594295
2025,2,0C,口腔医学技术,E737,榆林能源科技职业学院,14,580246
2025,2,0E,学前教育,E737,榆林能源科技职业学院,3,620763
2025,2,0F,美术教育,E737,榆林能源科技职业学院,7,653957
2025,2,0G,畜牧兽医,E737,榆林能源科技职业学院,9,523466
2025,2,0H,医学影像技术,E737,榆林能源科技职业学院,15,636784
2025,2,0J,建筑消防技术,E737,榆林能源科技职业学院,15,678262
2025,2,01,种子生产与经营,E738,培黎职业学院,5,576917
2025,2,02,现代农业技术,E738,培黎职业学院,8,581253
2025,2,03,园艺技术,E738,培黎职业学院,8,591840
2025,2,04,光伏工程技术,E738,培黎职业学院,5,560517
2025,2,05,制冷与空调技术,E738,培黎职业学院,6,561463
2025,2,07,电气自动化技术,E738,培黎职业学院,10,527113
2025,2,0A,物联网应用技术,E738,培黎职业学院,10,570349
2025,2,0B,软件技术,E738,培黎职业学院,10,581390
2025,2,0C,数字媒体技术,E738,培黎职业学院,11,553981
2025,2,0D,大数据技术,E738,培黎职业学院,4,581905
2025,2,0E,集成电路技术,E738,培黎职业学院,5,540736
2025,2,0J,电子商务,E738,培黎职业学院,7,572591
2025,2,0K,旅游管理,E738,培黎职业学院,4,610071
2025,2,0L,研学旅行管理与服务,E738,培黎职业学院,6,579711
2025,2,0M,酒店管理与数字化运营,E738,培黎职业学院,10,617196
2025,2,0N,智慧健康养老服务与管理,E738,培黎职业学院,5,580217
2025,2,AC,园艺技术,E740,塔城职业技术学院,1,618736
2025,2,BC,畜牧兽医,E740,塔城职业技术学院,5,552445
2025,2,DC,机电一体化技术,E740,塔城职业技术学院,2,542492
2025,2,FC,计算机网络技术,E740,塔城职业技术学院,2,592737
2025,2,GC,大数据与会计,E740,塔城职业技术学院,5,588289
2025,2,NC,电力系统继电保护技术,E740,塔城职业技术学院,3,572499
2025,2,TC,新能源汽车检测与维修技术,E740,塔城职业技术学院,1,359234
2025,2,UC,跨境电子商务,E740,塔城职业技术学院,1,621716
2025,2,02,建筑工程技术,E741,塔里木职业技术学院,18,615133
2025,2,03,工程造价,E741,塔里木职业技术学院,10,600408
2025,2,04,机电一体化技术,E741,塔里木职业技术学院,22,476879
2025,2,05,工业机器人技术,E741,塔里木职业技术学院,6,486442
2025,2,06,无人机应用技术,E741,塔里木职业技术学院,6,433562
2025,2,08,服装设计与工艺,E741,塔里木职业技术学院,5,549368
2025,2,09,纺织品设计,E741,塔里木职业技术学院,5,627420
2025,2,0A,纺织品检验与贸易,E741,塔里木职业技术学院,5,432802
2025,2,0B,汽车检测与维修技术,E741,塔里木职业技术学院,2,529223
2025,2,0C,空中乘务,E741,塔里木职业技术学院,2,541827
2025,2,0D,机场运行服务与管理,E741,塔里木职业技术学院,3,454897
2025,2,0E,通用航空器维修,E741,塔里木职业技术学院,2,305681
2025,2,0F,数字媒体技术,E741,塔里木职业技术学院,2,280761
2025,2,0G,护理,E741,塔里木职业技术学院,2,402330
2025,2,0H,康复治疗技术,E741,塔里木职业技术学院,2,426200
2025,2,0J,婴幼儿托育服务与管理,E741,塔里木职业技术学院,2,619147
2025,2,0K,大数据与会计,E741,塔里木职业技术学院,8,512178
2025,2,0L,现代纺织技术,E741,塔里木职业技术学院,6,261828
2025,2,0M,电子商务,E741,塔里木职业技术学院,13,565046
2025,2,0N,智能物流技术,E741,塔里木职业技术学院,3,541305
2025,2,0P,旅游管理,E741,塔里木职业技术学院,23,631325
2025,2,0Q,酒店管理与数字化运营,E741,塔里木职业技术学院,2,626994
2025,2,0R,烹饪工艺与营养,E741,塔里木职业技术学院,6,537086
2025,2,0S,中西面点工艺,E741,塔里木职业技术学院,2,466751
2025,2,0T,学前教育,E741,塔里木职业技术学院,2,500599
2025,2,07,城市轨道交通运营管理,E742,邢台应用技术职业学院,2,641985
2025,2,12,智能网联汽车技术,E743,吉林通用航空职业技术学院,10,476456
2025,2,18,民航空中安全保卫,E743,吉林通用航空职业技术学院,15,565863
2025,2,04,护理,E744,通化医药健康职业学院,18,417096
2025,2,05,医学检验技术,E744,通化医药健康职业学院,5,419824
2025,2,06,口腔医学技术,E744,通化医药健康职业学院,6,382448
2025,2,07,药学,E744,通化医药健康职业学院,5,405736
2025,2,06,空中乘务,E747,宿州航空职业学院,5,640606
2025,2,0D,人工智能技术应用,E747,宿州航空职业学院,5,668120
2025,2,0F,网络营销与直播电商,E747,宿州航空职业学院,5,677711
2025,2,0J,无人机测绘技术,E747,宿州航空职业学院,5,650691
2025,2,0L,通用航空器维修,E747,宿州航空职业学院,5,675873
2025,2,0M,智慧健康养老服务与管理,E747,宿州航空职业学院,5,678898
2025,2,03,新能源材料应用技术,E748,和君职业学院,2,657681
2025,2,14,智能机电技术,E748,和君职业学院,2,641794
2025,2,15,无人机应用技术(eVTOL方向),E748,和君职业学院,5,667304
2025,2,17,飞机机电设备维修(eVTOL方向),E748,和君职业学院,5,474396
2025,2,0A,新能源汽车技术,E749,滨州科技职业学院,114,626970
2025,2,0B,智能控制技术,E749,滨州科技职业学院,160,671878
2025,2,0D,数字化设计与制造技术,E749,滨州科技职业学院,110,678443
2025,2,0F,计算机网络技术,E749,滨州科技职业学院,36,626784
2025,2,0G,融媒体技术与运营,E749,滨州科技职业学院,99,651163
2025,2,0J,软件技术,E749,滨州科技职业学院,70,680447
2025,2,0K,跨境电子商务,E749,滨州科技职业学院,33,661988
2025,2,0L,网络营销与直播电商,E749,滨州科技职业学院,45,651078
2025,2,0N,动漫制作技术,E749,滨州科技职业学院,109,680628
2025,2,0P,空中乘务,E749,滨州科技职业学院,76,679308
2025,2,0Q,文化创意与策划,E749,滨州科技职业学院,83,680562
2025,2,0R,康复治疗技术,E749,滨州科技职业学院,72,633722
2025,2,0T,医学检验技术,E749,滨州科技职业学院,36,607735
2025,2,0V,医学影像技术,E749,滨州科技职业学院,38,606245
2025,2,0Y,旅游管理,E749,滨州科技职业学院,84,679121
2025,2,0Z,法律事务,E749,滨州科技职业学院,60,637324
2025,2,14,智能网联汽车技术,E749,滨州科技职业学院,22,627282
2025,2,1A,分析检验技术,E749,滨州科技职业学院,100,681123
2025,2,1B,应用化工技术,E749,滨州科技职业学院,100,681094
2025,2,30,大数据技术,E749,滨州科技职业学院,169,681082
2025,2,31,计算机应用技术,E749,滨州科技职业学院,28,618959
2025,2,32,人工智能技术应用,E749,滨州科技职业学院,196,679652
2025,2,33,电气自动化技术,E749,滨州科技职业学院,168,624211
2025,2,34,工业机器人技术,E749,滨州科技职业学院,63,640567
2025,2,35,机电一体化技术,E749,滨州科技职业学院,97,611791
2025,2,36,无人机应用技术,E749,滨州科技职业学院,180,640917
2025,2,37,数字媒体技术,E749,滨州科技职业学院,66,618518
2025,2,38,大数据与会计,E749,滨州科技职业学院,55,607363
2025,2,40,融媒体技术与运营,E749,滨州科技职业学院,57,653066
2025,2,41,高速铁路客运服务,E749,滨州科技职业学院,96,638663
2025,2,43,口腔医学技术,E749,滨州科技职业学院,20,576208
2025,2,44,眼视光技术,E749,滨州科技职业学院,20,574199
2025,2,45,中药学,E749,滨州科技职业学院,102,619941
2025,2,01,护理,E754,郑州医药健康职业学院,2,507602
2025,2,28,口腔医学技术,E754,郑州医药健康职业学院,2,505755
2025,2,29,口腔卫生保健,E754,郑州医药健康职业学院,2,520902
2025,2,32,医学影像技术,E754,郑州医药健康职业学院,2,509969
2025,2,33,眼视光技术,E754,郑州医药健康职业学院,2,599651
2025,2,3A,机电一体化技术,E755,湖北孝感美珈职业学院,6,634861
2025,2,3B,工业机器人技术,E755,湖北孝感美珈职业学院,6,648903
2025,2,3C,电气自动化技术,E755,湖北孝感美珈职业学院,6,617595
2025,2,3D,计算机应用技术,E755,湖北孝感美珈职业学院,5,666203
2025,2,3E,计算机网络技术,E755,湖北孝感美珈职业学院,5,635885
2025,2,3F,软件技术,E755,湖北孝感美珈职业学院,5,670293
2025,2,3G,大数据技术,E755,湖北孝感美珈职业学院,5,669508
2025,2,3H,云计算技术应用,E755,湖北孝感美珈职业学院,5,673426
2025,2,3J,人工智能技术应用,E755,湖北孝感美珈职业学院,5,666513
2025,2,3K,护理,E755,湖北孝感美珈职业学院,16,640232
2025,2,3L,中医康复技术,E755,湖北孝感美珈职业学院,10,649038
2025,2,3M,大数据与会计,E755,湖北孝感美珈职业学院,2,524452
2025,2,3N,跨境电子商务,E755,湖北孝感美珈职业学院,2,633877
2025,2,3P,商务英语,E755,湖北孝感美珈职业学院,2,627147
2025,2,01,无人机应用技术,E761,广东肇庆航空职业学院,30,680464
2025,2,07,空中乘务,E761,广东肇庆航空职业学院,20,675138
2025,2,08,民航安全技术管理,E761,广东肇庆航空职业学院,20,669657
2025,2,13,飞机机电设备维修,E761,广东肇庆航空职业学院,20,680028
2025,2,26,护理,E761,广东肇庆航空职业学院,20,680352
2025,2,01,现代农业技术,E764,广西农业工程职业技术学院,10,599345
2025,2,05,畜牧兽医,E764,广西农业工程职业技术学院,10,515838
2025,2,09,水产养殖技术,E764,广西农业工程职业技术学院,10,649312
2025,2,05,口腔医学技术,E765,北海康养职业学院,10,672282
2025,2,06,医学美容技术,E765,北海康养职业学院,5,669588
2025,2,10,中医康复技术,E765,北海康养职业学院,5,668214
2025,2,03,民航运输服务(民航空中旅客运输服务),E768,自贡职业技术学院,4,671688
2025,2,04,无人机应用技术(无人机航测应用技术),E768,自贡职业技术学院,6,656742
2025,2,08,社区康复(康复理疗),E768,自贡职业技术学院,2,656002
2025,2,11,助产,E768,自贡职业技术学院,2,656848
2025,2,13,人工智能技术应用(彩灯虚拟仿真设计),E768,自贡职业技术学院,6,675014
2025,2,14,数字媒体技术(影视与短视频制作),E768,自贡职业技术学院,2,647732
2025,2,19,新能源汽车技术,E768,自贡职业技术学院,2,676654
2025,2,22,大数据与财务管理,E768,自贡职业技术学院,4,673799
2025,2,26,网络营销与直播电商,E768,自贡职业技术学院,1,658457
2025,2,28,宠物医疗技术,E768,自贡职业技术学院,10,665960
2025,2,01,智能光电制造技术,E770,宝鸡中北职业学院,13,663261
2025,2,02,工业机器人技术,E770,宝鸡中北职业学院,5,589626
2025,2,03,铁道供电技术,E770,宝鸡中北职业学院,5,562555
2025,2,04,高速铁路客运服务,E770,宝鸡中北职业学院,5,637706
2025,2,05,空中乘务,E770,宝鸡中北职业学院,5,647008
2025,2,06,跨境电子商务,E770,宝鸡中北职业学院,5,641676
2025,2,07,网络营销与直播电商,E770,宝鸡中北职业学院,10,675029
2025,2,08,数字媒体艺术设计,E770,宝鸡中北职业学院,10,658657
2025,2,09,网络新闻与传播,E770,宝鸡中北职业学院,12,613022
2025,2,10,融媒体技术与运营,E770,宝鸡中北职业学院,10,604142
2025,2,11,学前教育(师范类),E770,宝鸡中北职业学院,20,677484
2025,2,02,新能源汽车技术,E772,白银希望职业技术学院,10,660646
2025,2,09,人工智能技术应用,E772,白银希望职业技术学院,10,658615
2025,2,11,大数据与会计,E772,白银希望职业技术学院,10,679371
2025,2,15,中医康复技术,E772,白银希望职业技术学院,10,676621
2025,2,00,电梯工程技术,E776,重庆五一职业技术学院,10,427506
2025,2,44,机电一体化技术,E776,重庆五一职业技术学院,10,385847
2025,2,47,机械设计与制造,E776,重庆五一职业技术学院,8,397375
2025,2,58,康复治疗技术,E776,重庆五一职业技术学院,6,405000
2025,2,64,汽车检测与维修技术,E776,重庆五一职业技术学院,6,410549
2025,2,01,工业机器人技术,E778,上海科创职业技术学院,5,354671
2025,2,02,工业互联网技术,E778,上海科创职业技术学院,2,351922
2025,2,03,数控技术,E778,上海科创职业技术学院,2,335650
2025,2,04,电气自动化技术,E778,上海科创职业技术学院,5,334576
2025,2,06,新能源汽车技术,E778,上海科创职业技术学院,4,354661
2025,2,08,汽车制造与试验技术,E778,上海科创职业技术学院,2,373467
2025,2,0B,工程造价,E778,上海科创职业技术学院,2,375085
2025,2,0C,烹饪工艺与营养,E778,上海科创职业技术学院,2,331938
2025,2,0E,商务数据分析与应用,E778,上海科创职业技术学院,2,342267
2025,2,01,智能机电技术,E779,上海闵行职业技术学院,2,355082
2025,2,02,工业机器人技术,E779,上海闵行职业技术学院,2,351515
2025,2,03,新能源汽车检测与维修技术,E779,上海闵行职业技术学院,3,366277
2025,2,09,智能机器人技术,E779,上海闵行职业技术学院,3,342137
2025,2,10,工业互联网应用,E779,上海闵行职业技术学院,5,355609
2025,2,11,数字化设计与制造技术,E779,上海闵行职业技术学院,3,354542
2025,2,01,机电一体化技术,E780,上海现代化工职业学院,2,320431
2025,2,02,数字化设计与制造技术,E780,上海现代化工职业学院,2,356227
2025,2,03,应用化工技术,E780,上海现代化工职业学院,2,357632
2025,2,04,分析检验技术,E780,上海现代化工职业学院,2,373614
2025,2,05,高分子材料智能制造技术,E780,上海现代化工职业学院,2,358203
2025,2,06,现代物流管理,E780,上海现代化工职业学院,2,361145
2025,2,07,工业互联网应用,E780,上海现代化工职业学院,4,360485
2025,2,09,智能控制技术,E780,上海现代化工职业学院,4,357022
2025,2,11,新能源材料应用技术,E780,上海现代化工职业学院,4,371573
2025,2,12,安全技术与管理,E780,上海现代化工职业学院,2,377573
2025,2,13,智慧旅游技术应用,E780,上海现代化工职业学院,2,362373
2025,2,01,装配式建筑工程技术,E781,上海建设管理职业技术学院,3,370130
2025,2,02,智能建造技术,E781,上海建设管理职业技术学院,3,380311
2025,2,03,工程造价,E781,上海建设管理职业技术学院,4,388275
2025,2,04,市政工程技术,E781,上海建设管理职业技术学院,2,360382
2025,2,05,市政管网智能检测与维护,E781,上海建设管理职业技术学院,3,388685
2025,2,06,测绘地理信息技术,E781,上海建设管理职业技术学院,3,376683
2025,2,07,园林技术,E781,上海建设管理职业技术学院,3,350109
2025,2,08,风景园林设计,E781,上海建设管理职业技术学院,3,342124
2025,2,09,花卉生产与花艺,E781,上海建设管理职业技术学院,3,366368
2025,2,10,房地产经营与管理,E781,上海建设管理职业技术学院,2,393227
2025,2,11,建筑智能化工程技术,E781,上海建设管理职业技术学院,2,349189
2025,2,12,物联网应用技术,E781,上海建设管理职业技术学院,2,338224
2025,2,13,智慧城市管理技术,E781,上海建设管理职业技术学院,4,369713
2025,2,01,飞机机电设备维修,E786,沧州航空职业学院,1,397302
2025,2,02,飞机电子设备维修,E786,沧州航空职业学院,1,602688
2025,2,04,航空地面设备维修,E786,沧州航空职业学院,1,575327
2025,2,05,航空复合材料成型与加工技术,E786,沧州航空职业学院,1,600454
2025,2,11,民航运输服务,E786,沧州航空职业学院,1,668476
2025,2,12,民航安全技术管理,E786,沧州航空职业学院,1,600569
2025,2,15,空中乘务,E786,沧州航空职业学院,1,607854
2025,2,24,人工智能技术应用,E786,沧州航空职业学院,1,646632
2025,2,04,护理,E787,邯郸应用技术职业学院,2,641864
2025,2,06,中药学,E787,邯郸应用技术职业学院,2,670703
2025,2,07,中医康复技术,E787,邯郸应用技术职业学院,2,660846
2025,2,09,医学美容技术,E787,邯郸应用技术职业学院,2,606918
2025,2,10,康复治疗技术,E787,邯郸应用技术职业学院,2,634699
2025,2,07,工业过程自动化技术,E788,秦皇岛工业职业技术学院,3,461419
2025,2,0B,智能网联汽车技术,E788,秦皇岛工业职业技术学院,3,490004
2025,2,0D,移动应用开发,E788,秦皇岛工业职业技术学院,3,495228
2025,2,01,现代农业技术,E790,濮阳科技职业学院,1,432459
2025,2,07,智能机器人技术,E790,濮阳科技职业学院,1,442894
2025,2,08,新能源汽车技术,E790,濮阳科技职业学院,1,446243
2025,2,0B,物联网应用技术,E790,濮阳科技职业学院,1,432082
2025,2,0F,电子信息工程技术,E790,濮阳科技职业学院,1,473748
2025,2,04,信息安全技术应用,E800,贵州铜仁数据职业学院,8,654003
2025,2,06,社会体育,E800,贵州铜仁数据职业学院,8,675594
2025,2,09,酒店管理与数字化运营,E800,贵州铜仁数据职业学院,8,609608
2025,2,0E,城市轨道交通运营管理,E800,贵州铜仁数据职业学院,12,642679
2025,2,0F,大数据与会计,E800,贵州铜仁数据职业学院,8,659172
2025,2,0G,数字媒体技术,E800,贵州铜仁数据职业学院,8,634303
2025,2,0H,无人机应用技术,E800,贵州铜仁数据职业学院,8,677607
2025,2,2A,刑事执行,E805,新疆司法警官职业学院,25,372002
2025,2,2B,行政执行,E805,新疆司法警官职业学院,12,378847
2025,2,2C,司法警务,E805,新疆司法警官职业学院,3,331647
2025,2,2D,社区矫正,E805,新疆司法警官职业学院,1,269449
2025,2,2E,法律事务,E805,新疆司法警官职业学院,1,289642
2025,2,DN,油气储运技术,E806,阿克苏工业职业技术学院,10,616489
2025,2,LN,安全技术与管理,E806,阿克苏工业职业技术学院,15,651972
2025,2,MN,工业互联网技术,E806,阿克苏工业职业技术学院,10,626073
2025,2,L5,数字媒体技术,E807,吉安幼儿师范高等专科学校,2,402989
2025,2,R6,网络直播与运营,E807,吉安幼儿师范高等专科学校,2,561738
2025,2,43,烹饪工艺与营养,E809,山东城市服务职业学院,137,566247
2025,2,44,餐饮智能管理,E809,山东城市服务职业学院,35,568573
2025,2,45,食品检验检测技术,E809,山东城市服务职业学院,71,520396
2025,2,46,食品营养与健康,E809,山东城市服务职业学院,35,529617
2025,2,47,食品智能加工技术,E809,山东城市服务职业学院,25,543461
2025,2,48,西式烹饪工艺,E809,山东城市服务职业学院,180,568332
2025,2,49,中西面点工艺,E809,山东城市服务职业学院,110,536909
2025,2,50,营养配餐,E809,山东城市服务职业学院,30,550751
2025,2,51,葡萄酒文化与营销,E809,山东城市服务职业学院,40,570797
2025,2,52,智能制造装备技术,E809,山东城市服务职业学院,95,537400
2025,2,53,工业互联网应用,E809,山东城市服务职业学院,45,546141
2025,2,54,智能光电技术应用,E809,山东城市服务职业学院,55,546007
2025,2,55,数字化设计与制造技术,E809,山东城市服务职业学院,140,549173
2025,2,56,物联网应用技术,E809,山东城市服务职业学院,90,544927
2025,2,57,人工智能技术应用,E809,山东城市服务职业学院,150,541810
2025,2,58,大数据与会计,E809,山东城市服务职业学院,70,461955
2025,2,59,大数据与财务管理,E809,山东城市服务职业学院,130,481421
2025,2,60,电子商务,E809,山东城市服务职业学院,140,567202
2025,2,61,商务数据分析与应用,E809,山东城市服务职业学院,100,569876
2025,2,62,跨境电子商务,E809,山东城市服务职业学院,50,566933
2025,2,63,数字媒体技术,E809,山东城市服务职业学院,70,495083
2025,2,64,环境艺术设计,E809,山东城市服务职业学院,50,574534
2025,2,65,美容美体艺术,E809,山东城市服务职业学院,40,549788
2025,2,66,人物形象设计,E809,山东城市服务职业学院,50,556144
2025,2,67,影视编导,E809,山东城市服务职业学院,50,572472
2025,2,68,化妆品经营与管理,E809,山东城市服务职业学院,50,566804
2025,2,69,酒店管理与数字化运营,E809,山东城市服务职业学院,136,577228
2025,2,70,国际邮轮乘务管理,E809,山东城市服务职业学院,83,575092
2025,2,71,智慧旅游技术应用,E809,山东城市服务职业学院,85,571678
2025,2,73,融媒体技术与运营,E809,山东城市服务职业学院,150,562081
2025,2,74,全媒体广告策划与营销,E809,山东城市服务职业学院,100,576772
2025,2,75,网络新闻与传播,E809,山东城市服务职业学院,50,560355
2025,2,99,环境艺术设计(高职3+2贯通培养，衔接山东工艺美术学院家具设计与工程,E809,山东城市服务职业学院,30,272282
2025,2,14,酿酒技术,E810,潍坊食品科技职业学院,68,648488
2025,2,15,保健食品质量与管理,E810,潍坊食品科技职业学院,48,648288
2025,2,16,食品质量与安全,E810,潍坊食品科技职业学院,44,579091
2025,2,17,食品生物技术,E810,潍坊食品科技职业学院,34,597719
2025,2,18,农产品加工与质量检测,E810,潍坊食品科技职业学院,68,668532
2025,2,19,绿色生物制造技术,E810,潍坊食品科技职业学院,66,680359
2025,2,20,精细化工技术,E810,潍坊食品科技职业学院,70,677165
2025,2,21,食品智能加工技术,E810,潍坊食品科技职业学院,68,667347
2025,2,22,智能控制技术,E810,潍坊食品科技职业学院,68,580710
2025,2,23,机电一体化技术,E810,潍坊食品科技职业学院,40,537444
2025,2,24,计算机网络技术,E810,潍坊食品科技职业学院,44,585574
2025,2,25,大数据技术,E810,潍坊食品科技职业学院,46,603195
2025,2,26,计算机应用技术,E810,潍坊食品科技职业学院,33,564234
2025,2,27,工业机器人技术,E810,潍坊食品科技职业学院,50,598719
2025,2,28,人工智能技术应用,E810,潍坊食品科技职业学院,65,637580
2025,2,29,康复工程技术,E810,潍坊食品科技职业学院,30,606286
2025,2,30,智慧健康养老服务与管理,E810,潍坊食品科技职业学院,35,596164
2025,2,31,婴幼儿托育服务与管理,E810,潍坊食品科技职业学院,45,653880
2025,2,32,数字媒体艺术设计,E810,潍坊食品科技职业学院,31,587025
2025,2,33,艺术设计,E810,潍坊食品科技职业学院,30,660247
2025,2,34,视觉传达设计,E810,潍坊食品科技职业学院,35,630719
2025,2,35,数字媒体技术,E810,潍坊食品科技职业学院,65,588150
2025,2,36,融媒体技术与运营,E810,潍坊食品科技职业学院,50,664934
2025,2,37,社会体育,E810,潍坊食品科技职业学院,35,636759
2025,2,38,电子竞技运动与管理,E810,潍坊食品科技职业学院,65,671445
2025,2,39,运动训练,E810,潍坊食品科技职业学院,35,655426
2025,2,41,建筑消防技术,E810,潍坊食品科技职业学院,37,659727
2025,2,42,应急救援技术,E810,潍坊食品科技职业学院,32,631559
2025,2,43,中小企业创业与经营,E810,潍坊食品科技职业学院,26,633893
2025,2,44,冷链物流技术与管理,E810,潍坊食品科技职业学院,63,667201
2025,2,45,高速铁路客运服务,E810,潍坊食品科技职业学院,33,610503
2025,2,01,康复治疗技术,E811,烟台城市科技职业学院,25,550545
2025,2,02,中医康复技术,E811,烟台城市科技职业学院,26,564474
2025,2,03,智慧健康养老服务与管理,E811,烟台城市科技职业学院,28,597336
2025,2,04,健康管理,E811,烟台城市科技职业学院,28,613712
2025,2,05,宠物医疗技术,E811,烟台城市科技职业学院,139,591956
2025,2,06,大数据与会计,E811,烟台城市科技职业学院,58,569536
2025,2,07,电子商务,E811,烟台城市科技职业学院,53,623337
2025,2,08,网络营销与直播电商,E811,烟台城市科技职业学院,26,624173
2025,2,09,大数据与财务管理,E811,烟台城市科技职业学院,27,588376
2025,2,10,现代物流管理,E811,烟台城市科技职业学院,33,637080
2025,2,11,中小企业创业与经营,E811,烟台城市科技职业学院,12,616283
2025,2,12,工业机器人技术,E811,烟台城市科技职业学院,44,610784
2025,2,13,智能机电技术,E811,烟台城市科技职业学院,44,590135
2025,2,14,智能控制技术,E811,烟台城市科技职业学院,69,615851
2025,2,15,工业互联网应用,E811,烟台城市科技职业学院,42,666015
2025,2,16,新能源汽车技术,E811,烟台城市科技职业学院,47,628526
2025,2,17,智能网联汽车技术,E811,烟台城市科技职业学院,70,678900
2025,2,18,民航运输服务,E811,烟台城市科技职业学院,72,658178
2025,2,19,飞机机电设备维修,E811,烟台城市科技职业学院,62,657084
2025,2,20,计算机网络技术,E811,烟台城市科技职业学院,25,584579
2025,2,21,大数据技术,E811,烟台城市科技职业学院,41,615090
2025,2,22,现代通信技术,E811,烟台城市科技职业学院,91,680756
2025,2,23,人工智能技术应用,E811,烟台城市科技职业学院,90,634950
2025,2,24,物联网应用技术,E811,烟台城市科技职业学院,40,635321
2025,2,25,集成电路技术,E811,烟台城市科技职业学院,39,641432
2025,2,26,工程造价,E811,烟台城市科技职业学院,7,624649
2025,2,27,数字媒体技术,E811,烟台城市科技职业学院,37,580295
2025,2,28,无人机应用技术,E811,烟台城市科技职业学院,92,636398
2025,2,29,信息安全技术应用,E811,烟台城市科技职业学院,93,678132
2025,2,03,食品检验检测技术,E812,郑州食品工程职业学院,2,660117
2025,2,0J,计算机网络技术,E812,郑州食品工程职业学院,2,669261
2025,2,0K,大数据技术,E812,郑州食品工程职业学院,2,647524
2025,2,13,人工智能技术应用,E820,衡阳科技职业学院,2,659525
2025,2,03,机械制造及自动化,E822,桂林信息工程职业学院,6,648339
2025,2,04,智能制造装备技术,E822,桂林信息工程职业学院,8,668641
2025,2,07,电气自动化技术,E822,桂林信息工程职业学院,8,629158
2025,2,09,电子信息工程技术,E822,桂林信息工程职业学院,8,656016
2025,2,A2,动物医学,E823,定西职业技术学院,12,445058
2025,2,B1,大数据技术,E823,定西职业技术学院,12,594520
2025,2,B2,数字媒体技术,E823,定西职业技术学院,12,580135
2025,2,F1,新能源汽车技术,E823,定西职业技术学院,10,577316
2025,2,F2,汽车电子技术,E823,定西职业技术学院,10,598851
2025,2,G1,食品营养与健康,E823,定西职业技术学院,4,569599
2025,2,01,电力系统自动化技术,E824,喀什理工职业技术学院,22,557194
2025,2,02,供用电技术,E824,喀什理工职业技术学院,10,576456
2025,2,03,建筑装饰工程技术,E824,喀什理工职业技术学院,7,599072
2025,2,04,建筑工程技术,E824,喀什理工职业技术学院,18,598718
2025,2,05,建筑钢结构工程技术,E824,喀什理工职业技术学院,2,592517
2025,2,06,智能焊接技术,E824,喀什理工职业技术学院,8,582216
2025,2,07,机电一体化技术,E824,喀什理工职业技术学院,15,562215
2025,2,08,电气自动化技术,E824,喀什理工职业技术学院,22,560190
2025,2,09,汽车检测与维修技术,E824,喀什理工职业技术学院,29,595234
2025,2,0A,新能源汽车检测与维修技术,E824,喀什理工职业技术学院,23,586049
2025,2,0B,应用电子技术,E824,喀什理工职业技术学院,7,596354
2025,2,0C,计算机网络技术,E824,喀什理工职业技术学院,17,581985
2025,2,0D,现代通信技术,E824,喀什理工职业技术学院,15,594664
2025,2,0E,护理,E824,喀什理工职业技术学院,23,529066
2025,2,0F,康复治疗技术,E824,喀什理工职业技术学院,7,543228
2025,2,0G,老年保健与管理,E824,喀什理工职业技术学院,7,591896
2025,2,0H,跨境电子商务,E824,喀什理工职业技术学院,9,594454
2025,2,0J,智能物流技术,E824,喀什理工职业技术学院,7,610639
2025,2,1A,机电一体化技术,E825,图木舒克职业技术学院,41,582674
2025,2,1B,电气自动化技术,E825,图木舒克职业技术学院,10,567909
2025,2,1C,计算机网络技术,E825,图木舒克职业技术学院,40,593618
2025,2,1D,汽车检测与维修技术,E825,图木舒克职业技术学院,4,583259
2025,2,1E,应急救援技术,E825,图木舒克职业技术学院,33,627515
2025,2,1F,物联网应用技术,E825,图木舒克职业技术学院,16,615595
2025,2,1G,电子商务,E825,图木舒克职业技术学院,9,587425
2025,2,1H,智能物流技术,E825,图木舒克职业技术学院,8,622906
2025,2,1J,烹饪工艺与营养,E825,图木舒克职业技术学院,8,605301
2025,2,1K,酒店管理与数字化运营,E825,图木舒克职业技术学院,8,626857
2025,2,1L,现代纺织技术,E825,图木舒克职业技术学院,8,600872
2025,2,1M,服装设计与工艺,E825,图木舒克职业技术学院,5,595466
2025,2,1N,数字化染整技术,E825,图木舒克职业技术学院,5,626267
2025,2,1P,针织技术与针织服装,E825,图木舒克职业技术学院,8,632085
2025,2,1Q,设施农业与装备,E825,图木舒克职业技术学院,10,601209
2025,2,1R,现代农业技术,E825,图木舒克职业技术学院,29,624180
2025,2,1S,园艺技术,E825,图木舒克职业技术学院,8,637993
2025,2,AP,机电一体化技术,E826,可克达拉职业技术学院,22,564409
2025,2,BN,机械制造及自动化,E826,可克达拉职业技术学院,24,579882
2025,2,CN,物联网应用技术,E826,可克达拉职业技术学院,24,589645
2025,2,DN,电气自动化技术,E826,可克达拉职业技术学院,25,581433
2025,2,EP,康复治疗技术,E826,可克达拉职业技术学院,15,529638
2025,2,FP,智慧健康养老服务与管理,E826,可克达拉职业技术学院,10,581598
2025,2,GN,酿酒技术,E826,可克达拉职业技术学院,25,598478
2025,2,HN,食品检验检测技术,E826,可克达拉职业技术学院,24,591299
2025,2,JN,食品智能加工技术,E826,可克达拉职业技术学院,5,597488
2025,2,KP,园艺技术,E826,可克达拉职业技术学院,25,611330
2025,2,LP,酒店管理与数字化运营,E826,可克达拉职业技术学院,24,602940
2025,2,MN,大数据与会计,E826,可克达拉职业技术学院,10,551952
2025,2,NN,网络营销与直播电商,E826,可克达拉职业技术学院,25,601805
2025,2,PN,空中乘务,E826,可克达拉职业技术学院,10,610392
2025,2,QN,研学旅行管理与服务,E826,可克达拉职业技术学院,21,615300
2025,2,RN,建设工程管理,E826,可克达拉职业技术学院,20,604323
2025,2,XN,现代农业技术,E826,可克达拉职业技术学院,15,592191
2025,2,11,机电一体化技术,E827,新星职业技术学院,30,569398
2025,2,12,机械制造及自动化,E827,新星职业技术学院,30,579400
2025,2,13,电气自动化技术,E827,新星职业技术学院,30,568217
2025,2,14,汽车检测与维修技术,E827,新星职业技术学院,20,603824
2025,2,15,应用化工技术,E827,新星职业技术学院,20,607842
2025,2,16,分析检验技术,E827,新星职业技术学院,30,594102
2025,2,19,婴幼儿托育服务与管理,E827,新星职业技术学院,10,628998
2025,2,1A,化工装备技术,E827,新星职业技术学院,40,624236
2025,2,1B,工业过程自动化技术,E827,新星职业技术学院,40,615527
2025,2,1C,数字化设计与制造技术,E827,新星职业技术学院,15,612612
2025,2,1D,大数据技术,E827,新星职业技术学院,10,597712
2025,2,1E,酒店管理与数字化运营,E827,新星职业技术学院,15,629990
2025,2,2F,应用化工技术,E827,新星职业技术学院,10,271968
2025,2,01,电子商务,E828,昆玉职业技术学院,8,571734
2025,2,02,机电一体化技术,E828,昆玉职业技术学院,30,519239
2025,2,03,汽车检测与维修技术,E828,昆玉职业技术学院,16,573892
2025,2,04,建筑工程技术,E828,昆玉职业技术学院,40,592970
2025,2,05,计算机网络技术,E828,昆玉职业技术学院,36,582822
2025,2,06,宝玉石鉴定与加工,E828,昆玉职业技术学院,30,588864
2025,2,07,矿山机电与智能装备,E828,昆玉职业技术学院,14,579825
2025,2,08,大数据与会计,E828,昆玉职业技术学院,10,560402
2025,2,09,新能源汽车检测与维修技术,E828,昆玉职业技术学院,30,577690
2025,2,0A,电气自动化技术,E828,昆玉职业技术学院,30,532516
2025,2,0B,烹饪工艺与营养,E828,昆玉职业技术学院,14,580805
2025,2,0C,现代农业技术,E828,昆玉职业技术学院,22,568275
2025,2,0D,现代农业装备应用技术,E828,昆玉职业技术学院,16,597107
2025,2,0E,农产品加工与质量检测,E828,昆玉职业技术学院,14,602246
2025,2,0F,水利工程,E828,昆玉职业技术学院,14,567533
2025,2,0G,计算机应用技术,E828,昆玉职业技术学院,14,571301
2025,2,0H,汽车制造与试验技术,E828,昆玉职业技术学院,22,588531
2025,2,NA,机电一体化技术,E828,昆玉职业技术学院,10,272521
2025,2,NB,现代农业技术,E828,昆玉职业技术学院,10,267028
2025,2,02,数字化设计与制造技术,E832,襄阳科技职业学院,2,436711
2025,2,03,模具设计与制造,E832,襄阳科技职业学院,2,444366
2025,2,04,智能制造装备技术,E832,襄阳科技职业学院,2,416454
2025,2,05,智能机器人技术,E832,襄阳科技职业学院,3,428772
2025,2,06,机电一体化技术,E832,襄阳科技职业学院,2,376617
2025,2,09,新能源汽车技术,E832,襄阳科技职业学院,3,418507
2025,2,11,汽车检测与维修技术,E832,襄阳科技职业学院,2,450979
2025,2,13,物联网应用技术,E832,襄阳科技职业学院,2,400219
2025,2,14,工业互联网技术,E832,襄阳科技职业学院,2,408905
2025,2,16,电子商务,E832,襄阳科技职业学院,2,434470
2025,2,19,婴幼儿托育服务与管理,E832,襄阳科技职业学院,8,542956
2025,2,01,摄影测量与遥感技术,E833,宜昌科技职业学院,5,455944
2025,2,02,数字化设计与制造技术,E833,宜昌科技职业学院,5,445087
2025,2,03,机械制造及自动化,E833,宜昌科技职业学院,5,403514
2025,2,04,增材制造技术,E833,宜昌科技职业学院,5,455331
2025,2,05,智能机电技术,E833,宜昌科技职业学院,5,423561
2025,2,06,工业机器人技术,E833,宜昌科技职业学院,5,422407
2025,2,09,化工自动化技术,E833,宜昌科技职业学院,5,434555
2025,2,12,新能源汽车检测与维修技术,E833,宜昌科技职业学院,5,444958
2025,2,13,计算机应用技术,E833,宜昌科技职业学院,5,386289
2025,2,16,财税大数据应用,E833,宜昌科技职业学院,5,400539
2025,2,19,融媒体技术与运营,E833,宜昌科技职业学院,5,425373
2025,2,20,智慧健康养老服务与管理,E833,宜昌科技职业学院,5,427077
2025,2,01,软件技术,E835,遂宁工程职业学院,10,664884
2025,2,02,信息安全技术应用,E835,遂宁工程职业学院,10,669385
2025,2,03,数字媒体技术,E835,遂宁工程职业学院,6,666684
2025,2,04,大数据技术,E835,遂宁工程职业学院,6,670143
2025,2,05,大数据与会计,E835,遂宁工程职业学院,10,668898
2025,2,06,网络营销与直播电商,E835,遂宁工程职业学院,6,669266
2025,2,07,应急救援技术,E835,遂宁工程职业学院,10,679729
2025,2,08,建筑消防技术,E835,遂宁工程职业学院,6,679636
2025,2,13,无人机应用技术,E835,遂宁工程职业学院,6,678709
2025,2,15,智慧健康养老服务与管理,E835,遂宁工程职业学院,5,675133
2025,2,16,宠物医疗技术,E835,遂宁工程职业学院,5,642277
2025,2,01,护理,E836,遂宁职业学院,30,680379
2025,2,02,康复治疗技术,E836,遂宁职业学院,10,669813
2025,2,03,心理咨询,E836,遂宁职业学院,10,676901
2025,2,06,高速铁路客运服务,E836,遂宁职业学院,10,679456
2025,2,07,城市轨道交通运营管理,E836,遂宁职业学院,15,671979
2025,2,08,智能机电技术,E836,遂宁职业学院,10,672954
2025,2,13,软件技术,E836,遂宁职业学院,15,679651
2025,2,15,人工智能技术应用,E836,遂宁职业学院,15,674655
2025,2,16,无人机应用技术,E836,遂宁职业学院,20,680662
2025,2,01,中药学,E837,江西樟树中医药职业学院,4,528880
2025,2,04,护理,E837,江西樟树中医药职业学院,5,577358
2025,2,06,康复治疗技术,E837,江西樟树中医药职业学院,3,567885
2025,2,01,无人机应用技术,E838,重庆数字产业职业技术学院,5,654592
2025,2,03,城市轨道交通运营管理,E838,重庆数字产业职业技术学院,5,673352
2025,2,06,数字媒体技术,E838,重庆数字产业职业技术学院,10,667615
2025,2,07,大数据技术,E838,重庆数字产业职业技术学院,5,655729
2025,2,01,动物医学,E839,长春数字科技职业学院,8,632366
2025,2,02,数字化设计与制造技术,E839,长春数字科技职业学院,7,674942
2025,2,03,智能机器人技术,E839,长春数字科技职业学院,8,675536
2025,2,05,智能网联汽车技术,E839,长春数字科技职业学院,7,671214
2025,2,07,城市轨道车辆应用技术,E839,长春数字科技职业学院,7,656725
2025,2,08,计算机应用技术,E839,长春数字科技职业学院,11,660999
2025,2,09,计算机网络技术,E839,长春数字科技职业学院,7,657326
2025,2,0A,软件技术,E839,长春数字科技职业学院,16,674195
2025,2,0C,人工智能技术应用,E839,长春数字科技职业学院,9,677077
2025,2,01,飞行器维修技术,E840,上海浦东职业技术学院,2,320848
2025,2,03,人工智能技术应用,E840,上海浦东职业技术学院,4,328065
2025,2,04,智能机器人技术,E840,上海浦东职业技术学院,4,349359
2025,2,02,机电一体化技术,E846,海南东方新丝路职业学院,5,629654
2025,2,03,工业机器人技术,E846,海南东方新丝路职业学院,10,673072
2025,2,04,新能源汽车技术,E846,海南东方新丝路职业学院,10,678122
2025,2,05,软件技术,E846,海南东方新丝路职业学院,5,678454
2025,2,06,中药学,E846,海南东方新丝路职业学院,10,679240
2025,2,07,康复治疗技术,E846,海南东方新丝路职业学院,10,680918
2025,2,08,大数据与会计,E846,海南东方新丝路职业学院,10,663687
2025,2,09,电子商务,E846,海南东方新丝路职业学院,5,678868
2025,2,10,视觉传达设计,E846,海南东方新丝路职业学院,5,679211
2025,2,11,数字媒体艺术设计,E846,海南东方新丝路职业学院,10,677515
2025,2,16,休闲体育,E846,海南东方新丝路职业学院,5,673694
2025,2,02,网络新闻与传播,E848,贵州传媒职业学院,5,496248
2025,2,05,数字媒体技术,E848,贵州传媒职业学院,5,485553
2025,2,08,计算机网络技术,E848,贵州传媒职业学院,10,527698
2025,2,09,人工智能技术应用,E848,贵州传媒职业学院,10,555400
2025,2,0A,虚拟现实技术应用,E848,贵州传媒职业学院,10,569365
2025,2,0B,电子商务,E848,贵州传媒职业学院,10,568379
2025,2,0C,大数据与会计,E848,贵州传媒职业学院,10,538811
2025,2,01,林业技术,E849,贵州生态能源职业学院,3,539565
2025,2,02,园林技术,E849,贵州生态能源职业学院,3,570094
2025,2,05,计算机应用技术(软件开发与运维方向),E849,贵州生态能源职业学院,6,585981
2025,2,0A,数字媒体技术,E849,贵州生态能源职业学院,6,566977
2025,2,0C,机电一体化技术,E849,贵州生态能源职业学院,6,495420
2025,2,0E,新能源汽车技术,E849,贵州生态能源职业学院,6,561737
2025,2,06,旅游管理,E854,宿迁幼儿师范高等专科学校,5,436968
2025,2,09,大数据技术,E854,宿迁幼儿师范高等专科学校,5,390947
2025,2,01,学前教育(师范类),E855,无锡师范高等专科学校,5,396479
2025,2,06,跨境电子商务,E855,无锡师范高等专科学校,5,353207
2025,2,01,机电一体化技术,E857,德州工程职业学院,173,608068
2025,2,02,工业机器人技术,E857,德州工程职业学院,64,648690
2025,2,03,工业互联网应用,E857,德州工程职业学院,56,663735
2025,2,04,无人机应用技术,E857,德州工程职业学院,49,638952
2025,2,05,汽车制造与试验技术,E857,德州工程职业学院,84,651524
2025,2,06,智能网联汽车技术,E857,德州工程职业学院,98,672016
2025,2,07,汽车检测与维修技术,E857,德州工程职业学院,76,654898
2025,2,08,新能源汽车检测与维修技术,E857,德州工程职业学院,174,660157
2025,2,09,物联网应用技术,E857,德州工程职业学院,57,667927
2025,2,10,数字媒体技术,E857,德州工程职业学院,183,681028
2025,2,11,云计算技术应用,E857,德州工程职业学院,56,666526
2025,2,12,大数据与会计,E857,德州工程职业学院,183,666343
2025,2,13,跨境电子商务,E857,德州工程职业学院,215,680360
2025,2,14,供应链运营,E857,德州工程职业学院,61,680542
2025,2,15,电气自动化技术,E857,德州工程职业学院,92,614048
2025,2,16,高速铁路客运服务,E857,德州工程职业学院,35,633835
2025,2,17,智能交通技术,E857,德州工程职业学院,27,644992
2025,2,18,大数据技术,E857,德州工程职业学院,67,667191
2025,2,19,人工智能技术应用,E857,德州工程职业学院,93,669025
2025,2,20,动漫制作技术,E857,德州工程职业学院,150,680609
2025,2,21,集成电路技术,E857,德州工程职业学院,49,646744
2025,2,22,网络营销与直播电商,E857,德州工程职业学院,78,676096
2025,2,23,商务数据分析与应用,E857,德州工程职业学院,54,661251
2025,2,24,艺术设计,E857,德州工程职业学院,59,679570
2025,2,25,环境艺术设计,E857,德州工程职业学院,69,680152
2025,2,26,体育保健与康复,E857,德州工程职业学院,13,630165
2025,2,01,护理,E858,日照康养职业学院,186,570346
2025,2,02,药学,E858,日照康养职业学院,199,666451
2025,2,03,中医康复技术,E858,日照康养职业学院,185,627406
2025,2,04,医学检验技术,E858,日照康养职业学院,195,677139
2025,2,05,口腔医学技术,E858,日照康养职业学院,176,614599
2025,2,06,康复治疗技术,E858,日照康养职业学院,190,626082
2025,2,07,社会体育,E858,日照康养职业学院,163,680603
2025,2,08,体育保健与康复,E858,日照康养职业学院,176,681117
2025,2,09,运动健康指导,E858,日照康养职业学院,202,680739
2025,2,0A,智慧健康养老服务与管理,E858,日照康养职业学院,134,672335
2025,2,01,护理,E859,烟台卫生健康职业学院,600,452457
2025,2,02,药学,E859,烟台卫生健康职业学院,350,497924
2025,2,03,医学检验技术,E859,烟台卫生健康职业学院,300,499745
2025,2,04,医学影像技术,E859,烟台卫生健康职业学院,300,488253
2025,2,05,口腔医学技术,E859,烟台卫生健康职业学院,300,465006
2025,2,06,康复治疗技术,E859,烟台卫生健康职业学院,350,480664
2025,2,07,智慧健康养老服务与管理,E859,烟台卫生健康职业学院,50,496903
2025,2,08,药品经营与管理,E859,烟台卫生健康职业学院,150,546267
2025,2,12,文物修复与保护,E860,山东文化艺术职业学院,30,429838
2025,2,13,文物修复与保护,E860,山东文化艺术职业学院,10,436749
2025,2,15,建筑装饰工程技术,E860,山东文化艺术职业学院,25,575759
2025,2,18,数字媒体技术,E860,山东文化艺术职业学院,25,408266
2025,2,19,融媒体技术与运营,E860,山东文化艺术职业学院,30,445312
2025,2,23,文物考古技术,E860,山东文化艺术职业学院,25,462707
2025,2,R1,人工智能技术应用,E864,周口城市职业学院,4,679291
2025,2,X1,数控技术,E864,周口城市职业学院,4,638956
2025,2,X2,模具设计与制造,E864,周口城市职业学院,4,658418
2025,2,X5,智能网联汽车技术,E864,周口城市职业学院,4,644480
2025,2,1A,机械制造及自动化,E870,重庆现代制造职业学院,3,601958
2025,2,1B,模具设计与制造,E870,重庆现代制造职业学院,2,622000
2025,2,1C,新能源装备技术,E870,重庆现代制造职业学院,4,620210
2025,2,1D,智能机电技术,E870,重庆现代制造职业学院,3,619686
2025,2,1E,智能机器人技术,E870,重庆现代制造职业学院,4,627542
2025,2,1F,电气自动化技术,E870,重庆现代制造职业学院,3,520085
2025,2,1G,工业互联网应用,E870,重庆现代制造职业学院,2,664103
2025,2,1H,国际商务,E870,重庆现代制造职业学院,3,615342
2025,2,1J,物流工程技术,E870,重庆现代制造职业学院,3,657016
2025,2,1K,采购与供应管理,E870,重庆现代制造职业学院,3,666001
2025,2,AH,新能源装备技术,E876,乌鲁木齐职业技术学院,3,458098
2025,2,CH,电气自动化技术,E876,乌鲁木齐职业技术学院,3,461087
2025,2,GH,计算机网络技术,E876,乌鲁木齐职业技术学院,3,481628
2025,2,HH,云计算技术应用,E876,乌鲁木齐职业技术学院,3,489673
2025,2,JH,婴幼儿托育服务与管理,E876,乌鲁木齐职业技术学院,4,629591
2025,2,KH,智慧旅游技术应用,E876,乌鲁木齐职业技术学院,4,598344
2025,2,01,现代农业技术,E877,双河职业技术学院,14,629010
2025,2,02,现代农业经济管理,E877,双河职业技术学院,14,647545
2025,2,03,机电一体化技术,E877,双河职业技术学院,14,579829
2025,2,04,汽车检测与维修技术,E877,双河职业技术学院,22,673673
2025,2,05,新能源汽车检测与维修技术,E877,双河职业技术学院,18,621002
2025,2,06,护理,E877,双河职业技术学院,10,573042
2025,2,07,网络营销与直播电商,E877,双河职业技术学院,14,638293
2025,2,08,酒店管理与数字化运营,E877,双河职业技术学院,10,656027
2025,2,09,烹饪工艺与营养,E877,双河职业技术学院,10,630114
2025,2,03,医学美容技术,E892,长沙医药健康职业学院,1,437540
2025,2,06,护理,E892,长沙医药健康职业学院,2,575477
2025,2,11,口腔医学技术,E892,长沙医药健康职业学院,2,643023
2025,2,13,智能医疗装备技术,E892,长沙医药健康职业学院,2,644686
2025,2,14,中药学,E892,长沙医药健康职业学院,1,552409
2025,2,01,护理,E893,三亚护理职业学院,42,622658
2025,2,04,药品经营与管理,E893,三亚护理职业学院,20,679172
2025,2,06,医学检验技术,E893,三亚护理职业学院,4,669162
2025,2,01,智能机电技术,E902,长沙科技职业学院,3,665173
2025,2,03,数字媒体技术,E902,长沙科技职业学院,3,602662
2025,2,05,人工智能技术应用,E902,长沙科技职业学院,3,640820
2025,2,07,融媒体技术与运营,E902,长沙科技职业学院,3,658717
2025,2,K6,护理,E903,株洲科技职业学院,2,617551
2025,2,S9,中医康复技术,E903,株洲科技职业学院,2,676048
2025,2,V4,铁道交通运营管理,E903,株洲科技职业学院,10,674983
2025,2,Y1,城市轨道交通机电技术,E903,株洲科技职业学院,6,675580
2025,2,02,软件技术,E904,衡阳理工职业学院,2,677856
2025,2,05,护理,E904,衡阳理工职业学院,4,669024
2025,2,06,口腔医学技术,E904,衡阳理工职业学院,4,665225
2025,2,01,机械制造及自动化,E923,聊城科技职业学院,250,501365
2025,2,02,智能控制技术,E923,聊城科技职业学院,200,519203
2025,2,04,移动互联应用技术,E923,聊城科技职业学院,200,538981
2025,2,05,计算机网络技术,E923,聊城科技职业学院,250,528460
2025,2,06,数字媒体技术,E923,聊城科技职业学院,150,489947
2025,2,07,跨境电子商务,E923,聊城科技职业学院,50,542287
2025,2,01,汽车造型与改装技术,E924,济宁汽车工程职业学院,210,675622
2025,2,02,新能源汽车技术,E924,济宁汽车工程职业学院,210,675682
2025,2,03,机械制造及自动化,E924,济宁汽车工程职业学院,210,674164
2025,2,04,数字印刷技术,E924,济宁汽车工程职业学院,90,681111
2025,2,05,跨境电子商务,E924,济宁汽车工程职业学院,180,681045
2025,2,06,计算机网络技术,E924,济宁汽车工程职业学院,180,680989
2025,2,01,现代农业装备应用技术,E925,日照科技职业学院,80,658369
2025,2,02,机电一体化技术,E925,日照科技职业学院,100,608869
2025,2,03,工业机器人技术,E925,日照科技职业学院,182,654310
2025,2,04,新能源汽车检测与维修技术,E925,日照科技职业学院,272,663139
2025,2,05,物联网应用技术,E925,日照科技职业学院,108,665578
2025,2,06,计算机网络技术,E925,日照科技职业学院,164,658742
2025,2,07,大数据与财务管理,E925,日照科技职业学院,94,637431
2025,2,08,现代物流管理,E925,日照科技职业学院,200,669822
2025,2,01,机电一体化技术,E926,枣庄应用技术职业学院,100,576024
2025,2,02,新能源汽车技术,E926,枣庄应用技术职业学院,200,619285
2025,2,03,社区康复,E926,枣庄应用技术职业学院,100,630879
2025,2,04,健康管理,E926,枣庄应用技术职业学院,100,632123
2025,2,05,计算机网络技术,E926,枣庄应用技术职业学院,200,625119
2025,2,06,数字媒体技术,E926,枣庄应用技术职业学院,220,624670
2025,2,07,人工智能技术应用,E926,枣庄应用技术职业学院,200,636756
2025,2,08,网络营销与直播电商,E926,枣庄应用技术职业学院,80,636321
2025,2,01,安全技术与管理,E927,临沂城市职业学院,90,631569
2025,2,02,智慧城市管理技术,E927,临沂城市职业学院,90,643416
2025,2,03,无人机应用技术,E927,临沂城市职业学院,190,620509
2025,2,04,计算机网络技术,E927,临沂城市职业学院,250,636109
2025,2,05,人工智能技术应用,E927,临沂城市职业学院,200,641999
2025,2,06,大数据与财务管理,E927,临沂城市职业学院,180,618395
2025,2,07,旅游管理,E927,临沂城市职业学院,100,642500
2025,2,08,社区康复,E927,临沂城市职业学院,100,635664
2025,2,01,生物制药技术,E928,菏泽生物医药职业学院,40,602160
2025,2,02,食品质量与安全,E928,菏泽生物医药职业学院,40,618721
2025,2,03,药品质量与安全,E928,菏泽生物医药职业学院,40,621338
2025,2,04,药品经营与管理,E928,菏泽生物医药职业学院,40,627184
2025,2,05,大数据技术,E928,菏泽生物医药职业学院,120,643267
2025,2,06,人工智能技术应用,E928,菏泽生物医药职业学院,120,645565
2025,2,07,药学,E928,菏泽生物医药职业学院,120,613826
2025,2,08,社区康复,E928,菏泽生物医药职业学院,80,638416
2025,2,01,现代农业技术,E940,日喀则职业技术学院,2,546573
2025,2,02,建筑工程技术,E940,日喀则职业技术学院,2,612344
2025,2,03,汽车检测与维修技术,E940,日喀则职业技术学院,2,589611
2025,2,04,护理,E940,日喀则职业技术学院,2,575502
2025,2,05,石窟寺保护技术,F201,山西工程科技职业大学,6,366309
2025,2,11,给排水工程技术,F201,山西工程科技职业大学,6,410295
2025,2,13,土木工程检测技术,F201,山西工程科技职业大学,5,412938
2025,2,16,现代物业管理,F201,山西工程科技职业大学,4,404958
2025,2,21,智能工程机械运用技术,F201,山西工程科技职业大学,6,355461
2025,2,33,电子商务,F201,山西工程科技职业大学,5,355434
2025,2,37,网络新闻与传播,F201,山西工程科技职业大学,4,310714
2025,2,39,消防救援技术,F201,山西工程科技职业大学,4,376207
2025,2,02,财富管理,F203,河北科技工程职业技术大学,3,377615
2025,2,03,大数据与会计,F203,河北科技工程职业技术大学,4,291040
2025,2,0C,建筑装饰工程技术,F203,河北科技工程职业技术大学,4,485282
2025,2,0D,全媒体广告策划与营销,F203,河北科技工程职业技术大学,2,353726
2025,2,07,工业机器人技术,F208,兰州资源环境职业技术大学,6,381843
2025,2,09,电力系统继电保护技术,F208,兰州资源环境职业技术大学,6,376373
2025,2,10,电气自动化技术,F208,兰州资源环境职业技术大学,6,345118
2025,2,11,计算机应用技术,F208,兰州资源环境职业技术大学,2,358299
2025,2,13,有色金属智能冶金技术,F208,兰州资源环境职业技术大学,5,424493
2025,2,14,金属精密成型技术,F208,兰州资源环境职业技术大学,5,427045
2025,2,01,石油化工技术,F209,兰州石化职业技术大学,4,318780
2025,2,05,石油炼制技术,F209,兰州石化职业技术大学,2,315346
2025,2,09,高分子合成技术,F209,兰州石化职业技术大学,2,348944
2025,2,0D,分析检验技术,F209,兰州石化职业技术大学,4,353743
2025,2,0M,水环境智能监测与治理,F209,兰州石化职业技术大学,2,388859
2025,2,0S,应用化工技术(公用工程),F209,兰州石化职业技术大学,2,330158
2025,2,0W,应用化工技术,F209,兰州石化职业技术大学,4,333743
2025,2,1B,化工安全技术,F209,兰州石化职业技术大学,2,343956
2025,2,1S,油气储运技术,F209,兰州石化职业技术大学,2,339049
2025,2,25,化工装备技术,F209,兰州石化职业技术大学,3,359933
2025,2,2G,电气自动化技术,F209,兰州石化职业技术大学,2,296382
2025,2,2X,工业自动化仪表技术,F209,兰州石化职业技术大学,2,346286
2025,2,58,信息安全技术应用,F209,兰州石化职业技术大学,2,349333
2025,2,5R,新能源汽车技术,F209,兰州石化职业技术大学,2,357450
2025,2,5T,智能网联汽车技术,F209,兰州石化职业技术大学,2,387225
2025,2,66,现代物流管理,F209,兰州石化职业技术大学,2,349623
2025,2,6S,测绘地理信息技术,F209,兰州石化职业技术大学,2,392523
2025,2,6X,材料工程技术,F209,兰州石化职业技术大学,4,366798
2025,2,7M,安全技术与管理,F209,兰州石化职业技术大学,2,401318
2025,2,7R,发电厂及电力系统,F209,兰州石化职业技术大学,3,339405
2025,2,7W,热能动力工程技术,F209,兰州石化职业技术大学,5,370107
2025,2,83,光伏工程技术,F209,兰州石化职业技术大学,5,388466
2025,2,01,大数据与会计(中外合作办学),F411,福州墨尔本理工职业学院,10,428497
2025,2,02,国际金融(中外合作办学),F411,福州墨尔本理工职业学院,5,604512
2025,2,03,国际经济与贸易(中外合作办学),F411,福州墨尔本理工职业学院,2,353786
2025,2,04,跨境电子商务(中外合作办学),F411,福州墨尔本理工职业学院,5,629342
2025,2,05,电子商务(中外合作办学),F411,福州墨尔本理工职业学院,4,605009
2025,2,07,商务英语(中外合作办学),F411,福州墨尔本理工职业学院,6,490368
2025,2,08,计算机应用技术(中外合作办学),F411,福州墨尔本理工职业学院,13,644797
2025,2,09,大数据技术(中外合作办学),F411,福州墨尔本理工职业学院,2,526698
2025,2,10,云计算技术应用(中外合作办学),F411,福州墨尔本理工职业学院,5,611103
2025,2,12,人工智能技术应用(中外合作办学),F411,福州墨尔本理工职业学院,10,625932
2025,2,13,移动互联应用技术(中外合作办学),F411,福州墨尔本理工职业学院,4,662345
2025,2,14,酒店管理与数字化运营(中外合作办学),F411,福州墨尔本理工职业学院,2,594359
2025,2,15,休闲服务与管理(中外合作办学),F411,福州墨尔本理工职业学院,7,673658
2025,2,16,智慧旅游技术应用(中外合作办学),F411,福州墨尔本理工职业学院,5,653633
2025,2,03,数控技术,K084,陕西机电职业技术学院,6,347748
2025,2,04,机械制造及自动化,K084,陕西机电职业技术学院,6,341586
2025,2,05,机电一体化技术,K084,陕西机电职业技术学院,10,319412
2025,2,06,智能控制技术,K084,陕西机电职业技术学院,2,355224
2025,2,07,工业机器人技术,K084,陕西机电职业技术学院,6,350526
2025,2,08,电气自动化技术,K084,陕西机电职业技术学院,8,310589
2025,2,09,汽车制造与试验技术,K084,陕西机电职业技术学院,2,362949
2025,2,10,新能源汽车技术,K084,陕西机电职业技术学院,6,354685
2025,2,13,铁道交通运营管理,K084,陕西机电职业技术学院,2,305718
2025,2,19,计算机网络技术,K084,陕西机电职业技术学院,2,320695
2025,2,20,软件技术,K084,陕西机电职业技术学院,2,333651
2025,2,21,大数据技术,K084,陕西机电职业技术学院,2,291056
2025,2,22,动漫制作技术,K084,陕西机电职业技术学院,2,328219
2025,2,29,材料成型及控制技术,K084,陕西机电职业技术学院,4,382377
2025,2,30,无人机应用技术,K084,陕西机电职业技术学院,4,357368
2025,2,31,智能网联汽车技术,K084,陕西机电职业技术学院,2,378163
2025,2,33,汽车检测与维修技术,K084,陕西机电职业技术学院,4,378141
2025,2,35,数字媒体技术,K084,陕西机电职业技术学院,4,319328
2025,2,36,人工智能技术应用,K084,陕西机电职业技术学院,4,351340
2025,2,37,集成电路技术,K084,陕西机电职业技术学院,2,366148
2025,2,13,工程地质勘查,K139,河北资源环境职业技术学院,5,502606
2025,2,14,水文与工程地质,K139,河北资源环境职业技术学院,5,513029
2025,2,15,钻探工程技术,K139,河北资源环境职业技术学院,10,550507
2025,2,02,智慧健康养老服务与管理,K371,上海南湖职业技术学院,9,339861
2025,2,03,数字媒体技术,K371,上海南湖职业技术学院,6,289291
2025,2,04,人工智能技术应用,K371,上海南湖职业技术学院,9,350689
2025,2,06,网络营销与直播电商,K371,上海南湖职业技术学院,6,354123
2025,2,07,国际邮轮乘务管理,K371,上海南湖职业技术学院,6,370404
2025,2,08,新能源汽车检测与维修技术,K371,上海南湖职业技术学院,5,368716
2025,2,15,学前教育(中外合作办学)(师范类),K559,宁波幼儿师范高等专科学校,10,644701
2025,2,03,核电站动力设备运行与维护,K881,广元中核职业技术学院,8,382179
2025,2,05,智能焊接技术(核工程焊接),K881,广元中核职业技术学院,8,414577
2025,2,0J,数字媒体技术,K963,贵州航空职业技术学院,5,411021
2025,2,0K,大数据技术,K963,贵州航空职业技术学院,2,442694
2025,2,0M,酒店管理与数字化运营,K963,贵州航空职业技术学院,5,591406
2025,2,0R,智慧健康养老服务与管理,K963,贵州航空职业技术学院,5,540061
2025,2,04,食品检验检测技术,M378,甘肃财贸职业学院,8,480569
2025,2,08,现代物流管理,M378,甘肃财贸职业学院,5,459589
2025,2,0C,供应链运营,M378,甘肃财贸职业学院,2,433996
2025,2,0F,跨境电子商务,M378,甘肃财贸职业学院,10,552159
2025,2,0P,大数据技术,M378,甘肃财贸职业学院,5,435989
2025,2,0Q,人工智能技术应用,M378,甘肃财贸职业学院,5,438176
2025,2,0Y,大数据与财务管理,M378,甘肃财贸职业学院,8,374463
2025,2,26,铁道信号自动控制,M759,重庆工信职业学院,5,342555
2025,2,30,智能控制技术,M759,重庆工信职业学院,5,366052
2025,2,02,药学,T035,桂林生命与健康职业技术学院,3,619381
2025,2,03,中药学,T035,桂林生命与健康职业技术学院,2,544374
2025,2,04,中医康复技术,T035,桂林生命与健康职业技术学院,3,652638
2025,2,05,康复治疗技术,T035,桂林生命与健康职业技术学院,2,646148
2025,2,01,学前教育(师范类),T312,上饶幼儿师范高等专科学校,3,503400
2025,2,07,早期教育(师范类),T312,上饶幼儿师范高等专科学校,2,522827
2025,2,10,信息安全技术应用,T312,上饶幼儿师范高等专科学校,2,405943
2025,2,11,婴幼儿托育服务与管理,T312,上饶幼儿师范高等专科学校,2,601771
2025,2,12,跨境电子商务,T312,上饶幼儿师范高等专科学校,2,503625
2025,2,13,研学旅行管理与服务,T312,上饶幼儿师范高等专科学校,2,463117
2025,2,15,应用英语,T312,上饶幼儿师范高等专科学校,2,593870
2025,2,17,智慧健康养老服务与管理,T312,上饶幼儿师范高等专科学校,2,570280
2025,2,18,学前教育(中外合作办学)(师范类),T312,上饶幼儿师范高等专科学校,2,577098
2025,2,02,学前教育(师范类),T335,长春师范高等专科学校,5,506253
2025,2,03,早期教育(师范类),T335,长春师范高等专科学校,4,599221
2025,2,06,婴幼儿托育服务与管理,T335,长春师范高等专科学校,8,674043
2025,2,0B,农村电子商务,T335,长春师范高等专科学校,8,652668
2025,2,0C,环境艺术设计,T335,长春师范高等专科学校,5,572549
2025,2,0K,体育教育(师范类),T335,长春师范高等专科学校,4,531161
2025,2,0L,特殊教育(师范类),T335,长春师范高等专科学校,5,387595
2025,2,0N,冰雪运动与管理,T335,长春师范高等专科学校,3,588506
2025,2,0R,青少年工作与管理,T335,长春师范高等专科学校,10,565280
2025,2,0S,社区管理与服务,T335,长春师范高等专科学校,8,602231
2025,2,0U,现代家政服务与管理,T335,长春师范高等专科学校,5,583678
2025,2,10,学前教育(中外合作办学)(师范类),T335,长春师范高等专科学校,19,678885
2025,2,00,学前教育(师范类),T466,盐城幼儿师范高等专科学校,1,324862
2025,2,04,智慧健康养老服务与管理,T466,盐城幼儿师范高等专科学校,1,316658
2025,2,10,特殊教育(师范类),T466,盐城幼儿师范高等专科学校,2,302036
2025,2,40,智能建造技术,T466,盐城幼儿师范高等专科学校,2,400141
2025,2,43,智能产品开发与应用,T466,盐城幼儿师范高等专科学校,1,325567
2025,2,60,商务英语,T466,盐城幼儿师范高等专科学校,2,292288
2025,2,78,小学教育,T466,盐城幼儿师范高等专科学校,9,319248
2025,2,T1,大数据技术(招全省体育专业测试合格考生),Y008,山东商业职业技术学院,5,402067
2025,2,T2,软件技术(招全省体育专业测试合格考生),Y008,山东商业职业技术学院,5,409529
2025,2,T4,休闲农业经营与管理(招全省体育专业测试合格考生),Y008,山东商业职业技术学院,10,514674
2025,2,T5,食品生物技术(招全省体育专业测试合格考生),Y008,山东商业职业技术学院,40,501756
2025,2,T6,金融科技应用(招全省体育专业测试合格考生),Y008,山东商业职业技术学院,10,510297
2025,2,T7,智慧健康养老服务与管理(招全省体育专业测试合格考生),Y008,山东商业职业技术学院,15,492553
2025,2,T8,中医康复技术(招全省体育专业测试合格考生),Y008,山东商业职业技术学院,15,441322
2025,2,36,国际经济与贸易(大一泰安校区，大二、大三青岛本部),Y012,山东外贸职业学院,155,445665
2025,2,37,大数据与会计(大一泰安校区，大二、大三青岛本部),Y012,山东外贸职业学院,154,308314
2025,2,38,商务英语(外语语种为英语；大一泰安，大二大三青岛),Y012,山东外贸职业学院,100,444377
